time,bme_temperature_c,bme_humidity_pct,bme_pressure_hpa
2026-05-25T21:59:30.7490000,23.63,79.1,101.915
2026-05-25T21:59:31.7900000,23.63,79.17,101.916
2026-05-25T21:59:32.8310000,23.63,79.24,101.915
2026-05-25T21:59:33.8820000,23.63,79.33,101.916
2026-05-25T21:59:34.9230000,23.63,79.43,101.916
2026-05-25T21:59:35.9640000,23.63,79.52,101.915
2026-05-25T21:59:37.0040000,23.63,79.6,101.916
2026-05-25T21:59:38.0450000,23.63,79.64,101.916
2026-05-25T21:59:39.0860000,23.63,79.7,101.916
2026-05-25T21:59:40.1370000,23.63,79.74,101.916
2026-05-25T21:59:41.1780000,23.63,79.82,101.916
2026-05-25T21:59:42.2190000,23.63,79.85,101.916
2026-05-25T21:59:43.2600000,23.63,79.92,101.916
2026-05-25T21:59:44.3180000,23.63,80.04,101.916
2026-05-25T21:59:45.3480000,23.63,80.09,101.917
2026-05-25T21:59:46.3890000,23.63,80.13,101.917
2026-05-25T21:59:47.4300000,23.63,80.16,101.917
2026-05-25T21:59:48.4710000,23.63,80.2,101.917
2026-05-25T21:59:49.5220000,23.63,80.26,101.916
2026-05-25T21:59:50.5630000,23.63,80.3,101.916
2026-05-25T21:59:51.6040000,23.63,80.31,101.917
2026-05-25T21:59:52.6440000,23.63,80.36,101.918
2026-05-25T21:59:53.6850000,23.63,80.37,101.917
2026-05-25T21:59:54.7260000,23.63,80.38,101.917
2026-05-25T21:59:55.7770000,23.63,80.43,101.917
2026-05-25T21:59:56.8180000,23.63,80.49,101.917
2026-05-25T21:59:57.8900000,23.63,80.45,101.917
2026-05-25T21:59:58.9000000,23.63,80.49,101.917
2026-05-25T21:59:59.9400000,23.63,80.51,101.918
2026-05-25T22:00:00.9920000,23.63,80.52,101.918
2026-05-25T22:00:02.0320000,23.63,80.53,101.918
2026-05-25T22:00:03.0730000,23.63,80.55,101.918
2026-05-25T22:00:04.1140000,23.63,80.59,101.917
2026-05-25T22:00:05.1540000,23.63,80.66,101.917
2026-05-25T22:00:06.2060000,23.63,80.63,101.917
2026-05-25T22:00:07.2460000,23.63,80.62,101.917
2026-05-25T22:00:08.2870000,23.63,80.64,101.916
2026-05-25T22:00:09.3280000,23.62,80.61,101.916
2026-05-25T22:00:10.3690000,23.62,80.68,101.916
2026-05-25T22:00:11.4650000,23.63,80.71,101.916
2026-05-25T22:00:12.4540000,23.63,80.76,101.915
2026-05-25T22:00:13.4950000,23.63,80.78,101.915
2026-05-25T22:00:14.5460000,23.63,80.8,101.916
2026-05-25T22:00:15.5870000,23.63,80.82,101.916
2026-05-25T22:00:16.6280000,23.63,80.83,101.916
2026-05-25T22:00:17.6680000,23.63,80.84,101.916
2026-05-25T22:00:18.7090000,23.63,80.85,101.916
2026-05-25T22:00:19.7500000,23.63,80.87,101.916
2026-05-25T22:00:20.8010000,23.62,80.91,101.916
2026-05-25T22:00:21.8420000,23.63,80.94,101.916
2026-05-25T22:00:22.8830000,23.63,80.97,101.916
2026-05-25T22:00:23.9240000,23.63,80.96,101.916
2026-05-25T22:00:24.9640000,23.63,80.98,101.916
2026-05-25T22:00:26.0080000,23.62,80.97,101.915
2026-05-25T22:00:27.0490000,23.62,80.96,101.915
2026-05-25T22:00:28.1000000,23.62,80.97,101.915
2026-05-25T22:00:29.1410000,23.62,80.97,101.915
2026-05-25T22:00:30.1820000,23.62,81,101.915
2026-05-25T22:00:31.2230000,23.62,81.01,101.917
2026-05-25T22:00:32.2630000,23.62,81.04,101.917
2026-05-25T22:00:33.3040000,23.62,81.08,101.918
2026-05-25T22:00:34.3550000,23.62,81.05,101.917
2026-05-25T22:00:35.3960000,23.62,81.01,101.917
2026-05-25T22:00:36.4370000,23.62,80.99,101.918
2026-05-25T22:00:37.4780000,23.62,81.01,101.918
2026-05-25T22:00:38.5190000,23.62,80.97,101.918
2026-05-25T22:00:39.5840000,23.62,80.99,101.918
2026-05-25T22:00:40.6040000,23.62,81,101.917
2026-05-25T22:00:41.6450000,23.62,80.99,101.918
2026-05-25T22:00:42.6850000,23.62,80.99,101.917
2026-05-25T22:00:43.7370000,23.62,81,101.916
2026-05-25T22:00:44.7770000,23.62,81.01,101.916
2026-05-25T22:00:45.8180000,23.62,81.01,101.916
2026-05-25T22:00:46.8590000,23.62,81.03,101.917
2026-05-25T22:00:47.9000000,23.62,81.07,101.917
2026-05-25T22:00:48.9400000,23.62,81.04,101.917
2026-05-25T22:00:49.9910000,23.62,81.06,101.916
2026-05-25T22:00:51.0320000,23.62,81.06,101.916
2026-05-25T22:00:52.0730000,23.62,81.06,101.917
2026-05-25T22:00:53.1560000,23.62,81.1,101.917
2026-05-25T22:00:54.1540000,23.62,81.09,101.918
2026-05-25T22:00:55.2060000,23.62,81.09,101.918
2026-05-25T22:00:56.2460000,23.62,81.1,101.919
2026-05-25T22:00:57.2870000,23.62,81.12,101.918
2026-05-25T22:00:58.3280000,23.62,81.14,101.919
2026-05-25T22:00:59.3690000,23.62,81.15,101.919
2026-05-25T22:01:00.4100000,23.62,81.15,101.92
2026-05-25T22:01:01.4510000,23.62,81.14,101.919
2026-05-25T22:01:02.5020000,23.62,81.11,101.92
2026-05-25T22:01:03.5430000,23.62,81.11,101.92
2026-05-25T22:01:04.5830000,23.62,81.1,101.92
2026-05-25T22:01:05.6240000,23.62,81.09,101.921
2026-05-25T22:01:06.7320000,23.62,81.11,101.92
2026-05-25T22:01:07.7090000,23.62,81.13,101.919
2026-05-25T22:01:08.7500000,23.62,81.16,101.919
2026-05-25T22:01:09.7910000,23.62,81.18,101.919
2026-05-25T22:01:10.8420000,23.62,81.19,101.918
2026-05-25T22:01:11.8830000,23.62,81.21,101.918
2026-05-25T22:01:12.9230000,23.62,81.21,101.917
2026-05-25T22:01:13.9640000,23.62,81.21,101.916
2026-05-25T22:01:15.0050000,23.61,81.24,101.916
2026-05-25T22:01:16.0450000,23.61,81.16,101.917
2026-05-25T22:01:17.0970000,23.61,81.14,101.917
2026-05-25T22:01:18.1380000,23.61,81.1,101.918
2026-05-25T22:01:19.1780000,23.61,81.1,101.919
2026-05-25T22:01:20.2190000,23.61,81.06,101.919
2026-05-25T22:01:21.2740000,23.61,81.05,101.92
2026-05-25T22:01:22.3040000,23.61,81.04,101.921
2026-05-25T22:01:23.3450000,23.61,81.01,101.921
2026-05-25T22:01:24.3860000,23.61,80.98,101.922
2026-05-25T22:01:25.4370000,23.61,80.96,101.921
2026-05-25T22:01:26.4780000,23.6,80.94,101.921
2026-05-25T22:01:27.5190000,23.6,80.92,101.921
2026-05-25T22:01:28.5600000,23.6,80.92,101.921
2026-05-25T22:01:29.6000000,23.6,80.87,101.921
2026-05-25T22:01:30.6410000,23.6,80.85,101.921
2026-05-25T22:01:31.6820000,23.6,80.83,101.92
2026-05-25T22:01:32.7330000,23.6,80.82,101.92
2026-05-25T22:01:33.7740000,23.6,80.79,101.921
2026-05-25T22:01:34.8460000,23.6,80.74,101.92
2026-05-25T22:01:35.8560000,23.6,80.7,101.919
2026-05-25T22:01:36.8960000,23.6,80.69,101.919
2026-05-25T22:01:37.9480000,23.59,80.65,101.919
2026-05-25T22:01:38.9880000,23.59,80.63,101.919
2026-05-25T22:01:40.0290000,23.59,80.62,101.919
2026-05-25T22:01:41.0700000,23.59,80.6,101.92
2026-05-25T22:01:42.1110000,23.59,80.59,101.92
2026-05-25T22:01:43.1520000,23.59,80.57,101.92
2026-05-25T22:01:44.1930000,23.59,80.53,101.921
2026-05-25T22:01:45.2440000,23.59,80.56,101.921
2026-05-25T22:01:46.2850000,23.59,80.51,101.921
2026-05-25T22:01:48.4220000,23.59,80.46,101.922
2026-05-25T22:01:49.4110000,23.59,80.42,101.922
2026-05-25T22:01:50.4520000,23.59,80.42,101.923
2026-05-25T22:01:52.5330000,23.59,80.39,101.923
2026-05-25T22:01:53.5850000,23.59,80.39,101.923
2026-05-25T22:01:54.6250000,23.59,80.38,101.923
2026-05-25T22:01:55.6660000,23.58,80.38,101.923
2026-05-25T22:01:56.7070000,23.58,80.36,101.924
2026-05-25T22:01:57.7480000,23.58,80.34,101.923
2026-05-25T22:01:58.7880000,23.58,80.33,101.922
2026-05-25T22:01:59.8390000,23.58,80.3,101.921
2026-05-25T22:02:00.8800000,23.58,80.27,101.921
2026-05-25T22:02:01.9210000,23.58,80.28,101.922
2026-05-25T22:02:02.9620000,23.58,80.21,101.921
2026-05-25T22:02:04.0020000,23.58,80.19,101.922
2026-05-25T22:02:05.0430000,23.58,80.16,101.922
2026-05-25T22:02:06.0840000,23.58,80.14,101.923
2026-05-25T22:02:07.1350000,23.58,80.14,101.923
2026-05-25T22:02:08.1760000,23.58,80.11,101.923
2026-05-25T22:02:09.2170000,23.58,80.1,101.923
2026-05-25T22:02:10.2580000,23.58,80.09,101.923
2026-05-25T22:02:11.2990000,23.58,80.05,101.923
2026-05-25T22:02:12.3400000,23.58,80.03,101.923
2026-05-25T22:02:13.3910000,23.58,80.03,101.924
2026-05-25T22:02:14.4320000,23.58,79.99,101.924
2026-05-25T22:02:15.4730000,23.58,79.99,101.924
2026-05-25T22:02:16.5380000,23.58,79.92,101.925
2026-05-25T22:02:17.5580000,23.57,79.95,101.924
2026-05-25T22:02:18.5990000,23.58,79.92,101.925
2026-05-25T22:02:19.6400000,23.58,79.9,101.925
2026-05-25T22:02:20.6800000,23.57,79.9,101.924
2026-05-25T22:02:21.7320000,23.57,79.89,101.924
2026-05-25T22:02:22.7720000,23.57,79.88,101.924
2026-05-25T22:02:23.8130000,23.58,79.86,101.926
2026-05-25T22:02:24.8540000,23.57,79.82,101.926
2026-05-25T22:02:25.8950000,23.57,79.84,101.926
2026-05-25T22:02:26.9350000,23.57,79.81,101.927
2026-05-25T22:02:27.9860000,23.57,79.78,101.926
2026-05-25T22:02:29.0270000,23.57,79.78,101.926
2026-05-25T22:02:30.1100000,23.57,79.76,101.926
2026-05-25T22:02:31.1090000,23.57,79.79,101.927
2026-05-25T22:02:32.1500000,23.57,79.76,101.927
2026-05-25T22:02:33.1900000,23.57,79.76,101.927
2026-05-25T22:02:34.2310000,23.57,79.73,101.927
2026-05-25T22:02:35.2820000,23.57,79.72,101.927
2026-05-25T22:02:36.3230000,23.57,79.72,101.927
2026-05-25T22:02:37.3640000,23.57,79.71,101.927
2026-05-25T22:02:38.4050000,23.57,79.66,101.927
2026-05-25T22:02:39.4460000,23.57,79.67,101.927
2026-05-25T22:02:40.4870000,23.57,79.65,101.928
2026-05-25T22:02:41.5380000,23.57,79.63,101.928
2026-05-25T22:02:42.5790000,23.57,79.61,101.929
2026-05-25T22:02:43.6820000,23.57,79.59,101.928
2026-05-25T22:02:44.6600000,23.57,79.58,101.928
2026-05-25T22:02:45.7010000,23.57,79.55,101.928
2026-05-25T22:02:46.7420000,23.57,79.54,101.928
2026-05-25T22:02:47.7930000,23.57,79.53,101.929
2026-05-25T22:02:48.8330000,23.56,79.51,101.928
2026-05-25T22:02:49.8740000,23.56,79.49,101.928
2026-05-25T22:02:50.9150000,23.56,79.47,101.928
2026-05-25T22:02:51.9560000,23.56,79.49,101.928
2026-05-25T22:02:52.9970000,23.57,79.48,101.928
2026-05-25T22:02:54.0370000,23.57,79.45,101.929
2026-05-25T22:02:55.0890000,23.57,79.45,101.929
2026-05-25T22:02:56.1300000,23.57,79.41,101.93
2026-05-25T22:02:57.1700000,23.57,79.37,101.93
2026-05-25T22:02:58.2250000,23.57,79.33,101.93
2026-05-25T22:02:59.2550000,23.56,79.33,101.929
2026-05-25T22:03:00.2960000,23.56,79.31,101.929
2026-05-25T22:03:01.3370000,23.56,79.29,101.93
2026-05-25T22:03:02.3780000,23.56,79.27,101.93
2026-05-25T22:03:03.4290000,23.56,79.25,101.93
2026-05-25T22:03:04.4700000,23.56,79.24,101.93
2026-05-25T22:03:05.5110000,23.56,79.24,101.93
2026-05-25T22:03:06.5520000,23.56,79.21,101.93
2026-05-25T22:03:07.5930000,23.56,79.2,101.93
2026-05-25T22:03:08.6330000,23.56,79.2,101.931
2026-05-25T22:03:09.6740000,23.56,79.15,101.93
2026-05-25T22:03:10.7260000,23.56,79.15,101.93
2026-05-25T22:03:11.7980000,23.56,79.13,101.93
2026-05-25T22:03:12.8070000,23.56,79.08,101.931
2026-05-25T22:03:13.8480000,23.56,79.07,101.931
2026-05-25T22:03:14.8880000,23.56,79.03,101.931
2026-05-25T22:03:15.9290000,23.56,79.02,101.931
2026-05-25T22:03:16.9800000,23.56,78.99,101.931
2026-05-25T22:03:18.0210000,23.56,78.99,101.93
2026-05-25T22:03:19.0620000,23.56,79,101.93
2026-05-25T22:03:20.1030000,23.56,78.95,101.931
2026-05-25T22:03:21.1430000,23.56,78.94,101.931
2026-05-25T22:03:22.1950000,23.56,78.94,101.93
2026-05-25T22:03:23.2360000,23.55,78.9,101.93
2026-05-25T22:03:24.2760000,23.55,78.91,101.93
2026-05-25T22:03:25.3730000,23.56,78.86,101.93
2026-05-25T22:03:26.3610000,23.56,78.84,101.93
2026-05-25T22:03:27.4020000,23.56,78.84,101.93
2026-05-25T22:03:28.4430000,23.55,78.82,101.93
2026-05-25T22:03:29.4840000,23.55,78.82,101.931
2026-05-25T22:03:30.5350000,23.55,78.8,101.931
2026-05-25T22:03:31.5760000,23.56,78.78,101.932
2026-05-25T22:03:32.6170000,23.56,78.77,101.933
2026-05-25T22:03:33.6580000,23.56,78.76,101.933
2026-05-25T22:03:34.6980000,23.56,78.75,101.933
2026-05-25T22:03:35.7390000,23.56,78.74,101.932
2026-05-25T22:03:36.7900000,23.56,78.73,101.932
2026-05-25T22:03:37.8310000,23.55,78.64,101.931
2026-05-25T22:03:38.8720000,23.55,78.69,101.93
2026-05-25T22:03:39.9160000,23.55,78.63,101.929
2026-05-25T22:03:40.9570000,23.55,78.63,101.93
2026-05-25T22:03:41.9970000,23.55,78.61,101.93
2026-05-25T22:03:43.0380000,23.55,78.6,101.93
2026-05-25T22:03:44.0790000,23.55,78.58,101.93
2026-05-25T22:03:45.1300000,23.55,78.57,101.931
2026-05-25T22:03:46.1710000,23.55,78.54,101.931
2026-05-25T22:03:47.2120000,23.55,78.57,101.931
2026-05-25T22:03:48.2520000,23.55,78.52,101.931
2026-05-25T22:03:49.2930000,23.55,78.49,101.931
2026-05-25T22:03:50.3340000,23.55,78.46,101.932
2026-05-25T22:03:51.3850000,23.55,78.46,101.932
2026-05-25T22:03:52.4260000,23.55,78.45,101.932
2026-05-25T22:03:53.4910000,23.55,78.4,101.932
2026-05-25T22:03:54.5110000,23.55,78.38,101.932
2026-05-25T22:03:55.5520000,23.55,78.37,101.932
2026-05-25T22:03:56.5920000,23.55,78.36,101.932
2026-05-25T22:03:57.6330000,23.55,78.35,101.933
2026-05-25T22:03:58.6740000,23.55,78.32,101.932
2026-05-25T22:03:59.7250000,23.55,78.31,101.933
2026-05-25T22:04:00.7660000,23.55,78.29,101.933
2026-05-25T22:04:01.8060000,23.55,78.22,101.934
2026-05-25T22:04:02.8470000,23.55,78.23,101.934
2026-05-25T22:04:03.8880000,23.55,78.23,101.934
2026-05-25T22:04:04.9290000,23.54,78.24,101.934
2026-05-25T22:04:05.9800000,23.54,78.22,101.933
2026-05-25T22:04:07.0630000,23.54,78.2,101.933
2026-05-25T22:04:08.0620000,23.54,78.2,101.934
2026-05-25T22:04:09.1020000,23.54,78.19,101.934
2026-05-25T22:04:10.1430000,23.54,78.19,101.935
2026-05-25T22:04:11.1840000,23.54,78.17,101.935
2026-05-25T22:04:12.2350000,23.54,78.14,101.935
2026-05-25T22:04:13.2760000,23.55,78.13,101.935
2026-05-25T22:04:14.3170000,23.54,78.12,101.935
2026-05-25T22:04:15.3580000,23.54,78.1,101.936
2026-05-25T22:04:16.3980000,23.54,78.08,101.935
2026-05-25T22:04:17.4390000,23.54,78.09,101.935
2026-05-25T22:04:18.4900000,23.54,78.08,101.935
2026-05-25T22:04:19.5310000,23.54,78.1,101.935
2026-05-25T22:04:20.6380000,23.54,78.05,101.935
2026-05-25T22:04:21.6160000,23.54,78.04,101.934
2026-05-25T22:04:22.6570000,23.54,78.03,101.934
2026-05-25T22:04:23.6980000,23.54,78.01,101.934
2026-05-25T22:04:24.7380000,23.54,78,101.934
2026-05-25T22:04:25.7790000,23.54,77.99,101.934
2026-05-25T22:04:26.8200000,23.54,77.99,101.934
2026-05-25T22:04:27.8710000,23.54,77.98,101.934
2026-05-25T22:04:28.9120000,23.55,77.98,101.935
2026-05-25T22:04:29.9530000,23.54,77.97,101.935
2026-05-25T22:04:30.9930000,23.54,77.95,101.936
2026-05-25T22:04:32.0340000,23.55,77.92,101.937
2026-05-25T22:04:33.0750000,23.55,77.92,101.937
2026-05-25T22:04:34.1260000,23.55,77.9,101.937
2026-05-25T22:04:35.1810000,23.55,77.92,101.938
2026-05-25T22:04:36.2010000,23.55,77.88,101.938
2026-05-25T22:04:37.2520000,23.55,77.86,101.939
2026-05-25T22:04:38.2930000,23.54,77.86,101.939
2026-05-25T22:04:39.3340000,23.54,77.86,101.939
2026-05-25T22:04:40.3750000,23.54,77.85,101.939
2026-05-25T22:04:41.4160000,23.54,77.85,101.939
2026-05-25T22:04:42.4560000,23.55,77.86,101.938
2026-05-25T22:04:43.5070000,23.54,77.84,101.937
2026-05-25T22:04:44.5480000,23.54,77.81,101.937
2026-05-25T22:04:45.5890000,23.55,77.84,101.938
2026-05-25T22:04:46.6290000,23.55,77.85,101.938
2026-05-25T22:04:47.6700000,23.55,77.83,101.938
2026-05-25T22:04:48.7530000,23.54,77.8,101.937
2026-05-25T22:04:49.7620000,23.54,77.79,101.938
2026-05-25T22:04:50.8030000,23.55,77.79,101.939
2026-05-25T22:04:51.8440000,23.55,77.78,101.939
2026-05-25T22:04:52.8840000,23.54,77.77,101.939
2026-05-25T22:04:53.9250000,23.54,77.77,101.94
2026-05-25T22:04:54.9660000,23.55,77.75,101.941
2026-05-25T22:04:56.0170000,23.54,77.73,101.94
2026-05-25T22:04:57.0580000,23.55,77.73,101.941
2026-05-25T22:04:58.0990000,23.55,77.72,101.941
2026-05-25T22:04:59.1390000,23.55,77.74,101.942
2026-05-25T22:05:00.1800000,23.55,77.73,101.941
2026-05-25T22:05:01.2210000,23.54,77.69,101.941
2026-05-25T22:05:02.3280000,23.55,77.69,101.941
2026-05-25T22:05:03.3060000,23.54,77.66,101.941
2026-05-25T22:05:04.3580000,23.54,77.65,101.941
2026-05-25T22:05:05.3980000,23.54,77.64,101.941
2026-05-25T22:05:06.4390000,23.54,77.62,101.941
2026-05-25T22:05:07.4800000,23.54,77.6,101.941
2026-05-25T22:05:08.5200000,23.54,77.6,101.94
2026-05-25T22:05:09.5610000,23.54,77.59,101.94
2026-05-25T22:05:10.6120000,23.55,77.61,101.941
2026-05-25T22:05:11.6530000,23.54,77.57,101.941
2026-05-25T22:05:12.6940000,23.54,77.57,101.941
2026-05-25T22:05:13.7340000,23.55,77.55,101.942
2026-05-25T22:05:14.7750000,23.55,77.57,101.942
2026-05-25T22:05:15.8160000,23.55,77.53,101.942
2026-05-25T22:05:16.8710000,23.55,77.52,101.943
2026-05-25T22:05:17.9010000,23.55,77.52,101.943
2026-05-25T22:05:18.9520000,23.55,77.48,101.944
2026-05-25T22:05:19.9930000,23.55,77.48,101.944
2026-05-25T22:05:21.0340000,23.55,77.48,101.943
2026-05-25T22:05:22.0750000,23.55,77.47,101.942
2026-05-25T22:05:23.1160000,23.55,77.47,101.942
2026-05-25T22:05:24.1560000,23.55,77.55,101.941
2026-05-25T22:05:25.1970000,23.55,77.43,101.941
2026-05-25T22:05:26.2490000,23.55,77.43,101.94
2026-05-25T22:05:27.2890000,23.54,77.44,101.94
2026-05-25T22:05:28.3300000,23.55,77.43,101.941
2026-05-25T22:05:29.3710000,23.55,77.39,101.941
2026-05-25T22:05:30.4430000,23.55,77.42,101.942
2026-05-25T22:05:31.4520000,23.54,77.38,101.942
2026-05-25T22:05:32.5040000,23.54,77.36,101.943
2026-05-25T22:05:33.5440000,23.54,77.35,101.943
2026-05-25T22:05:34.5850000,23.54,77.35,101.943
2026-05-25T22:05:35.6260000,23.54,77.33,101.943
2026-05-25T22:05:36.6660000,23.54,77.33,101.943
2026-05-25T22:05:37.7070000,23.54,77.32,101.943
2026-05-25T22:05:38.7580000,23.54,77.31,101.942
2026-05-25T22:05:39.7990000,23.54,77.29,101.942
2026-05-25T22:05:40.8400000,23.54,77.29,101.942
2026-05-25T22:05:41.8810000,23.54,77.28,101.941
2026-05-25T22:05:42.9210000,23.54,77.26,101.94
2026-05-25T22:05:44.0180000,23.54,77.23,101.94
2026-05-25T22:05:45.0060000,23.54,77.23,101.94
2026-05-25T22:05:46.0470000,23.54,77.22,101.94
2026-05-25T22:05:47.0990000,23.54,77.21,101.94
2026-05-25T22:05:48.1390000,23.54,77.21,101.941
2026-05-25T22:05:49.1800000,23.54,77.2,101.941
2026-05-25T22:05:50.2210000,23.54,77.2,101.941
2026-05-25T22:05:51.2620000,23.55,77.18,101.943
2026-05-25T22:05:52.3030000,23.54,77.17,101.942
2026-05-25T22:05:53.3540000,23.55,77.17,101.943
2026-05-25T22:05:54.3950000,23.55,77.13,101.944
2026-05-25T22:05:55.4350000,23.55,77.16,101.944
2026-05-25T22:05:56.4760000,23.55,77.12,101.944
2026-05-25T22:05:57.5170000,23.54,77.16,101.944
2026-05-25T22:05:58.5610000,23.54,77.09,101.944
2026-05-25T22:05:59.6020000,23.54,77.08,101.945
2026-05-25T22:06:00.6430000,23.54,77.09,101.945
2026-05-25T22:06:01.6840000,23.55,77.07,101.945
2026-05-25T22:06:02.7350000,23.55,77.06,101.945
2026-05-25T22:06:03.7760000,23.55,77.06,101.945
2026-05-25T22:06:04.8160000,23.55,77.05,101.945
2026-05-25T22:06:05.8570000,23.55,77.06,101.945
2026-05-25T22:06:06.8980000,23.55,77.04,101.945
2026-05-25T22:06:07.9390000,23.55,77.02,101.944
2026-05-25T22:06:08.9900000,23.55,77.01,101.944
2026-05-25T22:06:10.0310000,23.55,77.05,101.944
2026-05-25T22:06:11.0720000,23.55,76.99,101.945
2026-05-25T22:06:12.1330000,23.55,76.99,101.944
2026-05-25T22:06:13.1530000,23.55,76.97,101.945
2026-05-25T22:06:14.1940000,23.55,76.95,101.945
2026-05-25T22:06:15.2450000,23.55,76.95,101.944
2026-05-25T22:06:16.2860000,23.55,76.94,101.944
2026-05-25T22:06:17.3270000,23.55,76.93,101.944
2026-05-25T22:06:18.3670000,23.55,76.93,101.944
2026-05-25T22:06:19.4080000,23.54,76.94,101.944
2026-05-25T22:06:20.4490000,23.54,76.86,101.943
2026-05-25T22:06:21.5000000,23.54,76.88,101.943
2026-05-25T22:06:22.5410000,23.54,76.9,101.943
2026-05-25T22:06:23.5810000,23.55,76.9,101.944
2026-05-25T22:06:24.6220000,23.55,76.89,101.944
2026-05-25T22:06:25.7050000,23.54,76.91,101.944
2026-05-25T22:06:26.7040000,23.54,76.84,101.943
2026-05-25T22:06:27.7550000,23.54,76.84,101.944
2026-05-25T22:06:28.7960000,23.54,76.84,101.943
2026-05-25T22:06:29.8370000,23.54,76.84,101.944
2026-05-25T22:06:30.8770000,23.55,76.82,101.944
2026-05-25T22:06:31.9180000,23.55,76.81,101.945
2026-05-25T22:06:32.9590000,23.55,76.78,101.944
2026-05-25T22:06:34.0100000,23.55,76.78,101.944
2026-05-25T22:06:35.0510000,23.55,76.78,101.944
2026-05-25T22:06:36.0920000,23.55,76.8,101.945
2026-05-25T22:06:37.1330000,23.55,76.77,101.945
2026-05-25T22:06:38.1730000,23.55,76.76,101.944
2026-05-25T22:06:39.2770000,23.55,76.75,101.944
2026-05-25T22:06:40.2660000,23.55,76.74,101.944
2026-05-25T22:06:41.3060000,23.55,76.74,101.944
2026-05-25T22:06:42.3470000,23.55,76.74,101.945
2026-05-25T22:06:43.3880000,23.55,76.73,101.945
2026-05-25T22:06:44.4280000,23.55,76.71,101.946
2026-05-25T22:06:45.4690000,23.55,76.7,101.945
2026-05-25T22:06:46.5200000,23.55,76.69,101.945
2026-05-25T22:06:47.5610000,23.55,76.69,101.945
2026-05-25T22:06:48.6020000,23.55,76.71,101.945
2026-05-25T22:06:49.6420000,23.55,76.67,101.946
2026-05-25T22:06:50.6830000,23.55,76.64,101.945
2026-05-25T22:06:51.7240000,23.55,76.67,101.945
2026-05-25T22:06:52.7750000,23.55,76.7,101.945
2026-05-25T22:06:53.8160000,23.54,76.65,101.944
2026-05-25T22:06:54.8570000,23.55,76.64,101.944
2026-05-25T22:06:55.8980000,23.54,76.63,101.944
2026-05-25T22:06:56.9380000,23.54,76.63,101.944
2026-05-25T22:06:57.9790000,23.54,76.63,101.944
2026-05-25T22:06:59.0300000,23.55,76.63,101.945
2026-05-25T22:07:00.0710000,23.55,76.62,101.945
2026-05-25T22:07:01.1120000,23.55,76.56,101.945
2026-05-25T22:07:02.1530000,23.55,76.61,101.945
2026-05-25T22:07:03.1940000,23.55,76.6,101.945
2026-05-25T22:07:04.2340000,23.55,76.58,101.945
2026-05-25T22:07:05.2860000,23.55,76.61,101.945
2026-05-25T22:07:06.3260000,23.55,76.64,101.945
2026-05-25T22:07:07.3880000,23.55,76.55,101.945
2026-05-25T22:07:08.4080000,23.55,76.57,101.945
2026-05-25T22:07:09.4480000,23.55,76.56,101.946
2026-05-25T22:07:10.4890000,23.55,76.56,101.945
2026-05-25T22:07:11.5410000,23.55,76.56,101.945
2026-05-25T22:07:12.5810000,23.55,76.56,101.945
2026-05-25T22:07:13.6220000,23.55,76.56,101.945
2026-05-25T22:07:14.6630000,23.55,76.54,101.945
2026-05-25T22:07:15.7040000,23.56,76.56,101.946
2026-05-25T22:07:16.7450000,23.55,76.56,101.945
2026-05-25T22:07:17.7850000,23.55,76.54,101.945
2026-05-25T22:07:18.8370000,23.55,76.56,101.946
2026-05-25T22:07:19.8770000,23.55,76.6,101.945
2026-05-25T22:07:20.9600000,23.55,76.55,101.943
2026-05-25T22:07:21.9590000,23.55,76.54,101.942
2026-05-25T22:07:23.0000000,23.55,76.53,101.941
2026-05-25T22:07:24.0410000,23.55,76.52,101.941
2026-05-25T22:07:25.0920000,23.55,76.51,101.941
2026-05-25T22:07:26.1330000,23.55,76.52,101.94
2026-05-25T22:07:27.1740000,23.55,76.5,101.941
2026-05-25T22:07:28.2140000,23.55,76.53,101.941
2026-05-25T22:07:29.2550000,23.55,76.53,101.943
2026-05-25T22:07:30.2960000,23.55,76.52,101.943
2026-05-25T22:07:31.3470000,23.55,76.49,101.944
2026-05-25T22:07:32.3880000,23.55,76.49,101.944
2026-05-25T22:07:33.4280000,23.55,76.49,101.944
2026-05-25T22:07:34.5320000,23.55,76.5,101.944
2026-05-25T22:07:35.5100000,23.55,76.45,101.944
2026-05-25T22:07:36.5510000,23.56,76.45,101.945
2026-05-25T22:07:37.6020000,23.56,76.43,101.945
2026-05-25T22:07:38.6430000,23.56,76.43,101.945
2026-05-25T22:07:39.6830000,23.55,76.41,101.945
2026-05-25T22:07:40.7240000,23.55,76.4,101.945
2026-05-25T22:07:41.7650000,23.56,76.4,101.946
2026-05-25T22:07:42.8060000,23.56,76.41,101.946
2026-05-25T22:07:43.8570000,23.56,76.38,101.945
2026-05-25T22:07:44.8980000,23.56,76.37,101.944
2026-05-25T22:07:45.9390000,23.56,76.36,101.944
2026-05-25T22:07:46.9790000,23.56,76.35,101.943
2026-05-25T22:07:48.0200000,23.56,76.35,101.943
2026-05-25T22:07:49.0750000,23.56,76.32,101.942
2026-05-25T22:07:50.1050000,23.56,76.34,101.943
2026-05-25T22:07:51.1460000,23.56,76.35,101.944
2026-05-25T22:07:52.1970000,23.56,76.36,101.944
2026-05-25T22:07:53.2380000,23.56,76.37,101.944
2026-05-25T22:07:54.2790000,23.56,76.37,101.945
2026-05-25T22:07:55.3190000,23.56,76.38,101.945
2026-05-25T22:07:56.3600000,23.56,76.41,101.944
2026-05-25T22:07:57.4010000,23.56,76.37,101.945
2026-05-25T22:07:58.4520000,23.56,76.44,101.944
2026-05-25T22:07:59.4930000,23.56,76.35,101.944
2026-05-25T22:08:00.5340000,23.56,76.38,101.944
2026-05-25T22:08:01.5740000,23.56,76.36,101.943
2026-05-25T22:08:02.6470000,23.56,76.38,101.944
2026-05-25T22:08:03.6560000,23.56,76.36,101.944
2026-05-25T22:08:04.7070000,23.56,76.34,101.944
2026-05-25T22:08:05.7480000,23.56,76.34,101.944
2026-05-25T22:08:06.7890000,23.56,76.33,101.943
2026-05-25T22:08:07.8300000,23.56,76.33,101.943
2026-05-25T22:08:08.8700000,23.56,76.33,101.944
2026-05-25T22:08:09.9110000,23.56,76.32,101.944
2026-05-25T22:08:10.9620000,23.56,76.27,101.944
2026-05-25T22:08:12.0030000,23.56,76.29,101.943
2026-05-25T22:08:13.0440000,23.56,76.28,101.943
2026-05-25T22:08:14.0850000,23.56,76.27,101.943
2026-05-25T22:08:15.1260000,23.56,76.25,101.943
2026-05-25T22:08:16.2150000,23.56,76.25,101.942
2026-05-25T22:08:17.2140000,23.56,76.25,101.942
2026-05-25T22:08:18.2550000,23.56,76.24,101.943
2026-05-25T22:08:19.2950000,23.56,76.24,101.943
2026-05-25T22:08:20.3360000,23.56,76.23,101.943
2026-05-25T22:08:21.3870000,23.56,76.22,101.942
2026-05-25T22:08:22.4280000,23.56,76.21,101.942
2026-05-25T22:08:23.4690000,23.56,76.2,101.941
2026-05-25T22:08:24.5100000,23.56,76.21,101.941
2026-05-25T22:08:25.5500000,23.56,76.2,101.94
2026-05-25T22:08:26.6010000,23.56,76.21,101.94
2026-05-25T22:08:27.6420000,23.56,76.15,101.94
2026-05-25T22:08:28.6830000,23.56,76.17,101.939
2026-05-25T22:08:29.7830000,23.56,76.18,101.94
2026-05-25T22:08:30.7720000,23.56,76.17,101.941
2026-05-25T22:08:31.8120000,23.56,76.15,101.942
2026-05-25T22:08:32.8530000,23.56,76.15,101.942
2026-05-25T22:08:33.8940000,23.56,76.13,101.942
2026-05-25T22:08:34.9350000,23.56,76.14,101.942
2026-05-25T22:08:35.9760000,23.56,76.13,101.942
2026-05-25T22:08:37.0270000,23.56,76.12,101.942
2026-05-25T22:08:38.0680000,23.56,76.12,101.942
2026-05-25T22:08:39.1080000,23.56,76.09,101.941
2026-05-25T22:08:40.1490000,23.56,76.11,101.942
2026-05-25T22:08:41.1900000,23.56,76.09,101.942
2026-05-25T22:08:42.2300000,23.56,76.09,101.942
2026-05-25T22:08:43.2820000,23.56,76.04,101.943
2026-05-25T22:08:44.3220000,23.56,76.07,101.943
2026-05-25T22:08:45.3630000,23.56,76.05,101.942
2026-05-25T22:08:46.4040000,23.56,76.05,101.942
2026-05-25T22:08:47.4450000,23.56,76.02,101.941
2026-05-25T22:08:48.4850000,23.56,76.02,101.941
2026-05-25T22:08:49.5370000,23.56,76.02,101.94
2026-05-25T22:08:50.5780000,23.56,76.01,101.94
2026-05-25T22:08:52.6590000,23.56,75.98,101.94
2026-05-25T22:08:53.7000000,23.56,75.97,101.94
2026-05-25T22:08:54.7410000,23.56,75.95,101.94
2026-05-25T22:08:55.7920000,23.56,75.95,101.941
2026-05-25T22:08:56.8330000,23.57,75.91,101.941
2026-05-25T22:08:57.8940000,23.57,75.95,101.941
2026-05-25T22:08:58.9140000,23.57,75.93,101.941
2026-05-25T22:08:59.9550000,23.57,75.91,101.942
2026-05-25T22:09:00.9960000,23.57,75.91,101.942
2026-05-25T22:09:02.0470000,23.57,75.89,101.942
2026-05-25T22:09:03.0880000,23.57,75.89,101.942
2026-05-25T22:09:04.1280000,23.57,75.88,101.942
2026-05-25T22:09:05.1690000,23.57,75.89,101.941
2026-05-25T22:09:06.2100000,23.57,75.87,101.942
2026-05-25T22:09:07.2610000,23.57,75.83,101.942
2026-05-25T22:09:08.3020000,23.57,75.85,101.943
2026-05-25T22:09:09.3420000,23.57,75.87,101.942
2026-05-25T22:09:10.3830000,23.57,75.83,101.941
2026-05-25T22:09:11.4660000,23.57,75.84,101.941
2026-05-25T22:09:12.4650000,23.57,75.83,101.941
2026-05-25T22:09:13.5160000,23.57,75.83,101.94
2026-05-25T22:09:14.5570000,23.57,75.81,101.941
2026-05-25T22:09:15.5980000,23.57,75.81,101.94
2026-05-25T22:09:16.6380000,23.57,75.8,101.941
2026-05-25T22:09:17.6790000,23.57,75.8,101.94
2026-05-25T22:09:18.7200000,23.57,75.83,101.941
2026-05-25T22:09:19.7710000,23.57,75.81,101.94
2026-05-25T22:09:20.8120000,23.57,75.81,101.942
2026-05-25T22:09:21.8530000,23.57,75.8,101.942
2026-05-25T22:09:22.8940000,23.57,75.81,101.942
2026-05-25T22:09:23.9340000,23.57,75.81,101.943
2026-05-25T22:09:25.0350000,23.57,75.8,101.944
2026-05-25T22:09:26.0230000,23.57,75.81,101.944
2026-05-25T22:09:27.0640000,23.57,75.79,101.944
2026-05-25T22:09:28.1050000,23.57,75.81,101.944
2026-05-25T22:09:29.1450000,23.57,75.79,101.944
2026-05-25T22:09:30.1960000,23.57,75.79,101.943
2026-05-25T22:09:31.2370000,23.57,75.8,101.943
2026-05-25T22:09:32.2780000,23.57,75.81,101.942
2026-05-25T22:09:33.3180000,23.57,75.8,101.942
2026-05-25T22:09:34.3590000,23.57,75.83,101.941
2026-05-25T22:09:35.4100000,23.57,75.78,101.941
2026-05-25T22:09:36.4510000,23.57,75.82,101.942
2026-05-25T22:09:37.4920000,23.58,75.82,101.942
2026-05-25T22:09:38.5330000,23.58,75.79,101.941
2026-05-25T22:09:39.5770000,23.57,75.79,101.942
2026-05-25T22:09:40.6180000,23.57,75.8,101.942
2026-05-25T22:09:41.6590000,23.57,75.8,101.942
2026-05-25T22:09:42.6990000,23.57,75.8,101.942
2026-05-25T22:09:43.7510000,23.57,75.8,101.942
2026-05-25T22:09:44.7920000,23.58,75.79,101.943
2026-05-25T22:09:45.8320000,23.58,75.78,101.943
2026-05-25T22:09:46.8730000,23.57,75.76,101.942
2026-05-25T22:09:47.9140000,23.57,75.78,101.942
2026-05-25T22:09:48.9550000,23.57,75.77,101.941
2026-05-25T22:09:50.0060000,23.57,75.75,101.94
2026-05-25T22:09:51.0470000,23.57,75.75,101.939
2026-05-25T22:09:52.0870000,23.58,75.76,101.94
2026-05-25T22:09:53.1490000,23.58,75.71,101.939
2026-05-25T22:09:54.1690000,23.57,75.72,101.939
2026-05-25T22:09:55.2200000,23.57,75.71,101.939
2026-05-25T22:09:56.2600000,23.57,75.7,101.94
2026-05-25T22:09:57.3010000,23.57,75.7,101.94
2026-05-25T22:09:58.3420000,23.58,75.69,101.941
2026-05-25T22:09:59.3830000,23.58,75.68,101.941
2026-05-25T22:10:00.4230000,23.58,75.65,101.94
2026-05-25T22:10:01.4750000,23.58,75.7,101.941
2026-05-25T22:10:02.5150000,23.58,75.69,101.941
2026-05-25T22:10:03.5560000,23.58,75.69,101.941
2026-05-25T22:10:04.5970000,23.58,75.72,101.941
2026-05-25T22:10:05.6380000,23.58,75.69,101.941
2026-05-25T22:10:06.7240000,23.58,75.76,101.942
2026-05-25T22:10:07.7230000,23.58,75.77,101.942
2026-05-25T22:10:08.7640000,23.58,75.8,101.942
2026-05-25T22:10:09.8150000,23.58,75.83,101.942
2026-05-25T22:10:10.8560000,23.58,75.87,101.942
2026-05-25T22:10:11.8970000,23.58,75.9,101.942
2026-05-25T22:10:12.9380000,23.59,75.93,101.942
2026-05-25T22:10:13.9790000,23.59,76,101.941
2026-05-25T22:10:15.0190000,23.59,75.98,101.94
2026-05-25T22:10:16.0710000,23.59,76.07,101.941
2026-05-25T22:10:17.1110000,23.59,76.12,101.94
2026-05-25T22:10:18.1520000,23.59,76.15,101.94
2026-05-25T22:10:19.1930000,23.59,76.21,101.94
2026-05-25T22:10:20.2960000,23.59,76.27,101.941
2026-05-25T22:10:21.2740000,23.59,76.32,101.941
2026-05-25T22:10:22.3250000,23.59,76.35,101.941
2026-05-25T22:10:23.3660000,23.6,76.41,101.942
2026-05-25T22:10:24.4070000,23.6,76.46,101.942
2026-05-25T22:10:25.4480000,23.6,76.53,101.942
2026-05-25T22:10:26.4880000,23.6,76.59,101.942
2026-05-25T22:10:27.5290000,23.6,76.66,101.942
2026-05-25T22:10:28.5810000,23.6,76.76,101.943
2026-05-25T22:10:29.6220000,23.6,76.8,101.943
2026-05-25T22:10:30.6620000,23.6,76.87,101.942
2026-05-25T22:10:31.7030000,23.6,76.9,101.942
2026-05-25T22:10:32.7440000,23.6,76.92,101.942
2026-05-25T22:10:33.7850000,23.6,77,101.942
2026-05-25T22:10:34.8400000,23.6,77.08,101.941
2026-05-25T22:10:35.8700000,23.6,77.09,101.94
2026-05-25T22:10:36.9210000,23.6,77.11,101.94
2026-05-25T22:10:37.9620000,23.6,77.16,101.94
2026-05-25T22:10:39.0030000,23.6,77.21,101.941
2026-05-25T22:10:40.0430000,23.61,77.27,101.942
2026-05-25T22:10:41.0840000,23.61,77.31,101.942
2026-05-25T22:10:42.1350000,23.61,77.32,101.942
2026-05-25T22:10:43.1760000,23.61,77.35,101.943
2026-05-25T22:10:44.2170000,23.61,77.38,101.942
2026-05-25T22:10:45.2570000,23.61,77.5,101.942
2026-05-25T22:10:46.2980000,23.61,77.55,101.942
2026-05-25T22:10:47.3390000,23.61,77.57,101.941
2026-05-25T22:10:48.4110000,23.61,77.7,101.94
2026-05-25T22:10:49.4310000,23.61,77.7,101.94
2026-05-25T22:10:50.4720000,23.61,77.73,101.941
2026-05-25T22:10:51.5130000,23.61,77.78,101.941
2026-05-25T22:10:52.5530000,23.61,77.8,101.94
2026-05-25T22:10:53.6050000,23.61,77.83,101.94
2026-05-25T22:10:54.6450000,23.61,77.85,101.939
2026-05-25T22:10:55.6860000,23.61,77.94,101.94
2026-05-25T22:10:56.7270000,23.61,77.88,101.94
2026-05-25T22:10:57.7680000,23.61,77.92,101.94
2026-05-25T22:10:58.8080000,23.61,77.94,101.94
2026-05-25T22:10:59.8600000,23.61,77.95,101.941
2026-05-25T22:11:00.9000000,23.61,77.96,101.941
2026-05-25T22:11:01.9870000,23.61,78.07,101.942
2026-05-25T22:11:02.9860000,23.61,78.09,101.943
2026-05-25T22:11:04.0260000,23.61,78.09,101.944
2026-05-25T22:11:05.0670000,23.61,78.1,101.944
2026-05-25T22:11:06.1080000,23.61,78.11,101.943
2026-05-25T22:11:07.1590000,23.61,78.13,101.944
2026-05-25T22:11:08.2000000,23.61,78.2,101.944
2026-05-25T22:11:09.2410000,23.61,78.28,101.944
2026-05-25T22:11:10.2810000,23.61,78.32,101.944
2026-05-25T22:11:11.3220000,23.61,78.33,101.944
2026-05-25T22:11:12.3740000,23.61,78.41,101.944
2026-05-25T22:11:13.4140000,23.62,78.44,101.944
2026-05-25T22:11:14.4550000,23.62,78.51,101.945
2026-05-25T22:11:15.5590000,23.62,78.57,101.944
2026-05-25T22:11:16.5370000,23.62,78.61,101.944
2026-05-25T22:11:17.5780000,23.62,78.63,101.944
2026-05-25T22:11:18.6290000,23.62,78.68,101.943
2026-05-25T22:11:19.6700000,23.62,78.74,101.943
2026-05-25T22:11:20.7110000,23.62,78.85,101.944
2026-05-25T22:11:21.7510000,23.62,78.95,101.943
2026-05-25T22:11:22.7920000,23.62,79.03,101.943
2026-05-25T22:11:23.8330000,23.62,79.12,101.944
2026-05-25T22:11:24.8840000,23.62,79.15,101.944
2026-05-25T22:11:25.9250000,23.62,79.22,101.944
2026-05-25T22:11:26.9650000,23.62,79.23,101.943
2026-05-25T22:11:28.0060000,23.62,79.32,101.944
2026-05-25T22:11:29.0470000,23.62,79.27,101.944
2026-05-25T22:11:30.1050000,23.62,79.37,101.943
2026-05-25T22:11:31.1350000,23.62,79.39,101.943
2026-05-25T22:11:32.1760000,23.62,79.45,101.943
2026-05-25T22:11:33.2170000,23.62,79.52,101.944
2026-05-25T22:11:34.2680000,23.62,79.58,101.944
2026-05-25T22:11:35.3090000,23.62,79.64,101.944
2026-05-25T22:11:36.3500000,23.62,79.7,101.944
2026-05-25T22:11:37.3900000,23.62,79.78,101.944
2026-05-25T22:11:38.4310000,23.62,79.82,101.943
2026-05-25T22:11:39.4830000,23.62,79.87,101.944
2026-05-25T22:11:40.5230000,23.62,79.89,101.944
2026-05-25T22:11:41.5640000,23.62,79.95,101.945
2026-05-25T22:11:42.6050000,23.62,79.96,101.945
2026-05-25T22:11:43.6770000,23.62,80.06,101.946
2026-05-25T22:11:44.6870000,23.62,80.07,101.946
2026-05-25T22:11:45.7380000,23.62,80.1,101.945
2026-05-25T22:11:46.7790000,23.62,80.15,101.946
2026-05-25T22:11:47.8190000,23.62,80.2,101.946
2026-05-25T22:11:48.8600000,23.62,80.25,101.946
2026-05-25T22:11:49.9010000,23.62,80.29,101.946
2026-05-25T22:11:50.9520000,23.62,80.34,101.945
2026-05-25T22:11:51.9930000,23.62,80.3,101.945
2026-05-25T22:11:53.0340000,23.62,80.33,101.946
2026-05-25T22:11:54.0740000,23.62,80.33,101.946
2026-05-25T22:11:55.1150000,23.62,80.42,101.946
2026-05-25T22:11:56.1560000,23.62,80.48,101.946
2026-05-25T22:11:57.2530000,23.62,80.46,101.946
2026-05-25T22:11:58.2410000,23.62,80.5,101.946
2026-05-25T22:11:59.2920000,23.62,80.55,101.946
2026-05-25T22:12:00.3330000,23.62,80.56,101.945
2026-05-25T22:12:01.3740000,23.62,80.56,101.945
2026-05-25T22:12:02.4150000,23.62,80.56,101.945
2026-05-25T22:12:03.4560000,23.62,80.55,101.946
2026-05-25T22:12:04.4960000,23.62,80.54,101.946
2026-05-25T22:12:05.5480000,23.62,80.55,101.946
2026-05-25T22:12:06.5880000,23.61,80.57,101.945
2026-05-25T22:12:07.6290000,23.61,80.58,101.945
2026-05-25T22:12:08.6700000,23.61,80.62,101.945
2026-05-25T22:12:09.7110000,23.61,80.65,101.945
2026-05-25T22:12:10.7520000,23.62,80.69,101.945
2026-05-25T22:12:11.8030000,23.61,80.68,101.944
2026-05-25T22:12:12.8440000,23.61,80.71,101.944
2026-05-25T22:12:13.8850000,23.62,80.72,101.943
2026-05-25T22:12:14.9250000,23.61,80.74,101.944
2026-05-25T22:12:15.9660000,23.61,80.74,101.944
2026-05-25T22:12:17.0070000,23.61,80.75,101.943
2026-05-25T22:12:18.0580000,23.62,80.78,101.944
2026-05-25T22:12:19.0990000,23.61,80.83,101.944
2026-05-25T22:12:20.1400000,23.62,80.83,101.944
2026-05-25T22:12:21.1810000,23.62,80.84,101.944
2026-05-25T22:12:22.2210000,23.62,80.93,101.945
2026-05-25T22:12:23.2620000,23.62,80.92,101.945
2026-05-25T22:12:24.3140000,23.62,80.97,101.946
2026-05-25T22:12:25.3650000,23.62,80.96,101.946
2026-05-25T22:12:26.3950000,23.61,80.98,101.946
2026-05-25T22:12:27.4360000,23.61,80.99,101.946
2026-05-25T22:12:28.4770000,23.61,81,101.946
2026-05-25T22:12:29.5180000,23.62,81.01,101.947
2026-05-25T22:12:30.5690000,23.61,81.02,101.946
2026-05-25T22:12:31.6100000,23.62,81.04,101.946
2026-05-25T22:12:32.6500000,23.62,81.01,101.945
2026-05-25T22:12:33.6910000,23.62,81.07,101.945
2026-05-25T22:12:34.7320000,23.62,81.05,101.945
2026-05-25T22:12:35.7830000,23.62,81.05,101.946
2026-05-25T22:12:36.8240000,23.61,81.07,101.945
2026-05-25T22:12:37.8650000,23.61,81.06,101.946
2026-05-25T22:12:38.9400000,23.62,81.07,101.947
2026-05-25T22:12:39.9500000,23.61,81.09,101.946
2026-05-25T22:12:40.9900000,23.61,81.1,101.946
2026-05-25T22:12:42.0320000,23.61,81.11,101.946
2026-05-25T22:12:43.0720000,23.61,81.12,101.947
2026-05-25T22:12:44.1240000,23.61,81.13,101.947
2026-05-25T22:12:45.1640000,23.61,81.13,101.947
2026-05-25T22:12:46.2050000,23.61,81.19,101.947
2026-05-25T22:12:47.2460000,23.61,81.12,101.946
2026-05-25T22:12:48.2870000,23.61,81.13,101.946
2026-05-25T22:12:49.3280000,23.61,81.12,101.947
2026-05-25T22:12:50.3790000,23.61,81.12,101.947
2026-05-25T22:12:51.4200000,23.61,81.13,101.947
2026-05-25T22:12:52.5130000,23.61,81.2,101.947
2026-05-25T22:12:53.5020000,23.61,81.22,101.946
2026-05-25T22:12:54.5420000,23.61,81.23,101.946
2026-05-25T22:12:55.5830000,23.61,81.22,101.946
2026-05-25T22:12:56.6350000,23.61,81.22,101.945
2026-05-25T22:12:57.6750000,23.61,81.21,101.946
2026-05-25T22:12:58.7160000,23.61,81.2,101.946
2026-05-25T22:12:59.7570000,23.61,81.2,101.947
2026-05-25T22:13:00.7980000,23.61,81.21,101.947
2026-05-25T22:13:01.8380000,23.61,81.24,101.946
2026-05-25T22:13:02.8900000,23.61,81.2,101.946
2026-05-25T22:13:03.9310000,23.61,81.22,101.947
2026-05-25T22:13:04.9710000,23.61,81.23,101.947
2026-05-25T22:13:06.0120000,23.61,81.26,101.946
2026-05-25T22:13:07.0560000,23.61,81.29,101.947
2026-05-25T22:13:08.0970000,23.62,81.32,101.947
2026-05-25T22:13:09.1380000,23.62,81.33,101.947
2026-05-25T22:13:10.1890000,23.61,81.33,101.945
2026-05-25T22:13:11.2300000,23.61,81.28,101.945
2026-05-25T22:13:12.2710000,23.62,81.31,101.946
2026-05-25T22:13:13.3120000,23.61,81.29,101.945
2026-05-25T22:13:14.3520000,23.61,81.27,101.945
2026-05-25T22:13:15.3930000,23.61,81.28,101.945
2026-05-25T22:13:16.4450000,23.61,81.26,101.943
2026-05-25T22:13:17.4850000,23.61,81.25,101.943
2026-05-25T22:13:18.5260000,23.61,81.23,101.944
2026-05-25T22:13:19.5670000,23.61,81.21,101.944
2026-05-25T22:13:20.6290000,23.61,81.21,101.944
2026-05-25T22:13:21.6490000,23.6,81.16,101.944
2026-05-25T22:13:22.7000000,23.6,81.17,101.944
2026-05-25T22:13:23.7410000,23.6,81.16,101.945
2026-05-25T22:13:24.7820000,23.6,81.16,101.946
2026-05-25T22:13:25.8220000,23.6,81.15,101.946
2026-05-25T22:13:26.8630000,23.6,81.14,101.945
2026-05-25T22:13:27.9040000,23.6,81.1,101.945
2026-05-25T22:13:28.9550000,23.6,81.04,101.945
2026-05-25T22:13:29.9960000,23.6,81.12,101.946
2026-05-25T22:13:31.0370000,23.6,81.01,101.945
2026-05-25T22:13:32.0780000,23.6,81.05,101.947
2026-05-25T22:13:33.1190000,23.6,80.97,101.947
2026-05-25T22:13:34.2020000,23.6,80.96,101.947
2026-05-25T22:13:35.2110000,23.6,80.97,101.947
2026-05-25T22:13:36.2520000,23.6,80.94,101.946
2026-05-25T22:13:37.2920000,23.59,80.93,101.946
2026-05-25T22:13:38.3330000,23.59,80.9,101.947
2026-05-25T22:13:39.3740000,23.59,80.89,101.947
2026-05-25T22:13:40.4150000,23.59,80.88,101.947
2026-05-25T22:13:41.4660000,23.59,80.9,101.947
2026-05-25T22:13:42.5070000,23.59,80.85,101.946
2026-05-25T22:13:43.5480000,23.59,80.8,101.946
2026-05-25T22:13:44.5880000,23.59,80.83,101.946
2026-05-25T22:13:45.6290000,23.59,80.79,101.946
2026-05-25T22:13:46.6800000,23.59,80.79,101.946
2026-05-25T22:13:47.7740000,23.58,80.72,101.947
2026-05-25T22:13:48.7620000,23.58,80.68,101.947
2026-05-25T22:13:49.8020000,23.58,80.66,101.948
2026-05-25T22:13:50.8430000,23.58,80.65,101.947
2026-05-25T22:13:51.8840000,23.58,80.62,101.947
2026-05-25T22:13:52.9350000,23.58,80.6,101.947
2026-05-25T22:13:53.9760000,23.58,80.56,101.947
2026-05-25T22:13:55.0170000,23.58,80.54,101.948
2026-05-25T22:13:56.0580000,23.58,80.54,101.949
2026-05-25T22:13:57.0980000,23.58,80.53,101.949
2026-05-25T22:13:58.1390000,23.58,80.5,101.949
2026-05-25T22:13:59.1900000,23.58,80.45,101.949
2026-05-25T22:14:00.2310000,23.58,80.43,101.947
2026-05-25T22:14:01.2720000,23.58,80.43,101.948
2026-05-25T22:14:02.3160000,23.58,80.38,101.948
2026-05-25T22:14:03.3570000,23.58,80.35,101.948
2026-05-25T22:14:04.3980000,23.58,80.32,101.948
2026-05-25T22:14:05.4390000,23.57,80.29,101.947
2026-05-25T22:14:06.4800000,23.57,80.26,101.948
2026-05-25T22:14:07.5310000,23.57,80.24,101.948
2026-05-25T22:14:08.5720000,23.57,80.21,101.948
2026-05-25T22:14:09.6130000,23.57,80.2,101.948
2026-05-25T22:14:10.6530000,23.57,80.19,101.948
2026-05-25T22:14:11.6940000,23.57,80.16,101.948
2026-05-25T22:14:12.7350000,23.57,80.18,101.948
2026-05-25T22:14:13.7860000,23.57,80.15,101.949
2026-05-25T22:14:14.8270000,23.57,80.13,101.95
2026-05-25T22:14:15.8890000,23.57,80.11,101.949
2026-05-25T22:14:16.9080000,23.57,80.05,101.949
2026-05-25T22:14:17.9490000,23.57,80.02,101.95
2026-05-25T22:14:19.0000000,23.57,80.01,101.949
2026-05-25T22:14:20.0410000,23.56,79.99,101.949
2026-05-25T22:14:21.0820000,23.56,79.95,101.949
2026-05-25T22:14:22.1230000,23.56,79.94,101.949
2026-05-25T22:14:23.1640000,23.56,79.9,101.948
2026-05-25T22:14:24.2050000,23.56,79.9,101.949
2026-05-25T22:14:25.2560000,23.56,79.86,101.949
2026-05-25T22:14:26.2970000,23.56,79.85,101.949
2026-05-25T22:14:27.3380000,23.56,79.85,101.948
2026-05-25T22:14:28.3780000,23.56,79.77,101.948
2026-05-25T22:14:29.4610000,23.56,79.79,101.948
2026-05-25T22:14:30.4710000,23.56,79.78,101.948
2026-05-25T22:14:31.5110000,23.56,79.76,101.948
2026-05-25T22:14:32.5520000,23.56,79.75,101.948
2026-05-25T22:14:33.5930000,23.56,79.73,101.948
2026-05-25T22:14:34.6340000,23.56,79.71,101.948
2026-05-25T22:14:35.6740000,23.56,79.7,101.948
2026-05-25T22:14:36.7250000,23.56,79.65,101.949
2026-05-25T22:14:37.7660000,23.56,79.68,101.948
2026-05-25T22:14:38.8070000,23.56,79.64,101.948
2026-05-25T22:14:39.8480000,23.56,79.63,101.948
2026-05-25T22:14:40.8890000,23.56,79.66,101.949
2026-05-25T22:14:41.9400000,23.56,79.62,101.949
2026-05-25T22:14:43.0370000,23.56,79.55,101.949
2026-05-25T22:14:44.0250000,23.56,79.54,101.95
2026-05-25T22:14:45.0660000,23.56,79.52,101.95
2026-05-25T22:14:46.1070000,23.56,79.51,101.95
2026-05-25T22:14:47.1470000,23.56,79.48,101.949
2026-05-25T22:14:48.1880000,23.56,79.46,101.949
2026-05-25T22:14:49.2400000,23.56,79.42,101.948
2026-05-25T22:14:50.2800000,23.56,79.41,101.949
2026-05-25T22:14:51.3210000,23.56,79.4,101.948
2026-05-25T22:14:52.3620000,23.56,79.37,101.948
2026-05-25T22:14:53.4030000,23.56,79.38,101.947
2026-05-25T22:14:54.4440000,23.56,79.37,101.947
2026-05-25T22:14:55.4950000,23.56,79.34,101.947
2026-05-25T22:14:56.5360000,23.56,79.32,101.948
2026-05-25T22:14:57.5760000,23.56,79.3,101.947
2026-05-25T22:14:58.6170000,23.56,79.29,101.948
2026-05-25T22:14:59.6580000,23.56,79.27,101.948
2026-05-25T22:15:00.7090000,23.56,79.26,101.949
2026-05-25T22:15:01.7500000,23.56,79.24,101.949
2026-05-25T22:15:02.7910000,23.56,79.23,101.949
2026-05-25T22:15:03.8320000,23.56,79.22,101.949
2026-05-25T22:15:04.8720000,23.56,79.23,101.949
2026-05-25T22:15:05.9130000,23.55,79.16,101.949
2026-05-25T22:15:06.9640000,23.55,79.14,101.949
2026-05-25T22:15:08.0050000,23.55,79.13,101.949
2026-05-25T22:15:09.0460000,23.55,79.16,101.949
2026-05-25T22:15:10.0870000,23.55,79.09,101.949
2026-05-25T22:15:11.1520000,23.55,79.09,101.948
2026-05-25T22:15:12.1720000,23.55,79.07,101.948
2026-05-25T22:15:13.2130000,23.55,79.04,101.948
2026-05-25T22:15:14.2540000,23.55,79.03,101.948
2026-05-25T22:15:15.3050000,23.55,79.02,101.948
2026-05-25T22:15:16.3460000,23.55,79,101.947
2026-05-25T22:15:17.3860000,23.55,79,101.947
2026-05-25T22:15:18.4270000,23.55,79,101.947
2026-05-25T22:15:19.4680000,23.55,78.98,101.948
2026-05-25T22:15:20.5200000,23.55,78.96,101.948
2026-05-25T22:15:21.5600000,23.55,78.92,101.947
2026-05-25T22:15:22.6010000,23.55,78.91,101.948
2026-05-25T22:15:23.6420000,23.55,78.89,101.947
2026-05-25T22:15:24.7240000,23.55,78.9,101.947
2026-05-25T22:15:25.7230000,23.55,78.87,101.948
2026-05-25T22:15:26.7740000,23.55,78.86,101.947
2026-05-25T22:15:27.8150000,23.55,78.84,101.947
2026-05-25T22:15:28.8560000,23.55,78.83,101.947
2026-05-25T22:15:29.8970000,23.55,78.82,101.946
2026-05-25T22:15:30.9380000,23.55,78.8,101.947
2026-05-25T22:15:31.9790000,23.55,78.83,101.947
2026-05-25T22:15:33.0300000,23.55,78.8,101.947
2026-05-25T22:15:34.0710000,23.55,78.79,101.946
2026-05-25T22:15:35.1120000,23.55,78.79,101.946
2026-05-25T22:15:36.1520000,23.55,78.76,101.945
2026-05-25T22:15:37.1930000,23.55,78.71,101.944
2026-05-25T22:15:38.2970000,23.55,78.71,101.943
2026-05-25T22:15:39.2850000,23.55,78.7,101.944
2026-05-25T22:15:40.3260000,23.55,78.69,101.943
2026-05-25T22:15:41.3670000,23.55,78.66,101.943
2026-05-25T22:15:42.4080000,23.55,78.66,101.944
2026-05-25T22:15:43.4480000,23.55,78.63,101.945
2026-05-25T22:15:44.4990000,23.55,78.62,101.945
2026-05-25T22:15:45.5400000,23.55,78.61,101.945
2026-05-25T22:15:46.5810000,23.55,78.61,101.946
2026-05-25T22:15:47.6220000,23.55,78.6,101.947
2026-05-25T22:15:48.6620000,23.55,78.58,101.948
2026-05-25T22:15:49.7030000,23.55,78.52,101.948
2026-05-25T22:15:50.7540000,23.55,78.52,101.948
2026-05-25T22:15:51.7950000,23.55,78.53,101.948
2026-05-25T22:15:52.8430000,23.55,78.53,101.946
2026-05-25T22:15:53.8840000,23.55,78.51,101.946
2026-05-25T22:15:54.9250000,23.55,78.5,101.946
2026-05-25T22:15:55.9650000,23.55,78.49,101.946
2026-05-25T22:15:57.0060000,23.55,78.49,101.945
2026-05-25T22:15:58.0470000,23.54,78.48,101.945
2026-05-25T22:15:59.0880000,23.55,78.47,101.945
2026-05-25T22:16:00.1390000,23.55,78.47,101.945
2026-05-25T22:16:01.1800000,23.55,78.48,101.945
2026-05-25T22:16:02.2210000,23.55,78.46,101.945
2026-05-25T22:16:03.2620000,23.55,78.43,101.946
2026-05-25T22:16:04.3030000,23.55,78.44,101.945
2026-05-25T22:16:05.3430000,23.55,78.39,101.946
2026-05-25T22:16:06.4160000,23.54,78.39,101.945
2026-05-25T22:16:07.4360000,23.54,78.37,101.945
2026-05-25T22:16:08.4760000,23.55,78.35,101.945
2026-05-25T22:16:09.5170000,23.54,78.33,101.944
2026-05-25T22:16:10.5580000,23.54,78.33,101.945
2026-05-25T22:16:11.5980000,23.54,78.31,101.946
2026-05-25T22:16:12.6500000,23.54,78.31,101.946
2026-05-25T22:16:13.6900000,23.54,78.3,101.947
2026-05-25T22:16:14.7310000,23.54,78.31,101.946
2026-05-25T22:16:15.7720000,23.54,78.23,101.946
2026-05-25T22:16:16.8130000,23.54,78.21,101.946
2026-05-25T22:16:17.8640000,23.54,78.26,101.946
2026-05-25T22:16:18.9050000,23.54,78.25,101.946
2026-05-25T22:16:19.9910000,23.54,78.22,101.947
2026-05-25T22:16:20.9900000,23.54,78.21,101.947
2026-05-25T22:16:22.0310000,23.54,78.2,101.947
2026-05-25T22:16:23.0710000,23.54,78.19,101.947
2026-05-25T22:16:24.1120000,23.54,78.18,101.947
2026-05-25T22:16:25.1530000,23.55,78.17,101.947
2026-05-25T22:16:26.2040000,23.54,78.16,101.947
2026-05-25T22:16:27.2450000,23.54,78.14,101.947
2026-05-25T22:16:28.2860000,23.54,78.11,101.946
2026-05-25T22:16:29.3270000,23.55,78.12,101.946
2026-05-25T22:16:30.3670000,23.54,78.1,101.946
2026-05-25T22:16:31.4080000,23.54,78.09,101.947
2026-05-25T22:16:32.4590000,23.54,78.08,101.946
2026-05-25T22:16:33.5630000,23.54,78.1,101.946
2026-05-25T22:16:34.5410000,23.54,78.05,101.947
2026-05-25T22:16:35.5820000,23.54,78.05,101.946
2026-05-25T22:16:36.6220000,23.54,78.05,101.946
2026-05-25T22:16:37.6740000,23.54,78.04,101.946
2026-05-25T22:16:38.7150000,23.54,78.04,101.946
2026-05-25T22:16:39.7560000,23.54,78.01,101.946
2026-05-25T22:16:40.7960000,23.54,78,101.946
2026-05-25T22:16:41.8370000,23.54,78,101.946
2026-05-25T22:16:42.8780000,23.54,77.99,101.946
2026-05-25T22:16:43.9290000,23.54,77.99,101.946
2026-05-25T22:16:44.9700000,23.54,77.96,101.946
2026-05-25T22:16:46.0110000,23.54,77.93,101.946
2026-05-25T22:16:47.0520000,23.54,77.92,101.946
2026-05-25T22:16:48.1100000,23.54,77.93,101.946
2026-05-25T22:16:49.1400000,23.54,77.91,101.946
2026-05-25T22:16:50.1810000,23.54,77.9,101.945
2026-05-25T22:16:51.2220000,23.54,77.88,101.946
2026-05-25T22:16:52.2630000,23.54,77.87,101.945
2026-05-25T22:16:53.3140000,23.54,77.87,101.945
2026-05-25T22:16:54.3550000,23.54,77.87,101.945
2026-05-25T22:16:55.3950000,23.54,77.85,101.946
2026-05-25T22:16:56.4360000,23.54,77.9,101.946
2026-05-25T22:16:57.4770000,23.54,77.83,101.946
2026-05-25T22:16:58.5280000,23.54,77.83,101.946
2026-05-25T22:16:59.5690000,23.54,77.81,101.945
2026-05-25T22:17:00.6090000,23.54,77.79,101.946
2026-05-25T22:17:01.6810000,23.54,77.79,101.945
2026-05-25T22:17:02.6910000,23.54,77.78,101.945
2026-05-25T22:17:03.7420000,23.54,77.79,101.945
2026-05-25T22:17:04.7830000,23.54,77.78,101.945
2026-05-25T22:17:05.8230000,23.54,77.77,101.945
2026-05-25T22:17:06.8640000,23.54,77.75,101.945
2026-05-25T22:17:07.9050000,23.54,77.74,101.944
2026-05-25T22:17:08.9460000,23.54,77.75,101.945
2026-05-25T22:17:09.9970000,23.54,77.73,101.944
2026-05-25T22:17:11.0380000,23.54,77.72,101.945
2026-05-25T22:17:12.0790000,23.54,77.7,101.945
2026-05-25T22:17:13.1200000,23.54,77.72,101.945
2026-05-25T22:17:14.1610000,23.54,77.68,101.946
2026-05-25T22:17:15.2570000,23.54,77.68,101.944
2026-05-25T22:17:16.2460000,23.54,77.66,101.945
2026-05-25T22:17:17.2970000,23.54,77.63,101.945
2026-05-25T22:17:18.3380000,23.54,77.62,101.945
2026-05-25T22:17:19.3780000,23.54,77.61,101.945
2026-05-25T22:17:20.4190000,23.54,77.6,101.945
2026-05-25T22:17:21.4600000,23.54,77.6,101.945
2026-05-25T22:17:22.5010000,23.54,77.59,101.945
2026-05-25T22:17:23.5520000,23.54,77.59,101.945
2026-05-25T22:17:24.5930000,23.54,77.57,101.946
2026-05-25T22:17:25.6330000,23.54,77.55,101.945
2026-05-25T22:17:26.6740000,23.54,77.61,101.946
2026-05-25T22:17:27.7150000,23.54,77.55,101.945
2026-05-25T22:17:28.8330000,23.54,77.55,101.944
2026-05-25T22:17:29.8000000,23.54,77.56,101.945
2026-05-25T22:17:30.8510000,23.54,77.54,101.945
2026-05-25T22:17:31.8920000,23.54,77.53,101.944
2026-05-25T22:17:32.9330000,23.54,77.51,101.943
2026-05-25T22:17:33.9740000,23.54,77.52,101.944
2026-05-25T22:17:35.0150000,23.54,77.49,101.944
2026-05-25T22:17:36.0550000,23.54,77.48,101.944
2026-05-25T22:17:37.1070000,23.54,77.43,101.944
2026-05-25T22:17:38.1480000,23.54,77.48,101.943
2026-05-25T22:17:39.1880000,23.54,77.43,101.942
2026-05-25T22:17:40.2290000,23.54,77.45,101.942
2026-05-25T22:17:41.2700000,23.54,77.43,101.942
2026-05-25T22:17:42.3110000,23.54,77.47,101.942
2026-05-25T22:17:43.3760000,23.54,77.41,101.943
2026-05-25T22:17:44.3960000,23.54,77.42,101.943
2026-05-25T22:17:45.4470000,23.54,77.43,101.943
2026-05-25T22:17:46.4880000,23.54,77.42,101.942
2026-05-25T22:17:47.5290000,23.54,77.41,101.942
2026-05-25T22:17:48.5690000,23.54,77.4,101.943
2026-05-25T22:17:49.6100000,23.54,77.41,101.943
2026-05-25T22:17:50.6610000,23.54,77.44,101.943
2026-05-25T22:17:51.7020000,23.54,77.41,101.942
2026-05-25T22:17:52.7430000,23.54,77.4,101.943
2026-05-25T22:17:53.7840000,23.54,77.37,101.943
2026-05-25T22:17:54.8250000,23.54,77.41,101.943
2026-05-25T22:17:55.8760000,23.54,77.4,101.941
2026-05-25T22:17:56.9520000,23.54,77.37,101.941
2026-05-25T22:17:57.9610000,23.54,77.34,101.941
2026-05-25T22:17:59.0020000,23.54,77.33,101.941
2026-05-25T22:18:00.0430000,23.54,77.32,101.941
2026-05-25T22:18:01.0830000,23.54,77.31,101.94
2026-05-25T22:18:02.1240000,23.54,77.29,101.941
2026-05-25T22:18:03.1650000,23.54,77.28,101.941
2026-05-25T22:18:04.2160000,23.54,77.33,101.941
2026-05-25T22:18:05.2570000,23.54,77.28,101.941
2026-05-25T22:18:06.2980000,23.54,77.21,101.941
2026-05-25T22:18:07.3380000,23.54,77.25,101.94
2026-05-25T22:18:08.3790000,23.54,77.23,101.94
2026-05-25T22:18:09.4300000,23.54,77.2,101.94
2026-05-25T22:18:10.5270000,23.54,77.21,101.941
2026-05-25T22:18:11.5150000,23.54,77.2,101.941
2026-05-25T22:18:12.5560000,23.54,77.19,101.941
2026-05-25T22:18:13.5970000,23.54,77.18,101.939
2026-05-25T22:18:14.6380000,23.54,77.18,101.939
2026-05-25T22:18:15.6780000,23.54,77.16,101.94
2026-05-25T22:18:16.7300000,23.54,77.15,101.94
2026-05-25T22:18:17.7700000,23.54,77.12,101.94
2026-05-25T22:18:18.8110000,23.54,77.14,101.94
2026-05-25T22:18:19.8520000,23.54,77.11,101.941
2026-05-25T22:18:20.8930000,23.54,77.09,101.941
2026-05-25T22:18:21.9330000,23.54,77.06,101.941
2026-05-25T22:18:22.9850000,23.54,77.02,101.94
2026-05-25T22:18:24.0250000,23.54,77.04,101.94
2026-05-25T22:18:25.0700000,23.54,77.05,101.941
2026-05-25T22:18:26.1110000,23.54,77.03,101.941
2026-05-25T22:18:27.1510000,23.54,77.02,101.941
2026-05-25T22:18:28.1920000,23.54,77,101.941
2026-05-25T22:18:29.2330000,23.54,77.01,101.941
2026-05-25T22:18:30.2840000,23.54,77,101.94
2026-05-25T22:18:31.3240000,23.54,76.99,101.94
2026-05-25T22:18:32.3650000,23.54,77,101.94
2026-05-25T22:18:33.4060000,23.54,76.99,101.941
2026-05-25T22:18:34.4470000,23.54,76.92,101.941
2026-05-25T22:18:35.4870000,23.54,76.94,101.941
2026-05-25T22:18:36.5390000,23.54,77,101.941
2026-05-25T22:18:37.5790000,23.54,76.94,101.94
2026-05-25T22:18:38.6410000,23.54,76.92,101.939
2026-05-25T22:18:39.6610000,23.54,76.93,101.94
2026-05-25T22:18:40.7020000,23.54,76.91,101.941
2026-05-25T22:18:41.7430000,23.54,76.91,101.941
2026-05-25T22:18:42.7940000,23.54,76.9,101.941
2026-05-25T22:18:43.8350000,23.54,76.9,101.94
2026-05-25T22:18:44.8750000,23.54,76.89,101.94
2026-05-25T22:18:45.9160000,23.54,76.92,101.94
2026-05-25T22:18:46.9570000,23.54,76.87,101.94
2026-05-25T22:18:48.0080000,23.54,76.89,101.94
2026-05-25T22:18:49.0490000,23.54,76.83,101.941
2026-05-25T22:18:50.0900000,23.54,76.83,101.94
2026-05-25T22:18:51.1310000,23.54,76.86,101.941
2026-05-25T22:18:52.2170000,23.54,76.83,101.939
2026-05-25T22:18:53.2160000,23.54,76.82,101.939
2026-05-25T22:18:54.2570000,23.54,76.83,101.94
2026-05-25T22:18:55.2970000,23.54,76.83,101.939
2026-05-25T22:18:56.3490000,23.54,76.82,101.94
2026-05-25T22:18:57.3890000,23.54,76.83,101.94
2026-05-25T22:18:58.4300000,23.54,76.82,101.94
2026-05-25T22:18:59.4710000,23.55,76.83,101.94
2026-05-25T22:19:00.5110000,23.55,76.8,101.94
2026-05-25T22:19:01.5630000,23.55,76.79,101.941
2026-05-25T22:19:02.6030000,23.55,76.78,101.94
2026-05-25T22:19:03.6440000,23.55,76.74,101.94
2026-05-25T22:19:04.6850000,23.55,76.78,101.94
2026-05-25T22:19:05.7890000,23.55,76.75,101.94
2026-05-25T22:19:06.7670000,23.55,76.73,101.94
2026-05-25T22:19:07.8180000,23.55,76.73,101.94
2026-05-25T22:19:08.8590000,23.55,76.7,101.94
2026-05-25T22:19:09.9000000,23.55,76.7,101.941
2026-05-25T22:19:10.9400000,23.55,76.69,101.942
2026-05-25T22:19:11.9810000,23.55,76.68,101.942
2026-05-25T22:19:13.0220000,23.55,76.68,101.942
2026-05-25T22:19:14.0730000,23.55,76.67,101.942
2026-05-25T22:19:15.1140000,23.55,76.67,101.942
2026-05-25T22:19:16.1550000,23.55,76.66,101.942
2026-05-25T22:19:17.1950000,23.55,76.66,101.942
2026-05-25T22:19:18.2360000,23.55,76.64,101.941
2026-05-25T22:19:19.2870000,23.55,76.67,101.941
2026-05-25T22:19:20.3350000,23.55,76.63,101.939
2026-05-25T22:19:21.3650000,23.55,76.64,101.94
2026-05-25T22:19:22.4060000,23.55,76.62,101.94
2026-05-25T22:19:23.4570000,23.55,76.61,101.94
2026-05-25T22:19:24.4980000,23.55,76.61,101.939
2026-05-25T22:19:25.5390000,23.55,76.61,101.939
2026-05-25T22:19:26.5800000,23.55,76.6,101.939
2026-05-25T22:19:27.6200000,23.55,76.64,101.94
2026-05-25T22:19:28.6610000,23.55,76.57,101.941
2026-05-25T22:19:29.7120000,23.55,76.61,101.941
2026-05-25T22:19:30.7530000,23.55,76.56,101.94
2026-05-25T22:19:31.7940000,23.55,76.57,101.94
2026-05-25T22:19:32.8350000,23.55,76.53,101.939
2026-05-25T22:19:33.9070000,23.55,76.54,101.94
2026-05-25T22:19:34.9270000,23.55,76.55,101.94
2026-05-25T22:19:35.9680000,23.55,76.54,101.94
2026-05-25T22:19:37.0080000,23.55,76.53,101.94
2026-05-25T22:19:38.0490000,23.55,76.52,101.94
2026-05-25T22:19:39.0900000,23.55,76.52,101.939
2026-05-25T22:19:40.1310000,23.55,76.51,101.939
2026-05-25T22:19:41.1820000,23.55,76.53,101.938
2026-05-25T22:19:42.2230000,23.55,76.5,101.94
2026-05-25T22:19:43.2640000,23.55,76.45,101.94
2026-05-25T22:19:45.3450000,23.55,76.49,101.941
2026-05-25T22:19:46.3860000,23.55,76.49,101.94
2026-05-25T22:19:47.4830000,23.55,76.45,101.941
2026-05-25T22:19:48.4710000,23.55,76.43,101.941
2026-05-25T22:19:49.5230000,23.55,76.43,101.941
2026-05-25T22:19:50.5630000,23.55,76.42,101.941
2026-05-25T22:19:51.6040000,23.55,76.41,101.941
2026-05-25T22:19:52.6450000,23.55,76.4,101.941
2026-05-25T22:19:53.6860000,23.55,76.41,101.941
2026-05-25T22:19:54.7370000,23.55,76.4,101.942
2026-05-25T22:19:55.7780000,23.55,76.39,101.941
2026-05-25T22:19:56.8190000,23.55,76.38,101.941
2026-05-25T22:19:57.8590000,23.55,76.4,101.942
2026-05-25T22:19:58.9000000,23.56,76.41,101.942
2026-05-25T22:19:59.9410000,23.55,76.4,101.942
2026-05-25T22:20:01.0590000,23.55,76.37,101.942
2026-05-25T22:20:02.0260000,23.55,76.36,101.941
2026-05-25T22:20:03.0780000,23.56,76.35,101.942
2026-05-25T22:20:04.1180000,23.55,76.34,101.942
2026-05-25T22:20:05.1590000,23.55,76.34,101.941
2026-05-25T22:20:06.2000000,23.55,76.33,101.942
2026-05-25T22:20:07.2400000,23.56,76.32,101.942
2026-05-25T22:20:08.2810000,23.56,76.3,101.942
2026-05-25T22:20:09.3320000,23.56,76.32,101.942
2026-05-25T22:20:10.3730000,23.56,76.32,101.942
2026-05-25T22:20:11.4140000,23.56,76.28,101.941
2026-05-25T22:20:12.4570000,23.56,76.26,101.942
2026-05-25T22:20:13.4980000,23.56,76.26,101.942
2026-05-25T22:20:14.5390000,23.56,76.33,101.942
2026-05-25T22:20:15.6040000,23.56,76.26,101.942
2026-05-25T22:20:16.6240000,23.56,76.26,101.942
2026-05-25T22:20:17.6750000,23.56,76.26,101.942
2026-05-25T22:20:18.7160000,23.56,76.26,101.942
2026-05-25T22:20:20.7970000,23.56,76.23,101.943
2026-05-25T22:20:21.8380000,23.56,76.21,101.942
2026-05-25T22:20:22.8790000,23.56,76.24,101.942
2026-05-25T22:20:23.9300000,23.56,76.2,101.942
2026-05-25T22:20:24.9710000,23.56,76.16,101.941
2026-05-25T22:20:26.0110000,23.56,76.16,101.94
2026-05-25T22:20:27.0520000,23.56,76.13,101.939
2026-05-25T22:20:28.0930000,23.56,76.17,101.939
2026-05-25T22:20:29.1790000,23.56,76.12,101.939
2026-05-25T22:20:30.1780000,23.56,76.12,101.939
2026-05-25T22:20:31.2290000,23.56,76.12,101.94
2026-05-25T22:20:32.2700000,23.56,76.12,101.941
2026-05-25T22:20:33.3110000,23.56,76.12,101.941
2026-05-25T22:20:34.3510000,23.56,76.11,101.942
2026-05-25T22:20:35.3920000,23.56,76.12,101.942
2026-05-25T22:20:36.4330000,23.56,76.11,101.942
2026-05-25T22:20:37.4840000,23.56,76.1,101.942
2026-05-25T22:20:38.5250000,23.56,76.09,101.941
2026-05-25T22:20:39.5660000,23.56,76.09,101.941
2026-05-25T22:20:40.6070000,23.56,76.08,101.941
2026-05-25T22:20:41.6470000,23.56,76.13,101.941
2026-05-25T22:20:42.7540000,23.56,76.09,101.941
2026-05-25T22:20:43.7320000,23.56,76.05,101.942
2026-05-25T22:20:44.7840000,23.56,76.05,101.943
2026-05-25T22:20:45.8240000,23.56,76.05,101.944
2026-05-25T22:20:46.8650000,23.56,76.03,101.943
2026-05-25T22:20:47.9060000,23.56,76.02,101.943
2026-05-25T22:20:48.9470000,23.56,76.02,101.943
2026-05-25T22:20:49.9870000,23.56,76.01,101.942
2026-05-25T22:20:51.0390000,23.56,76.01,101.942
2026-05-25T22:20:52.0800000,23.56,76.01,101.942
2026-05-25T22:20:53.1200000,23.56,76,101.943
2026-05-25T22:20:54.1610000,23.56,76,101.943
2026-05-25T22:20:55.2020000,23.57,75.94,101.942
2026-05-25T22:20:56.2430000,23.56,75.99,101.942
2026-05-25T22:20:57.3010000,23.56,75.97,101.942
2026-05-25T22:20:58.3310000,23.56,75.98,101.942
2026-05-25T22:20:59.3720000,23.56,75.96,101.942
2026-05-25T22:21:00.4130000,23.56,75.95,101.941
2026-05-25T22:21:01.4640000,23.56,75.96,101.942
2026-05-25T22:21:02.5050000,23.56,75.94,101.942
2026-05-25T22:21:03.5460000,23.56,75.94,101.941
2026-05-25T22:21:04.5870000,23.56,75.89,101.941
2026-05-25T22:21:05.6270000,23.56,75.94,101.942
2026-05-25T22:21:06.6790000,23.56,75.88,101.942
2026-05-25T22:21:07.7200000,23.56,75.89,101.942
2026-05-25T22:21:08.7600000,23.56,75.87,101.942
2026-05-25T22:21:09.8010000,23.56,75.91,101.943
2026-05-25T22:21:10.8770000,23.56,75.84,101.943
2026-05-25T22:21:11.8860000,23.56,75.86,101.942
2026-05-25T22:21:12.9270000,23.56,75.85,101.942
2026-05-25T22:21:13.9680000,23.56,75.84,101.942
2026-05-25T22:21:15.0190000,23.56,75.83,101.942
2026-05-25T22:21:16.0600000,23.56,75.83,101.942
2026-05-25T22:21:17.1000000,23.57,75.81,101.942
2026-05-25T22:21:18.1410000,23.57,75.81,101.942
2026-05-25T22:21:19.1820000,23.57,75.81,101.941
2026-05-25T22:21:20.2330000,23.57,75.78,101.941
2026-05-25T22:21:21.2740000,23.57,75.81,101.941
2026-05-25T22:21:22.3150000,23.57,75.73,101.941
2026-05-25T22:21:23.3560000,23.56,75.81,101.94
2026-05-25T22:21:24.4530000,23.56,75.76,101.941
2026-05-25T22:21:25.4410000,23.56,75.78,101.942
2026-05-25T22:21:26.4820000,23.56,75.75,101.942
2026-05-25T22:21:27.5230000,23.56,75.76,101.942
2026-05-25T22:21:28.5740000,23.56,75.74,101.942
2026-05-25T22:21:29.6150000,23.56,75.74,101.942
2026-05-25T22:21:30.6560000,23.56,75.73,101.942
2026-05-25T22:21:31.6970000,23.56,75.73,101.942
2026-05-25T22:21:32.7370000,23.56,75.71,101.941
2026-05-25T22:21:33.7890000,23.56,75.73,101.941
2026-05-25T22:21:34.8290000,23.56,75.72,101.941
2026-05-25T22:21:35.8700000,23.57,75.72,101.941
2026-05-25T22:21:36.9110000,23.57,75.72,101.941
2026-05-25T22:21:37.9520000,23.57,75.66,101.94
2026-05-25T22:21:38.9990000,23.57,75.7,101.94
2026-05-25T22:21:40.0400000,23.57,75.69,101.941
2026-05-25T22:21:41.0810000,23.57,75.68,101.942
2026-05-25T22:21:42.1220000,23.57,75.69,101.942
2026-05-25T22:21:43.1730000,23.57,75.69,101.942
2026-05-25T22:21:44.2140000,23.57,75.69,101.942
2026-05-25T22:21:45.2550000,23.57,75.7,101.941
2026-05-25T22:21:46.2950000,23.57,75.65,101.941
2026-05-25T22:21:47.3360000,23.57,75.7,101.942
2026-05-25T22:21:48.3770000,23.57,75.71,101.941
2026-05-25T22:21:49.4280000,23.57,75.68,101.941
2026-05-25T22:21:50.4690000,23.57,75.69,101.942
2026-05-25T22:21:51.5100000,23.57,75.75,101.943
2026-05-25T22:21:52.5750000,23.57,75.69,101.942
2026-05-25T22:21:53.5950000,23.57,75.68,101.941
2026-05-25T22:21:54.6360000,23.57,75.66,101.941
2026-05-25T22:21:55.6760000,23.57,75.66,101.94
2026-05-25T22:21:56.7280000,23.57,75.66,101.94
2026-05-25T22:21:57.7680000,23.57,75.65,101.939
2026-05-25T22:21:58.8090000,23.57,75.66,101.939
2026-05-25T22:21:59.8500000,23.57,75.66,101.94
2026-05-25T22:22:00.8910000,23.57,75.65,101.94
2026-05-25T22:22:01.9310000,23.57,75.63,101.939
2026-05-25T22:22:02.9830000,23.57,75.63,101.939
2026-05-25T22:22:04.0230000,23.57,75.63,101.94
2026-05-25T22:22:05.0640000,23.58,75.61,101.941
2026-05-25T22:22:06.1500000,23.58,75.58,101.941
2026-05-25T22:22:07.1490000,23.58,75.63,101.941
2026-05-25T22:22:08.1900000,23.58,75.61,101.94
2026-05-25T22:22:09.2300000,23.58,75.63,101.94
2026-05-25T22:22:10.2820000,23.58,75.61,101.94
2026-05-25T22:22:11.3220000,23.58,75.6,101.94
2026-05-25T22:22:12.3630000,23.57,75.61,101.938
2026-05-25T22:22:14.4450000,23.58,75.6,101.938
2026-05-25T22:22:15.4960000,23.58,75.58,101.938
2026-05-25T22:22:16.5370000,23.58,75.59,101.938
2026-05-25T22:22:17.5780000,23.58,75.61,101.938
2026-05-25T22:22:18.6180000,23.58,75.61,101.938
2026-05-25T22:22:19.7260000,23.58,75.57,101.937
2026-05-25T22:22:20.7040000,23.58,75.6,101.938
2026-05-25T22:22:21.7440000,23.58,75.61,101.939
2026-05-25T22:22:22.7960000,23.58,75.6,101.94
2026-05-25T22:22:23.8360000,23.58,75.6,101.94
2026-05-25T22:22:24.8770000,23.58,75.59,101.94
2026-05-25T22:22:25.9180000,23.58,75.59,101.94
2026-05-25T22:22:26.9580000,23.58,75.6,101.94
2026-05-25T22:22:27.9990000,23.58,75.61,101.94
2026-05-25T22:22:29.0500000,23.58,75.63,101.94
2026-05-25T22:22:30.0910000,23.58,75.67,101.94
2026-05-25T22:22:31.1320000,23.58,75.65,101.94
2026-05-25T22:22:32.1730000,23.58,75.61,101.939
2026-05-25T22:22:33.2140000,23.58,75.66,101.939
2026-05-25T22:22:34.2720000,23.58,75.64,101.939
2026-05-25T22:22:35.3020000,23.58,75.64,101.938
2026-05-25T22:22:36.3430000,23.58,75.66,101.938
2026-05-25T22:22:37.3840000,23.58,75.68,101.938
2026-05-25T22:22:38.4350000,23.58,75.68,101.938
2026-05-25T22:22:39.4760000,23.58,75.7,101.937
2026-05-25T22:22:40.5160000,23.58,75.72,101.937
2026-05-25T22:22:41.5570000,23.58,75.76,101.937
2026-05-25T22:22:42.5980000,23.58,75.76,101.937
2026-05-25T22:22:43.6490000,23.59,75.82,101.938
2026-05-25T22:22:44.6900000,23.59,75.85,101.937
2026-05-25T22:22:45.7310000,23.59,75.89,101.938
2026-05-25T22:22:46.7720000,23.59,75.99,101.937
2026-05-25T22:22:47.8440000,23.59,76.07,101.938
2026-05-25T22:22:48.8530000,23.59,76.15,101.938
2026-05-25T22:22:49.9050000,23.59,76.22,101.938
2026-05-25T22:22:50.9450000,23.59,76.26,101.937
2026-05-25T22:22:51.9860000,23.6,76.3,101.937
2026-05-25T22:22:53.0270000,23.6,76.37,101.938
2026-05-25T22:22:54.0670000,23.6,76.42,101.937
2026-05-25T22:22:55.1190000,23.6,76.43,101.937
2026-05-25T22:22:56.1590000,23.6,76.52,101.937
2026-05-25T22:22:57.2000000,23.6,76.52,101.937
2026-05-25T22:22:58.2410000,23.6,76.52,101.937
2026-05-25T22:22:59.2820000,23.6,76.55,101.937
2026-05-25T22:23:00.3330000,23.6,76.59,101.937
2026-05-25T22:23:01.4190000,23.6,76.66,101.937
2026-05-25T22:23:02.4180000,23.6,76.69,101.938
2026-05-25T22:23:03.4590000,23.6,76.72,101.938
2026-05-25T22:23:04.5000000,23.6,76.79,101.938
2026-05-25T22:23:05.5400000,23.6,76.84,101.937
2026-05-25T22:23:06.5810000,23.6,76.91,101.938
2026-05-25T22:23:07.6320000,23.6,76.94,101.939
2026-05-25T22:23:08.6730000,23.6,76.96,101.938
2026-05-25T22:23:09.7140000,23.6,77,101.938
2026-05-25T22:23:10.7550000,23.6,77.02,101.938
2026-05-25T22:23:11.7960000,23.61,77.11,101.938
2026-05-25T22:23:12.8360000,23.61,77.17,101.937
2026-05-25T22:23:13.8880000,23.61,77.22,101.937
2026-05-25T22:23:14.9950000,23.61,77.39,101.936
2026-05-25T22:23:15.9720000,23.61,77.46,101.937
2026-05-25T22:23:17.0130000,23.61,77.55,101.936
2026-05-25T22:23:18.0540000,23.61,77.62,101.936
2026-05-25T22:23:19.0950000,23.62,77.69,101.937
2026-05-25T22:23:20.1360000,23.62,77.75,101.937
2026-05-25T22:23:21.1870000,23.62,77.81,101.937
2026-05-25T22:23:22.2280000,23.62,77.87,101.937
2026-05-25T22:23:23.2690000,23.62,77.91,101.937
2026-05-25T22:23:24.3100000,23.62,78,101.937
2026-05-25T22:23:25.3500000,23.62,78.03,101.937
2026-05-25T22:23:26.3910000,23.62,78.08,101.937
2026-05-25T22:23:27.4430000,23.62,78.14,101.937
2026-05-25T22:23:28.4830000,23.62,78.23,101.937
2026-05-25T22:23:29.5350000,23.62,78.31,101.938
2026-05-25T22:23:30.5650000,23.62,78.36,101.938
2026-05-25T22:23:31.6060000,23.62,78.44,101.937
2026-05-25T22:23:32.6570000,23.63,78.5,101.938
2026-05-25T22:23:33.6980000,23.62,78.56,101.937
2026-05-25T22:23:34.7390000,23.63,78.64,101.938
2026-05-25T22:23:35.7790000,23.63,78.7,101.939
2026-05-25T22:23:36.8200000,23.63,78.78,101.939
2026-05-25T22:23:37.8610000,23.63,78.77,101.939
2026-05-25T22:23:38.9120000,23.63,78.82,101.939
2026-05-25T22:23:39.9530000,23.63,78.84,101.939
2026-05-25T22:23:40.9940000,23.63,78.91,101.939
2026-05-25T22:23:42.0340000,23.63,78.85,101.939
2026-05-25T22:23:43.1100000,23.62,78.88,101.938
2026-05-25T22:23:44.1190000,23.63,78.98,101.938
2026-05-25T22:23:45.1600000,23.63,79.08,101.938
2026-05-25T22:23:46.2110000,23.63,79.17,101.938
2026-05-25T22:23:47.2520000,23.63,79.25,101.937
2026-05-25T22:23:48.2930000,23.63,79.33,101.938
2026-05-25T22:23:49.3340000,23.63,79.38,101.937
2026-05-25T22:23:50.3750000,23.63,79.48,101.937
2026-05-25T22:23:51.4150000,23.63,79.5,101.938
2026-05-25T22:23:52.4670000,23.63,79.54,101.938
2026-05-25T22:23:53.5070000,23.63,79.59,101.937
2026-05-25T22:23:54.5480000,23.63,79.63,101.937
2026-05-25T22:23:55.5890000,23.63,79.65,101.938
2026-05-25T22:23:56.6820000,23.63,79.86,101.938
2026-05-25T22:23:57.6810000,23.63,79.9,101.938
2026-05-25T22:23:58.7220000,23.63,79.99,101.938
2026-05-25T22:23:59.7630000,23.63,80.06,101.938
2026-05-25T22:24:00.8030000,23.63,80.15,101.938
2026-05-25T22:24:01.8440000,23.63,80.23,101.938
2026-05-25T22:24:02.8850000,23.63,80.28,101.938
2026-05-25T22:24:03.9360000,23.63,80.38,101.939
2026-05-25T22:24:04.9770000,23.63,80.42,101.939
2026-05-25T22:24:06.0180000,23.63,80.5,101.939
2026-05-25T22:24:07.0590000,23.63,80.59,101.939
2026-05-25T22:24:08.0990000,23.63,80.57,101.938
2026-05-25T22:24:09.1500000,23.63,80.66,101.938
2026-05-25T22:24:10.2540000,23.63,80.78,101.938
2026-05-25T22:24:11.2320000,23.63,80.79,101.939
2026-05-25T22:24:12.2730000,23.62,80.81,101.939
2026-05-25T22:24:13.3140000,23.62,80.82,101.939
2026-05-25T22:24:14.3550000,23.62,80.88,101.939
2026-05-25T22:24:15.4060000,23.62,80.9,101.939
2026-05-25T22:24:16.4470000,23.62,80.92,101.94
2026-05-25T22:24:17.4880000,23.62,80.94,101.94
2026-05-25T22:24:18.5290000,23.62,80.96,101.94
2026-05-25T22:24:19.5700000,23.62,80.95,101.94
2026-05-25T22:24:20.6110000,23.62,80.95,101.94
2026-05-25T22:24:21.6620000,23.62,80.97,101.939
2026-05-25T22:24:22.7030000,23.62,80.99,101.94
2026-05-25T22:24:23.7430000,23.62,80.98,101.939
2026-05-25T22:24:24.7940000,23.62,81.04,101.938
2026-05-25T22:24:25.8250000,23.62,81.09,101.939
2026-05-25T22:24:26.8760000,23.62,81.11,101.939
2026-05-25T22:24:27.9170000,23.62,81.11,101.939
2026-05-25T22:24:28.9570000,23.62,81.12,101.94
2026-05-25T22:24:29.9980000,23.62,81.15,101.94
2026-05-25T22:24:31.0390000,23.62,81.19,101.94
2026-05-25T22:24:32.0900000,23.62,81.21,101.94
2026-05-25T22:24:33.1310000,23.62,81.24,101.941
2026-05-25T22:24:34.1720000,23.62,81.28,101.94
2026-05-25T22:24:35.2120000,23.62,81.27,101.94
2026-05-25T22:24:36.2530000,23.62,81.29,101.94
2026-05-25T22:24:37.2940000,23.62,81.35,101.94
2026-05-25T22:24:38.3660000,23.62,81.33,101.94
2026-05-25T22:24:39.3860000,23.61,81.34,101.939
2026-05-25T22:24:40.4270000,23.62,81.35,101.94
2026-05-25T22:24:41.4680000,23.61,81.34,101.939
2026-05-25T22:24:42.5090000,23.62,81.36,101.94
2026-05-25T22:24:43.5600000,23.61,81.37,101.94
2026-05-25T22:24:44.6010000,23.61,81.37,101.94
2026-05-25T22:24:45.6420000,23.61,81.37,101.94
2026-05-25T22:24:46.6820000,23.61,81.37,101.939
2026-05-25T22:24:47.7230000,23.61,81.37,101.939
2026-05-25T22:24:48.7640000,23.61,81.37,101.94
2026-05-25T22:24:49.8150000,23.61,81.42,101.939
2026-05-25T22:24:50.8550000,23.61,81.41,101.939
2026-05-25T22:24:51.9420000,23.62,81.46,101.939
2026-05-25T22:24:52.9410000,23.62,81.5,101.939
2026-05-25T22:24:53.9810000,23.62,81.5,101.939
2026-05-25T22:24:55.0220000,23.62,81.51,101.939
2026-05-25T22:24:56.0630000,23.62,81.51,101.94
2026-05-25T22:24:57.1150000,23.62,81.52,101.94
2026-05-25T22:24:58.1550000,23.62,81.52,101.94
2026-05-25T22:24:59.1960000,23.62,81.56,101.94
2026-05-25T22:25:00.2370000,23.62,81.58,101.94
2026-05-25T22:25:01.2780000,23.62,81.6,101.941
2026-05-25T22:25:02.3190000,23.62,81.68,101.942
2026-05-25T22:25:04.4110000,23.62,81.63,101.942
2026-05-25T22:25:05.5150000,23.62,81.61,101.941
2026-05-25T22:25:06.4920000,23.62,81.6,101.941
2026-05-25T22:25:07.5330000,23.62,81.59,101.941
2026-05-25T22:25:08.5840000,23.61,81.58,101.94
2026-05-25T22:25:09.6250000,23.61,81.6,101.941
2026-05-25T22:25:10.6660000,23.61,81.62,101.941
2026-05-25T22:25:11.7070000,23.61,81.63,101.941
2026-05-25T22:25:12.7470000,23.61,81.62,101.941
2026-05-25T22:25:13.7990000,23.61,81.56,101.941
2026-05-25T22:25:14.8390000,23.61,81.6,101.941
2026-05-25T22:25:15.8800000,23.61,81.6,101.941
2026-05-25T22:25:16.9210000,23.61,81.54,101.941
2026-05-25T22:25:17.9610000,23.61,81.61,101.941
2026-05-25T22:25:19.0130000,23.61,81.6,101.941
2026-05-25T22:25:20.0570000,23.61,81.63,101.941
2026-05-25T22:25:21.0980000,23.61,81.63,101.941
2026-05-25T22:25:22.1390000,23.61,81.63,101.941
2026-05-25T22:25:23.1800000,23.61,81.66,101.941
2026-05-25T22:25:24.2200000,23.61,81.64,101.941
2026-05-25T22:25:25.2610000,23.61,81.65,101.941
2026-05-25T22:25:26.3020000,23.61,81.64,101.94
2026-05-25T22:25:27.3530000,23.61,81.62,101.94
2026-05-25T22:25:28.3940000,23.61,81.6,101.94
2026-05-25T22:25:29.4350000,23.61,81.63,101.94
2026-05-25T22:25:30.4760000,23.61,81.64,101.94
2026-05-25T22:25:31.5170000,23.61,81.64,101.94
2026-05-25T22:25:32.5680000,23.61,81.68,101.94
2026-05-25T22:25:33.6330000,23.61,81.69,101.939
2026-05-25T22:25:34.6530000,23.61,81.69,101.94
2026-05-25T22:25:35.6940000,23.61,81.69,101.939
2026-05-25T22:25:36.7350000,23.61,81.7,101.939
2026-05-25T22:25:37.7750000,23.61,81.68,101.939
2026-05-25T22:25:38.8160000,23.61,81.66,101.939
2026-05-25T22:25:39.8670000,23.61,81.65,101.94
2026-05-25T22:25:40.9080000,23.61,81.6,101.94
2026-05-25T22:25:41.9490000,23.6,81.6,101.94
2026-05-25T22:25:42.9900000,23.6,81.55,101.94
2026-05-25T22:25:44.0300000,23.6,81.58,101.94
2026-05-25T22:25:45.0820000,23.6,81.58,101.94
2026-05-25T22:25:46.1220000,23.6,81.54,101.94
2026-05-25T22:25:47.2050000,23.6,81.5,101.941
2026-05-25T22:25:48.2040000,23.6,81.46,101.941
2026-05-25T22:25:49.2450000,23.6,81.45,101.941
2026-05-25T22:25:50.2860000,23.6,81.45,101.942
2026-05-25T22:25:51.3370000,23.6,81.43,101.942
2026-05-25T22:25:52.3780000,23.6,81.42,101.942
2026-05-25T22:25:53.4190000,23.6,81.41,101.942
2026-05-25T22:25:54.4600000,23.59,81.38,101.942
2026-05-25T22:25:55.5000000,23.59,81.37,101.943
2026-05-25T22:25:56.5520000,23.59,81.31,101.943
2026-05-25T22:25:57.5920000,23.59,81.27,101.943
2026-05-25T22:25:58.6330000,23.59,81.3,101.943
2026-05-25T22:25:59.6740000,23.59,81.27,101.943
2026-05-25T22:26:01.7590000,23.59,81.25,101.943
2026-05-25T22:26:02.8000000,23.59,81.23,101.942
2026-05-25T22:26:03.8400000,23.59,81.21,101.942
2026-05-25T22:26:04.8920000,23.59,81.2,101.943
2026-05-25T22:26:05.9320000,23.59,81.2,101.943
2026-05-25T22:26:06.9730000,23.59,81.2,101.943
2026-05-25T22:26:08.0140000,23.59,81.18,101.943
2026-05-25T22:26:09.0550000,23.59,81.17,101.943
2026-05-25T22:26:10.1060000,23.59,81.16,101.943
2026-05-25T22:26:11.1470000,23.59,81.14,101.943
2026-05-25T22:26:12.1880000,23.59,81.09,101.944
2026-05-25T22:26:13.2280000,23.58,81.12,101.944
2026-05-25T22:26:14.2690000,23.58,81.07,101.944
2026-05-25T22:26:15.3270000,23.58,81.03,101.943
2026-05-25T22:26:16.3580000,23.58,80.98,101.943
2026-05-25T22:26:17.3990000,23.58,80.95,101.943
2026-05-25T22:26:18.4390000,23.58,80.93,101.943
2026-05-25T22:26:19.4910000,23.58,80.92,101.944
2026-05-25T22:26:20.5310000,23.58,80.88,101.945
2026-05-25T22:26:21.5720000,23.58,80.87,101.945
2026-05-25T22:26:22.6130000,23.58,80.89,101.945
2026-05-25T22:26:23.6540000,23.58,80.87,101.945
2026-05-25T22:26:24.6950000,23.58,80.8,101.945
2026-05-25T22:26:25.7460000,23.58,80.82,101.944
2026-05-25T22:26:26.7860000,23.58,80.76,101.944
2026-05-25T22:26:27.8270000,23.58,80.75,101.943
2026-05-25T22:26:28.8990000,23.57,80.76,101.943
2026-05-25T22:26:29.9090000,23.57,80.69,101.943
2026-05-25T22:26:30.9600000,23.57,80.66,101.943
2026-05-25T22:26:32.0000000,23.57,80.64,101.944
2026-05-25T22:26:33.0410000,23.57,80.61,101.944
2026-05-25T22:26:34.0820000,23.57,80.58,101.944
2026-05-25T22:26:35.1230000,23.57,80.56,101.943
2026-05-25T22:26:36.1640000,23.57,80.51,101.944
2026-05-25T22:26:37.2150000,23.57,80.5,101.943
2026-05-25T22:26:38.2560000,23.57,80.52,101.943
2026-05-25T22:26:39.2970000,23.57,80.45,101.943
2026-05-25T22:26:40.3380000,23.57,80.44,101.944
2026-05-25T22:26:41.3780000,23.57,80.39,101.944
2026-05-25T22:26:42.4760000,23.57,80.34,101.944
2026-05-25T22:26:43.4640000,23.57,80.34,101.945
2026-05-25T22:26:44.5150000,23.57,80.31,101.944
2026-05-25T22:26:45.5560000,23.57,80.3,101.944
2026-05-25T22:26:46.5960000,23.57,80.28,101.944
2026-05-25T22:26:47.6370000,23.57,80.25,101.943
2026-05-25T22:26:48.6780000,23.56,80.23,101.944
2026-05-25T22:26:49.7190000,23.56,80.2,101.944
2026-05-25T22:26:50.7700000,23.56,80.17,101.944
2026-05-25T22:26:51.8110000,23.56,80.19,101.945
2026-05-25T22:26:52.8510000,23.56,80.17,101.945
2026-05-25T22:26:53.8920000,23.56,80.14,101.945
2026-05-25T22:26:54.9330000,23.56,80.06,101.945
2026-05-25T22:26:56.0510000,23.56,80.07,101.945
2026-05-25T22:26:58.0690000,23.56,80.02,101.946
2026-05-25T22:26:59.1100000,23.56,80.02,101.946
2026-05-25T22:27:00.1510000,23.56,80,101.947
2026-05-25T22:27:01.1920000,23.56,79.98,101.947
2026-05-25T22:27:02.2330000,23.56,79.99,101.946
2026-05-25T22:27:03.2740000,23.56,79.97,101.946
2026-05-25T22:27:04.3250000,23.56,79.98,101.946
2026-05-25T22:27:05.3660000,23.56,79.93,101.945
2026-05-25T22:27:06.4060000,23.56,79.89,101.945
2026-05-25T22:27:07.4470000,23.56,79.87,101.945
2026-05-25T22:27:08.4880000,23.56,79.82,101.946
2026-05-25T22:27:09.5390000,23.56,79.83,101.945
2026-05-25T22:27:10.5940000,23.56,79.81,101.945
2026-05-25T22:27:11.6240000,23.56,79.77,101.946
2026-05-25T22:27:12.6650000,23.56,79.75,101.945
2026-05-25T22:27:13.7050000,23.56,79.73,101.945
2026-05-25T22:27:14.7460000,23.56,79.7,101.944
2026-05-25T22:27:15.7870000,23.56,79.7,101.944
2026-05-25T22:27:16.8380000,23.56,79.67,101.945
2026-05-25T22:27:17.8790000,23.56,79.71,101.946
2026-05-25T22:27:18.9190000,23.56,79.64,101.947
2026-05-25T22:27:19.9600000,23.56,79.61,101.947
2026-05-25T22:27:21.0010000,23.55,79.58,101.946
2026-05-25T22:27:22.0520000,23.55,79.56,101.947
2026-05-25T22:27:23.0930000,23.56,79.54,101.947
2026-05-25T22:27:24.1650000,23.55,79.52,101.947
2026-05-25T22:27:25.1750000,23.55,79.49,101.946
2026-05-25T22:27:26.2150000,23.55,79.47,101.947
2026-05-25T22:27:27.2560000,23.55,79.43,101.947
2026-05-25T22:27:28.3080000,23.55,79.42,101.947
2026-05-25T22:27:29.3490000,23.55,79.4,101.947
2026-05-25T22:27:30.3890000,23.55,79.38,101.947
2026-05-25T22:27:31.4300000,23.55,79.32,101.947
2026-05-25T22:27:32.4710000,23.55,79.31,101.948
2026-05-25T22:27:33.5220000,23.55,79.33,101.947
2026-05-25T22:27:34.5630000,23.55,79.31,101.947
2026-05-25T22:27:35.6030000,23.55,79.27,101.947
2026-05-25T22:27:36.6440000,23.55,79.25,101.948
2026-05-25T22:27:37.7410000,23.55,79.23,101.948
2026-05-25T22:27:38.7290000,23.55,79.2,101.948
2026-05-25T22:27:39.7700000,23.55,79.18,101.948
2026-05-25T22:27:40.8210000,23.55,79.17,101.947
2026-05-25T22:27:41.8620000,23.55,79.15,101.948
2026-05-25T22:27:42.9030000,23.55,79.13,101.947
2026-05-25T22:27:43.9440000,23.55,79.11,101.947
2026-05-25T22:27:44.9850000,23.55,79.1,101.947
2026-05-25T22:27:46.0260000,23.55,79.1,101.947
2026-05-25T22:27:47.0770000,23.55,79.09,101.948
2026-05-25T22:27:48.1180000,23.55,79.09,101.947
2026-05-25T22:27:49.1580000,23.55,79.05,101.947
2026-05-25T22:27:50.1990000,23.54,79.05,101.947
2026-05-25T22:27:51.2400000,23.55,79.02,101.948
2026-05-25T22:27:52.2920000,23.54,78.99,101.947
2026-05-25T22:27:54.3730000,23.55,78.97,101.948
2026-05-25T22:27:55.4140000,23.54,78.96,101.948
2026-05-25T22:27:56.4540000,23.55,78.95,101.948
2026-05-25T22:27:57.4950000,23.55,78.95,101.949
2026-05-25T22:27:58.5460000,23.54,78.93,101.949
2026-05-25T22:27:59.5870000,23.54,78.9,101.949
2026-05-25T22:28:00.6280000,23.54,78.87,101.948
2026-05-25T22:28:01.6680000,23.54,78.86,101.948
2026-05-25T22:28:02.7090000,23.54,78.84,101.947
2026-05-25T22:28:03.7610000,23.54,78.8,101.947
2026-05-25T22:28:04.8010000,23.54,78.83,101.946
2026-05-25T22:28:05.8560000,23.54,78.79,101.947
2026-05-25T22:28:06.8870000,23.54,78.77,101.948
2026-05-25T22:28:07.9270000,23.54,78.76,101.948
2026-05-25T22:28:08.9680000,23.54,78.75,101.948
2026-05-25T22:28:10.0090000,23.54,78.73,101.949
2026-05-25T22:28:11.0500000,23.54,78.7,101.949
2026-05-25T22:28:12.1010000,23.54,78.69,101.949
2026-05-25T22:28:13.1420000,23.54,78.65,101.949
2026-05-25T22:28:14.1830000,23.54,78.64,101.948
2026-05-25T22:28:15.2240000,23.54,78.64,101.948
2026-05-25T22:28:16.2640000,23.54,78.66,101.948
2026-05-25T22:28:17.3160000,23.54,78.61,101.948
2026-05-25T22:28:18.3560000,23.54,78.59,101.948
2026-05-25T22:28:19.4290000,23.54,78.62,101.948
2026-05-25T22:28:20.4380000,23.54,78.58,101.948
2026-05-25T22:28:22.5190000,23.54,78.54,101.948
2026-05-25T22:28:23.5710000,23.54,78.53,101.948
2026-05-25T22:28:24.6110000,23.54,78.52,101.948
2026-05-25T22:28:25.6520000,23.54,78.49,101.949
2026-05-25T22:28:26.6930000,23.54,78.41,101.949
2026-05-25T22:28:27.7340000,23.54,78.46,101.949
2026-05-25T22:28:28.7850000,23.54,78.48,101.949
2026-05-25T22:28:29.8260000,23.54,78.44,101.949
2026-05-25T22:28:30.8670000,23.54,78.46,101.949
2026-05-25T22:28:31.9080000,23.54,78.43,101.949
2026-05-25T22:28:33.0010000,23.54,78.4,101.949
2026-05-25T22:28:34.0000000,23.54,78.4,101.948
2026-05-25T22:28:35.0410000,23.54,78.41,101.948
2026-05-25T22:28:36.0810000,23.54,78.38,101.948
2026-05-25T22:28:37.1220000,23.54,78.38,101.948
2026-05-25T22:28:38.1630000,23.54,78.36,101.948
2026-05-25T22:28:39.2040000,23.54,78.35,101.948
2026-05-25T22:28:40.2550000,23.54,78.35,101.948
2026-05-25T22:28:41.2960000,23.54,78.35,101.949
2026-05-25T22:28:42.3370000,23.54,78.29,101.949
2026-05-25T22:28:43.3780000,23.54,78.27,101.949
2026-05-25T22:28:44.4180000,23.54,78.27,101.948
2026-05-25T22:28:45.4690000,23.54,78.27,101.948
2026-05-25T22:28:46.5770000,23.54,78.26,101.949
2026-05-25T22:28:47.5540000,23.54,78.23,101.95
2026-05-25T22:28:48.5950000,23.54,78.22,101.951
2026-05-25T22:28:49.6360000,23.54,78.21,101.951
2026-05-25T22:28:50.6770000,23.54,78.21,101.95
2026-05-25T22:28:51.7170000,23.54,78.21,101.95
2026-05-25T22:28:52.7690000,23.54,78.19,101.95
2026-05-25T22:28:53.8100000,23.54,78.18,101.95
2026-05-25T22:28:54.8510000,23.54,78.14,101.951
2026-05-25T22:28:55.8920000,23.54,78.14,101.952
2026-05-25T22:28:56.9320000,23.54,78.12,101.951
2026-05-25T22:28:57.9840000,23.54,78.11,101.951
2026-05-25T22:28:59.0250000,23.54,78.09,101.951
2026-05-25T22:29:00.0650000,23.54,78.1,101.951
2026-05-25T22:29:01.1170000,23.54,78.06,101.95
2026-05-25T22:29:02.1470000,23.54,78.05,101.95
2026-05-25T22:29:03.1880000,23.54,78.06,101.951
2026-05-25T22:29:04.2390000,23.54,78.04,101.95
2026-05-25T22:29:05.2800000,23.54,78.04,101.95
2026-05-25T22:29:06.3200000,23.54,78.01,101.95
2026-05-25T22:29:07.3610000,23.54,78,101.95
2026-05-25T22:29:08.4020000,23.54,77.96,101.95
2026-05-25T22:29:09.4530000,23.54,77.99,101.951
2026-05-25T22:29:10.4930000,23.54,77.95,101.951
2026-05-25T22:29:11.5340000,23.54,77.93,101.951
2026-05-25T22:29:12.5760000,23.54,77.92,101.952
2026-05-25T22:29:13.6160000,23.54,77.94,101.951
2026-05-25T22:29:14.6880000,23.54,77.93,101.951
2026-05-25T22:29:15.7080000,23.54,77.9,101.951
2026-05-25T22:29:16.7490000,23.54,77.91,101.951
2026-05-25T22:29:17.7900000,23.54,77.9,101.951
2026-05-25T22:29:18.8310000,23.54,77.87,101.95
2026-05-25T22:29:19.8710000,23.54,77.86,101.951
2026-05-25T22:29:20.9230000,23.54,77.86,101.951
2026-05-25T22:29:21.9640000,23.54,77.87,101.951
2026-05-25T22:29:23.0040000,23.54,77.86,101.95
2026-05-25T22:29:24.0450000,23.54,77.84,101.95
2026-05-25T22:29:25.0860000,23.54,77.81,101.95
2026-05-25T22:29:26.1370000,23.54,77.82,101.95
2026-05-25T22:29:27.1780000,23.54,77.82,101.95
2026-05-25T22:29:29.2630000,23.54,77.82,101.95
2026-05-25T22:29:30.3030000,23.54,77.8,101.95
2026-05-25T22:29:31.3440000,23.54,77.79,101.95
2026-05-25T22:29:32.3850000,23.54,77.79,101.951
2026-05-25T22:29:33.4360000,23.54,77.77,101.95
2026-05-25T22:29:34.4770000,23.54,77.75,101.95
2026-05-25T22:29:35.5180000,23.54,77.73,101.951
2026-05-25T22:29:36.5580000,23.54,77.74,101.95
2026-05-25T22:29:37.5990000,23.54,77.73,101.95
2026-05-25T22:29:38.6510000,23.54,77.75,101.95
2026-05-25T22:29:39.6910000,23.54,77.7,101.95
2026-05-25T22:29:40.7320000,23.54,77.68,101.95
2026-05-25T22:29:41.8360000,23.54,77.71,101.951
2026-05-25T22:29:42.8140000,23.54,77.68,101.951
2026-05-25T22:29:43.8550000,23.54,77.68,101.951
2026-05-25T22:29:44.9060000,23.54,77.67,101.951
2026-05-25T22:29:45.9470000,23.54,77.68,101.951
2026-05-25T22:29:46.9880000,23.54,77.67,101.951
2026-05-25T22:29:48.0290000,23.55,77.67,101.951
2026-05-25T22:29:49.0690000,23.55,77.66,101.952
2026-05-25T22:29:50.1100000,23.55,77.65,101.952
2026-05-25T22:29:51.1610000,23.55,77.62,101.951
2026-05-25T22:29:52.2020000,23.55,77.64,101.951
2026-05-25T22:29:53.2430000,23.55,77.66,101.951
2026-05-25T22:29:54.2840000,23.54,77.65,101.95
2026-05-25T22:29:55.3240000,23.54,77.6,101.95
2026-05-25T22:29:56.3790000,23.54,77.59,101.95
2026-05-25T22:29:57.4090000,23.54,77.6,101.95
2026-05-25T22:29:58.4600000,23.54,77.59,101.951
2026-05-25T22:29:59.5010000,23.54,77.58,101.951
2026-05-25T22:30:00.5420000,23.54,77.59,101.952
2026-05-25T22:30:01.5830000,23.54,77.57,101.952
2026-05-25T22:30:02.6240000,23.54,77.57,101.951
2026-05-25T22:30:03.6640000,23.54,77.57,101.951
2026-05-25T22:30:04.7160000,23.55,77.56,101.951
2026-05-25T22:30:05.7570000,23.55,77.56,101.951
2026-05-25T22:30:06.7970000,23.55,77.54,101.951
2026-05-25T22:30:07.8380000,23.55,77.55,101.951
2026-05-25T22:30:08.8790000,23.55,77.58,101.951
2026-05-25T22:30:09.9550000,23.55,77.53,101.951
2026-05-25T22:30:10.9640000,23.55,77.53,101.952
2026-05-25T22:30:12.0150000,23.55,77.53,101.952
2026-05-25T22:30:13.0560000,23.55,77.52,101.951
2026-05-25T22:30:14.0970000,23.54,77.54,101.951
2026-05-25T22:30:15.1380000,23.54,77.53,101.95
2026-05-25T22:30:16.1790000,23.55,77.52,101.951
2026-05-25T22:30:17.2300000,23.55,77.52,101.951
2026-05-25T22:30:18.2700000,23.55,77.48,101.951
2026-05-25T22:30:19.3110000,23.55,77.47,101.951
2026-05-25T22:30:20.3520000,23.55,77.48,101.951
2026-05-25T22:30:21.3930000,23.55,77.48,101.951
2026-05-25T22:30:23.5270000,23.55,77.46,101.952
2026-05-25T22:30:24.5260000,23.55,77.44,101.953
2026-05-25T22:30:25.5670000,23.55,77.44,101.952
2026-05-25T22:30:26.6080000,23.55,77.42,101.952
2026-05-25T22:30:27.6480000,23.55,77.42,101.952
2026-05-25T22:30:28.7000000,23.55,77.41,101.952
2026-05-25T22:30:29.7410000,23.55,77.4,101.953
2026-05-25T22:30:30.7810000,23.55,77.39,101.953
2026-05-25T22:30:31.8220000,23.55,77.38,101.953
2026-05-25T22:30:32.8630000,23.55,77.38,101.953
2026-05-25T22:30:33.9040000,23.55,77.36,101.953
2026-05-25T22:30:34.9550000,23.55,77.36,101.952
2026-05-25T22:30:35.9960000,23.55,77.34,101.953
2026-05-25T22:30:37.1000000,23.55,77.38,101.952
2026-05-25T22:30:38.0780000,23.55,77.36,101.953
2026-05-25T22:30:39.1180000,23.55,77.36,101.952
2026-05-25T22:30:40.1590000,23.55,77.35,101.952
2026-05-25T22:30:41.2100000,23.55,77.35,101.952
2026-05-25T22:30:42.2510000,23.55,77.33,101.952
2026-05-25T22:30:43.2920000,23.55,77.33,101.952
2026-05-25T22:30:44.3320000,23.55,77.32,101.952
2026-05-25T22:30:45.3730000,23.55,77.29,101.953
2026-05-25T22:30:46.4250000,23.55,77.3,101.953
2026-05-25T22:30:47.4650000,23.55,77.27,101.953
2026-05-25T22:30:48.5060000,23.55,77.32,101.953
2026-05-25T22:30:49.5470000,23.55,77.28,101.953
2026-05-25T22:30:50.5880000,23.55,77.28,101.953
2026-05-25T22:30:51.6460000,23.55,77.27,101.953
2026-05-25T22:30:52.6760000,23.55,77.26,101.953
2026-05-25T22:30:53.7170000,23.55,77.27,101.953
2026-05-25T22:30:54.7580000,23.55,77.26,101.953
2026-05-25T22:30:55.8090000,23.55,77.25,101.952
2026-05-25T22:30:56.8500000,23.55,77.25,101.952
2026-05-25T22:30:57.8910000,23.55,77.22,101.952
2026-05-25T22:30:58.9320000,23.55,77.16,101.952
2026-05-25T22:30:59.9720000,23.55,77.21,101.951
2026-05-25T22:31:01.0240000,23.55,77.19,101.951
2026-05-25T22:31:02.0640000,23.55,77.18,101.95
2026-05-25T22:31:03.1050000,23.55,77.18,101.951
2026-05-25T22:31:04.1460000,23.55,77.16,101.951
2026-05-25T22:31:05.2180000,23.55,77.2,101.952
2026-05-25T22:31:06.2270000,23.55,77.15,101.952
2026-05-25T22:31:07.2780000,23.55,77.14,101.952
2026-05-25T22:31:08.3190000,23.55,77.13,101.953
2026-05-25T22:31:09.3600000,23.55,77.14,101.952
2026-05-25T22:31:10.4010000,23.55,77.1,101.952
2026-05-25T22:31:11.4420000,23.55,77.13,101.953
2026-05-25T22:31:12.4930000,23.55,77.12,101.953
2026-05-25T22:31:13.5340000,23.55,77.13,101.953
2026-05-25T22:31:14.5740000,23.55,77.13,101.952
2026-05-25T22:31:15.6150000,23.55,77.09,101.952
2026-05-25T22:31:16.6560000,23.55,77.12,101.952
2026-05-25T22:31:17.6970000,23.55,77.1,101.953
2026-05-25T22:31:18.7940000,23.55,77.08,101.953
2026-05-25T22:31:19.7820000,23.55,77.1,101.953
2026-05-25T22:31:20.8330000,23.56,77.08,101.954
2026-05-25T22:31:21.8750000,23.55,77.08,101.954
2026-05-25T22:31:22.9170000,23.55,77.08,101.954
2026-05-25T22:31:23.9580000,23.55,77.06,101.953
2026-05-25T22:31:24.9990000,23.55,77.06,101.953
2026-05-25T22:31:26.0390000,23.55,77.05,101.954
2026-05-25T22:31:27.0910000,23.55,76.99,101.954
2026-05-25T22:31:28.1310000,23.55,77.07,101.954
2026-05-25T22:31:29.1720000,23.55,77.03,101.954
2026-05-25T22:31:30.2130000,23.55,77.03,101.954
2026-05-25T22:31:31.2530000,23.55,77,101.954
2026-05-25T22:31:32.3710000,23.56,76.98,101.954
2026-05-25T22:31:33.3420000,23.56,77,101.954
2026-05-25T22:31:34.3820000,23.56,76.97,101.954
2026-05-25T22:31:35.4230000,23.56,76.97,101.954
2026-05-25T22:31:36.4750000,23.55,76.95,101.954
2026-05-25T22:31:37.5150000,23.55,76.93,101.954
2026-05-25T22:31:38.5560000,23.55,76.94,101.954
2026-05-25T22:31:39.5970000,23.55,76.93,101.954
2026-05-25T22:31:40.6380000,23.55,76.92,101.955
2026-05-25T22:31:41.6790000,23.55,76.91,101.954
2026-05-25T22:31:42.7300000,23.55,76.92,101.954
2026-05-25T22:31:43.7710000,23.55,76.94,101.954
2026-05-25T22:31:44.8120000,23.56,76.9,101.954
2026-05-25T22:31:45.8530000,23.56,76.93,101.954
2026-05-25T22:31:46.9150000,23.56,76.88,101.954
2026-05-25T22:31:47.9340000,23.56,76.87,101.954
2026-05-25T22:31:48.9860000,23.56,76.87,101.954
2026-05-25T22:31:50.0260000,23.56,76.86,101.954
2026-05-25T22:31:51.0670000,23.56,76.85,101.954
2026-05-25T22:31:52.1080000,23.56,76.84,101.955
2026-05-25T22:31:53.1490000,23.56,76.83,101.956
2026-05-25T22:31:54.2000000,23.56,76.87,101.955
2026-05-25T22:31:55.2410000,23.56,76.85,101.955
2026-05-25T22:31:56.2810000,23.56,76.8,101.955
2026-05-25T22:31:57.3220000,23.56,76.78,101.955
2026-05-25T22:31:58.3630000,23.56,76.79,101.954
2026-05-25T22:31:59.4140000,23.55,76.76,101.954
2026-05-25T22:32:00.4900000,23.56,76.7,101.955
2026-05-25T22:32:01.4990000,23.55,76.71,101.955
2026-05-25T22:32:02.5400000,23.55,76.7,101.955
2026-05-25T22:32:03.5810000,23.55,76.67,101.955
2026-05-25T22:32:04.6220000,23.55,76.66,101.955
2026-05-25T22:32:05.6620000,23.55,76.65,101.954
2026-05-25T22:32:06.7030000,23.55,76.65,101.955
2026-05-25T22:32:07.7540000,23.56,76.58,101.955
2026-05-25T22:32:08.7950000,23.56,76.62,101.955
2026-05-25T22:32:09.8360000,23.56,76.66,101.956
2026-05-25T22:32:10.8770000,23.56,76.63,101.955
2026-05-25T22:32:11.9170000,23.56,76.63,101.955
2026-05-25T22:32:12.9690000,23.56,76.6,101.955
2026-05-25T22:32:14.0650000,23.56,76.6,101.955
2026-05-25T22:32:15.0540000,23.56,76.6,101.955
2026-05-25T22:32:16.0940000,23.56,76.59,101.956
2026-05-25T22:32:17.1350000,23.56,76.59,101.955
2026-05-25T22:32:18.1760000,23.56,76.59,101.956
2026-05-25T22:32:19.2160000,23.56,76.58,101.956
2026-05-25T22:32:20.2680000,23.56,76.56,101.956
2026-05-25T22:32:21.3080000,23.56,76.56,101.956
2026-05-25T22:32:22.3490000,23.56,76.53,101.956
2026-05-25T22:32:23.3900000,23.56,76.54,101.956
2026-05-25T22:32:24.4310000,23.56,76.54,101.956
2026-05-25T22:32:25.4710000,23.56,76.51,101.956
2026-05-25T22:32:26.5230000,23.56,76.49,101.956
2026-05-25T22:32:27.5630000,23.56,76.56,101.956
2026-05-25T22:32:28.6080000,23.56,76.51,101.957
2026-05-25T22:32:29.6480000,23.56,76.51,101.958
2026-05-25T22:32:30.6890000,23.56,76.5,101.958
2026-05-25T22:32:31.7300000,23.56,76.47,101.959
2026-05-25T22:32:32.7710000,23.56,76.47,101.958
2026-05-25T22:32:33.8220000,23.56,76.46,101.958
2026-05-25T22:32:34.8630000,23.56,76.45,101.958
2026-05-25T22:32:35.9030000,23.56,76.45,101.958
2026-05-25T22:32:36.9440000,23.56,76.42,101.958
2026-05-25T22:32:37.9850000,23.56,76.38,101.958
2026-05-25T22:32:39.0360000,23.56,76.43,101.958
2026-05-25T22:32:40.0770000,23.56,76.39,101.958
2026-05-25T22:32:41.1170000,23.56,76.38,101.958
2026-05-25T22:32:42.1820000,23.56,76.36,101.959
2026-05-25T22:32:43.2020000,23.56,76.35,101.959
2026-05-25T22:32:44.2430000,23.56,76.35,101.959
2026-05-25T22:32:45.2840000,23.56,76.35,101.959
2026-05-25T22:32:46.3350000,23.56,76.33,101.96
2026-05-25T22:32:47.3760000,23.56,76.33,101.959
2026-05-25T22:32:48.4160000,23.56,76.31,101.96
2026-05-25T22:32:49.4570000,23.56,76.27,101.96
2026-05-25T22:32:50.4980000,23.56,76.32,101.96
2026-05-25T22:32:51.5490000,23.56,76.28,101.96
2026-05-25T22:32:52.5900000,23.56,76.28,101.96
2026-05-25T22:32:53.6310000,23.56,76.29,101.959
2026-05-25T22:32:54.6720000,23.56,76.27,101.959
2026-05-25T22:32:55.7580000,23.56,76.28,101.959
2026-05-25T22:32:56.7570000,23.56,76.28,101.959
2026-05-25T22:32:57.7980000,23.56,76.29,101.958
2026-05-25T22:32:58.8390000,23.56,76.29,101.958
2026-05-25T22:32:59.8900000,23.56,76.27,101.958
2026-05-25T22:33:00.9310000,23.56,76.27,101.959
2026-05-25T22:33:01.9710000,23.56,76.27,101.959
2026-05-25T22:33:03.0120000,23.56,76.32,101.958
2026-05-25T22:33:04.0530000,23.56,76.33,101.958
2026-05-25T22:33:05.1040000,23.56,76.29,101.959
2026-05-25T22:33:06.1450000,23.56,76.3,101.959
2026-05-25T22:33:07.1860000,23.56,76.27,101.959
2026-05-25T22:33:08.2260000,23.56,76.27,101.96
2026-05-25T22:33:09.3300000,23.57,76.3,101.961
2026-05-25T22:33:10.3180000,23.56,76.27,101.96
2026-05-25T22:33:11.3590000,23.56,76.26,101.96
2026-05-25T22:33:12.3990000,23.56,76.25,101.96
2026-05-25T22:33:13.4400000,23.56,76.25,101.961
2026-05-25T22:33:14.4810000,23.56,76.24,101.961
2026-05-25T22:33:15.5220000,23.56,76.23,101.961
2026-05-25T22:33:16.5730000,23.56,76.23,101.961
2026-05-25T22:33:17.6140000,23.56,76.22,101.961
2026-05-25T22:33:18.6550000,23.57,76.21,101.961
2026-05-25T22:33:19.6960000,23.57,76.2,101.961
2026-05-25T22:33:20.7360000,23.57,76.19,101.961
2026-05-25T22:33:21.7770000,23.57,76.19,101.961
2026-05-25T22:33:22.8290000,23.57,76.18,101.961
2026-05-25T22:33:23.8730000,23.57,76.13,101.961
2026-05-25T22:33:24.9140000,23.57,76.14,101.961
2026-05-25T22:33:25.9540000,23.57,76.13,101.962
2026-05-25T22:33:26.9950000,23.57,76.11,101.961
2026-05-25T22:33:28.0360000,23.57,76.09,101.962
2026-05-25T22:33:29.0770000,23.57,76.07,101.961
2026-05-25T22:33:30.1280000,23.57,76.07,101.96
2026-05-25T22:33:31.1690000,23.57,76.04,101.96
2026-05-25T22:33:32.2090000,23.57,76.04,101.96
2026-05-25T22:33:33.2500000,23.57,75.98,101.96
2026-05-25T22:33:34.2910000,23.57,76.01,101.96
2026-05-25T22:33:35.3420000,23.57,76.06,101.961
2026-05-25T22:33:36.3830000,23.57,75.99,101.961
2026-05-25T22:33:37.4480000,23.57,76,101.961
2026-05-25T22:33:38.4680000,23.57,75.97,101.961
2026-05-25T22:33:39.5090000,23.57,75.97,101.961
2026-05-25T22:33:40.5500000,23.57,75.96,101.96
2026-05-25T22:33:41.5910000,23.57,75.94,101.961
2026-05-25T22:33:42.6310000,23.57,75.94,101.961
2026-05-25T22:33:43.6830000,23.57,75.93,101.961
2026-05-25T22:33:44.7240000,23.57,75.96,101.961
2026-05-25T22:33:45.7640000,23.57,75.92,101.962
2026-05-25T22:33:46.8050000,23.57,75.92,101.962
2026-05-25T22:33:47.8460000,23.57,75.93,101.962
2026-05-25T22:33:48.8970000,23.57,75.94,101.961
2026-05-25T22:33:49.9380000,23.57,75.89,101.961
2026-05-25T22:33:51.0200000,23.57,75.82,101.961
2026-05-25T22:33:52.0190000,23.57,75.85,101.962
2026-05-25T22:33:53.0600000,23.57,75.84,101.962
2026-05-25T22:33:54.1110000,23.57,75.84,101.962
2026-05-25T22:33:55.1520000,23.57,75.83,101.962
2026-05-25T22:33:56.1930000,23.57,75.83,101.962
2026-05-25T22:33:57.2330000,23.57,75.82,101.961
2026-05-25T22:33:58.2740000,23.57,75.82,101.962
2026-05-25T22:33:59.3250000,23.57,75.8,101.962
2026-05-25T22:34:00.3660000,23.57,75.81,101.961
2026-05-25T22:34:01.4070000,23.57,75.79,101.962
2026-05-25T22:34:02.4480000,23.57,75.78,101.962
2026-05-25T22:34:03.4880000,23.57,75.81,101.962
2026-05-25T22:34:04.5960000,23.57,75.76,101.962
2026-05-25T22:34:05.5740000,23.57,75.75,101.962
2026-05-25T22:34:06.6250000,23.57,75.75,101.962
2026-05-25T22:34:07.6660000,23.57,75.76,101.962
2026-05-25T22:34:08.7060000,23.57,75.76,101.963
2026-05-25T22:34:09.7470000,23.57,75.74,101.963
2026-05-25T22:34:10.7880000,23.57,75.73,101.962
2026-05-25T22:34:11.8280000,23.57,75.73,101.963
2026-05-25T22:34:12.8800000,23.57,75.72,101.963
2026-05-25T22:34:13.9200000,23.57,75.69,101.963
2026-05-25T22:34:14.9610000,23.57,75.69,101.964
2026-05-25T22:34:16.0020000,23.57,75.7,101.965
2026-05-25T22:34:17.0530000,23.57,75.7,101.965
2026-05-25T22:34:18.0940000,23.57,75.69,101.964
2026-05-25T22:34:19.1380000,23.57,75.69,101.964
2026-05-25T22:34:20.1790000,23.57,75.68,101.964
2026-05-25T22:34:21.2190000,23.58,75.68,101.965
2026-05-25T22:34:22.2600000,23.57,75.68,101.965
2026-05-25T22:34:23.3010000,23.57,75.69,101.964
2026-05-25T22:34:24.3520000,23.57,75.67,101.964
2026-05-25T22:34:25.3930000,23.57,75.68,101.964
2026-05-25T22:34:26.4340000,23.58,75.66,101.964
2026-05-25T22:34:27.4740000,23.58,75.68,101.965
2026-05-25T22:34:28.5150000,23.58,75.68,101.965
2026-05-25T22:34:29.5560000,23.58,75.67,101.965
2026-05-25T22:34:30.6070000,23.58,75.67,101.965
2026-05-25T22:34:31.6480000,23.58,75.68,101.965
2026-05-25T22:34:32.7100000,23.58,75.68,101.965
2026-05-25T22:34:33.7300000,23.58,75.67,101.965
2026-05-25T22:34:34.7710000,23.58,75.66,101.964
2026-05-25T22:34:35.8220000,23.58,75.67,101.965
2026-05-25T22:34:36.8620000,23.58,75.68,101.965
2026-05-25T22:34:37.9030000,23.58,75.67,101.965
2026-05-25T22:34:38.9440000,23.58,75.68,101.964
2026-05-25T22:34:39.9840000,23.58,75.67,101.964
2026-05-25T22:34:41.0360000,23.58,75.68,101.964
2026-05-25T22:34:42.0770000,23.58,75.69,101.965
2026-05-25T22:34:43.1170000,23.58,75.68,101.965
2026-05-25T22:34:44.1580000,23.58,75.68,101.965
2026-05-25T22:34:45.1990000,23.58,75.67,101.965
2026-05-25T22:34:46.2850000,23.58,75.71,101.965
2026-05-25T22:34:47.2840000,23.58,75.71,101.965
2026-05-25T22:34:48.3250000,23.58,75.72,101.966
2026-05-25T22:34:49.3760000,23.58,75.74,101.965
2026-05-25T22:34:50.4170000,23.58,75.77,101.965
2026-05-25T22:34:51.4580000,23.58,75.78,101.966
2026-05-25T22:34:52.4980000,23.58,75.8,101.966
2026-05-25T22:34:53.5390000,23.59,75.82,101.967
2026-05-25T22:34:54.5900000,23.58,75.82,101.967
2026-05-25T22:34:55.6310000,23.59,75.85,101.967
2026-05-25T22:34:56.6720000,23.59,75.89,101.967
2026-05-25T22:34:57.7130000,23.59,75.88,101.967
2026-05-25T22:34:58.7530000,23.58,75.87,101.967
2026-05-25T22:34:59.8570000,23.59,75.97,101.967
2026-05-25T22:35:00.8450000,23.59,76,101.967
2026-05-25T22:35:01.8860000,23.59,76.03,101.967
2026-05-25T22:35:02.9270000,23.59,76.06,101.967
2026-05-25T22:35:03.9680000,23.59,76.07,101.967
2026-05-25T22:35:05.0080000,23.59,76.11,101.967
2026-05-25T22:35:06.0600000,23.59,76.12,101.967
2026-05-25T22:35:07.1000000,23.59,76.15,101.966
2026-05-25T22:35:08.1410000,23.59,76.19,101.966
2026-05-25T22:35:09.1820000,23.59,76.22,101.967
2026-05-25T22:35:10.2230000,23.6,76.3,101.967
2026-05-25T22:35:11.2740000,23.59,76.34,101.966
2026-05-25T22:35:12.3150000,23.6,76.33,101.966
2026-05-25T22:35:13.3560000,23.6,76.46,101.966
2026-05-25T22:35:14.4000000,23.6,76.46,101.966
2026-05-25T22:35:15.4410000,23.6,76.51,101.966
2026-05-25T22:35:16.4820000,23.6,76.53,101.967
2026-05-25T22:35:17.5220000,23.6,76.57,101.967
2026-05-25T22:35:18.5630000,23.6,76.64,101.967
2026-05-25T22:35:19.6140000,23.6,76.71,101.966
2026-05-25T22:35:20.6550000,23.6,76.81,101.966
2026-05-25T22:35:21.6960000,23.6,76.89,101.966
2026-05-25T22:35:22.7370000,23.61,76.92,101.966
2026-05-25T22:35:23.7770000,23.61,77,101.966
2026-05-25T22:35:24.8290000,23.61,77.03,101.967
2026-05-25T22:35:25.8690000,23.61,77.07,101.967
2026-05-25T22:35:26.9100000,23.61,77.14,101.967
2026-05-25T22:35:28.9920000,23.61,77.27,101.966
2026-05-25T22:35:30.0430000,23.61,77.31,101.966
2026-05-25T22:35:31.0830000,23.61,77.35,101.966
2026-05-25T22:35:32.1240000,23.61,77.42,101.966
2026-05-25T22:35:33.1650000,23.61,77.44,101.966
2026-05-25T22:35:34.2060000,23.61,77.47,101.966
2026-05-25T22:35:35.2460000,23.61,77.41,101.966
2026-05-25T22:35:36.2980000,23.61,77.46,101.966
2026-05-25T22:35:37.3380000,23.61,77.5,101.966
2026-05-25T22:35:38.3790000,23.61,77.53,101.966
2026-05-25T22:35:39.4200000,23.61,77.53,101.967
2026-05-25T22:35:40.4610000,23.62,77.59,101.968
2026-05-25T22:35:41.5440000,23.62,77.66,101.967
2026-05-25T22:35:42.5530000,23.62,77.68,101.967
2026-05-25T22:35:43.5940000,23.62,77.75,101.967
2026-05-25T22:35:44.6350000,23.62,77.83,101.967
2026-05-25T22:35:45.6750000,23.62,77.91,101.967
2026-05-25T22:35:46.7160000,23.62,77.96,101.967
2026-05-25T22:35:47.7670000,23.62,78.01,101.967
2026-05-25T22:35:48.8080000,23.62,78.04,101.967
2026-05-25T22:35:49.8490000,23.62,78.03,101.967
2026-05-25T22:35:50.8900000,23.62,78.14,101.967
2026-05-25T22:35:51.9300000,23.62,78.23,101.966
2026-05-25T22:35:52.9820000,23.62,78.31,101.967
2026-05-25T22:35:54.0220000,23.62,78.3,101.967
2026-05-25T22:35:55.1160000,23.62,78.29,101.967
2026-05-25T22:35:56.1040000,23.62,78.33,101.968
2026-05-25T22:35:57.1450000,23.62,78.36,101.968
2026-05-25T22:35:58.1860000,23.62,78.41,101.968
2026-05-25T22:35:59.2370000,23.63,78.45,101.967
2026-05-25T22:36:00.2780000,23.63,78.48,101.968
2026-05-25T22:36:01.3190000,23.63,78.51,101.967
2026-05-25T22:36:02.3590000,23.63,78.53,101.968
2026-05-25T22:36:03.4000000,23.63,78.56,101.968
2026-05-25T22:36:04.4410000,23.62,78.61,101.968
2026-05-25T22:36:05.4920000,23.62,78.63,101.968
2026-05-25T22:36:06.5330000,23.62,78.73,101.968
2026-05-25T22:36:07.5740000,23.62,78.84,101.968
2026-05-25T22:36:08.6140000,23.62,78.96,101.968
2026-05-25T22:36:09.6590000,23.63,79.09,101.968
2026-05-25T22:36:10.6990000,23.63,79.18,101.968
2026-05-25T22:36:11.7400000,23.63,79.27,101.968
2026-05-25T22:36:12.7910000,23.63,79.35,101.968
2026-05-25T22:36:13.8320000,23.63,79.43,101.968
2026-05-25T22:36:14.8730000,23.63,79.49,101.968
2026-05-25T22:36:15.9140000,23.63,79.56,101.967
2026-05-25T22:36:16.9540000,23.63,79.6,101.968
2026-05-25T22:36:17.9950000,23.63,79.67,101.968
2026-05-25T22:36:19.0470000,23.63,79.75,101.968
2026-05-25T22:36:20.0870000,23.63,79.8,101.968
2026-05-25T22:36:21.1280000,23.63,79.88,101.968
2026-05-25T22:36:22.1690000,23.63,79.87,101.968
2026-05-25T22:36:23.2310000,23.63,80.01,101.968
2026-05-25T22:36:24.2500000,23.64,80.05,101.968
2026-05-25T22:36:25.3020000,23.64,80.1,101.968
2026-05-25T22:36:26.3420000,23.64,80.15,101.968
2026-05-25T22:36:27.3830000,23.63,80.2,101.968
2026-05-25T22:36:28.4240000,23.63,80.25,101.968
2026-05-25T22:36:29.4650000,23.63,80.29,101.968
2026-05-25T22:36:30.5160000,23.63,80.42,101.967
2026-05-25T22:36:31.5570000,23.63,80.38,101.967
2026-05-25T22:36:32.5980000,23.63,80.43,101.966
2026-05-25T22:36:33.6380000,23.63,80.42,101.967
2026-05-25T22:36:34.6790000,23.63,80.5,101.967
2026-05-25T22:36:35.7300000,23.63,80.41,101.967
2026-05-25T22:36:36.8020000,23.63,80.44,101.966
2026-05-25T22:36:37.8120000,23.63,80.46,101.967
2026-05-25T22:36:38.8520000,23.63,80.51,101.967
2026-05-25T22:36:39.8930000,23.63,80.53,101.967
2026-05-25T22:36:40.9340000,23.63,80.55,101.967
2026-05-25T22:36:41.9850000,23.63,80.56,101.966
2026-05-25T22:36:43.0260000,23.63,80.59,101.966
2026-05-25T22:36:44.0670000,23.63,80.59,101.966
2026-05-25T22:36:45.1080000,23.63,80.69,101.966
2026-05-25T22:36:46.1480000,23.63,80.68,101.965
2026-05-25T22:36:47.2000000,23.63,80.71,101.965
2026-05-25T22:36:48.2400000,23.63,80.76,101.966
2026-05-25T22:36:49.2810000,23.63,80.77,101.966
2026-05-25T22:36:50.3740000,23.63,80.9,101.965
2026-05-25T22:36:51.3630000,23.63,80.9,101.965
2026-05-25T22:36:52.4140000,23.63,80.93,101.965
2026-05-25T22:36:54.4950000,23.63,80.95,101.966
2026-05-25T22:36:55.5360000,23.63,80.97,101.966
2026-05-25T22:36:56.5770000,23.63,80.98,101.966
2026-05-25T22:36:57.6180000,23.63,81.03,101.966
2026-05-25T22:36:58.6690000,23.63,81.06,101.966
2026-05-25T22:36:59.7100000,23.63,81.08,101.967
2026-05-25T22:37:00.7500000,23.63,81.11,101.967
2026-05-25T22:37:01.7910000,23.63,81.18,101.967
2026-05-25T22:37:02.8320000,23.63,81.16,101.968
2026-05-25T22:37:03.9460000,23.63,81.21,101.967
2026-05-25T22:37:04.9240000,23.63,81.25,101.968
2026-05-25T22:37:05.9650000,23.63,81.28,101.967
2026-05-25T22:37:07.0050000,23.63,81.29,101.968
2026-05-25T22:37:08.0460000,23.64,81.3,101.968
2026-05-25T22:37:09.0980000,23.63,81.32,101.968
2026-05-25T22:37:10.1380000,23.64,81.34,101.968
2026-05-25T22:37:11.1790000,23.64,81.36,101.968
2026-05-25T22:37:12.2200000,23.64,81.4,101.969
2026-05-25T22:37:13.2610000,23.63,81.42,101.968
2026-05-25T22:37:14.3020000,23.63,81.41,101.968
2026-05-25T22:37:15.3530000,23.63,81.43,101.967
2026-05-25T22:37:16.3940000,23.64,81.42,101.967
2026-05-25T22:37:17.4350000,23.64,81.45,101.967
2026-05-25T22:37:18.4890000,23.64,81.49,101.967
2026-05-25T22:37:19.5190000,23.64,81.51,101.967
2026-05-25T22:37:20.5600000,23.64,81.54,101.967
2026-05-25T22:37:21.6010000,23.64,81.54,101.966
2026-05-25T22:37:22.6520000,23.64,81.54,101.967
2026-05-25T22:37:23.6930000,23.64,81.54,101.966
2026-05-25T22:37:24.7330000,23.63,81.55,101.966
2026-05-25T22:37:25.7740000,23.63,81.6,101.966
2026-05-25T22:37:26.8150000,23.63,81.58,101.966
2026-05-25T22:37:27.8560000,23.63,81.62,101.966
2026-05-25T22:37:28.9070000,23.63,81.56,101.967
2026-05-25T22:37:29.9480000,23.63,81.58,101.967
2026-05-25T22:37:30.9890000,23.63,81.6,101.968
2026-05-25T22:37:32.0610000,23.63,81.51,101.967
2026-05-25T22:37:33.0700000,23.63,81.54,101.967
2026-05-25T22:37:34.1110000,23.63,81.54,101.967
2026-05-25T22:37:35.1630000,23.63,81.54,101.967
2026-05-25T22:37:36.2030000,23.63,81.55,101.967
2026-05-25T22:37:37.2440000,23.63,81.56,101.966
2026-05-25T22:37:38.2850000,23.63,81.56,101.966
2026-05-25T22:37:39.3260000,23.63,81.57,101.966
2026-05-25T22:37:40.3670000,23.63,81.55,101.966
2026-05-25T22:37:41.4180000,23.63,81.56,101.965
2026-05-25T22:37:42.4580000,23.63,81.58,101.964
2026-05-25T22:37:43.4990000,23.63,81.62,101.964
2026-05-25T22:37:44.5400000,23.63,81.57,101.965
2026-05-25T22:37:45.6330000,23.63,81.6,101.965
2026-05-25T22:37:46.6320000,23.63,81.62,101.965
2026-05-25T22:37:47.6720000,23.63,81.61,101.964
2026-05-25T22:37:48.7130000,23.63,81.63,101.964
2026-05-25T22:37:49.7540000,23.63,81.61,101.964
2026-05-25T22:37:50.7950000,23.63,81.58,101.965
2026-05-25T22:37:51.8350000,23.62,81.54,101.966
2026-05-25T22:37:52.8870000,23.62,81.54,101.966
2026-05-25T22:37:53.9280000,23.62,81.52,101.966
2026-05-25T22:37:54.9690000,23.62,81.54,101.967
2026-05-25T22:37:56.0090000,23.62,81.5,101.966
2026-05-25T22:37:57.0500000,23.62,81.49,101.967
2026-05-25T22:37:58.0910000,23.62,81.47,101.966
2026-05-25T22:37:59.2090000,23.62,81.53,101.966
2026-05-25T22:38:00.1790000,23.62,81.54,101.966
2026-05-25T22:38:01.2200000,23.62,81.54,101.965
2026-05-25T22:38:02.2610000,23.62,81.56,101.966
2026-05-25T22:38:03.3130000,23.62,81.54,101.965
2026-05-25T22:38:04.3530000,23.62,81.52,101.966
2026-05-25T22:38:05.3940000,23.62,81.49,101.966
2026-05-25T22:38:06.4350000,23.62,81.47,101.966
2026-05-25T22:38:07.4760000,23.62,81.45,101.967
2026-05-25T22:38:08.5270000,23.61,81.47,101.966
2026-05-25T22:38:09.5670000,23.61,81.36,101.966
2026-05-25T22:38:10.6080000,23.61,81.38,101.966
2026-05-25T22:38:11.6490000,23.61,81.34,101.966
2026-05-25T22:38:12.6900000,23.61,81.35,101.966
2026-05-25T22:38:13.7550000,23.61,81.33,101.966
2026-05-25T22:38:14.7750000,23.61,81.28,101.965
2026-05-25T22:38:15.8150000,23.61,81.24,101.965
2026-05-25T22:38:16.8670000,23.61,81.23,101.965
2026-05-25T22:38:17.9070000,23.61,81.22,101.966
2026-05-25T22:38:18.9480000,23.61,81.2,101.965
2026-05-25T22:38:19.9890000,23.61,81.19,101.965
2026-05-25T22:38:21.0300000,23.61,81.16,101.965
2026-05-25T22:38:22.0810000,23.61,81.18,101.965
2026-05-25T22:38:23.1220000,23.61,81.14,101.965
2026-05-25T22:38:24.1630000,23.61,81.15,101.966
2026-05-25T22:38:25.2030000,23.61,81.13,101.967
2026-05-25T22:38:26.2440000,23.6,81.11,101.967
2026-05-25T22:38:27.3270000,23.6,81.04,101.965
2026-05-25T22:38:28.3360000,23.6,81.04,101.966
2026-05-25T22:38:29.3770000,23.6,81.04,101.965
2026-05-25T22:38:30.4180000,23.6,81.02,101.965
2026-05-25T22:38:31.4590000,23.6,81,101.965
2026-05-25T22:38:32.4990000,23.6,80.98,101.965
2026-05-25T22:38:33.5400000,23.6,80.93,101.965
2026-05-25T22:38:34.5910000,23.6,80.85,101.966
2026-05-25T22:38:35.6320000,23.6,80.9,101.966
2026-05-25T22:38:36.6730000,23.59,80.88,101.965
2026-05-25T22:38:37.7140000,23.59,80.83,101.966
2026-05-25T22:38:38.7550000,23.59,80.82,101.966
2026-05-25T22:38:39.8060000,23.59,80.79,101.966
2026-05-25T22:38:40.9030000,23.59,80.71,101.966
2026-05-25T22:38:41.8910000,23.59,80.73,101.966
2026-05-25T22:38:42.9320000,23.59,80.71,101.965
2026-05-25T22:38:43.9730000,23.59,80.71,101.965
2026-05-25T22:38:45.0130000,23.59,80.67,101.965
2026-05-25T22:38:46.0540000,23.59,80.65,101.965
2026-05-25T22:38:47.0950000,23.59,80.63,101.965
2026-05-25T22:38:48.1460000,23.59,80.62,101.965
2026-05-25T22:38:49.1870000,23.59,80.58,101.965
2026-05-25T22:38:50.2280000,23.59,80.58,101.964
2026-05-25T22:38:51.2690000,23.59,80.58,101.965
2026-05-25T22:38:52.3100000,23.59,80.53,101.965
2026-05-25T22:38:53.3610000,23.59,80.52,101.965
2026-05-25T22:38:54.4010000,23.58,80.51,101.964
2026-05-25T22:38:55.4460000,23.58,80.46,101.965
2026-05-25T22:38:56.4860000,23.58,80.43,101.965
2026-05-25T22:38:57.5270000,23.58,80.42,101.966
2026-05-25T22:38:58.5680000,23.58,80.4,101.965
2026-05-25T22:38:59.6080000,23.58,80.38,101.965
2026-05-25T22:39:00.6600000,23.58,80.36,101.965
2026-05-25T22:39:01.7010000,23.58,80.32,101.965
2026-05-25T22:39:02.7410000,23.58,80.3,101.965
2026-05-25T22:39:03.7820000,23.58,80.26,101.966
2026-05-25T22:39:04.8230000,23.58,80.25,101.965
2026-05-25T22:39:05.8640000,23.58,80.23,101.965
2026-05-25T22:39:06.9150000,23.58,80.24,101.965
2026-05-25T22:39:07.9560000,23.58,80.21,101.965
2026-05-25T22:39:09.0180000,23.58,80.19,101.965
2026-05-25T22:39:10.0370000,23.58,80.18,101.965
2026-05-25T22:39:11.0780000,23.58,80.16,101.965
2026-05-25T22:39:12.1300000,23.58,80.15,101.965
2026-05-25T22:39:13.1700000,23.57,80.14,101.966
2026-05-25T22:39:14.2110000,23.57,80.11,101.966
2026-05-25T22:39:15.2520000,23.57,80.09,101.966
2026-05-25T22:39:16.2930000,23.57,80,101.967
2026-05-25T22:39:17.3330000,23.57,80.04,101.967
2026-05-25T22:39:18.3840000,23.57,80,101.967
2026-05-25T22:39:19.4250000,23.57,80.02,101.967
2026-05-25T22:39:20.4660000,23.57,80.02,101.967
2026-05-25T22:39:21.5060000,23.57,79.95,101.967
2026-05-25T22:39:22.5930000,23.57,79.93,101.967
2026-05-25T22:39:23.5910000,23.57,79.91,101.967
2026-05-25T22:39:24.6320000,23.57,79.89,101.966
2026-05-25T22:39:25.6830000,23.57,79.87,101.966
2026-05-25T22:39:26.7240000,23.57,79.85,101.966
2026-05-25T22:39:27.7650000,23.57,79.84,101.966
2026-05-25T22:39:28.8060000,23.57,79.83,101.966
2026-05-25T22:39:29.8460000,23.57,79.81,101.966
2026-05-25T22:39:30.8870000,23.57,79.78,101.965
2026-05-25T22:39:31.9390000,23.57,79.76,101.965
2026-05-25T22:39:32.9800000,23.57,79.77,101.965
2026-05-25T22:39:34.0210000,23.56,79.73,101.964
2026-05-25T22:39:35.0610000,23.57,79.74,101.965
2026-05-25T22:39:36.1650000,23.56,79.68,101.966
2026-05-25T22:39:37.1430000,23.56,79.67,101.966
2026-05-25T22:39:38.1940000,23.56,79.66,101.966
2026-05-25T22:39:39.2350000,23.57,79.64,101.967
2026-05-25T22:39:40.2760000,23.57,79.63,101.966
2026-05-25T22:39:41.3160000,23.56,79.61,101.966
2026-05-25T22:39:42.3570000,23.57,79.61,101.967
2026-05-25T22:39:43.4080000,23.56,79.59,101.966
2026-05-25T22:39:44.4490000,23.57,79.55,101.967
2026-05-25T22:39:45.4900000,23.57,79.5,101.968
2026-05-25T22:39:46.5310000,23.57,79.52,101.968
2026-05-25T22:39:47.5710000,23.57,79.51,101.968
2026-05-25T22:39:48.6220000,23.57,79.48,101.968
2026-05-25T22:39:49.6630000,23.57,79.47,101.968
2026-05-25T22:39:50.7070000,23.57,79.48,101.967
2026-05-25T22:39:51.7480000,23.56,79.48,101.967
2026-05-25T22:39:52.7890000,23.57,79.47,101.967
2026-05-25T22:39:53.8300000,23.57,79.46,101.968
2026-05-25T22:39:54.8710000,23.56,79.44,101.968
2026-05-25T22:39:55.9120000,23.56,79.41,101.968
2026-05-25T22:39:56.9630000,23.56,79.41,101.968
2026-05-25T22:39:58.0040000,23.56,79.39,101.968
2026-05-25T22:39:59.0450000,23.56,79.37,101.968
2026-05-25T22:40:00.0860000,23.56,79.35,101.969
2026-05-25T22:40:01.1260000,23.56,79.34,101.969
2026-05-25T22:40:02.1780000,23.56,79.34,101.969
2026-05-25T22:40:03.2190000,23.56,79.31,101.968
2026-05-25T22:40:04.2800000,23.56,79.25,101.968
2026-05-25T22:40:05.3000000,23.56,79.26,101.969
2026-05-25T22:40:06.3410000,23.56,79.25,101.969
2026-05-25T22:40:07.3820000,23.56,79.24,101.968
2026-05-25T22:40:08.4330000,23.56,79.22,101.968
2026-05-25T22:40:09.4740000,23.56,79.21,101.969
2026-05-25T22:40:10.5150000,23.56,79.17,101.968
2026-05-25T22:40:11.5550000,23.56,79.16,101.967
2026-05-25T22:40:12.5960000,23.56,79.13,101.967
2026-05-25T22:40:13.6370000,23.56,79.17,101.968
2026-05-25T22:40:14.6880000,23.56,79.09,101.968
2026-05-25T22:40:15.7290000,23.56,79.1,101.968
2026-05-25T22:40:16.7690000,23.56,79.11,101.968
2026-05-25T22:40:17.8560000,23.56,79.06,101.968
2026-05-25T22:40:18.8540000,23.56,79.06,101.968
2026-05-25T22:40:19.8950000,23.56,79.04,101.968
2026-05-25T22:40:20.9360000,23.56,79.03,101.968
2026-05-25T22:40:21.9870000,23.56,79.02,101.969
2026-05-25T22:40:23.0280000,23.56,79,101.969
2026-05-25T22:40:24.0690000,23.56,78.99,101.969
2026-05-25T22:40:25.1100000,23.56,79,101.968
2026-05-25T22:40:26.1500000,23.55,78.96,101.968
2026-05-25T22:40:27.1910000,23.55,78.96,101.967
2026-05-25T22:40:28.2420000,23.55,78.95,101.967
2026-05-25T22:40:29.2830000,23.56,78.9,101.969
2026-05-25T22:40:30.3240000,23.56,78.9,101.969
2026-05-25T22:40:31.4310000,23.55,78.89,101.969
2026-05-25T22:40:32.4090000,23.56,78.87,101.97
2026-05-25T22:40:33.4500000,23.55,78.86,101.969
2026-05-25T22:40:34.4900000,23.56,78.85,101.97
2026-05-25T22:40:35.5410000,23.55,78.84,101.969
2026-05-25T22:40:36.5820000,23.55,78.83,101.97
2026-05-25T22:40:37.6230000,23.56,78.81,101.97
2026-05-25T22:40:38.6640000,23.55,78.8,101.97
2026-05-25T22:40:39.7050000,23.56,78.77,101.97
2026-05-25T22:40:40.7460000,23.56,78.77,101.97
2026-05-25T22:40:41.7970000,23.55,78.78,101.969
2026-05-25T22:40:42.8380000,23.55,78.76,101.969
2026-05-25T22:40:43.8790000,23.55,78.73,101.97
2026-05-25T22:40:44.9190000,23.56,78.73,101.97
2026-05-25T22:40:45.9740000,23.55,78.68,101.97
2026-05-25T22:40:47.0040000,23.55,78.7,101.97
2026-05-25T22:40:48.0450000,23.55,78.68,101.97
2026-05-25T22:40:49.0970000,23.55,78.66,101.97
2026-05-25T22:40:50.1370000,23.55,78.65,101.97
2026-05-25T22:40:51.1780000,23.55,78.64,101.97
2026-05-25T22:40:52.2190000,23.55,78.61,101.971
2026-05-25T22:40:53.2590000,23.55,78.56,101.97
2026-05-25T22:40:54.3000000,23.55,78.6,101.97
2026-05-25T22:40:55.3510000,23.55,78.61,101.97
2026-05-25T22:40:56.3920000,23.55,78.6,101.969
2026-05-25T22:40:57.4330000,23.55,78.54,101.97
2026-05-25T22:40:58.4740000,23.55,78.53,101.97
2026-05-25T22:40:59.5490000,23.55,78.53,101.97
2026-05-25T22:41:00.5590000,23.55,78.49,101.97
2026-05-25T22:41:01.5990000,23.55,78.49,101.971
2026-05-25T22:41:02.6510000,23.55,78.47,101.971
2026-05-25T22:41:03.6910000,23.55,78.46,101.971
2026-05-25T22:41:04.7320000,23.55,78.45,101.971
2026-05-25T22:41:05.7730000,23.55,78.44,101.971
2026-05-25T22:41:06.8140000,23.55,78.39,101.971
2026-05-25T22:41:07.8540000,23.55,78.44,101.971
2026-05-25T22:41:08.9060000,23.55,78.4,101.971
2026-05-25T22:41:09.9470000,23.55,78.38,101.97
2026-05-25T22:41:10.9870000,23.55,78.4,101.97
2026-05-25T22:41:12.0280000,23.55,78.36,101.97
2026-05-25T22:41:13.1250000,23.55,78.34,101.97
2026-05-25T22:41:14.1130000,23.55,78.35,101.971
2026-05-25T22:41:15.1540000,23.55,78.34,101.971
2026-05-25T22:41:16.2050000,23.55,78.31,101.972
2026-05-25T22:41:17.2460000,23.55,78.31,101.971
2026-05-25T22:41:18.2860000,23.55,78.3,101.971
2026-05-25T22:41:19.3270000,23.55,78.29,101.971
2026-05-25T22:41:20.3680000,23.55,78.26,101.97
2026-05-25T22:41:21.4190000,23.55,78.25,101.97
2026-05-25T22:41:22.4600000,23.55,78.23,101.97
2026-05-25T22:41:23.5010000,23.55,78.23,101.97
2026-05-25T22:41:24.5410000,23.55,78.25,101.97
2026-05-25T22:41:25.5820000,23.55,78.23,101.97
2026-05-25T22:41:26.6230000,23.55,78.22,101.97
2026-05-25T22:41:27.6740000,23.55,78.2,101.97
2026-05-25T22:41:28.7150000,23.55,78.19,101.97
2026-05-25T22:41:29.7560000,23.55,78.18,101.97
2026-05-25T22:41:30.7970000,23.55,78.17,101.97
2026-05-25T22:41:31.8370000,23.55,78.16,101.97
2026-05-25T22:41:32.8780000,23.55,78.16,101.97
2026-05-25T22:41:33.9290000,23.55,78.13,101.97
2026-05-25T22:41:34.9700000,23.55,78.16,101.97
2026-05-25T22:41:37.0520000,23.55,78.12,101.969
2026-05-25T22:41:38.0930000,23.55,78.11,101.97
2026-05-25T22:41:39.1440000,23.55,78.1,101.969
2026-05-25T22:41:40.1840000,23.54,78.09,101.97
2026-05-25T22:41:41.2460000,23.55,78.04,101.971
2026-05-25T22:41:42.2660000,23.55,78.06,101.972
2026-05-25T22:41:43.3070000,23.55,78.05,101.971
2026-05-25T22:41:44.3480000,23.55,78.04,101.971
2026-05-25T22:41:45.3990000,23.55,78.03,101.971
2026-05-25T22:41:46.4400000,23.55,78.01,101.971
2026-05-25T22:41:47.4810000,23.55,78,101.971
2026-05-25T22:41:48.5210000,23.55,77.92,101.972
2026-05-25T22:41:49.5620000,23.55,78,101.971
2026-05-25T22:41:50.6140000,23.55,77.97,101.972
2026-05-25T22:41:52.6950000,23.55,77.98,101.972
2026-05-25T22:41:53.7360000,23.55,77.95,101.972
2026-05-25T22:41:54.8190000,23.55,77.96,101.972
2026-05-25T22:41:55.8180000,23.55,77.96,101.971
2026-05-25T22:41:56.8690000,23.55,77.94,101.971
2026-05-25T22:41:57.9100000,23.55,77.96,101.971
2026-05-25T22:41:58.9500000,23.55,77.95,101.971
2026-05-25T22:41:59.9910000,23.55,77.95,101.972
2026-05-25T22:42:01.0320000,23.55,77.94,101.971
2026-05-25T22:42:02.0830000,23.55,78.01,101.972
2026-05-25T22:42:03.1240000,23.55,77.98,101.972
2026-05-25T22:42:04.1650000,23.55,77.99,101.972
2026-05-25T22:42:06.2470000,23.55,77.95,101.972
2026-05-25T22:42:07.2880000,23.55,77.95,101.971
2026-05-25T22:42:08.3950000,23.55,77.91,101.971
2026-05-25T22:42:09.3730000,23.55,77.91,101.972
2026-05-25T22:42:10.4240000,23.55,77.92,101.972
2026-05-25T22:42:11.4650000,23.55,77.9,101.972
2026-05-25T22:42:12.5050000,23.55,77.88,101.972
2026-05-25T22:42:13.5460000,23.55,77.87,101.972
2026-05-25T22:42:14.5870000,23.55,77.86,101.972
2026-05-25T22:42:15.6380000,23.55,77.87,101.972
2026-05-25T22:42:16.6790000,23.55,77.86,101.972
2026-05-25T22:42:17.7200000,23.55,77.86,101.972
2026-05-25T22:42:18.7610000,23.55,77.85,101.972
2026-05-25T22:42:19.8020000,23.55,77.82,101.973
2026-05-25T22:42:20.8430000,23.55,77.82,101.973
2026-05-25T22:42:21.8940000,23.55,77.84,101.972
2026-05-25T22:42:22.9380000,23.55,77.82,101.972
2026-05-25T22:42:23.9790000,23.55,77.79,101.971
2026-05-25T22:42:25.0200000,23.55,77.78,101.972
2026-05-25T22:42:26.0610000,23.55,77.77,101.972
2026-05-25T22:42:27.1010000,23.55,77.77,101.973
2026-05-25T22:42:28.1420000,23.55,77.77,101.972
2026-05-25T22:42:29.1930000,23.55,77.75,101.973
2026-05-25T22:42:30.2340000,23.55,77.73,101.973
2026-05-25T22:42:31.2750000,23.55,77.73,101.972
2026-05-25T22:42:32.3160000,23.55,77.75,101.972
2026-05-25T22:42:33.3570000,23.55,77.73,101.972
2026-05-25T22:42:34.3980000,23.55,77.7,101.972
2026-05-25T22:42:35.4490000,23.55,77.7,101.972
2026-05-25T22:42:36.5110000,23.55,77.68,101.972
2026-05-25T22:42:37.5310000,23.55,77.68,101.973
2026-05-25T22:42:38.5710000,23.55,77.68,101.973
2026-05-25T22:42:39.6120000,23.54,77.67,101.972
2026-05-25T22:42:40.6640000,23.55,77.65,101.973
2026-05-25T22:42:41.7040000,23.55,77.66,101.974
2026-05-25T22:42:42.7450000,23.55,77.62,101.975
2026-05-25T22:42:43.7860000,23.55,77.59,101.974
2026-05-25T22:42:44.8270000,23.55,77.61,101.975
2026-05-25T22:42:45.8680000,23.55,77.6,101.974
2026-05-25T22:42:46.9190000,23.55,77.59,101.974
2026-05-25T22:42:47.9600000,23.55,77.58,101.974
2026-05-25T22:42:49.0010000,23.55,77.61,101.974
2026-05-25T22:42:50.0840000,23.55,77.56,101.973
2026-05-25T22:42:51.0820000,23.55,77.56,101.973
2026-05-25T22:42:52.1340000,23.55,77.56,101.973
2026-05-25T22:42:53.1740000,23.55,77.55,101.973
2026-05-25T22:42:54.2150000,23.55,77.55,101.973
2026-05-25T22:42:55.2560000,23.55,77.54,101.975
2026-05-25T22:42:56.2970000,23.55,77.53,101.975
2026-05-25T22:42:57.3370000,23.55,77.52,101.975
2026-05-25T22:42:58.3890000,23.55,77.51,101.975
2026-05-25T22:42:59.4300000,23.55,77.5,101.975
2026-05-25T22:43:00.4700000,23.55,77.49,101.975
2026-05-25T22:43:01.5110000,23.55,77.49,101.976
2026-05-25T22:43:02.5520000,23.55,77.47,101.975
2026-05-25T22:43:03.6590000,23.55,77.44,101.975
2026-05-25T22:43:04.6370000,23.55,77.44,101.975
2026-05-25T22:43:05.6880000,23.55,77.42,101.975
2026-05-25T22:43:06.7290000,23.55,77.42,101.974
2026-05-25T22:43:07.7700000,23.55,77.41,101.974
2026-05-25T22:43:08.8110000,23.55,77.39,101.974
2026-05-25T22:43:09.8520000,23.55,77.39,101.975
2026-05-25T22:43:10.8920000,23.55,77.38,101.975
2026-05-25T22:43:11.9440000,23.55,77.38,101.976
2026-05-25T22:43:12.9850000,23.55,77.29,101.975
2026-05-25T22:43:14.0260000,23.55,77.34,101.975
2026-05-25T22:43:15.0660000,23.55,77.35,101.975
2026-05-25T22:43:16.1070000,23.55,77.34,101.975
2026-05-25T22:43:17.1580000,23.55,77.32,101.975
2026-05-25T22:43:18.2020000,23.55,77.31,101.975
2026-05-25T22:43:19.2430000,23.55,77.29,101.975
2026-05-25T22:43:20.2840000,23.55,77.28,101.975
2026-05-25T22:43:21.3250000,23.55,77.28,101.974
2026-05-25T22:43:22.3660000,23.55,77.28,101.975
2026-05-25T22:43:23.4080000,23.55,77.27,101.975
2026-05-25T22:43:24.4490000,23.55,77.26,101.975
2026-05-25T22:43:25.4900000,23.55,77.3,101.974
2026-05-25T22:43:26.5410000,23.55,77.28,101.974
2026-05-25T22:43:27.5820000,23.55,77.23,101.974
2026-05-25T22:43:28.6230000,23.55,77.25,101.973
2026-05-25T22:43:29.6640000,23.55,77.25,101.973
2026-05-25T22:43:30.7040000,23.55,77.23,101.974
2026-05-25T22:43:31.7730000,23.55,77.25,101.974
2026-05-25T22:43:32.7930000,23.55,77.23,101.974
2026-05-25T22:43:33.8340000,23.55,77.21,101.974
2026-05-25T22:43:34.8750000,23.55,77.21,101.974
2026-05-25T22:43:35.9260000,23.56,77.21,101.974
2026-05-25T22:43:36.9670000,23.56,77.19,101.974
2026-05-25T22:43:38.0070000,23.56,77.19,101.974
2026-05-25T22:43:39.0480000,23.56,77.2,101.974
2026-05-25T22:43:40.0890000,23.56,77.21,101.974
2026-05-25T22:43:41.1400000,23.56,77.15,101.974
2026-05-25T22:43:42.1810000,23.56,77.16,101.974
2026-05-25T22:43:43.2220000,23.56,77.11,101.975
2026-05-25T22:43:44.2620000,23.56,77.17,101.974
2026-05-25T22:43:45.3490000,23.56,77.16,101.973
2026-05-25T22:43:46.3480000,23.55,77.12,101.973
2026-05-25T22:43:47.3880000,23.55,77.11,101.973
2026-05-25T22:43:48.4290000,23.55,77.1,101.974
2026-05-25T22:43:49.4800000,23.55,77.11,101.974
2026-05-25T22:43:50.5210000,23.55,77.08,101.974
2026-05-25T22:43:51.5620000,23.55,77.07,101.974
2026-05-25T22:43:52.6030000,23.55,77.08,101.974
2026-05-25T22:43:53.6440000,23.55,77.05,101.974
2026-05-25T22:43:54.6950000,23.55,77.05,101.974
2026-05-25T22:43:55.7360000,23.55,77.08,101.974
2026-05-25T22:43:56.7760000,23.55,77.06,101.973
2026-05-25T22:43:57.8170000,23.55,77.04,101.973
2026-05-25T22:43:58.9210000,23.55,77.03,101.973
2026-05-25T22:43:59.9090000,23.55,77.02,101.973
2026-05-25T22:44:00.9500000,23.55,77.03,101.973
2026-05-25T22:44:01.9910000,23.56,77.02,101.973
2026-05-25T22:44:03.0310000,23.56,77.01,101.973
2026-05-25T22:44:04.0720000,23.56,77.01,101.973
2026-05-25T22:44:05.1130000,23.55,77,101.973
2026-05-25T22:44:06.1640000,23.56,76.99,101.974
2026-05-25T22:44:07.2050000,23.56,76.99,101.974
2026-05-25T22:44:08.2460000,23.56,76.97,101.975
2026-05-25T22:44:09.2870000,23.56,76.98,101.974
2026-05-25T22:44:10.3270000,23.56,76.97,101.974
2026-05-25T22:44:11.3790000,23.55,76.99,101.973
2026-05-25T22:44:12.4190000,23.56,77,101.973
2026-05-25T22:44:13.4670000,23.56,77.03,101.973
2026-05-25T22:44:14.4980000,23.56,77,101.973
2026-05-25T22:44:15.5490000,23.56,76.99,101.972
2026-05-25T22:44:16.5900000,23.56,77,101.973
2026-05-25T22:44:17.6310000,23.56,76.99,101.973
2026-05-25T22:44:18.6710000,23.56,76.99,101.973
2026-05-25T22:44:19.7120000,23.56,76.97,101.973
2026-05-25T22:44:20.7640000,23.56,76.93,101.974
2026-05-25T22:44:21.8040000,23.56,76.97,101.974
2026-05-25T22:44:22.8450000,23.56,76.93,101.974
2026-05-25T22:44:23.8860000,23.56,76.97,101.974
2026-05-25T22:44:24.9260000,23.56,76.91,101.974
2026-05-25T22:44:25.9670000,23.56,76.92,101.973
2026-05-25T22:44:27.0430000,23.56,76.89,101.973
2026-05-25T22:44:28.0620000,23.56,76.88,101.974
2026-05-25T22:44:29.1030000,23.56,76.87,101.973
2026-05-25T22:44:30.1440000,23.56,76.87,101.974
2026-05-25T22:44:31.1850000,23.56,76.87,101.974
2026-05-25T22:44:32.2260000,23.56,76.85,101.973
2026-05-25T22:44:33.2660000,23.56,76.84,101.973
2026-05-25T22:44:34.3180000,23.56,76.77,101.974
2026-05-25T22:44:35.3590000,23.56,76.79,101.973
2026-05-25T22:44:36.3990000,23.56,76.79,101.973
2026-05-25T22:44:37.4400000,23.56,76.79,101.973
2026-05-25T22:44:38.4810000,23.56,76.76,101.973
2026-05-25T22:44:39.5320000,23.56,76.79,101.973
2026-05-25T22:44:40.6150000,23.56,76.75,101.973
2026-05-25T22:44:41.6140000,23.56,76.73,101.973
2026-05-25T22:44:42.6550000,23.56,76.72,101.973
2026-05-25T22:44:43.6950000,23.56,76.7,101.973
2026-05-25T22:44:44.7360000,23.56,76.67,101.973
2026-05-25T22:44:45.7870000,23.56,76.69,101.973
2026-05-25T22:44:46.8280000,23.56,76.66,101.973
2026-05-25T22:44:47.8690000,23.56,76.66,101.973
2026-05-25T22:44:48.9090000,23.56,76.64,101.973
2026-05-25T22:44:51.0010000,23.56,76.64,101.973
2026-05-25T22:44:52.0420000,23.56,76.61,101.973
2026-05-25T22:44:53.0830000,23.56,76.63,101.973
2026-05-25T22:44:54.1940000,23.56,76.64,101.973
2026-05-25T22:44:55.1710000,23.56,76.62,101.973
2026-05-25T22:44:56.2120000,23.56,76.6,101.972
2026-05-25T22:44:57.2530000,23.56,76.6,101.972
2026-05-25T22:44:58.2940000,23.56,76.59,101.972
2026-05-25T22:44:59.3350000,23.56,76.58,101.972
2026-05-25T22:45:00.3760000,23.56,76.57,101.971
2026-05-25T22:45:01.4270000,23.56,76.57,101.971
2026-05-25T22:45:02.4680000,23.56,76.53,101.97
2026-05-25T22:45:03.5080000,23.56,76.54,101.97
2026-05-25T22:45:04.5490000,23.56,76.58,101.971
2026-05-25T22:45:05.5900000,23.56,76.53,101.971
2026-05-25T22:45:06.6410000,23.56,76.57,101.97
2026-05-25T22:45:07.6820000,23.56,76.57,101.97
2026-05-25T22:45:08.7370000,23.56,76.54,101.971
2026-05-25T22:45:09.7670000,23.56,76.52,101.97
2026-05-25T22:45:10.8080000,23.56,76.52,101.971
2026-05-25T22:45:11.8480000,23.56,76.51,101.971
2026-05-25T22:45:12.8890000,23.56,76.51,101.971
2026-05-25T22:45:13.9300000,23.56,76.5,101.971
2026-05-25T22:45:14.9810000,23.56,76.5,101.971
2026-05-25T22:45:16.0220000,23.56,76.46,101.971
2026-05-25T22:45:17.0630000,23.57,76.47,101.972
2026-05-25T22:45:18.1030000,23.57,76.49,101.973
2026-05-25T22:45:19.1440000,23.57,76.49,101.972
2026-05-25T22:45:20.1950000,23.57,76.46,101.972
2026-05-25T22:45:21.2360000,23.57,76.46,101.972
2026-05-25T22:45:22.3150000,23.57,76.43,101.972
2026-05-25T22:45:23.3150000,23.57,76.43,101.971
2026-05-25T22:45:24.3660000,23.57,76.43,101.97
2026-05-25T22:45:25.4070000,23.56,76.41,101.97
2026-05-25T22:45:26.4470000,23.56,76.41,101.97
2026-05-25T22:45:27.4880000,23.56,76.4,101.97
2026-05-25T22:45:28.5290000,23.56,76.4,101.97
2026-05-25T22:45:29.5800000,23.56,76.38,101.97
2026-05-25T22:45:30.6210000,23.56,76.36,101.969
2026-05-25T22:45:31.6620000,23.56,76.36,101.969
2026-05-25T22:45:32.7030000,23.56,76.37,101.97
2026-05-25T22:45:33.7430000,23.56,76.35,101.971
2026-05-25T22:45:34.7840000,23.56,76.38,101.971
2026-05-25T22:45:35.8880000,23.57,76.35,101.97
2026-05-25T22:45:36.8760000,23.56,76.33,101.97
2026-05-25T22:45:37.9170000,23.56,76.34,101.969
2026-05-25T22:45:38.9570000,23.57,76.33,101.97
2026-05-25T22:45:39.9980000,23.57,76.33,101.97
2026-05-25T22:45:41.0390000,23.57,76.32,101.97
2026-05-25T22:45:42.0900000,23.57,76.31,101.969
2026-05-25T22:45:43.1310000,23.57,76.31,101.969
2026-05-25T22:45:44.1720000,23.57,76.29,101.969
2026-05-25T22:45:45.2130000,23.57,76.29,101.969
2026-05-25T22:45:46.2540000,23.57,76.3,101.97
2026-05-25T22:45:47.3050000,23.57,76.29,101.97
2026-05-25T22:45:48.3460000,23.57,76.32,101.97
2026-05-25T22:45:49.3860000,23.57,76.3,101.97
2026-05-25T22:45:50.4340000,23.57,76.25,101.971
2026-05-25T22:45:51.4750000,23.57,76.25,101.971
2026-05-25T22:45:52.5160000,23.57,76.25,101.971
2026-05-25T22:45:53.5570000,23.57,76.23,101.971
2026-05-25T22:45:54.5970000,23.57,76.22,101.97
2026-05-25T22:45:55.6380000,23.57,76.22,101.971
2026-05-25T22:45:56.6790000,23.57,76.2,101.97
2026-05-25T22:45:57.7300000,23.57,76.23,101.971
2026-05-25T22:45:58.7710000,23.57,76.19,101.971
2026-05-25T22:45:59.8120000,23.57,76.15,101.97
2026-05-25T22:46:00.8520000,23.57,76.13,101.97
2026-05-25T22:46:01.8930000,23.57,76.15,101.97
2026-05-25T22:46:02.9440000,23.57,76.13,101.97
2026-05-25T22:46:04.0060000,23.57,76.13,101.969
2026-05-25T22:46:05.0260000,23.57,76.13,101.969
2026-05-25T22:46:06.0670000,23.57,76.11,101.969
2026-05-25T22:46:07.1080000,23.57,76.11,101.969
2026-05-25T22:46:08.1480000,23.57,76.1,101.97
2026-05-25T22:46:09.2000000,23.57,76.1,101.969
2026-05-25T22:46:10.2410000,23.57,76.08,101.97
2026-05-25T22:46:11.2810000,23.57,76.1,101.969
2026-05-25T22:46:12.3220000,23.57,76.07,101.969
2026-05-25T22:46:13.3630000,23.57,76.08,101.969
2026-05-25T22:46:14.4140000,23.57,76.04,101.97
2026-05-25T22:46:15.4550000,23.57,76.06,101.969
2026-05-25T22:46:16.4960000,23.57,76.05,101.969
2026-05-25T22:46:17.5820000,23.57,76.02,101.969
2026-05-25T22:46:18.5810000,23.57,76.05,101.969
2026-05-25T22:46:19.6220000,23.57,76.04,101.968
2026-05-25T22:46:20.6620000,23.57,76.04,101.969
2026-05-25T22:46:21.7030000,23.57,76.02,101.969
2026-05-25T22:46:22.7540000,23.57,76.02,101.969
2026-05-25T22:46:23.7950000,23.57,76,101.969
2026-05-25T22:46:24.8360000,23.57,76,101.969
2026-05-25T22:46:25.8760000,23.57,75.99,101.969
2026-05-25T22:46:26.9170000,23.57,75.99,101.97
2026-05-25T22:46:27.9680000,23.57,76.04,101.97
2026-05-25T22:46:29.0090000,23.57,75.98,101.97
2026-05-25T22:46:30.0500000,23.57,76.02,101.97
2026-05-25T22:46:31.1540000,23.57,75.97,101.969
2026-05-25T22:46:32.1320000,23.57,75.98,101.968
2026-05-25T22:46:33.1720000,23.57,75.98,101.968
2026-05-25T22:46:34.2240000,23.57,75.98,101.969
2026-05-25T22:46:35.2640000,23.58,75.99,101.969
2026-05-25T22:46:36.3050000,23.58,75.98,101.97
2026-05-25T22:46:37.3460000,23.58,75.98,101.97
2026-05-25T22:46:38.3870000,23.58,75.99,101.97
2026-05-25T22:46:39.4380000,23.58,76.02,101.969
2026-05-25T22:46:40.4790000,23.58,76,101.969
2026-05-25T22:46:41.5200000,23.58,75.99,101.969
2026-05-25T22:46:42.5610000,23.58,76.02,101.97
2026-05-25T22:46:43.6010000,23.58,75.99,101.969
2026-05-25T22:46:44.6420000,23.58,75.97,101.969
2026-05-25T22:46:45.6970000,23.58,76,101.97
2026-05-25T22:46:46.7270000,23.58,76,101.97
2026-05-25T22:46:47.7780000,23.58,76,101.97
2026-05-25T22:46:48.8190000,23.58,76.02,101.97
2026-05-25T22:46:49.8590000,23.58,76,101.969
2026-05-25T22:46:50.9000000,23.58,76,101.969
2026-05-25T22:46:51.9410000,23.58,76,101.969
2026-05-25T22:46:52.9920000,23.58,76.02,101.969
2026-05-25T22:46:54.0330000,23.58,76,101.97
2026-05-25T22:46:55.0740000,23.58,75.98,101.969
2026-05-25T22:46:56.1150000,23.58,76,101.969
2026-05-25T22:46:57.1550000,23.58,75.98,101.969
2026-05-25T22:46:58.2070000,23.58,76.02,101.969
2026-05-25T22:46:59.2720000,23.58,75.98,101.97
2026-05-25T22:47:00.2920000,23.58,75.96,101.97
2026-05-25T22:47:01.3330000,23.58,75.95,101.971
2026-05-25T22:47:02.3730000,23.58,75.94,101.971
2026-05-25T22:47:03.4150000,23.58,75.93,101.97
2026-05-25T22:47:04.4550000,23.58,75.91,101.969
2026-05-25T22:47:05.4960000,23.58,75.91,101.97
2026-05-25T22:47:06.5470000,23.58,75.86,101.969
2026-05-25T22:47:07.5880000,23.58,75.9,101.969
2026-05-25T22:47:08.6290000,23.58,75.95,101.969
2026-05-25T22:47:09.6690000,23.58,75.91,101.969
2026-05-25T22:47:10.7100000,23.58,75.91,101.969
2026-05-25T22:47:11.7610000,23.58,75.91,101.969
2026-05-25T22:47:12.8440000,23.58,75.93,101.969
2026-05-25T22:47:13.8430000,23.58,75.95,101.969
2026-05-25T22:47:14.8840000,23.58,75.98,101.969
2026-05-25T22:47:15.9240000,23.58,76.01,101.969
2026-05-25T22:47:16.9760000,23.58,76.05,101.969
2026-05-25T22:47:18.0170000,23.58,76.08,101.969
2026-05-25T22:47:19.0570000,23.58,76.1,101.969
2026-05-25T22:47:20.0980000,23.58,76.12,101.968
2026-05-25T22:47:21.1390000,23.59,76.15,101.968
2026-05-25T22:47:22.1800000,23.59,76.2,101.968
2026-05-25T22:47:23.2310000,23.59,76.31,101.969
2026-05-25T22:47:24.2720000,23.59,76.34,101.97
2026-05-25T22:47:25.3130000,23.59,76.38,101.969
2026-05-25T22:47:26.4200000,23.59,76.53,101.969
2026-05-25T22:47:27.3980000,23.6,76.57,101.97
2026-05-25T22:47:28.4390000,23.6,76.64,101.97
2026-05-25T22:47:29.4790000,23.6,76.68,101.969
2026-05-25T22:47:30.5310000,23.6,76.73,101.97
2026-05-25T22:47:31.5710000,23.6,76.77,101.97
2026-05-25T22:47:32.6120000,23.6,76.81,101.969
2026-05-25T22:47:33.6530000,23.6,76.84,101.969
2026-05-25T22:47:34.6940000,23.6,76.9,101.969
2026-05-25T22:47:35.7340000,23.6,76.91,101.97
2026-05-25T22:47:36.7850000,23.6,76.97,101.969
2026-05-25T22:47:37.8260000,23.6,76.97,101.969
2026-05-25T22:47:38.8670000,23.6,77,101.969
2026-05-25T22:47:39.9080000,23.6,77.03,101.969
2026-05-25T22:47:40.9630000,23.6,77.11,101.969
2026-05-25T22:47:41.9930000,23.6,77.19,101.97
2026-05-25T22:47:43.0340000,23.6,77.24,101.969
2026-05-25T22:47:44.0850000,23.61,77.32,101.97
2026-05-25T22:47:45.1260000,23.6,77.35,101.969
2026-05-25T22:47:46.1670000,23.61,77.39,101.969
2026-05-25T22:47:47.2080000,23.61,77.42,101.969
2026-05-25T22:47:48.2480000,23.61,77.52,101.97
2026-05-25T22:47:49.3000000,23.61,77.52,101.969
2026-05-25T22:47:50.3400000,23.61,77.51,101.969
2026-05-25T22:47:51.3810000,23.61,77.55,101.969
2026-05-25T22:47:52.4220000,23.61,77.59,101.969
2026-05-25T22:47:53.4630000,23.61,77.6,101.969
2026-05-25T22:47:54.5380000,23.61,77.68,101.971
2026-05-25T22:47:55.5480000,23.61,77.7,101.97
2026-05-25T22:47:56.5890000,23.61,77.71,101.97
2026-05-25T22:47:57.6400000,23.61,77.77,101.97
2026-05-25T22:47:58.6800000,23.61,77.8,101.97
2026-05-25T22:47:59.7210000,23.61,77.85,101.97
2026-05-25T22:48:00.7620000,23.61,77.92,101.969
2026-05-25T22:48:01.8030000,23.61,77.92,101.969
2026-05-25T22:48:02.8540000,23.61,78.03,101.969
2026-05-25T22:48:03.8950000,23.62,78.08,101.969
2026-05-25T22:48:04.9360000,23.62,78.2,101.969
2026-05-25T22:48:05.9770000,23.62,78.26,101.969
2026-05-25T22:48:07.0170000,23.62,78.33,101.969
2026-05-25T22:48:08.1110000,23.62,78.51,101.969
2026-05-25T22:48:09.1100000,23.62,78.62,101.97
2026-05-25T22:48:10.1500000,23.62,78.7,101.97
2026-05-25T22:48:11.1910000,23.62,78.76,101.969
2026-05-25T22:48:12.2320000,23.62,78.85,101.969
2026-05-25T22:48:13.2730000,23.62,78.89,101.969
2026-05-25T22:48:14.3140000,23.62,78.96,101.969
2026-05-25T22:48:15.3650000,23.62,78.96,101.969
2026-05-25T22:48:16.4060000,23.62,79,101.969
2026-05-25T22:48:17.4470000,23.63,79.06,101.97
2026-05-25T22:48:18.4880000,23.62,79.12,101.968
2026-05-25T22:48:19.5280000,23.63,79.26,101.968
2026-05-25T22:48:20.5790000,23.63,79.33,101.968
2026-05-25T22:48:21.6870000,23.63,79.48,101.968
2026-05-25T22:48:22.6640000,23.63,79.53,101.969
2026-05-25T22:48:23.7050000,23.63,79.59,101.969
2026-05-25T22:48:24.7460000,23.63,79.66,101.969
2026-05-25T22:48:25.7870000,23.63,79.7,101.969
2026-05-25T22:48:26.8280000,23.63,79.77,101.97
2026-05-25T22:48:27.8790000,23.63,79.85,101.969
2026-05-25T22:48:28.9200000,23.62,79.91,101.969
2026-05-25T22:48:29.9610000,23.63,79.97,101.969
2026-05-25T22:48:31.0010000,23.63,80,101.97
2026-05-25T22:48:32.0420000,23.63,80.01,101.97
2026-05-25T22:48:33.0860000,23.63,80.05,101.969
2026-05-25T22:48:34.1260000,23.63,80.14,101.97
2026-05-25T22:48:35.1780000,23.62,80.2,101.969
2026-05-25T22:48:36.2290000,23.62,80.28,101.97
2026-05-25T22:48:37.2590000,23.62,80.37,101.97
2026-05-25T22:48:38.3000000,23.63,80.43,101.97
2026-05-25T22:48:39.3410000,23.63,80.51,101.97
2026-05-25T22:48:40.3820000,23.63,80.56,101.97
2026-05-25T22:48:41.4330000,23.62,80.64,101.97
2026-05-25T22:48:42.4740000,23.62,80.69,101.97
2026-05-25T22:48:43.5150000,23.62,80.74,101.97
2026-05-25T22:48:44.5560000,23.62,80.77,101.97
2026-05-25T22:48:45.5970000,23.62,80.81,101.97
2026-05-25T22:48:46.6480000,23.62,80.86,101.97
2026-05-25T22:48:47.6890000,23.63,80.93,101.97
2026-05-25T22:48:48.7290000,23.63,80.98,101.97
2026-05-25T22:48:49.8020000,23.62,81.04,101.97
2026-05-25T22:48:50.8110000,23.62,81.11,101.969
2026-05-25T22:48:51.8620000,23.62,81.14,101.969
2026-05-25T22:48:52.9030000,23.62,81.2,101.969
2026-05-25T22:48:53.9430000,23.62,81.24,101.969
2026-05-25T22:48:54.9840000,23.62,81.3,101.969
2026-05-25T22:48:56.0250000,23.62,81.33,101.968
2026-05-25T22:48:57.0660000,23.62,81.32,101.968
2026-05-25T22:48:58.1170000,23.62,81.37,101.969
2026-05-25T22:48:59.1580000,23.62,81.37,101.969
2026-05-25T22:49:00.1990000,23.62,81.37,101.969
2026-05-25T22:49:01.2390000,23.62,81.37,101.968
2026-05-25T22:49:02.2800000,23.62,81.42,101.969
2026-05-25T22:49:03.3770000,23.62,81.41,101.968
2026-05-25T22:49:04.3760000,23.62,81.45,101.968
2026-05-25T22:49:06.4570000,23.62,81.47,101.969
2026-05-25T22:49:07.4980000,23.62,81.51,101.969
2026-05-25T22:49:08.5380000,23.61,81.49,101.968
2026-05-25T22:49:09.5790000,23.62,81.48,101.968
2026-05-25T22:49:10.6300000,23.61,81.46,101.968
2026-05-25T22:49:11.6710000,23.61,81.42,101.968
2026-05-25T22:49:12.7120000,23.61,81.49,101.968
2026-05-25T22:49:13.7530000,23.61,81.49,101.969
2026-05-25T22:49:14.7940000,23.61,81.52,101.969
2026-05-25T22:49:15.8450000,23.61,81.54,101.969
2026-05-25T22:49:16.9490000,23.61,81.52,101.968
2026-05-25T22:49:17.9260000,23.61,81.5,101.967
2026-05-25T22:49:18.9670000,23.61,81.52,101.968
2026-05-25T22:49:20.0080000,23.61,81.54,101.969
2026-05-25T22:49:21.0490000,23.61,81.58,101.969
2026-05-25T22:49:22.1000000,23.61,81.59,101.969
2026-05-25T22:49:23.1410000,23.61,81.6,101.968
2026-05-25T22:49:24.1820000,23.61,81.62,101.969
2026-05-25T22:49:25.2230000,23.61,81.63,101.968
2026-05-25T22:49:26.2640000,23.61,81.65,101.968
2026-05-25T22:49:27.3150000,23.61,81.67,101.968
2026-05-25T22:49:28.3560000,23.61,81.65,101.967
2026-05-25T22:49:29.3960000,23.61,81.66,101.967
2026-05-25T22:49:30.4370000,23.61,81.69,101.967
2026-05-25T22:49:31.4920000,23.61,81.7,101.967
2026-05-25T22:49:32.5220000,23.61,81.75,101.967
2026-05-25T22:49:33.5620000,23.61,81.77,101.967
2026-05-25T22:49:34.6140000,23.61,81.76,101.968
2026-05-25T22:49:35.6540000,23.61,81.77,101.967
2026-05-25T22:49:36.6950000,23.61,81.78,101.967
2026-05-25T22:49:37.7360000,23.61,81.78,101.967
2026-05-25T22:49:38.7770000,23.61,81.85,101.968
2026-05-25T22:49:39.8280000,23.61,81.81,101.967
2026-05-25T22:49:40.8690000,23.61,81.81,101.967
2026-05-25T22:49:41.9100000,23.61,81.82,101.967
2026-05-25T22:49:42.9500000,23.61,81.82,101.967
2026-05-25T22:49:43.9910000,23.61,81.8,101.966
2026-05-25T22:49:45.0670000,23.61,81.78,101.967
2026-05-25T22:49:46.0760000,23.61,81.83,101.967
2026-05-25T22:49:47.1280000,23.61,81.83,101.968
2026-05-25T22:49:48.1680000,23.61,81.83,101.968
2026-05-25T22:49:49.2090000,23.61,81.82,101.968
2026-05-25T22:49:50.2500000,23.61,81.83,101.968
2026-05-25T22:49:51.2910000,23.61,81.85,101.968
2026-05-25T22:49:52.3320000,23.61,81.78,101.967
2026-05-25T22:49:53.3830000,23.61,81.92,101.968
2026-05-25T22:49:54.4240000,23.61,81.85,101.968
2026-05-25T22:49:55.4640000,23.61,81.85,101.968
2026-05-25T22:49:56.5050000,23.61,81.88,101.968
2026-05-25T22:49:57.5460000,23.61,81.85,101.967
2026-05-25T22:49:58.6390000,23.61,81.86,101.968
2026-05-25T22:49:59.6380000,23.61,81.82,101.968
2026-05-25T22:50:00.6790000,23.61,81.85,101.967
2026-05-25T22:50:01.7190000,23.61,81.85,101.967
2026-05-25T22:50:02.7600000,23.61,81.88,101.967
2026-05-25T22:50:03.8010000,23.61,81.88,101.967
2026-05-25T22:50:04.8520000,23.61,81.89,101.967
2026-05-25T22:50:05.8930000,23.61,81.9,101.967
2026-05-25T22:50:06.9340000,23.61,81.9,101.967
2026-05-25T22:50:07.9750000,23.61,81.92,101.968
2026-05-25T22:50:09.0160000,23.61,81.94,101.968
2026-05-25T22:50:10.0670000,23.61,81.94,101.968
2026-05-25T22:50:11.1080000,23.61,81.93,101.967
2026-05-25T22:50:12.2150000,23.6,81.92,101.967
2026-05-25T22:50:13.1930000,23.6,81.9,101.967
2026-05-25T22:50:14.2330000,23.6,81.91,101.967
2026-05-25T22:50:15.2740000,23.6,81.89,101.967
2026-05-25T22:50:16.3150000,23.6,81.87,101.967
2026-05-25T22:50:17.3660000,23.6,81.84,101.967
2026-05-25T22:50:18.4070000,23.6,81.81,101.968
2026-05-25T22:50:19.4480000,23.6,81.8,101.968
2026-05-25T22:50:20.4880000,23.6,81.75,101.967
2026-05-25T22:50:21.5290000,23.6,81.82,101.967
2026-05-25T22:50:22.5700000,23.6,81.8,101.967
2026-05-25T22:50:23.6210000,23.6,81.72,101.967
2026-05-25T22:50:24.6620000,23.6,81.71,101.967
2026-05-25T22:50:25.7030000,23.6,81.72,101.967
2026-05-25T22:50:26.7570000,23.59,81.65,101.966
2026-05-25T22:50:27.7880000,23.59,81.65,101.966
2026-05-25T22:50:28.8280000,23.59,81.6,101.966
2026-05-25T22:50:29.8690000,23.59,81.6,101.965
2026-05-25T22:50:30.9200000,23.59,81.59,101.965
2026-05-25T22:50:31.9610000,23.59,81.56,101.966
2026-05-25T22:50:33.0020000,23.59,81.54,101.966
2026-05-25T22:50:34.0430000,23.59,81.53,101.966
2026-05-25T22:50:35.0830000,23.59,81.53,101.966
2026-05-25T22:50:36.1350000,23.59,81.49,101.967
2026-05-25T22:50:37.1750000,23.59,81.46,101.967
2026-05-25T22:50:38.2160000,23.59,81.4,101.967
2026-05-25T22:50:39.2570000,23.59,81.41,101.967
2026-05-25T22:50:40.3290000,23.59,81.35,101.967
2026-05-25T22:50:41.3380000,23.58,81.34,101.967
2026-05-25T22:50:42.3890000,23.58,81.32,101.966
2026-05-25T22:50:43.4310000,23.58,81.3,101.966
2026-05-25T22:50:44.4710000,23.58,81.3,101.967
2026-05-25T22:50:45.5120000,23.58,81.27,101.967
2026-05-25T22:50:46.5530000,23.58,81.24,101.967
2026-05-25T22:50:47.5940000,23.59,81.16,101.967
2026-05-25T22:50:48.6450000,23.58,81.19,101.967
2026-05-25T22:50:49.6860000,23.58,81.19,101.967
2026-05-25T22:50:50.7270000,23.58,81.18,101.966
2026-05-25T22:50:51.7670000,23.58,81.14,101.967
2026-05-25T22:50:52.8080000,23.58,81.11,101.966
2026-05-25T22:50:53.9050000,23.58,81.1,101.966
2026-05-25T22:50:54.8930000,23.58,81.07,101.966
2026-05-25T22:50:55.9440000,23.58,81.04,101.967
2026-05-25T22:50:56.9850000,23.58,81.03,101.967
2026-05-25T22:50:58.0260000,23.57,81.01,101.967
2026-05-25T22:50:59.0670000,23.57,80.97,101.967
2026-05-25T22:51:00.1080000,23.57,80.95,101.967
2026-05-25T22:51:01.1590000,23.57,80.95,101.967
2026-05-25T22:51:02.2000000,23.57,80.91,101.967
2026-05-25T22:51:03.2410000,23.57,80.87,101.967
2026-05-25T22:51:04.2810000,23.57,80.85,101.968
2026-05-25T22:51:05.3220000,23.57,80.84,101.968
2026-05-25T22:51:06.3630000,23.57,80.78,101.968
2026-05-25T22:51:07.4770000,23.57,80.8,101.968
2026-05-25T22:51:08.4550000,23.57,80.73,101.968
2026-05-25T22:51:09.4950000,23.57,80.71,101.967
2026-05-25T22:51:10.5360000,23.56,80.7,101.967
2026-05-25T22:51:11.5770000,23.56,80.69,101.967
2026-05-25T22:51:12.6280000,23.57,80.67,101.968
2026-05-25T22:51:13.6690000,23.57,80.64,101.967
2026-05-25T22:51:14.7100000,23.57,80.64,101.967
2026-05-25T22:51:15.7510000,23.57,80.6,101.967
2026-05-25T22:51:16.7920000,23.57,80.6,101.967
2026-05-25T22:51:17.8330000,23.56,80.58,101.967
2026-05-25T22:51:18.8840000,23.56,80.58,101.967
2026-05-25T22:51:19.9250000,23.56,80.56,101.966
2026-05-25T22:51:20.9650000,23.56,80.55,101.967
2026-05-25T22:51:22.0200000,23.56,80.54,101.967
2026-05-25T22:51:23.0510000,23.56,80.53,101.967
2026-05-25T22:51:24.0910000,23.56,80.52,101.967
2026-05-25T22:51:25.1320000,23.56,80.5,101.967
2026-05-25T22:51:26.1840000,23.56,80.49,101.966
2026-05-25T22:51:27.2240000,23.56,80.46,101.966
2026-05-25T22:51:28.2650000,23.56,80.45,101.966
2026-05-25T22:51:29.3060000,23.56,80.42,101.966
2026-05-25T22:51:30.3460000,23.56,80.42,101.966
2026-05-25T22:51:31.3870000,23.56,80.38,101.967
2026-05-25T22:51:32.4380000,23.56,80.41,101.967
2026-05-25T22:51:33.4790000,23.56,80.39,101.966
2026-05-25T22:51:34.5200000,23.56,80.35,101.967
2026-05-25T22:51:35.5950000,23.56,80.35,101.967
2026-05-25T22:51:36.6050000,23.56,80.3,101.966
2026-05-25T22:51:37.6450000,23.56,80.29,101.966
2026-05-25T22:51:38.6860000,23.56,80.27,101.966
2026-05-25T22:51:39.7370000,23.56,80.26,101.965
2026-05-25T22:51:40.7780000,23.56,80.25,101.966
2026-05-25T22:51:41.8190000,23.56,80.22,101.965
2026-05-25T22:51:42.8600000,23.56,80.19,101.965
2026-05-25T22:51:43.9000000,23.56,80.17,101.965
2026-05-25T22:51:44.9410000,23.56,80.16,101.964
2026-05-25T22:51:45.9930000,23.56,80.16,101.964
2026-05-25T22:51:47.0330000,23.56,80.12,101.964
2026-05-25T22:51:48.0740000,23.56,80.13,101.964
2026-05-25T22:51:49.1670000,23.55,80.06,101.965
2026-05-25T22:51:50.1550000,23.55,80.05,101.965
2026-05-25T22:51:51.2070000,23.56,80.05,101.966
2026-05-25T22:51:52.2470000,23.56,80.02,101.966
2026-05-25T22:51:53.2880000,23.56,80.01,101.966
2026-05-25T22:51:54.3290000,23.55,79.99,101.966
2026-05-25T22:51:55.3700000,23.55,79.96,101.966
2026-05-25T22:51:56.4210000,23.55,79.94,101.966
2026-05-25T22:51:57.4620000,23.55,79.92,101.966
2026-05-25T22:51:58.5020000,23.55,79.91,101.967
2026-05-25T22:51:59.5430000,23.55,79.88,101.967
2026-05-25T22:52:00.5840000,23.55,79.82,101.967
2026-05-25T22:52:01.6240000,23.55,79.88,101.967
2026-05-25T22:52:02.7420000,23.55,79.87,101.966
2026-05-25T22:52:03.7130000,23.55,79.83,101.967
2026-05-25T22:52:04.7540000,23.56,79.83,101.966
2026-05-25T22:52:05.7950000,23.56,79.81,101.967
2026-05-25T22:52:06.8460000,23.56,79.8,101.967
2026-05-25T22:52:07.8870000,23.55,79.78,101.967
2026-05-25T22:52:08.9280000,23.55,79.77,101.967
2026-05-25T22:52:09.9690000,23.55,79.76,101.966
2026-05-25T22:52:11.0090000,23.55,79.76,101.967
2026-05-25T22:52:12.0500000,23.55,79.69,101.966
2026-05-25T22:52:13.1020000,23.55,79.67,101.966
2026-05-25T22:52:14.1420000,23.55,79.67,101.966
2026-05-25T22:52:15.1830000,23.55,79.66,101.966
2026-05-25T22:52:16.2240000,23.54,79.63,101.966
2026-05-25T22:52:17.2850000,23.54,79.54,101.966
2026-05-25T22:52:18.3160000,23.54,79.56,101.966
2026-05-25T22:52:19.3560000,23.55,79.54,101.967
2026-05-25T22:52:20.3970000,23.55,79.54,101.967
2026-05-25T22:52:21.4380000,23.55,79.51,101.966
2026-05-25T22:52:22.4790000,23.55,79.48,101.966
2026-05-25T22:52:23.5300000,23.55,79.48,101.966
2026-05-25T22:52:24.5710000,23.55,79.52,101.966
2026-05-25T22:52:25.6110000,23.55,79.46,101.966
2026-05-25T22:52:26.6520000,23.55,79.41,101.967
2026-05-25T22:52:27.6930000,23.54,79.41,101.967
2026-05-25T22:52:28.7340000,23.54,79.4,101.966
2026-05-25T22:52:29.7850000,23.54,79.33,101.966
2026-05-25T22:52:30.8610000,23.54,79.36,101.967
2026-05-25T22:52:31.8700000,23.54,79.33,101.967
2026-05-25T22:52:32.9110000,23.54,79.29,101.967
2026-05-25T22:52:33.9520000,23.54,79.27,101.967
2026-05-25T22:52:34.9930000,23.54,79.26,101.967
2026-05-25T22:52:36.0340000,23.54,79.26,101.966
2026-05-25T22:52:37.0740000,23.54,79.24,101.966
2026-05-25T22:52:38.1250000,23.54,79.19,101.964
2026-05-25T22:52:39.1660000,23.54,79.24,101.965
2026-05-25T22:52:40.2070000,23.54,79.22,101.965
2026-05-25T22:52:41.2470000,23.54,79.2,101.965
2026-05-25T22:52:42.2880000,23.54,79.16,101.966
2026-05-25T22:52:43.3400000,23.54,79.16,101.966
2026-05-25T22:52:44.4360000,23.54,79.12,101.966
2026-05-25T22:52:45.4240000,23.54,79.13,101.966
2026-05-25T22:52:46.4650000,23.54,79.1,101.966
2026-05-25T22:52:47.5060000,23.54,79.09,101.966
2026-05-25T22:52:48.5470000,23.54,79.08,101.966
2026-05-25T22:52:49.5870000,23.54,79.09,101.966
2026-05-25T22:52:50.6390000,23.54,79.08,101.966
2026-05-25T22:52:51.6800000,23.54,79.06,101.965
2026-05-25T22:52:52.7200000,23.54,79.06,101.967
2026-05-25T22:52:53.7620000,23.54,79.03,101.967
2026-05-25T22:52:54.8020000,23.54,79.05,101.967
2026-05-25T22:52:55.8430000,23.54,79.02,101.966
2026-05-25T22:52:56.8950000,23.54,78.98,101.967
2026-05-25T22:52:57.9350000,23.54,79.04,101.966
2026-05-25T22:52:58.9830000,23.54,79,101.965
2026-05-25T22:53:00.0240000,23.54,78.97,101.966
2026-05-25T22:53:01.0650000,23.54,78.97,101.966
2026-05-25T22:53:02.1050000,23.54,78.97,101.966
2026-05-25T22:53:03.1460000,23.54,78.96,101.966
2026-05-25T22:53:04.1870000,23.54,78.93,101.966
2026-05-25T22:53:05.2270000,23.54,78.91,101.967
2026-05-25T22:53:06.2780000,23.54,78.89,101.967
2026-05-25T22:53:07.3190000,23.54,78.88,101.967
2026-05-25T22:53:08.3600000,23.54,78.88,101.967
2026-05-25T22:53:09.4010000,23.54,78.86,101.967
2026-05-25T22:53:10.4420000,23.54,78.87,101.967
2026-05-25T22:53:11.4930000,23.54,78.84,101.967
2026-05-25T22:53:12.5580000,23.54,78.79,101.967
2026-05-25T22:53:13.5780000,23.54,78.79,101.967
2026-05-25T22:53:14.6190000,23.54,78.8,101.966
2026-05-25T22:53:15.6600000,23.54,78.77,101.966
2026-05-25T22:53:16.7000000,23.54,78.75,101.966
2026-05-25T22:53:17.7410000,23.54,78.74,101.966
2026-05-25T22:53:18.7920000,23.54,78.72,101.966
2026-05-25T22:53:19.8330000,23.54,78.64,101.966
2026-05-25T22:53:20.8740000,23.54,78.73,101.966
2026-05-25T22:53:21.9150000,23.54,78.72,101.966
2026-05-25T22:53:22.9560000,23.54,78.7,101.965
2026-05-25T22:53:24.0070000,23.54,78.65,101.965
2026-05-25T22:53:25.0480000,23.54,78.66,101.966
2026-05-25T22:53:26.1300000,23.54,78.66,101.966
2026-05-25T22:53:27.1290000,23.54,78.65,101.966
2026-05-25T22:53:28.1700000,23.54,78.65,101.966
2026-05-25T22:53:29.2110000,23.54,78.64,101.966
2026-05-25T22:53:30.2620000,23.54,78.64,101.966
2026-05-25T22:53:31.3030000,23.54,78.63,101.966
2026-05-25T22:53:32.3440000,23.54,78.61,101.966
2026-05-25T22:53:33.3850000,23.54,78.6,101.967
2026-05-25T22:53:34.4250000,23.54,78.6,101.966
2026-05-25T22:53:35.4770000,23.54,78.59,101.967
2026-05-25T22:53:36.5180000,23.54,78.58,101.967
2026-05-25T22:53:37.5580000,23.54,78.53,101.967
2026-05-25T22:53:38.5990000,23.54,78.54,101.967
2026-05-25T22:53:39.7060000,23.54,78.52,101.967
2026-05-25T22:53:40.6840000,23.54,78.49,101.967
2026-05-25T22:53:41.7250000,23.54,78.48,101.967
2026-05-25T22:53:42.7660000,23.54,78.45,101.967
2026-05-25T22:53:43.8170000,23.54,78.46,101.967
2026-05-25T22:53:44.8580000,23.54,78.43,101.968
2026-05-25T22:53:45.8990000,23.54,78.41,101.968
2026-05-25T22:53:46.9400000,23.54,78.41,101.968
2026-05-25T22:53:47.9800000,23.54,78.41,101.967
2026-05-25T22:53:49.0210000,23.54,78.36,101.967
2026-05-25T22:53:50.0720000,23.54,78.38,101.967
2026-05-25T22:53:51.1130000,23.54,78.37,101.967
2026-05-25T22:53:52.1540000,23.54,78.36,101.967
2026-05-25T22:53:53.1950000,23.54,78.32,101.967
2026-05-25T22:53:54.2490000,23.54,78.3,101.966
2026-05-25T22:53:55.2800000,23.54,78.29,101.965
2026-05-25T22:53:56.3200000,23.54,78.3,101.966
2026-05-25T22:53:57.3720000,23.54,78.29,101.965
2026-05-25T22:53:58.4120000,23.54,78.28,101.965
2026-05-25T22:53:59.4530000,23.54,78.27,101.965
2026-05-25T22:54:00.4940000,23.54,78.24,101.965
2026-05-25T22:54:01.5350000,23.54,78.27,101.965
2026-05-25T22:54:02.5860000,23.54,78.25,101.965
2026-05-25T22:54:03.6270000,23.54,78.24,101.965
2026-05-25T22:54:04.6670000,23.54,78.22,101.966
2026-05-25T22:54:05.7080000,23.54,78.2,101.966
2026-05-25T22:54:06.7490000,23.54,78.24,101.966
2026-05-25T22:54:07.8250000,23.54,78.2,101.967
2026-05-25T22:54:08.8340000,23.54,78.15,101.967
2026-05-25T22:54:09.8850000,23.54,78.14,101.966
2026-05-25T22:54:10.9260000,23.54,78.13,101.967
2026-05-25T22:54:11.9670000,23.54,78.13,101.968
2026-05-25T22:54:13.0070000,23.54,78.1,101.968
2026-05-25T22:54:14.0480000,23.54,78.09,101.968
2026-05-25T22:54:15.0890000,23.54,78.16,101.967
2026-05-25T22:54:16.1400000,23.54,78.1,101.967
2026-05-25T22:54:17.1810000,23.54,78.09,101.968
2026-05-25T22:54:18.2210000,23.54,78.09,101.968
2026-05-25T22:54:19.2620000,23.54,78.08,101.969
2026-05-25T22:54:20.3030000,23.54,78.04,101.968
2026-05-25T22:54:21.3960000,23.54,78.03,101.969
2026-05-25T22:54:22.3950000,23.54,78.03,101.969
2026-05-25T22:54:23.4350000,23.54,78,101.969
2026-05-25T22:54:24.4760000,23.54,77.99,101.969
2026-05-25T22:54:25.5170000,23.54,77.97,101.969
2026-05-25T22:54:26.5680000,23.54,77.98,101.969
2026-05-25T22:54:27.6090000,23.54,77.96,101.969
2026-05-25T22:54:28.6500000,23.54,77.95,101.969
2026-05-25T22:54:29.6900000,23.54,77.94,101.969
2026-05-25T22:54:30.7310000,23.54,77.92,101.968
2026-05-25T22:54:31.7720000,23.54,77.9,101.968
2026-05-25T22:54:32.8230000,23.54,77.88,101.968
2026-05-25T22:54:33.8640000,23.54,77.94,101.968
2026-05-25T22:54:34.9710000,23.54,77.87,101.969
2026-05-25T22:54:35.9490000,23.54,77.87,101.968
2026-05-25T22:54:36.9890000,23.54,77.86,101.969
2026-05-25T22:54:38.0300000,23.54,77.85,101.968
2026-05-25T22:54:39.0810000,23.54,77.83,101.968
2026-05-25T22:54:40.1220000,23.54,77.83,101.968
2026-05-25T22:54:41.1630000,23.54,77.83,101.968
2026-05-25T22:54:42.2030000,23.54,77.82,101.968
2026-05-25T22:54:43.2440000,23.54,77.81,101.968
2026-05-25T22:54:44.2850000,23.54,77.82,101.969
2026-05-25T22:54:45.3360000,23.54,77.8,101.969
2026-05-25T22:54:46.3770000,23.54,77.78,101.969
2026-05-25T22:54:47.4180000,23.54,77.78,101.969
2026-05-25T22:54:48.4590000,23.54,77.75,101.969
2026-05-25T22:54:49.5170000,23.54,77.73,101.968
2026-05-25T22:54:50.5470000,23.54,77.73,101.968
2026-05-25T22:54:51.5880000,23.54,77.73,101.968
2026-05-25T22:54:52.6290000,23.54,77.72,101.967
2026-05-25T22:54:53.6690000,23.54,77.73,101.967
2026-05-25T22:54:54.7210000,23.54,77.71,101.968
2026-05-25T22:54:55.7610000,23.54,77.71,101.968
2026-05-25T22:54:56.8020000,23.54,77.73,101.969
2026-05-25T22:54:57.8430000,23.54,77.68,101.969
2026-05-25T22:54:58.8840000,23.54,77.7,101.969
2026-05-25T22:54:59.9350000,23.54,77.68,101.969
2026-05-25T22:55:00.9760000,23.54,77.67,101.969
2026-05-25T22:55:02.0160000,23.54,77.64,101.969
2026-05-25T22:55:03.0920000,23.54,77.64,101.968
2026-05-25T22:55:04.1010000,23.54,77.62,101.968
2026-05-25T22:55:05.1420000,23.54,77.62,101.968
2026-05-25T22:55:06.1830000,23.54,77.61,101.969
2026-05-25T22:55:07.2340000,23.54,77.6,101.969
2026-05-25T22:55:08.2750000,23.54,77.61,101.969
2026-05-25T22:55:09.3160000,23.54,77.59,101.969
2026-05-25T22:55:10.3570000,23.54,77.59,101.969
2026-05-25T22:55:11.3970000,23.54,77.61,101.969
2026-05-25T22:55:12.4380000,23.54,77.57,101.969
2026-05-25T22:55:14.5300000,23.54,77.54,101.969
2026-05-25T22:55:15.5710000,23.54,77.57,101.969
2026-05-25T22:55:16.6680000,23.54,77.56,101.969
2026-05-25T22:55:17.6560000,23.54,77.56,101.968
2026-05-25T22:55:18.6970000,23.54,77.54,101.969
2026-05-25T22:55:19.7380000,23.54,77.53,101.969
2026-05-25T22:55:20.7890000,23.54,77.53,101.968
2026-05-25T22:55:21.8300000,23.55,77.53,101.969
2026-05-25T22:55:22.8700000,23.55,77.53,101.969
2026-05-25T22:55:23.9110000,23.55,77.51,101.969
2026-05-25T22:55:24.9520000,23.55,77.51,101.968
2026-05-25T22:55:26.0030000,23.55,77.49,101.969
2026-05-25T22:55:27.0440000,23.55,77.48,101.969
2026-05-25T22:55:28.0840000,23.55,77.48,101.969
2026-05-25T22:55:29.1250000,23.55,77.47,101.969
2026-05-25T22:55:30.1660000,23.55,77.45,101.969
2026-05-25T22:55:31.2140000,23.55,77.43,101.969
2026-05-25T22:55:32.2540000,23.55,77.42,101.969
2026-05-25T22:55:33.2950000,23.55,77.43,101.969
2026-05-25T22:55:34.3360000,23.55,77.41,101.97
2026-05-25T22:55:35.3870000,23.55,77.4,101.97
2026-05-25T22:55:36.4280000,23.55,77.39,101.97
2026-05-25T22:55:37.4690000,23.55,77.39,101.969
2026-05-25T22:55:38.5100000,23.55,77.35,101.969
2026-05-25T22:55:39.5500000,23.55,77.38,101.969
2026-05-25T22:55:40.6020000,23.55,77.36,101.969
2026-05-25T22:55:41.6430000,23.55,77.34,101.969
2026-05-25T22:55:42.6830000,23.55,77.34,101.97
2026-05-25T22:55:43.7240000,23.55,77.36,101.971
2026-05-25T22:55:44.7860000,23.55,77.35,101.971
2026-05-25T22:55:45.8060000,23.55,77.32,101.971
2026-05-25T22:55:46.8570000,23.55,77.32,101.971
2026-05-25T22:55:47.8980000,23.55,77.32,101.971
2026-05-25T22:55:48.9380000,23.55,77.29,101.97
2026-05-25T22:55:49.9790000,23.55,77.3,101.97
2026-05-25T22:55:51.0200000,23.55,77.3,101.97
2026-05-25T22:55:52.0710000,23.55,77.28,101.969
2026-05-25T22:55:53.1120000,23.55,77.31,101.97
2026-05-25T22:55:54.1530000,23.55,77.25,101.97
2026-05-25T22:55:55.1940000,23.55,77.21,101.97
2026-05-25T22:55:56.2340000,23.55,77.22,101.971
2026-05-25T22:55:57.2750000,23.55,77.25,101.971
2026-05-25T22:55:58.3650000,23.55,77.23,101.971
2026-05-25T22:55:59.3640000,23.55,77.22,101.971
2026-05-25T22:56:00.4040000,23.55,77.22,101.971
2026-05-25T22:56:01.4560000,23.55,77.21,101.971
2026-05-25T22:56:02.4960000,23.55,77.21,101.97
2026-05-25T22:56:03.5370000,23.55,77.2,101.97
2026-05-25T22:56:04.5780000,23.55,77.19,101.971
2026-05-25T22:56:05.6190000,23.55,77.19,101.971
2026-05-25T22:56:06.6700000,23.55,77.2,101.971
2026-05-25T22:56:07.7110000,23.55,77.19,101.97
2026-05-25T22:56:08.7510000,23.55,77.21,101.969
2026-05-25T22:56:09.7920000,23.55,77.18,101.969
2026-05-25T22:56:10.8330000,23.55,77.15,101.969
2026-05-25T22:56:11.9400000,23.55,77.12,101.969
2026-05-25T22:56:12.9180000,23.55,77.17,101.969
2026-05-25T22:56:13.9690000,23.55,77.09,101.97
2026-05-25T22:56:15.0100000,23.55,77.08,101.97
2026-05-25T22:56:16.0500000,23.55,77.08,101.97
2026-05-25T22:56:17.0910000,23.55,77.07,101.971
2026-05-25T22:56:18.1320000,23.55,77.06,101.971
2026-05-25T22:56:19.1830000,23.55,77.06,101.97
2026-05-25T22:56:20.2240000,23.55,77.04,101.97
2026-05-25T22:56:21.2650000,23.55,77.07,101.97
2026-05-25T22:56:22.3060000,23.55,77.04,101.97
2026-05-25T22:56:23.3470000,23.55,77.01,101.969
2026-05-25T22:56:24.3870000,23.55,77.04,101.969
2026-05-25T22:56:25.4390000,23.55,77.03,101.97
2026-05-25T22:56:26.4830000,23.55,76.99,101.97
2026-05-25T22:56:27.5240000,23.55,77,101.971
2026-05-25T22:56:28.5650000,23.55,76.99,101.971
2026-05-25T22:56:29.6050000,23.55,76.96,101.971
2026-05-25T22:56:30.6460000,23.55,76.97,101.97
2026-05-25T22:56:31.6870000,23.55,76.95,101.97
2026-05-25T22:56:32.7380000,23.55,76.94,101.97
2026-05-25T22:56:33.7790000,23.55,76.99,101.97
2026-05-25T22:56:34.8200000,23.55,76.93,101.97
2026-05-25T22:56:35.8610000,23.55,76.98,101.971
2026-05-25T22:56:36.9010000,23.55,76.97,101.97
2026-05-25T22:56:37.9520000,23.55,76.92,101.97
2026-05-25T22:56:38.9930000,23.55,76.92,101.97
2026-05-25T22:56:40.0550000,23.55,76.92,101.969
2026-05-25T22:56:41.0750000,23.55,76.9,101.969
2026-05-25T22:56:42.1160000,23.55,76.92,101.969
2026-05-25T22:56:43.1670000,23.55,76.92,101.969
2026-05-25T22:56:44.2080000,23.55,76.9,101.969
2026-05-25T22:56:45.2480000,23.55,76.9,101.969
2026-05-25T22:56:46.2890000,23.55,76.89,101.969
2026-05-25T22:56:47.3300000,23.55,76.88,101.969
2026-05-25T22:56:48.3810000,23.55,76.87,101.969
2026-05-25T22:56:49.4220000,23.56,76.87,101.97
2026-05-25T22:56:50.4630000,23.56,76.87,101.97
2026-05-25T22:56:51.5040000,23.56,76.88,101.97
2026-05-25T22:56:52.5450000,23.56,76.92,101.97
2026-05-25T22:56:53.6280000,23.56,76.86,101.97
2026-05-25T22:56:54.6370000,23.56,76.87,101.97
2026-05-25T22:56:55.6780000,23.56,76.87,101.969
2026-05-25T22:56:56.7190000,23.56,76.86,101.969
2026-05-25T22:56:57.7590000,23.55,76.85,101.968
2026-05-25T22:56:58.8000000,23.56,76.86,101.969
2026-05-25T22:56:59.8510000,23.56,76.84,101.969
2026-05-25T22:57:00.8920000,23.56,76.87,101.969
2026-05-25T22:57:01.9330000,23.56,76.77,101.97
2026-05-25T22:57:02.9740000,23.56,76.8,101.969
2026-05-25T22:57:04.0140000,23.56,76.84,101.969
2026-05-25T22:57:05.0660000,23.56,76.73,101.968
2026-05-25T22:57:07.2030000,23.56,76.78,101.968
2026-05-25T22:57:08.1920000,23.56,76.74,101.968
2026-05-25T22:57:09.2320000,23.56,76.75,101.968
2026-05-25T22:57:10.2730000,23.56,76.72,101.968
2026-05-25T22:57:11.3140000,23.56,76.72,101.968
2026-05-25T22:57:12.3650000,23.56,76.71,101.967
2026-05-25T22:57:13.4060000,23.56,76.71,101.967
2026-05-25T22:57:14.4470000,23.56,76.7,101.967
2026-05-25T22:57:15.4880000,23.56,76.68,101.967
2026-05-25T22:57:16.5280000,23.56,76.68,101.967
2026-05-25T22:57:17.5800000,23.56,76.7,101.967
2026-05-25T22:57:18.6200000,23.56,76.65,101.968
2026-05-25T22:57:19.6610000,23.56,76.65,101.968
2026-05-25T22:57:20.7020000,23.56,76.59,101.969
2026-05-25T22:57:21.7500000,23.56,76.62,101.97
2026-05-25T22:57:22.7900000,23.56,76.63,101.97
2026-05-25T22:57:23.8310000,23.56,76.62,101.97
2026-05-25T22:57:24.8720000,23.56,76.6,101.969
2026-05-25T22:57:25.9120000,23.56,76.61,101.968
2026-05-25T22:57:26.9640000,23.56,76.6,101.969
2026-05-25T22:57:28.0040000,23.56,76.6,101.969
2026-05-25T22:57:30.0860000,23.56,76.62,101.969
2026-05-25T22:57:31.1270000,23.56,76.56,101.969
2026-05-25T22:57:32.1780000,23.56,76.6,101.969
2026-05-25T22:57:33.2190000,23.56,76.56,101.969
2026-05-25T22:57:34.2600000,23.56,76.6,101.968
2026-05-25T22:57:35.3250000,23.56,76.53,101.969
2026-05-25T22:57:36.3450000,23.56,76.56,101.969
2026-05-25T22:57:37.3860000,23.56,76.54,101.97
2026-05-25T22:57:38.4270000,23.56,76.54,101.97
2026-05-25T22:57:39.4780000,23.56,76.54,101.969
2026-05-25T22:57:40.5190000,23.56,76.53,101.968
2026-05-25T22:57:41.5600000,23.56,76.53,101.969
2026-05-25T22:57:42.6000000,23.56,76.47,101.969
2026-05-25T22:57:43.6410000,23.56,76.47,101.97
2026-05-25T22:57:44.6820000,23.56,76.5,101.97
2026-05-25T22:57:45.7330000,23.56,76.48,101.97
2026-05-25T22:57:46.7740000,23.56,76.51,101.97
2026-05-25T22:57:47.8140000,23.56,76.49,101.97
2026-05-25T22:57:48.9040000,23.56,76.49,101.971
2026-05-25T22:57:49.9030000,23.56,76.43,101.971
2026-05-25T22:57:50.9440000,23.56,76.4,101.971
2026-05-25T22:57:51.9840000,23.56,76.41,101.97
2026-05-25T22:57:53.0250000,23.56,76.4,101.97
2026-05-25T22:57:54.0660000,23.56,76.39,101.97
2026-05-25T22:57:55.1170000,23.56,76.39,101.969
2026-05-25T22:57:56.1580000,23.56,76.39,101.969
2026-05-25T22:57:57.1990000,23.56,76.39,101.968
2026-05-25T22:57:58.2400000,23.56,76.36,101.968
2026-05-25T22:57:59.2810000,23.56,76.38,101.968
2026-05-25T22:58:00.3320000,23.56,76.37,101.969
2026-05-25T22:58:01.3730000,23.57,76.4,101.969
2026-05-25T22:58:02.4800000,23.57,76.34,101.969
2026-05-25T22:58:03.4580000,23.57,76.34,101.969
2026-05-25T22:58:04.4990000,23.57,76.34,101.969
2026-05-25T22:58:05.5390000,23.57,76.33,101.969
2026-05-25T22:58:06.5800000,23.57,76.34,101.968
2026-05-25T22:58:07.6320000,23.56,76.32,101.969
2026-05-25T22:58:08.6720000,23.57,76.33,101.969
2026-05-25T22:58:09.7130000,23.57,76.32,101.97
2026-05-25T22:58:10.7540000,23.57,76.38,101.97
2026-05-25T22:58:11.7950000,23.57,76.27,101.97
2026-05-25T22:58:12.8460000,23.57,76.3,101.97
2026-05-25T22:58:13.8870000,23.57,76.34,101.97
2026-05-25T22:58:14.9270000,23.57,76.27,101.969
2026-05-25T22:58:15.9680000,23.57,76.3,101.97
2026-05-25T22:58:17.0260000,23.57,76.26,101.97
2026-05-25T22:58:18.0570000,23.57,76.27,101.97
2026-05-25T22:58:19.0980000,23.57,76.25,101.97
2026-05-25T22:58:20.1380000,23.57,76.25,101.97
2026-05-25T22:58:21.1790000,23.57,76.24,101.97
2026-05-25T22:58:22.2310000,23.57,76.23,101.969
2026-05-25T22:58:23.2710000,23.57,76.23,101.969
2026-05-25T22:58:24.3120000,23.57,76.15,101.97
2026-05-25T22:58:25.3530000,23.57,76.22,101.969
2026-05-25T22:58:26.3940000,23.57,76.21,101.97
2026-05-25T22:58:27.4450000,23.57,76.2,101.97
2026-05-25T22:58:28.4860000,23.57,76.21,101.97
2026-05-25T22:58:29.5260000,23.57,76.18,101.97
2026-05-25T22:58:30.6020000,23.57,76.19,101.97
2026-05-25T22:58:31.6110000,23.57,76.18,101.969
2026-05-25T22:58:32.6520000,23.57,76.18,101.969
2026-05-25T22:58:33.6930000,23.57,76.18,101.969
2026-05-25T22:58:34.7440000,23.57,76.18,101.969
2026-05-25T22:58:35.7850000,23.57,76.17,101.969
2026-05-25T22:58:36.8260000,23.57,76.17,101.97
2026-05-25T22:58:37.8670000,23.57,76.17,101.969
2026-05-25T22:58:38.9070000,23.57,76.17,101.969
2026-05-25T22:58:39.9580000,23.57,76.19,101.969
2026-05-25T22:58:40.9990000,23.57,76.15,101.969
2026-05-25T22:58:42.0400000,23.57,76.15,101.97
2026-05-25T22:58:43.0810000,23.57,76.12,101.969
2026-05-25T22:58:44.1780000,23.57,76.12,101.97
2026-05-25T22:58:45.1660000,23.57,76.13,101.97
2026-05-25T22:58:46.2070000,23.57,76.12,101.97
2026-05-25T22:58:47.2580000,23.57,76.1,101.971
2026-05-25T22:58:48.2990000,23.57,76.11,101.971
2026-05-25T22:58:49.3400000,23.57,76.09,101.971
2026-05-25T22:58:50.3800000,23.57,76.1,101.97
2026-05-25T22:58:51.4210000,23.57,76.09,101.971
2026-05-25T22:58:52.4720000,23.58,76.08,101.971
2026-05-25T22:58:53.5130000,23.58,76.08,101.97
2026-05-25T22:58:54.5540000,23.58,76.07,101.971
2026-05-25T22:58:55.5940000,23.58,76.05,101.971
2026-05-25T22:58:56.6350000,23.58,76.05,101.971
2026-05-25T22:58:57.7530000,23.58,76.06,101.971
2026-05-25T22:58:58.7230000,23.58,76.06,101.972
2026-05-25T22:58:59.7640000,23.57,76.07,101.971
2026-05-25T22:59:00.8050000,23.58,76.04,101.971
2026-05-25T22:59:01.8560000,23.58,76.04,101.971
2026-05-25T22:59:02.8970000,23.58,76.04,101.971
2026-05-25T22:59:03.9380000,23.58,76.03,101.972
2026-05-25T22:59:04.9790000,23.58,76.03,101.972
2026-05-25T22:59:06.0200000,23.58,76.06,101.971
2026-05-25T22:59:07.0710000,23.58,76.02,101.971
2026-05-25T22:59:08.1110000,23.58,76.02,101.971
2026-05-25T22:59:09.1520000,23.57,76.05,101.971
2026-05-25T22:59:10.1930000,23.58,76,101.971
2026-05-25T22:59:11.2340000,23.58,76.02,101.971
2026-05-25T22:59:12.2990000,23.58,76.07,101.971
2026-05-25T22:59:13.3190000,23.58,76.06,101.972
2026-05-25T22:59:14.3700000,23.58,76.06,101.972
2026-05-25T22:59:15.4110000,23.58,76.06,101.972
2026-05-25T22:59:16.4510000,23.58,76.06,101.971
2026-05-25T22:59:17.4920000,23.58,76.08,101.972
2026-05-25T22:59:18.5330000,23.58,76.07,101.971
2026-05-25T22:59:19.5840000,23.58,76.03,101.971
2026-05-25T22:59:20.6250000,23.58,76.06,101.971
2026-05-25T22:59:21.6650000,23.58,76.03,101.972
2026-05-25T22:59:22.7060000,23.58,76.02,101.972
2026-05-25T22:59:23.7470000,23.58,76.04,101.972
2026-05-25T22:59:24.7980000,23.58,76.06,101.972
2026-05-25T22:59:25.8770000,23.58,76.07,101.972
2026-05-25T22:59:26.8760000,23.58,76.05,101.973
2026-05-25T22:59:27.9270000,23.58,76.05,101.973
2026-05-25T22:59:28.9680000,23.59,76.06,101.974
2026-05-25T22:59:30.0090000,23.59,76.05,101.974
2026-05-25T22:59:31.0500000,23.59,76.06,101.973
2026-05-25T22:59:32.0900000,23.59,76.06,101.972
2026-05-25T22:59:33.1310000,23.58,76.04,101.971
2026-05-25T22:59:34.1830000,23.58,76.02,101.972
2026-05-25T22:59:35.2240000,23.59,76.06,101.972
2026-05-25T22:59:36.2640000,23.59,76.05,101.972
2026-05-25T22:59:37.3050000,23.58,76.03,101.972
2026-05-25T22:59:38.3460000,23.59,76.01,101.973
2026-05-25T22:59:39.4500000,23.58,76.01,101.972
2026-05-25T22:59:40.4380000,23.58,76.01,101.972
2026-05-25T22:59:41.4790000,23.58,76.02,101.973
2026-05-25T22:59:42.5190000,23.59,76.03,101.973
2026-05-25T22:59:43.5600000,23.59,76.02,101.973
2026-05-25T22:59:44.6110000,23.59,76.04,101.973
2026-05-25T22:59:45.6520000,23.59,76.06,101.973
2026-05-25T22:59:46.6930000,23.59,76.09,101.973
2026-05-25T22:59:47.7330000,23.59,76.13,101.972
2026-05-25T22:59:48.7740000,23.59,76.12,101.973
2026-05-25T22:59:49.8260000,23.59,76.15,101.972
2026-05-25T22:59:50.8660000,23.59,76.13,101.972
2026-05-25T22:59:51.9070000,23.59,76.12,101.972
2026-05-25T22:59:52.9480000,23.59,76.21,101.972
2026-05-25T22:59:53.9920000,23.59,76.16,101.972
2026-05-25T22:59:55.0330000,23.59,76.18,101.971
2026-05-25T22:59:56.0740000,23.59,76.21,101.972
2026-05-25T22:59:57.1250000,23.59,76.22,101.972
2026-05-25T22:59:58.1660000,23.59,76.26,101.971
2026-05-25T22:59:59.2070000,23.6,76.27,101.971
2026-05-25T23:00:00.2480000,23.6,76.31,101.971
2026-05-25T23:00:01.2890000,23.6,76.35,101.972
2026-05-25T23:00:02.3400000,23.6,76.41,101.972
2026-05-25T23:00:03.3800000,23.6,76.43,101.972
2026-05-25T23:00:04.4210000,23.6,76.48,101.972
2026-05-25T23:00:05.4620000,23.6,76.55,101.972
2026-05-25T23:00:06.5030000,23.6,76.61,101.972
2026-05-25T23:00:07.5680000,23.61,76.7,101.973
2026-05-25T23:00:08.5880000,23.61,76.74,101.973
2026-05-25T23:00:09.6390000,23.6,76.8,101.972
2026-05-25T23:00:10.6800000,23.61,76.85,101.973
2026-05-25T23:00:11.7200000,23.61,76.91,101.973
2026-05-25T23:00:12.7610000,23.61,76.95,101.973
2026-05-25T23:00:13.8020000,23.61,77.03,101.973
2026-05-25T23:00:14.8530000,23.61,77.16,101.973
2026-05-25T23:00:15.8940000,23.61,77.17,101.973
2026-05-25T23:00:16.9350000,23.61,77.2,101.974
2026-05-25T23:00:17.9760000,23.61,77.25,101.974
2026-05-25T23:00:19.0160000,23.61,77.27,101.974
2026-05-25T23:00:20.0680000,23.62,77.28,101.975
2026-05-25T23:00:21.1400000,23.62,77.39,101.974
2026-05-25T23:00:22.1490000,23.62,77.46,101.974
2026-05-25T23:00:23.1900000,23.62,77.53,101.974
2026-05-25T23:00:24.2310000,23.62,77.58,101.974
2026-05-25T23:00:25.2720000,23.62,77.6,101.974
2026-05-25T23:00:26.3230000,23.62,77.65,101.973
2026-05-25T23:00:27.3640000,23.62,77.71,101.973
2026-05-25T23:00:28.4040000,23.62,77.84,101.973
2026-05-25T23:00:29.4450000,23.62,77.82,101.973