time,bme_temperature_c,bme_humidity_pct,bme_pressure_hpa
2026-05-25T12:00:00.9050000,23.56,77.91,101.956
2026-05-25T12:00:01.9570000,23.56,77.85,101.956
2026-05-25T12:00:02.9970000,23.56,77.89,101.956
2026-05-25T12:00:04.0380000,23.56,77.88,101.957
2026-05-25T12:00:05.0790000,23.56,77.83,101.957
2026-05-25T12:00:06.1200000,23.56,77.86,101.957
2026-05-25T12:00:07.1680000,23.56,77.83,101.957
2026-05-25T12:00:08.2080000,23.56,77.83,101.957
2026-05-25T12:00:09.2490000,23.56,77.81,101.958
2026-05-25T12:00:10.2900000,23.56,77.82,101.958
2026-05-25T12:00:11.3410000,23.56,77.8,101.959
2026-05-25T12:00:12.3820000,23.57,77.77,101.959
2026-05-25T12:00:13.4230000,23.57,77.78,101.958
2026-05-25T12:00:14.4630000,23.57,77.8,101.958
2026-05-25T12:00:15.5040000,23.57,77.75,101.958
2026-05-25T12:00:16.5560000,23.57,77.77,101.959
2026-05-25T12:00:17.5960000,23.56,77.71,101.958
2026-05-25T12:00:18.6370000,23.56,77.75,101.958
2026-05-25T12:00:19.6780000,23.56,77.76,101.958
2026-05-25T12:00:20.7430000,23.56,77.69,101.957
2026-05-25T12:00:21.7630000,23.56,77.7,101.958
2026-05-25T12:00:22.8040000,23.56,77.69,101.958
2026-05-25T12:00:23.8550000,23.56,77.68,101.958
2026-05-25T12:00:24.8960000,23.56,77.68,101.958
2026-05-25T12:00:25.9380000,23.56,77.66,101.958
2026-05-25T12:00:26.9800000,23.56,77.66,101.957
2026-05-25T12:00:28.0210000,23.56,77.69,101.958
2026-05-25T12:00:29.0620000,23.56,77.66,101.958
2026-05-25T12:00:30.1030000,23.56,77.63,101.959
2026-05-25T12:00:31.1540000,23.56,77.64,101.959
2026-05-25T12:00:32.1950000,23.56,77.65,101.958
2026-05-25T12:00:33.2360000,23.56,77.62,101.958
2026-05-25T12:00:34.3180000,23.56,77.61,101.958
2026-05-25T12:00:35.3170000,23.57,77.6,101.958
2026-05-25T12:00:36.3580000,23.56,77.57,101.958
2026-05-25T12:00:37.4090000,23.57,77.57,101.958
2026-05-25T12:00:38.4500000,23.57,77.56,101.958
2026-05-25T12:00:39.4900000,23.56,77.56,101.957
2026-05-25T12:00:40.5310000,23.57,77.55,101.958
2026-05-25T12:00:41.5720000,23.57,77.54,101.957
2026-05-25T12:00:42.6230000,23.57,77.55,101.957
2026-05-25T12:00:43.6640000,23.57,77.51,101.957
2026-05-25T12:00:44.7050000,23.57,77.51,101.957
2026-05-25T12:00:45.7460000,23.57,77.52,101.957
2026-05-25T12:00:46.7860000,23.56,77.51,101.957
2026-05-25T12:00:47.8940000,23.56,77.47,101.957
2026-05-25T12:00:48.8710000,23.56,77.45,101.957
2026-05-25T12:00:49.9230000,23.57,77.45,101.957
2026-05-25T12:00:50.9630000,23.57,77.44,101.957
2026-05-25T12:00:52.0040000,23.57,77.43,101.957
2026-05-25T12:00:53.0450000,23.56,77.42,101.956
2026-05-25T12:00:54.0860000,23.57,77.42,101.957
2026-05-25T12:00:55.1370000,23.57,77.41,101.956
2026-05-25T12:00:56.1780000,23.57,77.4,101.956
2026-05-25T12:00:57.2190000,23.57,77.42,101.956
2026-05-25T12:00:58.2590000,23.57,77.39,101.957
2026-05-25T12:00:59.3000000,23.57,77.37,101.957
2026-05-25T12:01:00.3510000,23.56,77.4,101.957
2026-05-25T12:01:01.3920000,23.56,77.37,101.956
2026-05-25T12:01:02.4400000,23.57,77.36,101.956
2026-05-25T12:01:03.4700000,23.57,77.37,101.956
2026-05-25T12:01:04.5210000,23.57,77.36,101.956
2026-05-25T12:01:05.5620000,23.57,77.36,101.956
2026-05-25T12:01:06.6030000,23.57,77.34,101.955
2026-05-25T12:01:07.6440000,23.57,77.32,101.955
2026-05-25T12:01:08.6840000,23.57,77.3,101.955
2026-05-25T12:01:09.7360000,23.57,77.29,101.956
2026-05-25T12:01:10.7770000,23.57,77.29,101.956
2026-05-25T12:01:11.8170000,23.57,77.27,101.956
2026-05-25T12:01:12.8580000,23.57,77.3,101.956
2026-05-25T12:01:13.8990000,23.57,77.27,101.956
2026-05-25T12:01:14.9400000,23.57,77.23,101.956
2026-05-25T12:01:16.0150000,23.57,77.26,101.955
2026-05-25T12:01:17.0350000,23.57,77.23,101.955
2026-05-25T12:01:18.0760000,23.57,77.23,101.955
2026-05-25T12:01:19.1170000,23.57,77.22,101.954
2026-05-25T12:01:20.1580000,23.56,77.2,101.954
2026-05-25T12:01:21.1980000,23.57,77.19,101.954
2026-05-25T12:01:22.2390000,23.57,77.17,101.955
2026-05-25T12:01:23.2900000,23.56,77.2,101.954
2026-05-25T12:01:24.3310000,23.56,77.18,101.954
2026-05-25T12:01:25.3720000,23.56,77.17,101.953
2026-05-25T12:01:26.4120000,23.56,77.13,101.954
2026-05-25T12:01:27.4530000,23.56,77.14,101.954
2026-05-25T12:01:28.5040000,23.56,77.11,101.954
2026-05-25T12:01:29.5910000,23.56,77.11,101.953
2026-05-25T12:01:30.5890000,23.56,77.09,101.953
2026-05-25T12:01:31.6300000,23.57,77.09,101.954
2026-05-25T12:01:32.6710000,23.57,77.08,101.954
2026-05-25T12:01:33.7120000,23.57,77.08,101.954
2026-05-25T12:01:34.7520000,23.57,77.08,101.954
2026-05-25T12:01:35.7930000,23.57,77.06,101.953
2026-05-25T12:01:36.8450000,23.57,77.06,101.954
2026-05-25T12:01:37.8860000,23.57,77.08,101.954
2026-05-25T12:01:38.9270000,23.57,77.04,101.955
2026-05-25T12:01:39.9670000,23.57,77.05,101.955
2026-05-25T12:01:41.0080000,23.57,77.05,101.955
2026-05-25T12:01:42.0590000,23.57,77.03,101.955
2026-05-25T12:01:43.1670000,23.57,77.02,101.955
2026-05-25T12:01:44.1450000,23.57,77.02,101.954
2026-05-25T12:01:45.1850000,23.57,77,101.955
2026-05-25T12:01:46.2260000,23.57,77.01,101.954
2026-05-25T12:01:47.2670000,23.57,77,101.954
2026-05-25T12:01:48.3070000,23.57,77,101.954
2026-05-25T12:01:49.3480000,23.57,76.99,101.955
2026-05-25T12:01:50.3990000,23.57,76.99,101.954
2026-05-25T12:01:51.4400000,23.57,77,101.954
2026-05-25T12:01:52.4810000,23.57,76.93,101.954
2026-05-25T12:01:53.5220000,23.57,76.9,101.955
2026-05-25T12:01:54.5630000,23.57,76.95,101.954
2026-05-25T12:01:55.6140000,23.57,76.97,101.954
2026-05-25T12:01:56.6550000,23.57,76.88,101.954
2026-05-25T12:01:57.7130000,23.57,76.88,101.955
2026-05-25T12:01:58.7430000,23.57,76.88,101.954
2026-05-25T12:01:59.7840000,23.57,76.87,101.954
2026-05-25T12:02:00.8250000,23.57,76.87,101.954
2026-05-25T12:02:01.8660000,23.57,76.86,101.954
2026-05-25T12:02:02.9060000,23.57,76.85,101.953
2026-05-25T12:02:03.9470000,23.57,76.84,101.953
2026-05-25T12:02:06.0390000,23.57,76.8,101.953
2026-05-25T12:02:07.0800000,23.57,76.79,101.953
2026-05-25T12:02:08.1210000,23.57,76.83,101.954
2026-05-25T12:02:09.1620000,23.57,76.83,101.954
2026-05-25T12:02:10.2130000,23.57,76.79,101.953
2026-05-25T12:02:11.2850000,23.57,76.76,101.953
2026-05-25T12:02:12.2940000,23.57,76.75,101.953
2026-05-25T12:02:13.3350000,23.57,76.74,101.952
2026-05-25T12:02:14.3760000,23.57,76.74,101.953
2026-05-25T12:02:15.4170000,23.57,76.74,101.953
2026-05-25T12:02:16.4680000,23.57,76.72,101.952
2026-05-25T12:02:17.5090000,23.57,76.72,101.952
2026-05-25T12:02:18.5500000,23.57,76.75,101.952
2026-05-25T12:02:19.5900000,23.57,76.7,101.952
2026-05-25T12:02:20.6310000,23.57,76.69,101.953
2026-05-25T12:02:21.6820000,23.57,76.69,101.953
2026-05-25T12:02:22.7230000,23.57,76.7,101.953
2026-05-25T12:02:23.7640000,23.57,76.67,101.953
2026-05-25T12:02:24.8610000,23.57,76.65,101.953
2026-05-25T12:02:25.8490000,23.57,76.66,101.953
2026-05-25T12:02:26.8900000,23.57,76.65,101.953
2026-05-25T12:02:27.9310000,23.57,76.65,101.952
2026-05-25T12:02:28.9820000,23.57,76.64,101.952
2026-05-25T12:02:30.0230000,23.57,76.64,101.952
2026-05-25T12:02:31.0640000,23.57,76.63,101.952
2026-05-25T12:02:32.1050000,23.57,76.62,101.952
2026-05-25T12:02:33.1450000,23.57,76.62,101.952
2026-05-25T12:02:34.1860000,23.57,76.61,101.952
2026-05-25T12:02:35.2370000,23.57,76.62,101.952
2026-05-25T12:02:36.2780000,23.57,76.6,101.951
2026-05-25T12:02:37.3190000,23.58,76.62,101.952
2026-05-25T12:02:38.3600000,23.58,76.59,101.951
2026-05-25T12:02:39.4040000,23.58,76.56,101.951
2026-05-25T12:02:40.4450000,23.58,76.57,101.952
2026-05-25T12:02:41.4850000,23.58,76.59,101.952
2026-05-25T12:02:42.5370000,23.58,76.56,101.951
2026-05-25T12:02:43.5770000,23.58,76.56,101.952
2026-05-25T12:02:44.6180000,23.58,76.56,101.952
2026-05-25T12:02:45.6590000,23.58,76.55,101.952
2026-05-25T12:02:46.7000000,23.58,76.54,101.952
2026-05-25T12:02:47.7510000,23.58,76.54,101.952
2026-05-25T12:02:48.7920000,23.58,76.55,101.951
2026-05-25T12:02:49.8330000,23.58,76.54,101.952
2026-05-25T12:02:50.8740000,23.58,76.55,101.952
2026-05-25T12:02:51.9140000,23.58,76.52,101.952
2026-05-25T12:02:52.9800000,23.58,76.55,101.952
2026-05-25T12:02:54.0000000,23.58,76.53,101.953
2026-05-25T12:02:55.0400000,23.58,76.53,101.953
2026-05-25T12:02:56.0920000,23.58,76.54,101.953
2026-05-25T12:02:57.1320000,23.58,76.54,101.952
2026-05-25T12:02:58.1730000,23.58,76.54,101.952
2026-05-25T12:02:59.2140000,23.58,76.54,101.952
2026-05-25T12:03:00.2550000,23.58,76.52,101.953
2026-05-25T12:03:01.3060000,23.58,76.48,101.952
2026-05-25T12:03:02.3470000,23.58,76.47,101.952
2026-05-25T12:03:03.3870000,23.58,76.52,101.952
2026-05-25T12:03:04.4280000,23.58,76.53,101.952
2026-05-25T12:03:05.4690000,23.58,76.48,101.952
2026-05-25T12:03:06.5550000,23.58,76.46,101.952
2026-05-25T12:03:07.5540000,23.58,76.48,101.952
2026-05-25T12:03:08.6050000,23.58,76.48,101.951
2026-05-25T12:03:09.6460000,23.58,76.47,101.951
2026-05-25T12:03:10.6870000,23.58,76.47,101.95
2026-05-25T12:03:11.7270000,23.58,76.45,101.95
2026-05-25T12:03:12.7680000,23.58,76.45,101.95
2026-05-25T12:03:13.8090000,23.58,76.45,101.95
2026-05-25T12:03:14.8600000,23.58,76.45,101.95
2026-05-25T12:03:15.9010000,23.58,76.41,101.951
2026-05-25T12:03:16.9420000,23.58,76.42,101.951
2026-05-25T12:03:17.9830000,23.58,76.42,101.95
2026-05-25T12:03:19.0230000,23.58,76.4,101.95
2026-05-25T12:03:20.1310000,23.58,76.41,101.95
2026-05-25T12:03:21.1080000,23.58,76.4,101.951
2026-05-25T12:03:22.1590000,23.59,76.37,101.951
2026-05-25T12:03:23.2000000,23.58,76.37,101.951
2026-05-25T12:03:24.2410000,23.58,76.35,101.951
2026-05-25T12:03:25.2820000,23.58,76.34,101.951
2026-05-25T12:03:26.3220000,23.58,76.33,101.951
2026-05-25T12:03:27.3740000,23.58,76.33,101.951
2026-05-25T12:03:28.4140000,23.58,76.31,101.95
2026-05-25T12:03:29.4550000,23.58,76.33,101.95
2026-05-25T12:03:30.4960000,23.58,76.32,101.95
2026-05-25T12:03:31.5370000,23.58,76.29,101.95
2026-05-25T12:03:32.5780000,23.58,76.27,101.95
2026-05-25T12:03:33.6290000,23.58,76.32,101.95
2026-05-25T12:03:34.6760000,23.58,76.23,101.95
2026-05-25T12:03:35.7070000,23.58,76.27,101.949
2026-05-25T12:03:36.7580000,23.58,76.26,101.949
2026-05-25T12:03:37.7990000,23.58,76.25,101.949
2026-05-25T12:03:38.8400000,23.58,76.23,101.949
2026-05-25T12:03:39.8800000,23.58,76.23,101.949
2026-05-25T12:03:40.9210000,23.58,76.21,101.949
2026-05-25T12:03:41.9620000,23.58,76.22,101.95
2026-05-25T12:03:43.0130000,23.58,76.2,101.95
2026-05-25T12:03:44.0540000,23.59,76.19,101.95
2026-05-25T12:03:45.0950000,23.59,76.17,101.951
2026-05-25T12:03:46.1350000,23.59,76.17,101.951
2026-05-25T12:03:47.1760000,23.59,76.2,101.95
2026-05-25T12:03:48.2480000,23.59,76.15,101.95
2026-05-25T12:03:49.2680000,23.59,76.17,101.95
2026-05-25T12:03:50.3090000,23.59,76.17,101.949
2026-05-25T12:03:51.3490000,23.59,76.16,101.95
2026-05-25T12:03:52.3900000,23.59,76.15,101.951
2026-05-25T12:03:53.4410000,23.59,76.14,101.951
2026-05-25T12:03:54.4820000,23.59,76.14,101.95
2026-05-25T12:03:55.5230000,23.59,76.08,101.95
2026-05-25T12:03:56.5640000,23.59,76.11,101.95
2026-05-25T12:03:57.6040000,23.59,76.09,101.949
2026-05-25T12:03:58.6560000,23.59,76.09,101.949
2026-05-25T12:03:59.6960000,23.59,76.09,101.949
2026-05-25T12:04:00.7370000,23.59,76.08,101.95
2026-05-25T12:04:01.8230000,23.59,76.11,101.95
2026-05-25T12:04:02.8220000,23.59,76.07,101.951
2026-05-25T12:04:03.8630000,23.59,76.08,101.951
2026-05-25T12:04:04.9040000,23.59,76.08,101.95
2026-05-25T12:04:05.9450000,23.59,76.08,101.95
2026-05-25T12:04:06.9960000,23.59,76.08,101.95
2026-05-25T12:04:08.0370000,23.59,76.08,101.95
2026-05-25T12:04:09.0770000,23.59,76.07,101.95
2026-05-25T12:04:10.1180000,23.59,76.07,101.95
2026-05-25T12:04:11.1590000,23.59,76.05,101.95
2026-05-25T12:04:12.2100000,23.59,76.06,101.95
2026-05-25T12:04:13.2510000,23.59,76.05,101.949
2026-05-25T12:04:14.2920000,23.59,76.01,101.95
2026-05-25T12:04:15.3990000,23.59,76,101.95
2026-05-25T12:04:16.3770000,23.59,76.03,101.949
2026-05-25T12:04:17.4180000,23.59,76.03,101.95
2026-05-25T12:04:18.4580000,23.59,76.01,101.949
2026-05-25T12:04:19.5100000,23.59,76.02,101.949
2026-05-25T12:04:20.5510000,23.59,76.01,101.949
2026-05-25T12:04:21.5910000,23.59,76.02,101.95
2026-05-25T12:04:22.6320000,23.59,76.01,101.949
2026-05-25T12:04:23.6730000,23.59,76.03,101.949
2026-05-25T12:04:24.7140000,23.59,76.01,101.949
2026-05-25T12:04:25.7650000,23.59,76,101.949
2026-05-25T12:04:26.8060000,23.6,76,101.95
2026-05-25T12:04:27.8460000,23.6,76.02,101.95
2026-05-25T12:04:28.8870000,23.59,76.01,101.949
2026-05-25T12:04:29.9420000,23.6,76.07,101.949
2026-05-25T12:04:30.9720000,23.6,76.12,101.948
2026-05-25T12:04:33.0640000,23.6,76.16,101.948
2026-05-25T12:04:34.1050000,23.6,76.18,101.948
2026-05-25T12:04:35.1450000,23.6,76.16,101.948
2026-05-25T12:04:36.1860000,23.6,76.15,101.948
2026-05-25T12:04:37.2270000,23.6,76.12,101.947
2026-05-25T12:04:38.2790000,23.6,76.16,101.948
2026-05-25T12:04:39.3190000,23.6,76.19,101.948
2026-05-25T12:04:40.3600000,23.6,76.23,101.948
2026-05-25T12:04:41.4010000,23.6,76.27,101.947
2026-05-25T12:04:42.4420000,23.6,76.25,101.948
2026-05-25T12:04:43.5170000,23.6,76.24,101.947
2026-05-25T12:04:44.5270000,23.61,76.3,101.946
2026-05-25T12:04:45.5780000,23.61,76.34,101.946
2026-05-25T12:04:46.6220000,23.61,76.37,101.946
2026-05-25T12:04:47.6620000,23.61,76.41,101.947
2026-05-25T12:04:48.7030000,23.61,76.49,101.947
2026-05-25T12:04:49.7440000,23.61,76.57,101.946
2026-05-25T12:04:50.7850000,23.61,76.72,101.948
2026-05-25T12:04:51.8260000,23.62,76.72,101.947
2026-05-25T12:04:52.8770000,23.62,76.8,101.947
2026-05-25T12:04:53.9180000,23.62,76.85,101.947
2026-05-25T12:04:54.9580000,23.62,76.94,101.947
2026-05-25T12:04:55.9990000,23.62,76.96,101.947
2026-05-25T12:04:57.0890000,23.62,77.11,101.947
2026-05-25T12:04:58.0880000,23.62,77.17,101.946
2026-05-25T12:04:59.1290000,23.62,77.25,101.946
2026-05-25T12:05:00.1690000,23.62,77.31,101.946
2026-05-25T12:05:01.2100000,23.62,77.37,101.945
2026-05-25T12:05:02.2610000,23.62,77.43,101.945
2026-05-25T12:05:03.3020000,23.62,77.5,101.944
2026-05-25T12:05:04.3430000,23.63,77.56,101.943
2026-05-25T12:05:05.3840000,23.63,77.62,101.943
2026-05-25T12:05:06.4240000,23.63,77.65,101.944
2026-05-25T12:05:07.4760000,23.63,77.67,101.944
2026-05-25T12:05:08.5170000,23.63,77.7,101.944
2026-05-25T12:05:09.5570000,23.63,77.74,101.943
2026-05-25T12:05:10.6650000,23.63,77.82,101.943
2026-05-25T12:05:11.6420000,23.64,77.88,101.943
2026-05-25T12:05:12.6830000,23.64,77.94,101.942
2026-05-25T12:05:13.7240000,23.64,78.01,101.943
2026-05-25T12:05:14.7650000,23.64,78.06,101.942
2026-05-25T12:05:15.8160000,23.64,78.11,101.943
2026-05-25T12:05:16.8570000,23.64,78.17,101.943
2026-05-25T12:05:17.8980000,23.64,78.24,101.944
2026-05-25T12:05:18.9380000,23.64,78.32,101.944
2026-05-25T12:05:19.9790000,23.64,78.39,101.944
2026-05-25T12:05:21.0300000,23.64,78.44,101.944
2026-05-25T12:05:22.0710000,23.65,78.5,101.944
2026-05-25T12:05:23.1110000,23.65,78.54,101.945
2026-05-25T12:05:24.1520000,23.65,78.56,101.945
2026-05-25T12:05:25.2070000,23.64,78.57,101.944
2026-05-25T12:05:26.2370000,23.65,78.65,101.944
2026-05-25T12:05:27.2780000,23.65,78.67,101.944
2026-05-25T12:05:28.3290000,23.65,78.73,101.944
2026-05-25T12:05:29.3700000,23.65,78.78,101.944
2026-05-25T12:05:30.4110000,23.65,78.83,101.944
2026-05-25T12:05:31.4520000,23.65,78.88,101.944
2026-05-25T12:05:32.4920000,23.65,78.89,101.944
2026-05-25T12:05:33.5440000,23.65,78.96,101.944
2026-05-25T12:05:34.5850000,23.65,79.01,101.944
2026-05-25T12:05:35.6250000,23.65,79.02,101.944
2026-05-25T12:05:36.6660000,23.65,79.09,101.943
2026-05-25T12:05:37.7070000,23.65,79.06,101.943
2026-05-25T12:05:38.7830000,23.65,79.13,101.943
2026-05-25T12:05:39.7920000,23.65,79.19,101.943
2026-05-25T12:05:40.8330000,23.65,79.25,101.943
2026-05-25T12:05:41.8840000,23.65,79.29,101.944
2026-05-25T12:05:42.9250000,23.65,79.33,101.943
2026-05-25T12:05:43.9650000,23.65,79.39,101.944
2026-05-25T12:05:45.0060000,23.66,79.44,101.944
2026-05-25T12:05:46.0470000,23.66,79.47,101.944
2026-05-25T12:05:47.0980000,23.65,79.52,101.944
2026-05-25T12:05:48.1390000,23.65,79.55,101.944
2026-05-25T12:05:49.1800000,23.65,79.49,101.944
2026-05-25T12:05:50.2210000,23.65,79.52,101.944
2026-05-25T12:05:51.2610000,23.65,79.52,101.944
2026-05-25T12:05:52.3550000,23.65,79.61,101.944
2026-05-25T12:05:53.3530000,23.65,79.7,101.945
2026-05-25T12:05:54.3940000,23.65,79.74,101.945
2026-05-25T12:05:55.4350000,23.65,79.79,101.944
2026-05-25T12:05:56.4760000,23.65,79.79,101.944
2026-05-25T12:05:57.5270000,23.65,79.8,101.944
2026-05-25T12:05:58.5680000,23.64,79.82,101.943
2026-05-25T12:05:59.6090000,23.64,79.85,101.943
2026-05-25T12:06:00.6490000,23.65,79.91,101.944
2026-05-25T12:06:01.6900000,23.65,80.01,101.943
2026-05-25T12:06:02.7310000,23.65,80.07,101.943
2026-05-25T12:06:03.7820000,23.65,80.13,101.943
2026-05-25T12:06:04.8230000,23.65,80.23,101.942
2026-05-25T12:06:05.9300000,23.65,80.32,101.943
2026-05-25T12:06:06.9080000,23.65,80.36,101.943
2026-05-25T12:06:07.9490000,23.65,80.4,101.944
2026-05-25T12:06:08.9890000,23.65,80.46,101.944
2026-05-25T12:06:10.0300000,23.65,80.49,101.944
2026-05-25T12:06:11.0810000,23.65,80.51,101.944
2026-05-25T12:06:12.1220000,23.65,80.54,101.944
2026-05-25T12:06:13.1630000,23.65,80.61,101.944
2026-05-25T12:06:14.2040000,23.65,80.67,101.944
2026-05-25T12:06:15.2440000,23.65,80.68,101.944
2026-05-25T12:06:16.2960000,23.65,80.71,101.943
2026-05-25T12:06:17.3360000,23.65,80.73,101.943
2026-05-25T12:06:18.3770000,23.65,80.74,101.943
2026-05-25T12:06:19.4180000,23.65,80.74,101.943
2026-05-25T12:06:20.4730000,23.64,80.79,101.943
2026-05-25T12:06:21.5030000,23.64,80.8,101.942
2026-05-25T12:06:22.5440000,23.64,80.81,101.942
2026-05-25T12:06:23.5950000,23.64,80.82,101.942
2026-05-25T12:06:24.6360000,23.64,80.83,101.942
2026-05-25T12:06:25.6770000,23.64,80.84,101.942
2026-05-25T12:06:26.7170000,23.64,80.86,101.942
2026-05-25T12:06:27.7580000,23.64,80.9,101.942
2026-05-25T12:06:28.8090000,23.64,80.88,101.942
2026-05-25T12:06:29.8500000,23.64,80.95,101.942
2026-05-25T12:06:30.8910000,23.64,80.97,101.942
2026-05-25T12:06:31.9320000,23.65,81,101.943
2026-05-25T12:06:32.9720000,23.65,81.03,101.943
2026-05-25T12:06:34.0440000,23.65,81.1,101.942
2026-05-25T12:06:35.0640000,23.65,81.14,101.943
2026-05-25T12:06:36.1050000,23.65,81.16,101.943
2026-05-25T12:06:37.1460000,23.65,81.17,101.943
2026-05-25T12:06:38.1860000,23.65,81.17,101.943
2026-05-25T12:06:39.2380000,23.65,81.19,101.943
2026-05-25T12:06:40.2780000,23.65,81.21,101.943
2026-05-25T12:06:41.3190000,23.65,81.19,101.943
2026-05-25T12:06:42.3600000,23.65,81.27,101.943
2026-05-25T12:06:43.4010000,23.65,81.28,101.943
2026-05-25T12:06:44.4520000,23.65,81.31,101.943
2026-05-25T12:06:45.4930000,23.64,81.31,101.943
2026-05-25T12:06:46.5330000,23.65,81.31,101.943
2026-05-25T12:06:47.6200000,23.65,81.42,101.943
2026-05-25T12:06:48.6190000,23.65,81.4,101.943
2026-05-25T12:06:49.6590000,23.65,81.44,101.943
2026-05-25T12:06:50.7000000,23.65,81.44,101.943
2026-05-25T12:06:51.7510000,23.65,81.44,101.942
2026-05-25T12:06:52.7920000,23.65,81.47,101.941
2026-05-25T12:06:53.8330000,23.65,81.47,101.942
2026-05-25T12:06:54.8730000,23.65,81.44,101.941
2026-05-25T12:06:55.9140000,23.65,81.51,101.942
2026-05-25T12:06:56.9660000,23.65,81.54,101.942
2026-05-25T12:06:58.0060000,23.65,81.53,101.942
2026-05-25T12:06:59.0470000,23.65,81.59,101.942
2026-05-25T12:07:00.0880000,23.65,81.59,101.942
2026-05-25T12:07:01.1920000,23.65,81.59,101.942
2026-05-25T12:07:02.1800000,23.65,81.6,101.943
2026-05-25T12:07:03.2210000,23.65,81.62,101.944
2026-05-25T12:07:04.2610000,23.65,81.63,101.944
2026-05-25T12:07:05.3020000,23.65,81.63,101.943
2026-05-25T12:07:06.3430000,23.65,81.65,101.943
2026-05-25T12:07:07.3940000,23.65,81.64,101.943
2026-05-25T12:07:08.4350000,23.65,81.64,101.943
2026-05-25T12:07:09.4760000,23.65,81.67,101.943
2026-05-25T12:07:10.5170000,23.65,81.59,101.943
2026-05-25T12:07:11.5580000,23.65,81.6,101.943
2026-05-25T12:07:12.6090000,23.65,81.6,101.943
2026-05-25T12:07:13.6500000,23.65,81.62,101.943
2026-05-25T12:07:14.6910000,23.64,81.6,101.942
2026-05-25T12:07:15.7350000,23.65,81.6,101.943
2026-05-25T12:07:16.7760000,23.65,81.62,101.944
2026-05-25T12:07:17.8170000,23.65,81.62,101.944
2026-05-25T12:07:18.8570000,23.65,81.63,101.943
2026-05-25T12:07:19.9090000,23.65,81.64,101.944
2026-05-25T12:07:20.9490000,23.65,81.64,101.944
2026-05-25T12:07:21.9900000,23.65,81.63,101.944
2026-05-25T12:07:23.0310000,23.65,81.63,101.944
2026-05-25T12:07:24.0720000,23.65,81.67,101.943
2026-05-25T12:07:25.1230000,23.65,81.68,101.942
2026-05-25T12:07:26.1640000,23.65,81.7,101.942
2026-05-25T12:07:27.2050000,23.65,81.67,101.941
2026-05-25T12:07:28.2460000,23.65,81.63,101.942
2026-05-25T12:07:29.3080000,23.64,81.7,101.942
2026-05-25T12:07:30.3270000,23.64,81.67,101.942
2026-05-25T12:07:31.3790000,23.64,81.68,101.942
2026-05-25T12:07:32.4200000,23.64,81.66,101.942
2026-05-25T12:07:33.4600000,23.64,81.68,101.942
2026-05-25T12:07:34.5010000,23.64,81.66,101.942
2026-05-25T12:07:35.5420000,23.64,81.67,101.942
2026-05-25T12:07:36.5930000,23.64,81.72,101.942
2026-05-25T12:07:37.6340000,23.64,81.7,101.942
2026-05-25T12:07:38.6750000,23.64,81.69,101.942
2026-05-25T12:07:39.7150000,23.64,81.68,101.943
2026-05-25T12:07:40.7560000,23.64,81.7,101.942
2026-05-25T12:07:41.8070000,23.64,81.7,101.942
2026-05-25T12:07:42.8790000,23.64,81.72,101.941
2026-05-25T12:07:43.8890000,23.64,81.74,101.941
2026-05-25T12:07:44.9290000,23.64,81.75,101.941
2026-05-25T12:07:45.9700000,23.64,81.76,101.94
2026-05-25T12:07:47.0220000,23.64,81.76,101.941
2026-05-25T12:07:48.0630000,23.64,81.76,101.941
2026-05-25T12:07:49.1030000,23.64,81.75,101.941
2026-05-25T12:07:50.1440000,23.64,81.7,101.942
2026-05-25T12:07:51.1850000,23.64,81.72,101.943
2026-05-25T12:07:52.2260000,23.64,81.73,101.942
2026-05-25T12:07:53.2770000,23.64,81.72,101.942
2026-05-25T12:07:54.3180000,23.64,81.75,101.942
2026-05-25T12:07:55.3580000,23.64,81.69,101.943
2026-05-25T12:07:56.4520000,23.64,81.7,101.943
2026-05-25T12:07:57.4400000,23.64,81.66,101.944
2026-05-25T12:07:58.4910000,23.64,81.63,101.944
2026-05-25T12:07:59.5320000,23.63,81.62,101.943
2026-05-25T12:08:00.5730000,23.63,81.61,101.943
2026-05-25T12:08:01.6130000,23.63,81.59,101.943
2026-05-25T12:08:02.6540000,23.63,81.58,101.944
2026-05-25T12:08:03.7050000,23.63,81.58,101.944
2026-05-25T12:08:04.7460000,23.63,81.56,101.945
2026-05-25T12:08:05.7870000,23.63,81.59,101.946
2026-05-25T12:08:06.8280000,23.63,81.58,101.945
2026-05-25T12:08:07.8690000,23.63,81.59,101.945
2026-05-25T12:08:08.9200000,23.63,81.6,101.944
2026-05-25T12:08:10.0270000,23.63,81.53,101.945
2026-05-25T12:08:11.0050000,23.63,81.5,101.945
2026-05-25T12:08:12.0460000,23.63,81.48,101.946
2026-05-25T12:08:13.0870000,23.63,81.46,101.946
2026-05-25T12:08:14.1270000,23.62,81.43,101.945
2026-05-25T12:08:15.1680000,23.62,81.41,101.946
2026-05-25T12:08:16.2190000,23.62,81.41,101.945
2026-05-25T12:08:17.2600000,23.62,81.38,101.945
2026-05-25T12:08:18.3010000,23.62,81.36,101.946
2026-05-25T12:08:19.3420000,23.62,81.35,101.946
2026-05-25T12:08:20.3820000,23.62,81.31,101.945
2026-05-25T12:08:21.4340000,23.62,81.31,101.945
2026-05-25T12:08:22.4750000,23.62,81.31,101.945
2026-05-25T12:08:23.5150000,23.62,81.25,101.945
2026-05-25T12:08:24.5700000,23.62,81.19,101.945
2026-05-25T12:08:25.6000000,23.62,81.21,101.945
2026-05-25T12:08:26.6410000,23.61,81.19,101.945
2026-05-25T12:08:27.6810000,23.61,81.19,101.945
2026-05-25T12:08:28.7330000,23.61,81.14,101.944
2026-05-25T12:08:29.7730000,23.61,81.13,101.944
2026-05-25T12:08:30.8140000,23.61,81.12,101.945
2026-05-25T12:08:31.8550000,23.61,81.07,101.945
2026-05-25T12:08:32.8960000,23.61,81.09,101.945
2026-05-25T12:08:33.9470000,23.61,81.05,101.945
2026-05-25T12:08:34.9880000,23.61,81.07,101.945
2026-05-25T12:08:36.0280000,23.61,81.06,101.945
2026-05-25T12:08:37.0690000,23.61,81.02,101.945
2026-05-25T12:08:38.1410000,23.6,80.99,101.945
2026-05-25T12:08:39.1610000,23.61,80.94,101.946
2026-05-25T12:08:40.2020000,23.6,80.94,101.945
2026-05-25T12:08:41.2430000,23.6,80.88,101.945
2026-05-25T12:08:42.2840000,23.6,80.88,101.944
2026-05-25T12:08:43.3240000,23.6,80.86,101.944
2026-05-25T12:08:44.3650000,23.6,80.84,101.945
2026-05-25T12:08:45.4160000,23.6,80.72,101.945
2026-05-25T12:08:46.4570000,23.6,80.77,101.944
2026-05-25T12:08:47.4980000,23.6,80.77,101.944
2026-05-25T12:08:48.5390000,23.6,80.75,101.944
2026-05-25T12:08:49.5790000,23.6,80.7,101.944
2026-05-25T12:08:50.6310000,23.6,80.72,101.943
2026-05-25T12:08:51.7130000,23.6,80.69,101.944
2026-05-25T12:08:52.7120000,23.6,80.65,101.945
2026-05-25T12:08:53.7530000,23.6,80.61,101.945
2026-05-25T12:08:54.7940000,23.6,80.58,101.945
2026-05-25T12:08:55.8450000,23.59,80.57,101.945
2026-05-25T12:08:56.8860000,23.6,80.56,101.945
2026-05-25T12:08:57.9270000,23.59,80.53,101.945
2026-05-25T12:08:58.9680000,23.59,80.52,101.945
2026-05-25T12:09:00.0080000,23.59,80.53,101.945
2026-05-25T12:09:01.0490000,23.59,80.47,101.944
2026-05-25T12:09:02.1000000,23.59,80.48,101.944
2026-05-25T12:09:03.1410000,23.59,80.44,101.944
2026-05-25T12:09:04.1820000,23.59,80.45,101.943
2026-05-25T12:09:05.2890000,23.59,80.4,101.944
2026-05-25T12:09:06.2670000,23.59,80.39,101.944
2026-05-25T12:09:07.3080000,23.59,80.38,101.944
2026-05-25T12:09:08.3490000,23.59,80.36,101.944
2026-05-25T12:09:09.4000000,23.59,80.35,101.943
2026-05-25T12:09:10.4410000,23.59,80.34,101.943
2026-05-25T12:09:12.5220000,23.59,80.29,101.943
2026-05-25T12:09:13.5630000,23.59,80.29,101.943
2026-05-25T12:09:14.6140000,23.59,80.28,101.943
2026-05-25T12:09:15.6550000,23.58,80.22,101.944
2026-05-25T12:09:16.6950000,23.58,80.17,101.944
2026-05-25T12:09:17.7360000,23.58,80.23,101.944
2026-05-25T12:09:18.7770000,23.59,80.21,101.944
2026-05-25T12:09:19.8320000,23.59,80.14,101.945
2026-05-25T12:09:20.8620000,23.59,80.14,101.945
2026-05-25T12:09:22.9540000,23.58,80.12,101.944
2026-05-25T12:09:23.9950000,23.58,80.1,101.944
2026-05-25T12:09:25.0360000,23.58,80.09,101.944
2026-05-25T12:09:26.0770000,23.58,80.08,101.944
2026-05-25T12:09:27.1170000,23.58,80.04,101.944
2026-05-25T12:09:28.1690000,23.58,80.04,101.943
2026-05-25T12:09:29.2090000,23.58,80.04,101.943
2026-05-25T12:09:30.2500000,23.58,79.99,101.944
2026-05-25T12:09:31.2910000,23.58,80.01,101.944
2026-05-25T12:09:32.3320000,23.58,80,101.945
2026-05-25T12:09:33.4040000,23.58,79.9,101.945
2026-05-25T12:09:35.4650000,23.58,79.9,101.945
2026-05-25T12:09:36.5050000,23.58,79.89,101.945
2026-05-25T12:09:37.5460000,23.58,79.87,101.945
2026-05-25T12:09:38.5970000,23.58,79.87,101.944
2026-05-25T12:09:39.6380000,23.58,79.85,101.944
2026-05-25T12:09:40.6790000,23.58,79.82,101.944
2026-05-25T12:09:41.7200000,23.58,79.79,101.944
2026-05-25T12:09:42.7600000,23.58,79.82,101.944
2026-05-25T12:09:43.8010000,23.58,79.79,101.945
2026-05-25T12:09:44.8520000,23.58,79.76,101.945
2026-05-25T12:09:45.8930000,23.58,79.73,101.945
2026-05-25T12:09:46.9800000,23.58,79.72,101.945
2026-05-25T12:09:47.9780000,23.58,79.68,101.944
2026-05-25T12:09:49.0190000,23.57,79.66,101.944
2026-05-25T12:09:50.0600000,23.58,79.64,101.946
2026-05-25T12:09:51.1010000,23.57,79.63,101.946
2026-05-25T12:09:52.1520000,23.57,79.61,101.946
2026-05-25T12:09:53.1930000,23.57,79.59,101.946
2026-05-25T12:09:54.2340000,23.57,79.57,101.944
2026-05-25T12:09:55.2750000,23.57,79.56,101.945
2026-05-25T12:09:56.3150000,23.57,79.52,101.945
2026-05-25T12:09:57.3570000,23.57,79.5,101.946
2026-05-25T12:09:58.4080000,23.57,79.5,101.946
2026-05-25T12:09:59.4490000,23.57,79.49,101.946
2026-05-25T12:10:00.5560000,23.57,79.45,101.946
2026-05-25T12:10:01.5340000,23.57,79.42,101.946
2026-05-25T12:10:02.5740000,23.57,79.41,101.946
2026-05-25T12:10:03.6150000,23.57,79.4,101.946
2026-05-25T12:10:04.6560000,23.57,79.39,101.946
2026-05-25T12:10:05.7070000,23.57,79.38,101.946
2026-05-25T12:10:06.7480000,23.57,79.38,101.947
2026-05-25T12:10:07.7890000,23.57,79.36,101.948
2026-05-25T12:10:08.8290000,23.57,79.33,101.947
2026-05-25T12:10:09.8700000,23.57,79.34,101.947
2026-05-25T12:10:10.9210000,23.57,79.32,101.947
2026-05-25T12:10:11.9620000,23.57,79.31,101.947
2026-05-25T12:10:13.0030000,23.57,79.28,101.947
2026-05-25T12:10:14.0440000,23.57,79.28,101.946
2026-05-25T12:10:15.0990000,23.57,79.23,101.947
2026-05-25T12:10:16.1290000,23.57,79.23,101.948
2026-05-25T12:10:17.1700000,23.57,79.22,101.948
2026-05-25T12:10:18.2110000,23.57,79.21,101.947
2026-05-25T12:10:19.2620000,23.57,79.2,101.947
2026-05-25T12:10:20.3030000,23.57,79.19,101.948
2026-05-25T12:10:21.3440000,23.57,79.18,101.948
2026-05-25T12:10:22.3840000,23.57,79.11,101.948
2026-05-25T12:10:23.4250000,23.57,79.13,101.948
2026-05-25T12:10:24.4760000,23.57,79.13,101.947
2026-05-25T12:10:25.5170000,23.57,79.1,101.947
2026-05-25T12:10:26.5580000,23.57,79.09,101.947
2026-05-25T12:10:27.5980000,23.57,79.07,101.947
2026-05-25T12:10:28.6710000,23.57,79.05,101.947
2026-05-25T12:10:29.6900000,23.57,79.02,101.948
2026-05-25T12:10:30.7310000,23.57,79.01,101.948
2026-05-25T12:10:31.7720000,23.57,79.01,101.948
2026-05-25T12:10:32.8130000,23.57,79.01,101.949
2026-05-25T12:10:33.8530000,23.57,79,101.949
2026-05-25T12:10:34.9050000,23.57,79.02,101.948
2026-05-25T12:10:35.9450000,23.57,79.05,101.948
2026-05-25T12:10:36.9860000,23.57,79.01,101.948
2026-05-25T12:10:38.0270000,23.57,78.98,101.947
2026-05-25T12:10:39.0680000,23.57,78.98,101.947
2026-05-25T12:10:40.1090000,23.57,78.99,101.947
2026-05-25T12:10:41.1600000,23.57,78.96,101.947
2026-05-25T12:10:42.2430000,23.56,78.94,101.946
2026-05-25T12:10:43.2420000,23.56,78.89,101.946
2026-05-25T12:10:44.2830000,23.56,78.89,101.947
2026-05-25T12:10:45.3230000,23.56,78.87,101.946
2026-05-25T12:10:46.3750000,23.56,78.87,101.945
2026-05-25T12:10:47.4150000,23.56,78.85,101.945
2026-05-25T12:10:48.4560000,23.56,78.84,101.945
2026-05-25T12:10:49.4970000,23.56,78.82,101.946
2026-05-25T12:10:50.5380000,23.56,78.78,101.945
2026-05-25T12:10:51.5890000,23.56,78.83,101.945
2026-05-25T12:10:52.6300000,23.56,78.8,101.946
2026-05-25T12:10:53.6700000,23.56,78.75,101.946
2026-05-25T12:10:54.7110000,23.57,78.73,101.947
2026-05-25T12:10:55.8180000,23.57,78.74,101.947
2026-05-25T12:10:56.7960000,23.57,78.73,101.947
2026-05-25T12:10:57.8370000,23.57,78.73,101.947
2026-05-25T12:10:58.8880000,23.57,78.7,101.947
2026-05-25T12:10:59.9290000,23.56,78.71,101.947
2026-05-25T12:11:00.9700000,23.56,78.69,101.947
2026-05-25T12:11:02.0110000,23.56,78.67,101.947
2026-05-25T12:11:03.0510000,23.56,78.68,101.947
2026-05-25T12:11:04.1030000,23.56,78.65,101.947
2026-05-25T12:11:05.1440000,23.56,78.68,101.947
2026-05-25T12:11:06.1840000,23.56,78.68,101.947
2026-05-25T12:11:07.2250000,23.56,78.67,101.947
2026-05-25T12:11:08.2660000,23.56,78.65,101.947
2026-05-25T12:11:09.3170000,23.56,78.67,101.946
2026-05-25T12:11:10.3610000,23.56,78.61,101.947
2026-05-25T12:11:11.4020000,23.56,78.61,101.947
2026-05-25T12:11:12.4430000,23.56,78.59,101.947
2026-05-25T12:11:13.4840000,23.56,78.57,101.946
2026-05-25T12:11:14.5240000,23.56,78.57,101.947
2026-05-25T12:11:15.5650000,23.56,78.55,101.946
2026-05-25T12:11:16.6160000,23.56,78.56,101.946
2026-05-25T12:11:17.6570000,23.56,78.49,101.946
2026-05-25T12:11:18.6980000,23.56,78.53,101.947
2026-05-25T12:11:19.7390000,23.56,78.54,101.947
2026-05-25T12:11:20.7800000,23.56,78.5,101.947
2026-05-25T12:11:21.8210000,23.56,78.47,101.947
2026-05-25T12:11:22.8720000,23.56,78.5,101.948
2026-05-25T12:11:23.9330000,23.56,78.46,101.948
2026-05-25T12:11:24.9530000,23.56,78.43,101.948
2026-05-25T12:11:25.9940000,23.56,78.42,101.948
2026-05-25T12:11:27.0350000,23.56,78.41,101.947
2026-05-25T12:11:28.0870000,23.56,78.4,101.948
2026-05-25T12:11:29.1270000,23.56,78.36,101.947
2026-05-25T12:11:30.1680000,23.56,78.36,101.947
2026-05-25T12:11:31.2090000,23.56,78.39,101.948
2026-05-25T12:11:32.2500000,23.56,78.33,101.948
2026-05-25T12:11:33.2910000,23.56,78.31,101.948
2026-05-25T12:11:34.3420000,23.56,78.3,101.948
2026-05-25T12:11:35.3830000,23.56,78.29,101.948
2026-05-25T12:11:36.4230000,23.56,78.22,101.948
2026-05-25T12:11:37.5060000,23.56,78.26,101.948
2026-05-25T12:11:38.5050000,23.56,78.23,101.948
2026-05-25T12:11:39.5560000,23.56,78.2,101.949
2026-05-25T12:11:40.5970000,23.56,78.19,101.948
2026-05-25T12:11:41.6380000,23.56,78.17,101.948
2026-05-25T12:11:42.6780000,23.56,78.17,101.948
2026-05-25T12:11:43.7190000,23.56,78.16,101.947
2026-05-25T12:11:44.7700000,23.56,78.14,101.947
2026-05-25T12:11:45.8110000,23.56,78.14,101.947
2026-05-25T12:11:46.8520000,23.56,78.13,101.947
2026-05-25T12:11:47.8930000,23.56,78.12,101.948
2026-05-25T12:11:48.9340000,23.56,78.09,101.948
2026-05-25T12:11:49.9750000,23.56,78.12,101.949
2026-05-25T12:11:51.0780000,23.56,78.06,101.949
2026-05-25T12:11:52.0670000,23.56,78.06,101.949
2026-05-25T12:11:53.1070000,23.56,78.04,101.949
2026-05-25T12:11:54.1480000,23.56,78.04,101.949
2026-05-25T12:11:55.1890000,23.56,78.03,101.949
2026-05-25T12:11:56.2400000,23.56,78.03,101.948
2026-05-25T12:11:57.2810000,23.56,78.02,101.948
2026-05-25T12:11:58.3220000,23.56,78,101.948
2026-05-25T12:11:59.3630000,23.56,78,101.948
2026-05-25T12:12:00.4030000,23.56,77.96,101.948
2026-05-25T12:12:01.4550000,23.56,77.96,101.949
2026-05-25T12:12:02.4960000,23.56,77.97,101.948
2026-05-25T12:12:03.5360000,23.56,78.03,101.949
2026-05-25T12:12:04.5770000,23.56,77.97,101.949
2026-05-25T12:12:05.6210000,23.56,77.93,101.948
2026-05-25T12:12:06.6620000,23.56,77.92,101.948
2026-05-25T12:12:07.7130000,23.56,77.91,101.948
2026-05-25T12:12:08.7540000,23.56,77.9,101.948
2026-05-25T12:12:09.7950000,23.56,77.89,101.949
2026-05-25T12:12:10.8360000,23.56,77.89,101.948
2026-05-25T12:12:11.8770000,23.56,77.88,101.949
2026-05-25T12:12:12.9180000,23.56,77.86,101.95
2026-05-25T12:12:13.9690000,23.56,77.84,101.95
2026-05-25T12:12:15.0100000,23.56,77.82,101.949
2026-05-25T12:12:16.0510000,23.56,77.86,101.95
2026-05-25T12:12:17.0910000,23.56,77.83,101.95
2026-05-25T12:12:18.1320000,23.56,77.83,101.95
2026-05-25T12:12:19.1970000,23.56,77.8,101.95
2026-05-25T12:12:20.2280000,23.56,77.79,101.95
2026-05-25T12:12:21.2680000,23.56,77.77,101.95
2026-05-25T12:12:22.3090000,23.56,77.78,101.951
2026-05-25T12:12:23.3500000,23.56,77.77,101.95
2026-05-25T12:12:24.3910000,23.56,77.77,101.95
2026-05-25T12:12:25.4420000,23.56,77.76,101.95
2026-05-25T12:12:26.4830000,23.56,77.75,101.95
2026-05-25T12:12:27.5240000,23.56,77.75,101.95
2026-05-25T12:12:28.5650000,23.56,77.74,101.95
2026-05-25T12:12:29.6050000,23.56,77.75,101.95
2026-05-25T12:12:30.6460000,23.56,77.75,101.951
2026-05-25T12:12:31.6970000,23.56,77.69,101.95
2026-05-25T12:12:32.7700000,23.56,77.67,101.95
2026-05-25T12:12:33.7790000,23.56,77.68,101.95
2026-05-25T12:12:34.8200000,23.56,77.67,101.95
2026-05-25T12:12:35.8610000,23.56,77.66,101.949
2026-05-25T12:12:36.9120000,23.56,77.66,101.949
2026-05-25T12:12:37.9530000,23.56,77.66,101.95
2026-05-25T12:12:38.9940000,23.56,77.66,101.95
2026-05-25T12:12:40.0350000,23.56,77.64,101.95
2026-05-25T12:12:41.0750000,23.56,77.66,101.949
2026-05-25T12:12:42.1270000,23.56,77.66,101.949
2026-05-25T12:12:43.1670000,23.56,77.65,101.948
2026-05-25T12:12:44.2080000,23.56,77.67,101.948
2026-05-25T12:12:45.2490000,23.56,77.59,101.948
2026-05-25T12:12:46.3450000,23.56,77.58,101.949
2026-05-25T12:12:48.3740000,23.56,77.6,101.948
2026-05-25T12:12:49.4260000,23.56,77.6,101.949
2026-05-25T12:12:50.4670000,23.56,77.61,101.949
2026-05-25T12:12:51.5070000,23.56,77.58,101.949
2026-05-25T12:12:52.5480000,23.56,77.58,101.949
2026-05-25T12:12:53.5890000,23.56,77.57,101.949
2026-05-25T12:12:54.6400000,23.57,77.56,101.95
2026-05-25T12:12:55.6810000,23.56,77.55,101.95
2026-05-25T12:12:56.7220000,23.56,77.56,101.949
2026-05-25T12:12:57.7630000,23.56,77.56,101.949
2026-05-25T12:12:58.8030000,23.56,77.56,101.95
2026-05-25T12:12:59.9180000,23.56,77.51,101.95
2026-05-25T12:13:00.8960000,23.56,77.55,101.95
2026-05-25T12:13:01.9360000,23.57,77.53,101.95
2026-05-25T12:13:02.9770000,23.57,77.53,101.95
2026-05-25T12:13:04.0180000,23.57,77.52,101.95
2026-05-25T12:13:05.0690000,23.57,77.52,101.95
2026-05-25T12:13:06.1100000,23.56,77.52,101.95
2026-05-25T12:13:07.1510000,23.57,77.51,101.95
2026-05-25T12:13:08.1920000,23.57,77.48,101.95
2026-05-25T12:13:09.2320000,23.57,77.51,101.949
2026-05-25T12:13:10.2840000,23.57,77.49,101.949
2026-05-25T12:13:11.3250000,23.57,77.48,101.949
2026-05-25T12:13:12.3660000,23.57,77.49,101.949
2026-05-25T12:13:13.4070000,23.57,77.49,101.95
2026-05-25T12:13:14.4610000,23.57,77.47,101.95
2026-05-25T12:13:15.4920000,23.57,77.45,101.951
2026-05-25T12:13:16.5320000,23.56,77.45,101.95
2026-05-25T12:13:17.5840000,23.57,77.45,101.95
2026-05-25T12:13:18.6240000,23.56,77.45,101.95
2026-05-25T12:13:19.6650000,23.56,77.43,101.95
2026-05-25T12:13:20.7060000,23.56,77.43,101.95
2026-05-25T12:13:21.7470000,23.56,77.51,101.95
2026-05-25T12:13:22.7980000,23.56,77.41,101.95
2026-05-25T12:13:23.8390000,23.56,77.41,101.95
2026-05-25T12:13:24.8800000,23.57,77.41,101.951
2026-05-25T12:13:25.9210000,23.57,77.41,101.95
2026-05-25T12:13:26.9610000,23.57,77.39,101.95
2026-05-25T12:13:28.0370000,23.57,77.36,101.95
2026-05-25T12:13:29.0470000,23.57,77.38,101.95
2026-05-25T12:13:30.0980000,23.57,77.37,101.95
2026-05-25T12:13:31.1380000,23.57,77.37,101.949
2026-05-25T12:13:32.1790000,23.57,77.36,101.95
2026-05-25T12:13:33.2200000,23.57,77.35,101.949
2026-05-25T12:13:34.2600000,23.57,77.34,101.948
2026-05-25T12:13:35.3120000,23.57,77.31,101.948
2026-05-25T12:13:36.3520000,23.57,77.29,101.948
2026-05-25T12:13:37.3940000,23.57,77.31,101.948
2026-05-25T12:13:38.4350000,23.57,77.3,101.948
2026-05-25T12:13:39.4750000,23.57,77.3,101.948
2026-05-25T12:13:40.5270000,23.57,77.25,101.947
2026-05-25T12:13:41.6130000,23.57,77.24,101.948
2026-05-25T12:13:42.6120000,23.57,77.25,101.948
2026-05-25T12:13:43.6530000,23.57,77.23,101.948
2026-05-25T12:13:44.6930000,23.57,77.23,101.948
2026-05-25T12:13:45.7340000,23.57,77.23,101.948
2026-05-25T12:13:46.7750000,23.57,77.22,101.948
2026-05-25T12:13:47.8260000,23.57,77.2,101.947
2026-05-25T12:13:48.8670000,23.57,77.18,101.948
2026-05-25T12:13:49.9080000,23.57,77.22,101.948
2026-05-25T12:13:50.9490000,23.57,77.16,101.949
2026-05-25T12:13:51.9900000,23.57,77.18,101.949
2026-05-25T12:13:53.0410000,23.57,77.18,101.949
2026-05-25T12:13:54.0810000,23.57,77.17,101.949
2026-05-25T12:13:55.1850000,23.57,77.19,101.95
2026-05-25T12:13:56.1630000,23.57,77.14,101.949
2026-05-25T12:13:57.2030000,23.57,77.13,101.949
2026-05-25T12:13:58.2550000,23.57,77.12,101.949
2026-05-25T12:13:59.2950000,23.57,77.1,101.949
2026-05-25T12:14:00.3360000,23.57,77.09,101.949
2026-05-25T12:14:01.3770000,23.57,77.09,101.949
2026-05-25T12:14:02.4180000,23.57,77.09,101.949
2026-05-25T12:14:03.4690000,23.57,77.05,101.95
2026-05-25T12:14:04.5100000,23.57,77.1,101.95
2026-05-25T12:14:05.5500000,23.57,77.05,101.95
2026-05-25T12:14:06.5910000,23.57,77.08,101.95
2026-05-25T12:14:07.6320000,23.57,77.06,101.95
2026-05-25T12:14:08.6840000,23.57,77.06,101.95
2026-05-25T12:14:09.7310000,23.57,77.06,101.949
2026-05-25T12:14:10.7620000,23.57,77.03,101.949
2026-05-25T12:14:11.8020000,23.57,77.01,101.949
2026-05-25T12:14:12.8540000,23.57,77.01,101.95
2026-05-25T12:14:13.8950000,23.57,77,101.949
2026-05-25T12:14:14.9350000,23.57,76.99,101.949
2026-05-25T12:14:15.9760000,23.57,76.99,101.949
2026-05-25T12:14:17.0170000,23.57,76.92,101.949
2026-05-25T12:14:18.0680000,23.57,76.95,101.949
2026-05-25T12:14:19.1090000,23.57,76.98,101.949
2026-05-25T12:14:20.1490000,23.57,76.92,101.949
2026-05-25T12:14:21.1900000,23.57,76.93,101.949
2026-05-25T12:14:22.2310000,23.57,76.98,101.949
2026-05-25T12:14:23.3070000,23.57,76.9,101.949
2026-05-25T12:14:24.3160000,23.57,76.89,101.95
2026-05-25T12:14:25.3670000,23.57,76.88,101.95
2026-05-25T12:14:26.4080000,23.57,76.88,101.949
2026-05-25T12:14:27.4490000,23.57,76.86,101.949
2026-05-25T12:14:28.4900000,23.57,76.85,101.949
2026-05-25T12:14:29.5310000,23.57,76.83,101.949
2026-05-25T12:14:30.5820000,23.57,76.75,101.949
2026-05-25T12:14:31.6230000,23.57,76.79,101.948
2026-05-25T12:14:32.6640000,23.57,76.8,101.948
2026-05-25T12:14:33.7040000,23.57,76.78,101.948
2026-05-25T12:14:34.7450000,23.57,76.74,101.948
2026-05-25T12:14:35.7970000,23.57,76.76,101.948
2026-05-25T12:14:36.8790000,23.57,76.73,101.949
2026-05-25T12:14:37.8780000,23.57,76.72,101.949
2026-05-25T12:14:38.9190000,23.57,76.71,101.949
2026-05-25T12:14:39.9600000,23.57,76.69,101.95
2026-05-25T12:14:41.0110000,23.57,76.69,101.949
2026-05-25T12:14:42.0510000,23.57,76.69,101.949
2026-05-25T12:14:43.0920000,23.57,76.67,101.949
2026-05-25T12:14:44.1330000,23.57,76.67,101.949
2026-05-25T12:14:45.1740000,23.57,76.63,101.949
2026-05-25T12:14:46.2250000,23.57,76.69,101.948
2026-05-25T12:14:47.2660000,23.57,76.63,101.947
2026-05-25T12:14:48.3070000,23.57,76.67,101.947
2026-05-25T12:14:49.3470000,23.57,76.62,101.948
2026-05-25T12:14:50.4550000,23.57,76.61,101.949
2026-05-25T12:14:51.4320000,23.57,76.62,101.948
2026-05-25T12:14:52.4730000,23.57,76.61,101.949
2026-05-25T12:14:53.5240000,23.57,76.61,101.949
2026-05-25T12:14:54.5650000,23.57,76.61,101.948
2026-05-25T12:14:55.6060000,23.57,76.59,101.948
2026-05-25T12:14:56.6470000,23.57,76.58,101.948
2026-05-25T12:14:57.6880000,23.57,76.57,101.949
2026-05-25T12:14:58.7390000,23.57,76.55,101.949
2026-05-25T12:14:59.7800000,23.57,76.55,101.948
2026-05-25T12:15:00.8210000,23.57,76.56,101.949
2026-05-25T12:15:01.8610000,23.57,76.56,101.949
2026-05-25T12:15:02.9020000,23.57,76.55,101.949
2026-05-25T12:15:03.9530000,23.57,76.52,101.949
2026-05-25T12:15:04.9980000,23.57,76.5,101.949
2026-05-25T12:15:06.0390000,23.57,76.51,101.95
2026-05-25T12:15:07.0790000,23.57,76.5,101.949
2026-05-25T12:15:08.1200000,23.57,76.48,101.949
2026-05-25T12:15:09.1610000,23.57,76.47,101.949
2026-05-25T12:15:10.2020000,23.58,76.48,101.95
2026-05-25T12:15:11.2530000,23.58,76.47,101.951
2026-05-25T12:15:12.2940000,23.58,76.44,101.951
2026-05-25T12:15:13.3340000,23.58,76.47,101.95
2026-05-25T12:15:14.3750000,23.58,76.48,101.95
2026-05-25T12:15:15.4160000,23.58,76.44,101.95
2026-05-25T12:15:16.4670000,23.58,76.45,101.951
2026-05-25T12:15:17.5080000,23.58,76.42,101.951
2026-05-25T12:15:18.5730000,23.58,76.42,101.951
2026-05-25T12:15:19.5930000,23.58,76.39,101.952
2026-05-25T12:15:20.6340000,23.58,76.41,101.952
2026-05-25T12:15:21.6740000,23.58,76.38,101.951
2026-05-25T12:15:22.7150000,23.58,76.37,101.951
2026-05-25T12:15:23.7660000,23.58,76.36,101.951
2026-05-25T12:15:24.8070000,23.58,76.36,101.951
2026-05-25T12:15:25.8480000,23.58,76.37,101.951
2026-05-25T12:15:26.8890000,23.58,76.36,101.951
2026-05-25T12:15:27.9300000,23.58,76.34,101.951
2026-05-25T12:15:28.9810000,23.58,76.35,101.951
2026-05-25T12:15:30.0220000,23.58,76.36,101.952
2026-05-25T12:15:31.0620000,23.58,76.35,101.952
2026-05-25T12:15:32.1450000,23.58,76.34,101.951
2026-05-25T12:15:33.1440000,23.58,76.32,101.951
2026-05-25T12:15:34.1850000,23.58,76.31,101.95
2026-05-25T12:15:35.2360000,23.58,76.3,101.95
2026-05-25T12:15:36.2770000,23.58,76.29,101.95
2026-05-25T12:15:37.3180000,23.58,76.28,101.95
2026-05-25T12:15:38.3590000,23.58,76.28,101.949
2026-05-25T12:15:39.3990000,23.58,76.28,101.95
2026-05-25T12:15:40.4510000,23.58,76.28,101.95
2026-05-25T12:15:41.4910000,23.58,76.26,101.95
2026-05-25T12:15:42.5320000,23.58,76.25,101.949
2026-05-25T12:15:43.5730000,23.58,76.23,101.95
2026-05-25T12:15:44.6140000,23.58,76.24,101.949
2026-05-25T12:15:45.7210000,23.58,76.21,101.949
2026-05-25T12:15:46.6990000,23.58,76.22,101.949
2026-05-25T12:15:47.7500000,23.58,76.22,101.949
2026-05-25T12:15:48.7910000,23.58,76.22,101.949
2026-05-25T12:15:49.8320000,23.58,76.2,101.949
2026-05-25T12:15:50.8720000,23.58,76.2,101.949
2026-05-25T12:15:51.9130000,23.58,76.2,101.949
2026-05-25T12:15:52.9640000,23.58,76.2,101.949
2026-05-25T12:15:54.0050000,23.58,76.17,101.949
2026-05-25T12:15:55.0460000,23.58,76.24,101.948
2026-05-25T12:15:56.0870000,23.58,76.15,101.949
2026-05-25T12:15:57.1280000,23.58,76.2,101.949
2026-05-25T12:15:58.1790000,23.58,76.16,101.949
2026-05-25T12:15:59.2200000,23.58,76.15,101.949
2026-05-25T12:16:00.2640000,23.58,76.16,101.949
2026-05-25T12:16:01.3050000,23.58,76.16,101.949
2026-05-25T12:16:02.3460000,23.58,76.15,101.949
2026-05-25T12:16:03.3860000,23.58,76.14,101.949
2026-05-25T12:16:04.4270000,23.58,76.12,101.948
2026-05-25T12:16:05.4780000,23.58,76.09,101.948
2026-05-25T12:16:06.5190000,23.58,76.09,101.949
2026-05-25T12:16:07.5600000,23.58,76.07,101.949
2026-05-25T12:16:08.6010000,23.58,76.09,101.949
2026-05-25T12:16:09.6420000,23.58,76.08,101.949
2026-05-25T12:16:10.6930000,23.58,76.08,101.949
2026-05-25T12:16:11.7340000,23.58,76.05,101.949
2026-05-25T12:16:12.7750000,23.58,76.04,101.95
2026-05-25T12:16:13.8370000,23.58,76.07,101.95
2026-05-25T12:16:14.8570000,23.58,76.08,101.95
2026-05-25T12:16:15.9080000,23.59,76.07,101.951
2026-05-25T12:16:16.9480000,23.59,76.07,101.951
2026-05-25T12:16:17.9890000,23.59,76.08,101.951
2026-05-25T12:16:19.0300000,23.59,76.06,101.951
2026-05-25T12:16:20.0710000,23.59,76.04,101.951
2026-05-25T12:16:21.1220000,23.59,76.03,101.951
2026-05-25T12:16:22.1630000,23.59,76.04,101.951
2026-05-25T12:16:23.2040000,23.58,76.03,101.95
2026-05-25T12:16:24.2450000,23.58,76.01,101.95
2026-05-25T12:16:25.2850000,23.58,76.06,101.95
2026-05-25T12:16:26.3370000,23.58,76.06,101.95
2026-05-25T12:16:27.4120000,23.59,76.07,101.95
2026-05-25T12:16:28.4220000,23.59,76.07,101.949
2026-05-25T12:16:29.4630000,23.59,76.09,101.949
2026-05-25T12:16:30.5030000,23.59,76.09,101.949
2026-05-25T12:16:31.5440000,23.59,76.12,101.95
2026-05-25T12:16:32.5850000,23.59,76.13,101.95
2026-05-25T12:16:33.6360000,23.59,76.13,101.95
2026-05-25T12:16:34.6770000,23.59,76.16,101.95
2026-05-25T12:16:35.7180000,23.59,76.12,101.95
2026-05-25T12:16:36.7590000,23.59,76.09,101.95
2026-05-25T12:16:37.7990000,23.59,76.09,101.95
2026-05-25T12:16:38.8500000,23.59,76.11,101.95
2026-05-25T12:16:39.8910000,23.59,76.12,101.95
2026-05-25T12:16:40.9840000,23.59,76.09,101.949
2026-05-25T12:16:41.9730000,23.59,76.08,101.949
2026-05-25T12:16:43.0130000,23.59,76.08,101.949
2026-05-25T12:16:44.0640000,23.59,76.07,101.95
2026-05-25T12:16:45.1050000,23.59,76.06,101.949
2026-05-25T12:16:46.1460000,23.59,76.05,101.95
2026-05-25T12:16:47.1870000,23.59,76.06,101.95
2026-05-25T12:16:48.2280000,23.59,76.06,101.95
2026-05-25T12:16:49.2790000,23.59,76.07,101.95
2026-05-25T12:16:50.3200000,23.59,76.09,101.95
2026-05-25T12:16:51.3610000,23.59,76.13,101.95
2026-05-25T12:16:52.4010000,23.59,76.11,101.95
2026-05-25T12:16:53.4420000,23.59,76.12,101.95
2026-05-25T12:16:54.5570000,23.59,76.14,101.95
2026-05-25T12:16:55.5340000,23.59,76.16,101.95
2026-05-25T12:16:56.5750000,23.6,76.17,101.95
2026-05-25T12:16:57.6170000,23.6,76.19,101.949
2026-05-25T12:16:58.6570000,23.6,76.19,101.949
2026-05-25T12:16:59.6980000,23.6,76.21,101.949
2026-05-25T12:17:00.7490000,23.6,76.21,101.948
2026-05-25T12:17:01.7900000,23.6,76.25,101.949
2026-05-25T12:17:02.8310000,23.6,76.24,101.948
2026-05-25T12:17:03.8720000,23.6,76.33,101.948
2026-05-25T12:17:04.9120000,23.6,76.29,101.949
2026-05-25T12:17:05.9640000,23.6,76.31,101.95
2026-05-25T12:17:07.0040000,23.6,76.3,101.95
2026-05-25T12:17:08.0450000,23.6,76.33,101.95
2026-05-25T12:17:09.1000000,23.6,76.38,101.949
2026-05-25T12:17:10.1300000,23.6,76.41,101.949
2026-05-25T12:17:11.1710000,23.6,76.46,101.949
2026-05-25T12:17:12.2220000,23.61,76.51,101.949
2026-05-25T12:17:13.2630000,23.61,76.57,101.948
2026-05-25T12:17:14.3040000,23.61,76.61,101.948
2026-05-25T12:17:15.3450000,23.61,76.65,101.948
2026-05-25T12:17:16.3850000,23.61,76.69,101.95
2026-05-25T12:17:17.4260000,23.61,76.73,101.95
2026-05-25T12:17:18.4770000,23.61,76.79,101.95
2026-05-25T12:17:19.5180000,23.61,76.87,101.949
2026-05-25T12:17:20.5590000,23.61,76.92,101.949
2026-05-25T12:17:21.6000000,23.61,77,101.949
2026-05-25T12:17:22.6720000,23.61,77,101.948
2026-05-25T12:17:23.6920000,23.61,77.05,101.948
2026-05-25T12:17:24.7320000,23.61,77.07,101.949
2026-05-25T12:17:25.7730000,23.61,77.11,101.948
2026-05-25T12:17:26.8140000,23.61,77.17,101.947
2026-05-25T12:17:27.8550000,23.61,77.21,101.947
2026-05-25T12:17:28.9060000,23.61,77.26,101.947
2026-05-25T12:17:29.9460000,23.61,77.28,101.947
2026-05-25T12:17:30.9870000,23.61,77.31,101.947
2026-05-25T12:17:32.0280000,23.62,77.37,101.947
2026-05-25T12:17:33.0690000,23.62,77.46,101.947
2026-05-25T12:17:34.1200000,23.62,77.48,101.946
2026-05-25T12:17:35.1610000,23.62,77.54,101.946
2026-05-25T12:17:36.2440000,23.62,77.65,101.947
2026-05-25T12:17:37.2420000,23.62,77.68,101.947
2026-05-25T12:17:38.2830000,23.62,77.71,101.947
2026-05-25T12:17:39.3350000,23.63,77.77,101.948
2026-05-25T12:17:40.3750000,23.63,77.84,101.948
2026-05-25T12:17:41.4160000,23.63,77.89,101.947
2026-05-25T12:17:42.4570000,23.63,77.93,101.947
2026-05-25T12:17:43.4980000,23.63,77.97,101.947
2026-05-25T12:17:44.5490000,23.63,78.02,101.948
2026-05-25T12:17:45.5900000,23.63,78.07,101.947
2026-05-25T12:17:46.6310000,23.63,78.14,101.948
2026-05-25T12:17:47.6720000,23.64,78.19,101.948
2026-05-25T12:17:48.7120000,23.64,78.29,101.947
2026-05-25T12:17:49.8120000,23.64,78.42,101.945
2026-05-25T12:17:50.8010000,23.64,78.51,101.946
2026-05-25T12:17:51.8410000,23.64,78.56,101.945
2026-05-25T12:17:52.8820000,23.64,78.6,101.945
2026-05-25T12:17:53.9330000,23.64,78.65,101.946
2026-05-25T12:17:54.9740000,23.64,78.68,101.945
2026-05-25T12:17:56.0150000,23.64,78.72,101.946
2026-05-25T12:17:57.0560000,23.64,78.78,101.945
2026-05-25T12:17:58.0970000,23.64,78.81,101.946
2026-05-25T12:17:59.1480000,23.64,78.87,101.946
2026-05-25T12:18:00.1890000,23.64,78.95,101.947
2026-05-25T12:18:01.2290000,23.64,79,101.947
2026-05-25T12:18:02.2700000,23.64,79.06,101.947
2026-05-25T12:18:03.3110000,23.64,79.1,101.947
2026-05-25T12:18:04.3620000,23.64,79.17,101.946
2026-05-25T12:18:05.4030000,23.65,79.25,101.947
2026-05-25T12:18:06.4440000,23.65,79.32,101.946
2026-05-25T12:18:07.4850000,23.65,79.4,101.946
2026-05-25T12:18:08.5260000,23.65,79.43,101.946
2026-05-25T12:18:09.5770000,23.64,79.47,101.945
2026-05-25T12:18:10.6180000,23.65,79.5,101.946
2026-05-25T12:18:11.6590000,23.65,79.5,101.946
2026-05-25T12:18:12.7000000,23.65,79.54,101.946
2026-05-25T12:18:13.7400000,23.64,79.59,101.945
2026-05-25T12:18:14.7920000,23.64,79.59,101.946
2026-05-25T12:18:15.8320000,23.64,79.59,101.947
2026-05-25T12:18:16.8730000,23.64,79.67,101.946
2026-05-25T12:18:17.9240000,23.64,79.66,101.948
2026-05-25T12:18:18.9540000,23.64,79.69,101.948
2026-05-25T12:18:20.0060000,23.64,79.72,101.949
2026-05-25T12:18:21.0460000,23.64,79.77,101.948
2026-05-25T12:18:22.0870000,23.64,79.82,101.948
2026-05-25T12:18:23.1280000,23.64,79.9,101.948
2026-05-25T12:18:24.1690000,23.64,79.96,101.947
2026-05-25T12:18:25.2200000,23.64,80.03,101.947
2026-05-25T12:18:26.2610000,23.64,80.1,101.948
2026-05-25T12:18:27.3020000,23.64,80.13,101.948
2026-05-25T12:18:28.3420000,23.64,80.21,101.948
2026-05-25T12:18:29.3830000,23.64,80.25,101.948
2026-05-25T12:18:30.4340000,23.64,80.32,101.948
2026-05-25T12:18:31.4960000,23.64,80.36,101.948
2026-05-25T12:18:32.5160000,23.64,80.4,101.949
2026-05-25T12:18:33.5570000,23.64,80.45,101.949
2026-05-25T12:18:34.5970000,23.64,80.51,101.948
2026-05-25T12:18:35.6490000,23.64,80.58,101.948
2026-05-25T12:18:36.6890000,23.64,80.65,101.948
2026-05-25T12:18:37.7300000,23.64,80.73,101.947
2026-05-25T12:18:38.7710000,23.64,80.77,101.947
2026-05-25T12:18:39.8120000,23.64,80.82,101.947
2026-05-25T12:18:40.8630000,23.64,80.9,101.947
2026-05-25T12:18:41.9040000,23.64,80.88,101.947
2026-05-25T12:18:42.9450000,23.64,80.95,101.947
2026-05-25T12:18:43.9850000,23.64,80.93,101.947
2026-05-25T12:18:45.0650000,23.64,81,101.947
2026-05-25T12:18:46.0740000,23.64,81.04,101.947
2026-05-25T12:18:47.1150000,23.64,81.04,101.948
2026-05-25T12:18:48.1560000,23.64,81.07,101.948
2026-05-25T12:18:49.1970000,23.64,81.08,101.948
2026-05-25T12:18:50.2480000,23.64,81.09,101.948
2026-05-25T12:18:51.2890000,23.64,81.09,101.948
2026-05-25T12:18:52.3290000,23.64,81.18,101.948
2026-05-25T12:18:53.3700000,23.64,81.11,101.948
2026-05-25T12:18:54.4110000,23.64,81.16,101.947
2026-05-25T12:18:55.4620000,23.64,81.18,101.947
2026-05-25T12:18:56.5030000,23.64,81.19,101.947
2026-05-25T12:18:57.5440000,23.64,81.21,101.946
2026-05-25T12:18:58.6370000,23.64,81.21,101.947
2026-05-25T12:18:59.6260000,23.64,81.22,101.947
2026-05-25T12:19:00.6770000,23.64,81.22,101.947
2026-05-25T12:19:01.7180000,23.64,81.23,101.948
2026-05-25T12:19:02.7580000,23.64,81.26,101.948
2026-05-25T12:19:03.7990000,23.64,81.28,101.948
2026-05-25T12:19:04.8400000,23.64,81.33,101.947
2026-05-25T12:19:05.8910000,23.64,81.34,101.948
2026-05-25T12:19:06.9320000,23.64,81.39,101.948
2026-05-25T12:19:07.9730000,23.64,81.41,101.947
2026-05-25T12:19:09.0130000,23.64,81.42,101.947
2026-05-25T12:19:10.0540000,23.64,81.44,101.946
2026-05-25T12:19:11.0950000,23.64,81.44,101.946
2026-05-25T12:19:12.2090000,23.64,81.5,101.946
2026-05-25T12:19:13.1870000,23.64,81.49,101.947
2026-05-25T12:19:14.2280000,23.64,81.49,101.947
2026-05-25T12:19:15.2690000,23.64,81.5,101.947
2026-05-25T12:19:16.3090000,23.64,81.51,101.947
2026-05-25T12:19:17.3610000,23.64,81.54,101.948
2026-05-25T12:19:18.4020000,23.64,81.58,101.947
2026-05-25T12:19:19.4430000,23.64,81.59,101.948
2026-05-25T12:19:20.4830000,23.64,81.62,101.947
2026-05-25T12:19:21.5240000,23.64,81.61,101.947
2026-05-25T12:19:22.5750000,23.64,81.67,101.947
2026-05-25T12:19:23.6160000,23.64,81.68,101.946
2026-05-25T12:19:24.6570000,23.64,81.69,101.946
2026-05-25T12:19:26.7490000,23.64,81.77,101.946
2026-05-25T12:19:27.7890000,23.64,81.71,101.947
2026-05-25T12:19:28.8300000,23.64,81.73,101.947
2026-05-25T12:19:29.8710000,23.64,81.73,101.947
2026-05-25T12:19:30.9120000,23.64,81.75,101.947
2026-05-25T12:19:31.9530000,23.64,81.75,101.947
2026-05-25T12:19:32.9940000,23.64,81.76,101.947
2026-05-25T12:19:34.0450000,23.64,81.8,101.947
2026-05-25T12:19:35.0860000,23.64,81.77,101.946
2026-05-25T12:19:36.1260000,23.64,81.77,101.947
2026-05-25T12:19:37.1670000,23.64,81.8,101.948
2026-05-25T12:19:38.2080000,23.64,81.81,101.948
2026-05-25T12:19:39.2590000,23.64,81.79,101.948
2026-05-25T12:19:40.3240000,23.63,81.81,101.949
2026-05-25T12:19:41.3440000,23.63,81.79,101.949
2026-05-25T12:19:42.3850000,23.63,81.81,101.949
2026-05-25T12:19:43.4250000,23.63,81.83,101.95
2026-05-25T12:19:44.4660000,23.64,81.83,101.95
2026-05-25T12:19:45.5070000,23.64,81.85,101.95
2026-05-25T12:19:46.5580000,23.64,81.86,101.95
2026-05-25T12:19:47.5990000,23.64,81.75,101.951
2026-05-25T12:19:48.6400000,23.64,81.88,101.951
2026-05-25T12:19:49.6810000,23.63,81.84,101.951
2026-05-25T12:19:50.7210000,23.63,81.89,101.951
2026-05-25T12:19:51.7730000,23.63,81.88,101.95
2026-05-25T12:19:52.8140000,23.63,81.86,101.95
2026-05-25T12:19:53.8960000,23.63,81.84,101.949
2026-05-25T12:19:54.8950000,23.63,81.86,101.95
2026-05-25T12:19:55.9360000,23.63,81.87,101.948
2026-05-25T12:19:56.9770000,23.63,81.88,101.949
2026-05-25T12:19:58.0280000,23.63,81.88,101.949
2026-05-25T12:19:59.0690000,23.63,81.89,101.949
2026-05-25T12:20:00.1100000,23.63,81.9,101.948
2026-05-25T12:20:01.1500000,23.63,81.9,101.949
2026-05-25T12:20:02.1910000,23.63,81.93,101.95
2026-05-25T12:20:03.2420000,23.63,81.91,101.949
2026-05-25T12:20:04.2830000,23.63,81.93,101.949
2026-05-25T12:20:05.3240000,23.63,81.91,101.949
2026-05-25T12:20:06.3650000,23.63,81.91,101.949
2026-05-25T12:20:07.4690000,23.63,81.96,101.949
2026-05-25T12:20:08.4470000,23.63,81.99,101.949
2026-05-25T12:20:09.4980000,23.63,82.01,101.949
2026-05-25T12:20:10.5390000,23.63,82.02,101.949
2026-05-25T12:20:11.5790000,23.63,82.02,101.948
2026-05-25T12:20:12.6200000,23.63,82,101.948
2026-05-25T12:20:13.6610000,23.63,82.01,101.948
2026-05-25T12:20:14.7120000,23.63,82,101.948
2026-05-25T12:20:15.7530000,23.63,82,101.947
2026-05-25T12:20:16.7940000,23.63,81.98,101.949
2026-05-25T12:20:17.8340000,23.63,81.96,101.949
2026-05-25T12:20:18.8750000,23.63,81.96,101.949
2026-05-25T12:20:19.9260000,23.63,81.91,101.95
2026-05-25T12:20:20.9670000,23.62,81.91,101.949
2026-05-25T12:20:22.0110000,23.63,81.87,101.949
2026-05-25T12:20:23.0520000,23.62,81.86,101.949
2026-05-25T12:20:24.0930000,23.62,81.84,101.949
2026-05-25T12:20:25.1340000,23.62,81.82,101.95
2026-05-25T12:20:26.1850000,23.62,81.78,101.952
2026-05-25T12:20:27.2260000,23.62,81.77,101.951
2026-05-25T12:20:28.2670000,23.62,81.75,101.951
2026-05-25T12:20:29.3070000,23.62,81.7,101.951
2026-05-25T12:20:30.3480000,23.62,81.74,101.951
2026-05-25T12:20:31.3890000,23.62,81.73,101.95
2026-05-25T12:20:32.4400000,23.62,81.69,101.95
2026-05-25T12:20:33.4810000,23.61,81.66,101.95
2026-05-25T12:20:34.5220000,23.61,81.67,101.95
2026-05-25T12:20:35.5830000,23.61,81.56,101.95
2026-05-25T12:20:36.6030000,23.61,81.59,101.949
2026-05-25T12:20:37.6550000,23.61,81.55,101.949
2026-05-25T12:20:38.6950000,23.61,81.53,101.949
2026-05-25T12:20:39.7360000,23.61,81.52,101.948
2026-05-25T12:20:40.7770000,23.61,81.53,101.949
2026-05-25T12:20:41.8180000,23.6,81.5,101.949
2026-05-25T12:20:42.8690000,23.6,81.41,101.949
2026-05-25T12:20:43.9100000,23.6,81.44,101.949
2026-05-25T12:20:44.9500000,23.6,81.45,101.949
2026-05-25T12:20:45.9910000,23.6,81.42,101.949
2026-05-25T12:20:47.0320000,23.6,81.4,101.95
2026-05-25T12:20:48.0830000,23.6,81.4,101.949
2026-05-25T12:20:49.1550000,23.6,81.35,101.95
2026-05-25T12:20:50.1650000,23.6,81.3,101.95
2026-05-25T12:20:51.2060000,23.6,81.28,101.951
2026-05-25T12:20:52.2460000,23.6,81.25,101.95
2026-05-25T12:20:53.2980000,23.6,81.21,101.95
2026-05-25T12:20:54.3380000,23.6,81.19,101.951
2026-05-25T12:20:55.3790000,23.6,81.16,101.951
2026-05-25T12:20:56.4200000,23.6,81.13,101.952
2026-05-25T12:20:57.4610000,23.6,81.15,101.952
2026-05-25T12:20:58.5120000,23.6,81.07,101.952
2026-05-25T12:20:59.5530000,23.6,81.06,101.952
2026-05-25T12:21:00.5930000,23.6,81.05,101.952
2026-05-25T12:21:01.6340000,23.6,81.04,101.952
2026-05-25T12:21:02.7270000,23.59,80.99,101.951
2026-05-25T12:21:03.7260000,23.59,80.94,101.951
2026-05-25T12:21:04.7670000,23.59,80.96,101.951
2026-05-25T12:21:05.8080000,23.59,80.91,101.951
2026-05-25T12:21:06.8480000,23.59,80.9,101.951
2026-05-25T12:21:07.8890000,23.59,80.89,101.951
2026-05-25T12:21:08.9410000,23.59,80.88,101.952
2026-05-25T12:21:09.9810000,23.59,80.86,101.952
2026-05-25T12:21:11.0220000,23.59,80.87,101.952
2026-05-25T12:21:12.0630000,23.59,80.83,101.952
2026-05-25T12:21:13.1040000,23.59,80.82,101.952
2026-05-25T12:21:14.1440000,23.59,80.78,101.952
2026-05-25T12:21:15.1960000,23.58,80.77,101.951
2026-05-25T12:21:16.3030000,23.58,80.74,101.951
2026-05-25T12:21:17.2810000,23.58,80.72,101.951
2026-05-25T12:21:19.3620000,23.58,80.68,101.95
2026-05-25T12:21:20.4030000,23.58,80.67,101.95
2026-05-25T12:21:21.4430000,23.58,80.65,101.95
2026-05-25T12:21:22.4950000,23.58,80.63,101.951
2026-05-25T12:21:23.5350000,23.58,80.62,101.952
2026-05-25T12:21:24.5760000,23.58,80.62,101.952
2026-05-25T12:21:25.6170000,23.58,80.58,101.951
2026-05-25T12:21:26.6580000,23.58,80.56,101.952
2026-05-25T12:21:27.7090000,23.58,80.53,101.952
2026-05-25T12:21:28.7500000,23.58,80.47,101.953
2026-05-25T12:21:29.7910000,23.58,80.55,101.952
2026-05-25T12:21:30.8450000,23.58,80.48,101.952
2026-05-25T12:21:31.8760000,23.58,80.47,101.951
2026-05-25T12:21:32.9160000,23.58,80.45,101.952
2026-05-25T12:21:33.9570000,23.58,80.43,101.951
2026-05-25T12:21:35.0080000,23.58,80.42,101.951
2026-05-25T12:21:36.0490000,23.58,80.4,101.95
2026-05-25T12:21:37.0900000,23.57,80.39,101.951
2026-05-25T12:21:38.1310000,23.57,80.35,101.951
2026-05-25T12:21:39.1720000,23.57,80.34,101.951
2026-05-25T12:21:40.2230000,23.57,80.29,101.951
2026-05-25T12:21:41.2640000,23.57,80.3,101.951
2026-05-25T12:21:42.3040000,23.57,80.3,101.952
2026-05-25T12:21:43.3450000,23.57,80.27,101.951
2026-05-25T12:21:44.4170000,23.57,80.21,101.951
2026-05-25T12:21:45.4370000,23.57,80.22,101.951
2026-05-25T12:21:46.4780000,23.57,80.19,101.951
2026-05-25T12:21:47.5190000,23.57,80.18,101.951
2026-05-25T12:21:48.5590000,23.57,80.17,101.951
2026-05-25T12:21:49.6000000,23.58,80.16,101.952
2026-05-25T12:21:50.6510000,23.57,80.14,101.951
2026-05-25T12:21:51.6920000,23.57,80.1,101.952
2026-05-25T12:21:52.7330000,23.58,80.12,101.953
2026-05-25T12:21:53.7740000,23.57,80.1,101.952
2026-05-25T12:21:54.8150000,23.57,80.07,101.952
2026-05-25T12:21:55.8660000,23.57,80.08,101.951
2026-05-25T12:21:56.9070000,23.57,80.03,101.95
2026-05-25T12:21:57.9930000,23.57,79.99,101.951
2026-05-25T12:21:58.9920000,23.57,79.97,101.951
2026-05-25T12:22:00.0330000,23.57,79.94,101.952
2026-05-25T12:22:01.0740000,23.57,79.94,101.951
2026-05-25T12:22:02.1140000,23.57,79.93,101.952
2026-05-25T12:22:03.1660000,23.57,79.9,101.953
2026-05-25T12:22:04.2070000,23.57,79.88,101.952
2026-05-25T12:22:05.2470000,23.57,79.87,101.953
2026-05-25T12:22:06.2880000,23.57,79.84,101.952
2026-05-25T12:22:07.3310000,23.57,79.86,101.952
2026-05-25T12:22:08.3720000,23.57,79.83,101.953
2026-05-25T12:22:09.4130000,23.57,79.81,101.952
2026-05-25T12:22:10.4640000,23.57,79.79,101.952
2026-05-25T12:22:11.5640000,23.57,79.75,101.952
2026-05-25T12:22:12.5420000,23.57,79.77,101.952
2026-05-25T12:22:13.5930000,23.56,79.75,101.952
2026-05-25T12:22:14.6340000,23.56,79.74,101.952
2026-05-25T12:22:15.6750000,23.56,79.74,101.951
2026-05-25T12:22:16.7160000,23.56,79.72,101.951
2026-05-25T12:22:17.7570000,23.56,79.72,101.951
2026-05-25T12:22:18.7980000,23.56,79.7,101.951
2026-05-25T12:22:19.8490000,23.56,79.71,101.951
2026-05-25T12:22:20.8900000,23.56,79.7,101.952
2026-05-25T12:22:21.9310000,23.56,79.63,101.952
2026-05-25T12:22:22.9710000,23.56,79.65,101.951
2026-05-25T12:22:24.0120000,23.56,79.61,101.951
2026-05-25T12:22:25.0630000,23.56,79.58,101.952
2026-05-25T12:22:26.1070000,23.56,79.58,101.951
2026-05-25T12:22:27.1480000,23.56,79.54,101.951
2026-05-25T12:22:28.1890000,23.56,79.54,101.951
2026-05-25T12:22:29.2300000,23.56,79.51,101.951
2026-05-25T12:22:30.2700000,23.56,79.49,101.951
2026-05-25T12:22:31.3110000,23.56,79.48,101.95
2026-05-25T12:22:32.3620000,23.56,79.45,101.951
2026-05-25T12:22:33.4030000,23.56,79.41,101.951
2026-05-25T12:22:34.4440000,23.56,79.39,101.951
2026-05-25T12:22:35.4850000,23.56,79.38,101.951
2026-05-25T12:22:36.5260000,23.56,79.4,101.952
2026-05-25T12:22:37.5770000,23.56,79.37,101.952
2026-05-25T12:22:38.6180000,23.56,79.36,101.952
2026-05-25T12:22:39.6800000,23.56,79.35,101.952
2026-05-25T12:22:40.6990000,23.56,79.32,101.952
2026-05-25T12:22:41.7400000,23.56,79.3,101.952
2026-05-25T12:22:42.7810000,23.56,79.28,101.951
2026-05-25T12:22:43.8320000,23.56,79.25,101.951
2026-05-25T12:22:44.8730000,23.56,79.24,101.951
2026-05-25T12:22:45.9140000,23.55,79.21,101.95
2026-05-25T12:22:46.9550000,23.56,79.17,101.951
2026-05-25T12:22:47.9960000,23.56,79.17,101.951
2026-05-25T12:22:49.0470000,23.56,79.14,101.952
2026-05-25T12:22:50.0880000,23.55,79.15,101.951
2026-05-25T12:22:51.1280000,23.55,79.16,101.952
2026-05-25T12:22:52.1690000,23.55,79.14,101.953
2026-05-25T12:22:53.2550000,23.55,79.08,101.953
2026-05-25T12:22:54.2540000,23.55,79.05,101.953
2026-05-25T12:22:55.2940000,23.55,79.04,101.953
2026-05-25T12:22:56.3460000,23.55,79.03,101.953
2026-05-25T12:22:57.3870000,23.55,79.01,101.953
2026-05-25T12:22:58.4270000,23.55,79,101.953
2026-05-25T12:22:59.4680000,23.55,78.98,101.952
2026-05-25T12:23:00.5090000,23.55,78.97,101.952
2026-05-25T12:23:01.5600000,23.55,78.95,101.952
2026-05-25T12:23:02.6010000,23.55,78.93,101.952
2026-05-25T12:23:03.6420000,23.55,78.92,101.952
2026-05-25T12:23:04.6830000,23.55,78.93,101.952
2026-05-25T12:23:05.7230000,23.55,78.91,101.951
2026-05-25T12:23:06.8310000,23.55,78.89,101.951
2026-05-25T12:23:07.8090000,23.55,78.89,101.951
2026-05-25T12:23:08.8600000,23.55,78.87,101.952
2026-05-25T12:23:09.9010000,23.55,78.85,101.951
2026-05-25T12:23:10.9410000,23.55,78.84,101.951
2026-05-25T12:23:11.9820000,23.55,78.83,101.951
2026-05-25T12:23:13.0230000,23.55,78.8,101.951
2026-05-25T12:23:14.0740000,23.55,78.79,101.95
2026-05-25T12:23:15.1150000,23.55,78.77,101.95
2026-05-25T12:23:16.1560000,23.55,78.78,101.951
2026-05-25T12:23:17.1960000,23.55,78.75,101.951
2026-05-25T12:23:18.2370000,23.55,78.76,101.951
2026-05-25T12:23:19.2890000,23.55,78.73,101.951
2026-05-25T12:23:20.3290000,23.55,78.77,101.952
2026-05-25T12:23:21.3740000,23.55,78.72,101.952
2026-05-25T12:23:22.4140000,23.55,78.7,101.952
2026-05-25T12:23:23.4550000,23.55,78.69,101.953
2026-05-25T12:23:24.4960000,23.55,78.68,101.953
2026-05-25T12:23:25.5370000,23.55,78.65,101.953
2026-05-25T12:23:26.5880000,23.55,78.67,101.953
2026-05-25T12:23:27.6290000,23.55,78.65,101.952
2026-05-25T12:23:28.6700000,23.55,78.64,101.953
2026-05-25T12:23:29.7110000,23.55,78.65,101.952
2026-05-25T12:23:30.7520000,23.55,78.62,101.952
2026-05-25T12:23:31.8030000,23.55,78.62,101.953
2026-05-25T12:23:32.8440000,23.55,78.61,101.954
2026-05-25T12:23:33.8840000,23.55,78.6,101.953
2026-05-25T12:23:34.9500000,23.55,78.59,101.954
2026-05-25T12:23:35.9690000,23.55,78.57,101.954
2026-05-25T12:23:37.0100000,23.55,78.57,101.953
2026-05-25T12:23:38.0510000,23.55,78.56,101.954
2026-05-25T12:23:39.1020000,23.55,78.54,101.953
2026-05-25T12:23:40.1430000,23.55,78.54,101.954
2026-05-25T12:23:41.1840000,23.55,78.53,101.954
2026-05-25T12:23:42.2240000,23.55,78.51,101.954
2026-05-25T12:23:43.2650000,23.55,78.51,101.954
2026-05-25T12:23:44.3160000,23.55,78.53,101.955
2026-05-25T12:23:45.3570000,23.55,78.47,101.955
2026-05-25T12:23:46.3980000,23.55,78.51,101.954
2026-05-25T12:23:47.4380000,23.55,78.51,101.954
2026-05-25T12:23:48.5240000,23.55,78.44,101.953
2026-05-25T12:23:49.5230000,23.55,78.48,101.953
2026-05-25T12:23:50.5740000,23.55,78.47,101.953
2026-05-25T12:23:51.6150000,23.55,78.46,101.953
2026-05-25T12:23:52.6560000,23.55,78.45,101.954
2026-05-25T12:23:53.6970000,23.55,78.45,101.953
2026-05-25T12:23:54.7380000,23.55,78.43,101.954
2026-05-25T12:23:55.7890000,23.55,78.45,101.954
2026-05-25T12:23:56.8300000,23.55,78.44,101.954
2026-05-25T12:23:57.8710000,23.55,78.44,101.953
2026-05-25T12:23:58.9110000,23.55,78.39,101.953
2026-05-25T12:23:59.9520000,23.55,78.41,101.954
2026-05-25T12:24:01.0040000,23.55,78.43,101.954
2026-05-25T12:24:02.0970000,23.55,78.4,101.953
2026-05-25T12:24:03.0850000,23.55,78.4,101.953
2026-05-25T12:24:04.1260000,23.55,78.39,101.955
2026-05-25T12:24:05.1670000,23.55,78.41,101.955
2026-05-25T12:24:06.2180000,23.55,78.38,101.955
2026-05-25T12:24:07.2580000,23.55,78.37,101.955
2026-05-25T12:24:08.2990000,23.55,78.37,101.954
2026-05-25T12:24:09.3400000,23.55,78.34,101.954
2026-05-25T12:24:10.3810000,23.55,78.36,101.954
2026-05-25T12:24:11.4320000,23.55,78.31,101.954
2026-05-25T12:24:12.4730000,23.55,78.35,101.954
2026-05-25T12:24:13.5140000,23.55,78.31,101.954
2026-05-25T12:24:14.5540000,23.55,78.32,101.954
2026-05-25T12:24:15.5950000,23.55,78.23,101.955
2026-05-25T12:24:16.6460000,23.55,78.27,101.954
2026-05-25T12:24:17.6870000,23.55,78.24,101.955
2026-05-25T12:24:18.7280000,23.55,78.24,101.955
2026-05-25T12:24:19.7690000,23.55,78.23,101.954
2026-05-25T12:24:20.8100000,23.55,78.23,101.955
2026-05-25T12:24:21.8500000,23.55,78.19,101.955
2026-05-25T12:24:22.9020000,23.55,78.2,101.955
2026-05-25T12:24:23.9430000,23.55,78.19,101.955
2026-05-25T12:24:24.9830000,23.55,78.16,101.955
2026-05-25T12:24:26.0240000,23.55,78.19,101.955
2026-05-25T12:24:27.0650000,23.55,78.16,101.955
2026-05-25T12:24:28.1160000,23.55,78.17,101.955
2026-05-25T12:24:29.1570000,23.55,78.14,101.956
2026-05-25T12:24:30.2110000,23.55,78.12,101.956
2026-05-25T12:24:31.2420000,23.55,78.1,101.956
2026-05-25T12:24:32.2830000,23.55,78.1,101.956
2026-05-25T12:24:33.3230000,23.55,78.08,101.956
2026-05-25T12:24:34.3640000,23.55,78.08,101.956
2026-05-25T12:24:35.4150000,23.55,78.07,101.956
2026-05-25T12:24:36.4560000,23.55,78.06,101.957
2026-05-25T12:24:37.4970000,23.55,78,101.957
2026-05-25T12:24:38.5380000,23.55,78.04,101.957
2026-05-25T12:24:39.5790000,23.55,78.01,101.957
2026-05-25T12:24:40.6300000,23.55,78.01,101.957
2026-05-25T12:24:41.6710000,23.55,77.98,101.957
2026-05-25T12:24:42.7110000,23.55,77.99,101.957
2026-05-25T12:24:43.7870000,23.55,78.03,101.957
2026-05-25T12:24:44.7960000,23.55,77.98,101.957
2026-05-25T12:24:45.8370000,23.55,77.97,101.957
2026-05-25T12:24:46.8880000,23.55,77.96,101.957
2026-05-25T12:24:47.9290000,23.55,77.95,101.957
2026-05-25T12:24:48.9700000,23.55,77.94,101.958
2026-05-25T12:24:50.0110000,23.55,77.93,101.957
2026-05-25T12:24:51.0510000,23.55,77.94,101.958
2026-05-25T12:24:52.0920000,23.55,77.9,101.959
2026-05-25T12:24:53.1430000,23.55,77.93,101.958
2026-05-25T12:24:54.1840000,23.55,77.92,101.958
2026-05-25T12:24:55.2250000,23.55,77.88,101.957
2026-05-25T12:24:56.2660000,23.55,77.88,101.957
2026-05-25T12:24:57.3620000,23.55,77.86,101.957
2026-05-25T12:24:58.3510000,23.55,77.86,101.958
2026-05-25T12:24:59.3920000,23.55,77.86,101.958
2026-05-25T12:25:00.4430000,23.55,77.85,101.959
2026-05-25T12:25:01.4840000,23.55,77.84,101.959
2026-05-25T12:25:02.5240000,23.55,77.84,101.959
2026-05-25T12:25:03.5650000,23.55,77.81,101.958
2026-05-25T12:25:04.6060000,23.55,77.81,101.958
2026-05-25T12:25:05.6570000,23.55,77.8,101.958
2026-05-25T12:25:06.6980000,23.55,77.75,101.958
2026-05-25T12:25:07.7390000,23.55,77.77,101.958
2026-05-25T12:25:08.7800000,23.55,77.73,101.958
2026-05-25T12:25:09.8210000,23.55,77.77,101.958
2026-05-25T12:25:10.9350000,23.55,77.73,101.958
2026-05-25T12:25:11.9130000,23.55,77.74,101.959
2026-05-25T12:25:12.9530000,23.55,77.72,101.959
2026-05-25T12:25:13.9940000,23.55,77.71,101.96
2026-05-25T12:25:15.0350000,23.55,77.7,101.96
2026-05-25T12:25:16.0860000,23.55,77.69,101.96
2026-05-25T12:25:17.1270000,23.55,77.68,101.96
2026-05-25T12:25:18.1670000,23.55,77.67,101.959
2026-05-25T12:25:19.2080000,23.55,77.67,101.96
2026-05-25T12:25:20.2490000,23.55,77.64,101.96
2026-05-25T12:25:21.3000000,23.55,77.65,101.961
2026-05-25T12:25:22.3410000,23.55,77.67,101.961
2026-05-25T12:25:23.3820000,23.55,77.66,101.961
2026-05-25T12:25:24.4230000,23.55,77.61,101.961
2026-05-25T12:25:25.4770000,23.55,77.6,101.961
2026-05-25T12:25:26.5080000,23.55,77.59,101.962
2026-05-25T12:25:27.5480000,23.55,77.59,101.962
2026-05-25T12:25:28.6000000,23.55,77.57,101.962
2026-05-25T12:25:29.6410000,23.55,77.56,101.963
2026-05-25T12:25:30.6810000,23.55,77.55,101.962
2026-05-25T12:25:31.7220000,23.55,77.54,101.963
2026-05-25T12:25:32.7630000,23.55,77.52,101.962
2026-05-25T12:25:33.8140000,23.55,77.49,101.962
2026-05-25T12:25:34.8550000,23.55,77.52,101.962
2026-05-25T12:25:35.8960000,23.55,77.46,101.963
2026-05-25T12:25:36.9360000,23.55,77.51,101.962
2026-05-25T12:25:37.9770000,23.55,77.49,101.962
2026-05-25T12:25:39.0530000,23.55,77.46,101.962
2026-05-25T12:25:40.0730000,23.55,77.47,101.962
2026-05-25T12:25:41.1140000,23.55,77.46,101.962
2026-05-25T12:25:42.1540000,23.55,77.44,101.961
2026-05-25T12:25:43.1950000,23.55,77.44,101.962
2026-05-25T12:25:44.2360000,23.55,77.42,101.962
2026-05-25T12:25:45.2870000,23.55,77.43,101.963
2026-05-25T12:25:46.3280000,23.55,77.38,101.963
2026-05-25T12:25:47.3690000,23.55,77.41,101.963
2026-05-25T12:25:48.4100000,23.55,77.36,101.963
2026-05-25T12:25:49.4500000,23.55,77.36,101.963
2026-05-25T12:25:50.4910000,23.55,77.35,101.963
2026-05-25T12:25:51.5420000,23.55,77.38,101.963
2026-05-25T12:25:52.6250000,23.55,77.32,101.963
2026-05-25T12:25:53.6240000,23.55,77.35,101.963
2026-05-25T12:25:54.6650000,23.55,77.34,101.963
2026-05-25T12:25:55.7060000,23.55,77.34,101.963
2026-05-25T12:25:56.7570000,23.55,77.34,101.963
2026-05-25T12:25:57.7980000,23.55,77.33,101.963
2026-05-25T12:25:58.8380000,23.55,77.32,101.964
2026-05-25T12:25:59.8790000,23.55,77.32,101.964
2026-05-25T12:26:00.9200000,23.55,77.32,101.964
2026-05-25T12:26:01.9710000,23.56,77.29,101.964
2026-05-25T12:26:03.0120000,23.56,77.27,101.964
2026-05-25T12:26:04.0520000,23.55,77.29,101.964
2026-05-25T12:26:05.0930000,23.56,77.28,101.964
2026-05-25T12:26:06.1970000,23.55,77.28,101.964
2026-05-25T12:26:07.1850000,23.55,77.28,101.964
2026-05-25T12:26:08.2260000,23.56,77.26,101.964
2026-05-25T12:26:09.2670000,23.56,77.27,101.965
2026-05-25T12:26:10.3080000,23.56,77.25,101.964
2026-05-25T12:26:11.3480000,23.56,77.25,101.964
2026-05-25T12:26:12.4000000,23.56,77.26,101.964
2026-05-25T12:26:13.4400000,23.55,77.25,101.964
2026-05-25T12:26:14.4810000,23.56,77.23,101.964
2026-05-25T12:26:15.5220000,23.56,77.19,101.964
2026-05-25T12:26:16.5630000,23.55,77.25,101.964
2026-05-25T12:26:17.6140000,23.55,77.21,101.965
2026-05-25T12:26:18.6550000,23.55,77.19,101.965
2026-05-25T12:26:19.6950000,23.55,77.18,101.965
2026-05-25T12:26:20.7400000,23.55,77.16,101.965
2026-05-25T12:26:21.7810000,23.55,77.16,101.965
2026-05-25T12:26:22.8210000,23.55,77.16,101.965
2026-05-25T12:26:23.8620000,23.55,77.15,101.965
2026-05-25T12:26:24.9140000,23.55,77.13,101.965
2026-05-25T12:26:26.9950000,23.56,77.12,101.966
2026-05-25T12:26:28.0360000,23.56,77.12,101.966
2026-05-25T12:26:29.0770000,23.55,77.12,101.965
2026-05-25T12:26:30.1170000,23.55,77.1,101.965
2026-05-25T12:26:31.1690000,23.55,77.11,101.965
2026-05-25T12:26:32.2090000,23.55,77.11,101.965
2026-05-25T12:26:33.2500000,23.55,77.07,101.965
2026-05-25T12:26:34.3120000,23.55,77.08,101.964
2026-05-25T12:26:35.3420000,23.55,77.06,101.965
2026-05-25T12:26:36.3830000,23.55,77.06,101.964
2026-05-25T12:26:37.4230000,23.56,77.06,101.965
2026-05-25T12:26:38.4640000,23.55,77.04,101.964
2026-05-25T12:26:39.5050000,23.56,77.04,101.965
2026-05-25T12:26:40.5460000,23.56,77.04,101.965
2026-05-25T12:26:41.5970000,23.56,77.02,101.965
2026-05-25T12:26:42.6380000,23.56,77.03,101.965
2026-05-25T12:26:43.6790000,23.55,77.03,101.965
2026-05-25T12:26:44.7200000,23.56,77.02,101.965
2026-05-25T12:26:45.7600000,23.56,77.04,101.965
2026-05-25T12:26:46.8120000,23.56,77.02,101.965
2026-05-25T12:26:47.8840000,23.56,77.01,101.964
2026-05-25T12:26:48.8930000,23.56,77,101.965
2026-05-25T12:26:49.9340000,23.56,77,101.964
2026-05-25T12:26:50.9740000,23.56,77.01,101.964
2026-05-25T12:26:52.0260000,23.56,76.99,101.964
2026-05-25T12:26:53.0660000,23.56,76.99,101.964
2026-05-25T12:26:54.1070000,23.56,76.99,101.964
2026-05-25T12:26:55.1480000,23.56,76.99,101.964
2026-05-25T12:26:56.1890000,23.56,76.98,101.965
2026-05-25T12:26:57.2400000,23.56,76.95,101.965
2026-05-25T12:26:58.2810000,23.56,76.97,101.966
2026-05-25T12:26:59.3220000,23.56,76.97,101.965
2026-05-25T12:27:00.3620000,23.56,76.98,101.966
2026-05-25T12:27:01.4590000,23.56,76.97,101.965
2026-05-25T12:27:02.4470000,23.56,76.91,101.965
2026-05-25T12:27:03.4880000,23.56,76.91,101.966
2026-05-25T12:27:04.5390000,23.56,76.91,101.967
2026-05-25T12:27:05.5800000,23.56,76.91,101.967
2026-05-25T12:27:06.6210000,23.56,76.91,101.966
2026-05-25T12:27:07.6620000,23.56,76.91,101.966
2026-05-25T12:27:08.7030000,23.56,76.91,101.965
2026-05-25T12:27:09.7430000,23.56,76.91,101.965
2026-05-25T12:27:10.7950000,23.56,76.93,101.965
2026-05-25T12:27:11.8350000,23.56,76.92,101.965
2026-05-25T12:27:12.8760000,23.56,76.98,101.965
2026-05-25T12:27:13.9170000,23.56,76.96,101.964
2026-05-25T12:27:14.9570000,23.56,76.98,101.964
2026-05-25T12:27:16.0090000,23.56,76.93,101.965
2026-05-25T12:27:17.0500000,23.56,76.92,101.965
2026-05-25T12:27:18.0900000,23.56,76.91,101.965
2026-05-25T12:27:19.1310000,23.56,76.9,101.965
2026-05-25T12:27:20.1720000,23.56,76.9,101.966
2026-05-25T12:27:21.2230000,23.56,76.89,101.966
2026-05-25T12:27:22.2640000,23.56,76.89,101.965
2026-05-25T12:27:23.3050000,23.56,76.87,101.965
2026-05-25T12:27:24.3460000,23.56,76.87,101.965
2026-05-25T12:27:25.3870000,23.56,76.88,101.965
2026-05-25T12:27:26.4280000,23.56,76.84,101.966
2026-05-25T12:27:27.4790000,23.56,76.86,101.967
2026-05-25T12:27:28.5200000,23.56,76.8,101.967
2026-05-25T12:27:29.5740000,23.56,76.83,101.966
2026-05-25T12:27:30.6050000,23.56,76.78,101.966
2026-05-25T12:27:31.6460000,23.56,76.77,101.966
2026-05-25T12:27:32.6860000,23.56,76.76,101.966
2026-05-25T12:27:33.7270000,23.56,76.75,101.966
2026-05-25T12:27:34.7790000,23.56,76.74,101.967
2026-05-25T12:27:35.8190000,23.56,76.72,101.966
2026-05-25T12:27:36.8600000,23.56,76.74,101.967
2026-05-25T12:27:37.9010000,23.56,76.7,101.967
2026-05-25T12:27:38.9420000,23.56,76.69,101.967
2026-05-25T12:27:39.9830000,23.57,76.72,101.967
2026-05-25T12:27:41.0340000,23.56,76.7,101.967
2026-05-25T12:27:42.0740000,23.57,76.64,101.967
2026-05-25T12:27:43.1470000,23.57,76.67,101.967
2026-05-25T12:27:44.1560000,23.57,76.65,101.967
2026-05-25T12:27:45.1970000,23.57,76.62,101.967
2026-05-25T12:27:46.2480000,23.57,76.62,101.968
2026-05-25T12:27:47.2890000,23.57,76.62,101.968
2026-05-25T12:27:48.3300000,23.57,76.61,101.968
2026-05-25T12:27:49.3700000,23.57,76.6,101.969
2026-05-25T12:27:51.4520000,23.57,76.57,101.968
2026-05-25T12:27:52.5030000,23.57,76.57,101.967
2026-05-25T12:27:53.5440000,23.57,76.57,101.967
2026-05-25T12:27:54.5850000,23.57,76.58,101.967
2026-05-25T12:27:55.6260000,23.57,76.56,101.968
2026-05-25T12:27:56.7220000,23.57,76.49,101.969
2026-05-25T12:27:57.7110000,23.57,76.51,101.969
2026-05-25T12:27:58.7510000,23.57,76.49,101.968
2026-05-25T12:27:59.8030000,23.57,76.5,101.967
2026-05-25T12:28:00.8430000,23.57,76.47,101.967
2026-05-25T12:28:01.8840000,23.57,76.47,101.967
2026-05-25T12:28:02.9250000,23.57,76.46,101.967
2026-05-25T12:28:03.9650000,23.56,76.45,101.967
2026-05-25T12:28:05.0170000,23.56,76.45,101.966
2026-05-25T12:28:06.0570000,23.56,76.43,101.966
2026-05-25T12:28:07.0980000,23.56,76.4,101.966
2026-05-25T12:28:08.1390000,23.57,76.38,101.966
2026-05-25T12:28:09.1800000,23.57,76.39,101.966
2026-05-25T12:28:10.2940000,23.57,76.39,101.966
2026-05-25T12:28:11.2720000,23.57,76.37,101.966
2026-05-25T12:28:12.3130000,23.57,76.36,101.966
2026-05-25T12:28:13.3530000,23.57,76.36,101.966
2026-05-25T12:28:14.3940000,23.57,76.35,101.965
2026-05-25T12:28:15.4460000,23.57,76.33,101.965
2026-05-25T12:28:16.4860000,23.57,76.33,101.966
2026-05-25T12:28:17.5270000,23.57,76.29,101.966
2026-05-25T12:28:18.5680000,23.57,76.32,101.966
2026-05-25T12:28:19.6090000,23.57,76.33,101.966
2026-05-25T12:28:20.6500000,23.57,76.27,101.966
2026-05-25T12:28:21.7010000,23.57,76.31,101.966
2026-05-25T12:28:22.7410000,23.57,76.3,101.966
2026-05-25T12:28:23.7820000,23.57,76.29,101.966
2026-05-25T12:28:24.8370000,23.57,76.24,101.966
2026-05-25T12:28:25.8670000,23.57,76.24,101.967
2026-05-25T12:28:26.9080000,23.57,76.24,101.967
2026-05-25T12:28:27.9490000,23.57,76.23,101.967
2026-05-25T12:28:29.0000000,23.57,76.22,101.966
2026-05-25T12:28:30.0410000,23.57,76.22,101.967
2026-05-25T12:28:31.0820000,23.57,76.21,101.967
2026-05-25T12:28:32.1230000,23.57,76.2,101.966
2026-05-25T12:28:33.1640000,23.57,76.19,101.967
2026-05-25T12:28:34.2150000,23.57,76.2,101.967
2026-05-25T12:28:35.2560000,23.57,76.21,101.968
2026-05-25T12:28:36.2970000,23.57,76.22,101.968
2026-05-25T12:28:37.3370000,23.57,76.18,101.969
2026-05-25T12:28:38.4100000,23.57,76.19,101.968
2026-05-25T12:28:39.4300000,23.57,76.2,101.968
2026-05-25T12:28:40.4700000,23.57,76.19,101.969
2026-05-25T12:28:41.5110000,23.57,76.2,101.969
2026-05-25T12:28:42.5520000,23.57,76.18,101.969
2026-05-25T12:28:43.5930000,23.57,76.17,101.969
2026-05-25T12:28:44.6340000,23.57,76.17,101.969
2026-05-25T12:28:45.6850000,23.57,76.22,101.968
2026-05-25T12:28:46.7260000,23.57,76.15,101.968
2026-05-25T12:28:47.7660000,23.57,76.17,101.968
2026-05-25T12:28:48.8070000,23.57,76.17,101.968
2026-05-25T12:28:49.8480000,23.57,76.11,101.968
2026-05-25T12:28:50.8990000,23.57,76.13,101.968
2026-05-25T12:28:51.9850000,23.57,76.15,101.969
2026-05-25T12:28:52.9840000,23.57,76.15,101.969
2026-05-25T12:28:54.0250000,23.57,76.17,101.969
2026-05-25T12:28:55.0650000,23.57,76.15,101.969
2026-05-25T12:28:56.1060000,23.57,76.16,101.969
2026-05-25T12:28:57.1470000,23.57,76.15,101.969
2026-05-25T12:28:58.1980000,23.58,76.13,101.969
2026-05-25T12:28:59.2390000,23.57,76.13,101.969
2026-05-25T12:29:00.2800000,23.57,76.12,101.969
2026-05-25T12:29:01.3210000,23.58,76.13,101.97
2026-05-25T12:29:02.3610000,23.58,76.1,101.97
2026-05-25T12:29:03.4130000,23.58,76.09,101.969
2026-05-25T12:29:04.4530000,23.58,76.11,101.97
2026-05-25T12:29:05.5570000,23.58,76.09,101.97
2026-05-25T12:29:06.5350000,23.58,76.09,101.97
2026-05-25T12:29:07.5760000,23.58,76.11,101.97
2026-05-25T12:29:08.6160000,23.58,76.1,101.97
2026-05-25T12:29:09.6680000,23.58,76.11,101.97
2026-05-25T12:29:10.7080000,23.58,76.11,101.97
2026-05-25T12:29:11.7490000,23.58,76.13,101.97
2026-05-25T12:29:12.7900000,23.58,76.12,101.97
2026-05-25T12:29:13.8310000,23.58,76.16,101.971
2026-05-25T12:29:14.8820000,23.58,76.12,101.971
2026-05-25T12:29:16.9640000,23.58,76.18,101.971
2026-05-25T12:29:18.0050000,23.58,76.12,101.972
2026-05-25T12:29:19.0450000,23.58,76.17,101.972
2026-05-25T12:29:20.1000000,23.58,76.13,101.972
2026-05-25T12:29:21.1300000,23.58,76.15,101.972
2026-05-25T12:29:22.1820000,23.58,76.13,101.973
2026-05-25T12:29:23.2220000,23.58,76.12,101.972
2026-05-25T12:29:24.2630000,23.58,76.13,101.973
2026-05-25T12:29:25.3040000,23.58,76.12,101.973
2026-05-25T12:29:26.3450000,23.58,76.1,101.973
2026-05-25T12:29:27.3960000,23.58,76.1,101.972
2026-05-25T12:29:28.4370000,23.58,76.1,101.973
2026-05-25T12:29:29.4780000,23.58,76.09,101.973
2026-05-25T12:29:30.5180000,23.58,76.12,101.973
2026-05-25T12:29:31.5590000,23.58,76.1,101.973
2026-05-25T12:29:32.6100000,23.58,76.15,101.974
2026-05-25T12:29:33.6750000,23.58,76.16,101.974
2026-05-25T12:29:34.6950000,23.58,76.17,101.974
2026-05-25T12:29:35.7360000,23.58,76.18,101.974
2026-05-25T12:29:36.7770000,23.58,76.2,101.973
2026-05-25T12:29:37.8180000,23.59,76.23,101.974
2026-05-25T12:29:38.8590000,23.59,76.27,101.974
2026-05-25T12:29:39.8990000,23.59,76.27,101.974
2026-05-25T12:29:40.9510000,23.59,76.22,101.974
2026-05-25T12:29:41.9910000,23.59,76.3,101.974
2026-05-25T12:29:43.0320000,23.59,76.32,101.974
2026-05-25T12:29:44.0730000,23.59,76.31,101.974
2026-05-25T12:29:45.1140000,23.59,76.34,101.974
2026-05-25T12:29:46.1650000,23.59,76.38,101.974
2026-05-25T12:29:47.2480000,23.59,76.43,101.975
2026-05-25T12:29:48.2470000,23.59,76.44,101.975
2026-05-25T12:29:49.2870000,23.59,76.46,101.975
2026-05-25T12:29:50.3280000,23.59,76.47,101.974
2026-05-25T12:29:51.3790000,23.59,76.5,101.974
2026-05-25T12:29:52.4200000,23.59,76.52,101.974
2026-05-25T12:29:53.4610000,23.59,76.53,101.974
2026-05-25T12:29:54.5020000,23.59,76.58,101.973
2026-05-25T12:29:55.5430000,23.6,76.64,101.974
2026-05-25T12:29:56.5830000,23.6,76.69,101.974
2026-05-25T12:29:57.6340000,23.6,76.78,101.974
2026-05-25T12:29:58.6750000,23.6,76.82,101.974
2026-05-25T12:29:59.7160000,23.6,76.91,101.974
2026-05-25T12:30:00.8190000,23.6,77,101.973
2026-05-25T12:30:01.7970000,23.6,77.03,101.973
2026-05-25T12:30:02.8480000,23.6,77.07,101.973
2026-05-25T12:30:03.8890000,23.6,77.14,101.973
2026-05-25T12:30:04.9300000,23.6,77.21,101.972
2026-05-25T12:30:05.9710000,23.6,77.28,101.973
2026-05-25T12:30:07.0120000,23.61,77.32,101.974
2026-05-25T12:30:08.0630000,23.61,77.35,101.973
2026-05-25T12:30:09.1040000,23.61,77.38,101.974
2026-05-25T12:30:10.1440000,23.61,77.43,101.974
2026-05-25T12:30:11.1850000,23.61,77.45,101.974
2026-05-25T12:30:12.2260000,23.61,77.48,101.974
2026-05-25T12:30:13.2770000,23.61,77.54,101.974
2026-05-25T12:30:14.3180000,23.61,77.58,101.974
2026-05-25T12:30:15.3590000,23.61,77.71,101.973
2026-05-25T12:30:16.3990000,23.61,77.77,101.973
2026-05-25T12:30:17.4400000,23.61,77.81,101.972
2026-05-25T12:30:18.4920000,23.61,77.87,101.972
2026-05-25T12:30:19.5320000,23.61,77.92,101.972
2026-05-25T12:30:20.5730000,23.62,77.94,101.972
2026-05-25T12:30:21.6140000,23.62,77.98,101.972
2026-05-25T12:30:22.6540000,23.62,78.01,101.973
2026-05-25T12:30:23.6950000,23.62,78.07,101.972
2026-05-25T12:30:24.7460000,23.62,78.08,101.972
2026-05-25T12:30:25.7870000,23.62,78.13,101.972
2026-05-25T12:30:26.8280000,23.62,78.16,101.973
2026-05-25T12:30:27.8690000,23.62,78.16,101.973
2026-05-25T12:30:28.9340000,23.62,78.16,101.972
2026-05-25T12:30:29.9540000,23.62,78.18,101.973
2026-05-25T12:30:30.9950000,23.62,78.18,101.973
2026-05-25T12:30:32.0460000,23.61,78.19,101.972
2026-05-25T12:30:33.0870000,23.62,78.22,101.973
2026-05-25T12:30:34.1280000,23.62,78.25,101.973
2026-05-25T12:30:35.1680000,23.62,78.3,101.972
2026-05-25T12:30:36.2090000,23.62,78.43,101.973
2026-05-25T12:30:37.2600000,23.62,78.42,101.973
2026-05-25T12:30:38.3010000,23.62,78.47,101.973
2026-05-25T12:30:39.3420000,23.62,78.49,101.972
2026-05-25T12:30:40.3830000,23.62,78.54,101.972
2026-05-25T12:30:41.4240000,23.62,78.56,101.972
2026-05-25T12:30:42.5060000,23.62,78.6,101.973
2026-05-25T12:30:43.5160000,23.62,78.59,101.973
2026-05-25T12:30:44.5560000,23.62,78.63,101.973
2026-05-25T12:30:46.6380000,23.62,78.76,101.972
2026-05-25T12:30:47.6890000,23.62,78.83,101.972
2026-05-25T12:30:48.7300000,23.62,78.89,101.972
2026-05-25T12:30:49.7710000,23.62,78.98,101.972
2026-05-25T12:30:50.8120000,23.62,79.06,101.973
2026-05-25T12:30:51.8520000,23.62,79.12,101.973
2026-05-25T12:30:52.9040000,23.62,79.24,101.972
2026-05-25T12:30:53.9440000,23.62,79.34,101.972
2026-05-25T12:30:54.9850000,23.63,79.37,101.972
2026-05-25T12:30:57.0670000,23.63,79.6,101.973
2026-05-25T12:30:58.1080000,23.63,79.67,101.973
2026-05-25T12:30:59.1590000,23.63,79.76,101.973
2026-05-25T12:31:00.2000000,23.63,79.83,101.972
2026-05-25T12:31:01.2400000,23.63,79.9,101.972
2026-05-25T12:31:02.2810000,23.63,79.99,101.972
2026-05-25T12:31:03.3220000,23.63,80.06,101.972
2026-05-25T12:31:04.3730000,23.63,80.15,101.972
2026-05-25T12:31:05.4140000,23.63,80.23,101.973
2026-05-25T12:31:06.4550000,23.63,80.26,101.972
2026-05-25T12:31:07.4960000,23.63,80.32,101.972
2026-05-25T12:31:08.5360000,23.63,80.38,101.972
2026-05-25T12:31:10.6210000,23.63,80.49,101.972
2026-05-25T12:31:11.6720000,23.63,80.51,101.972
2026-05-25T12:31:12.7130000,23.63,80.58,101.972
2026-05-25T12:31:13.7540000,23.63,80.65,101.972
2026-05-25T12:31:14.7950000,23.63,80.7,101.972
2026-05-25T12:31:15.8360000,23.63,80.76,101.972
2026-05-25T12:31:16.8870000,23.63,80.81,101.972
2026-05-25T12:31:18.9680000,23.63,80.88,101.971
2026-05-25T12:31:20.0090000,23.63,80.93,101.972
2026-05-25T12:31:21.0500000,23.63,80.92,101.971
2026-05-25T12:31:23.1420000,23.63,80.98,101.971
2026-05-25T12:31:25.2240000,23.63,81.03,101.971
2026-05-25T12:31:26.2640000,23.63,81.06,101.972
2026-05-25T12:31:27.3050000,23.63,81.07,101.972
2026-05-25T12:31:28.3570000,23.63,81.09,101.972
2026-05-25T12:31:29.3980000,23.63,81.11,101.972
2026-05-25T12:31:30.4380000,23.63,81.14,101.972
2026-05-25T12:31:31.4790000,23.63,81.14,101.972
2026-05-25T12:31:32.5200000,23.63,81.18,101.972
2026-05-25T12:31:33.5600000,23.63,81.19,101.972
2026-05-25T12:31:34.6120000,23.63,81.23,101.972
2026-05-25T12:31:35.6530000,23.63,81.25,101.971
2026-05-25T12:31:36.6930000,23.63,81.24,101.972
2026-05-25T12:31:37.7690000,23.63,81.3,101.971
2026-05-25T12:31:38.7780000,23.63,81.33,101.972
2026-05-25T12:31:39.8190000,23.63,81.35,101.971
2026-05-25T12:31:41.9110000,23.63,81.41,101.972
2026-05-25T12:31:42.9520000,23.63,81.42,101.972
2026-05-25T12:31:43.9930000,23.63,81.45,101.971
2026-05-25T12:31:45.0330000,23.63,81.44,101.972
2026-05-25T12:31:46.0740000,23.63,81.46,101.972
2026-05-25T12:31:47.1250000,23.63,81.5,101.972
2026-05-25T12:31:48.1660000,23.63,81.53,101.971
2026-05-25T12:31:49.2070000,23.63,81.51,101.972
2026-05-25T12:31:50.2480000,23.63,81.51,101.971
2026-05-25T12:31:51.3410000,23.63,81.53,101.971
2026-05-25T12:31:52.3400000,23.63,81.55,101.971
2026-05-25T12:31:53.3810000,23.63,81.57,101.97
2026-05-25T12:31:54.4210000,23.63,81.58,101.97
2026-05-25T12:31:55.4620000,23.62,81.57,101.969
2026-05-25T12:31:56.5030000,23.62,81.57,101.969
2026-05-25T12:31:57.5430000,23.63,81.58,101.97
2026-05-25T12:31:58.5950000,23.62,81.57,101.97
2026-05-25T12:31:59.6360000,23.62,81.61,101.97
2026-05-25T12:32:00.6760000,23.63,81.58,101.97
2026-05-25T12:32:01.7170000,23.63,81.62,101.97
2026-05-25T12:32:02.7580000,23.63,81.67,101.97
2026-05-25T12:32:03.8090000,23.63,81.63,101.97
2026-05-25T12:32:04.9130000,23.62,81.67,101.97
2026-05-25T12:32:05.8900000,23.62,81.69,101.969
2026-05-25T12:32:06.9310000,23.62,81.7,101.969
2026-05-25T12:32:07.9720000,23.62,81.71,101.968
2026-05-25T12:32:09.0230000,23.62,81.72,101.968
2026-05-25T12:32:10.0640000,23.62,81.71,101.969
2026-05-25T12:32:11.1050000,23.62,81.71,101.969
2026-05-25T12:32:12.1460000,23.62,81.71,101.97
2026-05-25T12:32:13.1860000,23.62,81.69,101.969
2026-05-25T12:32:14.2270000,23.62,81.7,101.969
2026-05-25T12:32:15.2790000,23.62,81.69,101.97
2026-05-25T12:32:16.3190000,23.62,81.69,101.97
2026-05-25T12:32:17.3600000,23.62,81.72,101.97
2026-05-25T12:32:18.4010000,23.62,81.71,101.969
2026-05-25T12:32:19.4560000,23.62,81.75,101.97
2026-05-25T12:32:20.4860000,23.62,81.74,101.97
2026-05-25T12:32:21.5270000,23.62,81.74,101.969
2026-05-25T12:32:22.5780000,23.62,81.74,101.969
2026-05-25T12:32:23.6190000,23.62,81.74,101.97
2026-05-25T12:32:24.6600000,23.62,81.73,101.97
2026-05-25T12:32:25.7000000,23.62,81.75,101.971
2026-05-25T12:32:26.7410000,23.62,81.7,101.971
2026-05-25T12:32:27.7930000,23.62,81.75,101.972
2026-05-25T12:32:28.8330000,23.62,81.8,101.971
2026-05-25T12:32:29.8740000,23.62,81.8,101.971
2026-05-25T12:32:30.9150000,23.62,81.83,101.972
2026-05-25T12:32:31.9560000,23.62,81.78,101.971
2026-05-25T12:32:33.0280000,23.62,81.78,101.971
2026-05-25T12:32:34.0480000,23.62,81.81,101.97
2026-05-25T12:32:36.1290000,23.62,81.85,101.97
2026-05-25T12:32:37.1700000,23.62,81.85,101.969
2026-05-25T12:32:38.2110000,23.62,81.85,101.969
2026-05-25T12:32:39.2620000,23.62,81.85,101.97
2026-05-25T12:32:40.3030000,23.61,81.8,101.97
2026-05-25T12:32:41.3440000,23.61,81.85,101.97
2026-05-25T12:32:42.3840000,23.62,81.85,101.97
2026-05-25T12:32:43.4250000,23.62,81.85,101.97
2026-05-25T12:32:44.4760000,23.62,81.85,101.971
2026-05-25T12:32:45.5170000,23.61,81.81,101.971
2026-05-25T12:32:46.6040000,23.61,81.75,101.97
2026-05-25T12:32:47.6020000,23.61,81.74,101.97
2026-05-25T12:32:48.6430000,23.61,81.72,101.97
2026-05-25T12:32:49.6840000,23.61,81.72,101.97
2026-05-25T12:32:50.7250000,23.61,81.7,101.97
2026-05-25T12:32:51.7760000,23.61,81.68,101.969
2026-05-25T12:32:52.8170000,23.6,81.69,101.968
2026-05-25T12:32:53.8580000,23.6,81.62,101.968
2026-05-25T12:32:54.8990000,23.6,81.66,101.968
2026-05-25T12:32:55.9390000,23.61,81.67,101.968
2026-05-25T12:32:56.9800000,23.6,81.64,101.968
2026-05-25T12:32:58.0310000,23.6,81.62,101.968
2026-05-25T12:32:59.0720000,23.6,81.62,101.969
2026-05-25T12:33:00.1760000,23.6,81.6,101.969
2026-05-25T12:33:01.1540000,23.6,81.54,101.969
2026-05-25T12:33:02.1940000,23.6,81.53,101.969
2026-05-25T12:33:03.2460000,23.6,81.52,101.969
2026-05-25T12:33:04.2860000,23.6,81.51,101.969
2026-05-25T12:33:05.3270000,23.6,81.48,101.969
2026-05-25T12:33:06.3680000,23.6,81.47,101.97
2026-05-25T12:33:07.4080000,23.6,81.45,101.969
2026-05-25T12:33:08.4490000,23.6,81.48,101.969
2026-05-25T12:33:09.5000000,23.6,81.4,101.969
2026-05-25T12:33:10.5410000,23.6,81.37,101.97
2026-05-25T12:33:11.5820000,23.6,81.39,101.97
2026-05-25T12:33:12.6230000,23.6,81.31,101.97
2026-05-25T12:33:13.6630000,23.59,81.29,101.97
2026-05-25T12:33:14.7180000,23.59,81.28,101.97
2026-05-25T12:33:15.7590000,23.59,81.25,101.969
2026-05-25T12:33:16.8000000,23.59,81.23,101.969
2026-05-25T12:33:17.8410000,23.59,81.19,101.969
2026-05-25T12:33:18.8810000,23.59,81.17,101.969
2026-05-25T12:33:19.9220000,23.59,81.14,101.97
2026-05-25T12:33:20.9630000,23.59,81.13,101.969
2026-05-25T12:33:22.0140000,23.59,81.15,101.971
2026-05-25T12:33:23.0550000,23.59,81.09,101.971
2026-05-25T12:33:24.0950000,23.58,81.06,101.969
2026-05-25T12:33:25.1360000,23.58,81.05,101.969
2026-05-25T12:33:26.1770000,23.58,80.99,101.969
2026-05-25T12:33:27.2280000,23.58,80.99,101.969
2026-05-25T12:33:28.2940000,23.58,80.96,101.969
2026-05-25T12:33:29.3140000,23.58,80.94,101.97
2026-05-25T12:33:30.3540000,23.58,80.93,101.97
2026-05-25T12:33:31.3950000,23.58,80.89,101.97
2026-05-25T12:33:32.4360000,23.58,80.87,101.97
2026-05-25T12:33:33.4770000,23.58,80.87,101.971
2026-05-25T12:33:34.5180000,23.58,80.83,101.971
2026-05-25T12:33:35.5690000,23.58,80.84,101.97
2026-05-25T12:33:36.6100000,23.58,80.78,101.971
2026-05-25T12:33:37.6500000,23.58,80.75,101.97
2026-05-25T12:33:38.6910000,23.58,80.75,101.97
2026-05-25T12:33:39.7320000,23.58,80.72,101.97
2026-05-25T12:33:40.7830000,23.57,80.69,101.97
2026-05-25T12:33:41.8660000,23.57,80.7,101.97
2026-05-25T12:33:42.8650000,23.57,80.68,101.97
2026-05-25T12:33:43.9060000,23.57,80.67,101.971
2026-05-25T12:33:44.9470000,23.58,80.65,101.971
2026-05-25T12:33:45.9980000,23.57,80.64,101.97
2026-05-25T12:33:47.0390000,23.58,80.62,101.971
2026-05-25T12:33:48.0800000,23.57,80.58,101.97
2026-05-25T12:33:49.1210000,23.57,80.54,101.97
2026-05-25T12:33:50.1620000,23.57,80.55,101.97
2026-05-25T12:33:51.2020000,23.57,80.53,101.97
2026-05-25T12:33:52.2540000,23.57,80.47,101.97
2026-05-25T12:33:53.2940000,23.57,80.51,101.969
2026-05-25T12:33:54.3350000,23.57,80.47,101.97
2026-05-25T12:33:55.4390000,23.57,80.41,101.97
2026-05-25T12:33:56.4160000,23.57,80.4,101.971
2026-05-25T12:33:57.4670000,23.57,80.39,101.971
2026-05-25T12:33:58.5080000,23.57,80.37,101.971
2026-05-25T12:33:59.5490000,23.57,80.37,101.971
2026-05-25T12:34:00.5900000,23.57,80.34,101.971
2026-05-25T12:34:01.6310000,23.57,80.32,101.971
2026-05-25T12:34:02.6820000,23.57,80.31,101.971
2026-05-25T12:34:03.7230000,23.57,80.29,101.971
2026-05-25T12:34:04.7640000,23.57,80.25,101.971
2026-05-25T12:34:05.8050000,23.57,80.21,101.971
2026-05-25T12:34:06.8450000,23.57,80.24,101.971
2026-05-25T12:34:07.8970000,23.57,80.18,101.972
2026-05-25T12:34:08.9380000,23.57,80.17,101.972
2026-05-25T12:34:09.9820000,23.57,80.12,101.971
2026-05-25T12:34:11.0230000,23.57,80.13,101.971
2026-05-25T12:34:12.0630000,23.57,80.13,101.971
2026-05-25T12:34:13.1040000,23.57,80.11,101.972
2026-05-25T12:34:14.1450000,23.57,80.1,101.972
2026-05-25T12:34:15.1960000,23.57,80.07,101.972
2026-05-25T12:34:16.2370000,23.56,80.06,101.971
2026-05-25T12:34:17.2780000,23.56,80.03,101.971
2026-05-25T12:34:18.3180000,23.56,80.07,101.971
2026-05-25T12:34:19.3590000,23.56,80.04,101.971
2026-05-25T12:34:20.4100000,23.56,80,101.971
2026-05-25T12:34:21.4510000,23.57,80.01,101.971
2026-05-25T12:34:22.4920000,23.56,79.95,101.971
2026-05-25T12:34:23.5570000,23.56,79.98,101.97
2026-05-25T12:34:24.5770000,23.56,79.94,101.971
2026-05-25T12:34:25.6180000,23.56,79.9,101.971
2026-05-25T12:34:26.6590000,23.56,79.89,101.971
2026-05-25T12:34:27.6990000,23.56,79.88,101.971
2026-05-25T12:34:28.7510000,23.56,79.86,101.971
2026-05-25T12:34:29.7910000,23.56,79.84,101.971
2026-05-25T12:34:30.8320000,23.56,79.79,101.971
2026-05-25T12:34:31.8730000,23.56,79.78,101.971
2026-05-25T12:34:32.9140000,23.56,79.79,101.971
2026-05-25T12:34:33.9650000,23.56,79.74,101.972
2026-05-25T12:34:35.0060000,23.56,79.74,101.971
2026-05-25T12:34:36.0460000,23.56,79.7,101.972
2026-05-25T12:34:37.1290000,23.56,79.69,101.972
2026-05-25T12:34:38.1280000,23.56,79.68,101.972
2026-05-25T12:34:39.1690000,23.56,79.66,101.971
2026-05-25T12:34:40.2200000,23.56,79.65,101.972
2026-05-25T12:34:41.2610000,23.56,79.63,101.972
2026-05-25T12:34:42.3020000,23.56,79.63,101.972
2026-05-25T12:34:43.3420000,23.55,79.62,101.972
2026-05-25T12:34:44.3830000,23.55,79.6,101.972
2026-05-25T12:34:45.4340000,23.56,79.6,101.972
2026-05-25T12:34:46.4750000,23.56,79.56,101.973
2026-05-25T12:34:47.5160000,23.56,79.53,101.973
2026-05-25T12:34:48.5570000,23.56,79.55,101.973
2026-05-25T12:34:49.5980000,23.56,79.54,101.973
2026-05-25T12:34:50.7010000,23.56,79.5,101.972
2026-05-25T12:34:51.6900000,23.56,79.47,101.972
2026-05-25T12:34:52.7300000,23.55,79.45,101.972
2026-05-25T12:34:53.7710000,23.55,79.43,101.972
2026-05-25T12:34:54.8120000,23.55,79.42,101.972
2026-05-25T12:34:55.8630000,23.55,79.4,101.973
2026-05-25T12:34:56.9040000,23.55,79.38,101.973
2026-05-25T12:34:57.9450000,23.55,79.38,101.973
2026-05-25T12:34:58.9860000,23.55,79.36,101.972
2026-05-25T12:35:00.0260000,23.55,79.33,101.972
2026-05-25T12:35:01.0670000,23.55,79.35,101.972
2026-05-25T12:35:02.1180000,23.55,79.33,101.972
2026-05-25T12:35:03.1590000,23.55,79.26,101.972
2026-05-25T12:35:04.2000000,23.55,79.28,101.973
2026-05-25T12:35:05.2440000,23.55,79.26,101.972
2026-05-25T12:35:06.2850000,23.56,79.25,101.973
2026-05-25T12:35:07.3250000,23.56,79.25,101.973
2026-05-25T12:35:08.3660000,23.56,79.23,101.973
2026-05-25T12:35:09.4170000,23.55,79.24,101.972
2026-05-25T12:35:10.4580000,23.55,79.25,101.972
2026-05-25T12:35:11.4990000,23.56,79.22,101.973
2026-05-25T12:35:13.5810000,23.55,79.15,101.972
2026-05-25T12:35:14.6320000,23.55,79.17,101.972
2026-05-25T12:35:15.6730000,23.55,79.15,101.973
2026-05-25T12:35:16.7130000,23.55,79.15,101.972
2026-05-25T12:35:17.7540000,23.56,79.1,101.973
2026-05-25T12:35:18.8160000,23.55,79.14,101.972
2026-05-25T12:35:19.8360000,23.55,79.11,101.972
2026-05-25T12:35:20.8870000,23.55,79.11,101.972
2026-05-25T12:35:21.9280000,23.55,79.1,101.972
2026-05-25T12:35:22.9680000,23.55,79.11,101.972
2026-05-25T12:35:24.0090000,23.55,79.08,101.972
2026-05-25T12:35:25.0500000,23.55,79.06,101.972
2026-05-25T12:35:26.1010000,23.55,79.1,101.972
2026-05-25T12:35:27.1420000,23.55,79.03,101.973
2026-05-25T12:35:28.1820000,23.55,79.03,101.973
2026-05-25T12:35:29.2230000,23.55,78.98,101.973
2026-05-25T12:35:30.2640000,23.55,78.99,101.972
2026-05-25T12:35:31.3150000,23.55,79.02,101.972
2026-05-25T12:35:32.3870000,23.55,78.97,101.973
2026-05-25T12:35:33.3970000,23.55,78.95,101.974
2026-05-25T12:35:34.4370000,23.55,78.93,101.973
2026-05-25T12:35:35.4780000,23.55,78.92,101.973
2026-05-25T12:35:36.5190000,23.55,78.91,101.973
2026-05-25T12:35:37.5700000,23.55,78.91,101.973
2026-05-25T12:35:38.6110000,23.55,78.9,101.973
2026-05-25T12:35:39.6520000,23.55,78.95,101.972
2026-05-25T12:35:40.6930000,23.55,78.85,101.972
2026-05-25T12:35:41.7330000,23.55,78.88,101.973
2026-05-25T12:35:42.7850000,23.55,78.84,101.973
2026-05-25T12:35:43.8250000,23.55,78.83,101.973
2026-05-25T12:35:44.8660000,23.55,78.83,101.973
2026-05-25T12:35:45.9590000,23.55,78.78,101.973
2026-05-25T12:35:46.9480000,23.55,78.77,101.974
2026-05-25T12:35:47.9890000,23.55,78.77,101.974
2026-05-25T12:35:49.0400000,23.55,78.76,101.974
2026-05-25T12:35:50.0810000,23.55,78.75,101.974
2026-05-25T12:35:51.1220000,23.55,78.74,101.974
2026-05-25T12:35:52.1630000,23.55,78.73,101.974
2026-05-25T12:35:53.2030000,23.55,78.73,101.975
2026-05-25T12:35:54.2550000,23.55,78.75,101.974
2026-05-25T12:35:55.2950000,23.55,78.71,101.973
2026-05-25T12:35:56.3360000,23.55,78.71,101.974
2026-05-25T12:35:57.3770000,23.55,78.66,101.974
2026-05-25T12:35:58.4180000,23.55,78.72,101.974
2026-05-25T12:35:59.5290000,23.55,78.63,101.974
2026-05-25T12:36:00.5060000,23.55,78.64,101.974
2026-05-25T12:36:01.5470000,23.55,78.62,101.974
2026-05-25T12:36:02.5880000,23.55,78.62,101.974
2026-05-25T12:36:03.6390000,23.55,78.61,101.974
2026-05-25T12:36:04.6800000,23.55,78.6,101.974
2026-05-25T12:36:05.7210000,23.55,78.59,101.973
2026-05-25T12:36:06.7620000,23.54,78.57,101.973
2026-05-25T12:36:07.8030000,23.55,78.56,101.974
2026-05-25T12:36:08.8430000,23.55,78.52,101.974
2026-05-25T12:36:09.8950000,23.55,78.52,101.974
2026-05-25T12:36:10.9350000,23.55,78.51,101.974
2026-05-25T12:36:11.9760000,23.55,78.49,101.974
2026-05-25T12:36:13.0170000,23.55,78.48,101.974
2026-05-25T12:36:14.0720000,23.55,78.46,101.974
2026-05-25T12:36:15.1020000,23.55,78.44,101.973
2026-05-25T12:36:16.1430000,23.55,78.43,101.974
2026-05-25T12:36:17.1940000,23.55,78.41,101.975
2026-05-25T12:36:18.2350000,23.55,78.4,101.975
2026-05-25T12:36:19.2760000,23.55,78.38,101.976
2026-05-25T12:36:20.3170000,23.55,78.38,101.976
2026-05-25T12:36:21.3570000,23.55,78.36,101.975
2026-05-25T12:36:22.3980000,23.55,78.39,101.975
2026-05-25T12:36:23.4490000,23.55,78.35,101.975
2026-05-25T12:36:24.4900000,23.55,78.35,101.974
2026-05-25T12:36:25.5310000,23.55,78.34,101.975
2026-05-25T12:36:26.5720000,23.55,78.32,101.975
2026-05-25T12:36:27.6400000,23.55,78.29,101.975
2026-05-25T12:36:28.6600000,23.55,78.3,101.974
2026-05-25T12:36:29.7010000,23.55,78.3,101.974
2026-05-25T12:36:30.7420000,23.55,78.27,101.974
2026-05-25T12:36:31.7830000,23.55,78.26,101.974
2026-05-25T12:36:32.8340000,23.55,78.25,101.974
2026-05-25T12:36:33.8750000,23.55,78.25,101.974
2026-05-25T12:36:34.9160000,23.55,78.24,101.974
2026-05-25T12:36:35.9560000,23.55,78.25,101.975
2026-05-25T12:36:36.9970000,23.55,78.25,101.974
2026-05-25T12:36:38.0380000,23.55,78.21,101.974
2026-05-25T12:36:39.0890000,23.55,78.23,101.974
2026-05-25T12:36:40.1300000,23.54,78.2,101.973
2026-05-25T12:36:41.2120000,23.55,78.16,101.973
2026-05-25T12:36:42.2110000,23.55,78.17,101.973
2026-05-25T12:36:43.2520000,23.55,78.16,101.973
2026-05-25T12:36:44.3030000,23.54,78.14,101.973
2026-05-25T12:36:45.3440000,23.54,78.12,101.973
2026-05-25T12:36:46.3850000,23.54,78.12,101.973
2026-05-25T12:36:47.4260000,23.54,78.11,101.973
2026-05-25T12:36:48.4680000,23.54,78.14,101.972
2026-05-25T12:36:49.5090000,23.55,78.09,101.973
2026-05-25T12:36:50.5600000,23.55,78.11,101.973
2026-05-25T12:36:51.6010000,23.55,78.09,101.973
2026-05-25T12:36:52.6420000,23.55,78.09,101.973
2026-05-25T12:36:53.6820000,23.55,78.09,101.973
2026-05-25T12:36:54.7860000,23.54,78.08,101.971
2026-05-25T12:36:55.7640000,23.54,78.07,101.971
2026-05-25T12:36:56.8150000,23.54,78.06,101.972
2026-05-25T12:36:57.8560000,23.54,78.05,101.972
2026-05-25T12:36:58.8970000,23.54,78.04,101.972
2026-05-25T12:36:59.9370000,23.54,78.01,101.973
2026-05-25T12:37:00.9780000,23.54,78,101.972
2026-05-25T12:37:02.0290000,23.55,78,101.973
2026-05-25T12:37:03.0700000,23.54,78,101.972
2026-05-25T12:37:04.1110000,23.54,77.97,101.972
2026-05-25T12:37:05.1520000,23.54,77.95,101.973
2026-05-25T12:37:06.1930000,23.54,77.97,101.973
2026-05-25T12:37:07.2440000,23.54,77.91,101.974
2026-05-25T12:37:08.2850000,23.54,77.93,101.974
2026-05-25T12:37:09.3260000,23.54,77.94,101.973
2026-05-25T12:37:10.3670000,23.54,77.93,101.973
2026-05-25T12:37:11.4070000,23.54,77.93,101.974
2026-05-25T12:37:12.4480000,23.55,77.93,101.975
2026-05-25T12:37:13.4990000,23.55,77.91,101.976
2026-05-25T12:37:14.5400000,23.55,77.93,101.976
2026-05-25T12:37:15.5810000,23.55,77.91,101.976
2026-05-25T12:37:16.6220000,23.55,77.9,101.975
2026-05-25T12:37:17.6620000,23.55,77.9,101.975
2026-05-25T12:37:18.7140000,23.55,77.86,101.975
2026-05-25T12:37:19.7540000,23.55,77.83,101.975
2026-05-25T12:37:20.7950000,23.55,77.86,101.974
2026-05-25T12:37:21.8360000,23.55,77.9,101.974
2026-05-25T12:37:22.8980000,23.55,77.86,101.974
2026-05-25T12:37:23.9280000,23.55,77.82,101.974
2026-05-25T12:37:24.9690000,23.55,77.81,101.974
2026-05-25T12:37:26.0090000,23.55,77.81,101.974
2026-05-25T12:37:27.0500000,23.55,77.81,101.974
2026-05-25T12:37:28.0910000,23.55,77.78,101.974
2026-05-25T12:37:29.1320000,23.55,77.78,101.974
2026-05-25T12:37:30.1830000,23.55,77.73,101.974
2026-05-25T12:37:31.2240000,23.55,77.77,101.974
2026-05-25T12:37:32.2650000,23.55,77.74,101.974
2026-05-25T12:37:33.3050000,23.55,77.72,101.974
2026-05-25T12:37:34.3460000,23.55,77.74,101.974
2026-05-25T12:37:35.3970000,23.55,77.72,101.974
2026-05-25T12:37:36.4690000,23.55,77.7,101.973
2026-05-25T12:37:37.4790000,23.55,77.68,101.974
2026-05-25T12:37:38.5190000,23.55,77.68,101.974
2026-05-25T12:37:39.5600000,23.55,77.66,101.974
2026-05-25T12:37:40.6120000,23.55,77.66,101.975
2026-05-25T12:37:41.6520000,23.55,77.65,101.975
2026-05-25T12:37:42.6930000,23.55,77.64,101.974
2026-05-25T12:37:43.7340000,23.55,77.61,101.974
2026-05-25T12:37:44.7750000,23.55,77.61,101.974
2026-05-25T12:37:45.8150000,23.55,77.61,101.974
2026-05-25T12:37:46.8670000,23.55,77.58,101.974
2026-05-25T12:37:47.9070000,23.55,77.58,101.974
2026-05-25T12:37:48.9480000,23.55,77.58,101.974
2026-05-25T12:37:50.0410000,23.55,77.57,101.975
2026-05-25T12:37:51.0290000,23.55,77.55,101.975
2026-05-25T12:37:52.0800000,23.55,77.54,101.975
2026-05-25T12:37:53.1210000,23.55,77.53,101.975
2026-05-25T12:37:54.1620000,23.55,77.52,101.974
2026-05-25T12:37:55.2030000,23.55,77.51,101.975
2026-05-25T12:37:56.2440000,23.55,77.48,101.975
2026-05-25T12:37:57.2850000,23.55,77.47,101.974
2026-05-25T12:37:58.3360000,23.55,77.47,101.974
2026-05-25T12:37:59.3770000,23.55,77.45,101.973
2026-05-25T12:38:00.4180000,23.55,77.42,101.974
2026-05-25T12:38:01.4580000,23.55,77.42,101.973
2026-05-25T12:38:02.4990000,23.55,77.41,101.973
2026-05-25T12:38:03.6100000,23.55,77.4,101.973
2026-05-25T12:38:04.5880000,23.55,77.39,101.973
2026-05-25T12:38:05.6290000,23.55,77.39,101.973
2026-05-25T12:38:06.6690000,23.55,77.38,101.973
2026-05-25T12:38:07.7210000,23.55,77.33,101.973
2026-05-25T12:38:08.7610000,23.55,77.36,101.973
2026-05-25T12:38:09.8020000,23.55,77.36,101.973
2026-05-25T12:38:10.8430000,23.55,77.35,101.974
2026-05-25T12:38:11.8830000,23.55,77.35,101.973
2026-05-25T12:38:12.9350000,23.55,77.34,101.973
2026-05-25T12:38:13.9750000,23.55,77.36,101.973
2026-05-25T12:38:15.0160000,23.55,77.35,101.972
2026-05-25T12:38:16.0570000,23.55,77.35,101.973
2026-05-25T12:38:17.0980000,23.55,77.35,101.972
2026-05-25T12:38:18.1520000,23.55,77.33,101.972
2026-05-25T12:38:19.1830000,23.55,77.33,101.972
2026-05-25T12:38:20.2340000,23.55,77.31,101.972
2026-05-25T12:38:21.2750000,23.55,77.3,101.972
2026-05-25T12:38:22.3150000,23.55,77.29,101.972
2026-05-25T12:38:23.3560000,23.55,77.29,101.972
2026-05-25T12:38:24.3970000,23.55,77.28,101.973
2026-05-25T12:38:25.4480000,23.55,77.25,101.973
2026-05-25T12:38:26.4890000,23.55,77.28,101.973
2026-05-25T12:38:27.5300000,23.55,77.27,101.972
2026-05-25T12:38:28.5710000,23.55,77.25,101.973
2026-05-25T12:38:29.6110000,23.55,77.26,101.973
2026-05-25T12:38:30.6520000,23.55,77.19,101.974
2026-05-25T12:38:31.7210000,23.55,77.23,101.973
2026-05-25T12:38:32.7410000,23.55,77.22,101.973
2026-05-25T12:38:33.7810000,23.55,77.21,101.974
2026-05-25T12:38:34.8330000,23.55,77.2,101.973
2026-05-25T12:38:35.8730000,23.55,77.2,101.972
2026-05-25T12:38:36.9140000,23.55,77.2,101.973
2026-05-25T12:38:37.9550000,23.55,77.21,101.973
2026-05-25T12:38:38.9960000,23.55,77.24,101.973
2026-05-25T12:38:40.0470000,23.55,77.23,101.974
2026-05-25T12:38:41.0880000,23.55,77.19,101.973
2026-05-25T12:38:42.1290000,23.55,77.21,101.973
2026-05-25T12:38:43.1690000,23.55,77.18,101.974
2026-05-25T12:38:44.2100000,23.55,77.16,101.973
2026-05-25T12:38:45.2930000,23.55,77.15,101.973
2026-05-25T12:38:46.3020000,23.55,77.15,101.973
2026-05-25T12:38:47.3430000,23.55,77.14,101.973
2026-05-25T12:38:48.3840000,23.55,77.16,101.973
2026-05-25T12:38:49.4250000,23.55,77.14,101.972
2026-05-25T12:38:50.4650000,23.55,77.14,101.972
2026-05-25T12:38:51.5170000,23.55,77.14,101.972
2026-05-25T12:38:52.5580000,23.55,77.09,101.971
2026-05-25T12:38:53.5980000,23.55,77.12,101.971
2026-05-25T12:38:54.6390000,23.55,77.09,101.972
2026-05-25T12:38:55.6800000,23.55,77.08,101.971
2026-05-25T12:38:56.7210000,23.55,77.1,101.972
2026-05-25T12:38:57.7720000,23.55,77.09,101.971
2026-05-25T12:38:58.8650000,23.55,77.06,101.972
2026-05-25T12:38:59.8530000,23.55,77.07,101.972
2026-05-25T12:39:00.8940000,23.56,77.06,101.972
2026-05-25T12:39:01.9350000,23.56,77.07,101.971
2026-05-25T12:39:02.9860000,23.56,77.06,101.971
2026-05-25T12:39:04.0270000,23.55,77.05,101.971
2026-05-25T12:39:05.0680000,23.56,77.03,101.971
2026-05-25T12:39:06.1080000,23.56,77.04,101.972
2026-05-25T12:39:08.1900000,23.56,77.01,101.973
2026-05-25T12:39:09.2410000,23.56,77.02,101.972
2026-05-25T12:39:10.2820000,23.56,77.02,101.972
2026-05-25T12:39:11.3230000,23.55,77.02,101.972
2026-05-25T12:39:12.3640000,23.55,77.01,101.972
2026-05-25T12:39:13.4040000,23.55,76.98,101.971
2026-05-25T12:39:14.4560000,23.55,76.98,101.971
2026-05-25T12:39:15.4960000,23.55,76.97,101.971
2026-05-25T12:39:16.5370000,23.55,76.97,101.971
2026-05-25T12:39:17.5780000,23.56,76.95,101.971
2026-05-25T12:39:18.6190000,23.56,76.94,101.971
2026-05-25T12:39:19.6700000,23.56,76.93,101.971
2026-05-25T12:39:20.7110000,23.56,76.93,101.971
2026-05-25T12:39:21.7510000,23.56,76.93,101.971
2026-05-25T12:39:22.7920000,23.55,76.92,101.97
2026-05-25T12:39:23.8330000,23.56,76.9,101.97
2026-05-25T12:39:24.8840000,23.56,76.9,101.97
2026-05-25T12:39:25.9240000,23.56,76.87,101.97
2026-05-25T12:39:26.9760000,23.56,76.91,101.971
2026-05-25T12:39:29.0470000,23.56,76.89,101.971
2026-05-25T12:39:30.0980000,23.56,76.88,101.972
2026-05-25T12:39:31.1390000,23.56,76.86,101.971
2026-05-25T12:39:32.1800000,23.56,76.85,101.971
2026-05-25T12:39:33.2210000,23.56,76.85,101.971
2026-05-25T12:39:34.2610000,23.56,76.88,101.971
2026-05-25T12:39:35.3020000,23.56,76.85,101.971
2026-05-25T12:39:36.3540000,23.56,76.84,101.971
2026-05-25T12:39:37.3940000,23.56,76.81,101.971
2026-05-25T12:39:38.4360000,23.56,76.83,101.971
2026-05-25T12:39:39.4760000,23.56,76.83,101.97
2026-05-25T12:39:40.5450000,23.56,76.81,101.97
2026-05-25T12:39:41.5650000,23.56,76.82,101.97
2026-05-25T12:39:42.6060000,23.56,76.81,101.97
2026-05-25T12:39:43.6470000,23.56,76.8,101.97
2026-05-25T12:39:44.6870000,23.56,76.79,101.971
2026-05-25T12:39:45.7380000,23.56,76.79,101.971
2026-05-25T12:39:46.7790000,23.56,76.78,101.971
2026-05-25T12:39:47.8200000,23.56,76.79,101.971
2026-05-25T12:39:48.8610000,23.56,76.74,101.971
2026-05-25T12:39:49.9020000,23.56,76.76,101.971
2026-05-25T12:39:50.9530000,23.56,76.78,101.971
2026-05-25T12:39:51.9940000,23.56,76.76,101.971
2026-05-25T12:39:53.0350000,23.56,76.76,101.97
2026-05-25T12:39:54.1170000,23.56,76.72,101.971
2026-05-25T12:39:55.1160000,23.56,76.71,101.97
2026-05-25T12:39:56.1570000,23.56,76.69,101.97
2026-05-25T12:39:57.2080000,23.56,76.7,101.97
2026-05-25T12:39:58.2500000,23.56,76.68,101.97
2026-05-25T12:39:59.2900000,23.56,76.67,101.97
2026-05-25T12:40:00.3310000,23.56,76.67,101.969
2026-05-25T12:40:01.3720000,23.56,76.63,101.97
2026-05-25T12:40:02.4230000,23.56,76.66,101.97
2026-05-25T12:40:03.4640000,23.56,76.64,101.97
2026-05-25T12:40:04.5050000,23.56,76.65,101.97
2026-05-25T12:40:05.5460000,23.56,76.64,101.97
2026-05-25T12:40:06.5860000,23.56,76.66,101.971
2026-05-25T12:40:07.6900000,23.56,76.64,101.971
2026-05-25T12:40:08.6780000,23.56,76.62,101.97
2026-05-25T12:40:09.7190000,23.56,76.62,101.97
2026-05-25T12:40:10.7600000,23.56,76.6,101.969
2026-05-25T12:40:11.8010000,23.56,76.6,101.97
2026-05-25T12:40:12.8520000,23.56,76.59,101.97
2026-05-25T12:40:13.8920000,23.56,76.59,101.97
2026-05-25T12:40:14.9330000,23.56,76.58,101.97
2026-05-25T12:40:15.9740000,23.56,76.57,101.97
2026-05-25T12:40:17.0150000,23.56,76.58,101.97
2026-05-25T12:40:18.0660000,23.56,76.59,101.97
2026-05-25T12:40:19.1070000,23.56,76.6,101.969
2026-05-25T12:40:20.1470000,23.56,76.58,101.97
2026-05-25T12:40:21.1880000,23.56,76.56,101.97
2026-05-25T12:40:22.2290000,23.57,76.56,101.97
2026-05-25T12:40:23.2700000,23.57,76.52,101.97
2026-05-25T12:40:24.3210000,23.56,76.53,101.969
2026-05-25T12:40:25.3620000,23.57,76.52,101.969
2026-05-25T12:40:26.4030000,23.57,76.51,101.969
2026-05-25T12:40:27.4440000,23.57,76.48,101.969
2026-05-25T12:40:28.4850000,23.57,76.48,101.969
2026-05-25T12:40:29.5360000,23.57,76.45,101.969
2026-05-25T12:40:30.5770000,23.57,76.47,101.969
2026-05-25T12:40:31.6180000,23.57,76.47,101.969
2026-05-25T12:40:32.6580000,23.57,76.48,101.97
2026-05-25T12:40:33.6990000,23.57,76.45,101.97
2026-05-25T12:40:34.7500000,23.57,76.44,101.97
2026-05-25T12:40:35.8010000,23.57,76.39,101.97
2026-05-25T12:40:36.8320000,23.57,76.4,101.969
2026-05-25T12:40:37.8730000,23.57,76.4,101.969
2026-05-25T12:40:38.9130000,23.57,76.39,101.969
2026-05-25T12:40:39.9540000,23.57,76.38,101.969
2026-05-25T12:40:41.0050000,23.57,76.37,101.97
2026-05-25T12:40:42.0460000,23.57,76.37,101.971
2026-05-25T12:40:43.0870000,23.57,76.33,101.971
2026-05-25T12:40:44.1280000,23.57,76.36,101.97
2026-05-25T12:40:45.1690000,23.57,76.35,101.97
2026-05-25T12:40:46.2200000,23.57,76.34,101.97
2026-05-25T12:40:47.2610000,23.57,76.34,101.97
2026-05-25T12:40:48.3020000,23.57,76.31,101.97
2026-05-25T12:40:49.3740000,23.57,76.32,101.97
2026-05-25T12:40:50.3830000,23.57,76.32,101.97
2026-05-25T12:40:51.4350000,23.57,76.33,101.969
2026-05-25T12:40:52.4750000,23.57,76.33,101.97
2026-05-25T12:40:53.5160000,23.57,76.31,101.97
2026-05-25T12:40:54.5570000,23.57,76.31,101.97
2026-05-25T12:40:55.5980000,23.57,76.31,101.971
2026-05-25T12:40:56.6380000,23.57,76.32,101.971
2026-05-25T12:40:57.6890000,23.57,76.27,101.971
2026-05-25T12:40:58.7300000,23.57,76.23,101.971
2026-05-25T12:40:59.7710000,23.57,76.31,101.971
2026-05-25T12:41:01.8520000,23.57,76.27,101.971
2026-05-25T12:41:02.9460000,23.57,76.24,101.97
2026-05-25T12:41:03.9450000,23.57,76.24,101.971
2026-05-25T12:41:04.9850000,23.57,76.23,101.971
2026-05-25T12:41:06.0260000,23.57,76.22,101.97
2026-05-25T12:41:07.0670000,23.57,76.2,101.97
2026-05-25T12:41:08.1190000,23.57,76.2,101.97
2026-05-25T12:41:09.1590000,23.57,76.19,101.97
2026-05-25T12:41:10.2000000,23.57,76.21,101.97
2026-05-25T12:41:11.2410000,23.57,76.18,101.969
2026-05-25T12:41:12.2820000,23.57,76.19,101.969
2026-05-25T12:41:13.3230000,23.57,76.15,101.969
2026-05-25T12:41:14.3740000,23.57,76.17,101.97
2026-05-25T12:41:15.4150000,23.57,76.15,101.97
2026-05-25T12:41:16.5190000,23.57,76.1,101.97
2026-05-25T12:41:17.4960000,23.57,76.13,101.97
2026-05-25T12:41:18.5380000,23.57,76.13,101.969
2026-05-25T12:41:19.5890000,23.57,76.1,101.969
2026-05-25T12:41:20.6300000,23.58,76.11,101.97
2026-05-25T12:41:21.6700000,23.57,76.1,101.97
2026-05-25T12:41:22.7110000,23.57,76.1,101.97
2026-05-25T12:41:23.7520000,23.57,76.1,101.97
2026-05-25T12:41:24.7930000,23.57,76.06,101.97
2026-05-25T12:41:25.8440000,23.57,76.12,101.969
2026-05-25T12:41:26.8850000,23.57,76.08,101.969
2026-05-25T12:41:28.9660000,23.58,76.07,101.969
2026-05-25T12:41:30.0070000,23.58,76.02,101.969
2026-05-25T12:41:31.0580000,23.58,76.04,101.97
2026-05-25T12:41:32.0990000,23.58,76.02,101.969
2026-05-25T12:41:33.1400000,23.58,76.02,101.97
2026-05-25T12:41:34.1810000,23.58,76.02,101.97
2026-05-25T12:41:35.2220000,23.58,76.02,101.97
2026-05-25T12:41:36.2620000,23.58,76,101.97
2026-05-25T12:41:37.3140000,23.58,76,101.97
2026-05-25T12:41:38.3550000,23.58,76.04,101.97
2026-05-25T12:41:39.3960000,23.58,75.98,101.97
2026-05-25T12:41:40.4370000,23.58,75.99,101.97
2026-05-25T12:41:41.4770000,23.58,75.98,101.97
2026-05-25T12:41:42.5180000,23.58,76,101.969
2026-05-25T12:41:43.5690000,23.58,75.98,101.969
2026-05-25T12:41:44.6310000,23.58,76.03,101.969
2026-05-25T12:41:45.6510000,23.58,76.02,101.969
2026-05-25T12:41:46.6910000,23.58,76.02,101.969
2026-05-25T12:41:47.7320000,23.58,76.04,101.969
2026-05-25T12:41:48.7830000,23.58,76.03,101.969
2026-05-25T12:41:49.8240000,23.58,76.02,101.969
2026-05-25T12:41:50.8650000,23.58,76.02,101.969
2026-05-25T12:41:51.9060000,23.58,75.97,101.969
2026-05-25T12:41:52.9470000,23.58,75.99,101.969
2026-05-25T12:41:53.9980000,23.58,76.02,101.969
2026-05-25T12:41:55.0390000,23.58,75.99,101.97
2026-05-25T12:41:56.0800000,23.58,76,101.969
2026-05-25T12:41:57.1200000,23.58,75.98,101.969
2026-05-25T12:41:58.2060000,23.58,75.98,101.97
2026-05-25T12:41:59.2050000,23.58,76,101.97
2026-05-25T12:42:00.2460000,23.58,75.98,101.97
2026-05-25T12:42:01.2870000,23.58,75.97,101.97
2026-05-25T12:42:02.3380000,23.58,75.97,101.969
2026-05-25T12:42:03.3790000,23.58,75.97,101.97
2026-05-25T12:42:04.4200000,23.58,75.96,101.97
2026-05-25T12:42:05.4600000,23.58,75.97,101.969
2026-05-25T12:42:06.5010000,23.58,75.96,101.969
2026-05-25T12:42:07.5520000,23.58,75.95,101.969
2026-05-25T12:42:08.5940000,23.58,75.94,101.969
2026-05-25T12:42:09.6340000,23.58,75.97,101.97
2026-05-25T12:42:10.6750000,23.58,75.98,101.97
2026-05-25T12:42:11.7790000,23.59,76,101.971
2026-05-25T12:42:12.7670000,23.59,76,101.97
2026-05-25T12:42:13.8080000,23.59,76,101.97
2026-05-25T12:42:14.8490000,23.58,75.98,101.969
2026-05-25T12:42:15.8890000,23.58,75.98,101.969
2026-05-25T12:42:16.9300000,23.58,75.98,101.969
2026-05-25T12:42:17.9710000,23.58,75.98,101.968
2026-05-25T12:42:19.0220000,23.59,76,101.968
2026-05-25T12:42:20.0630000,23.59,76.02,101.968
2026-05-25T12:42:21.1040000,23.59,76,101.968
2026-05-25T12:42:22.1450000,23.59,76.03,101.968
2026-05-25T12:42:23.1860000,23.59,76.04,101.968
2026-05-25T12:42:24.2370000,23.59,76.05,101.968
2026-05-25T12:42:25.2780000,23.59,76.08,101.968
2026-05-25T12:42:26.3220000,23.59,76.14,101.968
2026-05-25T12:42:27.3630000,23.6,76.17,101.968
2026-05-25T12:42:28.4040000,23.6,76.19,101.968
2026-05-25T12:42:29.4440000,23.6,76.22,101.968
2026-05-25T12:42:30.4850000,23.6,76.26,101.967
2026-05-25T12:42:31.5360000,23.6,76.29,101.967
2026-05-25T12:42:32.5770000,23.6,76.33,101.967
2026-05-25T12:42:33.6180000,23.6,76.34,101.968
2026-05-25T12:42:34.6590000,23.6,76.37,101.968
2026-05-25T12:42:35.6990000,23.6,76.41,101.968
2026-05-25T12:42:36.7400000,23.6,76.46,101.968
2026-05-25T12:42:37.7910000,23.6,76.53,101.969
2026-05-25T12:42:38.8320000,23.6,76.58,101.968
2026-05-25T12:42:39.8940000,23.6,76.66,101.968
2026-05-25T12:42:40.9140000,23.61,76.75,101.967
2026-05-25T12:42:41.9550000,23.61,76.8,101.967
2026-05-25T12:42:43.0060000,23.6,76.83,101.967
2026-05-25T12:42:44.0470000,23.61,76.88,101.967
2026-05-25T12:42:45.0880000,23.61,76.94,101.967
2026-05-25T12:42:46.1290000,23.61,77.01,101.966
2026-05-25T12:42:47.1690000,23.61,77.07,101.967
2026-05-25T12:42:48.2100000,23.61,77.16,101.967
2026-05-25T12:42:49.2620000,23.61,77.19,101.967
2026-05-25T12:42:50.3020000,23.61,77.26,101.967
2026-05-25T12:42:51.3430000,23.62,77.27,101.968
2026-05-25T12:42:52.3840000,23.62,77.41,101.967
2026-05-25T12:42:53.4660000,23.62,77.53,101.967
2026-05-25T12:42:54.4650000,23.62,77.62,101.967
2026-05-25T12:42:55.5160000,23.62,77.67,101.967
2026-05-25T12:42:56.5570000,23.62,77.74,101.967
2026-05-25T12:42:57.5980000,23.62,77.81,101.967
2026-05-25T12:42:58.6390000,23.63,77.89,101.967
2026-05-25T12:42:59.6790000,23.63,77.96,101.966
2026-05-25T12:43:00.7310000,23.63,78.03,101.966
2026-05-25T12:43:01.7710000,23.63,78.14,101.966
2026-05-25T12:43:02.8120000,23.63,78.17,101.966
2026-05-25T12:43:03.8530000,23.63,78.22,101.965
2026-05-25T12:43:04.8940000,23.63,78.22,101.965
2026-05-25T12:43:05.9350000,23.63,78.27,101.964
2026-05-25T12:43:07.0380000,23.63,78.35,101.965
2026-05-25T12:43:08.0270000,23.63,78.38,101.964
2026-05-25T12:43:09.0680000,23.63,78.41,101.965
2026-05-25T12:43:10.1080000,23.63,78.45,101.965
2026-05-25T12:43:11.1490000,23.63,78.47,101.965
2026-05-25T12:43:12.1900000,23.63,78.53,101.965
2026-05-25T12:43:13.2410000,23.63,78.55,101.965
2026-05-25T12:43:14.2820000,23.63,78.56,101.965
2026-05-25T12:43:15.3230000,23.63,78.56,101.964
2026-05-25T12:43:16.3640000,23.63,78.54,101.964
2026-05-25T12:43:17.4050000,23.62,78.56,101.965
2026-05-25T12:43:18.4560000,23.62,78.6,101.965
2026-05-25T12:43:19.4970000,23.63,78.62,101.965
2026-05-25T12:43:20.5380000,23.63,78.65,101.965
2026-05-25T12:43:21.5780000,23.63,78.73,101.964
2026-05-25T12:43:22.6190000,23.63,78.79,101.965
2026-05-25T12:43:23.6600000,23.63,78.84,101.964
2026-05-25T12:43:24.7110000,23.63,78.9,101.964
2026-05-25T12:43:25.7520000,23.63,78.96,101.963
2026-05-25T12:43:26.7930000,23.63,79.01,101.963
2026-05-25T12:43:27.8330000,23.63,79.06,101.963
2026-05-25T12:43:28.8740000,23.63,79.1,101.963
2026-05-25T12:43:29.9250000,23.63,79.14,101.963
2026-05-25T12:43:30.9660000,23.63,79.2,101.963
2026-05-25T12:43:32.0070000,23.63,79.26,101.963
2026-05-25T12:43:33.0480000,23.63,79.27,101.964
2026-05-25T12:43:34.0890000,23.63,79.34,101.963
2026-05-25T12:43:35.1540000,23.63,79.44,101.963
2026-05-25T12:43:36.1740000,23.63,79.5,101.963
2026-05-25T12:43:37.2150000,23.63,79.56,101.963
2026-05-25T12:43:38.2660000,23.63,79.62,101.963
2026-05-25T12:43:39.3070000,23.63,79.66,101.963
2026-05-25T12:43:40.3470000,23.63,79.72,101.963
2026-05-25T12:43:41.3880000,23.63,79.78,101.962
2026-05-25T12:43:42.4290000,23.64,79.91,101.962
2026-05-25T12:43:43.4800000,23.64,79.91,101.962
2026-05-25T12:43:44.5210000,23.64,79.99,101.963
2026-05-25T12:43:45.5620000,23.64,80.05,101.963
2026-05-25T12:43:46.6030000,23.64,80.15,101.963
2026-05-25T12:43:47.6440000,23.64,80.14,101.963
2026-05-25T12:43:48.7270000,23.64,80.24,101.963
2026-05-25T12:43:49.7360000,23.64,80.28,101.963
2026-05-25T12:43:50.7770000,23.64,80.32,101.963
2026-05-25T12:43:51.8170000,23.64,80.36,101.963
2026-05-25T12:43:52.8580000,23.63,80.39,101.962
2026-05-25T12:43:53.8990000,23.63,80.45,101.962
2026-05-25T12:43:54.9400000,23.63,80.51,101.962
2026-05-25T12:43:55.9910000,23.63,80.57,101.962
2026-05-25T12:43:57.0320000,23.63,80.59,101.962
2026-05-25T12:43:58.0720000,23.63,80.65,101.962
2026-05-25T12:43:59.1130000,23.63,80.69,101.962
2026-05-25T12:44:00.1540000,23.63,80.75,101.962
2026-05-25T12:44:01.2050000,23.64,80.78,101.962
2026-05-25T12:44:02.2980000,23.63,80.88,101.961
2026-05-25T12:44:03.2870000,23.63,80.92,101.961
2026-05-25T12:44:04.3270000,23.64,80.95,101.961
2026-05-25T12:44:05.3680000,23.64,80.98,101.961
2026-05-25T12:44:06.4090000,23.64,81.02,101.961
2026-05-25T12:44:07.4600000,23.63,81.03,101.961
2026-05-25T12:44:08.5010000,23.63,81.04,101.961
2026-05-25T12:44:09.5420000,23.63,81.04,101.961
2026-05-25T12:44:10.5830000,23.63,81.06,101.96
2026-05-25T12:44:11.6230000,23.63,81.07,101.96
2026-05-25T12:44:12.6750000,23.63,81.06,101.96
2026-05-25T12:44:13.7150000,23.63,81.07,101.961
2026-05-25T12:44:14.7560000,23.63,81.08,101.962
2026-05-25T12:44:15.7970000,23.63,81.09,101.961
2026-05-25T12:44:16.8410000,23.63,81.1,101.961
2026-05-25T12:44:17.8820000,23.63,81.14,101.96
2026-05-25T12:44:19.9640000,23.63,81.16,101.96
2026-05-25T12:44:21.0150000,23.63,81.18,101.959
2026-05-25T12:44:23.0960000,23.63,81.19,101.958
2026-05-25T12:44:24.1370000,23.62,81.19,101.958
2026-05-25T12:44:25.1780000,23.62,81.2,101.959
2026-05-25T12:44:26.2190000,23.62,81.21,101.959
2026-05-25T12:44:27.2700000,23.62,81.22,101.958
2026-05-25T12:44:28.3110000,23.63,81.24,101.958
2026-05-25T12:44:29.3520000,23.63,81.27,101.959
2026-05-25T12:44:30.4100000,23.63,81.36,101.96
2026-05-25T12:44:31.4400000,23.63,81.37,101.96
2026-05-25T12:44:32.4810000,23.63,81.41,101.96
2026-05-25T12:44:33.5220000,23.63,81.42,101.96
2026-05-25T12:44:34.5620000,23.63,81.43,101.961
2026-05-25T12:44:35.6030000,23.63,81.45,101.96
2026-05-25T12:44:36.6550000,23.63,81.45,101.96
2026-05-25T12:44:37.6950000,23.63,81.42,101.96
2026-05-25T12:44:38.7360000,23.63,81.48,101.96
2026-05-25T12:44:39.7770000,23.63,81.47,101.959
2026-05-25T12:44:40.8180000,23.63,81.47,101.959
2026-05-25T12:44:41.8690000,23.63,81.5,101.959
2026-05-25T12:44:42.9100000,23.63,81.48,101.959
2026-05-25T12:44:43.9850000,23.63,81.56,101.958
2026-05-25T12:44:44.9950000,23.63,81.55,101.958
2026-05-25T12:44:46.0360000,23.63,81.54,101.959
2026-05-25T12:44:47.0760000,23.63,81.54,101.959
2026-05-25T12:44:48.1170000,23.63,81.54,101.959
2026-05-25T12:44:49.1580000,23.63,81.56,101.959
2026-05-25T12:44:50.2090000,23.63,81.58,101.958
2026-05-25T12:44:51.2500000,23.63,81.54,101.958
2026-05-25T12:44:52.2910000,23.63,81.67,101.958
2026-05-25T12:44:53.3310000,23.63,81.62,101.958
2026-05-25T12:44:54.3720000,23.63,81.62,101.958
2026-05-25T12:44:55.4230000,23.63,81.6,101.958
2026-05-25T12:44:56.4640000,23.63,81.62,101.958
2026-05-25T12:44:57.5570000,23.63,81.59,101.959
2026-05-25T12:44:58.5460000,23.63,81.61,101.959
2026-05-25T12:44:59.5860000,23.63,81.61,101.959
2026-05-25T12:45:00.6270000,23.63,81.62,101.958
2026-05-25T12:45:01.6780000,23.63,81.62,101.958
2026-05-25T12:45:02.7190000,23.63,81.62,101.958
2026-05-25T12:45:03.7600000,23.63,81.63,101.958
2026-05-25T12:45:04.8010000,23.63,81.63,101.958
2026-05-25T12:45:05.8420000,23.62,81.64,101.958
2026-05-25T12:45:06.8820000,23.62,81.64,101.958
2026-05-25T12:45:07.9340000,23.63,81.67,101.959
2026-05-25T12:45:08.9750000,23.63,81.61,101.958
2026-05-25T12:45:10.0150000,23.63,81.64,101.959
2026-05-25T12:45:11.0560000,23.63,81.66,101.959
2026-05-25T12:45:12.0970000,23.62,81.62,101.957
2026-05-25T12:45:13.1480000,23.62,81.61,101.957
2026-05-25T12:45:14.1890000,23.62,81.63,101.957
2026-05-25T12:45:15.2290000,23.62,81.63,101.958
2026-05-25T12:45:16.2700000,23.62,81.64,101.959
2026-05-25T12:45:17.3110000,23.62,81.65,101.959
2026-05-25T12:45:18.3520000,23.62,81.65,101.958
2026-05-25T12:45:19.4030000,23.62,81.6,101.958
2026-05-25T12:45:20.4440000,23.62,81.64,101.959
2026-05-25T12:45:21.4840000,23.62,81.64,101.959
2026-05-25T12:45:22.5250000,23.62,81.67,101.958
2026-05-25T12:45:23.5660000,23.62,81.71,101.958
2026-05-25T12:45:24.6170000,23.62,81.75,101.957
2026-05-25T12:45:25.6720000,23.63,81.73,101.958
2026-05-25T12:45:26.7020000,23.63,81.74,101.958
2026-05-25T12:45:27.7430000,23.63,81.72,101.958
2026-05-25T12:45:28.7840000,23.63,81.72,101.958
2026-05-25T12:45:29.8240000,23.62,81.71,101.958
2026-05-25T12:45:30.8650000,23.62,81.71,101.958
2026-05-25T12:45:31.9160000,23.62,81.7,101.957
2026-05-25T12:45:32.9570000,23.62,81.69,101.958
2026-05-25T12:45:33.9980000,23.62,81.67,101.957
2026-05-25T12:45:35.0390000,23.62,81.7,101.957
2026-05-25T12:45:36.0800000,23.62,81.68,101.957
2026-05-25T12:45:37.1200000,23.62,81.67,101.956
2026-05-25T12:45:38.1720000,23.62,81.67,101.957
2026-05-25T12:45:39.2440000,23.61,81.64,101.956
2026-05-25T12:45:40.2530000,23.61,81.64,101.955
2026-05-25T12:45:41.2940000,23.61,81.64,101.956
2026-05-25T12:45:42.3340000,23.61,81.62,101.955
2026-05-25T12:45:43.3860000,23.61,81.6,101.955
2026-05-25T12:45:44.4270000,23.61,81.58,101.954
2026-05-25T12:45:45.4670000,23.61,81.55,101.955
2026-05-25T12:45:46.5080000,23.61,81.53,101.954
2026-05-25T12:45:47.5490000,23.61,81.53,101.955
2026-05-25T12:45:48.5900000,23.61,81.52,101.955
2026-05-25T12:45:49.6410000,23.61,81.52,101.955
2026-05-25T12:45:50.6820000,23.61,81.53,101.955
2026-05-25T12:45:51.7220000,23.61,81.51,101.955
2026-05-25T12:45:52.8160000,23.6,81.5,101.956
2026-05-25T12:45:53.8040000,23.6,81.45,101.956
2026-05-25T12:45:54.8550000,23.6,81.42,101.956
2026-05-25T12:45:55.8960000,23.6,81.41,101.956
2026-05-25T12:45:56.9370000,23.6,81.39,101.956
2026-05-25T12:45:59.0190000,23.6,81.34,101.956
2026-05-25T12:46:00.0590000,23.6,81.33,101.956
2026-05-25T12:46:01.1110000,23.6,81.34,101.955
2026-05-25T12:46:02.1510000,23.6,81.3,101.955
2026-05-25T12:46:03.1920000,23.6,81.28,101.956
2026-05-25T12:46:04.2330000,23.6,81.28,101.955
2026-05-25T12:46:05.2740000,23.6,81.26,101.956
2026-05-25T12:46:06.3880000,23.6,81.2,101.955
2026-05-25T12:46:07.3650000,23.59,81.2,101.954
2026-05-25T12:46:08.4060000,23.59,81.18,101.954
2026-05-25T12:46:09.4470000,23.59,81.16,101.955
2026-05-25T12:46:10.4880000,23.59,81.16,101.955
2026-05-25T12:46:11.5280000,23.59,81.13,101.954
2026-05-25T12:46:12.5800000,23.59,81.13,101.955
2026-05-25T12:46:13.6210000,23.59,81.11,101.955
2026-05-25T12:46:14.6610000,23.59,81.07,101.955
2026-05-25T12:46:15.7020000,23.59,81.07,101.954
2026-05-25T12:46:16.7430000,23.59,81.04,101.955
2026-05-25T12:46:17.7840000,23.59,81,101.954
2026-05-25T12:46:18.8350000,23.59,80.97,101.954
2026-05-25T12:46:19.8760000,23.59,80.97,101.954
2026-05-25T12:46:20.9310000,23.59,80.9,101.954
2026-05-25T12:46:21.9610000,23.59,80.86,101.954
2026-05-25T12:46:23.0020000,23.58,80.83,101.953
2026-05-25T12:46:24.0430000,23.58,80.8,101.954
2026-05-25T12:46:25.0830000,23.58,80.79,101.954
2026-05-25T12:46:26.1240000,23.58,80.77,101.955
2026-05-25T12:46:27.1750000,23.58,80.75,101.955
2026-05-25T12:46:28.2160000,23.58,80.74,101.954
2026-05-25T12:46:29.2570000,23.58,80.71,101.953
2026-05-25T12:46:30.2970000,23.58,80.68,101.953
2026-05-25T12:46:31.3380000,23.58,80.66,101.953
2026-05-25T12:46:32.3900000,23.58,80.67,101.953
2026-05-25T12:46:33.4300000,23.58,80.65,101.953
2026-05-25T12:46:34.5020000,23.58,80.58,101.953
2026-05-25T12:46:35.5120000,23.58,80.58,101.954
2026-05-25T12:46:36.5520000,23.58,80.55,101.954
2026-05-25T12:46:37.6040000,23.58,80.54,101.954
2026-05-25T12:46:38.6450000,23.58,80.52,101.954
2026-05-25T12:46:39.6850000,23.58,80.49,101.954
2026-05-25T12:46:40.7260000,23.58,80.48,101.953
2026-05-25T12:46:41.7670000,23.58,80.5,101.953
2026-05-25T12:46:42.8080000,23.57,80.43,101.953
2026-05-25T12:46:43.8590000,23.57,80.39,101.952
2026-05-25T12:46:44.9000000,23.57,80.41,101.952
2026-05-25T12:46:45.9400000,23.57,80.36,101.953
2026-05-25T12:46:46.9810000,23.57,80.31,101.953
2026-05-25T12:46:48.0740000,23.57,80.31,101.953
2026-05-25T12:46:49.0730000,23.57,80.27,101.952
2026-05-25T12:46:50.1140000,23.57,80.25,101.952
2026-05-25T12:46:51.1540000,23.57,80.23,101.952
2026-05-25T12:46:52.1950000,23.57,80.2,101.952
2026-05-25T12:46:53.2360000,23.57,80.17,101.952
2026-05-25T12:46:54.2870000,23.57,80.18,101.952
2026-05-25T12:46:55.3280000,23.57,80.16,101.952
2026-05-25T12:46:56.3680000,23.57,80.13,101.952
2026-05-25T12:46:57.4090000,23.57,80.11,101.953
2026-05-25T12:46:58.4500000,23.57,80.12,101.953
2026-05-25T12:46:59.5010000,23.57,80.12,101.953
2026-05-25T12:47:00.5420000,23.57,80.06,101.953
2026-05-25T12:47:01.6490000,23.57,80.05,101.954
2026-05-25T12:47:02.6270000,23.57,80.01,101.953
2026-05-25T12:47:03.6680000,23.57,80.02,101.953
2026-05-25T12:47:04.7090000,23.57,79.99,101.953
2026-05-25T12:47:05.7490000,23.57,79.99,101.952
2026-05-25T12:47:06.7900000,23.57,79.95,101.953
2026-05-25T12:47:07.8410000,23.57,79.94,101.953
2026-05-25T12:47:08.8830000,23.56,79.93,101.952
2026-05-25T12:47:09.9230000,23.56,79.9,101.952
2026-05-25T12:47:10.9640000,23.56,79.94,101.953
2026-05-25T12:47:12.0050000,23.57,79.9,101.953
2026-05-25T12:47:13.0560000,23.56,79.86,101.953
2026-05-25T12:47:14.0970000,23.56,79.86,101.953
2026-05-25T12:47:15.1370000,23.56,79.84,101.954
2026-05-25T12:47:16.1890000,23.57,79.84,101.954
2026-05-25T12:47:17.2190000,23.57,79.85,101.954
2026-05-25T12:47:18.2600000,23.57,79.85,101.954
2026-05-25T12:47:19.3110000,23.56,79.84,101.953
2026-05-25T12:47:20.3520000,23.56,79.84,101.952
2026-05-25T12:47:21.3930000,23.56,79.84,101.952
2026-05-25T12:47:22.4330000,23.57,79.81,101.952
2026-05-25T12:47:23.4740000,23.57,79.85,101.952
2026-05-25T12:47:24.5250000,23.57,79.78,101.952
2026-05-25T12:47:25.5660000,23.56,79.76,101.952
2026-05-25T12:47:26.6070000,23.56,79.75,101.952
2026-05-25T12:47:27.6480000,23.56,79.74,101.952
2026-05-25T12:47:28.6890000,23.56,79.73,101.952
2026-05-25T12:47:29.7640000,23.56,79.73,101.952
2026-05-25T12:47:30.7740000,23.56,79.68,101.951
2026-05-25T12:47:31.8250000,23.56,79.66,101.951
2026-05-25T12:47:32.8660000,23.56,79.65,101.951
2026-05-25T12:47:33.9070000,23.56,79.65,101.952
2026-05-25T12:47:34.9470000,23.56,79.63,101.952
2026-05-25T12:47:35.9880000,23.56,79.62,101.952
2026-05-25T12:47:37.0290000,23.56,79.58,101.953
2026-05-25T12:47:38.0800000,23.56,79.67,101.953
2026-05-25T12:47:39.1210000,23.56,79.63,101.952
2026-05-25T12:47:40.1610000,23.56,79.63,101.952
2026-05-25T12:47:41.2020000,23.56,79.65,101.952
2026-05-25T12:47:42.2430000,23.56,79.55,101.952
2026-05-25T12:47:43.3360000,23.56,79.58,101.952
2026-05-25T12:47:44.3350000,23.56,79.54,101.951
2026-05-25T12:47:45.3760000,23.56,79.52,101.951
2026-05-25T12:47:46.4160000,23.56,79.51,101.951
2026-05-25T12:47:47.4570000,23.56,79.5,101.951
2026-05-25T12:47:48.4980000,23.56,79.48,101.951
2026-05-25T12:47:49.5490000,23.56,79.47,101.951
2026-05-25T12:47:50.5900000,23.56,79.43,101.951
2026-05-25T12:47:51.6310000,23.56,79.45,101.951
2026-05-25T12:47:52.6720000,23.56,79.43,101.951
2026-05-25T12:47:53.7130000,23.56,79.43,101.951
2026-05-25T12:47:54.7640000,23.56,79.4,101.951
2026-05-25T12:47:55.8050000,23.56,79.38,101.951
2026-05-25T12:47:56.9080000,23.56,79.38,101.952
2026-05-25T12:47:57.8870000,23.56,79.35,101.952
2026-05-25T12:47:58.9290000,23.56,79.35,101.951
2026-05-25T12:47:59.9700000,23.56,79.33,101.951
2026-05-25T12:48:01.0110000,23.56,79.32,101.951
2026-05-25T12:48:02.0620000,23.56,79.3,101.951
2026-05-25T12:48:03.1030000,23.56,79.3,101.95
2026-05-25T12:48:04.1440000,23.56,79.32,101.95
2026-05-25T12:48:05.1850000,23.56,79.28,101.951
2026-05-25T12:48:06.2250000,23.56,79.27,101.951
2026-05-25T12:48:07.2660000,23.56,79.25,101.951
2026-05-25T12:48:08.3170000,23.56,79.22,101.951
2026-05-25T12:48:09.3580000,23.56,79.25,101.951
2026-05-25T12:48:10.3990000,23.56,79.24,101.951
2026-05-25T12:48:11.4470000,23.56,79.21,101.951
2026-05-25T12:48:12.4880000,23.56,79.17,101.951
2026-05-25T12:48:13.5280000,23.56,79.16,101.95
2026-05-25T12:48:14.5690000,23.56,79.15,101.951
2026-05-25T12:48:15.6100000,23.56,79.14,101.951
2026-05-25T12:48:16.6510000,23.56,79.13,101.951
2026-05-25T12:48:17.7020000,23.56,79.12,101.951
2026-05-25T12:48:18.7430000,23.56,79.1,101.95
2026-05-25T12:48:19.7840000,23.56,79.09,101.95
2026-05-25T12:48:20.8250000,23.56,79.1,101.951
2026-05-25T12:48:21.8660000,23.56,79.11,101.951
2026-05-25T12:48:22.9070000,23.56,79.08,101.95
2026-05-25T12:48:23.9580000,23.56,79.08,101.95
2026-05-25T12:48:25.0190000,23.56,79.02,101.95
2026-05-25T12:48:26.0390000,23.56,79.03,101.95
2026-05-25T12:48:27.0800000,23.56,79.02,101.951
2026-05-25T12:48:28.1210000,23.56,78.96,101.951
2026-05-25T12:48:29.1610000,23.56,78.99,101.951
2026-05-25T12:48:30.2130000,23.56,78.99,101.952
2026-05-25T12:48:31.2530000,23.56,78.98,101.951
2026-05-25T12:48:32.2940000,23.56,78.94,101.952
2026-05-25T12:48:33.3350000,23.56,78.94,101.952
2026-05-25T12:48:34.3760000,23.56,78.91,101.952
2026-05-25T12:48:35.4270000,23.56,78.93,101.953
2026-05-25T12:48:36.4680000,23.56,78.94,101.953
2026-05-25T12:48:37.5090000,23.56,78.91,101.952
2026-05-25T12:48:38.5920000,23.56,78.88,101.951
2026-05-25T12:48:39.5900000,23.55,78.85,101.95
2026-05-25T12:48:40.6310000,23.55,78.86,101.95
2026-05-25T12:48:41.6820000,23.55,78.85,101.95
2026-05-25T12:48:42.7230000,23.55,78.83,101.95
2026-05-25T12:48:43.7640000,23.55,78.83,101.95
2026-05-25T12:48:44.8050000,23.55,78.82,101.95
2026-05-25T12:48:45.8460000,23.56,78.8,101.951
2026-05-25T12:48:46.8860000,23.55,78.75,101.95
2026-05-25T12:48:47.9370000,23.55,78.78,101.95
2026-05-25T12:48:48.9780000,23.55,78.8,101.949
2026-05-25T12:48:50.0190000,23.55,78.75,101.949
2026-05-25T12:48:51.0600000,23.55,78.77,101.949
2026-05-25T12:48:52.1670000,23.55,78.74,101.949
2026-05-25T12:48:53.1450000,23.55,78.72,101.95
2026-05-25T12:48:54.1850000,23.55,78.7,101.95
2026-05-25T12:48:55.2370000,23.55,78.68,101.95
2026-05-25T12:48:56.2770000,23.55,78.69,101.95
2026-05-25T12:48:57.3180000,23.55,78.66,101.949
2026-05-25T12:48:58.3590000,23.55,78.65,101.949
2026-05-25T12:48:59.4000000,23.55,78.65,101.949
2026-05-25T12:49:00.4410000,23.55,78.64,101.948
2026-05-25T12:49:01.4920000,23.55,78.63,101.947
2026-05-25T12:49:02.5330000,23.55,78.63,101.948
2026-05-25T12:49:03.5740000,23.55,78.62,101.948
2026-05-25T12:49:04.6140000,23.55,78.6,101.948
2026-05-25T12:49:05.6550000,23.55,78.62,101.948
2026-05-25T12:49:06.7060000,23.55,78.59,101.947
2026-05-25T12:49:07.7470000,23.55,78.57,101.948
2026-05-25T12:49:08.7880000,23.55,78.55,101.948
2026-05-25T12:49:09.8290000,23.55,78.55,101.948
2026-05-25T12:49:10.8700000,23.55,78.55,101.948
2026-05-25T12:49:11.9100000,23.55,78.53,101.948
2026-05-25T12:49:12.9620000,23.55,78.5,101.949
2026-05-25T12:49:14.0020000,23.55,78.5,101.949
2026-05-25T12:49:15.0430000,23.55,78.43,101.949
2026-05-25T12:49:16.0840000,23.55,78.47,101.949
2026-05-25T12:49:17.1250000,23.55,78.5,101.949
2026-05-25T12:49:18.1760000,23.55,78.45,101.949
2026-05-25T12:49:19.2170000,23.55,78.43,101.949
2026-05-25T12:49:20.2820000,23.55,78.49,101.949
2026-05-25T12:49:21.3020000,23.55,78.45,101.948
2026-05-25T12:49:22.3430000,23.55,78.44,101.948
2026-05-25T12:49:23.3830000,23.55,78.44,101.949
2026-05-25T12:49:24.4240000,23.55,78.43,101.949
2026-05-25T12:49:25.4650000,23.55,78.42,101.949
2026-05-25T12:49:26.5160000,23.55,78.41,101.949
2026-05-25T12:49:27.5570000,23.55,78.46,101.949
2026-05-25T12:49:28.5980000,23.55,78.4,101.948
2026-05-25T12:49:29.6380000,23.55,78.39,101.948
2026-05-25T12:49:30.6790000,23.55,78.35,101.948
2026-05-25T12:49:31.7300000,23.55,78.38,101.948
2026-05-25T12:49:32.7710000,23.55,78.36,101.949
2026-05-25T12:49:33.8540000,23.55,78.31,101.949
2026-05-25T12:49:34.8520000,23.55,78.32,101.948
2026-05-25T12:49:35.8930000,23.55,78.31,101.948
2026-05-25T12:49:36.9440000,23.55,78.31,101.949
2026-05-25T12:49:37.9850000,23.55,78.29,101.948
2026-05-25T12:49:39.0260000,23.55,78.27,101.948
2026-05-25T12:49:40.0670000,23.55,78.26,101.948
2026-05-25T12:49:41.1070000,23.55,78.26,101.948
2026-05-25T12:49:42.1480000,23.55,78.25,101.949
2026-05-25T12:49:43.1990000,23.55,78.23,101.949
2026-05-25T12:49:44.2400000,23.55,78.23,101.948
2026-05-25T12:49:45.2810000,23.55,78.19,101.948
2026-05-25T12:49:46.3220000,23.55,78.2,101.948
2026-05-25T12:49:47.4290000,23.55,78.19,101.948
2026-05-25T12:49:48.4070000,23.55,78.19,101.948
2026-05-25T12:49:49.4470000,23.55,78.18,101.948
2026-05-25T12:49:50.4990000,23.55,78.16,101.949
2026-05-25T12:49:51.5390000,23.55,78.14,101.948
2026-05-25T12:49:53.6210000,23.55,78.12,101.948
2026-05-25T12:49:54.6620000,23.55,78.11,101.947
2026-05-25T12:49:55.7030000,23.55,78.12,101.947
2026-05-25T12:49:56.7540000,23.55,78.07,101.947
2026-05-25T12:49:57.7950000,23.55,78.08,101.947
2026-05-25T12:49:58.8350000,23.55,78.08,101.946
2026-05-25T12:49:59.8760000,23.55,78.1,101.946
2026-05-25T12:50:00.9170000,23.55,78.07,101.947
2026-05-25T12:50:01.9720000,23.55,78.06,101.947
2026-05-25T12:50:03.0020000,23.55,78.06,101.947
2026-05-25T12:50:04.0530000,23.55,78.05,101.947
2026-05-25T12:50:05.0940000,23.55,78.04,101.947
2026-05-25T12:50:06.1350000,23.55,78.04,101.947
2026-05-25T12:50:07.1750000,23.55,78.05,101.947
2026-05-25T12:50:08.2160000,23.55,78.04,101.947
2026-05-25T12:50:09.2570000,23.55,78.04,101.947
2026-05-25T12:50:10.3080000,23.55,78.01,101.946
2026-05-25T12:50:11.3490000,23.55,78.03,101.946
2026-05-25T12:50:12.3900000,23.55,78,101.947
2026-05-25T12:50:13.4300000,23.55,78.03,101.946
2026-05-25T12:50:14.4710000,23.55,77.99,101.946
2026-05-25T12:50:15.5430000,23.55,77.97,101.946
2026-05-25T12:50:16.5630000,23.55,77.96,101.947
2026-05-25T12:50:17.6040000,23.55,77.94,101.947
2026-05-25T12:50:18.6450000,23.55,77.93,101.947
2026-05-25T12:50:19.6860000,23.55,77.92,101.947
2026-05-25T12:50:20.7260000,23.55,77.91,101.947
2026-05-25T12:50:21.7770000,23.55,77.9,101.947
2026-05-25T12:50:22.8180000,23.55,77.85,101.947
2026-05-25T12:50:23.8590000,23.55,77.88,101.946
2026-05-25T12:50:24.9000000,23.55,77.86,101.946
2026-05-25T12:50:25.9400000,23.55,77.85,101.945
2026-05-25T12:50:26.9810000,23.55,77.8,101.946
2026-05-25T12:50:28.0320000,23.55,77.85,101.946
2026-05-25T12:50:29.1190000,23.55,77.8,101.946
2026-05-25T12:50:30.1170000,23.55,77.8,101.946
2026-05-25T12:50:31.1580000,23.55,77.81,101.946
2026-05-25T12:50:32.1990000,23.55,77.78,101.945
2026-05-25T12:50:33.2400000,23.55,77.78,101.946
2026-05-25T12:50:34.2810000,23.55,77.75,101.946
2026-05-25T12:50:35.3320000,23.55,77.75,101.947
2026-05-25T12:50:36.3730000,23.55,77.79,101.946
2026-05-25T12:50:37.4130000,23.55,77.72,101.947
2026-05-25T12:50:38.4540000,23.55,77.73,101.946
2026-05-25T12:50:39.4950000,23.55,77.68,101.946
2026-05-25T12:50:40.5360000,23.55,77.72,101.946
2026-05-25T12:50:41.5870000,23.55,77.72,101.946
2026-05-25T12:50:42.6910000,23.55,77.72,101.946
2026-05-25T12:50:43.6680000,23.55,77.7,101.946
2026-05-25T12:50:44.7090000,23.55,77.7,101.947
2026-05-25T12:50:45.7500000,23.55,77.7,101.947
2026-05-25T12:50:46.8010000,23.55,77.68,101.947
2026-05-25T12:50:47.8420000,23.55,77.67,101.946
2026-05-25T12:50:48.8830000,23.55,77.65,101.946
2026-05-25T12:50:49.9230000,23.55,77.65,101.946
2026-05-25T12:50:50.9640000,23.55,77.62,101.947
2026-05-25T12:50:52.0050000,23.55,77.62,101.947
2026-05-25T12:50:53.0560000,23.55,77.64,101.948
2026-05-25T12:50:54.0970000,23.55,77.59,101.948
2026-05-25T12:50:55.1380000,23.55,77.56,101.948
2026-05-25T12:50:56.1790000,23.55,77.6,101.948
2026-05-25T12:50:57.2300000,23.55,77.57,101.947
2026-05-25T12:50:58.2600000,23.55,77.59,101.947
2026-05-25T12:50:59.3120000,23.55,77.56,101.946
2026-05-25T12:51:00.3520000,23.55,77.55,101.946
2026-05-25T12:51:01.3930000,23.55,77.56,101.946
2026-05-25T12:51:02.4340000,23.55,77.56,101.945
2026-05-25T12:51:03.4750000,23.55,77.55,101.946
2026-05-25T12:51:04.5260000,23.55,77.53,101.946
2026-05-25T12:51:05.5670000,23.55,77.53,101.946
2026-05-25T12:51:06.6080000,23.55,77.54,101.946
2026-05-25T12:51:07.6480000,23.56,77.54,101.946
2026-05-25T12:51:08.6900000,23.56,77.52,101.946
2026-05-25T12:51:09.7300000,23.56,77.47,101.946
2026-05-25T12:51:10.8020000,23.55,77.5,101.946
2026-05-25T12:51:11.8220000,23.55,77.5,101.945
2026-05-25T12:51:12.8630000,23.55,77.48,101.944
2026-05-25T12:51:13.9040000,23.55,77.47,101.943
2026-05-25T12:51:14.9450000,23.55,77.47,101.943
2026-05-25T12:51:15.9850000,23.55,77.46,101.944
2026-05-25T12:51:17.0360000,23.55,77.47,101.944
2026-05-25T12:51:19.1180000,23.55,77.46,101.944
2026-05-25T12:51:20.1590000,23.55,77.44,101.944
2026-05-25T12:51:21.2000000,23.55,77.45,101.944
2026-05-25T12:51:22.2400000,23.55,77.41,101.944
2026-05-25T12:51:23.2920000,23.55,77.43,101.944
2026-05-25T12:51:24.3740000,23.55,77.37,101.944
2026-05-25T12:51:25.3730000,23.55,77.4,101.943
2026-05-25T12:51:26.4140000,23.55,77.38,101.943
2026-05-25T12:51:27.4550000,23.55,77.39,101.943
2026-05-25T12:51:28.5060000,23.55,77.37,101.943
2026-05-25T12:51:29.5460000,23.55,77.35,101.942
2026-05-25T12:51:30.5870000,23.55,77.34,101.943
2026-05-25T12:51:31.6280000,23.55,77.35,101.943
2026-05-25T12:51:32.6680000,23.55,77.32,101.944
2026-05-25T12:51:33.7090000,23.55,77.32,101.944
2026-05-25T12:51:34.7600000,23.55,77.31,101.943
2026-05-25T12:51:35.8010000,23.56,77.29,101.944
2026-05-25T12:51:36.8420000,23.55,77.28,101.943
2026-05-25T12:51:37.9460000,23.56,77.28,101.944
2026-05-25T12:51:38.9240000,23.56,77.27,101.944
2026-05-25T12:51:39.9750000,23.56,77.26,101.944
2026-05-25T12:51:41.0160000,23.56,77.25,101.944
2026-05-25T12:51:42.0570000,23.56,77.25,101.944
2026-05-25T12:51:43.0980000,23.56,77.23,101.943
2026-05-25T12:51:44.1380000,23.56,77.21,101.943
2026-05-25T12:51:45.1790000,23.55,77.2,101.942
2026-05-25T12:51:46.2300000,23.56,77.2,101.943
2026-05-25T12:51:47.2710000,23.56,77.21,101.943
2026-05-25T12:51:48.3120000,23.56,77.19,101.943
2026-05-25T12:51:49.3530000,23.56,77.18,101.942
2026-05-25T12:51:50.3940000,23.56,77.17,101.942
2026-05-25T12:51:51.4350000,23.56,77.16,101.943
2026-05-25T12:51:52.4860000,23.56,77.15,101.944
2026-05-25T12:51:53.5270000,23.56,77.15,101.943
2026-05-25T12:51:54.5670000,23.56,77.13,101.942
2026-05-25T12:51:55.6080000,23.56,77.15,101.942
2026-05-25T12:51:56.6490000,23.56,77.12,101.942
2026-05-25T12:51:57.7000000,23.56,77.11,101.942
2026-05-25T12:51:58.7410000,23.56,77.11,101.943
2026-05-25T12:51:59.7820000,23.56,77.06,101.942
2026-05-25T12:52:00.8230000,23.56,77.12,101.943
2026-05-25T12:52:01.8630000,23.56,77.06,101.944
2026-05-25T12:52:02.9140000,23.56,77.11,101.943
2026-05-25T12:52:03.9550000,23.56,77.12,101.943
2026-05-25T12:52:04.9960000,23.56,77.05,101.943
2026-05-25T12:52:06.0580000,23.56,77.07,101.943
2026-05-25T12:52:07.0780000,23.56,77.05,101.943
2026-05-25T12:52:08.1180000,23.56,77.04,101.943
2026-05-25T12:52:09.1700000,23.56,77.04,101.943
2026-05-25T12:52:10.2100000,23.56,77.03,101.942
2026-05-25T12:52:11.2510000,23.56,77.05,101.941
2026-05-25T12:52:12.2920000,23.56,77.03,101.941
2026-05-25T12:52:13.3330000,23.56,77.08,101.941
2026-05-25T12:52:14.3840000,23.56,77.02,101.941
2026-05-25T12:52:15.4250000,23.56,77.01,101.941
2026-05-25T12:52:16.4650000,23.56,77.01,101.94
2026-05-25T12:52:17.5060000,23.56,76.99,101.94
2026-05-25T12:52:18.5470000,23.56,76.98,101.941
2026-05-25T12:52:19.6290000,23.56,77.02,101.941
2026-05-25T12:52:20.6390000,23.56,77,101.941
2026-05-25T12:52:21.6790000,23.56,77,101.941
2026-05-25T12:52:22.7200000,23.56,76.99,101.94
2026-05-25T12:52:23.7610000,23.56,76.99,101.94
2026-05-25T12:52:24.8020000,23.56,77,101.941
2026-05-25T12:52:25.8530000,23.56,76.99,101.941
2026-05-25T12:52:26.8940000,23.56,76.95,101.941
2026-05-25T12:52:27.9340000,23.56,76.97,101.942
2026-05-25T12:52:28.9760000,23.56,76.95,101.942
2026-05-25T12:52:30.0160000,23.56,76.93,101.941
2026-05-25T12:52:31.0570000,23.56,76.97,101.94
2026-05-25T12:52:32.1080000,23.56,76.92,101.941
2026-05-25T12:52:33.2020000,23.56,76.89,101.942
2026-05-25T12:52:34.1900000,23.56,76.9,101.942
2026-05-25T12:52:35.2310000,23.56,76.9,101.942
2026-05-25T12:52:36.2720000,23.56,76.88,101.942
2026-05-25T12:52:37.3120000,23.56,76.86,101.941
2026-05-25T12:52:38.3640000,23.56,76.86,101.941
2026-05-25T12:52:39.4040000,23.56,76.86,101.942
2026-05-25T12:52:40.4450000,23.56,76.85,101.943
2026-05-25T12:52:41.4860000,23.56,76.82,101.942
2026-05-25T12:52:42.5270000,23.56,76.83,101.942
2026-05-25T12:52:43.5780000,23.56,76.83,101.942
2026-05-25T12:52:44.6180000,23.56,76.78,101.941
2026-05-25T12:52:45.6590000,23.56,76.78,101.941
2026-05-25T12:52:46.7000000,23.56,76.83,101.94
2026-05-25T12:52:47.7440000,23.56,76.8,101.941
2026-05-25T12:52:48.7850000,23.56,76.8,101.941
2026-05-25T12:52:49.8260000,23.56,76.8,101.941
2026-05-25T12:52:50.8770000,23.56,76.79,101.94
2026-05-25T12:52:51.9180000,23.56,76.78,101.94
2026-05-25T12:52:52.9590000,23.56,76.77,101.94
2026-05-25T12:52:53.9990000,23.56,76.75,101.941
2026-05-25T12:52:55.0400000,23.56,76.74,101.941
2026-05-25T12:52:56.0810000,23.56,76.73,101.941
2026-05-25T12:52:57.1320000,23.57,76.74,101.942
2026-05-25T12:52:58.1730000,23.56,76.73,101.941
2026-05-25T12:52:59.2140000,23.56,76.75,101.941
2026-05-25T12:53:00.2540000,23.56,76.75,101.941
2026-05-25T12:53:01.3160000,23.56,76.73,101.941
2026-05-25T12:53:02.3460000,23.56,76.7,101.941
2026-05-25T12:53:03.3870000,23.56,76.7,101.942
2026-05-25T12:53:04.4280000,23.56,76.7,101.942
2026-05-25T12:53:05.4690000,23.56,76.69,101.942
2026-05-25T12:53:06.5090000,23.57,76.67,101.942
2026-05-25T12:53:07.5500000,23.56,76.66,101.941
2026-05-25T12:53:08.6040000,23.57,76.64,101.941
2026-05-25T12:53:09.6440000,23.57,76.63,101.94
2026-05-25T12:53:10.6850000,23.57,76.62,101.94
2026-05-25T12:53:11.7260000,23.57,76.67,101.94
2026-05-25T12:53:12.7670000,23.57,76.63,101.941
2026-05-25T12:53:13.8080000,23.57,76.64,101.941
2026-05-25T12:53:14.8870000,23.57,76.67,101.941
2026-05-25T12:53:15.8960000,23.57,76.63,101.941
2026-05-25T12:53:16.9370000,23.57,76.62,101.94
2026-05-25T12:53:17.9780000,23.57,76.64,101.939
2026-05-25T12:53:19.0290000,23.57,76.64,101.939
2026-05-25T12:53:20.0700000,23.57,76.62,101.94
2026-05-25T12:53:21.1110000,23.57,76.61,101.941
2026-05-25T12:53:22.1520000,23.57,76.54,101.942
2026-05-25T12:53:23.1920000,23.57,76.59,101.941
2026-05-25T12:53:24.2330000,23.57,76.62,101.941
2026-05-25T12:53:25.2840000,23.57,76.6,101.941
2026-05-25T12:53:26.3250000,23.57,76.58,101.941
2026-05-25T12:53:27.3660000,23.57,76.56,101.94
2026-05-25T12:53:28.4590000,23.57,76.56,101.939
2026-05-25T12:53:29.4470000,23.57,76.54,101.94
2026-05-25T12:53:30.4880000,23.57,76.54,101.94
2026-05-25T12:53:31.5390000,23.57,76.53,101.94
2026-05-25T12:53:32.5800000,23.57,76.53,101.94
2026-05-25T12:53:33.6200000,23.57,76.52,101.941
2026-05-25T12:53:34.6610000,23.57,76.51,101.94
2026-05-25T12:53:35.7020000,23.57,76.5,101.94
2026-05-25T12:53:36.7530000,23.57,76.49,101.94
2026-05-25T12:53:37.7940000,23.57,76.51,101.939
2026-05-25T12:53:38.8350000,23.57,76.45,101.94
2026-05-25T12:53:39.8760000,23.57,76.48,101.94
2026-05-25T12:53:40.9160000,23.57,76.47,101.94
2026-05-25T12:53:41.9570000,23.57,76.46,101.94
2026-05-25T12:53:43.0090000,23.57,76.43,101.939
2026-05-25T12:53:44.0490000,23.57,76.43,101.938
2026-05-25T12:53:45.0900000,23.57,76.41,101.938
2026-05-25T12:53:46.1310000,23.57,76.43,101.938
2026-05-25T12:53:47.1720000,23.57,76.43,101.938
2026-05-25T12:53:48.2120000,23.57,76.42,101.939
2026-05-25T12:53:49.2640000,23.57,76.41,101.938
2026-05-25T12:53:50.3050000,23.57,76.42,101.938
2026-05-25T12:53:51.3450000,23.57,76.39,101.937
2026-05-25T12:53:52.3860000,23.57,76.41,101.937
2026-05-25T12:53:53.4270000,23.57,76.37,101.937
2026-05-25T12:53:54.4780000,23.57,76.39,101.936
2026-05-25T12:53:55.5190000,23.57,76.38,101.936
2026-05-25T12:53:56.5700000,23.57,76.35,101.937
2026-05-25T12:53:57.6000000,23.57,76.35,101.937
2026-05-25T12:53:58.6430000,23.57,76.34,101.937
2026-05-25T12:53:59.6840000,23.57,76.32,101.936
2026-05-25T12:54:00.7250000,23.57,76.31,101.936
2026-05-25T12:54:01.7760000,23.57,76.31,101.935
2026-05-25T12:54:02.8170000,23.57,76.31,101.936
2026-05-25T12:54:03.8570000,23.57,76.3,101.936
2026-05-25T12:54:04.8980000,23.57,76.26,101.935
2026-05-25T12:54:05.9390000,23.57,76.3,101.936
2026-05-25T12:54:06.9790000,23.57,76.25,101.936
2026-05-25T12:54:08.0310000,23.57,76.25,101.936
2026-05-25T12:54:09.0720000,23.57,76.23,101.936
2026-05-25T12:54:11.1500000,23.57,76.21,101.936
2026-05-25T12:54:12.2010000,23.57,76.2,101.935
2026-05-25T12:54:13.2420000,23.57,76.19,101.935
2026-05-25T12:54:14.2830000,23.57,76.18,101.935
2026-05-25T12:54:15.3230000,23.57,76.17,101.935
2026-05-25T12:54:16.3640000,23.57,76.16,101.936
2026-05-25T12:54:17.4050000,23.57,76.19,101.936
2026-05-25T12:54:18.4560000,23.57,76.15,101.937
2026-05-25T12:54:19.4970000,23.57,76.16,101.937
2026-05-25T12:54:20.5370000,23.57,76.1,101.937
2026-05-25T12:54:21.5780000,23.57,76.15,101.936
2026-05-25T12:54:22.6190000,23.57,76.12,101.937
2026-05-25T12:54:23.7080000,23.57,76.12,101.937
2026-05-25T12:54:24.7070000,23.57,76.1,101.936
2026-05-25T12:54:25.7480000,23.58,76.08,101.937
2026-05-25T12:54:26.7890000,23.58,76.09,101.937
2026-05-25T12:54:27.8400000,23.58,76.08,101.937
2026-05-25T12:54:28.8810000,23.58,76.07,101.937
2026-05-25T12:54:29.9210000,23.58,76.08,101.937
2026-05-25T12:54:30.9620000,23.57,76.09,101.936
2026-05-25T12:54:32.0030000,23.57,76.1,101.936
2026-05-25T12:54:33.0440000,23.57,76.07,101.937
2026-05-25T12:54:34.0950000,23.58,76.06,101.937
2026-05-25T12:54:35.1360000,23.58,76.08,101.936
2026-05-25T12:54:36.1760000,23.58,76.07,101.936
2026-05-25T12:54:37.2800000,23.58,76.05,101.936
2026-05-25T12:54:38.2580000,23.58,76.06,101.936
2026-05-25T12:54:39.3090000,23.58,76.06,101.936
2026-05-25T12:54:40.3500000,23.58,76.05,101.937
2026-05-25T12:54:41.3910000,23.58,76.04,101.937
2026-05-25T12:54:42.4310000,23.58,76.04,101.937
2026-05-25T12:54:43.4720000,23.58,76.03,101.937
2026-05-25T12:54:44.5130000,23.58,76.03,101.937
2026-05-25T12:54:45.5640000,23.58,76.01,101.936
2026-05-25T12:54:46.6050000,23.58,76.03,101.936
2026-05-25T12:54:47.6460000,23.58,76.03,101.936
2026-05-25T12:54:48.6870000,23.58,75.99,101.936
2026-05-25T12:54:49.7280000,23.58,75.99,101.936
2026-05-25T12:54:50.7680000,23.58,75.98,101.936
2026-05-25T12:54:51.8200000,23.58,75.96,101.936
2026-05-25T12:54:52.8600000,23.58,75.96,101.936
2026-05-25T12:54:53.9010000,23.58,75.95,101.936
2026-05-25T12:54:54.9420000,23.58,75.96,101.936
2026-05-25T12:54:55.9830000,23.58,76,101.936
2026-05-25T12:54:57.0230000,23.58,76,101.936
2026-05-25T12:54:58.0750000,23.58,76.02,101.936
2026-05-25T12:54:59.1160000,23.58,76,101.936
2026-05-25T12:55:00.1560000,23.58,76.03,101.937
2026-05-25T12:55:01.1970000,23.58,76.02,101.936
2026-05-25T12:55:02.2380000,23.58,76.04,101.936
2026-05-25T12:55:03.2890000,23.58,76.06,101.936
2026-05-25T12:55:04.3300000,23.58,76.04,101.936
2026-05-25T12:55:05.3910000,23.58,76.03,101.936
2026-05-25T12:55:06.4110000,23.58,76.04,101.936
2026-05-25T12:55:07.4520000,23.58,76.02,101.936
2026-05-25T12:55:08.4930000,23.58,76.02,101.936
2026-05-25T12:55:09.5440000,23.58,76.01,101.936
2026-05-25T12:55:10.5850000,23.58,76,101.936
2026-05-25T12:55:11.6260000,23.58,76,101.936
2026-05-25T12:55:12.6670000,23.59,76.04,101.937
2026-05-25T12:55:13.7070000,23.59,76.03,101.936
2026-05-25T12:55:14.7480000,23.59,76.08,101.937
2026-05-25T12:55:15.7990000,23.59,76.08,101.937
2026-05-25T12:55:16.8400000,23.59,76.13,101.936
2026-05-25T12:55:17.8810000,23.59,76.15,101.936
2026-05-25T12:55:18.9630000,23.59,76.19,101.936
2026-05-25T12:55:19.9620000,23.59,76.22,101.936
2026-05-25T12:55:21.0140000,23.59,76.26,101.936
2026-05-25T12:55:22.0540000,23.59,76.32,101.937
2026-05-25T12:55:23.0950000,23.59,76.4,101.937
2026-05-25T12:55:24.1360000,23.6,76.48,101.937
2026-05-25T12:55:25.1770000,23.6,76.52,101.937
2026-05-25T12:55:26.2170000,23.6,76.6,101.936
2026-05-25T12:55:27.2690000,23.6,76.69,101.937
2026-05-25T12:55:28.3090000,23.6,76.78,101.936
2026-05-25T12:55:29.3500000,23.6,76.89,101.936
2026-05-25T12:55:30.3910000,23.6,76.91,101.936
2026-05-25T12:55:31.4310000,23.6,76.98,101.936
2026-05-25T12:55:32.5320000,23.6,77.1,101.936
2026-05-25T12:55:33.5200000,23.6,77.17,101.936
2026-05-25T12:55:34.5610000,23.61,77.24,101.936
2026-05-25T12:55:35.6010000,23.61,77.32,101.936
2026-05-25T12:55:36.6530000,23.61,77.4,101.936
2026-05-25T12:55:37.6940000,23.61,77.48,101.936
2026-05-25T12:55:38.7340000,23.61,77.56,101.936
2026-05-25T12:55:39.7750000,23.61,77.62,101.936
2026-05-25T12:55:40.8160000,23.62,77.68,101.936
2026-05-25T12:55:41.8570000,23.62,77.75,101.937
2026-05-25T12:55:42.9080000,23.62,77.82,101.937
2026-05-25T12:55:43.9490000,23.62,77.91,101.937
2026-05-25T12:55:44.9890000,23.62,77.96,101.936
2026-05-25T12:55:46.0300000,23.62,78,101.937
2026-05-25T12:55:47.0740000,23.63,78.18,101.937
2026-05-25T12:55:48.1150000,23.62,78.22,101.936
2026-05-25T12:55:49.1560000,23.62,78.29,101.936
2026-05-25T12:55:50.2070000,23.62,78.34,101.935
2026-05-25T12:55:51.2480000,23.63,78.4,101.936
2026-05-25T12:55:52.2890000,23.63,78.44,101.936
2026-05-25T12:55:53.3300000,23.63,78.48,101.935
2026-05-25T12:55:54.3700000,23.63,78.54,101.936
2026-05-25T12:55:55.4110000,23.63,78.56,101.936
2026-05-25T12:55:56.4620000,23.63,78.62,101.936
2026-05-25T12:55:57.5030000,23.63,78.71,101.936
2026-05-25T12:55:59.5850000,23.63,78.75,101.936
2026-05-25T12:56:00.6470000,23.63,78.87,101.936
2026-05-25T12:56:01.6670000,23.63,78.91,101.936
2026-05-25T12:56:02.7180000,23.63,78.95,101.936
2026-05-25T12:56:03.7590000,23.63,78.98,101.935
2026-05-25T12:56:04.7990000,23.63,78.98,101.936
2026-05-25T12:56:05.8400000,23.63,79.01,101.936
2026-05-25T12:56:06.8810000,23.63,79.05,101.936
2026-05-25T12:56:07.9220000,23.63,79.09,101.936
2026-05-25T12:56:08.9730000,23.63,79.16,101.937
2026-05-25T12:56:10.0140000,23.63,79.17,101.937
2026-05-25T12:56:11.0550000,23.63,79.19,101.937
2026-05-25T12:56:12.0950000,23.63,79.19,101.936
2026-05-25T12:56:13.1360000,23.63,79.19,101.937
2026-05-25T12:56:14.2190000,23.63,79.25,101.937
2026-05-25T12:56:15.2280000,23.63,79.29,101.938
2026-05-25T12:56:16.2690000,23.63,79.32,101.937
2026-05-25T12:56:17.3100000,23.63,79.35,101.937
2026-05-25T12:56:18.3500000,23.63,79.38,101.937
2026-05-25T12:56:19.3910000,23.63,79.41,101.937
2026-05-25T12:56:20.4420000,23.63,79.48,101.937
2026-05-25T12:56:21.4830000,23.63,79.5,101.937
2026-05-25T12:56:22.5240000,23.64,79.63,101.937
2026-05-25T12:56:23.5650000,23.64,79.71,101.937
2026-05-25T12:56:24.6050000,23.64,79.73,101.938
2026-05-25T12:56:25.6460000,23.64,79.81,101.937
2026-05-25T12:56:27.7940000,23.64,79.95,101.936
2026-05-25T12:56:28.7820000,23.64,80.01,101.936
2026-05-25T12:56:29.8230000,23.64,80.08,101.937
2026-05-25T12:56:30.8640000,23.64,80.14,101.936
2026-05-25T12:56:31.9050000,23.64,80.18,101.936
2026-05-25T12:56:32.9460000,23.64,80.23,101.936
2026-05-25T12:56:33.9970000,23.64,80.26,101.937
2026-05-25T12:56:35.0380000,23.64,80.28,101.937
2026-05-25T12:56:36.0780000,23.63,80.27,101.937
2026-05-25T12:56:37.1190000,23.64,80.31,101.938
2026-05-25T12:56:38.1600000,23.64,80.33,101.937
2026-05-25T12:56:39.2010000,23.64,80.41,101.937
2026-05-25T12:56:40.2520000,23.63,80.44,101.936
2026-05-25T12:56:41.2930000,23.63,80.5,101.936
2026-05-25T12:56:42.3370000,23.63,80.57,101.936
2026-05-25T12:56:43.3780000,23.63,80.61,101.937
2026-05-25T12:56:44.4190000,23.63,80.63,101.937
2026-05-25T12:56:45.4590000,23.63,80.65,101.937
2026-05-25T12:56:46.5000000,23.63,80.66,101.937
2026-05-25T12:56:47.5410000,23.63,80.68,101.937
2026-05-25T12:56:48.5920000,23.63,80.7,101.937
2026-05-25T12:56:49.6330000,23.63,80.71,101.936
2026-05-25T12:56:50.6740000,23.63,80.75,101.936
2026-05-25T12:56:51.7150000,23.63,80.77,101.936
2026-05-25T12:56:52.7550000,23.63,80.8,101.936
2026-05-25T12:56:53.8070000,23.63,80.81,101.936
2026-05-25T12:56:54.8470000,23.63,80.89,101.936
2026-05-25T12:56:55.9130000,23.63,80.93,101.936
2026-05-25T12:56:56.9320000,23.63,80.94,101.936
2026-05-25T12:56:57.9730000,23.63,80.97,101.936
2026-05-25T12:56:59.0140000,23.63,81,101.936
2026-05-25T12:57:00.0550000,23.63,81.02,101.936
2026-05-25T12:57:01.0950000,23.63,81.03,101.936
2026-05-25T12:57:02.1470000,23.63,81.05,101.936
2026-05-25T12:57:03.1870000,23.63,81.04,101.936
2026-05-25T12:57:04.2280000,23.63,81.08,101.936
2026-05-25T12:57:05.2690000,23.63,81.07,101.936
2026-05-25T12:57:06.3100000,23.63,81.1,101.936
2026-05-25T12:57:07.3610000,23.63,81.15,101.936
2026-05-25T12:57:08.4020000,23.63,81.14,101.936
2026-05-25T12:57:09.4850000,23.63,81.14,101.936
2026-05-25T12:57:10.4830000,23.63,81.2,101.935
2026-05-25T12:57:11.5240000,23.63,81.21,101.935
2026-05-25T12:57:12.5650000,23.63,81.21,101.935
2026-05-25T12:57:13.6160000,23.63,81.21,101.935
2026-05-25T12:57:14.6570000,23.63,81.21,101.936
2026-05-25T12:57:15.6980000,23.63,81.23,101.936
2026-05-25T12:57:16.7380000,23.63,81.25,101.936
2026-05-25T12:57:17.7790000,23.63,81.29,101.935
2026-05-25T12:57:18.8200000,23.63,81.32,101.936
2026-05-25T12:57:19.8710000,23.64,81.33,101.936
2026-05-25T12:57:20.9120000,23.63,81.36,101.936
2026-05-25T12:57:21.9530000,23.63,81.36,101.935
2026-05-25T12:57:23.0600000,23.63,81.38,101.935
2026-05-25T12:57:24.0380000,23.63,81.43,101.935
2026-05-25T12:57:25.0780000,23.63,81.44,101.935
2026-05-25T12:57:26.1190000,23.63,81.46,101.935
2026-05-25T12:57:27.1700000,23.63,81.47,101.934
2026-05-25T12:57:28.2110000,23.63,81.47,101.935
2026-05-25T12:57:29.2520000,23.63,81.47,101.934
2026-05-25T12:57:30.2920000,23.63,81.5,101.934
2026-05-25T12:57:31.3330000,23.63,81.48,101.935
2026-05-25T12:57:32.3740000,23.63,81.51,101.935
2026-05-25T12:57:33.4250000,23.63,81.5,101.934
2026-05-25T12:57:34.4660000,23.63,81.54,101.935
2026-05-25T12:57:35.5070000,23.63,81.57,101.934
2026-05-25T12:57:36.5480000,23.64,81.54,101.935
2026-05-25T12:57:37.6020000,23.64,81.61,101.935
2026-05-25T12:57:38.6330000,23.64,81.62,101.935
2026-05-25T12:57:39.6730000,23.64,81.62,101.934
2026-05-25T12:57:40.7250000,23.63,81.62,101.934
2026-05-25T12:57:41.7650000,23.63,81.62,101.935
2026-05-25T12:57:42.8060000,23.63,81.63,101.935
2026-05-25T12:57:43.8470000,23.63,81.64,101.936
2026-05-25T12:57:44.8880000,23.63,81.71,101.935
2026-05-25T12:57:45.9280000,23.63,81.63,101.935
2026-05-25T12:57:46.9800000,23.64,81.67,101.935
2026-05-25T12:57:48.0200000,23.64,81.66,101.935
2026-05-25T12:57:49.0610000,23.63,81.68,101.935
2026-05-25T12:57:50.1020000,23.63,81.67,101.935
2026-05-25T12:57:51.1780000,23.63,81.74,101.935
2026-05-25T12:57:53.2280000,23.63,81.76,101.935
2026-05-25T12:57:54.2690000,23.63,81.76,101.935
2026-05-25T12:57:55.3200000,23.63,81.76,101.935
2026-05-25T12:57:56.3610000,23.63,81.77,101.934
2026-05-25T12:57:57.4010000,23.63,81.79,101.934
2026-05-25T12:57:58.4420000,23.63,81.76,101.935
2026-05-25T12:57:59.4830000,23.63,81.79,101.936
2026-05-25T12:58:00.5340000,23.63,81.81,101.935
2026-05-25T12:58:01.5750000,23.63,81.8,101.935
2026-05-25T12:58:02.6160000,23.63,81.83,101.935
2026-05-25T12:58:03.6570000,23.63,81.82,101.935
2026-05-25T12:58:04.7530000,23.63,81.81,101.935
2026-05-25T12:58:05.7420000,23.63,81.83,101.934
2026-05-25T12:58:06.7820000,23.63,81.83,101.934
2026-05-25T12:58:07.8230000,23.63,81.83,101.935
2026-05-25T12:58:08.8750000,23.63,81.83,101.935
2026-05-25T12:58:09.9150000,23.63,81.83,101.934
2026-05-25T12:58:10.9560000,23.63,81.83,101.935
2026-05-25T12:58:11.9970000,23.63,81.83,101.935
2026-05-25T12:58:13.0370000,23.63,81.87,101.935
2026-05-25T12:58:14.0890000,23.63,81.8,101.935
2026-05-25T12:58:15.1290000,23.63,81.81,101.934
2026-05-25T12:58:16.1700000,23.63,81.83,101.935
2026-05-25T12:58:17.2110000,23.62,81.78,101.934
2026-05-25T12:58:18.2520000,23.62,81.79,101.934
2026-05-25T12:58:19.2960000,23.63,81.8,101.935
2026-05-25T12:58:20.3370000,23.62,81.8,101.934
2026-05-25T12:58:21.3780000,23.63,81.81,101.935
2026-05-25T12:58:22.4290000,23.63,81.81,101.934
2026-05-25T12:58:23.4700000,23.63,81.79,101.935
2026-05-25T12:58:24.5100000,23.62,81.78,101.934
2026-05-25T12:58:25.5510000,23.62,81.76,101.934
2026-05-25T12:58:26.5920000,23.62,81.78,101.934
2026-05-25T12:58:27.6430000,23.62,81.71,101.934
2026-05-25T12:58:28.6840000,23.62,81.72,101.934
2026-05-25T12:58:29.7250000,23.62,81.69,101.934
2026-05-25T12:58:30.7660000,23.62,81.66,101.934
2026-05-25T12:58:31.8060000,23.62,81.62,101.934
2026-05-25T12:58:32.8720000,23.62,81.62,101.934
2026-05-25T12:58:33.8910000,23.62,81.62,101.934
2026-05-25T12:58:34.9320000,23.61,81.6,101.934
2026-05-25T12:58:35.9830000,23.61,81.58,101.934
2026-05-25T12:58:37.0240000,23.61,81.55,101.934
2026-05-25T12:58:38.0650000,23.61,81.53,101.934
2026-05-25T12:58:39.1060000,23.61,81.51,101.934
2026-05-25T12:58:40.1470000,23.61,81.45,101.934
2026-05-25T12:58:41.1870000,23.61,81.51,101.934
2026-05-25T12:58:42.2390000,23.61,81.47,101.934
2026-05-25T12:58:43.2800000,23.61,81.42,101.934
2026-05-25T12:58:44.3200000,23.61,81.41,101.934
2026-05-25T12:58:45.3610000,23.61,81.38,101.933
2026-05-25T12:58:46.4440000,23.61,81.38,101.934
2026-05-25T12:58:47.4530000,23.61,81.33,101.934
2026-05-25T12:58:48.4940000,23.6,81.31,101.934
2026-05-25T12:58:49.5350000,23.61,81.29,101.934
2026-05-25T12:58:50.5760000,23.6,81.27,101.934
2026-05-25T12:58:51.6160000,23.6,81.25,101.934
2026-05-25T12:58:52.6570000,23.6,81.23,101.933
2026-05-25T12:58:53.7090000,23.6,81.13,101.934
2026-05-25T12:58:54.7490000,23.6,81.19,101.934
2026-05-25T12:58:55.7900000,23.6,81.18,101.934
2026-05-25T12:58:56.8310000,23.6,81.12,101.934
2026-05-25T12:58:57.8720000,23.6,81.13,101.933
2026-05-25T12:58:58.9230000,23.6,81.09,101.934
2026-05-25T12:59:00.0190000,23.59,81.07,101.935
2026-05-25T12:59:01.0080000,23.6,81.06,101.935
2026-05-25T12:59:02.0480000,23.59,81.04,101.934
2026-05-25T12:59:03.0890000,23.59,81.02,101.934
2026-05-25T12:59:04.1300000,23.59,81.02,101.934
2026-05-25T12:59:05.1710000,23.59,81,101.934
2026-05-25T12:59:06.2110000,23.59,80.97,101.934
2026-05-25T12:59:07.2620000,23.59,80.94,101.934
2026-05-25T12:59:08.3030000,23.59,80.91,101.933
2026-05-25T12:59:09.3440000,23.59,80.91,101.933
2026-05-25T12:59:10.3850000,23.59,80.87,101.933
2026-05-25T12:59:11.4260000,23.59,80.86,101.934
2026-05-25T12:59:12.4770000,23.59,80.85,101.934
2026-05-25T12:59:13.5180000,23.59,80.79,101.934
2026-05-25T12:59:14.5580000,23.58,80.79,101.933
2026-05-25T12:59:15.5990000,23.58,80.77,101.934
2026-05-25T12:59:16.6400000,23.58,80.76,101.934
2026-05-25T12:59:17.6810000,23.58,80.74,101.934
2026-05-25T12:59:18.7320000,23.58,80.73,101.934
2026-05-25T12:59:19.7730000,23.58,80.7,101.933
2026-05-25T12:59:20.8140000,23.58,80.68,101.934
2026-05-25T12:59:21.8550000,23.58,80.62,101.934
2026-05-25T12:59:22.8950000,23.58,80.65,101.935
2026-05-25T12:59:23.9470000,23.58,80.6,101.935
2026-05-25T12:59:24.9870000,23.58,80.59,101.936
2026-05-25T12:59:26.0280000,23.58,80.61,101.936
2026-05-25T12:59:27.0690000,23.58,80.61,101.935
2026-05-25T12:59:28.1340000,23.58,80.51,101.934
2026-05-25T12:59:29.1540000,23.58,80.5,101.934
2026-05-25T12:59:30.1950000,23.58,80.48,101.934
2026-05-25T12:59:31.2350000,23.58,80.48,101.935
2026-05-25T12:59:32.2870000,23.58,80.45,101.934
2026-05-25T12:59:33.3270000,23.58,80.41,101.933
2026-05-25T12:59:34.3680000,23.58,80.39,101.933
2026-05-25T12:59:35.4090000,23.58,80.39,101.933
2026-05-25T12:59:36.4500000,23.58,80.38,101.933
2026-05-25T12:59:37.4910000,23.58,80.32,101.934
2026-05-25T12:59:38.5420000,23.58,80.27,101.934
2026-05-25T12:59:39.5830000,23.58,80.24,101.934
2026-05-25T12:59:40.6230000,23.57,80.25,101.933
2026-05-25T12:59:41.7060000,23.57,80.21,101.933
2026-05-25T12:59:42.7050000,23.57,80.21,101.933
2026-05-25T12:59:43.7560000,23.57,80.18,101.933
2026-05-25T12:59:44.7970000,23.57,80.17,101.933
2026-05-25T12:59:45.8380000,23.57,80.15,101.933
2026-05-25T12:59:46.8780000,23.57,80.13,101.933
2026-05-25T12:59:47.9190000,23.57,80.11,101.933
2026-05-25T12:59:48.9600000,23.57,80.12,101.933
2026-05-25T12:59:50.0110000,23.57,80.08,101.933
2026-05-25T12:59:51.0520000,23.57,80.05,101.933
2026-05-25T12:59:52.0930000,23.57,80,101.934
2026-05-25T12:59:53.1340000,23.57,80.01,101.933
2026-05-25T12:59:54.1740000,23.57,80,101.934
2026-05-25T12:59:55.2780000,23.57,79.92,101.934
2026-05-25T12:59:56.2660000,23.56,79.94,101.934
2026-05-25T12:59:57.3070000,23.56,79.91,101.934
2026-05-25T12:59:58.3480000,23.56,79.91,101.934
2026-05-25T12:59:59.3880000,23.56,79.88,101.934
2026-05-25T13:00:00.4400000,23.56,79.86,101.934
2026-05-25T13:00:01.4800000,23.56,79.85,101.935
2026-05-25T13:00:02.5210000,23.56,79.84,101.934
2026-05-25T13:00:03.5620000,23.56,79.81,101.934
2026-05-25T13:00:04.6030000,23.56,79.81,101.933
2026-05-25T13:00:05.6440000,23.56,79.8,101.933
2026-05-25T13:00:06.6950000,23.56,79.77,101.934
2026-05-25T13:00:07.7360000,23.56,79.77,101.933
2026-05-25T13:00:08.7770000,23.56,79.74,101.933
2026-05-25T13:00:09.8170000,23.56,79.71,101.932
2026-05-25T13:00:10.8580000,23.56,79.7,101.932
2026-05-25T13:00:11.8990000,23.56,79.7,101.932
2026-05-25T13:00:12.9500000,23.56,79.67,101.933
2026-05-25T13:00:13.9910000,23.56,79.68,101.933
2026-05-25T13:00:15.0310000,23.56,79.65,101.933
2026-05-25T13:00:16.0720000,23.56,79.64,101.933
2026-05-25T13:00:17.1130000,23.56,79.61,101.932
2026-05-25T13:00:18.1640000,23.56,79.62,101.932
2026-05-25T13:00:19.2050000,23.56,79.6,101.932
2026-05-25T13:00:20.2460000,23.56,79.63,101.933
2026-05-25T13:00:21.2870000,23.56,79.61,101.932
2026-05-25T13:00:22.3280000,23.56,79.54,101.932
2026-05-25T13:00:23.3900000,23.56,79.52,101.932
2026-05-25T13:00:24.4200000,23.56,79.49,101.931
2026-05-25T13:00:25.4610000,23.56,79.48,101.932
2026-05-25T13:00:26.5020000,23.56,79.48,101.932
2026-05-25T13:00:27.5420000,23.56,79.46,101.932
2026-05-25T13:00:28.5830000,23.56,79.45,101.932
2026-05-25T13:00:29.6240000,23.56,79.42,101.932
2026-05-25T13:00:30.6750000,23.56,79.37,101.932
2026-05-25T13:00:31.7160000,23.56,79.41,101.931
2026-05-25T13:00:32.7570000,23.56,79.37,101.932
2026-05-25T13:00:33.7980000,23.56,79.39,101.933
2026-05-25T13:00:34.8380000,23.56,79.36,101.933
2026-05-25T13:00:35.8900000,23.56,79.33,101.933
2026-05-25T13:00:36.9620000,23.56,79.32,101.933
2026-05-25T13:00:37.9710000,23.56,79.29,101.934
2026-05-25T13:00:39.0130000,23.56,79.27,101.934
2026-05-25T13:00:40.0530000,23.55,79.26,101.933
2026-05-25T13:00:41.0940000,23.56,79.24,101.933
2026-05-25T13:00:42.1460000,23.56,79.22,101.933
2026-05-25T13:00:43.1860000,23.56,79.2,101.933
2026-05-25T13:00:44.2270000,23.56,79.17,101.933
2026-05-25T13:00:45.2680000,23.56,79.15,101.934
2026-05-25T13:00:46.3090000,23.56,79.14,101.933
2026-05-25T13:00:47.3500000,23.56,79.14,101.934
2026-05-25T13:00:48.4010000,23.56,79.1,101.934
2026-05-25T13:00:49.4420000,23.56,79.1,101.934
2026-05-25T13:00:50.5310000,23.56,79.08,101.933
2026-05-25T13:00:51.5200000,23.56,79.06,101.933
2026-05-25T13:00:52.5710000,23.55,79.03,101.932
2026-05-25T13:00:53.6120000,23.56,79.03,101.933
2026-05-25T13:00:54.6530000,23.55,79.02,101.933
2026-05-25T13:00:55.6930000,23.56,79.01,101.933
2026-05-25T13:00:56.7340000,23.56,78.99,101.933
2026-05-25T13:00:57.7850000,23.55,79.02,101.932
2026-05-25T13:00:58.8260000,23.55,78.99,101.932
2026-05-25T13:00:59.8670000,23.55,78.94,101.932
2026-05-25T13:01:00.9080000,23.55,78.97,101.932
2026-05-25T13:01:01.9480000,23.55,78.94,101.932
2026-05-25T13:01:02.9890000,23.55,78.93,101.933
2026-05-25T13:01:04.1030000,23.55,78.91,101.932
2026-05-25T13:01:05.0810000,23.55,78.89,101.932
2026-05-25T13:01:06.1220000,23.55,78.87,101.931
2026-05-25T13:01:07.1630000,23.55,78.86,101.931
2026-05-25T13:01:08.2030000,23.55,78.85,101.932
2026-05-25T13:01:09.2440000,23.55,78.83,101.932
2026-05-25T13:01:11.3360000,23.55,78.82,101.931
2026-05-25T13:01:12.3770000,23.55,78.77,101.931
2026-05-25T13:01:13.4180000,23.55,78.76,101.931
2026-05-25T13:01:14.4590000,23.55,78.8,101.932
2026-05-25T13:01:15.5100000,23.55,78.78,101.932
2026-05-25T13:01:16.5510000,23.56,78.75,101.932
2026-05-25T13:01:17.5920000,23.56,78.74,101.933
2026-05-25T13:01:18.6430000,23.55,78.74,101.933
2026-05-25T13:01:19.6730000,23.56,78.73,101.934
2026-05-25T13:01:20.7140000,23.55,78.72,101.933
2026-05-25T13:01:21.7650000,23.55,78.71,101.933
2026-05-25T13:01:22.8060000,23.55,78.69,101.934
2026-05-25T13:01:24.8870000,23.55,78.66,101.934
2026-05-25T13:01:25.9280000,23.55,78.62,101.934
2026-05-25T13:01:26.9690000,23.55,78.63,101.933
2026-05-25T13:01:28.0200000,23.55,78.59,101.933
2026-05-25T13:01:29.0620000,23.55,78.59,101.933
2026-05-25T13:01:31.1430000,23.55,78.57,101.932
2026-05-25T13:01:32.2160000,23.55,78.56,101.933
2026-05-25T13:01:33.2350000,23.55,78.53,101.932
2026-05-25T13:01:34.2760000,23.55,78.53,101.932
2026-05-25T13:01:35.3170000,23.55,78.52,101.932
2026-05-25T13:01:36.3580000,23.55,78.51,101.932
2026-05-25T13:01:37.3990000,23.55,78.5,101.932
2026-05-25T13:01:38.4400000,23.55,78.48,101.932
2026-05-25T13:01:39.4910000,23.55,78.53,101.931
2026-05-25T13:01:40.5320000,23.55,78.49,101.931
2026-05-25T13:01:41.5730000,23.55,78.48,101.93
2026-05-25T13:01:42.6130000,23.55,78.45,101.93
2026-05-25T13:01:43.6540000,23.55,78.46,101.93
2026-05-25T13:01:44.7050000,23.55,78.43,101.93
2026-05-25T13:01:45.7880000,23.55,78.39,101.93
2026-05-25T13:01:46.7870000,23.55,78.4,101.931
2026-05-25T13:01:47.8280000,23.55,78.39,101.931
2026-05-25T13:01:48.8680000,23.55,78.39,101.93
2026-05-25T13:01:49.9090000,23.55,78.38,101.931
2026-05-25T13:01:50.9600000,23.55,78.38,101.931
2026-05-25T13:01:52.0010000,23.55,78.36,101.932
2026-05-25T13:01:53.0420000,23.55,78.31,101.931
2026-05-25T13:01:54.0830000,23.55,78.35,101.931
2026-05-25T13:01:55.1240000,23.55,78.31,101.931
2026-05-25T13:01:56.1750000,23.55,78.32,101.931
2026-05-25T13:01:57.2160000,23.55,78.3,101.932
2026-05-25T13:01:58.2560000,23.55,78.31,101.932
2026-05-25T13:01:59.3600000,23.55,78.27,101.932
2026-05-25T13:02:00.3380000,23.55,78.27,101.932
2026-05-25T13:02:01.3790000,23.55,78.26,101.932
2026-05-25T13:02:02.4300000,23.55,78.25,101.931
2026-05-25T13:02:03.4710000,23.55,78.26,101.931
2026-05-25T13:02:04.5120000,23.55,78.24,101.931
2026-05-25T13:02:05.5530000,23.55,78.24,101.932
2026-05-25T13:02:06.5940000,23.55,78.22,101.932
2026-05-25T13:02:07.6340000,23.55,78.2,101.932
2026-05-25T13:02:08.6850000,23.55,78.21,101.933
2026-05-25T13:02:09.7260000,23.55,78.13,101.933
2026-05-25T13:02:10.7670000,23.55,78.17,101.932
2026-05-25T13:02:11.8080000,23.55,78.11,101.932
2026-05-25T13:02:12.8490000,23.55,78.13,101.933
2026-05-25T13:02:13.9030000,23.55,78.14,101.934
2026-05-25T13:02:14.9340000,23.55,78.12,101.933
2026-05-25T13:02:15.9850000,23.55,78.1,101.934
2026-05-25T13:02:17.0250000,23.55,78.1,101.935
2026-05-25T13:02:18.0660000,23.55,78.1,101.934
2026-05-25T13:02:19.1080000,23.55,78.09,101.934
2026-05-25T13:02:20.1480000,23.55,78.07,101.934
2026-05-25T13:02:21.2000000,23.55,78.06,101.933
2026-05-25T13:02:22.2400000,23.55,78.06,101.933
2026-05-25T13:02:23.2810000,23.55,78.07,101.934
2026-05-25T13:02:24.3220000,23.55,78.07,101.935
2026-05-25T13:02:25.3630000,23.55,78.01,101.935
2026-05-25T13:02:26.4040000,23.55,78.07,101.935
2026-05-25T13:02:27.4760000,23.55,78.05,101.936
2026-05-25T13:02:28.4960000,23.55,78,101.935
2026-05-25T13:02:29.5360000,23.55,78,101.935
2026-05-25T13:02:30.5770000,23.55,77.99,101.935
2026-05-25T13:02:31.6180000,23.55,77.99,101.935
2026-05-25T13:02:32.6690000,23.55,77.98,101.935
2026-05-25T13:02:33.7100000,23.55,77.97,101.934
2026-05-25T13:02:34.7510000,23.55,77.93,101.935
2026-05-25T13:02:35.7920000,23.55,77.96,101.935
2026-05-25T13:02:36.8320000,23.55,77.9,101.934
2026-05-25T13:02:37.8730000,23.55,77.93,101.935
2026-05-25T13:02:38.9240000,23.55,77.96,101.935
2026-05-25T13:02:39.9650000,23.55,77.96,101.935
2026-05-25T13:02:41.0480000,23.55,77.91,101.935
2026-05-25T13:02:42.0470000,23.55,77.88,101.935
2026-05-25T13:02:43.0870000,23.55,77.88,101.935
2026-05-25T13:02:44.1280000,23.55,77.9,101.935
2026-05-25T13:02:45.1800000,23.55,77.9,101.934
2026-05-25T13:02:46.2210000,23.55,77.88,101.933
2026-05-25T13:02:47.2610000,23.55,77.88,101.933
2026-05-25T13:02:48.3020000,23.55,77.88,101.933
2026-05-25T13:02:49.3430000,23.55,77.86,101.934
2026-05-25T13:02:50.3940000,23.55,77.86,101.933
2026-05-25T13:02:51.4350000,23.55,77.85,101.933
2026-05-25T13:02:52.4760000,23.55,77.83,101.933
2026-05-25T13:02:53.5170000,23.55,77.84,101.933
2026-05-25T13:02:54.6200000,23.55,77.87,101.932
2026-05-25T13:02:55.5980000,23.55,77.85,101.933
2026-05-25T13:02:56.6490000,23.55,77.82,101.933
2026-05-25T13:02:57.6900000,23.55,77.83,101.933
2026-05-25T13:02:58.7310000,23.55,77.82,101.933
2026-05-25T13:02:59.7710000,23.55,77.82,101.933
2026-05-25T13:03:00.8120000,23.55,77.82,101.933
2026-05-25T13:03:01.8640000,23.55,77.82,101.932
2026-05-25T13:03:02.9040000,23.55,77.8,101.932
2026-05-25T13:03:03.9450000,23.55,77.8,101.933
2026-05-25T13:03:04.9860000,23.55,77.75,101.933
2026-05-25T13:03:06.0270000,23.55,77.74,101.933
2026-05-25T13:03:07.0680000,23.55,77.78,101.933
2026-05-25T13:03:08.1190000,23.55,77.73,101.933
2026-05-25T13:03:09.1630000,23.55,77.72,101.934
2026-05-25T13:03:10.2040000,23.55,77.72,101.933
2026-05-25T13:03:11.2450000,23.55,77.71,101.933
2026-05-25T13:03:12.2860000,23.55,77.72,101.933
2026-05-25T13:03:13.3270000,23.55,77.7,101.932
2026-05-25T13:03:14.3680000,23.55,77.7,101.932
2026-05-25T13:03:15.4080000,23.55,77.69,101.931
2026-05-25T13:03:16.4600000,23.55,77.66,101.931
2026-05-25T13:03:17.5000000,23.55,77.71,101.931
2026-05-25T13:03:18.5410000,23.55,77.69,101.931
2026-05-25T13:03:19.5820000,23.55,77.65,101.931
2026-05-25T13:03:20.6220000,23.55,77.66,101.931
2026-05-25T13:03:21.6740000,23.55,77.67,101.932
2026-05-25T13:03:22.7350000,23.55,77.6,101.933
2026-05-25T13:03:23.7550000,23.55,77.62,101.932
2026-05-25T13:03:24.7960000,23.55,77.62,101.932
2026-05-25T13:03:25.8360000,23.55,77.6,101.931
2026-05-25T13:03:26.8880000,23.55,77.6,101.932
2026-05-25T13:03:27.9280000,23.55,77.59,101.932
2026-05-25T13:03:28.9690000,23.55,77.64,101.932
2026-05-25T13:03:30.0100000,23.55,77.56,101.932
2026-05-25T13:03:31.0510000,23.55,77.57,101.933
2026-05-25T13:03:32.0910000,23.55,77.55,101.933
2026-05-25T13:03:33.1430000,23.55,77.54,101.932
2026-05-25T13:03:34.1840000,23.55,77.56,101.932
2026-05-25T13:03:35.2240000,23.55,77.51,101.932
2026-05-25T13:03:36.3110000,23.56,77.51,101.931
2026-05-25T13:03:37.3100000,23.56,77.51,101.932
2026-05-25T13:03:38.3500000,23.56,77.52,101.932
2026-05-25T13:03:39.3920000,23.56,77.52,101.932
2026-05-25T13:03:40.4430000,23.56,77.52,101.932
2026-05-25T13:03:41.4840000,23.56,77.52,101.931
2026-05-25T13:03:42.5240000,23.56,77.5,101.932
2026-05-25T13:03:43.5650000,23.56,77.5,101.932
2026-05-25T13:03:44.6060000,23.56,77.54,101.932
2026-05-25T13:03:45.6470000,23.56,77.52,101.932
2026-05-25T13:03:46.6980000,23.56,77.51,101.933
2026-05-25T13:03:47.7390000,23.56,77.45,101.933
2026-05-25T13:03:48.7800000,23.56,77.45,101.932
2026-05-25T13:03:49.8830000,23.56,77.52,101.934
2026-05-25T13:03:50.8610000,23.56,77.45,101.934
2026-05-25T13:03:51.9120000,23.56,77.44,101.934
2026-05-25T13:03:52.9530000,23.56,77.43,101.934
2026-05-25T13:03:53.9940000,23.56,77.42,101.933
2026-05-25T13:03:55.0350000,23.56,77.43,101.933
2026-05-25T13:03:56.0760000,23.55,77.4,101.933
2026-05-25T13:03:57.1270000,23.56,77.39,101.933
2026-05-25T13:03:58.1680000,23.56,77.39,101.933
2026-05-25T13:03:59.2090000,23.55,77.4,101.932
2026-05-25T13:04:00.2490000,23.56,77.38,101.932
2026-05-25T13:04:01.2900000,23.56,77.36,101.932
2026-05-25T13:04:02.3310000,23.56,77.33,101.933
2026-05-25T13:04:03.3820000,23.56,77.32,101.933
2026-05-25T13:04:04.4270000,23.56,77.36,101.932
2026-05-25T13:04:05.4670000,23.56,77.34,101.932
2026-05-25T13:04:06.5080000,23.56,77.32,101.931
2026-05-25T13:04:07.5490000,23.56,77.32,101.932
2026-05-25T13:04:08.5900000,23.56,77.31,101.932
2026-05-25T13:04:09.6300000,23.56,77.31,101.933
2026-05-25T13:04:10.6810000,23.56,77.3,101.933
2026-05-25T13:04:11.7220000,23.56,77.31,101.933
2026-05-25T13:04:12.7630000,23.56,77.26,101.932
2026-05-25T13:04:13.8040000,23.56,77.28,101.933
2026-05-25T13:04:14.8450000,23.56,77.27,101.933
2026-05-25T13:04:15.8960000,23.56,77.29,101.933
2026-05-25T13:04:16.9370000,23.56,77.25,101.932
2026-05-25T13:04:17.9980000,23.56,77.26,101.931
2026-05-25T13:04:19.0180000,23.56,77.26,101.931
2026-05-25T13:04:20.0590000,23.56,77.25,101.931
2026-05-25T13:04:21.1000000,23.56,77.24,101.931
2026-05-25T13:04:22.1510000,23.56,77.24,101.93
2026-05-25T13:04:23.1920000,23.56,77.23,101.931
2026-05-25T13:04:24.2330000,23.56,77.23,101.931
2026-05-25T13:04:25.2730000,23.56,77.24,101.931
2026-05-25T13:04:26.3140000,23.56,77.2,101.932
2026-05-25T13:04:27.3660000,23.56,77.17,101.932
2026-05-25T13:04:28.4060000,23.56,77.2,101.932
2026-05-25T13:04:29.4470000,23.56,77.16,101.932
2026-05-25T13:04:30.4880000,23.56,77.17,101.932
2026-05-25T13:04:31.5700000,23.56,77.13,101.932
2026-05-25T13:04:32.5800000,23.56,77.16,101.933
2026-05-25T13:04:33.6210000,23.56,77.14,101.933
2026-05-25T13:04:34.6610000,23.56,77.14,101.933
2026-05-25T13:04:35.7020000,23.56,77.13,101.932
2026-05-25T13:04:36.7430000,23.56,77.12,101.932
2026-05-25T13:04:37.7840000,23.56,77.11,101.933
2026-05-25T13:04:38.8350000,23.56,77.07,101.932
2026-05-25T13:04:39.8760000,23.56,77.08,101.932
2026-05-25T13:04:40.9170000,23.56,77.07,101.932
2026-05-25T13:04:41.9580000,23.56,77.07,101.932
2026-05-25T13:04:42.9980000,23.56,77.05,101.932
2026-05-25T13:04:44.0500000,23.56,77.06,101.932
2026-05-25T13:04:45.1430000,23.56,77.05,101.931
2026-05-25T13:04:46.1310000,23.56,77.04,101.932
2026-05-25T13:04:47.1720000,23.56,77.03,101.931
2026-05-25T13:04:48.2130000,23.56,77.02,101.931
2026-05-25T13:04:49.2540000,23.56,77.01,101.931
2026-05-25T13:04:50.3050000,23.56,77.01,101.931
2026-05-25T13:04:51.3460000,23.56,77,101.932
2026-05-25T13:04:52.3860000,23.56,76.99,101.932
2026-05-25T13:04:53.4270000,23.56,77,101.931
2026-05-25T13:04:54.4680000,23.56,77,101.932
2026-05-25T13:04:55.5190000,23.56,76.95,101.931
2026-05-25T13:04:56.5600000,23.56,76.98,101.931
2026-05-25T13:04:57.6010000,23.56,76.95,101.931
2026-05-25T13:04:58.6420000,23.56,76.97,101.931
2026-05-25T13:04:59.6860000,23.56,76.95,101.932
2026-05-25T13:05:00.7270000,23.56,76.93,101.932
2026-05-25T13:05:01.7670000,23.56,76.92,101.932
2026-05-25T13:05:02.8190000,23.56,76.91,101.931
2026-05-25T13:05:03.8590000,23.56,76.91,101.931
2026-05-25T13:05:04.9000000,23.56,76.89,101.931
2026-05-25T13:05:05.9410000,23.56,76.89,101.932
2026-05-25T13:05:06.9820000,23.56,76.86,101.932
2026-05-25T13:05:08.0330000,23.56,76.9,101.931
2026-05-25T13:05:09.0740000,23.56,76.88,101.932
2026-05-25T13:05:10.1150000,23.56,76.84,101.932
2026-05-25T13:05:11.1560000,23.56,76.88,101.932
2026-05-25T13:05:12.1960000,23.56,76.86,101.932
2026-05-25T13:05:13.2580000,23.56,76.88,101.934
2026-05-25T13:05:14.2890000,23.56,76.87,101.933
2026-05-25T13:05:15.3290000,23.56,76.87,101.933
2026-05-25T13:05:16.3700000,23.56,76.85,101.933
2026-05-25T13:05:17.4110000,23.56,76.85,101.933
2026-05-25T13:05:18.4520000,23.56,76.82,101.933
2026-05-25T13:05:19.5030000,23.56,76.82,101.934
2026-05-25T13:05:20.5440000,23.56,76.74,101.934
2026-05-25T13:05:21.5850000,23.56,76.82,101.934
2026-05-25T13:05:22.6250000,23.56,76.73,101.934
2026-05-25T13:05:23.6660000,23.56,76.78,101.934
2026-05-25T13:05:24.7180000,23.56,76.82,101.933
2026-05-25T13:05:25.7580000,23.56,76.76,101.933
2026-05-25T13:05:26.8310000,23.56,76.73,101.933
2026-05-25T13:05:27.8400000,23.56,76.72,101.933
2026-05-25T13:05:28.8810000,23.56,76.71,101.933
2026-05-25T13:05:29.9320000,23.56,76.7,101.932
2026-05-25T13:05:30.9730000,23.56,76.69,101.932
2026-05-25T13:05:32.0140000,23.56,76.67,101.932
2026-05-25T13:05:33.0540000,23.56,76.7,101.932
2026-05-25T13:05:34.0950000,23.56,76.71,101.932
2026-05-25T13:05:35.1360000,23.56,76.7,101.932
2026-05-25T13:05:36.1870000,23.56,76.67,101.931
2026-05-25T13:05:37.2280000,23.56,76.67,101.931
2026-05-25T13:05:38.2690000,23.57,76.66,101.932
2026-05-25T13:05:39.3100000,23.57,76.64,101.932
2026-05-25T13:05:40.4030000,23.57,76.64,101.932
2026-05-25T13:05:41.4020000,23.57,76.65,101.933
2026-05-25T13:05:42.4430000,23.57,76.65,101.932
2026-05-25T13:05:43.4840000,23.56,76.64,101.932
2026-05-25T13:05:44.5240000,23.57,76.65,101.933
2026-05-25T13:05:45.5650000,23.57,76.64,101.932
2026-05-25T13:05:46.6160000,23.57,76.64,101.932
2026-05-25T13:05:47.6570000,23.57,76.64,101.932
2026-05-25T13:05:48.6980000,23.57,76.64,101.932
2026-05-25T13:05:49.7390000,23.57,76.62,101.932
2026-05-25T13:05:50.7790000,23.57,76.65,101.932
2026-05-25T13:05:51.8200000,23.57,76.63,101.932
2026-05-25T13:05:52.8720000,23.57,76.62,101.932
2026-05-25T13:05:53.9790000,23.57,76.63,101.933
2026-05-25T13:05:54.9570000,23.57,76.6,101.933
2026-05-25T13:05:55.9970000,23.57,76.61,101.932
2026-05-25T13:05:57.0380000,23.57,76.6,101.931
2026-05-25T13:05:58.0790000,23.57,76.6,101.932
2026-05-25T13:05:59.1200000,23.57,76.59,101.932
2026-05-25T13:06:00.1710000,23.57,76.58,101.932
2026-05-25T13:06:01.2120000,23.57,76.57,101.932
2026-05-25T13:06:02.2530000,23.57,76.56,101.932
2026-05-25T13:06:03.2940000,23.57,76.57,101.932
2026-05-25T13:06:04.3340000,23.57,76.56,101.932
2026-05-25T13:06:05.3850000,23.57,76.58,101.932
2026-05-25T13:06:06.4260000,23.57,76.53,101.932
2026-05-25T13:06:07.4670000,23.57,76.53,101.932
2026-05-25T13:06:08.5180000,23.57,76.51,101.932
2026-05-25T13:06:09.5490000,23.57,76.52,101.932
2026-05-25T13:06:10.6000000,23.57,76.52,101.932
2026-05-25T13:06:11.6410000,23.57,76.51,101.933
2026-05-25T13:06:12.6820000,23.57,76.52,101.933
2026-05-25T13:06:13.7230000,23.57,76.51,101.933
2026-05-25T13:06:14.7640000,23.57,76.51,101.933
2026-05-25T13:06:15.8040000,23.57,76.48,101.933
2026-05-25T13:06:16.8560000,23.57,76.48,101.933
2026-05-25T13:06:17.8960000,23.57,76.49,101.933
2026-05-25T13:06:18.9370000,23.57,76.5,101.933
2026-05-25T13:06:19.9780000,23.57,76.47,101.933
2026-05-25T13:06:21.0190000,23.57,76.49,101.933
2026-05-25T13:06:22.0910000,23.57,76.47,101.933
2026-05-25T13:06:23.1110000,23.57,76.45,101.932
2026-05-25T13:06:24.1520000,23.57,76.47,101.933
2026-05-25T13:06:25.1930000,23.57,76.45,101.934
2026-05-25T13:06:26.2330000,23.57,76.45,101.933
2026-05-25T13:06:27.2740000,23.57,76.44,101.933
2026-05-25T13:06:28.3250000,23.58,76.42,101.933
2026-05-25T13:06:29.3660000,23.57,76.43,101.932
2026-05-25T13:06:30.4070000,23.57,76.37,101.932
2026-05-25T13:06:31.4480000,23.57,76.42,101.933
2026-05-25T13:06:32.4880000,23.57,76.41,101.933
2026-05-25T13:06:33.5290000,23.57,76.37,101.932
2026-05-25T13:06:34.5810000,23.57,76.38,101.932
2026-05-25T13:06:35.6670000,23.57,76.36,101.932
2026-05-25T13:06:36.6660000,23.57,76.36,101.932
2026-05-25T13:06:37.7070000,23.57,76.34,101.933
2026-05-25T13:06:38.7470000,23.57,76.34,101.933
2026-05-25T13:06:39.7880000,23.57,76.33,101.932
2026-05-25T13:06:40.8290000,23.57,76.31,101.932
2026-05-25T13:06:41.8800000,23.58,76.3,101.932
2026-05-25T13:06:42.9210000,23.58,76.28,101.932
2026-05-25T13:06:43.9620000,23.58,76.3,101.932
2026-05-25T13:06:45.0030000,23.58,76.28,101.933
2026-05-25T13:06:46.0430000,23.58,76.28,101.932
2026-05-25T13:06:47.0840000,23.58,76.25,101.933
2026-05-25T13:06:48.1350000,23.58,76.24,101.933
2026-05-25T13:06:49.2390000,23.58,76.26,101.933
2026-05-25T13:06:50.2170000,23.58,76.24,101.933
2026-05-25T13:06:51.2580000,23.58,76.22,101.933
2026-05-25T13:06:52.2980000,23.58,76.21,101.932
2026-05-25T13:06:53.3500000,23.58,76.22,101.933
2026-05-25T13:06:54.3900000,23.58,76.2,101.932
2026-05-25T13:06:55.4310000,23.58,76.21,101.932
2026-05-25T13:06:56.4720000,23.58,76.21,101.932
2026-05-25T13:06:57.5130000,23.58,76.22,101.932
2026-05-25T13:06:58.5530000,23.58,76.2,101.932
2026-05-25T13:06:59.6050000,23.58,76.2,101.932
2026-05-25T13:07:00.6460000,23.58,76.19,101.932
2026-05-25T13:07:01.6860000,23.58,76.19,101.933
2026-05-25T13:07:02.7270000,23.58,76.18,101.933
2026-05-25T13:07:03.7860000,23.58,76.17,101.933
2026-05-25T13:07:04.8160000,23.58,76.2,101.933
2026-05-25T13:07:05.8570000,23.58,76.18,101.934
2026-05-25T13:07:06.8980000,23.58,76.2,101.934
2026-05-25T13:07:07.9380000,23.58,76.19,101.933
2026-05-25T13:07:08.9900000,23.58,76.19,101.933
2026-05-25T13:07:10.0300000,23.58,76.19,101.933
2026-05-25T13:07:11.0710000,23.58,76.14,101.933
2026-05-25T13:07:12.1120000,23.58,76.18,101.933
2026-05-25T13:07:13.1530000,23.58,76.15,101.933
2026-05-25T13:07:15.2440000,4.07,7.43,98.836
2026-05-25T13:07:16.2850000,23.59,76.14,101.934
2026-05-25T13:07:17.3580000,23.59,76.15,101.934
2026-05-25T13:07:18.3670000,23.58,76.15,101.934
2026-05-25T13:07:19.4080000,23.59,76.14,101.934
2026-05-25T13:07:20.4600000,23.58,76.14,101.934
2026-05-25T13:07:21.5000000,23.58,76.14,101.933
2026-05-25T13:07:22.5410000,23.59,76.16,101.934
2026-05-25T13:07:23.5820000,23.59,76.15,101.933
2026-05-25T13:07:24.6230000,23.59,76.15,101.934
2026-05-25T13:07:25.6640000,23.59,76.16,101.933
2026-05-25T13:07:26.7150000,23.59,76.14,101.934
2026-05-25T13:07:27.7560000,23.59,76.12,101.934
2026-05-25T13:07:28.7970000,4.88,0,98.963
2026-05-25T13:07:29.8380000,23.59,76.15,101.934
2026-05-25T13:07:30.9310000,23.59,76.15,101.934
2026-05-25T13:07:31.9300000,23.59,76.17,101.933
2026-05-25T13:07:32.9700000,23.59,76.18,101.933
2026-05-25T13:07:34.0110000,23.59,76.19,101.933
2026-05-25T13:07:35.0520000,23.59,76.21,101.933
2026-05-25T13:07:36.0930000,23.59,76.21,101.934
2026-05-25T13:07:37.1340000,23.59,76.22,101.934
2026-05-25T13:07:38.1850000,23.59,76.25,101.934
2026-05-25T13:07:39.2260000,23.59,76.24,101.933
2026-05-25T13:07:40.2660000,23.59,76.21,101.934
2026-05-25T13:07:41.3070000,23.59,76.22,101.934
2026-05-25T13:07:42.3480000,23.59,76.29,101.934
2026-05-25T13:07:43.3990000,23.59,76.22,101.933
2026-05-25T13:07:44.5030000,23.6,76.31,101.934
2026-05-25T13:07:45.4810000,23.6,76.35,101.934
2026-05-25T13:07:46.5220000,23.6,76.35,101.934
2026-05-25T13:07:47.5630000,23.6,76.39,101.935
2026-05-25T13:07:48.6030000,23.6,76.4,101.935
2026-05-25T13:07:49.6550000,23.6,76.43,101.934
2026-05-25T13:07:50.6960000,23.6,76.49,101.934
2026-05-25T13:07:51.7360000,23.6,76.54,101.934
2026-05-25T13:07:52.7770000,23.6,76.56,101.934
2026-05-25T13:07:53.8180000,23.61,76.62,101.934
2026-05-25T13:07:54.8690000,23.61,76.64,101.934
2026-05-25T13:07:55.9100000,23.6,76.74,101.934
2026-05-25T13:07:56.9510000,23.61,76.76,101.934
2026-05-25T13:07:57.9920000,23.61,76.87,101.935
2026-05-25T13:07:59.0460000,23.61,76.89,101.934
2026-05-25T13:08:00.0770000,23.61,76.94,101.935
2026-05-25T13:08:01.1170000,23.61,76.99,101.935
2026-05-25T13:08:02.1690000,23.61,77.02,101.935
2026-05-25T13:08:03.2090000,23.61,77.07,101.935
2026-05-25T13:08:04.2500000,23.61,77.14,101.935
2026-05-25T13:08:05.2910000,23.61,77.2,101.935
2026-05-25T13:08:06.3320000,23.61,77.29,101.934
2026-05-25T13:08:07.3730000,23.62,77.29,101.934
2026-05-25T13:08:08.4240000,23.62,77.25,101.935
2026-05-25T13:08:09.4650000,23.62,77.27,101.934
2026-05-25T13:08:10.5060000,23.62,77.33,101.934
2026-05-25T13:08:11.5470000,23.62,77.35,101.933
2026-05-25T13:08:12.6220000,23.62,77.5,101.933
2026-05-25T13:08:13.6320000,23.62,77.55,101.932
2026-05-25T13:08:14.6730000,23.62,77.58,101.932
2026-05-25T13:08:15.7240000,23.62,77.64,101.932
2026-05-25T13:08:16.7650000,23.62,77.67,101.932
2026-05-25T13:08:17.8060000,23.62,77.71,101.932
2026-05-25T13:08:18.8460000,23.62,77.8,101.932
2026-05-25T13:08:19.8870000,23.62,77.82,101.932
2026-05-25T13:08:20.9280000,23.62,77.9,101.932
2026-05-25T13:08:21.9790000,23.63,77.92,101.932
2026-05-25T13:08:23.0200000,23.62,77.95,101.932
2026-05-25T13:08:24.0610000,23.62,77.93,101.933
2026-05-25T13:08:25.1010000,23.62,77.92,101.933
2026-05-25T13:08:26.1980000,23.62,78.05,101.934
2026-05-25T13:08:27.1860000,23.62,78.07,101.934
2026-05-25T13:08:28.2270000,23.62,78.11,101.934
2026-05-25T13:08:29.2780000,23.63,78.17,101.934
2026-05-25T13:08:30.3190000,23.63,78.2,101.934
2026-05-25T13:08:31.3600000,23.63,78.25,101.934
2026-05-25T13:08:32.4010000,23.62,78.27,101.932
2026-05-25T13:08:33.4420000,23.62,78.3,101.933
2026-05-25T13:08:34.4930000,23.62,78.35,101.933
2026-05-25T13:08:35.5340000,23.63,78.37,101.933
2026-05-25T13:08:36.5740000,23.63,78.47,101.933
2026-05-25T13:08:37.6150000,23.63,78.51,101.934
2026-05-25T13:08:38.6560000,23.63,78.57,101.934
2026-05-25T13:08:39.6970000,23.63,78.61,101.934
2026-05-25T13:08:40.7480000,23.63,78.68,101.934
2026-05-25T13:08:41.7890000,23.63,78.72,101.934
2026-05-25T13:08:42.8300000,23.63,78.77,101.934
2026-05-25T13:08:43.8710000,23.63,78.82,101.934
2026-05-25T13:08:44.9120000,23.63,78.87,101.934
2026-05-25T13:08:45.9530000,23.63,78.93,101.934
2026-05-25T13:08:47.0040000,23.63,78.98,101.933
2026-05-25T13:08:48.0440000,23.63,79.05,101.933
2026-05-25T13:08:49.0850000,23.63,79.1,101.933
2026-05-25T13:08:50.1260000,23.63,79.14,101.933
2026-05-25T13:08:51.1670000,23.64,79.18,101.934
2026-05-25T13:08:52.2180000,23.64,79.2,101.934
2026-05-25T13:08:53.2590000,23.64,79.32,101.935
2026-05-25T13:08:54.3170000,23.64,79.39,101.934
2026-05-25T13:08:55.3370000,23.64,79.45,101.933
2026-05-25T13:08:56.3880000,23.64,79.52,101.933
2026-05-25T13:08:57.4290000,23.64,79.6,101.934
2026-05-25T13:08:58.4700000,23.64,79.66,101.933
2026-05-25T13:08:59.5110000,23.64,79.73,101.934
2026-05-25T13:09:00.5520000,23.64,79.78,101.933
2026-05-25T13:09:01.6030000,23.64,79.83,101.933
2026-05-25T13:09:02.6440000,23.64,79.82,101.934
2026-05-25T13:09:03.6850000,23.64,79.9,101.934
2026-05-25T13:09:04.7250000,23.64,79.96,101.934
2026-05-25T13:09:05.7660000,23.64,80.02,101.934
2026-05-25T13:09:06.8070000,23.64,80.1,101.935
2026-05-25T13:09:07.8900000,23.64,80.21,101.934
2026-05-25T13:09:08.8990000,23.64,80.29,101.933
2026-05-25T13:09:09.9400000,23.64,80.34,101.934
2026-05-25T13:09:10.9800000,23.64,80.38,101.935
2026-05-25T13:09:12.0210000,23.64,80.41,101.935
2026-05-25T13:09:13.0720000,23.64,80.45,101.935
2026-05-25T13:09:14.1130000,23.64,80.46,101.934
2026-05-25T13:09:15.1540000,23.64,80.5,101.935
2026-05-25T13:09:16.1950000,23.64,80.5,101.934
2026-05-25T13:09:17.2350000,23.64,80.54,101.935
2026-05-25T13:09:18.2760000,23.64,80.61,101.935
2026-05-25T13:09:19.3270000,23.64,80.63,101.934
2026-05-25T13:09:20.3680000,23.64,80.63,101.935
2026-05-25T13:09:21.4650000,23.64,80.67,101.935
2026-05-25T13:09:22.4530000,23.64,80.71,101.935
2026-05-25T13:09:23.4940000,23.64,80.72,101.935
2026-05-25T13:09:24.5350000,23.64,80.74,101.934
2026-05-25T13:09:25.5760000,23.63,80.72,101.934
2026-05-25T13:09:26.6270000,23.63,80.71,101.934
2026-05-25T13:09:27.6680000,23.63,80.75,101.934
2026-05-25T13:09:28.7080000,23.63,80.76,101.934
2026-05-25T13:09:29.7490000,23.64,80.78,101.934
2026-05-25T13:09:30.7900000,23.64,80.81,101.935
2026-05-25T13:09:31.8310000,23.64,80.8,101.936
2026-05-25T13:09:32.8820000,23.64,80.78,101.935
2026-05-25T13:09:33.9230000,23.64,80.79,101.935
2026-05-25T13:09:34.9640000,23.64,80.81,101.935
2026-05-25T13:09:36.0080000,23.63,80.81,101.934
2026-05-25T13:09:37.0490000,23.63,80.8,101.934
2026-05-25T13:09:38.0890000,23.63,80.82,101.935
2026-05-25T13:09:39.1300000,23.63,80.88,101.934
2026-05-25T13:09:40.1810000,23.63,80.88,101.934
2026-05-25T13:09:41.2220000,23.63,80.9,101.935
2026-05-25T13:09:42.2630000,23.63,80.9,101.935
2026-05-25T13:09:43.3040000,23.63,80.93,101.934
2026-05-25T13:09:44.3450000,23.63,80.93,101.934
2026-05-25T13:09:45.3960000,23.63,80.91,101.933
2026-05-25T13:09:46.4370000,23.63,80.97,101.933
2026-05-25T13:09:47.4780000,23.63,80.96,101.933
2026-05-25T13:09:48.5190000,23.63,80.97,101.933
2026-05-25T13:09:49.5800000,23.63,80.97,101.933
2026-05-25T13:09:50.6110000,23.63,80.97,101.934
2026-05-25T13:09:51.6510000,23.63,80.96,101.934
2026-05-25T13:09:52.6920000,23.63,80.96,101.934
2026-05-25T13:09:53.7330000,23.63,80.96,101.934
2026-05-25T13:09:54.7740000,23.63,80.96,101.934
2026-05-25T13:09:55.8150000,23.63,81.01,101.934
2026-05-25T13:09:56.8660000,23.63,80.97,101.935
2026-05-25T13:09:57.9060000,23.63,81.06,101.934
2026-05-25T13:09:58.9470000,23.63,81.06,101.935
2026-05-25T13:09:59.9880000,23.63,81.03,101.935
2026-05-25T13:10:01.0280000,23.63,81.06,101.934
2026-05-25T13:10:02.0800000,23.63,81.07,101.934
2026-05-25T13:10:03.1520000,23.63,81.09,101.934
2026-05-25T13:10:04.1610000,23.63,81.1,101.934
2026-05-25T13:10:05.2020000,23.63,81.11,101.933
2026-05-25T13:10:07.2840000,23.63,81.15,101.933
2026-05-25T13:10:08.3350000,23.63,81.17,101.933
2026-05-25T13:10:09.3770000,23.63,81.18,101.934
2026-05-25T13:10:10.4170000,23.63,81.2,101.933
2026-05-25T13:10:11.4580000,23.63,81.18,101.933
2026-05-25T13:10:12.4990000,23.63,81.21,101.934
2026-05-25T13:10:13.5400000,23.63,81.18,101.934
2026-05-25T13:10:14.5910000,23.63,81.19,101.934
2026-05-25T13:10:15.6320000,23.63,81.17,101.935
2026-05-25T13:10:16.7250000,23.63,81.17,101.935
2026-05-25T13:10:17.7140000,23.63,81.16,101.935
2026-05-25T13:10:18.7540000,23.63,81.15,101.935
2026-05-25T13:10:19.7950000,23.63,81.16,101.935
2026-05-25T13:10:20.8470000,23.63,81.17,101.934
2026-05-25T13:10:21.8870000,23.63,81.19,101.935
2026-05-25T13:10:22.9280000,23.63,81.21,101.935
2026-05-25T13:10:23.9690000,23.63,81.22,101.934
2026-05-25T13:10:25.0100000,23.63,81.22,101.934
2026-05-25T13:10:26.0610000,23.63,81.21,101.934
2026-05-25T13:10:27.1010000,23.63,81.21,101.933
2026-05-25T13:10:28.1420000,23.63,81.21,101.933
2026-05-25T13:10:29.1830000,23.63,81.23,101.931
2026-05-25T13:10:30.2240000,23.63,81.29,101.931
2026-05-25T13:10:31.2680000,23.63,81.27,101.931
2026-05-25T13:10:32.3090000,23.63,81.3,101.931
2026-05-25T13:10:33.3500000,23.63,81.31,101.932
2026-05-25T13:10:34.4010000,23.63,81.33,101.931
2026-05-25T13:10:35.4420000,23.63,81.31,101.931
2026-05-25T13:10:36.4830000,23.63,81.29,101.931
2026-05-25T13:10:37.5240000,23.63,81.29,101.932
2026-05-25T13:10:38.5640000,23.63,81.24,101.931
2026-05-25T13:10:39.6050000,23.63,81.31,101.932
2026-05-25T13:10:40.6560000,23.63,81.28,101.933
2026-05-25T13:10:41.6970000,23.63,81.3,101.933
2026-05-25T13:10:42.7380000,23.63,81.3,101.933
2026-05-25T13:10:43.7790000,23.63,81.29,101.933
2026-05-25T13:10:44.8440000,23.63,81.25,101.933
2026-05-25T13:10:45.8640000,23.63,81.25,101.933
2026-05-25T13:10:46.9040000,23.62,81.24,101.932
2026-05-25T13:10:47.9560000,23.62,81.24,101.933
2026-05-25T13:10:48.9960000,23.62,81.24,101.932
2026-05-25T13:10:50.0370000,23.62,81.24,101.932
2026-05-25T13:10:51.0780000,23.62,81.24,101.933
2026-05-25T13:10:52.1190000,23.62,81.25,101.933
2026-05-25T13:10:53.1600000,23.62,81.21,101.932
2026-05-25T13:10:54.2110000,23.62,81.22,101.932
2026-05-25T13:10:55.2520000,23.62,81.17,101.932
2026-05-25T13:10:56.2930000,23.62,81.18,101.933
2026-05-25T13:10:57.3340000,23.62,81.14,101.933
2026-05-25T13:10:58.4160000,23.62,81.09,101.933
2026-05-25T13:10:59.4160000,23.62,81.07,101.932
2026-05-25T13:11:00.4670000,23.62,81.05,101.932
2026-05-25T13:11:01.5080000,23.62,81.04,101.932
2026-05-25T13:11:02.5480000,23.61,81.01,101.932
2026-05-25T13:11:03.5890000,23.61,80.99,101.932
2026-05-25T13:11:04.6300000,23.61,80.98,101.932
2026-05-25T13:11:05.6710000,23.61,80.96,101.932
2026-05-25T13:11:06.7220000,23.61,80.97,101.931
2026-05-25T13:11:07.7630000,23.61,80.93,101.932
2026-05-25T13:11:08.8040000,23.61,80.96,101.931
2026-05-25T13:11:09.8440000,23.61,80.89,101.932
2026-05-25T13:11:10.8850000,23.61,80.94,101.932
2026-05-25T13:11:11.9920000,23.61,80.82,101.932
2026-05-25T13:11:12.9700000,23.61,80.84,101.931
2026-05-25T13:11:14.0210000,23.61,80.82,101.932
2026-05-25T13:11:15.0620000,23.61,80.81,101.932
2026-05-25T13:11:16.1030000,23.61,80.81,101.932
2026-05-25T13:11:17.1430000,23.61,80.8,101.931
2026-05-25T13:11:18.1840000,23.6,80.77,101.932
2026-05-25T13:11:19.2360000,23.6,80.75,101.931
2026-05-25T13:11:20.2760000,23.6,80.74,101.931
2026-05-25T13:11:21.3170000,23.6,80.72,101.93
2026-05-25T13:11:22.3580000,23.6,80.66,101.93
2026-05-25T13:11:23.3990000,23.6,80.69,101.93
2026-05-25T13:11:24.4400000,23.6,80.63,101.93
2026-05-25T13:11:25.4910000,23.6,80.58,101.931
2026-05-25T13:11:26.5350000,23.6,80.6,101.931
2026-05-25T13:11:27.5760000,23.6,80.6,101.931
2026-05-25T13:11:28.6170000,23.6,80.59,101.931
2026-05-25T13:11:29.6580000,23.6,80.59,101.931
2026-05-25T13:11:30.6980000,23.6,80.58,101.931
2026-05-25T13:11:31.7390000,23.6,80.54,101.931
2026-05-25T13:11:32.7900000,23.6,80.53,101.931
2026-05-25T13:11:33.8310000,23.6,80.48,101.931
2026-05-25T13:11:34.8720000,23.6,80.47,101.931
2026-05-25T13:11:35.9120000,23.6,80.45,101.931
2026-05-25T13:11:36.9530000,23.59,80.46,101.931
2026-05-25T13:11:37.9940000,23.59,80.43,101.931
2026-05-25T13:11:39.0450000,23.59,80.43,101.931
2026-05-25T13:11:40.1070000,23.59,80.37,101.931
2026-05-25T13:11:41.1270000,23.59,80.35,101.931
2026-05-25T13:11:42.1670000,23.59,80.33,101.931
2026-05-25T13:11:43.2080000,23.59,80.32,101.931
2026-05-25T13:11:44.2490000,23.59,80.31,101.931
2026-05-25T13:11:45.3000000,23.59,80.29,101.932
2026-05-25T13:11:46.3410000,23.59,80.26,101.932
2026-05-25T13:11:47.3820000,23.59,80.23,101.931
2026-05-25T13:11:49.4630000,23.59,80.23,101.931
2026-05-25T13:11:50.5150000,23.59,80.21,101.931
2026-05-25T13:11:51.5550000,23.59,80.19,101.931
2026-05-25T13:11:52.5960000,23.59,80.15,101.931
2026-05-25T13:11:53.6790000,23.59,80.15,101.931
2026-05-25T13:11:54.6780000,23.59,80.12,101.931
2026-05-25T13:11:55.7180000,23.59,80.11,101.931
2026-05-25T13:11:56.7700000,23.59,80.1,101.932
2026-05-25T13:11:57.8100000,23.59,80.08,101.931
2026-05-25T13:11:58.8510000,23.58,80.06,101.932
2026-05-25T13:11:59.8920000,23.58,80.03,101.932
2026-05-25T13:12:00.9330000,23.58,80.03,101.931
2026-05-25T13:12:01.9740000,23.58,80,101.932
2026-05-25T13:12:03.0250000,23.58,80.02,101.932
2026-05-25T13:12:04.0660000,23.58,79.99,101.932
2026-05-25T13:12:05.1070000,23.58,79.95,101.932
2026-05-25T13:12:06.1470000,23.58,80,101.932
2026-05-25T13:12:07.2510000,23.58,79.95,101.933
2026-05-25T13:12:08.2400000,23.58,79.96,101.932
2026-05-25T13:12:09.2800000,23.58,79.95,101.933
2026-05-25T13:12:10.3210000,23.58,79.93,101.932
2026-05-25T13:12:11.3620000,23.58,79.91,101.932
2026-05-25T13:12:12.4030000,23.58,79.9,101.933
2026-05-25T13:12:13.4430000,23.58,79.88,101.932
2026-05-25T13:12:14.4950000,23.58,79.88,101.932
2026-05-25T13:12:15.5350000,23.58,79.86,101.932
2026-05-25T13:12:16.5760000,23.58,79.85,101.931
2026-05-25T13:12:17.6170000,23.58,79.84,101.931
2026-05-25T13:12:18.6580000,23.58,79.81,101.931
2026-05-25T13:12:19.6990000,23.57,79.84,101.93
2026-05-25T13:12:20.7500000,23.57,79.79,101.929
2026-05-25T13:12:21.7940000,23.57,79.79,101.929
2026-05-25T13:12:22.8350000,23.57,79.77,101.929
2026-05-25T13:12:23.8760000,23.57,79.74,101.929
2026-05-25T13:12:24.9170000,23.57,79.74,101.929
2026-05-25T13:12:25.9580000,23.57,79.72,101.929
2026-05-25T13:12:26.9980000,23.57,79.71,101.93
2026-05-25T13:12:28.0390000,23.57,79.71,101.93
2026-05-25T13:12:29.0900000,23.57,79.7,101.929
2026-05-25T13:12:30.1310000,23.57,79.65,101.93
2026-05-25T13:12:31.1720000,23.57,79.68,101.93
2026-05-25T13:12:33.2540000,23.57,79.64,101.929
2026-05-25T13:12:34.2940000,23.57,79.57,101.929
2026-05-25T13:12:35.3670000,23.57,79.55,101.929
2026-05-25T13:12:36.3860000,23.57,79.57,101.93
2026-05-25T13:12:37.4270000,23.57,79.57,101.93
2026-05-25T13:12:39.5100000,23.57,79.57,101.93
2026-05-25T13:12:40.5500000,23.57,79.54,101.93
2026-05-25T13:12:41.6020000,23.57,79.53,101.93
2026-05-25T13:12:42.6420000,23.57,79.47,101.931
2026-05-25T13:12:43.6830000,23.57,79.51,101.93
2026-05-25T13:12:44.7240000,23.57,79.47,101.93
2026-05-25T13:12:45.7650000,23.57,79.47,101.93
2026-05-25T13:12:46.8160000,23.57,79.47,101.931
2026-05-25T13:12:47.8570000,23.57,79.42,101.931
2026-05-25T13:12:48.9400000,23.57,79.35,101.932
2026-05-25T13:12:49.9390000,23.57,79.38,101.931
2026-05-25T13:12:50.9790000,23.57,79.37,101.931
2026-05-25T13:12:52.0200000,23.57,79.36,101.93
2026-05-25T13:12:53.0710000,23.57,79.35,101.931
2026-05-25T13:12:54.1120000,23.57,79.34,101.931
2026-05-25T13:12:55.1530000,23.57,79.35,101.931
2026-05-25T13:12:56.1940000,23.57,79.32,101.931
2026-05-25T13:12:57.2350000,23.57,79.31,101.931
2026-05-25T13:12:58.2750000,23.57,79.29,101.932
2026-05-25T13:12:59.3260000,23.57,79.27,101.932
2026-05-25T13:13:00.3670000,23.57,79.31,101.931
2026-05-25T13:13:01.4080000,23.57,79.26,101.931
2026-05-25T13:13:02.5120000,23.57,79.23,101.931
2026-05-25T13:13:03.4900000,23.57,79.22,101.931
2026-05-25T13:13:04.5410000,23.57,79.2,101.931
2026-05-25T13:13:05.5810000,23.57,79.19,101.931
2026-05-25T13:13:06.6220000,23.57,79.18,101.931
2026-05-25T13:13:07.6630000,23.57,79.14,101.931
2026-05-25T13:13:08.7030000,23.57,79.14,101.931
2026-05-25T13:13:09.7450000,23.57,79.13,101.931
2026-05-25T13:13:10.7960000,23.57,79.18,101.931
2026-05-25T13:13:11.8370000,23.57,79.11,101.931
2026-05-25T13:13:12.8780000,23.57,79.09,101.931
2026-05-25T13:13:13.9180000,23.57,79.1,101.93
2026-05-25T13:13:14.9590000,23.56,79.05,101.93
2026-05-25T13:13:16.0000000,23.57,79.06,101.931
2026-05-25T13:13:17.0550000,23.57,79.06,101.932
2026-05-25T13:13:18.0850000,23.57,79.06,101.931
2026-05-25T13:13:19.1360000,23.57,79.05,101.931
2026-05-25T13:13:20.1770000,23.57,79.05,101.932
2026-05-25T13:13:21.2180000,23.57,79.04,101.932
2026-05-25T13:13:22.2590000,23.57,79.04,101.932
2026-05-25T13:13:23.2990000,23.57,79.02,101.932
2026-05-25T13:13:25.3910000,23.57,78.99,101.932
2026-05-25T13:13:26.4320000,23.56,79,101.931
2026-05-25T13:13:27.4730000,23.56,78.96,101.931
2026-05-25T13:13:28.5140000,23.56,78.94,101.931
2026-05-25T13:13:29.5550000,23.56,78.91,101.931
2026-05-25T13:13:30.6270000,23.56,78.87,101.932
2026-05-25T13:13:31.6470000,23.56,78.88,101.932
2026-05-25T13:13:32.6880000,23.56,78.87,101.933
2026-05-25T13:13:33.7280000,23.57,78.87,101.933
2026-05-25T13:13:34.7690000,23.56,78.85,101.933
2026-05-25T13:13:35.8200000,23.56,78.83,101.932
2026-05-25T13:13:36.8610000,23.56,78.83,101.932
2026-05-25T13:13:37.9020000,23.56,78.74,101.933
2026-05-25T13:13:38.9420000,23.56,78.8,101.933
2026-05-25T13:13:39.9850000,23.56,78.78,101.933
2026-05-25T13:13:41.0260000,23.56,78.78,101.933
2026-05-25T13:13:42.0670000,23.56,78.75,101.933
2026-05-25T13:13:43.1180000,23.56,78.76,101.933
2026-05-25T13:13:44.1970000,23.56,78.76,101.933
2026-05-25T13:13:45.1960000,23.56,78.73,101.933
2026-05-25T13:13:46.2470000,23.56,78.72,101.933
2026-05-25T13:13:47.2880000,23.56,78.7,101.934
2026-05-25T13:13:48.3290000,23.56,78.7,101.933
2026-05-25T13:13:49.3700000,23.56,78.7,101.932
2026-05-25T13:13:50.4100000,23.56,78.7,101.932
2026-05-25T13:13:51.4510000,23.56,78.69,101.932
2026-05-25T13:13:52.5020000,23.56,78.69,101.932
2026-05-25T13:13:53.5430000,23.56,78.68,101.932
2026-05-25T13:13:54.5840000,23.56,78.68,101.931
2026-05-25T13:13:55.6250000,23.56,78.65,101.932
2026-05-25T13:13:56.6650000,23.56,78.62,101.932
2026-05-25T13:13:57.7730000,23.56,78.6,101.933
2026-05-25T13:13:58.7510000,23.56,78.61,101.933
2026-05-25T13:13:59.7920000,23.56,78.61,101.933
2026-05-25T13:14:00.8430000,23.56,78.59,101.933
2026-05-25T13:14:01.8840000,23.56,78.58,101.933
2026-05-25T13:14:02.9240000,23.56,78.57,101.933
2026-05-25T13:14:03.9650000,23.56,78.55,101.933
2026-05-25T13:14:05.0060000,23.56,78.54,101.934
2026-05-25T13:14:06.0470000,23.56,78.52,101.933
2026-05-25T13:14:07.0980000,23.56,78.47,101.933
2026-05-25T13:14:08.1390000,23.56,78.47,101.934
2026-05-25T13:14:09.1790000,23.56,78.5,101.935
2026-05-25T13:14:10.2200000,23.56,78.5,101.935
2026-05-25T13:14:11.2610000,23.56,78.43,101.936
2026-05-25T13:14:12.3160000,23.56,78.43,101.934
2026-05-25T13:14:13.3460000,23.56,78.44,101.934
2026-05-25T13:14:14.3970000,23.56,78.42,101.934
2026-05-25T13:14:15.4380000,23.56,78.41,101.934
2026-05-25T13:14:16.4790000,23.56,78.4,101.934
2026-05-25T13:14:17.5200000,23.56,78.39,101.934
2026-05-25T13:14:18.5600000,23.56,78.37,101.934
2026-05-25T13:14:19.6010000,23.56,78.32,101.935
2026-05-25T13:14:20.6520000,23.56,78.36,101.935
2026-05-25T13:14:21.6930000,23.56,78.33,101.934
2026-05-25T13:14:22.7340000,23.56,78.3,101.934
2026-05-25T13:14:23.7740000,23.56,78.32,101.934
2026-05-25T13:14:24.8150000,23.56,78.32,101.933
2026-05-25T13:14:25.8870000,23.56,78.3,101.933
2026-05-25T13:14:26.9070000,23.56,78.29,101.934
2026-05-25T13:14:27.9480000,23.56,78.28,101.934
2026-05-25T13:14:28.9890000,23.56,78.27,101.934
2026-05-25T13:14:30.0300000,23.56,78.26,101.934
2026-05-25T13:14:31.0700000,23.56,78.25,101.934
2026-05-25T13:14:32.1220000,23.56,78.25,101.934
2026-05-25T13:14:33.1630000,23.56,78.26,101.933
2026-05-25T13:14:34.2030000,23.56,78.21,101.933
2026-05-25T13:14:35.2440000,23.56,78.21,101.933
2026-05-25T13:14:36.2850000,23.56,78.18,101.932
2026-05-25T13:14:37.3360000,23.56,78.21,101.932
2026-05-25T13:14:38.3770000,23.56,78.19,101.932
2026-05-25T13:14:39.4630000,23.56,78.17,101.932
2026-05-25T13:14:40.4620000,23.56,78.18,101.932
2026-05-25T13:14:41.5030000,23.56,78.18,101.933
2026-05-25T13:14:42.5430000,23.56,78.17,101.933
2026-05-25T13:14:43.5840000,23.56,78.16,101.933
2026-05-25T13:14:44.6250000,23.56,78.15,101.933
2026-05-25T13:14:45.6760000,23.56,78.15,101.933
2026-05-25T13:14:46.7170000,23.56,78.14,101.933
2026-05-25T13:14:47.7570000,23.56,78.16,101.933
2026-05-25T13:14:48.7980000,23.56,78.14,101.933
2026-05-25T13:14:49.8390000,23.56,78.13,101.933
2026-05-25T13:14:50.8900000,23.56,78.08,101.933
2026-05-25T13:14:51.9310000,23.56,78.1,101.933
2026-05-25T13:14:53.0350000,23.56,78.09,101.933
2026-05-25T13:14:54.0130000,23.56,78.08,101.933
2026-05-25T13:14:55.0530000,23.56,78.07,101.932
2026-05-25T13:14:56.0940000,23.56,78.07,101.932
2026-05-25T13:14:57.1450000,23.56,78.06,101.932
2026-05-25T13:14:58.1860000,23.56,78.06,101.933
2026-05-25T13:14:59.2270000,23.56,78.05,101.932
2026-05-25T13:15:00.2680000,23.56,78.04,101.932
2026-05-25T13:15:01.3080000,23.56,78.02,101.933
2026-05-25T13:15:02.3600000,23.56,78,101.933
2026-05-25T13:15:03.4000000,23.56,77.99,101.933
2026-05-25T13:15:04.4410000,23.56,78,101.933
2026-05-25T13:15:05.4820000,23.56,77.99,101.933
2026-05-25T13:15:06.5220000,23.56,77.97,101.933
2026-05-25T13:15:07.5770000,23.56,77.96,101.933
2026-05-25T13:15:08.6070000,23.56,77.95,101.933
2026-05-25T13:15:09.6590000,23.56,77.94,101.933
2026-05-25T13:15:10.7000000,23.56,77.94,101.934
2026-05-25T13:15:11.7400000,23.56,77.93,101.933
2026-05-25T13:15:12.7810000,23.56,77.93,101.932
2026-05-25T13:15:13.8220000,23.56,77.92,101.933
2026-05-25T13:15:14.8630000,23.56,77.88,101.933
2026-05-25T13:15:15.9140000,23.56,77.9,101.933
2026-05-25T13:15:16.9550000,23.56,77.9,101.933
2026-05-25T13:15:17.9960000,23.56,77.88,101.934
2026-05-25T13:15:19.0360000,23.56,77.88,101.933
2026-05-25T13:15:20.0770000,23.56,77.87,101.933
2026-05-25T13:15:21.1490000,23.56,77.86,101.933
2026-05-25T13:15:22.1690000,23.56,77.84,101.933
2026-05-25T13:15:23.2100000,23.56,77.83,101.933
2026-05-25T13:15:24.2510000,23.56,77.83,101.934
2026-05-25T13:15:25.2910000,23.56,77.83,101.934
2026-05-25T13:15:26.3320000,23.56,77.81,101.934
2026-05-25T13:15:27.3830000,23.56,77.82,101.934
2026-05-25T13:15:28.4240000,23.56,77.76,101.934
2026-05-25T13:15:29.4650000,23.56,77.83,101.934
2026-05-25T13:15:30.5050000,23.56,77.8,101.934
2026-05-25T13:15:31.5460000,23.56,77.77,101.934
2026-05-25T13:15:32.5970000,23.56,77.78,101.933
2026-05-25T13:15:33.6380000,23.56,77.77,101.933
2026-05-25T13:15:34.7210000,23.56,77.78,101.932
2026-05-25T13:15:35.7190000,23.56,77.76,101.933
2026-05-25T13:15:36.7600000,23.56,77.76,101.933
2026-05-25T13:15:37.8010000,23.56,77.75,101.933
2026-05-25T13:15:38.8520000,23.56,77.75,101.932
2026-05-25T13:15:39.8930000,23.56,77.73,101.933
2026-05-25T13:15:40.9340000,23.56,77.71,101.934
2026-05-25T13:15:41.9750000,23.56,77.71,101.934
2026-05-25T13:15:43.0150000,23.56,77.7,101.933
2026-05-25T13:15:44.0560000,23.56,77.7,101.933
2026-05-25T13:15:45.1070000,23.56,77.69,101.934
2026-05-25T13:15:46.1480000,23.56,77.71,101.934
2026-05-25T13:15:47.1890000,23.56,77.68,101.933
2026-05-25T13:15:48.2930000,23.56,77.69,101.933
2026-05-25T13:15:50.3220000,23.56,77.67,101.933
2026-05-25T13:15:51.3620000,23.56,77.66,101.933
2026-05-25T13:15:52.4030000,23.56,77.65,101.933
2026-05-25T13:15:53.4440000,23.56,77.66,101.933
2026-05-25T13:15:54.4840000,23.56,77.65,101.934
2026-05-25T13:15:55.5250000,23.56,77.64,101.933
2026-05-25T13:15:56.5770000,23.56,77.65,101.934
2026-05-25T13:15:57.6170000,23.56,77.64,101.933
2026-05-25T13:15:58.6580000,23.56,77.62,101.933
2026-05-25T13:15:59.6990000,23.56,77.6,101.933
2026-05-25T13:16:00.7400000,23.56,77.6,101.934
2026-05-25T13:16:01.7910000,23.56,77.58,101.933
2026-05-25T13:16:02.8350000,23.56,77.62,101.934
2026-05-25T13:16:03.8760000,23.56,77.61,101.933
2026-05-25T13:16:04.9170000,23.56,77.62,101.934
2026-05-25T13:16:05.9570000,23.56,77.6,101.935
2026-05-25T13:16:06.9980000,23.56,77.6,101.934
2026-05-25T13:16:08.0390000,23.56,77.6,101.934
2026-05-25T13:16:09.0800000,23.56,77.6,101.934
2026-05-25T13:16:10.1310000,23.56,77.57,101.934
2026-05-25T13:16:11.1720000,23.56,77.58,101.934
2026-05-25T13:16:12.2120000,23.56,77.58,101.934
2026-05-25T13:16:13.2530000,23.57,77.6,101.935
2026-05-25T13:16:14.2940000,23.56,77.6,101.934
2026-05-25T13:16:15.3450000,23.56,77.57,101.934
2026-05-25T13:16:16.4070000,23.56,77.58,101.933
2026-05-25T13:16:17.4270000,23.56,77.53,101.934
2026-05-25T13:16:18.4670000,23.56,77.52,101.933
2026-05-25T13:16:19.5080000,23.56,77.52,101.933
2026-05-25T13:16:20.5490000,23.56,77.52,101.933
2026-05-25T13:16:21.6000000,23.56,77.51,101.933
2026-05-25T13:16:22.6410000,23.56,77.5,101.933
2026-05-25T13:16:23.6820000,23.56,77.48,101.934
2026-05-25T13:16:24.7220000,23.56,77.48,101.934
2026-05-25T13:16:25.7630000,23.57,77.49,101.935
2026-05-25T13:16:26.8150000,23.57,77.45,101.936
2026-05-25T13:16:27.8550000,23.57,77.45,101.935
2026-05-25T13:16:28.8960000,23.57,77.42,101.936
2026-05-25T13:16:29.9790000,23.57,77.42,101.936
2026-05-25T13:16:30.9780000,23.57,77.4,101.935
2026-05-25T13:16:32.0180000,23.57,77.4,101.934
2026-05-25T13:16:33.0700000,23.57,77.4,101.934
2026-05-25T13:16:34.1100000,23.56,77.38,101.933
2026-05-25T13:16:35.1510000,23.56,77.37,101.933
2026-05-25T13:16:36.1920000,23.56,77.38,101.934
2026-05-25T13:16:37.2330000,23.57,77.35,101.935
2026-05-25T13:16:38.2840000,23.56,77.31,101.934
2026-05-25T13:16:39.3250000,23.56,77.35,101.934
2026-05-25T13:16:40.3660000,23.56,77.34,101.934
2026-05-25T13:16:41.4060000,23.56,77.34,101.935
2026-05-25T13:16:42.4470000,23.56,77.32,101.934
2026-05-25T13:16:43.5510000,23.56,77.35,101.935
2026-05-25T13:16:44.5390000,23.56,77.32,101.935
2026-05-25T13:16:45.5800000,23.56,77.32,101.935
2026-05-25T13:16:46.6200000,23.56,77.32,101.935
2026-05-25T13:16:47.6610000,23.56,77.3,101.935
2026-05-25T13:16:48.7020000,23.57,77.29,101.935
2026-05-25T13:16:49.7530000,23.56,77.28,101.934
2026-05-25T13:16:50.7940000,23.56,77.27,101.934
2026-05-25T13:16:51.8350000,23.56,77.27,101.934
2026-05-25T13:16:52.8760000,23.56,77.26,101.934
2026-05-25T13:16:53.9160000,23.56,77.24,101.935
2026-05-25T13:16:54.9570000,23.57,77.24,101.936
2026-05-25T13:16:56.0090000,23.56,77.2,101.935
2026-05-25T13:16:57.0490000,23.57,77.19,101.936
2026-05-25T13:16:58.0940000,23.56,77.17,101.936
2026-05-25T13:16:59.1350000,23.56,77.16,101.936
2026-05-25T13:17:00.1750000,23.56,77.16,101.936
2026-05-25T13:17:01.2160000,23.57,77.14,101.937
2026-05-25T13:17:02.2570000,23.57,77.15,101.936
2026-05-25T13:17:03.2970000,23.57,77.13,101.936
2026-05-25T13:17:04.3490000,23.57,77.12,101.936
2026-05-25T13:17:05.3890000,23.57,77.06,101.937
2026-05-25T13:17:06.4300000,23.57,77.1,101.937
2026-05-25T13:17:07.4710000,23.57,77.05,101.936
2026-05-25T13:17:08.5120000,23.57,77.1,101.937
2026-05-25T13:17:09.5630000,23.57,77.08,101.936
2026-05-25T13:17:10.6040000,23.57,77.03,101.937
2026-05-25T13:17:11.6650000,23.56,77.05,101.936
2026-05-25T13:17:12.6850000,23.57,77.03,101.937
2026-05-25T13:17:13.7260000,23.57,77.02,101.936
2026-05-25T13:17:14.7670000,23.57,77.01,101.936
2026-05-25T13:17:15.8180000,23.57,76.99,101.937
2026-05-25T13:17:16.8590000,23.57,76.98,101.938
2026-05-25T13:17:17.8990000,23.57,76.98,101.938
2026-05-25T13:17:18.9400000,23.57,76.99,101.937
2026-05-25T13:17:19.9810000,23.57,76.97,101.938
2026-05-25T13:17:21.0320000,23.57,76.96,101.938
2026-05-25T13:17:22.0730000,23.57,76.93,101.937
2026-05-25T13:17:23.1140000,23.57,76.93,101.937
2026-05-25T13:17:24.1540000,23.57,76.9,101.937
2026-05-25T13:17:25.2370000,23.57,76.93,101.937
2026-05-25T13:17:26.2360000,23.57,76.89,101.937
2026-05-25T13:17:27.2870000,23.57,76.88,101.937
2026-05-25T13:17:28.3280000,23.57,76.89,101.937
2026-05-25T13:17:29.3680000,23.57,76.91,101.936
2026-05-25T13:17:30.4090000,23.57,76.85,101.937
2026-05-25T13:17:31.4500000,23.57,76.85,101.937
2026-05-25T13:17:32.4910000,23.57,76.82,101.938
2026-05-25T13:17:33.5420000,23.57,76.83,101.938
2026-05-25T13:17:34.5830000,23.57,76.83,101.938
2026-05-25T13:17:35.6240000,23.57,76.8,101.938
2026-05-25T13:17:36.6640000,23.57,76.78,101.938
2026-05-25T13:17:37.7050000,23.57,76.75,101.938
2026-05-25T13:17:38.8090000,23.57,76.74,101.938
2026-05-25T13:17:39.7970000,23.57,76.75,101.938
2026-05-25T13:17:40.8380000,23.57,76.72,101.938
2026-05-25T13:17:41.8790000,23.57,76.72,101.939
2026-05-25T13:17:42.9200000,23.57,76.72,101.938
2026-05-25T13:17:43.9600000,23.57,76.71,101.938
2026-05-25T13:17:45.0120000,23.57,76.7,101.939
2026-05-25T13:17:46.0520000,23.57,76.7,101.939
2026-05-25T13:17:47.0930000,23.57,76.7,101.939
2026-05-25T13:17:48.1340000,23.57,76.69,101.939
2026-05-25T13:17:49.1750000,23.57,76.66,101.939
2026-05-25T13:17:50.2150000,23.57,76.66,101.939
2026-05-25T13:17:51.2670000,23.57,76.65,101.938
2026-05-25T13:17:52.3070000,23.57,76.66,101.938
2026-05-25T13:17:53.3480000,23.57,76.63,101.938
2026-05-25T13:17:54.3890000,23.57,76.62,101.938
2026-05-25T13:17:55.4300000,23.57,76.62,101.939
2026-05-25T13:17:56.4710000,23.57,76.62,101.938
2026-05-25T13:17:57.5220000,23.57,76.61,101.938
2026-05-25T13:17:58.5630000,23.57,76.6,101.938
2026-05-25T13:17:59.6040000,23.57,76.59,101.939
2026-05-25T13:18:00.6440000,23.57,76.58,101.939
2026-05-25T13:18:01.6850000,23.57,76.58,101.939
2026-05-25T13:18:02.7260000,23.57,76.54,101.939
2026-05-25T13:18:03.7770000,23.57,76.57,101.94
2026-05-25T13:18:04.8180000,23.57,76.58,101.941
2026-05-25T13:18:05.8590000,23.57,76.53,101.941
2026-05-25T13:18:06.9210000,23.57,76.52,101.942
2026-05-25T13:18:07.9400000,23.57,76.54,101.942
2026-05-25T13:18:08.9810000,23.57,76.51,101.94
2026-05-25T13:18:10.0320000,23.57,76.51,101.941
2026-05-25T13:18:11.0730000,23.57,76.5,101.941
2026-05-25T13:18:12.1140000,23.57,76.49,101.941
2026-05-25T13:18:13.1550000,23.57,76.49,101.941
2026-05-25T13:18:14.1950000,23.57,76.54,101.941
2026-05-25T13:18:15.2470000,23.57,76.49,101.941
2026-05-25T13:18:16.2870000,23.58,76.47,101.941
2026-05-25T13:18:17.3280000,23.58,76.46,101.94
2026-05-25T13:18:18.3690000,23.57,76.45,101.94
2026-05-25T13:18:19.4100000,23.58,76.44,101.941
2026-05-25T13:18:20.4960000,23.58,76.45,101.94
2026-05-25T13:18:21.4950000,23.58,76.46,101.94
2026-05-25T13:18:22.5350000,23.58,76.46,101.94
2026-05-25T13:18:23.5860000,23.58,76.46,101.94
2026-05-25T13:18:24.6270000,23.58,76.46,101.941
2026-05-25T13:18:25.6680000,23.58,76.46,101.941
2026-05-25T13:18:26.7090000,23.58,76.46,101.94
2026-05-25T13:18:27.7500000,23.58,76.5,101.941
2026-05-25T13:18:28.7910000,23.58,76.42,101.94
2026-05-25T13:18:29.8420000,23.58,76.44,101.94
2026-05-25T13:18:30.8830000,23.58,76.43,101.941
2026-05-25T13:18:31.9230000,23.58,76.41,101.942
2026-05-25T13:18:32.9640000,23.58,76.43,101.942
2026-05-25T13:18:34.0680000,23.58,76.47,101.942
2026-05-25T13:18:35.0560000,23.58,76.43,101.943
2026-05-25T13:18:36.0970000,23.58,76.42,101.943
2026-05-25T13:18:37.1380000,23.58,76.43,101.944
2026-05-25T13:18:38.1790000,23.58,76.44,101.944
2026-05-25T13:18:39.2190000,23.58,76.44,101.944
2026-05-25T13:18:40.2600000,23.58,76.42,101.944
2026-05-25T13:18:41.3110000,23.58,76.41,101.944
2026-05-25T13:18:42.3520000,23.58,76.39,101.944
2026-05-25T13:18:43.3930000,23.58,76.41,101.944
2026-05-25T13:18:44.4340000,23.58,76.37,101.944
2026-05-25T13:18:45.4740000,23.58,76.44,101.944
2026-05-25T13:18:46.5150000,23.58,76.41,101.944
2026-05-25T13:18:47.5660000,23.58,76.4,101.945
2026-05-25T13:18:48.6110000,23.58,76.39,101.944
2026-05-25T13:18:49.6510000,23.58,76.4,101.944
2026-05-25T13:18:50.6920000,23.58,76.39,101.943
2026-05-25T13:18:51.7330000,23.58,76.4,101.943
2026-05-25T13:18:52.7740000,23.58,76.4,101.942
2026-05-25T13:18:53.8140000,23.58,76.4,101.943
2026-05-25T13:18:54.8660000,23.58,76.37,101.943
2026-05-25T13:18:55.9070000,23.58,76.33,101.942
2026-05-25T13:18:56.9470000,23.58,76.34,101.942
2026-05-25T13:18:57.9880000,23.59,76.36,101.943
2026-05-25T13:18:59.0290000,23.58,76.37,101.943
2026-05-25T13:19:00.0800000,23.58,76.35,101.942
2026-05-25T13:19:01.1210000,23.59,76.32,101.943
2026-05-25T13:19:02.1820000,23.59,76.31,101.943
2026-05-25T13:19:03.2020000,23.59,76.33,101.943
2026-05-25T13:19:04.2430000,23.59,76.33,101.943
2026-05-25T13:19:05.2840000,23.59,76.32,101.944
2026-05-25T13:19:06.3350000,23.59,76.31,101.944
2026-05-25T13:19:07.3760000,23.59,76.29,101.943
2026-05-25T13:19:08.4170000,23.59,76.29,101.943
2026-05-25T13:19:09.4570000,23.59,76.27,101.943
2026-05-25T13:19:10.4980000,23.59,76.28,101.943
2026-05-25T13:19:11.5490000,23.59,76.29,101.943
2026-05-25T13:19:12.5900000,23.59,76.25,101.942
2026-05-25T13:19:13.6310000,23.59,76.26,101.942
2026-05-25T13:19:14.6720000,23.59,76.26,101.944
2026-05-25T13:19:15.7550000,23.58,76.2,101.944
2026-05-25T13:19:16.7540000,23.58,76.23,101.944
2026-05-25T13:19:17.8050000,23.59,76.21,101.944
2026-05-25T13:19:18.8460000,23.59,76.22,101.944
2026-05-25T13:19:19.8860000,23.59,76.22,101.945
2026-05-25T13:19:20.9270000,23.59,76.23,101.945
2026-05-25T13:19:21.9680000,23.59,76.22,101.945
2026-05-25T13:19:23.0090000,23.59,76.26,101.945
2026-05-25T13:19:24.0600000,23.59,76.25,101.945
2026-05-25T13:19:25.1010000,23.59,76.2,101.945
2026-05-25T13:19:26.1410000,23.59,76.2,101.946
2026-05-25T13:19:27.1820000,23.59,76.22,101.946
2026-05-25T13:19:28.2230000,23.59,76.25,101.945
2026-05-25T13:19:29.3260000,23.59,76.22,101.945
2026-05-25T13:19:30.3150000,23.59,76.22,101.945
2026-05-25T13:19:31.3550000,23.59,76.22,101.945
2026-05-25T13:19:32.3960000,23.59,76.24,101.945
2026-05-25T13:19:33.4370000,23.59,76.25,101.946
2026-05-25T13:19:34.4780000,23.59,76.25,101.945
2026-05-25T13:19:35.5290000,23.59,76.25,101.945
2026-05-25T13:19:36.5700000,23.59,76.25,101.945
2026-05-25T13:19:37.6110000,23.59,76.24,101.945
2026-05-25T13:19:38.6510000,23.59,76.28,101.945
2026-05-25T13:19:39.6950000,23.59,76.29,101.945
2026-05-25T13:19:40.7360000,23.59,76.27,101.946
2026-05-25T13:19:41.7760000,23.59,76.28,101.945
2026-05-25T13:19:42.8970000,23.59,76.29,101.944
2026-05-25T13:19:43.8680000,23.59,76.29,101.946
2026-05-25T13:19:44.9090000,23.59,76.28,101.945
2026-05-25T13:19:45.9500000,23.59,76.28,101.945
2026-05-25T13:19:46.9910000,23.59,76.28,101.944
2026-05-25T13:19:48.0310000,23.59,76.29,101.944
2026-05-25T13:19:49.0820000,23.6,76.28,101.945
2026-05-25T13:19:50.1230000,23.6,76.29,101.946
2026-05-25T13:19:51.1640000,23.6,76.27,101.945
2026-05-25T13:19:52.2050000,23.6,76.31,101.944
2026-05-25T13:19:53.2460000,23.6,76.3,101.944
2026-05-25T13:19:54.2970000,23.6,76.3,101.944
2026-05-25T13:19:55.3380000,23.6,76.3,101.944
2026-05-25T13:19:56.3780000,23.6,76.31,101.944
2026-05-25T13:19:57.4400000,23.6,76.34,101.944
2026-05-25T13:19:58.4600000,23.6,76.37,101.944
2026-05-25T13:19:59.5010000,23.6,76.39,101.944
2026-05-25T13:20:00.5520000,23.6,76.41,101.944
2026-05-25T13:20:01.5930000,23.6,76.44,101.943
2026-05-25T13:20:02.6340000,23.6,76.44,101.943
2026-05-25T13:20:03.6740000,23.6,76.48,101.944
2026-05-25T13:20:04.7150000,23.6,76.54,101.944
2026-05-25T13:20:05.7660000,23.6,76.56,101.943
2026-05-25T13:20:06.8070000,23.6,76.55,101.943
2026-05-25T13:20:07.8480000,23.6,76.58,101.942
2026-05-25T13:20:08.8890000,23.6,76.59,101.942
2026-05-25T13:20:09.9300000,23.6,76.61,101.941
2026-05-25T13:20:11.0090000,23.61,76.74,101.941
2026-05-25T13:20:12.0180000,23.61,76.76,101.94
2026-05-25T13:20:13.0590000,23.61,76.8,101.941
2026-05-25T13:20:14.1000000,23.61,76.85,101.941
2026-05-25T13:20:15.1510000,23.61,76.9,101.941
2026-05-25T13:20:16.1920000,23.61,76.93,101.941
2026-05-25T13:20:17.2330000,23.61,76.99,101.941
2026-05-25T13:20:18.2730000,23.61,77.01,101.941
2026-05-25T13:20:19.3140000,23.62,77.07,101.941
2026-05-25T13:20:20.3550000,23.61,77.15,101.941
2026-05-25T13:20:21.4060000,23.62,77.17,101.942
2026-05-25T13:20:22.4470000,23.62,77.25,101.942
2026-05-25T13:20:23.4880000,23.62,77.32,101.942
2026-05-25T13:20:24.5810000,23.62,77.4,101.942
2026-05-25T13:20:25.5690000,23.62,77.45,101.942
2026-05-25T13:20:26.6100000,23.62,77.51,101.942
2026-05-25T13:20:27.6620000,23.62,77.55,101.942
2026-05-25T13:20:28.7020000,23.62,77.59,101.942
2026-05-25T13:20:29.7430000,23.62,77.63,101.941
2026-05-25T13:20:30.7840000,23.62,77.66,101.941
2026-05-25T13:20:31.8250000,23.62,77.68,101.942
2026-05-25T13:20:32.8760000,23.63,77.7,101.944
2026-05-25T13:20:33.9170000,23.63,77.74,101.943
2026-05-25T13:20:34.9580000,23.63,77.75,101.943
2026-05-25T13:20:35.9980000,23.62,77.76,101.943
2026-05-25T13:20:37.0390000,23.62,77.76,101.943
2026-05-25T13:20:38.0800000,23.62,77.84,101.942
2026-05-25T13:20:39.1310000,23.62,77.89,101.942
2026-05-25T13:20:40.1720000,23.62,77.92,101.942
2026-05-25T13:20:41.2130000,23.62,77.97,101.941
2026-05-25T13:20:42.2540000,23.63,78.02,101.94
2026-05-25T13:20:43.2950000,23.63,78.07,101.94
2026-05-25T13:20:44.3350000,23.63,78.09,101.941
2026-05-25T13:20:45.3870000,23.63,78.12,101.942
2026-05-25T13:20:46.4270000,23.63,78.14,101.942
2026-05-25T13:20:47.4680000,23.63,78.24,101.942
2026-05-25T13:20:48.5090000,23.63,78.25,101.942
2026-05-25T13:20:49.5500000,23.63,78.27,101.942
2026-05-25T13:20:50.6010000,23.63,78.32,101.943
2026-05-25T13:20:51.6420000,23.63,78.31,101.943
2026-05-25T13:20:52.6970000,23.63,78.46,101.943
2026-05-25T13:20:53.7270000,23.63,78.55,101.943
2026-05-25T13:20:54.7680000,23.64,78.62,101.943
2026-05-25T13:20:55.8090000,23.64,78.68,101.942
2026-05-25T13:20:56.8490000,23.64,78.72,101.941
2026-05-25T13:20:57.8900000,23.64,78.77,101.942
2026-05-25T13:20:58.9410000,23.64,78.79,101.942
2026-05-25T13:20:59.9820000,23.64,78.79,101.942
2026-05-25T13:21:01.0230000,23.64,78.83,101.942
2026-05-25T13:21:02.0640000,23.64,78.8,101.942
2026-05-25T13:21:03.1050000,23.64,78.88,101.941
2026-05-25T13:21:04.1450000,23.64,78.93,101.941
2026-05-25T13:21:05.1970000,23.63,78.97,101.94
2026-05-25T13:21:06.2690000,23.64,79.07,101.94
2026-05-25T13:21:07.2780000,23.64,79.14,101.94
2026-05-25T13:21:08.3190000,23.64,79.23,101.941
2026-05-25T13:21:09.3600000,23.64,79.3,101.941
2026-05-25T13:21:10.4010000,23.64,79.37,101.941
2026-05-25T13:21:11.4520000,23.64,79.42,101.941
2026-05-25T13:21:12.4930000,23.64,79.46,101.941
2026-05-25T13:21:13.5340000,23.64,79.46,101.942
2026-05-25T13:21:14.5750000,23.64,79.55,101.942
2026-05-25T13:21:15.6150000,23.64,79.58,101.942
2026-05-25T13:21:16.6560000,23.64,79.59,101.942
2026-05-25T13:21:17.7070000,23.64,79.61,101.941
2026-05-25T13:21:18.7480000,23.64,79.64,101.941
2026-05-25T13:21:19.8380000,23.64,79.69,101.941
2026-05-25T13:21:20.8260000,23.64,79.76,101.941
2026-05-25T13:21:21.8780000,23.64,79.85,101.94
2026-05-25T13:21:22.9180000,23.64,79.95,101.94
2026-05-25T13:21:23.9590000,23.64,80.02,101.94
2026-05-25T13:21:25.0000000,23.64,80.12,101.941
2026-05-25T13:21:26.0410000,23.64,80.17,101.941
2026-05-25T13:21:27.0920000,23.64,80.26,101.94
2026-05-25T13:21:28.1330000,23.64,80.34,101.94
2026-05-25T13:21:29.1740000,23.64,80.4,101.94
2026-05-25T13:21:30.2140000,23.64,80.47,101.939
2026-05-25T13:21:31.2550000,23.64,80.53,101.94
2026-05-25T13:21:32.2960000,23.64,80.58,101.94
2026-05-25T13:21:33.4070000,23.64,80.72,101.939
2026-05-25T13:21:34.3850000,23.64,80.76,101.939
2026-05-25T13:21:35.4250000,23.64,80.78,101.938
2026-05-25T13:21:36.4660000,23.64,80.82,101.939
2026-05-25T13:21:37.5180000,23.64,80.84,101.939
2026-05-25T13:21:38.5580000,23.64,80.89,101.938
2026-05-25T13:21:39.5990000,23.64,80.89,101.939
2026-05-25T13:21:40.6400000,23.64,80.94,101.939
2026-05-25T13:21:41.6810000,23.64,80.95,101.94
2026-05-25T13:21:42.7320000,23.64,81,101.939
2026-05-25T13:21:43.7730000,23.64,81.03,101.939
2026-05-25T13:21:44.8130000,23.64,81.07,101.939
2026-05-25T13:21:45.8540000,23.64,81.12,101.939
2026-05-25T13:21:46.8950000,23.64,81.1,101.938
2026-05-25T13:21:47.9490000,23.64,81.16,101.938
2026-05-25T13:21:48.9800000,23.64,81.19,101.938
2026-05-25T13:21:50.0210000,23.64,81.2,101.939
2026-05-25T13:21:51.0720000,23.64,81.21,101.939
2026-05-25T13:21:52.1130000,23.64,81.23,101.938
2026-05-25T13:21:53.1530000,23.64,81.27,101.938
2026-05-25T13:21:54.1940000,23.64,81.3,101.938
2026-05-25T13:21:55.2350000,23.64,81.33,101.938
2026-05-25T13:21:56.2760000,23.64,81.36,101.938
2026-05-25T13:21:57.3270000,23.64,81.4,101.938
2026-05-25T13:21:58.3680000,23.64,81.41,101.938
2026-05-25T13:21:59.4090000,23.64,81.47,101.938
2026-05-25T13:22:00.4500000,23.64,81.47,101.938
2026-05-25T13:22:01.5180000,23.64,81.53,101.937
2026-05-25T13:22:02.5380000,23.64,81.54,101.937
2026-05-25T13:22:03.5790000,23.64,81.55,101.937
2026-05-25T13:22:04.6200000,23.64,81.57,101.937
2026-05-25T13:22:05.6610000,23.64,81.57,101.938
2026-05-25T13:22:06.7010000,23.64,81.58,101.937
2026-05-25T13:22:07.7530000,23.64,81.59,101.936
2026-05-25T13:22:08.7930000,23.64,81.68,101.936
2026-05-25T13:22:09.8340000,23.64,81.69,101.936
2026-05-25T13:22:10.8750000,23.64,81.73,101.936
2026-05-25T13:22:11.9150000,23.64,81.72,101.936
2026-05-25T13:22:12.9660000,23.64,81.71,101.936
2026-05-25T13:22:14.0070000,23.64,81.72,101.936
2026-05-25T13:22:15.0900000,23.64,81.76,101.936
2026-05-25T13:22:16.0890000,23.64,81.76,101.936
2026-05-25T13:22:17.1300000,23.64,81.75,101.936
2026-05-25T13:22:18.1700000,23.64,81.75,101.936
2026-05-25T13:22:19.2220000,23.64,81.79,101.936
2026-05-25T13:22:20.2620000,23.64,81.8,101.936
2026-05-25T13:22:21.3030000,23.64,81.81,101.936
2026-05-25T13:22:22.3440000,23.64,81.76,101.936
2026-05-25T13:22:23.3850000,23.64,81.84,101.935
2026-05-25T13:22:24.4260000,23.64,81.85,101.935
2026-05-25T13:22:25.4770000,23.64,81.84,101.935
2026-05-25T13:22:26.5180000,23.64,81.87,101.935
2026-05-25T13:22:27.5590000,23.64,81.89,101.935
2026-05-25T13:22:28.6590000,23.64,81.91,101.935
2026-05-25T13:22:29.6480000,23.64,81.92,101.935
2026-05-25T13:22:30.6880000,23.64,81.92,101.936
2026-05-25T13:22:31.7290000,23.64,81.91,101.935
2026-05-25T13:22:32.7700000,23.64,81.91,101.935
2026-05-25T13:22:33.8100000,23.64,81.91,101.936
2026-05-25T13:22:34.8620000,23.64,81.91,101.935
2026-05-25T13:22:35.9020000,23.64,81.9,101.935
2026-05-25T13:22:36.9430000,23.64,81.94,101.935
2026-05-25T13:22:37.9840000,23.64,81.9,101.935
2026-05-25T13:22:39.0240000,23.64,81.91,101.935
2026-05-25T13:22:40.0650000,23.64,81.95,101.934
2026-05-25T13:22:41.1170000,23.64,81.96,101.935
2026-05-25T13:22:42.1570000,23.64,81.98,101.935
2026-05-25T13:22:43.1980000,23.64,82,101.935
2026-05-25T13:22:44.2390000,23.64,82.01,101.935
2026-05-25T13:22:45.2800000,23.64,82.01,101.935
2026-05-25T13:22:46.3310000,23.64,82.02,101.935
2026-05-25T13:22:47.3720000,23.64,82.04,101.935
2026-05-25T13:22:48.4130000,23.64,82.05,101.935
2026-05-25T13:22:49.4540000,23.64,82.03,101.934
2026-05-25T13:22:50.4940000,23.64,82.01,101.935
2026-05-25T13:22:51.5350000,23.63,82.01,101.934
2026-05-25T13:22:52.5870000,23.63,82.03,101.934
2026-05-25T13:22:53.6270000,23.63,81.99,101.933
2026-05-25T13:22:54.6680000,23.63,82.02,101.933
2026-05-25T13:22:55.7090000,23.63,81.98,101.933
2026-05-25T13:22:56.7710000,23.63,82.03,101.934
2026-05-25T13:22:57.7900000,23.63,82,101.933
2026-05-25T13:22:58.8410000,23.63,82.01,101.933
2026-05-25T13:22:59.8820000,23.63,82.01,101.932
2026-05-25T13:23:00.9230000,23.63,82.02,101.932
2026-05-25T13:23:01.9640000,23.63,82.03,101.932
2026-05-25T13:23:03.0050000,23.63,82.04,101.932
2026-05-25T13:23:04.0460000,23.63,82.04,101.931
2026-05-25T13:23:05.0970000,23.63,82.05,101.931
2026-05-25T13:23:06.1380000,23.63,82.03,101.932
2026-05-25T13:23:07.1780000,23.63,82.03,101.932
2026-05-25T13:23:08.2190000,23.63,82.02,101.932
2026-05-25T13:23:09.2600000,23.63,82.04,101.933
2026-05-25T13:23:10.3400000,23.63,81.98,101.931
2026-05-25T13:23:11.3490000,23.63,81.97,101.931
2026-05-25T13:23:12.3900000,23.63,81.97,101.931
2026-05-25T13:23:13.4310000,23.63,81.97,101.93
2026-05-25T13:23:14.4820000,23.63,81.97,101.93
2026-05-25T13:23:15.5230000,23.63,81.95,101.93
2026-05-25T13:23:16.5640000,23.62,81.96,101.93
2026-05-25T13:23:17.6040000,23.63,81.89,101.931
2026-05-25T13:23:18.6450000,23.62,81.95,101.931
2026-05-25T13:23:19.6860000,23.62,81.89,101.931
2026-05-25T13:23:20.7370000,23.62,81.9,101.931
2026-05-25T13:23:21.7780000,23.62,81.84,101.931
2026-05-25T13:23:22.8180000,23.62,81.83,101.931
2026-05-25T13:23:23.9080000,23.62,81.79,101.931
2026-05-25T13:23:24.9070000,23.62,81.78,101.93
2026-05-25T13:23:25.9480000,23.62,81.77,101.93
2026-05-25T13:23:26.9890000,23.62,81.77,101.93
2026-05-25T13:23:28.0290000,23.62,81.75,101.93
2026-05-25T13:23:29.0700000,23.62,81.75,101.929
2026-05-25T13:23:30.1210000,23.62,81.73,101.929
2026-05-25T13:23:31.1620000,23.62,81.74,101.929
2026-05-25T13:23:32.2030000,23.62,81.73,101.929
2026-05-25T13:23:33.2440000,23.62,81.73,101.928
2026-05-25T13:23:34.2850000,23.61,81.68,101.928
2026-05-25T13:23:35.3250000,23.61,81.66,101.928
2026-05-25T13:23:36.3770000,23.61,81.63,101.928
2026-05-25T13:23:37.4800000,23.61,81.58,101.928
2026-05-25T13:23:38.4580000,23.61,81.55,101.928
2026-05-25T13:23:39.4990000,23.61,81.52,101.928
2026-05-25T13:23:40.5400000,23.61,81.5,101.928
2026-05-25T13:23:41.5810000,23.6,81.47,101.927
2026-05-25T13:23:42.6320000,23.6,81.44,101.927
2026-05-25T13:23:43.6730000,23.6,81.43,101.927
2026-05-25T13:23:44.7130000,23.6,81.39,101.927
2026-05-25T13:23:45.7540000,23.6,81.37,101.927
2026-05-25T13:23:46.7950000,23.6,81.31,101.926
2026-05-25T13:23:47.8460000,23.6,81.29,101.925
2026-05-25T13:23:48.8870000,23.6,81.26,101.925
2026-05-25T13:23:50.9690000,23.6,81.27,101.926
2026-05-25T13:23:52.0200000,23.6,81.23,101.926
2026-05-25T13:23:53.0510000,23.6,81.19,101.926
2026-05-25T13:23:54.0910000,23.6,81.17,101.926
2026-05-25T13:23:55.1430000,23.6,81.16,101.926
2026-05-25T13:23:56.1840000,23.6,81.15,101.926
2026-05-25T13:23:57.2240000,23.6,81.12,101.926
2026-05-25T13:23:59.3060000,23.6,81.07,101.926
2026-05-25T13:24:00.3470000,23.6,81.03,101.926
2026-05-25T13:24:01.3980000,23.6,81.04,101.926
2026-05-25T13:24:02.4390000,23.6,81.02,101.926
2026-05-25T13:24:03.4800000,23.59,80.97,101.925
2026-05-25T13:24:04.5210000,23.59,80.99,101.925
2026-05-25T13:24:05.5930000,23.59,80.88,101.925
2026-05-25T13:24:06.6020000,23.59,80.87,101.925
2026-05-25T13:24:07.6530000,23.59,80.85,101.925
2026-05-25T13:24:08.6940000,23.59,80.83,101.925
2026-05-25T13:24:09.7350000,23.59,80.8,101.925
2026-05-25T13:24:10.7750000,23.59,80.79,101.925
2026-05-25T13:24:11.8160000,23.59,80.77,101.925
2026-05-25T13:24:12.8680000,23.59,80.84,101.926
2026-05-25T13:24:13.9080000,23.59,80.75,101.925
2026-05-25T13:24:14.9490000,23.58,80.72,101.925
2026-05-25T13:24:15.9900000,23.59,80.7,101.925
2026-05-25T13:24:17.0310000,23.58,80.68,101.925
2026-05-25T13:24:18.0720000,23.59,80.7,101.925
2026-05-25T13:24:19.1650000,23.59,80.65,101.925
2026-05-25T13:24:20.1640000,23.59,80.64,101.925
2026-05-25T13:24:21.2040000,23.59,80.62,101.925
2026-05-25T13:24:22.2450000,23.59,80.62,101.925
2026-05-25T13:24:23.2860000,23.59,80.6,101.925
2026-05-25T13:24:24.3270000,23.59,80.58,101.924
2026-05-25T13:24:25.3780000,23.59,80.56,101.924
2026-05-25T13:24:26.4190000,23.58,80.58,101.924
2026-05-25T13:24:27.4600000,23.58,80.52,101.924
2026-05-25T13:24:28.5000000,23.58,80.49,101.924
2026-05-25T13:24:29.5410000,23.58,80.49,101.924
2026-05-25T13:24:30.5920000,23.58,80.49,101.924
2026-05-25T13:24:31.6330000,23.58,80.43,101.923
2026-05-25T13:24:32.7370000,23.58,80.47,101.923
2026-05-25T13:24:33.7140000,23.58,80.4,101.922
2026-05-25T13:24:34.7550000,23.58,80.38,101.922
2026-05-25T13:24:35.7960000,23.58,80.35,101.921
2026-05-25T13:24:36.8470000,23.58,80.34,101.922
2026-05-25T13:24:37.8880000,23.58,80.31,101.922
2026-05-25T13:24:38.9290000,23.58,80.29,101.923
2026-05-25T13:24:39.9700000,23.58,80.28,101.922
2026-05-25T13:24:41.0100000,23.58,80.26,101.921
2026-05-25T13:24:42.0510000,23.58,80.24,101.921
2026-05-25T13:24:43.1030000,23.58,80.21,101.921
2026-05-25T13:24:44.1430000,23.58,80.23,101.921
2026-05-25T13:24:46.2250000,23.58,80.18,101.921
2026-05-25T13:24:47.2800000,23.58,80.15,101.922
2026-05-25T13:24:48.3100000,23.58,80.12,101.922
2026-05-25T13:24:49.3510000,23.58,80.11,101.922
2026-05-25T13:24:50.3920000,23.58,80.09,101.922
2026-05-25T13:24:51.4430000,23.58,80.07,101.921
2026-05-25T13:24:52.4840000,23.58,80.04,101.921
2026-05-25T13:24:53.5250000,23.58,80.02,101.921
2026-05-25T13:24:54.5650000,23.57,80.07,101.921
2026-05-25T13:24:55.6060000,23.57,80,101.921
2026-05-25T13:24:56.6470000,23.57,79.99,101.92
2026-05-25T13:24:57.6980000,23.57,79.98,101.92
2026-05-25T13:24:58.7390000,23.57,79.96,101.921
2026-05-25T13:24:59.7800000,23.57,79.92,101.921
2026-05-25T13:25:00.8480000,23.57,79.87,101.92
2026-05-25T13:25:01.8680000,23.57,79.87,101.919
2026-05-25T13:25:02.9090000,23.57,79.87,101.919
2026-05-25T13:25:03.9500000,23.57,79.86,101.919
2026-05-25T13:25:04.9910000,23.57,79.86,101.919
2026-05-25T13:25:06.0320000,23.57,79.84,101.919
2026-05-25T13:25:07.0830000,23.57,79.84,101.92
2026-05-25T13:25:08.1240000,23.57,79.86,101.92
2026-05-25T13:25:09.1650000,23.57,79.8,101.919
2026-05-25T13:25:10.2060000,23.57,79.78,101.919
2026-05-25T13:25:11.2470000,23.57,79.76,101.92
2026-05-25T13:25:12.2880000,23.57,79.79,101.919
2026-05-25T13:25:13.3280000,23.57,79.78,101.919
2026-05-25T13:25:14.4220000,23.57,79.77,101.918
2026-05-25T13:25:15.4200000,23.57,79.76,101.918
2026-05-25T13:25:16.4610000,23.57,79.76,101.918
2026-05-25T13:25:17.5020000,23.57,79.76,101.917
2026-05-25T13:25:18.5420000,23.57,79.74,101.917
2026-05-25T13:25:19.5940000,23.57,79.72,101.917
2026-05-25T13:25:20.6340000,23.57,79.71,101.918
2026-05-25T13:25:21.6750000,23.57,79.71,101.917
2026-05-25T13:25:22.7160000,23.57,79.7,101.917
2026-05-25T13:25:23.7570000,23.57,79.64,101.917
2026-05-25T13:25:24.7980000,23.57,79.67,101.917
2026-05-25T13:25:25.8490000,23.57,79.6,101.917
2026-05-25T13:25:26.8900000,23.57,79.66,101.917
2026-05-25T13:25:27.9930000,23.57,79.59,101.918
2026-05-25T13:25:28.9710000,23.57,79.62,101.917
2026-05-25T13:25:30.0120000,23.57,79.61,101.917
2026-05-25T13:25:31.0530000,23.57,79.6,101.917
2026-05-25T13:25:32.1040000,23.57,79.58,101.917
2026-05-25T13:25:33.1450000,23.57,79.57,101.917
2026-05-25T13:25:34.1860000,23.57,79.55,101.917
2026-05-25T13:25:35.2260000,23.57,79.53,101.917
2026-05-25T13:25:36.2670000,23.57,79.53,101.917
2026-05-25T13:25:37.3080000,23.57,79.52,101.917
2026-05-25T13:25:38.3590000,23.57,79.49,101.917
2026-05-25T13:25:39.4000000,23.57,79.47,101.917
2026-05-25T13:25:40.4410000,23.57,79.46,101.916
2026-05-25T13:25:41.4810000,23.57,79.44,101.916
2026-05-25T13:25:42.5360000,23.57,79.44,101.915
2026-05-25T13:25:43.5660000,23.57,79.4,101.915
2026-05-25T13:25:44.6070000,23.57,79.4,101.915
2026-05-25T13:25:45.6580000,23.57,79.39,101.915
2026-05-25T13:25:46.6990000,23.57,79.38,101.915
2026-05-25T13:25:47.7400000,23.57,79.37,101.915
2026-05-25T13:25:48.7810000,23.57,79.36,101.915
2026-05-25T13:25:49.8210000,23.57,79.34,101.914
2026-05-25T13:25:50.8620000,23.57,79.32,101.915
2026-05-25T13:25:51.9130000,23.57,79.33,101.914
2026-05-25T13:25:52.9540000,23.56,79.34,101.913
2026-05-25T13:25:53.9950000,23.56,79.31,101.913
2026-05-25T13:25:55.0360000,23.56,79.35,101.913
2026-05-25T13:25:56.1080000,23.56,79.26,101.914
2026-05-25T13:25:57.1180000,23.57,79.26,101.915
2026-05-25T13:25:58.1690000,23.56,79.24,101.915
2026-05-25T13:25:59.2100000,23.56,79.22,101.915
2026-05-25T13:26:00.2510000,23.56,79.21,101.914
2026-05-25T13:26:01.2910000,23.57,79.2,101.915
2026-05-25T13:26:02.3320000,23.56,79.18,101.915
2026-05-25T13:26:03.3730000,23.56,79.12,101.915
2026-05-25T13:26:04.4240000,23.56,79.16,101.914
2026-05-25T13:26:05.4650000,23.56,79.15,101.914
2026-05-25T13:26:06.5060000,23.56,79.13,101.914
2026-05-25T13:26:07.5460000,23.56,79.13,101.915
2026-05-25T13:26:08.5870000,23.56,79.11,101.914
2026-05-25T13:26:09.6800000,23.56,79.07,101.914
2026-05-25T13:26:10.6790000,23.56,79.06,101.913
2026-05-25T13:26:11.7200000,23.56,79.04,101.914
2026-05-25T13:26:12.7610000,23.56,79.04,101.913
2026-05-25T13:26:13.8020000,23.56,79.01,101.913
2026-05-25T13:26:14.8420000,23.56,78.99,101.914
2026-05-25T13:26:15.8930000,23.56,78.97,101.914
2026-05-25T13:26:16.9340000,23.56,78.98,101.913
2026-05-25T13:26:17.9750000,23.56,78.95,101.914
2026-05-25T13:26:19.0160000,23.56,78.96,101.914
2026-05-25T13:26:20.0570000,23.56,78.94,101.914
2026-05-25T13:26:21.1080000,23.56,78.98,101.914
2026-05-25T13:26:22.1490000,23.56,78.94,101.914
2026-05-25T13:26:23.2490000,23.56,78.88,101.914
2026-05-25T13:26:24.2270000,23.56,78.91,101.913
2026-05-25T13:26:25.2780000,23.56,78.89,101.913
2026-05-25T13:26:26.3190000,23.56,78.88,101.913
2026-05-25T13:26:27.3600000,23.56,78.86,101.913
2026-05-25T13:26:28.4000000,23.56,78.86,101.913
2026-05-25T13:26:29.4410000,23.56,78.84,101.913
2026-05-25T13:26:30.4820000,23.56,78.84,101.913
2026-05-25T13:26:31.5330000,23.56,78.8,101.913
2026-05-25T13:26:32.5740000,23.56,78.85,101.913
2026-05-25T13:26:33.6150000,23.56,78.76,101.913
2026-05-25T13:26:34.6560000,23.56,78.76,101.913
2026-05-25T13:26:35.6970000,23.56,78.82,101.913
2026-05-25T13:26:36.7370000,23.56,78.77,101.913
2026-05-25T13:26:37.7920000,23.56,78.76,101.913
2026-05-25T13:26:38.8220000,23.56,78.74,101.913
2026-05-25T13:26:39.8740000,23.56,78.72,101.912
2026-05-25T13:26:40.9140000,23.56,78.72,101.913
2026-05-25T13:26:41.9550000,23.56,78.71,101.912
2026-05-25T13:26:42.9960000,23.56,78.71,101.913
2026-05-25T13:26:44.0370000,23.56,78.7,101.913
2026-05-25T13:26:45.0780000,23.56,78.63,101.913
2026-05-25T13:26:46.1290000,23.56,78.67,101.912
2026-05-25T13:26:47.1700000,23.56,78.63,101.912
2026-05-25T13:26:48.2110000,23.56,78.65,101.912
2026-05-25T13:26:49.2510000,23.56,78.63,101.912
2026-05-25T13:26:50.2920000,23.56,78.59,101.912
2026-05-25T13:26:51.3650000,23.56,78.58,101.912
2026-05-25T13:26:52.3840000,23.56,78.57,101.912
2026-05-25T13:26:53.4250000,23.56,78.56,101.912
2026-05-25T13:26:54.4660000,23.56,78.55,101.912
2026-05-25T13:26:55.5070000,23.56,78.54,101.912
2026-05-25T13:26:56.5470000,23.56,78.51,101.911
2026-05-25T13:26:57.5980000,23.56,78.52,101.911
2026-05-25T13:26:58.6390000,23.56,78.53,101.912
2026-05-25T13:26:59.6800000,23.56,78.49,101.911
2026-05-25T13:27:00.7210000,23.56,78.49,101.911
2026-05-25T13:27:01.7620000,23.56,78.49,101.911
2026-05-25T13:27:02.8020000,23.56,78.46,101.912
2026-05-25T13:27:03.8540000,23.56,78.46,101.91
2026-05-25T13:27:04.9370000,23.56,78.46,101.91
2026-05-25T13:27:05.9350000,23.56,78.44,101.91
2026-05-25T13:27:06.9760000,23.56,78.42,101.911
2026-05-25T13:27:08.0170000,23.56,78.4,101.911
2026-05-25T13:27:09.0680000,23.56,78.39,101.911
2026-05-25T13:27:10.1090000,23.56,78.38,101.911
2026-05-25T13:27:11.1500000,23.56,78.37,101.911
2026-05-25T13:27:12.1910000,23.56,78.36,101.911
2026-05-25T13:27:13.2320000,23.56,78.35,101.911
2026-05-25T13:27:14.2720000,23.56,78.35,101.91
2026-05-25T13:27:15.3240000,23.56,78.3,101.91
2026-05-25T13:27:16.3640000,23.56,78.32,101.911
2026-05-25T13:27:17.4050000,23.56,78.33,101.91
2026-05-25T13:27:18.5090000,23.56,78.3,101.91
2026-05-25T13:27:19.4860000,23.56,78.27,101.91
2026-05-25T13:27:20.5270000,23.56,78.27,101.909
2026-05-25T13:27:21.5780000,23.56,78.27,101.909
2026-05-25T13:27:22.6190000,23.56,78.26,101.91
2026-05-25T13:27:23.6600000,23.56,78.23,101.91
2026-05-25T13:27:24.7010000,23.56,78.23,101.91
2026-05-25T13:27:25.7420000,23.56,78.22,101.91
2026-05-25T13:27:26.7930000,23.56,78.21,101.91
2026-05-25T13:27:27.8340000,23.56,78.23,101.91
2026-05-25T13:27:28.8740000,23.56,78.17,101.909
2026-05-25T13:27:29.9150000,23.56,78.19,101.909
2026-05-25T13:27:30.9560000,23.56,78.19,101.91
2026-05-25T13:27:31.9970000,23.56,78.13,101.91
2026-05-25T13:27:33.0520000,23.56,78.18,101.91
2026-05-25T13:27:34.0820000,23.56,78.18,101.91
2026-05-25T13:27:35.1330000,23.56,78.17,101.91
2026-05-25T13:27:36.1740000,23.56,78.16,101.91
2026-05-25T13:27:37.2150000,23.56,78.16,101.909
2026-05-25T13:27:38.2550000,23.56,78.15,101.91
2026-05-25T13:27:39.2960000,23.56,78.13,101.91
2026-05-25T13:27:40.3370000,23.56,78.16,101.91
2026-05-25T13:27:41.3880000,23.56,78.13,101.91
2026-05-25T13:27:42.4290000,23.56,78.17,101.909
2026-05-25T13:27:43.4700000,23.56,78.09,101.909
2026-05-25T13:27:44.5100000,23.56,78.11,101.909
2026-05-25T13:27:45.5510000,23.56,78.11,101.909
2026-05-25T13:27:46.6230000,23.56,78.07,101.908
2026-05-25T13:27:47.6430000,23.56,78.06,101.909
2026-05-25T13:27:48.6840000,23.56,78.06,101.909
2026-05-25T13:27:49.7250000,23.56,78.04,101.909
2026-05-25T13:27:50.7650000,23.56,78.03,101.91
2026-05-25T13:27:51.8060000,23.56,78.02,101.911
2026-05-25T13:27:52.8470000,23.56,78.02,101.91
2026-05-25T13:27:53.8980000,23.56,77.96,101.911
2026-05-25T13:27:54.9390000,23.56,78.03,101.911
2026-05-25T13:27:55.9800000,23.56,77.96,101.911
2026-05-25T13:27:57.0210000,23.56,77.97,101.911
2026-05-25T13:27:58.0620000,23.56,77.99,101.91
2026-05-25T13:27:59.1030000,23.56,77.97,101.911
2026-05-25T13:28:00.1930000,23.56,77.97,101.91
2026-05-25T13:28:01.1920000,23.56,77.96,101.91
2026-05-25T13:28:02.2320000,23.56,77.95,101.909
2026-05-25T13:28:03.2840000,23.56,77.94,101.91
2026-05-25T13:28:04.3240000,23.56,77.92,101.91
2026-05-25T13:28:05.3650000,23.56,77.92,101.91
2026-05-25T13:28:06.4060000,23.56,77.91,101.91
2026-05-25T13:28:07.4470000,23.56,77.9,101.91
2026-05-25T13:28:08.4870000,23.56,77.89,101.91
2026-05-25T13:28:09.5390000,23.56,77.88,101.91
2026-05-25T13:28:10.5820000,23.56,77.88,101.91
2026-05-25T13:28:11.6230000,23.56,77.88,101.91
2026-05-25T13:28:12.6630000,23.56,77.84,101.91
2026-05-25T13:28:13.7670000,23.57,77.86,101.911
2026-05-25T13:28:14.7450000,23.57,77.82,101.911
2026-05-25T13:28:15.7860000,23.57,77.81,101.911
2026-05-25T13:28:16.8370000,23.57,77.8,101.911
2026-05-25T13:28:17.8780000,23.57,77.8,101.911
2026-05-25T13:28:18.9190000,23.57,77.79,101.911
2026-05-25T13:28:19.9600000,23.56,77.77,101.911
2026-05-25T13:28:21.0000000,23.56,77.77,101.91
2026-05-25T13:28:22.0410000,23.56,77.76,101.91
2026-05-25T13:28:23.0930000,23.56,77.76,101.91
2026-05-25T13:28:24.1330000,23.56,77.71,101.91
2026-05-25T13:28:25.1740000,23.56,77.73,101.911
2026-05-25T13:28:26.2150000,23.56,77.75,101.91
2026-05-25T13:28:27.2550000,23.56,77.69,101.91
2026-05-25T13:28:28.3070000,23.56,77.7,101.91
2026-05-25T13:28:29.3470000,23.56,77.69,101.91
2026-05-25T13:28:30.3880000,23.56,77.67,101.91
2026-05-25T13:28:31.4290000,23.56,77.66,101.91
2026-05-25T13:28:32.4700000,23.56,77.66,101.91
2026-05-25T13:28:33.5110000,23.56,77.63,101.91
2026-05-25T13:28:34.5620000,23.56,77.64,101.909
2026-05-25T13:28:35.6030000,23.56,77.61,101.908
2026-05-25T13:28:36.6430000,23.56,77.62,101.908
2026-05-25T13:28:37.6840000,23.56,77.58,101.908
2026-05-25T13:28:38.7250000,23.56,77.6,101.908
2026-05-25T13:28:39.7760000,23.56,77.61,101.908
2026-05-25T13:28:40.8170000,23.56,77.55,101.908
2026-05-25T13:28:41.8790000,23.56,77.55,101.908
2026-05-25T13:28:42.8990000,23.56,77.57,101.908
2026-05-25T13:28:43.9400000,23.56,77.55,101.908
2026-05-25T13:28:44.9800000,23.56,77.56,101.907
2026-05-25T13:28:46.0320000,23.56,77.54,101.908
2026-05-25T13:28:47.0720000,23.57,77.54,101.908
2026-05-25T13:28:48.1130000,23.57,77.54,101.909
2026-05-25T13:28:49.1540000,23.57,77.56,101.908
2026-05-25T13:28:50.1950000,23.57,77.49,101.908
2026-05-25T13:28:51.2350000,23.57,77.45,101.908
2026-05-25T13:28:52.2870000,23.56,77.47,101.908
2026-05-25T13:28:53.3280000,23.56,77.47,101.907
2026-05-25T13:28:54.3680000,23.56,77.49,101.907
2026-05-25T13:28:55.4510000,23.56,77.45,101.906
2026-05-25T13:28:56.4500000,23.56,77.43,101.906
2026-05-25T13:28:57.4910000,23.56,77.43,101.906
2026-05-25T13:28:58.5420000,23.57,77.41,101.906
2026-05-25T13:28:59.5830000,23.57,77.4,101.906
2026-05-25T13:29:00.6240000,23.57,77.4,101.907
2026-05-25T13:29:01.6640000,23.57,77.39,101.907
2026-05-25T13:29:02.7050000,23.57,77.32,101.907
2026-05-25T13:29:03.7460000,23.56,77.37,101.907
2026-05-25T13:29:04.7970000,23.57,77.38,101.907
2026-05-25T13:29:05.8380000,23.57,77.34,101.907
2026-05-25T13:29:06.8790000,23.56,77.36,101.907
2026-05-25T13:29:07.9200000,23.57,77.31,101.907
2026-05-25T13:29:09.0200000,23.56,77.29,101.907
2026-05-25T13:29:10.0080000,23.56,77.31,101.908
2026-05-25T13:29:11.0490000,23.56,77.3,101.907
2026-05-25T13:29:12.0900000,23.56,77.29,101.907
2026-05-25T13:29:13.1310000,23.56,77.28,101.907
2026-05-25T13:29:14.1820000,23.56,77.27,101.907
2026-05-25T13:29:15.2220000,23.56,77.26,101.906
2026-05-25T13:29:16.2630000,23.56,77.25,101.906
2026-05-25T13:29:17.3040000,23.56,77.23,101.906
2026-05-25T13:29:18.3450000,23.56,77.25,101.905
2026-05-25T13:29:19.3850000,23.56,77.2,101.904
2026-05-25T13:29:20.4370000,23.56,77.23,101.904
2026-05-25T13:29:21.4780000,23.56,77.19,101.905
2026-05-25T13:29:22.5190000,23.56,77.18,101.905
2026-05-25T13:29:23.5630000,23.57,77.16,101.905
2026-05-25T13:29:24.6040000,23.57,77.18,101.906
2026-05-25T13:29:25.6440000,23.57,77.18,101.905
2026-05-25T13:29:27.7260000,23.57,77.17,101.906
2026-05-25T13:29:28.7770000,23.57,77.16,101.906
2026-05-25T13:29:29.8180000,23.57,77.16,101.906
2026-05-25T13:29:30.8590000,23.57,77.17,101.905
2026-05-25T13:29:31.9000000,23.57,77.16,101.904
2026-05-25T13:29:32.9410000,23.57,77.16,101.904
2026-05-25T13:29:33.9920000,23.57,77.17,101.904
2026-05-25T13:29:35.0330000,23.57,77.12,101.904
2026-05-25T13:29:36.0730000,23.57,77.15,101.903
2026-05-25T13:29:37.1320000,23.57,77.13,101.904
2026-05-25T13:29:38.1620000,23.57,77.1,101.904
2026-05-25T13:29:39.2030000,23.57,77.09,101.903
2026-05-25T13:29:40.2440000,23.57,77.09,101.903
2026-05-25T13:29:41.2850000,23.57,77.08,101.903
2026-05-25T13:29:42.3260000,23.57,77.06,101.903
2026-05-25T13:29:43.3770000,23.57,77.06,101.903
2026-05-25T13:29:44.4180000,23.57,77.03,101.903
2026-05-25T13:29:45.4590000,23.57,77.05,101.902
2026-05-25T13:29:46.4990000,23.57,77.04,101.902
2026-05-25T13:29:47.5400000,23.57,77.04,101.902
2026-05-25T13:29:48.5810000,23.57,77.06,101.902
2026-05-25T13:29:49.6320000,23.57,77.03,101.902
2026-05-25T13:29:50.7040000,23.57,77.03,101.902
2026-05-25T13:29:51.7140000,23.57,77.05,101.902
2026-05-25T13:29:52.7550000,23.57,77.05,101.902
2026-05-25T13:29:53.7960000,23.57,77.03,101.902
2026-05-25T13:29:54.8360000,23.57,77.03,101.903
2026-05-25T13:29:55.8880000,23.57,77.02,101.903
2026-05-25T13:29:56.9290000,23.57,77.02,101.903
2026-05-25T13:29:57.9690000,23.57,77.04,101.902
2026-05-25T13:29:59.0100000,23.57,77.01,101.902
2026-05-25T13:30:00.0510000,23.57,76.98,101.901
2026-05-25T13:30:01.0910000,23.57,77.03,101.901
2026-05-25T13:30:02.1430000,23.57,77,101.901
2026-05-25T13:30:03.1830000,23.57,76.97,101.901
2026-05-25T13:30:04.2770000,23.57,76.96,101.901
2026-05-25T13:30:05.2650000,23.57,76.97,101.9
2026-05-25T13:30:06.3060000,23.57,76.96,101.901
2026-05-25T13:30:07.3570000,23.57,76.96,101.901
2026-05-25T13:30:08.3980000,23.57,76.96,101.9
2026-05-25T13:30:09.4390000,23.57,76.95,101.901
2026-05-25T13:30:10.4790000,23.57,76.95,101.899
2026-05-25T13:30:11.5200000,23.57,76.93,101.899
2026-05-25T13:30:12.5610000,23.57,76.92,101.9
2026-05-25T13:30:13.6120000,23.57,76.91,101.9
2026-05-25T13:30:14.6530000,23.57,76.94,101.9
2026-05-25T13:30:15.6940000,23.57,76.89,101.9
2026-05-25T13:30:16.7350000,23.57,76.9,101.9
2026-05-25T13:30:17.7760000,23.57,76.88,101.901
2026-05-25T13:30:18.8160000,23.57,76.87,101.901
2026-05-25T13:30:19.8670000,23.57,76.87,101.901
2026-05-25T13:30:20.9080000,23.57,76.85,101.9
2026-05-25T13:30:21.9490000,23.57,76.84,101.9
2026-05-25T13:30:22.9900000,23.57,76.85,101.9
2026-05-25T13:30:24.0300000,23.57,76.84,101.899
2026-05-25T13:30:25.0810000,23.57,76.81,101.899
2026-05-25T13:30:26.1220000,23.57,76.81,101.899
2026-05-25T13:30:28.2040000,23.57,76.84,101.899
2026-05-25T13:30:29.2450000,23.58,76.82,101.9
2026-05-25T13:30:30.2960000,23.58,76.81,101.899
2026-05-25T13:30:31.3370000,23.58,76.75,101.9
2026-05-25T13:30:32.3880000,23.58,76.79,101.9
2026-05-25T13:30:33.4190000,23.58,76.76,101.899
2026-05-25T13:30:34.4590000,23.57,76.77,101.899
2026-05-25T13:30:35.5000000,23.57,76.75,101.899
2026-05-25T13:30:36.5510000,23.57,76.74,101.899
2026-05-25T13:30:37.5920000,23.58,76.74,101.899
2026-05-25T13:30:38.6330000,23.58,76.71,101.9
2026-05-25T13:30:39.6740000,23.58,76.67,101.899
2026-05-25T13:30:40.7150000,23.58,76.72,101.9
2026-05-25T13:30:41.7560000,23.58,76.7,101.899
2026-05-25T13:30:42.8070000,23.58,76.67,101.9
2026-05-25T13:30:43.8480000,23.58,76.64,101.899
2026-05-25T13:30:44.8890000,23.58,76.63,101.899
2026-05-25T13:30:45.9610000,23.58,76.64,101.898
2026-05-25T13:30:46.9700000,23.58,76.63,101.898
2026-05-25T13:30:48.0210000,23.58,76.63,101.899
2026-05-25T13:30:49.0620000,23.58,76.62,101.899
2026-05-25T13:30:50.1030000,23.58,76.62,101.899
2026-05-25T13:30:51.1440000,23.58,76.62,101.9
2026-05-25T13:30:52.1840000,23.58,76.6,101.899
2026-05-25T13:30:53.2250000,23.58,76.58,101.899
2026-05-25T13:30:54.2760000,23.58,76.57,101.898
2026-05-25T13:30:55.3170000,23.58,76.56,101.899
2026-05-25T13:30:56.3580000,23.58,76.54,101.9
2026-05-25T13:30:57.3990000,23.58,76.58,101.899
2026-05-25T13:30:58.4400000,23.58,76.58,101.898
2026-05-25T13:30:59.5330000,23.58,76.56,101.898
2026-05-25T13:31:00.5320000,23.58,76.51,101.898
2026-05-25T13:31:01.5730000,23.58,76.5,101.897
2026-05-25T13:31:02.6130000,23.58,76.49,101.898
2026-05-25T13:31:03.6540000,23.58,76.48,101.898
2026-05-25T13:31:04.6950000,23.58,76.47,101.898
2026-05-25T13:31:05.7360000,23.58,76.46,101.898
2026-05-25T13:31:06.7870000,23.58,76.45,101.897
2026-05-25T13:31:07.8280000,23.58,76.43,101.897
2026-05-25T13:31:08.8690000,23.58,76.43,101.897
2026-05-25T13:31:09.9100000,23.58,76.42,101.897
2026-05-25T13:31:10.9510000,23.58,76.42,101.897
2026-05-25T13:31:11.9910000,23.58,76.37,101.897
2026-05-25T13:31:13.1050000,23.58,76.36,101.896
2026-05-25T13:31:14.0830000,23.58,76.35,101.896
2026-05-25T13:31:15.1240000,23.58,76.36,101.896
2026-05-25T13:31:16.1650000,23.58,76.35,101.896
2026-05-25T13:31:17.2050000,23.58,76.35,101.895
2026-05-25T13:31:18.2570000,23.58,76.34,101.896
2026-05-25T13:31:19.2980000,23.58,76.32,101.896
2026-05-25T13:31:20.3380000,23.58,76.32,101.896
2026-05-25T13:31:21.3790000,23.58,76.28,101.897
2026-05-25T13:31:22.4200000,23.58,76.32,101.897
2026-05-25T13:31:23.4610000,23.58,76.32,101.897
2026-05-25T13:31:24.5120000,23.58,76.29,101.896
2026-05-25T13:31:25.5530000,23.58,76.28,101.896
2026-05-25T13:31:26.5940000,23.58,76.32,101.896
2026-05-25T13:31:27.6480000,23.58,76.26,101.896
2026-05-25T13:31:28.6790000,23.58,76.23,101.896
2026-05-25T13:31:29.7190000,23.58,76.22,101.896
2026-05-25T13:31:30.7600000,23.58,76.22,101.896
2026-05-25T13:31:31.8010000,23.58,76.21,101.896
2026-05-25T13:31:32.8520000,23.58,76.2,101.896
2026-05-25T13:31:33.8930000,23.58,76.2,101.896
2026-05-25T13:31:34.9340000,23.58,76.19,101.896
2026-05-25T13:31:35.9740000,23.58,76.18,101.896
2026-05-25T13:31:37.0150000,23.58,76.15,101.896
2026-05-25T13:31:38.0660000,23.58,76.16,101.896
2026-05-25T13:31:39.1070000,23.58,76.13,101.896
2026-05-25T13:31:40.1480000,23.58,76.17,101.897
2026-05-25T13:31:41.2200000,23.58,76.18,101.897
2026-05-25T13:31:42.2290000,23.58,76.17,101.896
2026-05-25T13:31:43.2700000,23.58,76.17,101.896
2026-05-25T13:31:44.3210000,23.58,76.16,101.894
2026-05-25T13:31:45.3620000,23.58,76.15,101.894
2026-05-25T13:31:46.4030000,23.59,76.13,101.894
2026-05-25T13:31:47.4440000,23.59,76.13,101.894
2026-05-25T13:31:48.4850000,23.59,76.12,101.894
2026-05-25T13:31:49.5360000,23.59,76.14,101.894
2026-05-25T13:31:50.5770000,23.59,76.12,101.893
2026-05-25T13:31:51.6180000,23.59,76.09,101.893
2026-05-25T13:31:52.6580000,23.59,76.07,101.893
2026-05-25T13:31:53.6990000,23.59,76.09,101.893
2026-05-25T13:31:54.7930000,23.59,76.08,101.893
2026-05-25T13:31:55.7910000,23.59,76.06,101.893
2026-05-25T13:31:56.8320000,23.59,76.05,101.894
2026-05-25T13:31:57.8730000,23.59,76.07,101.895
2026-05-25T13:31:58.9140000,23.59,76.07,101.895
2026-05-25T13:31:59.9540000,23.59,76.06,101.895
2026-05-25T13:32:00.9950000,23.59,76.06,101.895
2026-05-25T13:32:02.0460000,23.59,76.05,101.895
2026-05-25T13:32:03.0870000,23.59,76.04,101.894
2026-05-25T13:32:04.1280000,23.59,76.06,101.894
2026-05-25T13:32:05.1690000,23.59,76.06,101.894
2026-05-25T13:32:06.2090000,23.59,76.06,101.894
2026-05-25T13:32:07.2610000,23.59,76.04,101.894
2026-05-25T13:32:08.3640000,23.59,76.02,101.895
2026-05-25T13:32:09.3420000,23.59,76.02,101.895
2026-05-25T13:32:10.3830000,23.59,76.02,101.895
2026-05-25T13:32:11.4240000,23.59,76.02,101.894
2026-05-25T13:32:12.4650000,23.59,76.04,101.893
2026-05-25T13:32:13.5160000,23.59,76.03,101.894
2026-05-25T13:32:14.5570000,23.59,76.03,101.894
2026-05-25T13:32:15.5980000,23.59,76.06,101.894
2026-05-25T13:32:16.6390000,23.59,76.06,101.894
2026-05-25T13:32:17.6800000,23.59,76.06,101.894
2026-05-25T13:32:18.7200000,23.59,76.07,101.894
2026-05-25T13:32:19.7720000,23.59,76.08,101.894
2026-05-25T13:32:20.8120000,23.59,76.09,101.894
2026-05-25T13:32:21.8530000,23.59,76.05,101.894
2026-05-25T13:32:22.9080000,23.59,76.05,101.893
2026-05-25T13:32:23.9380000,23.59,76.08,101.893
2026-05-25T13:32:24.9780000,23.59,76.09,101.893
2026-05-25T13:32:26.0190000,23.59,76.08,101.893
2026-05-25T13:32:27.0700000,23.59,76.09,101.893
2026-05-25T13:32:28.1110000,23.59,76.11,101.892
2026-05-25T13:32:29.1520000,23.59,76.11,101.891
2026-05-25T13:32:30.1930000,23.6,76.09,101.892
2026-05-25T13:32:31.2340000,23.6,76.13,101.892
2026-05-25T13:32:32.2850000,23.6,76.12,101.892
2026-05-25T13:32:33.3260000,23.6,76.15,101.892
2026-05-25T13:32:34.3660000,23.6,76.15,101.892
2026-05-25T13:32:35.4070000,23.6,76.18,101.892
2026-05-25T13:32:36.4830000,23.6,76.19,101.891
2026-05-25T13:32:37.4920000,23.6,76.2,101.891
2026-05-25T13:32:38.5330000,23.6,76.24,101.892
2026-05-25T13:32:39.5740000,23.6,76.24,101.893
2026-05-25T13:32:40.6250000,23.6,76.26,101.892
2026-05-25T13:32:41.6660000,23.6,76.27,101.893
2026-05-25T13:32:42.7070000,23.6,76.28,101.892
2026-05-25T13:32:43.7480000,23.6,76.28,101.893
2026-05-25T13:32:44.7880000,23.6,76.29,101.893
2026-05-25T13:32:45.8290000,23.6,76.31,101.893
2026-05-25T13:32:46.8800000,23.6,76.35,101.892
2026-05-25T13:32:47.9210000,23.6,76.41,101.892
2026-05-25T13:32:48.9620000,23.6,76.39,101.891
2026-05-25T13:32:50.0550000,23.61,76.41,101.892
2026-05-25T13:32:51.0440000,23.61,76.47,101.891
2026-05-25T13:32:52.0950000,23.61,76.48,101.891
2026-05-25T13:32:53.1360000,23.61,76.49,101.891
2026-05-25T13:32:54.1760000,23.61,76.51,101.892
2026-05-25T13:32:55.2170000,23.61,76.52,101.891
2026-05-25T13:32:56.2580000,23.61,76.54,101.891
2026-05-25T13:32:57.2990000,23.61,76.55,101.891
2026-05-25T13:32:58.3500000,23.61,76.57,101.891
2026-05-25T13:32:59.3910000,23.61,76.61,101.891
2026-05-25T13:33:00.4320000,23.61,76.56,101.89
2026-05-25T13:33:01.4730000,23.62,76.64,101.891
2026-05-25T13:33:02.5130000,23.61,76.7,101.89
2026-05-25T13:33:03.6270000,23.62,76.77,101.89
2026-05-25T13:33:04.6050000,23.62,76.83,101.889
2026-05-25T13:33:05.6460000,23.62,76.87,101.889
2026-05-25T13:33:06.6870000,23.62,76.91,101.889
2026-05-25T13:33:07.7280000,23.62,76.94,101.888
2026-05-25T13:33:08.7680000,23.62,76.99,101.888
2026-05-25T13:33:09.8190000,23.62,77.03,101.888
2026-05-25T13:33:10.8600000,23.62,77.1,101.888
2026-05-25T13:33:11.9010000,23.62,77.15,101.888
2026-05-25T13:33:12.9420000,23.62,77.24,101.888
2026-05-25T13:33:13.9820000,23.62,77.25,101.887
2026-05-25T13:33:15.0230000,23.62,77.33,101.887
2026-05-25T13:33:16.0740000,23.62,77.31,101.887
2026-05-25T13:33:17.1150000,23.63,77.42,101.887
2026-05-25T13:33:18.1700000,23.63,77.45,101.887
2026-05-25T13:33:19.2000000,23.63,77.52,101.887
2026-05-25T13:33:20.2410000,23.63,77.51,101.886
2026-05-25T13:33:21.2820000,23.63,77.55,101.887
2026-05-25T13:33:22.3230000,23.63,77.58,101.887
2026-05-25T13:33:23.3630000,23.63,77.62,101.887
2026-05-25T13:33:24.4150000,23.63,77.64,101.887
2026-05-25T13:33:25.4550000,23.63,77.69,101.887
2026-05-25T13:33:26.4960000,23.63,77.74,101.887
2026-05-25T13:33:27.5370000,23.63,77.79,101.887
2026-05-25T13:33:29.6190000,23.63,77.91,101.887
2026-05-25T13:33:30.6700000,23.64,77.94,101.887
2026-05-25T13:33:31.7390000,23.64,78.05,101.886
2026-05-25T13:33:32.7480000,23.64,78.12,101.886
2026-05-25T13:33:33.7890000,23.64,78.18,101.886
2026-05-25T13:33:34.8400000,23.64,78.22,101.886
2026-05-25T13:33:35.8810000,23.64,78.25,101.885
2026-05-25T13:33:36.9220000,23.64,78.28,101.886
2026-05-25T13:33:37.9620000,23.64,78.32,101.886
2026-05-25T13:33:39.0030000,23.64,78.34,101.886
2026-05-25T13:33:41.0950000,23.64,78.39,101.885
2026-05-25T13:33:42.1360000,23.64,78.49,101.885
2026-05-25T13:33:43.1770000,23.64,78.49,101.884
2026-05-25T13:33:46.2990000,23.64,78.72,101.884
2026-05-25T13:33:47.3500000,23.64,78.78,101.884
2026-05-25T13:33:48.3910000,23.64,78.82,101.884
2026-05-25T13:33:49.4320000,23.65,78.89,101.885
2026-05-25T13:33:50.4730000,23.65,78.94,101.885
2026-05-25T13:33:51.5140000,23.65,79.01,101.885
2026-05-25T13:33:52.5550000,23.65,79.07,101.884
2026-05-25T13:33:53.6060000,23.65,79.14,101.884
2026-05-25T13:33:54.6470000,23.65,79.2,101.884
2026-05-25T13:33:55.6870000,23.65,79.29,101.884
2026-05-25T13:33:56.7280000,23.65,79.37,101.884
2026-05-25T13:33:57.7690000,23.65,79.4,101.884
2026-05-25T13:33:58.8100000,23.65,79.48,101.884
2026-05-25T13:33:59.8610000,23.66,79.6,101.884
2026-05-25T13:34:00.9020000,23.66,79.67,101.884
2026-05-25T13:34:01.9420000,23.66,79.75,101.884
2026-05-25T13:34:02.9830000,23.66,79.82,101.884
2026-05-25T13:34:04.0240000,23.66,79.91,101.884
2026-05-25T13:34:05.0650000,23.66,79.99,101.884
2026-05-25T13:34:06.1060000,23.66,80.07,101.883
2026-05-25T13:34:07.1570000,23.66,80.15,101.884
2026-05-25T13:34:08.1980000,23.66,80.23,101.885
2026-05-25T13:34:09.2390000,23.66,80.32,101.884
2026-05-25T13:34:10.2790000,23.66,80.37,101.884
2026-05-25T13:34:11.3200000,23.66,80.46,101.883
2026-05-25T13:34:12.3610000,23.66,80.51,101.883
2026-05-25T13:34:13.4260000,23.66,80.63,101.883
2026-05-25T13:34:14.4460000,23.66,80.72,101.883
2026-05-25T13:34:15.4970000,23.66,80.78,101.883
2026-05-25T13:34:16.5380000,23.66,80.85,101.883
2026-05-25T13:34:17.5790000,23.66,80.91,101.883
2026-05-25T13:34:18.6200000,23.65,80.98,101.882
2026-05-25T13:34:19.6600000,23.65,81,101.882
2026-05-25T13:34:20.7010000,23.65,81.02,101.882
2026-05-25T13:34:21.7520000,23.65,81.11,101.883
2026-05-25T13:34:22.7930000,23.65,81.06,101.883
2026-05-25T13:34:23.8340000,23.65,81.16,101.883
2026-05-25T13:34:24.8740000,23.65,81.18,101.883
2026-05-25T13:34:25.9150000,23.65,81.16,101.882
2026-05-25T13:34:27.0010000,23.65,81.23,101.883
2026-05-25T13:34:28.0000000,23.65,81.28,101.884
2026-05-25T13:34:29.0410000,23.65,81.32,101.883
2026-05-25T13:34:30.0920000,23.65,81.34,101.883
2026-05-25T13:34:31.1330000,23.65,81.36,101.883
2026-05-25T13:34:32.1740000,23.65,81.38,101.884
2026-05-25T13:34:33.2140000,23.65,81.39,101.883
2026-05-25T13:34:34.2550000,23.65,81.39,101.883
2026-05-25T13:34:35.2960000,23.65,81.43,101.882
2026-05-25T13:34:36.3370000,23.64,81.43,101.882
2026-05-25T13:34:37.3880000,23.64,81.44,101.881
2026-05-25T13:34:38.4290000,23.64,81.5,101.882
2026-05-25T13:34:39.4700000,23.64,81.5,101.881
2026-05-25T13:34:40.5740000,23.64,81.55,101.881
2026-05-25T13:34:41.5520000,23.64,81.56,101.881
2026-05-25T13:34:42.5930000,23.64,81.55,101.881
2026-05-25T13:34:43.6440000,23.64,81.57,101.881
2026-05-25T13:34:44.6850000,23.64,81.61,101.88
2026-05-25T13:34:45.7250000,23.64,81.65,101.88
2026-05-25T13:34:46.7660000,23.64,81.67,101.88
2026-05-25T13:34:47.8070000,23.64,81.71,101.88
2026-05-25T13:34:48.8480000,23.64,81.74,101.881
2026-05-25T13:34:49.8990000,23.64,81.75,101.88
2026-05-25T13:34:50.9400000,23.64,81.82,101.879
2026-05-25T13:34:51.9800000,23.64,81.75,101.88
2026-05-25T13:34:53.0210000,23.64,81.79,101.88
2026-05-25T13:34:54.0620000,23.64,81.75,101.88
2026-05-25T13:34:55.1170000,23.64,81.8,101.88
2026-05-25T13:34:56.1470000,23.64,81.79,101.88
2026-05-25T13:34:57.1880000,23.64,81.8,101.879
2026-05-25T13:34:58.2290000,23.64,81.82,101.879
2026-05-25T13:34:59.2800000,23.64,81.82,101.879
2026-05-25T13:35:00.3240000,23.64,81.83,101.879
2026-05-25T13:35:01.3640000,23.63,81.84,101.879
2026-05-25T13:35:02.4050000,23.63,81.86,101.879
2026-05-25T13:35:03.4460000,23.63,81.89,101.878
2026-05-25T13:35:04.4870000,23.63,81.87,101.878
2026-05-25T13:35:05.5280000,23.64,81.87,101.879
2026-05-25T13:35:06.5680000,23.63,81.91,101.879
2026-05-25T13:35:07.6200000,23.63,81.94,101.879
2026-05-25T13:35:08.6880000,23.63,81.93,101.878
2026-05-25T13:35:09.6970000,23.64,81.95,101.879
2026-05-25T13:35:10.7380000,23.64,81.95,101.879
2026-05-25T13:35:11.7890000,23.63,81.96,101.878
2026-05-25T13:35:12.8300000,23.63,81.96,101.878
2026-05-25T13:35:13.8710000,23.63,81.99,101.877
2026-05-25T13:35:14.9120000,23.63,82,101.878
2026-05-25T13:35:15.9530000,23.63,82.02,101.877
2026-05-25T13:35:16.9930000,23.64,82.03,101.877
2026-05-25T13:35:18.0340000,23.64,82.05,101.878
2026-05-25T13:35:19.0850000,23.64,82.08,101.878
2026-05-25T13:35:20.1260000,23.64,82.1,101.878
2026-05-25T13:35:21.1670000,23.64,82.05,101.879
2026-05-25T13:35:22.2640000,23.64,82.04,101.878
2026-05-25T13:35:23.2520000,23.64,82.05,101.877
2026-05-25T13:35:24.2930000,23.64,82.07,101.877
2026-05-25T13:35:25.3340000,23.64,82.08,101.878
2026-05-25T13:35:26.3750000,23.64,82.1,101.877
2026-05-25T13:35:27.4260000,23.64,82.11,101.877
2026-05-25T13:35:28.4670000,23.64,82.13,101.877
2026-05-25T13:35:29.5070000,23.64,82.14,101.877
2026-05-25T13:35:30.5480000,23.64,82.17,101.877
2026-05-25T13:35:31.5890000,23.64,82.16,101.877
2026-05-25T13:35:32.6300000,23.64,82.15,101.877
2026-05-25T13:35:33.6710000,23.64,82.16,101.876
2026-05-25T13:35:34.7220000,23.64,82.18,101.877
2026-05-25T13:35:35.7630000,23.64,82.2,101.877
2026-05-25T13:35:36.8070000,23.64,82.25,101.878
2026-05-25T13:35:37.8480000,23.64,82.24,101.877
2026-05-25T13:35:38.8890000,23.64,82.24,101.877
2026-05-25T13:35:39.9300000,23.64,82.24,101.876
2026-05-25T13:35:40.9700000,23.64,82.24,101.876
2026-05-25T13:35:42.0110000,23.64,82.24,101.876
2026-05-25T13:35:43.0620000,23.64,82.24,101.877
2026-05-25T13:35:44.1030000,23.63,82.26,101.876
2026-05-25T13:35:45.1440000,23.64,82.25,101.876
2026-05-25T13:35:46.1850000,23.64,82.28,101.877
2026-05-25T13:35:47.2260000,23.64,82.25,101.876
2026-05-25T13:35:48.2670000,23.64,82.29,101.876
2026-05-25T13:35:49.3070000,23.64,82.28,101.876
2026-05-25T13:35:50.3790000,23.63,82.29,101.876
2026-05-25T13:35:51.3990000,23.63,82.28,101.876
2026-05-25T13:35:52.4400000,23.63,82.29,101.876
2026-05-25T13:35:53.4800000,23.64,82.3,101.876
2026-05-25T13:35:54.5210000,23.63,82.31,101.876
2026-05-25T13:35:55.5720000,23.63,82.33,101.877
2026-05-25T13:35:56.6130000,23.63,82.33,101.878
2026-05-25T13:35:57.6540000,23.63,82.34,101.878
2026-05-25T13:35:58.6940000,23.63,82.37,101.877
2026-05-25T13:35:59.7350000,23.63,82.31,101.877
2026-05-25T13:36:00.7760000,23.63,82.4,101.877
2026-05-25T13:36:01.8170000,23.64,82.4,101.878
2026-05-25T13:36:02.8680000,23.64,82.41,101.877
2026-05-25T13:36:03.9540000,23.64,82.44,101.877
2026-05-25T13:36:04.9530000,23.63,82.44,101.877
2026-05-25T13:36:05.9940000,23.64,82.44,101.878
2026-05-25T13:36:07.0350000,23.63,82.44,101.877
2026-05-25T13:36:08.0750000,23.63,82.43,101.877
2026-05-25T13:36:09.1160000,23.63,82.43,101.877
2026-05-25T13:36:10.1570000,23.63,82.44,101.877
2026-05-25T13:36:11.2080000,23.63,82.44,101.877
2026-05-25T13:36:12.2490000,23.63,82.42,101.878
2026-05-25T13:36:13.2900000,23.63,82.43,101.878
2026-05-25T13:36:14.3310000,23.63,82.44,101.877
2026-05-25T13:36:15.3710000,23.63,82.44,101.877
2026-05-25T13:36:16.4120000,23.63,82.42,101.877
2026-05-25T13:36:17.5260000,23.63,82.38,101.877
2026-05-25T13:36:18.5040000,23.62,82.36,101.876
2026-05-25T13:36:19.5450000,23.62,82.33,101.876
2026-05-25T13:36:20.5860000,23.62,82.3,101.876
2026-05-25T13:36:21.6270000,23.62,82.28,101.877
2026-05-25T13:36:22.6680000,23.62,82.28,101.877
2026-05-25T13:36:23.7090000,23.62,82.28,101.877
2026-05-25T13:36:24.7600000,23.62,82.26,101.876
2026-05-25T13:36:25.8010000,23.62,82.24,101.876
2026-05-25T13:36:26.8410000,23.61,82.25,101.876
2026-05-25T13:36:27.8820000,23.62,82.2,101.877
2026-05-25T13:36:28.9230000,23.62,82.21,101.877
2026-05-25T13:36:29.9640000,23.62,82.17,101.877
2026-05-25T13:36:31.0150000,23.61,82.14,101.877
2026-05-25T13:36:32.0700000,23.61,82.11,101.876
2026-05-25T13:36:33.1000000,23.61,82.09,101.876
2026-05-25T13:36:34.1410000,23.61,82.08,101.877
2026-05-25T13:36:35.1820000,23.61,82.06,101.876
2026-05-25T13:36:36.2220000,23.61,82.04,101.876
2026-05-25T13:36:37.2630000,23.61,82.02,101.876
2026-05-25T13:36:38.3040000,23.61,82.01,101.876
2026-05-25T13:36:39.3550000,23.61,82.02,101.877
2026-05-25T13:36:40.3980000,23.61,81.98,101.877
2026-05-25T13:36:41.4390000,23.61,81.95,101.877
2026-05-25T13:36:42.4800000,23.61,81.95,101.877
2026-05-25T13:36:43.5210000,23.61,81.92,101.876
2026-05-25T13:36:44.5610000,23.6,81.89,101.876
2026-05-25T13:36:45.6410000,23.6,81.83,101.876
2026-05-25T13:36:46.6500000,23.6,81.83,101.876
2026-05-25T13:36:47.6910000,23.6,81.82,101.876
2026-05-25T13:36:48.7320000,23.6,81.8,101.876
2026-05-25T13:36:49.7720000,23.6,81.78,101.877
2026-05-25T13:36:50.8130000,23.6,81.75,101.877
2026-05-25T13:36:51.8650000,23.6,81.72,101.877
2026-05-25T13:36:52.9060000,23.6,81.72,101.878
2026-05-25T13:36:53.9460000,23.6,81.67,101.877
2026-05-25T13:36:54.9870000,23.6,81.69,101.877
2026-05-25T13:36:56.0280000,23.6,81.65,101.877
2026-05-25T13:36:57.0690000,23.6,81.6,101.876
2026-05-25T13:36:58.1200000,23.59,81.6,101.875
2026-05-25T13:36:59.2130000,23.59,81.59,101.875
2026-05-25T13:37:00.2010000,23.59,81.55,101.875
2026-05-25T13:37:01.2420000,23.59,81.54,101.874
2026-05-25T13:37:02.2830000,23.59,81.53,101.874
2026-05-25T13:37:03.3240000,23.59,81.51,101.875
2026-05-25T13:37:04.3750000,23.59,81.51,101.875
2026-05-25T13:37:05.4160000,23.59,81.49,101.875
2026-05-25T13:37:06.4560000,23.59,81.45,101.875
2026-05-25T13:37:07.4970000,23.59,81.44,101.874
2026-05-25T13:37:08.5380000,23.59,81.43,101.874
2026-05-25T13:37:09.5790000,23.59,81.39,101.874
2026-05-25T13:37:10.6200000,23.58,81.33,101.874
2026-05-25T13:37:11.6710000,23.58,81.34,101.874
2026-05-25T13:37:12.7120000,23.58,81.35,101.874
2026-05-25T13:37:13.7560000,23.58,81.29,101.874
2026-05-25T13:37:14.7970000,23.58,81.26,101.875
2026-05-25T13:37:15.8380000,23.59,81.25,101.875
2026-05-25T13:37:16.8780000,23.58,81.24,101.875
2026-05-25T13:37:17.9190000,23.58,81.2,101.875
2026-05-25T13:37:18.9600000,23.58,81.18,101.875
2026-05-25T13:37:20.0110000,23.58,81.16,101.875
2026-05-25T13:37:21.0520000,23.58,81.16,101.875
2026-05-25T13:37:22.0930000,23.58,81.13,101.875
2026-05-25T13:37:23.1340000,23.58,81.11,101.875
2026-05-25T13:37:24.1750000,23.58,81.12,101.875
2026-05-25T13:37:25.2150000,23.58,81.04,101.875
2026-05-25T13:37:26.2670000,23.58,81.05,101.875
2026-05-25T13:37:27.3320000,23.58,80.99,101.875
2026-05-25T13:37:28.3520000,23.58,81,101.875
2026-05-25T13:37:29.3930000,23.58,80.98,101.874
2026-05-25T13:37:30.4360000,23.58,80.97,101.874
2026-05-25T13:37:31.4760000,23.58,80.95,101.875
2026-05-25T13:37:32.5170000,23.58,80.93,101.875
2026-05-25T13:37:33.5580000,23.58,80.9,101.875
2026-05-25T13:37:34.5980000,23.58,80.83,101.875
2026-05-25T13:37:35.6500000,23.58,80.85,101.876
2026-05-25T13:37:36.6910000,23.58,80.8,101.875
2026-05-25T13:37:37.7310000,23.58,80.85,101.875
2026-05-25T13:37:38.7720000,23.58,80.78,101.875
2026-05-25T13:37:39.8130000,23.58,80.8,101.875
2026-05-25T13:37:40.9030000,23.57,80.72,101.875
2026-05-25T13:37:41.9020000,23.57,80.74,101.875
2026-05-25T13:37:42.9430000,23.57,80.72,101.875
2026-05-25T13:37:43.9840000,23.57,80.7,101.875
2026-05-25T13:37:45.0240000,23.57,80.69,101.874
2026-05-25T13:37:46.0650000,23.57,80.67,101.874
2026-05-25T13:37:47.1160000,23.57,80.66,101.875
2026-05-25T13:37:48.1570000,23.57,80.65,101.875
2026-05-25T13:37:49.1980000,23.57,80.63,101.875
2026-05-25T13:37:50.2390000,23.57,80.59,101.875
2026-05-25T13:37:51.2790000,23.57,80.58,101.874
2026-05-25T13:37:52.3200000,23.57,80.58,101.874
2026-05-25T13:37:53.3610000,23.57,80.58,101.875
2026-05-25T13:37:54.4790000,23.57,80.58,101.875
2026-05-25T13:37:55.4490000,23.57,80.54,101.875
2026-05-25T13:37:56.4900000,23.57,80.51,101.875
2026-05-25T13:37:57.5410000,23.57,80.51,101.876
2026-05-25T13:37:58.5820000,23.57,80.49,101.876
2026-05-25T13:37:59.6230000,23.57,80.47,101.876
2026-05-25T13:38:00.6640000,23.57,80.46,101.876
2026-05-25T13:38:01.7050000,23.57,80.44,101.876
2026-05-25T13:38:02.7450000,23.57,80.44,101.876
2026-05-25T13:38:03.7970000,23.57,80.4,101.876
2026-05-25T13:38:04.8380000,23.57,80.37,101.876
2026-05-25T13:38:05.8780000,23.57,80.37,101.876
2026-05-25T13:38:06.9190000,23.57,80.34,101.876
2026-05-25T13:38:07.9600000,23.57,80.3,101.876
2026-05-25T13:38:09.0180000,23.57,80.29,101.876
2026-05-25T13:38:10.0480000,23.57,80.25,101.877
2026-05-25T13:38:11.0890000,23.56,80.27,101.876
2026-05-25T13:38:12.1300000,23.56,80.25,101.876
2026-05-25T13:38:13.1710000,23.56,80.23,101.876
2026-05-25T13:38:14.2220000,23.56,80.21,101.876
2026-05-25T13:38:15.2630000,23.56,80.19,101.876
2026-05-25T13:38:16.3030000,23.56,80.14,101.876
2026-05-25T13:38:17.3440000,23.56,80.16,101.876
2026-05-25T13:38:18.3850000,23.56,80.12,101.876
2026-05-25T13:38:19.4260000,23.56,80.15,101.875
2026-05-25T13:38:20.4770000,23.56,80.14,101.876
2026-05-25T13:38:21.5180000,23.56,80.1,101.876
2026-05-25T13:38:22.5930000,23.56,80.13,101.876
2026-05-25T13:38:23.6030000,23.56,80.04,101.876
2026-05-25T13:38:24.6430000,23.56,80.02,101.876
2026-05-25T13:38:25.6840000,23.56,80.01,101.876
2026-05-25T13:38:26.7250000,23.56,80,101.876
2026-05-25T13:38:27.7760000,23.56,79.99,101.877
2026-05-25T13:38:28.8170000,23.56,79.97,101.877
2026-05-25T13:38:29.8580000,23.56,79.91,101.878
2026-05-25T13:38:30.8990000,23.56,79.92,101.877
2026-05-25T13:38:31.9400000,23.56,79.94,101.877
2026-05-25T13:38:34.0320000,23.56,79.88,101.876
2026-05-25T13:38:35.0720000,23.56,79.86,101.876
2026-05-25T13:38:36.1660000,23.56,79.8,101.876
2026-05-25T13:38:37.1540000,23.56,79.8,101.877
2026-05-25T13:38:38.1950000,23.56,79.79,101.877
2026-05-25T13:38:39.2350000,23.56,79.78,101.877
2026-05-25T13:38:40.2870000,23.56,79.76,101.877
2026-05-25T13:38:41.3270000,23.56,79.75,101.877
2026-05-25T13:38:42.3680000,23.56,79.73,101.877
2026-05-25T13:38:43.4090000,23.56,79.71,101.877
2026-05-25T13:38:44.4490000,23.56,79.67,101.877
2026-05-25T13:38:45.5010000,23.56,79.67,101.876
2026-05-25T13:38:46.5410000,23.56,79.7,101.876
2026-05-25T13:38:47.5820000,23.56,79.68,101.876
2026-05-25T13:38:48.6230000,23.56,79.65,101.877
2026-05-25T13:38:49.6640000,23.56,79.63,101.877
2026-05-25T13:38:50.7040000,23.56,79.58,101.877
2026-05-25T13:38:51.7560000,23.56,79.56,101.877
2026-05-25T13:38:52.7960000,23.56,79.55,101.877
2026-05-25T13:38:53.8370000,23.56,79.53,101.877
2026-05-25T13:38:54.8780000,23.56,79.5,101.877
2026-05-25T13:38:55.9190000,23.56,79.49,101.877
2026-05-25T13:38:56.9600000,23.56,79.48,101.876
2026-05-25T13:38:58.0110000,23.55,79.43,101.876
2026-05-25T13:38:59.0520000,23.55,79.45,101.876
2026-05-25T13:39:00.0920000,23.55,79.41,101.876
2026-05-25T13:39:01.1330000,23.55,79.42,101.877
2026-05-25T13:39:02.1740000,23.55,79.38,101.876
2026-05-25T13:39:03.2150000,23.55,79.38,101.876
2026-05-25T13:39:04.2800000,23.55,79.42,101.876
2026-05-25T13:39:05.3000000,23.55,79.37,101.876
2026-05-25T13:39:06.3510000,23.55,79.36,101.876
2026-05-25T13:39:07.3920000,23.55,79.33,101.876
2026-05-25T13:39:08.4330000,23.55,79.33,101.876
2026-05-25T13:39:09.4730000,23.55,79.32,101.876
2026-05-25T13:39:10.5150000,23.55,79.3,101.876
2026-05-25T13:39:11.5550000,23.55,79.27,101.876
2026-05-25T13:39:12.6070000,23.55,79.3,101.876
2026-05-25T13:39:13.6470000,23.55,79.29,101.876
2026-05-25T13:39:14.6880000,23.55,79.28,101.876
2026-05-25T13:39:15.7290000,23.55,79.25,101.876
2026-05-25T13:39:16.7700000,23.55,79.27,101.876
2026-05-25T13:39:17.8520000,23.55,79.21,101.876
2026-05-25T13:39:18.8620000,23.56,79.22,101.876
2026-05-25T13:39:19.9030000,23.55,79.21,101.876
2026-05-25T13:39:20.9440000,23.55,79.19,101.877
2026-05-25T13:39:21.9850000,23.56,79.17,101.878
2026-05-25T13:39:23.0250000,23.55,79.15,101.877
2026-05-25T13:39:24.0660000,23.55,79.15,101.877
2026-05-25T13:39:25.1170000,23.55,79.17,101.877
2026-05-25T13:39:26.1580000,23.55,79.12,101.877
2026-05-25T13:39:27.1990000,23.55,79.09,101.878
2026-05-25T13:39:28.2400000,23.55,79.09,101.878
2026-05-25T13:39:29.2810000,23.55,79.1,101.878
2026-05-25T13:39:30.3320000,23.55,79.06,101.878
2026-05-25T13:39:31.4250000,23.55,79.09,101.878
2026-05-25T13:39:32.4130000,23.55,79.03,101.878
2026-05-25T13:39:33.4540000,23.55,79.03,101.878
2026-05-25T13:39:34.4950000,23.55,79.03,101.878
2026-05-25T13:39:35.5350000,23.55,79.01,101.877
2026-05-25T13:39:36.5870000,23.55,79,101.877
2026-05-25T13:39:37.6270000,23.55,78.99,101.878
2026-05-25T13:39:38.6680000,23.55,78.98,101.877
2026-05-25T13:39:39.7090000,23.55,78.97,101.878
2026-05-25T13:39:40.7500000,23.55,78.96,101.878
2026-05-25T13:39:41.7910000,23.55,78.96,101.878
2026-05-25T13:39:42.8420000,23.55,78.93,101.878
2026-05-25T13:39:43.8830000,23.55,78.9,101.879
2026-05-25T13:39:44.9230000,23.55,78.92,101.878
2026-05-25T13:39:45.9680000,23.55,78.88,101.879
2026-05-25T13:39:47.0090000,23.55,78.87,101.878
2026-05-25T13:39:48.0490000,23.55,78.86,101.879
2026-05-25T13:39:49.0900000,23.55,78.83,101.879
2026-05-25T13:39:50.1310000,23.55,78.82,101.879
2026-05-25T13:39:51.1820000,23.55,78.8,101.879
2026-05-25T13:39:52.2230000,23.55,78.79,101.879
2026-05-25T13:39:53.2630000,23.55,78.75,101.879
2026-05-25T13:39:54.3040000,23.55,78.76,101.879
2026-05-25T13:39:55.3450000,23.55,78.76,101.879
2026-05-25T13:39:56.3960000,23.55,78.78,101.881
2026-05-25T13:39:57.4370000,23.55,78.72,101.881
2026-05-25T13:39:58.4780000,23.55,78.74,101.881
2026-05-25T13:39:59.5400000,23.55,78.73,101.88
2026-05-25T13:40:00.5600000,23.55,78.72,101.88
2026-05-25T13:40:01.6000000,23.55,78.72,101.88
2026-05-25T13:40:02.6520000,23.55,78.7,101.88
2026-05-25T13:40:03.6920000,23.55,78.7,101.88
2026-05-25T13:40:04.7330000,23.55,78.68,101.88
2026-05-25T13:40:05.7740000,23.55,78.68,101.881
2026-05-25T13:40:06.8150000,23.55,78.6,101.881
2026-05-25T13:40:07.8560000,23.55,78.65,101.881
2026-05-25T13:40:08.9070000,23.55,78.67,101.88
2026-05-25T13:40:09.9480000,23.55,78.61,101.881
2026-05-25T13:40:10.9890000,23.55,78.63,101.881
2026-05-25T13:40:12.0300000,23.55,78.61,101.881
2026-05-25T13:40:13.1160000,23.55,78.6,101.881
2026-05-25T13:40:14.1150000,23.55,78.58,101.882
2026-05-25T13:40:15.1550000,23.55,78.57,101.882
2026-05-25T13:40:16.1960000,23.55,78.54,101.882
2026-05-25T13:40:17.2470000,23.55,78.54,101.881
2026-05-25T13:40:18.2880000,23.55,78.52,101.881
2026-05-25T13:40:19.3290000,23.55,78.51,101.881
2026-05-25T13:40:20.3700000,23.55,78.5,101.881
2026-05-25T13:40:21.4100000,23.55,78.49,101.881
2026-05-25T13:40:22.4620000,23.55,78.45,101.881
2026-05-25T13:40:23.5030000,23.55,78.45,101.881
2026-05-25T13:40:24.5430000,23.55,78.48,101.881
2026-05-25T13:40:25.5840000,23.55,78.46,101.881
2026-05-25T13:40:26.6880000,23.55,78.44,101.882
2026-05-25T13:40:27.6660000,23.55,78.43,101.882
2026-05-25T13:40:28.7170000,23.55,78.41,101.882
2026-05-25T13:40:29.7580000,23.55,78.41,101.882
2026-05-25T13:40:30.7980000,23.55,78.4,101.882
2026-05-25T13:40:31.8390000,23.55,78.4,101.882
2026-05-25T13:40:32.8800000,23.55,78.39,101.882
2026-05-25T13:40:33.9210000,23.55,78.38,101.882
2026-05-25T13:40:34.9720000,23.55,78.37,101.882
2026-05-25T13:40:36.0130000,23.55,78.37,101.882
2026-05-25T13:40:37.0540000,23.55,78.35,101.883
2026-05-25T13:40:38.0950000,23.55,78.33,101.883
2026-05-25T13:40:39.1350000,23.55,78.34,101.883
2026-05-25T13:40:40.1860000,23.55,78.33,101.884
2026-05-25T13:40:41.2300000,23.55,78.32,101.882
2026-05-25T13:40:42.2710000,23.55,78.3,101.882
2026-05-25T13:40:43.3120000,23.55,78.29,101.882
2026-05-25T13:40:44.3530000,23.55,78.26,101.882
2026-05-25T13:40:45.3930000,23.55,78.26,101.882
2026-05-25T13:40:46.4350000,23.55,78.25,101.883
2026-05-25T13:40:47.4750000,23.55,78.23,101.883
2026-05-25T13:40:48.5270000,23.55,78.23,101.883
2026-05-25T13:40:49.5670000,23.55,78.22,101.883
2026-05-25T13:40:50.6080000,23.55,78.21,101.883
2026-05-25T13:40:51.6490000,23.55,78.2,101.883
2026-05-25T13:40:52.6900000,23.55,78.19,101.883
2026-05-25T13:40:53.7410000,23.55,78.16,101.884
2026-05-25T13:40:54.8030000,23.55,78.12,101.884
2026-05-25T13:40:55.8230000,23.55,78.12,101.883
2026-05-25T13:40:56.8640000,23.55,78.13,101.882
2026-05-25T13:40:57.9040000,23.55,78.13,101.882
2026-05-25T13:40:58.9450000,23.55,78.1,101.882
2026-05-25T13:40:59.9960000,23.55,78.09,101.882
2026-05-25T13:41:01.0370000,23.55,78.09,101.883
2026-05-25T13:41:02.0780000,23.55,78.13,101.882
2026-05-25T13:41:03.1190000,23.55,78.11,101.882
2026-05-25T13:41:04.1590000,23.55,78.08,101.883
2026-05-25T13:41:05.2000000,23.55,78.06,101.883
2026-05-25T13:41:06.2510000,23.55,78.06,101.883
2026-05-25T13:41:07.2920000,23.55,78.04,101.883
2026-05-25T13:41:08.3790000,23.55,77.99,101.884
2026-05-25T13:41:09.3770000,23.55,77.99,101.883
2026-05-25T13:41:10.4180000,23.55,77.99,101.883
2026-05-25T13:41:11.4590000,23.55,77.98,101.883
2026-05-25T13:41:12.4990000,23.55,77.98,101.884
2026-05-25T13:41:13.5510000,23.55,77.97,101.884
2026-05-25T13:41:14.5920000,23.55,77.96,101.884
2026-05-25T13:41:15.6320000,23.55,77.94,101.885
2026-05-25T13:41:16.6730000,23.55,77.94,101.884
2026-05-25T13:41:17.7140000,23.55,77.94,101.883
2026-05-25T13:41:18.7650000,23.55,77.93,101.884
2026-05-25T13:41:19.8060000,23.55,77.94,101.884
2026-05-25T13:41:20.8470000,23.55,77.92,101.885
2026-05-25T13:41:21.9500000,23.55,77.87,101.885
2026-05-25T13:41:22.9280000,23.55,77.88,101.884
2026-05-25T13:41:23.9690000,23.55,77.89,101.885
2026-05-25T13:41:25.0200000,23.55,77.87,101.885
2026-05-25T13:41:26.0600000,23.55,77.85,101.885
2026-05-25T13:41:27.1010000,23.55,77.85,101.885
2026-05-25T13:41:28.1420000,23.55,77.84,101.885
2026-05-25T13:41:29.1830000,23.55,77.83,101.885
2026-05-25T13:41:30.2340000,23.55,77.82,101.885
2026-05-25T13:41:31.2750000,23.55,77.85,101.885
2026-05-25T13:41:32.3160000,23.55,77.79,101.885
2026-05-25T13:41:33.3560000,23.55,77.81,101.884
2026-05-25T13:41:34.3970000,23.55,77.77,101.884
2026-05-25T13:41:35.4380000,23.55,77.75,101.884
2026-05-25T13:41:36.4920000,23.55,77.78,101.884
2026-05-25T13:41:37.5230000,23.55,77.78,101.884
2026-05-25T13:41:38.5740000,23.55,77.79,101.884
2026-05-25T13:41:39.6150000,23.55,77.79,101.884
2026-05-25T13:41:40.6560000,23.55,77.77,101.885
2026-05-25T13:41:41.6970000,23.55,77.78,101.885
2026-05-25T13:41:42.7370000,23.55,77.76,101.885
2026-05-25T13:41:43.7890000,23.55,77.77,101.885
2026-05-25T13:41:44.8290000,23.56,77.77,101.885
2026-05-25T13:41:45.8700000,23.56,77.76,101.885
2026-05-25T13:41:46.9110000,23.56,77.72,101.885
2026-05-25T13:41:47.9520000,23.56,77.72,101.886
2026-05-25T13:41:48.9920000,23.56,77.73,101.886
2026-05-25T13:41:50.0680000,23.56,77.68,101.885
2026-05-25T13:41:51.0780000,23.56,77.7,101.886
2026-05-25T13:41:52.1290000,23.56,77.69,101.886
2026-05-25T13:41:53.1700000,23.56,77.69,101.886
2026-05-25T13:41:54.2100000,23.56,77.68,101.885
2026-05-25T13:41:55.2510000,23.56,77.66,101.885
2026-05-25T13:41:56.2920000,23.56,77.67,101.885
2026-05-25T13:41:57.3430000,23.56,77.73,101.885
2026-05-25T13:41:58.3840000,23.56,77.65,101.885
2026-05-25T13:41:59.4250000,23.56,77.64,101.885
2026-05-25T13:42:00.4650000,23.56,77.64,101.885
2026-05-25T13:42:01.5060000,23.56,77.65,101.885
2026-05-25T13:42:02.5470000,23.56,77.6,101.885
2026-05-25T13:42:03.6400000,23.56,77.63,101.885
2026-05-25T13:42:04.6390000,23.56,77.6,101.885
2026-05-25T13:42:05.6800000,23.56,77.6,101.885
2026-05-25T13:42:06.7200000,23.56,77.6,101.884
2026-05-25T13:42:07.7610000,23.56,77.59,101.884
2026-05-25T13:42:08.8120000,23.56,77.58,101.884
2026-05-25T13:42:09.8530000,23.56,77.57,101.883
2026-05-25T13:42:10.8940000,23.56,77.52,101.883
2026-05-25T13:42:11.9350000,23.56,77.55,101.884
2026-05-25T13:42:12.9750000,23.56,77.56,101.883
2026-05-25T13:42:14.0160000,23.56,77.52,101.883
2026-05-25T13:42:15.0670000,23.56,77.53,101.882
2026-05-25T13:42:16.1080000,23.56,77.59,101.882
2026-05-25T13:42:17.2110000,23.56,77.52,101.882
2026-05-25T13:42:18.1890000,23.56,77.52,101.882
2026-05-25T13:42:19.2300000,23.56,77.51,101.883
2026-05-25T13:42:20.2810000,23.56,77.52,101.883
2026-05-25T13:42:21.3220000,23.56,77.5,101.883
2026-05-25T13:42:22.3630000,23.56,77.51,101.883
2026-05-25T13:42:23.4040000,23.56,77.51,101.883
2026-05-25T13:42:24.4450000,23.56,77.5,101.883
2026-05-25T13:42:25.4850000,23.56,77.5,101.884
2026-05-25T13:42:26.5370000,23.56,77.51,101.884
2026-05-25T13:42:27.5770000,23.56,77.47,101.884
2026-05-25T13:42:28.6180000,23.56,77.47,101.884
2026-05-25T13:42:29.6590000,23.56,77.44,101.885
2026-05-25T13:42:30.7000000,23.56,77.43,101.885
2026-05-25T13:42:31.7510000,23.56,77.43,101.884
2026-05-25T13:42:32.7920000,23.56,77.44,101.884
2026-05-25T13:42:33.8330000,23.56,77.41,101.884
2026-05-25T13:42:34.8730000,23.56,77.42,101.883
2026-05-25T13:42:35.9140000,23.56,77.41,101.883
2026-05-25T13:42:36.9550000,23.56,77.39,101.883
2026-05-25T13:42:37.9950000,23.56,77.39,101.883
2026-05-25T13:42:39.0470000,23.56,77.35,101.883
2026-05-25T13:42:40.0870000,23.56,77.4,101.884
2026-05-25T13:42:41.1280000,23.56,77.38,101.883
2026-05-25T13:42:42.1690000,23.56,77.32,101.883
2026-05-25T13:42:43.2100000,23.56,77.37,101.883
2026-05-25T13:42:44.2610000,23.56,77.35,101.883
2026-05-25T13:42:45.3230000,23.56,77.3,101.884
2026-05-25T13:42:46.3420000,23.56,77.31,101.884
2026-05-25T13:42:47.3830000,23.56,77.3,101.884
2026-05-25T13:42:48.4240000,23.56,77.3,101.884
2026-05-25T13:42:49.4650000,23.57,77.3,101.884
2026-05-25T13:42:50.5160000,23.57,77.34,101.884
2026-05-25T13:42:51.5570000,23.57,77.29,101.884
2026-05-25T13:42:52.5980000,23.56,77.26,101.884
2026-05-25T13:42:53.6380000,23.56,77.28,101.884
2026-05-25T13:42:54.6790000,23.56,77.26,101.884
2026-05-25T13:42:55.7300000,23.56,77.27,101.883
2026-05-25T13:42:56.7710000,23.56,77.26,101.883
2026-05-25T13:42:57.8120000,23.56,77.25,101.883
2026-05-25T13:42:58.8940000,23.57,77.26,101.884
2026-05-25T13:42:59.8930000,23.57,77.24,101.885
2026-05-25T13:43:00.9350000,23.57,77.22,101.884
2026-05-25T13:43:01.9860000,23.57,77.22,101.884
2026-05-25T13:43:03.0270000,23.57,77.22,101.884
2026-05-25T13:43:04.0680000,23.57,77.23,101.884
2026-05-25T13:43:05.1080000,23.57,77.2,101.884
2026-05-25T13:43:06.1490000,23.57,77.18,101.884
2026-05-25T13:43:07.1900000,23.57,77.16,101.884
2026-05-25T13:43:08.2410000,23.57,77.17,101.883
2026-05-25T13:43:09.2820000,23.57,77.17,101.883
2026-05-25T13:43:10.3230000,23.57,77.17,101.883
2026-05-25T13:43:11.3630000,23.56,77.14,101.882
2026-05-25T13:43:12.4670000,23.56,77.11,101.882
2026-05-25T13:43:13.4550000,23.57,77.1,101.882
2026-05-25T13:43:14.4960000,23.57,77.09,101.882
2026-05-25T13:43:15.5370000,23.57,77.06,101.882
2026-05-25T13:43:16.5780000,23.57,77.08,101.882
2026-05-25T13:43:17.6180000,23.57,77.06,101.883
2026-05-25T13:43:18.6590000,23.57,77.05,101.882
2026-05-25T13:43:19.7100000,23.57,77.05,101.883
2026-05-25T13:43:20.7520000,23.57,77.03,101.883
2026-05-25T13:43:21.7920000,23.57,77.02,101.884
2026-05-25T13:43:22.8330000,23.57,77.05,101.884
2026-05-25T13:43:23.8740000,23.57,77.03,101.883
2026-05-25T13:43:24.9140000,23.57,77.05,101.883
2026-05-25T13:43:25.9660000,23.57,77.01,101.884
2026-05-25T13:43:27.0100000,23.57,76.99,101.884
2026-05-25T13:43:28.0500000,23.57,76.98,101.883
2026-05-25T13:43:29.0910000,23.57,76.98,101.884
2026-05-25T13:43:30.1320000,23.57,76.98,101.883
2026-05-25T13:43:31.1730000,23.57,76.97,101.882
2026-05-25T13:43:32.2140000,23.57,76.95,101.882
2026-05-25T13:43:33.2660000,23.57,76.96,101.882
2026-05-25T13:43:34.3060000,23.57,76.89,101.882
2026-05-25T13:43:35.3470000,23.57,76.93,101.882
2026-05-25T13:43:36.3880000,23.57,76.91,101.882
2026-05-25T13:43:37.4290000,23.57,76.92,101.882
2026-05-25T13:43:38.4690000,23.57,76.9,101.881
2026-05-25T13:43:39.5210000,23.57,76.9,101.881
2026-05-25T13:43:40.5820000,23.57,76.87,101.881
2026-05-25T13:43:41.6020000,23.57,76.86,101.882
2026-05-25T13:43:42.6430000,23.57,76.87,101.881
2026-05-25T13:43:43.6840000,23.57,76.85,101.881
2026-05-25T13:43:44.7250000,23.57,76.84,101.881
2026-05-25T13:43:45.7760000,23.57,76.82,101.881
2026-05-25T13:43:46.8170000,23.57,76.82,101.881
2026-05-25T13:43:47.8580000,23.57,76.77,101.881
2026-05-25T13:43:48.8980000,23.57,76.8,101.882
2026-05-25T13:43:49.9390000,23.57,76.75,101.882
2026-05-25T13:43:50.9910000,23.57,76.78,101.881
2026-05-25T13:43:52.0320000,23.57,76.81,101.882
2026-05-25T13:43:53.0720000,23.57,76.73,101.881
2026-05-25T13:43:54.1550000,23.57,76.75,101.882
2026-05-25T13:43:55.1540000,23.57,76.73,101.881
2026-05-25T13:43:56.1950000,23.57,76.71,101.881
2026-05-25T13:43:57.2460000,23.57,76.71,101.882
2026-05-25T13:43:58.2870000,23.57,76.71,101.882
2026-05-25T13:43:59.3270000,23.58,76.69,101.883
2026-05-25T13:44:00.3680000,23.58,76.69,101.883
2026-05-25T13:44:01.4090000,23.58,76.68,101.882
2026-05-25T13:44:02.4500000,23.57,76.7,101.881
2026-05-25T13:44:03.5010000,23.58,76.67,101.882
2026-05-25T13:44:04.5420000,23.58,76.67,101.883
2026-05-25T13:44:05.5820000,23.58,76.65,101.882
2026-05-25T13:44:06.6230000,23.58,76.68,101.882
2026-05-25T13:44:07.7270000,23.57,76.68,101.882
2026-05-25T13:44:08.7150000,23.57,76.63,101.882
2026-05-25T13:44:09.7560000,23.57,76.63,101.882
2026-05-25T13:44:10.7970000,23.58,76.62,101.883
2026-05-25T13:44:11.8380000,23.57,76.62,101.882
2026-05-25T13:44:12.8780000,23.57,76.61,101.882
2026-05-25T13:44:13.9190000,23.57,76.6,101.881
2026-05-25T13:44:14.9700000,23.57,76.6,101.882
2026-05-25T13:44:16.0110000,23.57,76.58,101.883
2026-05-25T13:44:17.0520000,23.58,76.6,101.883
2026-05-25T13:44:18.0930000,23.58,76.58,101.883
2026-05-25T13:44:19.1330000,23.58,76.56,101.882
2026-05-25T13:44:20.1850000,23.57,76.59,101.881
2026-05-25T13:44:21.2250000,23.57,76.54,101.881
2026-05-25T13:44:22.2700000,23.58,76.54,101.881
2026-05-25T13:44:23.3110000,23.58,76.51,101.881
2026-05-25T13:44:24.3510000,23.58,76.51,101.882
2026-05-25T13:44:25.3920000,23.58,76.5,101.882
2026-05-25T13:44:26.4330000,23.58,76.49,101.882
2026-05-25T13:44:27.4740000,23.58,76.48,101.881
2026-05-25T13:44:28.5250000,23.58,76.47,101.882
2026-05-25T13:44:29.5660000,23.58,76.48,101.882
2026-05-25T13:44:30.6070000,23.58,76.45,101.881
2026-05-25T13:44:31.6470000,23.58,76.47,101.881
2026-05-25T13:44:32.6880000,23.58,76.46,101.882
2026-05-25T13:44:33.7290000,23.58,76.45,101.882
2026-05-25T13:44:34.7800000,23.58,76.45,101.882
2026-05-25T13:44:35.8420000,23.58,76.45,101.882
2026-05-25T13:44:36.8610000,23.58,76.44,101.881
2026-05-25T13:44:37.9020000,23.58,76.42,101.882
2026-05-25T13:44:38.9430000,23.58,76.42,101.882
2026-05-25T13:44:39.9940000,23.58,76.43,101.881
2026-05-25T13:44:41.0350000,23.58,76.42,101.881
2026-05-25T13:44:42.0760000,23.58,76.42,101.882
2026-05-25T13:44:43.1170000,23.58,76.45,101.882
2026-05-25T13:44:44.1580000,23.58,76.43,101.882
2026-05-25T13:44:45.1980000,23.58,76.39,101.882
2026-05-25T13:44:46.2500000,23.58,76.38,101.882
2026-05-25T13:44:47.2900000,23.58,76.37,101.881
2026-05-25T13:44:48.3310000,23.58,76.41,101.881
2026-05-25T13:44:49.4170000,23.58,76.39,101.881
2026-05-25T13:44:50.4160000,23.58,76.37,101.881
2026-05-25T13:44:51.4570000,23.58,76.36,101.881
2026-05-25T13:44:52.4980000,23.58,76.35,101.881
2026-05-25T13:44:53.5390000,23.58,76.35,101.881
2026-05-25T13:44:54.5900000,23.58,76.34,101.881
2026-05-25T13:44:55.6300000,23.58,76.33,101.881
2026-05-25T13:44:56.6710000,23.58,76.4,101.881
2026-05-25T13:44:57.7120000,23.58,76.31,101.881
2026-05-25T13:44:58.7530000,23.58,76.33,101.881
2026-05-25T13:44:59.8040000,23.58,76.34,101.881
2026-05-25T13:45:00.8450000,23.58,76.31,101.881
2026-05-25T13:45:01.8860000,23.58,76.32,101.881
2026-05-25T13:45:02.9890000,23.58,76.33,101.88
2026-05-25T13:45:03.9670000,23.58,76.3,101.88
2026-05-25T13:45:05.0080000,23.58,76.29,101.88
2026-05-25T13:45:06.0590000,23.58,76.28,101.879
2026-05-25T13:45:07.1000000,23.58,76.27,101.88
2026-05-25T13:45:08.1410000,23.58,76.27,101.88
2026-05-25T13:45:09.1820000,23.58,76.27,101.88
2026-05-25T13:45:10.2230000,23.58,76.25,101.879
2026-05-25T13:45:11.2640000,23.58,76.22,101.879
2026-05-25T13:45:12.3150000,23.58,76.21,101.879
2026-05-25T13:45:13.3560000,23.58,76.23,101.879
2026-05-25T13:45:14.3970000,23.58,76.22,101.879
2026-05-25T13:45:15.4370000,23.58,76.22,101.879
2026-05-25T13:45:16.4780000,23.58,76.17,101.879
2026-05-25T13:45:17.5290000,23.58,76.19,101.879
2026-05-25T13:45:18.5700000,23.58,76.2,101.879
2026-05-25T13:45:19.6110000,23.58,76.19,101.879
2026-05-25T13:45:20.6520000,23.58,76.18,101.879
2026-05-25T13:45:21.6920000,23.58,76.17,101.879
2026-05-25T13:45:22.7330000,23.58,76.16,101.879
2026-05-25T13:45:23.7740000,23.58,76.16,101.879
2026-05-25T13:45:24.8250000,23.58,76.15,101.878
2026-05-25T13:45:25.8660000,23.58,76.12,101.878
2026-05-25T13:45:26.9070000,23.58,76.12,101.878
2026-05-25T13:45:27.9480000,23.58,76.12,101.878
2026-05-25T13:45:28.9880000,23.58,76.14,101.878
2026-05-25T13:45:30.0290000,23.58,76.09,101.878
2026-05-25T13:45:31.1020000,23.59,76.1,101.879
2026-05-25T13:45:32.1220000,23.59,76.09,101.878
2026-05-25T13:45:33.1630000,23.59,76.1,101.878
2026-05-25T13:45:34.2040000,23.59,76.12,101.878
2026-05-25T13:45:35.2440000,23.59,76.11,101.878
2026-05-25T13:45:36.2850000,23.59,76.12,101.878
2026-05-25T13:45:37.3370000,23.59,76.09,101.878
2026-05-25T13:45:38.3770000,23.59,76.14,101.879
2026-05-25T13:45:39.4180000,23.59,76.11,101.879
2026-05-25T13:45:40.4590000,23.59,76.09,101.879
2026-05-25T13:45:41.5000000,23.59,76.11,101.878
2026-05-25T13:45:42.5510000,23.59,76.09,101.879
2026-05-25T13:45:43.5920000,23.59,76.08,101.879
2026-05-25T13:45:44.6740000,23.59,76.11,101.877
2026-05-25T13:45:45.6730000,23.59,76.12,101.878
2026-05-25T13:45:46.7140000,23.59,76.11,101.878
2026-05-25T13:45:47.7550000,23.59,76.11,101.877
2026-05-25T13:45:48.8060000,23.59,76.11,101.876
2026-05-25T13:45:49.8470000,23.59,76.09,101.876
2026-05-25T13:45:50.8870000,23.59,76.09,101.876
2026-05-25T13:45:52.9690000,23.59,76.08,101.876
2026-05-25T13:45:54.0100000,23.6,76.13,101.876
2026-05-25T13:45:55.0610000,23.6,76.12,101.876
2026-05-25T13:45:56.1020000,23.6,76.12,101.876
2026-05-25T13:45:57.1430000,23.6,76.09,101.876
2026-05-25T13:45:58.2460000,23.6,76.17,101.876
2026-05-25T13:45:59.2240000,23.6,76.18,101.876
2026-05-25T13:46:00.2750000,23.6,76.21,101.876
2026-05-25T13:46:01.3160000,23.6,76.21,101.876
2026-05-25T13:46:02.3570000,23.6,76.21,101.876
2026-05-25T13:46:03.3980000,23.6,76.21,101.876
2026-05-25T13:46:04.4390000,23.6,76.21,101.877
2026-05-25T13:46:05.4800000,23.6,76.22,101.877
2026-05-25T13:46:06.5310000,23.6,76.24,101.877
2026-05-25T13:46:07.5720000,23.6,76.23,101.876
2026-05-25T13:46:08.6120000,23.6,76.25,101.877
2026-05-25T13:46:09.6530000,23.6,76.29,101.877
2026-05-25T13:46:10.6940000,23.6,76.29,101.876
2026-05-25T13:46:11.7350000,23.6,76.27,101.877
2026-05-25T13:46:12.7890000,23.61,76.35,101.877
2026-05-25T13:46:13.8200000,23.61,76.4,101.877
2026-05-25T13:46:14.8710000,23.61,76.43,101.877
2026-05-25T13:46:15.9120000,23.61,76.49,101.877
2026-05-25T13:46:16.9530000,23.61,76.51,101.876
2026-05-25T13:46:17.9930000,23.61,76.52,101.875
2026-05-25T13:46:19.0340000,23.61,76.54,101.875
2026-05-25T13:46:20.0750000,23.61,76.66,101.875
2026-05-25T13:46:21.1160000,23.61,76.63,101.875
2026-05-25T13:46:22.1680000,23.61,76.69,101.875
2026-05-25T13:46:23.2080000,23.61,76.73,101.875
2026-05-25T13:46:24.2490000,23.62,76.8,101.875
2026-05-25T13:46:25.2900000,23.62,76.86,101.875
2026-05-25T13:46:26.3620000,23.62,76.98,101.874
2026-05-25T13:46:27.3720000,23.62,77.05,101.873
2026-05-25T13:46:28.4230000,23.62,77.12,101.873
2026-05-25T13:46:29.4640000,23.62,77.17,101.874
2026-05-25T13:46:30.5040000,23.62,77.23,101.873
2026-05-25T13:46:31.5450000,23.62,77.27,101.874
2026-05-25T13:46:32.5860000,23.62,77.3,101.874
2026-05-25T13:46:33.6260000,23.63,77.28,101.875
2026-05-25T13:46:34.6780000,23.63,77.43,101.875
2026-05-25T13:46:35.7180000,23.63,77.45,101.875
2026-05-25T13:46:36.7590000,23.63,77.53,101.875
2026-05-25T13:46:37.8000000,23.63,77.54,101.875
2026-05-25T13:46:38.8410000,23.63,77.56,101.874
2026-05-25T13:46:39.9370000,23.63,77.71,101.874
2026-05-25T13:46:40.9260000,23.63,77.77,101.873
2026-05-25T13:46:41.9770000,23.63,77.81,101.874
2026-05-25T13:46:43.0180000,23.63,77.86,101.875
2026-05-25T13:46:44.0590000,23.63,77.92,101.874
2026-05-25T13:46:45.0990000,23.63,77.99,101.874
2026-05-25T13:46:46.1400000,23.63,78.05,101.874
2026-05-25T13:46:47.1810000,23.64,78.13,101.874
2026-05-25T13:46:48.2330000,23.64,78.21,101.874
2026-05-25T13:46:49.2730000,23.64,78.26,101.874
2026-05-25T13:46:50.3150000,23.64,78.31,101.874
2026-05-25T13:46:51.3580000,23.64,78.35,101.875
2026-05-25T13:46:52.3990000,23.64,78.43,101.874
2026-05-25T13:46:53.5090000,23.64,78.54,101.874
2026-05-25T13:46:54.4870000,23.64,78.62,101.874
2026-05-25T13:46:55.5280000,23.64,78.68,101.874
2026-05-25T13:46:56.5690000,23.65,78.76,101.874
2026-05-25T13:46:57.6090000,23.65,78.81,101.875
2026-05-25T13:46:58.6500000,23.65,78.89,101.875
2026-05-25T13:46:59.7010000,23.65,78.94,101.875
2026-05-25T13:47:00.7420000,23.65,78.99,101.875
2026-05-25T13:47:01.7830000,23.65,79.08,101.874
2026-05-25T13:47:02.8240000,23.65,79.12,101.874
2026-05-25T13:47:03.8650000,23.65,79.19,101.874
2026-05-25T13:47:04.9050000,23.65,79.21,101.874
2026-05-25T13:47:05.9570000,23.65,79.32,101.874
2026-05-25T13:47:06.9980000,23.65,79.3,101.874
2026-05-25T13:47:08.0520000,23.65,79.41,101.874
2026-05-25T13:47:09.0830000,23.65,79.46,101.874
2026-05-25T13:47:10.1230000,23.65,79.5,101.874
2026-05-25T13:47:11.1650000,23.65,79.56,101.873
2026-05-25T13:47:12.2060000,23.65,79.61,101.873
2026-05-25T13:47:13.2460000,23.66,79.66,101.873
2026-05-25T13:47:14.2980000,23.66,79.7,101.873
2026-05-25T13:47:15.3390000,23.66,79.72,101.872
2026-05-25T13:47:16.3790000,23.65,79.73,101.872
2026-05-25T13:47:17.4200000,23.65,79.75,101.872
2026-05-25T13:47:18.4610000,23.65,79.78,101.873
2026-05-25T13:47:19.5010000,23.65,79.78,101.873
2026-05-25T13:47:20.5530000,23.65,79.8,101.873
2026-05-25T13:47:21.6250000,23.65,79.85,101.873
2026-05-25T13:47:22.6340000,23.65,79.87,101.873
2026-05-25T13:47:23.6750000,23.65,79.92,101.873
2026-05-25T13:47:24.7160000,23.65,79.95,101.873
2026-05-25T13:47:25.7670000,23.65,80,101.873
2026-05-25T13:47:26.8080000,23.65,80.04,101.873
2026-05-25T13:47:27.8480000,23.65,80.06,101.872
2026-05-25T13:47:28.8890000,23.65,80.08,101.872
2026-05-25T13:47:29.9300000,23.65,80.14,101.873
2026-05-25T13:47:30.9710000,23.65,80.2,101.873
2026-05-25T13:47:32.0220000,23.65,80.26,101.873
2026-05-25T13:47:33.0630000,23.65,80.32,101.872
2026-05-25T13:47:34.1040000,23.65,80.37,101.872
2026-05-25T13:47:35.1970000,23.65,80.5,101.872
2026-05-25T13:47:36.1850000,23.65,80.54,101.872
2026-05-25T13:47:37.2260000,23.65,80.61,101.872
2026-05-25T13:47:38.2780000,23.65,80.68,101.873
2026-05-25T13:47:39.3180000,23.65,80.74,101.874
2026-05-25T13:47:40.3590000,23.66,80.81,101.874
2026-05-25T13:47:41.4000000,23.66,80.87,101.875
2026-05-25T13:47:42.4410000,23.65,80.91,101.874
2026-05-25T13:47:43.4810000,23.65,80.94,101.874
2026-05-25T13:47:44.5320000,23.65,81.06,101.874
2026-05-25T13:47:45.5730000,23.65,81.04,101.873
2026-05-25T13:47:46.6140000,23.65,81.08,101.873
2026-05-25T13:47:47.6550000,23.65,81.16,101.874
2026-05-25T13:47:48.6950000,23.66,81.21,101.875
2026-05-25T13:47:49.7470000,23.65,81.29,101.874
2026-05-25T13:47:50.7870000,23.65,81.31,101.874
2026-05-25T13:47:51.8280000,23.65,81.33,101.874
2026-05-25T13:47:52.8690000,23.65,81.37,101.875
2026-05-25T13:47:53.9100000,23.65,81.39,101.875
2026-05-25T13:47:54.9500000,23.65,81.4,101.875
2026-05-25T13:47:56.0020000,23.65,81.39,101.874
2026-05-25T13:47:57.0430000,23.64,81.4,101.874
2026-05-25T13:47:58.0840000,23.64,81.36,101.873
2026-05-25T13:47:59.1240000,23.64,81.35,101.874
2026-05-25T13:48:00.1650000,23.64,81.38,101.873
2026-05-25T13:48:01.2060000,23.64,81.39,101.873
2026-05-25T13:48:02.2580000,23.64,81.4,101.872
2026-05-25T13:48:03.3120000,23.64,81.42,101.873
2026-05-25T13:48:04.3430000,23.64,81.42,101.873
2026-05-25T13:48:05.3830000,23.64,81.43,101.874
2026-05-25T13:48:06.4240000,23.64,81.45,101.874
2026-05-25T13:48:07.4650000,23.64,81.45,101.874
2026-05-25T13:48:08.5050000,23.63,81.45,101.873
2026-05-25T13:48:09.5460000,23.63,81.46,101.873
2026-05-25T13:48:10.5970000,23.64,81.47,101.874
2026-05-25T13:48:11.6380000,23.64,81.5,101.874
2026-05-25T13:48:12.6790000,23.64,81.5,101.874
2026-05-25T13:48:13.7200000,23.64,81.55,101.874
2026-05-25T13:48:14.7610000,23.64,81.57,101.874
2026-05-25T13:48:15.8010000,23.64,81.61,101.873
2026-05-25T13:48:16.8840000,23.64,81.62,101.873
2026-05-25T13:48:17.8930000,23.64,81.63,101.873
2026-05-25T13:48:18.9340000,23.64,81.65,101.874
2026-05-25T13:48:19.9750000,23.64,81.68,101.873
2026-05-25T13:48:21.0160000,23.64,81.72,101.874
2026-05-25T13:48:22.0570000,23.64,81.74,101.873
2026-05-25T13:48:23.1080000,23.64,81.75,101.873
2026-05-25T13:48:24.1490000,23.64,81.75,101.874
2026-05-25T13:48:25.1900000,23.64,81.8,101.873
2026-05-25T13:48:26.2310000,23.64,81.85,101.872
2026-05-25T13:48:27.2710000,23.64,81.87,101.873
2026-05-25T13:48:28.3230000,23.64,81.9,101.872
2026-05-25T13:48:29.3630000,23.64,81.9,101.872
2026-05-25T13:48:30.4530000,23.64,81.95,101.873
2026-05-25T13:48:31.4410000,23.64,81.93,101.873
2026-05-25T13:48:32.4930000,23.64,81.94,101.874
2026-05-25T13:48:33.5330000,23.64,81.93,101.873
2026-05-25T13:48:34.5740000,23.64,81.94,101.873
2026-05-25T13:48:35.6150000,23.64,81.95,101.874
2026-05-25T13:48:36.6560000,23.64,81.96,101.873
2026-05-25T13:48:37.6970000,23.64,81.98,101.873
2026-05-25T13:48:38.7480000,23.64,81.97,101.874
2026-05-25T13:48:39.7890000,23.64,81.98,101.873
2026-05-25T13:48:40.8300000,23.64,82.02,101.873
2026-05-25T13:48:41.8700000,23.64,82.01,101.873
2026-05-25T13:48:42.9110000,23.64,82.03,101.873
2026-05-25T13:48:44.0250000,23.64,82.02,101.873
2026-05-25T13:48:45.0030000,23.64,82.01,101.874
2026-05-25T13:48:46.0440000,23.64,82.01,101.874
2026-05-25T13:48:47.0850000,23.64,82.01,101.873
2026-05-25T13:48:48.1260000,23.64,82.01,101.873
2026-05-25T13:48:49.1670000,23.64,81.99,101.873
2026-05-25T13:48:50.2180000,23.64,81.97,101.873
2026-05-25T13:48:51.2590000,23.64,81.96,101.873
2026-05-25T13:48:52.3000000,23.64,81.97,101.873
2026-05-25T13:48:53.3400000,23.64,81.96,101.873
2026-05-25T13:48:54.3810000,23.64,81.97,101.874
2026-05-25T13:48:55.4220000,23.64,81.97,101.874
2026-05-25T13:48:56.4730000,23.64,81.98,101.874
2026-05-25T13:48:57.5140000,23.64,81.98,101.874
2026-05-25T13:48:58.5690000,23.64,81.98,101.873
2026-05-25T13:48:59.5990000,23.64,81.98,101.873
2026-05-25T13:49:00.6400000,23.63,81.98,101.873
2026-05-25T13:49:01.6810000,23.64,81.99,101.874
2026-05-25T13:49:02.7210000,23.63,81.98,101.873
2026-05-25T13:49:03.7730000,23.63,82,101.873
2026-05-25T13:49:04.8140000,23.63,81.99,101.873
2026-05-25T13:49:05.8550000,23.63,81.98,101.873
2026-05-25T13:49:06.8950000,23.63,81.99,101.873
2026-05-25T13:49:07.9360000,23.63,81.99,101.873
2026-05-25T13:49:08.9770000,23.63,82.01,101.873
2026-05-25T13:49:10.0280000,23.63,82.02,101.874
2026-05-25T13:49:11.0690000,23.63,82.04,101.873
2026-05-25T13:49:12.1410000,23.63,82.04,101.874
2026-05-25T13:49:13.1510000,23.63,82.02,101.874
2026-05-25T13:49:14.1910000,23.63,82.02,101.874
2026-05-25T13:49:15.2320000,23.63,82.02,101.875
2026-05-25T13:49:16.2830000,23.63,82.02,101.875
2026-05-25T13:49:17.3240000,23.63,82,101.875
2026-05-25T13:49:18.3650000,23.63,81.98,101.875
2026-05-25T13:49:19.4050000,23.62,81.89,101.874
2026-05-25T13:49:20.4460000,23.63,81.89,101.875
2026-05-25T13:49:21.4970000,23.62,81.98,101.875
2026-05-25T13:49:22.5380000,23.62,81.93,101.875
2026-05-25T13:49:23.5790000,23.62,81.98,101.875
2026-05-25T13:49:24.6200000,23.62,81.91,101.875
2026-05-25T13:49:25.7160000,23.62,81.87,101.875
2026-05-25T13:49:26.7050000,23.62,81.87,101.875
2026-05-25T13:49:27.7450000,23.62,81.87,101.875
2026-05-25T13:49:28.7860000,23.62,81.87,101.875
2026-05-25T13:49:29.8380000,23.62,81.87,101.875
2026-05-25T13:49:30.8780000,23.62,81.86,101.875
2026-05-25T13:49:31.9190000,23.62,81.85,101.876
2026-05-25T13:49:32.9600000,23.62,81.85,101.874
2026-05-25T13:49:34.0010000,23.62,81.81,101.874
2026-05-25T13:49:35.0420000,23.62,81.83,101.874
2026-05-25T13:49:36.0930000,23.61,81.79,101.874
2026-05-25T13:49:37.1340000,23.61,81.75,101.873
2026-05-25T13:49:38.1750000,23.61,81.78,101.874
2026-05-25T13:49:39.2160000,23.61,81.78,101.874
2026-05-25T13:49:40.2560000,23.61,81.7,101.875
2026-05-25T13:49:41.3080000,23.61,81.69,101.874
2026-05-25T13:49:42.3480000,23.61,81.69,101.874
2026-05-25T13:49:43.3890000,23.61,81.67,101.875
2026-05-25T13:49:44.4300000,23.61,81.66,101.874
2026-05-25T13:49:45.4710000,23.61,81.63,101.874
2026-05-25T13:49:46.5110000,23.61,81.62,101.874
2026-05-25T13:49:47.5630000,23.61,81.6,101.874
2026-05-25T13:49:48.6040000,23.61,81.54,101.874
2026-05-25T13:49:49.6440000,23.6,81.52,101.874
2026-05-25T13:49:50.6850000,23.6,81.47,101.874
2026-05-25T13:49:51.7260000,23.6,81.48,101.875
2026-05-25T13:49:52.7670000,23.6,81.43,101.874
2026-05-25T13:49:53.8290000,23.6,81.39,101.874
2026-05-25T13:49:54.8590000,23.6,81.38,101.873
2026-05-25T13:49:55.9000000,23.6,81.34,101.873
2026-05-25T13:49:56.9410000,23.6,81.33,101.874
2026-05-25T13:49:57.9810000,23.6,81.31,101.874
2026-05-25T13:49:59.0330000,23.6,81.3,101.874
2026-05-25T13:50:00.0740000,23.6,81.28,101.874
2026-05-25T13:50:01.1140000,23.6,81.23,101.875
2026-05-25T13:50:02.1550000,23.6,81.25,101.875
2026-05-25T13:50:03.1960000,23.6,81.21,101.875
2026-05-25T13:50:04.2370000,23.6,81.25,101.875
2026-05-25T13:50:05.2880000,23.59,81.21,101.874
2026-05-25T13:50:06.3290000,23.59,81.18,101.874
2026-05-25T13:50:07.4040000,23.59,81.15,101.873
2026-05-25T13:50:08.4140000,23.59,81.15,101.874
2026-05-25T13:50:09.4550000,23.59,81.13,101.873
2026-05-25T13:50:10.4950000,23.59,81.11,101.873
2026-05-25T13:50:11.5360000,23.59,81.09,101.873
2026-05-25T13:50:12.5870000,23.59,81.05,101.873
2026-05-25T13:50:13.6280000,23.59,81.02,101.874
2026-05-25T13:50:14.6690000,23.59,81.07,101.873
2026-05-25T13:50:15.7100000,23.59,80.98,101.874
2026-05-25T13:50:16.7500000,23.59,80.96,101.874
2026-05-25T13:50:17.7910000,23.59,80.97,101.875
2026-05-25T13:50:18.8430000,23.59,80.92,101.874
2026-05-25T13:50:19.8830000,23.59,80.9,101.874
2026-05-25T13:50:20.9770000,23.59,80.89,101.873
2026-05-25T13:50:21.9650000,23.59,80.83,101.873
2026-05-25T13:50:23.0060000,23.59,80.82,101.873
2026-05-25T13:50:24.0570000,23.59,80.81,101.874
2026-05-25T13:50:25.0980000,23.59,80.79,101.874
2026-05-25T13:50:26.1380000,23.59,80.78,101.874
2026-05-25T13:50:27.1790000,23.58,80.75,101.874
2026-05-25T13:50:28.2200000,23.59,80.73,101.875
2026-05-25T13:50:29.2610000,23.59,80.76,101.875
2026-05-25T13:50:30.3120000,23.58,80.72,101.875
2026-05-25T13:50:31.3520000,23.58,80.68,101.875
2026-05-25T13:50:32.3930000,23.58,80.64,101.874
2026-05-25T13:50:33.4340000,23.58,80.62,101.874
2026-05-25T13:50:34.4750000,23.58,80.6,101.874
2026-05-25T13:50:35.5260000,23.58,80.58,101.874
2026-05-25T13:50:36.5670000,23.58,80.56,101.874
2026-05-25T13:50:37.6080000,23.58,80.54,101.874
2026-05-25T13:50:38.6480000,23.58,80.53,101.874
2026-05-25T13:50:39.6890000,23.58,80.52,101.874
2026-05-25T13:50:40.7300000,23.58,80.5,101.874
2026-05-25T13:50:41.7810000,23.58,80.49,101.874
2026-05-25T13:50:42.8220000,23.58,80.5,101.874
2026-05-25T13:50:43.8630000,23.58,80.46,101.875
2026-05-25T13:50:44.9040000,23.58,80.42,101.874
2026-05-25T13:50:45.9440000,23.58,80.42,101.874
2026-05-25T13:50:46.9960000,23.58,80.43,101.874
2026-05-25T13:50:48.0360000,23.58,80.44,101.874
2026-05-25T13:50:50.1210000,23.58,80.37,101.874
2026-05-25T13:50:51.1630000,23.58,80.36,101.874
2026-05-25T13:50:52.2030000,23.58,80.35,101.874
2026-05-25T13:50:53.2440000,23.58,80.32,101.874
2026-05-25T13:50:54.2850000,23.57,80.31,101.874
2026-05-25T13:50:55.3360000,23.57,80.3,101.874
2026-05-25T13:50:56.3770000,23.57,80.28,101.874
2026-05-25T13:50:57.4180000,23.57,80.29,101.873
2026-05-25T13:50:58.4580000,23.57,80.24,101.874
2026-05-25T13:50:59.4990000,23.57,80.27,101.874
2026-05-25T13:51:00.5400000,23.57,80.25,101.873
2026-05-25T13:51:01.5910000,23.58,80.21,101.874
2026-05-25T13:51:02.6630000,23.58,80.17,101.874
2026-05-25T13:51:03.6730000,23.58,80.16,101.874
2026-05-25T13:51:04.7140000,23.57,80.15,101.873
2026-05-25T13:51:05.7550000,23.57,80.15,101.873
2026-05-25T13:51:06.8060000,23.57,80.13,101.872
2026-05-25T13:51:07.8470000,23.57,80.11,101.872
2026-05-25T13:51:08.8870000,23.57,80.11,101.873
2026-05-25T13:51:09.9280000,23.57,80.17,101.872
2026-05-25T13:51:10.9690000,23.57,80.07,101.872
2026-05-25T13:51:12.0200000,23.57,80.09,101.873
2026-05-25T13:51:13.0610000,23.57,80.07,101.873
2026-05-25T13:51:14.1020000,23.57,80.02,101.873
2026-05-25T13:51:15.1420000,23.57,80.08,101.873
2026-05-25T13:51:16.2360000,23.57,80.06,101.873
2026-05-25T13:51:17.2240000,23.57,80.05,101.873
2026-05-25T13:51:18.2750000,23.57,80.04,101.874
2026-05-25T13:51:19.3160000,23.57,80.03,101.874
2026-05-25T13:51:20.3570000,23.57,80,101.873
2026-05-25T13:51:21.3970000,23.57,79.98,101.873
2026-05-25T13:51:22.4380000,23.57,79.97,101.873
2026-05-25T13:51:23.4890000,23.57,79.94,101.874
2026-05-25T13:51:24.5300000,23.57,79.91,101.874
2026-05-25T13:51:25.5710000,23.57,79.93,101.874
2026-05-25T13:51:26.6120000,23.57,79.89,101.873
2026-05-25T13:51:27.6530000,23.57,79.89,101.874
2026-05-25T13:51:28.6940000,23.57,79.87,101.873
2026-05-25T13:51:29.8110000,23.57,79.83,101.874
2026-05-25T13:51:30.7790000,23.57,79.81,101.873
2026-05-25T13:51:31.8300000,23.57,79.79,101.872
2026-05-25T13:51:32.8710000,23.57,79.79,101.872
2026-05-25T13:51:33.9120000,23.57,79.78,101.873
2026-05-25T13:51:34.9520000,23.57,79.76,101.873
2026-05-25T13:51:35.9930000,23.57,79.75,101.873
2026-05-25T13:51:37.0340000,23.57,79.74,101.873
2026-05-25T13:51:38.0850000,23.57,79.75,101.873
2026-05-25T13:51:39.1260000,23.56,79.73,101.873
2026-05-25T13:51:40.1670000,23.57,79.68,101.873
2026-05-25T13:51:41.2080000,23.57,79.7,101.873
2026-05-25T13:51:42.2480000,23.57,79.65,101.873
2026-05-25T13:51:43.3000000,23.57,79.67,101.874
2026-05-25T13:51:44.3540000,23.57,79.64,101.872
2026-05-25T13:51:45.3850000,23.57,79.65,101.872
2026-05-25T13:51:46.4250000,23.56,79.63,101.872
2026-05-25T13:51:47.4660000,23.56,79.61,101.871
2026-05-25T13:51:48.5070000,23.56,79.61,101.871
2026-05-25T13:51:49.5480000,23.56,79.6,101.872
2026-05-25T13:51:50.5880000,23.56,79.58,101.872
2026-05-25T13:51:51.6400000,23.56,79.58,101.872
2026-05-25T13:51:52.6810000,23.56,79.58,101.873
2026-05-25T13:51:53.7210000,23.56,79.53,101.874
2026-05-25T13:51:54.7620000,23.56,79.53,101.873
2026-05-25T13:51:55.8030000,23.56,79.49,101.874
2026-05-25T13:51:56.8540000,23.56,79.47,101.873
2026-05-25T13:51:57.9270000,23.56,79.47,101.874
2026-05-25T13:51:58.9360000,23.56,79.44,101.874
2026-05-25T13:51:59.9770000,23.56,79.41,101.873
2026-05-25T13:52:01.0180000,23.56,79.39,101.873
2026-05-25T13:52:02.0580000,23.56,79.38,101.873
2026-05-25T13:52:03.1100000,23.56,79.37,101.873
2026-05-25T13:52:04.1500000,23.56,79.35,101.873
2026-05-25T13:52:05.1910000,23.56,79.34,101.873
2026-05-25T13:52:06.2320000,23.56,79.34,101.873
2026-05-25T13:52:07.2730000,23.56,79.36,101.873
2026-05-25T13:52:08.3240000,23.56,79.28,101.874
2026-05-25T13:52:09.3650000,23.56,79.32,101.873
2026-05-25T13:52:10.4060000,23.56,79.24,101.873
2026-05-25T13:52:11.4990000,23.56,79.26,101.873
2026-05-25T13:52:12.4870000,23.56,79.23,101.873
2026-05-25T13:52:13.5280000,23.56,79.21,101.873
2026-05-25T13:52:14.5790000,23.56,79.2,101.873
2026-05-25T13:52:15.6200000,23.56,79.18,101.874
2026-05-25T13:52:16.6610000,23.56,79.15,101.874
2026-05-25T13:52:17.7020000,23.56,79.14,101.873
2026-05-25T13:52:18.7430000,23.56,79.13,101.873
2026-05-25T13:52:19.7830000,23.56,79.13,101.873
2026-05-25T13:52:20.8350000,23.56,79.11,101.873
2026-05-25T13:52:21.8750000,23.56,79.1,101.873
2026-05-25T13:52:22.9160000,23.56,79.09,101.874
2026-05-25T13:52:23.9570000,23.56,79.08,101.875
2026-05-25T13:52:24.9980000,23.56,79.03,101.874
2026-05-25T13:52:26.0450000,23.56,78.99,101.874
2026-05-25T13:52:27.0860000,23.56,79.01,101.873
2026-05-25T13:52:28.1270000,23.56,78.99,101.873
2026-05-25T13:52:29.1670000,23.56,78.97,101.873
2026-05-25T13:52:30.2190000,23.56,78.97,101.873
2026-05-25T13:52:31.2600000,23.56,78.95,101.872
2026-05-25T13:52:32.3010000,23.56,78.94,101.871
2026-05-25T13:52:33.3420000,23.56,78.91,101.872
2026-05-25T13:52:34.3820000,23.56,78.95,101.872
2026-05-25T13:52:35.4230000,23.56,78.94,101.872
2026-05-25T13:52:36.4740000,23.56,78.93,101.872
2026-05-25T13:52:37.5150000,23.56,78.9,101.872
2026-05-25T13:52:38.5560000,23.56,78.93,101.872
2026-05-25T13:52:39.6180000,23.56,78.91,101.871
2026-05-25T13:52:40.6370000,23.56,78.84,101.872
2026-05-25T13:52:41.6780000,23.56,78.85,101.872
2026-05-25T13:52:42.7300000,23.56,78.84,101.873
2026-05-25T13:52:43.7700000,23.56,78.84,101.873
2026-05-25T13:52:44.8110000,23.56,78.83,101.874
2026-05-25T13:52:45.8520000,23.56,78.8,101.873
2026-05-25T13:52:46.8930000,23.56,78.76,101.873
2026-05-25T13:52:47.9340000,23.56,78.77,101.873
2026-05-25T13:52:48.9850000,23.56,78.76,101.873
2026-05-25T13:52:50.0250000,23.56,78.76,101.873
2026-05-25T13:52:51.0690000,23.56,78.77,101.872
2026-05-25T13:52:52.1090000,23.56,78.72,101.872
2026-05-25T13:52:53.1920000,23.56,78.72,101.871
2026-05-25T13:52:54.1910000,23.56,78.71,101.871
2026-05-25T13:52:55.2320000,23.56,78.71,101.871
2026-05-25T13:52:56.2830000,23.56,78.69,101.871
2026-05-25T13:52:57.3240000,23.56,78.68,101.871
2026-05-25T13:52:58.3650000,23.56,78.65,101.871
2026-05-25T13:52:59.4050000,23.56,78.65,101.871
2026-05-25T13:53:00.4460000,23.56,78.67,101.872
2026-05-25T13:53:01.4980000,23.56,78.64,101.872
2026-05-25T13:53:02.5380000,23.56,78.61,101.872
2026-05-25T13:53:03.5800000,23.56,78.59,101.872
2026-05-25T13:53:04.6200000,23.56,78.59,101.872
2026-05-25T13:53:05.6610000,23.56,78.59,101.872
2026-05-25T13:53:06.7650000,23.56,78.59,101.873
2026-05-25T13:53:07.7530000,23.56,78.57,101.873
2026-05-25T13:53:08.7940000,23.56,78.56,101.873
2026-05-25T13:53:09.8350000,23.56,78.56,101.873
2026-05-25T13:53:10.8760000,23.56,78.54,101.873
2026-05-25T13:53:11.9160000,23.56,78.54,101.873
2026-05-25T13:53:12.9570000,23.56,78.52,101.872
2026-05-25T13:53:14.0080000,23.56,78.51,101.872
2026-05-25T13:53:15.0490000,23.56,78.5,101.873
2026-05-25T13:53:16.0890000,23.56,78.47,101.873
2026-05-25T13:53:17.1300000,23.56,78.5,101.873
2026-05-25T13:53:18.1710000,23.56,78.49,101.873
2026-05-25T13:53:19.2220000,23.56,78.51,101.873
2026-05-25T13:53:20.2630000,23.56,78.44,101.873
2026-05-25T13:53:21.3040000,23.56,78.46,101.872
2026-05-25T13:53:22.3450000,23.56,78.46,101.872
2026-05-25T13:53:23.3850000,23.56,78.46,101.872
2026-05-25T13:53:24.4370000,23.56,78.44,101.872
2026-05-25T13:53:25.4770000,23.56,78.43,101.872
2026-05-25T13:53:26.5180000,23.56,78.43,101.871
2026-05-25T13:53:27.5590000,23.56,78.42,101.871
2026-05-25T13:53:28.6000000,23.56,78.41,101.87
2026-05-25T13:53:29.6410000,23.56,78.42,101.871
2026-05-25T13:53:30.6920000,23.56,78.41,101.871
2026-05-25T13:53:31.7330000,23.56,78.42,101.871
2026-05-25T13:53:32.7730000,23.56,78.38,101.871
2026-05-25T13:53:33.8140000,23.56,78.41,101.871
2026-05-25T13:53:34.8760000,23.56,78.35,101.871
2026-05-25T13:53:35.8960000,23.56,78.36,101.871
2026-05-25T13:53:36.9470000,23.56,78.35,101.871
2026-05-25T13:53:37.9870000,23.56,78.34,101.873
2026-05-25T13:53:39.0280000,23.56,78.33,101.873
2026-05-25T13:53:40.0690000,23.56,78.32,101.873
2026-05-25T13:53:41.1100000,23.56,78.31,101.872
2026-05-25T13:53:42.1610000,23.56,78.29,101.872
2026-05-25T13:53:43.2020000,23.56,78.3,101.873
2026-05-25T13:53:44.2430000,23.56,78.26,101.872
2026-05-25T13:53:45.2840000,23.56,78.26,101.872
2026-05-25T13:53:46.3240000,23.56,78.23,101.872
2026-05-25T13:53:47.3650000,23.56,78.24,101.872
2026-05-25T13:53:48.4510000,23.56,78.23,101.871
2026-05-25T13:53:49.4500000,23.56,78.23,101.871
2026-05-25T13:53:50.5020000,23.56,78.22,101.871
2026-05-25T13:53:51.5420000,23.56,78.22,101.871
2026-05-25T13:53:52.5830000,23.56,78.2,101.871
2026-05-25T13:53:53.6240000,23.56,78.19,101.871
2026-05-25T13:53:54.6650000,23.56,78.19,101.871
2026-05-25T13:53:55.7160000,23.56,78.2,101.872
2026-05-25T13:53:56.7570000,23.56,78.16,101.872
2026-05-25T13:53:57.7970000,23.56,78.15,101.872
2026-05-25T13:53:58.8380000,23.56,78.12,101.872
2026-05-25T13:53:59.8790000,23.56,78.08,101.872
2026-05-25T13:54:00.9300000,23.56,78.12,101.872
2026-05-25T13:54:02.0230000,23.56,78.07,101.872
2026-05-25T13:54:03.0110000,23.56,78.08,101.872
2026-05-25T13:54:04.0520000,23.56,78.07,101.873
2026-05-25T13:54:05.0930000,23.56,78.07,101.872
2026-05-25T13:54:06.1340000,23.56,78.06,101.873
2026-05-25T13:54:07.1850000,23.56,78.04,101.874
2026-05-25T13:54:08.2260000,23.56,78.04,101.874
2026-05-25T13:54:09.2670000,23.56,78.03,101.873
2026-05-25T13:54:10.3070000,23.56,78.03,101.874
2026-05-25T13:54:11.3480000,23.56,77.99,101.873
2026-05-25T13:54:12.3990000,23.56,77.99,101.872
2026-05-25T13:54:13.4400000,23.56,78.02,101.873
2026-05-25T13:54:14.4810000,23.56,78.03,101.873
2026-05-25T13:54:15.5220000,23.56,77.97,101.873
2026-05-25T13:54:16.5660000,23.56,77.97,101.873
2026-05-25T13:54:17.6070000,23.56,77.96,101.873
2026-05-25T13:54:18.6480000,23.56,77.95,101.872
2026-05-25T13:54:19.6990000,23.56,77.94,101.872
2026-05-25T13:54:20.7400000,23.56,77.93,101.872
2026-05-25T13:54:21.7810000,23.56,77.93,101.872
2026-05-25T13:54:22.8210000,23.56,77.91,101.872
2026-05-25T13:54:23.8620000,23.56,77.9,101.873
2026-05-25T13:54:24.9130000,23.56,77.94,101.873
2026-05-25T13:54:25.9540000,23.56,77.87,101.872
2026-05-25T13:54:26.9940000,23.56,77.88,101.872
2026-05-25T13:54:28.0350000,23.56,77.88,101.872
2026-05-25T13:54:29.0760000,23.56,77.9,101.872
2026-05-25T13:54:30.1380000,23.56,77.86,101.873
2026-05-25T13:54:31.1680000,23.56,77.84,101.873
2026-05-25T13:54:32.2090000,23.56,77.83,101.872
2026-05-25T13:54:33.2500000,23.56,77.83,101.872
2026-05-25T13:54:34.2900000,23.56,77.82,101.873
2026-05-25T13:54:35.3310000,23.56,77.82,101.873
2026-05-25T13:54:36.3820000,23.56,77.81,101.872
2026-05-25T13:54:37.4230000,23.56,77.77,101.872
2026-05-25T13:54:38.4640000,23.56,77.78,101.872
2026-05-25T13:54:39.5050000,23.56,77.79,101.872
2026-05-25T13:54:40.5460000,23.56,77.74,101.873
2026-05-25T13:54:41.5970000,23.56,77.76,101.872
2026-05-25T13:54:42.6380000,23.56,77.75,101.872
2026-05-25T13:54:43.7060000,23.56,77.73,101.872
2026-05-25T13:54:44.7160000,23.56,77.74,101.872
2026-05-25T13:54:45.7670000,23.56,77.74,101.872
2026-05-25T13:54:46.8080000,23.56,77.73,101.871
2026-05-25T13:54:47.8480000,23.56,77.74,101.871
2026-05-25T13:54:48.8890000,23.56,77.75,101.872
2026-05-25T13:54:49.9300000,23.56,77.74,101.872
2026-05-25T13:54:50.9810000,23.56,77.7,101.872
2026-05-25T13:54:52.0220000,23.56,77.77,101.872
2026-05-25T13:54:53.0630000,23.56,77.75,101.871
2026-05-25T13:54:54.1040000,23.56,77.71,101.871
2026-05-25T13:54:55.1440000,23.56,77.69,101.871
2026-05-25T13:54:56.1960000,23.56,77.67,101.871
2026-05-25T13:54:57.2780000,23.56,77.69,101.871
2026-05-25T13:54:58.2770000,23.56,77.7,101.872
2026-05-25T13:54:59.3180000,23.56,77.69,101.871
2026-05-25T13:55:00.3590000,23.56,77.68,101.871
2026-05-25T13:55:01.4000000,23.56,77.68,101.872
2026-05-25T13:55:02.4510000,23.56,77.68,101.872
2026-05-25T13:55:03.4920000,23.56,77.68,101.872
2026-05-25T13:55:04.5330000,23.56,77.66,101.873
2026-05-25T13:55:05.5740000,23.56,77.69,101.872
2026-05-25T13:55:06.6150000,23.56,77.69,101.872
2026-05-25T13:55:07.6660000,23.56,77.71,101.872
2026-05-25T13:55:08.7060000,23.57,77.71,101.872
2026-05-25T13:55:09.7470000,23.57,77.74,101.873
2026-05-25T13:55:10.8510000,23.57,77.74,101.872
2026-05-25T13:55:11.8290000,23.57,77.71,101.872
2026-05-25T13:55:12.8690000,23.57,77.7,101.872
2026-05-25T13:55:13.9210000,23.57,77.69,101.872
2026-05-25T13:55:14.9610000,23.57,77.7,101.872
2026-05-25T13:55:16.0020000,23.57,77.69,101.872
2026-05-25T13:55:17.0430000,23.57,77.69,101.871
2026-05-25T13:55:18.0840000,23.57,77.68,101.871
2026-05-25T13:55:19.1350000,23.57,77.67,101.871
2026-05-25T13:55:20.1760000,23.57,77.66,101.871
2026-05-25T13:55:21.2160000,23.57,77.64,101.872
2026-05-25T13:55:22.2570000,23.57,77.62,101.871
2026-05-25T13:55:23.2980000,23.57,77.62,101.871
2026-05-25T13:55:24.3490000,23.57,77.67,101.871
2026-05-25T13:55:25.3930000,23.57,77.63,101.872
2026-05-25T13:55:26.4340000,23.57,77.63,101.872
2026-05-25T13:55:27.4750000,23.57,77.61,101.872
2026-05-25T13:55:28.5160000,23.57,77.6,101.87
2026-05-25T13:55:29.5570000,23.57,77.58,101.871
2026-05-25T13:55:30.5980000,23.57,77.57,101.871
2026-05-25T13:55:31.6490000,23.57,77.57,101.871
2026-05-25T13:55:32.6900000,23.57,77.56,101.871
2026-05-25T13:55:33.7300000,23.57,77.53,101.87
2026-05-25T13:55:34.7710000,23.57,77.55,101.87
2026-05-25T13:55:35.8120000,23.57,77.56,101.871
2026-05-25T13:55:36.8630000,23.57,77.56,101.873
2026-05-25T13:55:37.9040000,23.57,77.55,101.872
2026-05-25T13:55:38.9620000,23.57,77.54,101.873
2026-05-25T13:55:39.9920000,23.57,77.53,101.873
2026-05-25T13:55:41.0330000,23.57,77.54,101.873
2026-05-25T13:55:42.0740000,23.57,77.55,101.872
2026-05-25T13:55:43.1150000,23.57,77.53,101.871
2026-05-25T13:55:44.1550000,23.57,77.54,101.87
2026-05-25T13:55:45.2070000,23.57,77.54,101.87
2026-05-25T13:55:46.2470000,23.57,77.57,101.87
2026-05-25T13:55:47.2880000,23.57,77.52,101.87
2026-05-25T13:55:48.3290000,23.57,77.52,101.87
2026-05-25T13:55:49.3700000,23.57,77.54,101.87
2026-05-25T13:55:50.4100000,23.57,77.53,101.871
2026-05-25T13:55:51.4620000,23.57,77.52,101.871
2026-05-25T13:55:52.5340000,23.57,77.5,101.871
2026-05-25T13:55:53.5430000,23.57,77.49,101.871
2026-05-25T13:55:54.5840000,23.57,77.5,101.871
2026-05-25T13:55:55.6250000,23.57,77.48,101.872
2026-05-25T13:55:56.6760000,23.57,77.47,101.872
2026-05-25T13:55:57.7170000,23.57,77.47,101.872
2026-05-25T13:55:58.7580000,23.57,77.45,101.871
2026-05-25T13:55:59.7980000,23.57,77.41,101.871
2026-05-25T13:56:00.8390000,23.57,77.42,101.871
2026-05-25T13:56:01.8900000,23.57,77.48,101.871
2026-05-25T13:56:02.9310000,23.57,77.43,101.871
2026-05-25T13:56:03.9720000,23.57,77.42,101.871
2026-05-25T13:56:05.0130000,23.57,77.4,101.871
2026-05-25T13:56:06.1090000,23.57,77.38,101.872
2026-05-25T13:56:07.0980000,23.57,77.38,101.872
2026-05-25T13:56:08.1390000,23.57,77.36,101.872
2026-05-25T13:56:09.1900000,23.57,77.36,101.871
2026-05-25T13:56:10.2310000,23.57,77.34,101.871
2026-05-25T13:56:11.2710000,23.57,77.33,101.871
2026-05-25T13:56:12.3120000,23.57,77.34,101.871
2026-05-25T13:56:13.3530000,23.57,77.32,101.871
2026-05-25T13:56:14.3940000,23.57,77.33,101.87
2026-05-25T13:56:15.4450000,23.58,77.33,101.871
2026-05-25T13:56:16.4860000,23.58,77.28,101.871
2026-05-25T13:56:17.5270000,23.58,77.27,101.87
2026-05-25T13:56:18.5670000,23.58,77.25,101.871
2026-05-25T13:56:19.6080000,23.57,77.25,101.87
2026-05-25T13:56:20.6590000,23.58,77.24,101.87
2026-05-25T13:56:21.7000000,23.57,77.23,101.87
2026-05-25T13:56:22.7410000,23.58,77.21,101.87
2026-05-25T13:56:23.7820000,23.58,77.21,101.87
2026-05-25T13:56:24.8230000,23.58,77.2,101.87
2026-05-25T13:56:25.8740000,23.58,77.19,101.87
2026-05-25T13:56:26.9150000,23.58,77.16,101.87
2026-05-25T13:56:27.9550000,23.58,77.17,101.871
2026-05-25T13:56:28.9960000,23.58,77.14,101.872
2026-05-25T13:56:30.0370000,23.58,77.13,101.871
2026-05-25T13:56:31.0780000,23.58,77.11,101.871
2026-05-25T13:56:32.1290000,23.57,77.12,101.871
2026-05-25T13:56:33.1700000,23.58,77.12,101.871
2026-05-25T13:56:34.2210000,23.57,77.1,101.87
2026-05-25T13:56:35.2510000,23.57,77.09,101.87
2026-05-25T13:56:36.2920000,23.58,77.08,101.87
2026-05-25T13:56:37.3430000,23.58,77.07,101.87
2026-05-25T13:56:38.3840000,23.58,77.07,101.87
2026-05-25T13:56:39.4250000,23.58,77.06,101.87
2026-05-25T13:56:40.4660000,23.58,77.04,101.871
2026-05-25T13:56:41.5070000,23.58,77,101.871
2026-05-25T13:56:42.5480000,23.58,77.02,101.871
2026-05-25T13:56:43.5990000,23.58,77.02,101.87
2026-05-25T13:56:44.6400000,23.58,77.01,101.87
2026-05-25T13:56:45.6800000,23.58,76.99,101.87
2026-05-25T13:56:46.7210000,23.57,76.97,101.87
2026-05-25T13:56:47.7900000,23.58,76.96,101.87
2026-05-25T13:56:48.8100000,23.58,76.96,101.87
2026-05-25T13:56:49.8500000,23.58,76.97,101.87
2026-05-25T13:56:50.8910000,23.58,76.95,101.87
2026-05-25T13:56:51.9320000,23.58,76.95,101.871
2026-05-25T13:56:52.9830000,23.58,76.94,101.871
2026-05-25T13:56:54.0240000,23.58,76.93,101.871
2026-05-25T13:56:55.0650000,23.58,76.89,101.871
2026-05-25T13:56:56.1060000,23.58,76.91,101.87
2026-05-25T13:56:57.1470000,23.58,76.93,101.87
2026-05-25T13:56:58.1980000,23.58,76.88,101.871
2026-05-25T13:56:59.2390000,23.58,76.88,101.872
2026-05-25T13:57:00.2790000,23.57,76.85,101.872
2026-05-25T13:57:01.3620000,23.57,76.87,101.871
2026-05-25T13:57:02.3610000,23.57,76.87,101.871
2026-05-25T13:57:03.4020000,23.57,76.87,101.87
2026-05-25T13:57:04.4530000,23.58,76.86,101.871
2026-05-25T13:57:05.4940000,23.58,76.85,101.871
2026-05-25T13:57:06.5340000,23.58,76.85,101.871
2026-05-25T13:57:07.5750000,23.58,76.83,101.871
2026-05-25T13:57:08.6160000,23.58,76.83,101.871
2026-05-25T13:57:09.6670000,23.58,76.85,101.87
2026-05-25T13:57:10.7080000,23.58,76.81,101.87
2026-05-25T13:57:11.7490000,23.58,76.85,101.87
2026-05-25T13:57:12.7900000,23.58,76.79,101.87
2026-05-25T13:57:13.8310000,23.58,76.8,101.871
2026-05-25T13:57:14.9340000,23.58,76.82,101.871
2026-05-25T13:57:15.9230000,23.58,76.8,101.87
2026-05-25T13:57:16.9640000,23.58,76.8,101.871
2026-05-25T13:57:18.0040000,23.58,76.79,101.871
2026-05-25T13:57:19.0450000,23.58,76.79,101.871
2026-05-25T13:57:20.0970000,23.58,76.78,101.871
2026-05-25T13:57:21.1370000,23.58,76.8,101.871
2026-05-25T13:57:22.1780000,23.58,76.76,101.87
2026-05-25T13:57:23.2190000,23.58,76.75,101.871
2026-05-25T13:57:24.2600000,23.58,76.74,101.872
2026-05-25T13:57:25.3010000,23.58,76.73,101.872
2026-05-25T13:57:26.3520000,23.58,76.72,101.871
2026-05-25T13:57:27.3930000,23.58,76.73,101.872
2026-05-25T13:57:28.4330000,23.58,76.74,101.872
2026-05-25T13:57:29.4740000,23.59,76.69,101.871
2026-05-25T13:57:30.5150000,23.59,76.7,101.871
2026-05-25T13:57:31.5660000,23.58,76.69,101.871
2026-05-25T13:57:32.6070000,23.58,76.68,101.871
2026-05-25T13:57:33.6470000,23.58,76.68,101.871
2026-05-25T13:57:34.6880000,23.59,76.67,101.872
2026-05-25T13:57:35.7290000,23.59,76.66,101.871
2026-05-25T13:57:36.7800000,23.59,76.67,101.872
2026-05-25T13:57:37.8210000,23.58,76.67,101.872
2026-05-25T13:57:38.8620000,23.58,76.65,101.872
2026-05-25T13:57:39.9030000,23.59,76.62,101.873
2026-05-25T13:57:40.9430000,23.59,76.6,101.873
2026-05-25T13:57:41.9950000,23.59,76.59,101.874
2026-05-25T13:57:43.0460000,23.59,76.58,101.873
2026-05-25T13:57:44.0760000,23.59,76.56,101.873
2026-05-25T13:57:45.1170000,23.59,76.56,101.873
2026-05-25T13:57:46.1580000,23.59,76.55,101.873
2026-05-25T13:57:47.1990000,23.59,76.54,101.873
2026-05-25T13:57:48.2500000,23.58,76.53,101.872
2026-05-25T13:57:49.2910000,23.58,76.53,101.872
2026-05-25T13:57:50.3320000,23.58,76.47,101.872
2026-05-25T13:57:51.3730000,23.59,76.55,101.873
2026-05-25T13:57:52.4140000,23.58,76.5,101.872
2026-05-25T13:57:53.4550000,23.58,76.5,101.872
2026-05-25T13:57:54.5060000,23.58,76.52,101.872
2026-05-25T13:57:55.5470000,23.58,76.52,101.872
2026-05-25T13:57:56.6190000,23.59,76.5,101.871
2026-05-25T13:57:57.6280000,23.59,76.49,101.871
2026-05-25T13:57:58.6690000,23.59,76.49,101.872
2026-05-25T13:57:59.7200000,23.59,76.48,101.871
2026-05-25T13:58:00.7610000,23.59,76.47,101.872
2026-05-25T13:58:01.8020000,23.59,76.47,101.872
2026-05-25T13:58:02.8420000,23.59,76.45,101.872
2026-05-25T13:58:03.8830000,23.59,76.42,101.872
2026-05-25T13:58:04.9340000,23.59,76.43,101.872
2026-05-25T13:58:05.9750000,23.59,76.47,101.872
2026-05-25T13:58:07.0160000,23.59,76.45,101.872
2026-05-25T13:58:08.0570000,23.59,76.43,101.872
2026-05-25T13:58:09.0980000,23.59,76.45,101.873
2026-05-25T13:58:10.1910000,23.59,76.4,101.873
2026-05-25T13:58:11.1900000,23.59,76.41,101.873
2026-05-25T13:58:12.2310000,23.59,76.41,101.873
2026-05-25T13:58:13.2710000,23.59,76.4,101.873
2026-05-25T13:58:14.3120000,23.59,76.4,101.873
2026-05-25T13:58:15.3530000,23.59,76.39,101.873
2026-05-25T13:58:16.4040000,23.59,76.38,101.872
2026-05-25T13:58:17.4450000,23.59,76.35,101.872
2026-05-25T13:58:18.4860000,23.59,76.35,101.872
2026-05-25T13:58:19.5260000,23.59,76.38,101.872
2026-05-25T13:58:20.5670000,23.59,76.34,101.873
2026-05-25T13:58:21.6190000,23.59,76.37,101.873
2026-05-25T13:58:22.6600000,23.59,76.35,101.873
2026-05-25T13:58:23.7630000,23.6,76.34,101.874
2026-05-25T13:58:24.7410000,23.6,76.33,101.874
2026-05-25T13:58:25.7820000,23.6,76.32,101.873
2026-05-25T13:58:26.8230000,23.59,76.32,101.873
2026-05-25T13:58:27.8740000,23.59,76.32,101.873
2026-05-25T13:58:28.9150000,23.59,76.29,101.873
2026-05-25T13:58:29.9560000,23.59,76.3,101.873
2026-05-25T13:58:30.9970000,23.6,76.3,101.873
2026-05-25T13:58:32.0370000,23.6,76.3,101.874
2026-05-25T13:58:33.0780000,23.59,76.3,101.873
2026-05-25T13:58:34.1300000,23.59,76.3,101.873
2026-05-25T13:58:35.1700000,23.6,76.31,101.873
2026-05-25T13:58:36.2110000,23.59,76.28,101.873
2026-05-25T13:58:37.2520000,23.59,76.27,101.872
2026-05-25T13:58:38.3070000,23.59,76.3,101.872
2026-05-25T13:58:39.3370000,23.6,76.29,101.873
2026-05-25T13:58:40.3780000,23.6,76.29,101.873
2026-05-25T13:58:41.4290000,23.6,76.28,101.873
2026-05-25T13:58:42.4700000,23.6,76.3,101.873
2026-05-25T13:58:43.5110000,23.6,76.28,101.873
2026-05-25T13:58:44.5520000,23.6,76.28,101.873
2026-05-25T13:58:46.6440000,23.6,76.3,101.873
2026-05-25T13:58:47.6840000,23.6,76.27,101.873
2026-05-25T13:58:48.7250000,23.6,76.29,101.873
2026-05-25T13:58:50.8080000,23.6,76.25,101.874
2026-05-25T13:58:51.8780000,23.6,76.3,101.874
2026-05-25T13:58:52.8980000,23.6,76.27,101.875
2026-05-25T13:58:53.9390000,23.6,76.28,101.875
2026-05-25T13:58:54.9800000,23.6,76.29,101.875
2026-05-25T13:58:56.0210000,23.6,76.28,101.875
2026-05-25T13:58:57.0610000,23.6,76.27,101.875
2026-05-25T13:58:58.1130000,23.6,76.27,101.875
2026-05-25T13:58:59.1540000,23.6,76.28,101.875
2026-05-25T13:59:00.1940000,23.6,76.29,101.874
2026-05-25T13:59:01.2350000,23.6,76.27,101.874
2026-05-25T13:59:02.2760000,23.6,76.29,101.873
2026-05-25T13:59:03.3270000,23.6,76.29,101.873
2026-05-25T13:59:04.3680000,23.6,76.32,101.874
2026-05-25T13:59:05.4510000,23.61,76.29,101.875
2026-05-25T13:59:06.4490000,23.6,76.3,101.875
2026-05-25T13:59:07.4900000,23.6,76.31,101.875
2026-05-25T13:59:08.5410000,23.6,76.32,101.875
2026-05-25T13:59:09.5820000,23.6,76.33,101.875
2026-05-25T13:59:10.6230000,23.6,76.36,101.875
2026-05-25T13:59:11.6640000,23.6,76.33,101.875
2026-05-25T13:59:12.7050000,23.6,76.31,101.874
2026-05-25T13:59:13.7560000,23.61,76.3,101.874
2026-05-25T13:59:14.7970000,23.61,76.31,101.874
2026-05-25T13:59:15.8380000,23.61,76.3,101.874
2026-05-25T13:59:16.8790000,23.61,76.31,101.874
2026-05-25T13:59:17.9190000,23.61,76.33,101.874
2026-05-25T13:59:19.0230000,23.61,76.33,101.874
2026-05-25T13:59:20.0120000,23.61,76.37,101.874
2026-05-25T13:59:21.0520000,23.61,76.38,101.875
2026-05-25T13:59:22.0930000,23.61,76.41,101.874
2026-05-25T13:59:23.1340000,23.61,76.44,101.874
2026-05-25T13:59:24.1750000,23.61,76.48,101.874
2026-05-25T13:59:25.2260000,23.61,76.52,101.875
2026-05-25T13:59:26.2670000,23.61,76.56,101.874
2026-05-25T13:59:27.3080000,23.62,76.58,101.875
2026-05-25T13:59:28.3490000,23.62,76.67,101.875
2026-05-25T13:59:29.3890000,23.62,76.73,101.875
2026-05-25T13:59:30.4400000,23.62,76.78,101.875
2026-05-25T13:59:31.4820000,23.62,76.86,101.875
2026-05-25T13:59:32.5220000,23.62,76.87,101.875
2026-05-25T13:59:33.5670000,23.62,77.04,101.876
2026-05-25T13:59:34.6070000,23.62,77.1,101.876
2026-05-25T13:59:35.6480000,23.62,77.16,101.876
2026-05-25T13:59:36.6890000,23.63,77.21,101.875
2026-05-25T13:59:37.7400000,23.63,77.23,101.876
2026-05-25T13:59:38.7810000,23.63,77.26,101.877
2026-05-25T13:59:39.8220000,23.63,77.31,101.876
2026-05-25T13:59:40.8630000,23.63,77.36,101.877
2026-05-25T13:59:41.9040000,23.63,77.4,101.876
2026-05-25T13:59:42.9550000,23.63,77.48,101.876
2026-05-25T13:59:43.9960000,23.63,77.53,101.876
2026-05-25T13:59:45.0360000,23.63,77.55,101.877
2026-05-25T13:59:46.0770000,23.63,77.58,101.877
2026-05-25T13:59:47.1390000,23.63,77.66,101.877
2026-05-25T13:59:48.1690000,23.63,77.69,101.877
2026-05-25T13:59:49.2100000,23.63,77.71,101.877
2026-05-25T13:59:50.2510000,23.63,77.77,101.876
2026-05-25T13:59:51.2920000,23.64,77.81,101.877
2026-05-25T13:59:52.3320000,23.64,77.86,101.877
2026-05-25T13:59:53.3840000,23.64,77.9,101.877
2026-05-25T13:59:54.4240000,23.64,77.95,101.877
2026-05-25T13:59:55.4650000,23.64,77.94,101.877
2026-05-25T13:59:56.5060000,23.64,78.02,101.877
2026-05-25T13:59:57.5470000,23.64,78.07,101.877
2026-05-25T13:59:58.5870000,23.64,78.15,101.877
2026-05-25T13:59:59.6390000,23.65,78.16,101.877
2026-05-25T14:00:00.7110000,23.65,78.33,101.877
2026-05-25T14:00:01.7200000,23.65,78.38,101.877
2026-05-25T14:00:02.7610000,23.65,78.44,101.877
2026-05-25T14:00:03.8020000,23.65,78.51,101.877
2026-05-25T14:00:04.8530000,23.65,78.57,101.877
2026-05-25T14:00:05.8940000,23.65,78.63,101.877
2026-05-25T14:00:06.9350000,23.65,78.67,101.878
2026-05-25T14:00:07.9760000,23.65,78.77,101.877
2026-05-25T14:00:09.0170000,23.65,78.76,101.877
2026-05-25T14:00:10.0680000,23.66,78.79,101.877
2026-05-25T14:00:11.1090000,23.65,78.8,101.877
2026-05-25T14:00:12.1490000,23.66,78.88,101.878
2026-05-25T14:00:13.1900000,23.66,78.89,101.878
2026-05-25T14:00:14.2870000,23.65,78.92,101.878
2026-05-25T14:00:15.2750000,23.65,78.9,101.878
2026-05-25T14:00:16.3160000,23.65,78.92,101.878
2026-05-25T14:00:17.3670000,23.65,78.94,101.878
2026-05-25T14:00:18.4080000,23.65,79.02,101.877
2026-05-25T14:00:19.4480000,23.66,79.08,101.878
2026-05-25T14:00:20.4890000,23.66,79.15,101.877
2026-05-25T14:00:21.5300000,23.66,79.2,101.878
2026-05-25T14:00:22.5810000,23.66,79.25,101.878
2026-05-25T14:00:23.6220000,23.66,79.3,101.878
2026-05-25T14:00:24.6630000,23.66,79.39,101.878
2026-05-25T14:00:25.7040000,23.66,79.41,101.878
2026-05-25T14:00:26.7440000,23.66,79.45,101.878
2026-05-25T14:00:27.8590000,23.66,79.47,101.879
2026-05-25T14:00:28.8370000,23.66,79.53,101.879
2026-05-25T14:00:29.8780000,23.66,79.6,101.879
2026-05-25T14:00:30.9180000,23.66,79.68,101.879
2026-05-25T14:00:31.9590000,23.66,79.73,101.879
2026-05-25T14:00:33.0000000,23.66,79.76,101.879
2026-05-25T14:00:34.0510000,23.66,79.8,101.879
2026-05-25T14:00:35.0920000,23.66,79.85,101.879
2026-05-25T14:00:36.1330000,23.66,79.92,101.879
2026-05-25T14:00:37.1740000,23.66,79.99,101.879
2026-05-25T14:00:38.2140000,23.67,80.06,101.881
2026-05-25T14:00:40.3060000,23.66,80.19,101.881
2026-05-25T14:00:41.3470000,23.66,80.24,101.881
2026-05-25T14:00:42.4020000,23.66,80.31,101.88
2026-05-25T14:00:43.4320000,23.66,80.34,101.88
2026-05-25T14:00:44.4730000,23.66,80.37,101.88
2026-05-25T14:00:45.5140000,23.66,80.41,101.88
2026-05-25T14:00:46.5650000,23.67,80.44,101.881
2026-05-25T14:00:47.6060000,23.67,80.45,101.881
2026-05-25T14:00:48.6470000,23.66,80.46,101.881
2026-05-25T14:00:49.6870000,23.66,80.48,101.881
2026-05-25T14:00:50.7280000,23.66,80.48,101.88
2026-05-25T14:00:51.7690000,23.66,80.51,101.88
2026-05-25T14:00:52.8200000,23.66,80.54,101.88
2026-05-25T14:00:53.8610000,23.66,80.6,101.88
2026-05-25T14:00:54.9020000,23.66,80.68,101.881
2026-05-25T14:00:55.9710000,23.67,80.71,101.881
2026-05-25T14:00:56.9910000,23.67,80.72,101.881
2026-05-25T14:00:58.0310000,23.67,80.74,101.882
2026-05-25T14:00:59.0720000,23.67,80.76,101.881
2026-05-25T14:01:00.1130000,23.67,80.8,101.882
2026-05-25T14:01:01.1540000,23.67,80.82,101.881
2026-05-25T14:01:02.2050000,23.67,80.84,101.881
2026-05-25T14:01:03.2450000,23.67,80.81,101.881
2026-05-25T14:01:04.2860000,23.67,80.83,101.881
2026-05-25T14:01:05.3270000,23.67,80.87,101.881
2026-05-25T14:01:06.3670000,23.67,80.83,101.881
2026-05-25T14:01:07.4190000,23.67,80.88,101.882
2026-05-25T14:01:08.4600000,23.67,80.91,101.881
2026-05-25T14:01:09.5420000,23.67,80.99,101.881
2026-05-25T14:01:11.5820000,23.67,81.01,101.881
2026-05-25T14:01:12.6330000,23.67,81.02,101.881
2026-05-25T14:01:13.6740000,23.67,81.04,101.882
2026-05-25T14:01:14.7150000,23.67,81.04,101.882
2026-05-25T14:01:15.7560000,23.67,81.04,101.882
2026-05-25T14:01:16.7960000,23.66,81.04,101.882
2026-05-25T14:01:17.8480000,23.67,81.04,101.882
2026-05-25T14:01:18.8890000,23.67,81.07,101.882
2026-05-25T14:01:19.9290000,23.67,81.09,101.882
2026-05-25T14:01:20.9700000,23.67,81.12,101.882
2026-05-25T14:01:22.0110000,23.67,81.12,101.881
2026-05-25T14:01:23.1150000,23.67,81.2,101.881
2026-05-25T14:01:24.1030000,23.67,81.22,101.881
2026-05-25T14:01:25.1440000,23.67,81.22,101.882
2026-05-25T14:01:26.1840000,23.67,81.22,101.882
2026-05-25T14:01:27.2250000,23.67,81.22,101.881
2026-05-25T14:01:28.2660000,23.67,81.22,101.881
2026-05-25T14:01:29.3170000,23.67,81.23,101.881
2026-05-25T14:01:30.3580000,23.67,81.22,101.881
2026-05-25T14:01:31.3990000,23.67,81.21,101.882
2026-05-25T14:01:32.4400000,23.67,81.22,101.882
2026-05-25T14:01:33.4800000,23.67,81.22,101.882
2026-05-25T14:01:34.5320000,23.67,81.23,101.882
2026-05-25T14:01:35.5730000,23.67,81.23,101.882
2026-05-25T14:01:36.6130000,23.67,81.32,101.883
2026-05-25T14:01:37.6570000,23.67,81.32,101.882
2026-05-25T14:01:38.6980000,23.67,81.32,101.882
2026-05-25T14:01:39.7390000,23.67,81.34,101.882
2026-05-25T14:01:40.7800000,23.67,81.35,101.882
2026-05-25T14:01:41.8320000,23.67,81.34,101.882
2026-05-25T14:01:42.8720000,23.67,81.36,101.882
2026-05-25T14:01:43.9130000,23.67,81.36,101.881
2026-05-25T14:01:44.9540000,23.67,81.35,101.881
2026-05-25T14:01:45.9950000,23.67,81.39,101.881
2026-05-25T14:01:47.0350000,23.67,81.37,101.881
2026-05-25T14:01:48.0870000,23.67,81.37,101.881
2026-05-25T14:01:49.1270000,23.67,81.41,101.881
2026-05-25T14:01:50.1680000,23.67,81.45,101.882
2026-05-25T14:01:51.2300000,23.67,81.42,101.882
2026-05-25T14:01:52.2500000,23.67,81.43,101.883
2026-05-25T14:01:53.3010000,23.67,81.45,101.883
2026-05-25T14:01:54.3420000,23.67,81.48,101.883
2026-05-25T14:01:55.3830000,23.67,81.47,101.883
2026-05-25T14:01:56.4230000,23.66,81.45,101.882
2026-05-25T14:01:57.4640000,23.66,81.45,101.882
2026-05-25T14:01:58.5150000,23.66,81.38,101.882
2026-05-25T14:01:59.5560000,23.66,81.4,101.882
2026-05-25T14:02:00.5970000,23.66,81.41,101.883
2026-05-25T14:02:01.6380000,23.66,81.39,101.883
2026-05-25T14:02:02.6780000,23.66,81.4,101.883
2026-05-25T14:02:03.7190000,23.66,81.4,101.882
2026-05-25T14:02:04.8050000,23.66,81.34,101.882
2026-05-25T14:02:05.8040000,23.66,81.38,101.882
2026-05-25T14:02:06.8560000,23.65,81.37,101.882
2026-05-25T14:02:07.8960000,23.66,81.36,101.882
2026-05-25T14:02:08.9370000,23.66,81.37,101.882
2026-05-25T14:02:09.9780000,23.66,81.39,101.882
2026-05-25T14:02:11.0190000,23.66,81.38,101.882
2026-05-25T14:02:12.0700000,23.66,81.36,101.882
2026-05-25T14:02:13.1110000,23.66,81.36,101.882
2026-05-25T14:02:14.1510000,23.65,81.32,101.882
2026-05-25T14:02:15.1920000,23.65,81.34,101.883
2026-05-25T14:02:16.2330000,23.65,81.36,101.882
2026-05-25T14:02:17.2840000,23.65,81.37,101.883
2026-05-25T14:02:18.3770000,23.65,81.33,101.884
2026-05-25T14:02:19.3650000,23.65,81.31,101.884
2026-05-25T14:02:20.4060000,23.65,81.31,101.884
2026-05-25T14:02:21.4470000,23.65,81.32,101.884
2026-05-25T14:02:22.4880000,23.64,81.32,101.883
2026-05-25T14:02:23.5390000,23.64,81.31,101.883
2026-05-25T14:02:24.5800000,23.64,81.3,101.883
2026-05-25T14:02:25.6200000,23.64,81.28,101.883
2026-05-25T14:02:26.6610000,23.64,81.26,101.882
2026-05-25T14:02:27.7020000,23.64,81.25,101.882
2026-05-25T14:02:28.7530000,23.64,81.21,101.882
2026-05-25T14:02:29.7940000,23.64,81.2,101.883
2026-05-25T14:02:30.8350000,23.64,81.2,101.883
2026-05-25T14:02:31.8760000,23.64,81.17,101.883
2026-05-25T14:02:32.9210000,23.64,81.14,101.883
2026-05-25T14:02:33.9610000,23.64,81.12,101.883
2026-05-25T14:02:35.0020000,23.64,81.1,101.883
2026-05-25T14:02:36.0430000,23.64,81.08,101.883
2026-05-25T14:02:37.0940000,23.64,81.07,101.883
2026-05-25T14:02:38.1350000,23.64,81.05,101.883
2026-05-25T14:02:39.1750000,23.63,81.03,101.882
2026-05-25T14:02:40.2160000,23.64,81.06,101.882
2026-05-25T14:02:41.2570000,23.63,80.95,101.882
2026-05-25T14:02:42.3080000,23.63,80.98,101.882
2026-05-25T14:02:43.3490000,23.63,80.93,101.882
2026-05-25T14:02:44.3900000,23.63,80.95,101.883
2026-05-25T14:02:45.4310000,23.63,80.92,101.882
2026-05-25T14:02:46.4930000,23.63,80.91,101.882
2026-05-25T14:02:47.5230000,23.63,80.87,101.883
2026-05-25T14:02:48.5630000,23.63,80.85,101.883
2026-05-25T14:02:49.6040000,23.63,80.84,101.883
2026-05-25T14:02:50.6450000,23.63,80.83,101.883
2026-05-25T14:02:51.6860000,23.63,80.81,101.883
2026-05-25T14:02:52.7270000,23.63,80.8,101.883
2026-05-25T14:02:53.7780000,23.63,80.79,101.883
2026-05-25T14:02:54.8190000,23.63,80.77,101.883
2026-05-25T14:02:55.8600000,23.63,80.76,101.884
2026-05-25T14:02:56.9000000,23.63,80.74,101.884
2026-05-25T14:02:57.9410000,23.63,80.71,101.884
2026-05-25T14:02:58.9920000,23.63,80.68,101.884
2026-05-25T14:03:00.0680000,23.62,80.67,101.884
2026-05-25T14:03:01.0770000,23.62,80.64,101.884
2026-05-25T14:03:03.1590000,23.63,80.58,101.885
2026-05-25T14:03:04.1990000,23.63,80.57,101.885
2026-05-25T14:03:05.2510000,23.62,80.54,101.885
2026-05-25T14:03:06.2920000,23.62,80.54,101.885
2026-05-25T14:03:07.3320000,23.62,80.48,101.884
2026-05-25T14:03:08.3730000,23.62,80.52,101.884
2026-05-25T14:03:09.4140000,23.62,80.55,101.884
2026-05-25T14:03:10.4540000,23.62,80.54,101.884
2026-05-25T14:03:11.5060000,23.62,80.51,101.884
2026-05-25T14:03:12.5470000,23.62,80.48,101.884
2026-05-25T14:03:13.6440000,23.62,80.47,101.884
2026-05-25T14:03:14.6320000,23.62,80.44,101.884
2026-05-25T14:03:15.6730000,23.62,80.43,101.883
2026-05-25T14:03:16.7140000,23.62,80.42,101.882
2026-05-25T14:03:17.7540000,23.62,80.39,101.882
2026-05-25T14:03:18.8060000,23.62,80.39,101.882
2026-05-25T14:03:19.8460000,23.62,80.35,101.882
2026-05-25T14:03:20.8870000,23.62,80.33,101.882
2026-05-25T14:03:21.9280000,23.62,80.32,101.883
2026-05-25T14:03:22.9690000,23.62,80.29,101.883
2026-05-25T14:03:24.0200000,23.61,80.3,101.883
2026-05-25T14:03:25.0610000,23.61,80.27,101.883
2026-05-25T14:03:26.1020000,23.61,80.27,101.883
2026-05-25T14:03:27.1430000,23.61,80.28,101.883
2026-05-25T14:03:28.1870000,23.61,80.26,101.883
2026-05-25T14:03:29.2280000,23.61,80.22,101.883
2026-05-25T14:03:30.2680000,23.61,80.2,101.883
2026-05-25T14:03:31.3200000,23.61,80.2,101.883
2026-05-25T14:03:32.3610000,23.61,80.18,101.883
2026-05-25T14:03:33.4010000,23.61,80.17,101.883
2026-05-25T14:03:34.4420000,23.61,80.16,101.883
2026-05-25T14:03:35.4830000,23.61,80.15,101.883
2026-05-25T14:03:36.5340000,23.61,80.12,101.883
2026-05-25T14:03:37.5750000,23.61,80.1,101.883
2026-05-25T14:03:38.6160000,23.61,80.1,101.883
2026-05-25T14:03:39.6570000,23.61,80.1,101.883
2026-05-25T14:03:40.6970000,23.61,80.05,101.882
2026-05-25T14:03:41.7590000,23.61,80.05,101.882
2026-05-25T14:03:42.7900000,23.61,80.04,101.883
2026-05-25T14:03:43.8300000,23.61,80.02,101.883
2026-05-25T14:03:44.8710000,23.61,80.02,101.883
2026-05-25T14:03:45.9120000,23.61,80.01,101.882
2026-05-25T14:03:46.9520000,23.61,80.01,101.882
2026-05-25T14:03:48.0040000,23.61,80.01,101.882
2026-05-25T14:03:49.0440000,23.61,80,101.882
2026-05-25T14:03:50.0850000,23.61,80.05,101.882
2026-05-25T14:03:51.1260000,23.61,80.01,101.882
2026-05-25T14:03:52.1660000,23.61,79.95,101.881
2026-05-25T14:03:53.2180000,23.61,79.92,101.882
2026-05-25T14:03:54.2580000,23.61,79.96,101.882
2026-05-25T14:03:55.3340000,23.61,79.95,101.881
2026-05-25T14:03:56.3440000,23.61,79.91,101.882
2026-05-25T14:03:57.3840000,23.61,79.88,101.882
2026-05-25T14:03:58.4250000,23.6,79.86,101.882
2026-05-25T14:03:59.4660000,23.6,79.83,101.881
2026-05-25T14:04:00.5180000,23.6,79.81,101.881
2026-05-25T14:04:01.5590000,23.6,79.8,101.881
2026-05-25T14:04:02.6000000,23.6,79.8,101.881
2026-05-25T14:04:03.6400000,23.6,79.78,101.881
2026-05-25T14:04:04.6810000,23.6,79.77,101.881
2026-05-25T14:04:05.7330000,23.6,79.75,101.881
2026-05-25T14:04:06.7730000,23.6,79.71,101.881
2026-05-25T14:04:07.8140000,23.6,79.69,101.881
2026-05-25T14:04:08.9070000,23.6,79.69,101.882
2026-05-25T14:04:09.8960000,23.6,79.67,101.882
2026-05-25T14:04:10.9470000,23.6,79.64,101.883
2026-05-25T14:04:11.9880000,23.6,79.63,101.883
2026-05-25T14:04:13.0280000,23.6,79.63,101.883
2026-05-25T14:04:14.0690000,23.6,79.61,101.882
2026-05-25T14:04:15.1100000,23.6,79.6,101.883
2026-05-25T14:04:16.1610000,23.6,79.59,101.883
2026-05-25T14:04:17.2020000,23.6,79.58,101.883
2026-05-25T14:04:18.2420000,23.6,79.54,101.882
2026-05-25T14:04:19.2830000,23.6,79.55,101.882
2026-05-25T14:04:20.3240000,23.6,79.5,101.882
2026-05-25T14:04:21.3650000,23.6,79.5,101.882
2026-05-25T14:04:22.4790000,23.6,79.42,101.882
2026-05-25T14:04:23.4570000,23.6,79.43,101.881
2026-05-25T14:04:24.4980000,23.6,79.43,101.88
2026-05-25T14:04:25.5390000,23.6,79.4,101.881
2026-05-25T14:04:26.5800000,23.6,79.4,101.881
2026-05-25T14:04:27.6310000,23.6,79.39,101.882
2026-05-25T14:04:28.6720000,23.6,79.38,101.881
2026-05-25T14:04:29.7120000,23.6,79.37,101.881
2026-05-25T14:04:30.7530000,23.6,79.35,101.881
2026-05-25T14:04:31.7940000,23.59,79.33,101.881
2026-05-25T14:04:32.8450000,23.59,79.3,101.882
2026-05-25T14:04:33.8860000,23.6,79.33,101.882
2026-05-25T14:04:34.9260000,23.6,79.27,101.882
2026-05-25T14:04:35.9670000,23.59,79.31,101.881
2026-05-25T14:04:37.0220000,23.59,79.24,101.881
2026-05-25T14:04:38.0520000,23.59,79.25,101.881
2026-05-25T14:04:39.0930000,23.59,79.21,101.881
2026-05-25T14:04:40.1440000,23.59,79.2,101.881
2026-05-25T14:04:41.1850000,23.59,79.21,101.881
2026-05-25T14:04:42.2260000,23.59,79.18,101.881
2026-05-25T14:04:43.2660000,23.59,79.16,101.881
2026-05-25T14:04:44.3070000,23.59,79.13,101.881
2026-05-25T14:04:45.3590000,23.59,79.16,101.881
2026-05-25T14:04:46.3990000,23.59,79.14,101.881
2026-05-25T14:04:47.4400000,23.59,79.16,101.881
2026-05-25T14:04:48.4810000,23.59,79.13,101.882
2026-05-25T14:04:49.5220000,23.59,79.15,101.881
2026-05-25T14:04:50.5970000,23.59,79.13,101.881
2026-05-25T14:04:51.6070000,23.59,79.09,101.88
2026-05-25T14:04:52.6580000,23.59,79.07,101.88
2026-05-25T14:04:53.6990000,23.59,79.06,101.881
2026-05-25T14:04:54.7390000,23.59,79.04,101.881
2026-05-25T14:04:55.7800000,23.59,79.05,101.881
2026-05-25T14:04:56.8210000,23.59,79.03,101.881
2026-05-25T14:04:57.8720000,23.59,79.04,101.881
2026-05-25T14:04:58.9130000,23.59,79,101.88
2026-05-25T14:04:59.9530000,23.59,78.96,101.88
2026-05-25T14:05:00.9940000,23.59,79.02,101.881
2026-05-25T14:05:02.0350000,23.59,78.99,101.88
2026-05-25T14:05:03.0860000,23.59,78.96,101.88
2026-05-25T14:05:04.1720000,23.59,78.96,101.879
2026-05-25T14:05:05.1710000,23.59,78.88,101.88
2026-05-25T14:05:06.2120000,23.59,78.88,101.881
2026-05-25T14:05:07.2530000,23.59,78.87,101.881
2026-05-25T14:05:08.2930000,23.59,78.87,101.881
2026-05-25T14:05:09.3340000,23.59,78.83,101.881
2026-05-25T14:05:10.3850000,23.59,78.83,101.881
2026-05-25T14:05:11.4260000,23.59,78.82,101.88
2026-05-25T14:05:12.4670000,23.59,78.8,101.88
2026-05-25T14:05:13.5080000,23.59,78.8,101.88
2026-05-25T14:05:14.5490000,23.59,78.83,101.879
2026-05-25T14:05:15.6000000,23.59,78.82,101.88
2026-05-25T14:05:16.6410000,23.59,78.78,101.879
2026-05-25T14:05:17.7480000,23.59,78.77,101.879
2026-05-25T14:05:18.7250000,23.59,78.76,101.879
2026-05-25T14:05:19.7660000,23.59,78.75,101.879
2026-05-25T14:05:20.8070000,23.59,78.75,101.879
2026-05-25T14:05:21.8480000,23.59,78.72,101.88
2026-05-25T14:05:22.8990000,23.59,78.72,101.88
2026-05-25T14:05:24.9800000,23.59,78.69,101.879
2026-05-25T14:05:26.0210000,23.59,78.66,101.88
2026-05-25T14:05:27.0620000,23.59,78.68,101.881
2026-05-25T14:05:28.1130000,23.59,78.69,101.88
2026-05-25T14:05:29.1540000,23.59,78.62,101.88
2026-05-25T14:05:30.1950000,23.59,78.65,101.88
2026-05-25T14:05:31.2360000,23.59,78.65,101.88
2026-05-25T14:05:32.2910000,23.59,78.6,101.88
2026-05-25T14:05:33.3210000,23.59,78.6,101.88
2026-05-25T14:05:34.3620000,23.59,78.59,101.879
2026-05-25T14:05:35.4130000,23.59,78.56,101.878
2026-05-25T14:05:36.4540000,23.59,78.55,101.879
2026-05-25T14:05:37.4950000,23.59,78.52,101.878
2026-05-25T14:05:38.5350000,23.59,78.54,101.879
2026-05-25T14:05:39.5760000,23.59,78.53,101.879
2026-05-25T14:05:40.6170000,23.59,78.54,101.878
2026-05-25T14:05:41.6680000,23.59,78.5,101.879
2026-05-25T14:05:42.7090000,23.59,78.5,101.878
2026-05-25T14:05:43.7500000,23.59,78.51,101.878
2026-05-25T14:05:44.7910000,23.59,78.51,101.878
2026-05-25T14:05:45.8630000,23.59,78.51,101.878
2026-05-25T14:05:46.8830000,23.59,78.49,101.878
2026-05-25T14:05:47.9240000,23.59,78.49,101.879
2026-05-25T14:05:48.9640000,23.59,78.48,101.879
2026-05-25T14:05:50.0050000,23.59,78.48,101.879
2026-05-25T14:05:51.0460000,23.59,78.45,101.879
2026-05-25T14:05:52.0980000,23.59,78.46,101.879
2026-05-25T14:05:53.1390000,23.59,78.4,101.879
2026-05-25T14:05:54.1790000,23.59,78.43,101.879
2026-05-25T14:05:55.2200000,23.59,78.43,101.879
2026-05-25T14:05:56.2610000,23.59,78.41,101.88
2026-05-25T14:05:57.3020000,23.59,78.4,101.88
2026-05-25T14:05:58.3530000,23.59,78.4,101.879
2026-05-25T14:05:59.4390000,23.59,78.4,101.879
2026-05-25T14:06:00.4380000,23.59,78.38,101.879
2026-05-25T14:06:01.4790000,23.59,78.37,101.878
2026-05-25T14:06:02.5200000,23.59,78.36,101.879
2026-05-25T14:06:03.5610000,23.59,78.36,101.878
2026-05-25T14:06:04.6120000,23.59,78.36,101.879
2026-05-25T14:06:05.6530000,23.59,78.33,101.879
2026-05-25T14:06:06.6930000,23.59,78.37,101.878
2026-05-25T14:06:07.7340000,23.59,78.27,101.879
2026-05-25T14:06:08.7750000,23.59,78.3,101.879
2026-05-25T14:06:09.8260000,23.59,78.28,101.879
2026-05-25T14:06:10.8660000,23.59,78.32,101.88
2026-05-25T14:06:11.9080000,23.59,78.29,101.88
2026-05-25T14:06:13.0110000,23.59,78.28,101.879
2026-05-25T14:06:13.9890000,23.59,78.26,101.88
2026-05-25T14:06:15.0300000,23.59,78.24,101.879
2026-05-25T14:06:16.0810000,23.59,78.25,101.88
2026-05-25T14:06:17.1220000,23.59,78.24,101.879
2026-05-25T14:06:18.1630000,23.59,78.24,101.88
2026-05-25T14:06:19.2040000,23.59,78.22,101.88
2026-05-25T14:06:20.2450000,23.59,78.21,101.88
2026-05-25T14:06:21.2960000,23.59,78.19,101.88
2026-05-25T14:06:22.3370000,23.59,78.17,101.88
2026-05-25T14:06:23.3780000,23.59,78.17,101.88
2026-05-25T14:06:24.4180000,23.59,78.19,101.88
2026-05-25T14:06:25.4590000,23.59,78.15,101.879
2026-05-25T14:06:26.5110000,23.59,78.09,101.879
2026-05-25T14:06:27.5580000,23.59,78.09,101.879
2026-05-25T14:06:28.5890000,23.59,78.11,101.879
2026-05-25T14:06:29.6400000,23.59,78.1,101.88
2026-05-25T14:06:30.6810000,23.59,78.09,101.88
2026-05-25T14:06:31.7220000,23.59,78.08,101.88
2026-05-25T14:06:32.7620000,23.59,78.07,101.879
2026-05-25T14:06:33.8030000,23.59,78.07,101.88
2026-05-25T14:06:34.8440000,23.59,78.04,101.881
2026-05-25T14:06:35.8950000,23.59,78.02,101.88
2026-05-25T14:06:36.9360000,23.59,78.04,101.88
2026-05-25T14:06:37.9770000,23.59,78.02,101.88
2026-05-25T14:06:39.0180000,23.59,78,101.88
2026-05-25T14:06:40.0580000,23.59,78.02,101.879
2026-05-25T14:06:41.1310000,23.59,77.98,101.879
2026-05-25T14:06:42.1530000,23.59,78,101.879
2026-05-25T14:06:43.1940000,23.59,77.98,101.878
2026-05-25T14:06:44.2350000,23.59,77.98,101.878
2026-05-25T14:06:45.2760000,23.58,77.96,101.878
2026-05-25T14:06:46.3160000,23.59,77.96,101.879
2026-05-25T14:06:47.3680000,23.59,77.93,101.879
2026-05-25T14:06:48.4080000,23.59,77.89,101.879
2026-05-25T14:06:49.4490000,23.59,77.92,101.878
2026-05-25T14:06:50.4900000,23.59,77.88,101.878
2026-05-25T14:06:51.5310000,23.59,77.87,101.878
2026-05-25T14:06:52.5820000,23.59,77.87,101.878
2026-05-25T14:06:53.6230000,23.59,77.85,101.879
2026-05-25T14:06:54.7050000,23.59,77.84,101.879
2026-05-25T14:06:55.7040000,23.59,77.86,101.879
2026-05-25T14:06:56.7450000,23.59,77.87,101.879
2026-05-25T14:06:57.7960000,23.59,77.85,101.879
2026-05-25T14:06:58.8370000,23.59,77.84,101.878
2026-05-25T14:06:59.8770000,23.59,77.84,101.878
2026-05-25T14:07:00.9180000,23.59,77.83,101.878
2026-05-25T14:07:01.9590000,23.59,77.8,101.878
2026-05-25T14:07:03.0110000,23.59,77.82,101.878
2026-05-25T14:07:04.0520000,23.59,77.81,101.879
2026-05-25T14:07:05.0920000,23.59,77.82,101.879
2026-05-25T14:07:06.1330000,23.59,77.76,101.879
2026-05-25T14:07:07.1740000,23.59,77.81,101.878
2026-05-25T14:07:08.2810000,23.59,77.75,101.878
2026-05-25T14:07:09.2590000,23.59,77.76,101.878
2026-05-25T14:07:10.3110000,23.59,77.75,101.878
2026-05-25T14:07:11.3510000,23.59,77.77,101.878
2026-05-25T14:07:12.3920000,23.59,77.73,101.878
2026-05-25T14:07:13.4330000,23.59,77.73,101.878
2026-05-25T14:07:14.4740000,23.59,77.73,101.878
2026-05-25T14:07:15.5250000,23.59,77.73,101.878
2026-05-25T14:07:16.5660000,23.59,77.7,101.878
2026-05-25T14:07:17.6060000,23.59,77.73,101.878
2026-05-25T14:07:18.6470000,23.59,77.75,101.878
2026-05-25T14:07:19.6880000,23.59,77.72,101.878
2026-05-25T14:07:20.7390000,23.59,77.71,101.878
2026-05-25T14:07:21.7800000,23.59,77.66,101.878
2026-05-25T14:07:22.8210000,23.59,77.69,101.878
2026-05-25T14:07:23.8620000,23.59,77.68,101.879
2026-05-25T14:07:24.9030000,23.59,77.68,101.879
2026-05-25T14:07:25.9540000,23.59,77.66,101.879
2026-05-25T14:07:26.9950000,23.59,77.66,101.879
2026-05-25T14:07:28.0360000,23.59,77.68,101.88
2026-05-25T14:07:29.0760000,23.59,77.65,101.879
2026-05-25T14:07:30.1170000,23.59,77.61,101.879
2026-05-25T14:07:31.1580000,23.59,77.65,101.88
2026-05-25T14:07:32.2100000,23.59,77.63,101.88
2026-05-25T14:07:33.2500000,23.59,77.61,101.88
2026-05-25T14:07:34.2910000,23.59,77.65,101.88
2026-05-25T14:07:35.3320000,23.59,77.64,101.879
2026-05-25T14:07:36.3970000,23.59,77.62,101.879
2026-05-25T14:07:37.4170000,23.59,77.6,101.88
2026-05-25T14:07:38.4580000,23.59,77.6,101.879
2026-05-25T14:07:39.5090000,23.59,77.59,101.879
2026-05-25T14:07:40.5500000,23.59,77.59,101.88
2026-05-25T14:07:41.5910000,23.59,77.59,101.879
2026-05-25T14:07:42.6310000,23.59,77.57,101.879
2026-05-25T14:07:43.6720000,23.59,77.6,101.879
2026-05-25T14:07:44.7230000,23.59,77.57,101.879
2026-05-25T14:07:45.7640000,23.59,77.5,101.878
2026-05-25T14:07:46.8050000,23.59,77.5,101.878
2026-05-25T14:07:47.8460000,23.59,77.52,101.878
2026-05-25T14:07:48.8860000,23.59,77.47,101.878
2026-05-25T14:07:49.9690000,23.59,77.52,101.878
2026-05-25T14:07:50.9780000,23.59,77.5,101.879
2026-05-25T14:07:52.0200000,23.59,77.48,101.878
2026-05-25T14:07:53.0600000,23.59,77.49,101.878
2026-05-25T14:07:54.1010000,23.59,77.49,101.878
2026-05-25T14:07:55.1530000,23.59,77.49,101.878
2026-05-25T14:07:56.1930000,23.59,77.48,101.879
2026-05-25T14:07:57.2340000,23.6,77.44,101.879
2026-05-25T14:07:58.2750000,23.6,77.47,101.879
2026-05-25T14:07:59.3160000,23.6,77.46,101.879
2026-05-25T14:08:00.3570000,23.59,77.45,101.879
2026-05-25T14:08:01.4080000,23.59,77.43,101.878
2026-05-25T14:08:02.4490000,23.59,77.46,101.878
2026-05-25T14:08:03.5420000,23.59,77.42,101.878
2026-05-25T14:08:04.5300000,23.6,77.41,101.879
2026-05-25T14:08:05.5710000,23.59,77.41,101.879
2026-05-25T14:08:06.6220000,23.59,77.41,101.88
2026-05-25T14:08:07.6630000,23.59,77.42,101.88
2026-05-25T14:08:08.7040000,23.6,77.39,101.88
2026-05-25T14:08:09.7440000,23.6,77.38,101.88
2026-05-25T14:08:10.7850000,23.6,77.38,101.88
2026-05-25T14:08:11.8370000,23.59,77.37,101.88
2026-05-25T14:08:12.8770000,23.59,77.39,101.88
2026-05-25T14:08:13.9180000,23.59,77.33,101.88
2026-05-25T14:08:14.9590000,23.6,77.37,101.88
2026-05-25T14:08:16.0000000,23.59,77.34,101.88
2026-05-25T14:08:17.1140000,23.59,77.33,101.88
2026-05-25T14:08:18.0920000,23.59,77.31,101.88
2026-05-25T14:08:19.1330000,23.59,77.31,101.879
2026-05-25T14:08:20.1730000,23.6,77.3,101.88
2026-05-25T14:08:21.2140000,23.59,77.29,101.88
2026-05-25T14:08:22.2550000,23.59,77.29,101.879
2026-05-25T14:08:23.3060000,23.59,77.28,101.879
2026-05-25T14:08:24.3470000,23.6,77.26,101.879
2026-05-25T14:08:25.3880000,23.59,77.28,101.879
2026-05-25T14:08:26.4290000,23.59,77.26,101.88
2026-05-25T14:08:27.4690000,23.59,77.26,101.879
2026-05-25T14:08:28.5200000,23.59,77.24,101.879
2026-05-25T14:08:29.5610000,23.6,77.25,101.88
2026-05-25T14:08:30.6020000,23.6,77.22,101.879
2026-05-25T14:08:31.6570000,23.6,77.23,101.879
2026-05-25T14:08:32.6870000,23.6,77.21,101.88
2026-05-25T14:08:33.7280000,23.59,77.2,101.879
2026-05-25T14:08:34.7680000,23.59,77.18,101.88
2026-05-25T14:08:35.8200000,23.59,77.17,101.88
2026-05-25T14:08:36.8610000,23.59,77.16,101.88
2026-05-25T14:08:37.9010000,23.59,77.15,101.88
2026-05-25T14:08:38.9420000,23.59,77.16,101.881
2026-05-25T14:08:41.0340000,23.59,77.12,101.881
2026-05-25T14:08:42.0750000,23.59,77.11,101.88
2026-05-25T14:08:43.1160000,23.6,77.09,101.881
2026-05-25T14:08:44.1570000,23.6,77.11,101.881
2026-05-25T14:08:45.2290000,23.6,77.1,101.881
2026-05-25T14:08:46.2390000,23.6,77.06,101.881
2026-05-25T14:08:47.2900000,23.6,77.06,101.88
2026-05-25T14:08:48.3310000,23.6,77.06,101.88
2026-05-25T14:08:49.3710000,23.6,77.06,101.88
2026-05-25T14:08:50.4120000,23.6,77.04,101.88
2026-05-25T14:08:51.4530000,23.6,77.04,101.881
2026-05-25T14:08:52.5040000,23.6,77.03,101.881
2026-05-25T14:08:53.5450000,23.6,77.02,101.881
2026-05-25T14:08:54.5860000,23.6,76.99,101.881
2026-05-25T14:08:55.6260000,23.6,77.03,101.88
2026-05-25T14:08:56.6670000,23.6,76.99,101.881
2026-05-25T14:08:57.7190000,23.6,77.04,101.88
2026-05-25T14:08:58.8010000,23.6,77.02,101.879
2026-05-25T14:08:59.8000000,23.6,77.03,101.88
2026-05-25T14:09:00.8410000,23.6,77.02,101.88
2026-05-25T14:09:01.8820000,23.6,77,101.88
2026-05-25T14:09:02.9330000,23.6,76.98,101.881
2026-05-25T14:09:03.9740000,23.6,76.99,101.88
2026-05-25T14:09:05.0150000,23.6,77,101.879
2026-05-25T14:09:06.0550000,23.6,76.98,101.879
2026-05-25T14:09:07.0960000,23.6,76.99,101.879
2026-05-25T14:09:08.1370000,23.6,76.97,101.88
2026-05-25T14:09:09.1880000,23.6,76.97,101.88
2026-05-25T14:09:10.2290000,23.6,76.98,101.88
2026-05-25T14:09:11.2700000,23.6,76.95,101.88
2026-05-25T14:09:12.3740000,23.6,76.95,101.88
2026-05-25T14:09:13.3520000,23.6,76.94,101.88
2026-05-25T14:09:14.4030000,23.6,76.95,101.88
2026-05-25T14:09:15.4440000,23.6,76.93,101.88
2026-05-25T14:09:16.4840000,23.6,76.93,101.881
2026-05-25T14:09:17.5250000,23.6,76.91,101.88
2026-05-25T14:09:18.5660000,23.6,76.91,101.88
2026-05-25T14:09:19.6170000,23.6,76.9,101.879
2026-05-25T14:09:20.6580000,23.6,76.89,101.879
2026-05-25T14:09:21.6980000,23.6,76.93,101.879
2026-05-25T14:09:22.7390000,23.6,76.89,101.879
2026-05-25T14:09:23.7800000,23.6,76.86,101.879
2026-05-25T14:09:24.8310000,23.6,76.85,101.88
2026-05-25T14:09:25.8720000,23.6,76.91,101.88
2026-05-25T14:09:26.9160000,23.6,76.9,101.881
2026-05-25T14:09:27.9570000,23.6,76.9,101.882
2026-05-25T14:09:28.9980000,23.6,76.89,101.882
2026-05-25T14:09:30.0390000,23.6,76.88,101.882
2026-05-25T14:09:31.0790000,23.6,76.85,101.882
2026-05-25T14:09:32.1310000,23.6,76.87,101.881
2026-05-25T14:09:33.1720000,23.6,76.87,101.881
2026-05-25T14:09:34.2120000,23.6,76.81,101.881
2026-05-25T14:09:35.2530000,23.6,76.85,101.881
2026-05-25T14:09:37.3450000,23.6,76.83,101.881
2026-05-25T14:09:38.3860000,23.6,76.81,101.881
2026-05-25T14:09:39.4270000,23.6,76.8,101.882
2026-05-25T14:09:40.4880000,23.6,76.84,101.882
2026-05-25T14:09:41.5080000,23.6,76.82,101.882
2026-05-25T14:09:42.5490000,23.6,76.81,101.881
2026-05-25T14:09:43.6000000,23.6,76.81,101.882
2026-05-25T14:09:44.6410000,23.6,76.79,101.882
2026-05-25T14:09:45.6820000,23.6,76.8,101.882
2026-05-25T14:09:46.7220000,23.6,76.8,101.882
2026-05-25T14:09:47.7630000,23.6,76.81,101.882
2026-05-25T14:09:48.8140000,23.6,76.77,101.882
2026-05-25T14:09:49.8550000,23.6,76.78,101.882
2026-05-25T14:09:50.8960000,23.6,76.77,101.882
2026-05-25T14:09:51.9370000,23.6,76.79,101.882
2026-05-25T14:09:52.9780000,23.6,76.76,101.882
2026-05-25T14:09:54.0600000,23.6,76.74,101.882
2026-05-25T14:09:55.0700000,23.6,76.75,101.882
2026-05-25T14:09:56.1110000,23.6,76.74,101.881
2026-05-25T14:09:57.1510000,23.61,76.72,101.882
2026-05-25T14:09:58.1920000,23.61,76.7,101.882
2026-05-25T14:09:59.2330000,23.61,76.69,101.882
2026-05-25T14:10:00.2840000,23.61,76.69,101.882
2026-05-25T14:10:01.3250000,23.61,76.69,101.882
2026-05-25T14:10:02.3660000,23.61,76.62,101.882
2026-05-25T14:10:03.4060000,23.61,76.64,101.882
2026-05-25T14:10:04.4470000,23.61,76.63,101.883
2026-05-25T14:10:05.4980000,23.61,76.61,101.883
2026-05-25T14:10:06.5390000,23.61,76.61,101.883
2026-05-25T14:10:07.6360000,23.61,76.55,101.884
2026-05-25T14:10:08.6240000,23.6,76.59,101.883
2026-05-25T14:10:09.6650000,23.6,76.58,101.883
2026-05-25T14:10:10.7050000,23.61,76.58,101.883
2026-05-25T14:10:11.7460000,23.61,76.56,101.883
2026-05-25T14:10:12.7970000,23.61,76.56,101.883
2026-05-25T14:10:13.8380000,23.61,76.55,101.883
2026-05-25T14:10:14.8790000,23.61,76.56,101.883
2026-05-25T14:10:15.9200000,23.61,76.55,101.883
2026-05-25T14:10:16.9610000,23.61,76.55,101.883
2026-05-25T14:10:18.0120000,23.61,76.53,101.884
2026-05-25T14:10:19.0530000,23.61,76.54,101.883
2026-05-25T14:10:20.0930000,23.61,76.52,101.883
2026-05-25T14:10:21.1340000,23.61,76.53,101.884
2026-05-25T14:10:22.1790000,23.61,76.51,101.883
2026-05-25T14:10:23.2200000,23.61,76.49,101.883
2026-05-25T14:10:24.2600000,23.61,76.49,101.884
2026-05-25T14:10:25.3010000,23.61,76.48,101.884
2026-05-25T14:10:26.3520000,23.61,76.48,101.884
2026-05-25T14:10:27.3930000,23.61,76.45,101.884
2026-05-25T14:10:28.4340000,23.61,76.44,101.884
2026-05-25T14:10:29.4740000,23.61,76.45,101.883
2026-05-25T14:10:30.5150000,23.61,76.38,101.884
2026-05-25T14:10:31.5660000,23.61,76.43,101.883
2026-05-25T14:10:32.6070000,23.61,76.43,101.883
2026-05-25T14:10:33.6480000,23.61,76.41,101.883
2026-05-25T14:10:34.6890000,23.61,76.37,101.883
2026-05-25T14:10:35.7500000,23.61,76.39,101.884
2026-05-25T14:10:36.7810000,23.61,76.39,101.883
2026-05-25T14:10:37.8210000,23.61,76.38,101.883
2026-05-25T14:10:38.8620000,23.61,76.37,101.884
2026-05-25T14:10:39.9030000,23.61,76.38,101.884
2026-05-25T14:10:40.9440000,23.61,76.36,101.884
2026-05-25T14:10:41.9850000,23.61,76.37,101.884
2026-05-25T14:10:43.0360000,23.61,76.39,101.884
2026-05-25T14:10:44.0770000,23.61,76.37,101.884
2026-05-25T14:10:45.1170000,23.61,76.37,101.884
2026-05-25T14:10:46.1580000,23.61,76.36,101.884
2026-05-25T14:10:47.1990000,23.61,76.33,101.884
2026-05-25T14:10:48.2500000,23.61,76.34,101.884
2026-05-25T14:10:49.3260000,23.61,76.37,101.884
2026-05-25T14:10:50.3350000,23.61,76.33,101.885
2026-05-25T14:10:51.3760000,23.61,76.33,101.885
2026-05-25T14:10:52.4160000,23.61,76.31,101.885
2026-05-25T14:10:53.4570000,23.61,76.33,101.885
2026-05-25T14:10:54.4980000,23.61,76.33,101.885
2026-05-25T14:10:55.5490000,23.61,76.33,101.885
2026-05-25T14:10:56.5900000,23.61,76.28,101.886
2026-05-25T14:10:57.6310000,23.62,76.34,101.886
2026-05-25T14:10:58.6720000,23.62,76.31,101.885
2026-05-25T14:10:59.7120000,23.62,76.31,101.886
2026-05-25T14:11:00.7630000,23.62,76.31,101.886
2026-05-25T14:11:01.8040000,23.62,76.3,101.886
2026-05-25T14:11:02.8970000,23.62,76.33,101.886
2026-05-25T14:11:03.8860000,23.61,76.29,101.886
2026-05-25T14:11:04.9270000,23.61,76.28,101.886
2026-05-25T14:11:05.9780000,23.61,76.29,101.886
2026-05-25T14:11:07.0190000,23.62,76.29,101.887
2026-05-25T14:11:08.0600000,23.62,76.29,101.888
2026-05-25T14:11:09.1000000,23.62,76.28,101.888
2026-05-25T14:11:10.1410000,23.62,76.28,101.888
2026-05-25T14:11:11.1820000,23.62,76.26,101.888
2026-05-25T14:11:12.2330000,23.62,76.27,101.888
2026-05-25T14:11:13.2740000,23.62,76.29,101.888
2026-05-25T14:11:14.3150000,23.62,76.27,101.887
2026-05-25T14:11:15.3550000,23.62,76.23,101.887
2026-05-25T14:11:16.3960000,23.62,76.25,101.888
2026-05-25T14:11:17.4470000,23.62,76.24,101.888
2026-05-25T14:11:18.4880000,23.62,76.25,101.888
2026-05-25T14:11:19.5290000,23.62,76.25,101.888
2026-05-25T14:11:20.5700000,23.62,76.25,101.888
2026-05-25T14:11:21.6100000,23.62,76.26,101.888
2026-05-25T14:11:22.6620000,23.62,76.27,101.888
2026-05-25T14:11:23.7020000,23.62,76.28,101.888
2026-05-25T14:11:24.7430000,23.62,76.29,101.887
2026-05-25T14:11:25.7840000,23.62,76.27,101.887
2026-05-25T14:11:26.8250000,23.62,76.28,101.887
2026-05-25T14:11:27.8660000,23.62,76.27,101.887
2026-05-25T14:11:28.9170000,23.62,76.29,101.887
2026-05-25T14:11:29.9580000,23.62,76.28,101.887
2026-05-25T14:11:31.0130000,23.62,76.28,101.887
2026-05-25T14:11:32.0440000,23.62,76.29,101.886
2026-05-25T14:11:33.0850000,23.62,76.29,101.886
2026-05-25T14:11:34.1250000,23.62,76.29,101.886
2026-05-25T14:11:35.1660000,23.62,76.3,101.887
2026-05-25T14:11:36.2170000,23.62,76.31,101.887
2026-05-25T14:11:37.2580000,23.62,76.33,101.887
2026-05-25T14:11:38.2990000,23.62,76.35,101.887
2026-05-25T14:11:39.3400000,23.62,76.36,101.887
2026-05-25T14:11:40.3800000,23.62,76.37,101.887
2026-05-25T14:11:41.4210000,23.62,76.41,101.888
2026-05-25T14:11:42.4720000,23.62,76.41,101.887
2026-05-25T14:11:43.5130000,23.62,76.4,101.887
2026-05-25T14:11:44.5850000,23.62,76.49,101.888
2026-05-25T14:11:45.5950000,23.63,76.5,101.887
2026-05-25T14:11:46.6350000,23.63,76.53,101.888
2026-05-25T14:11:47.6870000,23.63,76.58,101.888
2026-05-25T14:11:48.7270000,23.63,76.61,101.889
2026-05-25T14:11:49.7680000,23.63,76.62,101.889
2026-05-25T14:11:50.8090000,23.63,76.65,101.888
2026-05-25T14:11:51.8520000,23.63,76.68,101.888
2026-05-25T14:11:52.8930000,23.63,76.72,101.888
2026-05-25T14:11:53.9440000,23.63,76.73,101.889
2026-05-25T14:11:54.9850000,23.63,76.78,101.889
2026-05-25T14:11:56.0260000,23.63,76.83,101.89
2026-05-25T14:11:57.0670000,23.63,76.86,101.889
2026-05-25T14:11:58.1600000,23.64,76.94,101.889
2026-05-25T14:11:59.1480000,23.64,77,101.889
2026-05-25T14:12:00.1990000,23.64,77.05,101.888
2026-05-25T14:12:01.2400000,23.64,77.12,101.888
2026-05-25T14:12:02.2810000,23.64,77.22,101.888
2026-05-25T14:12:03.3220000,23.64,77.26,101.889
2026-05-25T14:12:04.3630000,23.64,77.33,101.889
2026-05-25T14:12:05.4140000,23.64,77.44,101.889
2026-05-25T14:12:06.4550000,23.65,77.5,101.889
2026-05-25T14:12:07.4950000,23.65,77.52,101.89
2026-05-25T14:12:08.5360000,23.65,77.58,101.89
2026-05-25T14:12:09.5770000,23.65,77.61,101.89
2026-05-25T14:12:10.6180000,23.65,77.67,101.889
2026-05-25T14:12:11.7320000,23.65,77.76,101.89
2026-05-25T14:12:12.7100000,23.65,77.79,101.89
2026-05-25T14:12:13.7510000,23.66,77.84,101.89
2026-05-25T14:12:14.7920000,23.66,77.93,101.891
2026-05-25T14:12:15.8320000,23.66,77.99,101.89
2026-05-25T14:12:16.8840000,23.66,78.06,101.891
2026-05-25T14:12:17.9240000,23.66,78.11,101.891
2026-05-25T14:12:18.9650000,23.66,78.17,101.892
2026-05-25T14:12:20.0060000,23.67,78.23,101.891
2026-05-25T14:12:21.0470000,23.67,78.29,101.892
2026-05-25T14:12:22.0870000,23.67,78.32,101.892
2026-05-25T14:12:23.1390000,23.67,78.38,101.892
2026-05-25T14:12:24.1790000,23.67,78.47,101.892
2026-05-25T14:12:25.2200000,23.67,78.52,101.892
2026-05-25T14:12:26.2750000,23.67,78.58,101.891
2026-05-25T14:12:27.3050000,23.67,78.59,101.891
2026-05-25T14:12:28.3460000,23.67,78.61,101.89
2026-05-25T14:12:29.3870000,23.67,78.64,101.891
2026-05-25T14:12:30.4380000,23.67,78.69,101.891
2026-05-25T14:12:31.4790000,23.67,78.74,101.891
2026-05-25T14:12:32.5190000,23.67,78.79,101.891
2026-05-25T14:12:33.5600000,23.67,78.9,101.892
2026-05-25T14:12:34.6010000,23.68,78.93,101.892
2026-05-25T14:12:35.6520000,23.68,78.98,101.893
2026-05-25T14:12:36.6930000,23.68,79.04,101.893
2026-05-25T14:12:37.7340000,23.68,79.08,101.893
2026-05-25T14:12:38.7750000,23.68,79.12,101.893
2026-05-25T14:12:39.8470000,23.68,79.15,101.893
2026-05-25T14:12:40.8670000,23.68,79.19,101.893
2026-05-25T14:12:41.9080000,23.68,79.2,101.894
2026-05-25T14:12:42.9490000,23.68,79.22,101.893
2026-05-25T14:12:43.9890000,23.68,79.25,101.894
2026-05-25T14:12:45.0300000,23.68,79.29,101.895
2026-05-25T14:12:46.0710000,23.68,79.35,101.894
2026-05-25T14:12:47.1220000,23.68,79.4,101.894
2026-05-25T14:12:48.1630000,23.68,79.41,101.894
2026-05-25T14:12:49.2030000,23.68,79.54,101.894
2026-05-25T14:12:50.2440000,23.68,79.59,101.894
2026-05-25T14:12:51.2850000,23.68,79.63,101.894
2026-05-25T14:12:52.3370000,23.68,79.64,101.894
2026-05-25T14:12:53.4230000,23.68,79.67,101.894
2026-05-25T14:12:54.4220000,23.68,79.74,101.894
2026-05-25T14:12:55.4620000,23.68,79.8,101.894
2026-05-25T14:12:56.5030000,23.68,79.86,101.895
2026-05-25T14:12:57.5440000,23.68,79.92,101.894
2026-05-25T14:12:58.5850000,23.68,79.98,101.894
2026-05-25T14:12:59.6260000,23.68,80,101.895
2026-05-25T14:13:00.6770000,23.68,80.06,101.894
2026-05-25T14:13:01.7180000,23.68,80.06,101.894
2026-05-25T14:13:02.7580000,23.68,80.08,101.895
2026-05-25T14:13:03.7990000,23.68,80.09,101.895
2026-05-25T14:13:04.8400000,23.68,80.15,101.895
2026-05-25T14:13:05.8910000,23.68,80.19,101.895
2026-05-25T14:13:06.9950000,23.68,80.32,101.896
2026-05-25T14:13:07.9730000,23.68,80.34,101.895
2026-05-25T14:13:09.0140000,23.68,80.39,101.895
2026-05-25T14:13:10.0540000,23.68,80.43,101.894
2026-05-25T14:13:11.1060000,23.68,80.46,101.895
2026-05-25T14:13:12.1460000,23.68,80.47,101.895
2026-05-25T14:13:13.1870000,23.68,80.5,101.895
2026-05-25T14:13:14.2280000,23.68,80.53,101.895
2026-05-25T14:13:15.2690000,23.68,80.56,101.895
2026-05-25T14:13:16.3090000,23.68,80.61,101.894
2026-05-25T14:13:17.3610000,23.68,80.61,101.895
2026-05-25T14:13:18.4010000,23.68,80.7,101.896
2026-05-25T14:13:19.4420000,23.68,80.69,101.896
2026-05-25T14:13:20.4830000,23.68,80.69,101.896
2026-05-25T14:13:21.5380000,23.68,80.78,101.895
2026-05-25T14:13:22.5680000,23.68,80.81,101.895
2026-05-25T14:13:23.6090000,23.68,80.83,101.895
2026-05-25T14:13:24.6600000,23.68,80.84,101.896
2026-05-25T14:13:25.7010000,23.68,80.87,101.896
2026-05-25T14:13:26.7420000,23.68,80.91,101.897
2026-05-25T14:13:27.7820000,23.68,80.93,101.897
2026-05-25T14:13:28.8230000,23.68,81.04,101.896
2026-05-25T14:13:29.8740000,23.68,80.97,101.895
2026-05-25T14:13:30.9150000,23.68,80.99,101.895
2026-05-25T14:13:31.9560000,23.68,81.01,101.896
2026-05-25T14:13:32.9970000,23.68,81.03,101.896
2026-05-25T14:13:34.0380000,23.68,81.01,101.895
2026-05-25T14:13:35.1130000,23.67,80.99,101.895
2026-05-25T14:13:36.1220000,23.67,81.04,101.895
2026-05-25T14:13:37.1740000,23.67,81.07,101.895
2026-05-25T14:13:38.2150000,23.68,81.1,101.895
2026-05-25T14:13:39.2550000,23.68,81.12,101.895
2026-05-25T14:13:40.2960000,23.68,81.16,101.895
2026-05-25T14:13:41.3370000,23.68,81.18,101.895
2026-05-25T14:13:42.3780000,23.68,81.19,101.895
2026-05-25T14:13:43.4290000,23.68,81.23,101.895
2026-05-25T14:13:44.4700000,23.68,81.24,101.896
2026-05-25T14:13:45.5110000,23.68,81.26,101.896
2026-05-25T14:13:46.5520000,23.68,81.25,101.897
2026-05-25T14:13:47.5930000,23.68,81.29,101.897
2026-05-25T14:13:48.6860000,23.68,81.31,101.897
2026-05-25T14:13:49.6850000,23.68,81.3,101.898
2026-05-25T14:13:50.7250000,23.68,81.3,101.898
2026-05-25T14:13:52.8070000,23.68,81.34,101.898
2026-05-25T14:13:53.8480000,23.68,81.36,101.898
2026-05-25T14:13:54.8990000,23.68,81.37,101.897
2026-05-25T14:13:55.9400000,23.68,81.38,101.897
2026-05-25T14:13:56.9810000,23.68,81.43,101.897
2026-05-25T14:13:58.0210000,23.68,81.47,101.897
2026-05-25T14:13:59.0620000,23.68,81.49,101.897
2026-05-25T14:14:00.1130000,23.68,81.49,101.897
2026-05-25T14:14:01.1540000,23.68,81.53,101.897
2026-05-25T14:14:02.2580000,23.68,81.58,101.897
2026-05-25T14:14:04.2770000,23.68,81.58,101.897
2026-05-25T14:14:05.3180000,23.68,81.59,101.898
2026-05-25T14:14:06.3690000,23.69,81.6,101.898
2026-05-25T14:14:07.4100000,23.68,81.62,101.898
2026-05-25T14:14:08.4500000,23.68,81.61,101.898
2026-05-25T14:14:09.4910000,23.68,81.6,101.898
2026-05-25T14:14:10.5320000,23.68,81.58,101.899
2026-05-25T14:14:11.5830000,23.68,81.61,101.899
2026-05-25T14:14:12.6240000,23.68,81.6,101.9
2026-05-25T14:14:13.6650000,23.68,81.6,101.9
2026-05-25T14:14:14.7050000,23.68,81.6,101.9
2026-05-25T14:14:15.7460000,23.68,81.58,101.9
2026-05-25T14:14:16.7980000,23.68,81.64,101.9
2026-05-25T14:14:17.8380000,23.68,81.64,101.9
2026-05-25T14:14:18.8790000,23.68,81.66,101.9
2026-05-25T14:14:19.9200000,23.68,81.64,101.899
2026-05-25T14:14:20.9610000,23.68,81.64,101.899
2026-05-25T14:14:22.0020000,23.68,81.64,101.899
2026-05-25T14:14:23.0530000,23.68,81.65,101.899
2026-05-25T14:14:24.0940000,23.68,81.63,101.9
2026-05-25T14:14:25.1350000,23.68,81.62,101.9
2026-05-25T14:14:26.1750000,23.68,81.61,101.9
2026-05-25T14:14:27.2160000,23.68,81.64,101.901
2026-05-25T14:14:28.2670000,23.68,81.63,101.901
2026-05-25T14:14:29.3080000,23.68,81.64,101.901
2026-05-25T14:14:30.3700000,23.68,81.64,101.901
2026-05-25T14:14:31.3900000,23.68,81.69,101.901
2026-05-25T14:14:32.4300000,23.68,81.7,101.901
2026-05-25T14:14:33.4820000,23.68,81.72,101.902
2026-05-25T14:14:34.5220000,23.68,81.74,101.902
2026-05-25T14:14:35.5630000,23.68,81.74,101.901
2026-05-25T14:14:36.6040000,23.68,81.75,101.902
2026-05-25T14:14:37.6450000,23.68,81.77,101.902
2026-05-25T14:14:38.6960000,23.68,81.74,101.902
2026-05-25T14:14:39.7370000,23.67,81.73,101.902
2026-05-25T14:14:40.7780000,23.67,81.69,101.902
2026-05-25T14:14:41.8180000,23.67,81.72,101.903
2026-05-25T14:14:42.8590000,23.67,81.73,101.901
2026-05-25T14:14:43.9420000,23.67,81.73,101.901
2026-05-25T14:14:44.9510000,23.67,81.7,101.902
2026-05-25T14:14:45.9920000,23.67,81.68,101.902
2026-05-25T14:14:47.0330000,23.67,81.67,101.902
2026-05-25T14:14:48.0730000,23.67,81.65,101.903
2026-05-25T14:14:49.1140000,23.67,81.62,101.903
2026-05-25T14:14:50.1650000,23.67,81.59,101.903
2026-05-25T14:14:51.2060000,23.66,81.64,101.903
2026-05-25T14:14:52.2470000,23.66,81.58,101.903
2026-05-25T14:14:53.2880000,23.66,81.56,101.903
2026-05-25T14:14:54.3290000,23.66,81.55,101.903
2026-05-25T14:14:55.3800000,23.66,81.55,101.902
2026-05-25T14:14:56.4210000,23.66,81.51,101.902
2026-05-25T14:14:57.5140000,23.66,81.51,101.902
2026-05-25T14:14:58.5030000,23.66,81.49,101.902
2026-05-25T14:14:59.5430000,23.66,81.47,101.902
2026-05-25T14:15:00.5950000,23.66,81.45,101.902
2026-05-25T14:15:01.6350000,23.66,81.43,101.903
2026-05-25T14:15:02.6760000,23.65,81.43,101.903
2026-05-25T14:15:03.7170000,23.65,81.4,101.903
2026-05-25T14:15:04.7580000,23.65,81.39,101.903
2026-05-25T14:15:05.7990000,23.65,81.37,101.903
2026-05-25T14:15:06.8500000,23.65,81.33,101.903
2026-05-25T14:15:07.8900000,23.65,81.31,101.903
2026-05-25T14:15:08.9310000,23.65,81.31,101.903
2026-05-25T14:15:09.9720000,23.65,81.26,101.903
2026-05-25T14:15:11.0130000,23.65,81.2,101.904
2026-05-25T14:15:12.0640000,23.65,81.2,101.904
2026-05-25T14:15:13.1050000,23.64,81.19,101.904
2026-05-25T14:15:14.1460000,23.64,81.17,101.904
2026-05-25T14:15:15.1870000,23.64,81.15,101.904
2026-05-25T14:15:16.2280000,23.64,81.14,101.904
2026-05-25T14:15:17.2790000,23.64,81.12,101.904
2026-05-25T14:15:18.3200000,23.64,81.1,101.905
2026-05-25T14:15:19.3600000,23.64,81.08,101.904
2026-05-25T14:15:20.4010000,23.64,81.08,101.904
2026-05-25T14:15:21.4420000,23.64,81.03,101.904
2026-05-25T14:15:22.4830000,23.64,81.04,101.903
2026-05-25T14:15:23.5340000,23.64,81,101.904
2026-05-25T14:15:24.5750000,23.64,81,101.904
2026-05-25T14:15:25.6260000,23.63,80.94,101.903
2026-05-25T14:15:26.6570000,23.63,80.95,101.903
2026-05-25T14:15:27.6970000,23.63,80.94,101.904
2026-05-25T14:15:28.7490000,23.63,80.93,101.903
2026-05-25T14:15:29.7890000,23.63,80.9,101.903
2026-05-25T14:15:30.8300000,23.63,80.9,101.902
2026-05-25T14:15:31.8710000,23.63,80.88,101.903
2026-05-25T14:15:32.9110000,23.63,80.91,101.903
2026-05-25T14:15:33.9630000,23.63,80.84,101.903
2026-05-25T14:15:35.0030000,23.63,80.81,101.903
2026-05-25T14:15:36.0440000,23.63,80.82,101.903
2026-05-25T14:15:37.0850000,23.63,80.8,101.904
2026-05-25T14:15:38.1260000,23.63,80.77,101.904
2026-05-25T14:15:39.1980000,23.63,80.75,101.905
2026-05-25T14:15:40.2180000,23.63,80.72,101.905
2026-05-25T14:15:41.2580000,23.63,80.7,101.905
2026-05-25T14:15:42.2990000,23.62,80.68,101.905
2026-05-25T14:15:43.3400000,23.62,80.66,101.905
2026-05-25T14:15:44.3810000,23.62,80.64,101.905
2026-05-25T14:15:45.4320000,23.62,80.62,101.906
2026-05-25T14:15:46.4730000,23.63,80.63,101.905
2026-05-25T14:15:47.5140000,23.62,80.6,101.905
2026-05-25T14:15:48.5540000,23.62,80.59,101.905
2026-05-25T14:15:49.5950000,23.62,80.59,101.906
2026-05-25T14:15:50.6460000,23.62,80.57,101.907
2026-05-25T14:15:51.6870000,23.62,80.54,101.906
2026-05-25T14:15:52.7700000,23.62,80.57,101.906
2026-05-25T14:15:53.7690000,23.62,80.54,101.906
2026-05-25T14:15:54.8100000,23.62,80.54,101.905
2026-05-25T14:15:55.8610000,23.62,80.52,101.906
2026-05-25T14:15:56.9020000,23.62,80.5,101.905
2026-05-25T14:15:57.9420000,23.62,80.48,101.905
2026-05-25T14:15:58.9830000,23.62,80.47,101.905
2026-05-25T14:16:00.0240000,23.62,80.5,101.906
2026-05-25T14:16:01.0750000,23.62,80.46,101.906
2026-05-25T14:16:02.1160000,23.62,80.45,101.907
2026-05-25T14:16:03.1570000,23.62,80.43,101.907
2026-05-25T14:16:04.1980000,23.62,80.44,101.907
2026-05-25T14:16:05.2390000,23.62,80.42,101.907
2026-05-25T14:16:06.3420000,23.62,80.37,101.907
2026-05-25T14:16:07.3310000,23.62,80.4,101.907
2026-05-25T14:16:08.3710000,23.62,80.35,101.908
2026-05-25T14:16:09.4120000,23.62,80.34,101.908
2026-05-25T14:16:10.4530000,23.61,80.31,101.908
2026-05-25T14:16:11.4940000,23.61,80.3,101.908
2026-05-25T14:16:12.5460000,23.61,80.28,101.908
2026-05-25T14:16:13.5860000,23.61,80.27,101.908
2026-05-25T14:16:14.6270000,23.61,80.23,101.908
2026-05-25T14:16:15.6680000,23.61,80.22,101.908
2026-05-25T14:16:16.7090000,23.61,80.19,101.908
2026-05-25T14:16:17.7600000,23.61,80.21,101.908
2026-05-25T14:16:18.8010000,23.61,80.25,101.908
2026-05-25T14:16:19.8410000,23.61,80.17,101.908
2026-05-25T14:16:20.8850000,23.61,80.16,101.909
2026-05-25T14:16:21.9260000,23.61,80.14,101.909
2026-05-25T14:16:22.9670000,23.61,80.13,101.909
2026-05-25T14:16:24.0080000,23.61,80.12,101.909
2026-05-25T14:16:25.0590000,23.61,80.12,101.909
2026-05-25T14:16:26.1000000,23.61,80.13,101.909
2026-05-25T14:16:27.1410000,23.61,80.1,101.909
2026-05-25T14:16:28.1810000,23.61,80.08,101.909
2026-05-25T14:16:29.2220000,23.61,80.06,101.909
2026-05-25T14:16:30.2730000,23.61,80.09,101.909
2026-05-25T14:16:31.3140000,23.61,80.08,101.909
2026-05-25T14:16:32.3550000,23.61,80.03,101.909
2026-05-25T14:16:33.3960000,23.61,80.12,101.909
2026-05-25T14:16:34.4570000,23.61,80,101.909
2026-05-25T14:16:35.4770000,23.61,80,101.909
2026-05-25T14:16:36.5280000,23.61,79.96,101.91
2026-05-25T14:16:37.5690000,23.61,79.96,101.91
2026-05-25T14:16:38.6100000,23.6,79.93,101.91
2026-05-25T14:16:39.6510000,23.6,79.91,101.91
2026-05-25T14:16:40.6920000,23.6,79.9,101.91
2026-05-25T14:16:41.7430000,23.6,79.86,101.911
2026-05-25T14:16:42.7840000,23.6,79.84,101.91
2026-05-25T14:16:43.8240000,23.6,79.79,101.91
2026-05-25T14:16:44.8650000,23.6,79.81,101.91
2026-05-25T14:16:45.9060000,23.6,79.81,101.91
2026-05-25T14:16:46.9570000,23.6,79.79,101.91
2026-05-25T14:16:48.0330000,23.6,79.76,101.911
2026-05-25T14:16:49.0420000,23.6,79.76,101.911
2026-05-25T14:16:50.0830000,23.6,79.75,101.911
2026-05-25T14:16:51.1240000,23.6,79.75,101.911
2026-05-25T14:16:52.1650000,23.6,79.72,101.911
2026-05-25T14:16:53.2050000,23.6,79.72,101.911
2026-05-25T14:16:54.2560000,23.6,79.71,101.911
2026-05-25T14:16:55.2970000,23.6,79.7,101.912
2026-05-25T14:16:56.3380000,23.6,79.67,101.912
2026-05-25T14:16:57.3790000,23.6,79.67,101.912
2026-05-25T14:16:58.4200000,23.6,79.62,101.913
2026-05-25T14:16:59.4600000,23.6,79.61,101.913
2026-05-25T14:17:00.5120000,23.6,79.6,101.913
2026-05-25T14:17:01.6050000,23.6,79.59,101.913
2026-05-25T14:17:02.5940000,23.6,79.59,101.913
2026-05-25T14:17:03.6340000,23.6,79.57,101.914
2026-05-25T14:17:04.6750000,23.6,79.57,101.913
2026-05-25T14:17:05.7260000,23.6,79.56,101.913
2026-05-25T14:17:06.7670000,23.6,79.53,101.913
2026-05-25T14:17:07.8080000,23.6,79.53,101.913
2026-05-25T14:17:08.8480000,23.6,79.52,101.913
2026-05-25T14:17:09.8890000,23.6,79.48,101.913
2026-05-25T14:17:10.9410000,23.6,79.48,101.914
2026-05-25T14:17:11.9810000,23.6,79.46,101.914
2026-05-25T14:17:13.0220000,23.6,79.48,101.914
2026-05-25T14:17:14.0630000,23.6,79.45,101.914
2026-05-25T14:17:15.1040000,23.6,79.4,101.913
2026-05-25T14:17:16.1450000,23.6,79.4,101.914
2026-05-25T14:17:17.1960000,23.6,79.39,101.914
2026-05-25T14:17:18.2370000,23.6,79.34,101.914
2026-05-25T14:17:19.2770000,23.6,79.34,101.915
2026-05-25T14:17:20.3180000,23.6,79.33,101.914
2026-05-25T14:17:21.3590000,23.6,79.31,101.914
2026-05-25T14:17:22.4100000,23.6,79.3,101.914
2026-05-25T14:17:23.4510000,23.6,79.3,101.915
2026-05-25T14:17:24.4920000,23.59,79.28,101.914
2026-05-25T14:17:25.5330000,23.6,79.29,101.915
2026-05-25T14:17:26.5740000,23.6,79.25,101.915
2026-05-25T14:17:27.6140000,23.6,79.22,101.915
2026-05-25T14:17:28.6660000,23.6,79.2,101.916
2026-05-25T14:17:29.7170000,23.59,79.19,101.916
2026-05-25T14:17:30.7470000,23.59,79.18,101.916
2026-05-25T14:17:31.7880000,23.59,79.17,101.916
2026-05-25T14:17:32.8280000,23.59,79.17,101.916
2026-05-25T14:17:33.8790000,23.59,79.16,101.916
2026-05-25T14:17:34.9200000,23.59,79.15,101.916
2026-05-25T14:17:35.9610000,23.59,79.15,101.916
2026-05-25T14:17:37.0020000,23.59,79.13,101.917
2026-05-25T14:17:38.0420000,23.59,79.12,101.917
2026-05-25T14:17:39.0940000,23.59,79.13,101.917
2026-05-25T14:17:40.1350000,23.59,79.11,101.917
2026-05-25T14:17:41.1750000,23.59,79.08,101.916
2026-05-25T14:17:42.2170000,23.59,79.08,101.916
2026-05-25T14:17:43.2890000,23.59,79.06,101.917
2026-05-25T14:17:44.2980000,23.59,79.05,101.917
2026-05-25T14:17:45.3500000,23.59,79.03,101.916
2026-05-25T14:17:46.3900000,23.59,79.02,101.917
2026-05-25T14:17:47.4310000,23.59,79.02,101.916
2026-05-25T14:17:48.4720000,23.59,79,101.916
2026-05-25T14:17:49.5130000,23.59,79,101.916
2026-05-25T14:17:50.5640000,23.59,78.95,101.916
2026-05-25T14:17:51.6050000,23.59,78.99,101.917
2026-05-25T14:17:52.6460000,23.59,78.99,101.917
2026-05-25T14:17:53.6860000,23.59,79,101.917
2026-05-25T14:17:54.7270000,23.59,78.95,101.917
2026-05-25T14:17:55.7780000,23.59,78.95,101.917
2026-05-25T14:17:56.8610000,23.59,78.96,101.918
2026-05-25T14:17:57.8600000,23.59,78.94,101.918
2026-05-25T14:17:58.9000000,23.59,78.93,101.918
2026-05-25T14:17:59.9410000,23.59,78.92,101.918
2026-05-25T14:18:00.9920000,23.59,78.9,101.918
2026-05-25T14:18:02.0330000,23.59,78.89,101.918
2026-05-25T14:18:03.0740000,23.59,78.88,101.918
2026-05-25T14:18:04.1150000,23.59,78.87,101.917
2026-05-25T14:18:05.1550000,23.59,78.86,101.918
2026-05-25T14:18:07.2470000,23.59,78.82,101.919
2026-05-25T14:18:08.2880000,23.59,78.81,101.919
2026-05-25T14:18:09.3290000,23.59,78.81,101.919
2026-05-25T14:18:10.4330000,23.58,78.81,101.918
2026-05-25T14:18:11.4110000,23.58,78.77,101.918
2026-05-25T14:18:12.4620000,23.58,78.75,101.917
2026-05-25T14:18:13.5030000,23.58,78.74,101.918
2026-05-25T14:18:14.5430000,23.59,78.72,101.918
2026-05-25T14:18:15.5840000,23.59,78.72,101.918
2026-05-25T14:18:16.6250000,23.59,78.72,101.918
2026-05-25T14:18:17.6760000,23.59,78.72,101.918
2026-05-25T14:18:18.7170000,23.59,78.71,101.918
2026-05-25T14:18:19.7580000,23.59,78.76,101.918
2026-05-25T14:18:20.7990000,23.59,78.75,101.918
2026-05-25T14:18:21.8390000,23.59,78.7,101.918
2026-05-25T14:18:22.8910000,23.59,78.71,101.918
2026-05-25T14:18:23.9320000,23.59,78.66,101.919
2026-05-25T14:18:24.9760000,23.59,78.64,101.919
2026-05-25T14:18:26.0170000,23.59,78.63,101.919
2026-05-25T14:18:27.0580000,23.59,78.63,101.919
2026-05-25T14:18:28.0980000,23.59,78.61,101.92
2026-05-25T14:18:29.1390000,23.59,78.58,101.919
2026-05-25T14:18:30.1900000,23.59,78.56,101.92
2026-05-25T14:18:31.2310000,23.59,78.55,101.92
2026-05-25T14:18:32.2720000,23.59,78.54,101.92
2026-05-25T14:18:33.3130000,23.59,78.56,101.92
2026-05-25T14:18:34.3540000,23.58,78.52,101.919
2026-05-25T14:18:35.4050000,23.59,78.51,101.92
2026-05-25T14:18:36.4460000,23.59,78.51,101.92
2026-05-25T14:18:37.4870000,23.59,78.5,101.92
2026-05-25T14:18:38.5450000,23.58,78.48,101.921
2026-05-25T14:18:39.5750000,23.58,78.45,101.921
2026-05-25T14:18:40.6160000,23.59,78.44,101.921
2026-05-25T14:18:41.6570000,23.58,78.43,101.921
2026-05-25T14:18:42.6970000,23.58,78.41,101.921
2026-05-25T14:18:43.7480000,23.58,78.4,101.921
2026-05-25T14:18:44.7890000,23.59,78.39,101.921
2026-05-25T14:18:45.8300000,23.59,78.33,101.921
2026-05-25T14:18:46.8710000,23.59,78.36,101.92
2026-05-25T14:18:47.9120000,23.59,78.33,101.92
2026-05-25T14:18:48.9520000,23.58,78.32,101.919
2026-05-25T14:18:50.0040000,23.58,78.35,101.919
2026-05-25T14:18:51.0440000,23.59,78.3,101.92
2026-05-25T14:18:52.1170000,23.59,78.3,101.921
2026-05-25T14:18:53.1260000,23.59,78.3,101.921
2026-05-25T14:18:54.1670000,23.59,78.29,101.921
2026-05-25T14:18:55.2180000,23.59,78.28,101.921
2026-05-25T14:18:56.2590000,23.58,78.26,101.92
2026-05-25T14:18:57.3000000,23.58,78.28,101.921
2026-05-25T14:18:58.3400000,23.58,78.26,101.921
2026-05-25T14:18:59.3810000,23.59,78.2,101.922
2026-05-25T14:19:00.4330000,23.59,78.26,101.922
2026-05-25T14:19:01.4730000,23.59,78.25,101.921
2026-05-25T14:19:02.5140000,23.59,78.23,101.921
2026-05-25T14:19:03.5550000,23.59,78.26,101.921
2026-05-25T14:19:04.5960000,23.58,78.2,101.92
2026-05-25T14:19:05.6890000,23.58,78.18,101.92
2026-05-25T14:19:06.6880000,23.58,78.18,101.92
2026-05-25T14:19:07.7290000,23.58,78.16,101.92
2026-05-25T14:19:08.7690000,23.59,78.16,101.92
2026-05-25T14:19:09.8100000,23.58,78.14,101.92
2026-05-25T14:19:10.8610000,23.58,78.14,101.921
2026-05-25T14:19:11.9020000,23.59,78.14,101.921
2026-05-25T14:19:12.9430000,23.59,78.14,101.921
2026-05-25T14:19:13.9840000,23.58,78.11,101.92
2026-05-25T14:19:15.0250000,23.58,78.12,101.921
2026-05-25T14:19:16.0760000,23.58,78.11,101.921
2026-05-25T14:19:17.1170000,23.59,78.11,101.922
2026-05-25T14:19:18.1580000,23.58,78.11,101.921
2026-05-25T14:19:19.2610000,23.58,78.08,101.921
2026-05-25T14:19:20.2390000,23.58,78.08,101.921
2026-05-25T14:19:21.2800000,23.58,78.06,101.921
2026-05-25T14:19:22.3320000,23.58,78.08,101.921
2026-05-25T14:19:23.3730000,23.58,78.06,101.921
2026-05-25T14:19:24.4140000,23.58,78.05,101.922
2026-05-25T14:19:25.4540000,23.58,78.03,101.922
2026-05-25T14:19:26.4950000,23.59,78.03,101.922
2026-05-25T14:19:27.5460000,23.58,78.02,101.923
2026-05-25T14:19:28.5870000,23.58,78.02,101.922
2026-05-25T14:19:29.6280000,23.58,78.01,101.923
2026-05-25T14:19:30.6680000,23.58,78,101.922
2026-05-25T14:19:31.7090000,23.58,77.98,101.922
2026-05-25T14:19:32.7600000,23.58,77.96,101.923
2026-05-25T14:19:33.8010000,23.58,77.96,101.922
2026-05-25T14:19:34.8420000,23.58,77.96,101.922
2026-05-25T14:19:35.8830000,23.58,77.96,101.921
2026-05-25T14:19:36.9240000,23.58,77.93,101.922
2026-05-25T14:19:37.9640000,23.58,77.92,101.921
2026-05-25T14:19:39.0160000,23.58,77.92,101.921
2026-05-25T14:19:40.0560000,23.58,77.92,101.921
2026-05-25T14:19:41.0970000,23.58,77.91,101.921
2026-05-25T14:19:42.1380000,23.58,77.89,101.921
2026-05-25T14:19:43.1790000,23.58,77.89,101.921
2026-05-25T14:19:44.2300000,23.59,77.88,101.922
2026-05-25T14:19:45.2710000,23.59,77.88,101.921
2026-05-25T14:19:46.3120000,23.59,77.87,101.922
2026-05-25T14:19:47.3730000,23.58,77.87,101.921
2026-05-25T14:19:48.3930000,23.58,77.87,101.921
2026-05-25T14:19:49.4450000,23.58,77.86,101.921
2026-05-25T14:19:50.4850000,23.59,77.87,101.921
2026-05-25T14:19:51.5260000,23.58,77.88,101.921
2026-05-25T14:19:52.5670000,23.59,77.87,101.921
2026-05-25T14:19:53.6080000,23.59,77.86,101.921
2026-05-25T14:19:54.6590000,23.59,77.82,101.921
2026-05-25T14:19:55.7000000,23.59,77.86,101.921
2026-05-25T14:19:56.7400000,23.59,77.86,101.921
2026-05-25T14:19:57.7810000,23.58,77.88,101.92
2026-05-25T14:19:58.8220000,23.59,77.84,101.92
2026-05-25T14:19:59.8630000,23.59,77.85,101.921
2026-05-25T14:20:00.9420000,23.59,77.8,101.921
2026-05-25T14:20:01.9510000,23.59,77.83,101.921
2026-05-25T14:20:02.9920000,23.58,77.8,101.921
2026-05-25T14:20:04.0440000,23.58,77.79,101.921
2026-05-25T14:20:05.0850000,23.58,77.78,101.921
2026-05-25T14:20:06.1250000,23.58,77.77,101.92
2026-05-25T14:20:07.1660000,23.59,77.77,101.921
2026-05-25T14:20:08.2070000,23.59,77.77,101.922
2026-05-25T14:20:09.2480000,23.59,77.76,101.921
2026-05-25T14:20:10.2990000,23.59,77.72,101.921
2026-05-25T14:20:11.3400000,23.59,77.73,101.922
2026-05-25T14:20:12.3810000,23.59,77.72,101.922
2026-05-25T14:20:13.4210000,23.59,77.71,101.922
2026-05-25T14:20:14.5140000,23.59,77.66,101.92
2026-05-25T14:20:15.5130000,23.59,77.64,101.92
2026-05-25T14:20:16.5540000,23.59,77.63,101.921
2026-05-25T14:20:17.5950000,23.59,77.62,101.921
2026-05-25T14:20:18.6360000,23.59,77.62,101.921
2026-05-25T14:20:19.6770000,23.59,77.61,101.921
2026-05-25T14:20:20.7170000,23.58,77.6,101.921
2026-05-25T14:20:21.7690000,23.59,77.59,101.921
2026-05-25T14:20:22.8100000,23.58,77.58,101.921
2026-05-25T14:20:23.8500000,23.58,77.56,101.92
2026-05-25T14:20:24.8910000,23.58,77.54,101.92
2026-05-25T14:20:25.9320000,23.58,77.6,101.92
2026-05-25T14:20:26.9830000,23.58,77.57,101.92
2026-05-25T14:20:28.0830000,23.58,77.57,101.92
2026-05-25T14:20:29.0610000,23.59,77.54,101.921
2026-05-25T14:20:30.1020000,23.59,77.54,101.92
2026-05-25T14:20:31.1530000,23.59,77.53,101.92
2026-05-25T14:20:32.1940000,23.59,77.53,101.92
2026-05-25T14:20:33.2350000,23.59,77.54,101.92
2026-05-25T14:20:34.2760000,23.59,77.54,101.92
2026-05-25T14:20:35.3160000,23.59,77.52,101.921
2026-05-25T14:20:36.3680000,23.59,77.51,101.92
2026-05-25T14:20:37.4080000,23.59,77.51,101.92
2026-05-25T14:20:38.4490000,23.59,77.51,101.921
2026-05-25T14:20:39.4900000,23.59,77.49,101.921
2026-05-25T14:20:40.5300000,23.59,77.48,101.921
2026-05-25T14:20:41.5710000,23.59,77.51,101.921
2026-05-25T14:20:42.6230000,23.59,77.47,101.921
2026-05-25T14:20:43.6630000,23.59,77.47,101.922
2026-05-25T14:20:44.7040000,23.59,77.46,101.922
2026-05-25T14:20:45.7450000,23.59,77.45,101.922
2026-05-25T14:20:46.7860000,23.59,77.45,101.922
2026-05-25T14:20:47.8370000,23.59,77.44,101.922
2026-05-25T14:20:48.8770000,23.59,77.44,101.922
2026-05-25T14:20:49.9180000,23.59,77.39,101.921
2026-05-25T14:20:50.9590000,23.59,77.44,101.921
2026-05-25T14:20:53.0410000,23.59,77.42,101.921
2026-05-25T14:20:54.0920000,23.59,77.42,101.921
2026-05-25T14:20:55.1330000,23.59,77.39,101.92
2026-05-25T14:20:56.1950000,23.59,77.38,101.92
2026-05-25T14:20:57.2150000,23.59,77.37,101.92
2026-05-25T14:20:58.2550000,23.59,77.36,101.92
2026-05-25T14:20:59.3070000,23.59,77.35,101.92
2026-05-25T14:21:00.3470000,23.59,77.34,101.921
2026-05-25T14:21:01.3880000,23.59,77.33,101.922
2026-05-25T14:21:02.4290000,23.59,77.32,101.921
2026-05-25T14:21:03.4700000,23.59,77.26,101.921
2026-05-25T14:21:04.5210000,23.59,77.28,101.921
2026-05-25T14:21:05.5620000,23.59,77.25,101.921
2026-05-25T14:21:06.6030000,23.59,77.29,101.921
2026-05-25T14:21:07.6440000,23.59,77.33,101.92
2026-05-25T14:21:08.6840000,23.59,77.24,101.92
2026-05-25T14:21:09.7640000,23.59,77.26,101.921
2026-05-25T14:21:10.7730000,23.59,77.26,101.921
2026-05-25T14:21:11.8140000,23.59,77.28,101.921
2026-05-25T14:21:12.8550000,23.59,77.25,101.92
2026-05-25T14:21:13.9060000,23.59,77.24,101.921
2026-05-25T14:21:14.9470000,23.59,77.24,101.921
2026-05-25T14:21:15.9880000,23.59,77.23,101.921
2026-05-25T14:21:17.0280000,23.59,77.23,101.922
2026-05-25T14:21:18.0690000,23.59,77.22,101.922
2026-05-25T14:21:19.1100000,23.59,77.22,101.922
2026-05-25T14:21:20.1610000,23.59,77.23,101.922
2026-05-25T14:21:21.2020000,23.59,77.2,101.922
2026-05-25T14:21:22.2460000,23.59,77.2,101.922
2026-05-25T14:21:23.3320000,23.59,77.15,101.921
2026-05-25T14:21:24.3300000,23.59,77.15,101.921
2026-05-25T14:21:25.3710000,23.59,77.16,101.921
2026-05-25T14:21:26.4120000,23.59,77.13,101.921
2026-05-25T14:21:27.4530000,23.59,77.12,101.921
2026-05-25T14:21:28.5040000,23.59,77.12,101.921
2026-05-25T14:21:29.5450000,23.59,77.12,101.921
2026-05-25T14:21:30.5850000,23.59,77.15,101.92
2026-05-25T14:21:31.6260000,23.6,77.11,101.92
2026-05-25T14:21:32.6670000,23.59,77.09,101.92
2026-05-25T14:21:33.7180000,23.59,77.08,101.92
2026-05-25T14:21:34.7590000,23.59,77.1,101.92
2026-05-25T14:21:35.8000000,23.59,77.07,101.92
2026-05-25T14:21:36.9040000,23.6,77.07,101.921
2026-05-25T14:21:37.8810000,23.59,77.06,101.92
2026-05-25T14:21:38.9330000,23.59,77.05,101.92
2026-05-25T14:21:39.9730000,23.6,77.04,101.92
2026-05-25T14:21:41.0140000,23.59,77.04,101.92
2026-05-25T14:21:42.0550000,23.59,77.02,101.92
2026-05-25T14:21:43.0960000,23.59,77.04,101.92
2026-05-25T14:21:44.1370000,23.59,77.02,101.919
2026-05-25T14:21:45.1880000,23.59,77,101.92
2026-05-25T14:21:46.2290000,23.59,77,101.92
2026-05-25T14:21:47.2700000,23.6,77.02,101.92
2026-05-25T14:21:48.3100000,23.6,76.99,101.92
2026-05-25T14:21:49.3510000,23.6,77,101.919
2026-05-25T14:21:50.4020000,23.6,77.02,101.92
2026-05-25T14:21:51.4430000,23.6,76.98,101.92
2026-05-25T14:21:52.4840000,23.6,76.98,101.92
2026-05-25T14:21:53.5250000,23.6,76.98,101.919
2026-05-25T14:21:54.5660000,23.6,76.99,101.919
2026-05-25T14:21:55.6170000,23.6,76.98,101.919
2026-05-25T14:21:56.6580000,23.6,76.96,101.919
2026-05-25T14:21:57.6990000,23.6,76.96,101.919
2026-05-25T14:21:58.7400000,23.6,76.94,101.919
2026-05-25T14:21:59.7800000,23.6,76.93,101.919
2026-05-25T14:22:00.8320000,23.6,76.92,101.919
2026-05-25T14:22:01.8720000,23.6,76.95,101.919
2026-05-25T14:22:02.9130000,23.6,76.94,101.918
2026-05-25T14:22:03.9540000,23.6,76.93,101.919
2026-05-25T14:22:05.0160000,23.6,76.92,101.919
2026-05-25T14:22:06.0460000,23.6,76.93,101.919
2026-05-25T14:22:07.0870000,23.6,76.91,101.919
2026-05-25T14:22:08.1280000,23.6,76.91,101.918
2026-05-25T14:22:09.1680000,23.6,76.9,101.919
2026-05-25T14:22:10.2090000,23.6,76.89,101.919
2026-05-25T14:22:11.2500000,23.6,76.9,101.918
2026-05-25T14:22:12.3010000,23.6,76.84,101.918
2026-05-25T14:22:13.3420000,23.6,76.87,101.919
2026-05-25T14:22:14.3830000,23.6,76.87,101.919
2026-05-25T14:22:15.4230000,23.6,76.84,101.919
2026-05-25T14:22:16.4640000,23.6,76.87,101.92
2026-05-25T14:22:17.5150000,23.6,76.85,101.919
2026-05-25T14:22:18.5910000,23.6,76.87,101.919
2026-05-25T14:22:19.6000000,23.6,76.84,101.919
2026-05-25T14:22:20.6410000,23.6,76.84,101.919
2026-05-25T14:22:21.6820000,23.6,76.83,101.918
2026-05-25T14:22:22.7220000,23.6,76.83,101.919
2026-05-25T14:22:23.7630000,23.6,76.82,101.919
2026-05-25T14:22:24.8140000,23.6,76.81,101.919
2026-05-25T14:22:25.8550000,23.6,76.84,101.92
2026-05-25T14:22:26.8960000,23.6,76.79,101.92
2026-05-25T14:22:27.9370000,23.6,76.79,101.919
2026-05-25T14:22:28.9770000,23.6,76.76,101.919
2026-05-25T14:22:30.0290000,23.6,76.8,101.919
2026-05-25T14:22:31.0690000,23.6,76.78,101.919
2026-05-25T14:22:32.1630000,23.6,76.77,101.919
2026-05-25T14:22:33.1510000,23.6,76.78,101.919
2026-05-25T14:22:34.1920000,23.6,76.77,101.919
2026-05-25T14:22:35.2430000,23.6,76.75,101.919
2026-05-25T14:22:36.2830000,23.6,76.74,101.919
2026-05-25T14:22:37.3240000,23.6,76.74,101.919
2026-05-25T14:22:38.3650000,23.6,76.72,101.919
2026-05-25T14:22:39.4060000,23.6,76.72,101.919
2026-05-25T14:22:40.4570000,23.6,76.71,101.919
2026-05-25T14:22:41.4980000,23.6,76.69,101.919
2026-05-25T14:22:42.5390000,23.6,76.71,101.92
2026-05-25T14:22:43.5800000,23.6,76.72,101.919
2026-05-25T14:22:44.6210000,23.6,76.66,101.919
2026-05-25T14:22:45.7350000,23.6,76.65,101.919
2026-05-25T14:22:46.7130000,23.6,76.64,101.919
2026-05-25T14:22:47.7530000,23.6,76.63,101.919
2026-05-25T14:22:48.7940000,23.6,76.62,101.918
2026-05-25T14:22:49.8350000,23.6,76.61,101.918
2026-05-25T14:22:50.8860000,23.6,76.62,101.918
2026-05-25T14:22:51.9270000,23.6,76.61,101.918
2026-05-25T14:22:52.9680000,23.6,76.59,101.919
2026-05-25T14:22:54.0090000,23.6,76.59,101.918
2026-05-25T14:22:55.0490000,23.6,76.61,101.918
2026-05-25T14:22:56.0900000,23.6,76.57,101.919
2026-05-25T14:22:57.1410000,23.6,76.54,101.919
2026-05-25T14:22:58.1820000,23.61,76.55,101.919
2026-05-25T14:22:59.2230000,23.6,76.55,101.919
2026-05-25T14:23:00.2770000,23.6,76.55,101.919
2026-05-25T14:23:01.3080000,23.6,76.52,101.919
2026-05-25T14:23:02.3480000,23.6,76.52,101.918
2026-05-25T14:23:03.4000000,23.61,76.53,101.918
2026-05-25T14:23:04.4400000,23.61,76.52,101.919
2026-05-25T14:23:05.4810000,23.61,76.52,101.918
2026-05-25T14:23:06.5220000,23.61,76.51,101.918
2026-05-25T14:23:07.5630000,23.61,76.52,101.918
2026-05-25T14:23:08.6140000,23.61,76.53,101.918
2026-05-25T14:23:09.6550000,23.61,76.49,101.918
2026-05-25T14:23:10.6950000,23.61,76.53,101.918
2026-05-25T14:23:11.7360000,23.61,76.49,101.919
2026-05-25T14:23:12.7770000,23.61,76.51,101.918
2026-05-25T14:23:13.8530000,23.61,76.48,101.918
2026-05-25T14:23:14.8620000,23.61,76.43,101.919
2026-05-25T14:23:15.9130000,23.61,76.44,101.919
2026-05-25T14:23:16.9540000,23.61,76.42,101.918
2026-05-25T14:23:17.9950000,23.61,76.42,101.917
2026-05-25T14:23:19.0360000,23.61,76.42,101.917
2026-05-25T14:23:20.0760000,23.61,76.41,101.917
2026-05-25T14:23:21.1280000,23.61,76.36,101.918
2026-05-25T14:23:22.1680000,23.61,76.39,101.918
2026-05-25T14:23:23.2090000,23.61,76.37,101.917
2026-05-25T14:23:24.2500000,23.61,76.39,101.917
2026-05-25T14:23:25.2910000,23.61,76.39,101.917
2026-05-25T14:23:26.3420000,23.61,76.38,101.917
2026-05-25T14:23:27.4250000,23.61,76.33,101.916
2026-05-25T14:23:28.4230000,23.61,76.31,101.916
2026-05-25T14:23:29.4640000,23.61,76.31,101.916
2026-05-25T14:23:30.5050000,23.61,76.3,101.916
2026-05-25T14:23:31.5560000,23.61,76.3,101.916
2026-05-25T14:23:32.5970000,23.61,76.28,101.917
2026-05-25T14:23:33.6380000,23.61,76.28,101.917
2026-05-25T14:23:34.6790000,23.61,76.27,101.917
2026-05-25T14:23:35.7200000,23.61,76.26,101.917
2026-05-25T14:23:36.7610000,23.61,76.27,101.917
2026-05-25T14:23:37.8120000,23.61,76.25,101.917
2026-05-25T14:23:38.8530000,23.61,76.27,101.917
2026-05-25T14:23:39.8930000,23.61,76.25,101.917
2026-05-25T14:23:40.9970000,23.61,76.28,101.918
2026-05-25T14:23:41.9750000,23.61,76.26,101.917
2026-05-25T14:23:43.0260000,23.61,76.24,101.918
2026-05-25T14:23:44.0670000,23.61,76.24,101.917
2026-05-25T14:23:45.1080000,23.61,76.24,101.917
2026-05-25T14:23:46.1480000,23.61,76.23,101.916
2026-05-25T14:23:47.1890000,23.61,76.23,101.917
2026-05-25T14:23:48.2400000,23.61,76.24,101.917
2026-05-25T14:23:49.2810000,23.61,76.24,101.917
2026-05-25T14:23:50.3220000,23.61,76.21,101.918
2026-05-25T14:23:51.3630000,23.61,76.27,101.918
2026-05-25T14:23:52.4030000,23.61,76.26,101.918
2026-05-25T14:23:53.4540000,23.61,76.28,101.918
2026-05-25T14:23:54.4950000,23.61,76.23,101.917
2026-05-25T14:23:55.5430000,23.61,76.28,101.916
2026-05-25T14:23:56.5840000,23.61,76.26,101.916
2026-05-25T14:23:57.6240000,23.61,76.26,101.916
2026-05-25T14:23:58.6650000,23.61,76.24,101.916
2026-05-25T14:23:59.7060000,23.61,76.24,101.916
2026-05-25T14:24:00.7470000,23.61,76.24,101.915
2026-05-25T14:24:01.7880000,23.61,76.24,101.915
2026-05-25T14:24:02.8400000,23.61,76.25,101.915
2026-05-25T14:24:03.8800000,23.61,76.27,101.915
2026-05-25T14:24:04.9210000,23.61,76.24,101.915
2026-05-25T14:24:05.9620000,23.61,76.24,101.915
2026-05-25T14:24:07.0030000,23.62,76.22,101.916
2026-05-25T14:24:08.0430000,23.62,76.23,101.915
2026-05-25T14:24:09.1150000,23.62,76.29,101.915
2026-05-25T14:24:10.1350000,23.62,76.23,101.915
2026-05-25T14:24:12.2170000,23.62,76.23,101.915
2026-05-25T14:24:13.2580000,23.62,76.22,101.915
2026-05-25T14:24:14.3090000,23.61,76.22,101.915
2026-05-25T14:24:15.3500000,23.61,76.23,101.915
2026-05-25T14:24:16.3900000,23.61,76.27,101.915
2026-05-25T14:24:17.4310000,23.62,76.24,101.915
2026-05-25T14:24:18.4720000,23.62,76.25,101.915
2026-05-25T14:24:19.5230000,23.62,76.25,101.915
2026-05-25T14:24:20.5640000,23.62,76.26,101.915
2026-05-25T14:24:21.6050000,23.62,76.27,101.914
2026-05-25T14:24:22.6870000,23.62,76.28,101.914
2026-05-25T14:24:23.6860000,23.62,76.32,101.914
2026-05-25T14:24:24.7270000,23.62,76.32,101.914
2026-05-25T14:24:25.7780000,23.62,76.33,101.915
2026-05-25T14:24:26.8190000,23.62,76.33,101.915
2026-05-25T14:24:27.8590000,23.62,76.35,101.915
2026-05-25T14:24:28.9000000,23.62,76.38,101.915
2026-05-25T14:24:29.9410000,23.62,76.39,101.915
2026-05-25T14:24:30.9920000,23.63,76.39,101.916
2026-05-25T14:24:32.0330000,23.62,76.41,101.915
2026-05-25T14:24:33.0740000,23.62,76.42,101.915
2026-05-25T14:24:34.1140000,23.62,76.4,101.915
2026-05-25T14:24:35.1550000,23.63,76.45,101.915
2026-05-25T14:24:36.2620000,23.63,76.5,101.915
2026-05-25T14:24:37.2400000,23.63,76.56,101.914
2026-05-25T14:24:38.2910000,23.63,76.61,101.915
2026-05-25T14:24:39.3320000,23.63,76.64,101.915
2026-05-25T14:24:40.3730000,23.63,76.66,101.915
2026-05-25T14:24:41.4140000,23.63,76.72,101.914
2026-05-25T14:24:42.4550000,23.63,76.74,101.915
2026-05-25T14:24:43.5060000,23.63,76.78,101.915
2026-05-25T14:24:44.5470000,23.63,76.82,101.915
2026-05-25T14:24:45.5880000,23.63,76.86,101.916
2026-05-25T14:24:46.6280000,23.63,76.9,101.915
2026-05-25T14:24:47.6690000,23.64,76.98,101.915
2026-05-25T14:24:48.7100000,23.64,77,101.916
2026-05-25T14:24:49.7610000,23.64,77.04,101.915
2026-05-25T14:24:50.8020000,23.64,77.2,101.915
2026-05-25T14:24:51.8430000,23.64,77.25,101.916
2026-05-25T14:24:52.8840000,23.64,77.31,101.915
2026-05-25T14:24:53.9250000,23.64,77.37,101.915
2026-05-25T14:24:54.9760000,23.65,77.44,101.915
2026-05-25T14:24:56.0170000,23.65,77.51,101.915
2026-05-25T14:24:57.0570000,23.65,77.59,101.915
2026-05-25T14:24:58.0980000,23.65,77.66,101.915
2026-05-25T14:24:59.1390000,23.65,77.67,101.914
2026-05-25T14:25:00.1800000,23.65,77.77,101.915
2026-05-25T14:25:01.2310000,23.65,77.83,101.915
2026-05-25T14:25:02.2720000,23.65,77.87,101.914
2026-05-25T14:25:03.3130000,23.66,78.02,101.914
2026-05-25T14:25:04.3740000,23.66,78.1,101.914
2026-05-25T14:25:05.3940000,23.66,78.17,101.914
2026-05-25T14:25:06.4450000,23.66,78.23,101.913
2026-05-25T14:25:07.4860000,23.66,78.29,101.913
2026-05-25T14:25:08.5270000,23.66,78.35,101.913
2026-05-25T14:25:09.5680000,23.66,78.41,101.913
2026-05-25T14:25:10.6080000,23.66,78.47,101.913
2026-05-25T14:25:11.6600000,23.66,78.46,101.912
2026-05-25T14:25:12.7000000,23.67,78.54,101.913
2026-05-25T14:25:13.7410000,23.67,78.53,101.913
2026-05-25T14:25:14.7820000,23.67,78.6,101.914
2026-05-25T14:25:15.8230000,23.67,78.64,101.913
2026-05-25T14:25:16.8630000,23.67,78.69,101.914
2026-05-25T14:25:17.9460000,23.67,78.8,101.914
2026-05-25T14:25:18.9550000,23.67,78.83,101.913
2026-05-25T14:25:19.9960000,23.67,78.87,101.913
2026-05-25T14:25:21.0370000,23.67,78.9,101.913
2026-05-25T14:25:22.0770000,23.67,78.91,101.913
2026-05-25T14:25:23.1290000,23.67,78.96,101.913
2026-05-25T14:25:24.1700000,23.67,78.98,101.913
2026-05-25T14:25:25.2100000,23.67,78.99,101.912
2026-05-25T14:25:26.2510000,23.67,79.03,101.913
2026-05-25T14:25:27.2920000,23.67,79.11,101.913
2026-05-25T14:25:28.3330000,23.67,79.15,101.914
2026-05-25T14:25:29.3840000,23.67,79.26,101.913
2026-05-25T14:25:30.4240000,23.68,79.29,101.912
2026-05-25T14:25:31.5180000,23.68,79.38,101.912
2026-05-25T14:25:32.5060000,23.67,79.42,101.912
2026-05-25T14:25:33.5470000,23.67,79.45,101.912
2026-05-25T14:25:34.5980000,23.67,79.52,101.912
2026-05-25T14:25:35.6390000,23.67,79.56,101.912
2026-05-25T14:25:36.6800000,23.67,79.62,101.912
2026-05-25T14:25:37.7200000,23.67,79.67,101.912
2026-05-25T14:25:38.7610000,23.67,79.7,101.912
2026-05-25T14:25:39.8120000,23.67,79.71,101.912
2026-05-25T14:25:40.8530000,23.67,79.77,101.912
2026-05-25T14:25:41.8940000,23.67,79.83,101.912
2026-05-25T14:25:42.9350000,23.67,79.88,101.912
2026-05-25T14:25:43.9750000,23.68,79.9,101.912
2026-05-25T14:25:45.0160000,23.68,79.89,101.912
2026-05-25T14:25:46.0670000,23.68,80.01,101.912
2026-05-25T14:25:47.1080000,23.68,80.05,101.911
2026-05-25T14:25:48.1490000,23.68,80.09,101.911
2026-05-25T14:25:49.1900000,23.68,80.16,101.91
2026-05-25T14:25:50.2310000,23.68,80.21,101.91
2026-05-25T14:25:51.2820000,23.68,80.27,101.911
2026-05-25T14:25:52.3230000,23.68,80.33,101.91
2026-05-25T14:25:53.3630000,23.68,80.42,101.911
2026-05-25T14:25:54.4040000,23.67,80.47,101.91
2026-05-25T14:25:55.4450000,23.67,80.5,101.91
2026-05-25T14:25:56.4860000,23.68,80.57,101.911
2026-05-25T14:25:57.5370000,23.68,80.6,101.91
2026-05-25T14:25:58.5780000,23.67,80.63,101.911
2026-05-25T14:25:59.6330000,23.67,80.67,101.91
2026-05-25T14:26:00.6630000,23.67,80.7,101.909
2026-05-25T14:26:01.7040000,23.67,80.74,101.909
2026-05-25T14:26:02.7450000,23.67,80.79,101.909
2026-05-25T14:26:03.7860000,23.67,80.84,101.909
2026-05-25T14:26:05.8780000,23.67,80.87,101.909
2026-05-25T14:26:06.9180000,23.67,80.88,101.91
2026-05-25T14:26:07.9590000,23.67,80.86,101.909
2026-05-25T14:26:09.0000000,23.66,80.89,101.909
2026-05-25T14:26:10.0510000,23.66,80.89,101.909
2026-05-25T14:26:11.0920000,23.66,80.95,101.909
2026-05-25T14:26:12.1330000,23.67,80.98,101.909
2026-05-25T14:26:13.2050000,23.67,80.96,101.909
2026-05-25T14:26:14.2140000,23.67,81,101.908
2026-05-25T14:26:15.2550000,23.67,81.02,101.908
2026-05-25T14:26:16.3060000,23.67,81.05,101.908
2026-05-25T14:26:17.3470000,23.67,81.09,101.908
2026-05-25T14:26:18.3880000,23.66,81.11,101.908
2026-05-25T14:26:19.4290000,23.66,81.13,101.907
2026-05-25T14:26:20.4690000,23.66,81.07,101.907
2026-05-25T14:26:21.5210000,23.66,81.15,101.907
2026-05-25T14:26:22.5620000,23.66,81.13,101.907
2026-05-25T14:26:23.6020000,23.66,81.15,101.907
2026-05-25T14:26:24.6430000,23.66,81.17,101.908
2026-05-25T14:26:25.6840000,23.66,81.18,101.907
2026-05-25T14:26:26.7740000,23.66,81.22,101.906
2026-05-25T14:26:27.7730000,23.66,81.25,101.906
2026-05-25T14:26:28.8130000,23.67,81.26,101.907
2026-05-25T14:26:29.8540000,23.67,81.28,101.907
2026-05-25T14:26:30.9050000,23.67,81.3,101.907
2026-05-25T14:26:31.9460000,23.67,81.31,101.907
2026-05-25T14:26:32.9870000,23.67,81.34,101.907
2026-05-25T14:26:34.0270000,23.66,81.36,101.905
2026-05-25T14:26:35.0680000,23.67,81.34,101.906
2026-05-25T14:26:36.1190000,23.66,81.4,101.906
2026-05-25T14:26:37.1600000,23.67,81.39,101.907
2026-05-25T14:26:38.2010000,23.67,81.43,101.907
2026-05-25T14:26:39.2420000,23.66,81.43,101.906
2026-05-25T14:26:40.3450000,23.66,81.48,101.905
2026-05-25T14:26:41.3340000,23.66,81.47,101.905
2026-05-25T14:26:42.3750000,23.66,81.48,101.905
2026-05-25T14:26:43.4150000,23.66,81.49,101.904
2026-05-25T14:26:44.4560000,23.66,81.5,101.904
2026-05-25T14:26:45.4970000,23.66,81.51,101.904
2026-05-25T14:26:46.5480000,23.66,81.53,101.904
2026-05-25T14:26:47.5890000,23.66,81.56,101.904
2026-05-25T14:26:48.6300000,23.67,81.55,101.905
2026-05-25T14:26:49.6710000,23.67,81.58,101.905
2026-05-25T14:26:50.7120000,23.66,81.56,101.904
2026-05-25T14:26:51.7530000,23.67,81.61,101.905
2026-05-25T14:26:52.8040000,23.66,81.61,101.904
2026-05-25T14:26:53.9150000,23.67,81.65,101.904
2026-05-25T14:26:54.8820000,23.67,81.62,101.904
2026-05-25T14:26:55.9230000,23.67,81.64,101.905
2026-05-25T14:26:56.9740000,23.67,81.65,101.904
2026-05-25T14:26:58.0150000,23.67,81.66,101.905
2026-05-25T14:26:59.0560000,23.67,81.66,101.904
2026-05-25T14:27:00.0970000,23.67,81.67,101.904
2026-05-25T14:27:01.1370000,23.67,81.68,101.904
2026-05-25T14:27:02.1890000,23.66,81.7,101.903
2026-05-25T14:27:03.2290000,23.67,81.7,101.903
2026-05-25T14:27:04.2700000,23.66,81.72,101.902
2026-05-25T14:27:05.3110000,23.67,81.7,101.903
2026-05-25T14:27:06.3520000,23.67,81.68,101.903
2026-05-25T14:27:07.3930000,23.67,81.72,101.904
2026-05-25T14:27:08.4540000,23.67,81.76,101.903
2026-05-25T14:27:09.4850000,23.67,81.74,101.902
2026-05-25T14:27:10.5260000,23.67,81.77,101.902
2026-05-25T14:27:11.5660000,23.67,81.78,101.903
2026-05-25T14:27:12.6070000,23.67,81.79,101.902
2026-05-25T14:27:13.6590000,23.67,81.8,101.902
2026-05-25T14:27:14.7000000,23.67,81.8,101.902
2026-05-25T14:27:15.7400000,23.67,81.77,101.903
2026-05-25T14:27:16.7810000,23.66,81.82,101.903
2026-05-25T14:27:17.8220000,23.66,81.78,101.902
2026-05-25T14:27:18.8620000,23.66,81.82,101.902
2026-05-25T14:27:19.9130000,23.66,81.79,101.902
2026-05-25T14:27:20.9540000,23.67,81.82,101.901
2026-05-25T14:27:22.0260000,23.67,81.84,101.901
2026-05-25T14:27:23.0360000,23.67,81.85,101.901
2026-05-25T14:27:24.0760000,23.67,81.88,101.901
2026-05-25T14:27:25.1280000,23.67,81.89,101.902
2026-05-25T14:27:26.1690000,23.67,81.92,101.902
2026-05-25T14:27:27.2090000,23.67,81.93,101.902
2026-05-25T14:27:28.2500000,23.67,81.96,101.901
2026-05-25T14:27:30.3420000,23.67,81.99,101.901
2026-05-25T14:27:31.3830000,23.67,82.01,101.901
2026-05-25T14:27:32.4240000,23.67,82,101.901
2026-05-25T14:27:33.4650000,23.67,82.01,101.901
2026-05-25T14:27:34.5050000,23.67,81.99,101.9
2026-05-25T14:27:35.5950000,23.67,81.97,101.9
2026-05-25T14:27:36.5940000,23.67,81.95,101.9
2026-05-25T14:27:37.6350000,23.66,81.93,101.9
2026-05-25T14:27:38.6760000,23.66,81.92,101.899
2026-05-25T14:27:39.7160000,23.66,81.93,101.899
2026-05-25T14:27:40.7680000,23.66,81.93,101.899
2026-05-25T14:27:41.8080000,23.66,81.93,101.899
2026-05-25T14:27:42.8490000,23.66,81.97,101.899
2026-05-25T14:27:43.8900000,23.66,81.9,101.898
2026-05-25T14:27:44.9310000,23.66,81.93,101.898
2026-05-25T14:27:45.9820000,23.66,81.91,101.898
2026-05-25T14:27:47.0230000,23.65,81.9,101.897
2026-05-25T14:27:48.0640000,23.65,81.83,101.897
2026-05-25T14:27:49.1670000,23.65,81.82,101.898
2026-05-25T14:27:50.1450000,23.65,81.82,101.898
2026-05-25T14:27:51.1860000,23.65,81.81,101.898
2026-05-25T14:27:52.2370000,23.65,81.78,101.898
2026-05-25T14:27:53.2780000,23.65,81.77,101.898
2026-05-25T14:27:54.3190000,23.65,81.75,101.897
2026-05-25T14:27:55.3600000,23.65,81.73,101.897
2026-05-25T14:27:56.4010000,23.65,81.72,101.898
2026-05-25T14:27:57.4520000,23.64,81.72,101.897
2026-05-25T14:27:58.4930000,23.64,81.69,101.896
2026-05-25T14:28:00.5740000,23.64,81.66,101.896
2026-05-25T14:28:01.6150000,23.64,81.66,101.895
2026-05-25T14:28:02.6560000,23.64,81.67,101.896
2026-05-25T14:28:03.7070000,23.64,81.61,101.895
2026-05-25T14:28:04.7480000,23.64,81.61,101.895
2026-05-25T14:28:05.7880000,23.64,81.59,101.894
2026-05-25T14:28:06.8290000,23.64,81.58,101.894
2026-05-25T14:28:07.8700000,23.64,81.57,101.895
2026-05-25T14:28:08.9210000,23.64,81.56,101.895
2026-05-25T14:28:09.9620000,23.64,81.55,101.894
2026-05-25T14:28:11.0030000,23.63,81.5,101.894
2026-05-25T14:28:12.0440000,23.63,81.5,101.894
2026-05-25T14:28:13.0850000,23.63,81.54,101.894
2026-05-25T14:28:14.1250000,23.63,81.49,101.894
2026-05-25T14:28:15.1770000,23.63,81.47,101.894
2026-05-25T14:28:16.2170000,23.63,81.46,101.895
2026-05-25T14:28:17.2760000,23.63,81.41,101.894
2026-05-25T14:28:18.3060000,23.63,81.4,101.894
2026-05-25T14:28:19.3470000,23.63,81.38,101.894
2026-05-25T14:28:20.3870000,23.63,81.36,101.894
2026-05-25T14:28:21.4280000,23.63,81.33,101.894
2026-05-25T14:28:22.4690000,23.63,81.32,101.894
2026-05-25T14:28:23.5100000,23.63,81.3,101.894
2026-05-25T14:28:24.5610000,23.63,81.23,101.894
2026-05-25T14:28:25.6020000,23.63,81.24,101.894
2026-05-25T14:28:26.6430000,23.62,81.21,101.893
2026-05-25T14:28:27.6840000,23.63,81.19,101.894
2026-05-25T14:28:28.7240000,23.62,81.2,101.893
2026-05-25T14:28:29.7750000,23.62,81.22,101.893
2026-05-25T14:28:30.8480000,23.62,81.2,101.893
2026-05-25T14:28:31.8570000,23.62,81.16,101.893
2026-05-25T14:28:32.8980000,23.62,81.14,101.893
2026-05-25T14:28:33.9390000,23.62,81.12,101.892
2026-05-25T14:28:34.9800000,23.62,81.11,101.892
2026-05-25T14:28:36.0310000,23.62,81.1,101.893
2026-05-25T14:28:37.0720000,23.62,81.08,101.893
2026-05-25T14:28:38.1120000,23.62,81.1,101.892
2026-05-25T14:28:39.1530000,23.62,81.06,101.892
2026-05-25T14:28:40.1940000,23.62,81.01,101.892
2026-05-25T14:28:41.2450000,23.62,81.01,101.892
2026-05-25T14:28:42.2860000,23.62,80.99,101.892
2026-05-25T14:28:43.3270000,23.62,80.98,101.891
2026-05-25T14:28:44.4170000,23.62,80.92,101.891
2026-05-25T14:28:45.4160000,23.61,80.94,101.891
2026-05-25T14:28:46.4560000,23.61,80.91,101.891
2026-05-25T14:28:47.4970000,23.61,80.88,101.89
2026-05-25T14:28:48.5380000,23.61,80.88,101.89
2026-05-25T14:28:49.5790000,23.61,80.85,101.89
2026-05-25T14:28:50.6300000,23.61,80.83,101.89
2026-05-25T14:28:51.6710000,23.61,80.81,101.89
2026-05-25T14:28:52.7120000,23.61,80.8,101.89
2026-05-25T14:28:53.7520000,23.61,80.79,101.89
2026-05-25T14:28:54.7930000,23.61,80.72,101.89
2026-05-25T14:28:55.8340000,23.61,80.75,101.889
2026-05-25T14:28:56.8850000,23.61,80.69,101.889
2026-05-25T14:28:57.9890000,23.61,80.68,101.889
2026-05-25T14:28:58.9670000,23.61,80.65,101.889
2026-05-25T14:29:00.0080000,23.61,80.63,101.889
2026-05-25T14:29:01.0490000,23.61,80.62,101.889
2026-05-25T14:29:02.1000000,23.61,80.6,101.888
2026-05-25T14:29:03.1410000,23.61,80.59,101.888
2026-05-25T14:29:04.1820000,23.61,80.57,101.888
2026-05-25T14:29:05.2220000,23.61,80.56,101.888
2026-05-25T14:29:06.2630000,23.61,80.57,101.887
2026-05-25T14:29:07.3150000,23.61,80.55,101.887
2026-05-25T14:29:08.3550000,23.61,80.53,101.888
2026-05-25T14:29:09.3960000,23.61,80.54,101.888
2026-05-25T14:29:10.4370000,23.61,80.49,101.888
2026-05-25T14:29:11.4780000,23.61,80.49,101.888
2026-05-25T14:29:12.5250000,23.61,80.48,101.888
2026-05-25T14:29:13.5660000,23.61,80.48,101.888
2026-05-25T14:29:14.6070000,23.61,80.46,101.888
2026-05-25T14:29:15.6480000,23.61,80.46,101.888
2026-05-25T14:29:16.6990000,23.61,80.45,101.888
2026-05-25T14:29:17.7400000,23.61,80.43,101.888
2026-05-25T14:29:18.7800000,23.61,80.42,101.887
2026-05-25T14:29:19.8210000,23.61,80.45,101.887
2026-05-25T14:29:20.8620000,23.61,80.41,101.887
2026-05-25T14:29:21.9030000,23.61,80.4,101.887
2026-05-25T14:29:22.9540000,23.6,80.36,101.886
2026-05-25T14:29:23.9950000,23.6,80.35,101.886
2026-05-25T14:29:25.0360000,23.6,80.28,101.887
2026-05-25T14:29:26.0970000,23.6,80.29,101.886
2026-05-25T14:29:27.1170000,23.6,80.26,101.886
2026-05-25T14:29:28.1580000,23.6,80.24,101.885
2026-05-25T14:29:29.2090000,23.6,80.23,101.885
2026-05-25T14:29:30.2500000,23.6,80.21,101.885
2026-05-25T14:29:31.2910000,23.6,80.19,101.885
2026-05-25T14:29:32.3320000,23.6,80.17,101.886
2026-05-25T14:29:33.3730000,23.6,80.1,101.885
2026-05-25T14:29:34.4240000,23.6,80.1,101.885
2026-05-25T14:29:35.4650000,23.6,80.09,101.885
2026-05-25T14:29:36.5060000,23.6,80.12,101.884
2026-05-25T14:29:37.5460000,23.6,80.08,101.884
2026-05-25T14:29:38.5870000,23.6,80.07,101.884
2026-05-25T14:29:39.6700000,23.6,79.99,101.883
2026-05-25T14:29:40.6790000,23.6,80.05,101.882
2026-05-25T14:29:41.7200000,23.6,80.03,101.883
2026-05-25T14:29:42.7610000,23.6,80.03,101.882
2026-05-25T14:29:43.8020000,23.6,80,101.883
2026-05-25T14:29:44.8420000,23.6,79.98,101.884
2026-05-25T14:29:45.8940000,23.6,79.96,101.884
2026-05-25T14:29:46.9340000,23.6,79.99,101.884
2026-05-25T14:29:47.9750000,23.6,79.95,101.883
2026-05-25T14:29:49.0160000,23.6,79.96,101.883
2026-05-25T14:29:50.0570000,23.6,79.88,101.884
2026-05-25T14:29:51.1080000,23.6,79.91,101.884
2026-05-25T14:29:52.1490000,23.6,79.84,101.884
2026-05-25T14:29:53.2420000,23.6,79.86,101.883
2026-05-25T14:29:54.2310000,23.6,79.83,101.883
2026-05-25T14:29:55.2710000,23.6,79.81,101.883
2026-05-25T14:29:56.3120000,23.6,79.8,101.882
2026-05-25T14:29:57.3640000,23.6,79.79,101.882
2026-05-25T14:29:58.4040000,23.6,79.78,101.881
2026-05-25T14:29:59.4450000,23.6,79.75,101.881
2026-05-25T14:30:00.4860000,23.6,79.74,101.881
2026-05-25T14:30:01.5270000,23.59,79.77,101.881
2026-05-25T14:30:02.5780000,23.59,79.7,101.881
2026-05-25T14:30:03.6190000,23.59,79.73,101.881
2026-05-25T14:30:04.6590000,23.59,79.68,101.881
2026-05-25T14:30:05.7000000,23.59,79.61,101.881
2026-05-25T14:30:06.7410000,23.59,79.64,101.881
2026-05-25T14:30:07.7820000,23.59,79.61,101.881
2026-05-25T14:30:08.8330000,23.59,79.6,101.881
2026-05-25T14:30:09.8740000,23.59,79.6,101.881
2026-05-25T14:30:10.9150000,23.59,79.6,101.881
2026-05-25T14:30:11.9550000,23.59,79.6,101.881
2026-05-25T14:30:12.9970000,23.59,79.57,101.881
2026-05-25T14:30:14.0370000,23.59,79.57,101.88
2026-05-25T14:30:15.0890000,23.59,79.57,101.88
2026-05-25T14:30:16.1300000,23.59,79.55,101.88
2026-05-25T14:30:17.1700000,23.59,79.54,101.88
2026-05-25T14:30:18.2110000,23.59,79.5,101.88
2026-05-25T14:30:19.2520000,23.59,79.52,101.88
2026-05-25T14:30:20.3030000,23.6,79.48,101.88
2026-05-25T14:30:21.3550000,23.59,79.46,101.88
2026-05-25T14:30:22.3850000,23.59,79.44,101.88
2026-05-25T14:30:23.4260000,23.59,79.41,101.881
2026-05-25T14:30:24.4660000,23.59,79.4,101.88
2026-05-25T14:30:25.5070000,23.59,79.39,101.88
2026-05-25T14:30:26.5580000,23.59,79.37,101.88
2026-05-25T14:30:27.5990000,23.59,79.34,101.88
2026-05-25T14:30:28.6400000,23.59,79.34,101.88
2026-05-25T14:30:29.6810000,23.59,79.32,101.88
2026-05-25T14:30:30.7210000,23.59,79.31,101.88
2026-05-25T14:30:31.7730000,23.59,79.28,101.881
2026-05-25T14:30:32.8140000,23.59,79.29,101.881
2026-05-25T14:30:33.8550000,23.59,79.26,101.88
2026-05-25T14:30:34.9270000,23.59,79.2,101.879
2026-05-25T14:30:35.9360000,23.59,79.19,101.88
2026-05-25T14:30:36.9770000,23.59,79.18,101.879
2026-05-25T14:30:38.0280000,23.59,79.17,101.88
2026-05-25T14:30:39.0690000,23.59,79.15,101.88
2026-05-25T14:30:40.1100000,23.59,79.14,101.881
2026-05-25T14:30:41.1510000,23.59,79.12,101.881
2026-05-25T14:30:42.1910000,23.59,79.13,101.88
2026-05-25T14:30:43.2430000,23.59,79.11,101.88
2026-05-25T14:30:44.2840000,23.59,79.09,101.88
2026-05-25T14:30:45.3240000,23.59,79.08,101.879
2026-05-25T14:30:46.3650000,23.59,79.06,101.88
2026-05-25T14:30:47.4060000,23.59,79.03,101.88
2026-05-25T14:30:49.4980000,23.59,79.04,101.878
2026-05-25T14:30:50.5380000,23.59,79.02,101.878
2026-05-25T14:30:51.5790000,23.59,79,101.878
2026-05-25T14:30:52.6200000,23.59,79,101.878
2026-05-25T14:30:53.6610000,23.59,78.96,101.877
2026-05-25T14:30:54.7120000,23.59,78.98,101.878
2026-05-25T14:30:55.7530000,23.59,78.9,101.878
2026-05-25T14:30:56.7940000,23.59,78.94,101.878
2026-05-25T14:30:57.8340000,23.59,78.89,101.878
2026-05-25T14:30:58.8750000,23.59,78.9,101.878
2026-05-25T14:30:59.9270000,23.59,78.9,101.878
2026-05-25T14:31:00.9670000,23.59,78.89,101.878
2026-05-25T14:31:02.0680000,23.58,78.84,101.877
2026-05-25T14:31:03.0460000,23.58,78.83,101.876
2026-05-25T14:31:04.0970000,23.58,78.8,101.877
2026-05-25T14:31:05.1380000,23.58,78.79,101.877
2026-05-25T14:31:06.1780000,23.58,78.79,101.876
2026-05-25T14:31:07.2190000,23.58,78.77,101.877
2026-05-25T14:31:08.2600000,23.58,78.76,101.877
2026-05-25T14:31:09.3110000,23.58,78.76,101.877
2026-05-25T14:31:10.3520000,23.58,78.72,101.877
2026-05-25T14:31:11.3930000,23.58,78.72,101.877
2026-05-25T14:31:12.4340000,23.58,78.69,101.877
2026-05-25T14:31:13.4740000,23.58,78.71,101.876
2026-05-25T14:31:14.5250000,23.58,78.71,101.877
2026-05-25T14:31:15.5660000,23.58,78.68,101.876
2026-05-25T14:31:16.6100000,23.59,78.63,101.877
2026-05-25T14:31:17.6510000,23.58,78.62,101.877
2026-05-25T14:31:18.6920000,23.58,78.61,101.877
2026-05-25T14:31:19.7330000,23.58,78.59,101.877
2026-05-25T14:31:20.7730000,23.58,78.58,101.877
2026-05-25T14:31:21.8140000,23.58,78.56,101.876
2026-05-25T14:31:22.8660000,23.58,78.54,101.876
2026-05-25T14:31:23.9060000,23.58,78.54,101.876
2026-05-25T14:31:24.9470000,23.58,78.52,101.876
2026-05-25T14:31:25.9880000,23.58,78.52,101.876
2026-05-25T14:31:27.0290000,23.58,78.52,101.875
2026-05-25T14:31:28.0800000,23.58,78.51,101.875
2026-05-25T14:31:29.1210000,23.58,78.47,101.875
2026-05-25T14:31:30.1830000,23.58,78.44,101.875
2026-05-25T14:31:31.2030000,23.58,78.45,101.875
2026-05-25T14:31:32.2430000,23.58,78.44,101.876
2026-05-25T14:31:33.2950000,23.58,78.44,101.875
2026-05-25T14:31:34.3350000,23.58,78.42,101.875
2026-05-25T14:31:35.3760000,23.58,78.42,101.875
2026-05-25T14:31:36.4170000,23.58,78.42,101.875
2026-05-25T14:31:37.4570000,23.58,78.49,101.875
2026-05-25T14:31:38.4980000,23.58,78.38,101.874
2026-05-25T14:31:39.5490000,23.58,78.41,101.874
2026-05-25T14:31:40.5900000,23.58,78.39,101.874
2026-05-25T14:31:41.6310000,23.58,78.42,101.873
2026-05-25T14:31:42.6720000,23.58,78.38,101.873
2026-05-25T14:31:43.7540000,23.58,78.3,101.875
2026-05-25T14:31:45.8040000,23.58,78.31,101.874
2026-05-25T14:31:46.8450000,23.58,78.31,101.874
2026-05-25T14:31:47.8860000,23.58,78.31,101.874
2026-05-25T14:31:48.9270000,23.58,78.29,101.874
2026-05-25T14:31:49.9780000,23.58,78.29,101.874
2026-05-25T14:31:51.0190000,23.58,78.31,101.874
2026-05-25T14:31:52.0600000,23.58,78.25,101.873
2026-05-25T14:31:53.1000000,23.58,78.27,101.873
2026-05-25T14:31:54.1410000,23.58,78.24,101.873
2026-05-25T14:31:55.1820000,23.58,78.22,101.873
2026-05-25T14:31:56.2330000,23.58,78.23,101.873
2026-05-25T14:31:57.3270000,23.58,78.19,101.873
2026-05-25T14:31:58.3150000,23.58,78.19,101.873
2026-05-25T14:31:59.3560000,23.58,78.2,101.873
2026-05-25T14:32:00.3960000,23.58,78.19,101.873
2026-05-25T14:32:01.4470000,23.58,78.19,101.873
2026-05-25T14:32:02.4880000,23.58,78.19,101.873
2026-05-25T14:32:03.5290000,23.58,78.18,101.874
2026-05-25T14:32:04.5700000,23.58,78.18,101.873
2026-05-25T14:32:05.6110000,23.58,78.18,101.873
2026-05-25T14:32:06.6520000,23.58,78.16,101.873
2026-05-25T14:32:07.7030000,23.58,78.15,101.873
2026-05-25T14:32:08.7440000,23.58,78.14,101.873
2026-05-25T14:32:09.7840000,23.58,78.11,101.873
2026-05-25T14:32:10.8250000,23.58,78.11,101.873
2026-05-25T14:32:11.8690000,23.58,78.11,101.873
2026-05-25T14:32:12.9100000,23.58,78.08,101.873
2026-05-25T14:32:13.9510000,23.58,78.06,101.873
2026-05-25T14:32:15.0020000,23.58,78.06,101.872
2026-05-25T14:32:16.0430000,23.58,78.04,101.872
2026-05-25T14:32:17.0840000,23.58,78.02,101.872
2026-05-25T14:32:18.1250000,23.58,78.02,101.872
2026-05-25T14:32:19.1650000,23.58,78.04,101.872
2026-05-25T14:32:20.2170000,23.58,78.03,101.871
2026-05-25T14:32:21.2570000,23.58,77.99,101.871
2026-05-25T14:32:22.2980000,23.58,77.96,101.872
2026-05-25T14:32:23.3390000,23.58,78.01,101.872
2026-05-25T14:32:24.3800000,23.58,78,101.872
2026-05-25T14:32:25.4410000,23.58,78.01,101.872
2026-05-25T14:32:26.4710000,23.58,77.99,101.872
2026-05-25T14:32:27.5120000,23.58,77.98,101.872
2026-05-25T14:32:28.5530000,23.58,77.98,101.872
2026-05-25T14:32:29.5940000,23.58,77.98,101.872
2026-05-25T14:32:30.6350000,23.58,77.97,101.872
2026-05-25T14:32:31.6860000,23.58,77.97,101.871
2026-05-25T14:32:32.7270000,23.58,78.02,101.871
2026-05-25T14:32:33.7670000,23.58,77.95,101.871
2026-05-25T14:32:34.8080000,23.58,77.95,101.871
2026-05-25T14:32:35.8490000,23.58,77.93,101.871
2026-05-25T14:32:36.8900000,23.59,77.91,101.871
2026-05-25T14:32:37.9410000,23.59,77.87,101.872
2026-05-25T14:32:39.0130000,23.58,77.87,101.871
2026-05-25T14:32:40.0230000,23.58,77.9,101.871
2026-05-25T14:32:41.0640000,23.58,77.88,101.871
2026-05-25T14:32:42.1040000,23.58,77.87,101.871
2026-05-25T14:32:43.1560000,23.58,77.85,101.871
2026-05-25T14:32:44.1970000,23.58,77.86,101.871
2026-05-25T14:32:45.2370000,23.58,77.84,101.871
2026-05-25T14:32:46.2780000,23.58,77.86,101.871
2026-05-25T14:32:47.3190000,23.59,77.82,101.872
2026-05-25T14:32:48.3700000,23.59,77.82,101.872
2026-05-25T14:32:49.4110000,23.59,77.84,101.871
2026-05-25T14:32:50.4510000,23.59,77.84,101.871
2026-05-25T14:32:51.4920000,23.59,77.78,101.871
2026-05-25T14:32:52.5850000,23.59,77.76,101.872
2026-05-25T14:32:53.5740000,23.59,77.77,101.872
2026-05-25T14:32:54.6250000,23.59,77.75,101.871
2026-05-25T14:32:55.6660000,23.59,77.76,101.872
2026-05-25T14:32:56.7060000,23.59,77.75,101.872
2026-05-25T14:32:57.7470000,23.59,77.73,101.872
2026-05-25T14:32:58.7880000,23.59,77.73,101.872
2026-05-25T14:32:59.8400000,23.59,77.73,101.872
2026-05-25T14:33:00.8800000,23.59,77.73,101.872
2026-05-25T14:33:01.9210000,23.59,77.73,101.872
2026-05-25T14:33:02.9620000,23.59,77.73,101.872
2026-05-25T14:33:04.0030000,23.59,77.71,101.872
2026-05-25T14:33:05.0440000,23.59,77.7,101.873
2026-05-25T14:33:06.1580000,23.59,77.72,101.872
2026-05-25T14:33:07.1360000,23.58,77.66,101.872
2026-05-25T14:33:08.1770000,23.58,77.66,101.872
2026-05-25T14:33:09.2170000,23.58,77.66,101.872
2026-05-25T14:33:10.2580000,23.58,77.65,101.872
2026-05-25T14:33:11.3100000,23.58,77.65,101.872
2026-05-25T14:33:12.3500000,23.58,77.64,101.872
2026-05-25T14:33:13.3910000,23.58,77.63,101.873
2026-05-25T14:33:14.4320000,23.58,77.6,101.872
2026-05-25T14:33:15.4730000,23.59,77.64,101.872
2026-05-25T14:33:16.5240000,23.58,77.59,101.871
2026-05-25T14:33:17.5650000,23.58,77.61,101.871
2026-05-25T14:33:18.6060000,23.58,77.59,101.871
2026-05-25T14:33:19.6460000,23.59,77.52,101.871
2026-05-25T14:33:20.6980000,23.59,77.54,101.871
2026-05-25T14:33:21.7380000,23.59,77.58,101.871
2026-05-25T14:33:22.7790000,23.59,77.54,101.871
2026-05-25T14:33:23.8200000,23.59,77.55,101.871
2026-05-25T14:33:24.8610000,23.59,77.53,101.87
2026-05-25T14:33:25.9020000,23.59,77.52,101.87
2026-05-25T14:33:26.9530000,23.59,77.52,101.871
2026-05-25T14:33:27.9940000,23.59,77.51,101.871
2026-05-25T14:33:29.0350000,23.59,77.53,101.871
2026-05-25T14:33:30.0750000,23.59,77.5,101.871
2026-05-25T14:33:31.1160000,23.59,77.52,101.871
2026-05-25T14:33:32.1570000,23.59,77.48,101.871
2026-05-25T14:33:33.2080000,23.59,77.49,101.872
2026-05-25T14:33:34.2700000,23.59,77.44,101.872
2026-05-25T14:33:35.2890000,23.59,77.47,101.872
2026-05-25T14:33:36.3300000,23.59,77.45,101.872
2026-05-25T14:33:37.3710000,23.59,77.44,101.872
2026-05-25T14:33:38.4220000,23.59,77.44,101.872
2026-05-25T14:33:39.4630000,23.59,77.45,101.872
2026-05-25T14:33:40.5040000,23.58,77.41,101.872
2026-05-25T14:33:41.5450000,23.58,77.48,101.872
2026-05-25T14:33:42.5850000,23.59,77.4,101.873
2026-05-25T14:33:43.6370000,23.59,77.41,101.873
2026-05-25T14:33:44.6770000,23.59,77.41,101.873
2026-05-25T14:33:45.7180000,23.59,77.41,101.873
2026-05-25T14:33:46.7590000,23.59,77.41,101.873
2026-05-25T14:33:47.8380000,23.59,77.36,101.874
2026-05-25T14:33:48.8480000,23.59,77.37,101.874
2026-05-25T14:33:49.8880000,23.59,77.36,101.874
2026-05-25T14:33:50.9290000,23.59,77.36,101.874
2026-05-25T14:33:51.9700000,23.59,77.36,101.874
2026-05-25T14:33:53.0210000,23.59,77.35,101.874
2026-05-25T14:33:54.0620000,23.59,77.35,101.873
2026-05-25T14:33:55.1030000,23.59,77.32,101.874
2026-05-25T14:33:56.1440000,23.59,77.32,101.874
2026-05-25T14:33:57.1840000,23.59,77.3,101.875
2026-05-25T14:33:58.2360000,23.59,77.31,101.875
2026-05-25T14:33:59.2770000,23.59,77.28,101.875
2026-05-25T14:34:00.3170000,23.59,77.32,101.875
2026-05-25T14:34:01.4110000,23.59,77.3,101.874
2026-05-25T14:34:02.3990000,23.59,77.29,101.874
2026-05-25T14:34:03.4500000,23.59,77.28,101.874
2026-05-25T14:34:04.4910000,23.6,77.28,101.875
2026-05-25T14:34:05.5320000,23.6,77.26,101.875
2026-05-25T14:34:06.5720000,23.59,77.25,101.874
2026-05-25T14:34:07.6130000,23.59,77.24,101.875
2026-05-25T14:34:08.6540000,23.59,77.23,101.874
2026-05-25T14:34:09.7050000,23.59,77.23,101.874
2026-05-25T14:34:10.7460000,23.59,77.2,101.874
2026-05-25T14:34:11.7870000,23.59,77.21,101.873
2026-05-25T14:34:12.8280000,23.59,77.18,101.873
2026-05-25T14:34:13.8690000,23.6,77.19,101.874
2026-05-25T14:34:14.9830000,23.6,77.21,101.873
2026-05-25T14:34:15.9610000,23.59,77.17,101.873
2026-05-25T14:34:17.0020000,23.59,77.17,101.872
2026-05-25T14:34:18.0430000,23.59,77.16,101.873
2026-05-25T14:34:19.0830000,23.6,77.15,101.874
2026-05-25T14:34:20.1350000,23.6,77.15,101.875
2026-05-25T14:34:21.1760000,23.59,77.13,101.874
2026-05-25T14:34:22.2160000,23.59,77.13,101.874
2026-05-25T14:34:23.2570000,23.59,77.15,101.873
2026-05-25T14:34:24.2980000,23.59,77.17,101.873
2026-05-25T14:34:25.3390000,23.59,77.11,101.874
2026-05-25T14:34:26.3900000,23.6,77.11,101.875
2026-05-25T14:34:27.4310000,23.59,77.1,101.875
2026-05-25T14:34:28.4720000,23.59,77.12,101.875
2026-05-25T14:34:29.5230000,23.6,77.07,101.876
2026-05-25T14:34:30.5530000,23.6,77.06,101.876
2026-05-25T14:34:31.6040000,23.6,77.06,101.876
2026-05-25T14:34:32.6450000,23.59,77.05,101.874
2026-05-25T14:34:33.6860000,23.59,77.04,101.874
2026-05-25T14:34:34.7270000,23.6,77.03,101.875
2026-05-25T14:34:35.7680000,23.59,77.03,101.874
2026-05-25T14:34:36.8080000,23.6,76.99,101.875
2026-05-25T14:34:37.8600000,23.6,77.04,101.874
2026-05-25T14:34:38.9000000,23.6,77.02,101.875
2026-05-25T14:34:39.9410000,23.6,77,101.875
2026-05-25T14:34:40.9820000,23.6,77,101.875
2026-05-25T14:34:42.0230000,23.6,76.97,101.875
2026-05-25T14:34:43.0950000,23.6,76.98,101.875
2026-05-25T14:34:44.1150000,23.6,76.97,101.875
2026-05-25T14:34:45.1560000,23.6,76.97,101.876
2026-05-25T14:34:46.1970000,23.6,76.96,101.876
2026-05-25T14:34:47.2370000,23.6,76.96,101.876
2026-05-25T14:34:48.2890000,23.6,76.95,101.877
2026-05-25T14:34:49.3290000,23.6,76.95,101.877
2026-05-25T14:34:50.3700000,23.6,76.96,101.876
2026-05-25T14:34:51.4110000,23.6,76.93,101.876
2026-05-25T14:34:52.4520000,23.6,76.93,101.875
2026-05-25T14:34:53.4930000,23.6,76.92,101.876
2026-05-25T14:34:54.5440000,23.6,76.91,101.876
2026-05-25T14:34:55.5850000,23.6,76.94,101.876
2026-05-25T14:34:56.6710000,23.6,76.9,101.875
2026-05-25T14:34:57.6700000,23.6,76.89,101.876
2026-05-25T14:34:58.7100000,23.6,76.89,101.875
2026-05-25T14:34:59.7510000,23.6,76.87,101.875
2026-05-25T14:35:00.8020000,23.6,76.86,101.875
2026-05-25T14:35:01.8430000,23.6,76.85,101.876
2026-05-25T14:35:02.8840000,23.6,76.84,101.877
2026-05-25T14:35:03.9250000,23.6,76.87,101.877
2026-05-25T14:35:04.9660000,23.6,76.84,101.877
2026-05-25T14:35:06.0060000,23.6,76.81,101.876
2026-05-25T14:35:07.0580000,23.6,76.83,101.876
2026-05-25T14:35:08.0980000,23.6,76.84,101.876
2026-05-25T14:35:09.1390000,23.6,76.79,101.877
2026-05-25T14:35:10.2420000,23.6,76.8,101.877
2026-05-25T14:35:11.2200000,23.6,76.8,101.876
2026-05-25T14:35:12.2710000,23.6,76.8,101.877
2026-05-25T14:35:13.3130000,23.6,76.77,101.877
2026-05-25T14:35:14.3530000,23.6,76.77,101.877
2026-05-25T14:35:15.3940000,23.6,76.76,101.877
2026-05-25T14:35:16.4350000,23.6,76.75,101.877
2026-05-25T14:35:17.4860000,23.6,76.76,101.878
2026-05-25T14:35:18.5270000,23.6,76.75,101.877
2026-05-25T14:35:19.5680000,23.6,76.75,101.877
2026-05-25T14:35:20.6090000,23.6,76.74,101.877
2026-05-25T14:35:21.6490000,23.6,76.71,101.878
2026-05-25T14:35:22.7010000,23.6,76.74,101.878
2026-05-25T14:35:23.7410000,23.6,76.76,101.879
2026-05-25T14:35:24.7820000,23.6,76.71,101.88
2026-05-25T14:35:25.8230000,23.6,76.69,101.879
2026-05-25T14:35:26.8640000,23.61,76.69,101.88
2026-05-25T14:35:27.9150000,23.61,76.67,101.879
2026-05-25T14:35:28.9560000,23.6,76.67,101.879
2026-05-25T14:35:29.9960000,23.6,76.67,101.879
2026-05-25T14:35:31.0370000,23.6,76.67,101.88
2026-05-25T14:35:32.0780000,23.6,76.65,101.879
2026-05-25T14:35:33.1190000,23.6,76.65,101.878
2026-05-25T14:35:34.1700000,23.6,76.67,101.878
2026-05-25T14:35:35.2110000,23.6,76.66,101.878
2026-05-25T14:35:36.2520000,23.6,76.61,101.878
2026-05-25T14:35:37.2930000,23.6,76.65,101.878
2026-05-25T14:35:38.3550000,23.6,76.63,101.878
2026-05-25T14:35:39.3850000,23.6,76.63,101.878
2026-05-25T14:35:40.4260000,23.61,76.62,101.878
2026-05-25T14:35:41.4660000,23.61,76.62,101.878
2026-05-25T14:35:42.5070000,23.61,76.61,101.879
2026-05-25T14:35:43.5480000,23.61,76.62,101.879
2026-05-25T14:35:44.5990000,23.61,76.6,101.879
2026-05-25T14:35:45.6400000,23.61,76.58,101.879
2026-05-25T14:35:46.6810000,23.61,76.57,101.879
2026-05-25T14:35:47.7210000,23.61,76.55,101.878
2026-05-25T14:35:48.7620000,23.61,76.56,101.878
2026-05-25T14:35:49.8130000,23.61,76.54,101.879
2026-05-25T14:35:50.8540000,23.61,76.52,101.879
2026-05-25T14:35:51.9260000,23.61,76.57,101.878
2026-05-25T14:35:52.9360000,23.61,76.54,101.879
2026-05-25T14:35:53.9760000,23.61,76.52,101.878
2026-05-25T14:35:55.0170000,23.61,76.51,101.879
2026-05-25T14:35:56.0680000,23.61,76.51,101.878
2026-05-25T14:35:57.1090000,23.61,76.5,101.879
2026-05-25T14:35:58.1500000,23.61,76.5,101.879
2026-05-25T14:35:59.1900000,23.61,76.54,101.879
2026-05-25T14:36:00.2310000,23.61,76.47,101.879
2026-05-25T14:36:01.2820000,23.61,76.49,101.879
2026-05-25T14:36:02.3230000,23.61,76.51,101.879
2026-05-25T14:36:03.3640000,23.61,76.41,101.879
2026-05-25T14:36:04.4050000,23.61,76.47,101.879
2026-05-25T14:36:05.4980000,23.61,76.43,101.88
2026-05-25T14:36:06.4970000,23.61,76.43,101.88
2026-05-25T14:36:07.5380000,23.61,76.42,101.881
2026-05-25T14:36:08.5790000,23.61,76.43,101.881
2026-05-25T14:36:09.6200000,23.61,76.42,101.88
2026-05-25T14:36:10.6600000,23.61,76.42,101.881
2026-05-25T14:36:11.7010000,23.61,76.41,101.881
2026-05-25T14:36:12.7520000,23.61,76.39,101.88
2026-05-25T14:36:13.7930000,23.61,76.39,101.881
2026-05-25T14:36:14.8340000,23.62,76.39,101.882
2026-05-25T14:36:15.8750000,23.61,76.36,101.881
2026-05-25T14:36:16.9150000,23.61,76.38,101.881
2026-05-25T14:36:17.9670000,23.61,76.38,101.881
2026-05-25T14:36:19.0700000,23.61,76.34,101.881
2026-05-25T14:36:20.0480000,23.61,76.34,101.882
2026-05-25T14:36:21.0890000,23.61,76.34,101.882
2026-05-25T14:36:22.1290000,23.62,76.34,101.882
2026-05-25T14:36:23.1810000,23.61,76.34,101.881
2026-05-25T14:36:24.2220000,23.62,76.33,101.882
2026-05-25T14:36:25.2630000,23.62,76.35,101.882
2026-05-25T14:36:26.3030000,23.61,76.35,101.881
2026-05-25T14:36:27.3440000,23.61,76.36,101.881
2026-05-25T14:36:28.3960000,23.61,76.37,101.882
2026-05-25T14:36:29.4360000,23.62,76.34,101.882
2026-05-25T14:36:30.4770000,23.62,76.36,101.883
2026-05-25T14:36:31.5180000,23.61,76.33,101.882
2026-05-25T14:36:32.5590000,23.62,76.35,101.884
2026-05-25T14:36:33.6130000,23.62,76.33,101.883
2026-05-25T14:36:34.6440000,23.62,76.33,101.883
2026-05-25T14:36:35.6950000,23.62,76.33,101.884
2026-05-25T14:36:36.7360000,23.62,76.31,101.884
2026-05-25T14:36:37.7770000,23.62,76.33,101.884
2026-05-25T14:36:38.8170000,23.62,76.34,101.884
2026-05-25T14:36:39.8580000,23.62,76.34,101.884
2026-05-25T14:36:40.9090000,23.62,76.39,101.884
2026-05-25T14:36:41.9500000,23.62,76.38,101.885
2026-05-25T14:36:42.9910000,23.62,76.33,101.885
2026-05-25T14:36:44.0310000,23.62,76.38,101.885
2026-05-25T14:36:45.0720000,23.62,76.34,101.885
2026-05-25T14:36:46.1130000,23.62,76.36,101.884
2026-05-25T14:36:47.1850000,23.62,76.36,101.885
2026-05-25T14:36:48.2050000,23.62,76.38,101.884
2026-05-25T14:36:49.2460000,23.62,76.38,101.885
2026-05-25T14:36:50.2870000,23.62,76.38,101.885
2026-05-25T14:36:51.3270000,23.62,76.37,101.886
2026-05-25T14:36:52.3790000,23.62,76.37,101.885
2026-05-25T14:36:53.4190000,23.62,76.36,101.885
2026-05-25T14:36:54.4600000,23.62,76.39,101.885
2026-05-25T14:36:55.5010000,23.62,76.36,101.885
2026-05-25T14:36:56.5420000,23.62,76.37,101.886
2026-05-25T14:36:57.5930000,23.62,76.35,101.886
2026-05-25T14:36:58.6340000,23.62,76.32,101.886
2026-05-25T14:36:59.6750000,23.62,76.38,101.886
2026-05-25T14:37:00.7570000,23.62,76.33,101.885
2026-05-25T14:37:01.7560000,23.62,76.35,101.885
2026-05-25T14:37:02.7970000,23.62,76.35,101.885
2026-05-25T14:37:03.8480000,23.62,76.35,101.885
2026-05-25T14:37:04.8890000,23.62,76.35,101.885
2026-05-25T14:37:05.9290000,23.63,76.35,101.886
2026-05-25T14:37:06.9700000,23.63,76.37,101.885
2026-05-25T14:37:08.0110000,23.63,76.36,101.885
2026-05-25T14:37:09.0620000,23.63,76.35,101.886
2026-05-25T14:37:10.1030000,23.63,76.36,101.886
2026-05-25T14:37:11.1440000,23.63,76.35,101.886
2026-05-25T14:37:12.1840000,23.63,76.32,101.886
2026-05-25T14:37:13.2250000,23.63,76.3,101.885
2026-05-25T14:37:14.3330000,23.63,76.39,101.886
2026-05-25T14:37:15.3100000,23.63,76.37,101.885
2026-05-25T14:37:16.3620000,23.63,76.38,101.885
2026-05-25T14:37:17.4020000,23.62,76.39,101.885
2026-05-25T14:37:18.4430000,23.63,76.41,101.886
2026-05-25T14:37:19.4840000,23.63,76.45,101.886
2026-05-25T14:37:20.5250000,23.63,76.47,101.886
2026-05-25T14:37:21.5760000,23.63,76.51,101.886
2026-05-25T14:37:22.6170000,23.63,76.54,101.886
2026-05-25T14:37:23.6580000,23.63,76.61,101.887
2026-05-25T14:37:24.6990000,23.63,76.64,101.886
2026-05-25T14:37:25.7390000,23.64,76.65,101.887
2026-05-25T14:37:26.7800000,23.64,76.69,101.887
2026-05-25T14:37:27.8310000,23.64,76.73,101.887
2026-05-25T14:37:28.8750000,23.64,76.87,101.887
2026-05-25T14:37:29.9160000,23.64,76.9,101.887
2026-05-25T14:37:30.9570000,23.64,76.96,101.886
2026-05-25T14:37:31.9980000,23.64,76.98,101.886
2026-05-25T14:37:33.0390000,23.64,77.03,101.887
2026-05-25T14:37:34.0800000,23.64,77.08,101.886
2026-05-25T14:37:35.1310000,23.64,77.16,101.886
2026-05-25T14:37:36.1720000,23.64,77.24,101.886
2026-05-25T14:37:37.2130000,23.65,77.3,101.886
2026-05-25T14:37:38.2530000,23.65,77.34,101.886
2026-05-25T14:37:39.2940000,23.65,77.43,101.887
2026-05-25T14:37:40.3350000,23.65,77.47,101.886
2026-05-25T14:37:41.3860000,23.65,77.5,101.886
2026-05-25T14:37:42.4440000,23.65,77.67,101.887
2026-05-25T14:37:43.4640000,23.65,77.71,101.887
2026-05-25T14:37:44.5150000,23.65,77.76,101.886
2026-05-25T14:37:45.5560000,23.66,77.8,101.886
2026-05-25T14:37:46.5970000,23.66,77.86,101.886
2026-05-25T14:37:47.6380000,23.66,77.88,101.887
2026-05-25T14:37:48.6780000,23.66,77.91,101.887
2026-05-25T14:37:49.7300000,23.66,77.99,101.887
2026-05-25T14:37:50.7700000,23.66,77.97,101.887
2026-05-25T14:37:51.8110000,23.66,78.02,101.887
2026-05-25T14:37:52.8520000,23.66,78.08,101.887
2026-05-25T14:37:53.8920000,23.66,78.15,101.887
2026-05-25T14:37:54.9440000,23.67,78.22,101.887
2026-05-25T14:37:56.0190000,23.67,78.31,101.888
2026-05-25T14:37:57.0280000,23.67,78.33,101.887
2026-05-25T14:37:58.0690000,23.67,78.35,101.887
2026-05-25T14:37:59.1100000,23.67,78.38,101.888
2026-05-25T14:38:00.1500000,23.67,78.41,101.888
2026-05-25T14:38:01.1910000,23.67,78.46,101.889
2026-05-25T14:38:02.2420000,23.67,78.5,101.889
2026-05-25T14:38:03.2840000,23.67,78.6,101.889
2026-05-25T14:38:04.3250000,23.67,78.64,101.888
2026-05-25T14:38:05.3660000,23.68,78.71,101.889
2026-05-25T14:38:06.4060000,23.68,78.75,101.889
2026-05-25T14:38:07.4470000,23.68,78.81,101.889
2026-05-25T14:38:08.4990000,23.68,78.84,101.889
2026-05-25T14:38:09.5880000,23.68,78.98,101.888
2026-05-25T14:38:10.5770000,23.68,79.04,101.888
2026-05-25T14:38:11.6280000,23.68,79.1,101.889
2026-05-25T14:38:12.6690000,23.68,79.16,101.889
2026-05-25T14:38:13.7100000,23.68,79.23,101.888
2026-05-25T14:38:14.7500000,23.68,79.27,101.889
2026-05-25T14:38:15.7910000,23.68,79.3,101.889
2026-05-25T14:38:16.8420000,23.68,79.35,101.888
2026-05-25T14:38:17.8830000,23.68,79.36,101.888
2026-05-25T14:38:18.9240000,23.68,79.47,101.888
2026-05-25T14:38:19.9650000,23.68,79.52,101.889
2026-05-25T14:38:21.0050000,23.68,79.52,101.888
2026-05-25T14:38:22.0460000,23.68,79.53,101.888
2026-05-25T14:38:23.1610000,23.68,79.61,101.888
2026-05-25T14:38:24.1380000,23.68,79.66,101.888
2026-05-25T14:38:25.1790000,23.68,79.7,101.888
2026-05-25T14:38:26.2200000,23.68,79.75,101.888
2026-05-25T14:38:27.2610000,23.68,79.81,101.888
2026-05-25T14:38:28.3120000,23.69,79.86,101.889
2026-05-25T14:38:29.3530000,23.69,79.93,101.889
2026-05-25T14:38:30.3940000,23.69,79.98,101.889
2026-05-25T14:38:31.4350000,23.69,80.02,101.889
2026-05-25T14:38:32.4760000,23.68,80.01,101.889
2026-05-25T14:38:33.5160000,23.68,80.04,101.889
2026-05-25T14:38:34.5680000,23.68,80.08,101.889
2026-05-25T14:38:35.6080000,23.68,80.15,101.889
2026-05-25T14:38:36.6490000,23.68,80.2,101.889
2026-05-25T14:38:37.7000000,23.68,80.25,101.889
2026-05-25T14:38:38.7300000,23.68,80.26,101.889
2026-05-25T14:38:39.7820000,23.68,80.28,101.889
2026-05-25T14:38:40.8220000,23.68,80.33,101.889
2026-05-25T14:38:41.8630000,23.68,80.39,101.889
2026-05-25T14:38:42.9040000,23.68,80.42,101.889
2026-05-25T14:38:43.9450000,23.68,80.45,101.889
2026-05-25T14:38:44.9960000,23.68,80.47,101.89
2026-05-25T14:38:46.0370000,23.68,80.52,101.89
2026-05-25T14:38:47.0770000,23.68,80.52,101.89
2026-05-25T14:38:48.1180000,23.68,80.54,101.889
2026-05-25T14:38:49.1590000,23.68,80.57,101.889
2026-05-25T14:38:50.2100000,23.68,80.55,101.889
2026-05-25T14:38:51.2720000,23.67,80.66,101.888
2026-05-25T14:38:52.2920000,23.68,80.66,101.888
2026-05-25T14:38:53.3330000,23.68,80.7,101.889
2026-05-25T14:38:54.3730000,23.68,80.72,101.888
2026-05-25T14:38:55.4250000,23.68,80.77,101.888
2026-05-25T14:38:56.4660000,23.68,80.79,101.889
2026-05-25T14:38:57.5060000,23.68,80.82,101.888
2026-05-25T14:38:58.5470000,23.68,80.87,101.888
2026-05-25T14:38:59.5880000,23.68,80.87,101.889
2026-05-25T14:39:00.6290000,23.68,80.9,101.888
2026-05-25T14:39:01.6800000,23.68,80.93,101.887
2026-05-25T14:39:02.7210000,23.68,80.93,101.887
2026-05-25T14:39:03.7610000,23.68,80.98,101.887
2026-05-25T14:39:04.8410000,23.68,81.04,101.888
2026-05-25T14:39:05.8500000,23.68,81.05,101.887
2026-05-25T14:39:06.8910000,23.68,81.08,101.887
2026-05-25T14:39:07.9310000,23.68,81.09,101.887
2026-05-25T14:39:08.9720000,23.68,81.11,101.887
2026-05-25T14:39:10.0230000,23.68,81.12,101.887
2026-05-25T14:39:11.0640000,23.68,81.14,101.887
2026-05-25T14:39:12.1050000,23.68,81.23,101.886
2026-05-25T14:39:13.1460000,23.68,81.2,101.886
2026-05-25T14:39:14.1870000,23.68,81.17,101.887
2026-05-25T14:39:15.2380000,23.68,81.19,101.887
2026-05-25T14:39:16.2790000,23.68,81.21,101.887
2026-05-25T14:39:17.3200000,23.68,81.21,101.887
2026-05-25T14:39:18.4130000,23.68,81.25,101.886
2026-05-25T14:39:19.4010000,23.68,81.3,101.887
2026-05-25T14:39:20.4420000,23.68,81.32,101.887
2026-05-25T14:39:21.4930000,23.68,81.36,101.887
2026-05-25T14:39:22.5340000,23.68,81.39,101.887
2026-05-25T14:39:23.5750000,23.68,81.41,101.886
2026-05-25T14:39:24.6160000,23.68,81.41,101.887
2026-05-25T14:39:25.6560000,23.68,81.44,101.887
2026-05-25T14:39:26.7070000,23.68,81.41,101.887
2026-05-25T14:39:27.7480000,23.68,81.47,101.887
2026-05-25T14:39:28.7890000,23.68,81.51,101.887
2026-05-25T14:39:29.8300000,23.68,81.54,101.886
2026-05-25T14:39:30.8710000,23.69,81.51,101.887
2026-05-25T14:39:31.9850000,23.68,81.56,101.887
2026-05-25T14:39:32.9620000,23.69,81.6,101.887
2026-05-25T14:39:34.0030000,23.69,81.6,101.887
2026-05-25T14:39:35.0440000,23.69,81.61,101.887
2026-05-25T14:39:36.0850000,23.69,81.6,101.887
2026-05-25T14:39:37.1360000,23.69,81.6,101.887
2026-05-25T14:39:38.1770000,23.69,81.63,101.887
2026-05-25T14:39:39.2180000,23.69,81.64,101.887
2026-05-25T14:39:40.2590000,23.69,81.67,101.887
2026-05-25T14:39:41.2990000,23.69,81.65,101.887
2026-05-25T14:39:42.3510000,23.69,81.66,101.887
2026-05-25T14:39:43.3920000,23.69,81.67,101.887
2026-05-25T14:39:44.4330000,23.69,81.64,101.887
2026-05-25T14:39:45.4730000,23.68,81.66,101.887
2026-05-25T14:39:46.5250000,23.68,81.66,101.888
2026-05-25T14:39:47.5650000,23.68,81.63,101.889
2026-05-25T14:39:48.6060000,23.68,81.63,101.888
2026-05-25T14:39:49.6470000,23.68,81.61,101.888
2026-05-25T14:39:50.6880000,23.68,81.62,101.888
2026-05-25T14:39:51.7280000,23.68,81.64,101.888
2026-05-25T14:39:52.7800000,23.68,81.67,101.887
2026-05-25T14:39:53.8200000,23.68,81.69,101.886
2026-05-25T14:39:54.8610000,23.68,81.67,101.886
2026-05-25T14:39:55.9020000,23.68,81.7,101.886
2026-05-25T14:39:56.9430000,23.68,81.71,101.886
2026-05-25T14:39:57.9940000,23.68,81.76,101.886
2026-05-25T14:39:59.0350000,23.68,81.72,101.886
2026-05-25T14:40:00.0970000,23.68,81.73,101.886
2026-05-25T14:40:01.1160000,23.68,81.72,101.886
2026-05-25T14:40:02.1570000,23.68,81.72,101.886
2026-05-25T14:40:03.2080000,23.68,81.73,101.886
2026-05-25T14:40:04.2490000,23.68,81.74,101.886
2026-05-25T14:40:05.2900000,23.68,81.74,101.886
2026-05-25T14:40:06.3310000,23.68,81.74,101.885
2026-05-25T14:40:07.3720000,23.68,81.7,101.885
2026-05-25T14:40:08.4230000,23.68,81.72,101.885
2026-05-25T14:40:09.4640000,23.68,81.71,101.885
2026-05-25T14:40:10.5050000,23.68,81.73,101.886
2026-05-25T14:40:11.5450000,23.68,81.7,101.886
2026-05-25T14:40:12.5860000,23.68,81.69,101.886
2026-05-25T14:40:13.6690000,23.68,81.69,101.887
2026-05-25T14:40:14.6780000,23.67,81.68,101.886
2026-05-25T14:40:15.7190000,23.67,81.67,101.886
2026-05-25T14:40:16.7590000,23.67,81.66,101.886
2026-05-25T14:40:17.8000000,23.67,81.64,101.886
2026-05-25T14:40:18.8410000,23.67,81.65,101.886
2026-05-25T14:40:19.8920000,23.67,81.62,101.885
2026-05-25T14:40:20.9330000,23.67,81.54,101.885
2026-05-25T14:40:21.9740000,23.67,81.58,101.885
2026-05-25T14:40:23.0170000,23.67,81.56,101.885
2026-05-25T14:40:24.0580000,23.67,81.57,101.885
2026-05-25T14:40:25.0990000,23.67,81.54,101.885
2026-05-25T14:40:26.1500000,23.67,81.54,101.885
2026-05-25T14:40:27.2430000,23.66,81.5,101.885
2026-05-25T14:40:28.2310000,23.66,81.48,101.885
2026-05-25T14:40:29.2720000,23.66,81.45,101.885
2026-05-25T14:40:30.3130000,23.66,81.43,101.885
2026-05-25T14:40:31.3540000,23.66,81.41,101.885
2026-05-25T14:40:32.4050000,23.66,81.39,101.885
2026-05-25T14:40:33.4460000,23.65,81.38,101.885
2026-05-25T14:40:34.4870000,23.65,81.36,101.886
2026-05-25T14:40:35.5280000,23.65,81.34,101.885
2026-05-25T14:40:36.5680000,23.65,81.33,101.885
2026-05-25T14:40:37.6200000,23.65,81.29,101.885
2026-05-25T14:40:38.6600000,23.65,81.29,101.885
2026-05-25T14:40:39.7010000,23.64,81.23,101.885
2026-05-25T14:40:40.7420000,23.64,81.23,101.884
2026-05-25T14:40:41.7830000,23.64,81.2,101.884
2026-05-25T14:40:42.8340000,23.64,81.19,101.885
2026-05-25T14:40:43.8750000,23.64,81.18,101.885
2026-05-25T14:40:44.9150000,23.64,81.17,101.885
2026-05-25T14:40:45.9560000,23.64,81.15,101.885
2026-05-25T14:40:46.9970000,23.64,81.14,101.884
2026-05-25T14:40:48.0480000,23.64,81.11,101.884
2026-05-25T14:40:49.0890000,23.64,81.09,101.884
2026-05-25T14:40:50.1300000,23.63,81.07,101.884
2026-05-25T14:40:51.1710000,23.64,81.07,101.884
2026-05-25T14:40:52.2120000,23.64,81.03,101.884
2026-05-25T14:40:53.2530000,23.64,81,101.884
2026-05-25T14:40:54.3040000,23.64,80.98,101.885
2026-05-25T14:40:55.3550000,23.63,80.92,101.885
2026-05-25T14:40:56.3850000,23.63,80.92,101.885
2026-05-25T14:40:57.4260000,23.63,80.91,101.885
2026-05-25T14:40:58.4670000,23.63,80.89,101.885
2026-05-25T14:40:59.5180000,23.63,80.87,101.884
2026-05-25T14:41:00.5590000,23.63,80.84,101.885
2026-05-25T14:41:01.6000000,23.63,80.83,101.885
2026-05-25T14:41:02.6400000,23.63,80.82,101.886
2026-05-25T14:41:03.6810000,23.63,80.8,101.885
2026-05-25T14:41:04.7220000,23.63,80.77,101.884
2026-05-25T14:41:05.7730000,23.63,80.75,101.884
2026-05-25T14:41:06.8140000,23.63,80.77,101.884
2026-05-25T14:41:07.8550000,23.63,80.75,101.884
2026-05-25T14:41:08.9270000,23.63,80.7,101.883
2026-05-25T14:41:09.9370000,23.63,80.67,101.883
2026-05-25T14:41:10.9880000,23.63,80.67,101.883
2026-05-25T14:41:12.0290000,23.63,80.65,101.883
2026-05-25T14:41:13.0690000,23.63,80.63,101.883
2026-05-25T14:41:15.1510000,23.63,80.61,101.883
2026-05-25T14:41:16.2020000,23.63,80.64,101.883
2026-05-25T14:41:17.2430000,23.63,80.58,101.883
2026-05-25T14:41:18.2840000,23.63,80.59,101.883
2026-05-25T14:41:19.3250000,23.63,80.53,101.882
2026-05-25T14:41:20.3650000,23.63,80.53,101.882
2026-05-25T14:41:21.4060000,23.63,80.53,101.882
2026-05-25T14:41:22.4990000,23.62,80.47,101.881
2026-05-25T14:41:23.4980000,23.62,80.45,101.882
2026-05-25T14:41:24.5390000,23.62,80.45,101.882
2026-05-25T14:41:25.5800000,23.62,80.42,101.882
2026-05-25T14:41:26.6200000,23.62,80.41,101.882
2026-05-25T14:41:27.6720000,23.62,80.39,101.883
2026-05-25T14:41:28.7130000,23.62,80.37,101.883
2026-05-25T14:41:29.7530000,23.62,80.35,101.883
2026-05-25T14:41:30.7940000,23.62,80.32,101.882
2026-05-25T14:41:31.8350000,23.62,80.32,101.882
2026-05-25T14:41:32.8860000,23.62,80.28,101.883
2026-05-25T14:41:33.9270000,23.62,80.29,101.883
2026-05-25T14:41:34.9680000,23.62,80.28,101.882
2026-05-25T14:41:36.0720000,23.62,80.3,101.881
2026-05-25T14:41:37.0490000,23.62,80.28,101.881
2026-05-25T14:41:38.0900000,23.62,80.28,101.881
2026-05-25T14:41:39.1410000,23.62,80.27,101.882
2026-05-25T14:41:42.2640000,23.62,80.26,101.881
2026-05-25T14:41:43.3050000,23.62,80.25,101.881
2026-05-25T14:41:44.3460000,23.62,80.21,101.881
2026-05-25T14:41:45.3970000,23.62,80.23,101.88
2026-05-25T14:41:46.4380000,23.61,80.2,101.88
2026-05-25T14:41:47.4780000,23.62,80.18,101.88
2026-05-25T14:41:48.5190000,23.62,80.15,101.88
2026-05-25T14:41:49.5600000,23.61,80.14,101.88
2026-05-25T14:41:50.6150000,23.62,80.14,101.881
2026-05-25T14:41:51.6550000,23.61,80.1,101.88
2026-05-25T14:41:52.6960000,23.62,80.09,101.88
2026-05-25T14:41:53.7370000,23.62,80.08,101.88
2026-05-25T14:41:54.7780000,23.62,80.06,101.88
2026-05-25T14:41:55.8180000,23.61,80.05,101.879
2026-05-25T14:41:56.8590000,23.61,80.04,101.879
2026-05-25T14:41:57.9100000,23.61,79.99,101.879
2026-05-25T14:41:58.9510000,23.61,79.99,101.879
2026-05-25T14:41:59.9920000,23.61,80.02,101.879
2026-05-25T14:42:01.0330000,23.61,79.99,101.879
2026-05-25T14:42:02.0740000,23.61,80.02,101.879
2026-05-25T14:42:03.1250000,23.61,79.96,101.879
2026-05-25T14:42:04.1900000,23.61,79.94,101.879
2026-05-25T14:42:05.2100000,23.61,79.93,101.878
2026-05-25T14:42:06.2510000,23.61,79.91,101.878
2026-05-25T14:42:07.2920000,23.61,79.92,101.878
2026-05-25T14:42:08.3330000,23.61,79.9,101.877
2026-05-25T14:42:09.3730000,23.61,79.88,101.877
2026-05-25T14:42:10.4250000,23.61,79.88,101.878
2026-05-25T14:42:11.4650000,23.61,79.87,101.878
2026-05-25T14:42:12.5060000,23.61,79.84,101.878
2026-05-25T14:42:13.5470000,23.61,79.83,101.877
2026-05-25T14:42:14.5870000,23.61,79.8,101.876
2026-05-25T14:42:15.6390000,23.61,79.8,101.876
2026-05-25T14:42:16.6790000,23.61,79.8,101.876
2026-05-25T14:42:17.7620000,23.61,79.71,101.876
2026-05-25T14:42:18.7610000,23.61,79.74,101.876
2026-05-25T14:42:19.8010000,23.61,79.73,101.876
2026-05-25T14:42:20.8420000,23.6,79.7,101.875
2026-05-25T14:42:21.8940000,23.6,79.69,101.876
2026-05-25T14:42:22.9340000,23.61,79.67,101.877
2026-05-25T14:42:23.9750000,23.61,79.67,101.876
2026-05-25T14:42:25.0160000,23.6,79.63,101.875
2026-05-25T14:42:26.0570000,23.61,79.64,101.876
2026-05-25T14:42:27.1080000,23.6,79.66,101.875
2026-05-25T14:42:28.1490000,23.6,79.63,101.876
2026-05-25T14:42:29.1890000,23.61,79.62,101.876
2026-05-25T14:42:30.2300000,23.61,79.61,101.876
2026-05-25T14:42:31.3340000,23.6,79.56,101.876
2026-05-25T14:42:32.3220000,23.6,79.55,101.875
2026-05-25T14:42:34.4040000,23.61,79.52,101.876
2026-05-25T14:42:35.4450000,23.6,79.51,101.876
2026-05-25T14:42:36.4860000,23.6,79.49,101.875
2026-05-25T14:42:37.5270000,23.61,79.48,101.875
2026-05-25T14:42:38.5780000,23.61,79.47,101.876
2026-05-25T14:42:39.6190000,23.61,79.44,101.876
2026-05-25T14:42:40.6600000,23.6,79.38,101.875
2026-05-25T14:42:41.7000000,23.6,79.4,101.875
2026-05-25T14:42:42.7410000,23.6,79.38,101.874
2026-05-25T14:42:43.7920000,23.6,79.43,101.875
2026-05-25T14:42:44.8330000,23.6,79.41,101.875
2026-05-25T14:42:45.8740000,23.6,79.33,101.874
2026-05-25T14:42:46.9150000,23.6,79.34,101.874
2026-05-25T14:42:47.9560000,23.61,79.34,101.875
2026-05-25T14:42:48.9960000,23.6,79.32,101.874
2026-05-25T14:42:50.0480000,23.61,79.31,101.875
2026-05-25T14:42:51.0880000,23.6,79.3,101.875
2026-05-25T14:42:52.1290000,23.6,79.3,101.875
2026-05-25T14:42:53.1700000,23.6,79.3,101.875
2026-05-25T14:42:54.2110000,23.6,79.28,101.875
2026-05-25T14:42:55.2620000,23.6,79.26,101.874
2026-05-25T14:42:56.3030000,23.6,79.25,101.874
2026-05-25T14:42:57.3430000,23.6,79.25,101.874
2026-05-25T14:42:58.3840000,23.6,79.2,101.874
2026-05-25T14:42:59.4460000,23.6,79.2,101.873
2026-05-25T14:43:00.4760000,23.6,79.15,101.873
2026-05-25T14:43:01.5160000,23.6,79.14,101.873
2026-05-25T14:43:02.5570000,23.6,79.13,101.874
2026-05-25T14:43:03.5980000,23.6,79.09,101.874
2026-05-25T14:43:04.6390000,23.6,79.08,101.874
2026-05-25T14:43:05.6900000,23.6,79.07,101.874
2026-05-25T14:43:06.7310000,23.6,78.98,101.874
2026-05-25T14:43:07.7720000,23.6,79.02,101.874
2026-05-25T14:43:08.8120000,23.6,79.02,101.874
2026-05-25T14:43:09.8530000,23.6,79.01,101.874
2026-05-25T14:43:10.9040000,23.6,79,101.874
2026-05-25T14:43:11.9450000,23.6,79,101.874
2026-05-25T14:43:13.0170000,23.6,78.99,101.874
2026-05-25T14:43:14.0270000,23.6,78.95,101.874
2026-05-25T14:43:15.0680000,23.6,78.93,101.873
2026-05-25T14:43:16.1080000,23.6,78.92,101.873
2026-05-25T14:43:17.1600000,23.59,78.9,101.873
2026-05-25T14:43:18.2000000,23.6,78.9,101.873
2026-05-25T14:43:19.2410000,23.6,78.89,101.873
2026-05-25T14:43:20.2820000,23.59,78.91,101.872
2026-05-25T14:43:21.3230000,23.6,78.89,101.873
2026-05-25T14:43:22.3740000,23.6,78.85,101.873
2026-05-25T14:43:23.4140000,23.6,78.86,101.873
2026-05-25T14:43:24.4550000,23.6,78.88,101.873
2026-05-25T14:43:25.4960000,23.6,78.88,101.873
2026-05-25T14:43:26.5890000,23.6,78.82,101.872
2026-05-25T14:43:27.5880000,23.6,78.82,101.872
2026-05-25T14:43:28.6290000,23.6,78.81,101.872
2026-05-25T14:43:29.6700000,23.6,78.79,101.872
2026-05-25T14:43:30.7110000,23.59,78.79,101.872
2026-05-25T14:43:31.7510000,23.6,78.78,101.873
2026-05-25T14:43:32.7920000,23.6,78.78,101.872
2026-05-25T14:43:33.8440000,23.6,78.77,101.872
2026-05-25T14:43:34.8840000,23.6,78.76,101.872
2026-05-25T14:43:35.9250000,23.6,78.78,101.872
2026-05-25T14:43:36.9660000,23.6,78.75,101.872
2026-05-25T14:43:38.0070000,23.6,78.72,101.872
2026-05-25T14:43:39.0580000,23.6,78.74,101.872
2026-05-25T14:43:40.1620000,23.6,78.66,101.873
2026-05-25T14:43:41.1400000,23.6,78.69,101.873
2026-05-25T14:43:42.1800000,23.6,78.68,101.873
2026-05-25T14:43:43.2210000,23.59,78.67,101.873
2026-05-25T14:43:44.2620000,23.6,78.66,101.873
2026-05-25T14:43:45.3130000,23.6,78.64,101.873
2026-05-25T14:43:46.3540000,23.59,78.63,101.872
2026-05-25T14:43:47.3950000,23.6,78.62,101.872
2026-05-25T14:43:48.4350000,23.59,78.6,101.871
2026-05-25T14:43:49.4760000,23.59,78.59,101.871
2026-05-25T14:43:50.5280000,23.59,78.52,101.871
2026-05-25T14:43:51.5680000,23.59,78.58,101.87
2026-05-25T14:43:52.6090000,23.59,78.56,101.87
2026-05-25T14:43:53.6500000,23.59,78.56,101.87
2026-05-25T14:43:54.7020000,23.59,78.53,101.87
2026-05-25T14:43:55.7420000,23.59,78.52,101.869
2026-05-25T14:43:56.7830000,23.59,78.51,101.869
2026-05-25T14:43:57.8240000,23.59,78.49,101.869
2026-05-25T14:43:58.8650000,23.59,78.49,101.869
2026-05-25T14:43:59.9060000,23.59,78.47,101.869
2026-05-25T14:44:00.9470000,23.59,78.46,101.868
2026-05-25T14:44:01.9980000,23.59,78.45,101.869
2026-05-25T14:44:03.0390000,23.59,78.45,101.869
2026-05-25T14:44:04.0800000,23.59,78.42,101.869
2026-05-25T14:44:05.1200000,23.59,78.4,101.869
2026-05-25T14:44:06.1610000,23.59,78.41,101.869
2026-05-25T14:44:07.2120000,23.59,78.39,101.868
2026-05-25T14:44:08.2740000,23.59,78.39,101.869
2026-05-25T14:44:10.3340000,23.59,78.36,101.867
2026-05-25T14:44:11.3750000,23.59,78.35,101.868
2026-05-25T14:44:12.4270000,23.59,78.34,101.868
2026-05-25T14:44:13.4670000,23.59,78.3,101.868
2026-05-25T14:44:14.5080000,23.59,78.32,101.867
2026-05-25T14:44:15.5490000,23.59,78.26,101.867
2026-05-25T14:44:16.5900000,23.59,78.27,101.866
2026-05-25T14:44:17.6300000,23.59,78.28,101.866
2026-05-25T14:44:18.6810000,23.59,78.26,101.866
2026-05-25T14:44:19.7220000,23.59,78.27,101.866
2026-05-25T14:44:20.7630000,23.6,78.26,101.866
2026-05-25T14:44:21.8460000,23.59,78.23,101.866
2026-05-25T14:44:22.8450000,23.6,78.24,101.866
2026-05-25T14:44:23.8960000,23.59,78.22,101.866
2026-05-25T14:44:24.9370000,23.59,78.21,101.866
2026-05-25T14:44:25.9780000,23.59,78.21,101.865
2026-05-25T14:44:27.0180000,23.59,78.2,101.865
2026-05-25T14:44:28.0590000,23.59,78.2,101.864
2026-05-25T14:44:29.1110000,23.59,78.13,101.864
2026-05-25T14:44:30.1510000,23.59,78.2,101.865
2026-05-25T14:44:31.1920000,23.59,78.17,101.864
2026-05-25T14:44:32.2330000,23.59,78.15,101.864
2026-05-25T14:44:33.2740000,23.59,78.16,101.864
2026-05-25T14:44:34.3250000,23.59,78.15,101.864
2026-05-25T14:44:35.4150000,23.59,78.11,101.863
2026-05-25T14:44:36.4030000,23.59,78.11,101.863
2026-05-25T14:44:37.4440000,23.59,78.11,101.862
2026-05-25T14:44:38.4950000,23.59,78.1,101.862
2026-05-25T14:44:39.5360000,23.59,78.09,101.862
2026-05-25T14:44:40.5760000,23.59,78.09,101.862
2026-05-25T14:44:41.6170000,23.59,78.09,101.862
2026-05-25T14:44:42.6580000,23.59,78.08,101.862
2026-05-25T14:44:43.7100000,23.59,78.08,101.861
2026-05-25T14:44:44.7510000,23.59,78.07,101.861
2026-05-25T14:44:45.7920000,23.59,78.08,101.861
2026-05-25T14:44:46.8320000,23.59,78.08,101.861
2026-05-25T14:44:47.8730000,23.59,78.09,101.861
2026-05-25T14:44:48.9140000,23.59,78.04,101.86
2026-05-25T14:44:49.9650000,23.59,78.03,101.86
2026-05-25T14:44:51.0060000,23.59,78.01,101.86
2026-05-25T14:44:52.0470000,23.59,78,101.86
2026-05-25T14:44:53.0880000,23.59,77.99,101.861
2026-05-25T14:44:54.1280000,23.59,77.98,101.861
2026-05-25T14:44:55.1800000,23.59,77.96,101.861
2026-05-25T14:44:56.2200000,23.59,77.96,101.861
2026-05-25T14:44:57.2610000,23.59,77.94,101.861
2026-05-25T14:44:58.3020000,23.59,77.96,101.86
2026-05-25T14:44:59.3430000,23.59,77.94,101.86
2026-05-25T14:45:00.3840000,23.59,77.94,101.86
2026-05-25T14:45:01.4350000,23.59,77.97,101.86
2026-05-25T14:45:02.4760000,23.59,77.88,101.86
2026-05-25T14:45:03.5270000,23.59,77.89,101.859
2026-05-25T14:45:04.5570000,23.59,77.88,101.86
2026-05-25T14:45:05.5980000,23.59,77.88,101.86
2026-05-25T14:45:06.6390000,23.59,77.87,101.859
2026-05-25T14:45:07.6900000,23.59,77.87,101.859
2026-05-25T14:45:08.7310000,23.59,77.86,101.859
2026-05-25T14:45:09.7720000,23.59,77.85,101.859
2026-05-25T14:45:10.8130000,23.59,77.83,101.859
2026-05-25T14:45:11.8540000,23.59,77.85,101.86
2026-05-25T14:45:12.9050000,23.59,77.83,101.859
2026-05-25T14:45:13.9450000,23.59,77.82,101.859
2026-05-25T14:45:14.9860000,23.59,77.82,101.86
2026-05-25T14:45:16.0270000,23.59,77.78,101.859
2026-05-25T14:45:17.0990000,23.59,77.78,101.858
2026-05-25T14:45:18.1090000,23.59,77.77,101.858
2026-05-25T14:45:19.1600000,23.59,77.76,101.857
2026-05-25T14:45:20.2010000,23.59,77.75,101.857
2026-05-25T14:45:21.2410000,23.59,77.74,101.857
2026-05-25T14:45:22.2820000,23.59,77.74,101.857
2026-05-25T14:45:23.3230000,23.59,77.74,101.857
2026-05-25T14:45:24.3740000,23.59,77.65,101.857
2026-05-25T14:45:25.4150000,23.59,77.72,101.857
2026-05-25T14:45:26.4550000,23.59,77.73,101.857
2026-05-25T14:45:27.4960000,23.59,77.69,101.856
2026-05-25T14:45:28.5370000,23.59,77.72,101.856
2026-05-25T14:45:29.5880000,23.59,77.73,101.856
2026-05-25T14:45:30.6710000,23.59,77.66,101.856
2026-05-25T14:45:31.6700000,23.59,77.69,101.856
2026-05-25T14:45:32.7100000,23.59,77.68,101.855
2026-05-25T14:45:33.7510000,23.59,77.66,101.856
2026-05-25T14:45:34.7920000,23.6,77.66,101.856
2026-05-25T14:45:35.8430000,23.59,77.65,101.856
2026-05-25T14:45:36.8840000,23.59,77.64,101.855
2026-05-25T14:45:37.9250000,23.59,77.66,101.855
2026-05-25T14:45:38.9660000,23.59,77.63,101.855
2026-05-25T14:45:40.0070000,23.6,77.62,101.856
2026-05-25T14:45:41.0470000,23.6,77.64,101.856
2026-05-25T14:45:42.0990000,23.6,77.59,101.855
2026-05-25T14:45:43.1390000,23.6,77.63,101.856
2026-05-25T14:45:44.2430000,23.6,77.61,101.855
2026-05-25T14:45:45.2210000,23.6,77.61,101.855
2026-05-25T14:45:46.2610000,23.6,77.61,101.854
2026-05-25T14:45:47.3130000,23.6,77.61,101.854
2026-05-25T14:45:48.3530000,23.6,77.61,101.854
2026-05-25T14:45:49.3940000,23.6,77.61,101.854
2026-05-25T14:45:50.4350000,23.59,77.6,101.853
2026-05-25T14:45:51.4760000,23.6,77.58,101.854
2026-05-25T14:45:52.5270000,23.6,77.6,101.854
2026-05-25T14:45:53.5680000,23.6,77.59,101.854
2026-05-25T14:45:54.6080000,23.6,77.58,101.853
2026-05-25T14:45:55.6490000,23.6,77.55,101.853
2026-05-25T14:45:56.6900000,23.6,77.56,101.854
2026-05-25T14:45:57.7310000,23.6,77.55,101.854
2026-05-25T14:45:58.7820000,23.6,77.56,101.855
2026-05-25T14:45:59.8230000,23.6,77.55,101.854
2026-05-25T14:46:00.8640000,23.6,77.54,101.854
2026-05-25T14:46:01.9040000,23.6,77.54,101.854
2026-05-25T14:46:02.9450000,23.6,77.52,101.854
2026-05-25T14:46:03.9970000,23.6,77.52,101.854
2026-05-25T14:46:05.0370000,23.6,77.52,101.854
2026-05-25T14:46:06.0780000,23.6,77.49,101.853
2026-05-25T14:46:07.1190000,23.6,77.46,101.853
2026-05-25T14:46:08.1590000,23.6,77.47,101.853
2026-05-25T14:46:09.2000000,23.6,77.46,101.852
2026-05-25T14:46:10.2510000,23.6,77.48,101.852
2026-05-25T14:46:11.2920000,23.6,77.47,101.851
2026-05-25T14:46:12.3500000,23.6,77.48,101.852
2026-05-25T14:46:13.3810000,23.6,77.45,101.851
2026-05-25T14:46:14.4220000,23.6,77.44,101.852
2026-05-25T14:46:15.4620000,23.6,77.44,101.852
2026-05-25T14:46:17.5440000,23.6,77.42,101.851
2026-05-25T14:46:18.5850000,23.6,77.41,101.852
2026-05-25T14:46:19.6360000,23.6,77.47,101.851
2026-05-25T14:46:20.6770000,23.6,77.43,101.852
2026-05-25T14:46:21.7180000,23.6,77.38,101.852
2026-05-25T14:46:22.7590000,23.6,77.39,101.851
2026-05-25T14:46:23.8010000,23.6,77.36,101.851
2026-05-25T14:46:24.8420000,23.6,77.37,101.852
2026-05-25T14:46:25.9210000,23.6,77.39,101.852
2026-05-25T14:46:26.9310000,23.6,77.36,101.852
2026-05-25T14:46:27.9710000,23.6,77.34,101.852
2026-05-25T14:46:29.0120000,23.6,77.34,101.851
2026-05-25T14:46:30.0630000,23.6,77.33,101.851
2026-05-25T14:46:31.1040000,23.6,77.32,101.85
2026-05-25T14:46:32.1450000,23.6,77.31,101.85
2026-05-25T14:46:33.1850000,23.6,77.33,101.851
2026-05-25T14:46:34.2260000,23.6,77.28,101.85
2026-05-25T14:46:35.2780000,23.6,77.32,101.851
2026-05-25T14:46:36.3180000,23.6,77.24,101.851
2026-05-25T14:46:37.3590000,23.6,77.3,101.851
2026-05-25T14:46:38.4000000,23.6,77.25,101.851
2026-05-25T14:46:39.4930000,23.6,77.24,101.852
2026-05-25T14:46:40.4920000,23.6,77.25,101.851
2026-05-25T14:46:41.5330000,23.6,77.24,101.851
2026-05-25T14:46:42.5740000,23.6,77.22,101.851
2026-05-25T14:46:43.6140000,23.6,77.23,101.85
2026-05-25T14:46:44.6550000,23.6,77.22,101.85
2026-05-25T14:46:45.6960000,23.6,77.21,101.85
2026-05-25T14:46:46.7480000,23.6,77.21,101.85
2026-05-25T14:46:47.7880000,23.6,77.21,101.85
2026-05-25T14:46:48.8290000,23.6,77.2,101.849
2026-05-25T14:46:50.9110000,23.6,77.2,101.849
2026-05-25T14:46:51.9620000,23.6,77.2,101.849
2026-05-25T14:46:53.0620000,23.6,77.16,101.849
2026-05-25T14:46:54.0400000,23.6,77.16,101.85
2026-05-25T14:46:55.0800000,23.6,77.16,101.85
2026-05-25T14:46:56.1320000,23.6,77.16,101.85
2026-05-25T14:46:57.1730000,23.6,77.14,101.85
2026-05-25T14:46:58.2140000,23.6,77.14,101.85
2026-05-25T14:46:59.2550000,23.6,77.11,101.85
2026-05-25T14:47:00.2950000,23.6,77.11,101.85
2026-05-25T14:47:01.3360000,23.6,77.08,101.85
2026-05-25T14:47:02.3870000,23.6,77.12,101.85
2026-05-25T14:47:03.4290000,23.6,77.09,101.85
2026-05-25T14:47:04.4700000,23.6,77.1,101.85
2026-05-25T14:47:05.5100000,23.61,77.08,101.85
2026-05-25T14:47:06.5510000,23.61,77.07,101.85
2026-05-25T14:47:07.6020000,23.61,77.06,101.85
2026-05-25T14:47:08.6430000,23.61,77.06,101.851
2026-05-25T14:47:09.6840000,23.61,77.06,101.85
2026-05-25T14:47:10.7250000,23.61,77.04,101.85
2026-05-25T14:47:11.7660000,23.6,77.05,101.849
2026-05-25T14:47:12.8070000,23.6,77.05,101.85
2026-05-25T14:47:13.8580000,23.61,77.05,101.85
2026-05-25T14:47:14.8980000,23.61,77.04,101.85
2026-05-25T14:47:15.9390000,23.61,77.02,101.85
2026-05-25T14:47:16.9800000,23.61,77.02,101.85
2026-05-25T14:47:18.0210000,23.61,76.99,101.85
2026-05-25T14:47:19.0610000,23.61,77.03,101.849
2026-05-25T14:47:20.1120000,23.61,77.04,101.85
2026-05-25T14:47:21.1710000,23.61,77.01,101.849
2026-05-25T14:47:22.1910000,23.61,77.03,101.849
2026-05-25T14:47:23.2420000,23.61,77.02,101.85
2026-05-25T14:47:24.2820000,23.61,77.01,101.849
2026-05-25T14:47:25.3230000,23.61,77.01,101.849
2026-05-25T14:47:26.3640000,23.61,77.01,101.849
2026-05-25T14:47:27.4050000,23.61,77,101.849
2026-05-25T14:47:28.4460000,23.61,77,101.849
2026-05-25T14:47:29.4970000,23.61,76.98,101.849
2026-05-25T14:47:30.5380000,23.61,77,101.849
2026-05-25T14:47:31.5780000,23.61,76.99,101.849
2026-05-25T14:47:32.6190000,23.61,77.02,101.849
2026-05-25T14:47:33.6600000,23.61,77.04,101.849
2026-05-25T14:47:34.7390000,23.61,76.98,101.849
2026-05-25T14:47:35.7490000,23.61,77.01,101.848
2026-05-25T14:47:36.7900000,23.61,77.02,101.848
2026-05-25T14:47:37.8300000,23.61,77.02,101.848
2026-05-25T14:47:38.8820000,23.61,77.01,101.848
2026-05-25T14:47:39.9220000,23.61,77,101.849
2026-05-25T14:47:40.9630000,23.61,77,101.849
2026-05-25T14:47:42.0040000,23.61,76.98,101.849
2026-05-25T14:47:43.0450000,23.61,77.02,101.849
2026-05-25T14:47:44.0850000,23.61,76.94,101.849
2026-05-25T14:47:45.1370000,23.61,76.95,101.849
2026-05-25T14:47:46.1770000,23.61,76.99,101.849
2026-05-25T14:47:47.2180000,23.61,76.92,101.849
2026-05-25T14:47:48.3080000,23.61,76.91,101.85
2026-05-25T14:47:49.3070000,23.61,76.93,101.849
2026-05-25T14:47:50.3480000,23.61,76.93,101.849
2026-05-25T14:47:51.3880000,23.61,76.92,101.849
2026-05-25T14:47:52.4290000,23.61,76.92,101.849
2026-05-25T14:47:53.4700000,23.61,76.9,101.85
2026-05-25T14:47:54.5210000,23.61,76.91,101.85
2026-05-25T14:47:55.5620000,23.62,76.89,101.85
2026-05-25T14:47:56.6030000,23.62,76.9,101.85
2026-05-25T14:47:57.6440000,23.61,76.9,101.85
2026-05-25T14:47:58.6840000,23.61,76.87,101.85
2026-05-25T14:47:59.7360000,23.61,76.88,101.85
2026-05-25T14:48:00.7760000,23.61,76.83,101.849
2026-05-25T14:48:01.8800000,23.61,76.85,101.848
2026-05-25T14:48:02.8580000,23.61,76.82,101.848
2026-05-25T14:48:03.8990000,23.61,76.82,101.848
2026-05-25T14:48:04.9390000,23.61,76.82,101.849
2026-05-25T14:48:05.9910000,23.61,76.82,101.849
2026-05-25T14:48:07.0310000,23.61,76.81,101.849
2026-05-25T14:48:08.0720000,23.61,76.81,101.849
2026-05-25T14:48:09.1130000,23.61,76.81,101.849
2026-05-25T14:48:10.1540000,23.61,76.82,101.85
2026-05-25T14:48:11.2050000,23.61,76.79,101.849
2026-05-25T14:48:12.2460000,23.61,76.8,101.85
2026-05-25T14:48:13.2870000,23.61,76.77,101.849
2026-05-25T14:48:14.3270000,23.61,76.78,101.849
2026-05-25T14:48:15.3680000,23.61,76.76,101.849
2026-05-25T14:48:16.4200000,23.61,76.78,101.849
2026-05-25T14:48:17.4610000,23.61,76.74,101.849
2026-05-25T14:48:18.5010000,23.61,76.73,101.849
2026-05-25T14:48:19.5420000,23.62,76.72,101.849
2026-05-25T14:48:20.5830000,23.62,76.73,101.85
2026-05-25T14:48:21.6240000,23.61,76.72,101.849
2026-05-25T14:48:22.6650000,23.61,76.73,101.849
2026-05-25T14:48:23.7160000,23.62,76.73,101.849
2026-05-25T14:48:24.7570000,23.62,76.73,101.849
2026-05-25T14:48:25.7980000,23.62,76.72,101.849
2026-05-25T14:48:26.8380000,23.62,76.73,101.848
2026-05-25T14:48:27.8790000,23.62,76.68,101.848
2026-05-25T14:48:28.9300000,23.62,76.7,101.848
2026-05-25T14:48:29.9920000,23.62,76.67,101.849
2026-05-25T14:48:31.0110000,23.62,76.66,101.848
2026-05-25T14:48:32.0520000,23.62,76.66,101.849
2026-05-25T14:48:33.0930000,23.62,76.65,101.849
2026-05-25T14:48:34.1340000,23.62,76.63,101.849
2026-05-25T14:48:35.1850000,23.62,76.63,101.849
2026-05-25T14:48:36.2260000,23.62,76.61,101.849
2026-05-25T14:48:37.2670000,23.62,76.58,101.849
2026-05-25T14:48:38.3070000,23.62,76.57,101.85
2026-05-25T14:48:39.3480000,23.62,76.59,101.85
2026-05-25T14:48:40.4000000,23.62,76.58,101.849
2026-05-25T14:48:41.4400000,23.62,76.58,101.85
2026-05-25T14:48:42.4810000,23.62,76.58,101.85
2026-05-25T14:48:43.5640000,23.62,76.55,101.849
2026-05-25T14:48:44.5630000,23.62,76.54,101.849
2026-05-25T14:48:45.6040000,23.62,76.53,101.849
2026-05-25T14:48:46.6550000,23.62,76.52,101.849
2026-05-25T14:48:47.6960000,23.62,76.51,101.849
2026-05-25T14:48:48.7370000,23.62,76.5,101.848
2026-05-25T14:48:49.7770000,23.62,76.49,101.848
2026-05-25T14:48:50.8180000,23.62,76.41,101.848
2026-05-25T14:48:51.8590000,23.62,76.43,101.849
2026-05-25T14:48:52.9100000,23.62,76.48,101.849
2026-05-25T14:48:53.9510000,23.62,76.44,101.849
2026-05-25T14:48:54.9920000,23.62,76.47,101.849
2026-05-25T14:48:56.0320000,23.62,76.45,101.848
2026-05-25T14:48:57.1330000,23.62,76.42,101.848
2026-05-25T14:48:58.1210000,23.62,76.4,101.848
2026-05-25T14:48:59.1620000,23.62,76.39,101.848
2026-05-25T14:49:00.2030000,23.62,76.39,101.849
2026-05-25T14:49:01.2430000,23.62,76.38,101.849
2026-05-25T14:49:02.2950000,23.62,76.37,101.849
2026-05-25T14:49:03.3360000,23.62,76.36,101.848
2026-05-25T14:49:04.3760000,23.62,76.35,101.848
2026-05-25T14:49:05.4170000,23.62,76.33,101.848
2026-05-25T14:49:07.4990000,23.62,76.34,101.849
2026-05-25T14:49:08.5500000,23.62,76.29,101.849
2026-05-25T14:49:09.5910000,23.62,76.31,101.849
2026-05-25T14:49:10.6320000,23.62,76.28,101.849
2026-05-25T14:49:11.6720000,23.62,76.29,101.849
2026-05-25T14:49:12.7130000,23.63,76.27,101.849
2026-05-25T14:49:13.7650000,23.63,76.27,101.849
2026-05-25T14:49:14.8060000,23.63,76.27,101.849
2026-05-25T14:49:15.8460000,23.63,76.27,101.848
2026-05-25T14:49:16.8870000,23.63,76.29,101.849
2026-05-25T14:49:17.9280000,23.63,76.26,101.849
2026-05-25T14:49:18.9790000,23.63,76.26,101.849
2026-05-25T14:49:20.0200000,23.63,76.25,101.849
2026-05-25T14:49:21.0610000,23.63,76.25,101.849
2026-05-25T14:49:22.1010000,23.63,76.24,101.849
2026-05-25T14:49:23.1420000,23.62,76.23,101.849
2026-05-25T14:49:24.1830000,23.62,76.24,101.849
2026-05-25T14:49:25.2450000,23.62,76.21,101.849
2026-05-25T14:49:26.2750000,23.62,76.21,101.849
2026-05-25T14:49:27.3160000,23.62,76.22,101.849
2026-05-25T14:49:28.3570000,23.63,76.21,101.849
2026-05-25T14:49:29.3970000,23.63,76.2,101.849
2026-05-25T14:49:30.4490000,23.63,76.2,101.849
2026-05-25T14:49:31.4900000,23.63,76.21,101.849
2026-05-25T14:49:32.5300000,23.63,76.25,101.849
2026-05-25T14:49:33.5710000,23.63,76.21,101.848
2026-05-25T14:49:34.6120000,23.63,76.21,101.848
2026-05-25T14:49:35.6630000,23.63,76.23,101.849
2026-05-25T14:49:36.7040000,23.63,76.23,101.848
2026-05-25T14:49:37.7440000,23.63,76.24,101.847
2026-05-25T14:49:38.8130000,23.63,76.27,101.848
2026-05-25T14:49:39.8330000,23.63,76.26,101.848
2026-05-25T14:49:40.8740000,23.63,76.27,101.849
2026-05-25T14:49:41.9150000,23.63,76.27,101.848
2026-05-25T14:49:42.9560000,23.63,76.27,101.849
2026-05-25T14:49:43.9960000,23.63,76.29,101.849
2026-05-25T14:49:45.0480000,23.63,76.3,101.849
2026-05-25T14:49:46.0880000,23.63,76.21,101.849
2026-05-25T14:49:47.1290000,23.63,76.32,101.85
2026-05-25T14:49:48.1700000,23.63,76.29,101.85
2026-05-25T14:49:49.2110000,23.63,76.29,101.849
2026-05-25T14:49:50.2520000,23.63,76.3,101.849
2026-05-25T14:49:51.3030000,23.63,76.26,101.849
2026-05-25T14:49:52.3860000,23.63,76.29,101.85
2026-05-25T14:49:53.3850000,23.63,76.29,101.85
2026-05-25T14:49:54.4250000,23.63,76.3,101.85
2026-05-25T14:49:55.4660000,23.63,76.29,101.851
2026-05-25T14:49:56.5170000,23.63,76.29,101.851
2026-05-25T14:49:57.5580000,23.63,76.29,101.851
2026-05-25T14:49:58.5990000,23.63,76.29,101.851
2026-05-25T14:49:59.6400000,23.63,76.32,101.85
2026-05-25T14:50:00.6800000,23.63,76.24,101.85
2026-05-25T14:50:01.7210000,23.63,76.29,101.85
2026-05-25T14:50:02.7720000,23.63,76.31,101.851
2026-05-25T14:50:03.8140000,23.63,76.26,101.85
2026-05-25T14:50:04.8540000,23.63,76.32,101.85
2026-05-25T14:50:05.9550000,23.63,76.31,101.849
2026-05-25T14:50:06.9430000,23.64,76.27,101.85
2026-05-25T14:50:07.9840000,23.63,76.3,101.849
2026-05-25T14:50:09.0250000,23.63,76.34,101.849
2026-05-25T14:50:10.0650000,23.63,76.39,101.848
2026-05-25T14:50:11.1060000,23.64,76.43,101.849
2026-05-25T14:50:12.1580000,23.64,76.47,101.849
2026-05-25T14:50:13.1980000,23.64,76.49,101.849
2026-05-25T14:50:14.2390000,23.64,76.5,101.849
2026-05-25T14:50:15.2800000,23.64,76.5,101.849
2026-05-25T14:50:16.3210000,23.64,76.53,101.849
2026-05-25T14:50:17.3620000,23.64,76.54,101.849
2026-05-25T14:50:18.4130000,23.64,76.58,101.849
2026-05-25T14:50:19.4540000,23.64,76.62,101.85
2026-05-25T14:50:20.4980000,23.64,76.66,101.849
2026-05-25T14:50:21.5390000,23.64,76.7,101.848
2026-05-25T14:50:22.5800000,23.64,76.75,101.849
2026-05-25T14:50:23.6200000,23.65,76.82,101.849
2026-05-25T14:50:24.6610000,23.65,76.87,101.849
2026-05-25T14:50:25.7120000,23.65,76.95,101.849
2026-05-25T14:50:26.7530000,23.65,77.01,101.849
2026-05-25T14:50:27.7940000,23.65,77.06,101.85
2026-05-25T14:50:28.8350000,23.66,77.16,101.85
2026-05-25T14:50:29.8750000,23.66,77.24,101.85
2026-05-25T14:50:30.9270000,23.66,77.29,101.851
2026-05-25T14:50:33.0080000,23.66,77.33,101.849
2026-05-25T14:50:34.0660000,23.66,77.46,101.85
2026-05-25T14:50:35.0970000,23.66,77.49,101.85
2026-05-25T14:50:36.1380000,23.66,77.54,101.85
2026-05-25T14:50:37.1780000,23.67,77.58,101.851
2026-05-25T14:50:38.2190000,23.67,77.61,101.85
2026-05-25T14:50:39.2600000,23.67,77.62,101.851
2026-05-25T14:50:40.3010000,23.67,77.66,101.851
2026-05-25T14:50:41.3520000,23.67,77.74,101.851
2026-05-25T14:50:42.3930000,23.67,77.72,101.85
2026-05-25T14:50:43.4340000,23.67,77.78,101.85
2026-05-25T14:50:44.4740000,23.67,77.81,101.85
2026-05-25T14:50:45.5150000,23.67,77.92,101.851
2026-05-25T14:50:46.5660000,23.68,77.93,101.852
2026-05-25T14:50:47.6390000,23.68,78,101.852
2026-05-25T14:50:48.6480000,23.68,78.03,101.852
2026-05-25T14:50:49.6890000,23.68,78.04,101.852
2026-05-25T14:50:50.7290000,23.68,78.06,101.851
2026-05-25T14:50:51.7700000,23.68,78.07,101.851
2026-05-25T14:50:52.8210000,23.68,78.06,101.851
2026-05-25T14:50:53.8620000,23.68,78.08,101.851
2026-05-25T14:50:54.9030000,23.68,78.05,101.852
2026-05-25T14:50:55.9430000,23.68,78.18,101.852
2026-05-25T14:50:56.9840000,23.68,78.21,101.851
2026-05-25T14:50:58.0350000,23.68,78.24,101.851
2026-05-25T14:50:59.0760000,23.68,78.29,101.851
2026-05-25T14:51:00.1170000,23.68,78.32,101.852
2026-05-25T14:51:01.2100000,23.68,78.37,101.851
2026-05-25T14:51:02.1990000,23.68,78.39,101.851
2026-05-25T14:51:03.2390000,23.68,78.42,101.851
2026-05-25T14:51:04.2910000,23.68,78.44,101.851
2026-05-25T14:51:05.3310000,23.68,78.45,101.851
2026-05-25T14:51:06.3720000,23.68,78.44,101.851
2026-05-25T14:51:07.4130000,23.68,78.43,101.851
2026-05-25T14:51:08.4540000,23.68,78.44,101.851
2026-05-25T14:51:09.4950000,23.68,78.44,101.85
2026-05-25T14:51:10.5460000,23.68,78.47,101.85
2026-05-25T14:51:11.5870000,23.68,78.51,101.85
2026-05-25T14:51:12.6270000,23.68,78.57,101.849
2026-05-25T14:51:13.6680000,23.68,78.58,101.849
2026-05-25T14:51:14.7780000,23.68,78.67,101.85
2026-05-25T14:51:15.7560000,23.68,78.72,101.85
2026-05-25T14:51:16.7970000,23.68,78.75,101.85
2026-05-25T14:51:17.8380000,23.68,78.79,101.851
2026-05-25T14:51:18.8890000,23.68,78.84,101.85
2026-05-25T14:51:19.9300000,23.68,78.89,101.85
2026-05-25T14:51:20.9710000,23.68,78.94,101.85
2026-05-25T14:51:22.0110000,23.68,78.97,101.85
2026-05-25T14:51:23.0520000,23.68,78.96,101.85
2026-05-25T14:51:24.0930000,23.68,79.01,101.85
2026-05-25T14:51:25.1440000,23.68,78.99,101.851
2026-05-25T14:51:26.1850000,23.68,79.01,101.851
2026-05-25T14:51:27.2260000,23.68,79.03,101.85
2026-05-25T14:51:28.2670000,23.68,79.1,101.85
2026-05-25T14:51:29.3180000,23.69,79.24,101.85
2026-05-25T14:51:30.3590000,23.69,79.35,101.85
2026-05-25T14:51:31.3990000,23.69,79.41,101.85
2026-05-25T14:51:32.4400000,23.69,79.48,101.849
2026-05-25T14:51:33.4810000,23.69,79.55,101.849
2026-05-25T14:51:34.5220000,23.69,79.63,101.85
2026-05-25T14:51:35.5630000,23.69,79.7,101.851
2026-05-25T14:51:36.6140000,23.69,79.74,101.851
2026-05-25T14:51:37.6540000,23.69,79.85,101.851
2026-05-25T14:51:38.6950000,23.69,79.85,101.852
2026-05-25T14:51:39.7360000,23.69,79.88,101.851
2026-05-25T14:51:40.7770000,23.69,79.89,101.851
2026-05-25T14:51:41.8280000,23.69,79.96,101.851
2026-05-25T14:51:42.8890000,23.69,80.06,101.851
2026-05-25T14:51:43.9090000,23.69,80.12,101.851
2026-05-25T14:51:44.9500000,23.69,80.17,101.85
2026-05-25T14:51:45.9910000,23.69,80.22,101.851
2026-05-25T14:51:47.0420000,23.69,80.27,101.851
2026-05-25T14:51:48.0830000,23.69,80.3,101.851
2026-05-25T14:51:49.1240000,23.69,80.33,101.851
2026-05-25T14:51:50.1650000,23.69,80.38,101.851
2026-05-25T14:51:51.2050000,23.69,80.38,101.851
2026-05-25T14:51:52.2460000,23.69,80.45,101.851
2026-05-25T14:51:53.2970000,23.69,80.45,101.851
2026-05-25T14:51:54.3380000,23.69,80.55,101.851
2026-05-25T14:51:55.3790000,23.69,80.55,101.851
2026-05-25T14:51:56.4620000,23.69,80.68,101.85
2026-05-25T14:51:57.4600000,23.69,80.69,101.85
2026-05-25T14:51:58.5120000,23.69,80.7,101.849
2026-05-25T14:51:59.5520000,23.69,80.72,101.849
2026-05-25T14:52:00.5930000,23.69,80.76,101.85
2026-05-25T14:52:01.6340000,23.69,80.76,101.849
2026-05-25T14:52:02.6740000,23.69,80.76,101.85
2026-05-25T14:52:03.7160000,23.69,80.77,101.849
2026-05-25T14:52:04.7670000,23.69,80.79,101.849
2026-05-25T14:52:05.8080000,23.69,80.81,101.85
2026-05-25T14:52:06.8490000,23.69,80.85,101.85
2026-05-25T14:52:07.8890000,23.69,80.87,101.85
2026-05-25T14:52:08.9300000,23.69,80.89,101.851
2026-05-25T14:52:10.0300000,23.69,80.94,101.85
2026-05-25T14:52:11.0190000,23.69,80.96,101.85
2026-05-25T14:52:12.0600000,23.69,80.98,101.85
2026-05-25T14:52:13.1000000,23.69,81,101.851
2026-05-25T14:52:14.1520000,23.69,81.03,101.851
2026-05-25T14:52:15.1930000,23.69,81.06,101.851
2026-05-25T14:52:16.2330000,23.69,81.08,101.851
2026-05-25T14:52:17.2740000,23.69,81.09,101.851
2026-05-25T14:52:18.3150000,23.69,81.1,101.85
2026-05-25T14:52:19.3560000,23.69,81.13,101.85
2026-05-25T14:52:20.4070000,23.69,81.16,101.851
2026-05-25T14:52:21.4470000,23.69,81.18,101.85
2026-05-25T14:52:22.4880000,23.69,81.21,101.85
2026-05-25T14:52:23.5990000,23.69,81.18,101.849
2026-05-25T14:52:24.5760000,23.69,81.25,101.85
2026-05-25T14:52:25.6170000,23.69,81.26,101.85
2026-05-25T14:52:26.6580000,23.69,81.3,101.85
2026-05-25T14:52:27.6990000,23.69,81.3,101.85
2026-05-25T14:52:28.7390000,23.69,81.32,101.85
2026-05-25T14:52:29.7910000,23.69,81.33,101.85
2026-05-25T14:52:30.8310000,23.69,81.35,101.85
2026-05-25T14:52:31.8720000,23.69,81.37,101.85
2026-05-25T14:52:32.9130000,23.69,81.37,101.85
2026-05-25T14:52:33.9540000,23.69,81.42,101.85
2026-05-25T14:52:35.0050000,23.69,81.43,101.85
2026-05-25T14:52:37.0870000,23.7,81.44,101.851
2026-05-25T14:52:38.1350000,23.7,81.48,101.851
2026-05-25T14:52:39.1760000,23.69,81.49,101.85
2026-05-25T14:52:40.2170000,23.69,81.5,101.851
2026-05-25T14:52:41.2570000,23.69,81.51,101.851
2026-05-25T14:52:42.2980000,23.69,81.52,101.851
2026-05-25T14:52:43.3390000,23.69,81.52,101.851
2026-05-25T14:52:44.3900000,23.69,81.52,101.852
2026-05-25T14:52:45.4310000,23.69,81.55,101.852
2026-05-25T14:52:46.4720000,23.69,81.54,101.852
2026-05-25T14:52:47.5120000,23.69,81.56,101.851
2026-05-25T14:52:48.5530000,23.69,81.57,101.851
2026-05-25T14:52:49.5940000,23.69,81.63,101.851
2026-05-25T14:52:50.6450000,23.69,81.62,101.852
2026-05-25T14:52:51.7070000,23.69,81.61,101.851
2026-05-25T14:52:52.7270000,23.69,81.59,101.852
2026-05-25T14:52:53.7670000,23.69,81.59,101.851
2026-05-25T14:52:54.8080000,23.69,81.59,101.851
2026-05-25T14:52:55.8590000,23.69,81.57,101.852
2026-05-25T14:52:56.9000000,23.69,81.56,101.852
2026-05-25T14:52:57.9410000,23.69,81.58,101.852
2026-05-25T14:52:58.9820000,23.69,81.59,101.852
2026-05-25T14:53:00.0230000,23.69,81.61,101.852
2026-05-25T14:53:01.0740000,23.69,81.61,101.853
2026-05-25T14:53:02.1150000,23.69,81.62,101.853
2026-05-25T14:53:03.1550000,23.69,81.65,101.853
2026-05-25T14:53:04.1960000,23.69,81.63,101.853
2026-05-25T14:53:05.2790000,23.69,81.6,101.852
2026-05-25T14:53:06.2780000,23.69,81.6,101.853
2026-05-25T14:53:07.3290000,23.69,81.59,101.853
2026-05-25T14:53:08.3700000,23.69,81.61,101.852
2026-05-25T14:53:09.4100000,23.68,81.6,101.851
2026-05-25T14:53:10.4510000,23.68,81.59,101.852
2026-05-25T14:53:11.4920000,23.68,81.6,101.852
2026-05-25T14:53:12.5430000,23.68,81.53,101.852
2026-05-25T14:53:13.5840000,23.68,81.59,101.852
2026-05-25T14:53:14.6250000,23.68,81.53,101.852
2026-05-25T14:53:15.6660000,23.68,81.52,101.852
2026-05-25T14:53:16.7070000,23.68,81.47,101.852
2026-05-25T14:53:17.7470000,23.68,81.51,101.853
2026-05-25T14:53:18.8480000,23.68,81.47,101.853
2026-05-25T14:53:19.8360000,23.67,81.41,101.852
2026-05-25T14:53:20.8770000,23.67,81.39,101.852
2026-05-25T14:53:21.9280000,23.67,81.37,101.852
2026-05-25T14:53:22.9690000,23.67,81.36,101.852
2026-05-25T14:53:24.0100000,23.67,81.34,101.852
2026-05-25T14:53:25.0500000,23.67,81.32,101.852
2026-05-25T14:53:26.0910000,23.67,81.29,101.852
2026-05-25T14:53:27.1320000,23.67,81.26,101.852
2026-05-25T14:53:28.1830000,23.67,81.24,101.852
2026-05-25T14:53:29.2240000,23.67,81.25,101.853
2026-05-25T14:53:30.2650000,23.66,81.2,101.853
2026-05-25T14:53:31.3060000,23.66,81.2,101.852
2026-05-25T14:53:32.3460000,23.66,81.18,101.853
2026-05-25T14:53:33.3900000,23.66,81.13,101.854
2026-05-25T14:53:34.4310000,23.66,81.11,101.854
2026-05-25T14:53:35.4820000,23.66,81.09,101.853
2026-05-25T14:53:36.5230000,23.66,81.07,101.853
2026-05-25T14:53:37.5640000,23.66,81.05,101.853
2026-05-25T14:53:38.6050000,23.65,81.04,101.853
2026-05-25T14:53:39.6460000,23.65,81.02,101.853
2026-05-25T14:53:40.6860000,23.66,81.01,101.853
2026-05-25T14:53:41.7380000,23.66,81,101.853
2026-05-25T14:53:42.7780000,23.66,80.97,101.853
2026-05-25T14:53:43.8200000,23.66,80.89,101.852
2026-05-25T14:53:44.8600000,23.66,80.94,101.852
2026-05-25T14:53:45.9010000,23.65,80.87,101.852
2026-05-25T14:53:46.9590000,23.65,80.86,101.851
2026-05-25T14:53:47.9900000,23.65,80.84,101.851
2026-05-25T14:53:49.0310000,23.64,80.81,101.851
2026-05-25T14:53:51.1120000,23.64,80.79,101.852
2026-05-25T14:53:52.1630000,23.64,80.77,101.852
2026-05-25T14:53:53.2040000,23.64,80.76,101.852
2026-05-25T14:53:54.2450000,23.64,80.75,101.852
2026-05-25T14:53:55.2860000,23.64,80.72,101.853
2026-05-25T14:53:56.3260000,23.64,80.75,101.853
2026-05-25T14:53:57.3780000,23.64,80.69,101.852
2026-05-25T14:53:58.4180000,23.64,80.72,101.852
2026-05-25T14:53:59.4590000,23.64,80.68,101.852
2026-05-25T14:54:00.5310000,23.64,80.64,101.853
2026-05-25T14:54:01.5410000,23.64,80.58,101.853
2026-05-25T14:54:02.5920000,23.64,80.56,101.853
2026-05-25T14:54:03.6330000,17.3,64.89,100.946
2026-05-25T14:54:04.6740000,23.64,80.51,101.853
2026-05-25T14:54:05.7140000,23.63,80.5,101.853
2026-05-25T14:54:06.7550000,23.63,80.48,101.853
2026-05-25T14:54:07.7960000,23.63,80.45,101.853
2026-05-25T14:54:08.8470000,23.63,80.46,101.852
2026-05-25T14:54:09.8880000,23.63,80.44,101.852
2026-05-25T14:54:10.9290000,23.63,80.42,101.853
2026-05-25T14:54:11.9700000,23.63,80.43,101.853
2026-05-25T14:54:13.0100000,23.63,80.42,101.852
2026-05-25T14:54:14.1080000,23.63,80.4,101.852
2026-05-25T14:54:15.0960000,23.63,80.37,101.853
2026-05-25T14:54:16.1470000,23.63,80.35,101.853
2026-05-25T14:54:17.1880000,23.63,80.33,101.852
2026-05-25T14:54:18.2290000,23.63,80.32,101.852
2026-05-25T14:54:19.2700000,23.63,80.3,101.852
2026-05-25T14:54:20.3100000,23.63,80.27,101.852
2026-05-25T14:54:21.3510000,23.63,80.27,101.852
2026-05-25T14:54:22.4020000,23.63,80.25,101.852
2026-05-25T14:54:23.4430000,23.63,80.25,101.852
2026-05-25T14:54:24.4840000,23.63,80.23,101.852
2026-05-25T14:54:25.5250000,23.63,80.22,101.852
2026-05-25T14:54:26.5660000,23.62,80.14,101.852
2026-05-25T14:54:27.6800000,23.62,80.11,101.853
2026-05-25T14:54:28.6570000,23.62,80.12,101.853
2026-05-25T14:54:29.6980000,23.62,80.11,101.853
2026-05-25T14:54:30.7390000,23.62,80.08,101.853
2026-05-25T14:54:31.7800000,23.62,80.07,101.853
2026-05-25T14:54:32.8310000,23.62,80.05,101.852
2026-05-25T14:54:33.8720000,23.62,80.03,101.853
2026-05-25T14:54:34.9130000,23.62,80.02,101.853
2026-05-25T14:54:35.9540000,23.62,79.98,101.853
2026-05-25T14:54:36.9950000,23.62,79.98,101.853
2026-05-25T14:54:38.0350000,23.62,79.95,101.852
2026-05-25T14:54:39.0870000,23.62,79.95,101.852
2026-05-25T14:54:40.1270000,23.62,79.94,101.852
2026-05-25T14:54:41.1680000,23.62,79.94,101.852
2026-05-25T14:54:42.2260000,23.62,79.9,101.852
2026-05-25T14:54:43.2570000,23.62,79.87,101.851
2026-05-25T14:54:44.2970000,23.62,79.84,101.851
2026-05-25T14:54:45.3380000,23.62,79.82,101.851
2026-05-25T14:54:46.3790000,23.62,79.81,101.851
2026-05-25T14:54:47.4190000,23.62,79.79,101.851
2026-05-25T14:54:48.4710000,23.62,79.78,101.851
2026-05-25T14:54:49.5120000,23.62,79.84,101.852
2026-05-25T14:54:50.5520000,23.62,79.76,101.851
2026-05-25T14:54:51.5930000,23.62,79.74,101.851
2026-05-25T14:54:52.6340000,23.62,79.75,101.852
2026-05-25T14:54:53.6860000,23.62,79.71,101.852
2026-05-25T14:54:54.7260000,23.62,79.7,101.852
2026-05-25T14:54:55.7990000,23.62,79.67,101.852
2026-05-25T14:54:56.8080000,23.62,79.67,101.852
2026-05-25T14:54:57.8490000,23.62,79.66,101.852
2026-05-25T14:54:58.9000000,23.61,79.65,101.852
2026-05-25T14:54:59.9410000,23.62,79.64,101.852
2026-05-25T14:55:00.9820000,23.62,79.64,101.852
2026-05-25T14:55:02.0220000,23.62,79.62,101.852
2026-05-25T14:55:03.0630000,23.62,79.65,101.853
2026-05-25T14:55:04.1040000,23.62,79.62,101.853
2026-05-25T14:55:05.1560000,23.62,79.61,101.853
2026-05-25T14:55:06.1960000,23.61,79.6,101.852
2026-05-25T14:55:07.2370000,23.61,79.58,101.852
2026-05-25T14:55:08.2780000,23.62,79.58,101.852
2026-05-25T14:55:09.3750000,23.62,79.55,101.853
2026-05-25T14:55:10.3630000,23.61,79.53,101.852
2026-05-25T14:55:11.4040000,23.61,79.53,101.852
2026-05-25T14:55:12.4550000,23.61,79.5,101.852
2026-05-25T14:55:13.4960000,23.61,79.5,101.852
2026-05-25T14:55:14.5360000,23.61,79.49,101.852
2026-05-25T14:55:15.5770000,23.61,79.48,101.852
2026-05-25T14:55:16.6180000,23.61,79.48,101.852
2026-05-25T14:55:17.6690000,23.62,79.47,101.853
2026-05-25T14:55:18.7100000,23.61,79.48,101.853
2026-05-25T14:55:19.7510000,23.61,79.49,101.853
2026-05-25T14:55:20.7920000,23.62,79.48,101.853
2026-05-25T14:55:21.8320000,23.61,79.44,101.853
2026-05-25T14:55:22.8730000,23.61,79.49,101.852
2026-05-25T14:55:23.9240000,23.61,79.41,101.852
2026-05-25T14:55:24.9650000,23.62,79.4,101.852
2026-05-25T14:55:26.0060000,23.62,79.39,101.852
2026-05-25T14:55:27.0470000,23.61,79.37,101.852
2026-05-25T14:55:28.0870000,23.61,79.36,101.852
2026-05-25T14:55:29.1280000,23.61,79.35,101.852
2026-05-25T14:55:30.1790000,23.61,79.34,101.852
2026-05-25T14:55:31.2200000,23.61,79.31,101.851
2026-05-25T14:55:32.2610000,23.61,79.31,101.851
2026-05-25T14:55:33.3010000,23.61,79.27,101.852
2026-05-25T14:55:34.3420000,23.61,79.29,101.851
2026-05-25T14:55:35.3930000,23.61,79.25,101.851
2026-05-25T14:55:36.4340000,23.61,79.26,101.852
2026-05-25T14:55:37.4890000,23.61,79.22,101.852
2026-05-25T14:55:38.5190000,23.61,79.21,101.852
2026-05-25T14:55:39.5600000,23.61,79.21,101.852
2026-05-25T14:55:40.6010000,23.61,79.18,101.852
2026-05-25T14:55:41.6410000,23.61,79.17,101.851
2026-05-25T14:55:42.6930000,23.61,79.15,101.851
2026-05-25T14:55:43.7340000,23.61,79.15,101.851
2026-05-25T14:55:45.8160000,23.61,79.13,101.851
2026-05-25T14:55:46.8570000,23.61,79.11,101.851
2026-05-25T14:55:47.8970000,9.92,49.48,100.283
2026-05-25T14:55:48.9490000,23.61,79.08,101.851
2026-05-25T14:55:49.9890000,23.61,79.12,101.851
2026-05-25T14:55:51.0620000,23.61,79.09,101.851
2026-05-25T14:55:52.0710000,23.61,79.05,101.851
2026-05-25T14:55:54.1520000,23.61,79.03,101.851
2026-05-25T14:55:55.2040000,23.61,79.02,101.851
2026-05-25T14:55:56.2440000,23.61,79,101.851
2026-05-25T14:55:57.2850000,23.61,79.01,101.851
2026-05-25T14:55:58.3260000,23.61,78.98,101.851
2026-05-25T14:55:59.3670000,23.61,78.98,101.851
2026-05-25T14:56:00.4180000,23.61,78.97,101.852
2026-05-25T14:56:01.4590000,23.61,78.99,101.852
2026-05-25T14:56:02.5000000,23.61,78.94,101.852
2026-05-25T14:56:03.5410000,23.61,78.98,101.852
2026-05-25T14:56:04.6340000,23.61,78.94,101.852
2026-05-25T14:56:05.6220000,23.61,78.92,101.852
2026-05-25T14:56:06.6740000,23.61,78.92,101.852
2026-05-25T14:56:07.7140000,23.61,78.91,101.852
2026-05-25T14:56:08.7550000,23.61,78.9,101.852
2026-05-25T14:56:09.7960000,23.61,78.88,101.853
2026-05-25T14:56:10.8370000,23.61,78.89,101.853
2026-05-25T14:56:11.8880000,23.61,78.87,101.853
2026-05-25T14:56:12.9290000,23.61,78.87,101.853
2026-05-25T14:56:13.9690000,23.61,78.88,101.854
2026-05-25T14:56:15.0100000,23.61,78.85,101.853
2026-05-25T14:56:16.0510000,23.61,78.85,101.853
2026-05-25T14:56:17.0920000,23.61,78.83,101.853
2026-05-25T14:56:18.2060000,23.61,78.84,101.852
2026-05-25T14:56:19.1840000,23.61,78.79,101.853
2026-05-25T14:56:20.2240000,23.61,78.79,101.853
2026-05-25T14:56:21.2650000,23.61,78.78,101.853
2026-05-25T14:56:22.3060000,23.61,78.78,101.853
2026-05-25T14:56:23.3570000,23.61,78.76,101.853
2026-05-25T14:56:24.3980000,23.61,78.75,101.853
2026-05-25T14:56:25.4390000,23.61,78.75,101.852
2026-05-25T14:56:26.4800000,23.61,78.73,101.852
2026-05-25T14:56:27.5200000,23.61,78.73,101.852
2026-05-25T14:56:28.5710000,23.61,78.73,101.852
2026-05-25T14:56:29.6120000,23.61,78.7,101.852
2026-05-25T14:56:30.6530000,23.6,78.7,101.852
2026-05-25T14:56:31.6940000,23.6,78.75,101.852
2026-05-25T14:56:32.7490000,23.61,78.7,101.853
2026-05-25T14:56:33.7790000,23.61,78.68,101.853
2026-05-25T14:56:34.8200000,23.61,78.68,101.852
2026-05-25T14:56:35.8610000,23.61,78.66,101.852
2026-05-25T14:56:36.9120000,23.61,78.65,101.852
2026-05-25T14:56:37.9530000,23.6,78.65,101.851
2026-05-25T14:56:38.9940000,23.6,78.64,101.851
2026-05-25T14:56:40.0340000,23.6,78.61,101.851
2026-05-25T14:56:41.0750000,23.6,78.67,101.85
2026-05-25T14:56:43.1670000,23.6,78.59,101.851
2026-05-25T14:56:44.2070000,23.6,78.6,101.851
2026-05-25T14:56:45.2480000,23.61,78.6,101.851
2026-05-25T14:56:46.3200000,23.61,78.54,101.85
2026-05-25T14:56:47.3400000,23.6,78.55,101.85
2026-05-25T14:56:48.3810000,23.6,78.55,101.85
2026-05-25T14:56:49.4220000,23.6,78.54,101.851
2026-05-25T14:56:50.4620000,23.6,78.53,101.85
2026-05-25T14:56:51.5030000,23.6,78.53,101.85
2026-05-25T14:56:52.5540000,23.6,78.52,101.85
2026-05-25T14:56:53.5950000,23.6,78.52,101.85
2026-05-25T14:56:54.6360000,23.6,78.51,101.851
2026-05-25T14:56:55.6770000,23.6,78.51,101.851
2026-05-25T14:56:56.7180000,23.6,78.5,101.851
2026-05-25T14:56:57.7580000,23.61,78.52,101.851
2026-05-25T14:56:58.8100000,23.61,78.5,101.851
2026-05-25T14:56:59.8960000,23.6,78.49,101.85
2026-05-25T14:57:00.8950000,23.6,78.47,101.851
2026-05-25T14:57:01.9350000,23.6,78.46,101.85
2026-05-25T14:57:02.9760000,23.6,78.44,101.85
2026-05-25T14:57:04.0170000,23.6,78.42,101.85
2026-05-25T14:57:05.0680000,23.6,78.41,101.85
2026-05-25T14:57:06.1090000,23.6,78.4,101.851
2026-05-25T14:57:07.1490000,23.6,78.42,101.85
2026-05-25T14:57:08.1900000,23.6,78.4,101.85
2026-05-25T14:57:09.2310000,23.6,78.37,101.85
2026-05-25T14:57:10.2720000,23.6,78.4,101.85
2026-05-25T14:57:11.3230000,23.6,78.36,101.85
2026-05-25T14:57:12.3640000,23.6,78.37,101.85
2026-05-25T14:57:13.4670000,23.6,78.35,101.85
2026-05-25T14:57:14.4450000,23.61,78.36,101.851
2026-05-25T14:57:15.4860000,23.61,78.35,101.85
2026-05-25T14:57:16.5370000,23.61,78.35,101.85
2026-05-25T14:57:17.5780000,23.61,78.34,101.85
2026-05-25T14:57:18.6190000,23.61,78.33,101.85
2026-05-25T14:57:19.6600000,23.61,78.32,101.85
2026-05-25T14:57:20.7010000,23.61,78.31,101.85
2026-05-25T14:57:21.7520000,23.6,78.29,101.849
2026-05-25T14:57:22.7930000,23.61,78.26,101.849
2026-05-25T14:57:23.8340000,23.6,78.26,101.849
2026-05-25T14:57:24.8750000,23.6,78.26,101.849
2026-05-25T14:57:25.9150000,23.61,78.25,101.85
2026-05-25T14:57:26.9560000,23.6,78.22,101.85
2026-05-25T14:57:28.0110000,23.61,78.22,101.851
2026-05-25T14:57:29.0410000,23.61,78.23,101.851
2026-05-25T14:57:30.0920000,23.61,78.23,101.852
2026-05-25T14:57:31.1330000,23.61,78.23,101.851
2026-05-25T14:57:32.1730000,23.61,78.25,101.851
2026-05-25T14:57:33.2140000,23.61,78.23,101.851
2026-05-25T14:57:34.2550000,23.61,78.23,101.851
2026-05-25T14:57:35.3060000,23.61,78.21,101.85
2026-05-25T14:57:36.3470000,23.61,78.22,101.85
2026-05-25T14:57:37.3880000,23.6,78.23,101.849
2026-05-25T14:57:38.4290000,23.6,78.22,101.849
2026-05-25T14:57:39.4700000,23.6,78.21,101.849
2026-05-25T14:57:40.5100000,23.6,78.21,101.848
2026-05-25T14:57:41.5820000,23.6,78.15,101.849
2026-05-25T14:57:42.6020000,23.6,78.15,101.85
2026-05-25T14:57:43.6430000,23.6,78.15,101.849
2026-05-25T14:57:44.6840000,23.6,78.14,101.849
2026-05-25T14:57:45.7250000,23.6,78.13,101.85
2026-05-25T14:57:46.7760000,23.6,78.12,101.85
2026-05-25T14:57:47.8170000,23.6,78.12,101.85
2026-05-25T14:57:48.8580000,23.6,78.09,101.85
2026-05-25T14:57:49.8980000,23.6,78.11,101.85
2026-05-25T14:57:50.9390000,23.6,78.09,101.85
2026-05-25T14:57:51.9800000,23.6,78.09,101.85
2026-05-25T14:57:53.0310000,23.6,78.07,101.851
2026-05-25T14:57:54.0720000,23.6,78.07,101.851
2026-05-25T14:57:55.1550000,23.6,78.04,101.85
2026-05-25T14:57:56.1530000,23.6,78.02,101.85
2026-05-25T14:57:57.1940000,23.6,78.01,101.85
2026-05-25T14:57:58.2450000,23.6,78,101.85
2026-05-25T14:57:59.2860000,23.6,77.99,101.85
2026-05-25T14:58:00.3270000,23.6,77.99,101.85
2026-05-25T14:58:01.3680000,23.6,77.98,101.85
2026-05-25T14:58:02.4090000,23.6,77.96,101.85
2026-05-25T14:58:03.4500000,23.6,77.97,101.851
2026-05-25T14:58:04.5010000,23.6,77.94,101.85
2026-05-25T14:58:05.5420000,23.6,77.92,101.851
2026-05-25T14:58:07.6230000,23.6,77.93,101.85
2026-05-25T14:58:08.7270000,23.61,77.94,101.851
2026-05-25T14:58:09.7150000,23.61,77.9,101.852
2026-05-25T14:58:10.7560000,23.6,77.89,101.851
2026-05-25T14:58:11.7970000,23.6,77.87,101.85
2026-05-25T14:58:12.8370000,23.6,77.87,101.85
2026-05-25T14:58:13.8780000,23.6,77.85,101.85
2026-05-25T14:58:14.9190000,23.6,77.84,101.85
2026-05-25T14:58:15.9700000,23.6,77.84,101.85
2026-05-25T14:58:17.0110000,23.6,77.81,101.85
2026-05-25T14:58:18.0520000,23.6,77.81,101.85
2026-05-25T14:58:19.0920000,23.6,77.75,101.849
2026-05-25T14:58:21.1840000,23.61,77.77,101.851
2026-05-25T14:58:23.2690000,23.61,77.73,101.85
2026-05-25T14:58:24.3100000,23.61,77.74,101.85
2026-05-25T14:58:25.3510000,23.6,77.73,101.849
2026-05-25T14:58:26.3920000,23.6,77.74,101.849
2026-05-25T14:58:27.4330000,23.6,77.72,101.85
2026-05-25T14:58:28.4840000,23.6,77.69,101.849
2026-05-25T14:58:29.5250000,23.61,77.69,101.85
2026-05-25T14:58:30.5660000,23.61,77.69,101.85
2026-05-25T14:58:31.6060000,23.61,77.68,101.85
2026-05-25T14:58:32.6470000,23.6,77.67,101.849
2026-05-25T14:58:33.6880000,23.6,77.67,101.849
2026-05-25T14:58:34.7390000,23.6,77.68,101.848
2026-05-25T14:58:35.7800000,23.6,77.69,101.848
2026-05-25T14:58:36.8380000,23.61,77.64,101.849
2026-05-25T14:58:37.8580000,23.6,77.61,101.849
2026-05-25T14:58:38.9090000,23.61,77.61,101.849
2026-05-25T14:58:39.9500000,23.61,77.59,101.849
2026-05-25T14:58:40.9910000,23.61,77.59,101.849
2026-05-25T14:58:42.0310000,23.61,77.59,101.849
2026-05-25T14:58:43.0720000,23.61,77.57,101.849
2026-05-25T14:58:44.1230000,23.61,77.59,101.848
2026-05-25T14:58:45.1640000,23.61,77.54,101.848
2026-05-25T14:58:46.2050000,23.61,77.57,101.848
2026-05-25T14:58:47.2460000,23.61,77.53,101.848
2026-05-25T14:58:48.2870000,23.6,77.55,101.848
2026-05-25T14:58:49.3380000,23.6,77.52,101.848
2026-05-25T14:58:50.4100000,23.6,77.49,101.848
2026-05-25T14:58:51.4190000,23.61,77.51,101.848
2026-05-25T14:58:52.4600000,23.61,77.5,101.849
2026-05-25T14:58:53.5010000,23.61,77.5,101.849
2026-05-25T14:58:54.5420000,23.61,77.47,101.849
2026-05-25T14:58:55.5930000,23.61,77.48,101.848
2026-05-25T14:58:56.6340000,23.61,77.46,101.848
2026-05-25T14:58:57.6750000,23.61,77.46,101.848
2026-05-25T14:58:58.7150000,23.61,77.43,101.849
2026-05-25T14:58:59.7560000,23.61,77.45,101.849
2026-05-25T14:59:00.8070000,23.61,77.42,101.849
2026-05-25T14:59:01.8480000,23.61,77.43,101.849
2026-05-25T14:59:02.8890000,23.61,77.41,101.85
2026-05-25T14:59:03.9780000,23.61,77.4,101.851
2026-05-25T14:59:04.9770000,23.61,77.39,101.852
2026-05-25T14:59:06.0180000,23.61,77.39,101.851
2026-05-25T14:59:07.0590000,23.61,77.38,101.85
2026-05-25T14:59:08.0990000,23.61,77.38,101.851
2026-05-25T14:59:09.1400000,23.61,77.35,101.85
2026-05-25T14:59:10.1910000,23.61,77.37,101.85
2026-05-25T14:59:11.2320000,23.61,77.35,101.851
2026-05-25T14:59:12.2730000,23.61,77.34,101.851
2026-05-25T14:59:13.3140000,23.61,77.34,101.85
2026-05-25T14:59:14.3550000,23.61,77.33,101.85
2026-05-25T14:59:15.3950000,23.61,77.31,101.85
2026-05-25T14:59:16.4470000,23.61,77.33,101.85
2026-05-25T14:59:17.5500000,23.61,77.33,101.85
2026-05-25T14:59:18.5280000,23.61,77.3,101.85
2026-05-25T14:59:19.5690000,23.61,77.29,101.85
2026-05-25T14:59:20.6100000,23.61,77.28,101.849
2026-05-25T14:59:21.6610000,23.61,77.29,101.85
2026-05-25T14:59:22.7020000,23.61,77.27,101.85
2026-05-25T14:59:23.7430000,23.61,77.28,101.85
2026-05-25T14:59:24.7840000,23.61,77.26,101.85
2026-05-25T14:59:25.8240000,23.61,77.28,101.85
2026-05-25T14:59:26.8750000,23.61,77.27,101.85
2026-05-25T14:59:27.9160000,23.61,77.22,101.85
2026-05-25T14:59:28.9570000,23.61,77.24,101.85
2026-05-25T14:59:29.9980000,23.61,77.21,101.85
2026-05-25T14:59:31.0380000,23.61,77.21,101.85
2026-05-25T14:59:32.0930000,23.61,77.22,101.85
2026-05-25T14:59:33.1230000,23.61,77.2,101.849
2026-05-25T14:59:34.1750000,23.61,77.18,101.849
2026-05-25T14:59:35.2160000,23.61,77.18,101.85
2026-05-25T14:59:36.2570000,23.61,77.18,101.85
2026-05-25T14:59:37.2970000,23.61,77.18,101.85
2026-05-25T14:59:38.3380000,23.61,77.17,101.85
2026-05-25T14:59:39.3790000,23.61,77.18,101.851
2026-05-25T14:59:40.4300000,23.61,77.13,101.851
2026-05-25T14:59:41.4710000,23.61,77.17,101.851
2026-05-25T14:59:42.5120000,23.61,77.13,101.851
2026-05-25T14:59:43.5530000,23.61,77.16,101.851
2026-05-25T14:59:44.5940000,23.61,77.09,101.851
2026-05-25T14:59:45.6620000,23.61,77.12,101.85
2026-05-25T14:59:46.6820000,23.61,77.11,101.85
2026-05-25T14:59:47.7230000,23.61,77.09,101.849
2026-05-25T14:59:48.7640000,23.61,77.08,101.85
2026-05-25T14:59:49.8150000,23.61,77.06,101.85
2026-05-25T14:59:50.8550000,23.61,77.06,101.85
2026-05-25T14:59:51.8960000,23.61,77.06,101.851
2026-05-25T14:59:52.9370000,23.61,76.96,101.85
2026-05-25T14:59:53.9780000,23.61,77.06,101.85
2026-05-25T14:59:55.0290000,23.61,77.02,101.85
2026-05-25T14:59:56.0700000,23.61,77.01,101.85
2026-05-25T14:59:57.1110000,23.61,77,101.851
2026-05-25T14:59:58.1520000,23.61,77.02,101.851
2026-05-25T14:59:59.2340000,23.61,76.99,101.85
2026-05-25T15:00:00.2440000,23.61,76.96,101.851
2026-05-25T15:00:01.2850000,23.61,76.95,101.85
2026-05-25T15:00:02.3250000,23.61,76.95,101.851
2026-05-25T15:00:03.3660000,23.61,76.94,101.852
2026-05-25T15:00:04.4070000,23.61,76.93,101.851
2026-05-25T15:00:05.4480000,23.61,76.92,101.851
2026-05-25T15:00:06.4990000,23.61,76.94,101.851
2026-05-25T15:00:07.5400000,23.61,76.92,101.851
2026-05-25T15:00:08.5810000,23.61,76.89,101.851
2026-05-25T15:00:09.6210000,23.61,76.88,101.851
2026-05-25T15:00:10.6620000,23.61,76.9,101.851
2026-05-25T15:00:11.7130000,23.61,76.91,101.851
2026-05-25T15:00:12.8060000,23.61,76.86,101.851
2026-05-25T15:00:13.7950000,23.61,76.88,101.851
2026-05-25T15:00:14.8350000,23.61,76.88,101.85
2026-05-25T15:00:15.8760000,23.62,76.87,101.851
2026-05-25T15:00:16.9270000,23.62,76.86,101.851
2026-05-25T15:00:17.9680000,23.61,76.85,101.851
2026-05-25T15:00:19.0090000,23.61,76.83,101.851
2026-05-25T15:00:20.0500000,23.61,76.83,101.851
2026-05-25T15:00:21.0900000,23.61,76.82,101.851
2026-05-25T15:00:22.1420000,23.61,76.86,101.851
2026-05-25T15:00:23.1830000,23.61,76.78,101.851
2026-05-25T15:00:24.2230000,23.61,76.8,101.85
2026-05-25T15:00:25.2640000,23.62,76.81,101.851
2026-05-25T15:00:26.3050000,23.62,76.83,101.851
2026-05-25T15:00:27.3460000,23.62,76.78,101.852
2026-05-25T15:00:28.3970000,23.62,76.78,101.852
2026-05-25T15:00:29.4380000,23.62,76.78,101.852
2026-05-25T15:00:30.4790000,23.62,76.76,101.851
2026-05-25T15:00:31.5200000,23.62,76.75,101.851
2026-05-25T15:00:32.5600000,23.62,76.75,101.851
2026-05-25T15:00:33.6120000,23.62,76.75,101.851
2026-05-25T15:00:34.6520000,23.62,76.74,101.852
2026-05-25T15:00:35.6930000,23.62,76.74,101.852
2026-05-25T15:00:36.7340000,23.62,76.76,101.852
2026-05-25T15:00:37.7750000,23.62,76.7,101.853
2026-05-25T15:00:38.8260000,23.62,76.72,101.852
2026-05-25T15:00:39.8670000,23.62,76.67,101.852
2026-05-25T15:00:40.9180000,23.62,76.69,101.852
2026-05-25T15:00:41.9480000,23.62,76.7,101.853
2026-05-25T15:00:42.9890000,23.62,76.68,101.853
2026-05-25T15:00:44.0300000,23.62,76.68,101.853
2026-05-25T15:00:45.0810000,23.62,76.66,101.853
2026-05-25T15:00:46.1220000,23.62,76.66,101.853
2026-05-25T15:00:47.1630000,23.62,76.65,101.853
2026-05-25T15:00:48.2040000,23.62,76.6,101.853
2026-05-25T15:00:49.2450000,23.62,76.63,101.853
2026-05-25T15:00:50.2960000,23.62,76.61,101.853
2026-05-25T15:00:51.3370000,23.62,76.65,101.853
2026-05-25T15:00:52.3780000,23.62,76.65,101.853
2026-05-25T15:00:53.4180000,23.62,76.62,101.853
2026-05-25T15:00:54.4910000,23.62,76.6,101.852
2026-05-25T15:00:55.5110000,23.62,76.61,101.853
2026-05-25T15:00:56.5510000,23.62,76.6,101.853
2026-05-25T15:00:57.5920000,23.62,76.58,101.853
2026-05-25T15:00:58.6330000,23.62,76.58,101.853
2026-05-25T15:00:59.6730000,23.62,76.56,101.853
2026-05-25T15:01:00.7250000,23.62,76.59,101.853
2026-05-25T15:01:01.7650000,23.62,76.55,101.854
2026-05-25T15:01:02.8060000,23.62,76.57,101.855
2026-05-25T15:01:03.8470000,23.62,76.62,101.855
2026-05-25T15:01:04.8870000,23.62,76.52,101.855
2026-05-25T15:01:05.9390000,23.62,76.54,101.855
2026-05-25T15:01:06.9790000,23.62,76.55,101.856
2026-05-25T15:01:08.0620000,23.62,76.52,101.855
2026-05-25T15:01:09.0610000,23.62,76.55,101.855
2026-05-25T15:01:10.1020000,23.62,76.55,101.855
2026-05-25T15:01:11.1530000,23.62,76.57,101.854
2026-05-25T15:01:12.1940000,23.62,76.55,101.855
2026-05-25T15:01:13.2340000,23.63,76.56,101.855
2026-05-25T15:01:14.2750000,23.63,76.54,101.855
2026-05-25T15:01:15.3160000,23.63,76.58,101.856
2026-05-25T15:01:16.3570000,23.63,76.5,101.856
2026-05-25T15:01:17.4080000,23.63,76.5,101.856
2026-05-25T15:01:18.4490000,23.63,76.51,101.856
2026-05-25T15:01:19.4900000,23.63,76.51,101.856
2026-05-25T15:01:20.5310000,23.63,76.51,101.857
2026-05-25T15:01:21.6310000,23.62,76.46,101.856
2026-05-25T15:01:22.6190000,23.62,76.47,101.855
2026-05-25T15:01:23.6600000,23.62,76.47,101.856
2026-05-25T15:01:24.7010000,23.62,76.46,101.856
2026-05-25T15:01:25.7520000,23.62,76.46,101.856
2026-05-25T15:01:26.7930000,23.62,76.47,101.856
2026-05-25T15:01:27.8330000,23.62,76.46,101.856
2026-05-25T15:01:28.8740000,23.62,76.45,101.856
2026-05-25T15:01:29.9150000,23.62,76.45,101.857
2026-05-25T15:01:30.9560000,23.63,76.45,101.857
2026-05-25T15:01:32.0070000,23.63,76.44,101.857
2026-05-25T15:01:33.0480000,23.63,76.43,101.857
2026-05-25T15:01:34.0880000,23.63,76.4,101.857
2026-05-25T15:01:35.1290000,23.63,76.46,101.857
2026-05-25T15:01:36.1740000,23.63,76.41,101.857
2026-05-25T15:01:37.2150000,23.63,76.39,101.857
2026-05-25T15:01:38.2550000,23.63,76.39,101.857
2026-05-25T15:01:39.3070000,23.63,76.38,101.857
2026-05-25T15:01:40.3470000,23.63,76.38,101.857
2026-05-25T15:01:41.3880000,23.63,76.37,101.857
2026-05-25T15:01:42.4290000,23.63,76.36,101.857
2026-05-25T15:01:43.4700000,23.63,76.32,101.858
2026-05-25T15:01:44.5210000,23.63,76.33,101.858
2026-05-25T15:01:45.5620000,23.63,76.34,101.858
2026-05-25T15:01:46.6020000,23.63,76.37,101.858
2026-05-25T15:01:47.6430000,23.63,76.31,101.859
2026-05-25T15:01:48.6840000,23.63,76.32,101.858
2026-05-25T15:01:49.7460000,23.63,76.3,101.859
2026-05-25T15:01:50.7760000,23.63,76.31,101.859
2026-05-25T15:01:51.8170000,23.63,76.31,101.858
2026-05-25T15:01:52.8570000,23.63,76.3,101.859
2026-05-25T15:01:53.9010000,23.63,76.29,101.859
2026-05-25T15:01:54.9420000,23.63,76.29,101.859
2026-05-25T15:01:55.9830000,23.63,76.26,101.859
2026-05-25T15:01:57.0340000,23.63,76.29,101.859
2026-05-25T15:01:58.0750000,23.63,76.27,101.858
2026-05-25T15:01:59.1160000,23.63,76.26,101.858
2026-05-25T15:02:00.1560000,23.63,76.27,101.858
2026-05-25T15:02:01.1970000,23.63,76.23,101.859
2026-05-25T15:02:02.2380000,23.63,76.2,101.859
2026-05-25T15:02:03.3170000,23.63,76.22,101.859
2026-05-25T15:02:04.3270000,23.63,76.23,101.86
2026-05-25T15:02:05.3680000,23.63,76.21,101.859
2026-05-25T15:02:06.4090000,23.63,76.23,101.86
2026-05-25T15:02:07.4600000,23.63,76.22,101.861
2026-05-25T15:02:08.5010000,23.63,76.22,101.862
2026-05-25T15:02:09.5420000,23.64,76.22,101.862
2026-05-25T15:02:10.5820000,23.64,76.21,101.862
2026-05-25T15:02:11.6230000,23.64,76.24,101.862
2026-05-25T15:02:12.6740000,23.64,76.21,101.863
2026-05-25T15:02:13.7150000,23.63,76.23,101.862
2026-05-25T15:02:14.7560000,23.64,76.2,101.863
2026-05-25T15:02:16.8900000,23.64,76.2,101.862
2026-05-25T15:02:17.8880000,23.64,76.2,101.863
2026-05-25T15:02:18.9290000,23.64,76.21,101.863
2026-05-25T15:02:21.0110000,23.63,76.19,101.861
2026-05-25T15:02:22.0520000,23.64,76.19,101.862
2026-05-25T15:02:23.0920000,23.63,76.19,101.861
2026-05-25T15:02:24.1440000,23.63,76.21,101.861
2026-05-25T15:02:25.1850000,23.63,76.19,101.861
2026-05-25T15:02:26.2260000,23.63,76.18,101.861
2026-05-25T15:02:27.2660000,23.63,76.17,101.861
2026-05-25T15:02:28.3070000,23.64,76.14,101.862
2026-05-25T15:02:29.3590000,23.64,76.18,101.863
2026-05-25T15:02:30.4590000,23.64,76.2,101.864
2026-05-25T15:02:31.4370000,23.64,76.18,101.863
2026-05-25T15:02:32.4770000,23.64,76.18,101.863
2026-05-25T15:02:33.5290000,23.64,76.19,101.863
2026-05-25T15:02:34.5690000,23.64,76.17,101.863
2026-05-25T15:02:35.6100000,23.64,76.19,101.863
2026-05-25T15:02:36.6510000,23.64,76.2,101.864
2026-05-25T15:02:37.6920000,23.64,76.19,101.864
2026-05-25T15:02:38.7430000,23.64,76.21,101.865
2026-05-25T15:02:39.7840000,23.64,76.19,101.864
2026-05-25T15:02:40.8240000,23.64,76.23,101.865
2026-05-25T15:02:41.8650000,23.64,76.19,101.864
2026-05-25T15:02:42.9060000,23.64,76.17,101.864
2026-05-25T15:02:43.9470000,23.64,76.21,101.863
2026-05-25T15:02:45.0020000,23.64,76.17,101.864
2026-05-25T15:02:46.0320000,23.64,76.19,101.864
2026-05-25T15:02:47.0830000,23.64,76.2,101.864
2026-05-25T15:02:48.1240000,23.64,76.2,101.864
2026-05-25T15:02:49.1650000,23.64,76.2,101.863
2026-05-25T15:02:50.2060000,23.64,76.19,101.864
2026-05-25T15:02:51.2460000,23.64,76.2,101.864
2026-05-25T15:02:52.2980000,23.64,76.2,101.864
2026-05-25T15:02:53.3380000,23.64,76.25,101.864
2026-05-25T15:02:54.3790000,23.64,76.23,101.864
2026-05-25T15:02:55.4200000,23.64,76.24,101.864
2026-05-25T15:02:56.4610000,23.64,76.25,101.864
2026-05-25T15:02:57.5120000,23.64,76.25,101.864
2026-05-25T15:02:58.5740000,23.64,76.3,101.864
2026-05-25T15:02:59.5930000,23.65,76.31,101.865
2026-05-25T15:03:00.6340000,23.65,76.33,101.865
2026-05-25T15:03:01.6750000,23.65,76.35,101.866
2026-05-25T15:03:02.7160000,23.65,76.39,101.865
2026-05-25T15:03:03.7670000,23.65,76.43,101.865
2026-05-25T15:03:04.8080000,23.66,76.46,101.866
2026-05-25T15:03:05.8490000,23.66,76.42,101.866
2026-05-25T15:03:06.8900000,23.66,76.5,101.866
2026-05-25T15:03:07.9300000,23.66,76.55,101.866
2026-05-25T15:03:08.9820000,23.66,76.56,101.865
2026-05-25T15:03:10.0220000,23.66,76.59,101.866
2026-05-25T15:03:11.0630000,23.66,76.66,101.866
2026-05-25T15:03:13.1450000,23.67,76.84,101.866
2026-05-25T15:03:14.1860000,23.67,76.91,101.867
2026-05-25T15:03:15.2370000,23.67,76.95,101.866
2026-05-25T15:03:16.2780000,23.67,77,101.867
2026-05-25T15:03:17.3190000,23.67,77.04,101.866
2026-05-25T15:03:18.3590000,23.67,77.05,101.866
2026-05-25T15:03:19.4000000,23.67,77.07,101.866
2026-05-25T15:03:20.4510000,23.67,77.1,101.866
2026-05-25T15:03:21.4920000,23.67,77.13,101.866
2026-05-25T15:03:22.5330000,23.67,77.19,101.867
2026-05-25T15:03:23.5730000,23.67,77.22,101.866
2026-05-25T15:03:24.6140000,23.67,77.31,101.868
2026-05-25T15:03:25.7180000,23.68,77.38,101.867
2026-05-25T15:03:26.7060000,23.68,77.45,101.867
2026-05-25T15:03:27.7470000,23.68,77.51,101.867
2026-05-25T15:03:28.7880000,23.68,77.54,101.866
2026-05-25T15:03:29.8280000,23.68,77.57,101.867
2026-05-25T15:03:30.8690000,23.68,77.59,101.867
2026-05-25T15:03:31.9210000,23.68,77.64,101.867
2026-05-25T15:03:32.9610000,23.68,77.67,101.867
2026-05-25T15:03:34.0020000,23.68,77.76,101.867
2026-05-25T15:03:35.0430000,23.68,77.77,101.868
2026-05-25T15:03:36.0840000,23.68,77.78,101.867
2026-05-25T15:03:37.1240000,23.68,77.81,101.868
2026-05-25T15:03:38.1760000,23.68,77.84,101.868
2026-05-25T15:03:39.2170000,23.68,77.94,101.868
2026-05-25T15:03:40.2570000,23.69,77.98,101.868
2026-05-25T15:03:41.2980000,23.69,78.03,101.868
2026-05-25T15:03:42.3390000,23.69,78.08,101.868
2026-05-25T15:03:43.3900000,23.69,78.14,101.868
2026-05-25T15:03:44.4310000,23.69,78.19,101.868
2026-05-25T15:03:45.4720000,23.69,78.22,101.868
2026-05-25T15:03:46.5120000,23.69,78.27,101.868
2026-05-25T15:03:47.5530000,23.69,78.32,101.868
2026-05-25T15:03:48.6040000,23.69,78.31,101.867
2026-05-25T15:03:49.6450000,23.69,78.43,101.867
2026-05-25T15:03:50.6860000,23.69,78.46,101.868
2026-05-25T15:03:51.7270000,23.7,78.53,101.868
2026-05-25T15:03:52.7670000,23.7,78.56,101.869
2026-05-25T15:03:53.8320000,23.69,78.67,101.869
2026-05-25T15:03:54.8520000,23.69,78.74,101.868
2026-05-25T15:03:55.9040000,23.69,78.79,101.868
2026-05-25T15:03:56.9440000,23.69,78.85,101.867
2026-05-25T15:03:57.9850000,23.7,78.87,101.868
2026-05-25T15:03:59.0260000,23.7,78.89,101.868
2026-05-25T15:04:00.0670000,23.7,78.92,101.869
2026-05-25T15:04:01.1070000,23.7,78.96,101.87
2026-05-25T15:04:02.1590000,23.7,79.03,101.869
2026-05-25T15:04:03.2000000,23.7,79.12,101.869
2026-05-25T15:04:04.2400000,23.7,79.15,101.869
2026-05-25T15:04:05.2810000,23.7,79.21,101.869
2026-05-25T15:04:06.3220000,23.7,79.24,101.869
2026-05-25T15:04:07.4010000,23.7,79.36,101.869
2026-05-25T15:04:08.4100000,23.7,79.39,101.87
2026-05-25T15:04:09.4510000,23.7,79.43,101.869
2026-05-25T15:04:10.4920000,23.7,79.45,101.869
2026-05-25T15:04:11.5430000,23.7,79.48,101.87
2026-05-25T15:04:12.5840000,23.7,79.55,101.869
2026-05-25T15:04:13.6250000,23.7,79.61,101.869
2026-05-25T15:04:14.6650000,23.7,79.7,101.869
2026-05-25T15:04:15.7060000,23.7,79.74,101.869
2026-05-25T15:04:16.7570000,23.7,79.78,101.869
2026-05-25T15:04:17.7980000,23.7,79.88,101.869
2026-05-25T15:04:18.8390000,23.7,79.95,101.869
2026-05-25T15:04:19.8800000,23.7,80.01,101.868
2026-05-25T15:04:20.9730000,23.7,80.12,101.869
2026-05-25T15:04:21.9620000,23.7,80.16,101.869
2026-05-25T15:04:23.0130000,23.7,80.2,101.869
2026-05-25T15:04:24.0540000,23.7,80.26,101.868
2026-05-25T15:04:25.0950000,23.7,80.3,101.869
2026-05-25T15:04:26.1350000,23.7,80.34,101.868
2026-05-25T15:04:27.1760000,23.7,80.35,101.868
2026-05-25T15:04:28.2170000,23.7,80.38,101.868
2026-05-25T15:04:29.2680000,23.7,80.44,101.869
2026-05-25T15:04:30.3090000,23.7,80.48,101.869
2026-05-25T15:04:31.3500000,23.7,80.54,101.869
2026-05-25T15:04:32.3900000,23.7,80.58,101.869
2026-05-25T15:04:33.4310000,23.7,80.62,101.868
2026-05-25T15:04:34.5450000,23.7,80.68,101.867
2026-05-25T15:04:35.5230000,23.7,80.74,101.867
2026-05-25T15:04:36.5640000,23.7,80.77,101.867
2026-05-25T15:04:37.6050000,23.7,80.81,101.867
2026-05-25T15:04:38.6450000,23.7,80.84,101.867
2026-05-25T15:04:39.6970000,23.71,80.89,101.867
2026-05-25T15:04:40.7370000,23.71,80.92,101.867
2026-05-25T15:04:41.7780000,23.71,80.95,101.867
2026-05-25T15:04:42.8190000,23.71,80.97,101.867
2026-05-25T15:04:43.8600000,23.7,81.03,101.867
2026-05-25T15:04:44.9010000,23.71,81.07,101.868
2026-05-25T15:04:45.9520000,23.71,81.1,101.868
2026-05-25T15:04:46.9930000,23.71,81.16,101.868
2026-05-25T15:04:48.0330000,23.7,81.19,101.867
2026-05-25T15:04:49.0880000,23.7,81.21,101.867
2026-05-25T15:04:50.1180000,23.7,81.25,101.868
2026-05-25T15:04:51.1590000,23.7,81.28,101.868
2026-05-25T15:04:52.2000000,23.7,81.32,101.867
2026-05-25T15:04:53.2510000,23.71,81.33,101.868
2026-05-25T15:04:54.2920000,23.7,81.35,101.867
2026-05-25T15:04:55.3330000,23.71,81.35,101.867
2026-05-25T15:04:56.3730000,23.71,81.39,101.867
2026-05-25T15:04:57.4140000,23.7,81.41,101.867
2026-05-25T15:04:58.4650000,23.71,81.39,101.868
2026-05-25T15:04:59.5060000,23.71,81.45,101.867
2026-05-25T15:05:00.5470000,23.71,81.42,101.868
2026-05-25T15:05:01.5880000,23.71,81.53,101.867
2026-05-25T15:05:02.6600000,23.71,81.54,101.867
2026-05-25T15:05:03.6800000,23.71,81.54,101.867
2026-05-25T15:05:04.7210000,23.71,81.54,101.867
2026-05-25T15:05:05.7610000,23.71,81.55,101.867
2026-05-25T15:05:06.8020000,23.71,81.57,101.867
2026-05-25T15:05:07.8430000,23.71,81.57,101.867
2026-05-25T15:05:08.8840000,23.71,81.58,101.867
2026-05-25T15:05:09.9350000,23.71,81.61,101.867
2026-05-25T15:05:10.9760000,23.71,81.63,101.868
2026-05-25T15:05:12.0170000,23.71,81.68,101.868
2026-05-25T15:05:13.0580000,23.71,81.67,101.868
2026-05-25T15:05:14.0980000,23.71,81.71,101.868
2026-05-25T15:05:15.1490000,23.71,81.73,101.868
2026-05-25T15:05:16.2320000,23.71,81.8,101.867
2026-05-25T15:05:17.2310000,23.71,81.79,101.867
2026-05-25T15:05:18.2720000,23.71,81.8,101.868
2026-05-25T15:05:19.3120000,23.71,81.81,101.868
2026-05-25T15:05:20.3630000,23.71,81.8,101.868
2026-05-25T15:05:21.4040000,23.71,81.81,101.868
2026-05-25T15:05:22.4450000,23.71,81.83,101.868
2026-05-25T15:05:23.4860000,23.71,81.81,101.868
2026-05-25T15:05:24.5270000,23.71,81.84,101.868
2026-05-25T15:05:25.5670000,23.71,81.87,101.867
2026-05-25T15:05:26.6190000,23.71,81.87,101.868
2026-05-25T15:05:27.6590000,23.71,81.88,101.868
2026-05-25T15:05:28.7000000,23.71,81.91,101.868
2026-05-25T15:05:29.8040000,23.71,81.86,101.868
2026-05-25T15:05:30.7820000,23.71,81.86,101.867
2026-05-25T15:05:31.8330000,23.71,81.88,101.867
2026-05-25T15:05:32.8740000,23.71,81.88,101.866
2026-05-25T15:05:33.9150000,23.7,81.89,101.866
2026-05-25T15:05:34.9560000,23.7,81.91,101.866
2026-05-25T15:05:35.9960000,23.7,81.92,101.865
2026-05-25T15:05:37.0370000,23.7,81.92,101.865
2026-05-25T15:05:38.0880000,23.7,81.93,101.865
2026-05-25T15:05:39.1290000,23.7,81.94,101.865
2026-05-25T15:05:40.1700000,23.7,81.97,101.866
2026-05-25T15:05:41.2110000,23.7,81.93,101.865
2026-05-25T15:05:42.2510000,23.7,81.94,101.864
2026-05-25T15:05:43.3030000,23.7,81.89,101.864
2026-05-25T15:05:44.3470000,23.7,81.89,101.864
2026-05-25T15:05:45.3880000,23.7,81.88,101.865
2026-05-25T15:05:46.4290000,23.7,81.86,101.865
2026-05-25T15:05:47.4690000,23.7,81.85,101.865
2026-05-25T15:05:48.5100000,23.69,81.83,101.865
2026-05-25T15:05:49.5510000,23.69,81.84,101.865
2026-05-25T15:05:50.6020000,23.69,81.81,101.864
2026-05-25T15:05:51.6430000,23.7,81.81,101.864
2026-05-25T15:05:52.6840000,23.69,81.77,101.864
2026-05-25T15:05:53.7240000,23.69,81.76,101.864
2026-05-25T15:05:54.7650000,23.69,81.79,101.865
2026-05-25T15:05:55.8060000,23.69,81.77,101.864
2026-05-25T15:05:56.8570000,23.69,81.78,101.864
2026-05-25T15:05:57.9190000,23.7,81.81,101.864
2026-05-25T15:05:58.9390000,23.7,81.82,101.863
2026-05-25T15:05:59.9790000,23.7,81.82,101.863
2026-05-25T15:06:01.0200000,23.69,81.79,101.863
2026-05-25T15:06:02.0710000,23.69,81.76,101.863
2026-05-25T15:06:03.1120000,23.69,81.75,101.863
2026-05-25T15:06:04.1530000,23.69,81.73,101.863
2026-05-25T15:06:05.1930000,23.69,81.7,101.863
2026-05-25T15:06:06.2340000,23.69,81.71,101.863
2026-05-25T15:06:07.2850000,23.69,81.71,101.863
2026-05-25T15:06:08.3260000,23.69,81.71,101.863
2026-05-25T15:06:09.3670000,23.69,81.69,101.862
2026-05-25T15:06:10.4080000,23.69,81.64,101.862
2026-05-25T15:06:11.4900000,23.69,81.65,101.862
2026-05-25T15:06:12.4890000,23.69,81.64,101.862
2026-05-25T15:06:13.5400000,23.68,81.63,101.862
2026-05-25T15:06:14.5810000,23.68,81.62,101.862
2026-05-25T15:06:15.6220000,23.68,81.61,101.861
2026-05-25T15:06:16.6630000,23.68,81.6,101.861
2026-05-25T15:06:17.7040000,23.68,81.6,101.861
2026-05-25T15:06:18.7550000,23.68,81.57,101.861
2026-05-25T15:06:19.7960000,23.68,81.56,101.861
2026-05-25T15:06:20.8360000,23.68,81.54,101.862
2026-05-25T15:06:21.8770000,23.68,81.57,101.861
2026-05-25T15:06:22.9180000,23.68,81.52,101.861
2026-05-25T15:06:23.9590000,23.67,81.51,101.86
2026-05-25T15:06:25.0630000,23.67,81.45,101.861
2026-05-25T15:06:26.0510000,23.67,81.43,101.861
2026-05-25T15:06:27.0920000,23.67,81.42,101.861
2026-05-25T15:06:28.1330000,23.67,81.4,101.86
2026-05-25T15:06:29.1730000,23.67,81.38,101.861
2026-05-25T15:06:30.2140000,23.67,81.36,101.86
2026-05-25T15:06:31.2650000,23.67,81.35,101.86
2026-05-25T15:06:32.3060000,23.67,81.33,101.859
2026-05-25T15:06:33.3470000,23.67,81.35,101.859
2026-05-25T15:06:34.3880000,23.67,81.28,101.86
2026-05-25T15:06:35.4290000,23.67,81.22,101.859
2026-05-25T15:06:36.4800000,23.67,81.21,101.86
2026-05-25T15:06:37.5210000,23.67,81.22,101.859
2026-05-25T15:06:38.5610000,23.66,81.17,101.859
2026-05-25T15:06:39.6060000,23.66,81.18,101.859
2026-05-25T15:06:40.6470000,23.66,81.15,101.859
2026-05-25T15:06:41.6870000,23.66,81.15,101.858
2026-05-25T15:06:42.7280000,23.66,81.13,101.858
2026-05-25T15:06:43.7690000,23.66,81.11,101.858
2026-05-25T15:06:44.8200000,23.66,81.09,101.857
2026-05-25T15:06:45.8610000,23.66,81.07,101.858
2026-05-25T15:06:46.9020000,23.66,81.07,101.858
2026-05-25T15:06:47.9420000,23.66,81.03,101.857
2026-05-25T15:06:48.9830000,23.66,81.03,101.858
2026-05-25T15:06:50.0240000,23.66,81.01,101.858
2026-05-25T15:06:51.0750000,23.66,80.97,101.858
2026-05-25T15:06:52.1160000,23.66,80.95,101.858
2026-05-25T15:06:53.1780000,23.65,80.92,101.857
2026-05-25T15:06:54.1980000,23.65,80.9,101.857
2026-05-25T15:06:55.2380000,23.65,80.88,101.857
2026-05-25T15:06:56.2900000,23.65,80.86,101.857
2026-05-25T15:06:57.3300000,23.65,80.85,101.858
2026-05-25T15:06:58.3710000,23.65,80.84,101.857
2026-05-25T15:06:59.4120000,23.65,80.81,101.856
2026-05-25T15:07:00.4530000,23.65,80.83,101.856
2026-05-25T15:07:01.5040000,23.65,80.8,101.856
2026-05-25T15:07:02.5450000,23.65,80.77,101.856
2026-05-25T15:07:03.5860000,23.65,80.75,101.856
2026-05-25T15:07:04.6270000,23.65,80.74,101.856
2026-05-25T15:07:05.6670000,23.65,80.7,101.856
2026-05-25T15:07:06.7500000,23.65,80.65,101.856
2026-05-25T15:07:07.7590000,23.64,80.65,101.855
2026-05-25T15:07:08.8000000,23.64,80.63,101.856
2026-05-25T15:07:09.8410000,23.64,80.61,101.856
2026-05-25T15:07:10.8820000,23.64,80.58,101.856
2026-05-25T15:07:11.9230000,23.64,80.55,101.856
2026-05-25T15:07:12.9740000,23.64,80.53,101.856
2026-05-25T15:07:14.0150000,23.64,80.55,101.855
2026-05-25T15:07:15.0550000,23.64,80.48,101.855
2026-05-25T15:07:16.0960000,23.64,80.48,101.855
2026-05-25T15:07:17.1370000,23.64,80.45,101.855
2026-05-25T15:07:18.1770000,23.64,80.49,101.855
2026-05-25T15:07:19.2290000,23.64,80.46,101.855
2026-05-25T15:07:20.3220000,23.64,80.42,101.855
2026-05-25T15:07:21.3100000,23.64,80.39,101.855
2026-05-25T15:07:22.3510000,23.64,80.37,101.855
2026-05-25T15:07:23.3920000,23.64,80.33,101.855
2026-05-25T15:07:24.4440000,23.64,80.32,101.855
2026-05-25T15:07:25.4840000,23.64,80.31,101.855
2026-05-25T15:07:26.5250000,23.64,80.27,101.855
2026-05-25T15:07:27.5660000,23.64,80.26,101.854
2026-05-25T15:07:28.6070000,23.64,80.24,101.854
2026-05-25T15:07:29.6480000,23.64,80.19,101.855
2026-05-25T15:07:30.6990000,23.64,80.22,101.855
2026-05-25T15:07:31.7400000,23.64,80.17,101.855
2026-05-25T15:07:32.7800000,23.63,80.16,101.854
2026-05-25T15:07:33.8210000,23.63,80.14,101.854
2026-05-25T15:07:34.8650000,23.63,80.09,101.855
2026-05-25T15:07:35.9060000,23.63,80.08,101.854
2026-05-25T15:07:36.9470000,23.63,80.05,101.854
2026-05-25T15:07:37.9980000,23.63,80.04,101.853
2026-05-25T15:07:39.0390000,23.63,80.02,101.853
2026-05-25T15:07:40.0800000,23.63,80.01,101.853
2026-05-25T15:07:41.1200000,23.63,79.99,101.853
2026-05-25T15:07:42.1610000,23.63,79.93,101.853
2026-05-25T15:07:43.2020000,23.63,79.93,101.853
2026-05-25T15:07:44.2530000,23.63,79.96,101.853
2026-05-25T15:07:45.2940000,23.63,79.98,101.854
2026-05-25T15:07:46.3350000,23.63,79.91,101.854
2026-05-25T15:07:47.3760000,23.63,79.88,101.854
2026-05-25T15:07:48.4370000,23.63,79.85,101.852
2026-05-25T15:07:49.4670000,23.63,79.85,101.852
2026-05-25T15:07:50.5080000,23.63,79.85,101.852
2026-05-25T15:07:51.5490000,23.63,79.84,101.851
2026-05-25T15:07:52.5900000,23.63,79.84,101.851
2026-05-25T15:07:53.6310000,23.63,79.8,101.851
2026-05-25T15:07:54.6720000,23.63,79.79,101.851
2026-05-25T15:07:55.7230000,23.63,79.73,101.852
2026-05-25T15:07:56.7640000,23.63,79.77,101.853
2026-05-25T15:07:57.8050000,23.63,79.75,101.853
2026-05-25T15:07:58.8450000,23.63,79.72,101.853
2026-05-25T15:07:59.8860000,23.63,79.72,101.853
2026-05-25T15:08:00.9370000,23.63,79.69,101.853
2026-05-25T15:08:02.0100000,23.63,79.65,101.852
2026-05-25T15:08:03.0190000,23.62,79.66,101.852
2026-05-25T15:08:04.0600000,23.62,79.66,101.852
2026-05-25T15:08:05.1000000,23.62,79.64,101.851
2026-05-25T15:08:06.1520000,23.62,79.63,101.851
2026-05-25T15:08:07.1920000,23.62,79.62,101.851
2026-05-25T15:08:08.2330000,23.62,79.61,101.851
2026-05-25T15:08:09.2740000,23.62,79.62,101.851
2026-05-25T15:08:10.3150000,23.62,79.56,101.85
2026-05-25T15:08:11.3550000,23.62,79.54,101.851
2026-05-25T15:08:12.4070000,23.62,79.55,101.851
2026-05-25T15:08:13.4470000,23.62,79.58,101.851
2026-05-25T15:08:14.4890000,23.62,79.53,101.851
2026-05-25T15:08:15.5820000,23.62,79.52,101.852
2026-05-25T15:08:16.5700000,23.62,79.51,101.851
2026-05-25T15:08:17.6220000,23.62,79.49,101.851
2026-05-25T15:08:18.6620000,23.62,79.47,101.851
2026-05-25T15:08:19.7030000,23.62,79.46,101.851
2026-05-25T15:08:20.7440000,23.62,79.42,101.851
2026-05-25T15:08:21.7850000,23.62,79.41,101.851
2026-05-25T15:08:22.8260000,23.62,79.39,101.851
2026-05-25T15:08:23.8770000,23.62,79.36,101.851
2026-05-25T15:08:24.9170000,23.62,79.35,101.851
2026-05-25T15:08:25.9580000,23.62,79.34,101.851
2026-05-25T15:08:26.9990000,23.62,79.34,101.851
2026-05-25T15:08:28.0400000,23.62,79.34,101.851
2026-05-25T15:08:29.0800000,23.62,79.34,101.85
2026-05-25T15:08:30.1320000,23.62,79.28,101.85
2026-05-25T15:08:31.1720000,23.62,79.28,101.85
2026-05-25T15:08:32.2130000,23.62,79.26,101.85
2026-05-25T15:08:33.2540000,23.62,79.24,101.849
2026-05-25T15:08:34.2950000,23.62,79.24,101.849
2026-05-25T15:08:35.3460000,23.62,79.25,101.85
2026-05-25T15:08:36.3870000,23.62,79.24,101.85
2026-05-25T15:08:37.4270000,23.62,79.24,101.849
2026-05-25T15:08:38.4680000,23.62,79.18,101.849
2026-05-25T15:08:39.5090000,23.62,79.22,101.849
2026-05-25T15:08:40.5500000,23.62,79.2,101.849
2026-05-25T15:08:41.6010000,23.62,79.13,101.849
2026-05-25T15:08:42.6420000,23.62,79.17,101.849
2026-05-25T15:08:43.6930000,23.62,79.08,101.849
2026-05-25T15:08:44.7240000,23.62,79.1,101.849
2026-05-25T15:08:45.7640000,23.62,79.09,101.849
2026-05-25T15:08:46.8050000,23.62,79.07,101.849
2026-05-25T15:08:47.8560000,23.62,79.05,101.849
2026-05-25T15:08:48.8970000,23.62,79.04,101.849
2026-05-25T15:08:49.9380000,23.62,79.03,101.849
2026-05-25T15:08:50.9780000,23.62,79.02,101.849
2026-05-25T15:08:52.0190000,23.62,79,101.849
2026-05-25T15:08:53.0700000,23.62,79,101.85
2026-05-25T15:08:54.1110000,23.62,78.92,101.85
2026-05-25T15:08:55.1520000,23.62,78.97,101.85
2026-05-25T15:08:56.1930000,23.62,78.95,101.85
2026-05-25T15:08:57.2650000,23.62,78.94,101.849
2026-05-25T15:08:58.2740000,23.62,78.94,101.849
2026-05-25T15:08:59.3250000,23.62,78.92,101.849
2026-05-25T15:09:00.3660000,23.62,78.91,101.848
2026-05-25T15:09:01.4070000,23.62,78.91,101.848
2026-05-25T15:09:02.4480000,23.61,78.89,101.848
2026-05-25T15:09:03.4880000,23.61,78.89,101.848
2026-05-25T15:09:04.5400000,23.62,78.89,101.848
2026-05-25T15:09:05.5800000,23.62,78.86,101.848
2026-05-25T15:09:06.6210000,23.61,78.87,101.847
2026-05-25T15:09:07.6620000,23.61,78.83,101.847
2026-05-25T15:09:08.7020000,23.61,78.83,101.847
2026-05-25T15:09:09.7540000,23.61,78.82,101.847
2026-05-25T15:09:10.8360000,23.61,78.81,101.847
2026-05-25T15:09:11.8350000,23.61,78.79,101.847
2026-05-25T15:09:12.8760000,23.62,78.78,101.849
2026-05-25T15:09:13.9170000,23.62,78.77,101.848
2026-05-25T15:09:14.9580000,23.62,78.76,101.848
2026-05-25T15:09:16.0090000,23.62,78.74,101.848
2026-05-25T15:09:17.0490000,23.62,78.75,101.848
2026-05-25T15:09:18.0900000,23.62,78.73,101.848
2026-05-25T15:09:19.1310000,23.62,78.73,101.848
2026-05-25T15:09:20.1720000,23.62,78.72,101.848
2026-05-25T15:09:21.2230000,23.62,78.75,101.848
2026-05-25T15:09:22.2640000,23.62,78.68,101.848
2026-05-25T15:09:23.3050000,23.62,78.7,101.848
2026-05-25T15:09:24.4080000,23.62,78.7,101.848
2026-05-25T15:09:25.3860000,23.62,78.7,101.848
2026-05-25T15:09:26.4380000,23.61,78.68,101.848
2026-05-25T15:09:27.4780000,23.62,78.68,101.848
2026-05-25T15:09:28.5190000,23.62,78.68,101.849
2026-05-25T15:09:29.5600000,23.62,78.66,101.849
2026-05-25T15:09:30.6010000,23.62,78.64,101.848
2026-05-25T15:09:31.6410000,23.62,78.64,101.849
2026-05-25T15:09:32.6930000,23.61,78.63,101.847
2026-05-25T15:09:33.7340000,23.61,78.62,101.846
2026-05-25T15:09:34.7740000,23.61,78.59,101.847
2026-05-25T15:09:35.8150000,23.61,78.61,101.847
2026-05-25T15:09:36.8560000,23.61,78.59,101.848
2026-05-25T15:09:37.9070000,23.61,78.59,101.848
2026-05-25T15:09:38.9510000,23.61,78.57,101.847
2026-05-25T15:09:39.9920000,23.61,78.55,101.846
2026-05-25T15:09:41.0330000,23.61,78.52,101.847
2026-05-25T15:09:42.0740000,23.61,78.52,101.847
2026-05-25T15:09:43.1150000,23.62,78.51,101.847
2026-05-25T15:09:44.1550000,23.62,78.51,101.848
2026-05-25T15:09:45.1960000,23.62,78.48,101.847
2026-05-25T15:09:46.2470000,23.62,78.52,101.847
2026-05-25T15:09:47.2880000,23.61,78.47,101.847
2026-05-25T15:09:49.3700000,23.61,78.45,101.848
2026-05-25T15:09:50.4110000,23.61,78.43,101.848
2026-05-25T15:09:51.4620000,23.62,78.42,101.848
2026-05-25T15:09:52.5230000,23.62,78.39,101.848
2026-05-25T15:09:53.5430000,23.62,78.41,101.848
2026-05-25T15:09:54.5840000,23.62,78.38,101.848
2026-05-25T15:09:55.6250000,23.62,78.38,101.847
2026-05-25T15:09:56.6760000,23.62,78.38,101.847
2026-05-25T15:09:57.7170000,23.62,78.36,101.847
2026-05-25T15:09:58.7570000,23.61,78.36,101.847
2026-05-25T15:09:59.7980000,23.61,78.38,101.846
2026-05-25T15:10:00.8390000,23.62,78.33,101.847
2026-05-25T15:10:01.8900000,23.62,78.33,101.847
2026-05-25T15:10:02.9310000,23.61,78.29,101.846
2026-05-25T15:10:03.9720000,23.61,78.31,101.846
2026-05-25T15:10:05.0120000,23.61,78.31,101.846
2026-05-25T15:10:06.0950000,23.61,78.24,101.847
2026-05-25T15:10:07.0940000,23.61,78.26,101.847
2026-05-25T15:10:08.1450000,23.61,78.25,101.847
2026-05-25T15:10:09.1860000,23.62,78.23,101.847
2026-05-25T15:10:10.2270000,23.62,78.21,101.846
2026-05-25T15:10:11.2680000,23.62,78.21,101.847
2026-05-25T15:10:12.3080000,23.62,78.21,101.847
2026-05-25T15:10:13.3600000,23.62,78.18,101.847
2026-05-25T15:10:14.4010000,23.62,78.18,101.847
2026-05-25T15:10:15.4420000,23.62,78.2,101.847
2026-05-25T15:10:16.4830000,23.62,78.18,101.848
2026-05-25T15:10:17.5230000,23.62,78.13,101.848
2026-05-25T15:10:18.5640000,23.62,78.12,101.848
2026-05-25T15:10:19.6680000,23.62,78.13,101.848
2026-05-25T15:10:20.6560000,23.61,78.11,101.848
2026-05-25T15:10:21.6970000,23.62,78.09,101.848
2026-05-25T15:10:22.7380000,23.62,78.09,101.848
2026-05-25T15:10:23.7780000,23.62,78.08,101.848
2026-05-25T15:10:24.8300000,23.62,78.07,101.847
2026-05-25T15:10:25.8710000,23.62,78.06,101.847
2026-05-25T15:10:26.9110000,23.62,78.05,101.847
2026-05-25T15:10:27.9520000,23.62,78.05,101.847
2026-05-25T15:10:28.9930000,23.62,78.01,101.847
2026-05-25T15:10:30.0340000,23.62,78.03,101.847
2026-05-25T15:10:31.0850000,23.62,78.06,101.847
2026-05-25T15:10:32.1260000,23.62,78.01,101.848
2026-05-25T15:10:33.1660000,23.62,77.97,101.848
2026-05-25T15:10:34.2070000,23.62,77.98,101.847
2026-05-25T15:10:35.2480000,23.62,77.97,101.847
2026-05-25T15:10:36.2890000,23.62,77.97,101.848
2026-05-25T15:10:37.3400000,23.62,77.96,101.848
2026-05-25T15:10:38.3810000,23.61,77.95,101.848
2026-05-25T15:10:39.4210000,23.62,77.94,101.849
2026-05-25T15:10:40.4620000,23.61,77.93,101.848
2026-05-25T15:10:41.5030000,23.61,77.91,101.848
2026-05-25T15:10:42.5540000,23.61,77.92,101.848
2026-05-25T15:10:43.5950000,23.62,77.9,101.849
2026-05-25T15:10:44.6360000,23.62,77.92,101.848
2026-05-25T15:10:46.7170000,23.62,77.85,101.848
2026-05-25T15:10:47.7790000,23.62,77.83,101.848
2026-05-25T15:10:48.8090000,23.62,77.84,101.848
2026-05-25T15:10:49.8500000,23.62,77.83,101.848
2026-05-25T15:10:50.8910000,23.62,77.82,101.848
2026-05-25T15:10:51.9310000,23.62,77.8,101.849
2026-05-25T15:10:52.9720000,23.62,77.81,101.849
2026-05-25T15:10:54.0230000,23.62,77.8,101.848
2026-05-25T15:10:55.0640000,23.62,77.8,101.848
2026-05-25T15:10:56.1050000,23.62,77.81,101.848
2026-05-25T15:10:57.1460000,23.62,77.8,101.848
2026-05-25T15:10:58.1860000,23.62,77.8,101.848
2026-05-25T15:10:59.2270000,23.62,77.79,101.848
2026-05-25T15:11:00.2780000,23.62,77.71,101.848
2026-05-25T15:11:01.3540000,23.62,77.81,101.848
2026-05-25T15:11:02.3630000,23.62,77.72,101.847
2026-05-25T15:11:03.4040000,23.62,77.72,101.848
2026-05-25T15:11:04.4450000,23.62,77.71,101.847
2026-05-25T15:11:05.4860000,23.62,77.71,101.848
2026-05-25T15:11:06.5270000,23.62,77.69,101.848
2026-05-25T15:11:07.5780000,23.62,77.68,101.847
2026-05-25T15:11:08.6190000,23.62,77.68,101.848
2026-05-25T15:11:09.6600000,23.62,77.66,101.848
2026-05-25T15:11:10.7010000,23.62,77.68,101.848
2026-05-25T15:11:11.7410000,23.62,77.68,101.848
2026-05-25T15:11:12.7920000,23.62,77.66,101.848
2026-05-25T15:11:13.8330000,23.62,77.61,101.848
2026-05-25T15:11:14.9270000,23.62,77.66,101.848
2026-05-25T15:11:15.9150000,23.62,77.65,101.847
2026-05-25T15:11:16.9550000,23.62,77.64,101.848
2026-05-25T15:11:17.9960000,23.62,77.64,101.847
2026-05-25T15:11:19.0470000,23.62,77.62,101.848
2026-05-25T15:11:20.0880000,23.62,77.63,101.848
2026-05-25T15:11:21.1290000,23.62,77.63,101.848
2026-05-25T15:11:22.1700000,23.62,77.62,101.848
2026-05-25T15:11:23.2100000,23.62,77.62,101.848
2026-05-25T15:11:24.2620000,23.62,77.59,101.848
2026-05-25T15:11:25.3030000,23.62,77.57,101.848
2026-05-25T15:11:26.3430000,23.62,77.58,101.848
2026-05-25T15:11:27.3840000,23.62,77.55,101.848
2026-05-25T15:11:28.4250000,23.62,77.57,101.848
2026-05-25T15:11:29.4760000,23.62,77.55,101.849
2026-05-25T15:11:30.5170000,23.62,77.55,101.849
2026-05-25T15:11:31.5580000,23.62,77.54,101.849
2026-05-25T15:11:32.5990000,23.62,77.55,101.848
2026-05-25T15:11:33.6390000,23.62,77.53,101.849
2026-05-25T15:11:34.6800000,23.62,77.53,101.849
2026-05-25T15:11:35.7310000,23.62,77.52,101.848
2026-05-25T15:11:36.7720000,23.62,77.5,101.848
2026-05-25T15:11:37.8130000,23.62,77.53,101.847
2026-05-25T15:11:38.8530000,23.62,77.48,101.847
2026-05-25T15:11:39.8940000,23.62,77.52,101.847
2026-05-25T15:11:40.9450000,23.62,77.49,101.848
2026-05-25T15:11:41.9860000,23.62,77.5,101.849
2026-05-25T15:11:43.0410000,23.62,77.5,101.848
2026-05-25T15:11:44.0710000,23.62,77.49,101.847
2026-05-25T15:11:45.1120000,23.62,77.46,101.848
2026-05-25T15:11:46.1530000,23.62,77.46,101.847
2026-05-25T15:11:47.1930000,23.62,77.45,101.848
2026-05-25T15:11:48.2450000,23.62,77.44,101.848
2026-05-25T15:11:49.2850000,23.62,77.44,101.848
2026-05-25T15:11:50.3260000,23.62,77.46,101.848
2026-05-25T15:11:51.3670000,23.62,77.41,101.848
2026-05-25T15:11:52.4080000,23.62,77.42,101.849
2026-05-25T15:11:53.4490000,23.62,77.42,101.849
2026-05-25T15:11:54.5000000,23.62,77.4,101.849
2026-05-25T15:11:55.5410000,23.62,77.37,101.85
2026-05-25T15:11:56.6130000,23.62,77.39,101.85
2026-05-25T15:11:57.6220000,23.62,77.39,101.849
2026-05-25T15:11:58.6630000,23.62,77.38,101.849
2026-05-25T15:11:59.7140000,23.62,77.37,101.849
2026-05-25T15:12:00.7550000,23.62,77.36,101.848
2026-05-25T15:12:01.7960000,23.62,77.35,101.848
2026-05-25T15:12:02.8360000,23.62,77.35,101.849
2026-05-25T15:12:03.8770000,23.62,77.31,101.849
2026-05-25T15:12:04.9280000,23.62,77.35,101.849
2026-05-25T15:12:07.0100000,23.62,77.31,101.849
2026-05-25T15:12:08.0510000,23.63,77.31,101.85
2026-05-25T15:12:09.0910000,23.63,77.28,101.849
2026-05-25T15:12:10.1850000,23.62,77.27,101.848
2026-05-25T15:12:11.1840000,23.62,77.27,101.849
2026-05-25T15:12:12.2240000,23.63,77.26,101.848
2026-05-25T15:12:13.2650000,23.63,77.25,101.849
2026-05-25T15:12:14.3060000,23.63,77.25,101.849
2026-05-25T15:12:15.3470000,23.63,77.25,101.849
2026-05-25T15:12:16.3980000,23.63,77.24,101.849
2026-05-25T15:12:17.4390000,23.63,77.24,101.849
2026-05-25T15:12:18.4800000,23.63,77.26,101.85
2026-05-25T15:12:19.5200000,23.63,77.24,101.85
2026-05-25T15:12:20.5610000,23.63,77.25,101.85
2026-05-25T15:12:21.6020000,23.63,77.22,101.849
2026-05-25T15:12:22.6530000,23.63,77.27,101.848
2026-05-25T15:12:23.7570000,23.62,77.18,101.848
2026-05-25T15:12:24.7350000,23.63,77.23,101.849
2026-05-25T15:12:25.7750000,23.63,77.23,101.849
2026-05-25T15:12:26.8160000,23.63,77.23,101.849
2026-05-25T15:12:27.8680000,23.63,77.22,101.85
2026-05-25T15:12:28.9090000,23.63,77.22,101.849
2026-05-25T15:12:29.9490000,23.63,77.22,101.85
2026-05-25T15:12:30.9900000,23.63,77.2,101.849
2026-05-25T15:12:32.0310000,23.63,77.21,101.849
2026-05-25T15:12:33.0820000,23.62,77.16,101.848
2026-05-25T15:12:34.1230000,23.63,77.16,101.849
2026-05-25T15:12:36.2050000,23.63,77.16,101.849
2026-05-25T15:12:37.2450000,23.63,77.15,101.849
2026-05-25T15:12:38.3000000,23.63,77.15,101.849
2026-05-25T15:12:39.3300000,23.63,77.15,101.849
2026-05-25T15:12:40.3710000,23.63,77.14,101.849
2026-05-25T15:12:41.4230000,23.63,77.14,101.85
2026-05-25T15:12:42.4630000,23.63,77.13,101.85
2026-05-25T15:12:43.5040000,23.63,77.13,101.85
2026-05-25T15:12:44.5450000,23.63,77.13,101.85
2026-05-25T15:12:45.5860000,23.63,77.1,101.85
2026-05-25T15:12:46.6370000,23.63,77.1,101.85
2026-05-25T15:12:47.6780000,23.63,77.13,101.851
2026-05-25T15:12:48.7180000,23.63,77.11,101.851
2026-05-25T15:12:49.7590000,23.63,77.08,101.851
2026-05-25T15:12:50.8000000,23.63,77.1,101.851
2026-05-25T15:12:51.8720000,23.63,77.05,101.85
2026-05-25T15:12:52.8920000,23.63,77.08,101.85
2026-05-25T15:12:53.9330000,23.63,77.07,101.849
2026-05-25T15:12:54.9730000,23.63,77.07,101.849
2026-05-25T15:12:56.0140000,23.63,77.05,101.849
2026-05-25T15:12:57.0650000,23.63,77.05,101.849
2026-05-25T15:12:58.1060000,23.63,77.04,101.849
2026-05-25T15:12:59.1470000,23.63,77.12,101.849
2026-05-25T15:13:00.1880000,23.63,77.02,101.849
2026-05-25T15:13:01.2280000,23.63,77.04,101.849
2026-05-25T15:13:02.2690000,23.63,77.02,101.849
2026-05-25T15:13:03.3210000,23.63,77.02,101.849
2026-05-25T15:13:04.3630000,23.63,77.03,101.849
2026-05-25T15:13:05.4460000,23.63,77.01,101.849
2026-05-25T15:13:06.4450000,23.63,77.02,101.849
2026-05-25T15:13:07.4850000,23.63,77.03,101.849
2026-05-25T15:13:08.5260000,23.64,77.01,101.849
2026-05-25T15:13:09.5770000,23.64,77,101.849
2026-05-25T15:13:10.6180000,23.64,77,101.849
2026-05-25T15:13:11.6590000,23.64,76.99,101.849
2026-05-25T15:13:12.6990000,23.64,76.97,101.849
2026-05-25T15:13:13.7400000,23.64,77,101.849
2026-05-25T15:13:14.7910000,23.63,77,101.849
2026-05-25T15:13:15.8320000,23.63,76.99,101.848
2026-05-25T15:13:16.8730000,23.64,76.97,101.849
2026-05-25T15:13:17.9140000,23.64,76.99,101.848
2026-05-25T15:13:19.0170000,23.64,76.92,101.849
2026-05-25T15:13:20.0060000,23.64,76.96,101.849
2026-05-25T15:13:21.0470000,23.64,76.95,101.849
2026-05-25T15:13:22.0870000,23.64,76.94,101.849
2026-05-25T15:13:23.1280000,23.64,76.92,101.849
2026-05-25T15:13:24.1690000,23.64,76.92,101.849
2026-05-25T15:13:25.2100000,23.64,76.92,101.849
2026-05-25T15:13:26.2610000,23.63,76.9,101.849
2026-05-25T15:13:27.3020000,23.64,76.9,101.849
2026-05-25T15:13:28.3430000,23.64,76.87,101.849
2026-05-25T15:13:29.3840000,23.64,76.91,101.849
2026-05-25T15:13:30.4240000,23.64,76.87,101.849
2026-05-25T15:13:31.4760000,23.64,76.87,101.849
2026-05-25T15:13:32.5160000,23.64,76.86,101.849
2026-05-25T15:13:33.5570000,23.64,76.86,101.848
2026-05-25T15:13:34.5980000,23.64,76.85,101.848
2026-05-25T15:13:35.6390000,23.64,76.85,101.848
2026-05-25T15:13:36.6800000,23.64,76.85,101.848
2026-05-25T15:13:37.7310000,23.64,76.84,101.848
2026-05-25T15:13:38.7720000,23.64,76.83,101.848
2026-05-25T15:13:39.8130000,23.64,76.82,101.848
2026-05-25T15:13:40.8530000,23.64,76.8,101.849
2026-05-25T15:13:41.8940000,23.64,76.81,101.849
2026-05-25T15:13:42.9450000,23.64,76.79,101.848
2026-05-25T15:13:43.9860000,23.64,76.79,101.849
2026-05-25T15:13:45.0270000,23.64,76.82,101.848
2026-05-25T15:13:46.0680000,23.64,76.76,101.848
2026-05-25T15:13:47.1330000,23.64,76.81,101.849
2026-05-25T15:13:48.1530000,23.64,76.77,101.849
2026-05-25T15:13:49.1940000,23.64,76.79,101.849
2026-05-25T15:13:50.2340000,23.64,76.76,101.849
2026-05-25T15:13:51.2860000,23.64,76.76,101.849
2026-05-25T15:13:52.3270000,23.64,76.75,101.849
2026-05-25T15:13:53.3670000,23.64,76.74,101.85
2026-05-25T15:13:54.4080000,23.64,76.77,101.849
2026-05-25T15:13:55.4490000,23.64,76.73,101.849
2026-05-25T15:13:56.4900000,23.64,76.76,101.849
2026-05-25T15:13:57.5410000,23.64,76.7,101.848
2026-05-25T15:13:58.5810000,23.64,76.72,101.848
2026-05-25T15:13:59.6220000,23.64,76.71,101.849
2026-05-25T15:14:00.7050000,23.64,76.68,101.849
2026-05-25T15:14:01.7030000,23.64,76.69,101.849
2026-05-25T15:14:02.7550000,23.64,76.68,101.849
2026-05-25T15:14:03.7960000,23.64,76.68,101.848
2026-05-25T15:14:04.8360000,23.64,76.67,101.848
2026-05-25T15:14:05.8770000,23.64,76.66,101.849
2026-05-25T15:14:06.9180000,23.64,76.66,101.849
2026-05-25T15:14:07.9590000,23.64,76.63,101.849
2026-05-25T15:14:09.0100000,23.65,76.67,101.85
2026-05-25T15:14:10.0510000,23.65,76.65,101.849
2026-05-25T15:14:11.0920000,23.65,76.62,101.849
2026-05-25T15:14:12.1320000,23.65,76.65,101.849
2026-05-25T15:14:13.1730000,23.65,76.61,101.849
2026-05-25T15:14:14.2770000,23.65,76.62,101.85
2026-05-25T15:14:15.2650000,23.65,76.62,101.849
2026-05-25T15:14:16.3060000,23.65,76.62,101.849
2026-05-25T15:14:17.3470000,23.65,76.62,101.849
2026-05-25T15:14:18.3880000,23.65,76.61,101.85
2026-05-25T15:14:19.4280000,23.65,76.6,101.849
2026-05-25T15:14:20.4790000,23.65,76.6,101.849
2026-05-25T15:14:21.5200000,23.65,76.59,101.849
2026-05-25T15:14:22.5610000,23.65,76.6,101.849
2026-05-25T15:14:23.6020000,23.65,76.59,101.85
2026-05-25T15:14:24.6430000,23.65,76.61,101.85
2026-05-25T15:14:25.6830000,23.65,76.58,101.85
2026-05-25T15:14:26.7350000,23.65,76.62,101.849
2026-05-25T15:14:27.7750000,23.65,76.59,101.849
2026-05-25T15:14:28.8200000,23.65,76.57,101.849
2026-05-25T15:14:29.8600000,23.65,76.55,101.849
2026-05-25T15:14:30.9010000,23.65,76.55,101.849
2026-05-25T15:14:31.9420000,23.65,76.55,101.849
2026-05-25T15:14:32.9830000,23.65,76.54,101.849
2026-05-25T15:14:34.0340000,23.65,76.54,101.848
2026-05-25T15:14:35.0750000,23.65,76.54,101.848
2026-05-25T15:14:36.1150000,23.65,76.51,101.848
2026-05-25T15:14:37.1560000,23.65,76.54,101.848
2026-05-25T15:14:38.1970000,23.65,76.55,101.849
2026-05-25T15:14:39.2480000,23.65,76.55,101.849
2026-05-25T15:14:40.2890000,23.65,76.54,101.848
2026-05-25T15:14:42.3950000,23.65,76.52,101.848
2026-05-25T15:14:43.4150000,23.65,76.53,101.848
2026-05-25T15:14:44.4560000,23.66,76.52,101.849
2026-05-25T15:14:45.4960000,23.66,76.52,101.848
2026-05-25T15:14:46.5370000,23.66,76.51,101.849
2026-05-25T15:14:47.5880000,23.66,76.51,101.848
2026-05-25T15:14:48.6290000,23.66,76.49,101.849
2026-05-25T15:14:49.6700000,23.65,76.52,101.849
2026-05-25T15:14:50.7110000,23.66,76.49,101.849
2026-05-25T15:14:51.7520000,23.66,76.46,101.848
2026-05-25T15:14:52.8030000,23.66,76.45,101.847
2026-05-25T15:14:53.8430000,23.66,76.47,101.847
2026-05-25T15:14:54.8850000,23.65,76.47,101.847
2026-05-25T15:14:55.9670000,23.66,76.42,101.847
2026-05-25T15:14:56.9660000,23.66,76.43,101.847
2026-05-25T15:14:58.0070000,23.66,76.44,101.847
2026-05-25T15:14:59.0580000,23.66,76.43,101.848
2026-05-25T15:15:00.0990000,23.66,76.43,101.848
2026-05-25T15:15:01.1400000,23.66,76.42,101.848
2026-05-25T15:15:02.1810000,23.66,76.41,101.848
2026-05-25T15:15:03.2210000,23.66,76.4,101.847
2026-05-25T15:15:04.2620000,23.66,76.41,101.848
2026-05-25T15:15:05.3130000,23.66,76.4,101.848
2026-05-25T15:15:06.3540000,23.66,76.41,101.848
2026-05-25T15:15:07.3950000,23.66,76.34,101.849
2026-05-25T15:15:08.4360000,23.66,76.39,101.849
2026-05-25T15:15:09.5430000,23.66,76.36,101.849
2026-05-25T15:15:10.5210000,23.66,76.37,101.849
2026-05-25T15:15:11.5610000,23.66,76.37,101.849
2026-05-25T15:15:12.6020000,23.66,76.36,101.849
2026-05-25T15:15:13.6530000,23.66,76.36,101.848
2026-05-25T15:15:14.6940000,23.66,76.36,101.848
2026-05-25T15:15:15.7350000,23.66,76.37,101.849
2026-05-25T15:15:16.7760000,23.66,76.34,101.848
2026-05-25T15:15:17.8160000,23.66,76.34,101.848
2026-05-25T15:15:18.8680000,23.67,76.33,101.849
2026-05-25T15:15:19.9080000,23.67,76.33,101.849
2026-05-25T15:15:20.9490000,23.66,76.36,101.849
2026-05-25T15:15:21.9900000,23.66,76.33,101.849
2026-05-25T15:15:23.0310000,23.66,76.31,101.849
2026-05-25T15:15:24.0860000,23.66,76.32,101.849
2026-05-25T15:15:25.1160000,23.66,76.32,101.849
2026-05-25T15:15:26.1570000,23.67,76.31,101.849
2026-05-25T15:15:27.1980000,23.67,76.32,101.85
2026-05-25T15:15:28.2490000,23.67,76.32,101.85
2026-05-25T15:15:30.3300000,23.67,76.31,101.85
2026-05-25T15:15:31.3710000,23.67,76.26,101.85
2026-05-25T15:15:32.4120000,23.67,76.36,101.85
2026-05-25T15:15:33.4630000,23.66,76.34,101.849
2026-05-25T15:15:34.5040000,23.66,76.37,101.85
2026-05-25T15:15:35.5450000,23.66,76.29,101.85
2026-05-25T15:15:36.5860000,23.67,76.31,101.849
2026-05-25T15:15:37.6580000,23.67,76.29,101.85
2026-05-25T15:15:38.6670000,23.67,76.32,101.85
2026-05-25T15:15:39.7190000,23.67,76.32,101.849
2026-05-25T15:15:40.7590000,23.67,76.31,101.85
2026-05-25T15:15:41.8000000,23.67,76.32,101.85
2026-05-25T15:15:42.8410000,23.67,76.32,101.85
2026-05-25T15:15:43.8820000,23.67,76.32,101.85
2026-05-25T15:15:44.9230000,23.67,76.31,101.85
2026-05-25T15:15:45.9640000,23.67,76.33,101.849
2026-05-25T15:15:47.0150000,23.67,76.33,101.849
2026-05-25T15:15:48.0560000,23.67,76.35,101.849
2026-05-25T15:15:49.0970000,23.67,76.35,101.85
2026-05-25T15:15:51.2340000,23.67,76.32,101.851
2026-05-25T15:15:52.2230000,23.67,76.35,101.851
2026-05-25T15:15:53.2630000,23.67,76.32,101.85
2026-05-25T15:15:54.3150000,23.67,76.33,101.85
2026-05-25T15:15:55.3550000,23.67,76.35,101.85
2026-05-25T15:15:56.3960000,23.67,76.37,101.85
2026-05-25T15:15:57.4370000,23.67,76.37,101.85
2026-05-25T15:15:58.4780000,23.68,76.37,101.85
2026-05-25T15:15:59.5180000,23.68,76.39,101.85
2026-05-25T15:16:00.5700000,23.68,76.36,101.85
2026-05-25T15:16:01.6100000,23.68,76.39,101.849
2026-05-25T15:16:02.6510000,23.68,76.4,101.85
2026-05-25T15:16:03.6920000,23.68,76.43,101.85
2026-05-25T15:16:04.7330000,23.68,76.42,101.85
2026-05-25T15:16:05.7770000,23.68,76.46,101.849
2026-05-25T15:16:06.8180000,23.68,76.47,101.849
2026-05-25T15:16:07.8590000,23.68,76.48,101.848
2026-05-25T15:16:08.9100000,23.68,76.5,101.849
2026-05-25T15:16:09.9510000,23.68,76.53,101.848
2026-05-25T15:16:10.9920000,23.68,76.58,101.849
2026-05-25T15:16:12.0330000,23.69,76.62,101.848
2026-05-25T15:16:13.0730000,23.69,76.66,101.848
2026-05-25T15:16:14.1140000,23.69,76.72,101.847
2026-05-25T15:16:15.1650000,23.69,76.77,101.847
2026-05-25T15:16:16.2060000,23.69,76.82,101.847
2026-05-25T15:16:17.2470000,23.69,76.82,101.848
2026-05-25T15:16:18.2870000,23.69,76.9,101.849
2026-05-25T15:16:19.3490000,23.69,76.91,101.849
2026-05-25T15:16:20.3690000,23.69,76.99,101.848
2026-05-25T15:16:21.4200000,23.69,77.05,101.847
2026-05-25T15:16:22.4610000,23.69,77.12,101.848
2026-05-25T15:16:23.5020000,23.7,77.16,101.848
2026-05-25T15:16:24.5420000,23.7,77.21,101.848
2026-05-25T15:16:25.5830000,23.7,77.26,101.848
2026-05-25T15:16:26.6240000,23.7,77.28,101.849
2026-05-25T15:16:27.6750000,23.7,77.33,101.849
2026-05-25T15:16:28.7160000,23.7,77.37,101.849
2026-05-25T15:16:29.7570000,23.7,77.42,101.85
2026-05-25T15:16:30.7980000,23.7,77.48,101.849
2026-05-25T15:16:31.8380000,23.7,77.48,101.849
2026-05-25T15:16:32.9210000,23.7,77.61,101.85
2026-05-25T15:16:33.9310000,23.71,77.62,101.849
2026-05-25T15:16:34.9710000,23.71,77.66,101.848
2026-05-25T15:16:36.0120000,23.71,77.7,101.848
2026-05-25T15:16:37.0530000,23.71,77.74,101.849
2026-05-25T15:16:38.0940000,23.71,77.76,101.849
2026-05-25T15:16:39.1450000,23.71,77.79,101.849
2026-05-25T15:16:40.1860000,23.71,77.78,101.849
2026-05-25T15:16:41.2270000,23.71,77.9,101.849
2026-05-25T15:16:42.2670000,23.71,77.92,101.848
2026-05-25T15:16:43.3080000,23.71,77.89,101.848
2026-05-25T15:16:44.3490000,23.71,77.98,101.848
2026-05-25T15:16:45.4000000,23.71,78,101.848
2026-05-25T15:16:46.4930000,23.71,78.02,101.848
2026-05-25T15:16:47.4820000,23.71,78.05,101.849
2026-05-25T15:16:49.5630000,23.71,78.13,101.848
2026-05-25T15:16:50.6140000,23.71,78.17,101.849
2026-05-25T15:16:51.6550000,23.71,78.18,101.85
2026-05-25T15:16:52.6960000,23.71,78.23,101.848
2026-05-25T15:16:53.7370000,23.71,78.26,101.849
2026-05-25T15:16:54.7780000,23.71,78.28,101.849
2026-05-25T15:16:55.8190000,23.71,78.27,101.848
2026-05-25T15:16:56.8700000,23.71,78.3,101.847
2026-05-25T15:16:57.9110000,23.71,78.32,101.847
2026-05-25T15:16:58.9510000,23.71,78.35,101.847
2026-05-25T15:16:59.9920000,23.71,78.36,101.848
2026-05-25T15:17:01.0360000,23.71,78.45,101.848
2026-05-25T15:17:02.0770000,23.71,78.47,101.848
2026-05-25T15:17:03.1180000,23.71,78.5,101.848
2026-05-25T15:17:04.1590000,23.71,78.55,101.848
2026-05-25T15:17:05.2100000,23.72,78.63,101.849
2026-05-25T15:17:06.2510000,23.72,78.72,101.849
2026-05-25T15:17:07.2920000,23.72,78.78,101.848
2026-05-25T15:17:08.3330000,23.72,78.87,101.848
2026-05-25T15:17:09.3730000,23.72,78.92,101.848
2026-05-25T15:17:10.4140000,23.72,78.99,101.848
2026-05-25T15:17:11.4650000,23.72,79.11,101.848
2026-05-25T15:17:12.5060000,23.72,79.06,101.848
2026-05-25T15:17:13.5470000,23.72,79.15,101.848
2026-05-25T15:17:14.6120000,23.72,79.24,101.847
2026-05-25T15:17:15.6310000,23.72,79.3,101.848
2026-05-25T15:17:16.6720000,23.72,79.34,101.848
2026-05-25T15:17:17.7130000,23.72,79.39,101.848
2026-05-25T15:17:18.7640000,23.72,79.42,101.848
2026-05-25T15:17:19.8050000,23.72,79.45,101.848
2026-05-25T15:17:20.8460000,23.72,79.5,101.849
2026-05-25T15:17:21.8870000,23.72,79.53,101.849
2026-05-25T15:17:22.9280000,23.72,79.54,101.849
2026-05-25T15:17:23.9690000,23.72,79.61,101.849
2026-05-25T15:17:25.0100000,23.72,79.61,101.849
2026-05-25T15:17:26.0610000,23.72,79.68,101.849
2026-05-25T15:17:27.1020000,23.73,79.7,101.85
2026-05-25T15:17:28.1840000,23.73,79.77,101.849
2026-05-25T15:17:29.1830000,23.73,79.78,101.849
2026-05-25T15:17:30.2240000,23.73,79.8,101.85
2026-05-25T15:17:31.2650000,23.72,79.86,101.849
2026-05-25T15:17:32.3160000,23.73,79.92,101.849
2026-05-25T15:17:33.3570000,23.73,79.99,101.849
2026-05-25T15:17:34.3970000,23.73,80.07,101.85
2026-05-25T15:17:35.4380000,23.73,80.13,101.849
2026-05-25T15:17:36.4790000,23.73,80.19,101.849
2026-05-25T15:17:37.5300000,23.73,80.27,101.85
2026-05-25T15:17:38.5710000,23.73,80.35,101.849
2026-05-25T15:17:39.6120000,23.73,80.4,101.849
2026-05-25T15:17:40.6530000,23.73,80.46,101.848
2026-05-25T15:17:41.7600000,23.73,80.53,101.848
2026-05-25T15:17:42.7380000,23.72,80.57,101.847
2026-05-25T15:17:43.7790000,23.72,80.61,101.847
2026-05-25T15:17:44.8200000,23.72,80.64,101.847
2026-05-25T15:17:45.8710000,23.72,80.67,101.847
2026-05-25T15:17:46.9120000,23.72,80.71,101.847
2026-05-25T15:17:47.9530000,23.73,80.73,101.848
2026-05-25T15:17:48.9930000,23.72,80.75,101.847
2026-05-25T15:17:50.0340000,23.73,80.75,101.848
2026-05-25T15:17:51.0750000,23.73,80.78,101.847
2026-05-25T15:17:52.1260000,23.73,80.85,101.847
2026-05-25T15:17:53.1670000,23.73,80.84,101.847
2026-05-25T15:17:54.2070000,23.73,80.86,101.846
2026-05-25T15:17:55.2480000,23.73,80.93,101.847
2026-05-25T15:17:56.3030000,23.73,80.96,101.847
2026-05-25T15:17:57.3330000,23.73,80.96,101.846
2026-05-25T15:17:58.3740000,23.73,80.97,101.846
2026-05-25T15:17:59.4150000,23.73,80.98,101.846
2026-05-25T15:18:00.4660000,23.73,81.01,101.846
2026-05-25T15:18:01.5070000,23.73,81.03,101.846
2026-05-25T15:18:02.5480000,23.72,81.04,101.846
2026-05-25T15:18:03.5880000,23.73,81.04,101.847
2026-05-25T15:18:04.6290000,23.73,81.1,101.847
2026-05-25T15:18:05.6700000,23.73,81.11,101.847
2026-05-25T15:18:06.7220000,23.73,81.13,101.846
2026-05-25T15:18:07.7620000,23.73,81.2,101.846
2026-05-25T15:18:08.8030000,23.73,81.25,101.847
2026-05-25T15:18:09.8720000,23.73,81.26,101.846
2026-05-25T15:18:10.8920000,23.73,81.29,101.846
2026-05-25T15:18:11.9330000,23.73,81.33,101.846
2026-05-25T15:18:14.0140000,23.73,81.4,101.847
2026-05-25T15:18:15.0550000,23.73,81.42,101.846
2026-05-25T15:18:16.0960000,23.73,81.45,101.847
2026-05-25T15:18:17.1470000,23.73,81.42,101.846
2026-05-25T15:18:18.1880000,23.73,81.44,101.847
2026-05-25T15:18:19.2290000,23.73,81.45,101.847
2026-05-25T15:18:20.2690000,23.73,81.46,101.847
2026-05-25T15:18:21.3100000,23.73,81.48,101.847
2026-05-25T15:18:22.3610000,23.73,81.54,101.846
2026-05-25T15:18:23.4440000,23.73,81.5,101.846
2026-05-25T15:18:24.4430000,23.73,81.55,101.846
2026-05-25T15:18:25.4840000,23.73,81.56,101.846
2026-05-25T15:18:26.5240000,23.73,81.57,101.846
2026-05-25T15:18:27.5650000,23.73,81.58,101.846
2026-05-25T15:18:28.6160000,23.73,81.57,101.847
2026-05-25T15:18:29.6570000,23.73,81.57,101.847
2026-05-25T15:18:30.6980000,23.73,81.58,101.846
2026-05-25T15:18:31.7390000,23.73,81.58,101.846
2026-05-25T15:18:32.7800000,23.73,81.62,101.846
2026-05-25T15:18:33.8310000,23.73,81.66,101.845
2026-05-25T15:18:34.8720000,23.73,81.63,101.845
2026-05-25T15:18:35.9120000,23.73,81.62,101.845
2026-05-25T15:18:37.0160000,23.73,81.62,101.845
2026-05-25T15:18:37.9940000,23.73,81.64,101.844
2026-05-25T15:18:39.0350000,23.73,81.65,101.844
2026-05-25T15:18:40.0860000,23.73,81.65,101.844
2026-05-25T15:18:42.1670000,23.73,81.65,101.844
2026-05-25T15:18:43.2080000,23.73,81.66,101.845
2026-05-25T15:18:44.2490000,23.73,81.67,101.845
2026-05-25T15:18:45.3000000,23.73,81.64,101.845
2026-05-25T15:18:46.3410000,23.73,81.68,101.844
2026-05-25T15:18:47.3820000,23.73,81.67,101.844
2026-05-25T15:18:48.4230000,23.73,81.64,101.844
2026-05-25T15:18:49.4630000,23.73,81.66,101.844
2026-05-25T15:18:50.5040000,23.73,81.7,101.844
2026-05-25T15:18:51.5590000,23.73,81.65,101.845
2026-05-25T15:18:52.5890000,23.72,81.65,101.845
2026-05-25T15:18:53.6400000,23.72,81.64,101.845
2026-05-25T15:18:54.6820000,23.72,81.62,101.845
2026-05-25T15:18:55.7220000,23.72,81.62,101.843
2026-05-25T15:18:56.7630000,23.72,81.63,101.843
2026-05-25T15:18:57.8040000,23.72,81.63,101.843
2026-05-25T15:18:58.8550000,23.72,81.61,101.843
2026-05-25T15:18:59.8960000,23.72,81.63,101.843
2026-05-25T15:19:00.9370000,23.72,81.61,101.843
2026-05-25T15:19:01.9780000,23.72,81.65,101.843
2026-05-25T15:19:03.0180000,23.72,81.65,101.843
2026-05-25T15:19:04.0590000,23.72,81.66,101.843
2026-05-25T15:19:05.1280000,23.72,81.65,101.843
2026-05-25T15:19:06.1470000,23.72,81.64,101.844
2026-05-25T15:19:07.1880000,23.72,81.63,101.844
2026-05-25T15:19:08.2400000,23.72,81.63,101.844
2026-05-25T15:19:09.2800000,23.72,81.62,101.843
2026-05-25T15:19:10.3210000,23.72,81.62,101.843
2026-05-25T15:19:11.3620000,23.72,81.64,101.843
2026-05-25T15:19:12.4030000,23.72,81.64,101.843
2026-05-25T15:19:13.4430000,23.72,81.63,101.843
2026-05-25T15:19:14.4950000,23.72,81.65,101.843
2026-05-25T15:19:15.5360000,23.72,81.67,101.843
2026-05-25T15:19:16.5760000,23.72,81.64,101.843
2026-05-25T15:19:17.6170000,23.72,81.65,101.843
2026-05-25T15:19:18.6960000,23.71,81.64,101.843
2026-05-25T15:19:19.7060000,23.71,81.62,101.842
2026-05-25T15:19:20.7470000,23.71,81.59,101.843
2026-05-25T15:19:21.7870000,23.71,81.57,101.842
2026-05-25T15:19:22.8280000,23.71,81.55,101.842
2026-05-25T15:19:23.8690000,23.71,81.53,101.842
2026-05-25T15:19:24.9210000,23.71,81.5,101.842
2026-05-25T15:19:25.9620000,23.7,81.46,101.841
2026-05-25T15:19:27.0020000,23.7,81.46,101.842
2026-05-25T15:19:28.0430000,23.7,81.49,101.842
2026-05-25T15:19:29.0840000,23.71,81.43,101.842
2026-05-25T15:19:30.1240000,23.71,81.4,101.841
2026-05-25T15:19:31.1760000,23.7,81.42,101.841
2026-05-25T15:19:32.2650000,23.7,81.37,101.842
2026-05-25T15:19:33.2540000,23.7,81.33,101.841
2026-05-25T15:19:34.3050000,23.7,81.31,101.841
2026-05-25T15:19:35.3460000,23.7,81.29,101.841
2026-05-25T15:19:36.3860000,23.7,81.27,101.841
2026-05-25T15:19:37.4270000,23.7,81.25,101.842
2026-05-25T15:19:39.5090000,23.7,81.21,101.841
2026-05-25T15:19:40.5600000,23.7,81.21,101.841
2026-05-25T15:19:41.6010000,23.69,81.16,101.841
2026-05-25T15:19:42.6410000,23.69,81.16,101.841
2026-05-25T15:19:43.6820000,23.69,81.15,101.841
2026-05-25T15:19:44.7230000,23.69,81.12,101.842
2026-05-25T15:19:45.8370000,23.69,81.05,101.843
2026-05-25T15:19:46.8150000,23.69,81.07,101.843
2026-05-25T15:19:47.8560000,23.69,81.04,101.843
2026-05-25T15:19:48.8970000,23.69,81.03,101.843
2026-05-25T15:19:49.9370000,23.69,81,101.843
2026-05-25T15:19:50.9780000,23.69,80.98,101.843
2026-05-25T15:19:52.0290000,23.69,80.95,101.844
2026-05-25T15:19:53.0700000,23.69,80.93,101.843
2026-05-25T15:19:54.1100000,23.69,80.91,101.843
2026-05-25T15:19:55.1520000,23.69,80.92,101.842
2026-05-25T15:19:56.1930000,23.69,80.85,101.842
2026-05-25T15:19:57.2340000,23.68,80.84,101.842
2026-05-25T15:19:58.2850000,23.68,80.81,101.842
2026-05-25T15:19:59.3260000,23.68,80.75,101.842
2026-05-25T15:20:00.3770000,23.68,80.78,101.842
2026-05-25T15:20:01.4070000,23.68,80.75,101.841
2026-05-25T15:20:02.4480000,23.68,80.73,101.841
2026-05-25T15:20:03.4890000,23.68,80.73,101.841
2026-05-25T15:20:04.5400000,23.68,80.71,101.841
2026-05-25T15:20:05.5810000,23.68,80.69,101.842
2026-05-25T15:20:06.6210000,23.68,80.67,101.841
2026-05-25T15:20:07.6620000,23.68,80.66,101.842
2026-05-25T15:20:08.7030000,23.68,80.61,101.841
2026-05-25T15:20:09.7540000,23.68,80.56,101.841
2026-05-25T15:20:10.7950000,23.68,80.58,101.841
2026-05-25T15:20:11.8360000,23.68,80.55,101.84
2026-05-25T15:20:12.8770000,23.68,80.53,101.841
2026-05-25T15:20:13.9450000,23.67,80.51,101.841
2026-05-25T15:20:14.9650000,23.67,80.47,101.842
2026-05-25T15:20:16.0060000,23.67,80.46,101.842
2026-05-25T15:20:17.0470000,23.68,80.44,101.843
2026-05-25T15:20:18.0880000,23.67,80.42,101.842
2026-05-25T15:20:19.1290000,23.67,80.4,101.842
2026-05-25T15:20:20.1800000,23.67,80.38,101.843
2026-05-25T15:20:21.2210000,23.67,80.28,101.843
2026-05-25T15:20:22.2620000,23.67,80.32,101.844
2026-05-25T15:20:23.3030000,23.67,80.33,101.844
2026-05-25T15:20:24.3430000,23.67,80.3,101.843
2026-05-25T15:20:25.3840000,23.67,80.32,101.843
2026-05-25T15:20:26.4350000,23.67,80.29,101.843
2026-05-25T15:20:27.5150000,23.67,80.29,101.844
2026-05-25T15:20:28.5140000,23.66,80.23,101.843
2026-05-25T15:20:29.5540000,23.67,80.21,101.843
2026-05-25T15:20:30.6060000,23.67,80.2,101.842
2026-05-25T15:20:31.6460000,23.67,80.18,101.842
2026-05-25T15:20:32.6870000,23.67,80.17,101.842
2026-05-25T15:20:33.7280000,23.67,80.16,101.842
2026-05-25T15:20:34.7690000,23.67,80.2,101.841
2026-05-25T15:20:35.8100000,23.67,80.14,101.842
2026-05-25T15:20:36.8610000,23.67,80.16,101.841
2026-05-25T15:20:37.9020000,23.67,80.14,101.841
2026-05-25T15:20:38.9430000,23.67,80.1,101.842
2026-05-25T15:20:39.9830000,23.67,80.12,101.842
2026-05-25T15:20:41.0870000,23.67,80.09,101.843
2026-05-25T15:20:42.0650000,23.67,80.06,101.843
2026-05-25T15:20:43.1160000,23.67,80.05,101.842
2026-05-25T15:20:44.1570000,23.67,80.04,101.841
2026-05-25T15:20:45.1980000,23.67,80.02,101.842
2026-05-25T15:20:46.2390000,23.66,80,101.841
2026-05-25T15:20:47.2800000,23.67,80,101.841
2026-05-25T15:20:48.3310000,23.67,79.99,101.841
2026-05-25T15:20:49.3720000,23.67,79.96,101.841
2026-05-25T15:20:50.4120000,23.66,79.96,101.841
2026-05-25T15:20:51.4530000,23.66,79.95,101.84
2026-05-25T15:20:52.4940000,23.66,79.92,101.841
2026-05-25T15:20:53.5350000,23.66,79.9,101.841
2026-05-25T15:20:54.6560000,23.66,79.89,101.842
2026-05-25T15:20:55.6270000,23.66,79.87,101.841
2026-05-25T15:20:56.6680000,23.66,79.84,101.841
2026-05-25T15:20:57.7090000,23.66,79.83,101.841
2026-05-25T15:20:58.7490000,23.66,79.81,101.841
2026-05-25T15:20:59.7900000,23.66,79.8,101.841
2026-05-25T15:21:00.8410000,23.66,79.79,101.842
2026-05-25T15:21:01.8820000,23.66,79.78,101.842
2026-05-25T15:21:02.9230000,23.66,79.79,101.842
2026-05-25T15:21:03.9640000,23.66,79.76,101.841
2026-05-25T15:21:06.0450000,23.66,79.72,101.842
2026-05-25T15:21:07.0960000,23.66,79.71,101.842
2026-05-25T15:21:08.1370000,23.66,79.73,101.842
2026-05-25T15:21:09.1950000,23.66,79.7,101.841
2026-05-25T15:21:10.2260000,23.66,79.7,101.841
2026-05-25T15:21:11.2660000,23.66,79.69,101.841
2026-05-25T15:21:12.3070000,23.66,79.69,101.841
2026-05-25T15:21:13.3480000,23.66,79.68,101.84
2026-05-25T15:21:14.3890000,23.66,79.66,101.84
2026-05-25T15:21:15.4290000,23.66,79.66,101.84
2026-05-25T15:21:16.4810000,23.66,79.7,101.841
2026-05-25T15:21:17.5220000,23.66,79.64,101.841
2026-05-25T15:21:18.5630000,23.66,79.63,101.841
2026-05-25T15:21:19.6030000,23.66,79.63,101.84
2026-05-25T15:21:20.6440000,23.66,79.62,101.84
2026-05-25T15:21:21.6850000,23.66,79.57,101.84
2026-05-25T15:21:22.7680000,23.66,79.59,101.84
2026-05-25T15:21:23.7770000,23.66,79.56,101.84
2026-05-25T15:21:24.8180000,23.66,79.53,101.841
2026-05-25T15:21:25.8590000,23.66,79.51,101.84
2026-05-25T15:21:26.9000000,23.66,79.5,101.84
2026-05-25T15:21:27.9410000,23.65,79.47,101.841
2026-05-25T15:21:28.9920000,23.65,79.46,101.84
2026-05-25T15:21:30.0330000,23.65,79.53,101.84
2026-05-25T15:21:31.0730000,23.65,79.45,101.841
2026-05-25T15:21:32.1140000,23.65,79.43,101.84
2026-05-25T15:21:33.1550000,23.65,79.44,101.84
2026-05-25T15:21:34.1960000,23.65,79.42,101.84
2026-05-25T15:21:35.2480000,23.65,79.4,101.84
2026-05-25T15:21:36.3370000,23.65,79.37,101.84
2026-05-25T15:21:37.3260000,23.65,79.34,101.839
2026-05-25T15:21:38.3660000,23.65,79.33,101.839
2026-05-25T15:21:39.4180000,23.65,79.31,101.839
2026-05-25T15:21:40.4590000,23.65,79.3,101.839
2026-05-25T15:21:41.4990000,23.65,79.28,101.839
2026-05-25T15:21:42.5400000,23.65,79.28,101.838
2026-05-25T15:21:43.5810000,23.65,79.27,101.839
2026-05-25T15:21:44.6320000,23.65,79.25,101.839
2026-05-25T15:21:45.6730000,23.65,79.26,101.839
2026-05-25T15:21:46.7140000,23.65,79.22,101.839
2026-05-25T15:21:47.7540000,23.65,79.22,101.838
2026-05-25T15:21:48.7950000,23.65,79.19,101.837
2026-05-25T15:21:49.9060000,23.65,79.18,101.838
2026-05-25T15:21:50.8840000,23.65,79.16,101.838
2026-05-25T15:21:51.9240000,23.65,79.15,101.837
2026-05-25T15:21:52.9650000,23.65,79.13,101.838
2026-05-25T15:21:54.0160000,23.65,79.12,101.838
2026-05-25T15:21:55.0570000,23.65,79.09,101.839
2026-05-25T15:21:56.0980000,23.65,79.09,101.84
2026-05-25T15:21:57.1390000,23.65,79.07,101.839
2026-05-25T15:21:58.1800000,23.65,79.06,101.84
2026-05-25T15:21:59.2210000,23.65,79.06,101.84
2026-05-25T15:22:00.2720000,23.65,79.05,101.84
2026-05-25T15:22:01.3130000,23.65,79.03,101.84
2026-05-25T15:22:02.3540000,23.64,79.03,101.84
2026-05-25T15:22:03.3940000,23.65,79.03,101.841
2026-05-25T15:22:04.4460000,23.65,78.97,101.84
2026-05-25T15:22:05.4870000,23.65,78.99,101.84
2026-05-25T15:22:06.5270000,23.64,78.97,101.84
2026-05-25T15:22:07.5680000,23.64,78.96,101.84
2026-05-25T15:22:08.6090000,23.64,78.95,101.84
2026-05-25T15:22:09.6500000,23.65,78.94,101.84
2026-05-25T15:22:10.6910000,23.65,78.93,101.84
2026-05-25T15:22:11.7420000,23.65,78.96,101.84
2026-05-25T15:22:12.7820000,23.65,78.91,101.84
2026-05-25T15:22:13.8230000,23.65,78.94,101.841
2026-05-25T15:22:14.8640000,23.65,78.87,101.839
2026-05-25T15:22:15.9050000,23.65,78.86,101.84
2026-05-25T15:22:16.9460000,23.65,78.88,101.84
2026-05-25T15:22:18.0140000,23.65,78.86,101.839
2026-05-25T15:22:19.0340000,23.65,78.84,101.839
2026-05-25T15:22:20.0750000,23.65,78.83,101.838
2026-05-25T15:22:21.1160000,23.65,78.81,101.838
2026-05-25T15:22:22.1670000,23.65,78.8,101.838
2026-05-25T15:22:23.2080000,23.65,78.79,101.838
2026-05-25T15:22:24.2490000,23.65,78.77,101.839
2026-05-25T15:22:25.2890000,23.64,78.79,101.839
2026-05-25T15:22:26.3300000,23.64,78.73,101.839
2026-05-25T15:22:27.3710000,23.64,78.73,101.839
2026-05-25T15:22:28.4230000,23.64,78.72,101.839
2026-05-25T15:22:29.4630000,23.64,78.72,101.839
2026-05-25T15:22:30.5040000,23.65,78.7,101.839
2026-05-25T15:22:31.5830000,23.65,78.68,101.84
2026-05-25T15:22:32.5930000,23.65,78.68,101.839
2026-05-25T15:22:33.6330000,23.64,78.68,101.838
2026-05-25T15:22:34.6740000,23.64,78.67,101.839
2026-05-25T15:22:35.7150000,23.64,78.65,101.838
2026-05-25T15:22:36.7550000,23.64,78.66,101.838
2026-05-25T15:22:37.8070000,23.64,78.64,101.838
2026-05-25T15:22:38.8470000,23.64,78.59,101.838
2026-05-25T15:22:39.8880000,23.65,78.61,101.839
2026-05-25T15:22:40.9290000,23.64,78.58,101.839
2026-05-25T15:22:41.9700000,23.64,78.59,101.84
2026-05-25T15:22:43.0110000,23.64,78.63,101.84
2026-05-25T15:22:44.0620000,23.64,78.58,101.84
2026-05-25T15:22:45.1520000,23.64,78.56,101.838
2026-05-25T15:22:46.1400000,23.64,78.53,101.838
2026-05-25T15:22:47.1810000,23.65,78.53,101.839
2026-05-25T15:22:48.2320000,23.64,78.52,101.838
2026-05-25T15:22:49.2730000,23.64,78.5,101.838
2026-05-25T15:22:50.3140000,23.64,78.5,101.838
2026-05-25T15:22:51.3550000,23.64,78.47,101.837
2026-05-25T15:22:52.3960000,23.64,78.46,101.837
2026-05-25T15:22:53.4360000,23.64,78.45,101.837
2026-05-25T15:22:54.4880000,23.64,78.42,101.837
2026-05-25T15:22:55.5290000,23.64,78.45,101.837
2026-05-25T15:22:56.5690000,23.64,78.43,101.836
2026-05-25T15:22:57.6100000,23.64,78.43,101.836
2026-05-25T15:22:58.7210000,23.64,78.41,101.837
2026-05-25T15:22:59.6980000,23.64,78.41,101.837
2026-05-25T15:23:00.7390000,23.65,78.4,101.837
2026-05-25T15:23:01.7800000,23.65,78.4,101.837
2026-05-25T15:23:02.8200000,23.65,78.39,101.837
2026-05-25T15:23:03.8720000,23.65,78.37,101.837
2026-05-25T15:23:04.9130000,23.64,78.36,101.836
2026-05-25T15:23:05.9530000,23.64,78.34,101.837
2026-05-25T15:23:06.9940000,23.64,78.3,101.837
2026-05-25T15:23:08.0350000,23.64,78.36,101.836
2026-05-25T15:23:09.0760000,23.64,78.31,101.836
2026-05-25T15:23:10.1270000,23.64,78.3,101.835
2026-05-25T15:23:11.1680000,23.64,78.31,101.835
2026-05-25T15:23:12.2090000,23.64,78.31,101.836
2026-05-25T15:23:13.2600000,23.64,78.28,101.836
2026-05-25T15:23:14.2900000,23.64,78.28,101.836
2026-05-25T15:23:15.3410000,23.64,78.27,101.837
2026-05-25T15:23:16.3820000,23.64,78.27,101.838
2026-05-25T15:23:17.4230000,23.64,78.26,101.837
2026-05-25T15:23:18.4640000,23.64,78.25,101.837
2026-05-25T15:23:19.5050000,23.64,78.25,101.837
2026-05-25T15:23:20.5450000,23.64,78.26,101.837
2026-05-25T15:23:21.5960000,23.64,78.23,101.836
2026-05-25T15:23:22.6370000,23.64,78.26,101.836
2026-05-25T15:23:23.6780000,23.64,78.24,101.837
2026-05-25T15:23:24.7190000,23.64,78.24,101.836
2026-05-25T15:23:25.7590000,23.64,78.21,101.836
2026-05-25T15:23:26.8310000,23.64,78.19,101.837
2026-05-25T15:23:27.8510000,23.65,78.2,101.837
2026-05-25T15:23:28.8920000,23.64,78.18,101.837
2026-05-25T15:23:29.9330000,23.64,78.18,101.837
2026-05-25T15:23:30.9740000,23.64,78.18,101.837
2026-05-25T15:23:32.0150000,23.64,78.18,101.836
2026-05-25T15:23:33.0660000,23.64,78.18,101.836
2026-05-25T15:23:34.1070000,23.64,78.18,101.835
2026-05-25T15:23:35.1470000,23.64,78.19,101.835
2026-05-25T15:23:36.1880000,23.64,78.17,101.835
2026-05-25T15:23:37.2290000,23.64,78.15,101.834
2026-05-25T15:23:38.2700000,23.64,78.15,101.834
2026-05-25T15:23:39.3210000,23.64,78.14,101.835
2026-05-25T15:23:40.4000000,23.64,78.15,101.835
2026-05-25T15:23:41.3990000,23.64,78.12,101.834
2026-05-25T15:23:42.4400000,23.64,78.12,101.834
2026-05-25T15:23:43.4910000,23.64,78.11,101.835
2026-05-25T15:23:44.5320000,23.65,78.11,101.835
2026-05-25T15:23:45.5730000,23.65,78.1,101.835
2026-05-25T15:23:46.6130000,23.65,78.09,101.835
2026-05-25T15:23:47.6540000,23.65,78.13,101.835
2026-05-25T15:23:48.7050000,23.65,78.05,101.836
2026-05-25T15:23:49.7460000,23.64,78.11,101.836
2026-05-25T15:23:50.7870000,23.65,78.02,101.836
2026-05-25T15:23:51.8280000,23.65,78,101.836
2026-05-25T15:23:52.8680000,23.65,78.04,101.836
2026-05-25T15:23:53.9690000,23.65,78.01,101.836
2026-05-25T15:23:54.9570000,23.64,78,101.835
2026-05-25T15:23:55.9980000,23.64,78,101.835
2026-05-25T15:23:57.0380000,23.64,77.99,101.835
2026-05-25T15:23:58.0790000,23.64,77.98,101.835
2026-05-25T15:23:59.1300000,23.64,77.97,101.836
2026-05-25T15:24:00.1710000,23.64,77.95,101.836
2026-05-25T15:24:01.2120000,23.64,77.95,101.836
2026-05-25T15:24:02.2530000,23.64,77.95,101.836
2026-05-25T15:24:03.2940000,23.64,77.93,101.836
2026-05-25T15:24:04.3340000,23.64,77.93,101.836
2026-05-25T15:24:05.3860000,23.64,77.95,101.836
2026-05-25T15:24:06.4260000,23.64,77.91,101.836
2026-05-25T15:24:07.4670000,23.64,77.93,101.836
2026-05-25T15:24:08.5080000,23.64,77.9,101.835
2026-05-25T15:24:09.5490000,23.64,77.89,101.835
2026-05-25T15:24:10.6000000,23.64,77.88,101.835
2026-05-25T15:24:11.6400000,23.64,77.88,101.834
2026-05-25T15:24:12.6810000,23.64,77.87,101.834
2026-05-25T15:24:13.7220000,23.65,77.86,101.835
2026-05-25T15:24:14.7630000,23.65,77.87,101.835
2026-05-25T15:24:15.8040000,23.65,77.83,101.835
2026-05-25T15:24:16.8550000,23.65,77.84,101.835
2026-05-25T15:24:17.8960000,23.65,77.85,101.835
2026-05-25T15:24:18.9370000,23.64,77.85,101.835
2026-05-25T15:24:19.9770000,23.64,77.81,101.835
2026-05-25T15:24:21.0180000,23.65,77.76,101.835
2026-05-25T15:24:22.0800000,23.65,77.8,101.836
2026-05-25T15:24:23.1100000,23.65,77.79,101.836
2026-05-25T15:24:24.1510000,23.65,77.77,101.837
2026-05-25T15:24:25.1920000,23.65,77.77,101.836
2026-05-25T15:24:26.2330000,23.65,77.76,101.837
2026-05-25T15:24:27.2730000,23.65,77.76,101.836
2026-05-25T15:24:28.3140000,23.65,77.75,101.836
2026-05-25T15:24:29.3660000,23.65,77.71,101.837
2026-05-25T15:24:30.4060000,23.65,77.73,101.837
2026-05-25T15:24:31.4470000,23.65,77.72,101.837
2026-05-25T15:24:32.4880000,23.65,77.73,101.836
2026-05-25T15:24:33.5280000,23.65,77.71,101.836
2026-05-25T15:24:34.5690000,23.65,77.75,101.836
2026-05-25T15:24:35.6520000,23.65,77.7,101.837
2026-05-25T15:24:36.6610000,23.65,77.71,101.836
2026-05-25T15:24:37.7020000,23.65,77.7,101.836
2026-05-25T15:24:38.7430000,23.65,77.71,101.835
2026-05-25T15:24:39.7840000,23.65,77.69,101.836
2026-05-25T15:24:40.8240000,23.65,77.67,101.835
2026-05-25T15:24:41.8760000,23.65,77.66,101.835
2026-05-25T15:24:42.9160000,23.65,77.66,101.835
2026-05-25T15:24:43.9570000,23.65,77.64,101.835
2026-05-25T15:24:44.9980000,23.65,77.62,101.834
2026-05-25T15:24:46.0390000,23.65,77.63,101.835
2026-05-25T15:24:47.0790000,23.65,77.62,101.835
2026-05-25T15:24:48.1310000,23.65,77.6,101.834
2026-05-25T15:24:49.2240000,23.65,77.6,101.835
2026-05-25T15:24:50.2120000,23.65,77.61,101.835
2026-05-25T15:24:51.2530000,23.65,77.61,101.834
2026-05-25T15:24:52.2940000,23.65,77.6,101.835
2026-05-25T15:24:53.3350000,23.65,77.6,101.835
2026-05-25T15:24:54.3860000,23.65,77.6,101.835
2026-05-25T15:24:55.4270000,23.65,77.59,101.835
2026-05-25T15:24:56.4670000,23.65,77.58,101.835
2026-05-25T15:24:57.5080000,23.65,77.56,101.834
2026-05-25T15:24:58.5490000,23.65,77.54,101.834
2026-05-25T15:24:59.5900000,23.65,77.56,101.834
2026-05-25T15:25:00.6410000,23.65,77.58,101.833
2026-05-25T15:25:01.6820000,23.65,77.54,101.833
2026-05-25T15:25:02.7930000,23.65,77.53,101.833
2026-05-25T15:25:03.7630000,23.65,77.54,101.832
2026-05-25T15:25:04.8040000,23.65,77.53,101.832
2026-05-25T15:25:05.8550000,23.65,77.52,101.833
2026-05-25T15:25:06.8960000,23.65,77.52,101.833
2026-05-25T15:25:07.9370000,23.65,77.51,101.833
2026-05-25T15:25:08.9780000,23.65,77.49,101.833
2026-05-25T15:25:10.0180000,23.65,77.49,101.833
2026-05-25T15:25:11.0590000,23.66,77.47,101.833
2026-05-25T15:25:12.1100000,23.66,77.49,101.834
2026-05-25T15:25:13.1510000,23.66,77.48,101.834
2026-05-25T15:25:14.1920000,23.66,77.47,101.833
2026-05-25T15:25:15.2330000,23.66,77.45,101.833
2026-05-25T15:25:16.2740000,23.66,77.47,101.833
2026-05-25T15:25:17.3320000,23.66,77.43,101.833
2026-05-25T15:25:18.3620000,23.66,77.42,101.833
2026-05-25T15:25:19.4030000,23.66,77.42,101.833
2026-05-25T15:25:20.4430000,23.66,77.41,101.833
2026-05-25T15:25:21.4840000,23.66,77.41,101.832
2026-05-25T15:25:22.5350000,23.66,77.4,101.832
2026-05-25T15:25:23.5760000,23.66,77.4,101.833
2026-05-25T15:25:24.6170000,23.66,77.37,101.833
2026-05-25T15:25:25.6580000,23.66,77.38,101.833
2026-05-25T15:25:26.6980000,23.66,77.41,101.832
2026-05-25T15:25:27.7390000,23.66,77.34,101.833
2026-05-25T15:25:28.7900000,23.66,77.36,101.833
2026-05-25T15:25:29.8310000,23.66,77.34,101.833
2026-05-25T15:25:30.9040000,23.66,77.35,101.833
2026-05-25T15:25:31.9130000,23.66,77.33,101.833
2026-05-25T15:25:32.9540000,23.66,77.33,101.833
2026-05-25T15:25:34.0050000,23.66,77.32,101.833
2026-05-25T15:25:35.0460000,23.66,77.31,101.833
2026-05-25T15:25:36.0860000,23.66,77.29,101.832
2026-05-25T15:25:37.1270000,23.66,77.29,101.832
2026-05-25T15:25:38.1680000,23.66,77.27,101.832
2026-05-25T15:25:39.2090000,23.66,77.27,101.831
2026-05-25T15:25:40.2600000,23.66,77.27,101.831
2026-05-25T15:25:41.3010000,23.66,77.24,101.831
2026-05-25T15:25:42.3410000,23.66,77.27,101.831
2026-05-25T15:25:43.3820000,23.66,77.25,101.83
2026-05-25T15:25:44.4720000,23.66,77.24,101.831
2026-05-25T15:25:45.4710000,23.66,77.21,101.831
2026-05-25T15:25:46.5120000,23.66,77.2,101.83
2026-05-25T15:25:47.5520000,23.66,77.19,101.83
2026-05-25T15:25:48.5930000,23.66,77.19,101.829
2026-05-25T15:25:49.6340000,23.66,77.17,101.828
2026-05-25T15:25:50.6850000,23.65,77.17,101.828
2026-05-25T15:25:51.7260000,23.66,77.18,101.829
2026-05-25T15:25:52.7660000,23.66,77.17,101.829
2026-05-25T15:25:53.8070000,23.66,77.16,101.829
2026-05-25T15:25:54.8480000,23.66,77.13,101.829
2026-05-25T15:25:55.8990000,23.66,77.12,101.829
2026-05-25T15:25:56.9400000,23.66,77.12,101.829
2026-05-25T15:25:58.0440000,23.66,77.11,101.829
2026-05-25T15:25:59.0220000,23.66,77.09,101.829
2026-05-25T15:26:00.0630000,23.66,77.08,101.829
2026-05-25T15:26:01.1030000,23.66,77.08,101.83
2026-05-25T15:26:02.1550000,23.66,77.08,101.829
2026-05-25T15:26:03.1950000,23.66,77.06,101.829
2026-05-25T15:26:04.2360000,23.66,77.06,101.829
2026-05-25T15:26:05.2780000,23.66,77.05,101.829
2026-05-25T15:26:06.3190000,23.66,77.03,101.829
2026-05-25T15:26:07.3590000,23.66,77.07,101.828
2026-05-25T15:26:08.4100000,23.66,77.02,101.828
2026-05-25T15:26:09.4510000,23.66,77.03,101.827
2026-05-25T15:26:10.4920000,23.66,77.05,101.827
2026-05-25T15:26:11.5320000,23.66,77,101.828
2026-05-25T15:26:12.5800000,23.66,77.02,101.828
2026-05-25T15:26:13.6210000,23.66,77.02,101.828
2026-05-25T15:26:14.6620000,23.66,77.02,101.828
2026-05-25T15:26:15.7020000,23.66,77,101.828
2026-05-25T15:26:16.7430000,23.66,77,101.828
2026-05-25T15:26:17.7840000,23.66,76.98,101.828
2026-05-25T15:26:18.8350000,23.66,76.98,101.828
2026-05-25T15:26:19.8760000,23.66,77.03,101.828
2026-05-25T15:26:20.9170000,23.66,76.96,101.828
2026-05-25T15:26:21.9580000,23.66,76.98,101.827
2026-05-25T15:26:22.9990000,23.66,76.99,101.827
2026-05-25T15:26:24.0390000,23.66,76.97,101.827
2026-05-25T15:26:25.0910000,23.66,76.94,101.827
2026-05-25T15:26:26.1520000,23.66,76.94,101.827
2026-05-25T15:26:27.1720000,23.67,76.96,101.828
2026-05-25T15:26:28.2130000,23.67,76.95,101.828
2026-05-25T15:26:29.2540000,23.67,76.94,101.828
2026-05-25T15:26:30.2940000,23.67,76.94,101.828
2026-05-25T15:26:31.3450000,23.67,76.93,101.827
2026-05-25T15:26:32.3860000,23.67,76.92,101.827
2026-05-25T15:26:33.4270000,23.67,76.9,101.827
2026-05-25T15:26:34.4680000,23.67,76.92,101.828
2026-05-25T15:26:35.5090000,23.67,76.89,101.827
2026-05-25T15:26:36.5600000,23.67,76.87,101.827
2026-05-25T15:26:37.6010000,23.67,76.91,101.827
2026-05-25T15:26:38.6410000,23.67,76.93,101.827
2026-05-25T15:26:39.7210000,23.67,76.86,101.826
2026-05-25T15:26:40.7300000,23.66,76.87,101.826
2026-05-25T15:26:41.7710000,23.67,76.87,101.827
2026-05-25T15:26:42.8110000,23.67,76.86,101.826
2026-05-25T15:26:43.8520000,23.67,76.87,101.827
2026-05-25T15:26:44.8930000,23.67,76.84,101.826
2026-05-25T15:26:45.9340000,23.67,76.86,101.825
2026-05-25T15:26:46.9850000,23.67,76.86,101.825
2026-05-25T15:26:48.0260000,23.67,76.81,101.825
2026-05-25T15:26:49.0670000,23.67,76.82,101.824
2026-05-25T15:26:50.1070000,23.67,76.8,101.824
2026-05-25T15:26:51.1480000,23.67,76.8,101.824
2026-05-25T15:26:52.1890000,23.67,76.81,101.823
2026-05-25T15:26:53.2890000,23.67,76.84,101.823
2026-05-25T15:26:54.2770000,23.67,76.81,101.823
2026-05-25T15:26:55.3180000,23.67,76.8,101.823
2026-05-25T15:26:56.3590000,23.67,76.79,101.822
2026-05-25T15:26:57.4100000,23.67,76.79,101.823
2026-05-25T15:26:58.4500000,23.67,76.78,101.823
2026-05-25T15:26:59.4910000,23.67,76.79,101.823
2026-05-25T15:27:00.5320000,23.67,76.79,101.823
2026-05-25T15:27:01.5730000,23.67,76.79,101.823
2026-05-25T15:27:02.6240000,23.67,76.78,101.823
2026-05-25T15:27:03.6650000,23.67,76.8,101.823
2026-05-25T15:27:04.7060000,23.67,76.8,101.822
2026-05-25T15:27:05.7470000,23.67,76.79,101.822
2026-05-25T15:27:06.7870000,23.67,76.76,101.822
2026-05-25T15:27:07.8280000,23.67,76.75,101.821
2026-05-25T15:27:08.8790000,23.67,76.76,101.821
2026-05-25T15:27:09.9200000,23.67,76.75,101.821
2026-05-25T15:27:12.0020000,23.67,76.73,101.821
2026-05-25T15:27:13.0420000,23.67,76.71,101.82
2026-05-25T15:27:14.0830000,23.67,76.71,101.821
2026-05-25T15:27:15.1350000,23.67,76.7,101.821
2026-05-25T15:27:16.1750000,23.67,76.71,101.821
2026-05-25T15:27:17.2160000,23.67,76.68,101.821
2026-05-25T15:27:18.2570000,23.67,76.65,101.821
2026-05-25T15:27:19.2970000,23.67,76.65,101.821
2026-05-25T15:27:20.3490000,23.67,76.65,101.82
2026-05-25T15:27:21.4000000,23.68,76.65,101.82
2026-05-25T15:27:22.4300000,23.68,76.64,101.819
2026-05-25T15:27:23.4710000,23.67,76.63,101.819
2026-05-25T15:27:24.5120000,23.68,76.63,101.82
2026-05-25T15:27:25.5520000,23.68,76.62,101.82
2026-05-25T15:27:26.6040000,23.68,76.61,101.82
2026-05-25T15:27:27.6440000,23.68,76.6,101.82
2026-05-25T15:27:28.6850000,23.68,76.64,101.82
2026-05-25T15:27:29.7260000,23.68,76.56,101.819
2026-05-25T15:27:30.7670000,23.68,76.59,101.819
2026-05-25T15:27:31.8070000,23.68,76.53,101.819
2026-05-25T15:27:32.8590000,23.68,76.55,101.819
2026-05-25T15:27:33.8990000,23.68,76.55,101.819
2026-05-25T15:27:34.9720000,23.68,76.51,101.818
2026-05-25T15:27:35.9810000,23.68,76.51,101.818
2026-05-25T15:27:37.0220000,23.68,76.51,101.818
2026-05-25T15:27:38.0730000,23.68,76.51,101.818
2026-05-25T15:27:39.1140000,23.68,76.51,101.818
2026-05-25T15:27:40.1540000,23.68,76.52,101.818
2026-05-25T15:27:41.1950000,23.68,76.5,101.817
2026-05-25T15:27:42.2360000,23.68,76.5,101.817
2026-05-25T15:27:43.2870000,23.68,76.48,101.817
2026-05-25T15:27:44.3280000,23.68,76.46,101.818
2026-05-25T15:27:45.3680000,23.68,76.45,101.818
2026-05-25T15:27:46.4090000,23.68,76.49,101.818
2026-05-25T15:27:47.4500000,23.68,76.47,101.817
2026-05-25T15:27:48.5400000,23.68,76.41,101.817
2026-05-25T15:27:49.5380000,23.68,76.42,101.816
2026-05-25T15:27:50.5790000,23.68,76.42,101.816
2026-05-25T15:27:51.6200000,23.68,76.4,101.815
2026-05-25T15:27:52.6610000,23.68,76.41,101.815
2026-05-25T15:27:53.7120000,23.68,76.41,101.815
2026-05-25T15:27:54.7520000,23.68,76.4,101.815
2026-05-25T15:27:55.7930000,23.68,76.38,101.815
2026-05-25T15:27:56.8340000,23.68,76.38,101.815
2026-05-25T15:27:57.8750000,23.68,76.36,101.815
2026-05-25T15:27:58.9260000,23.68,76.39,101.816
2026-05-25T15:27:59.9670000,23.68,76.37,101.816
2026-05-25T15:28:01.0080000,23.68,76.36,101.815
2026-05-25T15:28:02.1110000,23.68,76.34,101.815
2026-05-25T15:28:03.0890000,23.68,76.36,101.815
2026-05-25T15:28:04.1300000,23.68,76.35,101.815
2026-05-25T15:28:05.1820000,23.68,76.35,101.815
2026-05-25T15:28:06.2220000,23.68,76.35,101.815
2026-05-25T15:28:07.2630000,23.68,76.36,101.815
2026-05-25T15:28:08.3040000,23.68,76.37,101.814
2026-05-25T15:28:09.3440000,23.69,76.39,101.815
2026-05-25T15:28:10.3850000,23.69,76.38,101.815
2026-05-25T15:28:11.4360000,23.69,76.39,101.815
2026-05-25T15:28:12.4770000,23.68,76.46,101.815
2026-05-25T15:28:13.5180000,23.68,76.41,101.815
2026-05-25T15:28:14.5590000,23.69,76.45,101.815
2026-05-25T15:28:15.5990000,23.69,76.4,101.815
2026-05-25T15:28:16.6510000,23.69,76.41,101.814
2026-05-25T15:28:17.6920000,23.69,76.4,101.814
2026-05-25T15:28:18.7320000,23.69,76.4,101.814
2026-05-25T15:28:19.7730000,23.69,76.41,101.814
2026-05-25T15:28:20.8140000,23.69,76.4,101.813
2026-05-25T15:28:21.8550000,23.69,76.4,101.814
2026-05-25T15:28:22.9060000,23.69,76.4,101.813
2026-05-25T15:28:23.9470000,23.69,76.37,101.813
2026-05-25T15:28:24.9900000,23.69,76.4,101.814
2026-05-25T15:28:26.0310000,23.69,76.41,101.813
2026-05-25T15:28:27.0720000,23.69,76.4,101.814
2026-05-25T15:28:28.1130000,23.69,76.41,101.813
2026-05-25T15:28:29.1530000,23.69,76.41,101.813
2026-05-25T15:28:30.2220000,23.69,76.42,101.813
2026-05-25T15:28:31.2420000,23.69,76.4,101.812
2026-05-25T15:28:32.2830000,23.69,76.39,101.813
2026-05-25T15:28:33.3230000,23.69,76.39,101.812
2026-05-25T15:28:35.4160000,23.69,76.41,101.813
2026-05-25T15:28:36.4560000,23.69,76.42,101.813
2026-05-25T15:28:37.4970000,23.69,76.46,101.813
2026-05-25T15:28:38.5380000,23.69,76.47,101.813
2026-05-25T15:28:39.5890000,23.69,76.46,101.813
2026-05-25T15:28:40.6300000,23.69,76.47,101.812
2026-05-25T15:28:41.6710000,23.69,76.5,101.812
2026-05-25T15:28:42.7110000,23.69,76.53,101.812
2026-05-25T15:28:43.7940000,23.69,76.52,101.812
2026-05-25T15:28:44.7930000,23.7,76.55,101.812
2026-05-25T15:28:45.8440000,23.7,76.57,101.812
2026-05-25T15:28:46.8850000,23.7,76.59,101.811
2026-05-25T15:28:47.9260000,23.7,76.62,101.812
2026-05-25T15:28:48.9670000,23.7,76.63,101.811
2026-05-25T15:28:50.0080000,23.7,76.66,101.811
2026-05-25T15:28:51.0480000,23.7,76.69,101.811
2026-05-25T15:28:52.0990000,23.7,76.72,101.811
2026-05-25T15:28:53.1400000,23.7,76.78,101.811
2026-05-25T15:28:54.1810000,23.7,76.86,101.811
2026-05-25T15:28:55.2220000,23.7,76.88,101.811
2026-05-25T15:28:56.2620000,23.7,76.91,101.811
2026-05-25T15:28:57.3660000,23.7,77.01,101.81
2026-05-25T15:28:58.3550000,23.71,77.08,101.81
2026-05-25T15:28:59.3950000,23.71,77.12,101.81
2026-05-25T15:29:00.4360000,23.71,77.16,101.811
2026-05-25T15:29:01.4770000,23.71,77.18,101.811
2026-05-25T15:29:02.5180000,23.71,77.21,101.811
2026-05-25T15:29:03.5690000,23.71,77.25,101.81
2026-05-25T15:29:04.6100000,23.71,77.28,101.81
2026-05-25T15:29:05.6510000,23.71,77.33,101.81
2026-05-25T15:29:06.6910000,23.71,77.36,101.81
2026-05-25T15:29:07.7320000,23.71,77.41,101.811
2026-05-25T15:29:08.7730000,23.72,77.46,101.81
2026-05-25T15:29:09.8240000,23.72,77.57,101.81
2026-05-25T15:29:10.8650000,23.72,77.64,101.81
2026-05-25T15:29:11.9090000,23.72,77.71,101.81
2026-05-25T15:29:12.9500000,23.72,77.79,101.81
2026-05-25T15:29:13.9910000,23.72,77.87,101.81
2026-05-25T15:29:15.0320000,23.72,77.91,101.809
2026-05-25T15:29:16.0730000,23.72,77.97,101.808
2026-05-25T15:29:17.1240000,23.72,78.05,101.809
2026-05-25T15:29:18.1650000,23.73,78.12,101.809
2026-05-25T15:29:19.2050000,23.73,78.16,101.808
2026-05-25T15:29:20.2460000,23.73,78.24,101.808
2026-05-25T15:29:21.2870000,23.73,78.34,101.808
2026-05-25T15:29:22.3280000,23.73,78.32,101.809
2026-05-25T15:29:23.3790000,23.73,78.37,101.809
2026-05-25T15:29:24.4200000,23.73,78.42,101.808
2026-05-25T15:29:25.4820000,23.73,78.62,101.808
2026-05-25T15:29:26.5010000,23.73,78.62,101.809
2026-05-25T15:29:27.5420000,23.73,78.69,101.809
2026-05-25T15:29:28.5940000,23.73,78.73,101.808
2026-05-25T15:29:29.6340000,23.73,78.78,101.809
2026-05-25T15:29:30.6750000,23.74,78.83,101.809
2026-05-25T15:29:31.7160000,23.74,78.87,101.808
2026-05-25T15:29:32.7570000,23.74,78.86,101.808
2026-05-25T15:29:33.7970000,23.74,78.94,101.808
2026-05-25T15:29:34.8490000,23.74,78.96,101.808
2026-05-25T15:29:35.8900000,23.74,79.01,101.808
2026-05-25T15:29:36.9300000,23.73,79.05,101.808
2026-05-25T15:29:37.9710000,23.73,79.07,101.807
2026-05-25T15:29:39.0540000,23.74,79.17,101.806
2026-05-25T15:29:40.0630000,23.74,79.21,101.806
2026-05-25T15:29:41.1040000,23.74,79.24,101.806
2026-05-25T15:29:42.1440000,23.74,79.27,101.806
2026-05-25T15:29:43.1850000,23.74,79.28,101.807
2026-05-25T15:29:44.2260000,23.74,79.29,101.807
2026-05-25T15:29:45.2670000,23.74,79.33,101.807
2026-05-25T15:29:46.3180000,23.74,79.44,101.807
2026-05-25T15:29:47.3590000,23.74,79.45,101.808
2026-05-25T15:29:48.3990000,23.74,79.52,101.807
2026-05-25T15:29:49.4400000,23.74,79.52,101.806
2026-05-25T15:29:50.4810000,23.74,79.55,101.806
2026-05-25T15:29:51.5320000,23.74,79.62,101.806
2026-05-25T15:29:52.6250000,23.74,79.75,101.806
2026-05-25T15:29:53.6140000,23.74,79.83,101.805
2026-05-25T15:29:54.6550000,23.74,79.94,101.806
2026-05-25T15:29:55.6960000,23.74,79.98,101.806
2026-05-25T15:29:56.7360000,23.74,80.03,101.806
2026-05-25T15:29:57.7880000,23.74,80.1,101.806
2026-05-25T15:29:58.8280000,23.74,80.13,101.806
2026-05-25T15:30:00.9100000,23.74,80.1,101.806
2026-05-25T15:30:01.9510000,23.74,80.14,101.806
2026-05-25T15:30:02.9910000,23.74,80.25,101.807
2026-05-25T15:30:04.0420000,23.74,80.25,101.806
2026-05-25T15:30:05.0830000,23.74,80.33,101.806
2026-05-25T15:30:06.1240000,23.74,80.4,101.806
2026-05-25T15:30:07.1680000,23.74,80.41,101.805
2026-05-25T15:30:08.2090000,23.74,80.43,101.805
2026-05-25T15:30:09.2500000,23.74,80.47,101.805
2026-05-25T15:30:10.2900000,23.74,80.52,101.805
2026-05-25T15:30:11.3420000,23.73,80.56,101.805
2026-05-25T15:30:12.3820000,23.73,80.58,101.804
2026-05-25T15:30:13.4230000,23.73,80.62,101.805
2026-05-25T15:30:14.4640000,23.73,80.7,101.805
2026-05-25T15:30:15.5050000,23.74,80.69,101.805
2026-05-25T15:30:16.5460000,23.74,80.75,101.806
2026-05-25T15:30:17.5970000,23.73,80.75,101.805
2026-05-25T15:30:18.6380000,23.73,80.8,101.804
2026-05-25T15:30:19.6790000,23.73,80.8,101.804
2026-05-25T15:30:20.7400000,23.73,80.83,101.804
2026-05-25T15:30:21.7600000,23.73,80.85,101.804
2026-05-25T15:30:22.8010000,23.73,80.89,101.804
2026-05-25T15:30:23.8520000,23.73,80.92,101.804
2026-05-25T15:30:24.8930000,23.73,80.96,101.804
2026-05-25T15:30:25.9340000,23.73,80.96,101.804
2026-05-25T15:30:26.9740000,23.73,80.98,101.804
2026-05-25T15:30:28.0150000,23.73,81.08,101.804
2026-05-25T15:30:30.1070000,23.73,80.97,101.804
2026-05-25T15:30:31.1480000,23.73,80.97,101.804
2026-05-25T15:30:32.1890000,23.73,81.03,101.803
2026-05-25T15:30:33.2290000,23.73,81.03,101.804
2026-05-25T15:30:34.3150000,23.73,81.07,101.804
2026-05-25T15:30:35.3140000,23.73,81.08,101.804
2026-05-25T15:30:36.3550000,23.73,81.09,101.804
2026-05-25T15:30:37.4060000,23.73,81.11,101.804
2026-05-25T15:30:38.4470000,23.73,81.11,101.803
2026-05-25T15:30:39.4880000,23.73,81.13,101.804
2026-05-25T15:30:40.5290000,23.73,81.15,101.804
2026-05-25T15:30:41.5690000,23.73,81.19,101.804
2026-05-25T15:30:42.6100000,23.73,81.23,101.805
2026-05-25T15:30:43.6620000,23.74,81.27,101.805
2026-05-25T15:30:44.7020000,23.74,81.27,101.805
2026-05-25T15:30:45.7430000,23.74,81.33,101.804
2026-05-25T15:30:46.7840000,23.74,81.37,101.805
2026-05-25T15:30:47.8880000,23.73,81.39,101.804
2026-05-25T15:30:48.8760000,23.73,81.39,101.805
2026-05-25T15:30:49.9170000,23.73,81.39,101.805
2026-05-25T15:30:50.9570000,23.73,81.42,101.804
2026-05-25T15:30:51.9980000,23.73,81.45,101.804
2026-05-25T15:30:53.0390000,23.73,81.47,101.804
2026-05-25T15:30:54.0800000,23.74,81.49,101.805
2026-05-25T15:30:55.1310000,23.74,81.51,101.805
2026-05-25T15:30:56.1720000,23.74,81.57,101.804
2026-05-25T15:30:57.2130000,23.74,81.58,101.805
2026-05-25T15:30:58.2530000,23.74,81.58,101.805
2026-05-25T15:30:59.2940000,23.74,81.61,101.805
2026-05-25T15:31:00.3350000,23.74,81.66,101.805
2026-05-25T15:31:01.3860000,23.74,81.61,101.804
2026-05-25T15:31:02.4340000,23.73,81.66,101.804
2026-05-25T15:31:03.4640000,23.73,81.72,101.804
2026-05-25T15:31:04.5050000,23.74,81.72,101.805
2026-05-25T15:31:05.5560000,23.74,81.73,101.805
2026-05-25T15:31:06.5970000,23.74,81.74,101.805
2026-05-25T15:31:07.6380000,23.74,81.75,101.805
2026-05-25T15:31:08.6790000,23.74,81.76,101.805
2026-05-25T15:31:09.7200000,23.74,81.81,101.804
2026-05-25T15:31:10.7600000,23.74,81.78,101.803
2026-05-25T15:31:11.8120000,23.74,81.79,101.803
2026-05-25T15:31:12.8520000,23.74,81.79,101.804
2026-05-25T15:31:13.8930000,23.74,81.78,101.805
2026-05-25T15:31:14.9340000,23.74,81.82,101.805
2026-05-25T15:31:16.0060000,23.74,81.81,101.805
2026-05-25T15:31:17.0260000,23.74,81.81,101.805
2026-05-25T15:31:18.0660000,23.74,81.81,101.805
2026-05-25T15:31:19.1070000,23.73,81.81,101.804
2026-05-25T15:31:20.1480000,23.73,81.83,101.804
2026-05-25T15:31:21.1890000,23.73,81.83,101.803
2026-05-25T15:31:22.2300000,23.73,81.85,101.803
2026-05-25T15:31:23.2810000,23.73,81.87,101.804
2026-05-25T15:31:24.3220000,23.73,81.85,101.804
2026-05-25T15:31:25.3620000,23.73,81.83,101.804
2026-05-25T15:31:26.4030000,23.73,81.86,101.804
2026-05-25T15:31:27.4440000,23.73,81.81,101.804
2026-05-25T15:31:28.4850000,23.73,81.8,101.803
2026-05-25T15:31:29.5820000,23.73,81.81,101.804
2026-05-25T15:31:30.5700000,23.73,81.86,101.804
2026-05-25T15:31:31.6210000,23.73,81.86,101.804
2026-05-25T15:31:32.6620000,23.73,81.86,101.804
2026-05-25T15:31:33.7030000,23.73,81.83,101.804
2026-05-25T15:31:34.7440000,23.73,81.85,101.804
2026-05-25T15:31:35.7850000,23.73,81.85,101.804
2026-05-25T15:31:36.8360000,23.73,81.86,101.804
2026-05-25T15:31:37.8760000,23.73,81.88,101.804
2026-05-25T15:31:38.9170000,23.73,81.92,101.803
2026-05-25T15:31:39.9580000,23.73,81.87,101.803
2026-05-25T15:31:40.9990000,23.73,81.88,101.803
2026-05-25T15:31:42.0390000,23.73,81.88,101.803
2026-05-25T15:31:43.1530000,23.73,81.88,101.803
2026-05-25T15:31:44.1310000,23.73,81.89,101.804
2026-05-25T15:31:45.1720000,23.73,81.88,101.805
2026-05-25T15:31:46.2130000,23.73,81.87,101.804
2026-05-25T15:31:47.2530000,23.73,81.85,101.805
2026-05-25T15:31:48.3040000,23.73,81.84,101.805
2026-05-25T15:31:49.3450000,23.72,81.85,101.805
2026-05-25T15:31:50.3860000,23.73,81.85,101.805
2026-05-25T15:31:51.4270000,23.72,81.83,101.805
2026-05-25T15:31:52.4680000,23.72,81.83,101.804
2026-05-25T15:31:53.5090000,23.72,81.85,101.803
2026-05-25T15:31:54.5600000,23.72,81.87,101.804
2026-05-25T15:31:55.6010000,23.72,81.81,101.803
2026-05-25T15:31:56.6420000,23.72,81.78,101.803
2026-05-25T15:31:57.6930000,23.72,81.81,101.802
2026-05-25T15:31:58.7230000,23.72,81.8,101.803
2026-05-25T15:31:59.7640000,23.72,81.79,101.803
2026-05-25T15:32:00.8150000,23.72,81.78,101.803
2026-05-25T15:32:01.8560000,23.72,81.77,101.803
2026-05-25T15:32:02.8960000,23.72,81.76,101.803
2026-05-25T15:32:03.9370000,23.72,81.76,101.803
2026-05-25T15:32:04.9780000,23.72,81.76,101.803
2026-05-25T15:32:06.0290000,23.72,81.78,101.803
2026-05-25T15:32:07.0700000,23.71,81.68,101.802
2026-05-25T15:32:08.1110000,23.71,81.71,101.803
2026-05-25T15:32:09.1510000,23.71,81.69,101.803
2026-05-25T15:32:10.1920000,23.71,81.69,101.803
2026-05-25T15:32:11.2640000,23.71,81.59,101.803
2026-05-25T15:32:12.2840000,23.71,81.61,101.803
2026-05-25T15:32:13.3250000,23.71,81.59,101.803
2026-05-25T15:32:14.3660000,23.71,81.57,101.803
2026-05-25T15:32:15.4070000,23.71,81.55,101.803
2026-05-25T15:32:16.4480000,23.71,81.53,101.804
2026-05-25T15:32:17.4880000,23.71,81.52,101.804
2026-05-25T15:32:18.5400000,23.71,81.5,101.805
2026-05-25T15:32:19.5800000,23.71,81.47,101.805
2026-05-25T15:32:20.6210000,23.71,81.47,101.805
2026-05-25T15:32:21.6620000,23.7,81.44,101.805
2026-05-25T15:32:22.7030000,23.7,81.43,101.805
2026-05-25T15:32:23.7540000,23.7,81.4,101.804
2026-05-25T15:32:24.8400000,23.7,81.36,101.804
2026-05-25T15:32:25.8390000,23.7,81.34,101.805
2026-05-25T15:32:26.8790000,23.7,81.31,101.805
2026-05-25T15:32:27.9200000,23.7,81.29,101.806
2026-05-25T15:32:28.9610000,23.7,81.26,101.806
2026-05-25T15:32:30.0020000,23.7,81.22,101.806
2026-05-25T15:32:31.0530000,23.7,81.2,101.805
2026-05-25T15:32:32.0940000,23.7,81.16,101.805
2026-05-25T15:32:33.1340000,23.7,81.17,101.806
2026-05-25T15:32:34.1750000,23.7,81.15,101.806
2026-05-25T15:32:35.2160000,23.7,81.09,101.806
2026-05-25T15:32:36.2570000,23.7,81.12,101.806
2026-05-25T15:32:37.3080000,23.69,81.06,101.806
2026-05-25T15:32:38.4120000,23.69,81.06,101.806
2026-05-25T15:32:39.3900000,23.69,81.02,101.806
2026-05-25T15:32:40.4310000,23.69,80.99,101.806
2026-05-25T15:32:41.4710000,23.69,80.97,101.807
2026-05-25T15:32:42.5230000,23.69,80.95,101.807
2026-05-25T15:32:43.5630000,23.69,80.93,101.808
2026-05-25T15:32:44.6040000,23.69,80.92,101.807
2026-05-25T15:32:45.6450000,23.69,80.9,101.807
2026-05-25T15:32:46.6860000,23.69,80.9,101.807
2026-05-25T15:32:47.7370000,23.69,80.92,101.806
2026-05-25T15:32:48.7770000,23.69,80.87,101.807
2026-05-25T15:32:49.8180000,23.69,80.89,101.807
2026-05-25T15:32:50.8590000,23.69,80.85,101.807
2026-05-25T15:32:51.9000000,23.69,80.81,101.807
2026-05-25T15:32:52.9540000,23.69,80.82,101.806
2026-05-25T15:32:53.9850000,23.69,80.81,101.807
2026-05-25T15:32:55.0360000,23.69,80.81,101.806
2026-05-25T15:32:56.0770000,23.69,80.79,101.806
2026-05-25T15:32:57.1180000,23.69,80.79,101.806
2026-05-25T15:32:58.1580000,23.69,80.78,101.806
2026-05-25T15:32:59.1990000,23.69,80.75,101.806
2026-05-25T15:33:00.2400000,23.68,80.81,101.806
2026-05-25T15:33:01.2910000,23.68,80.72,101.807
2026-05-25T15:33:02.3320000,23.68,80.72,101.807
2026-05-25T15:33:03.3730000,23.68,80.72,101.807
2026-05-25T15:33:04.4140000,23.68,80.69,101.808
2026-05-25T15:33:05.4550000,23.68,80.67,101.807
2026-05-25T15:33:06.5270000,23.69,80.6,101.808
2026-05-25T15:33:07.5470000,23.68,80.59,101.808
2026-05-25T15:33:08.5870000,23.68,80.57,101.809
2026-05-25T15:33:09.6280000,23.68,80.56,101.809
2026-05-25T15:33:10.6690000,23.68,80.54,101.809
2026-05-25T15:33:11.7200000,23.68,80.53,101.809
2026-05-25T15:33:12.7610000,23.68,80.51,101.809
2026-05-25T15:33:13.8020000,23.68,80.45,101.808
2026-05-25T15:33:14.8420000,23.68,80.51,101.808
2026-05-25T15:33:15.8830000,23.68,80.44,101.808
2026-05-25T15:33:16.9340000,23.68,80.41,101.808
2026-05-25T15:33:17.9750000,23.68,80.41,101.808
2026-05-25T15:33:19.0160000,23.68,80.37,101.809
2026-05-25T15:33:20.1020000,23.68,80.35,101.81
2026-05-25T15:33:21.1010000,23.68,80.32,101.809
2026-05-25T15:33:22.1420000,23.68,80.31,101.809
2026-05-25T15:33:23.1820000,23.68,80.3,101.809
2026-05-25T15:33:24.2340000,23.68,80.3,101.808
2026-05-25T15:33:25.2750000,23.68,80.28,101.808
2026-05-25T15:33:26.3160000,23.68,80.26,101.808
2026-05-25T15:33:27.3570000,23.68,80.24,101.808
2026-05-25T15:33:28.3970000,23.68,80.22,101.808
2026-05-25T15:33:29.4380000,23.68,80.2,101.808
2026-05-25T15:33:30.4890000,23.68,80.2,101.809
2026-05-25T15:33:31.5300000,23.68,80.17,101.809
2026-05-25T15:33:32.5710000,23.68,80.13,101.809
2026-05-25T15:33:33.6780000,23.67,80.12,101.809
2026-05-25T15:33:34.6560000,23.67,80.09,101.808
2026-05-25T15:33:35.6960000,23.67,80.08,101.808
2026-05-25T15:33:36.7480000,23.67,80.07,101.808
2026-05-25T15:33:37.7880000,23.67,80.04,101.808
2026-05-25T15:33:38.8290000,23.67,80.02,101.808
2026-05-25T15:33:39.8700000,23.67,80.01,101.809
2026-05-25T15:33:40.9110000,23.67,79.98,101.809
2026-05-25T15:33:41.9620000,23.67,79.95,101.809
2026-05-25T15:33:43.0030000,23.67,79.95,101.809
2026-05-25T15:33:44.0430000,23.67,79.88,101.809
2026-05-25T15:33:45.0840000,23.67,79.89,101.809
2026-05-25T15:33:46.1250000,23.67,79.92,101.809
2026-05-25T15:33:47.1660000,23.67,79.87,101.809
2026-05-25T15:33:48.2200000,23.67,79.83,101.808
2026-05-25T15:33:49.2510000,23.67,79.83,101.809
2026-05-25T15:33:50.3020000,23.67,79.82,101.809
2026-05-25T15:33:51.3430000,23.67,79.81,101.809
2026-05-25T15:33:52.3840000,23.67,79.8,101.809
2026-05-25T15:33:53.4240000,23.67,79.78,101.809
2026-05-25T15:33:54.4650000,23.67,79.77,101.809
2026-05-25T15:33:55.5160000,23.67,79.77,101.809
2026-05-25T15:33:56.5570000,23.67,79.75,101.809
2026-05-25T15:33:57.5980000,23.67,79.72,101.809
2026-05-25T15:33:58.6390000,23.67,79.69,101.809
2026-05-25T15:33:59.6800000,23.67,79.69,101.809
2026-05-25T15:34:00.7310000,23.66,79.68,101.809
2026-05-25T15:34:01.7960000,23.66,79.69,101.809
2026-05-25T15:34:02.8160000,23.66,79.63,101.809
2026-05-25T15:34:03.8570000,23.66,79.62,101.81
2026-05-25T15:34:04.8970000,23.66,79.58,101.81
2026-05-25T15:34:05.9380000,23.66,79.56,101.809
2026-05-25T15:34:06.9790000,23.66,79.56,101.809
2026-05-25T15:34:08.0300000,23.66,79.53,101.809
2026-05-25T15:34:09.0710000,23.66,79.49,101.809
2026-05-25T15:34:10.1120000,23.66,79.51,101.809
2026-05-25T15:34:11.1530000,23.67,79.47,101.809
2026-05-25T15:34:12.1930000,23.67,79.47,101.809
2026-05-25T15:34:13.2450000,23.67,79.44,101.809
2026-05-25T15:34:14.2850000,23.66,79.44,101.809
2026-05-25T15:34:15.3680000,23.66,79.4,101.809
2026-05-25T15:34:16.3670000,23.66,79.4,101.809
2026-05-25T15:34:17.4080000,23.66,79.39,101.809
2026-05-25T15:34:18.4590000,23.66,79.38,101.809
2026-05-25T15:34:19.5000000,23.66,79.38,101.809
2026-05-25T15:34:20.5400000,23.66,79.37,101.809
2026-05-25T15:34:21.5810000,23.66,79.36,101.808
2026-05-25T15:34:22.6220000,23.66,79.34,101.809
2026-05-25T15:34:23.6730000,23.66,79.34,101.81
2026-05-25T15:34:24.7140000,23.66,79.37,101.809
2026-05-25T15:34:25.7550000,23.66,79.37,101.808
2026-05-25T15:34:26.7950000,23.66,79.31,101.808
2026-05-25T15:34:27.8360000,23.66,79.3,101.808
2026-05-25T15:34:28.9430000,23.66,79.3,101.807
2026-05-25T15:34:29.9210000,23.66,79.28,101.808
2026-05-25T15:34:30.9620000,23.66,79.25,101.808
2026-05-25T15:34:32.0130000,23.66,79.25,101.808
2026-05-25T15:34:33.0540000,23.66,79.24,101.808
2026-05-25T15:34:34.0950000,23.66,79.21,101.808
2026-05-25T15:34:35.1350000,23.66,79.2,101.808
2026-05-25T15:34:36.1760000,23.65,79.18,101.808
2026-05-25T15:34:37.2280000,23.65,79.18,101.808
2026-05-25T15:34:38.2680000,23.65,79.15,101.808
2026-05-25T15:34:39.3090000,23.65,79.14,101.807
2026-05-25T15:34:40.3500000,23.66,79.14,101.807
2026-05-25T15:34:41.3910000,23.66,79.14,101.807
2026-05-25T15:34:42.4420000,23.66,79.18,101.807
2026-05-25T15:34:43.4860000,23.66,79.11,101.808
2026-05-25T15:34:44.5270000,23.66,79.11,101.808
2026-05-25T15:34:45.5680000,23.66,79.1,101.808
2026-05-25T15:34:46.6090000,23.66,79.1,101.807
2026-05-25T15:34:47.6490000,23.66,79.1,101.808
2026-05-25T15:34:48.6900000,23.65,79.07,101.808
2026-05-25T15:34:49.7410000,23.65,79.07,101.807
2026-05-25T15:34:50.7820000,23.65,79.01,101.807
2026-05-25T15:34:51.8230000,23.65,79.04,101.807
2026-05-25T15:34:52.8640000,23.66,79.05,101.808
2026-05-25T15:34:53.9050000,23.65,78.99,101.807
2026-05-25T15:34:54.9560000,23.65,79,101.807
2026-05-25T15:34:55.9960000,23.65,78.94,101.806
2026-05-25T15:34:57.0580000,23.65,78.94,101.806
2026-05-25T15:34:58.0780000,23.66,78.94,101.807
2026-05-25T15:34:59.1190000,23.66,78.91,101.807
2026-05-25T15:35:00.1600000,23.66,78.91,101.807
2026-05-25T15:35:01.2110000,23.66,78.9,101.807
2026-05-25T15:35:02.2520000,23.66,78.88,101.808
2026-05-25T15:35:03.2920000,23.66,78.88,101.808
2026-05-25T15:35:04.3330000,23.66,78.9,101.808
2026-05-25T15:35:05.3740000,23.65,78.86,101.807
2026-05-25T15:35:06.4260000,23.65,78.84,101.807
2026-05-25T15:35:07.4660000,23.65,78.81,101.806
2026-05-25T15:35:08.5070000,23.66,78.82,101.807
2026-05-25T15:35:09.5470000,23.66,78.78,101.807
2026-05-25T15:35:10.6340000,23.65,78.76,101.806
2026-05-25T15:35:11.6320000,23.65,78.76,101.806
2026-05-25T15:35:12.6730000,23.65,78.74,101.806
2026-05-25T15:35:13.7250000,23.65,78.73,101.805
2026-05-25T15:35:14.7660000,23.65,78.71,101.805
2026-05-25T15:35:15.8090000,23.65,78.7,101.805
2026-05-25T15:35:16.8500000,23.65,78.69,101.805
2026-05-25T15:35:17.8900000,23.65,78.61,101.805
2026-05-25T15:35:18.9310000,23.65,78.67,101.805
2026-05-25T15:35:19.9720000,23.65,78.65,101.805
2026-05-25T15:35:21.0230000,23.65,78.64,101.806
2026-05-25T15:35:22.0640000,23.65,78.62,101.806
2026-05-25T15:35:23.1050000,23.65,78.58,101.806
2026-05-25T15:35:24.2050000,23.65,78.58,101.806
2026-05-25T15:35:25.1930000,23.65,78.56,101.807
2026-05-25T15:35:26.2340000,23.65,78.55,101.807
2026-05-25T15:35:27.2750000,23.65,78.55,101.807
2026-05-25T15:35:28.3160000,23.65,78.53,101.806
2026-05-25T15:35:29.3560000,23.65,78.52,101.806
2026-05-25T15:35:30.4080000,23.65,78.52,101.807
2026-05-25T15:35:31.4480000,23.65,78.51,101.807
2026-05-25T15:35:32.4890000,23.65,78.52,101.807
2026-05-25T15:35:33.5300000,23.65,78.45,101.807
2026-05-25T15:35:34.5710000,23.65,78.45,101.807
2026-05-25T15:35:35.6220000,23.65,78.47,101.806
2026-05-25T15:35:36.6630000,23.65,78.45,101.806
2026-05-25T15:35:37.7040000,23.65,78.47,101.806
2026-05-25T15:35:38.7440000,23.65,78.43,101.806
2026-05-25T15:35:39.7850000,23.65,78.42,101.806
2026-05-25T15:35:40.8360000,23.65,78.41,101.806
2026-05-25T15:35:41.8770000,23.65,78.4,101.806
2026-05-25T15:35:42.9180000,23.65,78.4,101.806
2026-05-25T15:35:43.9590000,23.65,78.38,101.807
2026-05-25T15:35:44.9990000,23.65,78.38,101.806
2026-05-25T15:35:46.0510000,23.65,78.34,101.806
2026-05-25T15:35:47.0910000,23.65,78.33,101.806
2026-05-25T15:35:48.1320000,23.65,78.33,101.806
2026-05-25T15:35:49.1730000,23.65,78.34,101.806
2026-05-25T15:35:50.2140000,23.65,78.3,101.806
2026-05-25T15:35:51.2650000,23.65,78.35,101.805
2026-05-25T15:35:52.3160000,23.65,78.31,101.805
2026-05-25T15:35:53.3470000,23.65,78.3,101.805
2026-05-25T15:35:54.3880000,23.65,78.28,101.805
2026-05-25T15:35:55.4280000,23.65,78.28,101.805
2026-05-25T15:35:56.4690000,23.65,78.25,101.805
2026-05-25T15:35:57.5200000,23.65,78.26,101.805
2026-05-25T15:35:58.5610000,23.65,78.24,101.805
2026-05-25T15:35:59.6020000,23.64,78.23,101.805
2026-05-25T15:36:00.6430000,23.64,78.25,101.805
2026-05-25T15:36:01.6830000,23.65,78.2,101.804
2026-05-25T15:36:02.7350000,23.65,78.18,101.805
2026-05-25T15:36:03.7750000,23.65,78.2,101.804
2026-05-25T15:36:04.8160000,23.65,78.18,101.805
2026-05-25T15:36:05.8880000,23.65,78.16,101.805
2026-05-25T15:36:06.8980000,23.65,78.13,101.805
2026-05-25T15:36:07.9490000,23.65,78.12,101.804
2026-05-25T15:36:08.9900000,23.65,78.11,101.804
2026-05-25T15:36:10.0300000,23.65,78.1,101.805
2026-05-25T15:36:11.0710000,23.65,78.1,101.804
2026-05-25T15:36:12.1120000,23.65,78.08,101.803
2026-05-25T15:36:13.1630000,23.65,78.08,101.802
2026-05-25T15:36:14.2040000,23.65,78.04,101.802
2026-05-25T15:36:15.2450000,23.65,78.07,101.802
2026-05-25T15:36:16.2860000,23.65,78.08,101.802
2026-05-25T15:36:17.3260000,23.65,78.05,101.802
2026-05-25T15:36:18.3670000,23.65,78.05,101.802
2026-05-25T15:36:19.4600000,23.65,78.05,101.803
2026-05-25T15:36:20.4590000,23.65,78.02,101.803
2026-05-25T15:36:21.5000000,23.65,78.02,101.802
2026-05-25T15:36:22.5400000,23.65,78.02,101.802
2026-05-25T15:36:23.5810000,23.65,78.01,101.802
2026-05-25T15:36:24.6320000,23.65,78,101.802
2026-05-25T15:36:25.6740000,23.65,78,101.803
2026-05-25T15:36:26.7140000,23.65,77.98,101.802
2026-05-25T15:36:27.7550000,23.65,77.99,101.803
2026-05-25T15:36:28.7960000,23.65,78,101.802
2026-05-25T15:36:29.8470000,23.65,77.98,101.803
2026-05-25T15:36:30.8880000,23.65,77.96,101.803
2026-05-25T15:36:31.9290000,23.65,77.97,101.803
2026-05-25T15:36:33.0320000,23.65,77.96,101.802
2026-05-25T15:36:34.0100000,23.65,77.93,101.802
2026-05-25T15:36:35.0610000,23.65,77.92,101.802
2026-05-25T15:36:36.1020000,23.65,77.91,101.802
2026-05-25T15:36:37.1430000,23.65,77.9,101.803
2026-05-25T15:36:38.1840000,23.65,77.9,101.803
2026-05-25T15:36:39.2240000,23.65,77.9,101.803
2026-05-25T15:36:40.2760000,23.65,77.88,101.803
2026-05-25T15:36:41.3160000,23.65,77.86,101.802
2026-05-25T15:36:42.3570000,23.65,77.9,101.802
2026-05-25T15:36:43.3980000,23.65,77.85,101.802
2026-05-25T15:36:44.4390000,23.65,77.85,101.802
2026-05-25T15:36:45.4900000,23.65,77.84,101.801
2026-05-25T15:36:46.5310000,23.65,77.85,101.801
2026-05-25T15:36:47.5750000,23.65,77.84,101.802
2026-05-25T15:36:48.6160000,23.65,77.83,101.802
2026-05-25T15:36:49.6560000,23.65,77.82,101.802
2026-05-25T15:36:50.6970000,23.65,77.8,101.802
2026-05-25T15:36:51.7380000,23.65,77.82,101.802
2026-05-25T15:36:52.7890000,23.65,77.82,101.802
2026-05-25T15:36:53.8300000,23.65,77.8,101.801
2026-05-25T15:36:54.8710000,23.65,77.8,101.801
2026-05-25T15:36:55.9110000,23.65,77.79,101.8
2026-05-25T15:36:56.9520000,23.65,77.79,101.8
2026-05-25T15:36:58.0030000,23.65,77.79,101.8
2026-05-25T15:36:59.0440000,23.65,77.82,101.8
2026-05-25T15:37:00.0850000,23.65,77.78,101.799
2026-05-25T15:37:01.1470000,23.65,77.71,101.8
2026-05-25T15:37:02.1670000,23.65,77.75,101.799
2026-05-25T15:37:03.2180000,23.65,77.75,101.799
2026-05-25T15:37:04.2590000,23.65,77.74,101.799
2026-05-25T15:37:05.2990000,23.65,77.73,101.799
2026-05-25T15:37:06.3400000,23.65,77.73,101.799
2026-05-25T15:37:07.3810000,23.66,77.73,101.799
2026-05-25T15:37:08.4320000,23.66,77.69,101.8
2026-05-25T15:37:09.4730000,23.66,77.71,101.8
2026-05-25T15:37:10.5130000,23.66,77.7,101.8
2026-05-25T15:37:11.5540000,23.65,77.7,101.8
2026-05-25T15:37:12.5950000,23.66,77.72,101.801
2026-05-25T15:37:13.6460000,23.66,77.68,101.8
2026-05-25T15:37:14.7220000,23.65,77.66,101.8
2026-05-25T15:37:15.7310000,23.65,77.64,101.8
2026-05-25T15:37:16.7720000,23.65,77.64,101.799
2026-05-25T15:37:17.8130000,23.66,77.63,101.799
2026-05-25T15:37:18.8530000,23.66,77.62,101.798
2026-05-25T15:37:19.8940000,23.66,77.62,101.798
2026-05-25T15:37:20.9460000,23.66,77.6,101.797
2026-05-25T15:37:21.9860000,23.65,77.63,101.797
2026-05-25T15:37:23.0270000,23.65,77.59,101.797
2026-05-25T15:37:24.0680000,23.65,77.57,101.797
2026-05-25T15:37:25.1090000,23.65,77.53,101.797
2026-05-25T15:37:26.1500000,23.65,77.59,101.796
2026-05-25T15:37:27.2010000,23.65,77.54,101.796
2026-05-25T15:37:28.2940000,23.65,77.58,101.796
2026-05-25T15:37:29.2820000,23.65,77.53,101.796
2026-05-25T15:37:30.3230000,23.66,77.53,101.796
2026-05-25T15:37:31.3640000,23.65,77.51,101.795
2026-05-25T15:37:32.4150000,23.65,77.5,101.795
2026-05-25T15:37:33.4560000,23.65,77.5,101.795
2026-05-25T15:37:34.4970000,23.66,77.48,101.795
2026-05-25T15:37:35.5380000,23.66,77.49,101.795
2026-05-25T15:37:36.5780000,23.66,77.47,101.795
2026-05-25T15:37:37.6290000,23.66,77.46,101.795
2026-05-25T15:37:38.6700000,23.66,77.47,101.794
2026-05-25T15:37:39.7110000,23.66,77.44,101.794
2026-05-25T15:37:40.7520000,23.66,77.45,101.794
2026-05-25T15:37:41.7930000,23.66,77.43,101.794
2026-05-25T15:37:42.8440000,23.66,77.45,101.794
2026-05-25T15:37:43.8850000,23.66,77.44,101.794
2026-05-25T15:37:44.9250000,23.66,77.43,101.793
2026-05-25T15:37:45.9660000,23.66,77.43,101.793
2026-05-25T15:37:47.0070000,23.66,77.42,101.792
2026-05-25T15:37:48.0580000,23.66,77.43,101.792
2026-05-25T15:37:49.0990000,23.66,77.43,101.792
2026-05-25T15:37:50.1400000,23.66,77.42,101.792
2026-05-25T15:37:51.1810000,23.66,77.42,101.792
2026-05-25T15:37:52.2210000,23.66,77.43,101.792
2026-05-25T15:37:53.2730000,23.66,77.46,101.792
2026-05-25T15:37:54.3130000,23.66,77.42,101.792
2026-05-25T15:37:55.3540000,23.66,77.4,101.792
2026-05-25T15:37:56.4120000,23.66,77.4,101.792
2026-05-25T15:37:57.4420000,23.65,77.39,101.791
2026-05-25T15:37:58.4830000,23.66,77.4,101.792
2026-05-25T15:37:59.5240000,23.66,77.4,101.791
2026-05-25T15:38:00.5650000,23.66,77.38,101.792
2026-05-25T15:38:01.6060000,23.66,77.4,101.792
2026-05-25T15:38:02.6570000,23.66,77.37,101.792
2026-05-25T15:38:03.6980000,23.66,77.33,101.791
2026-05-25T15:38:04.7390000,23.66,77.34,101.792
2026-05-25T15:38:05.7790000,23.66,77.34,101.791
2026-05-25T15:38:06.8200000,23.66,77.33,101.791
2026-05-25T15:38:07.8710000,23.66,77.34,101.791
2026-05-25T15:38:08.9120000,23.66,77.32,101.791
2026-05-25T15:38:09.9840000,23.66,77.29,101.791
2026-05-25T15:38:10.9940000,23.66,77.31,101.79
2026-05-25T15:38:12.0340000,23.66,77.31,101.791
2026-05-25T15:38:13.0860000,23.66,77.3,101.79
2026-05-25T15:38:14.1260000,23.66,77.3,101.79
2026-05-25T15:38:15.1670000,23.66,77.3,101.79
2026-05-25T15:38:16.2080000,23.66,77.3,101.789
2026-05-25T15:38:17.2480000,23.66,77.29,101.79
2026-05-25T15:38:18.3000000,23.66,77.3,101.79
2026-05-25T15:38:19.3400000,23.66,77.29,101.79
2026-05-25T15:38:20.3810000,23.66,77.28,101.79
2026-05-25T15:38:21.4220000,23.66,77.28,101.79
2026-05-25T15:38:22.4630000,23.66,77.27,101.789
2026-05-25T15:38:23.5560000,23.66,77.21,101.789
2026-05-25T15:38:24.5550000,23.66,77.23,101.789
2026-05-25T15:38:25.5960000,23.66,77.22,101.788
2026-05-25T15:38:26.6360000,23.66,77.22,101.788
2026-05-25T15:38:27.6770000,23.66,77.22,101.788
2026-05-25T15:38:28.7280000,23.66,77.22,101.789
2026-05-25T15:38:29.7690000,23.66,77.21,101.788
2026-05-25T15:38:30.8100000,23.66,77.2,101.788
2026-05-25T15:38:31.8510000,23.66,77.2,101.789
2026-05-25T15:38:32.8920000,23.66,77.21,101.789
2026-05-25T15:38:33.9430000,23.66,77.19,101.789
2026-05-25T15:38:34.9840000,23.66,77.18,101.789
2026-05-25T15:38:36.0240000,23.66,77.16,101.789
2026-05-25T15:38:37.1280000,23.66,77.15,101.787
2026-05-25T15:38:38.1060000,23.66,77.15,101.787
2026-05-25T15:38:39.1470000,23.66,77.13,101.787
2026-05-25T15:38:40.1980000,23.66,77.11,101.787
2026-05-25T15:38:41.2390000,23.66,77.11,101.787
2026-05-25T15:38:42.2790000,23.66,77.09,101.787
2026-05-25T15:38:43.3200000,23.66,77.09,101.786
2026-05-25T15:38:44.3610000,23.66,77.08,101.786
2026-05-25T15:38:45.4150000,23.67,77.05,101.786
2026-05-25T15:38:46.4560000,23.67,77.05,101.787
2026-05-25T15:38:47.4960000,23.67,77.05,101.788
2026-05-25T15:38:48.5370000,23.67,77.04,101.787
2026-05-25T15:38:49.5780000,23.67,77.06,101.787
2026-05-25T15:38:50.6190000,23.67,77.02,101.788
2026-05-25T15:38:51.6730000,23.67,77.04,101.787
2026-05-25T15:38:52.7030000,23.67,77.02,101.786
2026-05-25T15:38:53.7550000,23.67,77.02,101.786
2026-05-25T15:38:54.7960000,23.67,77,101.786
2026-05-25T15:38:55.8370000,23.67,77.02,101.785
2026-05-25T15:38:56.8770000,23.67,76.99,101.785
2026-05-25T15:38:57.9180000,23.67,76.97,101.785
2026-05-25T15:38:58.9700000,23.67,77.04,101.785
2026-05-25T15:39:00.0100000,23.67,76.99,101.785
2026-05-25T15:39:01.0510000,23.67,76.94,101.785
2026-05-25T15:39:02.0920000,23.67,76.99,101.784
2026-05-25T15:39:03.1330000,23.67,76.92,101.783
2026-05-25T15:39:04.1840000,23.67,76.93,101.784
2026-05-25T15:39:05.2450000,23.67,76.96,101.784
2026-05-25T15:39:06.2650000,23.67,76.93,101.784
2026-05-25T15:39:07.3060000,23.67,76.9,101.784
2026-05-25T15:39:08.3470000,23.67,76.9,101.784
2026-05-25T15:39:09.3980000,23.67,76.89,101.784
2026-05-25T15:39:10.4390000,23.67,76.89,101.784
2026-05-25T15:39:11.4800000,23.67,76.89,101.783
2026-05-25T15:39:12.5210000,23.67,76.91,101.783
2026-05-25T15:39:13.5610000,23.67,76.87,101.783
2026-05-25T15:39:14.6130000,23.67,76.91,101.784
2026-05-25T15:39:15.6540000,23.67,76.86,101.783
2026-05-25T15:39:16.6940000,23.67,76.9,101.784
2026-05-25T15:39:17.7350000,23.67,76.9,101.784
2026-05-25T15:39:18.8180000,23.67,76.87,101.785
2026-05-25T15:39:19.8270000,23.67,76.87,101.785
2026-05-25T15:39:20.8680000,23.67,76.87,101.785
2026-05-25T15:39:21.9090000,23.67,76.88,101.785
2026-05-25T15:39:22.9500000,23.67,76.86,101.785
2026-05-25T15:39:23.9910000,23.67,76.86,101.784
2026-05-25T15:39:25.0420000,23.67,76.82,101.784
2026-05-25T15:39:26.0830000,23.67,76.77,101.784
2026-05-25T15:39:27.1230000,23.67,76.84,101.784
2026-05-25T15:39:28.1640000,23.67,76.83,101.784
2026-05-25T15:39:29.2050000,23.67,76.8,101.784
2026-05-25T15:39:30.2560000,23.67,76.79,101.785
2026-05-25T15:39:31.2960000,23.67,76.81,101.784
2026-05-25T15:39:32.3930000,23.67,76.79,101.784
2026-05-25T15:39:33.3820000,23.67,76.77,101.783
2026-05-25T15:39:34.4230000,23.67,76.76,101.783
2026-05-25T15:39:35.4640000,23.67,76.75,101.783
2026-05-25T15:39:36.5040000,23.67,76.74,101.783
2026-05-25T15:39:37.5560000,23.67,76.73,101.784
2026-05-25T15:39:38.5970000,23.68,76.72,101.784
2026-05-25T15:39:39.6380000,23.68,76.7,101.785
2026-05-25T15:39:40.6790000,23.68,76.68,101.785
2026-05-25T15:39:41.7190000,23.68,76.7,101.785
2026-05-25T15:39:42.7710000,23.67,76.68,101.785
2026-05-25T15:39:43.8110000,23.68,76.66,101.785
2026-05-25T15:39:44.8520000,23.68,76.68,101.785
2026-05-25T15:39:45.8930000,23.68,76.63,101.784
2026-05-25T15:39:46.9370000,23.68,76.66,101.784
2026-05-25T15:39:47.9780000,23.68,76.67,101.783
2026-05-25T15:39:49.0190000,23.67,76.66,101.783
2026-05-25T15:39:50.0700000,23.67,76.66,101.783
2026-05-25T15:39:51.1110000,23.68,76.66,101.783
2026-05-25T15:39:52.1520000,23.68,76.65,101.783
2026-05-25T15:39:53.1920000,23.68,76.64,101.783
2026-05-25T15:39:54.2330000,23.68,76.65,101.783
2026-05-25T15:39:55.2840000,23.68,76.61,101.783
2026-05-25T15:39:56.3250000,23.68,76.63,101.782
2026-05-25T15:39:57.3660000,23.68,76.6,101.783
2026-05-25T15:39:58.4070000,23.67,76.58,101.782
2026-05-25T15:39:59.4480000,23.67,76.58,101.782
2026-05-25T15:40:00.5090000,23.68,76.55,101.783
2026-05-25T15:40:01.5400000,23.68,76.54,101.783
2026-05-25T15:40:02.5800000,23.68,76.51,101.783
2026-05-25T15:40:03.6210000,23.68,76.51,101.783
2026-05-25T15:40:04.6620000,23.68,76.49,101.783
2026-05-25T15:40:05.7030000,23.68,76.48,101.783
2026-05-25T15:40:06.7540000,23.68,76.49,101.784
2026-05-25T15:40:07.7950000,23.68,76.49,101.784
2026-05-25T15:40:08.8360000,23.68,76.48,101.784
2026-05-25T15:40:09.8770000,23.68,76.48,101.784
2026-05-25T15:40:10.9170000,23.68,76.46,101.784
2026-05-25T15:40:11.9690000,23.68,76.43,101.783
2026-05-25T15:40:13.0090000,23.68,76.43,101.782
2026-05-25T15:40:14.0820000,23.68,76.47,101.782
2026-05-25T15:40:15.0910000,23.68,76.41,101.782
2026-05-25T15:40:16.1320000,23.68,76.41,101.782
2026-05-25T15:40:17.1830000,23.68,76.41,101.782
2026-05-25T15:40:18.2230000,23.68,76.39,101.782
2026-05-25T15:40:19.2640000,23.68,76.39,101.782
2026-05-25T15:40:20.3050000,23.68,76.37,101.782
2026-05-25T15:40:21.3460000,23.68,76.43,101.783
2026-05-25T15:40:22.3970000,23.68,76.35,101.783
2026-05-25T15:40:23.4380000,23.68,76.36,101.783
2026-05-25T15:40:24.4790000,23.68,76.36,101.783
2026-05-25T15:40:25.5200000,23.68,76.35,101.783
2026-05-25T15:40:26.5600000,23.68,76.36,101.783
2026-05-25T15:40:27.6540000,23.68,76.34,101.782
2026-05-25T15:40:28.6530000,23.68,76.34,101.782
2026-05-25T15:40:29.6930000,23.68,76.33,101.782
2026-05-25T15:40:30.7340000,23.68,76.33,101.782
2026-05-25T15:40:31.7750000,23.68,76.3,101.782
2026-05-25T15:40:32.8260000,23.68,76.3,101.782
2026-05-25T15:40:33.8670000,23.68,76.3,101.781
2026-05-25T15:40:34.9080000,23.68,76.29,101.781
2026-05-25T15:40:35.9490000,23.68,76.28,101.782
2026-05-25T15:40:36.9900000,23.68,76.29,101.782
2026-05-25T15:40:38.0410000,23.68,76.29,101.783
2026-05-25T15:40:39.0810000,23.68,76.32,101.782
2026-05-25T15:40:40.1220000,23.68,76.35,101.782
2026-05-25T15:40:41.2260000,23.68,76.3,101.782
2026-05-25T15:40:42.2040000,23.68,76.32,101.781
2026-05-25T15:40:43.2550000,23.68,76.32,101.781
2026-05-25T15:40:44.2960000,23.68,76.3,101.781
2026-05-25T15:40:45.3370000,23.68,76.32,101.781
2026-05-25T15:40:46.3780000,23.69,76.32,101.782
2026-05-25T15:40:47.4180000,23.68,76.3,101.781
2026-05-25T15:40:48.4590000,23.68,76.32,101.782
2026-05-25T15:40:49.5100000,23.69,76.32,101.783
2026-05-25T15:40:50.5510000,23.69,76.32,101.783
2026-05-25T15:40:51.5920000,23.68,76.32,101.782
2026-05-25T15:40:52.6330000,23.69,76.29,101.783
2026-05-25T15:40:53.6740000,23.69,76.3,101.783
2026-05-25T15:40:54.7250000,23.69,76.26,101.783
2026-05-25T15:40:55.7660000,23.69,76.32,101.782
2026-05-25T15:40:56.8070000,23.69,76.3,101.782
2026-05-25T15:40:57.8480000,23.69,76.3,101.783
2026-05-25T15:40:58.8890000,23.69,76.29,101.783
2026-05-25T15:40:59.9400000,23.69,76.29,101.783
2026-05-25T15:41:00.9810000,23.69,76.3,101.783
2026-05-25T15:41:02.0210000,23.69,76.3,101.782
2026-05-25T15:41:03.0620000,23.69,76.32,101.782
2026-05-25T15:41:04.1030000,23.68,76.34,101.782
2026-05-25T15:41:05.1540000,23.69,76.32,101.782
2026-05-25T15:41:06.1950000,23.69,76.36,101.781
2026-05-25T15:41:07.2360000,23.69,76.35,101.782
2026-05-25T15:41:08.2770000,23.69,76.39,101.781
2026-05-25T15:41:09.3380000,23.69,76.37,101.782
2026-05-25T15:41:10.3580000,23.69,76.36,101.782
2026-05-25T15:41:11.4090000,23.69,76.36,101.782
2026-05-25T15:41:12.4500000,23.69,76.36,101.782
2026-05-25T15:41:13.4910000,23.69,76.38,101.782
2026-05-25T15:41:14.5320000,23.69,76.41,101.781
2026-05-25T15:41:15.5730000,23.69,76.47,101.781
2026-05-25T15:41:16.6240000,23.69,76.49,101.781
2026-05-25T15:41:17.6650000,23.69,76.51,101.781
2026-05-25T15:41:18.7060000,23.69,76.58,101.781
2026-05-25T15:41:19.7460000,23.69,76.59,101.781
2026-05-25T15:41:20.7870000,23.69,76.6,101.781
2026-05-25T15:41:21.8390000,23.7,76.66,101.781
2026-05-25T15:41:22.9110000,23.7,76.69,101.782
2026-05-25T15:41:23.9200000,23.7,76.71,101.782
2026-05-25T15:41:24.9610000,23.7,76.72,101.783
2026-05-25T15:41:26.0020000,23.7,76.74,101.782
2026-05-25T15:41:27.0530000,23.7,76.79,101.782
2026-05-25T15:41:28.0940000,23.7,76.82,101.783
2026-05-25T15:41:29.1340000,23.7,76.85,101.782
2026-05-25T15:41:30.1750000,23.7,76.94,101.782
2026-05-25T15:41:31.2160000,23.7,76.97,101.782
2026-05-25T15:41:32.2670000,23.7,77.02,101.781
2026-05-25T15:41:33.3080000,23.71,77.06,101.781
2026-05-25T15:41:34.3490000,23.71,77.09,101.781
2026-05-25T15:41:35.3900000,23.71,77.16,101.781
2026-05-25T15:41:36.4830000,23.71,77.25,101.78
2026-05-25T15:41:37.4710000,23.71,77.29,101.78
2026-05-25T15:41:38.5230000,23.71,77.35,101.78
2026-05-25T15:41:39.5630000,23.71,77.39,101.781
2026-05-25T15:41:40.6040000,23.71,77.42,101.781
2026-05-25T15:41:41.6450000,23.71,77.48,101.781
2026-05-25T15:41:42.6860000,23.71,77.54,101.781
2026-05-25T15:41:43.7370000,23.71,77.6,101.781
2026-05-25T15:41:44.7780000,23.71,77.68,101.782
2026-05-25T15:41:45.8190000,23.71,77.76,101.782
2026-05-25T15:41:46.8590000,23.72,77.85,101.782
2026-05-25T15:41:47.9000000,23.72,77.87,101.782
2026-05-25T15:41:48.9510000,23.72,77.89,101.782
2026-05-25T15:41:50.0550000,23.72,77.97,101.781
2026-05-25T15:41:51.0330000,23.72,78,101.782
2026-05-25T15:41:52.0730000,23.72,78,101.782
2026-05-25T15:41:53.1140000,23.72,78.04,101.782
2026-05-25T15:41:54.1660000,23.72,78.08,101.782
2026-05-25T15:41:55.2060000,23.72,78.14,101.782
2026-05-25T15:41:56.2470000,23.72,78.22,101.782
2026-05-25T15:41:57.2880000,23.72,78.28,101.782
2026-05-25T15:41:58.3290000,23.72,78.37,101.782
2026-05-25T15:41:59.3690000,23.72,78.4,101.782
2026-05-25T15:42:00.4210000,23.72,78.45,101.782
2026-05-25T15:42:01.4620000,23.72,78.47,101.782
2026-05-25T15:42:02.5020000,23.72,78.53,101.782
2026-05-25T15:42:03.5430000,23.73,78.55,101.782
2026-05-25T15:42:04.5940000,23.73,78.72,101.782
2026-05-25T15:42:05.6360000,23.73,78.76,101.782
2026-05-25T15:42:06.6770000,23.73,78.79,101.782
2026-05-25T15:42:07.7170000,23.73,78.86,101.782
2026-05-25T15:42:08.7580000,23.73,78.92,101.781
2026-05-25T15:42:09.7990000,23.73,78.98,101.781
2026-05-25T15:42:10.8500000,23.73,79.04,101.781
2026-05-25T15:42:11.8910000,23.73,79.14,101.781
2026-05-25T15:42:12.9320000,23.73,79.19,101.781
2026-05-25T15:42:13.9720000,23.73,79.23,101.782
2026-05-25T15:42:15.0130000,23.73,79.35,101.781
2026-05-25T15:42:16.0640000,23.73,79.36,101.782
2026-05-25T15:42:17.1050000,23.73,79.4,101.782
2026-05-25T15:42:18.1670000,23.73,79.51,101.781
2026-05-25T15:42:19.1870000,23.73,79.55,101.782
2026-05-25T15:42:20.2270000,23.73,79.58,101.782
2026-05-25T15:42:21.2790000,23.73,79.61,101.782
2026-05-25T15:42:22.3200000,23.73,79.63,101.782
2026-05-25T15:42:23.3600000,23.73,79.64,101.782
2026-05-25T15:42:24.4010000,23.73,79.68,101.782
2026-05-25T15:42:25.4420000,23.73,79.76,101.782
2026-05-25T15:42:26.4830000,23.73,79.78,101.782
2026-05-25T15:42:27.5340000,23.74,79.84,101.783
2026-05-25T15:42:28.5750000,23.73,79.9,101.782
2026-05-25T15:42:29.6160000,23.74,79.95,101.783
2026-05-25T15:42:30.6560000,23.73,79.97,101.782
2026-05-25T15:42:31.7390000,23.73,80.08,101.782
2026-05-25T15:42:32.7480000,23.73,80.14,101.783
2026-05-25T15:42:33.7890000,23.73,80.17,101.783
2026-05-25T15:42:34.8300000,23.73,80.19,101.783
2026-05-25T15:42:35.8710000,23.73,80.22,101.783
2026-05-25T15:42:36.9110000,23.73,80.27,101.783
2026-05-25T15:42:37.9630000,23.73,80.3,101.783
2026-05-25T15:42:39.0030000,23.74,80.32,101.783
2026-05-25T15:42:40.0440000,23.74,80.4,101.783
2026-05-25T15:42:41.0850000,23.74,80.42,101.783
2026-05-25T15:42:42.1260000,23.73,80.47,101.783
2026-05-25T15:42:43.1770000,23.73,80.48,101.783
2026-05-25T15:42:44.2180000,23.73,80.5,101.783
2026-05-25T15:42:45.3110000,23.73,80.6,101.783
2026-05-25T15:42:46.2990000,23.73,80.58,101.782
2026-05-25T15:42:47.3400000,23.73,80.59,101.782
2026-05-25T15:42:48.3910000,23.73,80.62,101.783
2026-05-25T15:42:49.4320000,23.73,80.67,101.783
2026-05-25T15:42:50.4730000,23.73,80.69,101.782
2026-05-25T15:42:51.5140000,23.73,80.71,101.782
2026-05-25T15:42:52.5550000,23.73,80.71,101.782
2026-05-25T15:42:53.6060000,23.73,80.74,101.782
2026-05-25T15:42:54.6470000,23.73,80.72,101.782
2026-05-25T15:42:55.6880000,23.73,80.79,101.781
2026-05-25T15:42:56.7280000,23.73,80.82,101.781
2026-05-25T15:42:57.7690000,23.73,80.85,101.781
2026-05-25T15:42:58.8100000,23.73,80.93,101.78
2026-05-25T15:42:59.8610000,23.73,80.95,101.78
2026-05-25T15:43:00.9020000,23.73,80.97,101.781
2026-05-25T15:43:01.9430000,23.73,80.99,101.781
2026-05-25T15:43:02.9830000,23.73,81,101.781
2026-05-25T15:43:04.0240000,23.73,81,101.78
2026-05-25T15:43:05.0750000,23.73,81.02,101.78
2026-05-25T15:43:06.1170000,23.73,81.04,101.78
2026-05-25T15:43:07.1580000,23.73,81.07,101.781
2026-05-25T15:43:08.1980000,23.73,81.09,101.78
2026-05-25T15:43:09.2390000,23.73,81.12,101.78
2026-05-25T15:43:10.2900000,23.73,81.12,101.78
2026-05-25T15:43:11.3310000,23.73,81.15,101.78
2026-05-25T15:43:12.3720000,23.73,81.22,101.78
2026-05-25T15:43:13.4200000,23.73,81.29,101.781
2026-05-25T15:43:14.4610000,23.74,81.32,101.781
2026-05-25T15:43:15.5010000,23.74,81.34,101.781
2026-05-25T15:43:16.5420000,23.74,81.36,101.781
2026-05-25T15:43:17.5830000,23.74,81.39,101.781
2026-05-25T15:43:18.6240000,23.74,81.4,101.781
2026-05-25T15:43:19.6750000,23.74,81.41,101.781
2026-05-25T15:43:20.7160000,23.74,81.44,101.78
2026-05-25T15:43:21.7570000,23.74,81.46,101.78
2026-05-25T15:43:22.7970000,23.73,81.46,101.779
2026-05-25T15:43:23.8380000,23.74,81.52,101.78
2026-05-25T15:43:24.8890000,23.74,81.51,101.779
2026-05-25T15:43:25.9300000,23.74,81.51,101.78
2026-05-25T15:43:26.9920000,23.74,81.55,101.78
2026-05-25T15:43:28.0120000,23.74,81.59,101.779
2026-05-25T15:43:29.0520000,23.74,81.61,101.779
2026-05-25T15:43:30.0930000,23.74,81.62,101.779
2026-05-25T15:43:31.1450000,23.74,81.64,101.779
2026-05-25T15:43:32.1850000,23.74,81.65,101.778
2026-05-25T15:43:33.2260000,23.74,81.68,101.779
2026-05-25T15:43:34.2670000,23.74,81.63,101.779
2026-05-25T15:43:35.3080000,23.74,81.71,101.779
2026-05-25T15:43:36.3590000,23.74,81.73,101.78
2026-05-25T15:43:37.4000000,23.74,81.73,101.779
2026-05-25T15:43:38.4410000,23.74,81.72,101.779
2026-05-25T15:43:39.4810000,23.74,81.73,101.779
2026-05-25T15:43:40.5640000,23.74,81.81,101.779
2026-05-25T15:43:41.5630000,23.74,81.8,101.779
2026-05-25T15:43:42.6140000,23.74,81.8,101.78
2026-05-25T15:43:43.6550000,23.74,81.8,101.78
2026-05-25T15:43:44.6960000,23.74,81.79,101.78
2026-05-25T15:43:45.7370000,23.74,81.79,101.78
2026-05-25T15:43:46.7770000,23.74,81.8,101.78
2026-05-25T15:43:47.8290000,23.74,81.78,101.78
2026-05-25T15:43:48.8700000,23.74,81.78,101.78
2026-05-25T15:43:49.9100000,23.74,81.81,101.779
2026-05-25T15:43:50.9510000,23.74,81.8,101.779
2026-05-25T15:43:51.9920000,23.74,81.83,101.779
2026-05-25T15:43:53.0430000,23.73,81.85,101.779
2026-05-25T15:43:54.1400000,23.73,81.87,101.778
2026-05-25T15:43:55.1290000,23.73,81.85,101.778
2026-05-25T15:43:56.1690000,23.73,81.85,101.778
2026-05-25T15:43:57.2100000,23.73,81.85,101.778
2026-05-25T15:43:58.2510000,23.73,81.83,101.778
2026-05-25T15:43:59.2920000,23.73,81.81,101.777
2026-05-25T15:44:00.3430000,23.73,81.82,101.777
2026-05-25T15:44:01.3840000,23.73,81.8,101.778
2026-05-25T15:44:02.4250000,23.73,81.79,101.779
2026-05-25T15:44:03.4650000,23.73,81.8,101.778
2026-05-25T15:44:04.5060000,23.73,81.77,101.779
2026-05-25T15:44:06.5980000,23.73,81.76,101.779
2026-05-25T15:44:07.6390000,23.73,81.75,101.778
2026-05-25T15:44:08.6800000,23.72,81.69,101.776
2026-05-25T15:44:09.7200000,23.72,81.7,101.776
2026-05-25T15:44:10.7720000,23.72,81.68,101.776
2026-05-25T15:44:11.8120000,23.72,81.7,101.776
2026-05-25T15:44:12.8530000,23.72,81.68,101.777
2026-05-25T15:44:13.8940000,23.72,81.66,101.777
2026-05-25T15:44:14.9340000,23.72,81.64,101.777
2026-05-25T15:44:15.9760000,23.72,81.64,101.777
2026-05-25T15:44:17.0270000,23.72,81.62,101.777
2026-05-25T15:44:18.0680000,23.72,81.56,101.776
2026-05-25T15:44:19.1090000,23.72,81.56,101.777
2026-05-25T15:44:20.1490000,23.72,81.55,101.778
2026-05-25T15:44:21.1900000,23.72,81.57,101.778
2026-05-25T15:44:22.2520000,23.72,81.55,101.777
2026-05-25T15:44:23.2820000,23.72,81.52,101.776
2026-05-25T15:44:24.3230000,23.71,81.51,101.776
2026-05-25T15:44:25.3640000,23.71,81.49,101.776
2026-05-25T15:44:26.4050000,23.72,81.5,101.776
2026-05-25T15:44:27.4560000,23.72,81.49,101.776
2026-05-25T15:44:28.4970000,23.71,81.46,101.776
2026-05-25T15:44:29.5380000,23.71,81.37,101.776
2026-05-25T15:44:30.5780000,23.71,81.43,101.776
2026-05-25T15:44:31.6190000,23.71,81.41,101.776
2026-05-25T15:44:32.6600000,23.71,81.34,101.776
2026-05-25T15:44:33.7110000,23.71,81.33,101.776
2026-05-25T15:44:34.7520000,23.71,81.3,101.776
2026-05-25T15:44:35.8240000,23.71,81.35,101.775
2026-05-25T15:44:36.8330000,23.71,81.29,101.775
2026-05-25T15:44:37.8740000,23.71,81.28,101.774
2026-05-25T15:44:38.9250000,23.7,81.25,101.774
2026-05-25T15:44:39.9660000,23.7,81.21,101.774
2026-05-25T15:44:41.0070000,23.7,81.21,101.774
2026-05-25T15:44:42.0470000,23.7,81.2,101.774
2026-05-25T15:44:43.0880000,23.7,81.18,101.774
2026-05-25T15:44:44.1390000,23.7,81.17,101.774
2026-05-25T15:44:45.1800000,23.7,81.16,101.774
2026-05-25T15:44:46.2210000,23.7,81.15,101.774
2026-05-25T15:44:47.2620000,23.7,81.1,101.774
2026-05-25T15:44:48.3020000,23.7,81.09,101.775
2026-05-25T15:44:49.3960000,23.7,81.07,101.774
2026-05-25T15:44:50.3950000,23.7,81.05,101.774
2026-05-25T15:44:51.4350000,23.7,81.04,101.774
2026-05-25T15:44:52.4760000,23.7,81.03,101.774
2026-05-25T15:44:53.5170000,23.7,81.01,101.774
2026-05-25T15:44:54.5680000,23.69,80.98,101.774
2026-05-25T15:44:55.6090000,23.69,80.95,101.774
2026-05-25T15:44:56.6500000,23.69,80.94,101.773
2026-05-25T15:44:57.6910000,23.69,80.9,101.773
2026-05-25T15:44:58.7310000,23.69,80.9,101.772
2026-05-25T15:44:59.7820000,23.69,80.87,101.772
2026-05-25T15:45:00.8230000,23.69,80.87,101.772
2026-05-25T15:45:01.8640000,23.69,80.84,101.772
2026-05-25T15:45:02.9710000,23.69,80.8,101.772
2026-05-25T15:45:03.9490000,23.69,80.79,101.772
2026-05-25T15:45:04.9900000,23.69,80.77,101.771
2026-05-25T15:45:06.0310000,23.69,80.76,101.771
2026-05-25T15:45:07.0820000,23.69,80.71,101.771
2026-05-25T15:45:08.1230000,23.69,80.71,101.771
2026-05-25T15:45:09.1640000,23.69,80.7,101.77
2026-05-25T15:45:10.2050000,23.69,80.68,101.77
2026-05-25T15:45:11.2450000,23.69,80.67,101.77
2026-05-25T15:45:12.2860000,23.68,80.67,101.769
2026-05-25T15:45:13.3370000,23.68,80.64,101.769
2026-05-25T15:45:14.3780000,23.68,80.62,101.768
2026-05-25T15:45:15.4190000,23.68,80.6,101.769
2026-05-25T15:45:16.4600000,23.68,80.58,101.769
2026-05-25T15:45:17.5140000,23.68,80.57,101.769
2026-05-25T15:45:18.5450000,23.68,80.56,101.769
2026-05-25T15:45:19.5960000,23.68,80.54,101.769
2026-05-25T15:45:20.6360000,23.68,80.53,101.769
2026-05-25T15:45:21.6770000,23.68,80.51,101.768
2026-05-25T15:45:22.7180000,23.68,80.5,101.768
2026-05-25T15:45:23.7580000,23.68,80.47,101.769
2026-05-25T15:45:24.8100000,23.68,80.42,101.768
2026-05-25T15:45:25.8510000,23.68,80.46,101.768
2026-05-25T15:45:26.8910000,23.68,80.43,101.768
2026-05-25T15:45:27.9320000,23.68,80.39,101.768
2026-05-25T15:45:28.9730000,23.68,80.39,101.768
2026-05-25T15:45:30.0140000,23.68,80.35,101.768
2026-05-25T15:45:31.0860000,23.68,80.31,101.767
2026-05-25T15:45:32.1060000,23.68,80.32,101.768
2026-05-25T15:45:33.1470000,23.68,80.32,101.768
2026-05-25T15:45:34.1880000,23.68,80.3,101.768
2026-05-25T15:45:35.2280000,23.67,80.29,101.768
2026-05-25T15:45:36.2800000,23.67,80.27,101.768
2026-05-25T15:45:37.3200000,23.67,80.27,101.768
2026-05-25T15:45:38.3610000,23.68,80.29,101.768
2026-05-25T15:45:39.4020000,23.67,80.28,101.768
2026-05-25T15:45:40.4430000,23.67,80.22,101.767
2026-05-25T15:45:41.4940000,23.67,80.22,101.768
2026-05-25T15:45:42.5350000,23.67,80.23,101.768
2026-05-25T15:45:43.5760000,23.67,80.18,101.767
2026-05-25T15:45:44.6580000,23.67,80.14,101.767
2026-05-25T15:45:45.6570000,23.68,80.16,101.768
2026-05-25T15:45:46.6980000,23.67,80.12,101.767
2026-05-25T15:45:47.7490000,23.67,80.11,101.767
2026-05-25T15:45:48.7900000,23.67,80.1,101.767
2026-05-25T15:45:49.8310000,23.67,80.08,101.767
2026-05-25T15:45:50.8710000,23.67,80.07,101.767
2026-05-25T15:45:51.9120000,23.67,80.06,101.767
2026-05-25T15:45:52.9630000,23.67,80.05,101.767
2026-05-25T15:45:54.0040000,23.67,80.05,101.766
2026-05-25T15:45:55.0450000,23.67,79.98,101.766
2026-05-25T15:45:56.0860000,23.67,80.01,101.766
2026-05-25T15:45:57.1270000,23.67,80,101.766
2026-05-25T15:45:58.2300000,23.67,79.97,101.766
2026-05-25T15:45:59.2190000,23.67,79.97,101.766
2026-05-25T15:46:00.2600000,23.67,79.96,101.765
2026-05-25T15:46:01.3000000,23.67,79.97,101.764
2026-05-25T15:46:02.3410000,23.67,79.96,101.764
2026-05-25T15:46:03.3820000,23.66,79.95,101.764
2026-05-25T15:46:04.4330000,23.66,79.94,101.764
2026-05-25T15:46:05.4740000,23.66,79.92,101.764
2026-05-25T15:46:06.5150000,23.66,79.92,101.764
2026-05-25T15:46:07.5550000,23.66,79.85,101.764
2026-05-25T15:46:08.5960000,23.67,79.84,101.764
2026-05-25T15:46:09.6470000,23.66,79.85,101.763
2026-05-25T15:46:10.6880000,23.67,79.81,101.764
2026-05-25T15:46:11.7290000,23.66,79.85,101.763
2026-05-25T15:46:12.7760000,23.66,79.78,101.763
2026-05-25T15:46:13.8170000,23.66,79.78,101.763
2026-05-25T15:46:14.8580000,23.66,79.76,101.763
2026-05-25T15:46:15.8990000,23.66,79.73,101.763
2026-05-25T15:46:16.9400000,23.66,79.71,101.763
2026-05-25T15:46:17.9810000,23.66,79.7,101.763
2026-05-25T15:46:19.0320000,23.66,79.69,101.762
2026-05-25T15:46:20.0730000,23.66,79.68,101.762
2026-05-25T15:46:21.1130000,23.66,79.64,101.762
2026-05-25T15:46:22.1540000,23.66,79.64,101.762
2026-05-25T15:46:23.1950000,23.66,79.62,101.761
2026-05-25T15:46:24.2460000,23.66,79.59,101.762
2026-05-25T15:46:25.2870000,23.66,79.59,101.762
2026-05-25T15:46:26.3490000,23.66,79.56,101.761
2026-05-25T15:46:27.3690000,23.66,79.54,101.761
2026-05-25T15:46:28.4090000,23.66,79.52,101.76
2026-05-25T15:46:29.4610000,23.66,79.54,101.76
2026-05-25T15:46:30.5010000,23.66,79.53,101.76
2026-05-25T15:46:32.5830000,23.66,79.52,101.76
2026-05-25T15:46:33.6230000,23.66,79.5,101.76
2026-05-25T15:46:34.6750000,23.66,79.51,101.759
2026-05-25T15:46:35.7150000,23.66,79.54,101.76
2026-05-25T15:46:36.7560000,23.66,79.46,101.76
2026-05-25T15:46:37.7970000,23.66,79.49,101.76
2026-05-25T15:46:38.8380000,23.66,79.47,101.76
2026-05-25T15:46:39.9240000,23.66,79.41,101.76
2026-05-25T15:46:40.9230000,23.66,79.42,101.76
2026-05-25T15:46:41.9740000,23.66,79.41,101.76
2026-05-25T15:46:43.0150000,23.66,79.39,101.76
2026-05-25T15:46:44.0550000,23.66,79.38,101.76
2026-05-25T15:46:45.0960000,23.66,79.38,101.76
2026-05-25T15:46:46.1370000,23.66,79.37,101.759
2026-05-25T15:46:47.1880000,23.66,79.29,101.76
2026-05-25T15:46:48.2290000,23.66,79.36,101.759
2026-05-25T15:46:49.2700000,23.66,79.32,101.759
2026-05-25T15:46:50.3100000,23.65,79.31,101.759
2026-05-25T15:46:51.3510000,23.65,79.29,101.759
2026-05-25T15:46:52.3920000,23.65,79.27,101.758
2026-05-25T15:46:53.4990000,23.65,79.21,101.759
2026-05-25T15:46:54.4870000,23.65,79.21,101.758
2026-05-25T15:46:55.5280000,23.65,79.2,101.758
2026-05-25T15:46:56.5690000,23.65,79.18,101.757
2026-05-25T15:46:57.6090000,23.65,79.16,101.758
2026-05-25T15:46:58.6500000,23.65,79.16,101.758
2026-05-25T15:46:59.7020000,23.65,79.14,101.758
2026-05-25T15:47:00.7420000,23.65,79.13,101.758
2026-05-25T15:47:01.7830000,23.65,79.12,101.757
2026-05-25T15:47:02.8240000,23.65,79.1,101.757
2026-05-25T15:47:03.8650000,23.65,79.08,101.758
2026-05-25T15:47:04.9060000,23.65,79.04,101.758
2026-05-25T15:47:05.9570000,23.65,79.04,101.758
2026-05-25T15:47:06.9980000,23.65,79.09,101.758
2026-05-25T15:47:08.0420000,23.65,79.03,101.758
2026-05-25T15:47:09.0830000,23.65,79.02,101.758
2026-05-25T15:47:10.1240000,23.65,79.01,101.757
2026-05-25T15:47:11.1650000,23.65,79,101.757
2026-05-25T15:47:12.2050000,23.65,78.97,101.758
2026-05-25T15:47:13.2570000,23.65,78.95,101.757
2026-05-25T15:47:14.2980000,23.65,78.95,101.758
2026-05-25T15:47:15.3380000,23.65,78.94,101.758
2026-05-25T15:47:16.3790000,23.65,78.93,101.757
2026-05-25T15:47:17.4200000,23.65,78.89,101.757
2026-05-25T15:47:18.4710000,23.65,78.91,101.757
2026-05-25T15:47:19.5120000,23.65,78.92,101.758
2026-05-25T15:47:20.5530000,23.65,78.9,101.757
2026-05-25T15:47:21.6140000,23.65,78.88,101.757
2026-05-25T15:47:22.6340000,23.65,78.86,101.756
2026-05-25T15:47:24.7260000,23.65,78.83,101.757
2026-05-25T15:47:25.7690000,23.65,78.82,101.757
2026-05-25T15:47:26.8100000,23.65,78.79,101.757
2026-05-25T15:47:27.8500000,23.64,78.78,101.756
2026-05-25T15:47:28.8910000,23.64,78.79,101.756
2026-05-25T15:47:29.9420000,23.64,78.77,101.756
2026-05-25T15:47:30.9830000,23.65,78.76,101.755
2026-05-25T15:47:32.0240000,23.65,78.76,101.755
2026-05-25T15:47:33.0650000,23.64,78.72,101.754
2026-05-25T15:47:34.1060000,23.65,78.77,101.755
2026-05-25T15:47:35.1880000,23.65,78.71,101.755
2026-05-25T15:47:36.1980000,23.64,78.69,101.755
2026-05-25T15:47:37.2390000,23.64,78.69,101.755
2026-05-25T15:47:38.2800000,23.65,78.69,101.756
2026-05-25T15:47:39.3200000,23.65,78.69,101.756
2026-05-25T15:47:40.3610000,23.64,78.68,101.755
2026-05-25T15:47:41.4120000,23.64,78.68,101.755
2026-05-25T15:47:42.4530000,23.64,78.67,101.756
2026-05-25T15:47:43.4940000,23.64,78.67,101.756
2026-05-25T15:47:44.5340000,23.64,78.6,101.756
2026-05-25T15:47:45.5750000,23.64,78.6,101.756
2026-05-25T15:47:46.6260000,23.64,78.64,101.756
2026-05-25T15:47:47.6670000,23.65,78.65,101.757
2026-05-25T15:47:48.7600000,23.65,78.58,101.756
2026-05-25T15:47:49.7490000,23.64,78.6,101.756
2026-05-25T15:47:50.7900000,23.64,78.6,101.756
2026-05-25T15:47:51.8410000,23.64,78.58,101.755
2026-05-25T15:47:52.8820000,23.64,78.57,101.755
2026-05-25T15:47:53.9220000,23.64,78.56,101.754
2026-05-25T15:47:54.9630000,23.64,78.56,101.754
2026-05-25T15:47:56.0040000,23.64,78.55,101.754
2026-05-25T15:47:57.0560000,23.64,78.54,101.754
2026-05-25T15:47:58.0960000,23.64,78.54,101.755
2026-05-25T15:47:59.1370000,23.64,78.5,101.754
2026-05-25T15:48:00.1780000,23.64,78.49,101.754
2026-05-25T15:48:01.2190000,23.64,78.47,101.754
2026-05-25T15:48:02.3360000,23.64,78.49,101.754
2026-05-25T15:48:03.3040000,23.64,78.44,101.754
2026-05-25T15:48:04.3550000,23.64,78.43,101.754
2026-05-25T15:48:05.3960000,23.65,78.42,101.754
2026-05-25T15:48:06.4360000,23.65,78.41,101.754
2026-05-25T15:48:07.4770000,23.65,78.4,101.755
2026-05-25T15:48:08.5180000,23.65,78.39,101.754
2026-05-25T15:48:09.5690000,23.64,78.38,101.754
2026-05-25T15:48:10.6100000,23.64,78.38,101.754
2026-05-25T15:48:11.6510000,23.64,78.38,101.754
2026-05-25T15:48:12.6910000,23.64,78.32,101.754
2026-05-25T15:48:13.7320000,23.64,78.37,101.754
2026-05-25T15:48:14.7840000,23.64,78.34,101.754
2026-05-25T15:48:15.8240000,23.64,78.31,101.754
2026-05-25T15:48:16.8790000,23.64,78.3,101.754
2026-05-25T15:48:17.9090000,23.64,78.27,101.753
2026-05-25T15:48:18.9500000,23.64,78.26,101.754
2026-05-25T15:48:19.9910000,23.64,78.26,101.753
2026-05-25T15:48:21.0320000,23.64,78.24,101.753
2026-05-25T15:48:22.0830000,23.64,78.25,101.752
2026-05-25T15:48:23.1240000,23.64,78.21,101.753
2026-05-25T15:48:24.1650000,23.64,78.24,101.753
2026-05-25T15:48:25.2050000,23.64,78.17,101.753
2026-05-25T15:48:26.2460000,23.64,78.18,101.753
2026-05-25T15:48:27.2970000,23.64,78.16,101.753
2026-05-25T15:48:28.3380000,23.64,78.17,101.753
2026-05-25T15:48:29.3790000,23.64,78.15,101.753
2026-05-25T15:48:30.4510000,23.64,78.16,101.753
2026-05-25T15:48:31.4600000,23.64,78.12,101.753
2026-05-25T15:48:32.5110000,23.64,78.12,101.753
2026-05-25T15:48:33.5520000,23.64,78.12,101.753
2026-05-25T15:48:34.5930000,23.64,78.1,101.753
2026-05-25T15:48:35.6340000,23.64,78.1,101.753
2026-05-25T15:48:36.6750000,23.64,78.1,101.752
2026-05-25T15:48:37.7260000,23.64,78.15,101.752
2026-05-25T15:48:38.7660000,23.64,78.08,101.752
2026-05-25T15:48:39.8070000,23.64,78.03,101.752
2026-05-25T15:48:40.8480000,23.64,78.06,101.753
2026-05-25T15:48:41.8890000,23.64,78.07,101.753
2026-05-25T15:48:42.9400000,23.64,78.06,101.752
2026-05-25T15:48:44.0260000,23.64,78.04,101.753
2026-05-25T15:48:45.0250000,23.65,78.03,101.753
2026-05-25T15:48:46.0660000,23.65,78.04,101.753
2026-05-25T15:48:47.1070000,23.64,78.04,101.752
2026-05-25T15:48:48.1470000,23.64,78.04,101.752
2026-05-25T15:48:49.1880000,23.64,78.03,101.752
2026-05-25T15:48:50.2390000,23.64,78.02,101.753
2026-05-25T15:48:51.2800000,23.64,77.99,101.753
2026-05-25T15:48:52.3210000,23.64,77.95,101.753
2026-05-25T15:48:53.3610000,23.64,77.98,101.753
2026-05-25T15:48:54.4020000,23.64,77.95,101.753
2026-05-25T15:48:55.4540000,23.64,77.94,101.753
2026-05-25T15:48:56.4940000,23.64,77.94,101.753
2026-05-25T15:48:58.5760000,23.64,77.92,101.754
2026-05-25T15:48:59.6170000,23.64,77.93,101.754
2026-05-25T15:49:00.6680000,23.64,77.92,101.754
2026-05-25T15:49:01.7090000,23.64,77.91,101.754
2026-05-25T15:49:02.7490000,23.64,77.9,101.754
2026-05-25T15:49:03.7900000,23.64,77.9,101.754
2026-05-25T15:49:04.8310000,23.64,77.89,101.754
2026-05-25T15:49:05.8720000,23.64,77.86,101.754
2026-05-25T15:49:06.9240000,23.64,77.87,101.754
2026-05-25T15:49:07.9640000,23.64,77.89,101.754
2026-05-25T15:49:09.0050000,23.64,77.88,101.754
2026-05-25T15:49:10.0460000,23.64,77.88,101.754
2026-05-25T15:49:12.1410000,23.64,77.8,101.754
2026-05-25T15:49:13.1720000,23.64,77.8,101.754
2026-05-25T15:49:14.2230000,23.64,77.78,101.755
2026-05-25T15:49:15.2630000,23.64,77.79,101.755
2026-05-25T15:49:16.3040000,23.64,77.78,101.754
2026-05-25T15:49:17.3450000,23.65,77.79,101.755
2026-05-25T15:49:18.3860000,23.65,77.79,101.754
2026-05-25T15:49:19.4370000,23.65,77.78,101.755
2026-05-25T15:49:20.4780000,23.64,77.81,101.754
2026-05-25T15:49:21.5190000,23.64,77.77,101.754
2026-05-25T15:49:22.5590000,23.64,77.71,101.754
2026-05-25T15:49:23.6000000,23.64,77.79,101.754
2026-05-25T15:49:24.6410000,23.64,77.75,101.754
2026-05-25T15:49:25.7130000,23.64,77.73,101.755
2026-05-25T15:49:26.7330000,23.64,77.73,101.755
2026-05-25T15:49:27.7740000,23.64,77.73,101.755
2026-05-25T15:49:28.8150000,23.65,77.73,101.755
2026-05-25T15:49:29.8550000,23.65,77.72,101.755
2026-05-25T15:49:30.9070000,23.64,77.72,101.754
2026-05-25T15:49:31.9480000,23.65,77.71,101.754
2026-05-25T15:49:32.9880000,23.64,77.77,101.754
2026-05-25T15:49:34.0290000,23.64,77.72,101.754
2026-05-25T15:49:35.0700000,23.65,77.67,101.755
2026-05-25T15:49:36.1210000,23.65,77.7,101.755
2026-05-25T15:49:37.1620000,23.65,77.71,101.755
2026-05-25T15:49:38.2020000,23.65,77.69,101.755
2026-05-25T15:49:39.2850000,23.65,77.69,101.755
2026-05-25T15:49:40.2840000,23.65,77.69,101.755
2026-05-25T15:49:41.3350000,23.64,77.65,101.755
2026-05-25T15:49:42.3760000,23.64,77.65,101.755
2026-05-25T15:49:43.4170000,23.64,77.64,101.755
2026-05-25T15:49:44.4570000,23.64,77.64,101.755
2026-05-25T15:49:45.4980000,23.64,77.63,101.756
2026-05-25T15:49:46.5490000,23.64,77.58,101.756
2026-05-25T15:49:47.5900000,23.65,77.62,101.756
2026-05-25T15:49:48.6310000,23.65,77.6,101.756
2026-05-25T15:49:49.6720000,23.65,77.64,101.757
2026-05-25T15:49:50.7130000,23.65,77.64,101.757
2026-05-25T15:49:51.7640000,23.65,77.63,101.757
2026-05-25T15:49:52.8610000,23.65,77.6,101.756
2026-05-25T15:49:53.8490000,23.65,77.6,101.756
2026-05-25T15:49:54.8900000,23.65,77.59,101.756
2026-05-25T15:49:55.9310000,23.64,77.58,101.756
2026-05-25T15:49:56.9720000,23.64,77.57,101.755
2026-05-25T15:49:58.0130000,23.64,77.55,101.755
2026-05-25T15:49:59.0540000,23.64,77.55,101.755
2026-05-25T15:50:00.1050000,23.64,77.54,101.756
2026-05-25T15:50:01.1460000,23.64,77.54,101.756
2026-05-25T15:50:02.1860000,23.64,77.52,101.756
2026-05-25T15:50:03.2270000,23.64,77.52,101.756
2026-05-25T15:50:04.2680000,23.64,77.52,101.756
2026-05-25T15:50:05.3190000,23.65,77.52,101.757
2026-05-25T15:50:06.3600000,23.64,77.51,101.756
2026-05-25T15:50:07.4040000,23.65,77.49,101.758
2026-05-25T15:50:08.4450000,23.65,77.48,101.758
2026-05-25T15:50:09.4850000,23.65,77.47,101.759
2026-05-25T15:50:10.5260000,23.65,77.47,101.758
2026-05-25T15:50:11.5670000,23.65,77.48,101.758
2026-05-25T15:50:12.6180000,23.65,77.47,101.758
2026-05-25T15:50:13.6590000,23.65,77.47,101.758
2026-05-25T15:50:14.7000000,23.65,77.45,101.758
2026-05-25T15:50:15.7400000,23.65,77.44,101.758
2026-05-25T15:50:16.7810000,23.65,77.45,101.758
2026-05-25T15:50:17.8320000,23.65,77.43,101.757
2026-05-25T15:50:18.8730000,23.65,77.45,101.757
2026-05-25T15:50:19.9140000,23.65,77.45,101.758
2026-05-25T15:50:20.9760000,23.65,77.4,101.757
2026-05-25T15:50:21.9960000,23.65,77.39,101.757
2026-05-25T15:50:23.0470000,23.64,77.38,101.757
2026-05-25T15:50:24.0870000,23.65,77.39,101.757
2026-05-25T15:50:25.1280000,23.65,77.38,101.757
2026-05-25T15:50:26.1690000,23.65,77.38,101.757
2026-05-25T15:50:27.2100000,23.65,77.37,101.757
2026-05-25T15:50:28.2610000,23.65,77.44,101.757
2026-05-25T15:50:29.3020000,23.65,77.35,101.757
2026-05-25T15:50:30.3420000,23.65,77.38,101.757
2026-05-25T15:50:31.3830000,23.65,77.35,101.757
2026-05-25T15:50:32.4240000,23.65,77.35,101.756
2026-05-25T15:50:33.4750000,23.65,77.38,101.756
2026-05-25T15:50:34.5510000,23.64,77.31,101.755
2026-05-25T15:50:35.5600000,23.65,77.32,101.756
2026-05-25T15:50:36.6010000,23.65,77.31,101.755
2026-05-25T15:50:37.6420000,23.65,77.29,101.755
2026-05-25T15:50:38.6830000,23.65,77.3,101.756
2026-05-25T15:50:39.7230000,23.65,77.29,101.757
2026-05-25T15:50:40.7750000,23.65,77.29,101.757
2026-05-25T15:50:41.8150000,23.65,77.21,101.757
2026-05-25T15:50:42.8560000,23.65,77.29,101.757
2026-05-25T15:50:43.8970000,23.65,77.3,101.758
2026-05-25T15:50:44.9380000,23.65,77.27,101.758
2026-05-25T15:50:45.9890000,23.65,77.26,101.757
2026-05-25T15:50:47.0300000,23.65,77.25,101.758
2026-05-25T15:50:48.1260000,23.65,77.23,101.757
2026-05-25T15:50:49.1150000,23.65,77.22,101.757
2026-05-25T15:50:50.1550000,23.65,77.22,101.757
2026-05-25T15:50:51.1960000,23.65,77.21,101.757
2026-05-25T15:50:52.2470000,23.65,77.2,101.757
2026-05-25T15:50:53.2880000,23.65,77.19,101.757
2026-05-25T15:50:54.3290000,23.65,77.2,101.757
2026-05-25T15:50:55.3700000,23.65,77.2,101.757
2026-05-25T15:50:56.4110000,23.65,77.22,101.757
2026-05-25T15:50:57.4620000,23.65,77.22,101.757
2026-05-25T15:50:58.5030000,23.65,77.2,101.757
2026-05-25T15:50:59.5430000,23.65,77.19,101.758
2026-05-25T15:51:00.5840000,23.65,77.2,101.757
2026-05-25T15:51:01.6250000,23.65,77.23,101.757
2026-05-25T15:51:02.6690000,23.66,77.2,101.757
2026-05-25T15:51:03.7100000,23.66,77.18,101.758
2026-05-25T15:51:04.7610000,23.66,77.17,101.758
2026-05-25T15:51:05.8020000,23.65,77.17,101.757
2026-05-25T15:51:06.8430000,23.65,77.16,101.757
2026-05-25T15:51:07.8840000,23.65,77.14,101.757
2026-05-25T15:51:08.9240000,23.66,77.15,101.757
2026-05-25T15:51:09.9760000,23.65,77.12,101.757
2026-05-25T15:51:11.0160000,23.65,77.1,101.757
2026-05-25T15:51:12.0570000,23.65,77.13,101.757
2026-05-25T15:51:13.0980000,23.65,77.11,101.758
2026-05-25T15:51:14.1390000,23.66,77.08,101.758
2026-05-25T15:51:15.1900000,23.65,77.1,101.757
2026-05-25T15:51:16.2420000,23.66,77.11,101.757
2026-05-25T15:51:17.2720000,23.65,77.08,101.756
2026-05-25T15:51:18.3130000,23.65,77.08,101.756
2026-05-25T15:51:19.3540000,23.65,77.07,101.756
2026-05-25T15:51:20.3950000,23.65,77.07,101.757
2026-05-25T15:51:21.4460000,23.66,77.07,101.757
2026-05-25T15:51:22.4870000,23.65,77.05,101.757
2026-05-25T15:51:23.5270000,23.65,77,101.757
2026-05-25T15:51:24.5680000,23.65,77.04,101.757
2026-05-25T15:51:25.6090000,23.66,76.99,101.758
2026-05-25T15:51:26.6600000,23.66,76.97,101.758
2026-05-25T15:51:27.7010000,23.66,76.98,101.758
2026-05-25T15:51:28.7420000,23.66,76.98,101.758
2026-05-25T15:51:29.8140000,23.65,76.96,101.758
2026-05-25T15:51:30.8230000,23.65,76.95,101.757
2026-05-25T15:51:31.8750000,23.65,76.95,101.757
2026-05-25T15:51:32.9150000,23.65,76.94,101.757
2026-05-25T15:51:33.9560000,23.65,76.94,101.758
2026-05-25T15:51:34.9970000,23.65,76.94,101.758
2026-05-25T15:51:36.0380000,23.65,76.92,101.758
2026-05-25T15:51:37.0890000,23.65,76.99,101.758
2026-05-25T15:51:38.1300000,23.65,76.93,101.758
2026-05-25T15:51:39.1710000,23.65,76.91,101.757
2026-05-25T15:51:40.2110000,23.66,76.92,101.758
2026-05-25T15:51:41.2520000,23.66,76.95,101.758
2026-05-25T15:51:42.3030000,23.66,76.87,101.758
2026-05-25T15:51:43.3860000,23.66,76.86,101.758
2026-05-25T15:51:44.3850000,23.66,76.85,101.757
2026-05-25T15:51:45.4260000,23.66,76.84,101.758
2026-05-25T15:51:46.4670000,23.66,76.82,101.758
2026-05-25T15:51:47.5180000,23.66,76.82,101.757
2026-05-25T15:51:48.5590000,23.66,76.8,101.757
2026-05-25T15:51:49.5990000,23.66,76.8,101.758
2026-05-25T15:51:50.6400000,23.66,76.78,101.758
2026-05-25T15:51:51.6810000,23.66,76.76,101.759
2026-05-25T15:51:52.7320000,23.66,76.76,101.759
2026-05-25T15:51:53.7730000,23.66,76.75,101.76
2026-05-25T15:51:54.8140000,23.66,76.76,101.76
2026-05-25T15:51:55.8550000,23.66,76.76,101.76
2026-05-25T15:51:56.9620000,23.66,76.69,101.759
2026-05-25T15:51:57.9400000,23.66,76.7,101.759
2026-05-25T15:51:58.9800000,23.66,76.69,101.758
2026-05-25T15:52:00.0320000,23.66,76.68,101.759
2026-05-25T15:52:01.0720000,23.66,76.68,101.758
2026-05-25T15:52:02.1130000,23.66,76.67,101.759
2026-05-25T15:52:03.1540000,23.66,76.66,101.759
2026-05-25T15:52:04.1950000,23.66,76.65,101.759
2026-05-25T15:52:05.2460000,23.66,76.62,101.759
2026-05-25T15:52:06.2870000,23.66,76.64,101.76
2026-05-25T15:52:07.3280000,23.66,76.62,101.759
2026-05-25T15:52:08.3690000,23.66,76.6,101.759
2026-05-25T15:52:09.4090000,23.66,76.63,101.759
2026-05-25T15:52:10.4610000,23.66,76.62,101.759
2026-05-25T15:52:11.5050000,23.66,76.57,101.758
2026-05-25T15:52:12.5460000,23.66,76.58,101.758
2026-05-25T15:52:13.5870000,23.66,76.58,101.758
2026-05-25T15:52:14.6280000,23.66,76.57,101.758
2026-05-25T15:52:15.6680000,23.66,76.57,101.759
2026-05-25T15:52:16.7090000,23.66,76.56,101.758
2026-05-25T15:52:17.7600000,23.66,76.56,101.758
2026-05-25T15:52:18.8010000,23.66,76.56,101.759
2026-05-25T15:52:19.8420000,23.66,76.54,101.758
2026-05-25T15:52:20.8820000,23.66,76.53,101.759
2026-05-25T15:52:21.9230000,23.66,76.5,101.759
2026-05-25T15:52:22.9740000,23.66,76.55,101.759
2026-05-25T15:52:24.0150000,23.66,76.51,101.758
2026-05-25T15:52:25.0800000,23.66,76.51,101.758
2026-05-25T15:52:26.1000000,23.66,76.51,101.758
2026-05-25T15:52:27.1410000,23.66,76.54,101.759
2026-05-25T15:52:28.1820000,23.66,76.52,101.758
2026-05-25T15:52:29.2230000,23.66,76.5,101.758
2026-05-25T15:52:30.2740000,23.66,76.5,101.758
2026-05-25T15:52:31.3150000,23.66,76.5,101.759
2026-05-25T15:52:32.3550000,23.66,76.52,101.759
2026-05-25T15:52:33.3960000,23.66,76.49,101.757
2026-05-25T15:52:34.4370000,23.66,76.47,101.758
2026-05-25T15:52:35.4880000,23.66,76.51,101.758
2026-05-25T15:52:36.5290000,23.66,76.46,101.758
2026-05-25T15:52:37.5700000,23.66,76.49,101.758
2026-05-25T15:52:38.6560000,23.66,76.46,101.758
2026-05-25T15:52:39.6550000,23.66,76.46,101.758
2026-05-25T15:52:40.6960000,23.66,76.45,101.758
2026-05-25T15:52:41.7470000,23.66,76.42,101.758
2026-05-25T15:52:42.7880000,23.66,76.42,101.758
2026-05-25T15:52:43.8280000,23.66,76.42,101.758
2026-05-25T15:52:44.8690000,23.66,76.42,101.758
2026-05-25T15:52:45.9100000,23.67,76.42,101.758
2026-05-25T15:52:46.9610000,23.67,76.38,101.758
2026-05-25T15:52:48.0020000,23.67,76.42,101.759
2026-05-25T15:52:49.0420000,23.67,76.39,101.76
2026-05-25T15:52:50.0830000,23.67,76.4,101.76
2026-05-25T15:52:51.1240000,23.67,76.43,101.76
2026-05-25T15:52:52.2310000,23.67,76.42,101.76
2026-05-25T15:52:53.2090000,23.67,76.41,101.759
2026-05-25T15:52:54.2600000,23.67,76.39,101.759
2026-05-25T15:52:55.3010000,23.67,76.39,101.758
2026-05-25T15:52:56.3420000,23.67,76.39,101.759
2026-05-25T15:52:57.3830000,23.67,76.38,101.758
2026-05-25T15:52:58.4240000,23.67,76.39,101.758
2026-05-25T15:52:59.4750000,23.67,76.38,101.758
2026-05-25T15:53:00.5150000,23.67,76.39,101.759
2026-05-25T15:53:01.5560000,23.67,76.41,101.759
2026-05-25T15:53:02.5970000,23.67,76.37,101.759
2026-05-25T15:53:03.6380000,23.67,76.38,101.759
2026-05-25T15:53:04.6890000,23.67,76.39,101.76
2026-05-25T15:53:05.7300000,23.67,76.36,101.76
2026-05-25T15:53:06.7740000,23.68,76.39,101.76
2026-05-25T15:53:07.8150000,23.68,76.38,101.759
2026-05-25T15:53:08.8560000,23.67,76.38,101.759
2026-05-25T15:53:09.8960000,23.68,76.37,101.759
2026-05-25T15:53:10.9470000,23.67,76.36,101.759
2026-05-25T15:53:11.9880000,23.67,76.36,101.757
2026-05-25T15:53:13.0290000,23.67,76.37,101.758
2026-05-25T15:53:14.0700000,23.67,76.36,101.759
2026-05-25T15:53:15.1100000,23.68,76.35,101.758
2026-05-25T15:53:16.1520000,23.67,76.35,101.758
2026-05-25T15:53:17.2030000,23.67,76.37,101.758
2026-05-25T15:53:18.2440000,23.68,76.34,101.759
2026-05-25T15:53:19.2840000,23.68,76.38,101.759
2026-05-25T15:53:20.3460000,23.68,76.38,101.758
2026-05-25T15:53:21.3660000,23.68,76.37,101.758
2026-05-25T15:53:22.4170000,23.67,76.37,101.758
2026-05-25T15:53:23.4580000,23.68,76.36,101.758
2026-05-25T15:53:24.4990000,23.68,76.37,101.759
2026-05-25T15:53:25.5400000,23.68,76.37,101.759
2026-05-25T15:53:26.5800000,23.68,76.38,101.759
2026-05-25T15:53:27.6320000,23.68,76.41,101.759
2026-05-25T15:53:28.6720000,23.68,76.41,101.758
2026-05-25T15:53:29.7130000,23.68,76.42,101.758
2026-05-25T15:53:30.7540000,23.68,76.43,101.757
2026-05-25T15:53:31.7950000,23.68,76.45,101.757
2026-05-25T15:53:32.8460000,23.68,76.48,101.756
2026-05-25T15:53:33.9210000,23.68,76.47,101.757
2026-05-25T15:53:34.9310000,23.68,76.51,101.756
2026-05-25T15:53:35.9720000,23.68,76.53,101.757
2026-05-25T15:53:37.0120000,23.68,76.55,101.757
2026-05-25T15:53:38.0530000,23.68,76.56,101.757
2026-05-25T15:53:39.0940000,23.68,76.58,101.757
2026-05-25T15:53:40.1450000,23.68,76.61,101.757
2026-05-25T15:53:41.1860000,23.68,76.72,101.757
2026-05-25T15:53:42.2270000,23.69,76.68,101.757
2026-05-25T15:53:43.2680000,23.69,76.73,101.757
2026-05-25T15:53:44.3080000,23.69,76.72,101.756
2026-05-25T15:53:45.3600000,23.69,76.75,101.757
2026-05-25T15:53:46.4000000,23.69,76.76,101.757
2026-05-25T15:53:47.4940000,23.69,76.84,101.757
2026-05-25T15:53:48.4820000,23.69,76.89,101.758
2026-05-25T15:53:49.5230000,23.69,76.92,101.758
2026-05-25T15:53:50.5740000,23.69,76.97,101.758
2026-05-25T15:53:51.6150000,23.69,76.99,101.759
2026-05-25T15:53:52.6560000,23.69,77.02,101.759
2026-05-25T15:53:53.6960000,23.7,77.07,101.759
2026-05-25T15:53:54.7370000,23.7,77.12,101.759
2026-05-25T15:53:55.7780000,23.7,77.17,101.759
2026-05-25T15:53:56.8290000,23.7,77.25,101.759
2026-05-25T15:53:57.8700000,23.7,77.28,101.758
2026-05-25T15:53:58.9100000,23.7,77.33,101.759
2026-05-25T15:53:59.9510000,23.7,77.39,101.759
2026-05-25T15:54:00.9920000,23.7,77.46,101.759
2026-05-25T15:54:02.0430000,23.71,77.58,101.759
2026-05-25T15:54:03.0840000,23.71,77.62,101.759
2026-05-25T15:54:04.1250000,23.71,77.67,101.759
2026-05-25T15:54:05.1650000,23.71,77.73,101.759
2026-05-25T15:54:06.2060000,23.71,77.77,101.759
2026-05-25T15:54:07.2580000,23.71,77.83,101.759
2026-05-25T15:54:08.2990000,23.71,77.89,101.759
2026-05-25T15:54:09.3390000,23.71,77.96,101.76
2026-05-25T15:54:10.3800000,23.71,78.01,101.76
2026-05-25T15:54:11.4210000,23.71,78.06,101.759
2026-05-25T15:54:12.4720000,23.71,78.15,101.76
2026-05-25T15:54:13.5130000,23.71,78.16,101.759
2026-05-25T15:54:14.5540000,23.71,78.18,101.759
2026-05-25T15:54:15.6080000,23.71,78.31,101.76
2026-05-25T15:54:16.6390000,23.71,78.37,101.76
2026-05-25T15:54:17.6800000,23.71,78.41,101.76
2026-05-25T15:54:18.7200000,23.71,78.46,101.76
2026-05-25T15:54:19.7720000,23.72,78.5,101.76
2026-05-25T15:54:20.8120000,23.72,78.55,101.76
2026-05-25T15:54:21.8530000,23.71,78.6,101.759
2026-05-25T15:54:22.8940000,23.72,78.63,101.759
2026-05-25T15:54:23.9350000,23.72,78.67,101.76
2026-05-25T15:54:24.9860000,23.72,78.72,101.759
2026-05-25T15:54:26.0270000,23.72,78.67,101.76
2026-05-25T15:54:27.0670000,23.72,78.72,101.76
2026-05-25T15:54:28.1080000,23.72,78.76,101.76
2026-05-25T15:54:29.1840000,23.72,78.74,101.761
2026-05-25T15:54:30.1930000,23.72,78.76,101.76
2026-05-25T15:54:31.2340000,23.72,78.76,101.76
2026-05-25T15:54:32.2850000,23.71,78.78,101.761
2026-05-25T15:54:33.3260000,23.71,78.78,101.76
2026-05-25T15:54:34.3670000,23.72,78.79,101.76
2026-05-25T15:54:35.4080000,23.72,78.83,101.76
2026-05-25T15:54:36.4480000,23.72,78.86,101.76
2026-05-25T15:54:37.5000000,23.72,78.88,101.76
2026-05-25T15:54:38.5410000,23.72,78.9,101.76
2026-05-25T15:54:39.5810000,23.72,78.89,101.76
2026-05-25T15:54:40.6220000,23.72,78.9,101.76
2026-05-25T15:54:41.6630000,23.72,78.95,101.76
2026-05-25T15:54:42.7560000,23.72,79.07,101.761
2026-05-25T15:54:43.7550000,23.72,79.09,101.761
2026-05-25T15:54:44.7950000,23.72,79.14,101.761
2026-05-25T15:54:45.8360000,23.72,79.16,101.761
2026-05-25T15:54:46.8770000,23.72,79.18,101.761
2026-05-25T15:54:47.9180000,23.72,79.2,101.761
2026-05-25T15:54:48.9690000,23.72,79.24,101.761
2026-05-25T15:54:50.0100000,23.72,79.27,101.761
2026-05-25T15:54:51.0500000,23.72,79.34,101.761
2026-05-25T15:54:52.0910000,23.72,79.43,101.762
2026-05-25T15:54:53.1320000,23.72,79.5,101.762
2026-05-25T15:54:54.1830000,23.72,79.58,101.763
2026-05-25T15:54:55.2240000,23.72,79.65,101.763
2026-05-25T15:54:56.3310000,23.73,79.75,101.762
2026-05-25T15:54:57.3090000,23.73,79.81,101.762
2026-05-25T15:54:58.3500000,23.73,79.86,101.761
2026-05-25T15:54:59.3900000,23.73,79.93,101.762
2026-05-25T15:55:00.4310000,23.73,79.98,101.762
2026-05-25T15:55:01.4820000,23.73,80.04,101.761
2026-05-25T15:55:02.5230000,23.73,80.08,101.761
2026-05-25T15:55:03.5640000,23.73,80.15,101.762
2026-05-25T15:55:04.6050000,23.73,80.21,101.762
2026-05-25T15:55:05.6450000,23.73,80.25,101.762
2026-05-25T15:55:06.6960000,23.73,80.31,101.762
2026-05-25T15:55:07.7370000,23.73,80.33,101.762
2026-05-25T15:55:08.7780000,23.73,80.36,101.762
2026-05-25T15:55:09.8190000,23.72,80.44,101.762
2026-05-25T15:55:10.8730000,23.73,80.54,101.762
2026-05-25T15:55:11.9040000,23.73,80.61,101.762
2026-05-25T15:55:12.9440000,23.73,80.66,101.762
2026-05-25T15:55:13.9960000,23.73,80.71,101.762
2026-05-25T15:55:15.0360000,23.73,80.74,101.762
2026-05-25T15:55:16.0770000,23.73,80.76,101.762
2026-05-25T15:55:17.1180000,23.73,80.8,101.762
2026-05-25T15:55:18.1590000,23.73,80.82,101.762
2026-05-25T15:55:19.2000000,23.73,80.83,101.762
2026-05-25T15:55:20.2510000,23.73,80.87,101.763
2026-05-25T15:55:21.2920000,23.73,80.9,101.763
2026-05-25T15:55:22.3330000,23.73,80.94,101.762
2026-05-25T15:55:23.3730000,23.73,80.96,101.762
2026-05-25T15:55:24.4460000,23.73,81.02,101.761
2026-05-25T15:55:25.4650000,23.73,81.06,101.762
2026-05-25T15:55:26.5060000,23.73,81.08,101.762
2026-05-25T15:55:27.5470000,23.73,81.11,101.762
2026-05-25T15:55:28.5880000,23.73,81.13,101.762
2026-05-25T15:55:29.6290000,23.73,81.15,101.762
2026-05-25T15:55:30.6800000,23.73,81.16,101.762
2026-05-25T15:55:31.7200000,23.72,81.14,101.762
2026-05-25T15:55:32.7610000,23.72,81.14,101.763
2026-05-25T15:55:33.8020000,23.72,81.18,101.763
2026-05-25T15:55:34.8430000,23.73,81.24,101.764
2026-05-25T15:55:35.8940000,23.73,81.27,101.764
2026-05-25T15:55:36.9350000,23.73,81.27,101.764
2026-05-25T15:55:38.0170000,23.73,81.3,101.764
2026-05-25T15:55:39.0160000,23.73,81.33,101.764
2026-05-25T15:55:40.0570000,23.73,81.35,101.765
2026-05-25T15:55:41.0980000,23.73,81.35,101.765
2026-05-25T15:55:42.1490000,23.73,81.36,101.764
2026-05-25T15:55:43.1900000,23.73,81.37,101.764
2026-05-25T15:55:44.2310000,23.73,81.4,101.765
2026-05-25T15:55:45.2720000,23.73,81.41,101.765
2026-05-25T15:55:46.3130000,23.73,81.41,101.764
2026-05-25T15:55:47.3640000,23.72,81.41,101.764
2026-05-25T15:55:48.4050000,23.73,81.42,101.765
2026-05-25T15:55:49.4460000,23.73,81.45,101.765
2026-05-25T15:55:50.4870000,23.73,81.42,101.765
2026-05-25T15:55:51.5900000,23.72,81.4,101.764
2026-05-25T15:55:52.5680000,23.72,81.4,101.764
2026-05-25T15:55:53.6190000,23.72,81.41,101.764
2026-05-25T15:55:54.6600000,23.72,81.42,101.765
2026-05-25T15:55:55.7010000,23.72,81.43,101.764
2026-05-25T15:55:56.7410000,23.72,81.46,101.765
2026-05-25T15:55:57.7820000,23.72,81.49,101.765
2026-05-25T15:55:58.8330000,23.72,81.48,101.765
2026-05-25T15:55:59.8740000,23.72,81.49,101.765
2026-05-25T15:56:00.9150000,23.72,81.46,101.765
2026-05-25T15:56:01.9550000,23.72,81.52,101.765
2026-05-25T15:56:02.9960000,23.72,81.48,101.765
2026-05-25T15:56:04.0480000,23.72,81.5,101.766
2026-05-25T15:56:05.0880000,23.72,81.56,101.766
2026-05-25T15:56:06.1340000,23.72,81.51,101.766
2026-05-25T15:56:07.1740000,23.72,81.53,101.766
2026-05-25T15:56:08.2150000,23.72,81.54,101.766
2026-05-25T15:56:09.2560000,23.72,81.56,101.766
2026-05-25T15:56:10.2970000,23.72,81.57,101.765
2026-05-25T15:56:11.3380000,23.72,81.58,101.765
2026-05-25T15:56:12.3890000,23.72,81.58,101.766
2026-05-25T15:56:13.4290000,23.72,81.59,101.765
2026-05-25T15:56:14.4700000,23.72,81.59,101.766
2026-05-25T15:56:15.5110000,23.72,81.61,101.766
2026-05-25T15:56:16.5520000,23.72,81.55,101.766
2026-05-25T15:56:17.6030000,23.72,81.57,101.765
2026-05-25T15:56:18.6440000,23.72,81.64,101.766
2026-05-25T15:56:19.7050000,23.72,81.66,101.765
2026-05-25T15:56:20.7250000,23.72,81.63,101.765
2026-05-25T15:56:21.7660000,23.72,81.64,101.765
2026-05-25T15:56:22.8170000,23.72,81.65,101.765
2026-05-25T15:56:23.8580000,23.72,81.67,101.765
2026-05-25T15:56:24.8990000,23.72,81.68,101.764
2026-05-25T15:56:25.9390000,23.72,81.71,101.765
2026-05-25T15:56:26.9800000,23.72,81.71,101.765
2026-05-25T15:56:28.0310000,23.72,81.76,101.766
2026-05-25T15:56:29.0720000,23.72,81.75,101.766
2026-05-25T15:56:30.1130000,23.72,81.77,101.766
2026-05-25T15:56:31.1540000,23.72,81.74,101.766
2026-05-25T15:56:32.1940000,23.72,81.77,101.766
2026-05-25T15:56:33.2810000,23.72,81.8,101.766
2026-05-25T15:56:34.2790000,23.72,81.77,101.767
2026-05-25T15:56:35.3310000,23.72,81.77,101.766
2026-05-25T15:56:36.3720000,23.72,81.77,101.766
2026-05-25T15:56:37.4120000,23.72,81.79,101.766
2026-05-25T15:56:38.4530000,23.72,81.8,101.767
2026-05-25T15:56:39.4940000,23.72,81.81,101.767
2026-05-25T15:56:40.5450000,23.72,81.9,101.767
2026-05-25T15:56:41.5860000,23.72,81.8,101.767
2026-05-25T15:56:42.6260000,23.72,81.83,101.768
2026-05-25T15:56:43.6670000,23.72,81.77,101.768
2026-05-25T15:56:44.7080000,23.72,81.79,101.768
2026-05-25T15:56:45.7590000,23.72,81.79,101.768
2026-05-25T15:56:46.8520000,23.72,81.8,101.767
2026-05-25T15:56:47.8400000,23.71,81.76,101.767
2026-05-25T15:56:48.8810000,23.71,81.74,101.767
2026-05-25T15:56:49.9220000,23.71,81.72,101.768
2026-05-25T15:56:50.9730000,23.71,81.69,101.767
2026-05-25T15:56:52.0140000,23.71,81.67,101.767
2026-05-25T15:56:53.0550000,23.71,81.65,101.767
2026-05-25T15:56:54.0960000,23.7,81.62,101.767
2026-05-25T15:56:55.1360000,23.7,81.61,101.767
2026-05-25T15:56:56.1880000,23.7,81.6,101.767
2026-05-25T15:56:57.2280000,23.7,81.54,101.767
2026-05-25T15:56:58.2690000,23.7,81.56,101.768
2026-05-25T15:56:59.3100000,23.7,81.53,101.768
2026-05-25T15:57:00.3510000,23.7,81.55,101.768
2026-05-25T15:57:01.4020000,23.7,81.46,101.768
2026-05-25T15:57:02.4430000,23.7,81.45,101.768
2026-05-25T15:57:03.4830000,23.7,81.44,101.769
2026-05-25T15:57:04.5240000,23.7,81.43,101.768
2026-05-25T15:57:05.5650000,23.7,81.42,101.768
2026-05-25T15:57:06.6060000,23.7,81.4,101.769
2026-05-25T15:57:07.6570000,23.7,81.39,101.768
2026-05-25T15:57:08.6980000,23.7,81.37,101.768
2026-05-25T15:57:09.7390000,23.7,81.41,101.768
2026-05-25T15:57:10.7800000,23.7,81.31,101.768
2026-05-25T15:57:11.8200000,23.69,81.35,101.767
2026-05-25T15:57:13.9130000,23.69,81.26,101.767
2026-05-25T15:57:14.9710000,23.69,81.24,101.767
2026-05-25T15:57:16.0010000,23.69,81.26,101.767
2026-05-25T15:57:17.0420000,23.69,81.23,101.768
2026-05-25T15:57:18.0830000,23.69,81.2,101.768
2026-05-25T15:57:19.1230000,23.69,81.18,101.767
2026-05-25T15:57:20.1640000,23.69,81.17,101.768
2026-05-25T15:57:21.2150000,23.69,81.14,101.768
2026-05-25T15:57:22.2560000,23.69,81.12,101.769
2026-05-25T15:57:23.2970000,23.69,81.12,101.769
2026-05-25T15:57:24.3380000,23.68,81.14,101.767
2026-05-25T15:57:25.3790000,23.68,81.13,101.767
2026-05-25T15:57:26.4190000,23.68,81.08,101.767
2026-05-25T15:57:27.4710000,23.68,81.09,101.767
2026-05-25T15:57:28.5430000,23.68,81.05,101.768
2026-05-25T15:57:29.5520000,23.68,81.05,101.769
2026-05-25T15:57:30.5930000,23.68,81.01,101.769
2026-05-25T15:57:31.6330000,23.68,81.01,101.77
2026-05-25T15:57:32.6850000,23.68,80.99,101.769
2026-05-25T15:57:33.7250000,23.68,80.97,101.769
2026-05-25T15:57:34.7660000,23.68,80.97,101.768
2026-05-25T15:57:35.8070000,23.68,80.94,101.769
2026-05-25T15:57:36.8480000,23.68,80.94,101.769
2026-05-25T15:57:37.8990000,23.68,80.95,101.77
2026-05-25T15:57:38.9400000,23.68,80.92,101.77
2026-05-25T15:57:39.9810000,23.68,80.91,101.769
2026-05-25T15:57:41.0210000,23.68,80.9,101.769
2026-05-25T15:57:42.1180000,23.68,80.86,101.769
2026-05-25T15:57:43.1070000,23.67,80.82,101.768
2026-05-25T15:57:44.1580000,23.68,80.79,101.769
2026-05-25T15:57:45.1990000,23.68,80.78,101.769
2026-05-25T15:57:46.2400000,23.68,80.75,101.769
2026-05-25T15:57:47.2800000,23.68,80.73,101.77
2026-05-25T15:57:48.3210000,23.68,80.72,101.769
2026-05-25T15:57:49.3620000,23.68,80.71,101.77
2026-05-25T15:57:50.4130000,23.67,80.72,101.769
2026-05-25T15:57:51.4540000,23.67,80.72,101.77
2026-05-25T15:57:52.4950000,23.67,80.66,101.77
2026-05-25T15:57:53.5350000,23.67,80.63,101.769
2026-05-25T15:57:54.5760000,23.67,80.67,101.769
2026-05-25T15:57:55.6900000,23.67,80.6,101.769
2026-05-25T15:57:56.6680000,23.67,80.59,101.769
2026-05-25T15:57:57.7090000,23.67,80.58,101.769
2026-05-25T15:57:58.7490000,23.67,80.56,101.769
2026-05-25T15:57:59.7900000,23.67,80.55,101.769
2026-05-25T15:58:00.8410000,23.67,80.54,101.769
2026-05-25T15:58:01.8820000,23.67,80.53,101.77
2026-05-25T15:58:02.9230000,23.67,80.51,101.77
2026-05-25T15:58:03.9640000,23.67,80.5,101.77
2026-05-25T15:58:05.0050000,23.67,80.48,101.77
2026-05-25T15:58:06.0560000,23.67,80.47,101.77
2026-05-25T15:58:07.0970000,23.67,80.47,101.769
2026-05-25T15:58:08.1380000,23.67,80.45,101.769
2026-05-25T15:58:09.1790000,23.67,80.46,101.769
2026-05-25T15:58:10.2330000,23.66,80.43,101.768
2026-05-25T15:58:11.2640000,23.66,80.38,101.769
2026-05-25T15:58:12.3040000,23.66,80.36,101.769
2026-05-25T15:58:13.3560000,23.66,80.35,101.769
2026-05-25T15:58:14.3960000,23.66,80.34,101.769
2026-05-25T15:58:15.4370000,23.66,80.32,101.77
2026-05-25T15:58:16.4780000,23.66,80.3,101.769
2026-05-25T15:58:17.5190000,23.66,80.28,101.769
2026-05-25T15:58:18.5600000,23.66,80.25,101.769
2026-05-25T15:58:19.6110000,23.66,80.23,101.77
2026-05-25T15:58:20.6520000,23.66,80.24,101.77
2026-05-25T15:58:21.6930000,23.66,80.24,101.77
2026-05-25T15:58:22.7330000,23.66,80.19,101.769
2026-05-25T15:58:23.8060000,23.65,80.21,101.769
2026-05-25T15:58:24.8250000,23.65,80.14,101.769
2026-05-25T15:58:25.8660000,23.65,80.13,101.769
2026-05-25T15:58:26.9070000,23.65,80.11,101.769
2026-05-25T15:58:27.9480000,23.65,80.09,101.77
2026-05-25T15:58:28.9890000,23.65,80.07,101.769
2026-05-25T15:58:30.0400000,23.65,80.05,101.769
2026-05-25T15:58:31.0810000,23.65,80.06,101.769
2026-05-25T15:58:32.1220000,23.65,80,101.769
2026-05-25T15:58:33.1620000,23.65,79.99,101.769
2026-05-25T15:58:34.2030000,23.65,80,101.769
2026-05-25T15:58:35.2540000,23.65,79.97,101.769
2026-05-25T15:58:36.2950000,23.65,79.99,101.77
2026-05-25T15:58:37.3780000,23.65,79.93,101.769
2026-05-25T15:58:38.3770000,23.65,79.92,101.769
2026-05-25T15:58:39.4170000,23.65,79.92,101.768
2026-05-25T15:58:40.4690000,23.65,79.88,101.768
2026-05-25T15:58:41.5090000,23.65,79.88,101.768
2026-05-25T15:58:42.5500000,23.65,79.86,101.768
2026-05-25T15:58:43.5910000,23.65,79.85,101.768
2026-05-25T15:58:44.6310000,23.65,79.84,101.769
2026-05-25T15:58:45.6720000,23.65,79.84,101.769
2026-05-25T15:58:46.7230000,23.64,79.81,101.768
2026-05-25T15:58:47.7640000,23.64,79.77,101.768
2026-05-25T15:58:48.8050000,23.65,79.78,101.768
2026-05-25T15:58:49.8460000,23.65,79.74,101.768
2026-05-25T15:58:50.9500000,23.64,79.71,101.768
2026-05-25T15:58:51.9380000,23.64,79.69,101.768
2026-05-25T15:58:52.9790000,23.64,79.68,101.768
2026-05-25T15:58:54.0200000,23.64,79.67,101.768
2026-05-25T15:58:55.0600000,23.64,79.64,101.768
2026-05-25T15:58:56.1010000,23.64,79.64,101.768
2026-05-25T15:58:57.1520000,23.64,79.64,101.768
2026-05-25T15:58:58.1930000,23.64,79.63,101.768
2026-05-25T15:58:59.2340000,23.64,79.6,101.769
2026-05-25T15:59:00.2750000,23.64,79.6,101.769
2026-05-25T15:59:01.3150000,23.64,79.58,101.769
2026-05-25T15:59:02.3660000,23.64,79.57,101.768
2026-05-25T15:59:03.4070000,23.64,79.53,101.768
2026-05-25T15:59:04.4480000,23.64,79.57,101.769
2026-05-25T15:59:05.4920000,23.64,79.5,101.769
2026-05-25T15:59:06.5330000,23.64,79.49,101.769
2026-05-25T15:59:07.5740000,23.64,79.48,101.769
2026-05-25T15:59:08.6150000,23.64,79.46,101.769
2026-05-25T15:59:09.6660000,23.64,79.44,101.77
2026-05-25T15:59:10.7070000,23.64,79.43,101.769
2026-05-25T15:59:11.7480000,23.64,79.4,101.769
2026-05-25T15:59:12.7880000,23.64,79.43,101.769
2026-05-25T15:59:13.8290000,23.64,79.36,101.77
2026-05-25T15:59:14.8700000,23.64,79.38,101.77
2026-05-25T15:59:15.9210000,23.64,79.36,101.77
2026-05-25T15:59:16.9620000,23.64,79.36,101.771
2026-05-25T15:59:18.0030000,23.64,79.36,101.77
2026-05-25T15:59:19.0640000,23.64,79.33,101.77
2026-05-25T15:59:20.0840000,23.64,79.31,101.77
2026-05-25T15:59:21.1350000,23.64,79.31,101.77
2026-05-25T15:59:22.1760000,23.64,79.27,101.77
2026-05-25T15:59:23.2170000,23.64,79.26,101.77
2026-05-25T15:59:24.2580000,23.64,79.24,101.77
2026-05-25T15:59:25.2990000,23.64,79.23,101.77
2026-05-25T15:59:26.3400000,23.64,79.18,101.771
2026-05-25T15:59:27.3910000,23.63,79.18,101.77
2026-05-25T15:59:28.4320000,23.63,79.19,101.77
2026-05-25T15:59:29.4720000,23.63,79.21,101.77
2026-05-25T15:59:30.5130000,23.64,79.2,101.771
2026-05-25T15:59:31.5540000,23.63,79.14,101.77
2026-05-25T15:59:32.6360000,23.64,79.11,101.771
2026-05-25T15:59:33.6460000,23.63,79.08,101.77
2026-05-25T15:59:35.7270000,23.63,79.06,101.77
2026-05-25T15:59:36.7680000,23.63,79.04,101.769
2026-05-25T15:59:37.8190000,23.63,79.03,101.77
2026-05-25T15:59:38.8600000,23.63,79,101.77
2026-05-25T15:59:39.9010000,23.63,78.93,101.77
2026-05-25T15:59:40.9420000,23.63,78.98,101.77
2026-05-25T15:59:41.9820000,23.63,78.95,101.77
2026-05-25T15:59:43.0230000,23.63,78.93,101.77
2026-05-25T15:59:44.0750000,23.63,78.94,101.771
2026-05-25T15:59:45.1150000,23.63,78.94,101.771
2026-05-25T15:59:46.2090000,23.63,78.91,101.77
2026-05-25T15:59:47.1970000,23.63,78.88,101.771
2026-05-25T15:59:48.2380000,23.63,78.88,101.772
2026-05-25T15:59:49.2890000,23.63,78.87,101.772
2026-05-25T15:59:50.3290000,23.63,78.86,101.771
2026-05-25T15:59:51.3700000,23.63,78.85,101.772
2026-05-25T15:59:52.4110000,23.63,78.84,101.772
2026-05-25T15:59:53.4520000,23.63,78.82,101.771
2026-05-25T15:59:54.4920000,23.63,78.84,101.772
2026-05-25T15:59:55.5440000,23.63,78.82,101.771
2026-05-25T15:59:56.5850000,23.63,78.79,101.771
2026-05-25T15:59:57.6260000,23.63,78.81,101.771
2026-05-25T15:59:58.6660000,23.63,78.78,101.772
2026-05-25T15:59:59.7070000,23.63,78.82,101.772