time,bme_temperature_c,bme_humidity_pct,bme_pressure_hpa
2026-05-23T01:00:00.4850000,23.01,88.36,102.073
2026-05-23T01:00:01.5260000,23.01,88.34,102.073
2026-05-23T01:00:02.5660000,23.01,88.35,102.072
2026-05-23T01:00:03.6070000,23.01,88.35,102.072
2026-05-23T01:00:04.6580000,23.01,88.35,102.072
2026-05-23T01:00:05.6990000,23.01,88.35,102.071
2026-05-23T01:00:06.7400000,23.02,88.33,102.071
2026-05-23T01:00:07.7810000,23.01,88.36,102.07
2026-05-23T01:00:08.8220000,23.01,88.3,102.07
2026-05-23T01:00:09.8620000,23.01,88.3,102.071
2026-05-23T01:00:10.9030000,23.01,88.29,102.071
2026-05-23T01:00:11.9440000,23.02,88.3,102.072
2026-05-23T01:00:12.9850000,23.01,88.29,102.071
2026-05-23T01:00:14.0530000,23.01,88.28,102.07
2026-05-23T01:00:15.0730000,23.01,88.28,102.07
2026-05-23T01:00:16.1140000,23.01,88.29,102.07
2026-05-23T01:00:17.1550000,23.01,88.28,102.07
2026-05-23T01:00:18.1950000,23.01,88.25,102.07
2026-05-23T01:00:19.2470000,23.01,88.25,102.07
2026-05-23T01:00:20.2870000,23.01,88.26,102.071
2026-05-23T01:00:21.3280000,23.01,88.24,102.071
2026-05-23T01:00:22.3690000,23.01,88.24,102.07
2026-05-23T01:00:23.4100000,23.01,88.25,102.071
2026-05-23T01:00:24.4500000,23.01,88.24,102.071
2026-05-23T01:00:25.4910000,23.01,88.2,102.071
2026-05-23T01:00:26.5320000,23.01,88.21,102.071
2026-05-23T01:00:27.6180000,23.01,88.22,102.072
2026-05-23T01:00:28.6170000,23.01,88.23,102.072
2026-05-23T01:00:29.6680000,23.01,88.21,102.072
2026-05-23T01:00:30.7090000,23.01,88.21,102.071
2026-05-23T01:00:31.7510000,23.01,88.2,102.072
2026-05-23T01:00:32.7910000,23.01,88.2,102.072
2026-05-23T01:00:33.8320000,23.01,88.19,102.071
2026-05-23T01:00:34.8730000,23.01,88.18,102.071
2026-05-23T01:00:35.9130000,23.01,88.19,102.071
2026-05-23T01:00:36.9540000,23.01,88.14,102.071
2026-05-23T01:00:38.0050000,23.01,88.16,102.071
2026-05-23T01:00:39.0460000,23.01,88.18,102.071
2026-05-23T01:00:40.0870000,23.01,88.12,102.071
2026-05-23T01:00:41.1830000,23.01,88.16,102.072
2026-05-23T01:00:42.1720000,23.01,88.13,102.072
2026-05-23T01:00:43.2120000,23.01,88.14,102.073
2026-05-23T01:00:44.2530000,23.01,88.14,102.073
2026-05-23T01:00:45.2940000,23.01,88.14,102.073
2026-05-23T01:00:46.3350000,23.01,88.12,102.072
2026-05-23T01:00:47.3750000,23.01,88.12,102.073
2026-05-23T01:00:48.4270000,23.01,88.12,102.073
2026-05-23T01:00:49.4680000,23.01,88.11,102.074
2026-05-23T01:00:50.5080000,23.02,88.08,102.075
2026-05-23T01:00:52.5900000,23.02,88.11,102.074
2026-05-23T01:00:53.6310000,23.02,88.12,102.074
2026-05-23T01:00:54.6710000,23.02,88.09,102.075
2026-05-23T01:00:55.7190000,23.02,88.12,102.075
2026-05-23T01:00:56.7600000,23.02,88.12,102.075
2026-05-23T01:00:57.8000000,23.02,88.11,102.076
2026-05-23T01:00:58.8410000,23.02,88.13,102.075
2026-05-23T01:00:59.8820000,23.02,88.11,102.075
2026-05-23T01:01:00.9230000,23.02,88.11,102.075
2026-05-23T01:01:01.9740000,23.02,88.09,102.075
2026-05-23T01:01:03.0150000,23.02,88.08,102.074
2026-05-23T01:01:04.0550000,23.03,88.09,102.075
2026-05-23T01:01:05.0960000,23.03,88.09,102.075
2026-05-23T01:01:06.1370000,23.03,88.07,102.074
2026-05-23T01:01:07.1780000,23.02,88.07,102.074
2026-05-23T01:01:08.2180000,23.03,88.1,102.074
2026-05-23T01:01:09.2870000,23.03,88.11,102.074
2026-05-23T01:01:10.3070000,23.03,88.08,102.075
2026-05-23T01:01:11.3480000,23.03,88.06,102.075
2026-05-23T01:01:12.3880000,23.03,88.04,102.075
2026-05-23T01:01:13.4290000,23.03,88.04,102.075
2026-05-23T01:01:14.4700000,23.03,88.03,102.075
2026-05-23T01:01:15.5210000,23.02,88.02,102.075
2026-05-23T01:01:16.5620000,23.02,88.05,102.074
2026-05-23T01:01:17.6030000,23.02,88,102.075
2026-05-23T01:01:18.6440000,23.02,88.01,102.074
2026-05-23T01:01:19.6840000,23.02,88,102.074
2026-05-23T01:01:20.7250000,23.02,87.98,102.072
2026-05-23T01:01:21.7660000,23.02,88,102.072
2026-05-23T01:01:22.8490000,23.02,87.99,102.072
2026-05-23T01:01:23.8580000,23.02,87.98,102.072
2026-05-23T01:01:24.8990000,23.02,87.96,102.073
2026-05-23T01:01:25.9390000,23.02,87.95,102.073
2026-05-23T01:01:26.9800000,23.02,87.94,102.073
2026-05-23T01:01:28.0210000,23.02,87.93,102.072
2026-05-23T01:01:29.0620000,23.02,87.92,102.072
2026-05-23T01:01:30.1020000,23.02,87.88,102.072
2026-05-23T01:01:31.1530000,23.02,87.88,102.073
2026-05-23T01:01:32.1940000,23.02,87.89,102.074
2026-05-23T01:01:33.2350000,23.02,87.94,102.073
2026-05-23T01:01:34.2760000,23.02,87.91,102.074
2026-05-23T01:01:35.3170000,23.02,87.87,102.073
2026-05-23T01:01:36.4170000,23.02,87.84,102.073
2026-05-23T01:01:37.4050000,23.01,87.81,102.072
2026-05-23T01:01:38.4460000,23.01,87.81,102.072
2026-05-23T01:01:39.4870000,23.01,87.79,102.073
2026-05-23T01:01:40.5270000,23.01,87.77,102.073
2026-05-23T01:01:41.5680000,23.01,87.77,102.073
2026-05-23T01:01:42.6090000,23.02,87.75,102.074
2026-05-23T01:01:43.6600000,23.02,87.73,102.074
2026-05-23T01:01:44.7010000,23.01,87.7,102.074
2026-05-23T01:01:45.7420000,23.01,87.69,102.074
2026-05-23T01:01:46.7830000,23.01,87.66,102.075
2026-05-23T01:01:47.8230000,23.01,87.67,102.075
2026-05-23T01:01:48.8640000,23.01,87.65,102.075
2026-05-23T01:01:49.9050000,23.01,87.63,102.074
2026-05-23T01:01:50.9490000,23.01,87.61,102.074
2026-05-23T01:01:51.9900000,23.01,87.6,102.074
2026-05-23T01:01:53.0300000,23.01,87.59,102.073
2026-05-23T01:01:54.0820000,23.01,87.57,102.073
2026-05-23T01:01:55.1220000,23.01,87.57,102.073
2026-05-23T01:01:56.1630000,23.01,87.55,102.074
2026-05-23T01:01:57.2040000,23.01,87.53,102.073
2026-05-23T01:01:58.2450000,23.01,87.51,102.073
2026-05-23T01:01:59.2850000,23,87.51,102.073
2026-05-23T01:02:00.3260000,23,87.48,102.073
2026-05-23T01:02:01.3770000,23,87.47,102.073
2026-05-23T01:02:02.4180000,23,87.47,102.073
2026-05-23T01:02:03.4590000,23,87.42,102.074
2026-05-23T01:02:04.5140000,23,87.41,102.073
2026-05-23T01:02:05.5440000,23,87.39,102.074
2026-05-23T01:02:06.5850000,23,87.37,102.075
2026-05-23T01:02:07.6250000,23,87.36,102.075
2026-05-23T01:02:08.6660000,23,87.34,102.076
2026-05-23T01:02:09.7070000,23,87.33,102.077
2026-05-23T01:02:10.7580000,23,87.31,102.077
2026-05-23T01:02:11.7990000,23,87.3,102.077
2026-05-23T01:02:12.8400000,23,87.28,102.076
2026-05-23T01:02:13.8810000,23,87.29,102.077
2026-05-23T01:02:14.9220000,23,87.27,102.077
2026-05-23T01:02:15.9620000,23,87.23,102.078
2026-05-23T01:02:17.0030000,23,87.26,102.078
2026-05-23T01:02:18.0820000,23,87.24,102.079
2026-05-23T01:02:19.0910000,23,87.2,102.079
2026-05-23T01:02:20.1320000,23,87.16,102.079
2026-05-23T01:02:21.1730000,23,87.13,102.079
2026-05-23T01:02:22.2130000,22.99,87.1,102.078
2026-05-23T01:02:23.2650000,22.99,87.06,102.077
2026-05-23T01:02:24.3050000,22.99,87.05,102.077
2026-05-23T01:02:25.3460000,22.99,87.1,102.078
2026-05-23T01:02:26.3870000,22.99,87.03,102.078
2026-05-23T01:02:27.4280000,22.99,86.97,102.077
2026-05-23T01:02:28.4680000,22.99,86.93,102.078
2026-05-23T01:02:29.5090000,22.99,86.89,102.077
2026-05-23T01:02:30.5600000,22.99,86.91,102.078
2026-05-23T01:02:31.6470000,22.99,86.92,102.078
2026-05-23T01:02:32.6350000,22.99,86.87,102.077
2026-05-23T01:02:33.6860000,22.98,86.85,102.076
2026-05-23T01:02:34.7270000,22.99,86.85,102.078
2026-05-23T01:02:35.7680000,22.98,86.84,102.077
2026-05-23T01:02:36.8090000,22.99,86.84,102.077
2026-05-23T01:02:37.8490000,22.99,86.83,102.076
2026-05-23T01:02:38.8900000,22.99,86.85,102.076
2026-05-23T01:02:39.9310000,22.99,86.84,102.076
2026-05-23T01:02:40.9820000,22.99,86.86,102.076
2026-05-23T01:02:42.0230000,22.99,86.87,102.076
2026-05-23T01:02:43.0640000,22.99,86.89,102.076
2026-05-23T01:02:44.1040000,22.99,86.94,102.075
2026-05-23T01:02:45.2120000,23,86.98,102.074
2026-05-23T01:02:46.1890000,23,86.94,102.075
2026-05-23T01:02:47.2300000,23,86.95,102.075
2026-05-23T01:02:48.2710000,23,86.96,102.076
2026-05-23T01:02:49.3120000,23,86.98,102.075
2026-05-23T01:02:50.3520000,22.97,86.98,102.07
2026-05-23T01:02:51.4030000,22.98,86.97,102.072
2026-05-23T01:02:52.4440000,22.99,87.01,102.073
2026-05-23T01:02:53.4850000,22.99,87.05,102.073
2026-05-23T01:02:54.5260000,23,87.06,102.074
2026-05-23T01:02:55.5660000,23,87.08,102.074
2026-05-23T01:02:56.6070000,23,87.1,102.074
2026-05-23T01:02:57.6480000,23.01,87.13,102.075
2026-05-23T01:02:58.6990000,23.01,87.12,102.075
2026-05-23T01:02:59.7470000,23.02,87.16,102.075
2026-05-23T01:03:00.7770000,23.02,87.18,102.074
2026-05-23T01:03:01.8180000,23.02,87.2,102.074
2026-05-23T01:03:02.8690000,23.02,87.21,102.074
2026-05-23T01:03:03.9100000,23.03,87.23,102.074
2026-05-23T01:03:04.9500000,23.03,87.24,102.075
2026-05-23T01:03:05.9910000,23.03,87.28,102.074
2026-05-23T01:03:07.0320000,23.03,87.29,102.074
2026-05-23T01:03:08.0730000,23.03,87.31,102.074
2026-05-23T01:03:09.1130000,23.03,87.31,102.075
2026-05-23T01:03:10.1640000,23.03,87.35,102.074
2026-05-23T01:03:11.2050000,23.04,87.38,102.074
2026-05-23T01:03:12.2460000,23.04,87.37,102.074
2026-05-23T01:03:13.3150000,23.04,87.44,102.074
2026-05-23T01:03:14.3240000,23.05,87.49,102.075
2026-05-23T01:03:15.3760000,23.05,87.51,102.074
2026-05-23T01:03:16.4160000,23.05,87.52,102.075
2026-05-23T01:03:17.4570000,23.05,87.54,102.075
2026-05-23T01:03:18.4980000,23.05,87.56,102.075
2026-05-23T01:03:19.5390000,23.05,87.58,102.075
2026-05-23T01:03:20.5790000,23.05,87.54,102.075
2026-05-23T01:03:21.6200000,23.05,87.64,102.075
2026-05-23T01:03:22.6710000,23.05,87.64,102.075
2026-05-23T01:03:23.7120000,23.05,87.65,102.075
2026-05-23T01:03:24.7530000,23.05,87.69,102.075
2026-05-23T01:03:25.7930000,23.05,87.73,102.075
2026-05-23T01:03:26.8800000,23.06,87.77,102.076
2026-05-23T01:03:27.8780000,23.06,87.79,102.076
2026-05-23T01:03:28.9190000,23.06,87.83,102.076
2026-05-23T01:03:29.9600000,23.06,87.84,102.075
2026-05-23T01:03:31.0000000,23.06,87.87,102.076
2026-05-23T01:03:32.0420000,23.06,87.89,102.076
2026-05-23T01:03:33.0930000,23.06,87.91,102.076
2026-05-23T01:03:34.1340000,23.06,87.99,102.076
2026-05-23T01:03:35.1740000,23.06,87.96,102.076
2026-05-23T01:03:36.2150000,23.06,87.97,102.076
2026-05-23T01:03:37.2560000,23.06,88.01,102.075
2026-05-23T01:03:38.2970000,23.06,88.03,102.075
2026-05-23T01:03:39.3380000,23.06,88.03,102.075
2026-05-23T01:03:40.4450000,23.06,88.07,102.075
2026-05-23T01:03:41.4230000,23.07,88.1,102.076
2026-05-23T01:03:42.4630000,23.07,88.12,102.076
2026-05-23T01:03:43.5150000,23.07,88.15,102.076
2026-05-23T01:03:44.5550000,23.07,88.18,102.076
2026-05-23T01:03:45.5960000,23.07,88.21,102.076
2026-05-23T01:03:46.6370000,23.07,88.21,102.077
2026-05-23T01:03:47.6780000,23.07,88.23,102.077
2026-05-23T01:03:48.7180000,23.07,88.23,102.076
2026-05-23T01:03:49.7590000,23.07,88.29,102.077
2026-05-23T01:03:50.8100000,23.07,88.3,102.076
2026-05-23T01:03:51.8510000,23.07,88.32,102.077
2026-05-23T01:03:52.8920000,23.07,88.38,102.077
2026-05-23T01:03:53.9320000,23.07,88.37,102.078
2026-05-23T01:03:54.9770000,23.07,88.39,102.078
2026-05-23T01:03:56.0170000,23.07,88.42,102.078
2026-05-23T01:03:57.0580000,23.07,88.43,102.077
2026-05-23T01:03:58.0990000,23.07,88.43,102.077
2026-05-23T01:03:59.1400000,23.07,88.46,102.078
2026-05-23T01:04:00.1910000,23.07,88.46,102.078
2026-05-23T01:04:01.2310000,23.07,88.47,102.078
2026-05-23T01:04:02.2720000,23.07,88.48,102.078
2026-05-23T01:04:03.3130000,23.06,88.45,102.078
2026-05-23T01:04:04.3540000,23.06,88.51,102.078
2026-05-23T01:04:05.3950000,23.06,88.48,102.078
2026-05-23T01:04:06.4360000,23.05,88.43,102.077
2026-05-23T01:04:07.4760000,23.05,88.46,102.077
2026-05-23T01:04:08.5410000,23.05,88.45,102.077
2026-05-23T01:04:09.5610000,23.05,88.45,102.077
2026-05-23T01:04:10.6120000,23.04,88.43,102.076
2026-05-23T01:04:11.6530000,23.04,88.44,102.076
2026-05-23T01:04:12.6940000,23.03,88.42,102.076
2026-05-23T01:04:13.7350000,23.03,88.42,102.076
2026-05-23T01:04:14.7750000,23.03,88.42,102.076
2026-05-23T01:04:15.8160000,23.03,88.43,102.076
2026-05-23T01:04:16.8570000,23.02,88.42,102.075
2026-05-23T01:04:17.9080000,23.02,88.41,102.076
2026-05-23T01:04:18.9490000,23.01,88.34,102.075
2026-05-23T01:04:19.9890000,23.01,88.35,102.074
2026-05-23T01:04:21.0300000,23.01,88.34,102.075
2026-05-23T01:04:22.1090000,23,88.28,102.075
2026-05-23T01:04:23.1190000,23,88.32,102.075
2026-05-23T01:04:24.1590000,23,88.33,102.075
2026-05-23T01:04:25.2000000,23,88.34,102.076
2026-05-23T01:04:26.2410000,23,88.35,102.075
2026-05-23T01:04:27.2820000,22.99,88.35,102.075
2026-05-23T01:04:28.3230000,23,88.36,102.075
2026-05-23T01:04:29.3640000,23,88.39,102.075
2026-05-23T01:04:30.4040000,23,88.36,102.074
2026-05-23T01:04:31.4550000,23,88.37,102.074
2026-05-23T01:04:32.4960000,23,88.38,102.074
2026-05-23T01:04:33.5370000,23,88.39,102.074
2026-05-23T01:04:34.5780000,22.99,88.39,102.074
2026-05-23T01:04:35.6740000,22.99,88.39,102.074
2026-05-23T01:04:36.6630000,22.99,88.4,102.074
2026-05-23T01:04:37.7030000,22.99,88.4,102.075
2026-05-23T01:04:38.7440000,22.99,88.4,102.074
2026-05-23T01:04:39.7850000,22.99,88.4,102.074
2026-05-23T01:04:40.8360000,22.99,88.39,102.074
2026-05-23T01:04:41.8770000,22.99,88.39,102.073
2026-05-23T01:04:42.9170000,22.99,88.4,102.073
2026-05-23T01:04:43.9580000,22.99,88.39,102.074
2026-05-23T01:04:44.9990000,22.99,88.41,102.073
2026-05-23T01:04:46.0400000,22.99,88.42,102.073
2026-05-23T01:04:47.0810000,22.99,88.39,102.073
2026-05-23T01:04:48.1210000,22.99,88.41,102.074
2026-05-23T01:04:49.2390000,22.99,88.4,102.075
2026-05-23T01:04:50.2100000,22.99,88.4,102.075
2026-05-23T01:04:51.2510000,23,88.38,102.076
2026-05-23T01:04:52.2920000,22.99,88.39,102.075
2026-05-23T01:04:53.3430000,22.99,88.37,102.076
2026-05-23T01:04:54.3830000,22.99,88.39,102.076
2026-05-23T01:04:55.4240000,22.99,88.39,102.076
2026-05-23T01:04:56.4650000,22.99,88.4,102.075
2026-05-23T01:04:57.5060000,22.99,88.37,102.076
2026-05-23T01:04:58.5460000,22.99,88.39,102.075
2026-05-23T01:04:59.5870000,22.99,88.39,102.075
2026-05-23T01:05:00.6280000,22.99,88.39,102.075
2026-05-23T01:05:01.6790000,22.99,88.42,102.075
2026-05-23T01:05:02.7200000,23,88.41,102.076
2026-05-23T01:05:03.7740000,22.99,88.39,102.076
2026-05-23T01:05:04.8050000,22.99,88.4,102.075
2026-05-23T01:05:05.8450000,22.99,88.39,102.075
2026-05-23T01:05:06.8860000,22.99,88.4,102.075
2026-05-23T01:05:07.9270000,22.99,88.4,102.075
2026-05-23T01:05:08.9680000,22.99,88.38,102.075
2026-05-23T01:05:10.0080000,22.99,88.4,102.075
2026-05-23T01:05:11.0600000,22.99,88.36,102.074
2026-05-23T01:05:12.1010000,22.99,88.37,102.074
2026-05-23T01:05:13.1410000,22.99,88.41,102.075
2026-05-23T01:05:14.1820000,22.99,88.41,102.075
2026-05-23T01:05:15.2230000,22.99,88.39,102.075
2026-05-23T01:05:16.2640000,22.99,88.37,102.075
2026-05-23T01:05:17.3390000,22.99,88.39,102.075
2026-05-23T01:05:18.3490000,22.99,88.39,102.074
2026-05-23T01:05:19.3890000,22.99,88.39,102.073
2026-05-23T01:05:20.4300000,22.99,88.38,102.073
2026-05-23T01:05:21.4810000,22.99,88.38,102.073
2026-05-23T01:05:22.5220000,22.99,88.39,102.074
2026-05-23T01:05:23.5630000,22.99,88.4,102.074
2026-05-23T01:05:24.6040000,22.99,88.42,102.074
2026-05-23T01:05:25.6440000,23,88.41,102.075
2026-05-23T01:05:26.6850000,23,88.38,102.074
2026-05-23T01:05:27.7260000,23,88.38,102.074
2026-05-23T01:05:28.7770000,23,88.39,102.074
2026-05-23T01:05:29.8180000,23,88.41,102.073
2026-05-23T01:05:30.9070000,23,88.41,102.073
2026-05-23T01:05:31.8960000,23,88.41,102.073
2026-05-23T01:05:33.9880000,23,88.4,102.074
2026-05-23T01:05:35.0290000,23,88.41,102.074
2026-05-23T01:05:36.0700000,23,88.41,102.073
2026-05-23T01:05:37.1100000,23.01,88.42,102.073
2026-05-23T01:05:38.1510000,23.01,88.44,102.073
2026-05-23T01:05:39.1920000,23.01,88.46,102.073
2026-05-23T01:05:40.2330000,23.01,88.4,102.073
2026-05-23T01:05:41.2840000,23.01,88.44,102.073
2026-05-23T01:05:42.3250000,23.01,88.46,102.072
2026-05-23T01:05:43.3660000,23.01,88.42,102.072
2026-05-23T01:05:44.4730000,23.01,88.48,102.072
2026-05-23T01:05:45.4500000,23.01,88.45,102.072
2026-05-23T01:05:46.4910000,23.01,88.45,102.072
2026-05-23T01:05:47.5320000,23.01,88.46,102.072
2026-05-23T01:05:48.5730000,23.01,88.46,102.071
2026-05-23T01:05:49.6130000,23.01,88.47,102.071
2026-05-23T01:05:50.6540000,23.02,88.47,102.072
2026-05-23T01:05:51.7050000,23.02,88.46,102.072
2026-05-23T01:05:52.7460000,23.01,88.48,102.072
2026-05-23T01:05:53.7870000,23.01,88.46,102.072
2026-05-23T01:05:54.8280000,23.01,88.44,102.072
2026-05-23T01:05:55.8680000,23.01,88.43,102.071
2026-05-23T01:05:56.9090000,23.01,88.41,102.071
2026-05-23T01:05:57.9500000,23.01,88.42,102.072
2026-05-23T01:05:59.0080000,23.01,88.42,102.072
2026-05-23T01:06:00.0380000,23.01,88.41,102.072
2026-05-23T01:06:01.0790000,23.01,88.41,102.073
2026-05-23T01:06:02.1200000,23.01,88.42,102.073
2026-05-23T01:06:03.1610000,23.01,88.39,102.073
2026-05-23T01:06:04.2120000,23.01,88.39,102.073
2026-05-23T01:06:05.2530000,23.01,88.38,102.073
2026-05-23T01:06:06.2930000,23.01,88.35,102.072
2026-05-23T01:06:07.3340000,23.01,88.39,102.072
2026-05-23T01:06:08.3750000,23.01,88.37,102.072
2026-05-23T01:06:09.4150000,23.01,88.36,102.071
2026-05-23T01:06:10.4560000,23.01,88.38,102.071
2026-05-23T01:06:11.5070000,23.01,88.32,102.072
2026-05-23T01:06:12.5720000,23,88.3,102.072
2026-05-23T01:06:13.5920000,23.01,88.32,102.072
2026-05-23T01:06:14.6330000,23,88.31,102.072
2026-05-23T01:06:15.6730000,23,88.3,102.073
2026-05-23T01:06:16.7140000,23,88.3,102.073
2026-05-23T01:06:17.7550000,23,88.3,102.072
2026-05-23T01:06:18.7960000,23,88.3,102.073
2026-05-23T01:06:19.8360000,23,88.32,102.073
2026-05-23T01:06:20.8770000,23,88.27,102.072
2026-05-23T01:06:21.9290000,23,88.27,102.073
2026-05-23T01:06:22.9700000,23,88.28,102.073
2026-05-23T01:06:24.0100000,23,88.25,102.073
2026-05-23T01:06:25.0510000,23,88.27,102.073
2026-05-23T01:06:26.1410000,23,88.27,102.073
2026-05-23T01:06:27.1400000,23,88.24,102.073
2026-05-23T01:06:28.1810000,23,88.24,102.073
2026-05-23T01:06:30.2620000,23,88.23,102.072
2026-05-23T01:06:31.3030000,23,88.2,102.073
2026-05-23T01:06:32.3430000,23,88.17,102.074
2026-05-23T01:06:33.3840000,22.99,88.14,102.074
2026-05-23T01:06:34.4350000,22.99,88.14,102.074
2026-05-23T01:06:35.4760000,22.99,88.11,102.074
2026-05-23T01:06:36.5170000,22.99,88.11,102.074
2026-05-23T01:06:37.5570000,22.99,88.11,102.074
2026-05-23T01:06:38.5980000,22.99,88.08,102.073
2026-05-23T01:06:39.7050000,22.99,88.1,102.073
2026-05-23T01:06:40.6830000,22.99,88.08,102.073
2026-05-23T01:06:41.7230000,22.99,88.09,102.073
2026-05-23T01:06:42.7640000,22.99,88.07,102.073
2026-05-23T01:06:43.8160000,22.99,88.05,102.073
2026-05-23T01:06:44.8560000,22.99,88.04,102.073
2026-05-23T01:06:45.8970000,22.99,88.05,102.073
2026-05-23T01:06:46.9380000,22.99,88.04,102.073
2026-05-23T01:06:47.9790000,22.99,88.04,102.073
2026-05-23T01:06:49.0200000,22.99,88.05,102.072
2026-05-23T01:06:50.0600000,22.99,88.05,102.072
2026-05-23T01:06:51.1010000,22.99,88.06,102.073
2026-05-23T01:06:52.1520000,22.99,88.07,102.073
2026-05-23T01:06:53.1930000,22.99,88.09,102.074
2026-05-23T01:06:54.2440000,22.99,88.13,102.074
2026-05-23T01:06:55.2740000,22.99,88.1,102.074
2026-05-23T01:06:56.3150000,22.99,88.11,102.074
2026-05-23T01:06:57.3560000,22.99,88.11,102.074
2026-05-23T01:06:58.3960000,22.99,88.12,102.073
2026-05-23T01:06:59.4480000,23,88.11,102.074
2026-05-23T01:07:00.4880000,23,88.11,102.074
2026-05-23T01:07:01.5290000,23,88.1,102.074
2026-05-23T01:07:02.5700000,23,88.11,102.074
2026-05-23T01:07:03.6100000,23,88.11,102.073
2026-05-23T01:07:04.6510000,23,88.16,102.073
2026-05-23T01:07:05.6920000,23,88.14,102.074
2026-05-23T01:07:06.7430000,23,88.17,102.074
2026-05-23T01:07:07.8120000,23.01,88.19,102.074
2026-05-23T01:07:08.8210000,23.01,88.19,102.074
2026-05-23T01:07:09.8620000,23.01,88.2,102.074
2026-05-23T01:07:10.9030000,23.01,88.22,102.074
2026-05-23T01:07:11.9430000,23.01,88.23,102.074
2026-05-23T01:07:12.9950000,23.01,88.24,102.074
2026-05-23T01:07:14.0350000,23.02,88.26,102.073
2026-05-23T01:07:15.0760000,23.02,88.26,102.074
2026-05-23T01:07:16.1170000,23.02,88.29,102.073
2026-05-23T01:07:17.1570000,23.02,88.29,102.073
2026-05-23T01:07:18.1980000,23.02,88.32,102.073
2026-05-23T01:07:19.2390000,23.02,88.34,102.072
2026-05-23T01:07:20.2900000,23.02,88.35,102.072
2026-05-23T01:07:21.3800000,23.02,88.37,102.072
2026-05-23T01:07:22.3680000,23.02,88.4,102.072
2026-05-23T01:07:23.4090000,23.02,88.42,102.073
2026-05-23T01:07:24.4490000,23.02,88.43,102.073
2026-05-23T01:07:25.5010000,23.02,88.46,102.072
2026-05-23T01:07:26.5410000,23.03,88.45,102.072
2026-05-23T01:07:27.5820000,23.03,88.47,102.072
2026-05-23T01:07:29.6630000,23.03,88.5,102.073
2026-05-23T01:07:30.7040000,23.03,88.54,102.073
2026-05-23T01:07:31.7450000,23.03,88.55,102.073
2026-05-23T01:07:32.7970000,23.03,88.55,102.072
2026-05-23T01:07:33.8370000,23.03,88.6,102.072
2026-05-23T01:07:34.9480000,23.03,88.55,102.072
2026-05-23T01:07:35.9150000,23.03,88.6,102.072
2026-05-23T01:07:36.9560000,23.03,88.62,102.072
2026-05-23T01:07:38.0080000,23.03,88.65,102.072
2026-05-23T01:07:39.0480000,23.03,88.67,102.072
2026-05-23T01:07:40.0890000,23.04,88.68,102.072
2026-05-23T01:07:41.1300000,23.04,88.69,102.072
2026-05-23T01:07:42.1710000,23.04,88.7,102.072
2026-05-23T01:07:43.2110000,23.04,88.76,102.073
2026-05-23T01:07:44.2520000,23.04,88.75,102.073
2026-05-23T01:07:45.2930000,23.04,88.75,102.073
2026-05-23T01:07:46.3440000,23.04,88.75,102.073
2026-05-23T01:07:47.3850000,23.04,88.79,102.072
2026-05-23T01:07:48.4260000,23.04,88.8,102.072
2026-05-23T01:07:49.4840000,23.04,88.81,102.071
2026-05-23T01:07:50.5030000,23.04,88.85,102.071
2026-05-23T01:07:51.5550000,23.04,88.82,102.071
2026-05-23T01:07:52.5950000,23.04,88.88,102.072
2026-05-23T01:07:53.6360000,23.04,88.86,102.072
2026-05-23T01:07:54.6770000,23.04,88.92,102.072
2026-05-23T01:07:55.7180000,23.04,88.92,102.072
2026-05-23T01:07:56.7580000,23.04,88.98,102.071
2026-05-23T01:07:57.7990000,23.04,88.93,102.07
2026-05-23T01:07:58.8500000,23.04,88.96,102.07
2026-05-23T01:07:59.8910000,23.04,88.99,102.07
2026-05-23T01:08:00.9320000,23.04,89.01,102.071
2026-05-23T01:08:01.9730000,23.04,89.05,102.071
2026-05-23T01:08:03.0520000,23.04,89.08,102.07
2026-05-23T01:08:04.0610000,23.04,89.07,102.069
2026-05-23T01:08:05.1020000,23.04,89.09,102.07
2026-05-23T01:08:06.1430000,23.04,89.1,102.071
2026-05-23T01:08:07.1830000,23.04,89.12,102.07
2026-05-23T01:08:08.2240000,23.04,89.15,102.07
2026-05-23T01:08:09.2650000,23.04,89.16,102.07
2026-05-23T01:08:10.3050000,23.04,89.13,102.07
2026-05-23T01:08:11.3460000,23.04,89.19,102.069
2026-05-23T01:08:12.3970000,23.04,89.22,102.07
2026-05-23T01:08:13.4380000,23.04,89.19,102.069
2026-05-23T01:08:14.4790000,23.04,89.2,102.069
2026-05-23T01:08:15.5190000,23.04,89.23,102.069
2026-05-23T01:08:16.6200000,23.04,89.26,102.068
2026-05-23T01:08:17.6080000,23.04,89.29,102.068
2026-05-23T01:08:18.6480000,23.04,89.32,102.068
2026-05-23T01:08:19.6890000,23.04,89.32,102.068
2026-05-23T01:08:20.7300000,23.04,89.34,102.068
2026-05-23T01:08:21.7710000,23.04,89.35,102.068
2026-05-23T01:08:22.8120000,23.04,89.38,102.067
2026-05-23T01:08:23.8520000,23.04,89.38,102.067
2026-05-23T01:08:24.9040000,23.03,89.39,102.067
2026-05-23T01:08:25.9440000,23.03,89.38,102.068
2026-05-23T01:08:26.9850000,23.03,89.42,102.068
2026-05-23T01:08:28.0260000,23.03,89.41,102.069
2026-05-23T01:08:29.0670000,23.03,89.45,102.068
2026-05-23T01:08:30.1080000,23.03,89.44,102.069
2026-05-23T01:08:31.1590000,23.03,89.48,102.07
2026-05-23T01:08:32.1890000,23.03,89.45,102.07
2026-05-23T01:08:33.2400000,23.02,89.5,102.07
2026-05-23T01:08:34.2810000,23.02,89.48,102.07
2026-05-23T01:08:35.3220000,23.02,89.53,102.069
2026-05-23T01:08:36.3620000,23.02,89.53,102.07
2026-05-23T01:08:37.4030000,23.02,89.56,102.069
2026-05-23T01:08:38.4440000,23.01,89.58,102.07
2026-05-23T01:08:39.4840000,23.01,89.54,102.07
2026-05-23T01:08:40.5250000,23.01,89.59,102.069
2026-05-23T01:08:41.5760000,23,89.58,102.069
2026-05-23T01:08:42.6170000,23,89.61,102.069
2026-05-23T01:08:43.6580000,23,89.6,102.069
2026-05-23T01:08:44.7300000,22.99,89.62,102.07
2026-05-23T01:08:45.7390000,22.99,89.64,102.07
2026-05-23T01:08:46.7800000,22.99,89.67,102.07
2026-05-23T01:08:47.8210000,22.99,89.67,102.07
2026-05-23T01:08:48.8620000,22.99,89.68,102.07
2026-05-23T01:08:49.9130000,22.99,89.68,102.07
2026-05-23T01:08:50.9540000,22.99,89.68,102.069
2026-05-23T01:08:51.9950000,22.99,89.69,102.07
2026-05-23T01:08:53.0350000,22.98,89.67,102.069
2026-05-23T01:08:54.0760000,22.98,89.68,102.069
2026-05-23T01:08:55.1170000,22.98,89.71,102.069
2026-05-23T01:08:56.1580000,22.98,89.69,102.069
2026-05-23T01:08:57.1980000,22.97,89.72,102.068
2026-05-23T01:08:58.2990000,22.97,89.75,102.068
2026-05-23T01:08:59.2870000,22.97,89.75,102.068
2026-05-23T01:09:00.3270000,22.97,89.76,102.069
2026-05-23T01:09:01.3680000,22.96,89.75,102.068
2026-05-23T01:09:02.4090000,22.96,89.76,102.068
2026-05-23T01:09:03.4600000,22.96,89.78,102.068
2026-05-23T01:09:04.5010000,22.96,89.8,102.068
2026-05-23T01:09:05.5420000,22.96,89.78,102.068
2026-05-23T01:09:06.5820000,22.96,89.75,102.068
2026-05-23T01:09:07.6230000,22.95,89.81,102.068
2026-05-23T01:09:08.6640000,22.95,89.78,102.068
2026-05-23T01:09:09.7040000,22.95,89.75,102.068
2026-05-23T01:09:10.7450000,22.95,89.77,102.068
2026-05-23T01:09:11.8660000,22.95,89.83,102.068
2026-05-23T01:09:12.8340000,22.94,89.78,102.069
2026-05-23T01:09:13.8740000,22.94,89.77,102.069
2026-05-23T01:09:14.9150000,22.94,89.76,102.07
2026-05-23T01:09:15.9560000,22.94,89.77,102.07
2026-05-23T01:09:17.0070000,22.94,89.79,102.07
2026-05-23T01:09:18.0480000,22.94,89.78,102.071
2026-05-23T01:09:19.0890000,22.93,89.78,102.07
2026-05-23T01:09:20.1300000,22.93,89.81,102.071
2026-05-23T01:09:21.1700000,22.93,89.76,102.071
2026-05-23T01:09:22.2110000,22.93,89.82,102.071
2026-05-23T01:09:23.2520000,22.92,89.8,102.071
2026-05-23T01:09:24.2920000,22.92,89.76,102.071
2026-05-23T01:09:25.3440000,22.92,89.78,102.071
2026-05-23T01:09:26.4020000,22.92,89.75,102.072
2026-05-23T01:09:27.4220000,22.91,89.75,102.071
2026-05-23T01:09:28.4620000,22.91,89.75,102.07
2026-05-23T01:09:29.5030000,22.91,89.74,102.07
2026-05-23T01:09:30.5440000,22.91,89.72,102.07
2026-05-23T01:09:31.5950000,22.9,89.74,102.07
2026-05-23T01:09:32.6360000,22.9,89.75,102.071
2026-05-23T01:09:33.6770000,22.9,89.74,102.071
2026-05-23T01:09:34.7180000,22.9,89.76,102.072
2026-05-23T01:09:35.7590000,22.9,89.75,102.071
2026-05-23T01:09:36.7990000,22.89,89.75,102.072
2026-05-23T01:09:37.8400000,22.89,89.74,102.072
2026-05-23T01:09:38.8810000,22.89,89.75,102.071
2026-05-23T01:09:39.9710000,22.89,89.72,102.071
2026-05-23T01:09:40.9690000,22.89,89.73,102.071
2026-05-23T01:09:42.0100000,22.89,89.73,102.071
2026-05-23T01:09:43.0510000,22.89,89.73,102.071
2026-05-23T01:09:44.0920000,22.89,89.73,102.07
2026-05-23T01:09:45.1430000,22.89,89.73,102.071
2026-05-23T01:09:46.1830000,22.88,89.72,102.07
2026-05-23T01:09:47.2240000,22.88,89.72,102.071
2026-05-23T01:09:48.2650000,22.88,89.68,102.071
2026-05-23T01:09:49.3050000,22.88,89.74,102.072
2026-05-23T01:09:50.3460000,22.88,89.7,102.072
2026-05-23T01:09:51.3870000,22.88,89.66,102.072
2026-05-23T01:09:52.4280000,22.88,89.71,102.072
2026-05-23T01:09:53.5420000,22.88,89.71,102.072
2026-05-23T01:09:54.5200000,22.88,89.7,102.072
2026-05-23T01:09:55.5610000,22.87,89.7,102.071
2026-05-23T01:09:56.6010000,22.87,89.69,102.071
2026-05-23T01:09:57.6420000,22.87,89.71,102.07
2026-05-23T01:09:58.6830000,22.87,89.71,102.07
2026-05-23T01:09:59.7240000,22.87,89.7,102.07
2026-05-23T01:10:00.7640000,22.87,89.7,102.069
2026-05-23T01:10:01.8060000,22.87,89.71,102.07
2026-05-23T01:10:02.8580000,22.87,89.7,102.07
2026-05-23T01:10:03.8980000,22.87,89.72,102.07
2026-05-23T01:10:04.9390000,22.87,89.69,102.07
2026-05-23T01:10:05.9800000,22.87,89.7,102.071
2026-05-23T01:10:07.0210000,22.87,89.69,102.071
2026-05-23T01:10:08.0820000,22.87,89.71,102.07
2026-05-23T01:10:09.1020000,22.87,89.69,102.07
2026-05-23T01:10:10.1430000,22.87,89.69,102.07
2026-05-23T01:10:11.1940000,22.87,89.68,102.07
2026-05-23T01:10:12.2350000,22.87,89.67,102.07
2026-05-23T01:10:13.2750000,22.87,89.68,102.07
2026-05-23T01:10:14.3160000,22.87,89.68,102.07
2026-05-23T01:10:15.3570000,22.87,89.65,102.069
2026-05-23T01:10:16.3980000,22.87,89.67,102.068
2026-05-23T01:10:17.4380000,22.87,89.65,102.068
2026-05-23T01:10:18.4790000,22.87,89.67,102.069
2026-05-23T01:10:19.5300000,22.87,89.67,102.069
2026-05-23T01:10:20.5710000,22.87,89.68,102.069
2026-05-23T01:10:21.6540000,22.87,89.69,102.068
2026-05-23T01:10:22.6530000,22.87,89.67,102.068
2026-05-23T01:10:23.6930000,22.87,89.65,102.069
2026-05-23T01:10:24.7340000,22.87,89.65,102.069
2026-05-23T01:10:25.7750000,22.87,89.66,102.069
2026-05-23T01:10:26.8160000,22.87,89.64,102.068
2026-05-23T01:10:27.8670000,22.87,89.65,102.068
2026-05-23T01:10:28.9080000,22.87,89.64,102.068
2026-05-23T01:10:29.9490000,22.87,89.64,102.068
2026-05-23T01:10:30.9890000,22.87,89.66,102.067
2026-05-23T01:10:32.0300000,22.87,89.64,102.067
2026-05-23T01:10:33.0710000,22.87,89.64,102.067
2026-05-23T01:10:34.1120000,22.87,89.64,102.067
2026-05-23T01:10:35.2220000,22.87,89.59,102.066
2026-05-23T01:10:36.2000000,22.87,89.63,102.066
2026-05-23T01:10:37.2410000,22.86,89.63,102.065
2026-05-23T01:10:38.2810000,22.87,89.63,102.065
2026-05-23T01:10:39.3220000,22.87,89.63,102.064
2026-05-23T01:10:40.3630000,22.87,89.64,102.065
2026-05-23T01:10:41.4140000,22.87,89.63,102.065
2026-05-23T01:10:42.4550000,22.87,89.62,102.064
2026-05-23T01:10:43.4960000,22.87,89.63,102.065
2026-05-23T01:10:44.5360000,22.87,89.62,102.065
2026-05-23T01:10:45.5770000,22.87,89.59,102.065
2026-05-23T01:10:46.6180000,22.87,89.57,102.065
2026-05-23T01:10:47.6590000,22.87,89.63,102.065
2026-05-23T01:10:48.7100000,22.87,89.58,102.065
2026-05-23T01:10:49.7610000,22.87,89.61,102.064
2026-05-23T01:10:50.7920000,22.87,89.56,102.064
2026-05-23T01:10:51.8330000,22.87,89.58,102.064
2026-05-23T01:10:52.8740000,22.87,89.59,102.065
2026-05-23T01:10:53.9150000,22.87,89.58,102.065
2026-05-23T01:10:54.9550000,22.87,89.58,102.065
2026-05-23T01:10:55.9960000,22.87,89.58,102.066
2026-05-23T01:10:57.0370000,22.87,89.54,102.065
2026-05-23T01:10:58.0880000,22.87,89.57,102.065
2026-05-23T01:10:59.1290000,22.87,89.57,102.066
2026-05-23T01:11:00.1690000,22.87,89.55,102.066
2026-05-23T01:11:01.2100000,22.87,89.58,102.065
2026-05-23T01:11:02.2510000,22.87,89.56,102.065
2026-05-23T01:11:03.3300000,22.87,89.52,102.064
2026-05-23T01:11:04.3390000,22.87,89.55,102.064
2026-05-23T01:11:05.3800000,22.87,89.54,102.064
2026-05-23T01:11:06.4210000,22.87,89.54,102.065
2026-05-23T01:11:07.4620000,22.87,89.54,102.065
2026-05-23T01:11:08.5030000,22.87,89.53,102.065
2026-05-23T01:11:09.5440000,22.87,89.53,102.066
2026-05-23T01:11:10.5840000,22.87,89.58,102.066
2026-05-23T01:11:11.6360000,22.87,89.52,102.067
2026-05-23T01:11:12.6760000,22.87,89.5,102.067
2026-05-23T01:11:13.7170000,22.87,89.5,102.066
2026-05-23T01:11:14.7580000,22.87,89.48,102.065
2026-05-23T01:11:15.7990000,22.87,89.48,102.064
2026-05-23T01:11:16.8990000,22.87,89.43,102.066
2026-05-23T01:11:17.8870000,22.87,89.46,102.066
2026-05-23T01:11:18.9280000,22.87,89.46,102.066
2026-05-23T01:11:19.9680000,22.87,89.45,102.065
2026-05-23T01:11:21.0090000,22.87,89.46,102.066
2026-05-23T01:11:22.0500000,22.87,89.45,102.066
2026-05-23T01:11:23.0910000,22.87,89.45,102.064
2026-05-23T01:11:24.1320000,22.87,89.45,102.064
2026-05-23T01:11:25.1830000,22.87,89.44,102.063
2026-05-23T01:11:26.2240000,22.87,89.44,102.063
2026-05-23T01:11:27.2650000,22.87,89.42,102.063
2026-05-23T01:11:28.3050000,22.88,89.45,102.064
2026-05-23T01:11:29.3460000,22.88,89.43,102.064
2026-05-23T01:11:30.3870000,22.87,89.41,102.063
2026-05-23T01:11:31.4380000,22.87,89.42,102.061
2026-05-23T01:11:32.4790000,22.87,89.41,102.062
2026-05-23T01:11:33.5200000,22.87,89.41,102.063
2026-05-23T01:11:34.5600000,22.87,89.41,102.064
2026-05-23T01:11:35.6010000,22.87,89.4,102.064
2026-05-23T01:11:36.6420000,22.87,89.38,102.064
2026-05-23T01:11:37.6830000,22.87,89.38,102.064
2026-05-23T01:11:38.7240000,22.87,89.39,102.064
2026-05-23T01:11:39.7640000,22.87,89.4,102.064
2026-05-23T01:11:40.8160000,22.87,89.37,102.064
2026-05-23T01:11:41.8560000,22.87,89.38,102.064
2026-05-23T01:11:42.8970000,22.87,89.35,102.064
2026-05-23T01:11:43.9380000,22.87,89.34,102.064
2026-05-23T01:11:45.0070000,22.87,89.37,102.064
2026-05-23T01:11:46.0160000,22.87,89.33,102.064
2026-05-23T01:11:47.0670000,22.87,89.31,102.064
2026-05-23T01:11:48.1080000,22.87,89.3,102.065
2026-05-23T01:11:49.1480000,22.87,89.3,102.065
2026-05-23T01:11:50.1890000,22.87,89.3,102.065
2026-05-23T01:11:51.2300000,22.87,89.29,102.064
2026-05-23T01:11:52.2710000,22.87,89.28,102.064
2026-05-23T01:11:53.3120000,22.87,89.29,102.064
2026-05-23T01:11:54.3630000,22.87,89.27,102.064
2026-05-23T01:11:55.4040000,22.87,89.25,102.063
2026-05-23T01:11:56.4440000,22.87,89.27,102.063
2026-05-23T01:11:57.4850000,22.87,89.26,102.063
2026-05-23T01:11:58.5780000,22.87,89.22,102.062
2026-05-23T01:11:59.5670000,22.87,89.26,102.062
2026-05-23T01:12:00.6080000,22.87,89.26,102.062
2026-05-23T01:12:01.6480000,22.87,89.25,102.062
2026-05-23T01:12:02.7000000,22.87,89.25,102.063
2026-05-23T01:12:03.7400000,22.87,89.22,102.063
2026-05-23T01:12:04.7810000,22.87,89.23,102.063
2026-05-23T01:12:05.8220000,22.87,89.22,102.064
2026-05-23T01:12:06.8630000,22.87,89.24,102.064
2026-05-23T01:12:07.9030000,22.87,89.22,102.064
2026-05-23T01:12:08.9440000,22.87,89.17,102.063
2026-05-23T01:12:09.9850000,22.87,89.22,102.064
2026-05-23T01:12:11.0360000,22.87,89.19,102.063
2026-05-23T01:12:12.0770000,22.87,89.2,102.064
2026-05-23T01:12:13.1170000,22.87,89.17,102.064
2026-05-23T01:12:14.1580000,22.87,89.16,102.064
2026-05-23T01:12:15.1990000,22.87,89.16,102.064
2026-05-23T01:12:16.2400000,22.87,89.16,102.063
2026-05-23T01:12:17.2810000,22.87,89.15,102.063
2026-05-23T01:12:18.3210000,22.88,89.16,102.063
2026-05-23T01:12:19.3730000,22.88,89.14,102.064
2026-05-23T01:12:20.4130000,22.88,89.14,102.063
2026-05-23T01:12:21.4540000,22.88,89.15,102.063
2026-05-23T01:12:22.4950000,22.88,89.13,102.063
2026-05-23T01:12:23.5360000,22.88,89.13,102.063
2026-05-23T01:12:24.5770000,22.88,89.12,102.063
2026-05-23T01:12:25.6170000,22.88,89.16,102.063
2026-05-23T01:12:26.6860000,22.88,89.11,102.063
2026-05-23T01:12:27.7060000,22.88,89.15,102.063
2026-05-23T01:12:28.7470000,22.88,89.13,102.063
2026-05-23T01:12:29.7870000,22.88,89.15,102.063
2026-05-23T01:12:30.8280000,22.88,89.11,102.063
2026-05-23T01:12:31.8690000,22.88,89.09,102.062
2026-05-23T01:12:32.9200000,22.88,89.1,102.062
2026-05-23T01:12:33.9610000,22.88,89.1,102.061
2026-05-23T01:12:35.0010000,22.88,89.1,102.061
2026-05-23T01:12:36.0420000,22.88,89.12,102.061
2026-05-23T01:12:37.0830000,22.88,89.06,102.062
2026-05-23T01:12:38.1230000,22.88,89.08,102.062
2026-05-23T01:12:39.1640000,22.88,89.05,102.062
2026-05-23T01:12:40.2570000,22.89,89.08,102.062
2026-05-23T01:12:41.2560000,22.89,89.06,102.062
2026-05-23T01:12:42.2970000,22.89,89.05,102.062
2026-05-23T01:12:43.3380000,22.89,89.04,102.062
2026-05-23T01:12:44.3790000,22.89,89.03,102.062
2026-05-23T01:12:45.4190000,22.89,89.02,102.062
2026-05-23T01:12:46.4600000,22.88,89.01,102.061
2026-05-23T01:12:47.5010000,22.88,89.01,102.06
2026-05-23T01:12:48.5520000,22.88,89.01,102.06
2026-05-23T01:12:49.5930000,22.88,89,102.06
2026-05-23T01:12:50.6340000,22.88,89,102.061
2026-05-23T01:12:51.6750000,22.88,88.98,102.06
2026-05-23T01:12:52.7160000,22.89,88.96,102.061
2026-05-23T01:12:53.8230000,22.88,88.95,102.06
2026-05-23T01:12:54.8000000,22.88,88.95,102.061
2026-05-23T01:12:55.8410000,22.88,88.94,102.061
2026-05-23T01:12:56.8820000,22.88,88.92,102.061
2026-05-23T01:12:57.9230000,22.88,88.92,102.062
2026-05-23T01:12:58.9740000,22.88,88.89,102.062
2026-05-23T01:13:00.0140000,22.88,88.87,102.062
2026-05-23T01:13:01.0550000,22.88,88.86,102.062
2026-05-23T01:13:02.0970000,22.88,88.85,102.061
2026-05-23T01:13:03.1370000,22.88,88.85,102.061
2026-05-23T01:13:04.1780000,22.88,88.8,102.061
2026-05-23T01:13:05.2190000,22.88,88.83,102.061
2026-05-23T01:13:06.2600000,22.88,88.81,102.062
2026-05-23T01:13:07.3110000,22.88,88.77,102.062
2026-05-23T01:13:08.3620000,22.87,88.74,102.062
2026-05-23T01:13:09.3920000,22.87,88.78,102.062
2026-05-23T01:13:10.4330000,22.87,88.73,102.063
2026-05-23T01:13:11.4740000,22.87,88.72,102.063
2026-05-23T01:13:12.5150000,22.87,88.7,102.063
2026-05-23T01:13:13.5560000,22.87,88.68,102.063
2026-05-23T01:13:14.5960000,22.87,88.68,102.063
2026-05-23T01:13:15.6470000,22.87,88.69,102.064
2026-05-23T01:13:16.6880000,22.87,88.65,102.064
2026-05-23T01:13:17.7290000,22.87,88.64,102.063
2026-05-23T01:13:18.7700000,22.87,88.62,102.064
2026-05-23T01:13:19.8100000,22.87,88.6,102.064
2026-05-23T01:13:20.8510000,22.87,88.58,102.063
2026-05-23T01:13:21.9300000,22.87,88.57,102.063
2026-05-23T01:13:22.9390000,22.87,88.55,102.063
2026-05-23T01:13:23.9800000,22.87,88.53,102.062
2026-05-23T01:13:25.0210000,22.87,88.51,102.062
2026-05-23T01:13:26.0620000,22.87,88.48,102.062
2026-05-23T01:13:27.1030000,22.87,88.46,102.063
2026-05-23T01:13:28.1540000,22.87,88.45,102.063
2026-05-23T01:13:29.1950000,22.87,88.4,102.063
2026-05-23T01:13:30.2350000,22.87,88.43,102.063
2026-05-23T01:13:31.2760000,22.86,88.41,102.062
2026-05-23T01:13:32.3170000,22.86,88.39,102.063
2026-05-23T01:13:33.3580000,22.86,88.37,102.063
2026-05-23T01:13:34.3980000,22.86,88.36,102.063
2026-05-23T01:13:35.4990000,22.86,88.36,102.064
2026-05-23T01:13:36.4870000,22.86,88.33,102.064
2026-05-23T01:13:37.5280000,22.87,88.32,102.064
2026-05-23T01:13:38.5680000,22.86,88.31,102.064
2026-05-23T01:13:39.6090000,22.86,88.3,102.063
2026-05-23T01:13:40.6500000,22.87,88.25,102.063
2026-05-23T01:13:41.7010000,22.86,88.26,102.063
2026-05-23T01:13:42.7420000,22.86,88.25,102.063
2026-05-23T01:13:43.7820000,22.86,88.23,102.063
2026-05-23T01:13:44.8230000,22.86,88.21,102.062
2026-05-23T01:13:45.8640000,22.86,88.21,102.062
2026-05-23T01:13:46.9050000,22.86,88.2,102.062
2026-05-23T01:13:47.9450000,22.86,88.2,102.061
2026-05-23T01:13:48.9960000,22.86,88.14,102.062
2026-05-23T01:13:50.0370000,22.87,88.14,102.06
2026-05-23T01:13:51.0780000,22.87,88.13,102.061
2026-05-23T01:13:52.1190000,22.87,88.12,102.06
2026-05-23T01:13:53.1600000,22.87,88.11,102.06
2026-05-23T01:13:54.2010000,22.87,88.09,102.06
2026-05-23T01:13:55.2420000,22.87,88.06,102.059
2026-05-23T01:13:56.2820000,22.87,88.05,102.059
2026-05-23T01:13:57.3330000,22.86,88.04,102.059
2026-05-23T01:13:58.3740000,22.86,88,102.059
2026-05-23T01:13:59.4150000,22.86,88,102.06
2026-05-23T01:14:00.4560000,22.86,87.98,102.06
2026-05-23T01:14:01.4960000,22.86,87.97,102.059
2026-05-23T01:14:02.5370000,22.86,87.95,102.059
2026-05-23T01:14:03.6060000,22.86,87.87,102.059
2026-05-23T01:14:04.6260000,22.86,87.87,102.059
2026-05-23T01:14:05.6660000,22.86,87.84,102.06
2026-05-23T01:14:06.7070000,22.86,87.81,102.059
2026-05-23T01:14:07.7480000,22.86,87.79,102.059
2026-05-23T01:14:08.7880000,22.86,87.76,102.059
2026-05-23T01:14:09.8400000,22.86,87.74,102.059
2026-05-23T01:14:10.8800000,22.86,87.69,102.059
2026-05-23T01:14:11.9210000,22.86,87.73,102.059
2026-05-23T01:14:12.9620000,22.86,87.66,102.06
2026-05-23T01:14:14.0030000,22.86,87.69,102.06
2026-05-23T01:14:15.0430000,22.86,87.65,102.06
2026-05-23T01:14:16.0840000,22.86,87.63,102.061
2026-05-23T01:14:17.1740000,22.86,87.63,102.061
2026-05-23T01:14:18.1730000,22.86,87.58,102.061
2026-05-23T01:14:19.2130000,22.86,87.57,102.061
2026-05-23T01:14:20.2540000,22.86,87.52,102.061
2026-05-23T01:14:21.2950000,22.86,87.48,102.061
2026-05-23T01:14:22.3360000,22.86,87.49,102.06
2026-05-23T01:14:23.3870000,22.86,87.45,102.059
2026-05-23T01:14:24.4280000,22.85,87.37,102.058
2026-05-23T01:14:25.4690000,22.86,87.43,102.059
2026-05-23T01:14:26.5090000,22.86,87.42,102.059
2026-05-23T01:14:27.5500000,22.86,87.36,102.059
2026-05-23T01:14:28.5910000,22.86,87.35,102.059
2026-05-23T01:14:29.6320000,22.86,87.33,102.06
2026-05-23T01:14:30.7420000,22.85,87.31,102.059
2026-05-23T01:14:31.7200000,22.85,87.26,102.06
2026-05-23T01:14:32.7610000,22.85,87.24,102.059
2026-05-23T01:14:33.8010000,22.85,87.21,102.06
2026-05-23T01:14:34.8420000,22.85,87.19,102.06
2026-05-23T01:14:35.8930000,22.85,87.18,102.059
2026-05-23T01:14:36.9340000,22.85,87.14,102.06
2026-05-23T01:14:37.9750000,22.85,87.13,102.059
2026-05-23T01:14:39.0160000,22.85,87.09,102.059
2026-05-23T01:14:40.0570000,22.85,87.12,102.059
2026-05-23T01:14:41.0970000,22.85,87.08,102.059
2026-05-23T01:14:42.1380000,22.85,87.08,102.059
2026-05-23T01:14:43.1790000,22.86,87.05,102.059
2026-05-23T01:14:44.2300000,22.86,86.98,102.059
2026-05-23T01:14:45.2810000,22.86,87.02,102.059
2026-05-23T01:14:46.3120000,22.86,86.98,102.06
2026-05-23T01:14:47.3530000,22.86,86.98,102.06
2026-05-23T01:14:48.3930000,22.86,86.94,102.06
2026-05-23T01:14:49.4340000,22.86,86.92,102.06
2026-05-23T01:14:50.4750000,22.86,86.92,102.06
2026-05-23T01:14:51.5150000,22.86,86.89,102.061
2026-05-23T01:14:52.5670000,22.86,86.83,102.061
2026-05-23T01:14:53.6070000,22.86,86.86,102.061
2026-05-23T01:14:54.6480000,22.86,86.85,102.061
2026-05-23T01:14:55.6890000,22.86,86.86,102.061
2026-05-23T01:14:56.7290000,22.86,86.83,102.06
2026-05-23T01:14:57.7700000,22.86,86.8,102.061
2026-05-23T01:14:58.8490000,22.86,86.76,102.061
2026-05-23T01:14:59.8590000,22.86,86.74,102.062
2026-05-23T01:15:00.8990000,22.86,86.71,102.062
2026-05-23T01:15:01.9400000,22.87,86.7,102.062
2026-05-23T01:15:02.9810000,22.87,86.66,102.061
2026-05-23T01:15:04.0320000,22.87,86.63,102.061
2026-05-23T01:15:05.0730000,22.87,86.64,102.061
2026-05-23T01:15:06.1140000,22.87,86.58,102.06
2026-05-23T01:15:07.1540000,22.87,86.59,102.06
2026-05-23T01:15:08.1950000,22.87,86.59,102.06
2026-05-23T01:15:09.2360000,22.87,86.55,102.06
2026-05-23T01:15:10.2770000,22.87,86.48,102.06
2026-05-23T01:15:11.3170000,22.87,86.48,102.06
2026-05-23T01:15:12.4180000,22.87,86.5,102.059
2026-05-23T01:15:13.4060000,22.87,86.45,102.059
2026-05-23T01:15:14.4470000,22.87,86.41,102.059
2026-05-23T01:15:15.4870000,22.87,86.4,102.059
2026-05-23T01:15:16.5280000,22.87,86.38,102.059
2026-05-23T01:15:17.5790000,22.87,86.36,102.061
2026-05-23T01:15:18.6200000,22.87,86.34,102.061
2026-05-23T01:15:19.6610000,22.87,86.32,102.061
2026-05-23T01:15:20.7010000,22.87,86.31,102.061
2026-05-23T01:15:21.7420000,22.87,86.27,102.06
2026-05-23T01:15:22.7830000,22.87,86.3,102.059
2026-05-23T01:15:23.8230000,22.87,86.25,102.06
2026-05-23T01:15:24.8750000,22.87,86.26,102.06
2026-05-23T01:15:25.9150000,22.87,86.22,102.059
2026-05-23T01:15:26.9560000,22.87,86.17,102.06
2026-05-23T01:15:27.9970000,22.87,86.15,102.059
2026-05-23T01:15:29.0380000,22.87,86.12,102.059
2026-05-23T01:15:30.0790000,22.87,86.1,102.059
2026-05-23T01:15:31.1190000,22.87,86.07,102.059
2026-05-23T01:15:32.1610000,22.87,86.04,102.059
2026-05-23T01:15:33.2010000,22.87,86.03,102.058
2026-05-23T01:15:34.2530000,22.87,85.97,102.058
2026-05-23T01:15:35.2940000,22.87,85.99,102.058
2026-05-23T01:15:36.3340000,22.87,86,102.058
2026-05-23T01:15:37.3750000,22.87,85.97,102.058
2026-05-23T01:15:38.4160000,22.88,85.96,102.059
2026-05-23T01:15:39.4570000,22.88,85.91,102.06
2026-05-23T01:15:40.5250000,22.88,85.92,102.059
2026-05-23T01:15:41.5450000,22.88,85.91,102.059
2026-05-23T01:15:42.5860000,22.88,85.88,102.06
2026-05-23T01:15:43.6260000,22.88,85.83,102.06
2026-05-23T01:15:44.6670000,22.88,85.78,102.059
2026-05-23T01:15:45.7080000,22.88,85.76,102.059
2026-05-23T01:15:46.7590000,22.88,85.73,102.058
2026-05-23T01:15:47.8000000,22.88,85.74,102.058
2026-05-23T01:15:48.8400000,22.88,85.72,102.059
2026-05-23T01:15:49.8810000,22.88,85.72,102.058
2026-05-23T01:15:50.9220000,22.88,85.7,102.059
2026-05-23T01:15:51.9630000,22.88,85.69,102.058
2026-05-23T01:15:53.0030000,22.88,85.72,102.058
2026-05-23T01:15:54.0930000,22.88,85.75,102.058
2026-05-23T01:15:55.0920000,22.89,85.78,102.058
2026-05-23T01:15:56.1330000,22.89,85.8,102.058
2026-05-23T01:15:57.1730000,22.89,85.81,102.058
2026-05-23T01:15:58.2140000,22.89,85.83,102.058
2026-05-23T01:15:59.2650000,22.89,85.84,102.058
2026-05-23T01:16:00.3060000,22.89,85.86,102.058
2026-05-23T01:16:01.3470000,22.89,85.94,102.059
2026-05-23T01:16:02.3870000,22.89,85.87,102.059
2026-05-23T01:16:03.4280000,22.89,85.86,102.059
2026-05-23T01:16:04.4690000,22.9,85.88,102.06
2026-05-23T01:16:05.5090000,22.9,85.89,102.06
2026-05-23T01:16:06.5610000,22.9,85.89,102.06
2026-05-23T01:16:07.6610000,22.9,85.85,102.06
2026-05-23T01:16:08.6380000,22.9,85.88,102.06
2026-05-23T01:16:09.6790000,22.9,85.87,102.06
2026-05-23T01:16:10.7200000,22.9,85.85,102.06
2026-05-23T01:16:11.7710000,22.9,85.86,102.06
2026-05-23T01:16:12.8120000,22.9,85.87,102.06
2026-05-23T01:16:13.8530000,22.9,85.89,102.059
2026-05-23T01:16:14.8930000,22.9,85.9,102.059
2026-05-23T01:16:15.9340000,22.9,85.95,102.059
2026-05-23T01:16:16.9750000,22.9,85.93,102.059
2026-05-23T01:16:18.0160000,22.91,85.98,102.06
2026-05-23T01:16:19.0670000,22.91,86.01,102.059
2026-05-23T01:16:20.1070000,22.91,86.03,102.059
2026-05-23T01:16:21.1480000,22.91,86.09,102.059
2026-05-23T01:16:22.2000000,22.92,86.14,102.06
2026-05-23T01:16:23.2300000,22.92,86.18,102.059
2026-05-23T01:16:24.2710000,22.92,86.21,102.059
2026-05-23T01:16:25.3110000,22.92,86.24,102.059
2026-05-23T01:16:26.3520000,22.92,86.26,102.059
2026-05-23T01:16:27.4030000,22.92,86.3,102.059
2026-05-23T01:16:28.4440000,22.92,86.34,102.059
2026-05-23T01:16:29.4850000,22.93,86.38,102.059
2026-05-23T01:16:30.5260000,22.93,86.38,102.059
2026-05-23T01:16:31.5670000,22.93,86.44,102.059
2026-05-23T01:16:32.6080000,22.93,86.47,102.059
2026-05-23T01:16:33.6490000,22.93,86.49,102.059
2026-05-23T01:16:34.6890000,22.93,86.5,102.058
2026-05-23T01:16:35.7680000,22.93,86.59,102.058
2026-05-23T01:16:36.7780000,22.94,86.61,102.059
2026-05-23T01:16:37.8190000,22.94,86.62,102.059
2026-05-23T01:16:38.8590000,22.94,86.66,102.059
2026-05-23T01:16:39.9000000,22.94,86.7,102.059
2026-05-23T01:16:40.9510000,22.94,86.72,102.058
2026-05-23T01:16:41.9920000,22.94,86.76,102.058
2026-05-23T01:16:43.0330000,22.94,86.76,102.058
2026-05-23T01:16:44.0730000,22.94,86.81,102.058
2026-05-23T01:16:45.1140000,22.95,86.81,102.058
2026-05-23T01:16:46.1550000,22.95,86.9,102.059
2026-05-23T01:16:47.1960000,22.94,86.9,102.058
2026-05-23T01:16:48.2360000,22.95,86.9,102.058
2026-05-23T01:16:49.3370000,22.95,86.96,102.059
2026-05-23T01:16:50.3250000,22.95,87,102.059
2026-05-23T01:16:51.3650000,22.95,87.02,102.059
2026-05-23T01:16:52.4060000,22.95,87.06,102.06
2026-05-23T01:16:53.4470000,22.95,87.07,102.06
2026-05-23T01:16:54.4980000,22.95,87.12,102.06
2026-05-23T01:16:55.5390000,22.95,87.15,102.06
2026-05-23T01:16:56.5800000,22.95,87.18,102.06
2026-05-23T01:16:57.6200000,22.95,87.2,102.06
2026-05-23T01:16:58.6610000,22.96,87.19,102.06
2026-05-23T01:16:59.7020000,22.96,87.25,102.06
2026-05-23T01:17:00.7430000,22.96,87.29,102.061
2026-05-23T01:17:01.7940000,22.96,87.3,102.061
2026-05-23T01:17:02.9040000,22.96,87.35,102.061
2026-05-23T01:17:03.8750000,22.96,87.4,102.061
2026-05-23T01:17:04.9160000,22.96,87.41,102.06
2026-05-23T01:17:05.9570000,22.96,87.46,102.06
2026-05-23T01:17:06.9970000,22.96,87.47,102.06
2026-05-23T01:17:08.0380000,22.96,87.49,102.06
2026-05-23T01:17:09.0790000,22.96,87.52,102.061
2026-05-23T01:17:10.1300000,22.96,87.57,102.06
2026-05-23T01:17:11.1710000,22.96,87.55,102.061
2026-05-23T01:17:12.2120000,22.96,87.61,102.06
2026-05-23T01:17:13.2530000,22.96,87.64,102.061
2026-05-23T01:17:14.2930000,22.96,87.65,102.061
2026-05-23T01:17:15.3340000,22.96,87.68,102.061
2026-05-23T01:17:16.3750000,22.96,87.72,102.06
2026-05-23T01:17:17.4440000,22.96,87.8,102.06
2026-05-23T01:17:18.4630000,22.96,87.81,102.06
2026-05-23T01:17:19.5040000,22.96,87.81,102.06
2026-05-23T01:17:20.5450000,22.96,87.87,102.059
2026-05-23T01:17:21.5850000,22.96,87.9,102.06
2026-05-23T01:17:22.6270000,22.96,87.9,102.059
2026-05-23T01:17:23.6780000,22.97,87.93,102.06
2026-05-23T01:17:24.7190000,22.96,87.91,102.06
2026-05-23T01:17:25.7600000,22.96,87.98,102.06
2026-05-23T01:17:26.8000000,22.96,88.02,102.061
2026-05-23T01:17:27.8410000,22.96,88.05,102.061
2026-05-23T01:17:28.8820000,22.97,88.04,102.061
2026-05-23T01:17:29.9230000,22.97,88.06,102.061
2026-05-23T01:17:31.0120000,22.97,88.12,102.061
2026-05-23T01:17:32.0110000,22.97,88.13,102.061
2026-05-23T01:17:33.0520000,22.97,88.18,102.061
2026-05-23T01:17:34.0930000,22.97,88.19,102.061
2026-05-23T01:17:35.1340000,22.97,88.23,102.061
2026-05-23T01:17:36.1740000,22.97,88.25,102.061
2026-05-23T01:17:37.2260000,22.97,88.26,102.06
2026-05-23T01:17:38.2660000,22.97,88.25,102.061
2026-05-23T01:17:39.3070000,22.97,88.31,102.061
2026-05-23T01:17:40.3480000,22.97,88.34,102.062
2026-05-23T01:17:41.3890000,22.97,88.34,102.062
2026-05-23T01:17:42.4290000,22.97,88.38,102.062
2026-05-23T01:17:43.4700000,22.97,88.39,102.062
2026-05-23T01:17:44.5810000,22.97,88.48,102.061
2026-05-23T01:17:45.5580000,22.97,88.47,102.062
2026-05-23T01:17:46.5990000,22.97,88.47,102.062
2026-05-23T01:17:47.6400000,22.97,88.47,102.062
2026-05-23T01:17:48.6800000,22.97,88.48,102.062
2026-05-23T01:17:49.7210000,22.97,88.5,102.063
2026-05-23T01:17:50.7730000,22.97,88.49,102.062
2026-05-23T01:17:51.8130000,22.97,88.5,102.062
2026-05-23T01:17:52.8540000,22.96,88.53,102.062
2026-05-23T01:17:53.8950000,22.96,88.5,102.062
2026-05-23T01:17:54.9360000,22.96,88.53,102.062
2026-05-23T01:17:55.9770000,22.96,88.56,102.062
2026-05-23T01:17:57.0170000,22.95,88.58,102.062
2026-05-23T01:17:58.0580000,22.95,88.56,102.062
2026-05-23T01:17:59.1200000,22.95,88.57,102.062
2026-05-23T01:18:00.1500000,22.95,88.57,102.062
2026-05-23T01:18:01.1910000,22.95,88.56,102.063
2026-05-23T01:18:02.2310000,22.94,88.56,102.062
2026-05-23T01:18:03.2720000,22.94,88.58,102.063
2026-05-23T01:18:04.3130000,22.94,88.58,102.063
2026-05-23T01:18:05.3540000,22.94,88.59,102.063
2026-05-23T01:18:06.4050000,22.94,88.66,102.063
2026-05-23T01:18:07.4450000,22.94,88.61,102.063
2026-05-23T01:18:08.4860000,22.94,88.59,102.062
2026-05-23T01:18:09.5270000,22.94,88.64,102.062
2026-05-23T01:18:10.5670000,22.94,88.67,102.062
2026-05-23T01:18:11.6080000,22.94,88.66,102.062
2026-05-23T01:18:12.6910000,22.94,88.69,102.062
2026-05-23T01:18:13.6900000,22.94,88.68,102.062
2026-05-23T01:18:14.7420000,22.93,88.69,102.062
2026-05-23T01:18:15.7820000,22.93,88.69,102.062
2026-05-23T01:18:16.8230000,22.93,88.7,102.062
2026-05-23T01:18:17.8640000,22.93,88.71,102.062
2026-05-23T01:18:18.9050000,22.93,88.71,102.062
2026-05-23T01:18:19.9460000,22.93,88.72,102.063
2026-05-23T01:18:20.9860000,22.93,88.74,102.062
2026-05-23T01:18:22.0270000,22.93,88.75,102.063
2026-05-23T01:18:23.0780000,22.93,88.74,102.063
2026-05-23T01:18:24.1190000,22.93,88.74,102.063
2026-05-23T01:18:25.1600000,22.93,88.76,102.063
2026-05-23T01:18:26.2640000,22.93,88.76,102.063
2026-05-23T01:18:27.2410000,22.93,88.75,102.063
2026-05-23T01:18:28.2820000,22.93,88.74,102.064
2026-05-23T01:18:29.3230000,22.92,88.75,102.064
2026-05-23T01:18:30.3640000,22.92,88.75,102.063
2026-05-23T01:18:31.4150000,22.92,88.75,102.064
2026-05-23T01:18:32.4560000,22.92,88.75,102.065
2026-05-23T01:18:33.4970000,22.92,88.77,102.065
2026-05-23T01:18:34.5370000,22.92,88.81,102.065
2026-05-23T01:18:35.5780000,22.92,88.74,102.064
2026-05-23T01:18:36.6180000,22.92,88.78,102.065
2026-05-23T01:18:37.6590000,22.92,88.75,102.065
2026-05-23T01:18:38.7000000,22.92,88.77,102.065
2026-05-23T01:18:39.7510000,22.92,88.78,102.065
2026-05-23T01:18:40.8030000,22.92,88.8,102.065
2026-05-23T01:18:41.8330000,22.92,88.77,102.065
2026-05-23T01:18:42.8740000,22.92,88.76,102.065
2026-05-23T01:18:43.9140000,22.91,88.77,102.065
2026-05-23T01:18:44.9550000,22.91,88.77,102.065
2026-05-23T01:18:45.9960000,22.91,88.77,102.065
2026-05-23T01:18:47.0370000,22.91,88.77,102.065
2026-05-23T01:18:48.0880000,22.91,88.74,102.064
2026-05-23T01:18:49.1290000,22.91,88.76,102.064
2026-05-23T01:18:50.1700000,22.91,88.79,102.064
2026-05-23T01:18:51.2100000,22.91,88.8,102.064
2026-05-23T01:18:52.2510000,22.91,88.79,102.064
2026-05-23T01:18:53.2920000,22.91,88.79,102.064
2026-05-23T01:18:54.3710000,22.91,88.79,102.064
2026-05-23T01:18:55.3800000,22.91,88.81,102.064
2026-05-23T01:18:56.4210000,22.91,88.81,102.064
2026-05-23T01:18:57.4610000,22.91,88.81,102.064
2026-05-23T01:18:58.5020000,22.92,88.81,102.064
2026-05-23T01:18:59.5430000,22.92,88.81,102.065
2026-05-23T01:19:00.5830000,22.91,88.82,102.064
2026-05-23T01:19:01.6350000,22.91,88.86,102.064
2026-05-23T01:19:02.6760000,22.91,88.84,102.065
2026-05-23T01:19:03.7160000,22.91,88.85,102.065
2026-05-23T01:19:04.7570000,22.91,88.82,102.065
2026-05-23T01:19:05.7980000,22.92,88.82,102.066
2026-05-23T01:19:06.8390000,22.92,88.81,102.066
2026-05-23T01:19:07.9430000,22.92,88.84,102.067
2026-05-23T01:19:08.9210000,22.92,88.87,102.066
2026-05-23T01:19:09.9720000,22.91,88.85,102.067
2026-05-23T01:19:11.0130000,22.92,88.85,102.068
2026-05-23T01:19:12.0530000,22.92,88.86,102.068
2026-05-23T01:19:13.0940000,22.92,88.86,102.068
2026-05-23T01:19:14.1350000,22.91,88.85,102.068
2026-05-23T01:19:15.1750000,22.92,88.86,102.069
2026-05-23T01:19:16.2160000,22.92,88.88,102.068
2026-05-23T01:19:17.2570000,22.92,88.86,102.068
2026-05-23T01:19:18.2980000,22.92,88.87,102.068
2026-05-23T01:19:19.3490000,22.92,88.89,102.067
2026-05-23T01:19:20.3900000,22.92,88.88,102.067
2026-05-23T01:19:21.4300000,22.92,88.89,102.066
2026-05-23T01:19:22.4810000,22.92,88.87,102.066
2026-05-23T01:19:23.5120000,22.91,88.9,102.065
2026-05-23T01:19:24.5530000,22.91,88.89,102.065
2026-05-23T01:19:25.5930000,22.91,88.89,102.065
2026-05-23T01:19:26.6340000,22.92,88.89,102.066
2026-05-23T01:19:27.6850000,22.91,88.9,102.065
2026-05-23T01:19:28.7260000,22.92,88.91,102.065
2026-05-23T01:19:29.7670000,22.92,88.88,102.065
2026-05-23T01:19:30.8080000,22.92,88.95,102.065
2026-05-23T01:19:31.8480000,22.91,88.92,102.064
2026-05-23T01:19:32.8890000,22.91,88.91,102.064
2026-05-23T01:19:33.9300000,22.91,88.94,102.064
2026-05-23T01:19:34.9710000,22.91,88.94,102.064
2026-05-23T01:19:36.0530000,22.91,88.9,102.064
2026-05-23T01:19:37.0630000,22.91,88.9,102.065
2026-05-23T01:19:38.1030000,22.91,88.91,102.065
2026-05-23T01:19:39.1440000,22.91,88.92,102.064
2026-05-23T01:19:40.1850000,22.91,88.9,102.065
2026-05-23T01:19:41.2260000,22.91,88.9,102.065
2026-05-23T01:19:42.2660000,22.91,88.9,102.066
2026-05-23T01:19:43.3070000,22.91,88.85,102.066
2026-05-23T01:19:44.3580000,22.91,88.88,102.066
2026-05-23T01:19:45.3990000,22.91,88.89,102.066
2026-05-23T01:19:46.4400000,22.91,88.91,102.067
2026-05-23T01:19:47.4800000,22.91,88.9,102.066
2026-05-23T01:19:48.5210000,22.91,88.88,102.066
2026-05-23T01:19:49.6250000,22.91,88.86,102.066
2026-05-23T01:19:50.6030000,22.91,88.9,102.065
2026-05-23T01:19:51.6440000,22.91,88.88,102.065
2026-05-23T01:19:52.6950000,22.91,88.85,102.064
2026-05-23T01:19:53.7360000,22.91,88.86,102.064
2026-05-23T01:19:54.7770000,22.91,88.85,102.064
2026-05-23T01:19:55.8180000,22.91,88.84,102.064
2026-05-23T01:19:56.8580000,22.91,88.83,102.064
2026-05-23T01:19:57.8990000,22.91,88.78,102.064
2026-05-23T01:19:58.9400000,22.91,88.79,102.064
2026-05-23T01:19:59.9810000,22.9,88.77,102.064
2026-05-23T01:20:01.0210000,22.9,88.82,102.064
2026-05-23T01:20:02.0730000,22.9,88.8,102.064
2026-05-23T01:20:03.1130000,22.9,88.77,102.064
2026-05-23T01:20:04.1610000,22.89,88.73,102.064
2026-05-23T01:20:05.1910000,22.89,88.71,102.064
2026-05-23T01:20:06.2320000,22.89,88.71,102.065
2026-05-23T01:20:07.2830000,22.89,88.7,102.065
2026-05-23T01:20:08.3240000,22.89,88.7,102.065
2026-05-23T01:20:09.3640000,22.89,88.7,102.066
2026-05-23T01:20:10.4050000,22.89,88.7,102.065
2026-05-23T01:20:11.4460000,22.89,88.68,102.064
2026-05-23T01:20:12.4870000,22.89,88.73,102.065
2026-05-23T01:20:13.5280000,22.89,88.68,102.064
2026-05-23T01:20:14.5690000,22.89,88.66,102.066
2026-05-23T01:20:15.6100000,22.89,88.72,102.065
2026-05-23T01:20:16.6610000,22.89,88.71,102.065
2026-05-23T01:20:17.7330000,22.89,88.67,102.064
2026-05-23T01:20:18.7420000,22.89,88.7,102.064
2026-05-23T01:20:19.7830000,22.89,88.72,102.064
2026-05-23T01:20:20.8240000,22.89,88.74,102.064
2026-05-23T01:20:21.8650000,22.89,88.74,102.063
2026-05-23T01:20:22.9060000,22.9,88.75,102.063
2026-05-23T01:20:23.9460000,22.9,88.76,102.063
2026-05-23T01:20:24.9870000,22.87,88.79,102.058
2026-05-23T01:20:26.0380000,22.88,88.8,102.059
2026-05-23T01:20:27.0790000,22.88,88.79,102.06
2026-05-23T01:20:28.1200000,22.89,88.81,102.061
2026-05-23T01:20:29.1600000,22.89,88.79,102.061
2026-05-23T01:20:30.2010000,22.89,88.82,102.062
2026-05-23T01:20:31.3050000,22.9,88.85,102.061
2026-05-23T01:20:32.2830000,22.9,88.87,102.061
2026-05-23T01:20:33.3230000,22.9,88.88,102.061
2026-05-23T01:20:34.3750000,22.9,88.9,102.062
2026-05-23T01:20:35.4150000,22.9,88.9,102.062
2026-05-23T01:20:36.4560000,22.9,88.91,102.062
2026-05-23T01:20:37.4970000,22.9,88.91,102.062
2026-05-23T01:20:38.5380000,22.91,88.92,102.062
2026-05-23T01:20:39.5790000,22.91,88.93,102.062
2026-05-23T01:20:40.6190000,22.91,88.98,102.062
2026-05-23T01:20:41.6600000,22.91,88.96,102.062
2026-05-23T01:20:42.7010000,22.91,88.98,102.062
2026-05-23T01:20:43.7530000,22.91,88.97,102.061
2026-05-23T01:20:44.7930000,22.91,89,102.061
2026-05-23T01:20:45.8410000,22.91,89.03,102.061
2026-05-23T01:20:46.8710000,22.91,89.04,102.061
2026-05-23T01:20:47.9120000,22.92,89.03,102.061
2026-05-23T01:20:48.9630000,22.92,89.08,102.06
2026-05-23T01:20:50.0040000,22.92,89.08,102.06
2026-05-23T01:20:51.0450000,22.92,89.08,102.06
2026-05-23T01:20:52.0860000,22.92,89.1,102.06
2026-05-23T01:20:53.1260000,22.92,89.07,102.06
2026-05-23T01:20:54.1670000,22.92,89.11,102.06
2026-05-23T01:20:55.2080000,22.91,89.15,102.059
2026-05-23T01:20:56.2590000,22.92,89.12,102.059
2026-05-23T01:20:57.3000000,22.92,89.15,102.059
2026-05-23T01:20:58.3400000,22.92,89.22,102.059
2026-05-23T01:20:59.4130000,22.92,89.16,102.058
2026-05-23T01:21:00.4220000,22.92,89.22,102.059
2026-05-23T01:21:01.4630000,22.92,89.24,102.058
2026-05-23T01:21:02.5040000,22.92,89.25,102.059
2026-05-23T01:21:03.5450000,22.92,89.26,102.058
2026-05-23T01:21:04.5850000,22.92,89.27,102.058
2026-05-23T01:21:05.6370000,22.92,89.29,102.059
2026-05-23T01:21:06.6780000,22.93,89.28,102.059
2026-05-23T01:21:07.7180000,22.92,89.29,102.059
2026-05-23T01:21:08.7590000,22.92,89.32,102.059
2026-05-23T01:21:09.8000000,22.93,89.36,102.06
2026-05-23T01:21:10.8410000,22.93,89.35,102.06
2026-05-23T01:21:11.8820000,22.93,89.36,102.059
2026-05-23T01:21:12.9820000,22.93,89.39,102.058
2026-05-23T01:21:13.9700000,22.93,89.42,102.059
2026-05-23T01:21:15.0110000,22.93,89.42,102.059
2026-05-23T01:21:16.0510000,22.93,89.46,102.059
2026-05-23T01:21:17.0920000,22.93,89.46,102.059
2026-05-23T01:21:18.1330000,22.93,89.47,102.059
2026-05-23T01:21:19.1840000,22.93,89.48,102.059
2026-05-23T01:21:20.2250000,22.93,89.5,102.059
2026-05-23T01:21:21.2660000,22.93,89.52,102.058
2026-05-23T01:21:22.3060000,22.93,89.51,102.058
2026-05-23T01:21:23.3470000,22.93,89.53,102.058
2026-05-23T01:21:24.3880000,22.92,89.51,102.058
2026-05-23T01:21:25.4290000,22.92,89.52,102.058
2026-05-23T01:21:26.4700000,22.92,89.5,102.059
2026-05-23T01:21:27.5210000,22.92,89.49,102.058
2026-05-23T01:21:28.5620000,22.91,89.49,102.057
2026-05-23T01:21:29.6030000,22.91,89.49,102.057
2026-05-23T01:21:30.6430000,22.91,89.49,102.057
2026-05-23T01:21:31.6840000,22.91,89.49,102.057
2026-05-23T01:21:32.7250000,22.91,89.51,102.057
2026-05-23T01:21:33.7660000,22.91,89.52,102.057
2026-05-23T01:21:34.8070000,22.91,89.5,102.057
2026-05-23T01:21:35.8470000,22.91,89.5,102.058
2026-05-23T01:21:36.8990000,22.9,89.49,102.057
2026-05-23T01:21:37.9390000,22.9,89.49,102.058
2026-05-23T01:21:38.9800000,22.9,89.47,102.057
2026-05-23T01:21:40.0210000,22.9,89.49,102.056
2026-05-23T01:21:41.0930000,22.89,89.46,102.056
2026-05-23T01:21:42.1020000,22.89,89.47,102.056
2026-05-23T01:21:43.1430000,22.89,89.46,102.056
2026-05-23T01:21:44.1840000,22.89,89.46,102.055
2026-05-23T01:21:45.2350000,22.89,89.46,102.056
2026-05-23T01:21:46.2750000,22.88,89.46,102.055
2026-05-23T01:21:47.3160000,22.88,89.46,102.055
2026-05-23T01:21:48.3570000,22.88,89.47,102.055
2026-05-23T01:21:49.3980000,22.88,89.46,102.055
2026-05-23T01:21:50.4390000,22.88,89.49,102.055
2026-05-23T01:21:51.4790000,22.88,89.49,102.055
2026-05-23T01:21:52.5210000,22.88,89.49,102.054
2026-05-23T01:21:53.5610000,22.88,89.52,102.054
2026-05-23T01:21:54.6650000,22.89,89.51,102.054
2026-05-23T01:21:55.6530000,22.89,89.51,102.054
2026-05-23T01:21:56.6940000,22.89,89.52,102.054
2026-05-23T01:21:57.7350000,22.89,89.53,102.054
2026-05-23T01:21:58.7760000,22.89,89.53,102.055
2026-05-23T01:21:59.8160000,22.89,89.53,102.054
2026-05-23T01:22:00.8570000,22.89,89.52,102.054
2026-05-23T01:22:01.8980000,22.89,89.54,102.054
2026-05-23T01:22:02.9490000,22.89,89.54,102.054
2026-05-23T01:22:03.9900000,22.89,89.58,102.054
2026-05-23T01:22:05.0300000,22.89,89.54,102.053
2026-05-23T01:22:06.0710000,22.89,89.58,102.054
2026-05-23T01:22:07.1120000,22.88,89.53,102.053
2026-05-23T01:22:08.1520000,22.89,89.57,102.054
2026-05-23T01:22:09.2040000,22.88,89.55,102.054
2026-05-23T01:22:10.2340000,22.88,89.57,102.054
2026-05-23T01:22:11.2850000,22.89,89.59,102.054
2026-05-23T01:22:12.3260000,22.89,89.58,102.054
2026-05-23T01:22:13.3670000,22.89,89.57,102.055
2026-05-23T01:22:14.4070000,22.89,89.6,102.055
2026-05-23T01:22:15.4480000,22.89,89.59,102.055
2026-05-23T01:22:16.4890000,22.89,89.58,102.055
2026-05-23T01:22:17.5300000,22.89,89.6,102.055
2026-05-23T01:22:18.5700000,22.89,89.61,102.055
2026-05-23T01:22:19.6220000,22.89,89.61,102.055
2026-05-23T01:22:20.6630000,22.89,89.58,102.055
2026-05-23T01:22:21.7030000,22.89,89.62,102.055
2026-05-23T01:22:22.7760000,22.89,89.6,102.054
2026-05-23T01:22:23.7850000,22.89,89.6,102.054
2026-05-23T01:22:24.8260000,22.89,89.61,102.054
2026-05-23T01:22:25.8670000,22.89,89.62,102.054
2026-05-23T01:22:26.9080000,22.89,89.61,102.054
2026-05-23T01:22:27.9480000,22.89,89.61,102.054
2026-05-23T01:22:28.9990000,22.89,89.6,102.053
2026-05-23T01:22:30.0400000,22.89,89.62,102.053
2026-05-23T01:22:31.0810000,22.89,89.61,102.053
2026-05-23T01:22:32.1220000,22.89,89.6,102.053
2026-05-23T01:22:33.1620000,22.89,89.62,102.053
2026-05-23T01:22:34.2030000,22.89,89.62,102.053
2026-05-23T01:22:35.2440000,22.89,89.62,102.052
2026-05-23T01:22:36.3480000,22.89,89.61,102.053
2026-05-23T01:22:37.3250000,22.89,89.61,102.053
2026-05-23T01:22:38.3770000,22.89,89.61,102.053
2026-05-23T01:22:39.4180000,22.89,89.6,102.053
2026-05-23T01:22:40.4580000,22.88,89.6,102.052
2026-05-23T01:22:41.4990000,22.88,89.59,102.052
2026-05-23T01:22:42.5400000,22.88,89.6,102.052
2026-05-23T01:22:43.5810000,22.88,89.59,102.052
2026-05-23T01:22:44.6220000,22.88,89.58,102.052
2026-05-23T01:22:45.6630000,22.88,89.57,102.052
2026-05-23T01:22:46.7030000,22.88,89.6,102.052
2026-05-23T01:22:47.7550000,22.88,89.58,102.052
2026-05-23T01:22:48.7950000,22.88,89.57,102.051
2026-05-23T01:22:49.8360000,22.88,89.57,102.051
2026-05-23T01:22:50.8870000,22.88,89.6,102.052
2026-05-23T01:22:51.9170000,22.88,89.6,102.052
2026-05-23T01:22:52.9580000,22.88,89.57,102.052
2026-05-23T01:22:53.9990000,22.88,89.56,102.052
2026-05-23T01:22:55.0400000,22.88,89.56,102.052
2026-05-23T01:22:56.0910000,22.88,89.56,102.052
2026-05-23T01:22:57.1320000,22.88,89.57,102.052
2026-05-23T01:22:58.1720000,22.88,89.54,102.051
2026-05-23T01:22:59.2130000,22.88,89.59,102.051
2026-05-23T01:23:00.2540000,22.88,89.55,102.052
2026-05-23T01:23:01.2950000,22.88,89.6,102.052
2026-05-23T01:23:02.3370000,22.88,89.56,102.052
2026-05-23T01:23:03.3780000,22.88,89.53,102.051
2026-05-23T01:23:04.4540000,22.88,89.53,102.052
2026-05-23T01:23:05.4630000,22.88,89.55,102.052
2026-05-23T01:23:06.5040000,22.88,89.56,102.052
2026-05-23T01:23:07.5450000,22.88,89.54,102.052
2026-05-23T01:23:08.5850000,22.88,89.53,102.052
2026-05-23T01:23:09.6370000,22.88,89.55,102.052
2026-05-23T01:23:10.6770000,22.88,89.53,102.052
2026-05-23T01:23:11.7180000,22.88,89.55,102.052
2026-05-23T01:23:12.7590000,22.88,89.51,102.052
2026-05-23T01:23:13.8000000,22.88,89.51,102.053
2026-05-23T01:23:14.8410000,22.88,89.52,102.052
2026-05-23T01:23:15.8810000,22.88,89.51,102.052
2026-05-23T01:23:16.9220000,22.88,89.52,102.052
2026-05-23T01:23:18.0260000,22.88,89.5,102.053
2026-05-23T01:23:19.0140000,22.88,89.5,102.053
2026-05-23T01:23:20.0550000,22.88,89.51,102.052
2026-05-23T01:23:21.0950000,22.88,89.5,102.052
2026-05-23T01:23:22.1360000,22.88,89.47,102.052
2026-05-23T01:23:23.1770000,22.88,89.46,102.052
2026-05-23T01:23:24.2170000,22.88,89.46,102.052
2026-05-23T01:23:25.2580000,22.88,89.46,102.053
2026-05-23T01:23:26.3100000,22.87,89.44,102.052
2026-05-23T01:23:27.3500000,22.87,89.45,102.052
2026-05-23T01:23:28.3910000,22.87,89.43,102.053
2026-05-23T01:23:29.4320000,22.87,89.46,102.053
2026-05-23T01:23:30.4730000,22.87,89.46,102.053
2026-05-23T01:23:31.5140000,22.88,89.47,102.053
2026-05-23T01:23:32.5650000,22.88,89.51,102.053
2026-05-23T01:23:33.5950000,22.88,89.5,102.053
2026-05-23T01:23:34.6360000,22.88,89.51,102.053
2026-05-23T01:23:35.6870000,22.88,89.53,102.053
2026-05-23T01:23:36.7280000,22.88,89.52,102.053
2026-05-23T01:23:37.7690000,22.88,89.56,102.053
2026-05-23T01:23:38.8100000,22.88,89.55,102.053
2026-05-23T01:23:39.8500000,22.88,89.64,102.053
2026-05-23T01:23:40.8910000,22.88,89.58,102.053
2026-05-23T01:23:41.9320000,22.88,89.6,102.053
2026-05-23T01:23:42.9830000,22.88,89.58,102.053
2026-05-23T01:23:44.0240000,22.88,89.62,102.052
2026-05-23T01:23:45.0640000,22.88,89.6,102.051
2026-05-23T01:23:46.1360000,22.88,89.6,102.051
2026-05-23T01:23:47.1460000,22.89,89.63,102.052
2026-05-23T01:23:48.1860000,22.89,89.65,102.053
2026-05-23T01:23:49.2270000,22.89,89.67,102.052
2026-05-23T01:23:50.2680000,22.89,89.68,102.053
2026-05-23T01:23:51.3190000,22.89,89.68,102.054
2026-05-23T01:23:52.3600000,22.89,89.69,102.054
2026-05-23T01:23:53.4010000,22.89,89.7,102.055
2026-05-23T01:23:54.4420000,22.89,89.73,102.055
2026-05-23T01:23:55.4820000,22.89,89.73,102.056
2026-05-23T01:23:56.5230000,22.89,89.71,102.056
2026-05-23T01:23:57.5640000,22.9,89.75,102.056
2026-05-23T01:23:58.6050000,22.9,89.75,102.056
2026-05-23T01:23:59.7080000,22.9,89.77,102.056
2026-05-23T01:24:00.6970000,22.9,89.78,102.056
2026-05-23T01:24:01.7380000,22.9,89.79,102.055
2026-05-23T01:24:02.7780000,22.9,89.79,102.056
2026-05-23T01:24:03.8190000,22.9,89.8,102.056
2026-05-23T01:24:04.8600000,22.9,89.82,102.056
2026-05-23T01:24:05.9000000,22.9,89.83,102.056
2026-05-23T01:24:06.9410000,22.89,89.85,102.056
2026-05-23T01:24:07.9820000,22.89,89.82,102.056
2026-05-23T01:24:09.0330000,22.89,89.9,102.056
2026-05-23T01:24:10.0740000,22.89,89.85,102.056
2026-05-23T01:24:11.1150000,22.89,89.87,102.056
2026-05-23T01:24:12.1560000,22.89,89.88,102.056
2026-05-23T01:24:13.1960000,22.89,89.9,102.056
2026-05-23T01:24:14.2510000,22.89,89.91,102.055
2026-05-23T01:24:15.2810000,22.89,89.95,102.055
2026-05-23T01:24:16.3220000,22.89,89.95,102.055
2026-05-23T01:24:17.3630000,22.89,89.95,102.055
2026-05-23T01:24:18.4040000,22.89,89.98,102.055
2026-05-23T01:24:19.4440000,22.89,89.98,102.055
2026-05-23T01:24:20.4960000,22.89,89.99,102.056
2026-05-23T01:24:21.5370000,22.89,90.01,102.055
2026-05-23T01:24:22.5770000,22.9,89.98,102.056
2026-05-23T01:24:23.6180000,22.89,90.03,102.057
2026-05-23T01:24:24.6590000,22.89,90.03,102.057
2026-05-23T01:24:25.7000000,22.89,90.01,102.057
2026-05-23T01:24:26.7410000,22.89,90.07,102.058
2026-05-23T01:24:27.8200000,22.89,90.11,102.058
2026-05-23T01:24:28.8290000,22.89,90.08,102.057
2026-05-23T01:24:29.8700000,22.89,90.08,102.057
2026-05-23T01:24:30.9110000,22.9,90.12,102.058
2026-05-23T01:24:31.9510000,22.89,90.12,102.058
2026-05-23T01:24:32.9920000,22.89,90.13,102.057
2026-05-23T01:24:34.0430000,22.89,90.13,102.058
2026-05-23T01:24:35.0840000,22.89,90.18,102.058
2026-05-23T01:24:36.1250000,22.87,90.16,102.054
2026-05-23T01:24:37.1660000,22.88,90.16,102.055
2026-05-23T01:24:38.2060000,22.88,90.22,102.056
2026-05-23T01:24:39.2470000,22.88,90.17,102.056
2026-05-23T01:24:40.2880000,22.88,90.19,102.056
2026-05-23T01:24:41.3920000,22.89,90.25,102.057
2026-05-23T01:24:42.3800000,22.89,90.23,102.056
2026-05-23T01:24:43.4210000,22.89,90.24,102.056
2026-05-23T01:24:44.4620000,22.89,90.25,102.056
2026-05-23T01:24:45.5020000,22.89,90.27,102.056
2026-05-23T01:24:46.5430000,22.89,90.29,102.056
2026-05-23T01:24:47.5840000,22.89,90.3,102.055
2026-05-23T01:24:48.6250000,22.89,90.31,102.055
2026-05-23T01:24:49.6650000,22.89,90.31,102.055
2026-05-23T01:24:50.7060000,22.89,90.38,102.055
2026-05-23T01:24:51.7570000,22.89,90.32,102.055
2026-05-23T01:24:52.7980000,22.89,90.35,102.055
2026-05-23T01:24:53.8390000,22.89,90.37,102.056
2026-05-23T01:24:54.8800000,22.89,90.37,102.056
2026-05-23T01:24:55.9310000,22.89,90.39,102.056
2026-05-23T01:24:56.9610000,22.89,90.4,102.056
2026-05-23T01:24:58.0020000,22.89,90.41,102.055
2026-05-23T01:24:59.0430000,22.89,90.42,102.056
2026-05-23T01:25:00.0840000,22.88,90.42,102.056
2026-05-23T01:25:01.1350000,22.88,90.44,102.056
2026-05-23T01:25:02.1760000,22.88,90.45,102.056
2026-05-23T01:25:03.2170000,22.88,90.46,102.056
2026-05-23T01:25:04.2580000,22.88,90.49,102.056
2026-05-23T01:25:05.2990000,22.88,90.47,102.056
2026-05-23T01:25:06.3390000,22.88,90.48,102.056
2026-05-23T01:25:07.3800000,22.88,90.48,102.056
2026-05-23T01:25:08.4210000,22.88,90.52,102.056
2026-05-23T01:25:09.5000000,22.87,90.51,102.056
2026-05-23T01:25:10.5090000,22.87,90.54,102.056
2026-05-23T01:25:11.5500000,22.87,90.53,102.056
2026-05-23T01:25:12.5910000,22.87,90.55,102.057
2026-05-23T01:25:13.6320000,22.87,90.53,102.058
2026-05-23T01:25:14.6730000,22.86,90.54,102.058
2026-05-23T01:25:15.7130000,22.86,90.57,102.058
2026-05-23T01:25:16.7640000,22.87,90.52,102.058
2026-05-23T01:25:17.8050000,22.86,90.55,102.059
2026-05-23T01:25:18.8460000,22.86,90.6,102.058
2026-05-23T01:25:19.8860000,22.86,90.57,102.058
2026-05-23T01:25:20.9270000,22.86,90.57,102.058
2026-05-23T01:25:21.9680000,22.85,90.58,102.057
2026-05-23T01:25:23.0720000,22.85,90.62,102.055
2026-05-23T01:25:24.0600000,22.85,90.59,102.054
2026-05-23T01:25:25.1010000,22.84,90.61,102.054
2026-05-23T01:25:26.1420000,22.84,90.62,102.054
2026-05-23T01:25:27.1820000,22.84,90.64,102.054
2026-05-23T01:25:28.2230000,22.84,90.64,102.054
2026-05-23T01:25:29.2640000,22.84,90.64,102.056
2026-05-23T01:25:30.3050000,22.84,90.66,102.055
2026-05-23T01:25:31.3460000,22.84,90.64,102.054
2026-05-23T01:25:32.3860000,22.84,90.66,102.053
2026-05-23T01:25:33.4380000,22.84,90.69,102.054
2026-05-23T01:25:34.4780000,22.84,90.68,102.054
2026-05-23T01:25:35.5190000,22.83,90.68,102.054
2026-05-23T01:25:36.5600000,22.83,90.69,102.055
2026-05-23T01:25:37.6150000,22.83,90.72,102.055
2026-05-23T01:25:38.6450000,22.82,90.71,102.054
2026-05-23T01:25:39.6860000,22.82,90.71,102.054
2026-05-23T01:25:40.7260000,22.82,90.72,102.055
2026-05-23T01:25:41.7670000,22.82,90.72,102.055
2026-05-23T01:25:42.8080000,22.82,90.72,102.054
2026-05-23T01:25:43.8490000,22.82,90.73,102.055
2026-05-23T01:25:44.9000000,22.81,90.73,102.055
2026-05-23T01:25:45.9410000,22.81,90.75,102.055
2026-05-23T01:25:46.9820000,22.81,90.77,102.056
2026-05-23T01:25:48.0230000,22.81,90.72,102.056
2026-05-23T01:25:49.0630000,22.81,90.8,102.057
2026-05-23T01:25:50.1040000,22.8,90.76,102.057
2026-05-23T01:25:51.1830000,22.8,90.74,102.057
2026-05-23T01:25:52.1930000,22.8,90.75,102.057
2026-05-23T01:25:53.2340000,22.8,90.78,102.057
2026-05-23T01:25:54.2740000,22.8,90.79,102.057
2026-05-23T01:25:55.3150000,22.8,90.79,102.058
2026-05-23T01:25:56.3560000,22.8,90.79,102.058
2026-05-23T01:25:57.3970000,22.8,90.8,102.058
2026-05-23T01:25:58.4370000,22.79,90.8,102.058
2026-05-23T01:25:59.4880000,22.79,90.8,102.057
2026-05-23T01:26:00.5290000,22.79,90.82,102.057
2026-05-23T01:26:01.5700000,22.79,90.82,102.058
2026-05-23T01:26:02.6110000,22.79,90.79,102.059
2026-05-23T01:26:03.6510000,22.79,90.78,102.059
2026-05-23T01:26:04.7550000,22.78,90.79,102.059
2026-05-23T01:26:05.7330000,22.78,90.79,102.059
2026-05-23T01:26:06.7740000,22.78,90.79,102.058
2026-05-23T01:26:07.8140000,22.78,90.79,102.058
2026-05-23T01:26:08.8660000,22.78,90.78,102.058
2026-05-23T01:26:09.9060000,22.77,90.79,102.057
2026-05-23T01:26:10.9470000,22.77,90.79,102.057
2026-05-23T01:26:11.9880000,22.77,90.78,102.057
2026-05-23T01:26:13.0290000,22.77,90.79,102.057
2026-05-23T01:26:14.0700000,22.77,90.76,102.057
2026-05-23T01:26:15.1100000,22.77,90.77,102.056
2026-05-23T01:26:16.1510000,22.76,90.78,102.056
2026-05-23T01:26:17.2020000,22.76,90.77,102.056
2026-05-23T01:26:18.2430000,22.76,90.76,102.056
2026-05-23T01:26:19.2940000,22.76,90.79,102.056
2026-05-23T01:26:20.3240000,22.76,90.78,102.057
2026-05-23T01:26:21.3650000,22.75,90.77,102.056
2026-05-23T01:26:22.4060000,22.75,90.76,102.056
2026-05-23T01:26:23.4470000,22.75,90.77,102.055
2026-05-23T01:26:24.4870000,22.75,90.76,102.055
2026-05-23T01:26:25.5390000,22.75,90.76,102.055
2026-05-23T01:26:26.5790000,22.75,90.76,102.055
2026-05-23T01:26:27.6200000,22.75,90.73,102.055
2026-05-23T01:26:28.6610000,22.74,90.75,102.054
2026-05-23T01:26:29.7020000,22.74,90.74,102.054
2026-05-23T01:26:30.7420000,22.74,90.78,102.054
2026-05-23T01:26:31.7830000,22.74,90.73,102.053
2026-05-23T01:26:32.8660000,22.74,90.73,102.053
2026-05-23T01:26:33.8750000,22.74,90.75,102.052
2026-05-23T01:26:34.9160000,22.73,90.74,102.052
2026-05-23T01:26:35.9570000,22.73,90.73,102.053
2026-05-23T01:26:36.9980000,22.73,90.73,102.053
2026-05-23T01:26:38.0390000,22.73,90.73,102.053
2026-05-23T01:26:39.0790000,22.73,90.73,102.053
2026-05-23T01:26:40.1200000,22.73,90.74,102.054
2026-05-23T01:26:41.1610000,22.73,90.71,102.054
2026-05-23T01:26:42.2010000,22.72,90.69,102.054
2026-05-23T01:26:43.2530000,22.72,90.71,102.054
2026-05-23T01:26:44.2940000,22.72,90.7,102.054
2026-05-23T01:26:45.3340000,22.72,90.7,102.055
2026-05-23T01:26:46.4380000,22.72,90.69,102.055
2026-05-23T01:26:47.4160000,22.72,90.69,102.055
2026-05-23T01:26:48.4560000,22.71,90.69,102.055
2026-05-23T01:26:49.4970000,22.71,90.7,102.055
2026-05-23T01:26:50.5380000,22.71,90.69,102.055
2026-05-23T01:26:51.5890000,22.71,90.68,102.055
2026-05-23T01:26:52.6300000,22.71,90.68,102.055
2026-05-23T01:26:53.6710000,22.71,90.68,102.056
2026-05-23T01:26:54.7120000,22.71,90.68,102.055
2026-05-23T01:26:55.7530000,22.71,90.67,102.055
2026-05-23T01:26:56.7930000,22.71,90.68,102.055
2026-05-23T01:26:57.8340000,22.71,90.68,102.055
2026-05-23T01:26:58.8750000,22.71,90.68,102.055
2026-05-23T01:26:59.9160000,22.71,90.68,102.054
2026-05-23T01:27:00.9770000,22.71,90.68,102.054
2026-05-23T01:27:02.0070000,22.71,90.67,102.053
2026-05-23T01:27:03.0480000,22.71,90.67,102.053
2026-05-23T01:27:04.0890000,22.71,90.67,102.053
2026-05-23T01:27:05.1300000,22.71,90.67,102.053
2026-05-23T01:27:06.1710000,22.71,90.66,102.052
2026-05-23T01:27:07.2110000,22.71,90.67,102.052
2026-05-23T01:27:08.2520000,22.71,90.69,102.052
2026-05-23T01:27:09.2930000,22.71,90.66,102.052
2026-05-23T01:27:10.3440000,22.71,90.67,102.052
2026-05-23T01:27:11.3850000,22.71,90.67,102.052
2026-05-23T01:27:12.4260000,22.7,90.67,102.052
2026-05-23T01:27:13.4660000,22.71,90.64,102.052
2026-05-23T01:27:14.5490000,22.71,90.6,102.052
2026-05-23T01:27:15.5480000,22.71,90.65,102.052
2026-05-23T01:27:16.5880000,22.71,90.65,102.052
2026-05-23T01:27:17.6290000,22.71,90.65,102.052
2026-05-23T01:27:18.6800000,22.71,90.64,102.052
2026-05-23T01:27:19.7210000,22.71,90.64,102.053
2026-05-23T01:27:20.7620000,22.71,90.63,102.053
2026-05-23T01:27:21.8020000,22.71,90.62,102.054
2026-05-23T01:27:22.8430000,22.71,90.62,102.054
2026-05-23T01:27:23.8840000,22.71,90.6,102.054
2026-05-23T01:27:24.9250000,22.71,90.57,102.053
2026-05-23T01:27:25.9650000,22.71,90.57,102.053
2026-05-23T01:27:27.0060000,22.71,90.62,102.052
2026-05-23T01:27:28.1170000,22.71,90.62,102.052
2026-05-23T01:27:29.0950000,22.71,90.61,102.052
2026-05-23T01:27:30.1360000,22.71,90.61,102.053
2026-05-23T01:27:31.1760000,22.71,90.61,102.052
2026-05-23T01:27:32.2170000,22.71,90.6,102.052
2026-05-23T01:27:33.2580000,22.71,90.61,102.051
2026-05-23T01:27:34.3090000,22.71,90.6,102.051
2026-05-23T01:27:35.3500000,22.71,90.6,102.051
2026-05-23T01:27:36.3910000,22.71,90.58,102.051
2026-05-23T01:27:37.4310000,22.71,90.58,102.051
2026-05-23T01:27:38.4720000,22.71,90.58,102.051
2026-05-23T01:27:39.5130000,22.71,90.58,102.051
2026-05-23T01:27:40.5530000,22.71,90.58,102.05
2026-05-23T01:27:41.5940000,22.71,90.59,102.05
2026-05-23T01:27:42.6590000,22.71,90.63,102.05
2026-05-23T01:27:43.6790000,22.71,90.55,102.05
2026-05-23T01:27:44.7200000,22.71,90.55,102.05
2026-05-23T01:27:45.7600000,22.71,90.55,102.051
2026-05-23T01:27:46.8110000,22.71,90.54,102.051
2026-05-23T01:27:47.8520000,22.71,90.54,102.05
2026-05-23T01:27:48.8930000,22.68,90.54,102.046
2026-05-23T01:27:49.9340000,22.69,90.5,102.048
2026-05-23T01:27:50.9750000,22.69,90.56,102.048
2026-05-23T01:27:52.0150000,22.7,90.51,102.048
2026-05-23T01:27:53.0560000,22.7,90.52,102.049
2026-05-23T01:27:54.0970000,22.7,90.53,102.048
2026-05-23T01:27:55.1380000,22.7,90.53,102.049
2026-05-23T01:27:56.2270000,22.71,90.52,102.049
2026-05-23T01:27:57.2260000,22.7,90.5,102.049
2026-05-23T01:27:58.2670000,22.71,90.49,102.049
2026-05-23T01:27:59.3070000,22.71,90.5,102.049
2026-05-23T01:28:00.3480000,22.71,90.5,102.05
2026-05-23T01:28:01.3990000,22.71,90.49,102.05
2026-05-23T01:28:02.4400000,22.71,90.49,102.051
2026-05-23T01:28:03.4810000,22.71,90.48,102.05
2026-05-23T01:28:04.5220000,22.71,90.47,102.05
2026-05-23T01:28:05.5620000,22.71,90.48,102.05
2026-05-23T01:28:06.6030000,22.71,90.47,102.049
2026-05-23T01:28:07.6440000,22.71,90.46,102.05
2026-05-23T01:28:08.6840000,22.71,90.46,102.049
2026-05-23T01:28:09.7990000,22.71,90.48,102.049
2026-05-23T01:28:10.7760000,22.71,90.45,102.049
2026-05-23T01:28:11.8170000,22.71,90.44,102.05
2026-05-23T01:28:12.8580000,22.71,90.44,102.049
2026-05-23T01:28:13.8990000,22.71,90.43,102.049
2026-05-23T01:28:14.9400000,22.71,90.43,102.049
2026-05-23T01:28:15.9800000,22.71,90.41,102.049
2026-05-23T01:28:17.0210000,22.71,90.41,102.05
2026-05-23T01:28:18.0620000,22.71,90.43,102.05
2026-05-23T01:28:19.1130000,22.71,90.41,102.05
2026-05-23T01:28:20.1540000,22.71,90.39,102.05
2026-05-23T01:28:21.1950000,22.71,90.39,102.05
2026-05-23T01:28:22.2350000,22.71,90.39,102.05
2026-05-23T01:28:23.2760000,22.71,90.43,102.049
2026-05-23T01:28:24.3380000,22.71,90.39,102.049
2026-05-23T01:28:25.3580000,22.71,90.38,102.049
2026-05-23T01:28:26.3980000,22.71,90.38,102.049
2026-05-23T01:28:27.4490000,22.71,90.38,102.049
2026-05-23T01:28:28.4900000,22.71,90.37,102.049
2026-05-23T01:28:29.5310000,22.71,90.37,102.049
2026-05-23T01:28:30.5720000,22.71,90.37,102.049
2026-05-23T01:28:31.6120000,22.72,90.34,102.049
2026-05-23T01:28:32.6530000,22.72,90.36,102.05
2026-05-23T01:28:33.6940000,22.72,90.33,102.05
2026-05-23T01:28:34.7350000,22.72,90.33,102.049
2026-05-23T01:28:35.7760000,22.72,90.36,102.048
2026-05-23T01:28:36.8270000,22.72,90.37,102.048
2026-05-23T01:28:37.9100000,22.72,90.35,102.049
2026-05-23T01:28:38.9090000,22.72,90.33,102.049
2026-05-23T01:28:39.9490000,22.72,90.33,102.049
2026-05-23T01:28:40.9900000,22.72,90.32,102.048
2026-05-23T01:28:42.0310000,22.72,90.31,102.049
2026-05-23T01:28:43.0720000,22.72,90.32,102.049
2026-05-23T01:28:44.1120000,22.72,90.32,102.049
2026-05-23T01:28:45.1530000,22.72,90.31,102.048
2026-05-23T01:28:46.2040000,22.72,90.31,102.049
2026-05-23T01:28:47.2450000,22.72,90.3,102.049
2026-05-23T01:28:48.2860000,22.72,90.3,102.048
2026-05-23T01:28:49.3270000,22.72,90.3,102.048
2026-05-23T01:28:50.3670000,22.72,90.28,102.048
2026-05-23T01:28:51.4080000,22.73,90.28,102.049
2026-05-23T01:28:52.4490000,22.73,90.27,102.05
2026-05-23T01:28:53.5000000,22.73,90.27,102.049
2026-05-23T01:28:54.5410000,22.73,90.28,102.05
2026-05-23T01:28:55.5810000,22.73,90.27,102.05
2026-05-23T01:28:56.6220000,22.73,90.27,102.05
2026-05-23T01:28:57.6630000,22.73,90.25,102.05
2026-05-23T01:28:58.7040000,22.73,90.25,102.05
2026-05-23T01:28:59.7440000,22.73,90.19,102.05
2026-05-23T01:29:00.7850000,22.73,90.24,102.05
2026-05-23T01:29:01.8360000,22.73,90.26,102.05
2026-05-23T01:29:03.9180000,22.74,90.22,102.05
2026-05-23T01:29:04.9590000,22.74,90.23,102.05
2026-05-23T01:29:06.0200000,22.74,90.24,102.05
2026-05-23T01:29:07.0400000,22.74,90.22,102.051
2026-05-23T01:29:08.0810000,22.74,90.23,102.051
2026-05-23T01:29:09.1220000,22.74,90.22,102.05
2026-05-23T01:29:10.1730000,22.74,90.23,102.051
2026-05-23T01:29:11.2140000,22.73,90.21,102.05
2026-05-23T01:29:12.2540000,22.73,90.21,102.05
2026-05-23T01:29:13.2950000,22.73,90.2,102.05
2026-05-23T01:29:14.3360000,22.74,90.24,102.05
2026-05-23T01:29:15.3760000,22.74,90.17,102.05
2026-05-23T01:29:16.4170000,22.74,90.18,102.05
2026-05-23T01:29:17.4580000,22.74,90.19,102.051
2026-05-23T01:29:18.5090000,22.74,90.19,102.052
2026-05-23T01:29:19.5950000,22.74,90.17,102.053
2026-05-23T01:29:20.5830000,22.74,90.18,102.053
2026-05-23T01:29:21.6350000,22.74,90.18,102.053
2026-05-23T01:29:22.6760000,22.74,90.17,102.054
2026-05-23T01:29:23.7160000,22.74,90.16,102.054
2026-05-23T01:29:24.7570000,22.74,90.16,102.054
2026-05-23T01:29:25.7980000,22.74,90.17,102.054
2026-05-23T01:29:26.8390000,22.75,90.14,102.055
2026-05-23T01:29:27.8790000,22.74,90.13,102.055
2026-05-23T01:29:28.9200000,22.75,90.14,102.056
2026-05-23T01:29:29.9720000,22.75,90.15,102.055
2026-05-23T01:29:31.0120000,22.75,90.13,102.055
2026-05-23T01:29:32.0530000,22.75,90.13,102.055
2026-05-23T01:29:33.0940000,22.75,90.09,102.055
2026-05-23T01:29:34.1350000,22.74,90.09,102.054
2026-05-23T01:29:35.1760000,22.74,90.08,102.055
2026-05-23T01:29:36.2160000,22.75,90.08,102.055
2026-05-23T01:29:37.2570000,22.75,90.07,102.055
2026-05-23T01:29:38.2980000,22.75,90.07,102.055
2026-05-23T01:29:39.3490000,22.75,90.05,102.055
2026-05-23T01:29:40.3900000,22.75,90.05,102.055
2026-05-23T01:29:41.4310000,22.75,90.07,102.055
2026-05-23T01:29:42.4710000,22.75,90.03,102.054
2026-05-23T01:29:43.5120000,22.75,90.06,102.054
2026-05-23T01:29:44.5530000,22.75,90.03,102.054
2026-05-23T01:29:45.5930000,22.75,90,102.054
2026-05-23T01:29:46.6440000,22.75,90,102.053
2026-05-23T01:29:47.7060000,22.74,90.01,102.052
2026-05-23T01:29:48.7260000,22.74,89.99,102.051
2026-05-23T01:29:49.7670000,22.74,89.98,102.051
2026-05-23T01:29:50.8070000,22.74,89.97,102.051
2026-05-23T01:29:51.8480000,22.74,89.96,102.051
2026-05-23T01:29:52.8890000,22.74,89.96,102.052
2026-05-23T01:29:53.9300000,22.72,89.94,102.047
2026-05-23T01:29:54.9810000,22.72,89.99,102.048
2026-05-23T01:29:56.0220000,22.73,89.92,102.051
2026-05-23T01:29:57.0630000,22.73,89.95,102.052
2026-05-23T01:29:58.1030000,22.73,89.9,102.052
2026-05-23T01:29:59.1440000,22.73,89.88,102.052
2026-05-23T01:30:00.1850000,22.73,89.87,102.052
2026-05-23T01:30:01.2810000,22.73,89.86,102.051
2026-05-23T01:30:02.2700000,22.73,89.84,102.052
2026-05-23T01:30:03.3100000,22.73,89.82,102.052
2026-05-23T01:30:04.3510000,22.73,89.83,102.052
2026-05-23T01:30:05.3920000,22.73,89.79,102.052
2026-05-23T01:30:06.4430000,22.72,89.77,102.052
2026-05-23T01:30:07.4840000,22.73,89.75,102.052
2026-05-23T01:30:08.5240000,22.73,89.74,102.053
2026-05-23T01:30:09.5650000,22.73,89.73,102.053
2026-05-23T01:30:10.6060000,22.73,89.71,102.053
2026-05-23T01:30:11.6470000,22.73,89.69,102.054
2026-05-23T01:30:12.6880000,22.73,89.68,102.054
2026-05-23T01:30:13.7290000,22.73,89.63,102.053
2026-05-23T01:30:14.7800000,22.73,89.68,102.053
2026-05-23T01:30:15.8210000,22.72,89.64,102.053
2026-05-23T01:30:16.8620000,22.72,89.63,102.053
2026-05-23T01:30:17.9020000,22.72,89.61,102.052
2026-05-23T01:30:18.9430000,22.72,89.58,102.052
2026-05-23T01:30:19.9840000,22.72,89.57,102.052
2026-05-23T01:30:21.0250000,22.72,89.55,102.052
2026-05-23T01:30:22.0650000,22.72,89.54,102.053
2026-05-23T01:30:23.1070000,22.71,89.48,102.052
2026-05-23T01:30:24.1580000,22.71,89.49,102.053
2026-05-23T01:30:25.1980000,22.71,89.48,102.053
2026-05-23T01:30:26.2390000,22.71,89.47,102.053
2026-05-23T01:30:27.2800000,22.71,89.45,102.053
2026-05-23T01:30:28.3210000,22.71,89.43,102.054
2026-05-23T01:30:29.3930000,22.71,89.41,102.054
2026-05-23T01:30:30.4020000,22.71,89.38,102.053
2026-05-23T01:30:31.4530000,22.71,89.37,102.053
2026-05-23T01:30:32.4940000,22.71,89.36,102.053
2026-05-23T01:30:33.5350000,22.71,89.34,102.053
2026-05-23T01:30:34.5760000,22.71,89.31,102.052
2026-05-23T01:30:35.6160000,22.71,89.29,102.052
2026-05-23T01:30:36.6570000,22.71,89.25,102.052
2026-05-23T01:30:37.6980000,22.71,89.26,102.052
2026-05-23T01:30:38.7390000,22.71,89.25,102.052
2026-05-23T01:30:39.7900000,22.71,89.23,102.052
2026-05-23T01:30:40.8310000,22.7,89.21,102.053
2026-05-23T01:30:41.8710000,22.7,89.21,102.053
2026-05-23T01:30:42.9650000,22.7,89.14,102.053
2026-05-23T01:30:43.9530000,22.7,89.12,102.053
2026-05-23T01:30:44.9940000,22.7,89.12,102.053
2026-05-23T01:30:46.0350000,22.7,89.09,102.053
2026-05-23T01:30:47.0750000,22.7,89.08,102.053
2026-05-23T01:30:48.1260000,22.7,89.06,102.053
2026-05-23T01:30:49.1670000,22.7,89.03,102.053
2026-05-23T01:30:50.2080000,22.7,89.02,102.054
2026-05-23T01:30:51.2490000,22.7,89.02,102.053
2026-05-23T01:30:52.2890000,22.7,88.99,102.052
2026-05-23T01:30:53.3300000,22.7,88.96,102.052
2026-05-23T01:30:54.3710000,22.7,88.95,102.052
2026-05-23T01:30:55.4110000,22.7,88.95,102.051
2026-05-23T01:30:56.4630000,22.7,88.91,102.051
2026-05-23T01:30:57.5070000,22.7,88.89,102.05
2026-05-23T01:30:58.5470000,22.7,88.88,102.051
2026-05-23T01:30:59.5880000,22.7,88.87,102.051
2026-05-23T01:31:00.6290000,22.7,88.85,102.051
2026-05-23T01:31:01.6700000,22.7,88.83,102.05
2026-05-23T01:31:02.7100000,22.7,88.8,102.05
2026-05-23T01:31:03.7510000,22.7,88.8,102.05
2026-05-23T01:31:04.7920000,22.7,88.79,102.05
2026-05-23T01:31:05.8330000,22.7,88.76,102.05
2026-05-23T01:31:06.8840000,22.7,88.74,102.05
2026-05-23T01:31:07.9250000,22.7,88.75,102.05
2026-05-23T01:31:08.9650000,22.7,88.7,102.05
2026-05-23T01:31:10.0060000,22.71,88.73,102.05
2026-05-23T01:31:11.0780000,22.71,88.68,102.05
2026-05-23T01:31:12.0880000,22.71,88.66,102.051
2026-05-23T01:31:13.1290000,22.71,88.64,102.05
2026-05-23T01:31:14.1690000,22.71,88.64,102.05
2026-05-23T01:31:15.2210000,22.71,88.63,102.051
2026-05-23T01:31:16.2610000,22.71,88.6,102.05
2026-05-23T01:31:17.3020000,22.71,88.59,102.05
2026-05-23T01:31:18.3430000,22.71,88.53,102.05
2026-05-23T01:31:19.3830000,22.71,88.56,102.049
2026-05-23T01:31:20.4240000,22.71,88.57,102.049
2026-05-23T01:31:21.4650000,22.71,88.52,102.048
2026-05-23T01:31:22.5160000,22.71,88.48,102.048
2026-05-23T01:31:23.5570000,22.71,88.52,102.048
2026-05-23T01:31:24.6500000,22.71,88.51,102.047
2026-05-23T01:31:25.6380000,22.71,88.46,102.047
2026-05-23T01:31:26.6790000,22.71,88.45,102.047
2026-05-23T01:31:27.7200000,22.71,88.43,102.046
2026-05-23T01:31:28.7600000,22.71,88.41,102.046
2026-05-23T01:31:29.8010000,22.72,88.39,102.046
2026-05-23T01:31:30.8520000,22.72,88.38,102.046
2026-05-23T01:31:31.8930000,22.72,88.36,102.047
2026-05-23T01:31:32.9340000,22.72,88.35,102.046
2026-05-23T01:31:33.9750000,22.72,88.34,102.047
2026-05-23T01:31:35.0150000,22.72,88.31,102.045
2026-05-23T01:31:36.0560000,22.72,88.28,102.045
2026-05-23T01:31:37.0970000,22.72,88.27,102.046
2026-05-23T01:31:38.1370000,22.72,88.25,102.046
2026-05-23T01:31:39.1920000,22.72,88.23,102.045
2026-05-23T01:31:40.2220000,22.72,88.21,102.046
2026-05-23T01:31:41.2730000,22.72,88.2,102.046
2026-05-23T01:31:42.3140000,22.72,88.19,102.047
2026-05-23T01:31:43.3550000,22.72,88.17,102.046
2026-05-23T01:31:44.3960000,22.72,88.15,102.046
2026-05-23T01:31:45.4360000,22.72,88.13,102.047
2026-05-23T01:31:46.4770000,22.72,88.12,102.047
2026-05-23T01:31:47.5180000,22.72,88.1,102.047
2026-05-23T01:31:48.5590000,22.72,88.04,102.047
2026-05-23T01:31:49.6100000,22.72,88.07,102.047
2026-05-23T01:31:50.6510000,22.72,88.04,102.047
2026-05-23T01:31:51.6920000,22.72,88,102.046
2026-05-23T01:31:52.7640000,22.72,87.97,102.046
2026-05-23T01:31:53.7730000,22.72,87.95,102.045
2026-05-23T01:31:54.8140000,22.72,87.92,102.044
2026-05-23T01:31:55.8540000,22.72,87.9,102.045
2026-05-23T01:31:56.8950000,22.72,87.89,102.045
2026-05-23T01:31:57.9460000,22.72,87.85,102.045
2026-05-23T01:31:58.9870000,22.72,87.83,102.044
2026-05-23T01:32:00.0280000,22.72,87.8,102.045
2026-05-23T01:32:01.0690000,22.72,87.79,102.044
2026-05-23T01:32:02.1090000,22.72,87.77,102.044
2026-05-23T01:32:03.1500000,22.72,87.73,102.045
2026-05-23T01:32:04.1910000,22.72,87.72,102.044
2026-05-23T01:32:05.2420000,22.72,87.72,102.044
2026-05-23T01:32:06.3350000,22.72,87.61,102.044
2026-05-23T01:32:07.3230000,22.72,87.65,102.042
2026-05-23T01:32:08.3640000,22.72,87.64,102.042
2026-05-23T01:32:09.4050000,22.72,87.62,102.042
2026-05-23T01:32:10.4450000,22.73,87.61,102.043
2026-05-23T01:32:11.4860000,22.73,87.61,102.043
2026-05-23T01:32:12.5270000,22.73,87.6,102.044
2026-05-23T01:32:13.5780000,22.73,87.58,102.044
2026-05-23T01:32:14.6190000,22.73,87.56,102.044
2026-05-23T01:32:15.6600000,22.73,87.53,102.043
2026-05-23T01:32:16.7000000,22.73,87.53,102.044
2026-05-23T01:32:17.7410000,22.73,87.53,102.043
2026-05-23T01:32:18.7820000,22.73,87.53,102.043
2026-05-23T01:32:19.8230000,22.73,87.49,102.043
2026-05-23T01:32:20.8740000,22.73,87.46,102.043
2026-05-23T01:32:21.9150000,22.74,87.45,102.043
2026-05-23T01:32:22.9560000,22.73,87.47,102.042
2026-05-23T01:32:23.9960000,22.74,87.44,102.042
2026-05-23T01:32:25.0370000,22.74,87.4,102.043
2026-05-23T01:32:26.0780000,22.74,87.37,102.043
2026-05-23T01:32:27.1180000,22.74,87.34,102.044
2026-05-23T01:32:28.1590000,22.74,87.29,102.044
2026-05-23T01:32:29.2000000,22.73,87.26,102.044
2026-05-23T01:32:30.2510000,22.73,87.26,102.043
2026-05-23T01:32:31.2920000,22.73,87.23,102.042
2026-05-23T01:32:32.3330000,22.73,87.23,102.042
2026-05-23T01:32:33.3730000,22.74,87.24,102.042
2026-05-23T01:32:34.4460000,22.74,87.25,102.042
2026-05-23T01:32:35.4550000,22.74,87.2,102.042
2026-05-23T01:32:36.4960000,22.74,87.19,102.042
2026-05-23T01:32:37.5360000,22.74,87.19,102.042
2026-05-23T01:32:38.5880000,22.74,87.17,102.043
2026-05-23T01:32:39.6280000,22.75,87.17,102.043
2026-05-23T01:32:40.6690000,22.75,87.17,102.043
2026-05-23T01:32:41.7100000,22.75,87.12,102.043
2026-05-23T01:32:42.7510000,22.75,87.16,102.043
2026-05-23T01:32:43.7920000,22.75,87.18,102.043
2026-05-23T01:32:44.8320000,22.75,87.18,102.043
2026-05-23T01:32:45.8730000,22.75,87.17,102.043
2026-05-23T01:32:46.9240000,22.76,87.18,102.044
2026-05-23T01:32:48.0170000,22.76,87.18,102.044
2026-05-23T01:32:49.0060000,22.76,87.2,102.044
2026-05-23T01:32:50.0460000,22.76,87.2,102.043
2026-05-23T01:32:51.0870000,22.76,87.18,102.043
2026-05-23T01:32:52.1280000,22.76,87.17,102.043
2026-05-23T01:32:53.1690000,22.76,87.17,102.044
2026-05-23T01:32:54.2090000,22.76,87.18,102.044
2026-05-23T01:32:55.2610000,22.76,87.17,102.044
2026-05-23T01:32:56.3010000,22.76,87.17,102.043
2026-05-23T01:32:57.3420000,22.76,87.12,102.044
2026-05-23T01:32:58.3830000,22.76,87.12,102.043
2026-05-23T01:32:59.4240000,22.76,87.16,102.043
2026-05-23T01:33:00.4640000,22.76,87.13,102.042
2026-05-23T01:33:01.5050000,22.76,87.1,102.043
2026-05-23T01:33:02.5600000,22.77,87.18,102.043
2026-05-23T01:33:03.5900000,22.77,87.2,102.043
2026-05-23T01:33:04.6310000,22.77,87.22,102.043
2026-05-23T01:33:05.6720000,22.78,87.23,102.043
2026-05-23T01:33:06.7230000,22.78,87.24,102.043
2026-05-23T01:33:07.7640000,22.78,87.27,102.043
2026-05-23T01:33:08.8050000,22.78,87.28,102.042
2026-05-23T01:33:09.8450000,22.78,87.28,102.042
2026-05-23T01:33:10.8860000,22.79,87.33,102.042
2026-05-23T01:33:11.9270000,22.79,87.34,102.042
2026-05-23T01:33:12.9670000,22.79,87.42,102.042
2026-05-23T01:33:14.0080000,22.79,87.4,102.042
2026-05-23T01:33:15.0600000,22.79,87.41,102.041
2026-05-23T01:33:16.1320000,22.79,87.48,102.042
2026-05-23T01:33:17.1410000,22.8,87.48,102.042
2026-05-23T01:33:18.1820000,22.8,87.52,102.043
2026-05-23T01:33:19.2220000,22.8,87.53,102.043
2026-05-23T01:33:20.2630000,22.8,87.54,102.043
2026-05-23T01:33:21.3040000,22.8,87.56,102.044
2026-05-23T01:33:22.3450000,22.8,87.6,102.044
2026-05-23T01:33:23.3960000,22.81,87.65,102.044
2026-05-23T01:33:24.4370000,22.8,87.64,102.044
2026-05-23T01:33:25.4770000,22.81,87.64,102.045
2026-05-23T01:33:26.5180000,22.81,87.64,102.045
2026-05-23T01:33:27.5590000,22.81,87.69,102.045
2026-05-23T01:33:28.6000000,22.81,87.73,102.044
2026-05-23T01:33:29.7030000,22.81,87.77,102.043
2026-05-23T01:33:30.6920000,22.82,87.81,102.044
2026-05-23T01:33:31.7320000,22.82,87.82,102.043
2026-05-23T01:33:32.7730000,22.82,87.85,102.043
2026-05-23T01:33:33.8140000,22.82,87.87,102.044
2026-05-23T01:33:34.8550000,22.82,87.88,102.043
2026-05-23T01:33:35.8960000,22.82,87.91,102.043
2026-05-23T01:33:36.9360000,22.82,87.94,102.043
2026-05-23T01:33:37.9770000,22.82,87.96,102.043
2026-05-23T01:33:39.0280000,22.83,87.98,102.043
2026-05-23T01:33:40.0690000,22.83,87.99,102.043
2026-05-23T01:33:41.1100000,22.83,88.02,102.044
2026-05-23T01:33:42.1510000,22.83,88.04,102.044
2026-05-23T01:33:43.1920000,22.83,88.08,102.043
2026-05-23T01:33:44.2430000,22.83,88.1,102.043
2026-05-23T01:33:45.2730000,22.83,88.13,102.043
2026-05-23T01:33:46.3140000,22.83,88.16,102.043
2026-05-23T01:33:47.3650000,22.83,88.18,102.043
2026-05-23T01:33:48.4060000,22.83,88.2,102.043
2026-05-23T01:33:49.4470000,22.83,88.22,102.043
2026-05-23T01:33:50.4870000,22.83,88.24,102.043
2026-05-23T01:33:51.5280000,22.84,88.3,102.043
2026-05-23T01:33:52.5690000,22.84,88.31,102.042
2026-05-23T01:33:53.6100000,22.84,88.32,102.042
2026-05-23T01:33:54.6610000,22.84,88.34,102.042
2026-05-23T01:33:55.7020000,22.84,88.35,102.042
2026-05-23T01:33:56.7420000,22.84,88.37,102.042
2026-05-23T01:33:57.8140000,22.85,88.47,102.042
2026-05-23T01:33:58.8240000,22.84,88.44,102.042
2026-05-23T01:33:59.8640000,22.84,88.46,102.042
2026-05-23T01:34:00.9050000,22.85,88.49,102.042
2026-05-23T01:34:01.9560000,22.85,88.51,102.043
2026-05-23T01:34:02.9970000,22.85,88.54,102.043
2026-05-23T01:34:04.0380000,22.85,88.56,102.043
2026-05-23T01:34:05.0790000,22.85,88.56,102.043
2026-05-23T01:34:06.1200000,22.85,88.57,102.043
2026-05-23T01:34:07.1610000,22.85,88.61,102.043
2026-05-23T01:34:08.2010000,22.85,88.66,102.043
2026-05-23T01:34:09.2420000,22.85,88.66,102.043
2026-05-23T01:34:10.2930000,22.85,88.71,102.043
2026-05-23T01:34:11.3860000,22.85,88.7,102.043
2026-05-23T01:34:12.3750000,22.85,88.76,102.043
2026-05-23T01:34:13.4150000,22.85,88.76,102.043
2026-05-23T01:34:14.4560000,22.85,88.78,102.044
2026-05-23T01:34:15.4970000,22.85,88.78,102.044
2026-05-23T01:34:16.5380000,22.85,88.81,102.044
2026-05-23T01:34:17.5780000,22.85,88.85,102.044
2026-05-23T01:34:18.6300000,22.85,88.86,102.044
2026-05-23T01:34:19.6710000,22.85,88.86,102.044
2026-05-23T01:34:20.7110000,22.85,88.9,102.044
2026-05-23T01:34:21.7520000,22.85,88.91,102.044
2026-05-23T01:34:22.7930000,22.86,88.92,102.043
2026-05-23T01:34:23.8330000,22.86,88.96,102.044
2026-05-23T01:34:24.8740000,22.86,88.96,102.044
2026-05-23T01:34:25.9250000,22.85,88.98,102.043
2026-05-23T01:34:26.9660000,22.85,89,102.043
2026-05-23T01:34:28.0070000,22.85,89,102.043
2026-05-23T01:34:29.0470000,22.85,89.02,102.043
2026-05-23T01:34:30.0880000,22.85,89.03,102.044
2026-05-23T01:34:31.1290000,22.85,89.04,102.043
2026-05-23T01:34:32.1700000,22.85,89.05,102.043
2026-05-23T01:34:33.2110000,22.85,89.06,102.043
2026-05-23T01:34:34.2620000,22.85,89.11,102.044
2026-05-23T01:34:35.3030000,22.85,89.08,102.043
2026-05-23T01:34:36.3430000,22.85,89.12,102.044
2026-05-23T01:34:37.3840000,22.85,89.12,102.045
2026-05-23T01:34:38.4250000,22.85,89.07,102.044
2026-05-23T01:34:39.4970000,22.85,89.17,102.044
2026-05-23T01:34:40.5060000,22.84,89.15,102.044
2026-05-23T01:34:41.5470000,22.84,89.14,102.044
2026-05-23T01:34:42.5980000,22.84,89.15,102.043
2026-05-23T01:34:43.6390000,22.84,89.17,102.044
2026-05-23T01:34:44.6800000,22.85,89.18,102.044
2026-05-23T01:34:45.7210000,22.84,89.17,102.043
2026-05-23T01:34:46.7610000,22.85,89.21,102.044
2026-05-23T01:34:47.8020000,22.85,89.25,102.044
2026-05-23T01:34:48.8430000,22.85,89.19,102.045
2026-05-23T01:34:49.8830000,22.85,89.25,102.045
2026-05-23T01:34:50.9350000,22.85,89.25,102.045
2026-05-23T01:34:51.9750000,22.85,89.27,102.045
2026-05-23T01:34:53.0680000,22.85,89.28,102.044
2026-05-23T01:34:54.0570000,22.85,89.31,102.044
2026-05-23T01:34:55.0970000,22.85,89.3,102.044
2026-05-23T01:34:56.1380000,22.85,89.31,102.044
2026-05-23T01:34:57.1790000,22.85,89.32,102.044
2026-05-23T01:34:58.2200000,22.85,89.33,102.045
2026-05-23T01:34:59.2710000,22.85,89.32,102.045
2026-05-23T01:35:00.3120000,22.85,89.34,102.045
2026-05-23T01:35:01.3520000,22.85,89.34,102.045
2026-05-23T01:35:02.3930000,22.85,89.39,102.045
2026-05-23T01:35:03.4340000,22.85,89.37,102.045
2026-05-23T01:35:04.4740000,22.85,89.37,102.045
2026-05-23T01:35:05.5150000,22.85,89.4,102.044
2026-05-23T01:35:06.5560000,22.84,89.35,102.045
2026-05-23T01:35:07.6070000,22.84,89.37,102.044
2026-05-23T01:35:08.6480000,22.84,89.39,102.044
2026-05-23T01:35:09.6890000,22.84,89.4,102.044
2026-05-23T01:35:10.7290000,22.84,89.38,102.044
2026-05-23T01:35:11.7700000,22.84,89.38,102.044
2026-05-23T01:35:12.8110000,22.83,89.39,102.044
2026-05-23T01:35:13.8510000,22.84,89.39,102.044
2026-05-23T01:35:14.8920000,22.83,89.42,102.043
2026-05-23T01:35:15.9430000,22.83,89.38,102.043
2026-05-23T01:35:16.9840000,22.83,89.41,102.043
2026-05-23T01:35:18.0250000,22.83,89.41,102.044
2026-05-23T01:35:19.0660000,22.83,89.45,102.044
2026-05-23T01:35:20.1060000,22.83,89.4,102.044
2026-05-23T01:35:21.1790000,22.83,89.42,102.044
2026-05-23T01:35:22.1880000,22.83,89.4,102.045
2026-05-23T01:35:23.2290000,22.83,89.4,102.045
2026-05-23T01:35:24.2800000,22.82,89.42,102.045
2026-05-23T01:35:25.3210000,22.82,89.42,102.045
2026-05-23T01:35:26.3620000,22.82,89.44,102.045
2026-05-23T01:35:27.4020000,22.83,89.42,102.046
2026-05-23T01:35:28.4430000,22.82,89.44,102.045
2026-05-23T01:35:29.4840000,22.82,89.45,102.046
2026-05-23T01:35:30.5250000,22.82,89.39,102.046
2026-05-23T01:35:31.5650000,22.82,89.42,102.045
2026-05-23T01:35:32.6060000,22.82,89.43,102.044
2026-05-23T01:35:33.6570000,22.82,89.42,102.043
2026-05-23T01:35:34.7500000,22.82,89.49,102.043
2026-05-23T01:35:35.7390000,22.82,89.42,102.043
2026-05-23T01:35:36.7790000,22.82,89.42,102.043
2026-05-23T01:35:37.8200000,22.82,89.41,102.044
2026-05-23T01:35:38.8610000,22.82,89.43,102.044
2026-05-23T01:35:39.9020000,22.81,89.42,102.043
2026-05-23T01:35:40.9420000,22.81,89.42,102.043
2026-05-23T01:35:41.9930000,22.81,89.42,102.043
2026-05-23T01:35:43.0350000,22.81,89.44,102.043
2026-05-23T01:35:44.0750000,22.81,89.41,102.044
2026-05-23T01:35:45.1160000,22.81,89.44,102.044
2026-05-23T01:35:46.1570000,22.81,89.41,102.044
2026-05-23T01:35:47.1980000,22.81,89.41,102.043
2026-05-23T01:35:48.2390000,22.81,89.45,102.044
2026-05-23T01:35:49.2930000,22.81,89.45,102.045
2026-05-23T01:35:50.3240000,22.81,89.44,102.045
2026-05-23T01:35:51.3640000,22.81,89.46,102.044
2026-05-23T01:35:52.4050000,22.81,89.45,102.044
2026-05-23T01:35:53.4460000,22.81,89.45,102.044
2026-05-23T01:35:54.4970000,22.81,89.43,102.045
2026-05-23T01:35:55.5380000,22.81,89.45,102.044
2026-05-23T01:35:56.5790000,22.81,89.48,102.044
2026-05-23T01:35:57.6190000,22.81,89.45,102.044
2026-05-23T01:35:58.6600000,22.81,89.48,102.043
2026-05-23T01:35:59.7010000,22.81,89.48,102.044
2026-05-23T01:36:00.7420000,22.81,89.48,102.043
2026-05-23T01:36:01.7820000,22.81,89.47,102.044
2026-05-23T01:36:02.8650000,22.81,89.5,102.044
2026-05-23T01:36:03.8740000,22.81,89.48,102.044
2026-05-23T01:36:04.9150000,22.81,89.46,102.044
2026-05-23T01:36:05.9560000,22.81,89.45,102.043
2026-05-23T01:36:06.9960000,22.81,89.46,102.044
2026-05-23T01:36:08.0370000,22.81,89.46,102.043
2026-05-23T01:36:09.0780000,22.81,89.46,102.043
2026-05-23T01:36:10.1190000,22.81,89.46,102.043
2026-05-23T01:36:11.1700000,22.81,89.45,102.044
2026-05-23T01:36:12.2110000,22.81,89.48,102.043
2026-05-23T01:36:13.2520000,22.81,89.45,102.043
2026-05-23T01:36:14.2930000,22.8,89.45,102.042
2026-05-23T01:36:15.3330000,22.81,89.45,102.042
2026-05-23T01:36:16.4370000,22.8,89.45,102.042
2026-05-23T01:36:17.4150000,22.8,89.46,102.042
2026-05-23T01:36:18.4560000,22.81,89.44,102.042
2026-05-23T01:36:19.5070000,22.81,89.45,102.042
2026-05-23T01:36:20.5480000,22.81,89.44,102.042
2026-05-23T01:36:21.5880000,22.8,89.43,102.041
2026-05-23T01:36:22.6290000,22.8,89.42,102.042
2026-05-23T01:36:23.6700000,22.8,89.43,102.041
2026-05-23T01:36:24.7110000,22.8,89.42,102.042
2026-05-23T01:36:25.7520000,22.8,89.42,102.042
2026-05-23T01:36:26.7920000,22.8,89.43,102.042
2026-05-23T01:36:27.8330000,22.8,89.44,102.041
2026-05-23T01:36:28.8840000,22.8,89.41,102.041
2026-05-23T01:36:29.9250000,22.8,89.4,102.042
2026-05-23T01:36:30.9830000,22.8,89.4,102.041
2026-05-23T01:36:32.0030000,22.8,89.41,102.041
2026-05-23T01:36:34.0950000,22.8,89.39,102.041
2026-05-23T01:36:35.1360000,22.79,89.39,102.04
2026-05-23T01:36:36.1760000,22.79,89.4,102.04
2026-05-23T01:36:37.2170000,22.79,89.38,102.04
2026-05-23T01:36:38.2580000,22.79,89.31,102.04
2026-05-23T01:36:39.2990000,22.79,89.38,102.04
2026-05-23T01:36:40.3400000,22.79,89.34,102.04
2026-05-23T01:36:41.3800000,22.79,89.38,102.04
2026-05-23T01:36:42.4320000,22.79,89.37,102.041
2026-05-23T01:36:43.4720000,22.79,89.33,102.041
2026-05-23T01:36:44.5550000,22.79,89.33,102.04
2026-05-23T01:36:45.5540000,22.79,89.32,102.039
2026-05-23T01:36:46.5940000,22.79,89.32,102.039
2026-05-23T01:36:47.6350000,22.79,89.31,102.04
2026-05-23T01:36:48.6760000,22.79,89.31,102.04
2026-05-23T01:36:49.7270000,22.79,89.3,102.04
2026-05-23T01:36:50.7680000,22.79,89.31,102.039
2026-05-23T01:36:51.8080000,22.79,89.28,102.039
2026-05-23T01:36:52.8490000,22.79,89.28,102.039
2026-05-23T01:36:53.8900000,22.79,89.25,102.039
2026-05-23T01:36:54.9310000,22.79,89.26,102.04
2026-05-23T01:36:55.9720000,22.79,89.25,102.04
2026-05-23T01:36:57.0120000,22.78,89.21,102.041
2026-05-23T01:36:58.1300000,22.78,89.18,102.041
2026-05-23T01:36:59.0970000,22.78,89.18,102.042
2026-05-23T01:37:00.1480000,22.78,89.17,102.041
2026-05-23T01:37:01.1890000,22.78,89.16,102.041
2026-05-23T01:37:02.2300000,22.78,89.16,102.041
2026-05-23T01:37:03.2710000,22.78,89.19,102.04
2026-05-23T01:37:04.3110000,22.78,89.17,102.04
2026-05-23T01:37:05.3520000,22.78,89.18,102.04
2026-05-23T01:37:06.3930000,22.78,89.17,102.039
2026-05-23T01:37:07.4340000,22.78,89.14,102.039
2026-05-23T01:37:08.4740000,22.78,89.2,102.039
2026-05-23T01:37:09.5260000,22.78,89.18,102.039
2026-05-23T01:37:10.5660000,22.78,89.18,102.039
2026-05-23T01:37:11.6070000,22.78,89.21,102.039
2026-05-23T01:37:12.6720000,22.79,89.19,102.039
2026-05-23T01:37:13.6920000,22.79,89.2,102.039
2026-05-23T01:37:14.7330000,22.79,89.22,102.04
2026-05-23T01:37:15.7730000,22.79,89.23,102.039
2026-05-23T01:37:16.8140000,22.79,89.24,102.04
2026-05-23T01:37:17.8550000,22.79,89.25,102.039
2026-05-23T01:37:18.9060000,22.79,89.26,102.04
2026-05-23T01:37:19.9470000,22.79,89.25,102.04
2026-05-23T01:37:20.9880000,22.79,89.27,102.04
2026-05-23T01:37:22.0280000,22.8,89.3,102.04
2026-05-23T01:37:23.0690000,22.8,89.29,102.04
2026-05-23T01:37:24.1100000,22.8,89.29,102.04
2026-05-23T01:37:25.1510000,22.8,89.33,102.039
2026-05-23T01:37:26.2480000,22.8,89.31,102.039
2026-05-23T01:37:27.2360000,22.8,89.33,102.039
2026-05-23T01:37:28.2770000,22.8,89.33,102.038
2026-05-23T01:37:29.3180000,22.8,89.34,102.039
2026-05-23T01:37:31.4090000,22.8,89.35,102.039
2026-05-23T01:37:32.4500000,22.8,89.38,102.039
2026-05-23T01:37:33.4910000,22.8,89.38,102.038
2026-05-23T01:37:34.5320000,22.8,89.39,102.037
2026-05-23T01:37:35.5720000,22.8,89.39,102.037
2026-05-23T01:37:36.6130000,22.8,89.43,102.037
2026-05-23T01:37:37.6540000,22.8,89.42,102.037
2026-05-23T01:37:38.7050000,22.8,89.43,102.037
2026-05-23T01:37:39.7460000,22.8,89.43,102.037
2026-05-23T01:37:40.7930000,22.81,89.44,102.037
2026-05-23T01:37:41.8240000,22.81,89.46,102.038
2026-05-23T01:37:42.8650000,22.81,89.46,102.037
2026-05-23T01:37:43.9160000,22.81,89.49,102.038
2026-05-23T01:37:44.9570000,22.81,89.51,102.037
2026-05-23T01:37:45.9970000,22.81,89.52,102.038
2026-05-23T01:37:47.0380000,22.81,89.52,102.038
2026-05-23T01:37:48.0790000,22.81,89.57,102.038
2026-05-23T01:37:49.1200000,22.81,89.55,102.037
2026-05-23T01:37:50.1610000,22.81,89.57,102.038
2026-05-23T01:37:51.2010000,22.81,89.57,102.037
2026-05-23T01:37:52.2530000,22.81,89.59,102.037
2026-05-23T01:37:53.2940000,22.81,89.59,102.037
2026-05-23T01:37:54.3660000,22.81,89.6,102.038
2026-05-23T01:37:55.3750000,22.81,89.64,102.037
2026-05-23T01:37:56.4160000,22.81,89.65,102.038
2026-05-23T01:37:57.4570000,22.81,89.66,102.038
2026-05-23T01:37:58.4970000,22.81,89.67,102.038
2026-05-23T01:37:59.5380000,22.81,89.68,102.037
2026-05-23T01:38:00.5890000,22.81,89.69,102.037
2026-05-23T01:38:01.6300000,22.82,89.69,102.037
2026-05-23T01:38:02.6710000,22.82,89.7,102.037
2026-05-23T01:38:03.7110000,22.82,89.72,102.037
2026-05-23T01:38:04.7520000,22.82,89.76,102.037
2026-05-23T01:38:05.7930000,22.82,89.77,102.037
2026-05-23T01:38:06.8340000,22.82,89.76,102.037
2026-05-23T01:38:07.9410000,22.82,89.77,102.036
2026-05-23T01:38:08.9190000,22.82,89.8,102.036
2026-05-23T01:38:09.9590000,22.82,89.82,102.036
2026-05-23T01:38:11.0000000,22.82,89.82,102.036
2026-05-23T01:38:12.0510000,22.82,89.82,102.036
2026-05-23T01:38:13.0930000,22.82,89.84,102.036
2026-05-23T01:38:14.1330000,22.82,89.85,102.036
2026-05-23T01:38:15.1740000,22.82,89.88,102.036
2026-05-23T01:38:16.2150000,22.82,89.9,102.036
2026-05-23T01:38:17.2560000,22.82,89.91,102.036
2026-05-23T01:38:18.2960000,22.82,89.9,102.036
2026-05-23T01:38:19.3370000,22.82,89.92,102.036
2026-05-23T01:38:20.3880000,22.82,89.91,102.036
2026-05-23T01:38:21.4290000,22.82,89.9,102.037
2026-05-23T01:38:22.4840000,22.82,89.91,102.037
2026-05-23T01:38:23.5140000,22.82,89.94,102.037
2026-05-23T01:38:24.5550000,22.82,89.95,102.036
2026-05-23T01:38:25.5950000,22.82,89.94,102.036
2026-05-23T01:38:26.6360000,22.81,89.95,102.035
2026-05-23T01:38:27.6770000,22.81,89.96,102.036
2026-05-23T01:38:28.7170000,22.81,89.96,102.036
2026-05-23T01:38:29.7580000,22.81,89.88,102.036
2026-05-23T01:38:30.7990000,22.81,89.97,102.036
2026-05-23T01:38:31.8500000,22.81,89.95,102.036
2026-05-23T01:38:32.8910000,22.81,89.95,102.037
2026-05-23T01:38:33.9320000,22.81,89.97,102.037
2026-05-23T01:38:34.9730000,22.81,89.95,102.037
2026-05-23T01:38:36.0550000,22.8,89.96,102.037
2026-05-23T01:38:37.0540000,22.8,89.97,102.037
2026-05-23T01:38:38.0950000,22.8,89.96,102.037
2026-05-23T01:38:39.1360000,22.8,89.97,102.037
2026-05-23T01:38:40.1770000,22.8,89.99,102.037
2026-05-23T01:38:41.2280000,22.8,89.98,102.037
2026-05-23T01:38:42.2690000,22.8,90,102.036
2026-05-23T01:38:43.3100000,22.8,90,102.037
2026-05-23T01:38:44.3500000,22.8,90.04,102.037
2026-05-23T01:38:45.3910000,22.8,90.02,102.036
2026-05-23T01:38:46.4320000,22.8,90.02,102.036
2026-05-23T01:38:47.4730000,22.8,90.02,102.036
2026-05-23T01:38:48.5130000,22.8,90.05,102.036
2026-05-23T01:38:49.6310000,22.8,90.04,102.036
2026-05-23T01:38:50.6020000,22.81,90.04,102.036
2026-05-23T01:38:51.6420000,22.81,90.06,102.035
2026-05-23T01:38:52.6830000,22.8,90.06,102.034
2026-05-23T01:38:53.7240000,22.8,90.06,102.034
2026-05-23T01:38:54.7640000,22.8,90.07,102.034
2026-05-23T01:38:55.8160000,22.81,90.07,102.034
2026-05-23T01:38:56.8570000,22.8,90.07,102.034
2026-05-23T01:38:57.8970000,22.8,90.1,102.033
2026-05-23T01:38:58.9380000,22.8,90.02,102.034
2026-05-23T01:38:59.9790000,22.8,90.07,102.035
2026-05-23T01:39:01.0200000,22.8,90.07,102.035
2026-05-23T01:39:02.0600000,22.8,90.1,102.034
2026-05-23T01:39:03.1020000,22.8,90.11,102.034
2026-05-23T01:39:04.1740000,22.8,90.04,102.034
2026-05-23T01:39:05.1930000,22.8,90.08,102.034
2026-05-23T01:39:06.2340000,22.8,90.09,102.033
2026-05-23T01:39:07.2750000,22.8,90.08,102.033
2026-05-23T01:39:08.3160000,22.8,90.08,102.034
2026-05-23T01:39:09.3560000,22.8,90.08,102.033
2026-05-23T01:39:10.3970000,22.79,90.09,102.033
2026-05-23T01:39:11.4380000,22.79,90.03,102.033
2026-05-23T01:39:12.4900000,22.79,90.05,102.034
2026-05-23T01:39:13.5210000,22.79,90.08,102.034
2026-05-23T01:39:14.5730000,22.79,90.06,102.034
2026-05-23T01:39:15.6130000,22.79,90.1,102.034
2026-05-23T01:39:16.6540000,22.79,90.06,102.034
2026-05-23T01:39:17.7440000,22.79,90.04,102.034
2026-05-23T01:39:18.7320000,22.79,90.06,102.034
2026-05-23T01:39:19.7840000,22.79,90.07,102.035
2026-05-23T01:39:20.8240000,22.79,90.06,102.035
2026-05-23T01:39:21.8650000,22.79,90.06,102.034
2026-05-23T01:39:22.9060000,22.79,90.07,102.034
2026-05-23T01:39:23.9470000,22.79,90.07,102.034
2026-05-23T01:39:24.9870000,22.79,90.07,102.034
2026-05-23T01:39:26.0280000,22.79,90.06,102.034
2026-05-23T01:39:27.0690000,22.79,90.07,102.033
2026-05-23T01:39:28.1100000,22.79,90.05,102.033
2026-05-23T01:39:29.1610000,22.79,90.05,102.033
2026-05-23T01:39:30.2020000,22.79,90.07,102.034
2026-05-23T01:39:31.2420000,22.79,90.08,102.034
2026-05-23T01:39:32.2860000,22.79,90.09,102.033
2026-05-23T01:39:33.3270000,22.79,90.06,102.033
2026-05-23T01:39:34.3680000,22.79,90.06,102.034
2026-05-23T01:39:35.4090000,22.79,90.06,102.034
2026-05-23T01:39:36.4490000,22.79,90.06,102.034
2026-05-23T01:39:37.4900000,22.79,90.05,102.034
2026-05-23T01:39:38.5310000,22.79,90.06,102.034
2026-05-23T01:39:39.5820000,22.79,90.07,102.033
2026-05-23T01:39:40.6230000,22.79,90.08,102.034
2026-05-23T01:39:41.6640000,22.79,90.06,102.033
2026-05-23T01:39:42.7040000,22.78,90.08,102.033
2026-05-23T01:39:43.7450000,22.78,90.06,102.033
2026-05-23T01:39:44.7860000,22.79,90.06,102.034
2026-05-23T01:39:45.8580000,22.78,90.03,102.034
2026-05-23T01:39:46.8680000,22.78,90.06,102.034
2026-05-23T01:39:47.9090000,22.78,90.06,102.034
2026-05-23T01:39:48.9600000,22.78,90.05,102.034
2026-05-23T01:39:50.0010000,22.78,90.05,102.034
2026-05-23T01:39:51.0420000,22.78,90.04,102.034
2026-05-23T01:39:52.0820000,22.78,90.06,102.034
2026-05-23T01:39:53.1230000,22.78,90.08,102.034
2026-05-23T01:39:54.1640000,22.78,90.04,102.033
2026-05-23T01:39:55.2040000,22.78,90.05,102.033
2026-05-23T01:39:56.2450000,22.78,90.01,102.034
2026-05-23T01:39:57.2960000,22.78,90.03,102.034
2026-05-23T01:39:58.3370000,22.78,90.05,102.034
2026-05-23T01:39:59.4300000,22.78,90.07,102.033
2026-05-23T01:40:00.4180000,22.78,90.05,102.033
2026-05-23T01:40:01.4590000,22.78,90.04,102.032
2026-05-23T01:40:02.5000000,22.78,90.05,102.032
2026-05-23T01:40:03.5400000,22.78,90.04,102.032
2026-05-23T01:40:04.5920000,22.78,90.03,102.033
2026-05-23T01:40:05.6320000,22.78,90.03,102.033
2026-05-23T01:40:06.6730000,22.78,90.03,102.033
2026-05-23T01:40:07.7140000,22.78,90.02,102.033
2026-05-23T01:40:08.7550000,22.78,90.04,102.033
2026-05-23T01:40:09.7960000,22.78,90.03,102.033
2026-05-23T01:40:10.8370000,22.78,90,102.033
2026-05-23T01:40:11.8770000,22.78,89.98,102.033
2026-05-23T01:40:12.9290000,22.78,89.99,102.033
2026-05-23T01:40:13.9730000,22.78,90,102.034
2026-05-23T01:40:15.0030000,22.77,89.96,102.033
2026-05-23T01:40:16.0540000,22.77,89.95,102.033
2026-05-23T01:40:17.0950000,22.77,89.94,102.033
2026-05-23T01:40:18.1360000,22.77,89.93,102.032
2026-05-23T01:40:19.1770000,22.77,89.94,102.032
2026-05-23T01:40:20.2180000,22.77,89.94,102.032
2026-05-23T01:40:21.2580000,22.77,89.91,102.032
2026-05-23T01:40:22.2990000,22.77,89.96,102.031
2026-05-23T01:40:23.3400000,22.77,89.91,102.032
2026-05-23T01:40:24.3810000,22.77,89.91,102.032
2026-05-23T01:40:25.4320000,22.77,89.93,102.032
2026-05-23T01:40:26.4730000,22.77,89.93,102.032
2026-05-23T01:40:27.5450000,22.77,89.92,102.032
2026-05-23T01:40:28.5540000,22.77,89.94,102.032
2026-05-23T01:40:29.5950000,22.77,89.95,102.033
2026-05-23T01:40:30.6360000,22.77,89.95,102.033
2026-05-23T01:40:31.6760000,22.77,89.96,102.033
2026-05-23T01:40:32.7170000,22.77,89.98,102.034
2026-05-23T01:40:33.7690000,22.77,89.98,102.033
2026-05-23T01:40:34.8090000,22.77,89.98,102.033
2026-05-23T01:40:35.8500000,22.78,89.99,102.033
2026-05-23T01:40:36.8910000,22.78,90.01,102.033
2026-05-23T01:40:37.9320000,22.77,90.01,102.032
2026-05-23T01:40:38.9720000,22.77,90.02,102.032
2026-05-23T01:40:40.0130000,22.78,90.04,102.033
2026-05-23T01:40:41.1170000,22.78,90.11,102.033
2026-05-23T01:40:42.1050000,22.77,90.04,102.032
2026-05-23T01:40:43.1460000,22.78,90.04,102.033
2026-05-23T01:40:44.1870000,22.78,90.05,102.032
2026-05-23T01:40:45.2270000,22.78,90.07,102.032
2026-05-23T01:40:46.2680000,22.78,90.07,102.032
2026-05-23T01:40:47.3090000,22.78,90.07,102.032
2026-05-23T01:40:48.3500000,22.78,90.08,102.032
2026-05-23T01:40:49.3900000,22.78,90.13,102.032
2026-05-23T01:40:50.4420000,22.78,90.13,102.032
2026-05-23T01:40:51.4820000,22.78,90.12,102.032
2026-05-23T01:40:52.5230000,22.78,90.12,102.033
2026-05-23T01:40:53.5640000,22.78,90.15,102.033
2026-05-23T01:40:54.6050000,22.78,90.14,102.033
2026-05-23T01:40:55.6560000,22.78,90.15,102.033
2026-05-23T01:40:56.6860000,22.78,90.17,102.033
2026-05-23T01:40:57.7270000,22.78,90.17,102.033
2026-05-23T01:40:58.7780000,22.78,90.21,102.033
2026-05-23T01:40:59.8190000,22.79,90.2,102.033
2026-05-23T01:41:00.8600000,22.79,90.2,102.033
2026-05-23T01:41:01.9010000,22.79,90.22,102.033
2026-05-23T01:41:02.9420000,22.79,90.17,102.033
2026-05-23T01:41:03.9820000,22.79,90.24,102.033
2026-05-23T01:41:05.0230000,22.79,90.27,102.033
2026-05-23T01:41:06.0640000,22.79,90.25,102.032
2026-05-23T01:41:07.1050000,22.79,90.25,102.033
2026-05-23T01:41:08.1560000,22.79,90.27,102.033
2026-05-23T01:41:09.2280000,22.79,90.27,102.033
2026-05-23T01:41:10.2370000,22.79,90.31,102.032
2026-05-23T01:41:11.2780000,22.79,90.31,102.032
2026-05-23T01:41:12.3190000,22.79,90.32,102.032
2026-05-23T01:41:13.3600000,22.79,90.32,102.032
2026-05-23T01:41:14.4010000,22.79,90.34,102.033
2026-05-23T01:41:15.4410000,22.79,90.35,102.033
2026-05-23T01:41:16.4820000,22.79,90.38,102.032
2026-05-23T01:41:17.5330000,22.79,90.35,102.032
2026-05-23T01:41:18.5740000,22.79,90.35,102.032
2026-05-23T01:41:19.6150000,22.79,90.35,102.033
2026-05-23T01:41:20.6560000,22.79,90.39,102.033
2026-05-23T01:41:21.6970000,22.79,90.46,102.033
2026-05-23T01:41:22.8000000,22.79,90.38,102.034
2026-05-23T01:41:23.7780000,22.79,90.44,102.035
2026-05-23T01:41:24.8190000,22.79,90.43,102.035
2026-05-23T01:41:25.8700000,22.79,90.46,102.035
2026-05-23T01:41:26.9110000,22.79,90.45,102.035
2026-05-23T01:41:27.9520000,22.79,90.49,102.035
2026-05-23T01:41:28.9920000,22.79,90.49,102.035
2026-05-23T01:41:30.0330000,22.79,90.5,102.035
2026-05-23T01:41:31.0740000,22.79,90.56,102.036
2026-05-23T01:41:32.1140000,22.79,90.5,102.035
2026-05-23T01:41:33.1550000,22.79,90.53,102.035
2026-05-23T01:41:34.1960000,22.79,90.51,102.035
2026-05-23T01:41:35.2470000,22.79,90.55,102.034
2026-05-23T01:41:36.2880000,22.79,90.58,102.034
2026-05-23T01:41:37.3430000,22.79,90.58,102.033
2026-05-23T01:41:38.3730000,22.8,90.59,102.033
2026-05-23T01:41:39.4140000,22.8,90.6,102.034
2026-05-23T01:41:40.4550000,22.8,90.63,102.033
2026-05-23T01:41:41.4950000,22.79,90.62,102.032
2026-05-23T01:41:42.5360000,22.8,90.63,102.033
2026-05-23T01:41:43.5770000,22.8,90.64,102.033
2026-05-23T01:41:45.6590000,22.79,90.6,102.033
2026-05-23T01:41:46.6990000,22.8,90.66,102.033
2026-05-23T01:41:47.7510000,22.8,90.65,102.034
2026-05-23T01:41:48.7910000,22.79,90.7,102.033
2026-05-23T01:41:49.8320000,22.79,90.67,102.033
2026-05-23T01:41:50.9150000,22.79,90.64,102.033
2026-05-23T01:41:51.9140000,22.79,90.68,102.033
2026-05-23T01:41:52.9540000,22.79,90.69,102.034
2026-05-23T01:41:53.9950000,22.79,90.69,102.034
2026-05-23T01:41:55.0360000,22.79,90.7,102.034
2026-05-23T01:41:56.0870000,22.79,90.71,102.033
2026-05-23T01:41:57.1280000,22.79,90.7,102.034
2026-05-23T01:41:58.1690000,22.79,90.7,102.035
2026-05-23T01:41:59.2090000,22.79,90.7,102.034
2026-05-23T01:42:00.2500000,22.79,90.75,102.034
2026-05-23T01:42:01.2910000,22.79,90.74,102.033
2026-05-23T01:42:02.3310000,22.79,90.72,102.032
2026-05-23T01:42:03.3720000,22.79,90.74,102.032
2026-05-23T01:42:04.4870000,22.79,90.79,102.033
2026-05-23T01:42:05.4640000,22.79,90.76,102.033
2026-05-23T01:42:06.5050000,22.79,90.76,102.031
2026-05-23T01:42:07.5460000,22.79,90.77,102.031
2026-05-23T01:42:08.5870000,22.79,90.77,102.032
2026-05-23T01:42:09.6280000,22.79,90.79,102.032
2026-05-23T01:42:10.6680000,22.79,90.79,102.032
2026-05-23T01:42:11.7090000,22.79,90.79,102.032
2026-05-23T01:42:12.7600000,22.79,90.82,102.032
2026-05-23T01:42:13.8010000,22.79,90.76,102.032
2026-05-23T01:42:14.8420000,22.79,90.81,102.033
2026-05-23T01:42:15.8830000,22.79,90.81,102.033
2026-05-23T01:42:16.9230000,22.79,90.81,102.033
2026-05-23T01:42:17.9640000,22.79,90.81,102.033
2026-05-23T01:42:19.0290000,22.79,90.83,102.033
2026-05-23T01:42:20.0490000,22.79,90.81,102.033
2026-05-23T01:42:21.0900000,22.79,90.82,102.033
2026-05-23T01:42:22.1310000,22.79,90.83,102.033
2026-05-23T01:42:23.1710000,22.79,90.82,102.033
2026-05-23T01:42:24.2230000,22.79,90.82,102.033
2026-05-23T01:42:25.2630000,22.78,90.8,102.032
2026-05-23T01:42:26.3040000,22.78,90.89,102.033
2026-05-23T01:42:27.3450000,22.78,90.8,102.032
2026-05-23T01:42:28.3860000,22.78,90.82,102.032
2026-05-23T01:42:29.4260000,22.78,90.84,102.032
2026-05-23T01:42:30.4670000,22.78,90.83,102.032
2026-05-23T01:42:31.5080000,22.78,90.84,102.031
2026-05-23T01:42:32.6010000,22.78,90.83,102.032
2026-05-23T01:42:33.6000000,22.78,90.84,102.032
2026-05-23T01:42:34.6410000,22.78,90.83,102.031
2026-05-23T01:42:35.6820000,22.78,90.84,102.031
2026-05-23T01:42:36.7230000,22.78,90.85,102.031
2026-05-23T01:42:37.7630000,22.78,90.83,102.03
2026-05-23T01:42:38.8040000,22.78,90.86,102.031
2026-05-23T01:42:39.8450000,22.78,90.85,102.03
2026-05-23T01:42:40.8860000,22.78,90.83,102.03
2026-05-23T01:42:41.9370000,22.78,90.85,102.03
2026-05-23T01:42:42.9780000,22.77,90.87,102.03
2026-05-23T01:42:44.0180000,22.77,90.85,102.03
2026-05-23T01:42:45.0590000,22.77,90.83,102.03
2026-05-23T01:42:46.1000000,22.77,90.86,102.03
2026-05-23T01:42:47.1410000,22.77,90.86,102.03
2026-05-23T01:42:48.1810000,22.77,90.87,102.031
2026-05-23T01:42:49.2220000,22.77,90.86,102.031
2026-05-23T01:42:50.2630000,22.77,90.86,102.031
2026-05-23T01:42:51.3140000,22.77,90.87,102.031
2026-05-23T01:42:52.3550000,22.77,90.86,102.031
2026-05-23T01:42:53.3960000,22.77,90.86,102.03
2026-05-23T01:42:54.4370000,22.77,90.86,102.03
2026-05-23T01:42:55.4780000,22.77,90.83,102.029
2026-05-23T01:42:56.5180000,22.77,90.82,102.03
2026-05-23T01:42:57.5590000,22.77,90.83,102.03
2026-05-23T01:42:58.6000000,22.77,90.85,102.029
2026-05-23T01:42:59.6410000,22.76,90.83,102.029
2026-05-23T01:43:00.7130000,22.76,90.89,102.029
2026-05-23T01:43:01.7330000,22.76,90.83,102.028
2026-05-23T01:43:02.7740000,22.76,90.79,102.028
2026-05-23T01:43:03.8150000,22.76,90.83,102.029
2026-05-23T01:43:04.8550000,22.76,90.83,102.028
2026-05-23T01:43:05.8960000,22.76,90.84,102.029
2026-05-23T01:43:06.9370000,22.76,90.82,102.029
2026-05-23T01:43:07.9780000,22.76,90.78,102.029
2026-05-23T01:43:09.0290000,22.76,90.81,102.029
2026-05-23T01:43:10.0700000,22.76,90.81,102.029
2026-05-23T01:43:11.1100000,22.76,90.81,102.028
2026-05-23T01:43:12.1510000,22.75,90.84,102.028
2026-05-23T01:43:13.1920000,22.75,90.84,102.028
2026-05-23T01:43:14.2850000,22.75,90.83,102.029
2026-05-23T01:43:15.2730000,22.76,90.82,102.03
2026-05-23T01:43:16.3140000,22.75,90.82,102.029
2026-05-23T01:43:17.3660000,22.75,90.81,102.029
2026-05-23T01:43:18.4060000,22.75,90.81,102.028
2026-05-23T01:43:19.4470000,22.75,90.8,102.028
2026-05-23T01:43:20.4880000,22.75,90.8,102.028
2026-05-23T01:43:21.5290000,22.75,90.8,102.028
2026-05-23T01:43:22.5700000,22.75,90.82,102.029
2026-05-23T01:43:23.6110000,22.75,90.79,102.029
2026-05-23T01:43:24.6520000,22.75,90.82,102.029
2026-05-23T01:43:25.6920000,22.75,90.81,102.028
2026-05-23T01:43:26.7440000,22.75,90.78,102.028
2026-05-23T01:43:27.7840000,22.75,90.8,102.028
2026-05-23T01:43:28.8280000,22.75,90.78,102.028
2026-05-23T01:43:29.8690000,22.75,90.77,102.028
2026-05-23T01:43:30.9100000,22.75,90.78,102.028
2026-05-23T01:43:31.9510000,22.75,90.76,102.028
2026-05-23T01:43:32.9910000,22.75,90.75,102.028
2026-05-23T01:43:34.0320000,22.75,90.77,102.029
2026-05-23T01:43:35.0730000,22.75,90.75,102.028
2026-05-23T01:43:36.1130000,22.75,90.8,102.028
2026-05-23T01:43:37.1650000,22.75,90.76,102.028
2026-05-23T01:43:38.2050000,22.75,90.78,102.028
2026-05-23T01:43:39.2460000,22.75,90.78,102.027
2026-05-23T01:43:40.2870000,22.75,90.76,102.028
2026-05-23T01:43:41.3280000,22.75,90.76,102.029
2026-05-23T01:43:42.4030000,22.75,90.69,102.028
2026-05-23T01:43:43.4130000,22.75,90.74,102.028
2026-05-23T01:43:44.4540000,22.74,90.74,102.027
2026-05-23T01:43:45.4950000,22.75,90.73,102.028
2026-05-23T01:43:46.5360000,22.74,90.74,102.027
2026-05-23T01:43:47.5760000,22.74,90.73,102.028
2026-05-23T01:43:48.6280000,22.74,90.73,102.028
2026-05-23T01:43:49.6680000,22.74,90.68,102.027
2026-05-23T01:43:50.7090000,22.74,90.72,102.028
2026-05-23T01:43:51.7500000,22.74,90.69,102.027
2026-05-23T01:43:52.7910000,22.74,90.67,102.026
2026-05-23T01:43:53.8310000,22.74,90.72,102.027
2026-05-23T01:43:54.8720000,22.74,90.68,102.027
2026-05-23T01:43:55.9760000,22.74,90.68,102.026
2026-05-23T01:43:56.9640000,22.74,90.67,102.026
2026-05-23T01:43:58.0040000,22.74,90.67,102.026
2026-05-23T01:43:59.0450000,22.73,90.67,102.026
2026-05-23T01:44:00.0860000,22.73,90.64,102.026
2026-05-23T01:44:01.1270000,22.73,90.63,102.026
2026-05-23T01:44:02.1670000,22.73,90.61,102.025
2026-05-23T01:44:03.2080000,22.72,90.59,102.025
2026-05-23T01:44:04.2590000,22.72,90.54,102.025
2026-05-23T01:44:05.3000000,22.72,90.55,102.025
2026-05-23T01:44:06.3410000,22.72,90.58,102.026
2026-05-23T01:44:07.3820000,22.72,90.6,102.025
2026-05-23T01:44:08.4230000,22.72,90.58,102.026
2026-05-23T01:44:09.4630000,22.73,90.56,102.026
2026-05-23T01:44:10.5180000,22.73,90.56,102.027
2026-05-23T01:44:11.5480000,22.72,90.57,102.026
2026-05-23T01:44:12.5890000,22.72,90.57,102.026
2026-05-23T01:44:13.6300000,22.72,90.58,102.026
2026-05-23T01:44:14.6710000,22.73,90.59,102.026
2026-05-23T01:44:15.7220000,22.73,90.61,102.025
2026-05-23T01:44:16.7630000,22.73,90.61,102.025
2026-05-23T01:44:17.8040000,22.73,90.63,102.026
2026-05-23T01:44:18.8440000,22.73,90.6,102.026
2026-05-23T01:44:19.8850000,22.73,90.61,102.027
2026-05-23T01:44:20.9260000,22.73,90.64,102.027
2026-05-23T01:44:21.9660000,22.73,90.67,102.028
2026-05-23T01:44:23.0070000,22.73,90.63,102.027
2026-05-23T01:44:24.0930000,22.73,90.61,102.027
2026-05-23T01:44:25.0920000,22.73,90.66,102.028
2026-05-23T01:44:26.1330000,22.73,90.66,102.028
2026-05-23T01:44:27.1840000,22.73,90.64,102.028
2026-05-23T01:44:28.2250000,22.74,90.67,102.029
2026-05-23T01:44:29.2650000,22.74,90.65,102.029
2026-05-23T01:44:30.3060000,22.74,90.67,102.029
2026-05-23T01:44:31.3470000,22.74,90.67,102.029
2026-05-23T01:44:32.3880000,22.74,90.67,102.029
2026-05-23T01:44:33.4290000,22.74,90.68,102.029
2026-05-23T01:44:34.4690000,22.74,90.71,102.03
2026-05-23T01:44:35.5210000,22.74,90.72,102.03
2026-05-23T01:44:36.5610000,22.74,90.7,102.031
2026-05-23T01:44:37.6650000,22.74,90.71,102.032
2026-05-23T01:44:38.6430000,22.74,90.71,102.032
2026-05-23T01:44:39.6840000,22.75,90.69,102.032
2026-05-23T01:44:40.7240000,22.75,90.72,102.032
2026-05-23T01:44:41.7650000,22.75,90.73,102.032
2026-05-23T01:44:42.8060000,22.74,90.73,102.032
2026-05-23T01:44:43.8570000,22.74,90.74,102.032
2026-05-23T01:44:44.8980000,22.74,90.74,102.032
2026-05-23T01:44:45.9390000,22.75,90.74,102.032
2026-05-23T01:44:46.9790000,22.75,90.75,102.032
2026-05-23T01:44:48.0200000,22.75,90.78,102.032
2026-05-23T01:44:49.0610000,22.75,90.76,102.033
2026-05-23T01:44:50.1010000,22.75,90.78,102.033
2026-05-23T01:44:51.1420000,22.75,90.78,102.033
2026-05-23T01:44:52.2070000,22.75,90.81,102.033
2026-05-23T01:44:53.2300000,22.75,90.8,102.032
2026-05-23T01:44:54.2710000,22.75,90.81,102.031
2026-05-23T01:44:55.3110000,22.75,90.82,102.031
2026-05-23T01:44:56.3520000,22.75,90.82,102.031
2026-05-23T01:44:57.3930000,22.76,90.83,102.032
2026-05-23T01:44:58.4440000,22.76,90.84,102.032
2026-05-23T01:44:59.4850000,22.76,90.87,102.031
2026-05-23T01:45:00.5260000,22.76,90.81,102.031
2026-05-23T01:45:01.5670000,22.76,90.83,102.032
2026-05-23T01:45:02.6070000,22.76,90.87,102.032
2026-05-23T01:45:03.6480000,22.76,90.88,102.032
2026-05-23T01:45:04.6890000,22.76,90.89,102.032
2026-05-23T01:45:05.7790000,22.76,90.92,102.032
2026-05-23T01:45:06.7770000,22.75,90.92,102.032
2026-05-23T01:45:07.8180000,22.75,90.91,102.031
2026-05-23T01:45:08.8590000,22.75,90.91,102.031
2026-05-23T01:45:09.9000000,22.75,90.92,102.031
2026-05-23T01:45:10.9400000,22.75,90.92,102.031
2026-05-23T01:45:11.9810000,22.75,90.94,102.032
2026-05-23T01:45:13.0320000,22.75,90.94,102.032
2026-05-23T01:45:14.0730000,22.75,90.96,102.031
2026-05-23T01:45:15.1140000,22.75,90.97,102.031
2026-05-23T01:45:16.1540000,22.76,90.93,102.031
2026-05-23T01:45:17.1950000,22.76,90.97,102.031
2026-05-23T01:45:18.2360000,22.76,90.98,102.031
2026-05-23T01:45:19.2770000,22.76,90.97,102.031
2026-05-23T01:45:20.3210000,22.76,91,102.032
2026-05-23T01:45:21.3620000,22.76,91.01,102.032
2026-05-23T01:45:22.4020000,22.76,91.01,102.032
2026-05-23T01:45:23.4430000,22.76,91.02,102.032
2026-05-23T01:45:24.4940000,22.76,91.02,102.032
2026-05-23T01:45:25.5350000,22.76,91.03,102.032
2026-05-23T01:45:26.5760000,22.76,91.03,102.033
2026-05-23T01:45:27.6170000,22.76,91.03,102.033
2026-05-23T01:45:28.6570000,22.76,91.04,102.033
2026-05-23T01:45:29.6980000,22.76,91.03,102.033
2026-05-23T01:45:30.7390000,22.76,91.03,102.034
2026-05-23T01:45:31.7790000,22.76,91.01,102.033
2026-05-23T01:45:32.8300000,22.76,91.03,102.033
2026-05-23T01:45:33.8960000,22.76,91.01,102.033
2026-05-23T01:45:34.9050000,22.76,91.04,102.033
2026-05-23T01:45:35.9560000,22.76,91.04,102.033
2026-05-23T01:45:36.9970000,22.76,91.04,102.033
2026-05-23T01:45:38.0380000,22.75,91.05,102.032
2026-05-23T01:45:39.0780000,22.76,91.06,102.032
2026-05-23T01:45:40.1190000,22.76,91.07,102.031
2026-05-23T01:45:41.1600000,22.76,91,102.031
2026-05-23T01:45:42.2010000,22.76,91.06,102.031
2026-05-23T01:45:43.2420000,22.76,91.1,102.03
2026-05-23T01:45:44.2930000,22.76,91.09,102.03
2026-05-23T01:45:45.3340000,22.76,91.07,102.029
2026-05-23T01:45:46.3740000,22.76,91.07,102.03
2026-05-23T01:45:47.4680000,22.76,91.16,102.029
2026-05-23T01:45:48.4560000,22.76,91.09,102.028
2026-05-23T01:45:49.4970000,22.76,91.09,102.028
2026-05-23T01:45:50.5380000,22.76,91.09,102.028
2026-05-23T01:45:51.5780000,22.76,91.1,102.027
2026-05-23T01:45:52.6300000,22.76,91.11,102.028
2026-05-23T01:45:53.6700000,22.76,91.1,102.027
2026-05-23T01:45:54.7110000,22.76,91.11,102.027
2026-05-23T01:45:55.7520000,22.76,91.09,102.028
2026-05-23T01:45:56.7930000,22.76,91.16,102.028
2026-05-23T01:45:57.8330000,22.76,91.11,102.028
2026-05-23T01:45:58.8740000,22.76,91.1,102.028
2026-05-23T01:45:59.9150000,22.76,91.09,102.028
2026-05-23T01:46:00.9660000,22.76,91.09,102.027
2026-05-23T01:46:02.0100000,22.76,91.12,102.027
2026-05-23T01:46:03.0400000,22.75,91.12,102.028
2026-05-23T01:46:04.0920000,22.75,91.12,102.027
2026-05-23T01:46:05.1320000,22.75,91.11,102.027
2026-05-23T01:46:06.1730000,22.75,91.11,102.027
2026-05-23T01:46:07.2140000,22.75,91.1,102.028
2026-05-23T01:46:08.2550000,22.75,91.1,102.028
2026-05-23T01:46:09.2960000,22.75,91.06,102.028
2026-05-23T01:46:10.3360000,22.75,91.13,102.028
2026-05-23T01:46:11.3770000,22.75,91.09,102.028
2026-05-23T01:46:12.4280000,22.75,91.12,102.028
2026-05-23T01:46:13.4690000,22.74,91.08,102.027
2026-05-23T01:46:14.5100000,22.75,91.09,102.027
2026-05-23T01:46:15.5820000,22.74,91.08,102.027
2026-05-23T01:46:16.5910000,22.74,91.1,102.027
2026-05-23T01:46:17.6320000,22.74,91.09,102.027
2026-05-23T01:46:18.6730000,22.74,91.09,102.026
2026-05-23T01:46:19.7140000,22.74,91.09,102.027
2026-05-23T01:46:20.7650000,22.73,91.08,102.026
2026-05-23T01:46:21.8050000,22.73,91.08,102.027
2026-05-23T01:46:22.8460000,22.73,91.02,102.026
2026-05-23T01:46:23.8870000,22.73,91.08,102.026
2026-05-23T01:46:24.9270000,22.73,91.04,102.026
2026-05-23T01:46:25.9680000,22.72,91.06,102.025
2026-05-23T01:46:27.0090000,22.72,91.05,102.026
2026-05-23T01:46:28.0500000,22.72,91.08,102.027
2026-05-23T01:46:29.1570000,22.72,91.04,102.027
2026-05-23T01:46:30.1350000,22.72,91.05,102.026
2026-05-23T01:46:31.1860000,22.72,91.05,102.026
2026-05-23T01:46:32.2270000,22.72,91.06,102.026
2026-05-23T01:46:33.2670000,22.72,91.05,102.026
2026-05-23T01:46:34.3080000,22.72,91.05,102.025
2026-05-23T01:46:35.3490000,22.72,91.04,102.025
2026-05-23T01:46:36.3900000,22.72,91.04,102.025
2026-05-23T01:46:37.4310000,22.72,91.06,102.025
2026-05-23T01:46:38.4710000,22.72,91.05,102.026
2026-05-23T01:46:39.5120000,22.72,91.02,102.026
2026-05-23T01:46:40.5630000,22.72,91.02,102.025
2026-05-23T01:46:41.6040000,22.72,91.03,102.025
2026-05-23T01:46:42.6450000,22.72,91.03,102.024
2026-05-23T01:46:43.6990000,22.72,91.01,102.024
2026-05-23T01:46:44.7300000,22.72,91.01,102.024
2026-05-23T01:46:45.7700000,22.72,91.01,102.024
2026-05-23T01:46:46.8110000,22.72,91.02,102.024
2026-05-23T01:46:47.8520000,22.72,91.02,102.024
2026-05-23T01:46:48.8920000,22.72,91.01,102.024
2026-05-23T01:46:49.9330000,22.71,91,102.024
2026-05-23T01:46:50.9850000,22.71,91.04,102.023
2026-05-23T01:46:52.0250000,22.71,91.02,102.023
2026-05-23T01:46:53.0660000,22.71,90.95,102.023
2026-05-23T01:46:54.1070000,22.71,91,102.023
2026-05-23T01:46:55.1480000,22.71,90.97,102.023
2026-05-23T01:46:56.1880000,22.71,91.02,102.024
2026-05-23T01:46:57.2740000,22.71,90.94,102.024
2026-05-23T01:46:58.2730000,22.71,90.96,102.024
2026-05-23T01:46:59.3140000,22.71,90.95,102.024
2026-05-23T01:47:00.3550000,22.71,90.93,102.024
2026-05-23T01:47:01.4060000,22.71,90.93,102.025
2026-05-23T01:47:02.4470000,22.71,90.92,102.024
2026-05-23T01:47:03.4880000,22.71,90.92,102.024
2026-05-23T01:47:04.5290000,22.7,90.91,102.024
2026-05-23T01:47:05.5690000,22.7,90.89,102.024
2026-05-23T01:47:06.6100000,22.7,90.89,102.023
2026-05-23T01:47:07.6510000,22.7,90.89,102.024
2026-05-23T01:47:08.6910000,22.7,90.89,102.025
2026-05-23T01:47:09.7430000,22.7,90.87,102.025
2026-05-23T01:47:10.8500000,22.7,90.87,102.024
2026-05-23T01:47:11.8200000,22.7,90.85,102.025
2026-05-23T01:47:12.8610000,22.7,90.85,102.024
2026-05-23T01:47:13.9020000,22.7,90.85,102.024
2026-05-23T01:47:14.9430000,22.7,90.84,102.024
2026-05-23T01:47:15.9940000,22.7,90.82,102.024
2026-05-23T01:47:17.0350000,22.7,90.82,102.024
2026-05-23T01:47:18.0760000,22.7,90.81,102.025
2026-05-23T01:47:19.1170000,22.7,90.82,102.025
2026-05-23T01:47:20.1570000,22.7,90.82,102.024
2026-05-23T01:47:21.1980000,22.7,90.8,102.024
2026-05-23T01:47:22.2390000,22.69,90.79,102.024
2026-05-23T01:47:23.2790000,22.69,90.74,102.024
2026-05-23T01:47:24.3310000,22.69,90.75,102.023
2026-05-23T01:47:25.3920000,22.69,90.77,102.024
2026-05-23T01:47:26.4120000,22.69,90.75,102.024
2026-05-23T01:47:27.4530000,22.69,90.71,102.024
2026-05-23T01:47:28.4940000,22.69,90.73,102.024
2026-05-23T01:47:29.5340000,22.69,90.73,102.025
2026-05-23T01:47:30.5750000,22.69,90.74,102.024
2026-05-23T01:47:31.6160000,22.69,90.74,102.024
2026-05-23T01:47:32.6670000,22.69,90.81,102.024
2026-05-23T01:47:33.7080000,22.7,90.73,102.024
2026-05-23T01:47:34.7490000,22.7,90.77,102.024
2026-05-23T01:47:35.7900000,22.7,90.77,102.025
2026-05-23T01:47:36.8300000,22.7,90.77,102.025
2026-05-23T01:47:37.8710000,22.7,90.81,102.025
2026-05-23T01:47:38.9640000,22.7,90.79,102.025
2026-05-23T01:47:39.9520000,22.7,90.79,102.025
2026-05-23T01:47:41.0030000,22.71,90.8,102.026
2026-05-23T01:47:42.0440000,22.71,90.8,102.026
2026-05-23T01:47:43.0850000,22.71,90.81,102.026
2026-05-23T01:47:44.1260000,22.7,90.82,102.025
2026-05-23T01:47:45.1660000,22.71,90.83,102.026
2026-05-23T01:47:46.2070000,22.71,90.83,102.026
2026-05-23T01:47:47.2480000,22.71,90.83,102.025
2026-05-23T01:47:48.2890000,22.71,90.85,102.025
2026-05-23T01:47:49.3290000,22.71,90.85,102.025
2026-05-23T01:47:50.3810000,22.71,90.82,102.025
2026-05-23T01:47:51.4220000,22.71,90.86,102.025
2026-05-23T01:47:52.4620000,22.71,90.84,102.025
2026-05-23T01:47:53.5070000,22.71,90.88,102.024
2026-05-23T01:47:54.5470000,22.71,90.86,102.025
2026-05-23T01:47:55.5880000,22.71,90.86,102.025
2026-05-23T01:47:56.6290000,22.71,90.87,102.025
2026-05-23T01:47:57.6690000,22.71,90.87,102.025
2026-05-23T01:47:58.7100000,22.72,90.88,102.026
2026-05-23T01:47:59.7510000,22.72,90.9,102.026
2026-05-23T01:48:00.7910000,22.72,90.87,102.027
2026-05-23T01:48:01.8430000,22.72,90.92,102.026
2026-05-23T01:48:02.8840000,22.72,90.9,102.026
2026-05-23T01:48:03.9250000,22.72,90.91,102.026
2026-05-23T01:48:04.9650000,22.72,90.91,102.026
2026-05-23T01:48:06.0060000,22.72,90.91,102.025
2026-05-23T01:48:07.0780000,22.72,90.96,102.025
2026-05-23T01:48:08.0880000,22.72,90.95,102.025
2026-05-23T01:48:09.1280000,22.72,90.97,102.024
2026-05-23T01:48:10.1800000,22.72,90.95,102.025
2026-05-23T01:48:11.2200000,22.72,90.95,102.025
2026-05-23T01:48:12.2610000,22.72,90.98,102.026
2026-05-23T01:48:13.3020000,22.72,90.94,102.026
2026-05-23T01:48:14.3430000,22.73,90.99,102.026
2026-05-23T01:48:15.3830000,22.73,91,102.026
2026-05-23T01:48:16.4240000,22.73,90.99,102.026
2026-05-23T01:48:17.4650000,22.73,91.01,102.025
2026-05-23T01:48:18.5160000,22.72,91.02,102.026
2026-05-23T01:48:19.5570000,22.72,91.04,102.025
2026-05-23T01:48:20.6530000,22.72,91.03,102.026
2026-05-23T01:48:21.6420000,22.73,91.05,102.027
2026-05-23T01:48:22.6820000,22.73,91.06,102.026
2026-05-23T01:48:23.7230000,22.73,91.09,102.027
2026-05-23T01:48:24.7640000,22.73,91.08,102.027
2026-05-23T01:48:25.8050000,22.73,91.09,102.026
2026-05-23T01:48:26.8460000,22.73,91.1,102.025
2026-05-23T01:48:27.8860000,22.73,91.11,102.025
2026-05-23T01:48:28.9380000,22.73,91.11,102.025
2026-05-23T01:48:29.9780000,22.73,91.1,102.025
2026-05-23T01:48:31.0190000,22.74,91.13,102.025
2026-05-23T01:48:33.1010000,22.74,91.16,102.025
2026-05-23T01:48:34.1410000,22.74,91.13,102.025
2026-05-23T01:48:35.1930000,22.74,91.15,102.025
2026-05-23T01:48:36.2230000,22.74,91.16,102.025
2026-05-23T01:48:37.2740000,22.74,91.17,102.024
2026-05-23T01:48:38.3150000,22.74,91.17,102.025
2026-05-23T01:48:39.3560000,22.74,91.2,102.026
2026-05-23T01:48:40.3960000,22.74,91.2,102.025
2026-05-23T01:48:41.4370000,22.74,91.21,102.025
2026-05-23T01:48:42.4780000,22.74,91.18,102.025
2026-05-23T01:48:43.5190000,22.74,91.18,102.026
2026-05-23T01:48:44.5590000,22.74,91.21,102.025
2026-05-23T01:48:45.6110000,22.74,91.23,102.025
2026-05-23T01:48:46.6510000,22.74,91.25,102.025
2026-05-23T01:48:47.6920000,22.74,91.23,102.025
2026-05-23T01:48:48.7680000,22.74,91.28,102.025
2026-05-23T01:48:49.7770000,22.74,91.25,102.025
2026-05-23T01:48:50.8180000,22.74,91.25,102.025
2026-05-23T01:48:51.8580000,22.74,91.25,102.024
2026-05-23T01:48:52.8990000,22.74,91.26,102.024
2026-05-23T01:48:53.9400000,22.74,91.25,102.024
2026-05-23T01:48:54.9810000,22.74,91.26,102.024
2026-05-23T01:48:56.0320000,22.74,91.3,102.023
2026-05-23T01:48:57.0730000,22.73,91.26,102.023
2026-05-23T01:48:58.1140000,22.73,91.26,102.022
2026-05-23T01:48:59.1540000,22.73,91.26,102.021
2026-05-23T01:49:00.1950000,22.73,91.26,102.022
2026-05-23T01:49:01.2360000,22.73,91.23,102.022
2026-05-23T01:49:02.3400000,22.73,91.23,102.022
2026-05-23T01:49:03.3170000,22.73,91.27,102.021
2026-05-23T01:49:04.3690000,22.72,91.27,102.021
2026-05-23T01:49:05.4090000,22.72,91.25,102.021
2026-05-23T01:49:06.4500000,22.72,91.27,102.02
2026-05-23T01:49:07.4910000,22.72,91.28,102.019
2026-05-23T01:49:08.5310000,22.72,91.3,102.02
2026-05-23T01:49:09.5720000,22.72,91.29,102.02
2026-05-23T01:49:10.6130000,22.72,91.31,102.02
2026-05-23T01:49:11.6530000,22.72,91.3,102.02
2026-05-23T01:49:12.7050000,22.72,91.3,102.02
2026-05-23T01:49:13.7460000,22.72,91.3,102.021
2026-05-23T01:49:14.7870000,22.72,91.3,102.02
2026-05-23T01:49:15.8270000,22.72,91.3,102.02
2026-05-23T01:49:16.8820000,22.72,91.3,102.02
2026-05-23T01:49:17.9120000,22.72,91.3,102.02
2026-05-23T01:49:18.9530000,22.72,91.3,102.02
2026-05-23T01:49:19.9940000,22.72,91.3,102.019
2026-05-23T01:49:21.0350000,22.72,91.29,102.019
2026-05-23T01:49:22.0750000,22.72,91.31,102.019
2026-05-23T01:49:23.1160000,22.73,91.31,102.02
2026-05-23T01:49:24.1670000,22.73,91.31,102.02
2026-05-23T01:49:25.2080000,22.72,91.3,102.019
2026-05-23T01:49:26.2490000,22.72,91.31,102.019
2026-05-23T01:49:27.2890000,22.72,91.31,102.019
2026-05-23T01:49:28.3300000,22.72,91.34,102.02
2026-05-23T01:49:29.3710000,22.72,91.32,102.02
2026-05-23T01:49:30.4540000,22.72,91.31,102.019
2026-05-23T01:49:31.4520000,22.72,91.31,102.018
2026-05-23T01:49:32.5030000,22.72,91.29,102.018
2026-05-23T01:49:33.5440000,22.72,91.3,102.018
2026-05-23T01:49:34.5850000,22.72,91.29,102.017
2026-05-23T01:49:35.6260000,22.72,91.29,102.017
2026-05-23T01:49:36.6660000,22.71,91.3,102.017
2026-05-23T01:49:37.7070000,22.71,91.3,102.017
2026-05-23T01:49:38.7480000,22.71,91.28,102.018
2026-05-23T01:49:39.7890000,22.71,91.31,102.017
2026-05-23T01:49:40.8400000,22.71,91.29,102.017
2026-05-23T01:49:41.8810000,22.71,91.28,102.016
2026-05-23T01:49:42.9210000,22.71,91.29,102.016
2026-05-23T01:49:44.0290000,22.7,91.24,102.016
2026-05-23T01:49:45.0070000,22.7,91.27,102.016
2026-05-23T01:49:46.0480000,22.7,91.27,102.015
2026-05-23T01:49:47.0880000,22.7,91.25,102.016
2026-05-23T01:49:48.1290000,22.7,91.26,102.016
2026-05-23T01:49:49.1700000,22.7,91.26,102.015
2026-05-23T01:49:50.2110000,22.7,91.26,102.015
2026-05-23T01:49:51.2620000,22.7,91.25,102.015
2026-05-23T01:49:52.3030000,22.7,91.26,102.015
2026-05-23T01:49:53.3430000,22.7,91.26,102.015
2026-05-23T01:49:54.3840000,22.7,91.23,102.015
2026-05-23T01:49:55.4250000,22.7,91.21,102.015
2026-05-23T01:49:56.4660000,22.69,91.26,102.014
2026-05-23T01:49:57.5060000,22.69,91.21,102.014
2026-05-23T01:49:58.5710000,22.68,91.24,102.013
2026-05-23T01:49:59.5910000,22.68,91.19,102.013
2026-05-23T01:50:00.6320000,22.68,91.18,102.013
2026-05-23T01:50:01.6730000,22.68,91.17,102.012
2026-05-23T01:50:02.7240000,22.68,91.15,102.012
2026-05-23T01:50:03.7650000,22.68,91.17,102.013
2026-05-23T01:50:04.8050000,22.68,91.17,102.012
2026-05-23T01:50:05.8460000,22.68,91.19,102.012
2026-05-23T01:50:06.8870000,22.68,91.15,102.012
2026-05-23T01:50:07.9280000,22.68,91.18,102.012
2026-05-23T01:50:08.9690000,22.68,91.15,102.011
2026-05-23T01:50:10.0090000,22.67,91.15,102.012
2026-05-23T01:50:11.0610000,22.67,91.18,102.012
2026-05-23T01:50:12.1470000,22.68,91.14,102.012
2026-05-23T01:50:13.1350000,22.68,91.15,102.012
2026-05-23T01:50:14.1860000,22.68,91.15,102.012
2026-05-23T01:50:15.2270000,22.68,91.15,102.012
2026-05-23T01:50:16.2680000,22.68,91.14,102.012
2026-05-23T01:50:17.3080000,22.68,91.14,102.011
2026-05-23T01:50:18.3490000,22.68,91.15,102.012
2026-05-23T01:50:19.3900000,22.68,91.15,102.012
2026-05-23T01:50:20.4310000,22.68,91.1,102.012
2026-05-23T01:50:21.4710000,22.67,91.15,102.012
2026-05-23T01:50:22.5230000,22.68,91.12,102.012
2026-05-23T01:50:23.5640000,22.67,91.16,102.012
2026-05-23T01:50:24.6050000,22.68,91.11,102.013
2026-05-23T01:50:25.6450000,22.68,91.14,102.012
2026-05-23T01:50:26.6930000,22.68,91.13,102.011
2026-05-23T01:50:27.7240000,22.68,91.12,102.01
2026-05-23T01:50:28.7750000,22.68,91.12,102.011
2026-05-23T01:50:29.8160000,22.68,91.11,102.011
2026-05-23T01:50:30.8560000,22.68,91.11,102.011
2026-05-23T01:50:31.8970000,22.68,91.11,102.011
2026-05-23T01:50:32.9380000,22.68,91.11,102.011
2026-05-23T01:50:33.9790000,22.68,91.1,102.011
2026-05-23T01:50:35.0200000,22.68,91.11,102.01
2026-05-23T01:50:36.0610000,22.68,91.12,102.01
2026-05-23T01:50:37.1120000,22.68,91.1,102.01
2026-05-23T01:50:38.1530000,22.68,91.08,102.01
2026-05-23T01:50:39.1930000,22.68,91.06,102.011
2026-05-23T01:50:40.2660000,22.68,91.07,102.011
2026-05-23T01:50:41.2750000,22.68,91.06,102.011
2026-05-23T01:50:42.3160000,22.68,91.05,102.011
2026-05-23T01:50:43.3560000,22.68,91.06,102.01
2026-05-23T01:50:44.3970000,22.68,91.05,102.01
2026-05-23T01:50:45.4480000,22.68,91.07,102.011
2026-05-23T01:50:46.4890000,22.67,91.04,102.011
2026-05-23T01:50:47.5300000,22.67,91.04,102.011
2026-05-23T01:50:48.5700000,22.67,91,102.012
2026-05-23T01:50:49.6110000,22.67,91,102.012
2026-05-23T01:50:50.6520000,22.67,90.98,102.011
2026-05-23T01:50:51.6930000,22.67,90.97,102.011
2026-05-23T01:50:52.7330000,22.67,90.99,102.011
2026-05-23T01:50:53.8410000,22.67,90.96,102.01
2026-05-23T01:50:54.8190000,22.67,90.99,102.01
2026-05-23T01:50:55.8590000,22.67,91,102.011
2026-05-23T01:50:56.9110000,22.67,91,102.011
2026-05-23T01:50:57.9520000,22.67,91,102.011
2026-05-23T01:50:58.9920000,22.67,91.01,102.011
2026-05-23T01:51:00.0330000,22.68,91.01,102.011
2026-05-23T01:51:01.0740000,22.68,91.01,102.012
2026-05-23T01:51:02.1150000,22.68,91.01,102.012
2026-05-23T01:51:03.1550000,22.68,91.02,102.012
2026-05-23T01:51:04.1960000,22.68,91.03,102.012
2026-05-23T01:51:05.2470000,22.68,91.04,102.012
2026-05-23T01:51:06.2880000,22.68,91.03,102.012
2026-05-23T01:51:07.3290000,22.69,91.01,102.012
2026-05-23T01:51:08.3870000,22.69,91.07,102.012
2026-05-23T01:51:09.4070000,22.69,91.06,102.011
2026-05-23T01:51:10.4580000,22.69,91.07,102.012
2026-05-23T01:51:11.4980000,22.69,91.06,102.012
2026-05-23T01:51:12.5390000,22.69,91.07,102.011
2026-05-23T01:51:13.5800000,22.69,91.07,102.012
2026-05-23T01:51:14.6210000,22.69,91.07,102.012
2026-05-23T01:51:15.6610000,22.69,91.04,102.012
2026-05-23T01:51:16.7020000,22.69,91.05,102.012
2026-05-23T01:51:17.7430000,22.69,91.1,102.012
2026-05-23T01:51:18.7940000,22.69,91.08,102.011
2026-05-23T01:51:19.8350000,22.69,91.1,102.011
2026-05-23T01:51:20.8760000,22.69,91.09,102.012
2026-05-23T01:51:21.9620000,22.69,91.06,102.012
2026-05-23T01:51:22.9610000,22.69,91.09,102.012
2026-05-23T01:51:24.0020000,22.69,91.11,102.012
2026-05-23T01:51:25.0430000,22.7,91.11,102.013
2026-05-23T01:51:26.0830000,22.7,91.11,102.012
2026-05-23T01:51:27.1240000,22.7,91.12,102.012
2026-05-23T01:51:28.1650000,22.7,91.12,102.012
2026-05-23T01:51:29.2050000,22.7,91.13,102.012
2026-05-23T01:51:30.2570000,22.7,91.1,102.012
2026-05-23T01:51:31.2970000,22.7,91.12,102.012
2026-05-23T01:51:32.3380000,22.7,91.12,102.012
2026-05-23T01:51:33.3790000,22.7,91.16,102.012
2026-05-23T01:51:34.4190000,22.7,91.18,102.012
2026-05-23T01:51:35.4600000,22.7,91.19,102.012
2026-05-23T01:51:36.5040000,22.7,91.2,102.012
2026-05-23T01:51:37.5450000,22.7,91.19,102.012
2026-05-23T01:51:38.5860000,22.7,91.19,102.012
2026-05-23T01:51:39.6260000,22.7,91.21,102.011
2026-05-23T01:51:40.6670000,22.71,91.2,102.011
2026-05-23T01:51:41.7180000,22.71,91.22,102.011
2026-05-23T01:51:42.7590000,22.71,91.24,102.011
2026-05-23T01:51:43.8000000,22.71,91.21,102.012
2026-05-23T01:51:44.8410000,22.71,91.21,102.012
2026-05-23T01:51:45.8820000,22.71,91.25,102.012
2026-05-23T01:51:46.9220000,22.71,91.26,102.011
2026-05-23T01:51:47.9630000,22.71,91.29,102.012
2026-05-23T01:51:49.0040000,22.71,91.28,102.012
2026-05-23T01:51:50.0800000,22.71,91.29,102.01
2026-05-23T01:51:51.0890000,22.71,91.29,102.01
2026-05-23T01:51:52.1300000,22.71,91.3,102.011
2026-05-23T01:51:53.1810000,22.71,91.31,102.01
2026-05-23T01:51:54.2210000,22.71,91.31,102.01
2026-05-23T01:51:55.2620000,22.71,91.31,102.009
2026-05-23T01:51:56.3030000,22.71,91.32,102.009
2026-05-23T01:51:57.3440000,22.71,91.3,102.009
2026-05-23T01:51:58.3840000,22.72,91.34,102.009
2026-05-23T01:51:59.4250000,22.72,91.32,102.01
2026-05-23T01:52:00.4660000,22.72,91.35,102.011
2026-05-23T01:52:01.5170000,22.72,91.37,102.01
2026-05-23T01:52:02.5580000,22.72,91.37,102.01
2026-05-23T01:52:03.6550000,22.72,91.39,102.01
2026-05-23T01:52:04.6430000,22.72,91.38,102.01
2026-05-23T01:52:05.6840000,22.72,91.38,102.011
2026-05-23T01:52:06.7240000,22.72,91.41,102.011
2026-05-23T01:52:07.7650000,22.72,91.41,102.011
2026-05-23T01:52:08.8060000,22.72,91.43,102.011
2026-05-23T01:52:09.8470000,22.72,91.42,102.012
2026-05-23T01:52:10.8880000,22.72,91.42,102.012
2026-05-23T01:52:11.9280000,22.72,91.41,102.011
2026-05-23T01:52:12.9790000,22.72,91.42,102.011
2026-05-23T01:52:14.0200000,22.71,91.41,102.011
2026-05-23T01:52:15.0610000,22.71,91.41,102.01
2026-05-23T01:52:16.1020000,22.71,91.39,102.01
2026-05-23T01:52:17.1420000,22.71,91.41,102.01
2026-05-23T01:52:18.1970000,22.71,91.38,102.011
2026-05-23T01:52:19.2270000,22.71,91.41,102.011
2026-05-23T01:52:20.2680000,22.71,91.42,102.011
2026-05-23T01:52:21.3090000,22.71,91.42,102.011
2026-05-23T01:52:22.3490000,22.71,91.42,102.011
2026-05-23T01:52:23.4000000,22.71,91.38,102.012
2026-05-23T01:52:24.4410000,22.71,91.44,102.012
2026-05-23T01:52:25.4820000,22.71,91.45,102.012
2026-05-23T01:52:26.5230000,22.71,91.45,102.012
2026-05-23T01:52:27.5640000,22.71,91.47,102.012
2026-05-23T01:52:28.6040000,22.71,91.47,102.012
2026-05-23T01:52:29.6450000,22.71,91.49,102.012
2026-05-23T01:52:30.6860000,22.71,91.46,102.012
2026-05-23T01:52:31.7690000,22.71,91.51,102.011
2026-05-23T01:52:32.7780000,22.71,91.48,102.011
2026-05-23T01:52:33.8190000,22.71,91.48,102.011
2026-05-23T01:52:34.8600000,22.71,91.48,102.011
2026-05-23T01:52:35.9010000,22.71,91.49,102.011
2026-05-23T01:52:36.9410000,22.71,91.47,102.011
2026-05-23T01:52:37.9820000,22.71,91.49,102.011
2026-05-23T01:52:39.0230000,22.71,91.49,102.011
2026-05-23T01:52:40.0640000,22.71,91.49,102.012
2026-05-23T01:52:41.1150000,22.71,91.49,102.012
2026-05-23T01:52:42.1560000,22.71,91.52,102.013
2026-05-23T01:52:43.1960000,22.71,91.49,102.014
2026-05-23T01:52:44.2370000,22.71,91.5,102.014
2026-05-23T01:52:45.3440000,22.71,91.54,102.015
2026-05-23T01:52:46.3220000,22.71,91.51,102.014
2026-05-23T01:52:47.3620000,22.71,91.51,102.014
2026-05-23T01:52:48.4030000,22.71,91.51,102.014
2026-05-23T01:52:49.4440000,22.71,91.51,102.014
2026-05-23T01:52:50.4850000,22.71,91.5,102.014
2026-05-23T01:52:51.5260000,22.71,91.5,102.014
2026-05-23T01:52:52.5770000,22.71,91.5,102.014
2026-05-23T01:52:53.6180000,22.71,91.47,102.014
2026-05-23T01:52:54.6580000,22.71,91.52,102.013
2026-05-23T01:52:55.6990000,22.71,91.49,102.013
2026-05-23T01:52:56.7400000,22.71,91.51,102.014
2026-05-23T01:52:57.7810000,22.71,91.51,102.014
2026-05-23T01:52:58.8210000,22.71,91.51,102.014
2026-05-23T01:52:59.8870000,22.7,91.49,102.014
2026-05-23T01:53:00.9060000,22.7,91.51,102.013
2026-05-23T01:53:01.9470000,22.7,91.49,102.014
2026-05-23T01:53:02.9880000,22.7,91.5,102.013
2026-05-23T01:53:04.0390000,22.7,91.5,102.012
2026-05-23T01:53:05.0800000,22.7,91.49,102.013
2026-05-23T01:53:06.1210000,22.7,91.5,102.013
2026-05-23T01:53:07.1610000,22.7,91.48,102.012
2026-05-23T01:53:08.2020000,22.7,91.47,102.012
2026-05-23T01:53:09.2430000,22.69,91.45,102.012
2026-05-23T01:53:10.2830000,22.69,91.45,102.012
2026-05-23T01:53:11.3240000,22.69,91.47,102.012
2026-05-23T01:53:12.3750000,22.69,91.52,102.012
2026-05-23T01:53:13.4620000,22.7,91.53,102.012
2026-05-23T01:53:14.4500000,22.69,91.48,102.011
2026-05-23T01:53:15.5010000,22.69,91.47,102.011
2026-05-23T01:53:16.5420000,22.69,91.47,102.011
2026-05-23T01:53:17.5830000,22.69,91.47,102.012
2026-05-23T01:53:18.6230000,22.69,91.47,102.012
2026-05-23T01:53:19.6640000,22.68,91.45,102.011
2026-05-23T01:53:20.7050000,22.68,91.45,102.01
2026-05-23T01:53:21.7460000,22.68,91.45,102.01
2026-05-23T01:53:22.7870000,22.68,91.45,102.01
2026-05-23T01:53:23.8380000,22.68,91.45,102.01
2026-05-23T01:53:24.8790000,22.68,91.42,102.011
2026-05-23T01:53:25.9190000,22.68,91.43,102.011
2026-05-23T01:53:26.9600000,22.68,91.44,102.01
2026-05-23T01:53:28.0080000,22.68,91.42,102.009
2026-05-23T01:53:29.0380000,22.68,91.44,102.009
2026-05-23T01:53:30.0890000,22.68,91.43,102.009
2026-05-23T01:53:31.1300000,22.67,91.44,102.008
2026-05-23T01:53:32.1710000,22.67,91.43,102.008
2026-05-23T01:53:33.2110000,22.67,91.44,102.008
2026-05-23T01:53:34.2520000,22.67,91.44,102.008
2026-05-23T01:53:35.2930000,22.67,91.49,102.008
2026-05-23T01:53:36.3330000,22.67,91.4,102.008
2026-05-23T01:53:37.3740000,22.67,91.42,102.008
2026-05-23T01:53:38.4250000,22.67,91.42,102.008
2026-05-23T01:53:39.4660000,22.67,91.41,102.009
2026-05-23T01:53:40.5070000,22.68,91.42,102.009
2026-05-23T01:53:41.5790000,22.68,91.47,102.008
2026-05-23T01:53:42.5880000,22.68,91.43,102.008
2026-05-23T01:53:43.6290000,22.68,91.42,102.007
2026-05-23T01:53:44.6700000,22.68,91.43,102.006
2026-05-23T01:53:45.7110000,22.67,91.42,102.005
2026-05-23T01:53:46.7620000,22.68,91.41,102.005
2026-05-23T01:53:47.8030000,22.68,91.41,102.005
2026-05-23T01:53:48.8430000,22.68,91.46,102.004
2026-05-23T01:53:49.8840000,22.68,91.43,102.005
2026-05-23T01:53:50.9250000,22.68,91.42,102.005
2026-05-23T01:53:51.9660000,22.68,91.42,102.005
2026-05-23T01:53:53.0060000,22.68,91.39,102.004
2026-05-23T01:53:54.0470000,22.68,91.41,102.004
2026-05-23T01:53:55.1540000,22.68,91.38,102.004
2026-05-23T01:53:56.1320000,22.68,91.4,102.004
2026-05-23T01:53:57.1730000,22.68,91.4,102.005
2026-05-23T01:53:58.2130000,22.68,91.39,102.005
2026-05-23T01:53:59.2650000,22.68,91.38,102.004
2026-05-23T01:54:00.3050000,22.68,91.38,102.004
2026-05-23T01:54:01.3460000,22.67,91.39,102.003
2026-05-23T01:54:02.3870000,22.67,91.38,102.003
2026-05-23T01:54:03.4280000,22.68,91.37,102.003
2026-05-23T01:54:04.4690000,22.67,91.37,102.003
2026-05-23T01:54:05.5090000,22.67,91.37,102.003
2026-05-23T01:54:06.5500000,22.67,91.38,102.002
2026-05-23T01:54:07.6010000,22.68,91.37,102.003
2026-05-23T01:54:08.6420000,22.68,91.37,102.004
2026-05-23T01:54:09.6970000,22.67,91.32,102.003
2026-05-23T01:54:10.7270000,22.67,91.35,102.003
2026-05-23T01:54:11.7680000,22.67,91.34,102.002
2026-05-23T01:54:12.8090000,22.67,91.33,102.002
2026-05-23T01:54:13.8500000,22.67,91.32,102.003
2026-05-23T01:54:14.8900000,22.67,91.32,102.002
2026-05-23T01:54:15.9310000,22.67,91.32,102.002
2026-05-23T01:54:16.9720000,22.67,91.32,102.002
2026-05-23T01:54:18.0130000,22.67,91.31,102.002
2026-05-23T01:54:19.0530000,22.67,91.3,102.002
2026-05-23T01:54:20.1040000,22.67,91.31,102.002
2026-05-23T01:54:21.1450000,22.67,91.31,102.002
2026-05-23T01:54:22.1860000,22.67,91.28,102.002
2026-05-23T01:54:23.2720000,22.67,91.27,102.001
2026-05-23T01:54:24.2710000,22.66,91.24,102.001
2026-05-23T01:54:25.3120000,22.66,91.25,102
2026-05-23T01:54:26.3520000,22.66,91.23,102.001
2026-05-23T01:54:27.3930000,22.66,91.24,102.001
2026-05-23T01:54:28.4340000,22.66,91.23,102
2026-05-23T01:54:29.4750000,22.66,91.23,102
2026-05-23T01:54:30.5150000,22.66,91.22,101.999
2026-05-23T01:54:31.5670000,22.66,91.21,101.999
2026-05-23T01:54:32.6070000,22.66,91.19,101.999
2026-05-23T01:54:33.6480000,22.66,91.19,102
2026-05-23T01:54:34.6890000,22.66,91.16,102
2026-05-23T01:54:35.7300000,22.66,91.17,102
2026-05-23T01:54:36.7700000,22.66,91.17,102.001
2026-05-23T01:54:37.8150000,22.66,91.16,102.001
2026-05-23T01:54:38.8550000,22.65,91.12,102
2026-05-23T01:54:39.8960000,22.65,91.1,102.001
2026-05-23T01:54:40.9370000,22.65,91.09,102.001
2026-05-23T01:54:41.9770000,22.65,91.08,102.001
2026-05-23T01:54:43.0290000,22.65,91.06,102.001
2026-05-23T01:54:44.0700000,22.65,91.06,102
2026-05-23T01:54:45.1100000,22.64,91.05,102
2026-05-23T01:54:46.1510000,22.64,91.04,102
2026-05-23T01:54:47.1920000,22.64,91,102
2026-05-23T01:54:48.2320000,22.64,91.03,102.001
2026-05-23T01:54:49.2730000,22.65,91.06,102.001
2026-05-23T01:54:50.3140000,22.65,91.09,102.001
2026-05-23T01:54:51.3900000,22.65,91.1,102.001
2026-05-23T01:54:52.3990000,22.65,91.09,102
2026-05-23T01:54:53.4400000,22.65,91.08,102
2026-05-23T01:54:54.4810000,22.65,91.08,102.001
2026-05-23T01:54:55.5320000,22.65,91.09,102
2026-05-23T01:54:56.5730000,22.65,91.09,102.001
2026-05-23T01:54:57.6130000,22.65,91.09,102.001
2026-05-23T01:54:58.6540000,22.65,91.1,102.001
2026-05-23T01:54:59.6950000,22.65,91.12,102.001
2026-05-23T01:55:00.7360000,22.65,91.12,102.001
2026-05-23T01:55:01.7770000,22.66,91.15,102.002
2026-05-23T01:55:02.8170000,22.66,91.15,102.002
2026-05-23T01:55:03.8580000,22.66,91.08,102.002
2026-05-23T01:55:04.9620000,22.66,91.12,102.001
2026-05-23T01:55:05.9500000,22.66,91.12,102.002
2026-05-23T01:55:06.9910000,22.66,91.13,102.001
2026-05-23T01:55:08.0310000,22.66,91.12,102.002
2026-05-23T01:55:09.0720000,22.66,91.16,102.002
2026-05-23T01:55:10.1130000,22.66,91.15,102.002
2026-05-23T01:55:11.1530000,22.66,91.15,102.002
2026-05-23T01:55:12.1940000,22.66,91.15,102.002
2026-05-23T01:55:13.2450000,22.66,91.16,102.001
2026-05-23T01:55:14.2860000,22.66,91.17,102.001
2026-05-23T01:55:15.3270000,22.66,91.15,102.001
2026-05-23T01:55:16.3680000,22.66,91.17,102.001
2026-05-23T01:55:17.4090000,22.66,91.17,102
2026-05-23T01:55:18.4490000,22.66,91.18,102
2026-05-23T01:55:19.5080000,22.67,91.18,102.001
2026-05-23T01:55:20.5380000,22.67,91.2,102.001
2026-05-23T01:55:21.5790000,22.67,91.19,102.001
2026-05-23T01:55:22.6200000,22.67,91.21,102
2026-05-23T01:55:23.6630000,22.67,91.21,102.001
2026-05-23T01:55:24.7040000,22.67,91.22,102
2026-05-23T01:55:25.7440000,22.67,91.24,101.999
2026-05-23T01:55:26.7850000,22.67,91.24,102
2026-05-23T01:55:27.8260000,22.68,91.24,102
2026-05-23T01:55:28.8670000,22.68,91.25,102
2026-05-23T01:55:29.9070000,22.67,91.25,101.999
2026-05-23T01:55:30.9590000,22.68,91.29,101.999
2026-05-23T01:55:31.9990000,22.67,91.26,101.999
2026-05-23T01:55:33.0820000,22.67,91.25,101.997
2026-05-23T01:55:34.0810000,22.68,91.28,101.998
2026-05-23T01:55:35.1210000,22.68,91.29,101.998
2026-05-23T01:55:36.1620000,22.68,91.31,101.997
2026-05-23T01:55:37.2030000,22.68,91.31,101.997
2026-05-23T01:55:38.2440000,22.68,91.3,101.998
2026-05-23T01:55:39.2950000,22.68,91.31,101.998
2026-05-23T01:55:40.3360000,22.68,91.32,101.997
2026-05-23T01:55:41.3760000,22.68,91.36,101.997
2026-05-23T01:55:42.4170000,22.68,91.36,101.997
2026-05-23T01:55:43.4580000,22.68,91.36,101.997
2026-05-23T01:55:44.4990000,22.68,91.36,101.997
2026-05-23T01:55:45.5390000,22.68,91.34,101.997
2026-05-23T01:55:46.5800000,22.68,91.35,101.997
2026-05-23T01:55:47.6240000,22.68,91.37,101.997
2026-05-23T01:55:48.6650000,22.68,91.4,101.997
2026-05-23T01:55:49.7060000,22.69,91.4,101.998
2026-05-23T01:55:50.7470000,22.69,91.41,101.997
2026-05-23T01:55:51.7980000,22.69,91.42,101.998
2026-05-23T01:55:52.8390000,22.69,91.4,101.998
2026-05-23T01:55:53.8790000,22.69,91.43,101.997
2026-05-23T01:55:54.9200000,22.69,91.45,101.998
2026-05-23T01:55:55.9610000,22.69,91.47,101.998
2026-05-23T01:55:57.0010000,22.69,91.48,101.998
2026-05-23T01:55:58.0420000,22.69,91.44,101.998
2026-05-23T01:55:59.0830000,22.69,91.47,101.998
2026-05-23T01:56:00.1340000,22.69,91.5,101.997
2026-05-23T01:56:01.2020000,22.69,91.51,101.998
2026-05-23T01:56:02.2120000,22.69,91.51,101.998
2026-05-23T01:56:03.2520000,22.69,91.5,101.998
2026-05-23T01:56:04.2930000,22.69,91.5,101.998
2026-05-23T01:56:05.3440000,22.69,91.51,101.998
2026-05-23T01:56:06.3850000,22.69,91.52,101.998
2026-05-23T01:56:07.4260000,22.69,91.54,101.999
2026-05-23T01:56:08.4670000,22.69,91.55,101.999
2026-05-23T01:56:09.5080000,22.69,91.53,101.998
2026-05-23T01:56:10.5490000,22.69,91.55,101.998
2026-05-23T01:56:11.5900000,22.69,91.55,101.998
2026-05-23T01:56:12.6300000,22.7,91.59,101.998
2026-05-23T01:56:13.6710000,22.69,91.53,101.997
2026-05-23T01:56:14.7750000,22.7,91.58,101.997
2026-05-23T01:56:15.7630000,22.7,91.59,101.998
2026-05-23T01:56:16.8040000,22.7,91.57,101.998
2026-05-23T01:56:17.8440000,22.7,91.59,101.998
2026-05-23T01:56:18.8850000,22.7,91.59,101.998
2026-05-23T01:56:19.9260000,22.7,91.59,101.998
2026-05-23T01:56:20.9670000,22.7,91.58,101.998
2026-05-23T01:56:22.0070000,22.7,91.59,101.997
2026-05-23T01:56:23.0480000,22.7,91.64,101.998
2026-05-23T01:56:24.0890000,22.7,91.62,101.998
2026-05-23T01:56:25.1400000,22.7,91.65,101.999
2026-05-23T01:56:26.1810000,22.7,91.62,101.999
2026-05-23T01:56:27.2220000,22.7,91.61,101.998
2026-05-23T01:56:28.2630000,22.7,91.58,101.999
2026-05-23T01:56:29.3170000,22.7,91.62,101.998
2026-05-23T01:56:30.3470000,22.7,91.62,101.998
2026-05-23T01:56:31.3880000,22.7,91.62,101.997
2026-05-23T01:56:32.4290000,22.7,91.63,101.997
2026-05-23T01:56:33.4700000,22.7,91.64,101.997
2026-05-23T01:56:34.5110000,22.7,91.63,101.997
2026-05-23T01:56:35.5510000,22.7,91.64,101.997
2026-05-23T01:56:36.5920000,22.7,91.69,101.997
2026-05-23T01:56:37.6430000,22.7,91.65,101.997
2026-05-23T01:56:38.6840000,22.7,91.67,101.997
2026-05-23T01:56:39.7250000,22.7,91.66,101.996
2026-05-23T01:56:40.7650000,22.7,91.65,101.997
2026-05-23T01:56:41.8060000,22.7,91.67,101.997
2026-05-23T01:56:42.8890000,22.7,91.67,101.998
2026-05-23T01:56:43.8880000,22.7,91.69,101.999
2026-05-23T01:56:44.9280000,22.7,91.68,101.999
2026-05-23T01:56:45.9790000,22.7,91.68,101.999
2026-05-23T01:56:47.0200000,22.7,91.69,101.999
2026-05-23T01:56:48.0610000,22.7,91.68,101.999
2026-05-23T01:56:49.1020000,22.7,91.69,102
2026-05-23T01:56:50.1420000,22.7,91.69,101.999
2026-05-23T01:56:51.1830000,22.7,91.68,101.999
2026-05-23T01:56:52.2240000,22.7,91.67,101.999
2026-05-23T01:56:53.2650000,22.7,91.7,102
2026-05-23T01:56:54.3060000,22.7,91.69,101.999
2026-05-23T01:56:55.3570000,22.7,91.68,101.999
2026-05-23T01:56:56.4640000,22.7,91.7,101.999
2026-05-23T01:56:57.4310000,22.7,91.68,101.999
2026-05-23T01:56:58.4830000,22.7,91.7,101.999
2026-05-23T01:56:59.5230000,22.7,91.72,101.999
2026-05-23T01:57:00.5640000,22.69,91.7,101.999
2026-05-23T01:57:01.6050000,22.69,91.7,101.999
2026-05-23T01:57:02.6460000,22.69,91.72,102
2026-05-23T01:57:03.6860000,22.69,91.73,102
2026-05-23T01:57:04.7270000,22.69,91.73,102
2026-05-23T01:57:05.7680000,22.69,91.71,102
2026-05-23T01:57:06.8190000,22.69,91.71,102
2026-05-23T01:57:07.8600000,22.69,91.71,102
2026-05-23T01:57:08.9000000,22.69,91.72,102.001
2026-05-23T01:57:09.9410000,22.69,91.71,102.001
2026-05-23T01:57:11.0060000,22.69,91.69,102
2026-05-23T01:57:12.0260000,22.69,91.7,102
2026-05-23T01:57:13.0670000,22.69,91.71,102
2026-05-23T01:57:14.1080000,22.69,91.7,102
2026-05-23T01:57:15.1490000,22.68,91.71,102
2026-05-23T01:57:16.1900000,22.69,91.7,102
2026-05-23T01:57:17.2310000,22.69,91.7,101.999
2026-05-23T01:57:18.2710000,22.68,91.73,101.999
2026-05-23T01:57:19.3120000,22.68,91.7,101.999
2026-05-23T01:57:20.3630000,22.68,91.73,101.999
2026-05-23T01:57:21.4040000,22.68,91.72,101.999
2026-05-23T01:57:22.4450000,22.68,91.69,101.998
2026-05-23T01:57:23.4860000,22.68,91.71,101.997
2026-05-23T01:57:24.5790000,22.68,91.72,101.998
2026-05-23T01:57:25.5670000,22.68,91.7,101.998
2026-05-23T01:57:26.6080000,22.68,91.7,101.998
2026-05-23T01:57:27.6480000,22.68,91.7,101.999
2026-05-23T01:57:28.6990000,22.67,91.67,101.998
2026-05-23T01:57:29.7400000,22.67,91.69,101.998
2026-05-23T01:57:30.7810000,22.67,91.68,101.998
2026-05-23T01:57:31.8220000,22.67,91.68,101.998
2026-05-23T01:57:32.8620000,22.67,91.64,101.997
2026-05-23T01:57:33.9030000,22.67,91.67,101.997
2026-05-23T01:57:34.9440000,22.67,91.67,101.997
2026-05-23T01:57:35.9850000,22.67,91.66,101.998
2026-05-23T01:57:37.0260000,22.67,91.67,101.997
2026-05-23T01:57:38.0770000,22.67,91.63,101.997
2026-05-23T01:57:39.1210000,22.67,91.66,101.998
2026-05-23T01:57:40.1510000,22.67,91.66,101.999
2026-05-23T01:57:41.2030000,22.67,91.67,101.999
2026-05-23T01:57:42.2440000,22.67,91.64,101.998
2026-05-23T01:57:43.2840000,22.67,91.66,101.998
2026-05-23T01:57:45.3660000,22.67,91.64,101.997
2026-05-23T01:57:46.4070000,22.67,91.67,101.998
2026-05-23T01:57:48.4880000,22.66,91.63,101.997
2026-05-23T01:57:49.5290000,22.66,91.63,101.998
2026-05-23T01:57:50.5800000,22.66,91.62,101.998
2026-05-23T01:57:51.6210000,22.66,91.63,101.998
2026-05-23T01:57:52.6960000,22.66,91.58,101.997
2026-05-23T01:57:53.7060000,22.66,91.63,101.997
2026-05-23T01:57:54.7470000,22.66,91.62,101.997
2026-05-23T01:57:55.7870000,22.66,91.61,101.997
2026-05-23T01:57:56.8280000,22.66,91.61,101.997
2026-05-23T01:57:57.8690000,22.66,91.62,101.998
2026-05-23T01:57:58.9090000,22.66,91.6,101.998
2026-05-23T01:57:59.9500000,22.66,91.6,101.998
2026-05-23T01:58:00.9910000,22.66,91.57,101.998
2026-05-23T01:58:02.0320000,22.66,91.57,101.998
2026-05-23T01:58:03.0830000,22.66,91.57,101.997
2026-05-23T01:58:04.1240000,22.66,91.58,101.997
2026-05-23T01:58:05.1640000,22.66,91.58,101.997
2026-05-23T01:58:06.2720000,22.66,91.57,101.997
2026-05-23T01:58:07.2490000,22.66,91.57,101.997
2026-05-23T01:58:08.2900000,22.65,91.54,101.996
2026-05-23T01:58:09.3310000,22.65,91.57,101.997
2026-05-23T01:58:10.3720000,22.65,91.53,101.997
2026-05-23T01:58:11.4130000,22.65,91.53,101.997
2026-05-23T01:58:12.4530000,22.65,91.52,101.996
2026-05-23T01:58:13.4940000,22.65,91.51,101.997
2026-05-23T01:58:14.5450000,22.65,91.51,101.996
2026-05-23T01:58:15.5860000,22.65,91.53,101.996
2026-05-23T01:58:16.6270000,22.65,91.47,101.996
2026-05-23T01:58:17.6670000,22.65,91.48,101.996
2026-05-23T01:58:18.7080000,22.65,91.49,101.996
2026-05-23T01:58:19.7490000,22.65,91.49,101.995
2026-05-23T01:58:20.8170000,22.65,91.48,101.995
2026-05-23T01:58:21.8370000,22.65,91.46,101.995
2026-05-23T01:58:22.8780000,22.65,91.46,101.995
2026-05-23T01:58:23.9190000,22.65,91.46,101.996
2026-05-23T01:58:24.9600000,22.65,91.46,101.995
2026-05-23T01:58:26.0010000,22.65,91.43,101.994
2026-05-23T01:58:27.0420000,22.64,91.41,101.994
2026-05-23T01:58:28.0820000,22.64,91.36,101.993
2026-05-23T01:58:29.1230000,22.64,91.38,101.994
2026-05-23T01:58:30.1740000,22.64,91.38,101.994
2026-05-23T01:58:31.2150000,22.64,91.36,101.994
2026-05-23T01:58:32.2560000,22.64,91.38,101.994
2026-05-23T01:58:33.2970000,22.64,91.35,101.994
2026-05-23T01:58:34.3900000,22.64,91.38,101.994
2026-05-23T01:58:35.3780000,22.64,91.36,101.995
2026-05-23T01:58:36.4190000,22.64,91.36,101.995
2026-05-23T01:58:37.4600000,22.64,91.37,101.995
2026-05-23T01:58:38.5000000,22.64,91.38,101.995
2026-05-23T01:58:39.5520000,22.64,91.38,101.994
2026-05-23T01:58:40.5920000,22.64,91.38,101.994
2026-05-23T01:58:41.6330000,22.64,91.37,101.994
2026-05-23T01:58:42.6740000,22.64,91.35,101.994
2026-05-23T01:58:43.7140000,22.64,91.34,101.994
2026-05-23T01:58:44.7550000,22.64,91.35,101.994
2026-05-23T01:58:45.7960000,22.64,91.36,101.994
2026-05-23T01:58:46.8370000,22.64,91.37,101.994
2026-05-23T01:58:47.8880000,22.64,91.37,101.994
2026-05-23T01:58:48.9350000,22.64,91.37,101.995
2026-05-23T01:58:49.9660000,22.64,91.4,101.994
2026-05-23T01:58:51.0070000,22.65,91.4,101.995
2026-05-23T01:58:52.0470000,22.65,91.4,101.995
2026-05-23T01:58:53.0980000,22.64,91.4,101.995
2026-05-23T01:58:54.1400000,22.64,91.41,101.995
2026-05-23T01:58:55.1810000,22.64,91.4,101.995
2026-05-23T01:58:56.2210000,22.64,91.33,101.995
2026-05-23T01:58:57.2620000,22.65,91.41,101.995
2026-05-23T01:58:58.3030000,22.65,91.37,101.995
2026-05-23T01:58:59.3440000,22.65,91.39,101.995
2026-05-23T01:59:00.3840000,22.65,91.38,101.994
2026-05-23T01:59:01.4250000,22.65,91.38,101.995
2026-05-23T01:59:02.5080000,22.65,91.44,101.995
2026-05-23T01:59:03.5170000,22.65,91.43,101.995
2026-05-23T01:59:04.5580000,22.65,91.45,101.995
2026-05-23T01:59:05.5980000,22.65,91.44,101.995
2026-05-23T01:59:06.6390000,22.65,91.44,101.995
2026-05-23T01:59:07.6800000,22.65,91.44,101.995
2026-05-23T01:59:08.7200000,22.66,91.44,101.996
2026-05-23T01:59:09.7610000,22.66,91.45,101.995
2026-05-23T01:59:10.8120000,22.66,91.44,101.995
2026-05-23T01:59:11.8530000,22.66,91.45,101.995
2026-05-23T01:59:12.8940000,22.66,91.46,101.994
2026-05-23T01:59:13.9350000,22.66,91.46,101.993
2026-05-23T01:59:14.9760000,22.66,91.48,101.994
2026-05-23T01:59:16.0830000,22.66,91.51,101.992
2026-05-23T01:59:17.0610000,22.66,91.48,101.992
2026-05-23T01:59:18.1010000,22.66,91.49,101.993
2026-05-23T01:59:19.1420000,22.66,91.49,101.992
2026-05-23T01:59:20.1830000,22.66,91.49,101.992
2026-05-23T01:59:21.2240000,22.66,91.52,101.993
2026-05-23T01:59:22.2750000,22.66,91.51,101.993
2026-05-23T01:59:23.3160000,22.66,91.51,101.992
2026-05-23T01:59:24.3570000,22.66,91.54,101.993
2026-05-23T01:59:25.3970000,22.66,91.54,101.992
2026-05-23T01:59:26.4380000,22.66,91.5,101.992
2026-05-23T01:59:27.4790000,22.66,91.54,101.993
2026-05-23T01:59:28.5190000,22.66,91.52,101.992
2026-05-23T01:59:29.5600000,22.66,91.59,101.992
2026-05-23T01:59:30.6250000,22.67,91.58,101.993
2026-05-23T01:59:31.6450000,22.67,91.55,101.993
2026-05-23T01:59:32.6860000,22.67,91.58,101.994
2026-05-23T01:59:33.7370000,22.67,91.6,101.994
2026-05-23T01:59:34.7770000,22.67,91.59,101.994
2026-05-23T01:59:35.8180000,22.67,91.59,101.994
2026-05-23T01:59:37.9000000,22.67,91.64,101.994
2026-05-23T01:59:38.9400000,22.67,91.61,101.994
2026-05-23T01:59:39.9810000,22.67,91.63,101.994
2026-05-23T01:59:41.0220000,22.67,91.62,101.994
2026-05-23T01:59:42.0730000,22.67,91.64,101.993
2026-05-23T01:59:43.1140000,22.67,91.68,101.993
2026-05-23T01:59:44.2000000,22.67,91.61,101.993
2026-05-23T01:59:45.1990000,22.67,91.63,101.993
2026-05-23T01:59:46.2400000,22.67,91.64,101.993
2026-05-23T01:59:47.2810000,22.67,91.66,101.993
2026-05-23T01:59:48.3220000,22.67,91.64,101.993
2026-05-23T01:59:49.3620000,22.67,91.63,101.992
2026-05-23T01:59:50.4030000,22.67,91.64,101.992
2026-05-23T01:59:52.4840000,22.67,91.62,101.992
2026-05-23T01:59:53.5360000,22.67,91.67,101.992
2026-05-23T01:59:54.5760000,22.67,91.66,101.992
2026-05-23T01:59:55.6170000,22.66,91.63,101.992
2026-05-23T01:59:56.6580000,22.66,91.64,101.992
2026-05-23T01:59:57.6980000,22.66,91.64,101.992
2026-05-23T01:59:58.7420000,22.66,91.63,101.991
2026-05-23T01:59:59.7830000,22.66,91.65,101.991
2026-05-23T02:00:00.8240000,22.66,91.63,101.991
2026-05-23T02:00:01.8650000,22.66,91.64,101.992
2026-05-23T02:00:02.9050000,22.66,91.63,101.992
2026-05-23T02:00:03.9470000,22.66,91.63,101.992
2026-05-23T02:00:04.9980000,22.66,91.62,101.991
2026-05-23T02:00:06.0390000,22.66,91.61,101.991
2026-05-23T02:00:07.0790000,22.66,91.62,101.99
2026-05-23T02:00:08.1200000,22.65,91.61,101.99
2026-05-23T02:00:09.1610000,22.65,91.64,101.991
2026-05-23T02:00:10.2020000,22.65,91.65,101.99
2026-05-23T02:00:11.2420000,22.65,91.65,101.991
2026-05-23T02:00:12.3180000,22.66,91.67,101.992
2026-05-23T02:00:13.3270000,22.66,91.65,101.991
2026-05-23T02:00:14.3680000,22.66,91.65,101.991
2026-05-23T02:00:15.4090000,22.65,91.64,101.991
2026-05-23T02:00:16.4600000,22.66,91.65,101.992
2026-05-23T02:00:17.5010000,22.66,91.66,101.992
2026-05-23T02:00:18.5410000,22.66,91.65,101.991
2026-05-23T02:00:19.5820000,22.66,91.6,101.991
2026-05-23T02:00:20.6230000,22.66,91.66,101.991
2026-05-23T02:00:21.6630000,22.66,91.66,101.992
2026-05-23T02:00:22.7040000,22.66,91.67,101.992
2026-05-23T02:00:23.7550000,22.66,91.62,101.992
2026-05-23T02:00:24.7960000,22.66,91.66,101.992
2026-05-23T02:00:25.8930000,22.66,91.66,101.992
2026-05-23T02:00:26.8810000,22.66,91.67,101.991
2026-05-23T02:00:27.9220000,22.66,91.66,101.991
2026-05-23T02:00:28.9630000,22.66,91.66,101.99
2026-05-23T02:00:30.0040000,22.66,91.66,101.99
2026-05-23T02:00:31.0440000,22.66,91.66,101.99
2026-05-23T02:00:32.0850000,22.66,91.65,101.99
2026-05-23T02:00:33.1260000,22.66,91.66,101.99
2026-05-23T02:00:35.2180000,22.66,91.67,101.99
2026-05-23T02:00:36.2590000,22.65,91.62,101.989
2026-05-23T02:00:37.2990000,22.65,91.64,101.989
2026-05-23T02:00:38.3400000,22.65,91.65,101.989
2026-05-23T02:00:39.3810000,22.65,91.65,101.99
2026-05-23T02:00:40.4390000,22.66,91.67,101.99
2026-05-23T02:00:41.4690000,22.65,91.65,101.99
2026-05-23T02:00:42.5100000,22.66,91.66,101.991
2026-05-23T02:00:43.5510000,22.66,91.65,101.991
2026-05-23T02:00:44.5910000,22.66,91.65,101.992
2026-05-23T02:00:45.6320000,22.66,91.64,101.991
2026-05-23T02:00:46.6730000,22.66,91.64,101.991
2026-05-23T02:00:47.7130000,22.65,91.66,101.991
2026-05-23T02:00:48.7650000,22.65,91.64,101.991
2026-05-23T02:00:49.8050000,22.65,91.6,101.991
2026-05-23T02:00:50.8460000,22.65,91.62,101.991
2026-05-23T02:00:51.8870000,22.65,91.67,101.991
2026-05-23T02:00:52.9280000,22.65,91.61,101.991
2026-05-23T02:00:54.0140000,22.65,91.61,101.991
2026-05-23T02:00:55.0130000,22.65,91.62,101.991
2026-05-23T02:00:56.0540000,22.65,91.62,101.991
2026-05-23T02:00:57.0950000,22.65,91.61,101.991
2026-05-23T02:00:58.1350000,22.65,91.61,101.991
2026-05-23T02:00:59.1760000,22.65,91.61,101.992
2026-05-23T02:01:00.2270000,22.65,91.61,101.992
2026-05-23T02:01:01.2680000,22.65,91.6,101.992
2026-05-23T02:01:02.3090000,22.65,91.6,101.991
2026-05-23T02:01:03.3500000,22.65,91.6,101.991
2026-05-23T02:01:04.3900000,22.65,91.61,101.991
2026-05-23T02:01:05.4310000,22.65,91.58,101.991
2026-05-23T02:01:06.4720000,22.65,91.6,101.992
2026-05-23T02:01:07.5120000,22.65,91.6,101.992
2026-05-23T02:01:08.5640000,22.65,91.6,101.991
2026-05-23T02:01:09.6040000,22.65,91.59,101.992
2026-05-23T02:01:10.6450000,22.65,91.57,101.992
2026-05-23T02:01:11.6860000,22.65,91.58,101.992
2026-05-23T02:01:12.7260000,22.65,91.59,101.992
2026-05-23T02:01:13.7670000,22.65,91.57,101.992
2026-05-23T02:01:14.8080000,22.65,91.58,101.992
2026-05-23T02:01:15.8490000,22.65,91.57,101.992
2026-05-23T02:01:16.9000000,22.65,91.57,101.992
2026-05-23T02:01:17.9410000,22.65,91.54,101.992
2026-05-23T02:01:18.9820000,22.65,91.58,101.992
2026-05-23T02:01:20.0220000,22.65,91.55,101.992
2026-05-23T02:01:21.0630000,22.65,91.59,101.992
2026-05-23T02:01:22.1350000,22.65,91.57,101.991
2026-05-23T02:01:23.1440000,22.65,91.57,101.992
2026-05-23T02:01:24.1850000,22.65,91.55,101.992
2026-05-23T02:01:25.2260000,22.65,91.54,101.993
2026-05-23T02:01:26.2770000,22.65,91.54,101.992
2026-05-23T02:01:27.3180000,22.65,91.54,101.992
2026-05-23T02:01:28.3590000,22.65,91.55,101.992
2026-05-23T02:01:29.3990000,22.65,91.58,101.991
2026-05-23T02:01:30.4400000,22.65,91.53,101.992
2026-05-23T02:01:31.4810000,22.65,91.54,101.991
2026-05-23T02:01:32.5210000,22.66,91.55,101.992
2026-05-23T02:01:33.5620000,22.65,91.58,101.991
2026-05-23T02:01:34.6130000,22.65,91.57,101.991
2026-05-23T02:01:35.7100000,22.66,91.57,101.992
2026-05-23T02:01:36.6880000,22.66,91.54,101.992
2026-05-23T02:01:37.7390000,22.66,91.53,101.992
2026-05-23T02:01:38.7800000,22.66,91.57,101.992
2026-05-23T02:01:39.8210000,22.66,91.54,101.992
2026-05-23T02:01:40.8610000,22.66,91.53,101.992
2026-05-23T02:01:41.9020000,22.66,91.51,101.991
2026-05-23T02:01:42.9430000,22.66,91.52,101.992
2026-05-23T02:01:43.9840000,22.66,91.49,101.992
2026-05-23T02:01:45.0250000,22.65,91.52,101.992
2026-05-23T02:01:46.0650000,22.65,91.52,101.992
2026-05-23T02:01:47.1170000,22.65,91.52,101.992
2026-05-23T02:01:48.1570000,22.65,91.5,101.992
2026-05-23T02:01:49.1980000,22.65,91.48,101.992
2026-05-23T02:01:50.2560000,22.65,91.49,101.992
2026-05-23T02:01:51.2760000,22.66,91.49,101.991
2026-05-23T02:01:52.3170000,22.65,91.49,101.991
2026-05-23T02:01:53.3680000,22.65,91.47,101.991
2026-05-23T02:01:54.4090000,22.65,91.44,101.992
2026-05-23T02:01:55.4490000,22.65,91.44,101.992
2026-05-23T02:01:56.4900000,22.65,91.43,101.992
2026-05-23T02:01:57.5310000,22.65,91.43,101.992
2026-05-23T02:01:58.5710000,22.65,91.4,101.991
2026-05-23T02:01:59.6120000,22.65,91.43,101.992
2026-05-23T02:02:00.6530000,22.64,91.42,101.991
2026-05-23T02:02:01.6940000,22.65,91.39,101.992
2026-05-23T02:02:02.7450000,22.65,91.39,101.992
2026-05-23T02:02:03.8310000,22.65,91.44,101.992
2026-05-23T02:02:04.8300000,22.65,91.45,101.992
2026-05-23T02:02:05.8710000,22.65,91.43,101.991
2026-05-23T02:02:06.9110000,22.65,91.41,101.991
2026-05-23T02:02:07.9520000,22.65,91.44,101.99
2026-05-23T02:02:08.9930000,22.65,91.45,101.991
2026-05-23T02:02:10.0340000,22.65,91.45,101.991
2026-05-23T02:02:11.0740000,22.65,91.46,101.991
2026-05-23T02:02:12.1150000,22.65,91.48,101.991
2026-05-23T02:02:13.1560000,22.65,91.44,101.991
2026-05-23T02:02:14.2070000,22.65,91.46,101.991
2026-05-23T02:02:15.2480000,22.65,91.46,101.991
2026-05-23T02:02:16.2890000,22.65,91.46,101.99
2026-05-23T02:02:17.3290000,22.65,91.5,101.99
2026-05-23T02:02:18.3770000,22.65,91.5,101.989
2026-05-23T02:02:19.4070000,22.65,91.49,101.989
2026-05-23T02:02:20.4580000,22.65,91.49,101.989
2026-05-23T02:02:21.4990000,22.65,91.49,101.988
2026-05-23T02:02:22.5400000,22.65,91.49,101.988
2026-05-23T02:02:23.5810000,22.66,91.48,101.989
2026-05-23T02:02:24.6220000,22.66,91.5,101.989
2026-05-23T02:02:25.6630000,22.66,91.48,101.989
2026-05-23T02:02:26.7030000,22.66,91.53,101.989
2026-05-23T02:02:27.7440000,22.66,91.48,101.99
2026-05-23T02:02:28.7850000,22.66,91.5,101.99
2026-05-23T02:02:29.8360000,22.66,91.51,101.99
2026-05-23T02:02:30.8770000,22.66,91.54,101.989
2026-05-23T02:02:31.9530000,22.66,91.46,101.989
2026-05-23T02:02:32.9620000,22.66,91.52,101.989
2026-05-23T02:02:34.0030000,22.66,91.51,101.99
2026-05-23T02:02:35.0430000,22.66,91.53,101.99
2026-05-23T02:02:36.0840000,22.66,91.54,101.99
2026-05-23T02:02:37.1250000,22.66,91.54,101.99
2026-05-23T02:02:38.1650000,22.66,91.57,101.991
2026-05-23T02:02:39.2060000,22.66,91.54,101.99
2026-05-23T02:02:40.2470000,22.66,91.58,101.99
2026-05-23T02:02:41.2980000,22.66,91.58,101.989
2026-05-23T02:02:42.3390000,22.66,91.59,101.989
2026-05-23T02:02:43.3800000,22.66,91.62,101.989
2026-05-23T02:02:44.4200000,22.66,91.62,101.989
2026-05-23T02:02:45.5240000,22.66,91.64,101.989
2026-05-23T02:02:46.5020000,22.66,91.63,101.989
2026-05-23T02:02:47.5430000,22.67,91.62,101.989
2026-05-23T02:02:48.5830000,22.66,91.63,101.989
2026-05-23T02:02:49.6240000,22.67,91.63,101.989
2026-05-23T02:02:50.6750000,22.67,91.63,101.99
2026-05-23T02:02:51.7160000,22.67,91.66,101.989
2026-05-23T02:02:52.7570000,22.67,91.66,101.989
2026-05-23T02:02:53.7970000,22.67,91.67,101.989
2026-05-23T02:02:54.8380000,22.67,91.64,101.989
2026-05-23T02:02:55.8790000,22.67,91.62,101.99
2026-05-23T02:02:56.9200000,22.67,91.64,101.989
2026-05-23T02:02:57.9600000,22.67,91.68,101.989
2026-05-23T02:02:59.0010000,22.67,91.67,101.989
2026-05-23T02:03:00.0660000,22.67,91.73,101.99
2026-05-23T02:03:01.0860000,22.67,91.71,101.991
2026-05-23T02:03:02.1270000,22.67,91.7,101.991
2026-05-23T02:03:03.1780000,22.67,91.72,101.99
2026-05-23T02:03:04.2190000,22.67,91.72,101.99
2026-05-23T02:03:05.2600000,22.67,91.72,101.989
2026-05-23T02:03:06.3000000,22.67,91.74,101.989
2026-05-23T02:03:07.3410000,22.68,91.75,101.99
2026-05-23T02:03:08.3820000,22.68,91.78,101.989
2026-05-23T02:03:09.4220000,22.68,91.75,101.989
2026-05-23T02:03:10.4630000,22.68,91.78,101.99
2026-05-23T02:03:11.5140000,22.68,91.77,101.989
2026-05-23T02:03:12.5550000,22.68,91.81,101.989
2026-05-23T02:03:13.6410000,22.67,91.82,101.989
2026-05-23T02:03:14.6400000,22.67,91.79,101.988
2026-05-23T02:03:15.6810000,22.67,91.81,101.988
2026-05-23T02:03:16.7220000,22.67,91.81,101.988
2026-05-23T02:03:17.7620000,22.67,91.81,101.988
2026-05-23T02:03:18.8030000,22.68,91.82,101.988
2026-05-23T02:03:19.8440000,22.68,91.83,101.987
2026-05-23T02:03:20.8850000,22.68,91.84,101.988
2026-05-23T02:03:21.9260000,22.68,91.83,101.988
2026-05-23T02:03:22.9770000,22.68,91.83,101.987
2026-05-23T02:03:24.0180000,22.68,91.86,101.987
2026-05-23T02:03:25.0590000,22.68,91.87,101.987
2026-05-23T02:03:26.1000000,22.68,91.86,101.987
2026-05-23T02:03:27.1400000,22.68,91.89,101.987
2026-05-23T02:03:28.1840000,22.68,91.89,101.988
2026-05-23T02:03:29.2250000,22.68,91.88,101.987
2026-05-23T02:03:30.2660000,22.67,91.88,101.987
2026-05-23T02:03:31.3070000,22.67,91.87,101.987
2026-05-23T02:03:32.3470000,22.67,91.87,101.987
2026-05-23T02:03:33.3880000,22.67,91.87,101.987
2026-05-23T02:03:34.4290000,22.67,91.88,101.986
2026-05-23T02:03:35.4800000,22.67,91.87,101.986
2026-05-23T02:03:36.5200000,22.66,91.89,101.986
2026-05-23T02:03:37.5610000,22.66,91.86,101.987
2026-05-23T02:03:38.6020000,22.66,91.85,101.986
2026-05-23T02:03:39.6430000,22.66,91.89,101.986
2026-05-23T02:03:40.6830000,22.66,91.87,101.987
2026-05-23T02:03:41.7560000,22.65,91.88,101.987
2026-05-23T02:03:42.7650000,22.65,91.84,101.987
2026-05-23T02:03:43.8160000,22.65,91.84,101.987
2026-05-23T02:03:44.8570000,22.65,91.84,101.987
2026-05-23T02:03:45.8980000,22.65,91.86,101.987
2026-05-23T02:03:46.9380000,22.65,91.86,101.986
2026-05-23T02:03:47.9790000,22.65,91.87,101.985
2026-05-23T02:03:49.0200000,22.65,91.84,101.986
2026-05-23T02:03:50.0600000,22.65,91.88,101.985
2026-05-23T02:03:52.1520000,22.65,91.87,101.985
2026-05-23T02:03:53.1930000,22.65,91.87,101.985
2026-05-23T02:03:54.2340000,22.65,91.87,101.985
2026-05-23T02:03:55.3300000,22.65,91.88,101.985
2026-05-23T02:03:56.3180000,22.65,91.87,101.984
2026-05-23T02:03:57.3590000,22.65,91.86,101.984
2026-05-23T02:03:58.4000000,22.65,91.87,101.984
2026-05-23T02:03:59.4410000,22.65,91.88,101.984
2026-05-23T02:04:00.4820000,22.65,91.88,101.984
2026-05-23T02:04:01.5220000,22.65,91.89,101.984
2026-05-23T02:04:02.5630000,22.65,91.88,101.984
2026-05-23T02:04:03.6040000,22.65,91.89,101.985
2026-05-23T02:04:04.6550000,22.65,91.86,101.984
2026-05-23T02:04:05.6960000,22.65,91.87,101.985
2026-05-23T02:04:06.7370000,22.65,91.9,101.984
2026-05-23T02:04:07.7770000,22.65,91.88,101.984
2026-05-23T02:04:08.8180000,22.64,91.88,101.983
2026-05-23T02:04:09.8690000,22.64,91.85,101.983
2026-05-23T02:04:10.9000000,22.64,91.88,101.983
2026-05-23T02:04:11.9400000,22.64,91.9,101.983
2026-05-23T02:04:12.9810000,22.64,91.88,101.983
2026-05-23T02:04:14.0320000,22.64,91.88,101.983
2026-05-23T02:04:15.0730000,22.64,91.88,101.983
2026-05-23T02:04:16.1140000,22.64,91.88,101.983
2026-05-23T02:04:17.1550000,22.64,91.81,101.984
2026-05-23T02:04:18.1950000,22.64,91.92,101.984
2026-05-23T02:04:19.2360000,22.64,91.88,101.984
2026-05-23T02:04:20.2770000,22.64,91.85,101.984
2026-05-23T02:04:21.3180000,22.64,91.89,101.984
2026-05-23T02:04:22.3580000,22.64,91.9,101.984
2026-05-23T02:04:23.4450000,22.64,91.9,101.983
2026-05-23T02:04:24.4430000,22.64,91.86,101.983
2026-05-23T02:04:25.4840000,22.64,91.88,101.983
2026-05-23T02:04:26.5350000,22.64,91.86,101.983
2026-05-23T02:04:27.5760000,22.64,91.86,101.983
2026-05-23T02:04:28.6170000,22.64,91.86,101.983
2026-05-23T02:04:29.6580000,22.64,91.88,101.983
2026-05-23T02:04:30.6980000,22.64,91.86,101.983
2026-05-23T02:04:31.7390000,22.64,91.88,101.983
2026-05-23T02:04:32.7800000,22.64,91.85,101.983
2026-05-23T02:04:33.8210000,22.64,91.9,101.983
2026-05-23T02:04:34.8610000,22.64,91.84,101.982
2026-05-23T02:04:35.9130000,22.64,91.86,101.982
2026-05-23T02:04:37.0160000,22.64,91.85,101.981
2026-05-23T02:04:37.9940000,22.64,91.84,101.981
2026-05-23T02:04:39.0350000,22.64,91.84,101.981
2026-05-23T02:04:40.0750000,22.64,91.83,101.981
2026-05-23T02:04:41.1160000,22.64,91.83,101.981
2026-05-23T02:04:42.1570000,22.64,91.82,101.981
2026-05-23T02:04:43.1980000,22.64,91.82,101.982
2026-05-23T02:04:44.2490000,22.64,91.82,101.982
2026-05-23T02:04:45.2900000,22.64,91.82,101.982
2026-05-23T02:04:46.3310000,22.64,91.81,101.982
2026-05-23T02:04:47.3710000,22.64,91.77,101.982
2026-05-23T02:04:48.4120000,22.64,91.83,101.982
2026-05-23T02:04:49.4530000,22.64,91.82,101.981
2026-05-23T02:04:50.4940000,22.64,91.83,101.982
2026-05-23T02:04:51.5590000,22.63,91.84,101.981
2026-05-23T02:04:52.5790000,22.63,91.81,101.982
2026-05-23T02:04:53.6190000,22.64,91.82,101.983
2026-05-23T02:04:54.6600000,22.64,91.79,101.983
2026-05-23T02:04:55.7010000,22.63,91.8,101.982
2026-05-23T02:04:56.7520000,22.63,91.79,101.982
2026-05-23T02:04:57.7930000,22.63,91.8,101.982
2026-05-23T02:04:58.8340000,22.63,91.81,101.981
2026-05-23T02:04:59.8740000,22.63,91.79,101.981
2026-05-23T02:05:00.9150000,22.63,91.77,101.981
2026-05-23T02:05:01.9560000,22.64,91.79,101.981
2026-05-23T02:05:02.9970000,22.64,91.77,101.981
2026-05-23T02:05:04.0370000,22.63,91.79,101.981
2026-05-23T02:05:05.1340000,22.63,91.83,101.981
2026-05-23T02:05:06.1220000,22.63,91.79,101.981
2026-05-23T02:05:07.1630000,22.63,91.79,101.981
2026-05-23T02:05:08.2040000,22.63,91.78,101.981
2026-05-23T02:05:09.2550000,22.63,91.77,101.981
2026-05-23T02:05:10.2960000,22.63,91.75,101.98
2026-05-23T02:05:11.3360000,22.63,91.75,101.981
2026-05-23T02:05:12.3770000,22.63,91.75,101.981
2026-05-23T02:05:13.4180000,22.63,91.76,101.981
2026-05-23T02:05:14.4590000,22.63,91.74,101.982
2026-05-23T02:05:16.5410000,22.63,91.76,101.98
2026-05-23T02:05:17.5820000,22.63,91.74,101.98
2026-05-23T02:05:18.6220000,22.63,91.71,101.979
2026-05-23T02:05:19.6770000,22.63,91.73,101.979
2026-05-23T02:05:20.7070000,22.63,91.71,101.978
2026-05-23T02:05:21.7480000,22.63,91.72,101.979
2026-05-23T02:05:22.7990000,22.63,91.72,101.979
2026-05-23T02:05:23.8400000,22.62,91.71,101.978
2026-05-23T02:05:24.8810000,22.63,91.71,101.979
2026-05-23T02:05:25.9220000,22.63,91.71,101.979
2026-05-23T02:05:26.9620000,22.63,91.7,101.98
2026-05-23T02:05:28.0030000,22.63,91.71,101.98
2026-05-23T02:05:29.0440000,22.63,91.7,101.979
2026-05-23T02:05:30.0850000,22.63,91.68,101.979
2026-05-23T02:05:31.1360000,22.63,91.69,101.979
2026-05-23T02:05:32.1760000,22.63,91.68,101.979
2026-05-23T02:05:33.2520000,22.63,91.67,101.978
2026-05-23T02:05:34.2610000,22.63,91.68,101.979
2026-05-23T02:05:35.3020000,22.63,91.68,101.978
2026-05-23T02:05:36.3430000,22.63,91.68,101.979
2026-05-23T02:05:37.3840000,22.63,91.68,101.979
2026-05-23T02:05:38.4250000,22.63,91.67,101.979
2026-05-23T02:05:39.4650000,22.63,91.67,101.979
2026-05-23T02:05:40.5060000,22.63,91.67,101.979
2026-05-23T02:05:41.5470000,22.63,91.65,101.979
2026-05-23T02:05:42.5880000,22.63,91.65,101.979
2026-05-23T02:05:43.6390000,22.6,91.65,101.975
2026-05-23T02:05:44.6800000,22.61,91.66,101.976
2026-05-23T02:05:45.7210000,22.61,91.62,101.976
2026-05-23T02:05:46.8280000,22.62,91.62,101.978
2026-05-23T02:05:47.8060000,22.62,91.63,101.978
2026-05-23T02:05:48.8470000,22.62,91.62,101.979
2026-05-23T02:05:49.8870000,22.62,91.63,101.979
2026-05-23T02:05:50.9280000,22.62,91.6,101.979
2026-05-23T02:05:51.9690000,22.62,91.6,101.979
2026-05-23T02:05:53.0090000,22.63,91.59,101.979
2026-05-23T02:05:54.0500000,22.63,91.6,101.979
2026-05-23T02:05:55.1010000,22.63,91.58,101.979
2026-05-23T02:05:56.1420000,22.62,91.59,101.977
2026-05-23T02:05:57.1830000,22.62,91.56,101.977
2026-05-23T02:05:58.2240000,22.62,91.56,101.977
2026-05-23T02:05:59.2640000,22.62,91.56,101.978
2026-05-23T02:06:00.3050000,22.62,91.57,101.977
2026-05-23T02:06:01.3700000,22.62,91.51,101.978
2026-05-23T02:06:02.3900000,22.62,91.5,101.978
2026-05-23T02:06:03.4310000,22.62,91.49,101.978
2026-05-23T02:06:04.4720000,22.62,91.49,101.978
2026-05-23T02:06:05.5130000,22.62,91.48,101.978
2026-05-23T02:06:06.5540000,22.62,91.48,101.979
2026-05-23T02:06:07.6050000,22.62,91.47,101.978
2026-05-23T02:06:08.6460000,22.61,91.47,101.978
2026-05-23T02:06:09.6870000,22.61,91.39,101.977
2026-05-23T02:06:10.7270000,22.61,91.42,101.977
2026-05-23T02:06:11.7680000,22.61,91.38,101.977
2026-05-23T02:06:12.8090000,22.6,91.38,101.977
2026-05-23T02:06:13.8500000,22.6,91.39,101.976
2026-05-23T02:06:14.9460000,22.6,91.39,101.978
2026-05-23T02:06:15.9350000,22.6,91.36,101.978
2026-05-23T02:06:16.9750000,22.6,91.36,101.979
2026-05-23T02:06:18.0160000,22.6,91.36,101.979
2026-05-23T02:06:19.0670000,22.6,91.35,101.979
2026-05-23T02:06:20.1080000,22.6,91.37,101.978
2026-05-23T02:06:21.1490000,22.61,91.38,101.979
2026-05-23T02:06:22.1890000,22.61,91.39,101.979
2026-05-23T02:06:23.2300000,22.61,91.39,101.979
2026-05-23T02:06:24.2710000,22.61,91.39,101.978
2026-05-23T02:06:25.3120000,22.61,91.41,101.979
2026-05-23T02:06:26.3520000,22.61,91.44,101.979
2026-05-23T02:06:27.3930000,22.62,91.43,101.98
2026-05-23T02:06:28.4450000,22.62,91.44,101.98
2026-05-23T02:06:29.4890000,22.62,91.44,101.98
2026-05-23T02:06:30.5190000,22.62,91.42,101.981
2026-05-23T02:06:31.5600000,22.62,91.43,101.981
2026-05-23T02:06:32.6110000,22.62,91.41,101.981
2026-05-23T02:06:33.6520000,22.62,91.43,101.981
2026-05-23T02:06:34.6920000,22.62,91.44,101.981
2026-05-23T02:06:35.7330000,22.62,91.43,101.981
2026-05-23T02:06:36.7740000,22.62,91.51,101.982
2026-05-23T02:06:37.8150000,22.62,91.46,101.982
2026-05-23T02:06:38.8550000,22.62,91.47,101.981
2026-05-23T02:06:39.8960000,22.62,91.44,101.981
2026-05-23T02:06:40.9370000,22.62,91.43,101.981
2026-05-23T02:06:41.9880000,22.62,91.47,101.981
2026-05-23T02:06:43.0640000,22.62,91.46,101.981
2026-05-23T02:06:44.0620000,22.63,91.48,101.982
2026-05-23T02:06:45.1140000,22.62,91.47,101.981
2026-05-23T02:06:46.1540000,22.63,91.45,101.982
2026-05-23T02:06:47.1950000,22.63,91.47,101.981
2026-05-23T02:06:48.2360000,22.63,91.45,101.981
2026-05-23T02:06:49.2770000,22.63,91.47,101.98
2026-05-23T02:06:50.3170000,22.63,91.45,101.98
2026-05-23T02:06:51.3580000,22.63,91.5,101.98
2026-05-23T02:06:52.3990000,22.63,91.48,101.98
2026-05-23T02:06:53.4500000,22.63,91.51,101.98
2026-05-23T02:06:54.4910000,22.63,91.51,101.98
2026-05-23T02:06:55.5320000,22.63,91.54,101.98
2026-05-23T02:06:56.6350000,22.63,91.51,101.98
2026-05-23T02:06:57.6130000,22.63,91.52,101.979
2026-05-23T02:06:58.6540000,22.64,91.52,101.98
2026-05-23T02:06:59.6950000,22.63,91.53,101.979
2026-05-23T02:07:00.7350000,22.63,91.54,101.979
2026-05-23T02:07:01.7760000,22.63,91.55,101.979
2026-05-23T02:07:02.8270000,22.64,91.55,101.979
2026-05-23T02:07:03.8680000,22.64,91.56,101.98
2026-05-23T02:07:04.9090000,22.64,91.59,101.98
2026-05-23T02:07:05.9500000,22.64,91.55,101.98
2026-05-23T02:07:06.9900000,22.64,91.58,101.98
2026-05-23T02:07:08.0310000,22.64,91.61,101.98
2026-05-23T02:07:09.0720000,22.64,91.62,101.979
2026-05-23T02:07:10.1130000,22.64,91.6,101.98
2026-05-23T02:07:11.1780000,22.64,91.62,101.979
2026-05-23T02:07:12.1980000,22.65,91.63,101.979
2026-05-23T02:07:13.2380000,22.64,91.63,101.98
2026-05-23T02:07:14.2900000,22.65,91.63,101.98
2026-05-23T02:07:15.3300000,22.65,91.66,101.98
2026-05-23T02:07:16.3710000,22.65,91.64,101.98
2026-05-23T02:07:17.4120000,22.65,91.65,101.979
2026-05-23T02:07:18.4530000,22.65,91.64,101.98
2026-05-23T02:07:19.4930000,22.65,91.67,101.98
2026-05-23T02:07:20.5340000,22.65,91.64,101.979
2026-05-23T02:07:21.5750000,22.65,91.66,101.979
2026-05-23T02:07:22.6160000,22.65,91.69,101.98
2026-05-23T02:07:23.6670000,22.65,91.72,101.981
2026-05-23T02:07:24.7490000,22.65,91.7,101.981
2026-05-23T02:07:25.7480000,22.65,91.7,101.981
2026-05-23T02:07:26.7890000,22.65,91.7,101.98
2026-05-23T02:07:27.8300000,22.65,91.69,101.98
2026-05-23T02:07:28.8700000,22.65,91.74,101.979
2026-05-23T02:07:29.9110000,22.66,91.74,101.98
2026-05-23T02:07:30.9520000,22.66,91.74,101.98
2026-05-23T02:07:31.9920000,22.66,91.75,101.98
2026-05-23T02:07:33.0440000,22.66,91.78,101.98
2026-05-23T02:07:34.0840000,22.66,91.75,101.98
2026-05-23T02:07:35.1250000,22.66,91.76,101.98
2026-05-23T02:07:36.1660000,22.66,91.79,101.98
2026-05-23T02:07:37.2070000,22.66,91.77,101.98
2026-05-23T02:07:38.2480000,22.66,91.76,101.98
2026-05-23T02:07:39.2920000,22.66,91.8,101.98
2026-05-23T02:07:40.3330000,22.66,91.79,101.981
2026-05-23T02:07:41.3730000,22.66,91.81,101.982
2026-05-23T02:07:42.4140000,22.66,91.81,101.982
2026-05-23T02:07:43.4550000,22.66,91.83,101.982
2026-05-23T02:07:44.5060000,22.66,91.84,101.982
2026-05-23T02:07:45.5470000,22.66,91.83,101.981
2026-05-23T02:07:46.5870000,22.66,91.83,101.981
2026-05-23T02:07:47.6280000,22.66,91.83,101.983
2026-05-23T02:07:48.6690000,22.66,91.84,101.983
2026-05-23T02:07:49.7100000,22.66,91.84,101.983
2026-05-23T02:07:50.7500000,22.66,91.89,101.983
2026-05-23T02:07:51.7910000,22.66,91.86,101.983
2026-05-23T02:07:52.8630000,22.66,91.87,101.983
2026-05-23T02:07:53.8830000,22.66,91.89,101.983
2026-05-23T02:07:54.9240000,22.67,91.89,101.983
2026-05-23T02:07:55.9640000,22.67,91.89,101.983
2026-05-23T02:07:57.0050000,22.67,91.9,101.983
2026-05-23T02:07:58.0460000,22.67,91.89,101.984
2026-05-23T02:07:59.0870000,22.67,91.9,101.984
2026-05-23T02:08:00.1280000,22.67,91.95,101.984
2026-05-23T02:08:01.1680000,22.67,91.9,101.984
2026-05-23T02:08:02.2090000,22.67,91.92,101.984
2026-05-23T02:08:03.2500000,22.67,91.91,101.985
2026-05-23T02:08:04.3020000,22.67,91.95,101.985
2026-05-23T02:08:05.3420000,22.67,91.9,101.986
2026-05-23T02:08:06.4320000,22.67,91.87,101.987
2026-05-23T02:08:07.4210000,22.67,91.95,101.987
2026-05-23T02:08:08.4610000,22.67,91.94,101.987
2026-05-23T02:08:09.5020000,22.67,91.94,101.987
2026-05-23T02:08:10.5430000,22.67,91.95,101.987
2026-05-23T02:08:11.5940000,22.67,91.96,101.986
2026-05-23T02:08:12.6350000,22.67,91.96,101.987
2026-05-23T02:08:13.6760000,22.67,91.97,101.986
2026-05-23T02:08:14.7170000,22.67,91.98,101.986
2026-05-23T02:08:15.7580000,22.67,91.98,101.986
2026-05-23T02:08:16.7980000,22.67,91.98,101.986
2026-05-23T02:08:17.8390000,22.67,91.97,101.985
2026-05-23T02:08:18.8800000,22.67,91.99,101.985
2026-05-23T02:08:19.9200000,22.67,91.97,101.986
2026-05-23T02:08:20.9750000,22.67,91.99,101.986
2026-05-23T02:08:22.0050000,22.67,91.98,101.986
2026-05-23T02:08:23.0460000,22.67,91.99,101.986
2026-05-23T02:08:24.0970000,22.67,92,101.986
2026-05-23T02:08:25.1380000,22.67,91.98,101.986
2026-05-23T02:08:26.1790000,22.67,91.99,101.985
2026-05-23T02:08:27.2190000,22.67,91.99,101.985
2026-05-23T02:08:28.2600000,22.67,91.99,101.985
2026-05-23T02:08:29.3010000,22.67,91.96,101.985
2026-05-23T02:08:30.3420000,22.66,92,101.984
2026-05-23T02:08:31.3820000,22.66,91.99,101.984
2026-05-23T02:08:32.4230000,22.66,92.01,101.984
2026-05-23T02:08:33.4640000,22.66,92.01,101.984
2026-05-23T02:08:34.5470000,22.66,91.97,101.984
2026-05-23T02:08:35.5560000,22.66,91.99,101.984
2026-05-23T02:08:36.5970000,22.65,91.96,101.984
2026-05-23T02:08:37.6370000,22.65,91.97,101.984
2026-05-23T02:08:38.6780000,22.65,91.94,101.984
2026-05-23T02:08:39.7190000,22.65,91.96,101.984
2026-05-23T02:08:40.7600000,22.65,91.96,101.984
2026-05-23T02:08:41.8000000,22.65,91.93,101.984
2026-05-23T02:08:42.8410000,22.65,91.96,101.984
2026-05-23T02:08:43.8920000,22.65,91.97,101.985
2026-05-23T02:08:44.9330000,22.65,91.96,101.984
2026-05-23T02:08:45.9740000,22.65,91.92,101.984
2026-05-23T02:08:47.0140000,22.64,91.93,101.983
2026-05-23T02:08:48.1180000,22.64,91.93,101.982
2026-05-23T02:08:49.0960000,22.64,91.94,101.982
2026-05-23T02:08:50.1360000,22.64,91.94,101.982
2026-05-23T02:08:51.1770000,22.64,91.92,101.982
2026-05-23T02:08:52.2180000,22.64,91.93,101.981
2026-05-23T02:08:53.2690000,22.64,91.93,101.981
2026-05-23T02:08:54.3100000,22.64,91.93,101.981
2026-05-23T02:08:55.3510000,22.64,91.93,101.981
2026-05-23T02:08:56.3920000,22.64,91.92,101.981
2026-05-23T02:08:57.4320000,22.64,91.92,101.981
2026-05-23T02:08:58.4730000,22.64,91.92,101.981
2026-05-23T02:08:59.5140000,22.64,91.96,101.981
2026-05-23T02:09:00.5540000,22.63,91.94,101.98
2026-05-23T02:09:01.5950000,22.63,91.94,101.98
2026-05-23T02:09:02.6600000,22.63,91.88,101.98
2026-05-23T02:09:03.6800000,22.63,91.91,101.979
2026-05-23T02:09:04.7210000,22.63,91.91,101.978
2026-05-23T02:09:05.7620000,22.63,91.9,101.978
2026-05-23T02:09:06.8130000,22.63,91.89,101.978
2026-05-23T02:09:07.8540000,22.63,91.9,101.978
2026-05-23T02:09:08.8940000,22.63,91.89,101.978
2026-05-23T02:09:09.9350000,22.63,91.92,101.978
2026-05-23T02:09:10.9760000,22.63,91.88,101.979
2026-05-23T02:09:12.0170000,22.63,91.89,101.979
2026-05-23T02:09:13.0570000,22.63,91.92,101.979
2026-05-23T02:09:14.0980000,22.63,91.89,101.978
2026-05-23T02:09:15.1390000,22.63,91.86,101.978
2026-05-23T02:09:16.2320000,22.63,91.85,101.978
2026-05-23T02:09:17.2310000,22.63,91.86,101.978
2026-05-23T02:09:18.2720000,22.63,91.86,101.978
2026-05-23T02:09:19.3120000,22.63,91.85,101.978
2026-05-23T02:09:20.3530000,22.62,91.85,101.978
2026-05-23T02:09:21.3940000,22.62,91.85,101.978
2026-05-23T02:09:22.4350000,22.62,91.85,101.978
2026-05-23T02:09:23.4750000,22.63,91.85,101.978
2026-05-23T02:09:24.5160000,22.63,91.87,101.978
2026-05-23T02:09:25.5570000,22.62,91.88,101.977
2026-05-23T02:09:26.6080000,22.62,91.86,101.976
2026-05-23T02:09:27.6490000,22.62,91.84,101.976
2026-05-23T02:09:28.6900000,22.62,91.88,101.976
2026-05-23T02:09:29.7300000,22.63,91.84,101.976
2026-05-23T02:09:30.7740000,22.62,91.83,101.977
2026-05-23T02:09:31.8150000,22.62,91.83,101.976
2026-05-23T02:09:32.8560000,22.62,91.83,101.976
2026-05-23T02:09:33.8970000,22.62,91.81,101.976
2026-05-23T02:09:34.9370000,22.62,91.82,101.976
2026-05-23T02:09:35.9780000,22.62,91.81,101.975
2026-05-23T02:09:37.0190000,22.62,91.82,101.976
2026-05-23T02:09:38.0590000,22.62,91.85,101.976
2026-05-23T02:09:39.1110000,22.63,91.8,101.976
2026-05-23T02:09:40.1510000,22.63,91.77,101.977
2026-05-23T02:09:41.1920000,22.63,91.79,101.977
2026-05-23T02:09:42.2330000,22.63,91.8,101.977
2026-05-23T02:09:43.2740000,22.62,91.8,101.977
2026-05-23T02:09:44.3500000,22.63,91.8,101.977
2026-05-23T02:09:45.3590000,22.63,91.76,101.977
2026-05-23T02:09:46.4000000,22.62,91.75,101.976
2026-05-23T02:09:47.4410000,22.62,91.75,101.976
2026-05-23T02:09:48.4810000,22.62,91.76,101.976
2026-05-23T02:09:49.5220000,22.62,91.74,101.975
2026-05-23T02:09:50.5630000,22.62,91.72,101.976
2026-05-23T02:09:51.6030000,22.62,91.74,101.976
2026-05-23T02:09:52.6550000,22.62,91.72,101.977
2026-05-23T02:09:53.6950000,22.62,91.7,101.976
2026-05-23T02:09:54.7360000,22.62,91.72,101.976
2026-05-23T02:09:55.7770000,22.62,91.75,101.976
2026-05-23T02:09:56.8180000,22.61,91.74,101.976
2026-05-23T02:09:57.9210000,22.62,91.64,101.976
2026-05-23T02:09:58.8990000,22.62,91.69,101.976
2026-05-23T02:09:59.9400000,22.62,91.68,101.976
2026-05-23T02:10:00.9810000,22.61,91.66,101.976
2026-05-23T02:10:02.0210000,22.61,91.66,101.976
2026-05-23T02:10:03.0730000,22.61,91.65,101.976
2026-05-23T02:10:04.1130000,22.61,91.65,101.975
2026-05-23T02:10:05.1540000,22.61,91.64,101.975
2026-05-23T02:10:06.1950000,22.61,91.63,101.976
2026-05-23T02:10:07.2360000,22.61,91.65,101.976
2026-05-23T02:10:08.2770000,22.61,91.63,101.975
2026-05-23T02:10:09.3170000,22.61,91.63,101.975
2026-05-23T02:10:10.3580000,22.61,91.6,101.975
2026-05-23T02:10:11.3990000,22.6,91.57,101.975
2026-05-23T02:10:12.4640000,22.6,91.58,101.975
2026-05-23T02:10:13.4840000,22.6,91.57,101.975
2026-05-23T02:10:14.5240000,22.6,91.56,101.975
2026-05-23T02:10:15.5750000,22.6,91.57,101.975
2026-05-23T02:10:16.6160000,22.6,91.56,101.976
2026-05-23T02:10:17.6570000,22.6,91.53,101.975
2026-05-23T02:10:18.6980000,22.6,91.52,101.975
2026-05-23T02:10:19.7380000,22.6,91.55,101.974
2026-05-23T02:10:20.7790000,22.6,91.49,101.974
2026-05-23T02:10:21.8200000,22.6,91.49,101.974
2026-05-23T02:10:22.8610000,22.59,91.54,101.974
2026-05-23T02:10:23.9010000,22.59,91.47,101.974
2026-05-23T02:10:26.0350000,22.59,91.44,101.975
2026-05-23T02:10:27.0340000,22.58,91.38,101.974
2026-05-23T02:10:28.0750000,22.58,91.38,101.974
2026-05-23T02:10:30.1560000,22.58,91.36,101.973
2026-05-23T02:10:31.1970000,22.58,91.37,101.973
2026-05-23T02:10:32.2380000,22.58,91.36,101.973
2026-05-23T02:10:33.2790000,22.58,91.36,101.973
2026-05-23T02:10:34.3300000,22.58,91.36,101.972
2026-05-23T02:10:35.3710000,22.58,91.32,101.972
2026-05-23T02:10:36.4120000,22.58,91.35,101.972
2026-05-23T02:10:37.4520000,22.58,91.33,101.972
2026-05-23T02:10:38.4930000,22.58,91.36,101.972
2026-05-23T02:10:39.5340000,22.59,91.35,101.972
2026-05-23T02:10:40.5810000,22.59,91.38,101.972
2026-05-23T02:10:41.6220000,22.59,91.38,101.972
2026-05-23T02:10:42.6630000,22.59,91.38,101.972
2026-05-23T02:10:43.7030000,22.59,91.38,101.971
2026-05-23T02:10:44.7440000,22.59,91.39,101.972
2026-05-23T02:10:45.7850000,22.59,91.39,101.973
2026-05-23T02:10:46.8260000,22.59,91.4,101.973
2026-05-23T02:10:47.8660000,22.59,91.36,101.973
2026-05-23T02:10:48.9180000,22.59,91.41,101.972
2026-05-23T02:10:49.9580000,22.59,91.4,101.972
2026-05-23T02:10:50.9990000,22.59,91.39,101.971
2026-05-23T02:10:52.0400000,22.59,91.39,101.971
2026-05-23T02:10:53.0810000,22.6,91.35,101.971
2026-05-23T02:10:54.1560000,22.6,91.38,101.971
2026-05-23T02:10:55.1660000,22.6,91.39,101.972
2026-05-23T02:10:56.2070000,22.6,91.39,101.972
2026-05-23T02:10:57.2470000,22.6,91.39,101.972
2026-05-23T02:10:58.2880000,22.6,91.4,101.972
2026-05-23T02:10:59.3290000,22.6,91.4,101.972
2026-05-23T02:11:00.3700000,22.6,91.41,101.972
2026-05-23T02:11:01.4210000,22.6,91.43,101.972
2026-05-23T02:11:02.4610000,22.6,91.43,101.972
2026-05-23T02:11:03.5020000,22.6,91.43,101.972
2026-05-23T02:11:04.5430000,22.6,91.45,101.972
2026-05-23T02:11:05.5840000,22.61,91.46,101.972
2026-05-23T02:11:06.6240000,22.61,91.42,101.972
2026-05-23T02:11:07.7320000,22.61,91.45,101.973
2026-05-23T02:11:08.7090000,22.61,91.46,101.973
2026-05-23T02:11:09.7500000,22.61,91.47,101.973
2026-05-23T02:11:10.7910000,22.61,91.47,101.973
2026-05-23T02:11:11.8320000,22.61,91.47,101.974
2026-05-23T02:11:12.8730000,22.61,91.47,101.973
2026-05-23T02:11:13.9240000,22.61,91.49,101.974
2026-05-23T02:11:14.9650000,22.61,91.49,101.974
2026-05-23T02:11:16.0050000,22.62,91.48,101.974
2026-05-23T02:11:17.0460000,22.62,91.47,101.974
2026-05-23T02:11:18.0870000,22.62,91.49,101.974
2026-05-23T02:11:19.1280000,22.62,91.53,101.975
2026-05-23T02:11:20.1680000,22.62,91.54,101.975
2026-05-23T02:11:21.2090000,22.62,91.51,101.974
2026-05-23T02:11:22.2740000,22.62,91.55,101.974
2026-05-23T02:11:23.2940000,22.62,91.53,101.975
2026-05-23T02:11:24.3350000,22.62,91.56,101.975
2026-05-23T02:11:25.3760000,22.62,91.55,101.974
2026-05-23T02:11:26.4270000,22.62,91.56,101.974
2026-05-23T02:11:27.4680000,22.62,91.56,101.974
2026-05-23T02:11:28.5090000,22.62,91.57,101.974
2026-05-23T02:11:29.5490000,22.62,91.6,101.974
2026-05-23T02:11:30.5900000,22.63,91.59,101.975
2026-05-23T02:11:31.6310000,22.63,91.62,101.974
2026-05-23T02:11:32.6720000,22.63,91.61,101.975
2026-05-23T02:11:33.7120000,22.63,91.62,101.975
2026-05-23T02:11:34.7540000,22.63,91.63,101.975
2026-05-23T02:11:35.8500000,22.63,91.6,101.976
2026-05-23T02:11:36.8390000,22.63,91.65,101.975
2026-05-23T02:11:37.8790000,22.63,91.65,101.975
2026-05-23T02:11:38.9310000,22.63,91.65,101.975
2026-05-23T02:11:39.9710000,22.63,91.67,101.975
2026-05-23T02:11:41.0120000,22.64,91.67,101.975
2026-05-23T02:11:42.0530000,22.64,91.67,101.975
2026-05-23T02:11:43.0940000,22.64,91.68,101.975
2026-05-23T02:11:44.1350000,22.64,91.68,101.975
2026-05-23T02:11:45.1750000,22.64,91.71,101.974
2026-05-23T02:11:46.2160000,22.64,91.69,101.974
2026-05-23T02:11:47.2570000,22.64,91.72,101.974
2026-05-23T02:11:48.2970000,22.64,91.7,101.973
2026-05-23T02:11:49.3490000,22.64,91.71,101.973
2026-05-23T02:11:50.3930000,22.64,91.73,101.973
2026-05-23T02:11:51.4230000,22.64,91.76,101.973
2026-05-23T02:11:52.4740000,22.64,91.75,101.974
2026-05-23T02:11:53.5150000,22.64,91.77,101.973
2026-05-23T02:11:54.5560000,22.64,91.76,101.972
2026-05-23T02:11:55.5960000,22.64,91.77,101.971
2026-05-23T02:11:56.6370000,22.64,91.78,101.971
2026-05-23T02:11:57.6780000,22.64,91.75,101.97
2026-05-23T02:11:58.7190000,22.64,91.8,101.971
2026-05-23T02:11:59.7590000,22.64,91.77,101.971
2026-05-23T02:12:00.8000000,22.64,91.76,101.97
2026-05-23T02:12:01.8510000,22.64,91.8,101.97
2026-05-23T02:12:02.8920000,22.64,91.8,101.97
2026-05-23T02:12:03.9640000,22.64,91.83,101.97
2026-05-23T02:12:04.9740000,22.64,91.81,101.97
2026-05-23T02:12:06.0140000,22.64,91.82,101.969
2026-05-23T02:12:07.0550000,22.65,91.81,101.97
2026-05-23T02:12:08.0960000,22.65,91.82,101.969
2026-05-23T02:12:09.1370000,22.65,91.83,101.969
2026-05-23T02:12:10.1780000,22.65,91.83,101.968
2026-05-23T02:12:11.2290000,22.65,91.77,101.968
2026-05-23T02:12:12.2700000,22.65,91.82,101.968
2026-05-23T02:12:13.3100000,22.65,91.84,101.968
2026-05-23T02:12:14.3520000,22.65,91.86,101.967
2026-05-23T02:12:15.3930000,22.65,91.82,101.968
2026-05-23T02:12:16.4330000,22.65,91.9,101.968
2026-05-23T02:12:17.5400000,22.65,91.87,101.967
2026-05-23T02:12:19.5590000,22.65,91.87,101.968
2026-05-23T02:12:20.6000000,22.65,91.87,101.967
2026-05-23T02:12:21.6410000,22.64,91.86,101.967
2026-05-23T02:12:22.6810000,22.64,91.88,101.967
2026-05-23T02:12:23.7220000,22.64,91.89,101.967
2026-05-23T02:12:24.7740000,22.64,91.89,101.967
2026-05-23T02:12:25.8140000,22.64,91.89,101.967
2026-05-23T02:12:26.8550000,22.65,91.88,101.967
2026-05-23T02:12:27.8960000,22.65,91.88,101.967
2026-05-23T02:12:28.9370000,22.64,91.89,101.967
2026-05-23T02:12:29.9780000,22.64,91.9,101.968
2026-05-23T02:12:31.0180000,22.65,91.9,101.968
2026-05-23T02:12:32.0800000,22.65,91.91,101.968
2026-05-23T02:12:33.1000000,22.65,91.91,101.968
2026-05-23T02:12:34.1410000,22.65,91.91,101.968
2026-05-23T02:12:35.1920000,22.65,91.93,101.968
2026-05-23T02:12:36.2330000,22.65,91.91,101.968
2026-05-23T02:12:37.2730000,22.64,91.92,101.968
2026-05-23T02:12:38.3140000,22.64,91.91,101.968
2026-05-23T02:12:39.3550000,22.64,91.82,101.968
2026-05-23T02:12:40.3950000,22.64,91.91,101.968
2026-05-23T02:12:41.4360000,22.64,91.92,101.968
2026-05-23T02:12:42.4770000,22.64,91.94,101.968
2026-05-23T02:12:43.5280000,22.65,91.95,101.968
2026-05-23T02:12:44.5690000,22.65,91.92,101.968
2026-05-23T02:12:45.6550000,22.65,91.9,101.967
2026-05-23T02:12:46.6540000,22.65,91.94,101.967
2026-05-23T02:12:47.6950000,22.65,91.94,101.967
2026-05-23T02:12:48.7360000,22.64,91.94,101.966
2026-05-23T02:12:49.7760000,22.64,91.94,101.966
2026-05-23T02:12:50.8170000,22.64,91.94,101.966
2026-05-23T02:12:51.8580000,22.64,91.94,101.966
2026-05-23T02:12:52.8990000,22.64,91.95,101.966
2026-05-23T02:12:53.9390000,22.64,91.96,101.966
2026-05-23T02:12:54.9800000,22.64,91.98,101.966
2026-05-23T02:12:56.0210000,22.65,91.93,101.966
2026-05-23T02:12:57.0720000,22.65,91.96,101.966
2026-05-23T02:12:58.1130000,22.65,91.97,101.966
2026-05-23T02:12:59.1540000,22.65,91.94,101.966
2026-05-23T02:13:00.1980000,22.64,91.95,101.965
2026-05-23T02:13:01.2390000,22.64,91.96,101.965
2026-05-23T02:13:02.2800000,22.64,91.95,101.965
2026-05-23T02:13:03.3200000,22.64,91.95,101.965
2026-05-23T02:13:04.3610000,22.64,91.95,101.964
2026-05-23T02:13:05.4020000,22.64,91.95,101.965
2026-05-23T02:13:06.4430000,22.64,91.95,101.965
2026-05-23T02:13:07.4830000,22.64,92,101.965
2026-05-23T02:13:08.5240000,22.64,91.98,101.965
2026-05-23T02:13:09.5750000,22.64,91.96,101.965
2026-05-23T02:13:10.6160000,22.64,91.94,101.965
2026-05-23T02:13:11.6570000,22.64,91.96,101.965
2026-05-23T02:13:12.6980000,22.64,91.95,101.965
2026-05-23T02:13:13.7700000,22.64,91.91,101.964
2026-05-23T02:13:14.7800000,22.64,91.93,101.964
2026-05-23T02:13:15.8200000,22.63,91.93,101.964
2026-05-23T02:13:16.8610000,22.63,91.92,101.964
2026-05-23T02:13:17.9020000,22.63,91.9,101.964
2026-05-23T02:13:18.9530000,22.63,91.89,101.964
2026-05-23T02:13:19.9940000,22.63,91.9,101.964
2026-05-23T02:13:21.0350000,22.63,91.94,101.964
2026-05-23T02:13:22.0750000,22.63,91.89,101.965
2026-05-23T02:13:23.1160000,22.63,91.89,101.965
2026-05-23T02:13:24.1570000,22.63,91.87,101.966
2026-05-23T02:13:25.1970000,22.62,91.86,101.966
2026-05-23T02:13:26.2380000,22.62,91.86,101.965
2026-05-23T02:13:27.3460000,22.62,91.85,101.966
2026-05-23T02:13:28.3230000,22.62,91.87,101.966
2026-05-23T02:13:29.3640000,22.62,91.87,101.966
2026-05-23T02:13:30.4050000,22.62,91.86,101.966
2026-05-23T02:13:31.4560000,22.62,91.86,101.967
2026-05-23T02:13:32.4970000,22.61,91.86,101.967
2026-05-23T02:13:33.5370000,22.61,91.84,101.966
2026-05-23T02:13:34.5780000,22.62,91.85,101.967
2026-05-23T02:13:35.6190000,22.62,91.85,101.967
2026-05-23T02:13:36.6600000,22.62,91.86,101.966
2026-05-23T02:13:37.7010000,22.62,91.84,101.966
2026-05-23T02:13:38.7410000,22.61,91.86,101.966
2026-05-23T02:13:39.7820000,22.62,91.87,101.966
2026-05-23T02:13:40.8330000,22.62,91.8,101.966
2026-05-23T02:13:41.8880000,22.62,91.84,101.966
2026-05-23T02:13:42.9080000,22.62,91.82,101.965
2026-05-23T02:13:45.0000000,22.61,91.8,101.964
2026-05-23T02:13:46.0410000,22.61,91.8,101.964
2026-05-23T02:13:47.0820000,22.61,91.8,101.964
2026-05-23T02:13:48.1220000,22.61,91.82,101.964
2026-05-23T02:13:49.1630000,22.61,91.82,101.965
2026-05-23T02:13:50.2040000,22.61,91.82,101.964
2026-05-23T02:13:51.2450000,22.61,91.79,101.965
2026-05-23T02:13:52.2850000,22.62,91.8,101.966
2026-05-23T02:13:53.3360000,22.61,91.76,101.966
2026-05-23T02:13:54.3770000,22.61,91.77,101.965
2026-05-23T02:13:55.4600000,22.61,91.72,101.965
2026-05-23T02:13:56.4590000,22.61,91.75,101.965
2026-05-23T02:13:57.4990000,22.61,91.73,101.965
2026-05-23T02:13:58.5400000,22.61,91.74,101.965
2026-05-23T02:13:59.5810000,22.61,91.74,101.965
2026-05-23T02:14:00.6220000,22.61,91.74,101.965
2026-05-23T02:14:01.6630000,22.61,91.72,101.964
2026-05-23T02:14:02.7140000,22.61,91.73,101.964
2026-05-23T02:14:03.7550000,22.61,91.74,101.964
2026-05-23T02:14:04.7950000,22.61,91.72,101.964
2026-05-23T02:14:05.8360000,22.61,91.72,101.964
2026-05-23T02:14:06.8770000,22.61,91.74,101.963
2026-05-23T02:14:07.9180000,22.61,91.75,101.964
2026-05-23T02:14:08.9580000,22.61,91.75,101.964
2026-05-23T02:14:10.0060000,22.61,91.74,101.964
2026-05-23T02:14:11.0470000,22.61,91.74,101.963
2026-05-23T02:14:12.0880000,22.61,91.75,101.963
2026-05-23T02:14:13.1280000,22.61,91.75,101.963
2026-05-23T02:14:14.1690000,22.61,91.75,101.963
2026-05-23T02:14:15.2100000,22.61,91.76,101.963
2026-05-23T02:14:16.2510000,22.61,91.77,101.963
2026-05-23T02:14:17.3020000,22.62,91.78,101.963
2026-05-23T02:14:18.3420000,22.62,91.76,101.963
2026-05-23T02:14:19.3830000,22.62,91.74,101.962
2026-05-23T02:14:20.4240000,22.62,91.75,101.961
2026-05-23T02:14:21.4650000,22.62,91.76,101.961
2026-05-23T02:14:22.5050000,22.61,91.78,101.961
2026-05-23T02:14:23.5780000,22.62,91.73,101.963
2026-05-23T02:14:24.5870000,22.62,91.78,101.963
2026-05-23T02:14:25.6380000,22.62,91.78,101.963
2026-05-23T02:14:26.6790000,22.62,91.8,101.963
2026-05-23T02:14:27.7200000,22.62,91.8,101.963
2026-05-23T02:14:28.7600000,22.62,91.81,101.963
2026-05-23T02:14:29.8010000,22.62,91.8,101.963
2026-05-23T02:14:30.8420000,22.62,91.83,101.964
2026-05-23T02:14:31.8830000,22.62,91.8,101.963
2026-05-23T02:14:32.9240000,22.62,91.84,101.963
2026-05-23T02:14:33.9640000,22.63,91.83,101.963
2026-05-23T02:14:35.0050000,22.62,91.85,101.963
2026-05-23T02:14:36.0560000,22.62,91.84,101.962
2026-05-23T02:14:37.1530000,22.62,91.85,101.962
2026-05-23T02:14:38.1410000,22.62,91.87,101.962
2026-05-23T02:14:39.1820000,22.63,91.86,101.962
2026-05-23T02:14:40.2230000,22.63,91.87,101.962
2026-05-23T02:14:41.2640000,22.63,91.87,101.962
2026-05-23T02:14:42.3040000,22.63,91.87,101.962
2026-05-23T02:14:43.3450000,22.63,91.88,101.962
2026-05-23T02:14:44.3860000,22.63,91.88,101.963
2026-05-23T02:14:45.4260000,22.63,91.91,101.962
2026-05-23T02:14:46.4670000,22.63,91.91,101.963
2026-05-23T02:14:47.5190000,22.63,91.89,101.963
2026-05-23T02:14:48.5590000,22.63,91.89,101.962
2026-05-23T02:14:49.6000000,22.63,91.89,101.962
2026-05-23T02:14:50.6410000,22.63,91.91,101.961
2026-05-23T02:14:51.6960000,22.63,91.95,101.961
2026-05-23T02:14:52.7260000,22.63,91.94,101.961
2026-05-23T02:14:53.7670000,22.63,91.95,101.961
2026-05-23T02:14:54.8080000,22.63,91.95,101.961
2026-05-23T02:14:55.8480000,22.63,91.96,101.961
2026-05-23T02:14:56.8890000,22.63,91.95,101.962
2026-05-23T02:14:57.9300000,22.63,91.99,101.962
2026-05-23T02:14:58.9810000,22.63,92,101.962
2026-05-23T02:15:00.0220000,22.63,91.95,101.962
2026-05-23T02:15:01.0630000,22.63,92.01,101.961
2026-05-23T02:15:02.1030000,22.64,91.98,101.962
2026-05-23T02:15:03.1440000,22.63,91.98,101.961
2026-05-23T02:15:04.1850000,22.64,92.01,101.962
2026-05-23T02:15:05.2680000,22.64,92.02,101.961
2026-05-23T02:15:06.2660000,22.63,92.02,101.961
2026-05-23T02:15:07.3170000,22.64,92.02,101.962
2026-05-23T02:15:08.3580000,22.64,92.02,101.962
2026-05-23T02:15:09.3990000,22.63,92.04,101.962
2026-05-23T02:15:10.4400000,22.63,92.02,101.962
2026-05-23T02:15:11.4810000,22.63,92.03,101.962
2026-05-23T02:15:12.5210000,22.63,92.04,101.962
2026-05-23T02:15:13.5620000,22.63,92.02,101.962
2026-05-23T02:15:14.6030000,22.63,92.08,101.962
2026-05-23T02:15:15.6440000,22.63,92.04,101.962
2026-05-23T02:15:16.6950000,22.63,92.03,101.961
2026-05-23T02:15:17.7360000,22.63,92.05,101.961
2026-05-23T02:15:18.8430000,22.63,92.03,101.962
2026-05-23T02:15:19.8210000,22.63,92.07,101.961
2026-05-23T02:15:20.8620000,22.63,92.09,101.961
2026-05-23T02:15:21.9020000,22.63,92.07,101.962
2026-05-23T02:15:22.9430000,22.63,92.07,101.961
2026-05-23T02:15:23.9840000,22.63,92.07,101.962
2026-05-23T02:15:25.0240000,22.62,92.05,101.962
2026-05-23T02:15:26.0650000,22.62,92.04,101.962
2026-05-23T02:15:27.1060000,22.62,92.03,101.962
2026-05-23T02:15:28.1570000,22.62,92.05,101.962
2026-05-23T02:15:29.1980000,22.62,92.05,101.962
2026-05-23T02:15:30.2380000,22.62,92.07,101.961
2026-05-23T02:15:31.2790000,22.62,92.03,101.961
2026-05-23T02:15:32.3200000,22.62,92.06,101.962
2026-05-23T02:15:33.3850000,22.62,92.11,101.962
2026-05-23T02:15:34.4050000,22.62,92.07,101.962
2026-05-23T02:15:35.4460000,22.62,92.06,101.962
2026-05-23T02:15:36.4860000,22.62,92.07,101.962
2026-05-23T02:15:37.5270000,22.62,92.07,101.962
2026-05-23T02:15:38.5780000,22.62,92.09,101.962
2026-05-23T02:15:39.6190000,22.62,92.07,101.961
2026-05-23T02:15:40.6600000,22.62,92.14,101.961
2026-05-23T02:15:41.7010000,22.62,92.09,101.961
2026-05-23T02:15:42.7420000,22.62,92.07,101.961
2026-05-23T02:15:43.7820000,22.62,92.08,101.961
2026-05-23T02:15:44.8230000,22.62,92.09,101.961
2026-05-23T02:15:45.8640000,22.62,92.1,101.961
2026-05-23T02:15:46.9610000,22.62,92.09,101.96
2026-05-23T02:15:47.9490000,22.62,92.11,101.959
2026-05-23T02:15:48.9900000,22.62,92.12,101.959
2026-05-23T02:15:50.0410000,22.62,92.12,101.959
2026-05-23T02:15:51.0820000,22.62,92.12,101.959
2026-05-23T02:15:52.1220000,22.62,92.11,101.959
2026-05-23T02:15:53.1630000,22.62,92.12,101.958
2026-05-23T02:15:54.2040000,22.62,92.12,101.958
2026-05-23T02:15:55.2440000,22.62,92.11,101.959
2026-05-23T02:15:56.2850000,22.62,92.11,101.959
2026-05-23T02:15:57.3260000,22.62,92.14,101.959
2026-05-23T02:15:58.3770000,22.62,92.11,101.959
2026-05-23T02:15:59.4180000,22.62,92.13,101.959
2026-05-23T02:16:00.4590000,22.62,92.1,101.959
2026-05-23T02:16:01.5060000,22.62,92.13,101.959
2026-05-23T02:16:02.5370000,22.62,92.13,101.959
2026-05-23T02:16:03.5880000,22.62,92.13,101.959
2026-05-23T02:16:04.6290000,22.62,92.14,101.958
2026-05-23T02:16:05.6690000,22.62,92.13,101.958
2026-05-23T02:16:06.7100000,22.63,92.13,101.958
2026-05-23T02:16:07.7510000,22.63,92.14,101.958
2026-05-23T02:16:08.7920000,22.63,92.13,101.959
2026-05-23T02:16:09.8330000,22.63,92.13,101.959
2026-05-23T02:16:10.8730000,22.62,92.12,101.959
2026-05-23T02:16:11.9140000,22.62,92.16,101.96
2026-05-23T02:16:12.9650000,22.62,92.13,101.959
2026-05-23T02:16:14.0070000,22.62,92.13,101.959
2026-05-23T02:16:15.0810000,22.62,92.13,101.959
2026-05-23T02:16:16.0900000,22.62,92.13,101.96
2026-05-23T02:16:17.1310000,22.62,92.13,101.96
2026-05-23T02:16:18.1720000,22.62,92.12,101.96
2026-05-23T02:16:19.2120000,22.62,92.12,101.96
2026-05-23T02:16:20.2530000,22.62,92.12,101.959
2026-05-23T02:16:21.2940000,22.62,92.11,101.959
2026-05-23T02:16:22.3350000,22.62,92.14,101.959
2026-05-23T02:16:23.3860000,22.62,92.12,101.959
2026-05-23T02:16:24.4270000,22.61,92.11,101.959
2026-05-23T02:16:25.4670000,22.61,92.14,101.96
2026-05-23T02:16:26.5080000,22.61,92.11,101.96
2026-05-23T02:16:27.5490000,22.61,92.09,101.96
2026-05-23T02:16:28.6530000,22.61,92.14,101.96
2026-05-23T02:16:29.6310000,22.61,92.09,101.961
2026-05-23T02:16:30.6710000,22.61,92.09,101.961
2026-05-23T02:16:31.7120000,22.61,92.09,101.959
2026-05-23T02:16:32.7630000,22.61,92.08,101.96
2026-05-23T02:16:33.8040000,22.61,92.08,101.96
2026-05-23T02:16:34.8450000,22.61,92.08,101.96
2026-05-23T02:16:35.8860000,22.61,92.08,101.96
2026-05-23T02:16:36.9270000,22.61,92.08,101.96
2026-05-23T02:16:37.9680000,22.61,92.08,101.961
2026-05-23T02:16:39.0090000,22.61,92.04,101.961
2026-05-23T02:16:40.0490000,22.6,92.08,101.96
2026-05-23T02:16:41.1000000,22.6,92.07,101.96
2026-05-23T02:16:42.1410000,22.6,92.06,101.96
2026-05-23T02:16:43.1990000,22.6,92.07,101.96
2026-05-23T02:16:44.2190000,22.6,92.07,101.959
2026-05-23T02:16:45.2600000,22.6,92.05,101.96
2026-05-23T02:16:46.3010000,22.6,92.07,101.96
2026-05-23T02:16:47.3520000,22.6,92.06,101.96
2026-05-23T02:16:48.3930000,22.6,92.07,101.959
2026-05-23T02:16:49.4340000,22.6,92.07,101.96
2026-05-23T02:16:50.4740000,22.6,92.1,101.96
2026-05-23T02:16:51.5150000,22.6,92.04,101.959
2026-05-23T02:16:52.5560000,22.6,92.06,101.959
2026-05-23T02:16:53.5970000,22.6,92.05,101.959
2026-05-23T02:16:54.6380000,22.6,92.04,101.958
2026-05-23T02:16:55.6790000,22.6,92.05,101.958
2026-05-23T02:16:56.7720000,22.6,92.07,101.956
2026-05-23T02:16:57.7710000,22.6,92.04,101.957
2026-05-23T02:16:58.8120000,22.6,92.03,101.957
2026-05-23T02:16:59.8530000,22.6,92.03,101.957
2026-05-23T02:17:00.8930000,22.6,92.03,101.956
2026-05-23T02:17:01.9340000,22.6,92.03,101.956
2026-05-23T02:17:02.9750000,22.6,92.03,101.957
2026-05-23T02:17:04.0150000,22.6,92.03,101.958
2026-05-23T02:17:05.0560000,22.6,92.03,101.958
2026-05-23T02:17:06.1070000,22.6,92.04,101.958
2026-05-23T02:17:07.1480000,22.6,92,101.957
2026-05-23T02:17:08.1890000,22.6,91.99,101.958
2026-05-23T02:17:09.2290000,22.6,92.02,101.958
2026-05-23T02:17:10.2700000,22.6,92.01,101.96
2026-05-23T02:17:11.3140000,22.61,92.03,101.961
2026-05-23T02:17:12.3550000,22.61,92.02,101.961
2026-05-23T02:17:13.3960000,22.61,92.01,101.961
2026-05-23T02:17:14.4370000,22.61,92.01,101.962
2026-05-23T02:17:15.4780000,22.61,92.02,101.962
2026-05-23T02:17:16.5180000,22.61,92.02,101.962
2026-05-23T02:17:17.5700000,22.61,92.01,101.961
2026-05-23T02:17:18.6100000,22.61,92.03,101.961
2026-05-23T02:17:19.6510000,22.61,92.03,101.96
2026-05-23T02:17:20.6920000,22.61,91.99,101.96
2026-05-23T02:17:21.7320000,22.61,92.02,101.959
2026-05-23T02:17:22.7730000,22.61,92.01,101.96
2026-05-23T02:17:23.8140000,22.61,91.99,101.96
2026-05-23T02:17:24.8900000,22.61,91.98,101.959
2026-05-23T02:17:25.8990000,22.61,91.99,101.959
2026-05-23T02:17:26.9400000,22.61,91.98,101.958
2026-05-23T02:17:27.9800000,22.61,91.96,101.959
2026-05-23T02:17:29.0320000,22.61,91.96,101.958
2026-05-23T02:17:30.0720000,22.61,91.96,101.958
2026-05-23T02:17:31.1130000,22.6,91.95,101.958
2026-05-23T02:17:32.1540000,22.6,91.94,101.957
2026-05-23T02:17:33.1950000,22.6,91.95,101.957
2026-05-23T02:17:34.2350000,22.6,91.93,101.956
2026-05-23T02:17:35.2760000,22.6,91.98,101.956
2026-05-23T02:17:36.3170000,22.6,91.9,101.956
2026-05-23T02:17:37.3580000,22.6,91.94,101.956
2026-05-23T02:17:38.4650000,22.6,91.93,101.956
2026-05-23T02:17:39.4430000,22.6,91.88,101.956
2026-05-23T02:17:40.4840000,22.6,91.9,101.956
2026-05-23T02:17:41.5350000,22.6,91.9,101.956
2026-05-23T02:17:42.5760000,22.6,91.9,101.956
2026-05-23T02:17:43.6160000,22.6,91.88,101.956
2026-05-23T02:17:44.6580000,22.6,91.89,101.956
2026-05-23T02:17:45.6980000,22.6,91.88,101.956
2026-05-23T02:17:46.7390000,22.6,91.88,101.956
2026-05-23T02:17:47.7800000,22.6,91.87,101.956
2026-05-23T02:17:48.8210000,22.6,91.84,101.955
2026-05-23T02:17:49.8610000,22.59,91.82,101.954
2026-05-23T02:17:50.9020000,22.59,91.82,101.954
2026-05-23T02:17:51.9530000,22.59,91.83,101.954
2026-05-23T02:17:53.0080000,22.59,91.87,101.954
2026-05-23T02:17:54.0280000,22.59,91.81,101.954
2026-05-23T02:17:55.0790000,22.59,91.81,101.955
2026-05-23T02:17:56.1200000,22.59,91.8,101.955
2026-05-23T02:17:57.1600000,22.59,91.8,101.954
2026-05-23T02:17:58.2010000,22.59,91.77,101.954
2026-05-23T02:17:59.2420000,22.59,91.76,101.955
2026-05-23T02:18:00.2830000,22.59,91.79,101.955
2026-05-23T02:18:01.3240000,22.59,91.75,101.955
2026-05-23T02:18:02.3640000,22.59,91.77,101.954
2026-05-23T02:18:03.4050000,22.59,91.77,101.954
2026-05-23T02:18:04.4570000,22.59,91.7,101.954
2026-05-23T02:18:05.4970000,22.58,91.67,101.954
2026-05-23T02:18:06.5800000,22.58,91.66,101.953
2026-05-23T02:18:07.5790000,22.58,91.65,101.953
2026-05-23T02:18:08.6200000,22.57,91.64,101.953
2026-05-23T02:18:09.6610000,22.57,91.62,101.953
2026-05-23T02:18:10.7010000,22.57,91.61,101.953
2026-05-23T02:18:11.7420000,22.57,91.59,101.953
2026-05-23T02:18:12.7930000,22.57,91.6,101.953
2026-05-23T02:18:13.8340000,22.57,91.6,101.953
2026-05-23T02:18:14.8750000,22.57,91.58,101.953
2026-05-23T02:18:15.9160000,22.57,91.59,101.953
2026-05-23T02:18:16.9570000,22.57,91.56,101.953
2026-05-23T02:18:17.9970000,22.57,91.6,101.954
2026-05-23T02:18:19.0380000,22.57,91.59,101.954
2026-05-23T02:18:20.0790000,22.57,91.59,101.953
2026-05-23T02:18:21.1230000,22.57,91.6,101.953
2026-05-23T02:18:22.1640000,22.57,91.59,101.953
2026-05-23T02:18:23.2050000,22.57,91.59,101.953
2026-05-23T02:18:24.2460000,22.57,91.6,101.953
2026-05-23T02:18:25.2870000,22.57,91.59,101.954
2026-05-23T02:18:26.3380000,22.57,91.58,101.954
2026-05-23T02:18:27.3790000,22.57,91.58,101.954
2026-05-23T02:18:28.4190000,22.57,91.58,101.954
2026-05-23T02:18:29.4600000,22.57,91.59,101.953
2026-05-23T02:18:30.5010000,22.57,91.57,101.953
2026-05-23T02:18:31.5420000,22.57,91.57,101.953
2026-05-23T02:18:32.5830000,22.57,91.57,101.954
2026-05-23T02:18:33.6230000,22.57,91.57,101.954
2026-05-23T02:18:34.6950000,22.58,91.62,101.955
2026-05-23T02:18:35.7150000,22.58,91.6,101.955
2026-05-23T02:18:36.7560000,22.58,91.61,101.955
2026-05-23T02:18:37.7970000,22.58,91.61,101.955
2026-05-23T02:18:38.8370000,22.58,91.64,101.955
2026-05-23T02:18:39.8780000,22.58,91.64,101.955
2026-05-23T02:18:40.9190000,22.58,91.64,101.955
2026-05-23T02:18:41.9590000,22.58,91.62,101.956
2026-05-23T02:18:43.0000000,22.58,91.61,101.956
2026-05-23T02:18:44.0510000,22.58,91.62,101.955
2026-05-23T02:18:45.0920000,22.58,91.6,101.955
2026-05-23T02:18:46.1330000,22.58,91.62,101.955
2026-05-23T02:18:47.1740000,22.58,91.66,101.955
2026-05-23T02:18:48.2700000,22.58,91.68,101.954
2026-05-23T02:18:49.2590000,22.58,91.67,101.954
2026-05-23T02:18:50.2990000,22.58,91.66,101.954
2026-05-23T02:18:51.3400000,22.59,91.67,101.954
2026-05-23T02:18:52.3810000,22.59,91.68,101.954
2026-05-23T02:18:53.4210000,22.59,91.68,101.954
2026-05-23T02:18:54.4620000,22.59,91.68,101.954
2026-05-23T02:18:55.5030000,22.59,91.69,101.954
2026-05-23T02:18:56.5540000,22.59,91.7,101.955
2026-05-23T02:18:57.5950000,22.59,91.71,101.955
2026-05-23T02:18:58.6360000,22.59,91.69,101.955
2026-05-23T02:18:59.6770000,22.59,91.69,101.955
2026-05-23T02:19:00.7170000,22.59,91.71,101.956
2026-05-23T02:19:01.7580000,22.59,91.68,101.956
2026-05-23T02:19:02.8130000,22.6,91.73,101.957
2026-05-23T02:19:03.8430000,22.59,91.74,101.956
2026-05-23T02:19:04.8840000,22.6,91.74,101.956
2026-05-23T02:19:05.9240000,22.6,91.75,101.957
2026-05-23T02:19:06.9650000,22.6,91.75,101.957
2026-05-23T02:19:08.0160000,22.6,91.76,101.957
2026-05-23T02:19:09.0570000,22.6,91.76,101.957
2026-05-23T02:19:10.0980000,22.6,91.81,101.958
2026-05-23T02:19:11.1390000,22.6,91.78,101.958
2026-05-23T02:19:12.1790000,22.6,91.79,101.958
2026-05-23T02:19:13.2200000,22.6,91.79,101.957
2026-05-23T02:19:14.2610000,22.6,91.79,101.958
2026-05-23T02:19:15.3020000,22.6,91.79,101.957
2026-05-23T02:19:16.3880000,22.61,91.8,101.959
2026-05-23T02:19:17.3870000,22.6,91.81,101.959
2026-05-23T02:19:18.4280000,22.6,91.82,101.959
2026-05-23T02:19:19.4790000,22.6,91.83,101.96
2026-05-23T02:19:20.5200000,22.61,91.85,101.961
2026-05-23T02:19:21.5600000,22.61,91.85,101.96
2026-05-23T02:19:22.6010000,22.58,91.84,101.955
2026-05-23T02:19:23.6420000,22.59,91.86,101.955
2026-05-23T02:19:24.6830000,22.59,91.87,101.956
2026-05-23T02:19:25.7230000,22.6,91.86,101.957
2026-05-23T02:19:26.7640000,22.6,91.88,101.957
2026-05-23T02:19:27.8050000,22.6,91.87,101.957
2026-05-23T02:19:28.8560000,22.6,91.86,101.957
2026-05-23T02:19:29.9600000,22.61,91.89,101.957
2026-05-23T02:19:30.9370000,22.61,91.92,101.957
2026-05-23T02:19:31.9780000,22.61,91.92,101.956
2026-05-23T02:19:33.0190000,22.61,91.93,101.957
2026-05-23T02:19:34.0600000,22.61,91.94,101.957
2026-05-23T02:19:35.1010000,22.61,91.94,101.957
2026-05-23T02:19:36.1410000,22.61,91.95,101.957
2026-05-23T02:19:37.1820000,22.61,91.98,101.957
2026-05-23T02:19:38.2330000,22.61,92.01,101.957
2026-05-23T02:19:39.2740000,22.61,91.94,101.957
2026-05-23T02:19:40.3150000,22.61,91.97,101.958
2026-05-23T02:19:41.3560000,22.62,91.96,101.958
2026-05-23T02:19:42.3960000,22.62,91.96,101.958
2026-05-23T02:19:43.4370000,22.62,92,101.958
2026-05-23T02:19:44.5060000,22.61,92.01,101.957
2026-05-23T02:19:45.5260000,22.62,92.02,101.957
2026-05-23T02:19:46.5660000,22.62,92.03,101.957
2026-05-23T02:19:47.6070000,22.62,92.03,101.957
2026-05-23T02:19:48.6480000,22.62,92.03,101.957
2026-05-23T02:19:49.6880000,22.62,92.04,101.957
2026-05-23T02:19:50.7290000,22.62,92.04,101.957
2026-05-23T02:19:51.7700000,22.62,92.1,101.957
2026-05-23T02:19:52.8210000,22.62,92.04,101.958
2026-05-23T02:19:53.8620000,22.62,92.05,101.957
2026-05-23T02:19:54.9030000,22.62,92.06,101.957
2026-05-23T02:19:55.9440000,22.62,92.08,101.957
2026-05-23T02:19:56.9850000,22.62,92.05,101.957
2026-05-23T02:19:58.0780000,22.62,92.08,101.958
2026-05-23T02:19:59.0660000,22.62,92.07,101.958
2026-05-23T02:20:00.1070000,22.62,92.07,101.957
2026-05-23T02:20:01.1480000,22.61,92.06,101.957
2026-05-23T02:20:02.1880000,22.61,92.08,101.957
2026-05-23T02:20:03.2400000,22.61,92.1,101.957
2026-05-23T02:20:04.2800000,22.61,92.08,101.957
2026-05-23T02:20:05.3210000,22.61,92.08,101.957
2026-05-23T02:20:06.3620000,22.61,92.09,101.957
2026-05-23T02:20:07.4030000,22.61,92.12,101.957
2026-05-23T02:20:08.4430000,22.61,92.09,101.957
2026-05-23T02:20:09.4840000,22.61,92.09,101.957
2026-05-23T02:20:10.5250000,22.61,92.1,101.957
2026-05-23T02:20:11.5760000,22.61,92.13,101.958
2026-05-23T02:20:12.6200000,22.61,92.12,101.958
2026-05-23T02:20:13.6510000,22.61,92.14,101.958
2026-05-23T02:20:14.7020000,22.61,92.13,101.958
2026-05-23T02:20:15.7430000,22.61,92.13,101.958
2026-05-23T02:20:16.7830000,22.61,92.13,101.957
2026-05-23T02:20:17.8240000,22.61,92.14,101.957
2026-05-23T02:20:18.8650000,22.61,92.14,101.957
2026-05-23T02:20:19.9050000,22.61,92.11,101.957
2026-05-23T02:20:20.9460000,22.61,92.13,101.957
2026-05-23T02:20:21.9870000,22.62,92.11,101.957
2026-05-23T02:20:23.0280000,22.61,92.16,101.957
2026-05-23T02:20:24.0790000,22.61,92.15,101.957
2026-05-23T02:20:25.1200000,22.61,92.11,101.957
2026-05-23T02:20:26.1950000,22.62,92.12,101.956
2026-05-23T02:20:27.1940000,22.62,92.17,101.956
2026-05-23T02:20:28.2460000,22.62,92.16,101.955
2026-05-23T02:20:29.2860000,22.62,92.17,101.955
2026-05-23T02:20:30.3270000,22.61,92.17,101.954
2026-05-23T02:20:31.3680000,22.61,92.17,101.954
2026-05-23T02:20:32.4090000,22.61,92.18,101.954
2026-05-23T02:20:33.4490000,22.61,92.17,101.955
2026-05-23T02:20:34.4900000,22.61,92.17,101.954
2026-05-23T02:20:35.5310000,22.61,92.19,101.954
2026-05-23T02:20:36.5820000,22.61,92.16,101.954
2026-05-23T02:20:37.6230000,22.61,92.22,101.954
2026-05-23T02:20:38.6630000,22.61,92.17,101.953
2026-05-23T02:20:39.7670000,22.62,92.2,101.954
2026-05-23T02:20:40.7450000,22.61,92.17,101.954
2026-05-23T02:20:41.7850000,22.61,92.16,101.954
2026-05-23T02:20:42.8260000,22.61,92.17,101.954
2026-05-23T02:20:43.8670000,22.61,92.17,101.954
2026-05-23T02:20:44.9080000,22.61,92.17,101.954
2026-05-23T02:20:45.9590000,22.61,92.17,101.954
2026-05-23T02:20:47.0000000,22.61,92.17,101.955
2026-05-23T02:20:48.0410000,22.6,92.18,101.954
2026-05-23T02:20:49.0810000,22.61,92.15,101.955
2026-05-23T02:20:50.1220000,22.6,92.19,101.955
2026-05-23T02:20:51.1630000,22.6,92.18,101.955
2026-05-23T02:20:52.2040000,22.6,92.16,101.955
2026-05-23T02:20:53.2440000,22.6,92.16,101.954
2026-05-23T02:20:54.3100000,22.6,92.12,101.955
2026-05-23T02:20:55.3290000,22.6,92.17,101.955
2026-05-23T02:20:56.3700000,22.6,92.16,101.955
2026-05-23T02:20:57.4110000,22.6,92.17,101.954
2026-05-23T02:20:58.4620000,22.6,92.17,101.954
2026-05-23T02:20:59.5030000,22.6,92.17,101.954
2026-05-23T02:21:00.5430000,22.59,92.15,101.954
2026-05-23T02:21:01.5840000,22.59,92.18,101.954
2026-05-23T02:21:02.6250000,22.59,92.13,101.954
2026-05-23T02:21:03.6660000,22.59,92.15,101.955
2026-05-23T02:21:04.7090000,22.59,92.15,101.955
2026-05-23T02:21:05.7500000,22.59,92.15,101.954
2026-05-23T02:21:06.7910000,22.59,92.16,101.954
2026-05-23T02:21:07.8840000,22.59,92.13,101.955
2026-05-23T02:21:08.8820000,22.59,92.14,101.955
2026-05-23T02:21:09.9230000,22.59,92.14,101.955
2026-05-23T02:21:10.9640000,22.59,92.14,101.955
2026-05-23T02:21:12.0050000,22.59,92.13,101.955
2026-05-23T02:21:13.0450000,22.59,92.14,101.955
2026-05-23T02:21:14.0860000,22.59,92.13,101.956
2026-05-23T02:21:15.1270000,22.59,92.13,101.956
2026-05-23T02:21:16.1680000,22.59,92.11,101.957
2026-05-23T02:21:17.2090000,22.59,92.16,101.957
2026-05-23T02:21:18.2500000,22.59,92.13,101.957
2026-05-23T02:21:19.3010000,22.59,92.15,101.957
2026-05-23T02:21:20.3420000,22.59,92.12,101.957
2026-05-23T02:21:21.3820000,22.59,92.13,101.956
2026-05-23T02:21:22.4270000,22.59,92.11,101.957
2026-05-23T02:21:23.4670000,22.59,92.13,101.958
2026-05-23T02:21:24.5080000,22.59,92.14,101.958
2026-05-23T02:21:25.5490000,22.59,92.13,101.957
2026-05-23T02:21:26.5890000,22.59,92.13,101.957
2026-05-23T02:21:27.6300000,22.59,92.12,101.958
2026-05-23T02:21:28.6710000,22.59,92.13,101.958
2026-05-23T02:21:29.7110000,22.59,92.15,101.958
2026-05-23T02:21:30.7630000,22.59,92.13,101.959
2026-05-23T02:21:31.8040000,22.59,92.13,101.959
2026-05-23T02:21:32.8440000,22.59,92.14,101.958
2026-05-23T02:21:33.8850000,22.59,92.12,101.959
2026-05-23T02:21:34.9260000,22.59,92.1,101.959
2026-05-23T02:21:36.0010000,22.59,92.1,101.958
2026-05-23T02:21:37.0110000,22.59,92.12,101.958
2026-05-23T02:21:38.0510000,22.59,92.12,101.959
2026-05-23T02:21:39.0920000,22.59,92.12,101.958
2026-05-23T02:21:40.1330000,22.59,92.11,101.958
2026-05-23T02:21:41.1740000,22.59,92.12,101.958
2026-05-23T02:21:42.2250000,22.59,92.12,101.958
2026-05-23T02:21:43.2650000,22.59,92.16,101.958
2026-05-23T02:21:44.3060000,22.59,92.12,101.958
2026-05-23T02:21:45.3470000,22.59,92.09,101.958
2026-05-23T02:21:46.3880000,22.59,92.12,101.957
2026-05-23T02:21:47.4280000,22.59,92.1,101.956
2026-05-23T02:21:48.4690000,22.59,92.13,101.957
2026-05-23T02:21:49.5730000,22.59,92.16,101.957
2026-05-23T02:21:50.5500000,22.59,92.11,101.957
2026-05-23T02:21:51.6020000,22.6,92.11,101.958
2026-05-23T02:21:52.6420000,22.6,92.11,101.958
2026-05-23T02:21:53.6830000,22.59,92.11,101.957
2026-05-23T02:21:54.7240000,22.59,92.1,101.958
2026-05-23T02:21:55.7640000,22.59,92.11,101.958
2026-05-23T02:21:56.8050000,22.59,92.1,101.958
2026-05-23T02:21:57.8460000,22.6,92.11,101.959
2026-05-23T02:21:58.8870000,22.6,92.11,101.96
2026-05-23T02:21:59.9280000,22.6,92.08,101.959
2026-05-23T02:22:00.9790000,22.59,92.11,101.96
2026-05-23T02:22:02.0200000,22.59,92.1,101.959
2026-05-23T02:22:03.0600000,22.59,92.09,101.96
2026-05-23T02:22:04.1150000,22.59,92.09,101.96
2026-05-23T02:22:05.1450000,22.59,92.1,101.96
2026-05-23T02:22:06.1860000,22.6,92.1,101.961
2026-05-23T02:22:07.2270000,22.6,92.1,101.961
2026-05-23T02:22:08.2680000,22.6,92.09,101.961
2026-05-23T02:22:09.3080000,22.6,92.09,101.961
2026-05-23T02:22:10.3490000,22.6,92.08,101.96
2026-05-23T02:22:11.3900000,22.6,92.13,101.96
2026-05-23T02:22:12.4410000,22.6,92.09,101.96
2026-05-23T02:22:13.4820000,22.6,92.07,101.96
2026-05-23T02:22:14.5220000,22.6,92.05,101.959
2026-05-23T02:22:15.5630000,22.6,92.07,101.959
2026-05-23T02:22:16.6040000,22.59,92.07,101.959
2026-05-23T02:22:17.6860000,22.59,92.07,101.958
2026-05-23T02:22:18.6850000,22.59,92.05,101.959
2026-05-23T02:22:19.7260000,22.59,92.05,101.959
2026-05-23T02:22:20.7770000,22.59,92.05,101.959
2026-05-23T02:22:21.8180000,22.6,92.05,101.959
2026-05-23T02:22:22.8580000,22.6,92.05,101.959
2026-05-23T02:22:23.8990000,22.59,92.04,101.959
2026-05-23T02:22:24.9400000,22.59,92.03,101.958
2026-05-23T02:22:25.9810000,22.59,92.03,101.958
2026-05-23T02:22:27.0210000,22.59,92.01,101.958
2026-05-23T02:22:28.0620000,22.58,92.02,101.956
2026-05-23T02:22:29.1030000,22.58,92.01,101.958
2026-05-23T02:22:30.1540000,22.59,92,101.957
2026-05-23T02:22:31.2610000,22.59,92.03,101.959
2026-05-23T02:22:32.2320000,22.59,91.99,101.958
2026-05-23T02:22:33.2730000,22.59,91.98,101.958
2026-05-23T02:22:34.3130000,22.59,91.96,101.958
2026-05-23T02:22:35.3540000,22.59,91.96,101.958
2026-05-23T02:22:36.4050000,22.59,91.95,101.958
2026-05-23T02:22:37.4460000,22.59,91.93,101.958
2026-05-23T02:22:38.4870000,22.59,91.94,101.958
2026-05-23T02:22:39.5270000,22.59,92,101.958
2026-05-23T02:22:40.5680000,22.59,91.94,101.959
2026-05-23T02:22:41.6090000,22.59,92,101.958
2026-05-23T02:22:42.6490000,22.59,91.96,101.957
2026-05-23T02:22:43.6900000,22.59,91.97,101.957
2026-05-23T02:22:44.7420000,22.59,92.01,101.957
2026-05-23T02:22:45.8030000,22.59,91.98,101.957
2026-05-23T02:22:46.8230000,22.59,92,101.958
2026-05-23T02:22:47.8640000,22.59,92.03,101.958
2026-05-23T02:22:48.9050000,22.59,92.01,101.958
2026-05-23T02:22:49.9460000,22.59,92.02,101.958
2026-05-23T02:22:50.9860000,22.6,92.02,101.958
2026-05-23T02:22:52.0270000,22.6,92.03,101.958
2026-05-23T02:22:53.0780000,22.6,92.01,101.957
2026-05-23T02:22:54.1190000,22.6,92.01,101.957
2026-05-23T02:22:55.1600000,22.6,92.05,101.957
2026-05-23T02:22:56.2010000,22.6,92.01,101.956
2026-05-23T02:22:57.2410000,22.6,92.06,101.956
2026-05-23T02:22:58.2820000,22.6,92.01,101.956
2026-05-23T02:22:59.3790000,22.6,92.06,101.956
2026-05-23T02:23:00.3670000,22.6,92.05,101.956
2026-05-23T02:23:01.4080000,22.6,92.04,101.956
2026-05-23T02:23:02.4490000,22.6,92.05,101.957
2026-05-23T02:23:03.4890000,22.6,92.05,101.956
2026-05-23T02:23:04.5300000,22.6,92.05,101.956
2026-05-23T02:23:05.5710000,22.6,92.06,101.957
2026-05-23T02:23:06.6220000,22.6,92.05,101.957
2026-05-23T02:23:08.7040000,22.6,92.07,101.959
2026-05-23T02:23:09.7440000,22.6,92.02,101.96
2026-05-23T02:23:10.7850000,22.6,92.09,101.959
2026-05-23T02:23:11.8260000,22.6,92.1,101.96
2026-05-23T02:23:12.8670000,22.6,92.09,101.959
2026-05-23T02:23:13.9180000,22.6,92.13,101.959
2026-05-23T02:23:14.9480000,22.6,92.09,101.959
2026-05-23T02:23:16.0000000,22.6,92.09,101.958
2026-05-23T02:23:17.0400000,22.6,92.1,101.958
2026-05-23T02:23:18.0810000,22.6,92.13,101.958
2026-05-23T02:23:20.1630000,22.6,92.13,101.956
2026-05-23T02:23:21.2030000,22.6,92.14,101.956
2026-05-23T02:23:22.2440000,22.6,92.14,101.957
2026-05-23T02:23:23.2850000,22.6,92.15,101.957
2026-05-23T02:23:24.3250000,22.6,92.14,101.957
2026-05-23T02:23:25.3770000,22.6,92.13,101.957
2026-05-23T02:23:26.4170000,22.6,92.15,101.957
2026-05-23T02:23:27.4890000,22.6,92.16,101.957
2026-05-23T02:23:28.4990000,22.61,92.18,101.957
2026-05-23T02:23:29.5390000,22.6,92.2,101.956
2026-05-23T02:23:30.5800000,22.6,92.19,101.955
2026-05-23T02:23:31.6210000,22.61,92.2,101.956
2026-05-23T02:23:32.6620000,22.61,92.2,101.956
2026-05-23T02:23:33.7020000,22.61,92.2,101.955
2026-05-23T02:23:34.7540000,22.61,92.2,101.955
2026-05-23T02:23:35.7940000,22.61,92.23,101.955
2026-05-23T02:23:36.8350000,22.61,92.22,101.955
2026-05-23T02:23:37.8760000,22.61,92.22,101.955
2026-05-23T02:23:38.9160000,22.61,92.24,101.954
2026-05-23T02:23:39.9570000,22.61,92.22,101.954
2026-05-23T02:23:41.0610000,22.61,92.24,101.954
2026-05-23T02:23:42.0390000,22.61,92.25,101.953
2026-05-23T02:23:43.0790000,22.61,92.27,101.953
2026-05-23T02:23:44.1310000,22.61,92.28,101.954
2026-05-23T02:23:45.1710000,22.61,92.28,101.954
2026-05-23T02:23:46.2120000,22.61,92.29,101.953
2026-05-23T02:23:47.2530000,22.61,92.3,101.953
2026-05-23T02:23:48.2940000,22.61,92.3,101.953
2026-05-23T02:23:49.3340000,22.61,92.32,101.952
2026-05-23T02:23:50.3750000,22.61,92.28,101.953
2026-05-23T02:23:51.4160000,22.61,92.3,101.953
2026-05-23T02:23:52.4560000,22.61,92.29,101.953
2026-05-23T02:23:53.5080000,22.61,92.38,101.952
2026-05-23T02:23:54.5480000,22.61,92.31,101.952
2026-05-23T02:23:55.6030000,22.61,92.34,101.952
2026-05-23T02:23:56.6330000,22.61,92.35,101.952
2026-05-23T02:23:57.6740000,22.61,92.36,101.953
2026-05-23T02:23:58.7150000,22.61,92.36,101.952
2026-05-23T02:23:59.7560000,22.61,92.37,101.952
2026-05-23T02:24:00.7960000,22.61,92.36,101.952
2026-05-23T02:24:01.8370000,22.61,92.38,101.953
2026-05-23T02:24:02.8780000,22.61,92.38,101.953
2026-05-23T02:24:03.9190000,22.61,92.39,101.953
2026-05-23T02:24:04.9700000,22.61,92.41,101.954
2026-05-23T02:24:06.0110000,22.61,92.41,101.953
2026-05-23T02:24:07.0520000,22.61,92.38,101.954
2026-05-23T02:24:08.0920000,22.61,92.43,101.954
2026-05-23T02:24:09.1750000,22.61,92.45,101.954
2026-05-23T02:24:10.1740000,22.61,92.43,101.954
2026-05-23T02:24:11.2140000,22.61,92.43,101.955
2026-05-23T02:24:12.2550000,22.61,92.44,101.956
2026-05-23T02:24:13.2960000,22.61,92.43,101.956
2026-05-23T02:24:14.3470000,22.61,92.44,101.956
2026-05-23T02:24:15.3880000,22.61,92.44,101.957
2026-05-23T02:24:16.4280000,22.61,92.44,101.957
2026-05-23T02:24:17.4690000,22.61,92.43,101.956
2026-05-23T02:24:18.5100000,22.61,92.44,101.956
2026-05-23T02:24:19.5500000,22.61,92.47,101.957
2026-05-23T02:24:20.5910000,22.61,92.44,101.957
2026-05-23T02:24:21.6320000,22.61,92.46,101.957
2026-05-23T02:24:22.7500000,22.61,92.49,101.956
2026-05-23T02:24:23.7200000,22.61,92.47,101.956
2026-05-23T02:24:24.7610000,22.61,92.47,101.955
2026-05-23T02:24:25.8020000,22.61,92.47,101.955
2026-05-23T02:24:26.8430000,22.61,92.47,101.954
2026-05-23T02:24:27.8830000,22.61,92.47,101.954
2026-05-23T02:24:28.9350000,22.6,92.48,101.953
2026-05-23T02:24:29.9760000,22.6,92.49,101.953
2026-05-23T02:24:31.0160000,22.61,92.49,101.953
2026-05-23T02:24:32.0570000,22.61,92.48,101.953
2026-05-23T02:24:33.0980000,22.61,92.49,101.952
2026-05-23T02:24:34.1380000,22.61,92.51,101.953
2026-05-23T02:24:35.1790000,22.61,92.5,101.953
2026-05-23T02:24:36.2200000,22.61,92.52,101.952
2026-05-23T02:24:37.2920000,22.61,92.56,101.951
2026-05-23T02:24:38.3120000,22.61,92.5,101.951
2026-05-23T02:24:39.3530000,22.61,92.49,101.952
2026-05-23T02:24:40.3930000,22.6,92.5,101.951
2026-05-23T02:24:41.4340000,22.6,92.5,101.951
2026-05-23T02:24:42.4750000,22.6,92.51,101.951
2026-05-23T02:24:43.5150000,22.6,92.5,101.952
2026-05-23T02:24:44.5560000,22.6,92.51,101.952
2026-05-23T02:24:45.5970000,22.6,92.5,101.952
2026-05-23T02:24:46.6480000,22.6,92.5,101.952
2026-05-23T02:24:47.6890000,22.6,92.54,101.952
2026-05-23T02:24:48.7300000,22.6,92.52,101.952
2026-05-23T02:24:49.7710000,22.6,92.55,101.951
2026-05-23T02:24:50.8640000,22.6,92.53,101.951
2026-05-23T02:24:51.8520000,22.6,92.53,101.951
2026-05-23T02:24:52.8930000,22.6,92.52,101.951
2026-05-23T02:24:53.9340000,22.6,92.52,101.952
2026-05-23T02:24:54.9750000,22.6,92.52,101.952
2026-05-23T02:24:56.0160000,22.6,92.52,101.952
2026-05-23T02:24:57.0670000,22.6,92.53,101.951
2026-05-23T02:24:58.1080000,22.6,92.52,101.951
2026-05-23T02:24:59.1490000,22.6,92.5,101.952
2026-05-23T02:25:00.1890000,22.59,92.53,101.952
2026-05-23T02:25:01.2300000,22.59,92.51,101.952
2026-05-23T02:25:02.2710000,22.59,92.54,101.952
2026-05-23T02:25:03.3120000,22.59,92.5,101.952
2026-05-23T02:25:04.3520000,22.59,92.53,101.952
2026-05-23T02:25:05.4070000,22.59,92.54,101.952
2026-05-23T02:25:06.4370000,22.59,92.52,101.952
2026-05-23T02:25:07.4780000,22.59,92.52,101.952
2026-05-23T02:25:08.5290000,22.59,92.49,101.952
2026-05-23T02:25:09.5700000,22.59,92.52,101.952
2026-05-23T02:25:10.6110000,22.59,92.52,101.952
2026-05-23T02:25:11.6520000,22.59,92.52,101.952
2026-05-23T02:25:12.6920000,22.59,92.55,101.951
2026-05-23T02:25:13.7330000,22.59,92.52,101.952
2026-05-23T02:25:14.7740000,22.59,92.5,101.951
2026-05-23T02:25:15.8150000,22.59,92.51,101.952
2026-05-23T02:25:16.8560000,22.58,92.51,101.952
2026-05-23T02:25:17.9070000,22.58,92.51,101.953
2026-05-23T02:25:18.9820000,22.58,92.51,101.953
2026-05-23T02:25:19.9810000,22.58,92.51,101.954
2026-05-23T02:25:21.0320000,22.58,92.5,101.953
2026-05-23T02:25:22.0730000,22.58,92.5,101.953
2026-05-23T02:25:23.1140000,22.58,92.51,101.953
2026-05-23T02:25:24.1540000,22.58,92.5,101.952
2026-05-23T02:25:25.1950000,22.58,92.5,101.952
2026-05-23T02:25:26.2360000,22.58,92.49,101.952
2026-05-23T02:25:27.2770000,22.58,92.47,101.952
2026-05-23T02:25:28.3170000,22.58,92.5,101.953
2026-05-23T02:25:29.3580000,22.58,92.46,101.952
2026-05-23T02:25:30.4090000,22.58,92.43,101.953
2026-05-23T02:25:31.4500000,22.58,92.46,101.952
2026-05-23T02:25:32.5570000,22.57,92.5,101.952
2026-05-23T02:25:33.5350000,22.57,92.46,101.952
2026-05-23T02:25:34.5750000,22.57,92.46,101.952
2026-05-23T02:25:35.6160000,22.57,92.47,101.952
2026-05-23T02:25:36.6570000,22.57,92.46,101.953
2026-05-23T02:25:37.6980000,22.57,92.45,101.953
2026-05-23T02:25:38.7380000,22.57,92.46,101.953
2026-05-23T02:25:39.7790000,22.57,92.45,101.952
2026-05-23T02:25:40.8200000,22.57,92.45,101.953
2026-05-23T02:25:41.8610000,22.57,92.43,101.952
2026-05-23T02:25:42.9120000,22.57,92.46,101.952
2026-05-23T02:25:43.9530000,22.57,92.45,101.952
2026-05-23T02:25:44.9940000,22.57,92.45,101.953
2026-05-23T02:25:46.0340000,22.57,92.45,101.953
2026-05-23T02:25:47.1030000,22.57,92.45,101.953
2026-05-23T02:25:48.1120000,22.56,92.42,101.952
2026-05-23T02:25:49.1630000,22.56,92.44,101.952
2026-05-23T02:25:50.2040000,22.56,92.42,101.952
2026-05-23T02:25:51.2450000,22.56,92.42,101.952
2026-05-23T02:25:52.2860000,22.56,92.42,101.952
2026-05-23T02:25:53.3260000,22.56,92.42,101.952
2026-05-23T02:25:54.3670000,22.56,92.48,101.952
2026-05-23T02:25:55.4080000,22.56,92.42,101.952
2026-05-23T02:25:56.4490000,22.56,92.44,101.951
2026-05-23T02:25:57.4890000,22.56,92.4,101.951
2026-05-23T02:25:58.5410000,22.56,92.34,101.951
2026-05-23T02:25:59.5810000,22.56,92.41,101.952
2026-05-23T02:26:00.6780000,22.56,92.33,101.952
2026-05-23T02:26:01.6660000,22.56,92.38,101.952
2026-05-23T02:26:02.7070000,22.56,92.37,101.952
2026-05-23T02:26:03.7480000,22.56,92.37,101.952
2026-05-23T02:26:04.7890000,22.56,92.37,101.952
2026-05-23T02:26:05.8290000,22.56,92.35,101.951
2026-05-23T02:26:06.8700000,22.56,92.36,101.951
2026-05-23T02:26:07.9110000,22.56,92.35,101.951
2026-05-23T02:26:08.9520000,22.56,92.37,101.951
2026-05-23T02:26:09.9920000,22.55,92.37,101.95
2026-05-23T02:26:11.0430000,22.56,92.34,101.95
2026-05-23T02:26:12.0840000,22.56,92.31,101.949
2026-05-23T02:26:13.1250000,22.56,92.33,101.949
2026-05-23T02:26:14.1660000,22.56,92.35,101.95
2026-05-23T02:26:15.2210000,22.56,92.31,101.952
2026-05-23T02:26:16.2510000,22.56,92.33,101.953
2026-05-23T02:26:17.2920000,22.56,92.31,101.954
2026-05-23T02:26:18.3330000,22.56,92.32,101.954
2026-05-23T02:26:19.3730000,22.55,92.3,101.954
2026-05-23T02:26:20.4140000,22.55,92.29,101.954
2026-05-23T02:26:21.4550000,22.55,92.26,101.954
2026-05-23T02:26:22.4960000,22.55,92.22,101.954
2026-05-23T02:26:23.5470000,22.54,92.25,101.954
2026-05-23T02:26:24.5880000,22.54,92.2,101.954
2026-05-23T02:26:25.6280000,22.54,92.23,101.954
2026-05-23T02:26:26.6690000,22.54,92.23,101.954
2026-05-23T02:26:27.7100000,22.54,92.25,101.955
2026-05-23T02:26:28.7960000,22.54,92.22,101.956
2026-05-23T02:26:29.7950000,22.54,92.22,101.955
2026-05-23T02:26:30.8360000,22.54,92.23,101.955
2026-05-23T02:26:31.8760000,22.54,92.23,101.955
2026-05-23T02:26:32.9170000,22.54,92.23,101.955
2026-05-23T02:26:33.9580000,22.54,92.23,101.955
2026-05-23T02:26:34.9980000,22.55,92.24,101.955
2026-05-23T02:26:36.0500000,22.55,92.22,101.955
2026-05-23T02:26:37.0900000,22.55,92.23,101.955
2026-05-23T02:26:38.1310000,22.55,92.24,101.955
2026-05-23T02:26:39.1720000,22.55,92.26,101.954
2026-05-23T02:26:40.2120000,22.55,92.21,101.954
2026-05-23T02:26:41.2530000,22.55,92.25,101.953
2026-05-23T02:26:42.2940000,22.55,92.21,101.953
2026-05-23T02:26:43.3380000,22.55,92.24,101.953
2026-05-23T02:26:44.3790000,22.55,92.26,101.952
2026-05-23T02:26:45.4200000,22.55,92.26,101.952
2026-05-23T02:26:46.4600000,22.55,92.26,101.952
2026-05-23T02:26:47.5120000,22.55,92.26,101.952
2026-05-23T02:26:48.5520000,22.55,92.26,101.953
2026-05-23T02:26:49.5930000,22.55,92.26,101.954
2026-05-23T02:26:50.6340000,22.55,92.28,101.954
2026-05-23T02:26:51.6750000,22.55,92.25,101.953
2026-05-23T02:26:52.7160000,22.55,92.24,101.952
2026-05-23T02:26:53.7570000,22.55,92.23,101.952
2026-05-23T02:26:54.7970000,22.55,92.29,101.951
2026-05-23T02:26:55.8380000,22.55,92.26,101.951
2026-05-23T02:26:56.9100000,22.55,92.32,101.952
2026-05-23T02:26:57.9300000,22.55,92.28,101.952
2026-05-23T02:26:58.9710000,22.55,92.29,101.952
2026-05-23T02:27:00.0110000,22.55,92.3,101.952
2026-05-23T02:27:01.0520000,22.55,92.29,101.952
2026-05-23T02:27:02.0930000,22.55,92.3,101.953
2026-05-23T02:27:03.1330000,22.55,92.3,101.953
2026-05-23T02:27:04.1740000,22.55,92.36,101.953
2026-05-23T02:27:05.2150000,22.56,92.29,101.953
2026-05-23T02:27:06.2670000,22.56,92.34,101.953
2026-05-23T02:27:07.3070000,22.55,92.34,101.952
2026-05-23T02:27:08.3480000,22.55,92.33,101.953
2026-05-23T02:27:09.3890000,22.55,92.34,101.952
2026-05-23T02:27:10.4820000,22.56,92.31,101.953
2026-05-23T02:27:11.4700000,22.56,92.34,101.953
2026-05-23T02:27:12.5110000,22.56,92.33,101.953
2026-05-23T02:27:13.5520000,22.56,92.35,101.954
2026-05-23T02:27:14.5930000,22.56,92.35,101.954
2026-05-23T02:27:15.6440000,22.56,92.35,101.953
2026-05-23T02:27:16.6850000,22.56,92.36,101.953
2026-05-23T02:27:17.7260000,22.56,92.36,101.953
2026-05-23T02:27:18.7660000,22.56,92.37,101.953
2026-05-23T02:27:19.8070000,22.56,92.37,101.954
2026-05-23T02:27:20.8480000,22.56,92.38,101.954
2026-05-23T02:27:21.8880000,22.56,92.37,101.953
2026-05-23T02:27:22.9290000,22.56,92.4,101.954
2026-05-23T02:27:23.9700000,22.56,92.38,101.955
2026-05-23T02:27:25.0280000,22.56,92.43,101.954
2026-05-23T02:27:26.0590000,22.56,92.42,101.953
2026-05-23T02:27:27.0990000,22.57,92.41,101.953
2026-05-23T02:27:28.1400000,22.57,92.42,101.954
2026-05-23T02:27:29.1810000,22.57,92.42,101.953
2026-05-23T02:27:30.2210000,22.57,92.43,101.953
2026-05-23T02:27:31.2620000,22.57,92.44,101.954
2026-05-23T02:27:32.3130000,22.57,92.4,101.953
2026-05-23T02:27:33.3540000,22.57,92.44,101.953
2026-05-23T02:27:34.3950000,22.57,92.42,101.953
2026-05-23T02:27:35.4360000,22.57,92.48,101.953
2026-05-23T02:27:36.4770000,22.57,92.46,101.954
2026-05-23T02:27:37.5180000,22.57,92.43,101.954
2026-05-23T02:27:38.6000000,22.57,92.46,101.953
2026-05-23T02:27:39.5990000,22.57,92.48,101.954
2026-05-23T02:27:40.6400000,22.54,92.49,101.95
2026-05-23T02:27:41.6810000,22.55,92.49,101.952
2026-05-23T02:27:42.7320000,22.56,92.49,101.953
2026-05-23T02:27:43.7730000,22.56,92.5,101.954
2026-05-23T02:27:44.8140000,22.57,92.51,101.955
2026-05-23T02:27:45.8540000,22.57,92.52,101.955
2026-05-23T02:27:46.8950000,22.57,92.53,101.956
2026-05-23T02:27:47.9360000,22.57,92.52,101.956
2026-05-23T02:27:48.9770000,22.57,92.52,101.957
2026-05-23T02:27:50.0170000,22.57,92.53,101.956
2026-05-23T02:27:51.0580000,22.57,92.57,101.956
2026-05-23T02:27:52.1720000,22.57,92.56,101.955
2026-05-23T02:27:53.1500000,22.57,92.56,101.954
2026-05-23T02:27:54.1910000,22.57,92.55,101.953
2026-05-23T02:27:55.2320000,22.58,92.56,101.953
2026-05-23T02:27:56.2730000,22.58,92.57,101.952
2026-05-23T02:27:57.3140000,22.58,92.57,101.953
2026-05-23T02:27:58.3540000,22.58,92.57,101.953
2026-05-23T02:27:59.3950000,22.58,92.57,101.952
2026-05-23T02:28:00.4360000,22.57,92.58,101.952
2026-05-23T02:28:01.4870000,22.57,92.56,101.953
2026-05-23T02:28:02.5280000,22.58,92.59,101.953
2026-05-23T02:28:03.5680000,22.57,92.55,101.955
2026-05-23T02:28:04.6090000,22.57,92.59,101.956
2026-05-23T02:28:05.6500000,22.57,92.56,101.957
2026-05-23T02:28:06.7150000,22.57,92.55,101.958
2026-05-23T02:28:07.7350000,22.57,92.57,101.958
2026-05-23T02:28:08.7760000,22.56,92.56,101.957
2026-05-23T02:28:09.8160000,22.56,92.55,101.957
2026-05-23T02:28:10.8570000,22.56,92.52,101.957
2026-05-23T02:28:11.8980000,22.56,92.52,101.957
2026-05-23T02:28:12.9380000,22.55,92.52,101.957
2026-05-23T02:28:13.9900000,22.55,92.57,101.957
2026-05-23T02:28:15.0300000,22.55,92.54,101.957
2026-05-23T02:28:16.0710000,22.55,92.52,101.958
2026-05-23T02:28:17.1120000,22.54,92.49,101.958
2026-05-23T02:28:18.1520000,22.54,92.53,101.957
2026-05-23T02:28:19.1930000,22.54,92.48,101.956
2026-05-23T02:28:20.2900000,22.54,92.53,101.956
2026-05-23T02:28:21.2780000,22.54,92.53,101.957
2026-05-23T02:28:22.3190000,22.54,92.54,101.957
2026-05-23T02:28:23.3600000,22.54,92.55,101.956
2026-05-23T02:28:24.4000000,22.54,92.54,101.957
2026-05-23T02:28:25.4410000,22.54,92.54,101.956
2026-05-23T02:28:26.4930000,22.54,92.54,101.956
2026-05-23T02:28:27.5330000,22.54,92.54,101.956
2026-05-23T02:28:28.5740000,22.54,92.51,101.956
2026-05-23T02:28:29.6150000,22.54,92.54,101.956
2026-05-23T02:28:30.6560000,22.54,92.52,101.956
2026-05-23T02:28:31.6960000,22.54,92.53,101.955
2026-05-23T02:28:32.7370000,22.54,92.55,101.956
2026-05-23T02:28:33.7780000,22.54,92.53,101.956
2026-05-23T02:28:34.8320000,22.54,92.52,101.955
2026-05-23T02:28:35.8630000,22.54,92.53,101.955
2026-05-23T02:28:36.9030000,22.54,92.52,101.954
2026-05-23T02:28:37.9440000,22.54,92.52,101.953
2026-05-23T02:28:38.9950000,22.54,92.5,101.954
2026-05-23T02:28:40.0360000,22.54,92.53,101.953
2026-05-23T02:28:41.0770000,22.54,92.52,101.953
2026-05-23T02:28:42.1170000,22.54,92.48,101.953
2026-05-23T02:28:43.1580000,22.53,92.52,101.952
2026-05-23T02:28:44.1990000,22.53,92.52,101.952
2026-05-23T02:28:45.2390000,22.53,92.38,101.952
2026-05-23T02:28:46.2800000,22.53,92.55,101.951
2026-05-23T02:28:47.3210000,22.53,92.5,101.951
2026-05-23T02:28:48.4040000,22.53,92.5,101.952
2026-05-23T02:28:49.4130000,22.53,92.52,101.952
2026-05-23T02:28:50.4540000,22.53,92.51,101.952
2026-05-23T02:28:51.4950000,22.53,92.5,101.952
2026-05-23T02:28:52.5350000,22.53,92.5,101.953
2026-05-23T02:28:53.5760000,22.53,92.5,101.953
2026-05-23T02:28:54.6170000,22.53,92.49,101.953
2026-05-23T02:28:55.6580000,22.53,92.5,101.953
2026-05-23T02:28:56.6980000,22.53,92.51,101.953
2026-05-23T02:28:57.7390000,22.53,92.5,101.954
2026-05-23T02:28:58.7900000,22.53,92.5,101.954
2026-05-23T02:28:59.8310000,22.53,92.49,101.954
2026-05-23T02:29:00.8720000,22.53,92.51,101.953
2026-05-23T02:29:01.9790000,22.53,92.46,101.953
2026-05-23T02:29:02.9570000,22.53,92.46,101.953
2026-05-23T02:29:03.9970000,22.53,92.49,101.953
2026-05-23T02:29:05.0410000,22.53,92.49,101.952
2026-05-23T02:29:06.0810000,22.53,92.46,101.951
2026-05-23T02:29:07.1220000,22.53,92.48,101.951
2026-05-23T02:29:08.1630000,22.53,92.5,101.951
2026-05-23T02:29:09.2040000,22.53,92.48,101.951
2026-05-23T02:29:10.2440000,22.53,92.48,101.95
2026-05-23T02:29:11.2850000,22.53,92.49,101.951
2026-05-23T02:29:12.3260000,22.53,92.5,101.951
2026-05-23T02:29:13.3770000,22.53,92.48,101.951
2026-05-23T02:29:14.4180000,22.53,92.48,101.951
2026-05-23T02:29:15.4590000,22.53,92.44,101.951
2026-05-23T02:29:16.5200000,22.53,92.5,101.951
2026-05-23T02:29:17.5400000,22.53,92.45,101.951
2026-05-23T02:29:18.5810000,22.53,92.45,101.951
2026-05-23T02:29:19.6220000,22.53,92.45,101.951
2026-05-23T02:29:20.6620000,22.53,92.45,101.951
2026-05-23T02:29:21.7030000,22.53,92.44,101.95
2026-05-23T02:29:22.7540000,22.53,92.44,101.95
2026-05-23T02:29:23.7950000,22.53,92.42,101.95
2026-05-23T02:29:24.8360000,22.53,92.46,101.95
2026-05-23T02:29:25.8760000,22.53,92.44,101.949
2026-05-23T02:29:26.9170000,22.53,92.45,101.949
2026-05-23T02:29:27.9580000,22.53,92.45,101.949
2026-05-23T02:29:28.9980000,22.53,92.43,101.949
2026-05-23T02:29:30.0950000,22.53,92.44,101.949
2026-05-23T02:29:31.0830000,22.53,92.43,101.948
2026-05-23T02:29:32.1240000,22.53,92.44,101.948
2026-05-23T02:29:33.1650000,22.53,92.43,101.948
2026-05-23T02:29:34.2060000,22.53,92.43,101.948
2026-05-23T02:29:35.2570000,22.53,92.42,101.948
2026-05-23T02:29:36.2980000,22.53,92.41,101.948
2026-05-23T02:29:37.3390000,22.53,92.42,101.948
2026-05-23T02:29:38.3790000,22.53,92.43,101.948
2026-05-23T02:29:39.4200000,22.54,92.43,101.948
2026-05-23T02:29:40.4610000,22.54,92.43,101.948
2026-05-23T02:29:42.5420000,22.54,92.43,101.949
2026-05-23T02:29:43.5830000,22.54,92.45,101.949
2026-05-23T02:29:44.6380000,22.54,92.41,101.949
2026-05-23T02:29:45.6680000,22.54,92.42,101.949
2026-05-23T02:29:46.7090000,22.54,92.42,101.949
2026-05-23T02:29:47.7600000,22.54,92.42,101.949
2026-05-23T02:29:48.8010000,22.54,92.41,101.95
2026-05-23T02:29:49.8410000,22.54,92.41,101.949
2026-05-23T02:29:50.8820000,22.54,92.41,101.949
2026-05-23T02:29:51.9230000,22.54,92.5,101.949
2026-05-23T02:29:52.9630000,22.54,92.42,101.949
2026-05-23T02:29:54.0040000,22.54,92.42,101.948
2026-05-23T02:29:55.0450000,22.54,92.43,101.948
2026-05-23T02:29:56.0960000,22.54,92.43,101.948
2026-05-23T02:29:57.1370000,22.54,92.4,101.947
2026-05-23T02:29:58.2130000,22.54,92.37,101.946
2026-05-23T02:29:59.2220000,22.54,92.4,101.947
2026-05-23T02:30:00.2630000,22.54,92.4,101.947
2026-05-23T02:30:01.3040000,22.54,92.39,101.947
2026-05-23T02:30:02.3440000,22.54,92.39,101.948
2026-05-23T02:30:03.3850000,22.54,92.39,101.948
2026-05-23T02:30:04.4260000,22.54,92.41,101.948
2026-05-23T02:30:05.4670000,22.54,92.36,101.948
2026-05-23T02:30:06.5080000,22.54,92.39,101.947
2026-05-23T02:30:07.5480000,22.54,92.41,101.947
2026-05-23T02:30:08.5990000,22.54,92.36,101.946
2026-05-23T02:30:09.6400000,22.54,92.36,101.946
2026-05-23T02:30:10.6810000,22.54,92.36,101.946
2026-05-23T02:30:11.7880000,22.54,92.37,101.946
2026-05-23T02:30:12.7660000,22.54,92.37,101.945
2026-05-23T02:30:13.8060000,22.54,92.37,101.945
2026-05-23T02:30:14.8470000,22.54,92.37,101.945
2026-05-23T02:30:15.8880000,22.54,92.38,101.945
2026-05-23T02:30:16.9290000,22.54,92.37,101.945
2026-05-23T02:30:17.9690000,22.55,92.36,101.945
2026-05-23T02:30:19.0100000,22.55,92.36,101.945
2026-05-23T02:30:20.0610000,22.55,92.36,101.944
2026-05-23T02:30:21.1020000,22.55,92.34,101.944
2026-05-23T02:30:22.1430000,22.55,92.35,101.944
2026-05-23T02:30:23.1830000,22.55,92.37,101.944
2026-05-23T02:30:24.2240000,22.55,92.31,101.944
2026-05-23T02:30:25.2650000,22.55,92.35,101.946
2026-05-23T02:30:26.3300000,22.55,92.36,101.946
2026-05-23T02:30:27.3500000,22.55,92.35,101.946
2026-05-23T02:30:28.3910000,22.55,92.34,101.946
2026-05-23T02:30:29.4320000,22.55,92.33,101.945
2026-05-23T02:30:30.4720000,22.55,92.34,101.945
2026-05-23T02:30:31.5130000,22.55,92.34,101.944
2026-05-23T02:30:32.5640000,22.55,92.32,101.944
2026-05-23T02:30:33.6050000,22.55,92.26,101.943
2026-05-23T02:30:34.6460000,22.55,92.35,101.943
2026-05-23T02:30:35.6860000,22.55,92.32,101.943
2026-05-23T02:30:36.7270000,22.55,92.31,101.943
2026-05-23T02:30:37.7680000,22.55,92.32,101.942
2026-05-23T02:30:38.8080000,22.55,92.34,101.943
2026-05-23T02:30:39.9050000,22.55,92.26,101.944
2026-05-23T02:30:40.8930000,22.55,92.31,101.943
2026-05-23T02:30:41.9340000,22.55,92.29,101.943
2026-05-23T02:30:42.9750000,22.55,92.28,101.943
2026-05-23T02:30:44.0260000,22.55,92.27,101.944
2026-05-23T02:30:45.0670000,22.55,92.26,101.944
2026-05-23T02:30:46.1080000,22.55,92.25,101.945
2026-05-23T02:30:47.1480000,22.55,92.25,101.945
2026-05-23T02:30:48.1890000,22.55,92.24,101.946
2026-05-23T02:30:49.2300000,22.54,92.23,101.947
2026-05-23T02:30:50.2710000,22.55,92.22,101.947
2026-05-23T02:30:51.3110000,22.55,92.25,101.947
2026-05-23T02:30:52.3520000,22.55,92.22,101.947
2026-05-23T02:30:53.3930000,22.54,92.23,101.947
2026-05-23T02:30:54.4510000,22.54,92.17,101.948
2026-05-23T02:30:55.4820000,22.54,92.14,101.947
2026-05-23T02:30:56.5220000,22.54,92.16,101.947
2026-05-23T02:30:57.5630000,22.53,92.13,101.946
2026-05-23T02:30:58.6040000,22.53,92.13,101.947
2026-05-23T02:30:59.6550000,22.53,92.13,101.947
2026-05-23T02:31:00.6960000,22.53,92.12,101.946
2026-05-23T02:31:01.7360000,22.53,92.13,101.946
2026-05-23T02:31:02.7770000,22.53,92.12,101.947
2026-05-23T02:31:03.8180000,22.53,92.1,101.947
2026-05-23T02:31:04.8590000,22.53,92.09,101.946
2026-05-23T02:31:05.8990000,22.53,92.1,101.946
2026-05-23T02:31:06.9400000,22.53,92.1,101.946
2026-05-23T02:31:08.0260000,22.53,92.06,101.946
2026-05-23T02:31:09.0250000,22.53,92.11,101.945
2026-05-23T02:31:10.0660000,22.53,92.12,101.945
2026-05-23T02:31:11.1070000,22.53,92.12,101.945
2026-05-23T02:31:12.1580000,22.53,92.12,101.944
2026-05-23T02:31:13.1990000,22.53,92.12,101.944
2026-05-23T02:31:14.2400000,22.54,92.12,101.944
2026-05-23T02:31:15.2800000,22.54,92.12,101.946
2026-05-23T02:31:16.3210000,22.54,92.1,101.946
2026-05-23T02:31:17.3620000,22.54,92.11,101.946
2026-05-23T02:31:18.4030000,22.54,92.12,101.946
2026-05-23T02:31:19.4430000,22.54,92.11,101.947
2026-05-23T02:31:20.4950000,22.54,92.12,101.947
2026-05-23T02:31:21.6020000,22.54,92.14,101.947
2026-05-23T02:31:22.5690000,22.54,92.14,101.947
2026-05-23T02:31:23.6200000,22.54,92.14,101.947
2026-05-23T02:31:24.6610000,22.54,92.14,101.947
2026-05-23T02:31:25.7020000,22.54,92.16,101.947
2026-05-23T02:31:26.7420000,22.55,92.16,101.947
2026-05-23T02:31:27.7830000,22.55,92.16,101.947
2026-05-23T02:31:28.8240000,22.55,92.16,101.947
2026-05-23T02:31:29.8650000,22.55,92.15,101.948
2026-05-23T02:31:30.9050000,22.55,92.17,101.947
2026-05-23T02:31:31.9570000,22.55,92.16,101.947
2026-05-23T02:31:32.9980000,22.55,92.1,101.947
2026-05-23T02:31:34.0380000,22.55,92.19,101.947
2026-05-23T02:31:35.0790000,22.55,92.18,101.947
2026-05-23T02:31:36.1440000,22.55,92.18,101.946
2026-05-23T02:31:37.1640000,22.55,92.18,101.946
2026-05-23T02:31:38.2050000,22.55,92.18,101.945
2026-05-23T02:31:39.2460000,22.55,92.19,101.945
2026-05-23T02:31:40.2870000,22.55,92.19,101.944
2026-05-23T02:31:41.3270000,22.55,92.19,101.944
2026-05-23T02:31:42.3680000,22.56,92.19,101.944
2026-05-23T02:31:43.4090000,22.56,92.17,101.944
2026-05-23T02:31:44.4600000,22.56,92.19,101.944
2026-05-23T02:31:45.5010000,22.56,92.18,101.944
2026-05-23T02:31:46.5420000,22.56,92.18,101.943
2026-05-23T02:31:47.5830000,22.56,92.22,101.943
2026-05-23T02:31:48.6230000,22.56,92.25,101.943
2026-05-23T02:31:49.7200000,22.56,92.21,101.944
2026-05-23T02:31:50.7080000,22.56,92.25,101.943
2026-05-23T02:31:51.7490000,22.56,92.26,101.943
2026-05-23T02:31:52.7900000,22.56,92.26,101.943
2026-05-23T02:31:53.8310000,22.57,92.26,101.944
2026-05-23T02:31:54.8710000,22.56,92.27,101.943
2026-05-23T02:31:55.9230000,22.57,92.28,101.944
2026-05-23T02:31:56.9640000,22.57,92.28,101.944
2026-05-23T02:31:58.0040000,22.57,92.31,101.944
2026-05-23T02:31:59.0450000,22.57,92.29,101.943
2026-05-23T02:32:00.0860000,22.57,92.28,101.943
2026-05-23T02:32:01.1270000,22.57,92.3,101.942
2026-05-23T02:32:02.1680000,22.57,92.32,101.943
2026-05-23T02:32:03.2080000,22.57,92.31,101.944
2026-05-23T02:32:04.2630000,22.57,92.32,101.943
2026-05-23T02:32:05.2930000,22.58,92.33,101.942
2026-05-23T02:32:06.3340000,22.58,92.33,101.942
2026-05-23T02:32:07.3750000,22.58,92.33,101.942
2026-05-23T02:32:08.4260000,22.58,92.35,101.942
2026-05-23T02:32:09.4670000,22.58,92.33,101.942
2026-05-23T02:32:10.5080000,22.58,92.33,101.942
2026-05-23T02:32:11.5480000,22.58,92.38,101.941
2026-05-23T02:32:12.5890000,22.58,92.37,101.941
2026-05-23T02:32:13.6300000,22.58,92.39,101.94
2026-05-23T02:32:14.6700000,22.58,92.35,101.941
2026-05-23T02:32:15.7110000,22.58,92.35,101.941
2026-05-23T02:32:16.7520000,22.58,92.37,101.941
2026-05-23T02:32:17.8380000,22.58,92.42,101.941
2026-05-23T02:32:18.8370000,22.59,92.4,101.941
2026-05-23T02:32:19.8780000,22.59,92.4,101.941
2026-05-23T02:32:20.9290000,22.59,92.41,101.941
2026-05-23T02:32:21.9700000,22.59,92.4,101.94
2026-05-23T02:32:23.0110000,22.59,92.41,101.939
2026-05-23T02:32:24.0510000,22.59,92.41,101.939
2026-05-23T02:32:25.0920000,22.59,92.41,101.938
2026-05-23T02:32:26.1330000,22.59,92.4,101.938
2026-05-23T02:32:27.1740000,22.59,92.4,101.937
2026-05-23T02:32:28.2150000,22.59,92.42,101.937
2026-05-23T02:32:29.2550000,22.59,92.42,101.937
2026-05-23T02:32:30.3070000,22.59,92.41,101.937
2026-05-23T02:32:31.4140000,22.59,92.45,101.937
2026-05-23T02:32:32.3810000,22.59,92.43,101.937
2026-05-23T02:32:33.4320000,22.59,92.42,101.938
2026-05-23T02:32:34.4730000,22.59,92.44,101.938
2026-05-23T02:32:35.5140000,22.59,92.44,101.939
2026-05-23T02:32:36.5550000,22.59,92.45,101.939
2026-05-23T02:32:37.5950000,22.59,92.45,101.939
2026-05-23T02:32:38.6360000,22.59,92.45,101.939
2026-05-23T02:32:39.6770000,22.59,92.45,101.938
2026-05-23T02:32:40.7170000,22.59,92.47,101.939
2026-05-23T02:32:41.7690000,22.59,92.45,101.939
2026-05-23T02:32:42.8090000,22.59,92.48,101.938
2026-05-23T02:32:43.8500000,22.59,92.47,101.939
2026-05-23T02:32:44.8910000,22.59,92.48,101.938
2026-05-23T02:32:45.9600000,22.59,92.47,101.938
2026-05-23T02:32:46.9690000,22.59,92.47,101.937
2026-05-23T02:32:48.0200000,22.59,92.48,101.937
2026-05-23T02:32:49.0610000,22.59,92.48,101.937
2026-05-23T02:32:50.1020000,22.59,92.48,101.937
2026-05-23T02:32:51.1430000,22.59,92.48,101.937
2026-05-23T02:32:52.1840000,22.59,92.49,101.936
2026-05-23T02:32:53.2240000,22.59,92.41,101.936
2026-05-23T02:32:54.2650000,22.59,92.5,101.936
2026-05-23T02:32:55.3060000,22.59,92.51,101.936
2026-05-23T02:32:56.3570000,22.59,92.49,101.935
2026-05-23T02:32:57.3980000,22.59,92.49,101.936
2026-05-23T02:32:58.4380000,22.59,92.48,101.935
2026-05-23T02:32:59.5320000,22.59,92.52,101.937
2026-05-23T02:33:00.5200000,22.59,92.5,101.936
2026-05-23T02:33:01.5600000,22.59,92.5,101.936
2026-05-23T02:33:02.6010000,22.59,92.5,101.936
2026-05-23T02:33:03.6420000,22.59,92.51,101.936
2026-05-23T02:33:04.6830000,22.59,92.51,101.935
2026-05-23T02:33:05.7340000,22.59,92.51,101.935
2026-05-23T02:33:06.7750000,22.59,92.5,101.935
2026-05-23T02:33:07.8160000,22.59,92.5,101.936
2026-05-23T02:33:08.8560000,22.59,92.5,101.936
2026-05-23T02:33:09.8970000,22.59,92.52,101.937
2026-05-23T02:33:10.9380000,22.59,92.51,101.936
2026-05-23T02:33:11.9790000,22.59,92.54,101.936
2026-05-23T02:33:13.0200000,22.59,92.5,101.936
2026-05-23T02:33:14.0740000,22.59,92.48,101.936
2026-05-23T02:33:15.1050000,22.59,92.49,101.936
2026-05-23T02:33:16.1460000,22.59,92.49,101.936
2026-05-23T02:33:17.1860000,22.59,92.49,101.936
2026-05-23T02:33:18.2370000,22.59,92.48,101.936
2026-05-23T02:33:19.2780000,22.58,92.49,101.936
2026-05-23T02:33:20.3190000,22.58,92.48,101.936
2026-05-23T02:33:21.3600000,22.58,92.49,101.936
2026-05-23T02:33:22.4000000,22.58,92.44,101.936
2026-05-23T02:33:23.4410000,22.58,92.47,101.936
2026-05-23T02:33:24.4820000,22.58,92.46,101.937
2026-05-23T02:33:25.5220000,22.58,92.49,101.936
2026-05-23T02:33:26.5740000,22.57,92.46,101.936
2026-05-23T02:33:27.6490000,22.58,92.43,101.937
2026-05-23T02:33:28.6480000,22.58,92.45,101.936
2026-05-23T02:33:29.6990000,22.58,92.46,101.936
2026-05-23T02:33:30.7400000,22.57,92.46,101.936
2026-05-23T02:33:31.7810000,22.57,92.45,101.936
2026-05-23T02:33:32.8220000,22.57,92.46,101.936
2026-05-23T02:33:33.8620000,22.57,92.45,101.936
2026-05-23T02:33:34.9030000,22.57,92.45,101.936
2026-05-23T02:33:35.9440000,22.57,92.44,101.936
2026-05-23T02:33:36.9850000,22.57,92.48,101.937
2026-05-23T02:33:38.0360000,22.57,92.42,101.937
2026-05-23T02:33:39.0770000,22.57,92.46,101.936
2026-05-23T02:33:40.1180000,22.57,92.47,101.936
2026-05-23T02:33:41.2250000,22.57,92.4,101.936
2026-05-23T02:33:42.2020000,22.57,92.44,101.936
2026-05-23T02:33:43.2430000,22.57,92.43,101.936
2026-05-23T02:33:44.2840000,22.57,92.43,101.936
2026-05-23T02:33:45.3250000,22.57,92.43,101.936
2026-05-23T02:33:46.3660000,22.57,92.42,101.936
2026-05-23T02:33:47.4070000,22.57,92.42,101.937
2026-05-23T02:33:48.4470000,22.56,92.42,101.936
2026-05-23T02:33:49.4980000,22.56,92.36,101.936
2026-05-23T02:33:50.5390000,22.56,92.4,101.937
2026-05-23T02:33:51.5800000,22.56,92.38,101.937
2026-05-23T02:33:52.6210000,22.56,92.42,101.937
2026-05-23T02:33:53.6610000,22.56,92.41,101.937
2026-05-23T02:33:54.7020000,22.56,92.42,101.937
2026-05-23T02:33:55.7670000,22.56,92.35,101.938
2026-05-23T02:33:57.8280000,22.56,92.37,101.938
2026-05-23T02:33:58.8690000,22.56,92.37,101.938
2026-05-23T02:33:59.9100000,22.56,92.35,101.938
2026-05-23T02:34:00.9610000,22.56,92.35,101.938
2026-05-23T02:34:02.0020000,22.56,92.35,101.939
2026-05-23T02:34:03.0420000,22.56,92.36,101.938
2026-05-23T02:34:04.0830000,22.56,92.33,101.938
2026-05-23T02:34:05.1240000,22.55,92.36,101.938
2026-05-23T02:34:06.1650000,22.56,92.33,101.938
2026-05-23T02:34:07.2050000,22.56,92.32,101.939
2026-05-23T02:34:08.2460000,22.55,92.32,101.938
2026-05-23T02:34:09.3430000,22.55,92.36,101.938
2026-05-23T02:34:10.3310000,22.55,92.32,101.937
2026-05-23T02:34:11.3720000,22.55,92.3,101.938
2026-05-23T02:34:12.4130000,22.55,92.28,101.938
2026-05-23T02:34:13.4640000,22.55,92.26,101.938
2026-05-23T02:34:14.5040000,22.55,92.25,101.938
2026-05-23T02:34:15.5460000,22.55,92.25,101.938
2026-05-23T02:34:16.5860000,22.55,92.25,101.938
2026-05-23T02:34:17.6270000,22.55,92.24,101.938
2026-05-23T02:34:18.6680000,22.55,92.22,101.938
2026-05-23T02:34:19.7090000,22.55,92.24,101.937
2026-05-23T02:34:20.7490000,22.55,92.23,101.937
2026-05-23T02:34:21.7900000,22.55,92.29,101.937
2026-05-23T02:34:22.8420000,22.55,92.28,101.938
2026-05-23T02:34:23.8860000,22.55,92.28,101.938
2026-05-23T02:34:24.9270000,22.55,92.26,101.938
2026-05-23T02:34:25.9670000,22.55,92.28,101.937
2026-05-23T02:34:27.0080000,22.55,92.26,101.937
2026-05-23T02:34:28.0490000,22.55,92.28,101.938
2026-05-23T02:34:29.0900000,22.55,92.28,101.938
2026-05-23T02:34:30.1300000,22.55,92.29,101.938
2026-05-23T02:34:31.1710000,22.55,92.26,101.938
2026-05-23T02:34:32.2120000,22.55,92.28,101.938
2026-05-23T02:34:33.2530000,22.55,92.28,101.937
2026-05-23T02:34:34.3040000,22.55,92.3,101.936
2026-05-23T02:34:35.3450000,22.55,92.29,101.937
2026-05-23T02:34:36.3860000,22.55,92.29,101.937
2026-05-23T02:34:37.4610000,22.55,92.34,101.936
2026-05-23T02:34:38.4700000,22.56,92.29,101.936
2026-05-23T02:34:39.5110000,22.56,92.3,101.936
2026-05-23T02:34:40.5520000,22.56,92.32,101.935
2026-05-23T02:34:41.5930000,22.56,92.31,101.936
2026-05-23T02:34:42.6330000,22.56,92.32,101.936
2026-05-23T02:34:43.6740000,22.56,92.32,101.936
2026-05-23T02:34:44.7150000,22.56,92.32,101.936
2026-05-23T02:34:45.7560000,22.56,92.32,101.937
2026-05-23T02:34:46.8070000,22.56,92.31,101.938
2026-05-23T02:34:47.8480000,22.56,92.3,101.938
2026-05-23T02:34:48.8890000,22.57,92.35,101.938
2026-05-23T02:34:49.9290000,22.57,92.35,101.938
2026-05-23T02:34:51.0370000,22.56,92.38,101.938
2026-05-23T02:34:52.0140000,22.56,92.35,101.938
2026-05-23T02:34:53.0550000,22.56,92.34,101.938
2026-05-23T02:34:54.0960000,22.56,92.35,101.937
2026-05-23T02:34:55.1370000,22.56,92.36,101.937
2026-05-23T02:34:56.1780000,22.56,92.36,101.937
2026-05-23T02:34:57.2180000,22.56,92.36,101.937
2026-05-23T02:34:58.2590000,22.56,92.36,101.937
2026-05-23T02:34:59.3100000,22.56,92.36,101.937
2026-05-23T02:35:00.3510000,22.56,92.4,101.937
2026-05-23T02:35:01.3920000,22.57,92.4,101.937
2026-05-23T02:35:02.4320000,22.57,92.39,101.938
2026-05-23T02:35:03.4730000,22.57,92.37,101.938
2026-05-23T02:35:04.5140000,22.57,92.38,101.938
2026-05-23T02:35:05.5790000,22.57,92.43,101.938
2026-05-23T02:35:06.5990000,22.57,92.42,101.939
2026-05-23T02:35:07.6400000,22.57,92.41,101.94
2026-05-23T02:35:08.6810000,22.57,92.42,101.94
2026-05-23T02:35:09.7210000,22.57,92.42,101.94
2026-05-23T02:35:10.7730000,22.57,92.42,101.94
2026-05-23T02:35:11.8130000,22.57,92.43,101.94
2026-05-23T02:35:12.8540000,22.57,92.43,101.94
2026-05-23T02:35:13.8950000,22.57,92.44,101.94
2026-05-23T02:35:14.9360000,22.57,92.47,101.941
2026-05-23T02:35:15.9770000,22.57,92.43,101.941
2026-05-23T02:35:17.0170000,22.57,92.45,101.941
2026-05-23T02:35:18.0580000,22.57,92.45,101.941
2026-05-23T02:35:19.1550000,22.57,92.49,101.941
2026-05-23T02:35:20.1430000,22.57,92.48,101.941
2026-05-23T02:35:21.1840000,22.57,92.48,101.941
2026-05-23T02:35:22.2350000,22.57,92.49,101.941
2026-05-23T02:35:23.2750000,22.57,92.49,101.941
2026-05-23T02:35:24.3160000,22.57,92.49,101.94
2026-05-23T02:35:25.3570000,22.57,92.49,101.94
2026-05-23T02:35:26.3980000,22.57,92.52,101.941
2026-05-23T02:35:27.4380000,22.57,92.52,101.941
2026-05-23T02:35:28.4790000,22.57,92.49,101.942
2026-05-23T02:35:29.5200000,22.57,92.5,101.942
2026-05-23T02:35:30.5710000,22.58,92.53,101.942
2026-05-23T02:35:31.6120000,22.58,92.55,101.943
2026-05-23T02:35:32.6530000,22.58,92.53,101.944
2026-05-23T02:35:33.6970000,22.58,92.55,101.944
2026-05-23T02:35:34.7380000,22.58,92.56,101.944
2026-05-23T02:35:35.7790000,22.57,92.56,101.944
2026-05-23T02:35:36.8190000,22.57,92.56,101.944
2026-05-23T02:35:37.8600000,22.57,92.57,101.944
2026-05-23T02:35:38.9010000,22.57,92.58,101.944
2026-05-23T02:35:39.9420000,22.57,92.59,101.944
2026-05-23T02:35:40.9820000,22.57,92.6,101.945
2026-05-23T02:35:42.0230000,22.57,92.6,101.945
2026-05-23T02:35:43.0740000,22.57,92.61,101.944
2026-05-23T02:35:44.1150000,22.58,92.62,101.945
2026-05-23T02:35:45.1560000,22.57,92.61,101.944
2026-05-23T02:35:46.1970000,22.58,92.58,101.944
2026-05-23T02:35:47.2760000,22.58,92.62,101.943
2026-05-23T02:35:48.2740000,22.58,92.64,101.943
2026-05-23T02:35:49.3260000,22.58,92.65,101.943
2026-05-23T02:35:50.3660000,22.57,92.65,101.943
2026-05-23T02:35:51.4070000,22.57,92.65,101.942
2026-05-23T02:35:52.4480000,22.57,92.65,101.943
2026-05-23T02:35:53.4880000,22.57,92.66,101.942
2026-05-23T02:35:54.5290000,22.57,92.66,101.942
2026-05-23T02:35:55.5700000,22.57,92.67,101.942
2026-05-23T02:35:56.6110000,22.58,92.68,101.942
2026-05-23T02:35:57.6520000,22.58,92.69,101.942
2026-05-23T02:35:58.7030000,22.57,92.69,101.942
2026-05-23T02:35:59.7440000,22.57,92.68,101.942
2026-05-23T02:36:00.8510000,22.57,92.62,101.943
2026-05-23T02:36:01.8290000,22.57,92.68,101.942
2026-05-23T02:36:02.8690000,22.57,92.68,101.943
2026-05-23T02:36:03.9100000,22.57,92.69,101.944
2026-05-23T02:36:04.9510000,22.57,92.69,101.944
2026-05-23T02:36:05.9910000,22.57,92.69,101.944
2026-05-23T02:36:07.0320000,22.55,92.68,101.941
2026-05-23T02:36:08.0730000,22.55,92.68,101.942
2026-05-23T02:36:09.1140000,22.56,92.66,101.943
2026-05-23T02:36:10.1650000,22.56,92.7,101.943
2026-05-23T02:36:11.2060000,22.56,92.7,101.943
2026-05-23T02:36:12.2460000,22.56,92.69,101.942
2026-05-23T02:36:13.2870000,22.57,92.72,101.942
2026-05-23T02:36:14.3280000,22.57,92.72,101.942
2026-05-23T02:36:15.3960000,22.57,92.62,101.942
2026-05-23T02:36:16.4160000,22.57,92.72,101.941
2026-05-23T02:36:17.4570000,22.57,92.71,101.941
2026-05-23T02:36:18.4970000,22.57,92.72,101.941
2026-05-23T02:36:19.5380000,22.57,92.71,101.941
2026-05-23T02:36:20.5790000,22.57,92.71,101.941
2026-05-23T02:36:21.6200000,22.57,92.73,101.941
2026-05-23T02:36:22.6600000,22.57,92.7,101.941
2026-05-23T02:36:23.7010000,22.57,92.72,101.941
2026-05-23T02:36:24.7520000,22.57,92.73,101.94
2026-05-23T02:36:25.7930000,22.57,92.74,101.94
2026-05-23T02:36:26.8340000,22.57,92.73,101.94
2026-05-23T02:36:27.8750000,22.57,92.74,101.939
2026-05-23T02:36:28.9710000,22.57,92.71,101.939
2026-05-23T02:36:29.9600000,22.57,92.75,101.939
2026-05-23T02:36:31.0000000,22.57,92.73,101.94
2026-05-23T02:36:32.0410000,22.57,92.74,101.94
2026-05-23T02:36:33.0820000,22.57,92.75,101.941
2026-05-23T02:36:34.1230000,22.57,92.74,101.941
2026-05-23T02:36:35.1630000,22.57,92.75,101.942
2026-05-23T02:36:36.2040000,22.57,92.75,101.942
2026-05-23T02:36:37.2450000,22.57,92.72,101.942
2026-05-23T02:36:38.2960000,22.57,92.79,101.942
2026-05-23T02:36:39.3370000,22.57,92.75,101.942
2026-05-23T02:36:40.3770000,22.57,92.75,101.943
2026-05-23T02:36:41.4180000,22.57,92.75,101.942
2026-05-23T02:36:42.4590000,22.57,92.74,101.943
2026-05-23T02:36:43.5170000,22.56,92.77,101.942
2026-05-23T02:36:45.5880000,22.56,92.77,101.942
2026-05-23T02:36:46.6290000,22.56,92.76,101.941
2026-05-23T02:36:47.6700000,22.56,92.76,101.942
2026-05-23T02:36:48.7100000,22.56,92.75,101.942
2026-05-23T02:36:49.7510000,22.56,92.75,101.943
2026-05-23T02:36:50.7920000,22.56,92.8,101.942
2026-05-23T02:36:51.8330000,22.56,92.77,101.942
2026-05-23T02:36:52.8730000,22.56,92.77,101.943
2026-05-23T02:36:53.9250000,22.56,92.75,101.943
2026-05-23T02:36:54.9650000,22.56,92.77,101.943
2026-05-23T02:36:56.0060000,22.56,92.75,101.943
2026-05-23T02:36:57.0920000,22.56,92.77,101.943
2026-05-23T02:36:58.0910000,22.56,92.76,101.943
2026-05-23T02:36:59.1320000,22.56,92.76,101.942
2026-05-23T02:37:00.1720000,22.56,92.75,101.942
2026-05-23T02:37:01.2130000,22.56,92.74,101.942
2026-05-23T02:37:02.2540000,22.56,92.75,101.942
2026-05-23T02:37:03.2950000,22.56,92.75,101.941
2026-05-23T02:37:04.3350000,22.56,92.75,101.941
2026-05-23T02:37:05.3760000,22.56,92.77,101.941
2026-05-23T02:37:06.4170000,22.56,92.73,101.941
2026-05-23T02:37:07.4680000,22.56,92.72,101.941
2026-05-23T02:37:08.5090000,22.56,92.71,101.941
2026-05-23T02:37:09.5500000,22.55,92.76,101.941
2026-05-23T02:37:10.5900000,22.55,92.74,101.94
2026-05-23T02:37:11.6380000,22.55,92.72,101.939
2026-05-23T02:37:12.6680000,22.55,92.74,101.939
2026-05-23T02:37:13.7200000,22.55,92.74,101.937
2026-05-23T02:37:14.7600000,22.55,92.74,101.936
2026-05-23T02:37:15.8010000,22.55,92.74,101.935
2026-05-23T02:37:16.8420000,22.55,92.75,101.934
2026-05-23T02:37:17.8830000,22.55,92.75,101.934
2026-05-23T02:37:18.9230000,22.55,92.72,101.933
2026-05-23T02:37:19.9640000,22.55,92.74,101.934
2026-05-23T02:37:21.0050000,22.55,92.75,101.933
2026-05-23T02:37:22.0460000,22.55,92.71,101.933
2026-05-23T02:37:23.0860000,22.55,92.74,101.932
2026-05-23T02:37:24.1380000,22.55,92.74,101.932
2026-05-23T02:37:25.2130000,22.55,92.75,101.931
2026-05-23T02:37:26.2120000,22.55,92.73,101.931
2026-05-23T02:37:27.2630000,22.55,92.73,101.93
2026-05-23T02:37:28.3040000,22.55,92.74,101.929
2026-05-23T02:37:29.3450000,22.55,92.74,101.93
2026-05-23T02:37:30.3860000,22.55,92.73,101.93
2026-05-23T02:37:31.4260000,22.55,92.74,101.929
2026-05-23T02:37:32.4670000,22.55,92.74,101.929
2026-05-23T02:37:33.5080000,22.55,92.73,101.929
2026-05-23T02:37:34.5490000,22.55,92.74,101.929
2026-05-23T02:37:35.5890000,22.55,92.78,101.93
2026-05-23T02:37:36.6400000,22.55,92.71,101.93
2026-05-23T02:37:37.6810000,22.56,92.73,101.931
2026-05-23T02:37:38.7880000,22.56,92.77,101.931
2026-05-23T02:37:39.7660000,22.56,92.74,101.931
2026-05-23T02:37:40.8070000,22.55,92.74,101.93
2026-05-23T02:37:41.8480000,22.55,92.74,101.929
2026-05-23T02:37:42.8880000,22.55,92.72,101.928
2026-05-23T02:37:43.9290000,22.55,92.74,101.928
2026-05-23T02:37:44.9700000,22.55,92.73,101.928
2026-05-23T02:37:46.0110000,22.55,92.72,101.927
2026-05-23T02:37:47.0510000,22.55,92.71,101.928
2026-05-23T02:37:48.0920000,22.55,92.74,101.928
2026-05-23T02:37:49.1430000,22.55,92.72,101.928
2026-05-23T02:37:50.1840000,22.55,92.72,101.929
2026-05-23T02:37:51.2240000,22.55,92.71,101.93
2026-05-23T02:37:52.2650000,22.55,92.71,101.929
2026-05-23T02:37:53.3340000,22.55,92.72,101.929
2026-05-23T02:37:54.3430000,22.55,92.72,101.93
2026-05-23T02:37:55.3970000,22.55,92.72,101.93
2026-05-23T02:37:56.4280000,22.55,92.71,101.93
2026-05-23T02:37:57.4680000,22.55,92.71,101.931
2026-05-23T02:37:58.5200000,22.55,92.72,101.931
2026-05-23T02:37:59.5610000,22.55,92.71,101.931
2026-05-23T02:38:00.6010000,22.55,92.65,101.931
2026-05-23T02:38:01.6420000,22.55,92.74,101.931
2026-05-23T02:38:02.6830000,22.55,92.72,101.932
2026-05-23T02:38:03.7240000,22.55,92.72,101.932
2026-05-23T02:38:04.7650000,22.55,92.66,101.932
2026-05-23T02:38:05.8050000,22.55,92.68,101.932
2026-05-23T02:38:06.9090000,22.55,92.64,101.931
2026-05-23T02:38:07.8870000,22.55,92.67,101.931
2026-05-23T02:38:08.9380000,22.55,92.66,101.93
2026-05-23T02:38:09.9790000,22.54,92.66,101.929
2026-05-23T02:38:11.0190000,22.54,92.65,101.929
2026-05-23T02:38:12.0600000,22.54,92.64,101.929
2026-05-23T02:38:13.1010000,22.54,92.63,101.929
2026-05-23T02:38:14.1410000,22.54,92.63,101.929
2026-05-23T02:38:15.1820000,22.54,92.64,101.928
2026-05-23T02:38:16.2230000,22.54,92.59,101.929
2026-05-23T02:38:17.2740000,22.54,92.61,101.93
2026-05-23T02:38:18.3150000,22.53,92.56,101.929
2026-05-23T02:38:19.3550000,22.53,92.58,101.929
2026-05-23T02:38:20.3960000,22.53,92.59,101.929
2026-05-23T02:38:21.4540000,22.53,92.6,101.929
2026-05-23T02:38:22.4740000,22.53,92.57,101.929
2026-05-23T02:38:23.5250000,22.53,92.57,101.93
2026-05-23T02:38:24.5660000,22.53,92.56,101.93
2026-05-23T02:38:25.6070000,22.53,92.56,101.93
2026-05-23T02:38:26.6480000,22.53,92.55,101.93
2026-05-23T02:38:27.6890000,22.53,92.54,101.93
2026-05-23T02:38:28.7300000,22.52,92.57,101.93
2026-05-23T02:38:29.7700000,22.52,92.5,101.93
2026-05-23T02:38:30.8110000,22.52,92.51,101.93
2026-05-23T02:38:31.8520000,22.52,92.48,101.93
2026-05-23T02:38:32.9030000,22.52,92.5,101.931
2026-05-23T02:38:33.9440000,22.52,92.48,101.931
2026-05-23T02:38:35.0300000,22.51,92.46,101.932
2026-05-23T02:38:36.0280000,22.51,92.45,101.932
2026-05-23T02:38:37.0690000,22.51,92.42,101.932
2026-05-23T02:38:38.1100000,22.51,92.41,101.933
2026-05-23T02:38:39.1500000,22.5,92.41,101.933
2026-05-23T02:38:40.1910000,22.5,92.41,101.933
2026-05-23T02:38:41.2320000,22.5,92.41,101.932
2026-05-23T02:38:42.2730000,22.5,92.42,101.932
2026-05-23T02:38:43.3130000,22.51,92.4,101.932
2026-05-23T02:38:44.3540000,22.51,92.42,101.933
2026-05-23T02:38:45.4050000,22.51,92.44,101.933
2026-05-23T02:38:46.4460000,22.51,92.41,101.933
2026-05-23T02:38:47.4870000,22.5,92.42,101.932
2026-05-23T02:38:48.5280000,22.5,92.42,101.932
2026-05-23T02:38:49.5760000,22.5,92.41,101.931
2026-05-23T02:38:50.6160000,22.5,92.41,101.931
2026-05-23T02:38:51.6570000,22.5,92.41,101.931
2026-05-23T02:38:52.6980000,22.5,92.41,101.931
2026-05-23T02:38:53.7380000,22.5,92.39,101.931
2026-05-23T02:38:54.7790000,22.5,92.39,101.931
2026-05-23T02:38:55.8200000,22.5,92.39,101.93
2026-05-23T02:38:56.8610000,22.5,92.33,101.93
2026-05-23T02:38:57.9020000,22.5,92.37,101.93
2026-05-23T02:38:58.9420000,22.5,92.37,101.929
2026-05-23T02:38:59.9940000,22.5,92.45,101.929
2026-05-23T02:39:01.0340000,22.51,92.43,101.929
2026-05-23T02:39:02.0750000,22.51,92.4,101.929
2026-05-23T02:39:03.1510000,22.51,92.42,101.928
2026-05-23T02:39:04.1600000,22.51,92.43,101.928
2026-05-23T02:39:05.2010000,22.51,92.43,101.928
2026-05-23T02:39:06.2420000,22.51,92.43,101.929
2026-05-23T02:39:07.2820000,22.51,92.43,101.929
2026-05-23T02:39:08.3230000,22.51,92.43,101.929
2026-05-23T02:39:09.3640000,22.51,92.43,101.929
2026-05-23T02:39:10.4050000,22.51,92.44,101.93
2026-05-23T02:39:11.4560000,22.51,92.42,101.929
2026-05-23T02:39:12.4970000,22.51,92.44,101.93
2026-05-23T02:39:13.5380000,22.51,92.46,101.93
2026-05-23T02:39:14.5780000,22.51,92.41,101.93
2026-05-23T02:39:15.6190000,22.52,92.44,101.931
2026-05-23T02:39:16.7260000,22.52,92.45,101.932
2026-05-23T02:39:17.7040000,22.52,92.44,101.933
2026-05-23T02:39:18.7450000,22.52,92.45,101.934
2026-05-23T02:39:19.7850000,22.52,92.45,101.934
2026-05-23T02:39:20.8260000,22.52,92.46,101.934
2026-05-23T02:39:21.8670000,22.52,92.46,101.934
2026-05-23T02:39:22.9180000,22.52,92.46,101.934
2026-05-23T02:39:23.9590000,22.52,92.47,101.934
2026-05-23T02:39:24.9990000,22.52,92.45,101.934
2026-05-23T02:39:26.0400000,22.52,92.51,101.935
2026-05-23T02:39:27.0810000,22.52,92.47,101.935
2026-05-23T02:39:28.1220000,22.52,92.5,101.936
2026-05-23T02:39:29.1620000,22.53,92.48,101.938
2026-05-23T02:39:30.2030000,22.53,92.51,101.938
2026-05-23T02:39:31.2680000,22.53,92.46,101.939
2026-05-23T02:39:32.2880000,22.53,92.5,101.94
2026-05-23T02:39:33.3290000,22.53,92.5,101.94
2026-05-23T02:39:34.3800000,22.53,92.52,101.94
2026-05-23T02:39:35.4210000,22.53,92.51,101.941
2026-05-23T02:39:36.4620000,22.53,92.52,101.941
2026-05-23T02:39:37.5030000,22.53,92.52,101.941
2026-05-23T02:39:38.5440000,22.53,92.55,101.94
2026-05-23T02:39:39.5840000,22.53,92.53,101.941
2026-05-23T02:39:40.6250000,22.53,92.54,101.941
2026-05-23T02:39:41.6660000,22.53,92.55,101.941
2026-05-23T02:39:42.7070000,22.53,92.56,101.942
2026-05-23T02:39:43.7580000,22.53,92.54,101.941
2026-05-23T02:39:44.8440000,22.54,92.55,101.94
2026-05-23T02:39:45.8330000,22.54,92.56,101.938
2026-05-23T02:39:46.8730000,22.54,92.57,101.937
2026-05-23T02:39:47.9250000,22.54,92.57,101.936
2026-05-23T02:39:48.9650000,22.54,92.57,101.934
2026-05-23T02:39:50.0060000,22.54,92.59,101.934
2026-05-23T02:39:51.0470000,22.54,92.6,101.933
2026-05-23T02:39:52.0870000,22.54,92.6,101.932
2026-05-23T02:39:53.1280000,22.54,92.61,101.931
2026-05-23T02:39:54.1690000,22.54,92.62,101.931
2026-05-23T02:39:55.2100000,22.54,92.63,101.93
2026-05-23T02:39:56.2610000,22.54,92.62,101.929
2026-05-23T02:39:57.3020000,22.54,92.57,101.929
2026-05-23T02:39:58.3430000,22.54,92.63,101.928
2026-05-23T02:39:59.3870000,22.54,92.64,101.926
2026-05-23T02:40:00.4280000,22.54,92.64,101.925
2026-05-23T02:40:01.4680000,22.54,92.64,101.924
2026-05-23T02:40:02.5090000,22.54,92.64,101.924
2026-05-23T02:40:03.5500000,22.54,92.66,101.923
2026-05-23T02:40:04.5910000,22.54,92.64,101.923
2026-05-23T02:40:05.6310000,22.54,92.65,101.922
2026-05-23T02:40:06.6720000,22.54,92.62,101.921
2026-05-23T02:40:07.7130000,22.55,92.66,101.922
2026-05-23T02:40:08.7640000,22.55,92.66,101.922
2026-05-23T02:40:09.8050000,22.55,92.67,101.922
2026-05-23T02:40:10.8460000,22.55,92.67,101.922
2026-05-23T02:40:11.8860000,22.55,92.68,101.922
2026-05-23T02:40:12.9620000,22.55,92.73,101.924
2026-05-23T02:40:13.9710000,22.55,92.68,101.924
2026-05-23T02:40:15.0120000,22.55,92.68,101.925
2026-05-23T02:40:16.0530000,22.55,92.68,101.925
2026-05-23T02:40:17.0940000,22.55,92.68,101.925
2026-05-23T02:40:18.1340000,22.55,92.7,101.925
2026-05-23T02:40:19.1750000,22.55,92.7,101.925
2026-05-23T02:40:20.2160000,22.55,92.7,101.925
2026-05-23T02:40:21.2570000,22.55,92.7,101.925
2026-05-23T02:40:22.3080000,22.55,92.71,101.926
2026-05-23T02:40:23.3490000,22.55,92.7,101.926
2026-05-23T02:40:24.3900000,22.55,92.71,101.926
2026-05-23T02:40:25.4300000,22.55,92.67,101.927
2026-05-23T02:40:26.5340000,22.55,92.71,101.927
2026-05-23T02:40:27.5120000,22.55,92.72,101.927
2026-05-23T02:40:28.5530000,22.55,92.71,101.927
2026-05-23T02:40:29.5930000,22.55,92.71,101.927
2026-05-23T02:40:30.6340000,22.55,92.73,101.928
2026-05-23T02:40:31.6850000,22.55,92.73,101.928
2026-05-23T02:40:32.7260000,22.55,92.72,101.928
2026-05-23T02:40:33.7670000,22.56,92.72,101.93
2026-05-23T02:40:34.8080000,22.56,92.76,101.93
2026-05-23T02:40:35.8480000,22.55,92.73,101.929
2026-05-23T02:40:36.8890000,22.55,92.73,101.929
2026-05-23T02:40:37.9300000,22.55,92.74,101.929
2026-05-23T02:40:38.9700000,22.55,92.71,101.928
2026-05-23T02:40:40.0110000,22.55,92.75,101.928
2026-05-23T02:40:41.0800000,22.55,92.72,101.927
2026-05-23T02:40:42.1000000,22.55,92.73,101.927
2026-05-23T02:40:43.1410000,22.55,92.74,101.927
2026-05-23T02:40:44.1810000,22.56,92.74,101.927
2026-05-23T02:40:45.2220000,22.56,92.76,101.926
2026-05-23T02:40:46.2630000,22.55,92.75,101.926
2026-05-23T02:40:47.3140000,22.55,92.74,101.926
2026-05-23T02:40:48.3550000,22.55,92.72,101.926
2026-05-23T02:40:49.3960000,22.55,92.75,101.927
2026-05-23T02:40:50.4370000,22.55,92.75,101.927
2026-05-23T02:40:51.4780000,22.55,92.74,101.927
2026-05-23T02:40:52.5180000,22.55,92.77,101.926
2026-05-23T02:40:53.5590000,22.55,92.77,101.926
2026-05-23T02:40:54.6520000,22.55,92.76,101.925
2026-05-23T02:40:55.6410000,22.55,92.74,101.925
2026-05-23T02:40:56.6810000,22.55,92.74,101.926
2026-05-23T02:40:57.7320000,22.55,92.74,101.926
2026-05-23T02:40:58.7730000,22.55,92.74,101.926
2026-05-23T02:40:59.8140000,22.55,92.74,101.925
2026-05-23T02:41:00.8550000,22.55,92.75,101.925
2026-05-23T02:41:01.8950000,22.55,92.74,101.925
2026-05-23T02:41:02.9360000,22.55,92.71,101.926
2026-05-23T02:41:03.9770000,22.55,92.74,101.926
2026-05-23T02:41:05.0180000,22.55,92.78,101.926
2026-05-23T02:41:06.0690000,22.55,92.72,101.927
2026-05-23T02:41:07.1100000,22.55,92.74,101.927
2026-05-23T02:41:08.1510000,22.55,92.74,101.928
2026-05-23T02:41:09.1980000,22.55,92.74,101.929
2026-05-23T02:41:10.2290000,22.55,92.73,101.93
2026-05-23T02:41:11.2690000,22.55,92.74,101.93
2026-05-23T02:41:12.3210000,22.55,92.74,101.93
2026-05-23T02:41:13.3610000,22.55,92.73,101.93
2026-05-23T02:41:14.4020000,22.55,92.73,101.929
2026-05-23T02:41:15.4430000,22.54,92.73,101.929
2026-05-23T02:41:16.4840000,22.54,92.74,101.928
2026-05-23T02:41:17.5250000,22.54,92.69,101.928
2026-05-23T02:41:18.5650000,22.54,92.74,101.927
2026-05-23T02:41:19.6060000,22.54,92.73,101.926
2026-05-23T02:41:20.6470000,22.54,92.71,101.926
2026-05-23T02:41:21.6980000,22.54,92.7,101.925
2026-05-23T02:41:22.7700000,22.54,92.75,101.925
2026-05-23T02:41:23.7790000,22.54,92.71,101.926
2026-05-23T02:41:24.8200000,22.54,92.71,101.926
2026-05-23T02:41:25.8610000,22.54,92.71,101.925
2026-05-23T02:41:26.9010000,22.54,92.73,101.924
2026-05-23T02:41:27.9420000,22.54,92.71,101.923
2026-05-23T02:41:28.9830000,22.54,92.71,101.923
2026-05-23T02:41:30.0340000,22.54,92.66,101.922
2026-05-23T02:41:31.0750000,22.54,92.7,101.922
2026-05-23T02:41:32.1160000,22.53,92.69,101.921
2026-05-23T02:41:33.1570000,22.54,92.69,101.922
2026-05-23T02:41:34.1970000,22.54,92.69,101.922
2026-05-23T02:41:35.2380000,22.53,92.67,101.922
2026-05-23T02:41:36.3450000,22.53,92.7,101.924
2026-05-23T02:41:37.3230000,22.53,92.67,101.925
2026-05-23T02:41:38.3640000,22.53,92.68,101.926
2026-05-23T02:41:39.4050000,22.53,92.67,101.927
2026-05-23T02:41:40.4460000,22.53,92.66,101.928
2026-05-23T02:41:41.4860000,22.53,92.66,101.928
2026-05-23T02:41:42.5270000,22.52,92.65,101.928
2026-05-23T02:41:43.5780000,22.52,92.65,101.928
2026-05-23T02:41:44.6190000,22.52,92.63,101.928
2026-05-23T02:41:45.6600000,22.52,92.63,101.928
2026-05-23T02:41:46.7010000,22.52,92.62,101.927
2026-05-23T02:41:47.7420000,22.52,92.62,101.927
2026-05-23T02:41:48.7820000,22.52,92.62,101.927
2026-05-23T02:41:49.8230000,22.52,92.56,101.926
2026-05-23T02:41:50.8920000,22.52,92.58,101.926
2026-05-23T02:41:51.9120000,22.52,92.6,101.925
2026-05-23T02:41:52.9520000,22.52,92.6,101.926
2026-05-23T02:41:53.9930000,22.51,92.59,101.927
2026-05-23T02:41:55.0340000,22.52,92.6,101.927
2026-05-23T02:41:56.0750000,22.51,92.6,101.927
2026-05-23T02:41:57.1160000,22.51,92.59,101.928
2026-05-23T02:41:58.1670000,22.51,92.57,101.928
2026-05-23T02:41:59.2080000,22.51,92.59,101.929
2026-05-23T02:42:00.2490000,22.51,92.58,101.928
2026-05-23T02:42:01.2900000,22.51,92.6,101.929
2026-05-23T02:42:02.3300000,22.51,92.58,101.928
2026-05-23T02:42:03.3710000,22.51,92.54,101.929
2026-05-23T02:42:04.4640000,22.51,92.53,101.927
2026-05-23T02:42:05.4520000,22.51,92.55,101.927
2026-05-23T02:42:06.4930000,22.51,92.54,101.927
2026-05-23T02:42:07.5340000,22.51,92.54,101.927
2026-05-23T02:42:08.5850000,22.51,92.53,101.927
2026-05-23T02:42:09.6260000,22.51,92.51,101.926
2026-05-23T02:42:10.6670000,22.51,92.5,101.926
2026-05-23T02:42:11.7070000,22.5,92.5,101.926
2026-05-23T02:42:12.7480000,22.5,92.47,101.926
2026-05-23T02:42:13.7890000,22.5,92.47,101.925
2026-05-23T02:42:14.8290000,22.5,92.49,101.925
2026-05-23T02:42:15.8710000,22.5,92.49,101.925
2026-05-23T02:42:16.9110000,22.5,92.46,101.926
2026-05-23T02:42:17.9630000,22.5,92.45,101.926
2026-05-23T02:42:19.0100000,22.5,92.44,101.928
2026-05-23T02:42:20.0410000,22.5,92.45,101.929
2026-05-23T02:42:21.0810000,22.5,92.44,101.929
2026-05-23T02:42:22.1220000,22.5,92.43,101.929
2026-05-23T02:42:23.1630000,22.49,92.41,101.929
2026-05-23T02:42:24.2140000,22.49,92.38,101.929
2026-05-23T02:42:25.2550000,22.49,92.39,101.928
2026-05-23T02:42:26.2960000,22.49,92.39,101.928
2026-05-23T02:42:27.3370000,22.49,92.37,101.928
2026-05-23T02:42:28.3770000,22.49,92.39,101.927
2026-05-23T02:42:29.4180000,22.49,92.37,101.926
2026-05-23T02:42:30.4590000,22.49,92.37,101.926
2026-05-23T02:42:31.5000000,22.49,92.38,101.927
2026-05-23T02:42:32.5860000,22.49,92.33,101.928
2026-05-23T02:42:33.5840000,22.49,92.36,101.928
2026-05-23T02:42:34.6250000,22.49,92.35,101.929
2026-05-23T02:42:35.6670000,22.49,92.34,101.929
2026-05-23T02:42:36.7180000,22.49,92.36,101.929
2026-05-23T02:42:37.7580000,22.49,92.35,101.929
2026-05-23T02:42:38.7990000,22.49,92.36,101.93
2026-05-23T02:42:39.8400000,22.49,92.36,101.93
2026-05-23T02:42:40.8810000,22.49,92.35,101.93
2026-05-23T02:42:41.9220000,22.49,92.36,101.931
2026-05-23T02:42:42.9620000,22.49,92.36,101.931
2026-05-23T02:42:44.0030000,22.49,92.41,101.931
2026-05-23T02:42:45.0440000,22.49,92.33,101.932
2026-05-23T02:42:46.1580000,22.49,92.41,101.931
2026-05-23T02:42:47.1360000,22.49,92.36,101.931
2026-05-23T02:42:48.1770000,22.49,92.35,101.931
2026-05-23T02:42:49.2180000,22.49,92.35,101.931
2026-05-23T02:42:50.2580000,22.49,92.35,101.932
2026-05-23T02:42:51.2990000,22.49,92.35,101.933
2026-05-23T02:42:52.3400000,22.49,92.34,101.933
2026-05-23T02:42:53.3810000,22.5,92.35,101.933
2026-05-23T02:42:54.4210000,22.5,92.39,101.932
2026-05-23T02:42:55.4730000,22.5,92.35,101.932
2026-05-23T02:42:56.5130000,22.5,92.37,101.933
2026-05-23T02:42:57.5540000,22.5,92.34,101.932
2026-05-23T02:42:58.5950000,22.5,92.37,101.932
2026-05-23T02:42:59.6360000,22.5,92.34,101.931
2026-05-23T02:43:00.7040000,22.5,92.36,101.931
2026-05-23T02:43:01.7240000,22.5,92.37,101.932
2026-05-23T02:43:02.7650000,22.5,92.38,101.931
2026-05-23T02:43:03.8050000,22.5,92.38,101.931
2026-05-23T02:43:04.8460000,22.5,92.41,101.932
2026-05-23T02:43:05.8870000,22.5,92.39,101.931
2026-05-23T02:43:06.9280000,22.51,92.4,101.931
2026-05-23T02:43:07.9680000,22.51,92.4,101.931
2026-05-23T02:43:09.0090000,22.51,92.4,101.931
2026-05-23T02:43:10.0500000,22.51,92.4,101.932
2026-05-23T02:43:11.0910000,22.51,92.37,101.932
2026-05-23T02:43:12.1420000,22.51,92.4,101.932
2026-05-23T02:43:13.1830000,22.51,92.42,101.933
2026-05-23T02:43:14.2800000,22.51,92.41,101.932
2026-05-23T02:43:15.2680000,22.51,92.43,101.931
2026-05-23T02:43:16.3090000,22.51,92.44,101.932
2026-05-23T02:43:17.3490000,22.51,92.44,101.931
2026-05-23T02:43:18.3900000,22.51,92.44,101.931
2026-05-23T02:43:19.4310000,22.51,92.44,101.93
2026-05-23T02:43:20.4720000,22.51,92.45,101.929
2026-05-23T02:43:21.5130000,22.51,92.45,101.929
2026-05-23T02:43:22.5530000,22.51,92.47,101.929
2026-05-23T02:43:23.5940000,22.51,92.46,101.928
2026-05-23T02:43:24.6450000,22.52,92.51,101.929
2026-05-23T02:43:25.6860000,22.51,92.5,101.928
2026-05-23T02:43:26.7270000,22.52,92.47,101.928
2026-05-23T02:43:27.7680000,22.52,92.5,101.928
2026-05-23T02:43:28.8230000,22.52,92.5,101.928
2026-05-23T02:43:29.8530000,22.52,92.5,101.929
2026-05-23T02:43:30.8940000,22.52,92.51,101.929
2026-05-23T02:43:31.9350000,22.52,92.51,101.929
2026-05-23T02:43:32.9750000,22.52,92.51,101.929
2026-05-23T02:43:34.0160000,22.52,92.51,101.93
2026-05-23T02:43:35.0570000,22.53,92.51,101.931
2026-05-23T02:43:36.0980000,22.52,92.45,101.93
2026-05-23T02:43:37.1390000,22.53,92.53,101.93
2026-05-23T02:43:38.1900000,22.53,92.55,101.93
2026-05-23T02:43:39.2310000,22.53,92.52,101.93
2026-05-23T02:43:40.2710000,22.53,92.57,101.93
2026-05-23T02:43:41.3120000,22.53,92.55,101.93
2026-05-23T02:43:42.3980000,22.53,92.59,101.93
2026-05-23T02:43:43.3970000,22.53,92.56,101.93
2026-05-23T02:43:44.4380000,22.53,92.57,101.929
2026-05-23T02:43:45.4790000,22.53,92.57,101.93
2026-05-23T02:43:46.5190000,22.53,92.57,101.929
2026-05-23T02:43:47.5600000,22.53,92.58,101.93
2026-05-23T02:43:48.6010000,22.53,92.6,101.93
2026-05-23T02:43:49.6410000,22.53,92.59,101.93
2026-05-23T02:43:50.6930000,22.53,92.57,101.93
2026-05-23T02:43:51.7340000,22.53,92.59,101.929
2026-05-23T02:43:52.7740000,22.53,92.6,101.929
2026-05-23T02:43:53.8150000,22.53,92.6,101.928
2026-05-23T02:43:54.8560000,22.53,92.63,101.929
2026-05-23T02:43:55.8970000,22.53,92.6,101.928
2026-05-23T02:43:56.9410000,22.54,92.62,101.928
2026-05-23T02:43:57.9820000,22.53,92.6,101.928
2026-05-23T02:43:59.0230000,22.54,92.63,101.928
2026-05-23T02:44:00.0640000,22.54,92.62,101.928
2026-05-23T02:44:01.1040000,22.53,92.6,101.927
2026-05-23T02:44:02.1450000,22.53,92.63,101.927
2026-05-23T02:44:03.1960000,22.53,92.63,101.927
2026-05-23T02:44:04.2370000,22.53,92.64,101.927
2026-05-23T02:44:05.2780000,22.53,92.59,101.927
2026-05-23T02:44:06.3190000,22.53,92.62,101.926
2026-05-23T02:44:07.3600000,22.53,92.65,101.926
2026-05-23T02:44:08.4000000,22.53,92.66,101.926
2026-05-23T02:44:09.4410000,22.54,92.64,101.927
2026-05-23T02:44:10.5170000,22.54,92.66,101.926
2026-05-23T02:44:11.5260000,22.54,92.66,101.926
2026-05-23T02:44:12.5670000,22.54,92.65,101.926
2026-05-23T02:44:13.6070000,22.53,92.66,101.926
2026-05-23T02:44:14.6480000,22.53,92.66,101.926
2026-05-23T02:44:15.7000000,22.53,92.66,101.926
2026-05-23T02:44:16.7400000,22.54,92.66,101.927
2026-05-23T02:44:17.7810000,22.54,92.62,101.926
2026-05-23T02:44:18.8220000,22.54,92.66,101.926
2026-05-23T02:44:19.8630000,22.54,92.71,101.926
2026-05-23T02:44:20.9030000,22.54,92.67,101.925
2026-05-23T02:44:21.9440000,22.54,92.69,101.925
2026-05-23T02:44:22.9850000,22.54,92.67,101.925
2026-05-23T02:44:24.0920000,22.54,92.69,101.925
2026-05-23T02:44:25.0700000,22.54,92.69,101.925
2026-05-23T02:44:26.1110000,22.54,92.68,101.924
2026-05-23T02:44:27.1520000,22.54,92.68,101.925
2026-05-23T02:44:28.2030000,22.54,92.69,101.925
2026-05-23T02:44:29.2430000,22.54,92.68,101.925
2026-05-23T02:44:30.2840000,22.54,92.69,101.924
2026-05-23T02:44:31.3250000,22.54,92.69,101.924
2026-05-23T02:44:32.3660000,22.54,92.69,101.924
2026-05-23T02:44:33.4070000,22.54,92.67,101.924
2026-05-23T02:44:34.4470000,22.54,92.71,101.924
2026-05-23T02:44:35.4880000,22.54,92.71,101.924
2026-05-23T02:44:36.5290000,22.54,92.68,101.924
2026-05-23T02:44:37.5800000,22.54,92.68,101.925
2026-05-23T02:44:38.6340000,22.54,92.68,101.926
2026-05-23T02:44:39.6540000,22.54,92.7,101.925
2026-05-23T02:44:40.7060000,22.54,92.73,101.925
2026-05-23T02:44:41.7460000,22.54,92.71,101.925
2026-05-23T02:44:42.7870000,22.54,92.69,101.925
2026-05-23T02:44:43.8280000,22.54,92.71,101.925
2026-05-23T02:44:44.8690000,22.54,92.7,101.924
2026-05-23T02:44:45.9100000,22.54,92.7,101.924
2026-05-23T02:44:46.9500000,22.54,92.68,101.924
2026-05-23T02:44:47.9910000,22.54,92.73,101.923
2026-05-23T02:44:49.0320000,22.54,92.71,101.923
2026-05-23T02:44:50.0730000,22.54,92.7,101.923
2026-05-23T02:44:51.1240000,22.54,92.68,101.922
2026-05-23T02:44:52.2110000,22.54,92.73,101.922
2026-05-23T02:44:53.1990000,22.54,92.69,101.922
2026-05-23T02:44:54.2500000,22.54,92.7,101.922
2026-05-23T02:44:55.2910000,22.54,92.7,101.923
2026-05-23T02:44:56.3310000,22.54,92.7,101.923
2026-05-23T02:44:57.3720000,22.53,92.7,101.922
2026-05-23T02:44:58.4130000,22.54,92.71,101.923
2026-05-23T02:44:59.4530000,22.53,92.7,101.923
2026-05-23T02:45:00.4940000,22.53,92.7,101.923
2026-05-23T02:45:01.5350000,22.53,92.7,101.924
2026-05-23T02:45:02.5760000,22.53,92.68,101.925
2026-05-23T02:45:03.6270000,22.53,92.7,101.925
2026-05-23T02:45:04.6680000,22.53,92.67,101.924
2026-05-23T02:45:05.7080000,22.53,92.7,101.924
2026-05-23T02:45:06.7530000,22.53,92.67,101.924
2026-05-23T02:45:07.7930000,22.53,92.67,101.923
2026-05-23T02:45:08.8340000,22.53,92.65,101.923
2026-05-23T02:45:09.8750000,22.53,92.66,101.923
2026-05-23T02:45:10.9160000,22.53,92.65,101.923
2026-05-23T02:45:11.9570000,22.53,92.66,101.922
2026-05-23T02:45:12.9970000,22.52,92.65,101.922
2026-05-23T02:45:14.0380000,22.52,92.59,101.921
2026-05-23T02:45:15.0790000,22.52,92.66,101.92
2026-05-23T02:45:16.1200000,22.52,92.67,101.92
2026-05-23T02:45:17.1610000,22.52,92.67,101.92
2026-05-23T02:45:18.2120000,22.52,92.65,101.919
2026-05-23T02:45:19.2530000,22.52,92.61,101.919
2026-05-23T02:45:20.3250000,22.52,92.68,101.92
2026-05-23T02:45:21.3340000,22.51,92.62,101.921
2026-05-23T02:45:22.3750000,22.51,92.61,101.921
2026-05-23T02:45:23.4150000,22.51,92.61,101.921
2026-05-23T02:45:24.4560000,22.51,92.61,101.921
2026-05-23T02:45:25.4970000,22.51,92.6,101.922
2026-05-23T02:45:26.5370000,22.51,92.6,101.923
2026-05-23T02:45:27.5780000,22.51,92.6,101.923
2026-05-23T02:45:28.6290000,22.51,92.6,101.924
2026-05-23T02:45:29.6700000,22.51,92.58,101.925
2026-05-23T02:45:30.7110000,22.51,92.59,101.924
2026-05-23T02:45:31.7520000,22.51,92.63,101.924
2026-05-23T02:45:32.7930000,22.51,92.57,101.924
2026-05-23T02:45:33.9000000,22.51,92.6,101.924
2026-05-23T02:45:34.8780000,22.51,92.58,101.923
2026-05-23T02:45:35.9190000,22.51,92.56,101.923
2026-05-23T02:45:36.9600000,22.5,92.56,101.923
2026-05-23T02:45:38.0010000,22.5,92.57,101.923
2026-05-23T02:45:39.0410000,22.5,92.54,101.923
2026-05-23T02:45:40.0820000,22.5,92.53,101.923
2026-05-23T02:45:41.1230000,22.5,92.53,101.922
2026-05-23T02:45:42.1640000,22.5,92.54,101.922
2026-05-23T02:45:43.2150000,22.5,92.53,101.922
2026-05-23T02:45:44.2560000,22.5,92.52,101.922
2026-05-23T02:45:45.2960000,22.5,92.53,101.922
2026-05-23T02:45:46.3370000,22.5,92.52,101.921
2026-05-23T02:45:47.3780000,22.5,92.52,101.921
2026-05-23T02:45:48.4390000,22.49,92.53,101.92
2026-05-23T02:45:49.4590000,22.49,92.48,101.921
2026-05-23T02:45:50.5000000,22.49,92.47,101.921
2026-05-23T02:45:51.5410000,22.49,92.48,101.921
2026-05-23T02:45:52.5810000,22.49,92.49,101.92
2026-05-23T02:45:53.6330000,22.49,92.45,101.921
2026-05-23T02:45:54.6740000,22.49,92.45,101.92
2026-05-23T02:45:55.7140000,22.49,92.4,101.919
2026-05-23T02:45:56.7550000,22.49,92.44,101.92
2026-05-23T02:45:57.7960000,22.49,92.41,101.919
2026-05-23T02:45:58.8370000,22.49,92.4,101.92
2026-05-23T02:45:59.8780000,22.49,92.46,101.921
2026-05-23T02:46:00.9180000,22.49,92.39,101.922
2026-05-23T02:46:02.0120000,22.49,92.44,101.923
2026-05-23T02:46:03.0000000,22.49,92.39,101.924
2026-05-23T02:46:04.0410000,22.49,92.38,101.923
2026-05-23T02:46:05.0920000,22.49,92.39,101.924
2026-05-23T02:46:06.1330000,22.49,92.37,101.925
2026-05-23T02:46:07.1730000,22.49,92.37,101.925
2026-05-23T02:46:08.2140000,22.48,92.35,101.925
2026-05-23T02:46:09.2550000,22.48,92.35,101.925
2026-05-23T02:46:10.2960000,22.48,92.34,101.925
2026-05-23T02:46:11.3360000,22.48,92.32,101.926
2026-05-23T02:46:12.3770000,22.48,92.33,101.926
2026-05-23T02:46:13.4180000,22.48,92.34,101.927
2026-05-23T02:46:14.4690000,22.48,92.33,101.926
2026-05-23T02:46:15.5100000,22.48,92.29,101.926
2026-05-23T02:46:16.5540000,22.48,92.3,101.927
2026-05-23T02:46:17.5840000,22.48,92.27,101.927
2026-05-23T02:46:18.6350000,22.48,92.24,101.927
2026-05-23T02:46:19.6760000,22.47,92.22,101.927
2026-05-23T02:46:20.7170000,22.47,92.21,101.927
2026-05-23T02:46:21.7580000,22.47,92.2,101.927
2026-05-23T02:46:22.7990000,22.47,92.2,101.927
2026-05-23T02:46:23.8390000,22.47,92.26,101.927
2026-05-23T02:46:24.8800000,22.47,92.17,101.927
2026-05-23T02:46:25.9210000,22.47,92.16,101.926
2026-05-23T02:46:26.9620000,22.47,92.17,101.926
2026-05-23T02:46:28.0130000,22.47,92.2,101.926
2026-05-23T02:46:29.0540000,22.47,92.18,101.925
2026-05-23T02:46:30.1290000,22.47,92.22,101.923
2026-05-23T02:46:31.1380000,22.47,92.16,101.923
2026-05-23T02:46:32.1790000,22.47,92.14,101.923
2026-05-23T02:46:33.2200000,22.47,92.14,101.924
2026-05-23T02:46:34.2610000,22.47,92.14,101.923
2026-05-23T02:46:35.3010000,22.47,92.14,101.923
2026-05-23T02:46:36.3420000,22.47,92.14,101.922
2026-05-23T02:46:37.3830000,22.47,92.13,101.921
2026-05-23T02:46:38.4230000,22.47,92.15,101.921
2026-05-23T02:46:39.4640000,22.47,92.15,101.921
2026-05-23T02:46:40.5050000,22.48,92.13,101.921
2026-05-23T02:46:41.5560000,22.48,92.18,101.92
2026-05-23T02:46:42.5970000,22.48,92.2,101.919
2026-05-23T02:46:43.7010000,22.48,92.24,101.919
2026-05-23T02:46:44.6780000,22.48,92.18,101.919
2026-05-23T02:46:45.7190000,22.48,92.2,101.919
2026-05-23T02:46:46.7600000,22.48,92.19,101.918
2026-05-23T02:46:47.8010000,22.48,92.2,101.918
2026-05-23T02:46:48.8420000,22.48,92.21,101.918
2026-05-23T02:46:49.8820000,22.48,92.22,101.917
2026-05-23T02:46:50.9340000,22.49,92.21,101.918
2026-05-23T02:46:51.9740000,22.48,92.21,101.918
2026-05-23T02:46:53.0150000,22.48,92.22,101.918
2026-05-23T02:46:54.0560000,22.49,92.21,101.919
2026-05-23T02:46:55.0970000,22.49,92.24,101.919
2026-05-23T02:46:56.1370000,22.49,92.24,101.919
2026-05-23T02:46:57.1780000,22.49,92.24,101.919
2026-05-23T02:46:58.2430000,22.49,92.18,101.92
2026-05-23T02:46:59.2630000,22.49,92.24,101.921
2026-05-23T02:47:00.3040000,22.49,92.23,101.922
2026-05-23T02:47:01.3450000,22.49,92.24,101.922
2026-05-23T02:47:02.3850000,22.49,92.24,101.921
2026-05-23T02:47:03.4260000,22.49,92.24,101.921
2026-05-23T02:47:04.4770000,22.49,92.25,101.92
2026-05-23T02:47:05.5180000,22.5,92.27,101.921
2026-05-23T02:47:06.5590000,22.5,92.3,101.921
2026-05-23T02:47:07.6000000,22.5,92.24,101.922
2026-05-23T02:47:08.6400000,22.5,92.29,101.922
2026-05-23T02:47:09.6810000,22.5,92.29,101.923
2026-05-23T02:47:10.7220000,22.5,92.28,101.923
2026-05-23T02:47:11.8150000,22.5,92.36,101.923
2026-05-23T02:47:12.8040000,22.5,92.29,101.922
2026-05-23T02:47:13.8440000,22.51,92.3,101.922
2026-05-23T02:47:14.8960000,22.5,92.31,101.922
2026-05-23T02:47:15.9360000,22.5,92.3,101.921
2026-05-23T02:47:16.9770000,22.51,92.31,101.921
2026-05-23T02:47:18.0180000,22.51,92.32,101.92
2026-05-23T02:47:19.0590000,22.51,92.32,101.92
2026-05-23T02:47:20.0990000,22.51,92.33,101.92
2026-05-23T02:47:21.1400000,22.51,92.37,101.919
2026-05-23T02:47:22.1810000,22.51,92.33,101.919
2026-05-23T02:47:23.2220000,22.51,92.36,101.919
2026-05-23T02:47:24.2620000,22.51,92.36,101.919
2026-05-23T02:47:25.3130000,22.51,92.36,101.918
2026-05-23T02:47:26.3580000,22.51,92.34,101.917
2026-05-23T02:47:27.3880000,22.51,92.36,101.917
2026-05-23T02:47:28.4390000,22.52,92.38,101.918
2026-05-23T02:47:29.4800000,22.52,92.39,101.919
2026-05-23T02:47:30.5210000,22.52,92.39,101.919
2026-05-23T02:47:31.5620000,22.52,92.38,101.919
2026-05-23T02:47:32.6030000,22.52,92.4,101.919
2026-05-23T02:47:33.6430000,22.52,92.31,101.919
2026-05-23T02:47:34.6840000,22.52,92.43,101.919
2026-05-23T02:47:35.7250000,22.52,92.4,101.919
2026-05-23T02:47:36.7660000,22.52,92.42,101.919
2026-05-23T02:47:37.8060000,22.52,92.42,101.918
2026-05-23T02:47:38.8580000,22.52,92.41,101.918
2026-05-23T02:47:39.9300000,22.52,92.5,101.917
2026-05-23T02:47:40.9390000,22.52,92.45,101.917
2026-05-23T02:47:41.9800000,22.52,92.45,101.917
2026-05-23T02:47:43.0210000,22.52,92.46,101.917
2026-05-23T02:47:44.0610000,22.53,92.46,101.918
2026-05-23T02:47:45.1020000,22.53,92.47,101.917
2026-05-23T02:47:46.1430000,22.53,92.49,101.918
2026-05-23T02:47:47.1830000,22.53,92.49,101.917
2026-05-23T02:47:48.2350000,22.53,92.49,101.917
2026-05-23T02:47:49.2750000,22.53,92.52,101.917
2026-05-23T02:47:50.3160000,22.53,92.51,101.916
2026-05-23T02:47:51.3570000,22.53,92.49,101.916
2026-05-23T02:47:52.3970000,22.53,92.49,101.916
2026-05-23T02:47:53.5040000,22.53,92.55,101.916
2026-05-23T02:47:54.4820000,22.53,92.53,101.916
2026-05-23T02:47:55.5230000,22.53,92.51,101.916
2026-05-23T02:47:56.5640000,22.53,92.53,101.915
2026-05-23T02:47:57.6050000,22.53,92.52,101.915
2026-05-23T02:47:58.6450000,22.53,92.52,101.914
2026-05-23T02:47:59.6860000,22.53,92.54,101.914
2026-05-23T02:48:00.7270000,22.53,92.55,101.915
2026-05-23T02:48:01.7680000,22.53,92.57,101.915
2026-05-23T02:48:02.8190000,22.53,92.54,101.914
2026-05-23T02:48:03.8600000,22.53,92.54,101.913
2026-05-23T02:48:04.9010000,22.53,92.55,101.913
2026-05-23T02:48:05.9420000,22.53,92.57,101.913
2026-05-23T02:48:06.9820000,22.53,92.56,101.914
2026-05-23T02:48:08.0480000,22.53,92.58,101.913
2026-05-23T02:48:09.0670000,22.53,92.56,101.913
2026-05-23T02:48:10.1080000,22.54,92.57,101.913
2026-05-23T02:48:11.1490000,22.54,92.57,101.913
2026-05-23T02:48:12.1890000,22.53,92.58,101.912
2026-05-23T02:48:13.2300000,22.53,92.62,101.912
2026-05-23T02:48:14.2710000,22.53,92.6,101.912
2026-05-23T02:48:15.3120000,22.54,92.55,101.913
2026-05-23T02:48:16.3630000,22.54,92.61,101.913
2026-05-23T02:48:17.4040000,22.54,92.6,101.913
2026-05-23T02:48:18.4440000,22.54,92.61,101.912
2026-05-23T02:48:19.4850000,22.54,92.62,101.912
2026-05-23T02:48:20.5260000,22.54,92.63,101.913
2026-05-23T02:48:21.6230000,22.54,92.66,101.912
2026-05-23T02:48:22.6110000,22.54,92.62,101.912
2026-05-23T02:48:23.6520000,22.54,92.62,101.912
2026-05-23T02:48:24.6930000,22.54,92.64,101.912
2026-05-23T02:48:25.7330000,22.54,92.63,101.912
2026-05-23T02:48:26.7740000,22.54,92.64,101.913
2026-05-23T02:48:27.8150000,22.54,92.64,101.913
2026-05-23T02:48:28.8560000,22.54,92.64,101.912
2026-05-23T02:48:29.8960000,22.54,92.63,101.913
2026-05-23T02:48:30.9370000,22.54,92.65,101.912
2026-05-23T02:48:31.9880000,22.54,92.65,101.912
2026-05-23T02:48:33.0290000,22.54,92.65,101.911
2026-05-23T02:48:34.0700000,22.54,92.67,101.912
2026-05-23T02:48:35.1100000,22.54,92.64,101.911
2026-05-23T02:48:36.1620000,22.54,92.67,101.912
2026-05-23T02:48:37.1920000,22.54,92.66,101.912
2026-05-23T02:48:38.2330000,22.54,92.66,101.911
2026-05-23T02:48:39.2730000,22.54,92.66,101.911
2026-05-23T02:48:40.3140000,22.54,92.67,101.912
2026-05-23T02:48:41.3550000,22.54,92.65,101.912
2026-05-23T02:48:42.4060000,22.54,92.67,101.912
2026-05-23T02:48:43.4470000,22.54,92.65,101.912
2026-05-23T02:48:44.4880000,22.54,92.7,101.913
2026-05-23T02:48:45.5290000,22.54,92.66,101.913
2026-05-23T02:48:46.5690000,22.54,92.66,101.914
2026-05-23T02:48:47.6100000,22.54,92.68,101.914
2026-05-23T02:48:48.6510000,22.54,92.7,101.914
2026-05-23T02:48:49.7340000,22.54,92.65,101.913
2026-05-23T02:48:50.7320000,22.54,92.68,101.913
2026-05-23T02:48:51.7730000,22.54,92.68,101.912
2026-05-23T02:48:52.8140000,22.54,92.68,101.912
2026-05-23T02:48:53.8550000,22.54,92.68,101.911
2026-05-23T02:48:54.9060000,22.54,92.66,101.911
2026-05-23T02:48:55.9470000,22.54,92.68,101.911
2026-05-23T02:48:56.9870000,22.54,92.7,101.912
2026-05-23T02:48:58.0280000,22.54,92.68,101.912
2026-05-23T02:48:59.0690000,22.54,92.68,101.912
2026-05-23T02:49:00.1090000,22.54,92.65,101.912
2026-05-23T02:49:01.1500000,22.54,92.68,101.912
2026-05-23T02:49:02.1910000,22.54,92.69,101.912
2026-05-23T02:49:03.2310000,22.54,92.7,101.912
2026-05-23T02:49:04.2830000,22.53,92.67,101.912
2026-05-23T02:49:05.3230000,22.53,92.67,101.911
2026-05-23T02:49:06.3640000,22.53,92.64,101.912
2026-05-23T02:49:07.4050000,22.53,92.66,101.912
2026-05-23T02:49:08.4460000,22.53,92.65,101.912
2026-05-23T02:49:09.4870000,22.53,92.65,101.913
2026-05-23T02:49:10.5270000,22.53,92.66,101.912
2026-05-23T02:49:11.5680000,22.53,92.63,101.913
2026-05-23T02:49:12.6090000,22.52,92.63,101.912
2026-05-23T02:49:13.6500000,22.53,92.65,101.913
2026-05-23T02:49:14.6910000,22.52,92.62,101.912
2026-05-23T02:49:15.7420000,22.52,92.67,101.912
2026-05-23T02:49:16.7830000,22.52,92.68,101.912
2026-05-23T02:49:17.8440000,22.52,92.66,101.912
2026-05-23T02:49:18.8640000,22.52,92.67,101.912
2026-05-23T02:49:19.9050000,22.52,92.65,101.912
2026-05-23T02:49:20.9450000,22.52,92.63,101.912
2026-05-23T02:49:21.9860000,22.51,92.62,101.911
2026-05-23T02:49:23.0270000,22.51,92.62,101.911
2026-05-23T02:49:24.0680000,22.51,92.61,101.91
2026-05-23T02:49:25.1190000,22.51,92.59,101.91
2026-05-23T02:49:26.1600000,22.51,92.61,101.91
2026-05-23T02:49:27.2010000,22.51,92.64,101.911
2026-05-23T02:49:28.2410000,22.51,92.6,101.911
2026-05-23T02:49:29.2820000,22.51,92.6,101.911
2026-05-23T02:49:30.3230000,22.51,92.64,101.91
2026-05-23T02:49:31.4160000,22.51,92.6,101.91
2026-05-23T02:49:32.4050000,22.51,92.62,101.91
2026-05-23T02:49:33.4450000,22.51,92.61,101.91
2026-05-23T02:49:34.4860000,22.51,92.6,101.91
2026-05-23T02:49:35.5370000,22.5,92.59,101.91
2026-05-23T02:49:36.5780000,22.5,92.59,101.91
2026-05-23T02:49:37.6190000,22.5,92.58,101.911
2026-05-23T02:49:38.6600000,22.5,92.58,101.911
2026-05-23T02:49:39.7000000,22.5,92.58,101.912
2026-05-23T02:49:40.7410000,22.5,92.54,101.912
2026-05-23T02:49:41.7820000,22.5,92.57,101.911
2026-05-23T02:49:42.8230000,22.5,92.56,101.91
2026-05-23T02:49:43.8630000,22.5,92.57,101.91
2026-05-23T02:49:44.9140000,22.5,92.57,101.91
2026-05-23T02:49:45.9590000,22.5,92.54,101.909
2026-05-23T02:49:46.9890000,22.5,92.56,101.909
2026-05-23T02:49:48.0300000,22.5,92.53,101.909
2026-05-23T02:49:49.0810000,22.5,92.54,101.909
2026-05-23T02:49:50.1220000,22.5,92.53,101.909
2026-05-23T02:49:51.1620000,22.5,92.52,101.909
2026-05-23T02:49:52.2030000,22.5,92.52,101.909
2026-05-23T02:49:53.2440000,22.5,92.52,101.909
2026-05-23T02:49:54.2850000,22.49,92.52,101.908
2026-05-23T02:49:55.3250000,22.49,92.5,101.908
2026-05-23T02:49:56.3660000,22.49,92.51,101.909
2026-05-23T02:49:57.4070000,22.49,92.49,101.909
2026-05-23T02:49:58.4580000,22.49,92.5,101.909
2026-05-23T02:49:59.5270000,22.49,92.49,101.909
2026-05-23T02:50:00.5360000,22.49,92.5,101.909
2026-05-23T02:50:01.5770000,22.49,92.5,101.909
2026-05-23T02:50:02.6180000,22.49,92.48,101.909
2026-05-23T02:50:03.6590000,22.49,92.48,101.909
2026-05-23T02:50:04.7100000,22.49,92.48,101.909
2026-05-23T02:50:05.7510000,22.49,92.47,101.91
2026-05-23T02:50:06.7910000,22.49,92.48,101.909
2026-05-23T02:50:07.8320000,22.49,92.47,101.909
2026-05-23T02:50:08.8730000,22.49,92.46,101.909
2026-05-23T02:50:09.9140000,22.49,92.44,101.908
2026-05-23T02:50:10.9540000,22.49,92.47,101.909
2026-05-23T02:50:11.9950000,22.49,92.45,101.909
2026-05-23T02:50:13.0990000,22.49,92.48,101.909
2026-05-23T02:50:14.0870000,22.49,92.44,101.908
2026-05-23T02:50:15.1280000,22.49,92.42,101.907
2026-05-23T02:50:16.1690000,22.49,92.42,101.907
2026-05-23T02:50:17.2100000,22.49,92.42,101.907
2026-05-23T02:50:18.2500000,22.48,92.41,101.907
2026-05-23T02:50:19.2910000,22.48,92.4,101.907
2026-05-23T02:50:20.3320000,22.48,92.39,101.908
2026-05-23T02:50:21.3730000,22.48,92.39,101.907
2026-05-23T02:50:22.4140000,22.48,92.36,101.907
2026-05-23T02:50:23.4540000,22.48,92.38,101.907
2026-05-23T02:50:24.5060000,22.48,92.36,101.908
2026-05-23T02:50:25.5460000,22.48,92.35,101.908
2026-05-23T02:50:26.5870000,22.48,92.32,101.907
2026-05-23T02:50:27.6380000,22.48,92.32,101.906
2026-05-23T02:50:28.6690000,22.48,92.33,101.905
2026-05-23T02:50:29.7090000,22.48,92.33,101.905
2026-05-23T02:50:30.7500000,22.48,92.32,101.905
2026-05-23T02:50:31.7910000,22.48,92.31,101.905
2026-05-23T02:50:32.8320000,22.48,92.3,101.905
2026-05-23T02:50:33.8830000,22.48,92.3,101.904
2026-05-23T02:50:34.9230000,22.48,92.33,101.904
2026-05-23T02:50:35.9640000,22.48,92.3,101.904
2026-05-23T02:50:37.0050000,22.47,92.24,101.904
2026-05-23T02:50:38.0460000,22.47,92.28,101.904
2026-05-23T02:50:39.0870000,22.48,92.25,101.905
2026-05-23T02:50:40.1280000,22.48,92.25,101.905
2026-05-23T02:50:41.2070000,22.47,92.21,101.904
2026-05-23T02:50:42.2160000,22.47,92.23,101.904
2026-05-23T02:50:43.2570000,22.47,92.22,101.904
2026-05-23T02:50:44.2980000,22.47,92.21,101.904
2026-05-23T02:50:45.3390000,22.47,92.2,101.905
2026-05-23T02:50:46.3800000,22.47,92.2,101.905
2026-05-23T02:50:47.4200000,22.47,92.17,101.905
2026-05-23T02:50:48.4610000,22.47,92.18,101.905
2026-05-23T02:50:49.5020000,22.47,92.17,101.905
2026-05-23T02:50:50.5530000,22.47,92.13,101.905
2026-05-23T02:50:51.5940000,22.46,92.13,101.905
2026-05-23T02:50:52.6350000,22.46,92.11,101.905
2026-05-23T02:50:53.6760000,22.46,92.11,101.905
2026-05-23T02:50:54.7760000,22.46,92.07,101.906
2026-05-23T02:50:55.7540000,22.46,92.05,101.906
2026-05-23T02:50:56.8050000,22.46,92.05,101.906
2026-05-23T02:50:57.8460000,22.46,92.04,101.905
2026-05-23T02:50:58.8860000,22.46,92.06,101.905
2026-05-23T02:50:59.9270000,22.46,92.06,101.905
2026-05-23T02:51:00.9680000,22.46,92.08,101.905
2026-05-23T02:51:02.0080000,22.46,92.05,101.905
2026-05-23T02:51:03.0490000,22.46,92.04,101.905
2026-05-23T02:51:04.0900000,22.45,92.03,101.905
2026-05-23T02:51:05.1310000,22.45,92,101.905
2026-05-23T02:51:06.1720000,22.45,91.98,101.905
2026-05-23T02:51:07.2230000,22.45,92,101.905
2026-05-23T02:51:08.2640000,22.45,92.06,101.905
2026-05-23T02:51:09.3150000,22.46,92.01,101.906
2026-05-23T02:51:10.3450000,22.46,92.04,101.906
2026-05-23T02:51:11.3860000,22.46,92.04,101.906
2026-05-23T02:51:12.4270000,22.46,92.05,101.906
2026-05-23T02:51:13.4670000,22.46,92.05,101.906
2026-05-23T02:51:14.5080000,22.46,92.05,101.906
2026-05-23T02:51:15.5490000,22.47,92.06,101.907
2026-05-23T02:51:16.6000000,22.47,92.09,101.906
2026-05-23T02:51:17.6410000,22.47,92.08,101.906
2026-05-23T02:51:18.6820000,22.46,92.05,101.906
2026-05-23T02:51:19.7220000,22.46,92.06,101.906
2026-05-23T02:51:20.7630000,22.46,92.04,101.906
2026-05-23T02:51:21.8040000,22.46,92.05,101.907
2026-05-23T02:51:23.8850000,22.47,92.05,101.907
2026-05-23T02:51:24.9260000,22.47,92.04,101.906
2026-05-23T02:51:25.9780000,22.47,92.08,101.906
2026-05-23T02:51:27.0190000,22.47,92.03,101.906
2026-05-23T02:51:28.0590000,22.47,92.06,101.907
2026-05-23T02:51:29.1000000,22.47,92.07,101.906
2026-05-23T02:51:30.1410000,22.47,92.02,101.906
2026-05-23T02:51:31.1820000,22.47,92.07,101.907
2026-05-23T02:51:32.2220000,22.47,92.1,101.907
2026-05-23T02:51:33.2630000,22.47,92.09,101.907
2026-05-23T02:51:34.3040000,22.48,92.08,101.907
2026-05-23T02:51:35.3550000,22.48,92.09,101.906
2026-05-23T02:51:36.4560000,22.48,92.11,101.906
2026-05-23T02:51:37.4330000,22.48,92.1,101.907
2026-05-23T02:51:38.4740000,22.48,92.1,101.907
2026-05-23T02:51:39.5150000,22.48,92.09,101.906
2026-05-23T02:51:40.5550000,22.48,92.1,101.906
2026-05-23T02:51:41.5960000,22.48,92.11,101.906
2026-05-23T02:51:42.6470000,22.48,92.12,101.906
2026-05-23T02:51:43.6880000,22.49,92.12,101.906
2026-05-23T02:51:44.7290000,22.49,92.11,101.907
2026-05-23T02:51:45.7700000,22.49,92.11,101.907
2026-05-23T02:51:46.8100000,22.49,92.12,101.906
2026-05-23T02:51:47.8510000,22.49,92.13,101.906
2026-05-23T02:51:48.8920000,22.49,92.15,101.906
2026-05-23T02:51:49.9320000,22.49,92.15,101.906
2026-05-23T02:51:50.9940000,22.49,92.18,101.906
2026-05-23T02:51:52.0140000,22.49,92.15,101.907
2026-05-23T02:51:53.0650000,22.49,92.16,101.907
2026-05-23T02:51:54.1060000,22.5,92.17,101.908
2026-05-23T02:51:55.1470000,22.5,92.17,101.907
2026-05-23T02:51:56.1880000,22.5,92.17,101.907
2026-05-23T02:51:57.2280000,22.5,92.19,101.908
2026-05-23T02:51:58.2690000,22.5,92.21,101.908
2026-05-23T02:51:59.3100000,22.5,92.21,101.907
2026-05-23T02:52:00.3510000,22.5,92.18,101.908
2026-05-23T02:52:01.3910000,22.5,92.22,101.908
2026-05-23T02:52:02.4320000,22.5,92.23,101.908
2026-05-23T02:52:03.4830000,22.5,92.23,101.908
2026-05-23T02:52:04.5660000,22.5,92.25,101.908
2026-05-23T02:52:05.5650000,22.51,92.26,101.909
2026-05-23T02:52:06.6050000,22.51,92.25,101.909
2026-05-23T02:52:07.6460000,22.51,92.25,101.909
2026-05-23T02:52:08.6870000,22.51,92.25,101.909
2026-05-23T02:52:09.7280000,22.51,92.26,101.909
2026-05-23T02:52:10.7680000,22.51,92.27,101.91
2026-05-23T02:52:11.8190000,22.51,92.29,101.909
2026-05-23T02:52:12.8600000,22.51,92.27,101.909
2026-05-23T02:52:13.9010000,22.51,92.27,101.91
2026-05-23T02:52:14.9420000,22.51,92.26,101.91
2026-05-23T02:52:15.9850000,22.51,92.3,101.91
2026-05-23T02:52:18.1360000,22.51,92.29,101.91
2026-05-23T02:52:19.1040000,22.51,92.32,101.91
2026-05-23T02:52:20.1550000,22.51,92.33,101.91
2026-05-23T02:52:21.1960000,22.51,92.34,101.909
2026-05-23T02:52:22.2360000,22.51,92.37,101.909
2026-05-23T02:52:23.2770000,22.52,92.34,101.91
2026-05-23T02:52:24.3180000,22.52,92.37,101.91
2026-05-23T02:52:25.3590000,22.52,92.38,101.91
2026-05-23T02:52:26.4000000,22.52,92.39,101.91
2026-05-23T02:52:27.4400000,22.52,92.34,101.91
2026-05-23T02:52:28.4810000,22.52,92.41,101.91
2026-05-23T02:52:29.5220000,22.52,92.4,101.91
2026-05-23T02:52:30.5630000,22.52,92.39,101.91
2026-05-23T02:52:31.6140000,22.52,92.4,101.91
2026-05-23T02:52:32.6760000,22.53,92.4,101.911
2026-05-23T02:52:33.6960000,22.53,92.42,101.91
2026-05-23T02:52:34.7360000,22.53,92.4,101.91
2026-05-23T02:52:35.7770000,22.53,92.42,101.91
2026-05-23T02:52:36.8180000,22.53,92.42,101.911
2026-05-23T02:52:37.8580000,22.53,92.45,101.911
2026-05-23T02:52:38.8990000,22.53,92.43,101.911
2026-05-23T02:52:39.9400000,22.53,92.43,101.91
2026-05-23T02:52:40.9910000,22.52,92.42,101.91
2026-05-23T02:52:42.0320000,22.52,92.48,101.909
2026-05-23T02:52:43.0730000,22.52,92.47,101.909
2026-05-23T02:52:44.1130000,22.52,92.43,101.909
2026-05-23T02:52:45.1540000,22.53,92.43,101.908
2026-05-23T02:52:46.2480000,22.53,92.52,101.908
2026-05-23T02:52:47.2360000,22.53,92.44,101.907
2026-05-23T02:52:48.2770000,22.53,92.46,101.908
2026-05-23T02:52:49.3180000,22.53,92.46,101.907
2026-05-23T02:52:50.3590000,22.53,92.46,101.907
2026-05-23T02:52:51.4100000,22.53,92.48,101.907
2026-05-23T02:52:52.4510000,22.53,92.48,101.906
2026-05-23T02:52:53.4910000,22.53,92.48,101.906
2026-05-23T02:52:54.5320000,22.53,92.5,101.907
2026-05-23T02:52:55.5730000,22.53,92.44,101.906
2026-05-23T02:52:56.6130000,22.53,92.45,101.905
2026-05-23T02:52:57.6540000,22.53,92.5,101.904
2026-05-23T02:52:58.6950000,22.53,92.45,101.903
2026-05-23T02:52:59.7360000,22.53,92.52,101.903
2026-05-23T02:53:00.7870000,22.54,92.51,101.903
2026-05-23T02:53:01.8270000,22.53,92.51,101.904
2026-05-23T02:53:02.8680000,22.53,92.51,101.904
2026-05-23T02:53:03.9090000,22.54,92.51,101.905
2026-05-23T02:53:04.9500000,22.53,92.52,101.905
2026-05-23T02:53:05.9910000,22.53,92.51,101.906
2026-05-23T02:53:07.0320000,22.54,92.53,101.907
2026-05-23T02:53:08.0720000,22.53,92.51,101.906
2026-05-23T02:53:09.1130000,22.54,92.55,101.907
2026-05-23T02:53:10.1640000,22.54,92.56,101.907
2026-05-23T02:53:11.2050000,22.54,92.54,101.907
2026-05-23T02:53:12.2460000,22.54,92.56,101.907
2026-05-23T02:53:13.2870000,22.53,92.55,101.906
2026-05-23T02:53:14.3590000,22.53,92.56,101.906
2026-05-23T02:53:15.3680000,22.53,92.55,101.906
2026-05-23T02:53:16.4090000,22.53,92.54,101.904
2026-05-23T02:53:17.4500000,22.53,92.55,101.904
2026-05-23T02:53:18.4900000,22.53,92.56,101.903
2026-05-23T02:53:19.5310000,22.53,92.55,101.904
2026-05-23T02:53:20.5820000,22.54,92.55,101.904
2026-05-23T02:53:21.6230000,22.53,92.56,101.904
2026-05-23T02:53:22.6640000,22.53,92.55,101.903
2026-05-23T02:53:23.7040000,22.53,92.55,101.904
2026-05-23T02:53:24.7450000,22.53,92.53,101.904
2026-05-23T02:53:25.7860000,22.53,92.57,101.903
2026-05-23T02:53:26.8270000,22.53,92.58,101.903
2026-05-23T02:53:27.9300000,22.53,92.59,101.903
2026-05-23T02:53:28.9080000,22.53,92.55,101.903
2026-05-23T02:53:29.9490000,22.53,92.56,101.904
2026-05-23T02:53:31.0000000,22.53,92.56,101.903
2026-05-23T02:53:32.0410000,22.52,92.54,101.903
2026-05-23T02:53:33.0820000,22.52,92.55,101.904
2026-05-23T02:53:34.1220000,22.52,92.56,101.903
2026-05-23T02:53:35.1630000,22.52,92.56,101.903
2026-05-23T02:53:36.2040000,22.52,92.57,101.904
2026-05-23T02:53:37.2450000,22.52,92.58,101.905
2026-05-23T02:53:38.2850000,22.52,92.53,101.906
2026-05-23T02:53:39.3260000,22.52,92.56,101.905
2026-05-23T02:53:40.3670000,22.52,92.54,101.905
2026-05-23T02:53:41.4180000,22.52,92.56,101.905
2026-05-23T02:53:42.4730000,22.52,92.5,101.905
2026-05-23T02:53:43.4930000,22.52,92.54,101.904
2026-05-23T02:53:44.5440000,22.52,92.54,101.904
2026-05-23T02:53:45.5840000,22.51,92.55,101.903
2026-05-23T02:53:46.6250000,22.51,92.52,101.903
2026-05-23T02:53:47.6660000,22.51,92.55,101.902
2026-05-23T02:53:48.7060000,22.51,92.54,101.902
2026-05-23T02:53:49.7470000,22.51,92.54,101.901
2026-05-23T02:53:50.7880000,22.51,92.54,101.902
2026-05-23T02:53:51.8280000,22.51,92.49,101.901
2026-05-23T02:53:52.8690000,22.51,92.47,101.901
2026-05-23T02:53:53.9200000,22.51,92.53,101.9
2026-05-23T02:53:54.9610000,22.51,92.53,101.901
2026-05-23T02:53:56.0440000,22.51,92.49,101.902
2026-05-23T02:53:57.0430000,22.51,92.51,101.901
2026-05-23T02:53:58.0830000,22.51,92.5,101.901
2026-05-23T02:53:59.1240000,22.51,92.53,101.902
2026-05-23T02:54:00.1650000,22.51,92.53,101.902
2026-05-23T02:54:01.2060000,22.51,92.51,101.902
2026-05-23T02:54:02.2460000,22.51,92.53,101.902
2026-05-23T02:54:03.2870000,22.51,92.51,101.902
2026-05-23T02:54:04.3380000,22.51,92.5,101.902
2026-05-23T02:54:05.3790000,22.51,92.51,101.902
2026-05-23T02:54:06.4200000,22.51,92.54,101.902
2026-05-23T02:54:07.4610000,22.5,92.47,101.902
2026-05-23T02:54:08.5020000,22.51,92.51,101.903
2026-05-23T02:54:09.5420000,22.51,92.5,101.903
2026-05-23T02:54:10.5860000,22.51,92.48,101.904
2026-05-23T02:54:11.6270000,22.51,92.5,101.905
2026-05-23T02:54:12.6680000,22.5,92.49,101.905
2026-05-23T02:54:13.7090000,22.51,92.49,101.905
2026-05-23T02:54:14.7490000,22.51,92.48,101.906
2026-05-23T02:54:15.7900000,22.5,92.46,101.906
2026-05-23T02:54:16.8310000,22.5,92.48,101.906
2026-05-23T02:54:17.8820000,22.5,92.51,101.906
2026-05-23T02:54:18.9230000,22.5,92.48,101.907
2026-05-23T02:54:19.9630000,22.5,92.43,101.907
2026-05-23T02:54:21.0040000,22.5,92.47,101.908
2026-05-23T02:54:22.0450000,22.5,92.47,101.908
2026-05-23T02:54:23.0860000,22.5,92.49,101.908
2026-05-23T02:54:24.1580000,22.5,92.53,101.907
2026-05-23T02:54:25.1670000,22.5,92.44,101.907
2026-05-23T02:54:26.2080000,22.5,92.43,101.906
2026-05-23T02:54:27.2490000,22.5,92.43,101.905
2026-05-23T02:54:28.2900000,22.5,92.43,101.904
2026-05-23T02:54:29.3410000,22.5,92.43,101.903
2026-05-23T02:54:30.3810000,22.5,92.42,101.903
2026-05-23T02:54:31.4220000,22.5,92.43,101.903
2026-05-23T02:54:32.4630000,22.5,92.42,101.903
2026-05-23T02:54:33.5040000,22.5,92.44,101.903
2026-05-23T02:54:34.5440000,22.5,92.42,101.903
2026-05-23T02:54:35.5850000,22.5,92.42,101.903
2026-05-23T02:54:36.6260000,22.49,92.42,101.903
2026-05-23T02:54:37.7290000,22.49,92.38,101.903
2026-05-23T02:54:38.7180000,22.49,92.37,101.903
2026-05-23T02:54:39.7580000,22.49,92.36,101.903
2026-05-23T02:54:40.7990000,22.49,92.37,101.903
2026-05-23T02:54:41.8400000,22.49,92.38,101.904
2026-05-23T02:54:42.8810000,22.49,92.38,101.903
2026-05-23T02:54:43.9220000,22.49,92.37,101.902
2026-05-23T02:54:44.9620000,22.49,92.35,101.903
2026-05-23T02:54:46.0030000,22.49,92.37,101.903
2026-05-23T02:54:47.0440000,22.49,92.31,101.904
2026-05-23T02:54:48.0840000,22.49,92.37,101.904
2026-05-23T02:54:49.1360000,22.49,92.36,101.905
2026-05-23T02:54:50.1760000,22.49,92.37,101.905
2026-05-23T02:54:51.2170000,22.48,92.35,101.906
2026-05-23T02:54:52.2680000,22.48,92.34,101.907
2026-05-23T02:54:53.2990000,22.48,92.3,101.908
2026-05-23T02:54:54.3390000,22.48,92.29,101.909
2026-05-23T02:54:55.3800000,22.48,92.27,101.909
2026-05-23T02:54:56.4210000,22.48,92.28,101.91
2026-05-23T02:54:57.4610000,22.48,92.27,101.911
2026-05-23T02:54:58.5020000,22.48,92.26,101.911
2026-05-23T02:54:59.5530000,22.48,92.24,101.91
2026-05-23T02:55:00.5940000,22.48,92.24,101.91
2026-05-23T02:55:01.6350000,22.47,92.18,101.909
2026-05-23T02:55:02.6760000,22.47,92.22,101.909
2026-05-23T02:55:03.7160000,22.47,92.21,101.908
2026-05-23T02:55:04.7570000,22.47,92.17,101.909
2026-05-23T02:55:05.8400000,22.47,92.17,101.909
2026-05-23T02:55:06.8390000,22.47,92.17,101.909
2026-05-23T02:55:07.8790000,22.47,92.16,101.909
2026-05-23T02:55:08.9300000,22.47,92.16,101.91
2026-05-23T02:55:09.9710000,22.47,92.17,101.91
2026-05-23T02:55:11.0120000,22.47,92.15,101.91
2026-05-23T02:55:12.0530000,22.47,92.15,101.91
2026-05-23T02:55:13.0940000,22.47,92.13,101.911
2026-05-23T02:55:14.1340000,22.46,92.09,101.91
2026-05-23T02:55:15.1750000,22.46,92.08,101.91
2026-05-23T02:55:16.2160000,22.46,92.06,101.91
2026-05-23T02:55:17.2570000,22.45,92.04,101.91
2026-05-23T02:55:18.2970000,22.45,92.03,101.909
2026-05-23T02:55:19.4150000,22.45,92.09,101.91
2026-05-23T02:55:20.3820000,22.45,92.05,101.91
2026-05-23T02:55:21.4230000,22.45,92.06,101.91
2026-05-23T02:55:22.4740000,22.45,92.06,101.909
2026-05-23T02:55:23.5150000,22.46,92.06,101.909
2026-05-23T02:55:24.5560000,22.46,92.08,101.909
2026-05-23T02:55:25.5960000,22.46,92.08,101.91
2026-05-23T02:55:26.6370000,22.46,92.07,101.91
2026-05-23T02:55:27.6780000,22.46,92.02,101.909
2026-05-23T02:55:28.7190000,22.46,92.05,101.909
2026-05-23T02:55:29.7600000,22.46,92.08,101.909
2026-05-23T02:55:30.8010000,22.46,92.13,101.909
2026-05-23T02:55:31.8410000,22.46,92.12,101.908
2026-05-23T02:55:32.8930000,22.46,92.12,101.908
2026-05-23T02:55:33.9540000,22.47,92.12,101.908
2026-05-23T02:55:34.9740000,22.47,92.13,101.908
2026-05-23T02:55:36.0150000,22.47,92.11,101.908
2026-05-23T02:55:37.0560000,22.47,92.12,101.908
2026-05-23T02:55:38.0960000,22.47,92.11,101.907
2026-05-23T02:55:39.1370000,22.47,92.11,101.908
2026-05-23T02:55:40.1780000,22.47,92.12,101.908
2026-05-23T02:55:41.2190000,22.46,92.09,101.907
2026-05-23T02:55:42.2700000,22.47,92.1,101.908
2026-05-23T02:55:43.3100000,22.47,92.14,101.908
2026-05-23T02:55:44.3510000,22.47,92.11,101.907
2026-05-23T02:55:45.3920000,22.47,92.12,101.907
2026-05-23T02:55:46.4330000,22.47,92.14,101.907
2026-05-23T02:55:47.5260000,22.47,92.15,101.907
2026-05-23T02:55:48.5140000,22.47,92.14,101.907
2026-05-23T02:55:49.5550000,22.47,92.14,101.906
2026-05-23T02:55:50.5950000,22.47,92.14,101.907
2026-05-23T02:55:51.6470000,22.47,92.14,101.906
2026-05-23T02:55:52.6870000,22.47,92.15,101.907
2026-05-23T02:55:53.7280000,22.47,92.15,101.907
2026-05-23T02:55:54.7690000,22.47,92.15,101.908
2026-05-23T02:55:55.8100000,22.48,92.14,101.908
2026-05-23T02:55:56.8500000,22.48,92.15,101.908
2026-05-23T02:55:57.8910000,22.48,92.18,101.908
2026-05-23T02:55:58.9320000,22.48,92.18,101.908
2026-05-23T02:55:59.9730000,22.48,92.18,101.908
2026-05-23T02:56:01.0240000,22.48,92.19,101.908
2026-05-23T02:56:02.0680000,22.48,92.21,101.909
2026-05-23T02:56:03.0980000,22.48,92.21,101.909
2026-05-23T02:56:04.1500000,22.49,92.22,101.909
2026-05-23T02:56:05.1900000,22.49,92.22,101.909
2026-05-23T02:56:06.2310000,22.49,92.23,101.909
2026-05-23T02:56:07.2720000,22.49,92.22,101.91
2026-05-23T02:56:08.3130000,22.49,92.24,101.91
2026-05-23T02:56:09.3530000,22.49,92.24,101.91
2026-05-23T02:56:10.3940000,22.49,92.22,101.91
2026-05-23T02:56:11.4350000,22.49,92.24,101.91
2026-05-23T02:56:12.4760000,22.49,92.25,101.909
2026-05-23T02:56:13.5270000,22.49,92.25,101.909
2026-05-23T02:56:14.5670000,22.49,92.29,101.909
2026-05-23T02:56:15.6400000,22.49,92.3,101.909
2026-05-23T02:56:16.6500000,22.49,92.29,101.91
2026-05-23T02:56:17.6900000,22.49,92.31,101.911
2026-05-23T02:56:18.7310000,22.49,92.3,101.911
2026-05-23T02:56:19.7720000,22.49,92.31,101.912
2026-05-23T02:56:20.8130000,22.5,92.31,101.912
2026-05-23T02:56:21.8540000,22.5,92.32,101.912
2026-05-23T02:56:22.9050000,22.5,92.29,101.912
2026-05-23T02:56:23.9450000,22.5,92.36,101.912
2026-05-23T02:56:24.9860000,22.5,92.33,101.912
2026-05-23T02:56:26.0270000,22.5,92.35,101.911
2026-05-23T02:56:27.0680000,22.5,92.36,101.911
2026-05-23T02:56:28.1080000,22.5,92.35,101.911
2026-05-23T02:56:29.2120000,22.5,92.36,101.91
2026-05-23T02:56:30.1900000,22.5,92.36,101.91
2026-05-23T02:56:31.2300000,22.5,92.37,101.91
2026-05-23T02:56:32.2820000,22.5,92.37,101.91
2026-05-23T02:56:33.3220000,22.5,92.37,101.91
2026-05-23T02:56:34.3630000,22.5,92.39,101.91
2026-05-23T02:56:35.4040000,22.51,92.41,101.91
2026-05-23T02:56:36.4450000,22.51,92.41,101.911
2026-05-23T02:56:37.4860000,22.51,92.4,101.911
2026-05-23T02:56:38.5260000,22.51,92.44,101.911
2026-05-23T02:56:39.5670000,22.51,92.44,101.911
2026-05-23T02:56:40.6080000,22.51,92.45,101.911
2026-05-23T02:56:41.6490000,22.51,92.41,101.912
2026-05-23T02:56:42.7000000,22.51,92.43,101.911
2026-05-23T02:56:43.7510000,22.51,92.44,101.911
2026-05-23T02:56:44.7810000,22.51,92.44,101.912
2026-05-23T02:56:45.8220000,22.51,92.46,101.912
2026-05-23T02:56:46.8630000,22.51,92.47,101.911
2026-05-23T02:56:47.9040000,22.51,92.47,101.911
2026-05-23T02:56:48.9450000,22.51,92.47,101.91
2026-05-23T02:56:49.9850000,22.51,92.47,101.91
2026-05-23T02:56:51.0260000,22.51,92.5,101.91
2026-05-23T02:56:52.0670000,22.51,92.5,101.91
2026-05-23T02:56:53.1180000,22.51,92.51,101.91
2026-05-23T02:56:54.1590000,22.51,92.46,101.911
2026-05-23T02:56:55.2000000,22.51,92.5,101.911
2026-05-23T02:56:56.2410000,22.51,92.53,101.912
2026-05-23T02:56:57.3270000,22.51,92.51,101.911
2026-05-23T02:56:58.3260000,22.51,92.52,101.911
2026-05-23T02:56:59.3660000,22.51,92.53,101.911
2026-05-23T02:57:00.4070000,22.51,92.53,101.91
2026-05-23T02:57:01.4480000,22.51,92.54,101.91
2026-05-23T02:57:02.4880000,22.52,92.55,101.91
2026-05-23T02:57:03.5290000,22.52,92.54,101.909
2026-05-23T02:57:04.5700000,22.52,92.55,101.91
2026-05-23T02:57:05.6110000,22.52,92.54,101.91
2026-05-23T02:57:06.6620000,22.52,92.57,101.91
2026-05-23T02:57:07.7030000,22.52,92.55,101.91
2026-05-23T02:57:08.7430000,22.52,92.57,101.91
2026-05-23T02:57:09.7840000,22.52,92.54,101.91
2026-05-23T02:57:10.8250000,22.52,92.56,101.91
2026-05-23T02:57:11.8690000,22.52,92.58,101.911
2026-05-23T02:57:12.9100000,22.52,92.58,101.91
2026-05-23T02:57:13.9510000,22.52,92.58,101.91
2026-05-23T02:57:14.9920000,22.52,92.58,101.909
2026-05-23T02:57:16.0320000,22.52,92.58,101.909
2026-05-23T02:57:17.0730000,22.52,92.58,101.909
2026-05-23T02:57:18.1140000,22.52,92.59,101.91
2026-05-23T02:57:19.1550000,22.53,92.58,101.91
2026-05-23T02:57:20.1950000,22.53,92.6,101.91
2026-05-23T02:57:21.2460000,22.53,92.58,101.909
2026-05-23T02:57:22.2870000,22.53,92.6,101.909
2026-05-23T02:57:23.3280000,22.53,92.62,101.909
2026-05-23T02:57:24.3680000,22.53,92.65,101.909
2026-05-23T02:57:25.4410000,22.52,92.6,101.909
2026-05-23T02:57:26.4500000,22.52,92.61,101.909
2026-05-23T02:57:27.4910000,22.53,92.63,101.909
2026-05-23T02:57:28.5320000,22.53,92.62,101.909
2026-05-23T02:57:29.5730000,22.53,92.62,101.909
2026-05-23T02:57:30.6130000,22.53,92.65,101.91
2026-05-23T02:57:31.6650000,22.53,92.63,101.91
2026-05-23T02:57:32.7050000,22.53,92.63,101.909
2026-05-23T02:57:33.7460000,22.53,92.65,101.909
2026-05-23T02:57:34.7870000,22.53,92.63,101.909
2026-05-23T02:57:35.8280000,22.53,92.65,101.909
2026-05-23T02:57:36.8690000,22.53,92.64,101.909
2026-05-23T02:57:37.9090000,22.53,92.64,101.91
2026-05-23T02:57:39.0130000,22.53,92.62,101.91
2026-05-23T02:57:39.9910000,22.53,92.66,101.909
2026-05-23T02:57:41.0310000,22.53,92.65,101.909
2026-05-23T02:57:42.0830000,22.53,92.67,101.91
2026-05-23T02:57:43.1230000,22.53,92.65,101.909
2026-05-23T02:57:44.1640000,22.53,92.66,101.909
2026-05-23T02:57:45.2050000,22.53,92.63,101.909
2026-05-23T02:57:46.2450000,22.53,92.66,101.909
2026-05-23T02:57:47.2860000,22.53,92.66,101.909
2026-05-23T02:57:48.3270000,22.53,92.7,101.909
2026-05-23T02:57:49.3670000,22.53,92.66,101.908
2026-05-23T02:57:50.4080000,22.53,92.66,101.908
2026-05-23T02:57:51.4600000,22.52,92.67,101.907
2026-05-23T02:57:52.5000000,22.52,92.67,101.907
2026-05-23T02:57:53.5550000,22.52,92.65,101.908
2026-05-23T02:57:54.5750000,22.52,92.65,101.907
2026-05-23T02:57:55.6260000,22.52,92.66,101.908
2026-05-23T02:57:56.6670000,22.52,92.67,101.907
2026-05-23T02:57:57.7080000,22.52,92.66,101.908
2026-05-23T02:57:58.7490000,22.52,92.66,101.908
2026-05-23T02:57:59.7890000,22.52,92.67,101.908
2026-05-23T02:58:00.8300000,22.52,92.68,101.908
2026-05-23T02:58:01.8710000,22.52,92.66,101.908
2026-05-23T02:58:02.9120000,22.52,92.65,101.909
2026-05-23T02:58:03.9530000,22.51,92.65,101.909
2026-05-23T02:58:04.9930000,22.51,92.65,101.909
2026-05-23T02:58:06.0450000,22.51,92.63,101.909
2026-05-23T02:58:07.1240000,22.51,92.68,101.91
2026-05-23T02:58:08.1220000,22.51,92.65,101.91
2026-05-23T02:58:09.1630000,22.51,92.66,101.911
2026-05-23T02:58:10.2040000,22.51,92.64,101.911
2026-05-23T02:58:11.2450000,22.51,92.64,101.911
2026-05-23T02:58:12.2960000,22.51,92.64,101.911
2026-05-23T02:58:13.3360000,22.51,92.65,101.911
2026-05-23T02:58:14.3770000,22.51,92.63,101.91
2026-05-23T02:58:15.4180000,22.51,92.62,101.91
2026-05-23T02:58:16.4590000,22.51,92.64,101.911
2026-05-23T02:58:17.5000000,22.5,92.61,101.91
2026-05-23T02:58:18.5400000,22.5,92.61,101.91
2026-05-23T02:58:19.5810000,22.5,92.66,101.91
2026-05-23T02:58:20.6220000,22.5,92.64,101.91
2026-05-23T02:58:21.6660000,22.5,92.61,101.91
2026-05-23T02:58:22.7070000,22.5,92.61,101.909
2026-05-23T02:58:23.7470000,22.5,92.6,101.91
2026-05-23T02:58:24.7880000,22.5,92.61,101.91
2026-05-23T02:58:25.8390000,22.5,92.62,101.909
2026-05-23T02:58:26.8800000,22.5,92.61,101.909
2026-05-23T02:58:27.9210000,22.5,92.61,101.908
2026-05-23T02:58:28.9620000,22.5,92.62,101.909
2026-05-23T02:58:30.0020000,22.5,92.63,101.91
2026-05-23T02:58:31.0430000,22.5,92.62,101.91
2026-05-23T02:58:32.0840000,22.5,92.6,101.91
2026-05-23T02:58:33.1240000,22.5,92.58,101.91
2026-05-23T02:58:34.1650000,22.5,92.63,101.91
2026-05-23T02:58:35.2370000,22.5,92.58,101.909
2026-05-23T02:58:36.2570000,22.5,92.6,101.91
2026-05-23T02:58:37.2980000,22.5,92.6,101.909
2026-05-23T02:58:38.3390000,22.5,92.6,101.908
2026-05-23T02:58:39.3790000,22.5,92.6,101.909
2026-05-23T02:58:40.4200000,22.5,92.59,101.909
2026-05-23T02:58:41.4610000,22.5,92.58,101.91
2026-05-23T02:58:42.5020000,22.5,92.56,101.909
2026-05-23T02:58:43.5420000,22.49,92.6,101.909
2026-05-23T02:58:44.5830000,22.49,92.56,101.909
2026-05-23T02:58:45.6340000,22.49,92.56,101.909
2026-05-23T02:58:46.6750000,22.49,92.54,101.91
2026-05-23T02:58:47.7160000,22.49,92.5,101.91
2026-05-23T02:58:48.8090000,22.49,92.52,101.909
2026-05-23T02:58:49.7980000,22.49,92.53,101.909
2026-05-23T02:58:50.8380000,22.49,92.51,101.908
2026-05-23T02:58:51.8790000,22.49,92.51,101.908
2026-05-23T02:58:52.9200000,22.49,92.5,101.908
2026-05-23T02:58:53.9610000,22.49,92.49,101.908
2026-05-23T02:58:56.0520000,22.48,92.48,101.908
2026-05-23T02:58:57.0930000,22.48,92.49,101.908
2026-05-23T02:58:58.1340000,22.48,92.51,101.909
2026-05-23T02:58:59.1750000,22.48,92.47,101.908
2026-05-23T02:59:00.2150000,22.48,92.46,101.908
2026-05-23T02:59:01.2560000,22.48,92.46,101.909
2026-05-23T02:59:02.2970000,22.48,92.46,101.908
2026-05-23T02:59:03.3480000,22.47,92.43,101.908
2026-05-23T02:59:04.3780000,22.47,92.41,101.909
2026-05-23T02:59:05.4290000,22.47,92.43,101.909
2026-05-23T02:59:06.4700000,22.47,92.42,101.909
2026-05-23T02:59:07.5110000,22.47,92.4,101.908
2026-05-23T02:59:08.5520000,22.47,92.4,101.908
2026-05-23T02:59:09.5920000,22.47,92.38,101.909
2026-05-23T02:59:10.6330000,22.47,92.33,101.909
2026-05-23T02:59:11.6740000,22.47,92.36,101.909
2026-05-23T02:59:12.7150000,22.47,92.35,101.908
2026-05-23T02:59:13.7560000,22.47,92.33,101.908
2026-05-23T02:59:14.8070000,22.47,92.37,101.907
2026-05-23T02:59:15.8470000,22.47,92.33,101.907
2026-05-23T02:59:16.9200000,22.46,92.29,101.907
2026-05-23T02:59:17.9290000,22.46,92.32,101.908
2026-05-23T02:59:18.9690000,22.46,92.32,101.908
2026-05-23T02:59:20.0100000,22.46,92.31,101.908
2026-05-23T02:59:21.0510000,22.44,92.29,101.903
2026-05-23T02:59:22.0920000,22.44,92.31,101.904
2026-05-23T02:59:23.1320000,22.45,92.27,101.905
2026-05-23T02:59:24.1840000,22.45,92.33,101.905
2026-05-23T02:59:25.2240000,22.45,92.27,101.904
2026-05-23T02:59:26.2650000,22.46,92.28,101.905
2026-05-23T02:59:27.3060000,22.46,92.27,101.906
2026-05-23T02:59:28.3460000,22.45,92.26,101.906
2026-05-23T02:59:29.3870000,22.46,92.23,101.906
2026-05-23T02:59:30.4910000,22.46,92.27,101.906
2026-05-23T02:59:31.4690000,22.46,92.22,101.906
2026-05-23T02:59:32.5100000,22.46,92.21,101.907
2026-05-23T02:59:33.5500000,22.46,92.21,101.907
2026-05-23T02:59:34.6020000,22.46,92.21,101.907
2026-05-23T02:59:35.6420000,22.46,92.19,101.908
2026-05-23T02:59:36.6830000,22.46,92.18,101.908
2026-05-23T02:59:37.7240000,22.46,92.15,101.908
2026-05-23T02:59:38.7650000,22.45,92.15,101.908
2026-05-23T02:59:39.8060000,22.45,92.09,101.908
2026-05-23T02:59:40.8460000,22.45,92.14,101.907
2026-05-23T02:59:41.8870000,22.45,92.11,101.907
2026-05-23T02:59:42.9280000,22.45,92.09,101.907
2026-05-23T02:59:43.9790000,22.45,92.08,101.907
2026-05-23T02:59:45.0300000,22.45,92.13,101.906
2026-05-23T02:59:46.0610000,22.45,92.13,101.905
2026-05-23T02:59:47.1010000,22.45,92.12,101.905
2026-05-23T02:59:48.1420000,22.46,92.12,101.905
2026-05-23T02:59:49.1830000,22.46,92.12,101.905
2026-05-23T02:59:50.2230000,22.46,92.09,101.905
2026-05-23T02:59:51.2640000,22.46,92.11,101.905
2026-05-23T02:59:52.3050000,22.46,92.06,101.905
2026-05-23T02:59:53.3460000,22.46,92.08,101.905
2026-05-23T02:59:54.3970000,22.46,92.12,101.905
2026-05-23T02:59:55.4380000,22.46,92.12,101.906
2026-05-23T02:59:56.4790000,22.46,92.14,101.906
2026-05-23T02:59:57.5200000,22.46,92.1,101.907
2026-05-23T02:59:58.6020000,22.46,92.08,101.907
2026-05-23T02:59:59.6010000,22.46,92.13,101.908
2026-05-23T03:00:00.6420000,22.46,92.13,101.907
2026-05-23T03:00:01.6830000,22.46,92.14,101.906
2026-05-23T03:00:02.7230000,22.46,92.12,101.906
2026-05-23T03:00:03.7640000,22.46,92.12,101.906
2026-05-23T03:00:04.8150000,22.46,92.11,101.905
2026-05-23T03:00:05.8560000,22.46,92.13,101.905
2026-05-23T03:00:06.8970000,22.47,92.11,101.905
2026-05-23T03:00:07.9370000,22.47,92.16,101.905
2026-05-23T03:00:08.9780000,22.47,92.14,101.906
2026-05-23T03:00:10.0190000,22.47,92.16,101.906
2026-05-23T03:00:11.0590000,22.47,92.12,101.906
2026-05-23T03:00:12.1000000,22.47,92.13,101.905
2026-05-23T03:00:13.1410000,22.47,92.14,101.904
2026-05-23T03:00:14.1920000,22.47,92.14,101.903
2026-05-23T03:00:15.2330000,22.47,92.14,101.903
2026-05-23T03:00:16.2740000,22.47,92.14,101.902
2026-05-23T03:00:17.3140000,22.47,92.15,101.902
2026-05-23T03:00:18.3550000,22.48,92.14,101.902
2026-05-23T03:00:19.3960000,22.48,92.16,101.902
2026-05-23T03:00:20.4370000,22.48,92.17,101.902
2026-05-23T03:00:21.4780000,22.48,92.17,101.903
2026-05-23T03:00:22.5180000,22.48,92.18,101.904
2026-05-23T03:00:23.5590000,22.48,92.18,101.904
2026-05-23T03:00:24.6000000,22.48,92.2,101.903
2026-05-23T03:00:25.6510000,22.48,92.22,101.904
2026-05-23T03:00:26.7130000,22.48,92.21,101.903
2026-05-23T03:00:27.7330000,22.48,92.2,101.903
2026-05-23T03:00:28.7730000,22.48,92.22,101.902
2026-05-23T03:00:29.8140000,22.48,92.22,101.903
2026-05-23T03:00:30.8550000,22.48,92.23,101.903
2026-05-23T03:00:31.8960000,22.48,92.23,101.903
2026-05-23T03:00:32.9360000,22.48,92.23,101.902
2026-05-23T03:00:33.9770000,22.48,92.26,101.902
2026-05-23T03:00:35.0280000,22.48,92.22,101.903
2026-05-23T03:00:36.0690000,22.48,92.25,101.902
2026-05-23T03:00:37.1100000,22.48,92.27,101.902
2026-05-23T03:00:38.1500000,22.48,92.26,101.902
2026-05-23T03:00:39.1910000,22.49,92.29,101.902
2026-05-23T03:00:40.2810000,22.49,92.24,101.901
2026-05-23T03:00:41.2690000,22.49,92.3,101.9
2026-05-23T03:00:42.3210000,22.49,92.29,101.901
2026-05-23T03:00:43.3610000,22.49,92.3,101.901
2026-05-23T03:00:44.4020000,22.49,92.31,101.901
2026-05-23T03:00:45.4430000,22.49,92.31,101.9
2026-05-23T03:00:46.4840000,22.49,92.32,101.899
2026-05-23T03:00:47.5240000,22.49,92.32,101.9
2026-05-23T03:00:48.5650000,22.49,92.3,101.899
2026-05-23T03:00:49.6060000,22.49,92.31,101.899
2026-05-23T03:00:50.6470000,22.49,92.34,101.899
2026-05-23T03:00:51.6880000,22.49,92.33,101.898
2026-05-23T03:00:52.7390000,22.49,92.33,101.899
2026-05-23T03:00:53.7800000,22.5,92.38,101.899
2026-05-23T03:00:54.8200000,22.5,92.37,101.898
2026-05-23T03:00:55.8610000,22.5,92.37,101.898
2026-05-23T03:00:56.9020000,22.5,92.38,101.897
2026-05-23T03:00:57.9420000,22.5,92.39,101.897
2026-05-23T03:00:58.9830000,22.5,92.39,101.898
2026-05-23T03:01:00.0240000,22.5,92.39,101.897
2026-05-23T03:01:01.0640000,22.5,92.42,101.897
2026-05-23T03:01:02.1160000,22.5,92.38,101.897
2026-05-23T03:01:03.1560000,22.5,92.42,101.897
2026-05-23T03:01:04.1970000,22.5,92.42,101.897
2026-05-23T03:01:05.2380000,22.5,92.48,101.897
2026-05-23T03:01:06.2790000,22.5,92.41,101.897
2026-05-23T03:01:07.3200000,22.5,92.46,101.898
2026-05-23T03:01:08.3920000,22.5,92.47,101.898
2026-05-23T03:01:09.4010000,22.5,92.45,101.898
2026-05-23T03:01:10.4420000,22.5,92.46,101.898
2026-05-23T03:01:11.4930000,22.5,92.47,101.897
2026-05-23T03:01:12.5340000,22.5,92.48,101.898
2026-05-23T03:01:13.5750000,22.5,92.47,101.899
2026-05-23T03:01:14.6160000,22.5,92.5,101.899
2026-05-23T03:01:15.6560000,22.5,92.46,101.899
2026-05-23T03:01:16.6970000,22.5,92.49,101.899
2026-05-23T03:01:17.7380000,22.5,92.51,101.899
2026-05-23T03:01:18.7790000,22.5,92.51,101.898
2026-05-23T03:01:19.8190000,22.5,92.48,101.898
2026-05-23T03:01:20.8600000,22.5,92.52,101.898
2026-05-23T03:01:21.9640000,22.5,92.51,101.897
2026-05-23T03:01:22.9520000,22.51,92.51,101.897
2026-05-23T03:01:23.9930000,22.51,92.54,101.897
2026-05-23T03:01:25.0330000,22.5,92.53,101.897
2026-05-23T03:01:26.0740000,22.5,92.53,101.897
2026-05-23T03:01:27.1150000,22.5,92.53,101.896
2026-05-23T03:01:28.1560000,22.5,92.53,101.896
2026-05-23T03:01:29.1970000,22.5,92.54,101.895
2026-05-23T03:01:30.2370000,22.5,92.53,101.895
2026-05-23T03:01:31.2780000,22.51,92.56,101.895
2026-05-23T03:01:32.3290000,22.51,92.55,101.894
2026-05-23T03:01:33.3700000,22.51,92.54,101.895
2026-05-23T03:01:34.4110000,22.51,92.56,101.896
2026-05-23T03:01:35.4520000,22.51,92.57,101.894
2026-05-23T03:01:36.5030000,22.51,92.57,101.894
2026-05-23T03:01:37.5330000,22.51,92.58,101.894
2026-05-23T03:01:38.5740000,22.51,92.59,101.895
2026-05-23T03:01:39.6150000,22.51,92.59,101.894
2026-05-23T03:01:40.6550000,22.51,92.59,101.893
2026-05-23T03:01:41.7070000,22.51,92.57,101.893
2026-05-23T03:01:42.7470000,22.51,92.59,101.892
2026-05-23T03:01:43.7880000,22.51,92.57,101.893
2026-05-23T03:01:44.8290000,22.51,92.61,101.893
2026-05-23T03:01:45.8700000,22.51,92.59,101.894
2026-05-23T03:01:46.9130000,22.51,92.63,101.894
2026-05-23T03:01:47.9530000,22.51,92.6,101.894
2026-05-23T03:01:48.9940000,22.51,92.63,101.893
2026-05-23T03:01:50.0730000,22.51,92.61,101.892
2026-05-23T03:01:51.0830000,22.51,92.62,101.892
2026-05-23T03:01:52.1240000,22.51,92.61,101.891
2026-05-23T03:01:53.1640000,22.51,92.62,101.891
2026-05-23T03:01:54.2050000,22.51,92.6,101.891
2026-05-23T03:01:55.2460000,22.51,92.6,101.891
2026-05-23T03:01:56.2870000,22.51,92.64,101.89
2026-05-23T03:01:57.3280000,22.51,92.61,101.891
2026-05-23T03:01:58.3680000,22.51,92.62,101.891
2026-05-23T03:01:59.4090000,22.51,92.6,101.891
2026-05-23T03:02:00.4600000,22.51,92.61,101.89
2026-05-23T03:02:01.5010000,22.51,92.63,101.89
2026-05-23T03:02:02.5420000,22.51,92.61,101.891
2026-05-23T03:02:03.6460000,22.51,92.62,101.889
2026-05-23T03:02:04.6230000,22.51,92.64,101.889
2026-05-23T03:02:05.6640000,22.51,92.63,101.889
2026-05-23T03:02:06.7050000,22.51,92.64,101.89
2026-05-23T03:02:07.7460000,22.51,92.62,101.89
2026-05-23T03:02:08.7860000,22.51,92.64,101.889
2026-05-23T03:02:09.8270000,22.51,92.64,101.89
2026-05-23T03:02:10.8780000,22.51,92.64,101.89
2026-05-23T03:02:11.9190000,22.51,92.63,101.89
2026-05-23T03:02:12.9600000,22.51,92.65,101.89
2026-05-23T03:02:14.0000000,22.51,92.65,101.89
2026-05-23T03:02:15.0410000,22.51,92.64,101.89
2026-05-23T03:02:16.0820000,22.51,92.64,101.89
2026-05-23T03:02:17.1230000,22.51,92.66,101.891
2026-05-23T03:02:18.1880000,22.51,92.61,101.891
2026-05-23T03:02:19.2080000,22.51,92.64,101.891
2026-05-23T03:02:20.2480000,22.5,92.62,101.891
2026-05-23T03:02:21.2890000,22.5,92.64,101.892
2026-05-23T03:02:22.3300000,22.5,92.63,101.892
2026-05-23T03:02:23.3710000,22.5,92.63,101.892
2026-05-23T03:02:24.4120000,22.5,92.64,101.892
2026-05-23T03:02:25.4530000,22.5,92.57,101.893
2026-05-23T03:02:26.5040000,22.5,92.58,101.892
2026-05-23T03:02:27.5450000,22.5,92.63,101.892
2026-05-23T03:02:28.5850000,22.5,92.64,101.892
2026-05-23T03:02:29.6260000,22.5,92.66,101.892
2026-05-23T03:02:30.6670000,22.5,92.63,101.893
2026-05-23T03:02:31.7600000,22.5,92.65,101.893
2026-05-23T03:02:32.7480000,22.5,92.63,101.893
2026-05-23T03:02:33.7890000,22.5,92.6,101.894
2026-05-23T03:02:34.8290000,22.5,92.62,101.893
2026-05-23T03:02:35.8810000,22.49,92.63,101.893
2026-05-23T03:02:36.9220000,22.49,92.62,101.893
2026-05-23T03:02:37.9620000,22.49,92.61,101.893
2026-05-23T03:02:39.0030000,22.49,92.61,101.894
2026-05-23T03:02:41.0850000,22.49,92.61,101.894
2026-05-23T03:02:42.1260000,22.49,92.62,101.894
2026-05-23T03:02:43.1670000,22.49,92.64,101.894
2026-05-23T03:02:44.2070000,22.49,92.59,101.893
2026-05-23T03:02:45.2480000,22.49,92.6,101.894
2026-05-23T03:02:46.3030000,22.49,92.59,101.894
2026-05-23T03:02:47.3330000,22.48,92.58,101.893
2026-05-23T03:02:48.3740000,22.48,92.59,101.894
2026-05-23T03:02:49.4250000,22.48,92.58,101.894
2026-05-23T03:02:50.4660000,22.48,92.58,101.894
2026-05-23T03:02:51.5070000,22.48,92.58,101.894
2026-05-23T03:02:52.5480000,22.48,92.57,101.894
2026-05-23T03:02:53.5890000,22.48,92.61,101.893
2026-05-23T03:02:54.6290000,22.48,92.56,101.893
2026-05-23T03:02:55.6700000,22.48,92.58,101.893
2026-05-23T03:02:56.7110000,22.48,92.57,101.893
2026-05-23T03:02:57.7520000,22.48,92.55,101.893
2026-05-23T03:02:58.7920000,22.48,92.56,101.893
2026-05-23T03:02:59.8750000,22.48,92.55,101.894
2026-05-23T03:03:00.8840000,22.47,92.54,101.894
2026-05-23T03:03:01.9250000,22.47,92.53,101.892
2026-05-23T03:03:02.9660000,22.47,92.52,101.892
2026-05-23T03:03:04.0060000,22.47,92.52,101.893
2026-05-23T03:03:05.0470000,22.47,92.54,101.893
2026-05-23T03:03:06.0880000,22.47,92.51,101.894
2026-05-23T03:03:07.1290000,22.47,92.57,101.894
2026-05-23T03:03:08.1700000,22.47,92.52,101.894
2026-05-23T03:03:09.2100000,22.47,92.5,101.894
2026-05-23T03:03:10.2620000,22.47,92.5,101.895
2026-05-23T03:03:11.3020000,22.47,92.52,101.895
2026-05-23T03:03:12.3430000,22.47,92.51,101.895
2026-05-23T03:03:13.4470000,22.47,92.53,101.895
2026-05-23T03:03:14.4250000,22.47,92.5,101.895
2026-05-23T03:03:15.4650000,22.47,92.49,101.895
2026-05-23T03:03:16.5060000,22.47,92.47,101.895
2026-05-23T03:03:17.5470000,22.47,92.48,101.895
2026-05-23T03:03:18.5870000,22.46,92.46,101.894
2026-05-23T03:03:19.6280000,22.46,92.47,101.894
2026-05-23T03:03:20.6790000,22.46,92.46,101.894
2026-05-23T03:03:21.7200000,22.46,92.43,101.894
2026-05-23T03:03:22.7610000,22.46,92.44,101.894
2026-05-23T03:03:23.8020000,22.46,92.43,101.894
2026-05-23T03:03:24.8420000,22.46,92.42,101.894
2026-05-23T03:03:25.8830000,22.46,92.43,101.894
2026-05-23T03:03:26.9240000,22.46,92.38,101.894
2026-05-23T03:03:27.9860000,22.46,92.4,101.894
2026-05-23T03:03:29.0060000,22.46,92.38,101.893
2026-05-23T03:03:30.0460000,22.46,92.38,101.893
2026-05-23T03:03:31.0980000,22.45,92.37,101.893
2026-05-23T03:03:32.1390000,22.45,92.37,101.893
2026-05-23T03:03:33.1790000,22.45,92.34,101.894
2026-05-23T03:03:34.2200000,22.45,92.36,101.893
2026-05-23T03:03:35.2610000,22.45,92.42,101.893
2026-05-23T03:03:36.3020000,22.45,92.33,101.894
2026-05-23T03:03:37.3430000,22.45,92.35,101.894
2026-05-23T03:03:38.3830000,22.45,92.33,101.894
2026-05-23T03:03:39.4240000,22.45,92.31,101.894
2026-05-23T03:03:40.4650000,22.45,92.34,101.893
2026-05-23T03:03:41.5580000,22.45,92.33,101.893
2026-05-23T03:03:42.5570000,22.45,92.3,101.893
2026-05-23T03:03:43.5980000,22.45,92.28,101.892
2026-05-23T03:03:44.6380000,22.45,92.28,101.891
2026-05-23T03:03:45.6790000,22.45,92.26,101.891
2026-05-23T03:03:46.7200000,22.44,92.26,101.891
2026-05-23T03:03:47.7610000,22.44,92.24,101.89
2026-05-23T03:03:48.8010000,22.44,92.24,101.89
2026-05-23T03:03:49.8420000,22.44,92.25,101.889
2026-05-23T03:03:50.8830000,22.44,92.22,101.889
2026-05-23T03:03:51.9340000,22.44,92.23,101.889
2026-05-23T03:03:52.9750000,22.44,92.14,101.889
2026-05-23T03:03:54.0160000,22.43,92.16,101.89
2026-05-23T03:03:55.0570000,22.43,92.11,101.89
2026-05-23T03:03:56.1010000,22.43,92.11,101.891
2026-05-23T03:03:57.1420000,22.43,92.12,101.891
2026-05-23T03:03:58.1820000,22.43,92.11,101.891
2026-05-23T03:03:59.2230000,22.43,92.11,101.892
2026-05-23T03:04:00.2640000,22.43,92.12,101.892
2026-05-23T03:04:01.3050000,22.43,92.13,101.892
2026-05-23T03:04:02.3460000,22.43,92.12,101.892
2026-05-23T03:04:03.3860000,22.43,92.1,101.892
2026-05-23T03:04:04.4270000,22.43,92.12,101.892
2026-05-23T03:04:05.4780000,22.43,92.12,101.892
2026-05-23T03:04:06.5190000,22.43,92.12,101.893
2026-05-23T03:04:07.5600000,22.43,92.13,101.893
2026-05-23T03:04:08.6010000,22.44,92.14,101.893
2026-05-23T03:04:09.6730000,22.44,92.17,101.893
2026-05-23T03:04:10.6820000,22.44,92.18,101.892
2026-05-23T03:04:11.7230000,22.44,92.16,101.893
2026-05-23T03:04:12.7630000,22.44,92.18,101.893
2026-05-23T03:04:13.8150000,22.44,92.18,101.893
2026-05-23T03:04:14.8550000,22.44,92.18,101.892
2026-05-23T03:04:15.8960000,22.44,92.18,101.892
2026-05-23T03:04:16.9380000,22.44,92.22,101.891
2026-05-23T03:04:17.9780000,22.44,92.2,101.892
2026-05-23T03:04:19.0190000,22.44,92.18,101.891
2026-05-23T03:04:20.0600000,22.44,92.19,101.892
2026-05-23T03:04:21.1010000,22.44,92.2,101.892
2026-05-23T03:04:22.1420000,22.44,92.16,101.892
2026-05-23T03:04:23.2420000,22.45,92.2,101.893
2026-05-23T03:04:24.2300000,22.45,92.17,101.893
2026-05-23T03:04:25.2710000,22.45,92.19,101.893
2026-05-23T03:04:26.3120000,22.45,92.2,101.892
2026-05-23T03:04:27.3530000,22.45,92.19,101.892
2026-05-23T03:04:28.3930000,22.45,92.2,101.892
2026-05-23T03:04:29.4340000,22.45,92.2,101.891
2026-05-23T03:04:30.4750000,22.45,92.21,101.89
2026-05-23T03:04:31.5260000,22.45,92.2,101.89
2026-05-23T03:04:32.5670000,22.45,92.19,101.89
2026-05-23T03:04:33.6070000,22.45,92.22,101.889
2026-05-23T03:04:34.6480000,22.45,92.19,101.889
2026-05-23T03:04:35.6890000,22.45,92.18,101.889
2026-05-23T03:04:36.7300000,22.46,92.2,101.891
2026-05-23T03:04:37.7850000,22.46,92.25,101.891
2026-05-23T03:04:38.8150000,22.46,92.25,101.892
2026-05-23T03:04:39.8560000,22.46,92.24,101.893
2026-05-23T03:04:40.8970000,22.46,92.25,101.892
2026-05-23T03:04:41.9370000,22.46,92.25,101.892
2026-05-23T03:04:42.9780000,22.46,92.27,101.893
2026-05-23T03:04:44.0190000,22.46,92.27,101.893
2026-05-23T03:04:45.0600000,22.46,92.33,101.893
2026-05-23T03:04:46.1110000,22.46,92.28,101.893
2026-05-23T03:04:47.1520000,22.46,92.28,101.893
2026-05-23T03:04:48.1930000,22.47,92.28,101.893
2026-05-23T03:04:49.2330000,22.47,92.27,101.894
2026-05-23T03:04:50.2740000,22.47,92.28,101.894
2026-05-23T03:04:51.3570000,22.47,92.3,101.894
2026-05-23T03:04:52.3560000,22.47,92.3,101.894
2026-05-23T03:04:53.3960000,22.47,92.31,101.894
2026-05-23T03:04:54.4370000,22.47,92.32,101.894
2026-05-23T03:04:55.4780000,22.47,92.32,101.893
2026-05-23T03:04:56.5290000,22.47,92.33,101.893
2026-05-23T03:04:57.5700000,22.47,92.33,101.893
2026-05-23T03:04:58.6100000,22.47,92.37,101.893
2026-05-23T03:04:59.6510000,22.48,92.31,101.893
2026-05-23T03:05:00.6920000,22.48,92.35,101.892
2026-05-23T03:05:01.7330000,22.48,92.36,101.892
2026-05-23T03:05:02.7730000,22.47,92.38,101.891
2026-05-23T03:05:03.8140000,22.48,92.39,101.892
2026-05-23T03:05:04.8550000,22.48,92.38,101.891
2026-05-23T03:05:05.9060000,22.48,92.4,101.891
2026-05-23T03:05:06.9470000,22.48,92.4,101.89
2026-05-23T03:05:07.9880000,22.48,92.39,101.89
2026-05-23T03:05:09.0290000,22.48,92.41,101.889
2026-05-23T03:05:10.0700000,22.48,92.41,101.888
2026-05-23T03:05:11.1100000,22.48,92.41,101.888
2026-05-23T03:05:12.1510000,22.48,92.42,101.889
2026-05-23T03:05:13.1920000,22.49,92.4,101.889
2026-05-23T03:05:14.2330000,22.49,92.45,101.889
2026-05-23T03:05:15.2740000,22.49,92.4,101.889
2026-05-23T03:05:16.3140000,22.49,92.44,101.888
2026-05-23T03:05:17.3660000,22.49,92.46,101.888
2026-05-23T03:05:18.4060000,22.49,92.48,101.889
2026-05-23T03:05:19.4680000,22.49,92.47,101.889
2026-05-23T03:05:20.4880000,22.49,92.46,101.89
2026-05-23T03:05:21.5280000,22.49,92.48,101.889
2026-05-23T03:05:22.5690000,22.49,92.48,101.889
2026-05-23T03:05:23.6100000,22.49,92.49,101.888
2026-05-23T03:05:24.6500000,22.49,92.51,101.887
2026-05-23T03:05:25.6910000,22.49,92.5,101.887
2026-05-23T03:05:26.7430000,22.49,92.42,101.887
2026-05-23T03:05:27.7830000,22.49,92.49,101.887
2026-05-23T03:05:28.8240000,22.49,92.51,101.887
2026-05-23T03:05:29.8650000,22.49,92.5,101.887
2026-05-23T03:05:30.9060000,22.49,92.49,101.888
2026-05-23T03:05:31.9470000,22.49,92.52,101.887
2026-05-23T03:05:33.0400000,22.49,92.57,101.888
2026-05-23T03:05:34.0280000,22.49,92.51,101.887
2026-05-23T03:05:35.0690000,22.49,92.53,101.887
2026-05-23T03:05:36.1100000,22.49,92.53,101.887
2026-05-23T03:05:37.1500000,22.49,92.56,101.887
2026-05-23T03:05:38.2020000,22.49,92.54,101.888
2026-05-23T03:05:39.2430000,22.49,92.54,101.888
2026-05-23T03:05:40.2830000,22.49,92.54,101.889
2026-05-23T03:05:41.3240000,22.5,92.58,101.888
2026-05-23T03:05:42.3650000,22.5,92.53,101.888
2026-05-23T03:05:43.4060000,22.49,92.53,101.888
2026-05-23T03:05:44.4460000,22.5,92.53,101.888
2026-05-23T03:05:45.4870000,22.5,92.56,101.889
2026-05-23T03:05:46.5280000,22.5,92.58,101.888
2026-05-23T03:05:47.5820000,22.5,92.57,101.889
2026-05-23T03:05:48.6120000,22.5,92.59,101.889
2026-05-23T03:05:49.6530000,22.5,92.59,101.889
2026-05-23T03:05:50.6940000,22.5,92.59,101.888
2026-05-23T03:05:51.7450000,22.5,92.58,101.887
2026-05-23T03:05:52.7860000,22.5,92.6,101.887
2026-05-23T03:05:53.8270000,22.5,92.6,101.888
2026-05-23T03:05:54.8680000,22.5,92.59,101.888
2026-05-23T03:05:55.9090000,22.5,92.59,101.887
2026-05-23T03:05:56.9490000,22.5,92.61,101.888
2026-05-23T03:05:57.9900000,22.5,92.62,101.888
2026-05-23T03:05:59.0310000,22.5,92.6,101.888
2026-05-23T03:06:00.0720000,22.5,92.62,101.888
2026-05-23T03:06:01.1550000,22.5,92.61,101.888
2026-05-23T03:06:02.1530000,22.5,92.61,101.888
2026-05-23T03:06:03.2050000,22.5,92.62,101.887
2026-05-23T03:06:04.2450000,22.5,92.61,101.886
2026-05-23T03:06:05.2860000,22.5,92.63,101.886
2026-05-23T03:06:06.3270000,22.5,92.64,101.887
2026-05-23T03:06:07.3670000,22.5,92.64,101.886
2026-05-23T03:06:08.4080000,22.5,92.64,101.887
2026-05-23T03:06:09.4490000,22.5,92.63,101.887
2026-05-23T03:06:10.4900000,22.5,92.64,101.887
2026-05-23T03:06:11.5300000,22.5,92.64,101.887
2026-05-23T03:06:12.5710000,22.5,92.69,101.888
2026-05-23T03:06:13.6220000,22.5,92.64,101.888
2026-05-23T03:06:14.7260000,22.5,92.61,101.888
2026-05-23T03:06:15.7040000,22.5,92.64,101.888
2026-05-23T03:06:16.7450000,22.5,92.64,101.889
2026-05-23T03:06:17.7860000,22.5,92.64,101.889
2026-05-23T03:06:18.8260000,22.5,92.65,101.889
2026-05-23T03:06:19.8670000,22.5,92.64,101.889
2026-05-23T03:06:20.9080000,22.5,92.64,101.889
2026-05-23T03:06:21.9490000,22.5,92.65,101.887
2026-05-23T03:06:22.9900000,22.5,92.71,101.888
2026-05-23T03:06:24.0310000,22.5,92.66,101.888
2026-05-23T03:06:25.0820000,22.5,92.64,101.889
2026-05-23T03:06:26.1230000,22.49,92.66,101.889
2026-05-23T03:06:27.1630000,22.5,92.65,101.89
2026-05-23T03:06:28.2040000,22.5,92.64,101.89
2026-05-23T03:06:29.2630000,22.49,92.62,101.89
2026-05-23T03:06:30.2820000,22.49,92.64,101.89
2026-05-23T03:06:31.3330000,22.49,92.64,101.891
2026-05-23T03:06:32.3740000,22.49,92.65,101.891
2026-05-23T03:06:33.4150000,22.49,92.63,101.89
2026-05-23T03:06:34.4560000,22.49,92.64,101.891
2026-05-23T03:06:35.4960000,22.49,92.64,101.891
2026-05-23T03:06:36.5370000,22.49,92.61,101.891
2026-05-23T03:06:37.5780000,22.49,92.63,101.891
2026-05-23T03:06:38.6190000,22.49,92.59,101.891
2026-05-23T03:06:39.6590000,22.49,92.61,101.892
2026-05-23T03:06:40.7110000,22.49,92.64,101.891
2026-05-23T03:06:41.7510000,22.49,92.64,101.89
2026-05-23T03:06:42.8380000,22.48,92.61,101.89
2026-05-23T03:06:43.8360000,22.48,92.59,101.89
2026-05-23T03:06:44.8770000,22.48,92.62,101.891
2026-05-23T03:06:45.9180000,22.48,92.61,101.892
2026-05-23T03:06:46.9590000,22.48,92.58,101.892
2026-05-23T03:06:48.0000000,22.48,92.59,101.893
2026-05-23T03:06:49.0410000,22.48,92.58,101.893
2026-05-23T03:06:50.0820000,22.48,92.59,101.892
2026-05-23T03:06:51.1220000,22.47,92.6,101.891
2026-05-23T03:06:52.1630000,22.47,92.57,101.892
2026-05-23T03:06:53.2040000,22.47,92.57,101.891
2026-05-23T03:06:54.2550000,22.47,92.59,101.89
2026-05-23T03:06:55.2960000,22.47,92.61,101.89
2026-05-23T03:06:56.3360000,22.47,92.57,101.889
2026-05-23T03:06:57.3810000,22.47,92.56,101.888
2026-05-23T03:06:58.4210000,22.47,92.56,101.888
2026-05-23T03:06:59.4620000,22.47,92.55,101.889
2026-05-23T03:07:00.5030000,22.47,92.56,101.889
2026-05-23T03:07:01.5430000,22.47,92.55,101.888
2026-05-23T03:07:02.5840000,22.47,92.55,101.887
2026-05-23T03:07:03.6250000,22.47,92.55,101.887
2026-05-23T03:07:04.6660000,22.46,92.54,101.887
2026-05-23T03:07:05.7070000,22.46,92.52,101.886
2026-05-23T03:07:06.7580000,22.46,92.63,101.886
2026-05-23T03:07:07.7990000,22.46,92.52,101.886
2026-05-23T03:07:08.8400000,22.46,92.53,101.886
2026-05-23T03:07:09.8800000,22.46,92.54,101.886
2026-05-23T03:07:10.9520000,22.46,92.54,101.886
2026-05-23T03:07:11.9620000,22.46,92.49,101.887
2026-05-23T03:07:13.0030000,22.45,92.49,101.887
2026-05-23T03:07:14.0430000,22.45,92.47,101.887
2026-05-23T03:07:15.0840000,22.45,92.48,101.887
2026-05-23T03:07:16.1350000,22.45,92.47,101.888
2026-05-23T03:07:17.1760000,22.45,92.46,101.889
2026-05-23T03:07:18.2170000,22.45,92.48,101.889
2026-05-23T03:07:19.2580000,22.45,92.48,101.888
2026-05-23T03:07:20.2980000,22.45,92.47,101.887
2026-05-23T03:07:21.3390000,22.45,92.46,101.888
2026-05-23T03:07:22.3800000,22.45,92.45,101.888
2026-05-23T03:07:23.4210000,22.45,92.46,101.888
2026-05-23T03:07:24.5240000,22.44,92.38,101.889
2026-05-23T03:07:25.5130000,22.44,92.4,101.889
2026-05-23T03:07:26.5530000,22.44,92.4,101.889
2026-05-23T03:07:27.5940000,22.44,92.39,101.889
2026-05-23T03:07:28.6350000,22.44,92.39,101.889
2026-05-23T03:07:29.6760000,22.44,92.39,101.888
2026-05-23T03:07:30.7160000,22.44,92.39,101.888
2026-05-23T03:07:31.7570000,22.44,92.39,101.888
2026-05-23T03:07:32.7980000,22.44,92.35,101.888
2026-05-23T03:07:33.8390000,22.44,92.39,101.888
2026-05-23T03:07:34.8900000,22.44,92.38,101.889
2026-05-23T03:07:35.9310000,22.44,92.33,101.889
2026-05-23T03:07:36.9710000,22.43,92.33,101.89
2026-05-23T03:07:38.0120000,22.43,92.31,101.89
2026-05-23T03:07:39.0670000,22.43,92.32,101.89
2026-05-23T03:07:40.0970000,22.43,92.33,101.89
2026-05-23T03:07:41.1380000,22.43,92.33,101.889
2026-05-23T03:07:42.1790000,22.43,92.31,101.889
2026-05-23T03:07:43.2190000,22.43,92.31,101.89
2026-05-23T03:07:44.2600000,22.43,92.29,101.89
2026-05-23T03:07:45.3010000,22.43,92.29,101.889
2026-05-23T03:07:46.3420000,22.43,92.31,101.889
2026-05-23T03:07:47.3930000,22.43,92.25,101.889
2026-05-23T03:07:48.4340000,22.43,92.26,101.889
2026-05-23T03:07:49.4740000,22.43,92.28,101.888
2026-05-23T03:07:50.5150000,22.43,92.24,101.888
2026-05-23T03:07:51.5560000,22.42,92.24,101.888
2026-05-23T03:07:52.6390000,22.42,92.2,101.887
2026-05-23T03:07:53.6380000,22.42,92.21,101.886
2026-05-23T03:07:54.6780000,22.42,92.2,101.886
2026-05-23T03:07:55.7190000,22.42,92.2,101.886
2026-05-23T03:07:56.7710000,22.42,92.17,101.887
2026-05-23T03:07:57.8120000,22.42,92.17,101.887
2026-05-23T03:07:58.8530000,22.42,92.16,101.886
2026-05-23T03:07:59.8930000,22.42,92.15,101.886
2026-05-23T03:08:00.9340000,22.42,92.14,101.885
2026-05-23T03:08:01.9750000,22.42,92.13,101.884
2026-05-23T03:08:03.0160000,22.42,92.11,101.885
2026-05-23T03:08:04.0570000,22.42,92.13,101.886
2026-05-23T03:08:05.0970000,22.41,92.11,101.886
2026-05-23T03:08:06.2110000,22.41,92.08,101.887
2026-05-23T03:08:07.1890000,22.41,92.08,101.887
2026-05-23T03:08:08.2300000,22.41,92.07,101.887
2026-05-23T03:08:09.2710000,22.41,92.06,101.887
2026-05-23T03:08:10.3110000,22.41,92.06,101.887
2026-05-23T03:08:11.3520000,22.41,92.05,101.887
2026-05-23T03:08:12.3930000,22.41,92.04,101.887
2026-05-23T03:08:13.4340000,22.41,92.03,101.887
2026-05-23T03:08:14.4740000,22.41,92.03,101.887
2026-05-23T03:08:15.5260000,22.41,92,101.888
2026-05-23T03:08:16.5660000,22.41,92.05,101.888
2026-05-23T03:08:17.6070000,22.41,92,101.887
2026-05-23T03:08:18.6480000,22.41,91.95,101.887
2026-05-23T03:08:19.6890000,22.41,91.91,101.888
2026-05-23T03:08:20.7540000,22.4,91.88,101.889
2026-05-23T03:08:21.7740000,22.4,91.89,101.889
2026-05-23T03:08:22.8150000,22.4,91.88,101.889
2026-05-23T03:08:23.8550000,22.4,91.87,101.889
2026-05-23T03:08:24.8960000,22.4,91.83,101.889
2026-05-23T03:08:25.9370000,22.4,91.83,101.889
2026-05-23T03:08:26.9780000,22.4,91.81,101.889
2026-05-23T03:08:28.0190000,22.39,91.79,101.889
2026-05-23T03:08:29.0700000,22.4,91.8,101.89
2026-05-23T03:08:30.1110000,22.4,91.83,101.89
2026-05-23T03:08:31.1510000,22.4,91.83,101.89
2026-05-23T03:08:32.1920000,22.4,91.82,101.891
2026-05-23T03:08:33.2330000,22.4,91.83,101.89
2026-05-23T03:08:34.3290000,22.4,91.8,101.891
2026-05-23T03:08:35.3180000,22.4,91.81,101.891
2026-05-23T03:08:36.3580000,22.4,91.8,101.891
2026-05-23T03:08:37.3990000,22.4,91.83,101.891
2026-05-23T03:08:38.4400000,22.37,91.81,101.886
2026-05-23T03:08:39.4810000,22.38,91.82,101.887
2026-05-23T03:08:40.5210000,22.39,91.86,101.888
2026-05-23T03:08:41.5620000,22.39,91.83,101.889
2026-05-23T03:08:42.6130000,22.4,91.79,101.889
2026-05-23T03:08:43.6540000,22.4,91.83,101.89
2026-05-23T03:08:44.6950000,22.4,91.85,101.891
2026-05-23T03:08:45.7360000,22.41,91.86,101.891
2026-05-23T03:08:46.7770000,22.41,91.87,101.891
2026-05-23T03:08:47.8170000,22.41,91.83,101.89
2026-05-23T03:08:48.8720000,22.41,91.83,101.89
2026-05-23T03:08:49.9030000,22.41,91.84,101.89
2026-05-23T03:08:50.9430000,22.41,91.84,101.89
2026-05-23T03:08:51.9840000,22.41,91.84,101.89
2026-05-23T03:08:53.0250000,22.41,91.84,101.889
2026-05-23T03:08:54.0660000,22.41,91.8,101.889
2026-05-23T03:08:55.1060000,22.41,91.82,101.889
2026-05-23T03:08:56.1570000,22.41,91.8,101.889
2026-05-23T03:08:57.1980000,22.41,91.83,101.889
2026-05-23T03:08:58.2390000,22.42,91.8,101.889
2026-05-23T03:08:59.2800000,22.42,91.85,101.889
2026-05-23T03:09:00.3200000,22.42,91.81,101.889
2026-05-23T03:09:01.3610000,22.42,91.85,101.89
2026-05-23T03:09:02.4470000,22.42,91.8,101.889
2026-05-23T03:09:03.4460000,22.42,91.85,101.889
2026-05-23T03:09:04.4870000,22.42,91.85,101.89
2026-05-23T03:09:05.5280000,22.42,91.85,101.889
2026-05-23T03:09:06.5680000,22.43,91.86,101.889
2026-05-23T03:09:07.6090000,22.43,91.87,101.889
2026-05-23T03:09:08.6500000,22.43,91.88,101.889
2026-05-23T03:09:09.7010000,22.43,91.91,101.89
2026-05-23T03:09:10.7420000,22.43,91.9,101.89
2026-05-23T03:09:11.7830000,22.43,91.89,101.891
2026-05-23T03:09:12.8240000,22.43,91.89,101.891
2026-05-23T03:09:13.8640000,22.43,91.89,101.891
2026-05-23T03:09:14.9050000,22.43,91.95,101.892
2026-05-23T03:09:15.9460000,22.44,91.93,101.891
2026-05-23T03:09:16.9870000,22.44,91.91,101.891
2026-05-23T03:09:18.0270000,22.44,91.93,101.891
2026-05-23T03:09:19.0780000,22.44,91.93,101.892
2026-05-23T03:09:20.1190000,22.44,91.91,101.892
2026-05-23T03:09:21.1600000,22.44,91.94,101.893
2026-05-23T03:09:22.2010000,22.44,91.95,101.894
2026-05-23T03:09:23.2410000,22.44,91.96,101.893
2026-05-23T03:09:24.2820000,22.44,91.97,101.893
2026-05-23T03:09:25.3230000,22.44,91.97,101.893
2026-05-23T03:09:26.3630000,22.44,91.96,101.892
2026-05-23T03:09:27.4040000,22.45,91.95,101.892
2026-05-23T03:09:28.4450000,22.45,92,101.892
2026-05-23T03:09:29.4960000,22.45,92,101.893
2026-05-23T03:09:30.5620000,22.45,92.02,101.894
2026-05-23T03:09:31.5710000,22.45,92.03,101.893
2026-05-23T03:09:32.6220000,22.46,92.01,101.895
2026-05-23T03:09:33.6630000,22.46,92.03,101.895
2026-05-23T03:09:34.7040000,22.46,92.05,101.895
2026-05-23T03:09:35.7440000,22.46,92.05,101.896
2026-05-23T03:09:36.7850000,22.46,92.06,101.895
2026-05-23T03:09:37.8260000,22.46,92.08,101.896
2026-05-23T03:09:38.8670000,22.46,92.05,101.895
2026-05-23T03:09:39.9080000,22.46,92.1,101.895
2026-05-23T03:09:40.9480000,22.46,92.1,101.895
2026-05-23T03:09:41.9890000,22.46,92.1,101.895
2026-05-23T03:09:43.0400000,22.46,92.11,101.895
2026-05-23T03:09:44.1330000,22.46,92.1,101.894
2026-05-23T03:09:45.1220000,22.46,92.12,101.895
2026-05-23T03:09:46.1620000,22.46,92.1,101.895
2026-05-23T03:09:47.2030000,22.46,92.13,101.895
2026-05-23T03:09:48.2440000,22.46,92.13,101.894
2026-05-23T03:09:49.2850000,22.47,92.14,101.895
2026-05-23T03:09:50.3260000,22.47,92.15,101.895
2026-05-23T03:09:51.3660000,22.46,92.16,101.894
2026-05-23T03:09:52.4070000,22.47,92.16,101.893
2026-05-23T03:09:53.4480000,22.47,92.17,101.892
2026-05-23T03:09:54.4990000,22.47,92.19,101.892
2026-05-23T03:09:55.5400000,22.47,92.15,101.891
2026-05-23T03:09:56.5810000,22.47,92.2,101.89
2026-05-23T03:09:57.6220000,22.47,92.2,101.89
2026-05-23T03:09:58.6760000,22.47,92.22,101.89
2026-05-23T03:09:59.7070000,22.47,92.21,101.89
2026-05-23T03:10:00.7480000,22.47,92.23,101.891
2026-05-23T03:10:01.7880000,22.47,92.24,101.89
2026-05-23T03:10:02.8290000,22.47,92.25,101.891
2026-05-23T03:10:03.8700000,22.47,92.26,101.89
2026-05-23T03:10:04.9100000,22.47,92.26,101.89
2026-05-23T03:10:05.9510000,22.47,92.18,101.889
2026-05-23T03:10:06.9920000,22.47,92.23,101.889
2026-05-23T03:10:08.0430000,22.47,92.25,101.889
2026-05-23T03:10:09.0840000,22.48,92.26,101.889
2026-05-23T03:10:10.1250000,22.48,92.26,101.889
2026-05-23T03:10:11.1650000,22.48,92.3,101.889
2026-05-23T03:10:12.2480000,22.48,92.27,101.888
2026-05-23T03:10:13.2470000,22.48,92.3,101.887
2026-05-23T03:10:14.2870000,22.48,92.29,101.887
2026-05-23T03:10:15.3280000,22.48,92.31,101.887
2026-05-23T03:10:16.3690000,22.48,92.29,101.887
2026-05-23T03:10:17.4200000,22.48,92.31,101.887
2026-05-23T03:10:18.4610000,22.48,92.32,101.887
2026-05-23T03:10:19.5020000,22.48,92.32,101.887
2026-05-23T03:10:20.5430000,22.48,92.33,101.887
2026-05-23T03:10:21.5830000,22.48,92.36,101.887
2026-05-23T03:10:22.6240000,22.48,92.32,101.887
2026-05-23T03:10:23.6650000,22.48,92.3,101.886
2026-05-23T03:10:24.7060000,22.48,92.35,101.886
2026-05-23T03:10:25.7470000,22.48,92.34,101.886
2026-05-23T03:10:26.7870000,22.48,92.36,101.885
2026-05-23T03:10:27.8380000,22.48,92.38,101.885
2026-05-23T03:10:28.8790000,22.48,92.36,101.885
2026-05-23T03:10:29.9200000,22.48,92.36,101.885
2026-05-23T03:10:30.9610000,22.48,92.36,101.884
2026-05-23T03:10:32.0010000,22.48,92.36,101.883
2026-05-23T03:10:33.0420000,22.48,92.37,101.883
2026-05-23T03:10:34.0830000,22.48,92.35,101.883
2026-05-23T03:10:35.1240000,22.48,92.4,101.883
2026-05-23T03:10:36.1640000,22.48,92.37,101.883
2026-05-23T03:10:37.2160000,22.48,92.4,101.883
2026-05-23T03:10:38.2560000,22.48,92.37,101.883
2026-05-23T03:10:39.2970000,22.48,92.39,101.884
2026-05-23T03:10:40.3590000,22.48,92.39,101.885
2026-05-23T03:10:41.3780000,22.48,92.4,101.886
2026-05-23T03:10:42.4190000,22.48,92.4,101.886
2026-05-23T03:10:43.4600000,22.48,92.39,101.886
2026-05-23T03:10:44.5010000,22.49,92.4,101.886
2026-05-23T03:10:45.5420000,22.48,92.4,101.887
2026-05-23T03:10:46.5820000,22.48,92.41,101.887
2026-05-23T03:10:47.6340000,22.48,92.39,101.887
2026-05-23T03:10:48.6740000,22.48,92.42,101.887
2026-05-23T03:10:49.7150000,22.48,92.4,101.886
2026-05-23T03:10:50.7560000,22.48,92.43,101.886
2026-05-23T03:10:51.7970000,22.48,92.41,101.885
2026-05-23T03:10:52.8380000,22.48,92.42,101.885
2026-05-23T03:10:53.9340000,22.48,92.45,101.884
2026-05-23T03:10:54.9230000,22.48,92.43,101.883
2026-05-23T03:10:55.9630000,22.48,92.43,101.883
2026-05-23T03:10:57.0040000,22.48,92.42,101.883
2026-05-23T03:10:58.0450000,22.48,92.43,101.883
2026-05-23T03:10:59.0850000,22.48,92.41,101.882
2026-05-23T03:11:00.1360000,22.48,92.42,101.882
2026-05-23T03:11:01.1770000,22.48,92.42,101.882
2026-05-23T03:11:02.2180000,22.47,92.41,101.882
2026-05-23T03:11:03.2590000,22.48,92.42,101.883
2026-05-23T03:11:04.2990000,22.47,92.45,101.883
2026-05-23T03:11:05.3400000,22.48,92.45,101.884
2026-05-23T03:11:06.3810000,22.47,92.45,101.884
2026-05-23T03:11:07.4220000,22.47,92.42,101.884
2026-05-23T03:11:08.4730000,22.47,92.38,101.884
2026-05-23T03:11:09.5030000,22.47,92.41,101.886
2026-05-23T03:11:10.5550000,22.47,92.4,101.886
2026-05-23T03:11:11.5950000,22.47,92.4,101.886
2026-05-23T03:11:12.6360000,22.47,92.41,101.885
2026-05-23T03:11:13.6770000,22.47,92.41,101.886
2026-05-23T03:11:14.7180000,22.47,92.42,101.886
2026-05-23T03:11:15.7580000,22.47,92.37,101.886
2026-05-23T03:11:16.7990000,22.47,92.42,101.886
2026-05-23T03:11:17.8400000,22.47,92.42,101.887
2026-05-23T03:11:18.8810000,22.47,92.42,101.888
2026-05-23T03:11:19.9320000,22.47,92.38,101.888
2026-05-23T03:11:20.9720000,22.47,92.39,101.889
2026-05-23T03:11:22.0450000,22.47,92.39,101.89
2026-05-23T03:11:23.0540000,22.47,92.4,101.889
2026-05-23T03:11:24.0940000,22.46,92.4,101.889
2026-05-23T03:11:25.1350000,22.46,92.41,101.889
2026-05-23T03:11:26.1760000,22.46,92.4,101.889
2026-05-23T03:11:27.2170000,22.46,92.4,101.889
2026-05-23T03:11:28.2580000,22.46,92.39,101.889
2026-05-23T03:11:29.2990000,22.46,92.4,101.889
2026-05-23T03:11:30.3500000,22.46,92.4,101.889
2026-05-23T03:11:31.3910000,22.46,92.39,101.889
2026-05-23T03:11:32.4320000,22.46,92.39,101.889
2026-05-23T03:11:33.4720000,22.46,92.39,101.888
2026-05-23T03:11:34.5130000,22.46,92.38,101.888
2026-05-23T03:11:35.6170000,22.46,92.27,101.886
2026-05-23T03:11:36.5950000,22.46,92.37,101.886
2026-05-23T03:11:37.6360000,22.46,92.36,101.885
2026-05-23T03:11:38.6760000,22.45,92.35,101.885
2026-05-23T03:11:39.7170000,22.45,92.36,101.886
2026-05-23T03:11:40.7680000,22.45,92.35,101.886
2026-05-23T03:11:41.8090000,22.45,92.36,101.888
2026-05-23T03:11:42.8500000,22.45,92.35,101.889
2026-05-23T03:11:43.8900000,22.45,92.32,101.888
2026-05-23T03:11:44.9310000,22.45,92.37,101.889
2026-05-23T03:11:45.9720000,22.45,92.35,101.889
2026-05-23T03:11:47.0130000,22.45,92.31,101.889
2026-05-23T03:11:48.0530000,22.45,92.3,101.89
2026-05-23T03:11:49.0940000,22.45,92.33,101.89
2026-05-23T03:11:50.1590000,22.45,92.28,101.89
2026-05-23T03:11:51.1790000,22.45,92.33,101.889
2026-05-23T03:11:52.2200000,22.45,92.32,101.889
2026-05-23T03:11:53.2610000,22.45,92.31,101.889
2026-05-23T03:11:54.3120000,22.45,92.32,101.888
2026-05-23T03:11:55.3530000,22.45,92.32,101.888
2026-05-23T03:11:56.3930000,22.45,92.31,101.887
2026-05-23T03:11:57.4340000,22.45,92.37,101.886
2026-05-23T03:11:58.4750000,22.45,92.3,101.886
2026-05-23T03:11:59.5160000,22.44,92.25,101.886
2026-05-23T03:12:00.5560000,22.44,92.3,101.885
2026-05-23T03:12:01.5970000,22.44,92.28,101.886
2026-05-23T03:12:02.6380000,22.44,92.3,101.886
2026-05-23T03:12:03.7310000,22.44,92.27,101.884
2026-05-23T03:12:04.7300000,22.44,92.24,101.884
2026-05-23T03:12:05.7710000,22.44,92.23,101.883
2026-05-23T03:12:06.8110000,22.44,92.23,101.883
2026-05-23T03:12:07.8520000,22.44,92.21,101.882
2026-05-23T03:12:08.8930000,22.44,92.2,101.883
2026-05-23T03:12:09.9340000,22.44,92.2,101.883
2026-05-23T03:12:10.9740000,22.44,92.2,101.884
2026-05-23T03:12:12.0150000,22.44,92.22,101.884
2026-05-23T03:12:13.0560000,22.43,92.18,101.885
2026-05-23T03:12:14.0970000,22.43,92.16,101.885
2026-05-23T03:12:15.1480000,22.43,92.18,101.886
2026-05-23T03:12:16.1890000,22.43,92.16,101.886
2026-05-23T03:12:17.2290000,22.43,92.09,101.885
2026-05-23T03:12:18.2700000,22.43,92.15,101.886
2026-05-23T03:12:19.3110000,22.42,92.14,101.886
2026-05-23T03:12:20.3520000,22.42,92.13,101.886
2026-05-23T03:12:21.3920000,22.42,92.14,101.885
2026-05-23T03:12:22.4330000,22.42,92.12,101.886
2026-05-23T03:12:23.4740000,22.42,92.11,101.886
2026-05-23T03:12:24.5150000,22.42,92.12,101.885
2026-05-23T03:12:25.5660000,22.42,92.08,101.885
2026-05-23T03:12:26.6070000,22.42,92.11,101.886
2026-05-23T03:12:27.6470000,22.42,92.1,101.886
2026-05-23T03:12:28.6880000,22.42,92.11,101.886
2026-05-23T03:12:29.7290000,22.42,92.07,101.886
2026-05-23T03:12:30.7700000,22.42,92.07,101.885
2026-05-23T03:12:31.8450000,22.42,92,101.886
2026-05-23T03:12:32.8540000,22.42,92,101.886
2026-05-23T03:12:34.9360000,22.41,91.98,101.887
2026-05-23T03:12:35.9770000,22.41,91.97,101.887
2026-05-23T03:12:37.0180000,22.41,91.93,101.887
2026-05-23T03:12:38.0590000,22.41,91.95,101.888
2026-05-23T03:12:39.0990000,22.41,91.95,101.888
2026-05-23T03:12:40.1510000,22.41,91.95,101.889
2026-05-23T03:12:41.1910000,22.41,91.95,101.888
2026-05-23T03:12:42.2320000,22.41,91.96,101.888
2026-05-23T03:12:43.2730000,22.41,91.99,101.888
2026-05-23T03:12:44.3140000,22.41,92.01,101.887
2026-05-23T03:12:45.4170000,22.41,91.97,101.886
2026-05-23T03:12:46.3950000,22.41,91.98,101.886
2026-05-23T03:12:47.4360000,22.41,91.99,101.886
2026-05-23T03:12:48.4770000,22.42,91.99,101.887
2026-05-23T03:12:49.5170000,22.42,92,101.887
2026-05-23T03:12:50.5690000,22.42,91.99,101.887
2026-05-23T03:12:51.6090000,22.42,92.01,101.886
2026-05-23T03:12:52.6500000,22.42,92.01,101.886
2026-05-23T03:12:53.6910000,22.42,92,101.887
2026-05-23T03:12:54.7310000,22.42,92.02,101.888
2026-05-23T03:12:55.7720000,22.42,92.01,101.889
2026-05-23T03:12:56.8130000,22.42,92.01,101.888
2026-05-23T03:12:57.8530000,22.42,92.01,101.889
2026-05-23T03:12:58.8940000,22.42,92.02,101.888
2026-05-23T03:12:59.9590000,22.42,91.99,101.889
2026-05-23T03:13:00.9790000,22.42,91.99,101.888
2026-05-23T03:13:02.0200000,22.42,92,101.888
2026-05-23T03:13:03.0710000,22.42,92.02,101.889
2026-05-23T03:13:04.1120000,22.42,92.01,101.889
2026-05-23T03:13:05.1520000,22.43,92.01,101.889
2026-05-23T03:13:06.1930000,22.43,92.02,101.889
2026-05-23T03:13:07.2340000,22.43,91.98,101.889
2026-05-23T03:13:08.2750000,22.43,92.01,101.89
2026-05-23T03:13:09.3160000,22.43,92.04,101.89
2026-05-23T03:13:10.3560000,22.43,92.07,101.891
2026-05-23T03:13:11.3970000,22.43,92.07,101.89
2026-05-23T03:13:12.4380000,22.43,92,101.891
2026-05-23T03:13:13.5350000,22.43,92.06,101.891
2026-05-23T03:13:14.5230000,22.43,92.05,101.89
2026-05-23T03:13:15.5640000,22.43,92.07,101.891
2026-05-23T03:13:16.6040000,22.44,92.06,101.891
2026-05-23T03:13:17.6560000,22.44,92.07,101.891
2026-05-23T03:13:18.6960000,22.44,92.06,101.891
2026-05-23T03:13:19.7370000,22.44,92.07,101.891
2026-05-23T03:13:20.7780000,22.44,92.08,101.891
2026-05-23T03:13:21.8180000,22.44,92.08,101.89
2026-05-23T03:13:22.8590000,22.44,92.1,101.891
2026-05-23T03:13:23.9000000,22.44,92.11,101.891
2026-05-23T03:13:24.9410000,22.44,92.09,101.89
2026-05-23T03:13:25.9810000,22.44,92.15,101.891
2026-05-23T03:13:27.0330000,22.44,92.1,101.891
2026-05-23T03:13:28.0770000,22.45,92.14,101.891
2026-05-23T03:13:29.1070000,22.45,92.13,101.892
2026-05-23T03:13:30.1580000,22.45,92.14,101.891
2026-05-23T03:13:31.1990000,22.45,92.14,101.891
2026-05-23T03:13:32.2400000,22.45,92.15,101.891
2026-05-23T03:13:33.2810000,22.45,92.15,101.891
2026-05-23T03:13:34.3210000,22.45,92.16,101.891
2026-05-23T03:13:35.3620000,22.46,92.21,101.89
2026-05-23T03:13:36.4030000,22.46,92.17,101.89
2026-05-23T03:13:37.4440000,22.46,92.18,101.89
2026-05-23T03:13:38.4840000,22.46,92.18,101.89
2026-05-23T03:13:39.5250000,22.46,92.17,101.89
2026-05-23T03:13:40.5660000,22.46,92.23,101.891
2026-05-23T03:13:41.6520000,22.46,92.2,101.892
2026-05-23T03:13:42.6510000,22.46,92.21,101.892
2026-05-23T03:13:43.6910000,22.46,92.23,101.893
2026-05-23T03:13:44.7420000,22.46,92.19,101.894
2026-05-23T03:13:45.7830000,22.46,92.24,101.892
2026-05-23T03:13:46.8240000,22.46,92.25,101.894
2026-05-23T03:13:47.8650000,22.46,92.27,101.893
2026-05-23T03:13:48.9050000,22.46,92.26,101.893
2026-05-23T03:13:49.9460000,22.46,92.24,101.893
2026-05-23T03:13:50.9870000,22.46,92.27,101.891
2026-05-23T03:13:52.0280000,22.46,92.3,101.891
2026-05-23T03:13:53.0680000,22.46,92.27,101.891
2026-05-23T03:13:54.1090000,22.47,92.28,101.892
2026-05-23T03:13:55.2270000,22.47,92.31,101.892
2026-05-23T03:13:56.1970000,22.47,92.3,101.892
2026-05-23T03:13:57.2380000,22.47,92.31,101.892
2026-05-23T03:13:58.2790000,22.47,92.32,101.892
2026-05-23T03:13:59.3200000,22.47,92.32,101.892
2026-05-23T03:14:00.3610000,22.47,92.33,101.892
2026-05-23T03:14:01.4010000,22.47,92.33,101.891
2026-05-23T03:14:02.4530000,22.47,92.35,101.891
2026-05-23T03:14:03.4940000,22.47,92.35,101.891
2026-05-23T03:14:04.5340000,22.47,92.38,101.891
2026-05-23T03:14:05.5750000,22.47,92.36,101.892
2026-05-23T03:14:06.6160000,22.47,92.39,101.892
2026-05-23T03:14:07.6560000,22.47,92.36,101.892
2026-05-23T03:14:08.6970000,22.47,92.38,101.892
2026-05-23T03:14:09.7730000,22.47,92.37,101.893
2026-05-23T03:14:10.7820000,22.48,92.4,101.893
2026-05-23T03:14:11.8230000,22.48,92.39,101.893
2026-05-23T03:14:12.8630000,22.48,92.39,101.893
2026-05-23T03:14:13.9040000,22.47,92.41,101.892
2026-05-23T03:14:14.9450000,22.48,92.4,101.893
2026-05-23T03:14:15.9960000,22.48,92.41,101.893
2026-05-23T03:14:17.0370000,22.48,92.45,101.893
2026-05-23T03:14:18.0780000,22.47,92.41,101.892
2026-05-23T03:14:19.1180000,22.48,92.45,101.891
2026-05-23T03:14:20.1590000,22.48,92.46,101.89
2026-05-23T03:14:21.2000000,22.48,92.42,101.89
2026-05-23T03:14:22.2410000,22.48,92.41,101.89
2026-05-23T03:14:23.3480000,22.48,92.42,101.89
2026-05-23T03:14:24.3260000,22.48,92.43,101.889
2026-05-23T03:14:25.3670000,22.48,92.43,101.89
2026-05-23T03:14:26.4070000,22.48,92.44,101.891
2026-05-23T03:14:27.4480000,22.48,92.44,101.89
2026-05-23T03:14:28.4890000,22.48,92.44,101.891
2026-05-23T03:14:29.5300000,22.48,92.43,101.89
2026-05-23T03:14:30.5810000,22.48,92.45,101.89
2026-05-23T03:14:31.6220000,22.48,92.45,101.89
2026-05-23T03:14:32.6620000,22.48,92.42,101.889
2026-05-23T03:14:33.7030000,22.48,92.47,101.889
2026-05-23T03:14:34.7440000,22.48,92.43,101.89
2026-05-23T03:14:35.7840000,22.48,92.44,101.89
2026-05-23T03:14:36.8250000,22.48,92.47,101.89
2026-05-23T03:14:37.8900000,22.48,92.47,101.891
2026-05-23T03:14:38.9100000,22.48,92.49,101.891
2026-05-23T03:14:39.9510000,22.48,92.49,101.892
2026-05-23T03:14:40.9920000,22.48,92.49,101.892
2026-05-23T03:14:42.0320000,22.48,92.47,101.892
2026-05-23T03:14:43.0830000,22.48,92.51,101.893
2026-05-23T03:14:44.1240000,22.48,92.5,101.893
2026-05-23T03:14:45.1650000,22.48,92.49,101.892
2026-05-23T03:14:46.2060000,22.48,92.52,101.891
2026-05-23T03:14:47.2460000,22.48,92.49,101.891
2026-05-23T03:14:48.2870000,22.48,92.49,101.891
2026-05-23T03:14:49.3280000,22.48,92.49,101.891
2026-05-23T03:14:50.3690000,22.48,92.5,101.891
2026-05-23T03:14:51.4650000,22.48,92.51,101.89
2026-05-23T03:14:52.4540000,22.48,92.51,101.89
2026-05-23T03:14:53.4940000,22.48,92.52,101.889
2026-05-23T03:14:54.5350000,22.48,92.51,101.89
2026-05-23T03:14:55.5760000,22.48,92.49,101.891
2026-05-23T03:14:56.6170000,22.48,92.51,101.891
2026-05-23T03:14:57.6680000,22.48,92.5,101.891
2026-05-23T03:14:58.7090000,22.47,92.51,101.891
2026-05-23T03:14:59.7490000,22.47,92.55,101.891
2026-05-23T03:15:00.7900000,22.47,92.54,101.891
2026-05-23T03:15:01.8310000,22.47,92.46,101.892
2026-05-23T03:15:02.8710000,22.47,92.49,101.892
2026-05-23T03:15:03.9120000,22.47,92.5,101.892
2026-05-23T03:15:04.9530000,22.47,92.49,101.892
2026-05-23T03:15:06.0080000,22.47,92.47,101.891
2026-05-23T03:15:07.0380000,22.47,92.51,101.892
2026-05-23T03:15:08.0790000,22.47,92.5,101.893
2026-05-23T03:15:09.1190000,22.47,92.51,101.893
2026-05-23T03:15:10.1600000,22.44,92.5,101.889
2026-05-23T03:15:11.2010000,22.45,92.5,101.89
2026-05-23T03:15:12.2520000,22.45,92.5,101.891
2026-05-23T03:15:13.2930000,22.46,92.46,101.892
2026-05-23T03:15:14.3340000,22.46,92.5,101.892
2026-05-23T03:15:15.3750000,22.46,92.5,101.892
2026-05-23T03:15:16.4150000,22.46,92.47,101.892
2026-05-23T03:15:17.4560000,22.46,92.46,101.893
2026-05-23T03:15:18.4970000,22.46,92.49,101.894
2026-05-23T03:15:19.5790000,22.46,92.45,101.893
2026-05-23T03:15:20.5780000,22.46,92.48,101.894
2026-05-23T03:15:21.6190000,22.46,92.47,101.894
2026-05-23T03:15:22.6700000,22.46,92.46,101.894
2026-05-23T03:15:23.7110000,22.46,92.46,101.894
2026-05-23T03:15:24.7510000,22.46,92.46,101.894
2026-05-23T03:15:25.7920000,22.45,92.46,101.894
2026-05-23T03:15:26.8330000,22.45,92.45,101.894
2026-05-23T03:15:27.8740000,22.45,92.45,101.893
2026-05-23T03:15:28.9140000,22.45,92.46,101.893
2026-05-23T03:15:29.9550000,22.45,92.43,101.893
2026-05-23T03:15:30.9960000,22.45,92.46,101.893
2026-05-23T03:15:32.0370000,22.44,92.46,101.893
2026-05-23T03:15:33.1540000,22.44,92.45,101.893
2026-05-23T03:15:34.1220000,22.44,92.43,101.893
2026-05-23T03:15:35.1620000,22.44,92.45,101.893
2026-05-23T03:15:36.2140000,22.44,92.43,101.893
2026-05-23T03:15:37.2550000,22.44,92.43,101.893
2026-05-23T03:15:38.2950000,22.44,92.43,101.892
2026-05-23T03:15:39.3360000,22.44,92.41,101.892
2026-05-23T03:15:40.3770000,22.44,92.41,101.892
2026-05-23T03:15:41.4180000,22.44,92.41,101.892
2026-05-23T03:15:42.4580000,22.44,92.4,101.891
2026-05-23T03:15:43.4990000,22.44,92.39,101.891
2026-05-23T03:15:44.5400000,22.44,92.38,101.89
2026-05-23T03:15:45.5810000,22.44,92.41,101.891
2026-05-23T03:15:46.6210000,22.44,92.39,101.89
2026-05-23T03:15:47.6970000,22.44,92.35,101.89
2026-05-23T03:15:48.7060000,22.44,92.39,101.89
2026-05-23T03:15:49.7470000,22.44,92.38,101.89
2026-05-23T03:15:50.7980000,22.44,92.37,101.89
2026-05-23T03:15:51.8390000,22.44,92.38,101.89
2026-05-23T03:15:52.8800000,22.44,92.38,101.891
2026-05-23T03:15:53.9200000,22.44,92.37,101.891
2026-05-23T03:15:54.9610000,22.43,92.32,101.891
2026-05-23T03:15:56.0020000,22.43,92.37,101.892
2026-05-23T03:15:57.0430000,22.43,92.33,101.892
2026-05-23T03:15:58.0840000,22.43,92.36,101.891
2026-05-23T03:15:59.1250000,22.43,92.36,101.892
2026-05-23T03:16:00.1650000,22.43,92.31,101.892
2026-05-23T03:16:01.2690000,22.43,92.35,101.893
2026-05-23T03:16:02.2570000,22.43,92.31,101.893
2026-05-23T03:16:03.2980000,22.43,92.31,101.893
2026-05-23T03:16:04.3390000,22.43,92.3,101.893
2026-05-23T03:16:05.3790000,22.42,92.29,101.893
2026-05-23T03:16:06.4200000,22.42,92.3,101.893
2026-05-23T03:16:07.4610000,22.43,92.28,101.894
2026-05-23T03:16:08.5020000,22.42,92.28,101.894
2026-05-23T03:16:09.5420000,22.42,92.26,101.894
2026-05-23T03:16:10.5830000,22.42,92.26,101.894
2026-05-23T03:16:11.6340000,22.42,92.27,101.893
2026-05-23T03:16:12.6750000,22.42,92.23,101.893
2026-05-23T03:16:13.7160000,22.42,92.25,101.892
2026-05-23T03:16:14.7570000,22.41,92.19,101.891
2026-05-23T03:16:15.8150000,22.41,92.22,101.892
2026-05-23T03:16:16.8350000,22.41,92.2,101.892
2026-05-23T03:16:17.8760000,22.41,92.19,101.892
2026-05-23T03:16:18.9270000,22.41,92.17,101.892
2026-05-23T03:16:19.9680000,22.41,92.18,101.891
2026-05-23T03:16:21.0080000,22.41,92.17,101.891
2026-05-23T03:16:22.0490000,22.41,92.18,101.89
2026-05-23T03:16:23.0900000,22.41,92.17,101.891
2026-05-23T03:16:24.1310000,22.41,92.15,101.891
2026-05-23T03:16:25.1710000,22.41,92.12,101.892
2026-05-23T03:16:26.2120000,22.41,92.14,101.892
2026-05-23T03:16:27.2530000,22.41,92.11,101.892
2026-05-23T03:16:28.2940000,22.41,92.13,101.893
2026-05-23T03:16:29.3870000,22.4,92.12,101.892
2026-05-23T03:16:30.3860000,22.4,92.11,101.892
2026-05-23T03:16:31.4260000,22.41,92.1,101.893
2026-05-23T03:16:32.4670000,22.41,92.08,101.892
2026-05-23T03:16:33.5080000,22.41,92.08,101.892
2026-05-23T03:16:34.5490000,22.4,92.06,101.891
2026-05-23T03:16:35.5890000,22.4,92.03,101.891
2026-05-23T03:16:36.6300000,22.4,92.01,101.89
2026-05-23T03:16:37.6710000,22.4,91.96,101.89
2026-05-23T03:16:38.7110000,22.39,91.95,101.89
2026-05-23T03:16:39.7630000,22.39,92,101.891
2026-05-23T03:16:40.8030000,22.39,92.01,101.891
2026-05-23T03:16:41.8440000,22.39,91.96,101.891
2026-05-23T03:16:42.8850000,22.39,91.97,101.891
2026-05-23T03:16:43.9290000,22.39,91.94,101.89
2026-05-23T03:16:44.9700000,22.39,91.95,101.891
2026-05-23T03:16:46.0110000,22.39,91.95,101.891
2026-05-23T03:16:47.0520000,22.39,91.95,101.891
2026-05-23T03:16:48.0930000,22.39,91.95,101.89
2026-05-23T03:16:49.1330000,22.4,91.95,101.891
2026-05-23T03:16:50.1740000,22.39,91.95,101.891
2026-05-23T03:16:51.2150000,22.39,91.9,101.891
2026-05-23T03:16:52.2660000,22.39,92,101.89
2026-05-23T03:16:53.3070000,22.39,91.97,101.89
2026-05-23T03:16:54.3480000,22.39,91.97,101.89
2026-05-23T03:16:55.3880000,22.4,91.99,101.891
2026-05-23T03:16:56.4290000,22.39,91.95,101.89
2026-05-23T03:16:57.5050000,22.4,91.99,101.891
2026-05-23T03:16:58.5140000,22.4,92,101.891
2026-05-23T03:16:59.5550000,22.4,92,101.892
2026-05-23T03:17:00.5950000,22.4,92.01,101.892
2026-05-23T03:17:01.6360000,22.4,92,101.892
2026-05-23T03:17:02.6770000,22.4,91.99,101.891
2026-05-23T03:17:03.7180000,22.4,91.98,101.891
2026-05-23T03:17:04.7580000,22.4,92,101.891
2026-05-23T03:17:05.8090000,22.4,92.01,101.891
2026-05-23T03:17:06.8500000,22.4,91.98,101.891
2026-05-23T03:17:07.8910000,22.4,91.99,101.892
2026-05-23T03:17:08.9320000,22.4,92,101.892
2026-05-23T03:17:09.9730000,22.41,91.98,101.891
2026-05-23T03:17:11.0760000,22.41,92.04,101.892
2026-05-23T03:17:12.0540000,22.41,92,101.891
2026-05-23T03:17:13.0950000,22.41,92,101.891
2026-05-23T03:17:14.1360000,22.41,92.01,101.891
2026-05-23T03:17:15.1870000,22.41,92.01,101.891
2026-05-23T03:17:16.2270000,22.41,92.01,101.891
2026-05-23T03:17:17.2680000,22.42,92.02,101.89
2026-05-23T03:17:18.3090000,22.42,92.03,101.89
2026-05-23T03:17:19.3500000,22.42,92.05,101.89
2026-05-23T03:17:20.3910000,22.42,92.02,101.89
2026-05-23T03:17:21.4310000,22.42,92.06,101.89
2026-05-23T03:17:22.4720000,22.42,92.02,101.89
2026-05-23T03:17:23.5130000,22.42,92.05,101.89
2026-05-23T03:17:24.5530000,22.42,92.08,101.89
2026-05-23T03:17:25.6190000,22.42,92.08,101.891
2026-05-23T03:17:26.6380000,22.42,92.08,101.891
2026-05-23T03:17:27.6790000,22.42,92.09,101.891
2026-05-23T03:17:28.7300000,22.43,92.1,101.892
2026-05-23T03:17:29.7710000,22.43,92.09,101.891
2026-05-23T03:17:30.8120000,22.43,92.1,101.892
2026-05-23T03:17:31.8530000,22.43,92.09,101.891
2026-05-23T03:17:32.8930000,22.43,92.18,101.891
2026-05-23T03:17:33.9340000,22.43,92.13,101.891
2026-05-23T03:17:34.9750000,22.43,92.12,101.892
2026-05-23T03:17:36.0160000,22.43,92.09,101.891
2026-05-23T03:17:37.0570000,22.43,92.12,101.891
2026-05-23T03:17:38.0970000,22.43,92.1,101.891
2026-05-23T03:17:39.1900000,22.43,92.14,101.892
2026-05-23T03:17:40.1890000,22.43,92.16,101.892
2026-05-23T03:17:41.2300000,22.44,92.16,101.893
2026-05-23T03:17:42.2710000,22.44,92.17,101.893
2026-05-23T03:17:43.3110000,22.44,92.17,101.893
2026-05-23T03:17:44.3520000,22.44,92.19,101.893
2026-05-23T03:17:45.3930000,22.44,92.19,101.893
2026-05-23T03:17:46.4330000,22.44,92.19,101.893
2026-05-23T03:17:47.4740000,22.44,92.2,101.893
2026-05-23T03:17:48.5150000,22.44,92.15,101.892
2026-05-23T03:17:49.5660000,22.44,92.21,101.892
2026-05-23T03:17:50.6070000,22.44,92.24,101.893
2026-05-23T03:17:51.6480000,22.44,92.24,101.893
2026-05-23T03:17:52.6880000,22.44,92.25,101.893
2026-05-23T03:17:53.7330000,22.44,92.22,101.892
2026-05-23T03:17:54.7730000,22.44,92.23,101.892
2026-05-23T03:17:55.8140000,22.44,92.25,101.892
2026-05-23T03:17:56.8550000,22.45,92.26,101.892
2026-05-23T03:17:57.8960000,22.45,92.26,101.891
2026-05-23T03:17:58.9360000,22.45,92.28,101.892
2026-05-23T03:17:59.9770000,22.45,92.28,101.891
2026-05-23T03:18:01.0180000,22.45,92.3,101.891
2026-05-23T03:18:02.0590000,22.45,92.3,101.892
2026-05-23T03:18:03.1100000,22.46,92.28,101.892
2026-05-23T03:18:04.1510000,22.46,92.29,101.892
2026-05-23T03:18:05.1910000,22.46,92.32,101.892
2026-05-23T03:18:06.2320000,22.45,92.31,101.891
2026-05-23T03:18:07.3050000,22.45,92.37,101.891
2026-05-23T03:18:08.3140000,22.45,92.32,101.891
2026-05-23T03:18:09.3550000,22.46,92.32,101.89
2026-05-23T03:18:10.3960000,22.46,92.31,101.89
2026-05-23T03:18:11.4360000,22.46,92.34,101.89
2026-05-23T03:18:12.4870000,22.46,92.34,101.89
2026-05-23T03:18:13.5280000,22.46,92.34,101.89
2026-05-23T03:18:14.5690000,22.46,92.3,101.891
2026-05-23T03:18:15.6100000,22.46,92.35,101.891
2026-05-23T03:18:16.6500000,22.46,92.36,101.89
2026-05-23T03:18:17.6910000,22.46,92.37,101.89
2026-05-23T03:18:18.7320000,22.46,92.33,101.89
2026-05-23T03:18:19.7730000,22.46,92.34,101.888
2026-05-23T03:18:20.8800000,22.47,92.4,101.889
2026-05-23T03:18:21.8580000,22.47,92.37,101.889
2026-05-23T03:18:22.8980000,22.47,92.38,101.889
2026-05-23T03:18:23.9390000,22.46,92.38,101.888
2026-05-23T03:18:24.9900000,22.47,92.4,101.889
2026-05-23T03:18:26.0310000,22.47,92.38,101.888
2026-05-23T03:18:27.0720000,22.47,92.39,101.888
2026-05-23T03:18:28.1130000,22.47,92.4,101.887
2026-05-23T03:18:29.1540000,22.47,92.43,101.886
2026-05-23T03:18:30.1950000,22.47,92.41,101.886
2026-05-23T03:18:31.2360000,22.47,92.43,101.886
2026-05-23T03:18:32.2760000,22.47,92.37,101.886
2026-05-23T03:18:33.3170000,22.47,92.44,101.886
2026-05-23T03:18:34.3580000,22.47,92.39,101.887
2026-05-23T03:18:35.4230000,22.47,92.42,101.887
2026-05-23T03:18:36.4420000,22.47,92.43,101.887
2026-05-23T03:18:37.4840000,22.47,92.42,101.886
2026-05-23T03:18:38.5350000,22.47,92.43,101.886
2026-05-23T03:18:39.5750000,22.47,92.43,101.886
2026-05-23T03:18:40.6160000,22.47,92.43,101.886
2026-05-23T03:18:41.6570000,22.47,92.44,101.887
2026-05-23T03:18:42.6980000,22.47,92.41,101.886
2026-05-23T03:18:43.7390000,22.47,92.44,101.887
2026-05-23T03:18:44.7800000,22.47,92.45,101.887
2026-05-23T03:18:45.8200000,22.47,92.42,101.887
2026-05-23T03:18:46.8610000,22.47,92.45,101.887
2026-05-23T03:18:47.9020000,22.47,92.46,101.887
2026-05-23T03:18:48.9950000,22.47,92.49,101.888
2026-05-23T03:18:49.9940000,22.47,92.45,101.888
2026-05-23T03:18:51.0340000,22.47,92.45,101.889
2026-05-23T03:18:52.0750000,22.47,92.46,101.889
2026-05-23T03:18:53.1160000,22.47,92.49,101.889
2026-05-23T03:18:54.1560000,22.47,92.46,101.89
2026-05-23T03:18:55.1970000,22.47,92.46,101.891
2026-05-23T03:18:56.2380000,22.47,92.47,101.891
2026-05-23T03:18:57.2790000,22.47,92.46,101.89
2026-05-23T03:18:58.3300000,22.47,92.51,101.89
2026-05-23T03:18:59.3700000,22.47,92.46,101.889
2026-05-23T03:19:00.4110000,22.47,92.46,101.89
2026-05-23T03:19:01.4520000,22.47,92.46,101.888
2026-05-23T03:19:02.4930000,22.47,92.5,101.888
2026-05-23T03:19:03.5370000,22.47,92.47,101.887
2026-05-23T03:19:04.5770000,22.47,92.49,101.887
2026-05-23T03:19:05.6180000,22.47,92.51,101.887
2026-05-23T03:19:06.6590000,22.47,92.49,101.887
2026-05-23T03:19:07.7000000,22.47,92.49,101.887
2026-05-23T03:19:08.7400000,22.47,92.49,101.887
2026-05-23T03:19:09.7810000,22.47,92.49,101.887
2026-05-23T03:19:10.8220000,22.47,92.46,101.887
2026-05-23T03:19:11.8730000,22.47,92.5,101.887
2026-05-23T03:19:12.9140000,22.47,92.49,101.888
2026-05-23T03:19:13.9550000,22.47,92.46,101.888
2026-05-23T03:19:14.9950000,22.47,92.51,101.887
2026-05-23T03:19:16.0360000,22.47,92.5,101.887
2026-05-23T03:19:17.1080000,22.47,92.46,101.885
2026-05-23T03:19:18.1170000,22.47,92.47,101.885
2026-05-23T03:19:19.1580000,22.46,92.46,101.885
2026-05-23T03:19:20.1990000,22.46,92.48,101.885
2026-05-23T03:19:21.2500000,22.47,92.47,101.885
2026-05-23T03:19:22.2910000,22.47,92.48,101.884
2026-05-23T03:19:23.3320000,22.46,92.48,101.884
2026-05-23T03:19:24.3720000,22.47,92.46,101.884
2026-05-23T03:19:25.4130000,22.46,92.46,101.885
2026-05-23T03:19:26.4540000,22.46,92.5,101.885
2026-05-23T03:19:27.4950000,22.46,92.45,101.884
2026-05-23T03:19:28.5360000,22.46,92.45,101.884
2026-05-23T03:19:29.5760000,22.46,92.47,101.883
2026-05-23T03:19:30.6800000,22.46,92.48,101.884
2026-05-23T03:19:31.6680000,22.46,92.47,101.884
2026-05-23T03:19:32.7090000,22.46,92.47,101.885
2026-05-23T03:19:33.7500000,22.46,92.47,101.885
2026-05-23T03:19:34.7910000,22.46,92.47,101.885
2026-05-23T03:19:35.8310000,22.46,92.47,101.886
2026-05-23T03:19:36.8720000,22.46,92.46,101.887
2026-05-23T03:19:37.9130000,22.45,92.47,101.887
2026-05-23T03:19:38.9540000,22.45,92.45,101.887
2026-05-23T03:19:39.9940000,22.45,92.48,101.887
2026-05-23T03:19:41.0450000,22.45,92.47,101.888
2026-05-23T03:19:42.0860000,22.45,92.48,101.888
2026-05-23T03:19:43.1270000,22.45,92.47,101.888
2026-05-23T03:19:44.1680000,22.45,92.45,101.887
2026-05-23T03:19:45.2220000,22.45,92.45,101.888
2026-05-23T03:19:46.2520000,22.45,92.44,101.888
2026-05-23T03:19:47.2930000,22.45,92.45,101.888
2026-05-23T03:19:48.3340000,22.45,92.46,101.888
2026-05-23T03:19:49.3740000,22.45,92.45,101.888
2026-05-23T03:19:50.4150000,22.45,92.45,101.888
2026-05-23T03:19:51.4560000,22.45,92.44,101.888
2026-05-23T03:19:52.4970000,22.45,92.5,101.888
2026-05-23T03:19:53.5370000,22.44,92.43,101.888
2026-05-23T03:19:54.5890000,22.44,92.45,101.888
2026-05-23T03:19:55.6300000,22.45,92.43,101.889
2026-05-23T03:19:56.6700000,22.45,92.43,101.889
2026-05-23T03:19:57.7110000,22.45,92.43,101.889
2026-05-23T03:19:58.7940000,22.44,92.34,101.89
2026-05-23T03:19:59.7930000,22.44,92.4,101.889
2026-05-23T03:20:00.8340000,22.44,92.39,101.889
2026-05-23T03:20:01.8740000,22.44,92.39,101.889
2026-05-23T03:20:02.9150000,22.44,92.39,101.889
2026-05-23T03:20:03.9560000,22.44,92.38,101.889
2026-05-23T03:20:05.0070000,22.44,92.36,101.889
2026-05-23T03:20:06.0480000,22.43,92.37,101.888
2026-05-23T03:20:07.0880000,22.43,92.37,101.889
2026-05-23T03:20:08.1290000,22.43,92.37,101.888
2026-05-23T03:20:09.1700000,22.43,92.34,101.888
2026-05-23T03:20:10.2100000,22.43,92.34,101.888
2026-05-23T03:20:11.2510000,22.43,92.36,101.889
2026-05-23T03:20:12.2920000,22.43,92.31,101.889
2026-05-23T03:20:13.3360000,22.42,92.33,101.889
2026-05-23T03:20:14.3770000,22.42,92.33,101.889
2026-05-23T03:20:15.4170000,22.43,92.31,101.889
2026-05-23T03:20:16.4580000,22.43,92.3,101.89
2026-05-23T03:20:17.4990000,22.43,92.29,101.89
2026-05-23T03:20:18.5500000,22.43,92.29,101.891
2026-05-23T03:20:19.5910000,22.43,92.28,101.891
2026-05-23T03:20:20.6320000,22.43,92.3,101.89
2026-05-23T03:20:21.6730000,22.42,92.29,101.889
2026-05-23T03:20:22.7140000,22.42,92.28,101.889
2026-05-23T03:20:23.7540000,22.42,92.26,101.889
2026-05-23T03:20:24.7950000,22.42,92.27,101.889
2026-05-23T03:20:25.8360000,22.42,92.27,101.89
2026-05-23T03:20:26.9110000,22.42,92.3,101.89
2026-05-23T03:20:27.9210000,22.42,92.24,101.891
2026-05-23T03:20:28.9610000,22.42,92.23,101.891
2026-05-23T03:20:30.0020000,22.42,92.19,101.891
2026-05-23T03:20:31.0530000,22.42,92.19,101.891
2026-05-23T03:20:32.0940000,22.41,92.18,101.892
2026-05-23T03:20:33.1350000,22.41,92.17,101.892
2026-05-23T03:20:34.1760000,22.41,92.14,101.892
2026-05-23T03:20:35.2160000,22.41,92.13,101.893
2026-05-23T03:20:36.2570000,22.41,92.13,101.893
2026-05-23T03:20:37.2980000,22.41,92.14,101.894
2026-05-23T03:20:38.3390000,22.41,92.15,101.895
2026-05-23T03:20:39.3800000,22.41,92.13,101.895
2026-05-23T03:20:40.4870000,22.41,92.16,101.897
2026-05-23T03:20:41.4650000,22.41,92.11,101.898
2026-05-23T03:20:42.5050000,22.4,92.11,101.898
2026-05-23T03:20:43.5460000,22.4,92.08,101.899
2026-05-23T03:20:44.5970000,22.4,92.05,101.898
2026-05-23T03:20:45.6380000,22.4,92.03,101.898
2026-05-23T03:20:46.6790000,22.4,92.01,101.898
2026-05-23T03:20:47.7200000,22.39,92,101.898
2026-05-23T03:20:48.7610000,22.39,91.95,101.898
2026-05-23T03:20:49.8010000,22.39,91.94,101.898
2026-05-23T03:20:50.8420000,22.39,91.96,101.897
2026-05-23T03:20:51.8830000,22.39,91.96,101.897
2026-05-23T03:20:52.9230000,22.39,91.98,101.897
2026-05-23T03:20:53.9750000,22.39,91.96,101.895
2026-05-23T03:20:55.0330000,22.39,91.97,101.895
2026-05-23T03:20:56.0530000,22.39,91.96,101.894
2026-05-23T03:20:57.0930000,22.39,91.97,101.894
2026-05-23T03:20:58.1340000,22.39,91.95,101.895
2026-05-23T03:20:59.1750000,22.39,91.97,101.894
2026-05-23T03:21:00.2260000,22.39,92.01,101.894
2026-05-23T03:21:01.2670000,22.39,92,101.894
2026-05-23T03:21:02.3070000,22.39,91.95,101.894
2026-05-23T03:21:03.3480000,22.39,92.03,101.894
2026-05-23T03:21:04.3890000,22.4,92.02,101.894
2026-05-23T03:21:05.4300000,22.4,92.02,101.894
2026-05-23T03:21:06.4710000,22.4,92.04,101.894
2026-05-23T03:21:07.5120000,22.4,92.03,101.894
2026-05-23T03:21:08.6050000,22.4,92.03,101.894
2026-05-23T03:21:09.5930000,22.4,92.03,101.893
2026-05-23T03:21:10.6450000,22.4,92.02,101.892
2026-05-23T03:21:11.6850000,22.4,92.02,101.892
2026-05-23T03:21:12.7260000,22.4,92.03,101.892
2026-05-23T03:21:13.7670000,22.4,92.03,101.892
2026-05-23T03:21:14.8080000,22.4,92.04,101.893
2026-05-23T03:21:15.8480000,22.4,92.03,101.893
2026-05-23T03:21:16.8890000,22.4,92.02,101.893
2026-05-23T03:21:17.9300000,22.4,92.04,101.893
2026-05-23T03:21:18.9700000,22.4,92.03,101.894
2026-05-23T03:21:20.0110000,22.4,92.05,101.894
2026-05-23T03:21:21.0620000,22.4,92.06,101.894
2026-05-23T03:21:22.1030000,22.41,92.07,101.893
2026-05-23T03:21:23.1510000,22.41,92.06,101.893
2026-05-23T03:21:24.1810000,22.41,92.07,101.893
2026-05-23T03:21:25.2220000,22.41,92.07,101.894
2026-05-23T03:21:26.2620000,22.41,92.11,101.895
2026-05-23T03:21:27.3140000,22.41,92.08,101.895
2026-05-23T03:21:28.3550000,22.41,92.07,101.896
2026-05-23T03:21:29.3960000,22.41,92.08,101.897
2026-05-23T03:21:30.4360000,22.41,92.08,101.897
2026-05-23T03:21:31.4770000,22.41,92.08,101.897
2026-05-23T03:21:32.5180000,22.41,92.1,101.896
2026-05-23T03:21:33.5590000,22.42,92.13,101.897
2026-05-23T03:21:34.5990000,22.42,92.13,101.896
2026-05-23T03:21:35.6400000,22.42,92.12,101.896
2026-05-23T03:21:36.7240000,22.42,92.09,101.895
2026-05-23T03:21:37.7220000,22.42,92.14,101.893
2026-05-23T03:21:38.7730000,22.42,92.13,101.893
2026-05-23T03:21:39.8140000,22.42,92.15,101.893
2026-05-23T03:21:40.8550000,22.42,92.15,101.893
2026-05-23T03:21:41.8960000,22.42,92.16,101.893
2026-05-23T03:21:42.9360000,22.42,92.16,101.893
2026-05-23T03:21:43.9770000,22.42,92.17,101.893
2026-05-23T03:21:45.0180000,22.42,92.17,101.892
2026-05-23T03:21:46.0590000,22.42,92.16,101.892
2026-05-23T03:21:47.1100000,22.42,92.2,101.892
2026-05-23T03:21:48.1500000,22.43,92.23,101.892
2026-05-23T03:21:49.1910000,22.43,92.19,101.892
2026-05-23T03:21:50.2980000,22.43,92.19,101.892
2026-05-23T03:21:51.2760000,22.43,92.21,101.892
2026-05-23T03:21:52.3170000,22.43,92.22,101.892
2026-05-23T03:21:53.3580000,22.43,92.22,101.892
2026-05-23T03:21:54.3980000,22.43,92.23,101.891
2026-05-23T03:21:55.4390000,22.43,92.25,101.891
2026-05-23T03:21:56.4800000,22.43,92.24,101.89
2026-05-23T03:21:57.5210000,22.43,92.25,101.89
2026-05-23T03:21:58.5610000,22.43,92.26,101.89
2026-05-23T03:21:59.6020000,22.43,92.28,101.889
2026-05-23T03:22:00.6530000,22.43,92.26,101.889
2026-05-23T03:22:01.6940000,22.44,92.27,101.889
2026-05-23T03:22:02.7350000,22.43,92.29,101.888
2026-05-23T03:22:03.7760000,22.43,92.28,101.888
2026-05-23T03:22:04.8370000,22.43,92.32,101.888
2026-05-23T03:22:05.8570000,22.43,92.31,101.887
2026-05-23T03:22:06.8980000,22.43,92.32,101.888
2026-05-23T03:22:07.9380000,22.43,92.35,101.887
2026-05-23T03:22:08.9790000,22.44,92.33,101.888
2026-05-23T03:22:10.0300000,22.44,92.34,101.887
2026-05-23T03:22:11.0710000,22.44,92.33,101.887
2026-05-23T03:22:12.1120000,22.44,92.29,101.887
2026-05-23T03:22:13.1520000,22.44,92.34,101.889
2026-05-23T03:22:14.1930000,22.44,92.34,101.888
2026-05-23T03:22:15.2340000,22.44,92.39,101.888
2026-05-23T03:22:16.2750000,22.44,92.37,101.888
2026-05-23T03:22:17.3160000,22.44,92.41,101.888
2026-05-23T03:22:18.4090000,22.44,92.37,101.887
2026-05-23T03:22:19.3970000,22.44,92.4,101.887
2026-05-23T03:22:20.4490000,22.44,92.38,101.887
2026-05-23T03:22:21.4890000,22.44,92.41,101.887
2026-05-23T03:22:22.5300000,22.44,92.41,101.886
2026-05-23T03:22:23.5710000,22.44,92.44,101.886
2026-05-23T03:22:24.6120000,22.44,92.43,101.887
2026-05-23T03:22:25.6520000,22.45,92.44,101.887
2026-05-23T03:22:26.6930000,22.45,92.44,101.886
2026-05-23T03:22:27.7340000,22.44,92.46,101.885
2026-05-23T03:22:28.7750000,22.45,92.47,101.885
2026-05-23T03:22:29.8150000,22.45,92.43,101.885
2026-05-23T03:22:30.8560000,22.44,92.45,101.885
2026-05-23T03:22:31.9070000,22.45,92.48,101.885
2026-05-23T03:22:32.9550000,22.45,92.47,101.884
2026-05-23T03:22:33.9850000,22.45,92.46,101.885
2026-05-23T03:22:35.0260000,22.45,92.48,101.885
2026-05-23T03:22:36.0670000,22.45,92.51,101.885
2026-05-23T03:22:37.1070000,22.45,92.52,101.885
2026-05-23T03:22:38.1590000,22.45,92.5,101.886
2026-05-23T03:22:39.1990000,22.45,92.5,101.887
2026-05-23T03:22:40.2400000,22.45,92.59,101.888
2026-05-23T03:22:41.2810000,22.45,92.49,101.887
2026-05-23T03:22:42.3220000,22.45,92.52,101.887
2026-05-23T03:22:43.3620000,22.45,92.55,101.886
2026-05-23T03:22:44.4030000,22.45,92.5,101.886
2026-05-23T03:22:45.4440000,22.45,92.56,101.886
2026-05-23T03:22:46.5270000,22.45,92.54,101.886
2026-05-23T03:22:47.5260000,22.45,92.55,101.886
2026-05-23T03:22:48.5770000,22.45,92.54,101.886
2026-05-23T03:22:49.6180000,22.45,92.56,101.885
2026-05-23T03:22:50.6580000,22.46,92.55,101.885
2026-05-23T03:22:51.6990000,22.46,92.56,101.885
2026-05-23T03:22:52.7400000,22.46,92.56,101.885
2026-05-23T03:22:53.7800000,22.45,92.55,101.884
2026-05-23T03:22:54.8210000,22.46,92.55,101.884
2026-05-23T03:22:55.8620000,22.46,92.56,101.884
2026-05-23T03:22:56.9030000,22.46,92.58,101.884
2026-05-23T03:22:57.9430000,22.45,92.58,101.883
2026-05-23T03:22:58.9950000,22.46,92.59,101.883
2026-05-23T03:23:00.0980000,22.46,92.58,101.885
2026-05-23T03:23:01.0760000,22.46,92.58,101.884
2026-05-23T03:23:02.1170000,22.46,92.59,101.885
2026-05-23T03:23:03.1580000,22.46,92.6,101.885
2026-05-23T03:23:04.1980000,22.46,92.59,101.884
2026-05-23T03:23:05.2390000,22.46,92.62,101.885
2026-05-23T03:23:06.2800000,22.46,92.6,101.885
2026-05-23T03:23:07.3210000,22.46,92.6,101.885
2026-05-23T03:23:08.3620000,22.46,92.6,101.885
2026-05-23T03:23:09.4030000,22.46,92.6,101.884
2026-05-23T03:23:10.4540000,22.46,92.65,101.883
2026-05-23T03:23:11.4950000,22.46,92.61,101.883
2026-05-23T03:23:12.5350000,22.46,92.65,101.882
2026-05-23T03:23:13.5760000,22.45,92.61,101.882
2026-05-23T03:23:14.6410000,22.46,92.65,101.883
2026-05-23T03:23:15.6610000,22.46,92.63,101.884
2026-05-23T03:23:16.7020000,22.46,92.63,101.883
2026-05-23T03:23:17.7420000,22.46,92.63,101.884
2026-05-23T03:23:18.7830000,22.46,92.63,101.884
2026-05-23T03:23:19.8240000,22.46,92.63,101.884
2026-05-23T03:23:20.8650000,22.46,92.64,101.883
2026-05-23T03:23:21.9050000,22.46,92.67,101.883
2026-05-23T03:23:22.9460000,22.46,92.63,101.883
2026-05-23T03:23:23.9970000,22.45,92.59,101.882
2026-05-23T03:23:25.0380000,22.46,92.64,101.882
2026-05-23T03:23:26.0790000,22.46,92.63,101.882
2026-05-23T03:23:27.1190000,22.46,92.62,101.882
2026-05-23T03:23:28.2160000,22.46,92.62,101.883
2026-05-23T03:23:29.2040000,22.45,92.63,101.883
2026-05-23T03:23:30.2450000,22.45,92.64,101.883
2026-05-23T03:23:31.2860000,22.45,92.64,101.883
2026-05-23T03:23:32.3270000,22.45,92.64,101.881
2026-05-23T03:23:33.3680000,22.45,92.64,101.88
2026-05-23T03:23:34.4080000,22.45,92.64,101.881
2026-05-23T03:23:36.4900000,22.45,92.65,101.88
2026-05-23T03:23:37.5310000,22.45,92.65,101.88
2026-05-23T03:23:38.5820000,22.45,92.63,101.879
2026-05-23T03:23:39.6230000,22.45,92.63,101.879
2026-05-23T03:23:40.6630000,22.45,92.67,101.879
2026-05-23T03:23:41.7040000,22.45,92.65,101.88
2026-05-23T03:23:42.7590000,22.44,92.63,101.879
2026-05-23T03:23:43.7890000,22.44,92.66,101.88
2026-05-23T03:23:44.8300000,22.45,92.65,101.88
2026-05-23T03:23:45.8700000,22.45,92.65,101.88
2026-05-23T03:23:46.9110000,22.45,92.66,101.88
2026-05-23T03:23:47.9520000,22.44,92.65,101.88
2026-05-23T03:23:48.9920000,22.44,92.64,101.88
2026-05-23T03:23:50.0330000,22.44,92.75,101.881
2026-05-23T03:23:51.0840000,22.44,92.63,101.881
2026-05-23T03:23:52.1250000,22.44,92.62,101.882
2026-05-23T03:23:53.1660000,22.44,92.68,101.882
2026-05-23T03:23:54.2070000,22.44,92.68,101.882
2026-05-23T03:23:55.2480000,22.44,92.67,101.881
2026-05-23T03:23:56.3300000,22.44,92.64,101.881
2026-05-23T03:23:57.3290000,22.44,92.65,101.881
2026-05-23T03:23:58.3700000,22.44,92.65,101.881
2026-05-23T03:23:59.4100000,22.44,92.65,101.882
2026-05-23T03:24:00.4510000,22.44,92.65,101.881
2026-05-23T03:24:01.5030000,22.44,92.65,101.882
2026-05-23T03:24:02.5430000,22.44,92.65,101.883
2026-05-23T03:24:03.5840000,22.44,92.64,101.882
2026-05-23T03:24:04.6250000,22.44,92.65,101.883
2026-05-23T03:24:05.6660000,22.44,92.65,101.883
2026-05-23T03:24:06.7060000,22.44,92.66,101.884
2026-05-23T03:24:07.7470000,22.44,92.64,101.886
2026-05-23T03:24:08.7880000,22.44,92.65,101.886
2026-05-23T03:24:09.8290000,22.44,92.65,101.886
2026-05-23T03:24:10.8730000,22.44,92.63,101.887
2026-05-23T03:24:11.9130000,22.44,92.64,101.886
2026-05-23T03:24:12.9540000,22.44,92.64,101.887
2026-05-23T03:24:13.9950000,22.44,92.64,101.887
2026-05-23T03:24:15.0460000,22.44,92.64,101.887
2026-05-23T03:24:16.0870000,22.44,92.63,101.888
2026-05-23T03:24:17.1280000,22.43,92.63,101.888
2026-05-23T03:24:18.1690000,22.43,92.62,101.887
2026-05-23T03:24:19.2090000,22.43,92.64,101.888
2026-05-23T03:24:20.2500000,22.43,92.64,101.889
2026-05-23T03:24:21.2910000,22.43,92.65,101.888
2026-05-23T03:24:22.3320000,22.43,92.63,101.888
2026-05-23T03:24:23.3730000,22.43,92.62,101.888
2026-05-23T03:24:24.4450000,22.43,92.64,101.889
2026-05-23T03:24:25.4540000,22.43,92.64,101.889
2026-05-23T03:24:26.5050000,22.43,92.63,101.889
2026-05-23T03:24:27.5460000,22.43,92.61,101.889
2026-05-23T03:24:28.5870000,22.43,92.61,101.889
2026-05-23T03:24:29.6280000,22.43,92.61,101.889
2026-05-23T03:24:30.6680000,22.43,92.6,101.89
2026-05-23T03:24:31.7090000,22.43,92.64,101.892
2026-05-23T03:24:32.7500000,22.43,92.61,101.892
2026-05-23T03:24:33.7910000,22.43,92.56,101.892
2026-05-23T03:24:34.8310000,22.43,92.61,101.893
2026-05-23T03:24:35.8720000,22.43,92.63,101.893
2026-05-23T03:24:36.9230000,22.43,92.6,101.893
2026-05-23T03:24:38.0170000,22.42,92.63,101.891
2026-05-23T03:24:39.0050000,22.43,92.59,101.892
2026-05-23T03:24:40.0460000,22.43,92.58,101.892
2026-05-23T03:24:41.0860000,22.42,92.57,101.892
2026-05-23T03:24:42.1270000,22.42,92.57,101.891
2026-05-23T03:24:43.1680000,22.42,92.56,101.891
2026-05-23T03:24:44.2090000,22.42,92.56,101.891
2026-05-23T03:24:45.2500000,22.42,92.55,101.89
2026-05-23T03:24:46.2900000,22.42,92.55,101.891
2026-05-23T03:24:47.3410000,22.42,92.53,101.891
2026-05-23T03:24:48.3820000,22.42,92.51,101.891
2026-05-23T03:24:49.4230000,22.42,92.53,101.891
2026-05-23T03:24:50.4640000,22.42,92.53,101.891
2026-05-23T03:24:51.5050000,22.42,92.52,101.89
2026-05-23T03:24:52.5560000,22.41,92.5,101.889
2026-05-23T03:24:53.5860000,22.41,92.5,101.889
2026-05-23T03:24:54.6270000,22.41,92.49,101.889
2026-05-23T03:24:55.6670000,22.41,92.49,101.889
2026-05-23T03:24:56.7180000,22.41,92.47,101.889
2026-05-23T03:24:57.7590000,22.41,92.46,101.888
2026-05-23T03:24:58.8000000,22.41,92.45,101.888
2026-05-23T03:24:59.8410000,22.41,92.49,101.888
2026-05-23T03:25:00.8810000,22.4,92.45,101.888
2026-05-23T03:25:01.9220000,22.4,92.45,101.888
2026-05-23T03:25:02.9630000,22.4,92.45,101.889
2026-05-23T03:25:04.0040000,22.4,92.42,101.889
2026-05-23T03:25:05.0450000,22.4,92.41,101.888
2026-05-23T03:25:06.1270000,22.4,92.42,101.888
2026-05-23T03:25:07.1360000,22.4,92.41,101.889
2026-05-23T03:25:08.1770000,22.4,92.39,101.888
2026-05-23T03:25:09.2180000,22.4,92.4,101.888
2026-05-23T03:25:10.2590000,22.4,92.37,101.887
2026-05-23T03:25:11.3000000,22.4,92.39,101.887
2026-05-23T03:25:12.3410000,22.4,92.38,101.887
2026-05-23T03:25:13.3810000,22.4,92.37,101.886
2026-05-23T03:25:14.4220000,22.39,92.32,101.886
2026-05-23T03:25:15.4630000,22.39,92.32,101.887
2026-05-23T03:25:16.5140000,22.39,92.3,101.887
2026-05-23T03:25:17.5550000,22.39,92.29,101.887
2026-05-23T03:25:18.5960000,22.39,92.31,101.887
2026-05-23T03:25:19.6990000,22.39,92.25,101.886
2026-05-23T03:25:20.6770000,22.39,92.3,101.886
2026-05-23T03:25:21.7180000,22.39,92.31,101.886
2026-05-23T03:25:22.7580000,22.39,92.31,101.885
2026-05-23T03:25:23.7990000,22.39,92.31,101.885
2026-05-23T03:25:24.8400000,22.39,92.32,101.885
2026-05-23T03:25:25.8910000,22.39,92.32,101.885
2026-05-23T03:25:26.9320000,22.39,92.33,101.885
2026-05-23T03:25:27.9730000,22.4,92.35,101.885
2026-05-23T03:25:29.0130000,22.4,92.32,101.885
2026-05-23T03:25:30.0540000,22.4,92.33,101.884
2026-05-23T03:25:31.0950000,22.4,92.36,101.884
2026-05-23T03:25:32.1360000,22.4,92.34,101.884
2026-05-23T03:25:33.1770000,22.4,92.34,101.884
2026-05-23T03:25:34.2380000,22.41,92.42,101.883
2026-05-23T03:25:35.2580000,22.4,92.36,101.882
2026-05-23T03:25:36.3090000,22.4,92.36,101.883
2026-05-23T03:25:37.3510000,22.4,92.35,101.883
2026-05-23T03:25:38.3920000,22.4,92.34,101.883
2026-05-23T03:25:39.4330000,22.4,92.35,101.883
2026-05-23T03:25:40.4740000,22.4,92.36,101.883
2026-05-23T03:25:41.5140000,22.4,92.37,101.883
2026-05-23T03:25:42.5550000,22.4,92.36,101.883
2026-05-23T03:25:43.5960000,22.4,92.37,101.883
2026-05-23T03:25:44.6370000,22.4,92.34,101.882
2026-05-23T03:25:45.6770000,22.4,92.33,101.882
2026-05-23T03:25:46.7280000,22.4,92.36,101.881
2026-05-23T03:25:47.8110000,22.41,92.35,101.882
2026-05-23T03:25:48.8100000,22.41,92.36,101.882
2026-05-23T03:25:49.8510000,22.41,92.37,101.882
2026-05-23T03:25:50.8910000,22.41,92.37,101.882
2026-05-23T03:25:51.9320000,22.41,92.37,101.881
2026-05-23T03:25:52.9730000,22.41,92.39,101.881
2026-05-23T03:25:54.0140000,22.41,92.39,101.882
2026-05-23T03:25:55.0650000,22.41,92.42,101.882
2026-05-23T03:25:56.1060000,22.41,92.39,101.883
2026-05-23T03:25:57.1470000,22.41,92.41,101.883
2026-05-23T03:25:58.1870000,22.41,92.41,101.883
2026-05-23T03:25:59.2280000,22.41,92.41,101.883
2026-05-23T03:26:00.2690000,22.41,92.4,101.883
2026-05-23T03:26:01.3100000,22.41,92.44,101.884
2026-05-23T03:26:02.3500000,22.42,92.43,101.885
2026-05-23T03:26:03.3910000,22.42,92.44,101.885
2026-05-23T03:26:04.4420000,22.42,92.44,101.885
2026-05-23T03:26:05.4830000,22.42,92.43,101.884
2026-05-23T03:26:06.5240000,22.42,92.45,101.885
2026-05-23T03:26:07.5650000,22.42,92.47,101.885
2026-05-23T03:26:08.6050000,22.42,92.45,101.885
2026-05-23T03:26:09.6460000,22.42,92.42,101.885
2026-05-23T03:26:10.6870000,22.42,92.47,101.885
2026-05-23T03:26:11.7270000,22.42,92.49,101.885
2026-05-23T03:26:12.7680000,22.42,92.49,101.884
2026-05-23T03:26:13.8200000,22.42,92.49,101.885
2026-05-23T03:26:14.8600000,22.42,92.48,101.885
2026-05-23T03:26:15.9220000,22.43,92.48,101.885
2026-05-23T03:26:16.9420000,22.43,92.54,101.885
2026-05-23T03:26:17.9830000,22.43,92.51,101.886
2026-05-23T03:26:19.0240000,22.43,92.51,101.886
2026-05-23T03:26:20.0640000,22.43,92.52,101.886
2026-05-23T03:26:21.1050000,22.43,92.5,101.886
2026-05-23T03:26:22.1460000,22.43,92.52,101.886
2026-05-23T03:26:23.1870000,22.43,92.55,101.886
2026-05-23T03:26:24.2380000,22.43,92.53,101.886
2026-05-23T03:26:25.2790000,22.43,92.54,101.886
2026-05-23T03:26:26.3200000,22.43,92.55,101.886
2026-05-23T03:26:27.3600000,22.43,92.54,101.885
2026-05-23T03:26:28.4010000,22.43,92.56,101.884
2026-05-23T03:26:29.4940000,22.43,92.54,101.883
2026-05-23T03:26:30.4830000,22.43,92.55,101.883
2026-05-23T03:26:31.5230000,22.43,92.57,101.882
2026-05-23T03:26:32.5740000,22.43,92.57,101.883
2026-05-23T03:26:33.6150000,22.43,92.58,101.882
2026-05-23T03:26:34.6560000,22.43,92.58,101.884
2026-05-23T03:26:35.6960000,22.43,92.58,101.883
2026-05-23T03:26:36.7370000,22.43,92.58,101.884
2026-05-23T03:26:37.7790000,22.44,92.56,101.884
2026-05-23T03:26:38.8190000,22.44,92.63,101.885
2026-05-23T03:26:39.8600000,22.44,92.62,101.884
2026-05-23T03:26:40.9010000,22.44,92.6,101.884
2026-05-23T03:26:41.9420000,22.44,92.6,101.884
2026-05-23T03:26:42.9930000,22.44,92.6,101.884
2026-05-23T03:26:44.0340000,22.44,92.62,101.884
2026-05-23T03:26:45.0750000,22.44,92.61,101.884
2026-05-23T03:26:46.1150000,22.44,92.61,101.884
2026-05-23T03:26:47.1560000,22.44,92.6,101.884
2026-05-23T03:26:48.1970000,22.44,92.61,101.885
2026-05-23T03:26:49.2380000,22.44,92.62,101.884
2026-05-23T03:26:50.2790000,22.44,92.62,101.884
2026-05-23T03:26:51.3190000,22.44,92.66,101.884
2026-05-23T03:26:52.3600000,22.44,92.62,101.883
2026-05-23T03:26:53.4110000,22.44,92.63,101.884
2026-05-23T03:26:54.4520000,22.44,92.64,101.884
2026-05-23T03:26:55.4930000,22.44,92.6,101.882
2026-05-23T03:26:56.5330000,22.44,92.62,101.881
2026-05-23T03:26:57.6050000,22.44,92.66,101.88
2026-05-23T03:26:58.6150000,22.44,92.63,101.88
2026-05-23T03:26:59.6550000,22.44,92.64,101.88
2026-05-23T03:27:00.6960000,22.44,92.64,101.88
2026-05-23T03:27:01.7370000,22.44,92.66,101.88
2026-05-23T03:27:02.7880000,22.44,92.63,101.881
2026-05-23T03:27:03.8290000,22.44,92.64,101.881
2026-05-23T03:27:04.8700000,22.44,92.61,101.88
2026-05-23T03:27:05.9110000,22.44,92.65,101.88
2026-05-23T03:27:06.9510000,22.44,92.68,101.88
2026-05-23T03:27:07.9920000,22.44,92.64,101.879
2026-05-23T03:27:09.0330000,22.44,92.65,101.879
2026-05-23T03:27:10.0740000,22.44,92.66,101.879
2026-05-23T03:27:11.1740000,22.45,92.68,101.879
2026-05-23T03:27:12.1620000,22.44,92.65,101.879
2026-05-23T03:27:13.2030000,22.44,92.65,101.878
2026-05-23T03:27:14.2440000,22.44,92.65,101.877
2026-05-23T03:27:15.2840000,22.44,92.65,101.877
2026-05-23T03:27:16.3250000,22.44,92.66,101.877
2026-05-23T03:27:17.3660000,22.44,92.67,101.877
2026-05-23T03:27:18.4060000,22.44,92.67,101.877
2026-05-23T03:27:19.4580000,22.45,92.65,101.878
2026-05-23T03:27:20.4980000,22.45,92.68,101.878
2026-05-23T03:27:21.5390000,22.45,92.64,101.878
2026-05-23T03:27:22.5800000,22.45,92.68,101.879
2026-05-23T03:27:23.6200000,22.45,92.69,101.879
2026-05-23T03:27:24.6610000,22.45,92.67,101.879
2026-05-23T03:27:25.7160000,22.45,92.7,101.879
2026-05-23T03:27:26.7460000,22.45,92.67,101.879
2026-05-23T03:27:27.7880000,22.44,92.65,101.879
2026-05-23T03:27:28.8280000,22.45,92.65,101.878
2026-05-23T03:27:29.8690000,22.45,92.66,101.878
2026-05-23T03:27:30.9100000,22.45,92.67,101.879
2026-05-23T03:27:31.9610000,22.44,92.67,101.879
2026-05-23T03:27:33.0020000,22.45,92.66,101.88
2026-05-23T03:27:34.0430000,22.45,92.66,101.88
2026-05-23T03:27:35.0840000,22.45,92.67,101.88
2026-05-23T03:27:36.1240000,22.45,92.69,101.879
2026-05-23T03:27:37.1650000,22.45,92.68,101.878
2026-05-23T03:27:38.2060000,22.44,92.68,101.878
2026-05-23T03:27:39.2850000,22.44,92.68,101.877
2026-05-23T03:27:40.2940000,22.44,92.68,101.877
2026-05-23T03:27:41.3350000,22.44,92.68,101.877
2026-05-23T03:27:42.3760000,22.44,92.68,101.877
2026-05-23T03:27:43.4160000,22.45,92.67,101.877
2026-05-23T03:27:44.4570000,22.45,92.71,101.878
2026-05-23T03:27:45.4980000,22.45,92.69,101.878
2026-05-23T03:27:46.5380000,22.45,92.69,101.877
2026-05-23T03:27:47.5790000,22.45,92.66,101.877
2026-05-23T03:27:48.6200000,22.44,92.69,101.876
2026-05-23T03:27:49.6710000,22.45,92.67,101.876
2026-05-23T03:27:50.7120000,22.44,92.66,101.876
2026-05-23T03:27:51.7530000,22.44,92.67,101.876
2026-05-23T03:27:52.8560000,22.44,92.68,101.876
2026-05-23T03:27:53.8340000,22.44,92.66,101.877
2026-05-23T03:27:54.8750000,22.44,92.66,101.877
2026-05-23T03:27:55.9160000,22.44,92.66,101.879
2026-05-23T03:27:56.9570000,22.44,92.64,101.879
2026-05-23T03:27:57.9980000,22.44,92.66,101.878
2026-05-23T03:27:59.0380000,22.44,92.65,101.878
2026-05-23T03:28:00.0900000,22.44,92.65,101.878
2026-05-23T03:28:01.1310000,22.44,92.67,101.878
2026-05-23T03:28:02.1710000,22.44,92.61,101.878
2026-05-23T03:28:03.2120000,22.44,92.64,101.877
2026-05-23T03:28:04.2530000,22.43,92.6,101.877
2026-05-23T03:28:05.2940000,22.43,92.6,101.877
2026-05-23T03:28:06.3340000,22.43,92.64,101.878
2026-05-23T03:28:07.3960000,22.43,92.61,101.877
2026-05-23T03:28:08.4160000,22.43,92.61,101.877
2026-05-23T03:28:09.4670000,22.43,92.6,101.877
2026-05-23T03:28:10.5080000,22.43,92.61,101.878
2026-05-23T03:28:11.5480000,22.43,92.58,101.878
2026-05-23T03:28:12.5890000,22.43,92.57,101.877
2026-05-23T03:28:13.6300000,22.42,92.58,101.877
2026-05-23T03:28:14.6710000,22.42,92.54,101.877
2026-05-23T03:28:15.7110000,22.42,92.55,101.877
2026-05-23T03:28:16.7520000,22.42,92.55,101.876
2026-05-23T03:28:17.7930000,22.42,92.53,101.876
2026-05-23T03:28:18.8340000,22.42,92.57,101.876
2026-05-23T03:28:19.8850000,22.42,92.54,101.876
2026-05-23T03:28:20.9680000,22.42,92.56,101.878
2026-05-23T03:28:21.9660000,22.42,92.54,101.879
2026-05-23T03:28:23.0070000,22.42,92.53,101.878
2026-05-23T03:28:24.0480000,22.42,92.53,101.877
2026-05-23T03:28:25.0890000,22.42,92.53,101.876
2026-05-23T03:28:26.1290000,22.42,92.51,101.876
2026-05-23T03:28:27.1700000,22.42,92.5,101.876
2026-05-23T03:28:28.2110000,22.42,92.48,101.876
2026-05-23T03:28:29.2620000,22.41,92.5,101.876
2026-05-23T03:28:30.3030000,22.41,92.46,101.876
2026-05-23T03:28:31.3440000,22.41,92.45,101.877
2026-05-23T03:28:32.3840000,22.41,92.47,101.877
2026-05-23T03:28:33.4250000,22.41,92.5,101.879
2026-05-23T03:28:34.4660000,22.41,92.44,101.88
2026-05-23T03:28:35.5100000,22.41,92.46,101.88
2026-05-23T03:28:36.5500000,22.41,92.45,101.879
2026-05-23T03:28:37.5910000,22.41,92.42,101.879
2026-05-23T03:28:38.6320000,22.41,92.41,101.879
2026-05-23T03:28:39.6730000,22.41,92.41,101.878
2026-05-23T03:28:40.7140000,22.4,92.4,101.877
2026-05-23T03:28:41.7540000,22.4,92.4,101.878
2026-05-23T03:28:42.8050000,22.4,92.44,101.877
2026-05-23T03:28:43.8460000,22.4,92.37,101.876
2026-05-23T03:28:44.8870000,22.4,92.35,101.876
2026-05-23T03:28:45.9280000,22.4,92.34,101.876
2026-05-23T03:28:46.9690000,22.4,92.34,101.876
2026-05-23T03:28:48.0100000,22.4,92.35,101.876
2026-05-23T03:28:49.0820000,22.4,92.28,101.877
2026-05-23T03:28:50.0910000,22.4,92.34,101.877
2026-05-23T03:28:51.1320000,22.4,92.32,101.878
2026-05-23T03:28:52.1730000,22.4,92.32,101.878
2026-05-23T03:28:53.2240000,22.4,92.32,101.878
2026-05-23T03:28:54.2650000,22.4,92.3,101.877
2026-05-23T03:28:55.3060000,22.4,92.3,101.878
2026-05-23T03:28:56.3460000,22.39,92.26,101.877
2026-05-23T03:28:57.3870000,22.39,92.26,101.877
2026-05-23T03:28:58.4280000,22.39,92.26,101.877
2026-05-23T03:28:59.4680000,22.39,92.27,101.878
2026-05-23T03:29:00.5090000,22.39,92.25,101.878
2026-05-23T03:29:01.5500000,22.39,92.25,101.878
2026-05-23T03:29:02.6530000,22.39,92.25,101.877
2026-05-23T03:29:03.6420000,22.39,92.23,101.877
2026-05-23T03:29:04.6830000,22.39,92.22,101.877
2026-05-23T03:29:05.7240000,22.39,92.2,101.876
2026-05-23T03:29:06.7640000,22.39,92.2,101.875
2026-05-23T03:29:07.8050000,22.39,92.2,101.875
2026-05-23T03:29:08.8460000,22.39,92.19,101.875
2026-05-23T03:29:09.8870000,22.39,92.18,101.876
2026-05-23T03:29:10.9280000,22.39,92.16,101.875
2026-05-23T03:29:11.9680000,22.39,92.21,101.876
2026-05-23T03:29:13.0200000,22.39,92.13,101.876
2026-05-23T03:29:14.0600000,22.39,92.15,101.876
2026-05-23T03:29:15.1010000,22.39,92.11,101.877
2026-05-23T03:29:16.1420000,22.39,92.11,101.877
2026-05-23T03:29:17.1970000,22.38,92.08,101.877
2026-05-23T03:29:18.2270000,22.38,92.08,101.877
2026-05-23T03:29:19.2680000,22.38,92.09,101.877
2026-05-23T03:29:20.3080000,22.38,92.07,101.877
2026-05-23T03:29:21.3490000,22.38,92.07,101.877
2026-05-23T03:29:22.3900000,22.38,92.05,101.877
2026-05-23T03:29:23.4300000,22.38,92.05,101.877
2026-05-23T03:29:24.4710000,22.38,92.07,101.877
2026-05-23T03:29:25.5220000,22.38,92.05,101.878
2026-05-23T03:29:26.5630000,22.38,92.09,101.878
2026-05-23T03:29:27.6040000,22.38,92.04,101.878
2026-05-23T03:29:28.6450000,22.38,92.03,101.878
2026-05-23T03:29:29.6860000,22.38,92.07,101.878
2026-05-23T03:29:30.7680000,22.38,92.09,101.878
2026-05-23T03:29:31.7670000,22.38,92.07,101.878
2026-05-23T03:29:32.8080000,22.38,92.07,101.878
2026-05-23T03:29:33.8480000,22.38,92.08,101.878
2026-05-23T03:29:34.8890000,22.38,92.09,101.878
2026-05-23T03:29:35.9410000,22.38,92.09,101.878
2026-05-23T03:29:36.9810000,22.38,92.09,101.878
2026-05-23T03:29:38.0220000,22.38,92.08,101.878
2026-05-23T03:29:39.0630000,22.38,92.08,101.878
2026-05-23T03:29:40.1030000,22.39,92.09,101.879
2026-05-23T03:29:41.1440000,22.39,92.1,101.879
2026-05-23T03:29:42.1850000,22.39,92.11,101.879
2026-05-23T03:29:43.2260000,22.39,92.1,101.879
2026-05-23T03:29:44.2660000,22.39,92.13,101.88
2026-05-23T03:29:45.3110000,22.39,92.12,101.881
2026-05-23T03:29:46.3510000,22.39,92.12,101.881
2026-05-23T03:29:47.3920000,22.39,92.13,101.88
2026-05-23T03:29:48.4330000,22.39,92.12,101.88
2026-05-23T03:29:49.4840000,22.39,92.13,101.881
2026-05-23T03:29:50.5240000,22.39,92.13,101.881
2026-05-23T03:29:51.5650000,22.39,92.13,101.881
2026-05-23T03:29:52.6060000,22.39,92.17,101.88
2026-05-23T03:29:53.6470000,22.39,92.15,101.88
2026-05-23T03:29:54.6880000,22.39,92.16,101.88
2026-05-23T03:29:55.7280000,22.4,92.14,101.88
2026-05-23T03:29:56.7690000,22.4,92.17,101.88
2026-05-23T03:29:57.8100000,22.4,92.18,101.88
2026-05-23T03:29:58.8820000,22.4,92.19,101.88
2026-05-23T03:29:59.9020000,22.37,92.18,101.876
2026-05-23T03:30:00.9430000,22.38,92.17,101.877
2026-05-23T03:30:01.9840000,22.39,92.18,101.878
2026-05-23T03:30:03.0250000,22.39,92.19,101.878
2026-05-23T03:30:04.0650000,22.4,92.19,101.879
2026-05-23T03:30:06.1470000,22.4,92.18,101.878
2026-05-23T03:30:07.1870000,22.4,92.23,101.879
2026-05-23T03:30:08.2280000,22.4,92.24,101.88
2026-05-23T03:30:09.2790000,22.4,92.22,101.88
2026-05-23T03:30:10.3200000,22.4,92.21,101.88
2026-05-23T03:30:11.3610000,22.4,92.18,101.88
2026-05-23T03:30:12.4540000,22.41,92.18,101.88
2026-05-23T03:30:13.4420000,22.41,92.26,101.879
2026-05-23T03:30:14.4830000,22.41,92.27,101.879
2026-05-23T03:30:15.5240000,22.41,92.25,101.879
2026-05-23T03:30:16.5650000,22.41,92.27,101.879
2026-05-23T03:30:17.6050000,22.41,92.27,101.879
2026-05-23T03:30:18.6460000,22.41,92.29,101.879
2026-05-23T03:30:19.6970000,22.41,92.28,101.879
2026-05-23T03:30:20.7380000,22.41,92.3,101.879
2026-05-23T03:30:21.7790000,22.41,92.28,101.877
2026-05-23T03:30:22.8200000,22.41,92.32,101.877
2026-05-23T03:30:23.8610000,22.41,92.3,101.877
2026-05-23T03:30:24.9010000,22.41,92.33,101.877
2026-05-23T03:30:25.9420000,22.42,92.3,101.878
2026-05-23T03:30:26.9970000,22.42,92.31,101.88
2026-05-23T03:30:28.0270000,22.42,92.33,101.881
2026-05-23T03:30:29.0680000,22.42,92.36,101.881
2026-05-23T03:30:30.1090000,22.42,92.34,101.881
2026-05-23T03:30:31.1490000,22.42,92.38,101.88
2026-05-23T03:30:32.1900000,22.42,92.37,101.88
2026-05-23T03:30:33.2410000,22.42,92.38,101.88
2026-05-23T03:30:34.2820000,22.42,92.39,101.88
2026-05-23T03:30:35.3230000,22.42,92.37,101.882
2026-05-23T03:30:36.3630000,22.42,92.39,101.88
2026-05-23T03:30:37.4040000,22.42,92.4,101.88
2026-05-23T03:30:38.4450000,22.42,92.38,101.881
2026-05-23T03:30:39.4860000,22.42,92.4,101.881
2026-05-23T03:30:40.5690000,22.42,92.36,101.881
2026-05-23T03:30:41.5670000,22.42,92.42,101.881
2026-05-23T03:30:42.6080000,22.43,92.41,101.882
2026-05-23T03:30:43.6590000,22.43,92.43,101.881
2026-05-23T03:30:44.7000000,22.43,92.44,101.881
2026-05-23T03:30:45.7410000,22.43,92.44,101.882
2026-05-23T03:30:46.7820000,22.43,92.45,101.883
2026-05-23T03:30:47.8230000,22.43,92.5,101.884
2026-05-23T03:30:48.8630000,22.43,92.48,101.884
2026-05-23T03:30:49.9040000,22.43,92.49,101.886
2026-05-23T03:30:50.9450000,22.43,92.5,101.886
2026-05-23T03:30:51.9860000,22.43,92.51,101.886
2026-05-23T03:30:53.0260000,22.43,92.48,101.886
2026-05-23T03:30:54.0670000,22.43,92.49,101.886
2026-05-23T03:30:55.1180000,22.43,92.49,101.886
2026-05-23T03:30:56.1590000,22.43,92.48,101.886
2026-05-23T03:30:57.2000000,22.43,92.5,101.886
2026-05-23T03:30:58.2410000,22.43,92.5,101.886
2026-05-23T03:30:59.2810000,22.44,92.51,101.886
2026-05-23T03:31:00.3220000,22.44,92.51,101.886
2026-05-23T03:31:01.3630000,22.44,92.52,101.886
2026-05-23T03:31:02.4040000,22.44,92.54,101.885
2026-05-23T03:31:03.4440000,22.43,92.52,101.885
2026-05-23T03:31:04.4850000,22.43,92.55,101.885
2026-05-23T03:31:05.5260000,22.44,92.52,101.885
2026-05-23T03:31:06.5770000,22.43,92.54,101.885
2026-05-23T03:31:07.6180000,22.43,92.54,101.885
2026-05-23T03:31:08.6800000,22.44,92.53,101.885
2026-05-23T03:31:09.6990000,22.44,92.57,101.885
2026-05-23T03:31:10.7400000,22.44,92.55,101.886
2026-05-23T03:31:11.7810000,22.44,92.57,101.886
2026-05-23T03:31:12.8220000,22.44,92.57,101.886
2026-05-23T03:31:13.8620000,22.44,92.57,101.887
2026-05-23T03:31:14.9030000,22.44,92.57,101.886
2026-05-23T03:31:15.9440000,22.44,92.58,101.885
2026-05-23T03:31:16.9950000,22.44,92.6,101.885
2026-05-23T03:31:18.0360000,22.44,92.57,101.884
2026-05-23T03:31:19.0770000,22.44,92.61,101.883
2026-05-23T03:31:20.1170000,22.44,92.6,101.882
2026-05-23T03:31:21.1580000,22.44,92.6,101.883
2026-05-23T03:31:22.2480000,22.44,92.65,101.882
2026-05-23T03:31:23.2360000,22.44,92.6,101.883
2026-05-23T03:31:24.2870000,22.44,92.61,101.883
2026-05-23T03:31:25.3280000,22.44,92.6,101.883
2026-05-23T03:31:26.3690000,22.44,92.61,101.883
2026-05-23T03:31:27.4100000,22.44,92.69,101.883
2026-05-23T03:31:28.4500000,22.44,92.62,101.883
2026-05-23T03:31:29.4910000,22.44,92.63,101.882
2026-05-23T03:31:30.5320000,22.44,92.65,101.882
2026-05-23T03:31:31.5730000,22.44,92.62,101.882
2026-05-23T03:31:32.6140000,22.44,92.62,101.883
2026-05-23T03:31:33.6540000,22.44,92.67,101.883
2026-05-23T03:31:34.7060000,22.44,92.64,101.884
2026-05-23T03:31:35.7460000,22.44,92.62,101.884
2026-05-23T03:31:36.7870000,22.44,92.64,101.884
2026-05-23T03:31:37.8280000,22.44,92.64,101.885
2026-05-23T03:31:38.8690000,22.44,92.65,101.886
2026-05-23T03:31:39.9090000,22.44,92.65,101.886
2026-05-23T03:31:40.9500000,22.44,92.66,101.887
2026-05-23T03:31:41.9910000,22.44,92.65,101.886
2026-05-23T03:31:43.0320000,22.44,92.66,101.887
2026-05-23T03:31:44.0720000,22.44,92.69,101.886
2026-05-23T03:31:45.1240000,22.44,92.66,101.886
2026-05-23T03:31:46.1640000,22.44,92.66,101.886
2026-05-23T03:31:47.2050000,22.44,92.7,101.885
2026-05-23T03:31:48.2460000,22.44,92.66,101.885
2026-05-23T03:31:49.2870000,22.44,92.72,101.884
2026-05-23T03:31:50.3590000,22.44,92.66,101.884
2026-05-23T03:31:51.3680000,22.44,92.66,101.885
2026-05-23T03:31:52.4090000,22.44,92.67,101.885
2026-05-23T03:31:53.4500000,22.44,92.69,101.885
2026-05-23T03:31:54.4910000,22.44,92.68,101.885
2026-05-23T03:31:55.5310000,22.44,92.68,101.884
2026-05-23T03:31:56.5830000,22.44,92.67,101.885
2026-05-23T03:31:57.6240000,22.44,92.68,101.887
2026-05-23T03:31:58.6650000,22.44,92.67,101.885
2026-05-23T03:31:59.7060000,22.44,92.66,101.885
2026-05-23T03:32:00.7460000,22.44,92.66,101.884
2026-05-23T03:32:01.7870000,22.44,92.67,101.883
2026-05-23T03:32:02.8280000,22.44,92.67,101.883
2026-05-23T03:32:03.9280000,22.44,92.64,101.882
2026-05-23T03:32:04.9160000,22.43,92.69,101.881
2026-05-23T03:32:05.9570000,22.43,92.68,101.881
2026-05-23T03:32:06.9980000,22.43,92.68,101.882
2026-05-23T03:32:08.0380000,22.43,92.67,101.883
2026-05-23T03:32:09.0790000,22.43,92.67,101.883
2026-05-23T03:32:10.1200000,22.43,92.68,101.883
2026-05-23T03:32:11.1600000,22.43,92.68,101.883
2026-05-23T03:32:12.2010000,22.43,92.66,101.883
2026-05-23T03:32:13.2420000,22.43,92.67,101.883
2026-05-23T03:32:14.2930000,22.43,92.69,101.882
2026-05-23T03:32:15.3340000,22.43,92.68,101.883
2026-05-23T03:32:16.3750000,22.43,92.66,101.883
2026-05-23T03:32:17.4160000,22.43,92.69,101.883
2026-05-23T03:32:18.4700000,22.43,92.66,101.883
2026-05-23T03:32:19.5010000,22.43,92.66,101.882
2026-05-23T03:32:20.5410000,22.43,92.67,101.882
2026-05-23T03:32:21.5820000,22.43,92.65,101.882
2026-05-23T03:32:22.6230000,22.43,92.66,101.882
2026-05-23T03:32:23.6640000,22.42,92.66,101.882
2026-05-23T03:32:24.7050000,22.42,92.65,101.882
2026-05-23T03:32:25.7450000,22.42,92.59,101.882
2026-05-23T03:32:26.7860000,22.42,92.65,101.881
2026-05-23T03:32:27.8270000,22.42,92.63,101.881
2026-05-23T03:32:28.8780000,22.42,92.63,101.881
2026-05-23T03:32:29.9190000,22.42,92.63,101.882
2026-05-23T03:32:30.9600000,22.42,92.63,101.883
2026-05-23T03:32:32.0390000,22.42,92.61,101.884
2026-05-23T03:32:33.0380000,22.42,92.62,101.885
2026-05-23T03:32:34.0780000,22.41,92.61,101.884
2026-05-23T03:32:35.1300000,22.41,92.61,101.885
2026-05-23T03:32:36.1700000,22.41,92.61,101.884
2026-05-23T03:32:37.2110000,22.41,92.6,101.884
2026-05-23T03:32:38.2520000,22.41,92.6,101.884
2026-05-23T03:32:39.2930000,22.4,92.6,101.883
2026-05-23T03:32:40.3340000,22.41,92.58,101.884
2026-05-23T03:32:41.3740000,22.4,92.6,101.884
2026-05-23T03:32:42.4150000,22.4,92.56,101.883
2026-05-23T03:32:43.4560000,22.41,92.57,101.883
2026-05-23T03:32:44.4970000,22.41,92.62,101.883
2026-05-23T03:32:45.6070000,22.4,92.58,101.883
2026-05-23T03:32:46.5850000,22.4,92.57,101.883
2026-05-23T03:32:47.6260000,22.4,92.57,101.882
2026-05-23T03:32:48.6670000,22.4,92.56,101.883
2026-05-23T03:32:49.7080000,22.4,92.57,101.883
2026-05-23T03:32:50.7480000,22.4,92.56,101.884
2026-05-23T03:32:51.8000000,22.4,92.54,101.884
2026-05-23T03:32:52.8400000,22.4,92.53,101.884
2026-05-23T03:32:53.8810000,22.39,92.56,101.884
2026-05-23T03:32:54.9220000,22.39,92.5,101.884
2026-05-23T03:32:55.9630000,22.39,92.53,101.884
2026-05-23T03:32:57.0030000,22.39,92.51,101.883
2026-05-23T03:32:58.0440000,22.39,92.52,101.884
2026-05-23T03:32:59.0850000,22.4,92.53,101.884
2026-05-23T03:33:00.1500000,22.39,92.51,101.883
2026-05-23T03:33:01.1700000,22.39,92.5,101.882
2026-05-23T03:33:02.2100000,22.39,92.5,101.881
2026-05-23T03:33:03.2510000,22.39,92.48,101.882
2026-05-23T03:33:04.2920000,22.39,92.49,101.882
2026-05-23T03:33:05.3430000,22.39,92.48,101.881
2026-05-23T03:33:06.3840000,22.39,92.47,101.881
2026-05-23T03:33:07.4250000,22.39,92.46,101.88
2026-05-23T03:33:08.4660000,22.39,92.46,101.88
2026-05-23T03:33:09.5070000,22.39,92.45,101.88
2026-05-23T03:33:10.5470000,22.39,92.46,101.88
2026-05-23T03:33:11.5880000,22.39,92.47,101.88
2026-05-23T03:33:12.6290000,22.39,92.49,101.88
2026-05-23T03:33:13.7220000,22.39,92.38,101.881
2026-05-23T03:33:14.7100000,22.39,92.42,101.881
2026-05-23T03:33:15.7620000,22.39,92.42,101.882
2026-05-23T03:33:16.8020000,22.39,92.42,101.882
2026-05-23T03:33:17.8430000,22.38,92.42,101.882
2026-05-23T03:33:18.8840000,22.38,92.41,101.882
2026-05-23T03:33:19.9250000,22.38,92.4,101.882
2026-05-23T03:33:20.9650000,22.38,92.39,101.883
2026-05-23T03:33:22.0060000,22.38,92.35,101.883
2026-05-23T03:33:23.0470000,22.38,92.33,101.883
2026-05-23T03:33:24.0870000,22.38,92.37,101.883
2026-05-23T03:33:25.1280000,22.38,92.32,101.882
2026-05-23T03:33:26.1790000,22.38,92.37,101.882
2026-05-23T03:33:27.2200000,22.38,92.35,101.882
2026-05-23T03:33:28.2640000,22.37,92.33,101.882
2026-05-23T03:33:29.2940000,22.37,92.31,101.882
2026-05-23T03:33:30.3460000,22.37,92.3,101.882
2026-05-23T03:33:31.3870000,22.37,92.3,101.882
2026-05-23T03:33:32.4270000,22.37,92.29,101.883
2026-05-23T03:33:33.4680000,22.37,92.29,101.883
2026-05-23T03:33:34.5090000,22.37,92.27,101.883
2026-05-23T03:33:35.5500000,22.37,92.25,101.883
2026-05-23T03:33:36.5900000,22.37,92.29,101.883
2026-05-23T03:33:37.6310000,22.37,92.29,101.883
2026-05-23T03:33:38.6720000,22.37,92.24,101.883
2026-05-23T03:33:39.7130000,22.37,92.2,101.883
2026-05-23T03:33:40.7640000,22.37,92.22,101.882
2026-05-23T03:33:41.8400000,22.36,92.18,101.882
2026-05-23T03:33:42.8380000,22.36,92.16,101.882
2026-05-23T03:33:43.8900000,22.36,92.15,101.881
2026-05-23T03:33:44.9300000,22.35,92.14,101.881
2026-05-23T03:33:45.9710000,22.35,92.13,101.881
2026-05-23T03:33:47.0120000,22.35,92.14,101.881
2026-05-23T03:33:48.0520000,22.35,92.13,101.881
2026-05-23T03:33:49.0930000,22.35,92.08,101.881
2026-05-23T03:33:50.1340000,22.35,92.15,101.881
2026-05-23T03:33:51.1750000,22.35,92.12,101.882
2026-05-23T03:33:52.2150000,22.35,92.16,101.882
2026-05-23T03:33:53.2560000,22.35,92.09,101.883
2026-05-23T03:33:54.2970000,22.35,92.16,101.883
2026-05-23T03:33:55.4110000,22.35,92.09,101.884
2026-05-23T03:33:56.3890000,22.35,92.07,101.884
2026-05-23T03:33:57.4300000,22.35,92.06,101.884
2026-05-23T03:33:58.4710000,22.35,92.07,101.885
2026-05-23T03:33:59.5120000,22.35,92.08,101.885
2026-05-23T03:34:00.5520000,22.35,92.07,101.885
2026-05-23T03:34:01.5930000,22.35,92.06,101.885
2026-05-23T03:34:02.6340000,22.35,92.07,101.884
2026-05-23T03:34:03.6750000,22.35,92.11,101.884
2026-05-23T03:34:04.7150000,22.35,92.08,101.884
2026-05-23T03:34:05.7670000,22.36,92.11,101.884
2026-05-23T03:34:06.8070000,22.36,92.1,101.884
2026-05-23T03:34:07.8480000,22.36,92.12,101.884
2026-05-23T03:34:08.8890000,22.36,92.1,101.885
2026-05-23T03:34:09.9540000,22.36,92.08,101.884
2026-05-23T03:34:10.9740000,22.36,92.11,101.885
2026-05-23T03:34:12.0140000,22.36,92.1,101.885
2026-05-23T03:34:13.0550000,22.36,92.09,101.885
2026-05-23T03:34:14.0960000,22.36,92.1,101.886
2026-05-23T03:34:15.1370000,22.36,92.11,101.886
2026-05-23T03:34:16.1780000,22.37,92.11,101.886
2026-05-23T03:34:17.2180000,22.37,92.11,101.886
2026-05-23T03:34:18.2590000,22.37,92.11,101.885
2026-05-23T03:34:19.3100000,22.37,92.14,101.885
2026-05-23T03:34:20.3510000,22.37,92.13,101.885
2026-05-23T03:34:21.3920000,22.37,92.13,101.884
2026-05-23T03:34:22.4330000,22.37,92.16,101.884
2026-05-23T03:34:23.5260000,22.38,92.12,101.884
2026-05-23T03:34:24.5140000,22.38,92.13,101.884
2026-05-23T03:34:25.5550000,22.38,92.14,101.884
2026-05-23T03:34:26.5960000,22.38,92.14,101.883
2026-05-23T03:34:27.6360000,22.38,92.15,101.883
2026-05-23T03:34:28.6770000,22.38,92.15,101.883
2026-05-23T03:34:29.7180000,22.38,92.15,101.883
2026-05-23T03:34:30.7690000,22.38,92.17,101.884
2026-05-23T03:34:31.8100000,22.38,92.17,101.884
2026-05-23T03:34:32.8510000,22.38,92.17,101.884
2026-05-23T03:34:33.8910000,22.38,92.18,101.884
2026-05-23T03:34:34.9320000,22.38,92.17,101.884
2026-05-23T03:34:35.9730000,22.39,92.19,101.883
2026-05-23T03:34:37.0130000,22.39,92.19,101.883
2026-05-23T03:34:38.0650000,22.39,92.17,101.884
2026-05-23T03:34:39.0950000,22.39,92.2,101.884
2026-05-23T03:34:40.1360000,22.39,92.21,101.884
2026-05-23T03:34:41.1870000,22.39,92.21,101.883
2026-05-23T03:34:42.2280000,22.39,92.22,101.883
2026-05-23T03:34:43.2690000,22.39,92.21,101.882
2026-05-23T03:34:44.3100000,22.4,92.22,101.883
2026-05-23T03:34:45.3500000,22.4,92.27,101.882
2026-05-23T03:34:46.3910000,22.4,92.22,101.883
2026-05-23T03:34:47.4320000,22.4,92.27,101.882
2026-05-23T03:34:48.4730000,22.4,92.25,101.881
2026-05-23T03:34:49.5140000,22.4,92.26,101.88
2026-05-23T03:34:50.5540000,22.4,92.29,101.88
2026-05-23T03:34:51.6370000,22.41,92.26,101.881
2026-05-23T03:34:52.6460000,22.41,92.29,101.881
2026-05-23T03:34:53.6870000,22.4,92.29,101.881
2026-05-23T03:34:54.7280000,22.41,92.3,101.88
2026-05-23T03:34:55.7680000,22.41,92.3,101.881
2026-05-23T03:34:56.8090000,22.41,92.31,101.879
2026-05-23T03:34:57.8500000,22.41,92.31,101.879
2026-05-23T03:34:58.8900000,22.41,92.32,101.879
2026-05-23T03:34:59.9310000,22.41,92.31,101.88
2026-05-23T03:35:00.9820000,22.41,92.33,101.879
2026-05-23T03:35:02.0230000,22.41,92.32,101.879
2026-05-23T03:35:03.0640000,22.41,92.35,101.879
2026-05-23T03:35:04.1050000,22.41,92.35,101.879
2026-05-23T03:35:05.2120000,22.41,92.35,101.879
2026-05-23T03:35:06.1900000,22.41,92.36,101.878
2026-05-23T03:35:07.2310000,22.41,92.37,101.879
2026-05-23T03:35:08.2740000,22.41,92.37,101.879
2026-05-23T03:35:09.3150000,22.41,92.37,101.879
2026-05-23T03:35:10.3550000,22.41,92.39,101.879
2026-05-23T03:35:11.3960000,22.41,92.4,101.878
2026-05-23T03:35:12.4370000,22.41,92.4,101.879
2026-05-23T03:35:13.4780000,22.41,92.39,101.878
2026-05-23T03:35:14.5180000,22.42,92.43,101.879
2026-05-23T03:35:15.5590000,22.42,92.39,101.879
2026-05-23T03:35:16.6000000,22.42,92.4,101.879
2026-05-23T03:35:17.6510000,22.42,92.39,101.879
2026-05-23T03:35:18.6920000,22.42,92.44,101.879
2026-05-23T03:35:19.7500000,22.42,92.45,101.879
2026-05-23T03:35:20.7700000,22.42,92.44,101.879
2026-05-23T03:35:21.8110000,22.42,92.44,101.878
2026-05-23T03:35:22.8510000,22.42,92.45,101.878
2026-05-23T03:35:23.8920000,22.42,92.45,101.878
2026-05-23T03:35:24.9430000,22.42,92.45,101.878
2026-05-23T03:35:25.9840000,22.43,92.44,101.878
2026-05-23T03:35:27.0250000,22.42,92.41,101.878
2026-05-23T03:35:28.0660000,22.42,92.45,101.878
2026-05-23T03:35:29.1070000,22.42,92.44,101.877
2026-05-23T03:35:30.1470000,22.42,92.45,101.876
2026-05-23T03:35:31.1880000,22.42,92.45,101.876
2026-05-23T03:35:32.2290000,22.42,92.48,101.876
2026-05-23T03:35:33.3220000,22.43,92.43,101.877
2026-05-23T03:35:34.3100000,22.43,92.48,101.876
2026-05-23T03:35:35.3620000,22.43,92.49,101.876
2026-05-23T03:35:36.4020000,22.43,92.48,101.876
2026-05-23T03:35:37.4430000,22.43,92.48,101.875
2026-05-23T03:35:38.4840000,22.43,92.49,101.876
2026-05-23T03:35:39.5250000,22.43,92.49,101.877
2026-05-23T03:35:40.5650000,22.43,92.5,101.878
2026-05-23T03:35:41.6060000,22.43,92.48,101.879
2026-05-23T03:35:42.6470000,22.43,92.5,101.879
2026-05-23T03:35:43.6880000,22.43,92.53,101.879
2026-05-23T03:35:44.7390000,22.43,92.51,101.88
2026-05-23T03:35:45.7790000,22.43,92.54,101.88
2026-05-23T03:35:46.8200000,22.43,92.49,101.88
2026-05-23T03:35:47.8640000,22.43,92.52,101.88
2026-05-23T03:35:48.9050000,22.43,92.52,101.879
2026-05-23T03:35:49.9460000,22.43,92.52,101.879
2026-05-23T03:35:50.9870000,22.43,92.52,101.88
2026-05-23T03:35:52.0280000,22.43,92.53,101.88
2026-05-23T03:35:53.0680000,22.43,92.53,101.88
2026-05-23T03:35:54.1090000,22.43,92.54,101.881
2026-05-23T03:35:55.1500000,22.43,92.56,101.881
2026-05-23T03:35:56.1910000,22.43,92.55,101.881
2026-05-23T03:35:57.2320000,22.43,92.56,101.881
2026-05-23T03:35:58.2730000,22.43,92.54,101.88
2026-05-23T03:35:59.3240000,22.43,92.51,101.88
2026-05-23T03:36:00.3650000,22.43,92.55,101.878
2026-05-23T03:36:01.4370000,22.43,92.51,101.878
2026-05-23T03:36:02.4460000,22.43,92.55,101.879
2026-05-23T03:36:03.4870000,22.43,92.54,101.88
2026-05-23T03:36:04.5280000,22.43,92.54,101.879
2026-05-23T03:36:05.5680000,22.43,92.54,101.879
2026-05-23T03:36:06.6090000,22.43,92.54,101.879
2026-05-23T03:36:07.6500000,22.43,92.55,101.878
2026-05-23T03:36:08.6910000,22.43,92.57,101.878
2026-05-23T03:36:09.7420000,22.43,92.55,101.877
2026-05-23T03:36:10.7830000,22.43,92.55,101.876
2026-05-23T03:36:11.8230000,22.43,92.52,101.877
2026-05-23T03:36:12.8640000,22.43,92.53,101.878
2026-05-23T03:36:13.9050000,22.43,92.56,101.878
2026-05-23T03:36:15.0080000,22.43,92.55,101.879
2026-05-23T03:36:15.9860000,22.43,92.55,101.879
2026-05-23T03:36:17.0270000,22.43,92.55,101.879
2026-05-23T03:36:18.0680000,22.43,92.55,101.88
2026-05-23T03:36:19.1190000,22.43,92.55,101.881
2026-05-23T03:36:20.1600000,22.43,92.55,101.882
2026-05-23T03:36:21.2010000,22.43,92.55,101.882
2026-05-23T03:36:22.2420000,22.43,92.54,101.882
2026-05-23T03:36:23.2820000,22.43,92.51,101.883
2026-05-23T03:36:24.3230000,22.42,92.57,101.883
2026-05-23T03:36:25.3640000,22.42,92.54,101.884
2026-05-23T03:36:26.4040000,22.42,92.54,101.884
2026-05-23T03:36:27.4450000,22.42,92.52,101.885
2026-05-23T03:36:28.4860000,22.42,92.51,101.886
2026-05-23T03:36:29.5510000,22.42,92.54,101.885
2026-05-23T03:36:30.5710000,22.42,92.54,101.885
2026-05-23T03:36:31.6120000,22.42,92.53,101.885
2026-05-23T03:36:32.6630000,22.42,92.53,101.884
2026-05-23T03:36:33.7030000,22.42,92.51,101.883
2026-05-23T03:36:34.7440000,22.41,92.51,101.882
2026-05-23T03:36:35.7850000,22.41,92.5,101.881
2026-05-23T03:36:36.8260000,22.41,92.46,101.881
2026-05-23T03:36:37.8660000,22.41,92.48,101.88
2026-05-23T03:36:38.9070000,22.41,92.49,101.881
2026-05-23T03:36:39.9480000,22.41,92.55,101.881
2026-05-23T03:36:40.9890000,22.41,92.5,101.881
2026-05-23T03:36:42.0300000,22.41,92.49,101.881
2026-05-23T03:36:43.1230000,22.41,92.5,101.88
2026-05-23T03:36:44.1220000,22.41,92.48,101.879
2026-05-23T03:36:45.1630000,22.41,92.48,101.88
2026-05-23T03:36:46.2030000,22.4,92.48,101.88
2026-05-23T03:36:47.2440000,22.4,92.47,101.88
2026-05-23T03:36:48.2850000,22.4,92.47,101.879
2026-05-23T03:36:49.3260000,22.4,92.47,101.879
2026-05-23T03:36:50.3660000,22.4,92.48,101.879
2026-05-23T03:36:51.4070000,22.4,92.46,101.879
2026-05-23T03:36:52.4580000,22.4,92.48,101.879
2026-05-23T03:36:53.4990000,22.4,92.45,101.879
2026-05-23T03:36:54.5400000,22.4,92.46,101.878
2026-05-23T03:36:55.5800000,22.4,92.44,101.878
2026-05-23T03:36:56.6210000,22.4,92.44,101.877
2026-05-23T03:36:57.6650000,22.4,92.44,101.877
2026-05-23T03:36:58.7060000,22.4,92.44,101.877
2026-05-23T03:36:59.7470000,22.4,92.43,101.877
2026-05-23T03:37:00.7880000,22.39,92.42,101.877
2026-05-23T03:37:01.8280000,22.4,92.44,101.877
2026-05-23T03:37:02.8690000,22.4,92.43,101.878
2026-05-23T03:37:03.9100000,22.39,92.41,101.878
2026-05-23T03:37:04.9510000,22.39,92.47,101.879
2026-05-23T03:37:06.0020000,22.39,92.38,101.879
2026-05-23T03:37:07.0430000,22.39,92.37,101.879
2026-05-23T03:37:08.0840000,22.39,92.42,101.88
2026-05-23T03:37:09.1240000,22.39,92.36,101.88
2026-05-23T03:37:10.1650000,22.39,92.39,101.881
2026-05-23T03:37:11.2370000,22.39,92.38,101.882
2026-05-23T03:37:12.2470000,22.39,92.38,101.881
2026-05-23T03:37:13.2870000,22.39,92.36,101.882
2026-05-23T03:37:14.3280000,22.39,92.37,101.881
2026-05-23T03:37:15.3690000,22.38,92.36,101.881
2026-05-23T03:37:16.4100000,22.39,92.35,101.882
2026-05-23T03:37:17.4610000,22.39,92.34,101.882
2026-05-23T03:37:18.5010000,22.38,92.35,101.881
2026-05-23T03:37:19.5420000,22.38,92.34,101.881
2026-05-23T03:37:20.5830000,22.38,92.35,101.881
2026-05-23T03:37:21.6240000,22.38,92.35,101.881
2026-05-23T03:37:22.6640000,22.38,92.33,101.88
2026-05-23T03:37:23.7050000,22.38,92.29,101.88
2026-05-23T03:37:24.8090000,22.38,92.29,101.881
2026-05-23T03:37:25.7870000,22.38,92.31,101.881
2026-05-23T03:37:26.8270000,22.38,92.3,101.882
2026-05-23T03:37:27.8790000,22.38,92.3,101.881
2026-05-23T03:37:28.9190000,22.38,92.29,101.882
2026-05-23T03:37:29.9600000,22.38,92.27,101.881
2026-05-23T03:37:31.0010000,22.38,92.27,101.881
2026-05-23T03:37:32.0420000,22.38,92.26,101.881
2026-05-23T03:37:33.0820000,22.38,92.26,101.881
2026-05-23T03:37:34.1230000,22.38,92.23,101.881
2026-05-23T03:37:35.1640000,22.38,92.24,101.88
2026-05-23T03:37:36.2050000,22.38,92.23,101.88
2026-05-23T03:37:37.2560000,22.38,92.22,101.88
2026-05-23T03:37:38.2970000,22.38,92.2,101.88
2026-05-23T03:37:39.3510000,22.38,92.22,101.88
2026-05-23T03:37:40.3820000,22.38,92.21,101.879
2026-05-23T03:37:41.4230000,22.38,92.2,101.879
2026-05-23T03:37:42.4630000,22.38,92.2,101.879
2026-05-23T03:37:43.5040000,22.38,92.19,101.879
2026-05-23T03:37:44.5450000,22.38,92.15,101.88
2026-05-23T03:37:45.5850000,22.37,92.12,101.88
2026-05-23T03:37:46.6260000,22.37,92.11,101.88
2026-05-23T03:37:47.6670000,22.37,92.07,101.88
2026-05-23T03:37:48.7080000,22.36,92.09,101.879
2026-05-23T03:37:49.7590000,22.36,92.05,101.879
2026-05-23T03:37:50.8000000,22.35,92.09,101.878
2026-05-23T03:37:51.8400000,22.35,92.1,101.879
2026-05-23T03:37:52.9230000,22.36,92.1,101.88
2026-05-23T03:37:53.9220000,22.36,92.09,101.88
2026-05-23T03:37:54.9630000,22.36,92.1,101.879
2026-05-23T03:37:56.0040000,22.36,92.09,101.88
2026-05-23T03:37:57.0440000,22.36,92.1,101.879
2026-05-23T03:37:58.0850000,22.36,92.1,101.879
2026-05-23T03:37:59.1370000,22.36,92.11,101.879
2026-05-23T03:38:00.1770000,22.36,92.1,101.879
2026-05-23T03:38:01.2180000,22.36,92.11,101.879
2026-05-23T03:38:02.2590000,22.36,92.11,101.879
2026-05-23T03:38:03.3000000,22.36,92.05,101.879
2026-05-23T03:38:04.3400000,22.36,92.08,101.879
2026-05-23T03:38:05.3810000,22.35,92.06,101.879
2026-05-23T03:38:06.4220000,22.35,92.04,101.879
2026-05-23T03:38:07.4660000,22.35,92.06,101.877
2026-05-23T03:38:08.5070000,22.36,92.05,101.877
2026-05-23T03:38:09.5470000,22.36,92.03,101.876
2026-05-23T03:38:10.5880000,22.35,92.03,101.875
2026-05-23T03:38:11.6390000,22.35,92.02,101.874
2026-05-23T03:38:12.6800000,22.35,92.02,101.875
2026-05-23T03:38:13.7210000,22.35,92.01,101.874
2026-05-23T03:38:14.7620000,22.35,92.02,101.874
2026-05-23T03:38:15.8020000,22.36,92.01,101.874
2026-05-23T03:38:16.8430000,22.36,92.02,101.875
2026-05-23T03:38:17.8840000,22.36,92.03,101.875
2026-05-23T03:38:18.9250000,22.36,91.99,101.875
2026-05-23T03:38:19.9660000,22.36,92,101.876
2026-05-23T03:38:21.0380000,22.37,92.01,101.878
2026-05-23T03:38:22.0580000,22.37,92.03,101.878
2026-05-23T03:38:23.0980000,22.37,92.04,101.878
2026-05-23T03:38:24.1390000,22.37,92.06,101.879
2026-05-23T03:38:25.1800000,22.37,92.06,101.879
2026-05-23T03:38:26.2210000,22.35,92.05,101.875
2026-05-23T03:38:27.2610000,22.35,92.06,101.876
2026-05-23T03:38:28.3020000,22.36,92.11,101.876
2026-05-23T03:38:29.3430000,22.37,92.06,101.877
2026-05-23T03:38:30.3840000,22.37,92.09,101.877
2026-05-23T03:38:31.4350000,22.37,92.08,101.878
2026-05-23T03:38:32.4760000,22.37,92.08,101.878
2026-05-23T03:38:33.5170000,22.38,92.11,101.878
2026-05-23T03:38:34.6100000,22.38,92.11,101.878
2026-05-23T03:38:35.5980000,22.38,92.1,101.877
2026-05-23T03:38:36.6390000,22.38,92.11,101.876
2026-05-23T03:38:37.6800000,22.38,92.11,101.876
2026-05-23T03:38:38.7200000,22.39,92.12,101.877
2026-05-23T03:38:39.7610000,22.39,92.12,101.877
2026-05-23T03:38:40.8120000,22.39,92.12,101.876
2026-05-23T03:38:41.8530000,22.39,92.13,101.875
2026-05-23T03:38:42.8940000,22.39,92.17,101.876
2026-05-23T03:38:43.9350000,22.39,92.15,101.876
2026-05-23T03:38:44.9760000,22.39,92.13,101.876
2026-05-23T03:38:46.0160000,22.39,92.17,101.876
2026-05-23T03:38:47.0570000,22.39,92.19,101.876
2026-05-23T03:38:48.0980000,22.39,92.18,101.876
2026-05-23T03:38:49.1530000,22.4,92.21,101.877
2026-05-23T03:38:50.1830000,22.4,92.19,101.877
2026-05-23T03:38:51.2240000,22.4,92.2,101.876
2026-05-23T03:38:52.2650000,22.4,92.2,101.875
2026-05-23T03:38:53.3050000,22.4,92.21,101.875
2026-05-23T03:38:54.3570000,22.4,92.21,101.875
2026-05-23T03:38:55.3970000,22.4,92.23,101.875
2026-05-23T03:38:56.4380000,22.4,92.18,101.876
2026-05-23T03:38:57.4790000,22.4,92.27,101.876
2026-05-23T03:38:58.5190000,22.4,92.26,101.876
2026-05-23T03:38:59.5600000,22.4,92.27,101.875
2026-05-23T03:39:00.6010000,22.4,92.22,101.876
2026-05-23T03:39:01.6420000,22.4,92.25,101.875
2026-05-23T03:39:02.7240000,22.4,92.25,101.876
2026-05-23T03:39:03.7340000,22.41,92.29,101.877
2026-05-23T03:39:04.7740000,22.41,92.29,101.877
2026-05-23T03:39:05.8150000,22.41,92.29,101.876
2026-05-23T03:39:06.8560000,22.41,92.3,101.875
2026-05-23T03:39:07.8980000,22.41,92.3,101.875
2026-05-23T03:39:08.9390000,22.41,92.33,101.875
2026-05-23T03:39:09.9790000,22.41,92.31,101.875
2026-05-23T03:39:11.0200000,22.41,92.34,101.874
2026-05-23T03:39:12.0610000,22.41,92.31,101.874
2026-05-23T03:39:13.1020000,22.41,92.34,101.875
2026-05-23T03:39:14.1420000,22.41,92.34,101.875
2026-05-23T03:39:15.1940000,22.41,92.37,101.874
2026-05-23T03:39:16.2970000,22.41,92.41,101.874
2026-05-23T03:39:17.2750000,22.41,92.37,101.874
2026-05-23T03:39:18.3160000,22.41,92.37,101.874
2026-05-23T03:39:19.3570000,22.41,92.39,101.875
2026-05-23T03:39:20.3980000,22.41,92.39,101.875
2026-05-23T03:39:21.4380000,22.42,92.41,101.875
2026-05-23T03:39:22.4790000,22.41,92.42,101.876
2026-05-23T03:39:23.5200000,22.41,92.42,101.876
2026-05-23T03:39:24.5600000,22.41,92.41,101.877
2026-05-23T03:39:25.6120000,22.42,92.44,101.877
2026-05-23T03:39:26.6520000,22.42,92.41,101.877
2026-05-23T03:39:27.6930000,22.42,92.45,101.877
2026-05-23T03:39:28.7340000,22.42,92.47,101.876
2026-05-23T03:39:29.7750000,22.42,92.43,101.875
2026-05-23T03:39:30.8400000,22.42,92.46,101.874
2026-05-23T03:39:31.8600000,22.42,92.46,101.874
2026-05-23T03:39:32.9000000,22.42,92.46,101.874
2026-05-23T03:39:33.9410000,22.42,92.48,101.874
2026-05-23T03:39:34.9820000,22.42,92.48,101.874
2026-05-23T03:39:36.0230000,22.42,92.46,101.874
2026-05-23T03:39:37.0640000,22.42,92.49,101.875
2026-05-23T03:39:38.1050000,22.42,92.46,101.875
2026-05-23T03:39:39.1560000,22.42,92.5,101.875
2026-05-23T03:39:40.1970000,22.42,92.52,101.875
2026-05-23T03:39:41.2370000,22.42,92.51,101.875
2026-05-23T03:39:42.2780000,22.42,92.5,101.875
2026-05-23T03:39:43.3190000,22.42,92.51,101.875
2026-05-23T03:39:44.4120000,22.42,92.54,101.877
2026-05-23T03:39:45.4000000,22.42,92.52,101.876
2026-05-23T03:39:46.4410000,22.42,92.52,101.875
2026-05-23T03:39:47.4820000,22.42,92.53,101.874
2026-05-23T03:39:48.5220000,22.42,92.54,101.873
2026-05-23T03:39:49.5740000,22.42,92.54,101.872
2026-05-23T03:39:50.6140000,22.42,92.54,101.872
2026-05-23T03:39:51.6550000,22.43,92.54,101.872
2026-05-23T03:39:52.6960000,22.42,92.56,101.872
2026-05-23T03:39:53.7370000,22.42,92.52,101.872
2026-05-23T03:39:54.7780000,22.42,92.57,101.872
2026-05-23T03:39:55.8190000,22.43,92.56,101.873
2026-05-23T03:39:56.8590000,22.43,92.59,101.873
2026-05-23T03:39:57.9000000,22.42,92.54,101.872
2026-05-23T03:39:58.9550000,22.42,92.56,101.871
2026-05-23T03:39:59.9860000,22.43,92.57,101.871
2026-05-23T03:40:01.0260000,22.43,92.57,101.871
2026-05-23T03:40:02.0670000,22.43,92.58,101.872
2026-05-23T03:40:03.1180000,22.43,92.6,101.872
2026-05-23T03:40:04.1590000,22.43,92.6,101.873
2026-05-23T03:40:05.2000000,22.43,92.58,101.872
2026-05-23T03:40:06.2400000,22.43,92.58,101.872
2026-05-23T03:40:07.2810000,22.43,92.59,101.871
2026-05-23T03:40:08.3220000,22.43,92.6,101.871
2026-05-23T03:40:09.3630000,22.43,92.62,101.871
2026-05-23T03:40:10.4030000,22.43,92.6,101.872
2026-05-23T03:40:11.4440000,22.43,92.62,101.872
2026-05-23T03:40:12.5270000,22.43,92.64,101.873
2026-05-23T03:40:13.5360000,22.43,92.6,101.873
2026-05-23T03:40:14.5770000,22.43,92.62,101.874
2026-05-23T03:40:15.6180000,22.43,92.62,101.874
2026-05-23T03:40:16.6580000,22.43,92.63,101.875
2026-05-23T03:40:17.6990000,22.43,92.62,101.875
2026-05-23T03:40:18.7400000,22.43,92.63,101.876
2026-05-23T03:40:19.7810000,22.43,92.63,101.876
2026-05-23T03:40:20.8220000,22.42,92.65,101.876
2026-05-23T03:40:21.8630000,22.42,92.63,101.875
2026-05-23T03:40:22.9140000,22.42,92.6,101.875
2026-05-23T03:40:23.9550000,22.42,92.67,101.875
2026-05-23T03:40:24.9950000,22.42,92.62,101.875
2026-05-23T03:40:26.0990000,22.42,92.65,101.875
2026-05-23T03:40:27.0770000,22.42,92.64,101.875
2026-05-23T03:40:28.1170000,22.42,92.64,101.875
2026-05-23T03:40:29.1580000,22.42,92.64,101.875
2026-05-23T03:40:30.1990000,22.42,92.64,101.876
2026-05-23T03:40:31.2390000,22.42,92.64,101.875
2026-05-23T03:40:32.2910000,22.42,92.66,101.874
2026-05-23T03:40:33.3310000,22.42,92.64,101.874
2026-05-23T03:40:34.3720000,22.42,92.67,101.875
2026-05-23T03:40:35.4130000,22.42,92.63,101.874
2026-05-23T03:40:36.4540000,22.42,92.65,101.874
2026-05-23T03:40:37.4940000,22.42,92.65,101.874
2026-05-23T03:40:38.5350000,22.42,92.63,101.874
2026-05-23T03:40:39.5760000,22.42,92.65,101.874
2026-05-23T03:40:40.6440000,22.42,92.66,101.875
2026-05-23T03:40:41.6640000,22.42,92.65,101.874
2026-05-23T03:40:42.7050000,22.42,92.65,101.874
2026-05-23T03:40:43.7460000,22.42,92.65,101.874
2026-05-23T03:40:44.7870000,22.42,92.65,101.875
2026-05-23T03:40:45.8270000,22.42,92.63,101.874
2026-05-23T03:40:46.8680000,22.41,92.64,101.875
2026-05-23T03:40:47.9090000,22.41,92.62,101.875
2026-05-23T03:40:48.9600000,22.41,92.63,101.875
2026-05-23T03:40:50.0010000,22.41,92.62,101.877
2026-05-23T03:40:51.0420000,22.41,92.62,101.876
2026-05-23T03:40:52.0820000,22.41,92.65,101.876
2026-05-23T03:40:53.1230000,22.41,92.62,101.876
2026-05-23T03:40:54.2160000,22.41,92.65,101.874
2026-05-23T03:40:55.2040000,22.41,92.63,101.873
2026-05-23T03:40:56.2450000,22.41,92.64,101.874
2026-05-23T03:40:57.2860000,22.41,92.63,101.874
2026-05-23T03:40:58.3370000,22.41,92.63,101.874
2026-05-23T03:40:59.3780000,22.41,92.63,101.874
2026-05-23T03:41:00.4180000,22.41,92.63,101.875
2026-05-23T03:41:01.4590000,22.41,92.62,101.875
2026-05-23T03:41:02.5000000,22.41,92.64,101.874
2026-05-23T03:41:03.5410000,22.41,92.62,101.874
2026-05-23T03:41:04.5810000,22.41,92.6,101.874
2026-05-23T03:41:05.6220000,22.4,92.62,101.873
2026-05-23T03:41:06.6630000,22.4,92.62,101.874
2026-05-23T03:41:07.7040000,22.4,92.61,101.874
2026-05-23T03:41:08.7580000,22.4,92.58,101.872
2026-05-23T03:41:09.7890000,22.4,92.59,101.872
2026-05-23T03:41:10.8290000,22.4,92.59,101.874
2026-05-23T03:41:11.8810000,22.39,92.58,101.874
2026-05-23T03:41:12.9210000,22.39,92.56,101.874
2026-05-23T03:41:13.9620000,22.39,92.56,101.875
2026-05-23T03:41:15.0030000,22.39,92.55,101.874
2026-05-23T03:41:16.0440000,22.39,92.54,101.874
2026-05-23T03:41:17.0840000,22.39,92.55,101.874
2026-05-23T03:41:18.1250000,22.39,92.58,101.874
2026-05-23T03:41:19.1660000,22.39,92.54,101.875
2026-05-23T03:41:20.2070000,22.39,92.54,101.874
2026-05-23T03:41:21.2470000,22.39,92.54,101.874
2026-05-23T03:41:22.3330000,22.39,92.54,101.874
2026-05-23T03:41:23.3320000,22.39,92.53,101.874
2026-05-23T03:41:24.3730000,22.39,92.53,101.874
2026-05-23T03:41:25.4240000,22.39,92.53,101.874
2026-05-23T03:41:26.4650000,22.39,92.52,101.875
2026-05-23T03:41:27.5050000,22.38,92.52,101.874
2026-05-23T03:41:28.5460000,22.38,92.52,101.874
2026-05-23T03:41:29.5870000,22.38,92.52,101.873
2026-05-23T03:41:30.6280000,22.38,92.51,101.874
2026-05-23T03:41:31.6680000,22.38,92.54,101.874
2026-05-23T03:41:32.7090000,22.38,92.52,101.874
2026-05-23T03:41:33.7500000,22.38,92.52,101.874
2026-05-23T03:41:34.7910000,22.38,92.52,101.875
2026-05-23T03:41:35.9050000,22.38,92.49,101.876
2026-05-23T03:41:36.8830000,22.38,92.51,101.877
2026-05-23T03:41:37.9230000,22.38,92.5,101.877
2026-05-23T03:41:38.9640000,22.38,92.5,101.877
2026-05-23T03:41:40.0050000,22.38,92.51,101.877
2026-05-23T03:41:41.0460000,22.38,92.49,101.877
2026-05-23T03:41:42.0860000,22.38,92.49,101.878
2026-05-23T03:41:43.1270000,22.38,92.48,101.879
2026-05-23T03:41:44.1680000,22.38,92.49,101.879
2026-05-23T03:41:45.2190000,22.38,92.47,101.879
2026-05-23T03:41:46.2600000,22.38,92.44,101.878
2026-05-23T03:41:47.3000000,22.38,92.49,101.878
2026-05-23T03:41:48.3410000,22.38,92.49,101.878
2026-05-23T03:41:49.3820000,22.38,92.43,101.878
2026-05-23T03:41:50.4510000,22.37,92.39,101.877
2026-05-23T03:41:51.4600000,22.37,92.42,101.877
2026-05-23T03:41:52.5110000,22.37,92.41,101.878
2026-05-23T03:41:53.5520000,22.37,92.41,101.877
2026-05-23T03:41:54.5930000,22.37,92.4,101.877
2026-05-23T03:41:55.6340000,22.37,92.39,101.877
2026-05-23T03:41:56.6750000,22.37,92.39,101.877
2026-05-23T03:41:57.7150000,22.37,92.37,101.877
2026-05-23T03:41:58.7560000,22.37,92.4,101.877
2026-05-23T03:41:59.7970000,22.37,92.38,101.877
2026-05-23T03:42:00.8380000,22.37,92.38,101.877
2026-05-23T03:42:01.8890000,22.37,92.37,101.877
2026-05-23T03:42:02.9300000,22.37,92.33,101.877
2026-05-23T03:42:04.0230000,22.37,92.35,101.877
2026-05-23T03:42:05.0110000,22.37,92.32,101.878
2026-05-23T03:42:06.0520000,22.37,92.31,101.878
2026-05-23T03:42:07.0920000,22.36,92.31,101.877
2026-05-23T03:42:08.1330000,22.37,92.31,101.878
2026-05-23T03:42:09.1740000,22.37,92.32,101.878
2026-05-23T03:42:10.2140000,22.37,92.32,101.878
2026-05-23T03:42:11.2660000,22.37,92.31,101.878
2026-05-23T03:42:12.3060000,22.37,92.27,101.878
2026-05-23T03:42:13.3470000,22.36,92.32,101.878
2026-05-23T03:42:14.3880000,22.36,92.27,101.879
2026-05-23T03:42:15.4290000,22.36,92.28,101.879
2026-05-23T03:42:16.4700000,22.36,92.25,101.879
2026-05-23T03:42:17.5100000,22.36,92.27,101.879
2026-05-23T03:42:18.5650000,22.35,92.23,101.879
2026-05-23T03:42:19.5950000,22.35,92.21,101.879
2026-05-23T03:42:20.6360000,22.35,92.21,101.878
2026-05-23T03:42:21.6770000,22.35,92.18,101.878
2026-05-23T03:42:22.7180000,22.35,92.19,101.879
2026-05-23T03:42:23.7580000,22.35,92.19,101.879
2026-05-23T03:42:24.8100000,22.35,92.14,101.879
2026-05-23T03:42:25.8510000,22.34,92.18,101.879
2026-05-23T03:42:26.8910000,22.34,92.07,101.878
2026-05-23T03:42:27.9320000,22.34,92.09,101.879
2026-05-23T03:42:28.9730000,22.34,92.11,101.878
2026-05-23T03:42:30.0130000,22.34,92.08,101.878
2026-05-23T03:42:31.0540000,22.34,92.09,101.878
2026-05-23T03:42:32.1400000,22.34,92.06,101.878
2026-05-23T03:42:33.1390000,22.34,92.07,101.878
2026-05-23T03:42:34.1800000,22.34,92.08,101.878
2026-05-23T03:42:35.2200000,22.34,92.07,101.878
2026-05-23T03:42:36.2610000,22.34,92.08,101.878
2026-05-23T03:42:37.3120000,22.34,92.07,101.878
2026-05-23T03:42:38.3530000,22.34,92.08,101.878
2026-05-23T03:42:39.3940000,22.33,92.09,101.877
2026-05-23T03:42:40.4350000,22.34,92.08,101.876
2026-05-23T03:42:41.4760000,22.34,92.08,101.877
2026-05-23T03:42:42.5160000,22.34,92.08,101.878
2026-05-23T03:42:43.5570000,22.34,92.09,101.877
2026-05-23T03:42:44.5980000,22.34,92.12,101.877
2026-05-23T03:42:45.6390000,22.34,92.07,101.877
2026-05-23T03:42:46.6830000,22.34,92.06,101.877
2026-05-23T03:42:47.7240000,22.34,92.09,101.877
2026-05-23T03:42:48.7640000,22.34,92.09,101.877
2026-05-23T03:42:49.8050000,22.34,92.09,101.877
2026-05-23T03:42:50.8560000,22.34,92.09,101.876
2026-05-23T03:42:51.8970000,22.34,92.09,101.877
2026-05-23T03:42:52.9380000,22.34,92.09,101.876
2026-05-23T03:42:53.9790000,22.34,92.12,101.876
2026-05-23T03:42:55.0190000,22.34,92.08,101.877
2026-05-23T03:42:56.0600000,22.34,92.09,101.876
2026-05-23T03:42:57.1010000,22.34,92.12,101.876
2026-05-23T03:42:58.1420000,22.34,92.08,101.876
2026-05-23T03:42:59.1830000,22.34,92.09,101.876
2026-05-23T03:43:00.2580000,22.34,92.09,101.876
2026-05-23T03:43:01.2680000,22.34,92.09,101.875
2026-05-23T03:43:02.3080000,22.34,92.07,101.875
2026-05-23T03:43:03.3490000,22.34,92.08,101.875
2026-05-23T03:43:04.3900000,22.34,92.08,101.875
2026-05-23T03:43:05.4310000,22.35,92.08,101.875
2026-05-23T03:43:06.4820000,22.35,92.09,101.875
2026-05-23T03:43:07.5230000,22.35,92.07,101.876
2026-05-23T03:43:08.5640000,22.35,92.09,101.877
2026-05-23T03:43:09.6040000,22.36,92.1,101.877
2026-05-23T03:43:10.6450000,22.36,92.09,101.878
2026-05-23T03:43:11.6860000,22.36,92.15,101.877
2026-05-23T03:43:12.7260000,22.36,92.11,101.878
2026-05-23T03:43:13.8340000,22.36,92.15,101.877
2026-05-23T03:43:14.8110000,22.36,92.13,101.877
2026-05-23T03:43:15.8520000,22.36,92.13,101.877
2026-05-23T03:43:16.8930000,22.36,92.13,101.877
2026-05-23T03:43:17.9340000,22.36,92.14,101.878
2026-05-23T03:43:18.9740000,22.36,92.16,101.877
2026-05-23T03:43:20.0250000,22.37,92.14,101.878
2026-05-23T03:43:21.0660000,22.37,92.15,101.878
2026-05-23T03:43:22.1070000,22.37,92.14,101.878
2026-05-23T03:43:23.1480000,22.37,92.15,101.878
2026-05-23T03:43:24.1880000,22.37,92.17,101.878
2026-05-23T03:43:25.2290000,22.37,92.17,101.879
2026-05-23T03:43:26.2700000,22.38,92.15,101.879
2026-05-23T03:43:27.3110000,22.37,92.18,101.879
2026-05-23T03:43:28.3760000,22.37,92.23,101.879
2026-05-23T03:43:29.3960000,22.38,92.2,101.879
2026-05-23T03:43:30.4360000,22.38,92.21,101.879
2026-05-23T03:43:31.4770000,22.38,92.23,101.879
2026-05-23T03:43:32.5280000,22.38,92.22,101.88
2026-05-23T03:43:33.5690000,22.38,92.22,101.88
2026-05-23T03:43:34.6100000,22.38,92.23,101.881
2026-05-23T03:43:35.6510000,22.38,92.15,101.881
2026-05-23T03:43:36.6910000,22.38,92.24,101.881
2026-05-23T03:43:37.7320000,22.38,92.23,101.881
2026-05-23T03:43:38.7730000,22.38,92.24,101.881
2026-05-23T03:43:39.8130000,22.38,92.24,101.881
2026-05-23T03:43:40.8540000,22.38,92.25,101.881
2026-05-23T03:43:41.9510000,22.38,92.27,101.882
2026-05-23T03:43:42.9390000,22.38,92.3,101.882
2026-05-23T03:43:43.9800000,22.38,92.3,101.882
2026-05-23T03:43:45.0210000,22.39,92.31,101.882
2026-05-23T03:43:46.0720000,22.38,92.32,101.882
2026-05-23T03:43:47.1130000,22.38,92.32,101.882
2026-05-23T03:43:48.1540000,22.39,92.32,101.883
2026-05-23T03:43:49.1940000,22.39,92.33,101.883
2026-05-23T03:43:50.2350000,22.39,92.34,101.883
2026-05-23T03:43:51.2760000,22.39,92.34,101.884
2026-05-23T03:43:52.3170000,22.39,92.33,101.884
2026-05-23T03:43:53.3570000,22.39,92.33,101.884
2026-05-23T03:43:54.3980000,22.39,92.37,101.884
2026-05-23T03:43:55.4390000,22.39,92.33,101.884
2026-05-23T03:43:56.4940000,22.39,92.36,101.884
2026-05-23T03:43:57.5240000,22.39,92.37,101.884
2026-05-23T03:43:58.5650000,22.39,92.38,101.883
2026-05-23T03:43:59.6160000,22.39,92.38,101.884
2026-05-23T03:44:00.6570000,22.39,92.4,101.885
2026-05-23T03:44:01.6980000,22.4,92.39,101.885
2026-05-23T03:44:02.7380000,22.4,92.42,101.885
2026-05-23T03:44:03.7790000,22.4,92.43,101.884
2026-05-23T03:44:04.8200000,22.4,92.39,101.884
2026-05-23T03:44:05.8600000,22.4,92.44,101.885
2026-05-23T03:44:06.9010000,22.4,92.43,101.884
2026-05-23T03:44:07.9420000,22.4,92.44,101.884
2026-05-23T03:44:08.9830000,22.4,92.46,101.883
2026-05-23T03:44:10.0650000,22.4,92.44,101.883
2026-05-23T03:44:11.0740000,22.4,92.45,101.883
2026-05-23T03:44:12.1150000,22.4,92.44,101.883
2026-05-23T03:44:13.1560000,22.4,92.44,101.883
2026-05-23T03:44:14.1970000,22.4,92.44,101.883
2026-05-23T03:44:15.2370000,22.4,92.45,101.884
2026-05-23T03:44:16.2780000,22.4,92.45,101.884
2026-05-23T03:44:17.3190000,22.4,92.46,101.884
2026-05-23T03:44:18.3600000,22.41,92.45,101.885
2026-05-23T03:44:19.4010000,22.41,92.44,101.886
2026-05-23T03:44:20.4420000,22.41,92.43,101.885
2026-05-23T03:44:21.4930000,22.41,92.48,101.884
2026-05-23T03:44:22.5340000,22.4,92.48,101.885
2026-05-23T03:44:23.6380000,22.41,92.53,101.885
2026-05-23T03:44:24.6160000,22.41,92.46,101.885
2026-05-23T03:44:25.6560000,22.41,92.48,101.884
2026-05-23T03:44:26.6970000,22.41,92.5,101.884
2026-05-23T03:44:27.7380000,22.41,92.5,101.885
2026-05-23T03:44:28.7790000,22.41,92.49,101.885
2026-05-23T03:44:29.8190000,22.41,92.5,101.886
2026-05-23T03:44:30.8600000,22.41,92.51,101.886
2026-05-23T03:44:31.9110000,22.41,92.49,101.886
2026-05-23T03:44:32.9520000,22.41,92.49,101.886
2026-05-23T03:44:33.9930000,22.41,92.53,101.886
2026-05-23T03:44:35.0330000,22.41,92.54,101.886
2026-05-23T03:44:36.0740000,22.41,92.51,101.886
2026-05-23T03:44:37.1150000,22.41,92.5,101.887
2026-05-23T03:44:38.1840000,22.41,92.49,101.886
2026-05-23T03:44:39.2030000,22.41,92.54,101.885
2026-05-23T03:44:40.2440000,22.41,92.54,101.884
2026-05-23T03:44:41.2850000,22.41,92.54,101.883
2026-05-23T03:44:42.3260000,22.41,92.54,101.883
2026-05-23T03:44:43.3660000,22.41,92.54,101.883
2026-05-23T03:44:44.4070000,22.41,92.55,101.882
2026-05-23T03:44:45.4480000,22.41,92.57,101.883
2026-05-23T03:44:46.4890000,22.41,92.56,101.883
2026-05-23T03:44:47.5290000,22.41,92.54,101.884
2026-05-23T03:44:48.5810000,22.41,92.55,101.884
2026-05-23T03:44:49.6220000,22.41,92.51,101.884
2026-05-23T03:44:50.6620000,22.41,92.58,101.883
2026-05-23T03:44:51.7550000,22.41,92.58,101.883
2026-05-23T03:44:52.7440000,22.41,92.56,101.882
2026-05-23T03:44:53.7840000,22.41,92.56,101.883
2026-05-23T03:44:54.8250000,22.41,92.56,101.882
2026-05-23T03:44:55.8660000,22.41,92.57,101.882
2026-05-23T03:44:56.9060000,22.41,92.57,101.882
2026-05-23T03:44:57.9580000,22.41,92.58,101.881
2026-05-23T03:44:58.9980000,22.41,92.57,101.88
2026-05-23T03:45:00.0390000,22.41,92.59,101.881
2026-05-23T03:45:01.0800000,22.41,92.57,101.881
2026-05-23T03:45:02.1210000,22.41,92.53,101.88
2026-05-23T03:45:03.1610000,22.41,92.56,101.879
2026-05-23T03:45:04.2020000,22.41,92.6,101.879
2026-05-23T03:45:05.2430000,22.41,92.58,101.879
2026-05-23T03:45:06.2980000,22.41,92.58,101.879
2026-05-23T03:45:07.3280000,22.41,92.58,101.88
2026-05-23T03:45:08.3690000,22.41,92.58,101.88
2026-05-23T03:45:09.4100000,22.41,92.58,101.88
2026-05-23T03:45:10.4500000,22.41,92.59,101.879
2026-05-23T03:45:11.4910000,22.41,92.57,101.88
2026-05-23T03:45:12.5420000,22.41,92.58,101.88
2026-05-23T03:45:13.5830000,22.41,92.62,101.879
2026-05-23T03:45:14.6240000,22.41,92.56,101.879
2026-05-23T03:45:15.6640000,22.41,92.56,101.879
2026-05-23T03:45:16.7050000,22.41,92.57,101.88
2026-05-23T03:45:17.7460000,22.41,92.58,101.88
2026-05-23T03:45:18.7870000,22.41,92.59,101.879
2026-05-23T03:45:19.8690000,22.41,92.63,101.88
2026-05-23T03:45:20.8680000,22.41,92.57,101.88
2026-05-23T03:45:21.9190000,22.41,92.58,101.88
2026-05-23T03:45:22.9600000,22.41,92.58,101.881
2026-05-23T03:45:24.0010000,22.41,92.58,101.88
2026-05-23T03:45:25.0410000,22.41,92.57,101.88
2026-05-23T03:45:26.0820000,22.4,92.58,101.881
2026-05-23T03:45:27.1230000,22.4,92.61,101.882
2026-05-23T03:45:28.1640000,22.4,92.57,101.881
2026-05-23T03:45:29.2040000,22.4,92.57,101.881
2026-05-23T03:45:30.2450000,22.4,92.59,101.881
2026-05-23T03:45:31.2860000,22.4,92.58,101.881
2026-05-23T03:45:32.3370000,22.4,92.58,101.88
2026-05-23T03:45:33.4410000,22.4,92.46,101.878
2026-05-23T03:45:34.4190000,22.4,92.57,101.877
2026-05-23T03:45:35.4590000,22.4,92.57,101.878
2026-05-23T03:45:36.5000000,22.4,92.57,101.878
2026-05-23T03:45:37.5410000,22.4,92.56,101.879
2026-05-23T03:45:38.5820000,22.4,92.56,101.879
2026-05-23T03:45:39.6220000,22.4,92.57,101.878
2026-05-23T03:45:40.6630000,22.4,92.56,101.878
2026-05-23T03:45:41.7140000,22.4,92.56,101.878
2026-05-23T03:45:42.7550000,22.4,92.56,101.877
2026-05-23T03:45:43.7960000,22.4,92.56,101.878
2026-05-23T03:45:44.8360000,22.4,92.55,101.879
2026-05-23T03:45:45.8770000,22.4,92.54,101.879
2026-05-23T03:45:46.9180000,22.4,92.54,101.879
2026-05-23T03:45:47.9830000,22.4,92.56,101.88
2026-05-23T03:45:49.0030000,22.4,92.52,101.88
2026-05-23T03:45:50.0430000,22.4,92.54,101.88
2026-05-23T03:45:51.0840000,22.4,92.51,101.881
2026-05-23T03:45:52.1250000,22.39,92.5,101.882
2026-05-23T03:45:53.1660000,22.39,92.49,101.882
2026-05-23T03:45:54.2070000,22.39,92.5,101.882
2026-05-23T03:45:55.2470000,22.39,92.48,101.883
2026-05-23T03:45:56.2990000,22.39,92.5,101.883
2026-05-23T03:45:57.3400000,22.39,92.5,101.883
2026-05-23T03:45:58.3800000,22.39,92.47,101.883
2026-05-23T03:45:59.4210000,22.39,92.49,101.883
2026-05-23T03:46:00.4620000,22.39,92.48,101.884
2026-05-23T03:46:01.5550000,22.39,92.46,101.884
2026-05-23T03:46:02.5440000,22.39,92.45,101.884
2026-05-23T03:46:03.5840000,22.39,92.45,101.884
2026-05-23T03:46:04.6250000,22.38,92.44,101.884
2026-05-23T03:46:05.6660000,22.38,92.45,101.884
2026-05-23T03:46:06.7170000,22.38,92.42,101.884
2026-05-23T03:46:07.7580000,22.38,92.42,101.884
2026-05-23T03:46:08.7980000,22.38,92.42,101.884
2026-05-23T03:46:09.8390000,22.38,92.42,101.884
2026-05-23T03:46:10.8800000,22.38,92.42,101.883
2026-05-23T03:46:11.9210000,22.38,92.4,101.883
2026-05-23T03:46:12.9610000,22.38,92.39,101.883
2026-05-23T03:46:14.0020000,22.38,92.4,101.883
2026-05-23T03:46:15.0430000,22.38,92.4,101.884
2026-05-23T03:46:16.0980000,22.37,92.37,101.884
2026-05-23T03:46:17.1280000,22.37,92.38,101.884
2026-05-23T03:46:18.1680000,22.37,92.38,101.885
2026-05-23T03:46:19.2200000,22.37,92.36,101.885
2026-05-23T03:46:20.2610000,22.37,92.36,101.884
2026-05-23T03:46:21.3010000,22.37,92.35,101.885
2026-05-23T03:46:22.3420000,22.37,92.35,101.884
2026-05-23T03:46:23.3830000,22.37,92.33,101.884
2026-05-23T03:46:24.4240000,22.37,92.35,101.884
2026-05-23T03:46:25.4640000,22.37,92.31,101.884
2026-05-23T03:46:26.5050000,22.37,92.3,101.883
2026-05-23T03:46:27.5460000,22.37,92.31,101.883
2026-05-23T03:46:28.5870000,22.36,92.3,101.883
2026-05-23T03:46:29.6690000,22.36,92.32,101.883
2026-05-23T03:46:30.6790000,22.36,92.28,101.884
2026-05-23T03:46:31.7200000,22.36,92.29,101.884
2026-05-23T03:46:32.7600000,22.36,92.27,101.885
2026-05-23T03:46:33.8010000,22.36,92.26,101.886
2026-05-23T03:46:34.8420000,22.36,92.26,101.886
2026-05-23T03:46:35.8830000,22.36,92.25,101.886
2026-05-23T03:46:36.9230000,22.36,92.24,101.886
2026-05-23T03:46:37.9640000,22.36,92.24,101.887
2026-05-23T03:46:39.0050000,22.36,92.21,101.888
2026-05-23T03:46:40.0460000,22.36,92.28,101.888
2026-05-23T03:46:41.0970000,22.36,92.2,101.887
2026-05-23T03:46:42.1370000,22.36,92.19,101.887
2026-05-23T03:46:43.2450000,22.35,92.21,101.887
2026-05-23T03:46:44.2120000,22.35,92.17,101.887
2026-05-23T03:46:45.2630000,22.35,92.14,101.887
2026-05-23T03:46:46.3040000,22.35,92.11,101.887
2026-05-23T03:46:47.3450000,22.34,92.08,101.888
2026-05-23T03:46:48.3860000,22.34,92.07,101.888
2026-05-23T03:46:49.4260000,22.34,92.06,101.887
2026-05-23T03:46:50.4670000,22.34,92.05,101.887
2026-05-23T03:46:51.5080000,22.34,92.05,101.886
2026-05-23T03:46:52.5480000,22.34,92.02,101.886
2026-05-23T03:46:53.5890000,22.34,92.04,101.886
2026-05-23T03:46:54.6300000,22.34,92.05,101.885
2026-05-23T03:46:55.6810000,22.34,92.07,101.887
2026-05-23T03:46:56.7220000,22.34,92.07,101.886
2026-05-23T03:46:57.7830000,22.34,92.09,101.886
2026-05-23T03:46:58.8030000,22.34,92.11,101.887
2026-05-23T03:46:59.8440000,22.34,92.11,101.887
2026-05-23T03:47:00.8850000,22.34,92.09,101.887
2026-05-23T03:47:01.9250000,22.34,92.11,101.887
2026-05-23T03:47:02.9660000,22.34,92.11,101.888
2026-05-23T03:47:04.0070000,22.34,92.11,101.888
2026-05-23T03:47:05.0580000,22.34,92.08,101.887
2026-05-23T03:47:06.0990000,22.34,92.13,101.887
2026-05-23T03:47:07.1400000,22.35,92.12,101.887
2026-05-23T03:47:08.1800000,22.35,92.14,101.887
2026-05-23T03:47:09.2210000,22.35,92.14,101.887
2026-05-23T03:47:10.2620000,22.35,92.16,101.886
2026-05-23T03:47:11.3590000,22.35,92.09,101.886
2026-05-23T03:47:12.3470000,22.35,92.15,101.887
2026-05-23T03:47:13.3880000,22.35,92.14,101.887
2026-05-23T03:47:14.4280000,22.35,92.12,101.888
2026-05-23T03:47:15.4690000,22.35,92.12,101.888
2026-05-23T03:47:16.5100000,22.35,92.12,101.888
2026-05-23T03:47:17.5510000,22.35,92.12,101.888
2026-05-23T03:47:18.5920000,22.35,92.12,101.888
2026-05-23T03:47:19.6430000,22.35,92.14,101.888
2026-05-23T03:47:20.6840000,22.35,92.13,101.888
2026-05-23T03:47:21.7240000,22.35,92.13,101.888
2026-05-23T03:47:22.7650000,22.35,92.17,101.888
2026-05-23T03:47:23.8060000,22.35,92.15,101.887
2026-05-23T03:47:24.8470000,22.35,92.14,101.887
2026-05-23T03:47:25.8980000,22.35,92.13,101.887
2026-05-23T03:47:26.9280000,22.35,92.16,101.888
2026-05-23T03:47:27.9690000,22.35,92.16,101.887
2026-05-23T03:47:29.0200000,22.36,92.16,101.887
2026-05-23T03:47:30.0610000,22.36,92.17,101.887
2026-05-23T03:47:31.1020000,22.36,92.18,101.886
2026-05-23T03:47:32.1430000,22.36,92.19,101.886
2026-05-23T03:47:33.1840000,22.36,92.22,101.887
2026-05-23T03:47:34.2240000,22.36,92.18,101.886
2026-05-23T03:47:35.2650000,22.37,92.17,101.887
2026-05-23T03:47:36.3060000,22.37,92.17,101.886
2026-05-23T03:47:37.3470000,22.37,92.21,101.887
2026-05-23T03:47:38.3870000,22.37,92.21,101.886
2026-05-23T03:47:39.4740000,22.37,92.26,101.887
2026-05-23T03:47:40.4720000,22.37,92.25,101.887
2026-05-23T03:47:41.5130000,22.37,92.24,101.887
2026-05-23T03:47:42.5640000,22.37,92.24,101.887
2026-05-23T03:47:43.6050000,22.37,92.25,101.887
2026-05-23T03:47:44.6460000,22.37,92.25,101.888
2026-05-23T03:47:45.6860000,22.37,92.26,101.888
2026-05-23T03:47:46.7270000,22.37,92.23,101.888
2026-05-23T03:47:47.7680000,22.38,92.24,101.888
2026-05-23T03:47:48.8090000,22.38,92.29,101.888
2026-05-23T03:47:49.8500000,22.38,92.33,101.888
2026-05-23T03:47:50.8910000,22.38,92.27,101.888
2026-05-23T03:47:51.9310000,22.38,92.29,101.888
2026-05-23T03:47:52.9720000,22.38,92.32,101.889
2026-05-23T03:47:54.0240000,22.38,92.31,101.888
2026-05-23T03:47:55.0640000,22.38,92.32,101.888
2026-05-23T03:47:56.1050000,22.38,92.33,101.887
2026-05-23T03:47:57.1460000,22.38,92.34,101.888
2026-05-23T03:47:58.1860000,22.38,92.35,101.887
2026-05-23T03:47:59.2270000,22.38,92.34,101.886
2026-05-23T03:48:00.2680000,22.38,92.34,101.885
2026-05-23T03:48:01.3090000,22.38,92.34,101.886
2026-05-23T03:48:02.3490000,22.38,92.35,101.885
2026-05-23T03:48:03.3900000,22.38,92.37,101.885
2026-05-23T03:48:04.4410000,22.38,92.41,101.885
2026-05-23T03:48:05.4820000,22.39,92.4,101.885
2026-05-23T03:48:06.5230000,22.39,92.39,101.885
2026-05-23T03:48:07.5880000,22.39,92.36,101.886
2026-05-23T03:48:08.6080000,22.39,92.41,101.886
2026-05-23T03:48:09.6490000,22.39,92.42,101.886
2026-05-23T03:48:10.6890000,22.39,92.41,101.886
2026-05-23T03:48:11.7300000,22.38,92.42,101.886
2026-05-23T03:48:12.7710000,22.39,92.44,101.887
2026-05-23T03:48:13.8120000,22.39,92.45,101.887
2026-05-23T03:48:14.8520000,22.38,92.42,101.887
2026-05-23T03:48:15.8930000,22.39,92.45,101.887
2026-05-23T03:48:16.9340000,22.39,92.47,101.888
2026-05-23T03:48:17.9750000,22.39,92.47,101.888
2026-05-23T03:48:19.0260000,22.39,92.46,101.888
2026-05-23T03:48:20.0670000,22.39,92.46,101.889
2026-05-23T03:48:21.1600000,22.39,92.49,101.889
2026-05-23T03:48:22.1480000,22.39,92.5,101.889
2026-05-23T03:48:23.1890000,22.39,92.5,101.889
2026-05-23T03:48:24.2300000,22.39,92.51,101.889
2026-05-23T03:48:25.2710000,22.39,92.52,101.889
2026-05-23T03:48:26.3110000,22.39,92.52,101.89
2026-05-23T03:48:27.3520000,22.39,92.52,101.891
2026-05-23T03:48:28.3930000,22.39,92.53,101.89
2026-05-23T03:48:29.4450000,22.39,92.56,101.89
2026-05-23T03:48:30.4850000,22.39,92.56,101.889
2026-05-23T03:48:31.5260000,22.39,92.52,101.889
2026-05-23T03:48:32.5670000,22.39,92.54,101.889
2026-05-23T03:48:33.6080000,22.39,92.59,101.889
2026-05-23T03:48:34.6480000,22.39,92.52,101.889
2026-05-23T03:48:35.7030000,22.39,92.56,101.889
2026-05-23T03:48:36.7330000,22.4,92.58,101.89
2026-05-23T03:48:37.7740000,22.4,92.58,101.89
2026-05-23T03:48:38.8150000,22.4,92.58,101.889
2026-05-23T03:48:39.8550000,22.4,92.59,101.89
2026-05-23T03:48:40.8960000,22.4,92.6,101.889
2026-05-23T03:48:41.9370000,22.4,92.59,101.889
2026-05-23T03:48:42.9880000,22.4,92.63,101.889
2026-05-23T03:48:44.0290000,22.4,92.59,101.889
2026-05-23T03:48:45.0700000,22.4,92.62,101.89
2026-05-23T03:48:46.1110000,22.4,92.61,101.89
2026-05-23T03:48:47.1510000,22.4,92.63,101.889
2026-05-23T03:48:48.1920000,22.4,92.6,101.889
2026-05-23T03:48:49.2750000,22.4,92.6,101.889
2026-05-23T03:48:50.2730000,22.4,92.62,101.891
2026-05-23T03:48:51.3140000,22.4,92.63,101.89
2026-05-23T03:48:52.3650000,22.4,92.63,101.89
2026-05-23T03:48:53.4060000,22.4,92.63,101.89
2026-05-23T03:48:54.4470000,22.4,92.64,101.89
2026-05-23T03:48:55.4880000,22.4,92.64,101.889
2026-05-23T03:48:56.5280000,22.4,92.66,101.89
2026-05-23T03:48:57.5690000,22.4,92.63,101.89
2026-05-23T03:48:58.6100000,22.4,92.61,101.89
2026-05-23T03:48:59.6500000,22.4,92.62,101.89
2026-05-23T03:49:00.6910000,22.4,92.66,101.89
2026-05-23T03:49:01.7320000,22.4,92.66,101.891
2026-05-23T03:49:02.8460000,22.4,92.68,101.891
2026-05-23T03:49:03.8240000,22.4,92.68,101.892
2026-05-23T03:49:04.8650000,22.4,92.68,101.892
2026-05-23T03:49:05.9060000,22.4,92.69,101.893
2026-05-23T03:49:06.9460000,22.4,92.7,101.894
2026-05-23T03:49:07.9870000,22.4,92.69,101.896
2026-05-23T03:49:09.0280000,22.4,92.69,101.895
2026-05-23T03:49:10.0690000,22.4,92.71,101.896
2026-05-23T03:49:11.1100000,22.4,92.7,101.896
2026-05-23T03:49:12.1500000,22.4,92.7,101.895
2026-05-23T03:49:13.2010000,22.4,92.72,101.895
2026-05-23T03:49:14.2420000,22.41,92.73,101.895
2026-05-23T03:49:15.2830000,22.41,92.71,101.894
2026-05-23T03:49:16.3240000,22.41,92.7,101.893
2026-05-23T03:49:17.3890000,22.4,92.74,101.89
2026-05-23T03:49:18.4090000,22.41,92.73,101.889
2026-05-23T03:49:19.4490000,22.41,92.73,101.889
2026-05-23T03:49:20.4900000,22.41,92.73,101.889
2026-05-23T03:49:21.5310000,22.41,92.73,101.889
2026-05-23T03:49:22.5710000,22.41,92.73,101.89
2026-05-23T03:49:23.6120000,22.4,92.73,101.889
2026-05-23T03:49:24.6530000,22.4,92.68,101.89
2026-05-23T03:49:25.7040000,22.4,92.74,101.89
2026-05-23T03:49:26.7450000,22.41,92.76,101.89
2026-05-23T03:49:27.7850000,22.41,92.76,101.891
2026-05-23T03:49:28.8260000,22.41,92.74,101.891
2026-05-23T03:49:29.8670000,22.41,92.77,101.891
2026-05-23T03:49:30.9600000,22.41,92.76,101.89
2026-05-23T03:49:31.9480000,22.41,92.75,101.89
2026-05-23T03:49:32.9890000,22.41,92.75,101.891
2026-05-23T03:49:34.0300000,22.41,92.75,101.891
2026-05-23T03:49:35.0810000,22.4,92.75,101.891
2026-05-23T03:49:36.1220000,22.4,92.73,101.891
2026-05-23T03:49:37.1630000,22.4,92.75,101.89
2026-05-23T03:49:38.2040000,22.4,92.75,101.89
2026-05-23T03:49:39.2440000,22.4,92.74,101.889
2026-05-23T03:49:40.2850000,22.4,92.74,101.889
2026-05-23T03:49:41.3260000,22.4,92.74,101.89
2026-05-23T03:49:42.3660000,22.4,92.75,101.889
2026-05-23T03:49:43.4070000,22.4,92.74,101.889
2026-05-23T03:49:44.4480000,22.4,92.74,101.888
2026-05-23T03:49:45.5060000,22.4,92.74,101.888
2026-05-23T03:49:46.5360000,22.4,92.76,101.888
2026-05-23T03:49:48.6180000,22.4,92.76,101.887
2026-05-23T03:49:49.6590000,22.4,92.74,101.887
2026-05-23T03:49:50.7000000,22.4,92.76,101.886
2026-05-23T03:49:51.7400000,22.4,92.75,101.886
2026-05-23T03:49:52.7910000,22.4,92.73,101.885
2026-05-23T03:49:53.8320000,22.4,92.76,101.883
2026-05-23T03:49:54.8730000,22.4,92.75,101.883
2026-05-23T03:49:55.9140000,22.39,92.75,101.882
2026-05-23T03:49:56.9550000,22.39,92.73,101.881
2026-05-23T03:49:57.9950000,22.39,92.76,101.881
2026-05-23T03:49:59.0780000,22.39,92.69,101.88
2026-05-23T03:50:00.0770000,22.39,92.75,101.88
2026-05-23T03:50:01.1180000,22.4,92.76,101.882
2026-05-23T03:50:02.1580000,22.4,92.76,101.882
2026-05-23T03:50:03.2100000,22.4,92.75,101.883
2026-05-23T03:50:04.2500000,22.4,92.77,101.883
2026-05-23T03:50:05.2910000,22.39,92.75,101.883
2026-05-23T03:50:06.3320000,22.4,92.75,101.883
2026-05-23T03:50:07.3730000,22.39,92.74,101.883
2026-05-23T03:50:08.4130000,22.39,92.73,101.882
2026-05-23T03:50:09.4540000,22.39,92.73,101.882
2026-05-23T03:50:10.4950000,22.39,92.74,101.882
2026-05-23T03:50:11.5350000,22.39,92.68,101.882
2026-05-23T03:50:12.6490000,22.39,92.75,101.883
2026-05-23T03:50:13.6270000,22.38,92.71,101.883
2026-05-23T03:50:14.6680000,22.38,92.71,101.883
2026-05-23T03:50:15.7090000,22.38,92.71,101.883
2026-05-23T03:50:16.7500000,22.38,92.71,101.883
2026-05-23T03:50:17.7900000,22.38,92.7,101.883
2026-05-23T03:50:18.8320000,22.38,92.69,101.883
2026-05-23T03:50:19.8730000,22.38,92.69,101.884
2026-05-23T03:50:20.9130000,22.38,92.66,101.884
2026-05-23T03:50:21.9540000,22.38,92.71,101.884
2026-05-23T03:50:22.9950000,22.38,92.7,101.884
2026-05-23T03:50:24.0460000,22.38,92.67,101.884
2026-05-23T03:50:25.0870000,22.38,92.68,101.884
2026-05-23T03:50:26.1270000,22.38,92.7,101.883
2026-05-23T03:50:27.1930000,22.38,92.65,101.885
2026-05-23T03:50:28.2120000,22.37,92.68,101.885
2026-05-23T03:50:29.2530000,22.38,92.67,101.886
2026-05-23T03:50:30.2940000,22.37,92.67,101.885
2026-05-23T03:50:31.3340000,22.37,92.66,101.886
2026-05-23T03:50:32.3750000,22.37,92.65,101.886
2026-05-23T03:50:33.4160000,22.37,92.66,101.887
2026-05-23T03:50:34.4570000,22.37,92.69,101.887
2026-05-23T03:50:35.4970000,22.37,92.67,101.887
2026-05-23T03:50:36.5380000,22.37,92.65,101.886
2026-05-23T03:50:37.5890000,22.37,92.64,101.886
2026-05-23T03:50:38.6310000,22.37,92.65,101.886
2026-05-23T03:50:39.6710000,22.37,92.61,101.887
2026-05-23T03:50:40.7650000,22.37,92.58,101.887
2026-05-23T03:50:41.7530000,22.36,92.58,101.886
2026-05-23T03:50:42.7930000,22.36,92.58,101.886
2026-05-23T03:50:43.8340000,22.36,92.58,101.886
2026-05-23T03:50:44.8750000,22.36,92.57,101.885
2026-05-23T03:50:45.9160000,22.36,92.57,101.885
2026-05-23T03:50:46.9560000,22.36,92.56,101.886
2026-05-23T03:50:48.0080000,22.35,92.56,101.886
2026-05-23T03:50:49.0480000,22.35,92.54,101.886
2026-05-23T03:50:50.0890000,22.35,92.52,101.886
2026-05-23T03:50:51.1300000,22.35,92.54,101.886
2026-05-23T03:50:52.1710000,22.35,92.54,101.886
2026-05-23T03:50:53.2110000,22.35,92.54,101.886
2026-05-23T03:50:54.2520000,22.35,92.52,101.886
2026-05-23T03:50:55.3100000,22.34,92.49,101.886
2026-05-23T03:50:56.3400000,22.35,92.49,101.887
2026-05-23T03:50:57.3810000,22.34,92.49,101.886
2026-05-23T03:50:58.4220000,22.34,92.47,101.886
2026-05-23T03:50:59.4630000,22.34,92.47,101.886
2026-05-23T03:51:00.5030000,22.34,92.47,101.886
2026-05-23T03:51:01.5440000,22.34,92.46,101.886
2026-05-23T03:51:02.5850000,22.34,92.45,101.887
2026-05-23T03:51:03.6250000,22.34,92.48,101.886
2026-05-23T03:51:04.6660000,22.34,92.44,101.886
2026-05-23T03:51:05.7170000,22.34,92.47,101.886
2026-05-23T03:51:06.7580000,22.34,92.38,101.886
2026-05-23T03:51:07.7990000,22.34,92.34,101.887
2026-05-23T03:51:08.8820000,22.33,92.4,101.887
2026-05-23T03:51:09.8810000,22.33,92.35,101.888
2026-05-23T03:51:10.9220000,22.33,92.36,101.888
2026-05-23T03:51:11.9620000,22.33,92.35,101.888
2026-05-23T03:51:13.0030000,22.33,92.35,101.889
2026-05-23T03:51:14.0440000,22.33,92.35,101.888
2026-05-23T03:51:15.0840000,22.33,92.35,101.888
2026-05-23T03:51:16.1360000,22.33,92.35,101.888
2026-05-23T03:51:17.1760000,22.33,92.33,101.888
2026-05-23T03:51:18.2170000,22.33,92.34,101.888
2026-05-23T03:51:19.2580000,22.33,92.33,101.889
2026-05-23T03:51:20.2990000,22.33,92.31,101.889
2026-05-23T03:51:21.3390000,22.32,92.28,101.888
2026-05-23T03:51:22.3800000,22.32,92.31,101.889
2026-05-23T03:51:23.4280000,22.32,92.29,101.889
2026-05-23T03:51:24.4680000,22.32,92.29,101.889
2026-05-23T03:51:25.5090000,22.32,92.29,101.888
2026-05-23T03:51:26.5500000,22.32,92.31,101.888
2026-05-23T03:51:27.5910000,22.33,92.31,101.888
2026-05-23T03:51:28.6310000,22.33,92.29,101.887
2026-05-23T03:51:29.6720000,22.33,92.29,101.888
2026-05-23T03:51:30.7130000,22.33,92.32,101.887
2026-05-23T03:51:31.7540000,22.33,92.26,101.887
2026-05-23T03:51:32.7940000,22.33,92.29,101.887
2026-05-23T03:51:33.8460000,22.33,92.27,101.886
2026-05-23T03:51:34.8870000,22.33,92.27,101.887
2026-05-23T03:51:35.9270000,22.33,92.27,101.887
2026-05-23T03:51:37.0000000,22.33,92.25,101.886
2026-05-23T03:51:38.0090000,22.33,92.27,101.886
2026-05-23T03:51:39.0490000,22.33,92.26,101.886
2026-05-23T03:51:40.0900000,22.33,92.27,101.885
2026-05-23T03:51:41.1310000,22.33,92.26,101.885
2026-05-23T03:51:42.1720000,22.34,92.28,101.886
2026-05-23T03:51:43.2120000,22.34,92.28,101.885
2026-05-23T03:51:44.2630000,22.34,92.31,101.886
2026-05-23T03:51:45.3040000,22.34,92.29,101.886
2026-05-23T03:51:46.3450000,22.34,92.26,101.886
2026-05-23T03:51:47.3850000,22.34,92.25,101.887
2026-05-23T03:51:48.4270000,22.34,92.26,101.886
2026-05-23T03:51:49.4670000,22.34,92.3,101.887
2026-05-23T03:51:50.5710000,22.34,92.32,101.887
2026-05-23T03:51:51.5490000,22.34,92.3,101.888
2026-05-23T03:51:52.5900000,22.34,92.29,101.888
2026-05-23T03:51:53.6300000,22.34,92.3,101.887
2026-05-23T03:51:54.6820000,22.35,92.3,101.888
2026-05-23T03:51:55.7220000,22.35,92.3,101.887
2026-05-23T03:51:56.7630000,22.35,92.31,101.887
2026-05-23T03:51:57.8040000,22.35,92.32,101.887
2026-05-23T03:51:58.8450000,22.35,92.3,101.887
2026-05-23T03:51:59.8860000,22.35,92.34,101.887
2026-05-23T03:52:00.9270000,22.35,92.33,101.886
2026-05-23T03:52:01.9670000,22.35,92.32,101.887
2026-05-23T03:52:03.0080000,22.35,92.33,101.886
2026-05-23T03:52:04.0490000,22.35,92.35,101.887
2026-05-23T03:52:05.1170000,22.36,92.35,101.887
2026-05-23T03:52:06.1370000,22.36,92.35,101.886
2026-05-23T03:52:07.1780000,22.36,92.35,101.887
2026-05-23T03:52:08.2180000,22.36,92.37,101.887
2026-05-23T03:52:09.2590000,22.36,92.36,101.888
2026-05-23T03:52:10.3000000,22.36,92.37,101.888
2026-05-23T03:52:11.3510000,22.37,92.37,101.889
2026-05-23T03:52:12.3920000,22.37,92.37,101.888
2026-05-23T03:52:13.4330000,22.37,92.36,101.888
2026-05-23T03:52:14.4740000,22.37,92.36,101.889
2026-05-23T03:52:15.5140000,22.37,92.4,101.888
2026-05-23T03:52:16.5550000,22.37,92.41,101.887
2026-05-23T03:52:17.5960000,22.37,92.38,101.887
2026-05-23T03:52:18.6890000,22.37,92.39,101.886
2026-05-23T03:52:19.6780000,22.37,92.4,101.885
2026-05-23T03:52:20.7180000,22.37,92.43,101.885
2026-05-23T03:52:21.7690000,22.37,92.41,101.884
2026-05-23T03:52:22.8100000,22.37,92.42,101.884
2026-05-23T03:52:23.8510000,22.37,92.43,101.884
2026-05-23T03:52:24.8920000,22.38,92.43,101.885
2026-05-23T03:52:25.9320000,22.38,92.43,101.884
2026-05-23T03:52:26.9730000,22.38,92.41,101.885
2026-05-23T03:52:28.0140000,22.38,92.45,101.885
2026-05-23T03:52:29.0550000,22.38,92.44,101.886
2026-05-23T03:52:30.0950000,22.38,92.44,101.886
2026-05-23T03:52:31.1360000,22.38,92.48,101.886
2026-05-23T03:52:32.1870000,22.38,92.45,101.885
2026-05-23T03:52:33.2310000,22.38,92.47,101.885
2026-05-23T03:52:34.2620000,22.38,92.48,101.886
2026-05-23T03:52:35.3130000,22.38,92.49,101.886
2026-05-23T03:52:36.3540000,22.38,92.49,101.887
2026-05-23T03:52:37.3940000,22.38,92.49,101.888
2026-05-23T03:52:38.4350000,22.38,92.51,101.889
2026-05-23T03:52:39.4760000,22.38,92.51,101.89
2026-05-23T03:52:40.5170000,22.38,92.48,101.891
2026-05-23T03:52:41.5580000,22.38,92.53,101.891
2026-05-23T03:52:42.5980000,22.39,92.52,101.891
2026-05-23T03:52:43.6390000,22.39,92.52,101.891
2026-05-23T03:52:44.6800000,22.39,92.51,101.891
2026-05-23T03:52:45.7310000,22.39,92.53,101.891
2026-05-23T03:52:46.8030000,22.39,92.54,101.891
2026-05-23T03:52:47.8130000,22.39,92.54,101.891
2026-05-23T03:52:48.8530000,22.39,92.54,101.89
2026-05-23T03:52:49.8940000,22.39,92.55,101.889
2026-05-23T03:52:50.9350000,22.39,92.55,101.889
2026-05-23T03:52:51.9750000,22.39,92.55,101.889
2026-05-23T03:52:53.0160000,22.39,92.56,101.888
2026-05-23T03:52:54.0570000,22.39,92.55,101.888
2026-05-23T03:52:55.1080000,22.39,92.54,101.888
2026-05-23T03:52:56.1490000,22.39,92.56,101.889
2026-05-23T03:52:57.1890000,22.39,92.6,101.889
2026-05-23T03:52:58.2300000,22.39,92.55,101.889
2026-05-23T03:52:59.2710000,22.39,92.56,101.89
2026-05-23T03:53:00.3740000,22.39,92.58,101.89
2026-05-23T03:53:01.3520000,22.39,92.58,101.89
2026-05-23T03:53:02.3930000,22.39,92.58,101.89
2026-05-23T03:53:03.4340000,22.39,92.6,101.889
2026-05-23T03:53:04.4850000,22.4,92.6,101.889
2026-05-23T03:53:05.5250000,22.4,92.6,101.889
2026-05-23T03:53:06.5660000,22.4,92.59,101.889
2026-05-23T03:53:07.6070000,22.4,92.6,101.888
2026-05-23T03:53:08.6480000,22.4,92.59,101.888
2026-05-23T03:53:09.6890000,22.4,92.6,101.888
2026-05-23T03:53:10.7300000,22.4,92.59,101.888
2026-05-23T03:53:11.7710000,22.4,92.62,101.889
2026-05-23T03:53:12.8110000,22.39,92.58,101.888
2026-05-23T03:53:13.8520000,22.4,92.63,101.887
2026-05-23T03:53:14.9140000,22.4,92.61,101.887
2026-05-23T03:53:15.9440000,22.4,92.62,101.887
2026-05-23T03:53:16.9850000,22.4,92.63,101.886
2026-05-23T03:53:18.0250000,22.4,92.63,101.887
2026-05-23T03:53:19.0660000,22.4,92.63,101.886
2026-05-23T03:53:20.1070000,22.4,92.63,101.886
2026-05-23T03:53:21.1470000,22.4,92.64,101.886
2026-05-23T03:53:22.1880000,22.4,92.62,101.886
2026-05-23T03:53:23.2390000,22.4,92.61,101.886
2026-05-23T03:53:24.2800000,22.4,92.65,101.886
2026-05-23T03:53:25.3210000,22.4,92.62,101.885
2026-05-23T03:53:26.3620000,22.4,92.64,101.885
2026-05-23T03:53:27.4020000,22.4,92.64,101.885
2026-05-23T03:53:28.4850000,22.4,92.65,101.885
2026-05-23T03:53:29.4840000,22.4,92.65,101.885
2026-05-23T03:53:30.5240000,22.41,92.65,101.886
2026-05-23T03:53:31.5650000,22.41,92.66,101.887
2026-05-23T03:53:32.6160000,22.41,92.66,101.887
2026-05-23T03:53:33.6570000,22.41,92.66,101.887
2026-05-23T03:53:34.6980000,22.41,92.66,101.887
2026-05-23T03:53:35.7390000,22.41,92.65,101.888
2026-05-23T03:53:36.7800000,22.41,92.68,101.888
2026-05-23T03:53:37.8200000,22.41,92.68,101.889
2026-05-23T03:53:38.8610000,22.4,92.65,101.889
2026-05-23T03:53:39.9020000,22.4,92.66,101.889
2026-05-23T03:53:40.9430000,22.4,92.68,101.889
2026-05-23T03:53:42.0570000,22.4,92.7,101.89
2026-05-23T03:53:43.0350000,22.4,92.68,101.891
2026-05-23T03:53:44.0750000,22.4,92.68,101.891
2026-05-23T03:53:45.1160000,22.4,92.68,101.891
2026-05-23T03:53:46.1570000,22.4,92.68,101.891
2026-05-23T03:53:47.1970000,22.4,92.68,101.892
2026-05-23T03:53:48.2380000,22.4,92.68,101.892
2026-05-23T03:53:49.2790000,22.4,92.68,101.892
2026-05-23T03:53:50.3200000,22.4,92.65,101.892
2026-05-23T03:53:51.3710000,22.4,92.66,101.892
2026-05-23T03:53:52.4120000,22.4,92.64,101.892
2026-05-23T03:53:53.4530000,22.4,92.64,101.891
2026-05-23T03:53:54.4930000,22.4,92.67,101.891
2026-05-23T03:53:55.5340000,22.4,92.65,101.891
2026-05-23T03:53:56.5960000,22.39,92.68,101.892
2026-05-23T03:53:57.6160000,22.39,92.65,101.893
2026-05-23T03:53:58.6570000,22.39,92.65,101.893
2026-05-23T03:53:59.6980000,22.39,92.66,101.894
2026-05-23T03:54:00.7490000,22.39,92.65,101.893
2026-05-23T03:54:01.7900000,22.39,92.64,101.893
2026-05-23T03:54:02.8310000,22.39,92.65,101.892
2026-05-23T03:54:03.8710000,22.39,92.62,101.891
2026-05-23T03:54:04.9120000,22.39,92.63,101.891
2026-05-23T03:54:05.9530000,22.39,92.64,101.89
2026-05-23T03:54:06.9930000,22.39,92.61,101.89
2026-05-23T03:54:08.0340000,22.39,92.64,101.89
2026-05-23T03:54:09.0750000,22.38,92.64,101.889
2026-05-23T03:54:10.1680000,22.39,92.65,101.89
2026-05-23T03:54:11.1670000,22.39,92.62,101.889
2026-05-23T03:54:12.2070000,22.39,92.62,101.89
2026-05-23T03:54:13.2480000,22.38,92.62,101.89
2026-05-23T03:54:14.2890000,22.38,92.62,101.89
2026-05-23T03:54:15.3300000,22.38,92.62,101.891
2026-05-23T03:54:16.3710000,22.38,92.61,101.892
2026-05-23T03:54:17.4110000,22.38,92.6,101.892
2026-05-23T03:54:18.4520000,22.38,92.62,101.892
2026-05-23T03:54:19.5040000,22.38,92.59,101.892
2026-05-23T03:54:20.5440000,22.38,92.63,101.893
2026-05-23T03:54:21.5850000,22.38,92.59,101.892
2026-05-23T03:54:22.6260000,22.38,92.61,101.892
2026-05-23T03:54:23.6670000,22.38,92.58,101.893
2026-05-23T03:54:24.7070000,22.38,92.58,101.894
2026-05-23T03:54:25.7480000,22.38,92.58,101.896
2026-05-23T03:54:26.7890000,22.38,92.58,101.895
2026-05-23T03:54:27.8300000,22.38,92.59,101.896
2026-05-23T03:54:28.8810000,22.38,92.59,101.896
2026-05-23T03:54:29.9220000,22.38,92.57,101.896
2026-05-23T03:54:30.9630000,22.38,92.58,101.896
2026-05-23T03:54:32.0030000,22.38,92.61,101.896
2026-05-23T03:54:33.0440000,22.38,92.57,101.895
2026-05-23T03:54:34.0850000,22.38,92.58,101.894
2026-05-23T03:54:35.1250000,22.38,92.57,101.894
2026-05-23T03:54:36.1660000,22.37,92.57,101.894
2026-05-23T03:54:37.2070000,22.37,92.53,101.894
2026-05-23T03:54:38.2790000,22.37,92.53,101.893
2026-05-23T03:54:39.2990000,22.37,92.53,101.894
2026-05-23T03:54:40.3400000,22.37,92.53,101.894
2026-05-23T03:54:41.3810000,22.37,92.52,101.893
2026-05-23T03:54:42.4210000,22.37,92.51,101.892
2026-05-23T03:54:43.4620000,22.37,92.51,101.893
2026-05-23T03:54:44.5030000,22.37,92.51,101.893
2026-05-23T03:54:45.5440000,22.37,92.52,101.893
2026-05-23T03:54:46.5840000,22.37,92.5,101.894
2026-05-23T03:54:47.6360000,22.37,92.52,101.894
2026-05-23T03:54:48.6760000,22.37,92.51,101.894
2026-05-23T03:54:49.7170000,22.37,92.45,101.894
2026-05-23T03:54:50.7580000,22.37,92.47,101.894
2026-05-23T03:54:51.8510000,22.36,92.46,101.895
2026-05-23T03:54:52.8390000,22.36,92.45,101.894
2026-05-23T03:54:53.8800000,22.35,92.44,101.894
2026-05-23T03:54:54.9210000,22.35,92.43,101.895
2026-05-23T03:54:55.9610000,22.35,92.43,101.895
2026-05-23T03:54:57.0130000,22.35,92.43,101.894
2026-05-23T03:54:58.0530000,22.35,92.42,101.894
2026-05-23T03:54:59.0940000,22.35,92.42,101.893
2026-05-23T03:55:00.1350000,22.35,92.43,101.893
2026-05-23T03:55:01.1760000,22.35,92.42,101.893
2026-05-23T03:55:02.2160000,22.35,92.41,101.893
2026-05-23T03:55:03.2570000,22.35,92.4,101.893
2026-05-23T03:55:04.2980000,22.35,92.4,101.894
2026-05-23T03:55:05.3380000,22.35,92.37,101.893
2026-05-23T03:55:06.3930000,22.35,92.36,101.894
2026-05-23T03:55:07.4230000,22.35,92.36,101.893
2026-05-23T03:55:08.4640000,22.34,92.35,101.892
2026-05-23T03:55:09.5150000,22.35,92.34,101.892
2026-05-23T03:55:10.5560000,22.34,92.34,101.891
2026-05-23T03:55:11.5970000,22.34,92.33,101.891
2026-05-23T03:55:12.6380000,22.34,92.33,101.891
2026-05-23T03:55:13.6780000,22.34,92.32,101.891
2026-05-23T03:55:14.7190000,22.34,92.28,101.891
2026-05-23T03:55:15.7600000,22.34,92.32,101.892
2026-05-23T03:55:16.8000000,22.34,92.33,101.893
2026-05-23T03:55:17.8410000,22.34,92.27,101.894
2026-05-23T03:55:18.8920000,22.34,92.29,101.895
2026-05-23T03:55:19.9640000,22.34,92.3,101.895
2026-05-23T03:55:20.9740000,22.34,92.26,101.896
2026-05-23T03:55:22.0140000,22.34,92.23,101.896
2026-05-23T03:55:23.0550000,22.34,92.23,101.896
2026-05-23T03:55:24.0960000,22.34,92.21,101.895
2026-05-23T03:55:25.1360000,22.34,92.19,101.895
2026-05-23T03:55:26.1770000,22.34,92.2,101.895
2026-05-23T03:55:27.2180000,22.34,92.16,101.894
2026-05-23T03:55:28.2690000,22.34,92.19,101.894
2026-05-23T03:55:29.3100000,22.33,92.19,101.895
2026-05-23T03:55:30.3510000,22.33,92.17,101.894
2026-05-23T03:55:31.3910000,22.33,92.14,101.895
2026-05-23T03:55:32.4320000,22.33,92.12,101.895
2026-05-23T03:55:33.5360000,22.33,92.08,101.896
2026-05-23T03:55:34.5140000,22.32,92.07,101.895
2026-05-23T03:55:35.5550000,22.32,92.07,101.894
2026-05-23T03:55:36.5950000,22.32,92.08,101.894
2026-05-23T03:55:37.6360000,22.32,92.08,101.893
2026-05-23T03:55:38.6870000,22.32,92.08,101.893
2026-05-23T03:55:39.7280000,22.32,92.09,101.893
2026-05-23T03:55:40.7690000,22.32,92.09,101.893
2026-05-23T03:55:41.8100000,22.32,92.1,101.892
2026-05-23T03:55:42.8500000,22.32,92.11,101.892
2026-05-23T03:55:43.8910000,22.32,92.12,101.892
2026-05-23T03:55:44.9320000,22.33,92.1,101.893
2026-05-23T03:55:45.9720000,22.33,92.16,101.893
2026-05-23T03:55:47.0130000,22.33,92.13,101.893
2026-05-23T03:55:48.0750000,22.33,92.11,101.893
2026-05-23T03:55:49.1070000,22.33,92.13,101.893
2026-05-23T03:55:50.1480000,22.33,92.13,101.894
2026-05-23T03:55:51.1890000,22.33,92.14,101.894
2026-05-23T03:55:52.2300000,22.33,92.14,101.895
2026-05-23T03:55:53.2700000,22.33,92.13,101.895
2026-05-23T03:55:54.3110000,22.33,92.14,101.896
2026-05-23T03:55:55.3520000,22.33,92.12,101.896
2026-05-23T03:55:56.3930000,22.33,92.13,101.896
2026-05-23T03:55:57.4330000,22.33,92.16,101.897
2026-05-23T03:55:58.4850000,22.33,92.16,101.897
2026-05-23T03:55:59.5250000,22.33,92.15,101.897
2026-05-23T03:56:00.5660000,22.34,92.18,101.897
2026-05-23T03:56:01.6490000,22.34,92.12,101.898
2026-05-23T03:56:02.6480000,22.34,92.17,101.897
2026-05-23T03:56:03.6880000,22.34,92.17,101.897
2026-05-23T03:56:04.7290000,22.34,92.19,101.897
2026-05-23T03:56:05.7700000,22.34,92.18,101.896
2026-05-23T03:56:06.8100000,22.34,92.18,101.896
2026-05-23T03:56:07.8620000,22.34,92.2,101.896
2026-05-23T03:56:08.9030000,22.34,92.19,101.896
2026-05-23T03:56:09.9430000,22.34,92.19,101.896
2026-05-23T03:56:10.9840000,22.34,92.17,101.895
2026-05-23T03:56:12.0250000,22.34,92.19,101.894
2026-05-23T03:56:13.0650000,22.35,92.2,101.894
2026-05-23T03:56:14.1060000,22.35,92.19,101.893
2026-05-23T03:56:15.1470000,22.35,92.22,101.893
2026-05-23T03:56:16.1880000,22.35,92.22,101.893
2026-05-23T03:56:17.2290000,22.35,92.23,101.893
2026-05-23T03:56:18.2800000,22.35,92.29,101.895
2026-05-23T03:56:19.3210000,22.35,92.23,101.896
2026-05-23T03:56:20.3620000,22.35,92.25,101.896
2026-05-23T03:56:21.4020000,22.35,92.25,101.895
2026-05-23T03:56:22.4430000,22.35,92.26,101.895
2026-05-23T03:56:23.4840000,22.35,92.28,101.894
2026-05-23T03:56:24.5250000,22.35,92.27,101.894
2026-05-23T03:56:25.5650000,22.35,92.28,101.894
2026-05-23T03:56:26.6060000,22.35,92.27,101.894
2026-05-23T03:56:27.6570000,22.36,92.27,101.894
2026-05-23T03:56:28.6980000,22.35,92.29,101.895
2026-05-23T03:56:29.7600000,22.36,92.26,101.896
2026-05-23T03:56:30.7790000,22.36,92.3,101.896
2026-05-23T03:56:31.8200000,22.36,92.3,101.895
2026-05-23T03:56:32.8610000,22.36,92.31,101.895
2026-05-23T03:56:33.9020000,22.36,92.31,101.894
2026-05-23T03:56:34.9420000,22.36,92.32,101.894
2026-05-23T03:56:35.9830000,22.36,92.32,101.894
2026-05-23T03:56:37.0340000,22.37,92.26,101.895
2026-05-23T03:56:38.0750000,22.37,92.36,101.894
2026-05-23T03:56:39.1160000,22.37,92.33,101.895
2026-05-23T03:56:40.1570000,22.37,92.36,101.895
2026-05-23T03:56:41.1970000,22.37,92.35,101.895
2026-05-23T03:56:42.2380000,22.37,92.41,101.895
2026-05-23T03:56:43.3350000,22.37,92.39,101.895
2026-05-23T03:56:44.3230000,22.37,92.38,101.895
2026-05-23T03:56:45.3640000,22.37,92.39,101.894
2026-05-23T03:56:46.4050000,22.37,92.39,101.894
2026-05-23T03:56:47.4460000,22.37,92.4,101.894
2026-05-23T03:56:48.4860000,22.37,92.41,101.893
2026-05-23T03:56:49.5270000,22.37,92.4,101.893
2026-05-23T03:56:50.5780000,22.37,92.41,101.893
2026-05-23T03:56:51.6190000,22.37,92.4,101.894
2026-05-23T03:56:52.6600000,22.37,92.43,101.894
2026-05-23T03:56:53.7010000,22.37,92.42,101.895
2026-05-23T03:56:54.7410000,22.37,92.44,101.895
2026-05-23T03:56:55.7820000,22.38,92.42,101.896
2026-05-23T03:56:56.8230000,22.38,92.44,101.896
2026-05-23T03:56:57.8740000,22.38,92.45,101.894
2026-05-23T03:56:58.9040000,22.37,92.46,101.893
2026-05-23T03:56:59.9450000,22.38,92.47,101.894
2026-05-23T03:57:00.9960000,22.38,92.48,101.894
2026-05-23T03:57:02.0370000,22.38,92.48,101.896
2026-05-23T03:57:03.0780000,22.38,92.5,101.896
2026-05-23T03:57:04.1180000,22.38,92.49,101.896
2026-05-23T03:57:05.1590000,22.38,92.55,101.896
2026-05-23T03:57:06.2000000,22.38,92.54,101.896
2026-05-23T03:57:07.2410000,22.38,92.52,101.896
2026-05-23T03:57:08.2810000,22.38,92.52,101.895
2026-05-23T03:57:09.3220000,22.38,92.54,101.895
2026-05-23T03:57:10.3730000,22.38,92.55,101.894
2026-05-23T03:57:11.4490000,22.38,92.52,101.894
2026-05-23T03:57:12.4480000,22.38,92.55,101.893
2026-05-23T03:57:13.4890000,22.39,92.56,101.893
2026-05-23T03:57:14.5400000,22.39,92.56,101.893
2026-05-23T03:57:15.5810000,22.39,92.55,101.892
2026-05-23T03:57:16.6210000,22.39,92.56,101.892
2026-05-23T03:57:17.6620000,22.39,92.58,101.892
2026-05-23T03:57:18.7030000,22.39,92.56,101.892
2026-05-23T03:57:19.7430000,22.39,92.6,101.892
2026-05-23T03:57:20.7840000,22.39,92.6,101.892
2026-05-23T03:57:21.8250000,22.39,92.56,101.893
2026-05-23T03:57:22.8660000,22.39,92.6,101.892
2026-05-23T03:57:23.9060000,22.38,92.61,101.892
2026-05-23T03:57:25.0210000,22.38,92.6,101.892
2026-05-23T03:57:25.9980000,22.38,92.6,101.892
2026-05-23T03:57:27.0390000,22.39,92.61,101.893
2026-05-23T03:57:28.0800000,22.39,92.61,101.893
2026-05-23T03:57:29.1210000,22.39,92.62,101.892
2026-05-23T03:57:30.1620000,22.39,92.62,101.892
2026-05-23T03:57:31.2030000,22.39,92.61,101.892
2026-05-23T03:57:32.2430000,22.39,92.62,101.891
2026-05-23T03:57:33.2840000,22.39,92.58,101.891
2026-05-23T03:57:34.3250000,22.39,92.63,101.891
2026-05-23T03:57:35.3760000,22.39,92.61,101.891
2026-05-23T03:57:36.4170000,22.39,92.62,101.891
2026-05-23T03:57:37.4580000,22.39,92.64,101.892
2026-05-23T03:57:38.4980000,22.39,92.66,101.893
2026-05-23T03:57:39.5600000,22.39,92.67,101.893
2026-05-23T03:57:40.5800000,22.39,92.65,101.893
2026-05-23T03:57:41.6200000,22.39,92.65,101.894
2026-05-23T03:57:42.6610000,22.39,92.66,101.895
2026-05-23T03:57:43.7020000,22.39,92.66,101.896
2026-05-23T03:57:44.7430000,22.39,92.66,101.896
2026-05-23T03:57:45.7940000,22.39,92.65,101.896
2026-05-23T03:57:46.8340000,22.39,92.69,101.895
2026-05-23T03:57:47.8750000,22.39,92.63,101.895
2026-05-23T03:57:48.9160000,22.39,92.67,101.895
2026-05-23T03:57:49.9570000,22.39,92.64,101.895
2026-05-23T03:57:50.9980000,22.39,92.7,101.895
2026-05-23T03:57:52.0390000,22.39,92.69,101.895
2026-05-23T03:57:53.1320000,22.39,92.68,101.895
2026-05-23T03:57:54.1200000,22.39,92.69,101.896
2026-05-23T03:57:55.1610000,22.39,92.68,101.896
2026-05-23T03:57:56.2120000,22.39,92.68,101.896
2026-05-23T03:57:57.2530000,22.4,92.7,101.897
2026-05-23T03:57:58.2940000,22.39,92.68,101.896
2026-05-23T03:57:59.3340000,22.39,92.69,101.897
2026-05-23T03:58:00.3750000,22.39,92.69,101.896
2026-05-23T03:58:01.4160000,22.39,92.7,101.896
2026-05-23T03:58:02.4570000,22.39,92.69,101.896
2026-05-23T03:58:03.4970000,22.39,92.69,101.897
2026-05-23T03:58:04.5380000,22.39,92.7,101.897
2026-05-23T03:58:05.5890000,22.39,92.69,101.896
2026-05-23T03:58:06.6300000,22.39,92.67,101.896
2026-05-23T03:58:07.6740000,22.39,92.69,101.896
2026-05-23T03:58:08.7150000,22.39,92.68,101.896
2026-05-23T03:58:09.7560000,22.39,92.67,101.896
2026-05-23T03:58:10.7960000,22.38,92.67,101.896
2026-05-23T03:58:11.8370000,22.38,92.66,101.896
2026-05-23T03:58:12.8780000,22.38,92.67,101.896
2026-05-23T03:58:13.9180000,22.38,92.67,101.895
2026-05-23T03:58:14.9590000,22.38,92.68,101.895
2026-05-23T03:58:16.0000000,22.38,92.69,101.895
2026-05-23T03:58:17.0410000,22.38,92.66,101.895
2026-05-23T03:58:18.0920000,22.38,92.67,101.894
2026-05-23T03:58:19.1330000,22.38,92.68,101.894
2026-05-23T03:58:20.1740000,22.38,92.66,101.894
2026-05-23T03:58:21.2490000,22.37,92.69,101.894
2026-05-23T03:58:22.2590000,22.37,92.65,101.895
2026-05-23T03:58:23.2990000,22.37,92.65,101.894
2026-05-23T03:58:24.3400000,22.37,92.65,101.894
2026-05-23T03:58:25.3810000,22.37,92.65,101.894
2026-05-23T03:58:26.4220000,22.37,92.64,101.894
2026-05-23T03:58:27.4620000,22.37,92.64,101.894
2026-05-23T03:58:28.5030000,22.36,92.65,101.894
2026-05-23T03:58:29.5440000,22.36,92.65,101.894
2026-05-23T03:58:30.5850000,22.37,92.66,101.894
2026-05-23T03:58:31.6360000,22.36,92.67,101.894
2026-05-23T03:58:32.6760000,22.36,92.6,101.894
2026-05-23T03:58:33.7170000,22.37,92.62,101.894
2026-05-23T03:58:34.8210000,22.37,92.62,101.893
2026-05-23T03:58:35.7990000,22.37,92.64,101.893
2026-05-23T03:58:36.8390000,22.37,92.64,101.893
2026-05-23T03:58:37.8800000,22.37,92.64,101.893
2026-05-23T03:58:38.9210000,22.37,92.64,101.894
2026-05-23T03:58:39.9620000,22.37,92.64,101.893
2026-05-23T03:58:41.0130000,22.37,92.64,101.893
2026-05-23T03:58:42.0540000,22.37,92.62,101.894
2026-05-23T03:58:43.0940000,22.37,92.6,101.894
2026-05-23T03:58:44.1350000,22.37,92.61,101.893
2026-05-23T03:58:45.1760000,22.37,92.62,101.893
2026-05-23T03:58:46.2170000,22.37,92.64,101.893
2026-05-23T03:58:47.2580000,22.37,92.64,101.894
2026-05-23T03:58:48.2980000,22.37,92.64,101.894
2026-05-23T03:58:49.3600000,22.36,92.64,101.894
2026-05-23T03:58:50.3900000,22.36,92.62,101.894
2026-05-23T03:58:51.4310000,22.36,92.6,101.894
2026-05-23T03:58:52.4720000,22.36,92.61,101.893
2026-05-23T03:58:53.5120000,22.36,92.61,101.893
2026-05-23T03:58:54.5530000,22.36,92.6,101.894
2026-05-23T03:58:55.5940000,22.36,92.61,101.894
2026-05-23T03:58:56.6340000,22.36,92.6,101.894
2026-05-23T03:58:57.6750000,22.36,92.61,101.894
2026-05-23T03:58:58.7160000,22.36,92.62,101.893
2026-05-23T03:58:59.7670000,22.36,92.57,101.893
2026-05-23T03:59:00.8080000,22.36,92.61,101.893
2026-05-23T03:59:01.8490000,22.36,92.57,101.894
2026-05-23T03:59:02.9350000,22.36,92.62,101.893
2026-05-23T03:59:03.9340000,22.36,92.59,101.894
2026-05-23T03:59:04.9750000,22.36,92.59,101.893
2026-05-23T03:59:06.0150000,22.36,92.58,101.893
2026-05-23T03:59:07.0560000,22.36,92.58,101.893
2026-05-23T03:59:08.0970000,22.36,92.58,101.892
2026-05-23T03:59:09.1380000,22.36,92.56,101.893
2026-05-23T03:59:10.1790000,22.35,92.56,101.893
2026-05-23T03:59:11.2200000,22.35,92.56,101.892
2026-05-23T03:59:12.2710000,22.35,92.55,101.892
2026-05-23T03:59:13.3120000,22.35,92.57,101.892
2026-05-23T03:59:14.3520000,22.35,92.52,101.892
2026-05-23T03:59:15.3930000,22.35,92.52,101.892
2026-05-23T03:59:16.4340000,22.35,92.52,101.892
2026-05-23T03:59:17.4740000,22.35,92.54,101.892
2026-05-23T03:59:18.5150000,22.35,92.52,101.892
2026-05-23T03:59:19.5560000,22.35,92.51,101.892
2026-05-23T03:59:20.5970000,22.35,92.5,101.892
2026-05-23T03:59:21.6370000,22.35,92.5,101.892
2026-05-23T03:59:22.6890000,22.35,92.5,101.893
2026-05-23T03:59:23.7290000,22.35,92.49,101.893
2026-05-23T03:59:24.7700000,22.35,92.47,101.893
2026-05-23T03:59:25.8110000,22.35,92.5,101.893
2026-05-23T03:59:26.8520000,22.35,92.46,101.894
2026-05-23T03:59:27.8930000,22.34,92.52,101.894
2026-05-23T03:59:28.9340000,22.35,92.47,101.895
2026-05-23T03:59:29.9740000,22.35,92.47,101.895
2026-05-23T03:59:32.0590000,22.34,92.45,101.895
2026-05-23T03:59:33.1000000,22.34,92.46,101.894
2026-05-23T03:59:34.1410000,22.34,92.45,101.894
2026-05-23T03:59:35.1820000,22.34,92.45,101.894
2026-05-23T03:59:36.2330000,22.34,92.45,101.895
2026-05-23T03:59:37.2740000,22.34,92.45,101.895
2026-05-23T03:59:38.3140000,22.34,92.45,101.895
2026-05-23T03:59:39.3550000,22.34,92.43,101.895
2026-05-23T03:59:40.3960000,22.34,92.43,101.894
2026-05-23T03:59:41.4370000,22.34,92.41,101.894
2026-05-23T03:59:42.4770000,22.34,92.45,101.894
2026-05-23T03:59:43.5180000,22.34,92.44,101.894
2026-05-23T03:59:44.6220000,22.34,92.38,101.894
2026-05-23T03:59:45.6100000,22.34,92.39,101.893
2026-05-23T03:59:46.6510000,22.34,92.38,101.892
2026-05-23T03:59:47.6910000,22.34,92.38,101.892
2026-05-23T03:59:48.7320000,22.34,92.38,101.892
2026-05-23T03:59:49.7730000,22.34,92.37,101.891
2026-05-23T03:59:50.8140000,22.34,92.37,101.891
2026-05-23T03:59:51.8540000,22.34,92.36,101.891
2026-05-23T03:59:52.8950000,22.34,92.34,101.891
2026-05-23T03:59:53.9360000,22.33,92.31,101.89
2026-05-23T03:59:54.9870000,22.33,92.31,101.89
2026-05-23T03:59:56.0280000,22.33,92.29,101.89
2026-05-23T03:59:57.0680000,22.33,92.26,101.89
2026-05-23T03:59:58.1090000,22.33,92.29,101.891
2026-05-23T03:59:59.1670000,22.33,92.24,101.892
2026-05-23T04:00:00.1870000,22.33,92.26,101.892
2026-05-23T04:00:01.2380000,22.33,92.25,101.893
2026-05-23T04:00:02.2790000,22.32,92.24,101.893
2026-05-23T04:00:03.3200000,22.32,92.23,101.893
2026-05-23T04:00:04.3610000,22.32,92.2,101.894
2026-05-23T04:00:05.4010000,22.32,92.22,101.894
2026-05-23T04:00:06.4420000,22.32,92.16,101.894
2026-05-23T04:00:07.4830000,22.33,92.22,101.895
2026-05-23T04:00:08.5230000,22.33,92.21,101.894
2026-05-23T04:00:09.5640000,22.33,92.2,101.894
2026-05-23T04:00:10.6050000,22.33,92.25,101.894
2026-05-23T04:00:11.6560000,22.33,92.24,101.893
2026-05-23T04:00:12.7390000,22.33,92.22,101.893
2026-05-23T04:00:13.7380000,22.33,92.24,101.894
2026-05-23T04:00:14.7780000,22.33,92.25,101.894
2026-05-23T04:00:15.8190000,22.33,92.26,101.893
2026-05-23T04:00:16.8600000,22.33,92.26,101.893
2026-05-23T04:00:17.9010000,22.33,92.28,101.893
2026-05-23T04:00:18.9410000,22.33,92.26,101.893
2026-05-23T04:00:19.9820000,22.33,92.26,101.894
2026-05-23T04:00:21.0230000,22.33,92.26,101.894
2026-05-23T04:00:22.0740000,22.33,92.28,101.894
2026-05-23T04:00:23.1150000,22.33,92.3,101.894
2026-05-23T04:00:24.1560000,22.33,92.26,101.894
2026-05-23T04:00:25.1960000,22.33,92.26,101.893
2026-05-23T04:00:26.2370000,22.33,92.32,101.893
2026-05-23T04:00:27.2810000,22.34,92.3,101.893
2026-05-23T04:00:28.3220000,22.34,92.3,101.892
2026-05-23T04:00:29.3630000,22.34,92.29,101.893
2026-05-23T04:00:30.4030000,22.34,92.3,101.893
2026-05-23T04:00:31.4440000,22.34,92.3,101.894
2026-05-23T04:00:32.4850000,22.34,92.3,101.894
2026-05-23T04:00:33.5250000,22.34,92.31,101.894
2026-05-23T04:00:34.5760000,22.35,92.33,101.894
2026-05-23T04:00:35.6170000,22.35,92.3,101.894
2026-05-23T04:00:36.6580000,22.35,92.31,101.894
2026-05-23T04:00:37.6990000,22.35,92.3,101.894
2026-05-23T04:00:38.7390000,22.34,92.32,101.894
2026-05-23T04:00:39.7800000,22.35,92.35,101.895
2026-05-23T04:00:40.8560000,22.35,92.32,101.894
2026-05-23T04:00:41.8650000,22.35,92.34,101.894
2026-05-23T04:00:42.9060000,22.35,92.33,101.893
2026-05-23T04:00:43.9470000,22.35,92.36,101.893
2026-05-23T04:00:44.9880000,22.35,92.35,101.893
2026-05-23T04:00:46.0290000,22.35,92.35,101.893
2026-05-23T04:00:47.0690000,22.36,92.35,101.892
2026-05-23T04:00:48.1210000,22.36,92.3,101.892
2026-05-23T04:00:49.1610000,22.36,92.35,101.892
2026-05-23T04:00:50.2020000,22.36,92.35,101.891
2026-05-23T04:00:51.2430000,22.36,92.37,101.892
2026-05-23T04:00:52.2830000,22.36,92.39,101.891
2026-05-23T04:00:53.3240000,22.36,92.38,101.892
2026-05-23T04:00:54.4310000,22.36,92.37,101.892
2026-05-23T04:00:55.4090000,22.36,92.4,101.891
2026-05-23T04:00:56.4500000,22.36,92.39,101.891
2026-05-23T04:00:57.4910000,22.36,92.41,101.891
2026-05-23T04:00:58.5310000,22.37,92.42,101.892
2026-05-23T04:00:59.5720000,22.37,92.41,101.891
2026-05-23T04:01:00.6230000,22.37,92.43,101.892
2026-05-23T04:01:01.6640000,22.37,92.43,101.893
2026-05-23T04:01:02.7050000,22.37,92.41,101.893
2026-05-23T04:01:03.7460000,22.37,92.44,101.893
2026-05-23T04:01:04.7860000,22.37,92.43,101.894
2026-05-23T04:01:05.8270000,22.37,92.44,101.894
2026-05-23T04:01:06.8680000,22.37,92.44,101.894
2026-05-23T04:01:07.9090000,22.37,92.47,101.894
2026-05-23T04:01:08.9740000,22.37,92.47,101.894
2026-05-23T04:01:09.9940000,22.37,92.49,101.894
2026-05-23T04:01:11.0350000,22.37,92.49,101.893
2026-05-23T04:01:12.0760000,22.37,92.49,101.893
2026-05-23T04:01:13.1160000,22.37,92.49,101.894
2026-05-23T04:01:14.1570000,22.37,92.51,101.895
2026-05-23T04:01:15.2080000,22.38,92.5,101.896
2026-05-23T04:01:16.2490000,22.38,92.57,101.895
2026-05-23T04:01:17.2900000,22.38,92.55,101.896
2026-05-23T04:01:18.3310000,22.38,92.51,101.896
2026-05-23T04:01:19.3710000,22.38,92.54,101.897
2026-05-23T04:01:20.4120000,22.38,92.52,101.897
2026-05-23T04:01:21.4530000,22.38,92.55,101.897
2026-05-23T04:01:22.5490000,22.38,92.61,101.896
2026-05-23T04:01:23.5370000,22.38,92.56,101.895
2026-05-23T04:01:24.5780000,22.38,92.56,101.894
2026-05-23T04:01:25.6190000,22.38,92.56,101.894
2026-05-23T04:01:26.6600000,22.38,92.58,101.893
2026-05-23T04:01:27.7000000,22.38,92.59,101.894
2026-05-23T04:01:28.7410000,22.38,92.59,101.894
2026-05-23T04:01:29.7930000,22.38,92.59,101.893
2026-05-23T04:01:30.8330000,22.38,92.6,101.893
2026-05-23T04:01:31.8740000,22.38,92.63,101.894
2026-05-23T04:01:32.9150000,22.38,92.6,101.894
2026-05-23T04:01:33.9560000,22.38,92.61,101.894
2026-05-23T04:01:34.9970000,22.39,92.61,101.895
2026-05-23T04:01:36.0370000,22.39,92.63,101.895
2026-05-23T04:01:37.0920000,22.39,92.59,101.896
2026-05-23T04:01:38.1220000,22.39,92.62,101.896
2026-05-23T04:01:39.1630000,22.39,92.63,101.896
2026-05-23T04:01:40.2040000,22.39,92.63,101.896
2026-05-23T04:01:41.2440000,22.39,92.63,101.895
2026-05-23T04:01:42.2850000,22.39,92.63,101.896
2026-05-23T04:01:43.3360000,22.39,92.63,101.896
2026-05-23T04:01:44.3770000,22.39,92.7,101.896
2026-05-23T04:01:45.4180000,22.39,92.65,101.896
2026-05-23T04:01:46.4580000,22.39,92.68,101.896
2026-05-23T04:01:47.4990000,22.39,92.63,101.896
2026-05-23T04:01:48.5400000,22.39,92.65,101.896
2026-05-23T04:01:49.5810000,22.39,92.63,101.896
2026-05-23T04:01:50.6670000,22.39,92.64,101.895
2026-05-23T04:01:52.7070000,22.39,92.66,101.895
2026-05-23T04:01:53.7470000,22.39,92.66,101.896
2026-05-23T04:01:54.7880000,22.39,92.67,101.895
2026-05-23T04:01:55.8290000,22.39,92.66,101.895
2026-05-23T04:01:56.8800000,22.39,92.67,101.894
2026-05-23T04:01:57.9210000,22.39,92.66,101.895
2026-05-23T04:01:58.9620000,22.39,92.67,101.895
2026-05-23T04:02:00.0030000,22.39,92.68,101.895
2026-05-23T04:02:01.0430000,22.39,92.67,101.895
2026-05-23T04:02:02.0840000,22.39,92.69,101.894
2026-05-23T04:02:03.1250000,22.39,92.67,101.894
2026-05-23T04:02:04.1660000,22.39,92.67,101.893
2026-05-23T04:02:05.2100000,22.39,92.69,101.893
2026-05-23T04:02:06.2510000,22.39,92.69,101.893
2026-05-23T04:02:07.2910000,22.4,92.71,101.893
2026-05-23T04:02:08.3320000,22.4,92.71,101.892
2026-05-23T04:02:09.3730000,22.4,92.71,101.893
2026-05-23T04:02:10.4240000,22.4,92.72,101.893
2026-05-23T04:02:11.4650000,22.4,92.72,101.894
2026-05-23T04:02:12.5050000,22.4,92.7,101.894
2026-05-23T04:02:13.5460000,22.4,92.71,101.895
2026-05-23T04:02:14.5870000,22.4,92.74,101.896
2026-05-23T04:02:15.6280000,22.4,92.74,101.896
2026-05-23T04:02:16.6680000,22.4,92.73,101.896
2026-05-23T04:02:17.7090000,22.4,92.75,101.896
2026-05-23T04:02:18.7850000,22.4,92.74,101.896
2026-05-23T04:02:19.7940000,22.4,92.73,101.896
2026-05-23T04:02:20.8350000,22.4,92.73,101.896
2026-05-23T04:02:21.8760000,22.4,92.72,101.895
2026-05-23T04:02:22.9170000,22.4,92.72,101.895
2026-05-23T04:02:23.9570000,22.4,92.72,101.896
2026-05-23T04:02:25.0090000,22.39,92.74,101.896
2026-05-23T04:02:26.0490000,22.39,92.76,101.896
2026-05-23T04:02:27.0900000,22.39,92.73,101.896
2026-05-23T04:02:28.1310000,22.39,92.74,101.896
2026-05-23T04:02:29.1720000,22.39,92.74,101.897
2026-05-23T04:02:30.2130000,22.39,92.73,101.897
2026-05-23T04:02:31.2530000,22.4,92.72,101.898
2026-05-23T04:02:32.3610000,22.39,92.77,101.898
2026-05-23T04:02:33.3380000,22.39,92.71,101.897
2026-05-23T04:02:34.3790000,22.39,92.73,101.897
2026-05-23T04:02:35.4200000,22.39,92.71,101.897
2026-05-23T04:02:36.4600000,22.39,92.71,101.897
2026-05-23T04:02:37.5010000,22.39,92.73,101.897
2026-05-23T04:02:38.5520000,22.39,92.71,101.897
2026-05-23T04:02:39.5930000,22.39,92.71,101.897
2026-05-23T04:02:40.6340000,22.38,92.7,101.896
2026-05-23T04:02:41.6750000,22.38,92.69,101.896
2026-05-23T04:02:42.7150000,22.38,92.68,101.896
2026-05-23T04:02:43.7560000,22.38,92.71,101.896
2026-05-23T04:02:44.7970000,22.38,92.7,101.896
2026-05-23T04:02:45.8380000,22.38,92.71,101.896
2026-05-23T04:02:46.9060000,22.38,92.75,101.897
2026-05-23T04:02:47.9260000,22.38,92.69,101.897
2026-05-23T04:02:48.9670000,22.38,92.69,101.896
2026-05-23T04:02:50.0080000,22.38,92.69,101.896
2026-05-23T04:02:51.0480000,22.38,92.68,101.896
2026-05-23T04:02:52.0890000,22.38,92.68,101.896
2026-05-23T04:02:53.1300000,22.38,92.68,101.896
2026-05-23T04:02:54.1700000,22.37,92.62,101.896
2026-05-23T04:02:55.2210000,22.37,92.7,101.896
2026-05-23T04:02:56.2620000,22.37,92.68,101.895
2026-05-23T04:02:57.3030000,22.37,92.65,101.896
2026-05-23T04:02:58.3440000,22.37,92.65,101.896
2026-05-23T04:02:59.3840000,22.37,92.62,101.895
2026-05-23T04:03:00.4810000,22.36,92.67,101.895
2026-05-23T04:03:01.4690000,22.36,92.62,101.894
2026-05-23T04:03:02.5100000,22.36,92.62,101.895
2026-05-23T04:03:03.5510000,22.36,92.62,101.895
2026-05-23T04:03:04.5920000,22.36,92.62,101.896
2026-05-23T04:03:05.6330000,22.35,92.62,101.896
2026-05-23T04:03:06.6730000,22.35,92.6,101.895
2026-05-23T04:03:07.7140000,22.35,92.6,101.895
2026-05-23T04:03:08.7650000,22.35,92.61,101.895
2026-05-23T04:03:09.8060000,22.35,92.62,101.895
2026-05-23T04:03:10.8470000,22.35,92.6,101.895
2026-05-23T04:03:11.8870000,22.35,92.57,101.896
2026-05-23T04:03:12.9280000,22.35,92.6,101.896
2026-05-23T04:03:13.9690000,22.35,92.56,101.896
2026-05-23T04:03:15.0270000,22.35,92.58,101.896
2026-05-23T04:03:16.0470000,22.35,92.57,101.896
2026-05-23T04:03:17.0980000,22.35,92.56,101.895
2026-05-23T04:03:18.1390000,22.35,92.56,101.895
2026-05-23T04:03:19.1800000,22.35,92.56,101.895
2026-05-23T04:03:20.2210000,22.35,92.56,101.895
2026-05-23T04:03:21.2610000,22.35,92.55,101.895
2026-05-23T04:03:22.3020000,22.35,92.54,101.894
2026-05-23T04:03:23.3430000,22.35,92.59,101.894
2026-05-23T04:03:24.3840000,22.35,92.56,101.894
2026-05-23T04:03:25.4240000,22.34,92.54,101.894
2026-05-23T04:03:26.4650000,22.34,92.56,101.894
2026-05-23T04:03:27.5160000,22.34,92.48,101.894
2026-05-23T04:03:28.6020000,22.34,92.48,101.894
2026-05-23T04:03:29.5910000,22.34,92.49,101.894
2026-05-23T04:03:30.6310000,22.34,92.48,101.894
2026-05-23T04:03:31.6830000,22.34,92.47,101.894
2026-05-23T04:03:32.7240000,22.34,92.47,101.894
2026-05-23T04:03:33.7640000,22.34,92.46,101.894
2026-05-23T04:03:34.8050000,22.34,92.45,101.894
2026-05-23T04:03:35.8460000,22.34,92.45,101.894
2026-05-23T04:03:36.8870000,22.33,92.45,101.894
2026-05-23T04:03:37.9270000,22.33,92.42,101.894
2026-05-23T04:03:38.9680000,22.33,92.46,101.894
2026-05-23T04:03:40.0090000,22.33,92.42,101.895
2026-05-23T04:03:41.0500000,22.33,92.41,101.895
2026-05-23T04:03:42.1010000,22.33,92.4,101.895
2026-05-23T04:03:43.1490000,22.33,92.4,101.895
2026-05-23T04:03:44.1790000,22.33,92.4,101.895
2026-05-23T04:03:45.2200000,22.33,92.39,101.895
2026-05-23T04:03:46.2600000,22.33,92.39,101.895
2026-05-23T04:03:47.3010000,22.33,92.37,101.896
2026-05-23T04:03:48.3420000,22.33,92.37,101.896
2026-05-23T04:03:49.3930000,22.33,92.37,101.895
2026-05-23T04:03:50.4340000,22.33,92.36,101.895
2026-05-23T04:03:51.4750000,22.33,92.33,101.895
2026-05-23T04:03:52.5160000,22.33,92.36,101.895
2026-05-23T04:03:53.5560000,22.33,92.29,101.895
2026-05-23T04:03:54.5970000,22.33,92.32,101.895
2026-05-23T04:03:55.6380000,22.33,92.31,101.895
2026-05-23T04:03:56.7240000,22.32,92.29,101.895
2026-05-23T04:03:57.7230000,22.32,92.29,101.896
2026-05-23T04:03:58.7640000,22.32,92.29,101.895
2026-05-23T04:03:59.8040000,22.32,92.27,101.895
2026-05-23T04:04:00.8450000,22.32,92.27,101.895
2026-05-23T04:04:01.8860000,22.32,92.26,101.895
2026-05-23T04:04:02.9270000,22.32,92.26,101.894
2026-05-23T04:04:03.9780000,22.32,92.24,101.894
2026-05-23T04:04:05.0190000,22.32,92.23,101.894
2026-05-23T04:04:06.0590000,22.32,92.22,101.893
2026-05-23T04:04:07.1000000,22.32,92.2,101.893
2026-05-23T04:04:08.1410000,22.32,92.2,101.893
2026-05-23T04:04:09.1810000,22.32,92.19,101.892
2026-05-23T04:04:10.2220000,22.32,92.24,101.892
2026-05-23T04:04:11.2700000,22.32,92.16,101.891
2026-05-23T04:04:12.3110000,22.31,92.16,101.89
2026-05-23T04:04:13.3520000,22.31,92.15,101.89
2026-05-23T04:04:14.3920000,22.31,92.14,101.89
2026-05-23T04:04:15.4330000,22.31,92.13,101.89
2026-05-23T04:04:16.4740000,22.31,92.15,101.89
2026-05-23T04:04:17.5150000,22.31,92.13,101.891
2026-05-23T04:04:18.5550000,22.31,92.1,101.891
2026-05-23T04:04:19.5960000,22.31,92.11,101.892
2026-05-23T04:04:20.6370000,22.31,92.1,101.892
2026-05-23T04:04:21.6780000,22.31,92.1,101.893
2026-05-23T04:04:22.7180000,22.31,92.09,101.893
2026-05-23T04:04:23.7700000,22.31,92.04,101.893
2026-05-23T04:04:24.8450000,22.31,92.04,101.893
2026-05-23T04:04:25.8440000,22.31,92.05,101.894
2026-05-23T04:04:26.8950000,22.31,92.03,101.892
2026-05-23T04:04:27.9360000,22.31,92.01,101.893
2026-05-23T04:04:28.9770000,22.31,92.01,101.892
2026-05-23T04:04:30.0170000,22.31,92.02,101.892
2026-05-23T04:04:31.0580000,22.31,92.01,101.893
2026-05-23T04:04:32.0990000,22.31,92,101.892
2026-05-23T04:04:33.1400000,22.31,92.01,101.892
2026-05-23T04:04:34.1800000,22.31,91.96,101.893
2026-05-23T04:04:35.2210000,22.31,91.99,101.892
2026-05-23T04:04:36.2620000,22.31,91.99,101.893
2026-05-23T04:04:37.3130000,22.31,91.96,101.893
2026-05-23T04:04:38.4240000,22.31,91.94,101.892
2026-05-23T04:04:39.3910000,22.31,91.92,101.892
2026-05-23T04:04:40.4320000,22.31,91.9,101.892
2026-05-23T04:04:41.4730000,22.31,91.92,101.893
2026-05-23T04:04:42.5130000,22.31,91.91,101.892
2026-05-23T04:04:43.5540000,22.31,91.87,101.892
2026-05-23T04:04:44.6050000,22.31,91.83,101.892
2026-05-23T04:04:45.6460000,22.31,91.83,101.893
2026-05-23T04:04:46.6870000,22.3,91.82,101.893
2026-05-23T04:04:47.7280000,22.3,91.82,101.893
2026-05-23T04:04:48.7680000,22.3,91.82,101.893
2026-05-23T04:04:49.8090000,22.3,91.8,101.893
2026-05-23T04:04:50.8500000,22.3,91.76,101.893
2026-05-23T04:04:51.8910000,22.3,91.77,101.893
2026-05-23T04:04:52.9700000,22.3,91.74,101.892
2026-05-23T04:04:53.9790000,22.3,91.72,101.892
2026-05-23T04:04:55.0200000,22.3,91.72,101.891
2026-05-23T04:04:56.0610000,22.3,91.73,101.892
2026-05-23T04:04:57.1010000,22.3,91.73,101.892
2026-05-23T04:04:58.1420000,22.3,91.73,101.892
2026-05-23T04:04:59.1830000,22.3,91.73,101.892
2026-05-23T04:05:00.2240000,22.3,91.74,101.892
2026-05-23T04:05:01.2640000,22.3,91.72,101.892
2026-05-23T04:05:02.3050000,22.3,91.71,101.892
2026-05-23T04:05:03.3560000,22.3,91.74,101.893
2026-05-23T04:05:04.3970000,22.3,91.7,101.893
2026-05-23T04:05:05.4380000,22.31,91.7,101.894
2026-05-23T04:05:06.5450000,22.31,91.69,101.894
2026-05-23T04:05:07.5230000,22.31,91.72,101.894
2026-05-23T04:05:08.5640000,22.31,91.71,101.894
2026-05-23T04:05:09.6050000,22.31,91.73,101.895
2026-05-23T04:05:10.6460000,22.31,91.72,101.895
2026-05-23T04:05:11.6860000,22.31,91.71,101.896
2026-05-23T04:05:12.7270000,22.31,91.69,101.895
2026-05-23T04:05:13.7680000,22.31,91.7,101.896
2026-05-23T04:05:14.8090000,22.31,91.69,101.896
2026-05-23T04:05:15.8490000,22.31,91.67,101.897
2026-05-23T04:05:16.8900000,22.31,91.7,101.897
2026-05-23T04:05:17.9410000,22.31,91.69,101.897
2026-05-23T04:05:18.9820000,22.32,91.65,101.897
2026-05-23T04:05:20.0230000,22.32,91.72,101.897
2026-05-23T04:05:21.0880000,22.32,91.64,101.896
2026-05-23T04:05:22.1080000,22.32,91.7,101.897
2026-05-23T04:05:23.1480000,22.32,91.7,101.898
2026-05-23T04:05:24.1890000,22.33,91.69,101.898
2026-05-23T04:05:25.2300000,22.33,91.71,101.898
2026-05-23T04:05:26.2700000,22.33,91.7,101.898
2026-05-23T04:05:27.3110000,22.33,91.74,101.898
2026-05-23T04:05:28.3520000,22.33,91.64,101.897
2026-05-23T04:05:29.3930000,22.33,91.75,101.898
2026-05-23T04:05:30.4340000,22.33,91.74,101.898
2026-05-23T04:05:31.4750000,22.33,91.76,101.898
2026-05-23T04:05:32.5150000,22.34,91.77,101.898
2026-05-23T04:05:33.5670000,22.34,91.74,101.898
2026-05-23T04:05:34.6630000,22.34,91.74,101.899
2026-05-23T04:05:35.6410000,22.34,91.75,101.899
2026-05-23T04:05:36.6920000,22.34,91.77,101.899
2026-05-23T04:05:37.7330000,22.35,91.76,101.898
2026-05-23T04:05:38.7740000,22.35,91.76,101.898
2026-05-23T04:05:39.8140000,22.35,91.77,101.898
2026-05-23T04:05:40.8550000,22.35,91.77,101.897
2026-05-23T04:05:41.8960000,22.35,91.78,101.896
2026-05-23T04:05:42.9370000,22.35,91.78,101.897
2026-05-23T04:05:43.9770000,22.35,91.81,101.897
2026-05-23T04:05:45.0180000,22.35,91.81,101.896
2026-05-23T04:05:46.0590000,22.35,91.82,101.896
2026-05-23T04:05:47.1100000,22.35,91.82,101.895
2026-05-23T04:05:48.1510000,22.36,91.85,101.896
2026-05-23T04:05:49.2060000,22.37,91.81,101.897
2026-05-23T04:05:50.2260000,22.37,91.83,101.897
2026-05-23T04:05:51.2670000,22.36,91.84,101.896
2026-05-23T04:05:52.3180000,22.37,91.86,101.896
2026-05-23T04:05:53.3590000,22.37,91.87,101.897
2026-05-23T04:05:54.4000000,22.37,91.87,101.896
2026-05-23T04:05:55.4400000,22.37,91.87,101.897
2026-05-23T04:05:56.4810000,22.37,91.93,101.896
2026-05-23T04:05:57.5220000,22.37,91.88,101.895
2026-05-23T04:05:58.5630000,22.37,91.89,101.896
2026-05-23T04:05:59.6040000,22.37,91.89,101.895
2026-05-23T04:06:00.6440000,22.37,91.93,101.895
2026-05-23T04:06:01.6850000,22.38,91.92,101.895
2026-05-23T04:06:02.7820000,22.38,91.94,101.895
2026-05-23T04:06:03.7700000,22.38,91.94,101.895
2026-05-23T04:06:04.8110000,22.38,91.96,101.896
2026-05-23T04:06:05.8520000,22.38,91.96,101.896
2026-05-23T04:06:06.9030000,22.38,91.97,101.896
2026-05-23T04:06:07.9430000,22.38,91.98,101.896
2026-05-23T04:06:08.9840000,22.38,91.97,101.896
2026-05-23T04:06:10.0250000,22.38,92,101.896
2026-05-23T04:06:11.0650000,22.38,92,101.896
2026-05-23T04:06:12.1060000,22.38,92.05,101.896
2026-05-23T04:06:13.1470000,22.39,92.03,101.896
2026-05-23T04:06:14.1880000,22.39,92.06,101.896
2026-05-23T04:06:15.2280000,22.39,92.04,101.896
2026-05-23T04:06:16.2690000,22.39,92.07,101.897
2026-05-23T04:06:17.3280000,22.39,92.05,101.897
2026-05-23T04:06:18.3580000,22.39,92.05,101.898
2026-05-23T04:06:19.3990000,22.39,92.06,101.897
2026-05-23T04:06:20.4400000,22.39,92.07,101.897
2026-05-23T04:06:21.4810000,22.39,92.07,101.898
2026-05-23T04:06:22.5220000,22.39,92.1,101.898
2026-05-23T04:06:23.5620000,22.4,92.09,101.898
2026-05-23T04:06:24.6030000,22.4,92.14,101.898
2026-05-23T04:06:25.6540000,22.4,92.13,101.898
2026-05-23T04:06:26.6950000,22.4,92.13,101.898
2026-05-23T04:06:27.7360000,22.4,92.13,101.898
2026-05-23T04:06:28.7770000,22.4,92.16,101.897
2026-05-23T04:06:29.8170000,22.4,92.13,101.896
2026-05-23T04:06:30.9030000,22.4,92.13,101.897
2026-05-23T04:06:31.9020000,22.4,92.14,101.897
2026-05-23T04:06:32.9430000,22.4,92.14,101.896
2026-05-23T04:06:33.9840000,22.4,92.15,101.897
2026-05-23T04:06:35.0240000,22.4,92.14,101.896
2026-05-23T04:06:36.0650000,22.4,92.16,101.896
2026-05-23T04:06:37.1060000,22.4,92.17,101.896
2026-05-23T04:06:38.1460000,22.4,92.18,101.896
2026-05-23T04:06:39.1870000,22.4,92.18,101.895
2026-05-23T04:06:40.2380000,22.4,92.2,101.895
2026-05-23T04:06:41.2790000,22.4,92.17,101.894
2026-05-23T04:06:42.3200000,22.4,92.17,101.894
2026-05-23T04:06:43.3610000,22.4,92.2,101.894
2026-05-23T04:06:44.4020000,22.41,92.18,101.895
2026-05-23T04:06:45.4460000,22.4,92.22,101.894
2026-05-23T04:06:46.4870000,22.4,92.21,101.893
2026-05-23T04:06:47.5270000,22.41,92.21,101.894
2026-05-23T04:06:48.5680000,22.41,92.22,101.894
2026-05-23T04:06:49.6090000,22.41,92.22,101.893
2026-05-23T04:06:50.6500000,22.41,92.22,101.894
2026-05-23T04:06:51.6900000,22.41,92.24,101.894
2026-05-23T04:06:52.7310000,22.41,92.22,101.894
2026-05-23T04:06:53.7820000,22.41,92.26,101.893
2026-05-23T04:06:54.8230000,22.41,92.25,101.894
2026-05-23T04:06:55.8640000,22.41,92.24,101.894
2026-05-23T04:06:56.9040000,22.41,92.26,101.894
2026-05-23T04:06:57.9450000,22.41,92.24,101.895
2026-05-23T04:06:59.0170000,22.41,92.27,101.894
2026-05-23T04:07:00.0260000,22.41,92.28,101.894
2026-05-23T04:07:01.0670000,22.41,92.27,101.894
2026-05-23T04:07:02.1080000,22.41,92.28,101.894
2026-05-23T04:07:03.1490000,22.41,92.27,101.894
2026-05-23T04:07:04.2000000,22.41,92.27,101.894
2026-05-23T04:07:05.2410000,22.41,92.29,101.893
2026-05-23T04:07:06.2820000,22.41,92.33,101.893
2026-05-23T04:07:07.3220000,22.41,92.27,101.894
2026-05-23T04:07:08.3630000,22.41,92.31,101.894
2026-05-23T04:07:09.4040000,22.41,92.32,101.894
2026-05-23T04:07:10.4450000,22.41,92.3,101.894
2026-05-23T04:07:11.4860000,22.41,92.27,101.894
2026-05-23T04:07:12.5900000,22.41,92.34,101.894
2026-05-23T04:07:13.5670000,22.41,92.31,101.894
2026-05-23T04:07:14.6080000,22.41,92.31,101.893
2026-05-23T04:07:15.6590000,22.41,92.31,101.894
2026-05-23T04:07:16.7000000,22.41,92.31,101.894
2026-05-23T04:07:17.7410000,22.41,92.32,101.895
2026-05-23T04:07:18.7810000,22.41,92.32,101.895
2026-05-23T04:07:19.8220000,22.41,92.33,101.894
2026-05-23T04:07:20.8630000,22.41,92.31,101.895
2026-05-23T04:07:21.9040000,22.41,92.32,101.894
2026-05-23T04:07:22.9440000,22.41,92.34,101.895
2026-05-23T04:07:23.9850000,22.41,92.35,101.895
2026-05-23T04:07:25.0260000,22.41,92.32,101.895
2026-05-23T04:07:26.0770000,22.41,92.35,101.895
2026-05-23T04:07:27.1320000,22.41,92.3,101.895
2026-05-23T04:07:28.1520000,22.41,92.33,101.894
2026-05-23T04:07:29.1930000,22.41,92.33,101.895
2026-05-23T04:07:30.2440000,22.41,92.33,101.895
2026-05-23T04:07:31.2850000,22.41,92.34,101.895
2026-05-23T04:07:32.3260000,22.41,92.34,101.895
2026-05-23T04:07:33.3660000,22.41,92.33,101.895
2026-05-23T04:07:34.4070000,22.41,92.28,101.895
2026-05-23T04:07:35.4480000,22.41,92.33,101.895
2026-05-23T04:07:36.4890000,22.4,92.35,101.894
2026-05-23T04:07:37.5300000,22.4,92.31,101.894
2026-05-23T04:07:38.5700000,22.4,92.33,101.893
2026-05-23T04:07:39.6110000,22.4,92.29,101.893
2026-05-23T04:07:40.7040000,22.4,92.36,101.894
2026-05-23T04:07:41.7030000,22.4,92.33,101.893
2026-05-23T04:07:42.7440000,22.4,92.32,101.893
2026-05-23T04:07:43.7840000,22.39,92.32,101.893
2026-05-23T04:07:44.8250000,22.39,92.3,101.894
2026-05-23T04:07:45.8660000,22.39,92.31,101.894
2026-05-23T04:07:46.9060000,22.39,92.3,101.894
2026-05-23T04:07:47.9470000,22.39,92.31,101.893
2026-05-23T04:07:48.9880000,22.39,92.31,101.893
2026-05-23T04:07:50.0290000,22.39,92.31,101.894
2026-05-23T04:07:51.0700000,22.39,92.32,101.894
2026-05-23T04:07:52.1100000,22.39,92.29,101.894
2026-05-23T04:07:53.1620000,22.39,92.26,101.893
2026-05-23T04:07:54.2030000,22.39,92.3,101.894
2026-05-23T04:07:55.2470000,22.39,92.26,101.894
2026-05-23T04:07:56.2770000,22.39,92.26,101.894
2026-05-23T04:07:57.3280000,22.38,92.27,101.894
2026-05-23T04:07:58.3690000,22.38,92.26,101.894
2026-05-23T04:07:59.4100000,22.38,92.26,101.893
2026-05-23T04:08:00.4510000,22.38,92.26,101.893
2026-05-23T04:08:01.4910000,22.38,92.26,101.892
2026-05-23T04:08:02.5320000,22.38,92.23,101.893
2026-05-23T04:08:03.5730000,22.38,92.23,101.893
2026-05-23T04:08:04.6130000,22.38,92.25,101.893
2026-05-23T04:08:05.6540000,22.38,92.24,101.893
2026-05-23T04:08:06.6950000,22.38,92.23,101.893
2026-05-23T04:08:07.7460000,22.38,92.21,101.894
2026-05-23T04:08:08.8220000,22.38,92.25,101.893
2026-05-23T04:08:09.8210000,22.38,92.22,101.893
2026-05-23T04:08:10.8610000,22.38,92.23,101.893
2026-05-23T04:08:11.9130000,22.38,92.23,101.894
2026-05-23T04:08:12.9540000,22.38,92.23,101.894
2026-05-23T04:08:13.9940000,22.38,92.22,101.893
2026-05-23T04:08:15.0350000,22.38,92.21,101.893
2026-05-23T04:08:16.0760000,22.37,92.22,101.893
2026-05-23T04:08:17.1170000,22.38,92.23,101.893
2026-05-23T04:08:18.1570000,22.37,92.17,101.892
2026-05-23T04:08:19.1980000,22.37,92.21,101.893
2026-05-23T04:08:20.2390000,22.37,92.18,101.892
2026-05-23T04:08:22.3210000,22.38,92.21,101.894
2026-05-23T04:08:23.3720000,22.37,92.17,101.894
2026-05-23T04:08:24.4130000,22.37,92.17,101.894
2026-05-23T04:08:25.4530000,22.37,92.16,101.894
2026-05-23T04:08:26.4940000,22.37,92.16,101.894
2026-05-23T04:08:27.5350000,22.37,92.15,101.894
2026-05-23T04:08:28.5760000,22.37,92.15,101.894
2026-05-23T04:08:29.6170000,22.37,92.14,101.894
2026-05-23T04:08:30.6580000,22.37,92.16,101.894
2026-05-23T04:08:31.6990000,22.37,92.14,101.894
2026-05-23T04:08:32.7390000,22.37,92.12,101.894
2026-05-23T04:08:33.7900000,22.37,92.11,101.893
2026-05-23T04:08:34.8310000,22.36,92.12,101.893
2026-05-23T04:08:35.8720000,22.37,92.13,101.893
2026-05-23T04:08:36.9410000,22.36,92.12,101.892
2026-05-23T04:08:37.9500000,22.36,92.1,101.892
2026-05-23T04:08:38.9910000,22.36,92.11,101.892
2026-05-23T04:08:40.0320000,22.37,92.1,101.892
2026-05-23T04:08:41.0720000,22.37,92.09,101.893
2026-05-23T04:08:42.1240000,22.36,92.09,101.893
2026-05-23T04:08:43.1650000,22.36,92.09,101.893
2026-05-23T04:08:44.2050000,22.36,92.07,101.893
2026-05-23T04:08:45.2460000,22.36,92.07,101.893
2026-05-23T04:08:46.2870000,22.36,92.08,101.893
2026-05-23T04:08:47.3280000,22.36,92.06,101.893
2026-05-23T04:08:48.3690000,22.36,92.06,101.892
2026-05-23T04:08:49.4100000,22.36,92.04,101.892
2026-05-23T04:08:50.5170000,22.36,92.06,101.892
2026-05-23T04:08:51.4950000,22.36,92.03,101.893
2026-05-23T04:08:52.5360000,22.36,92.03,101.893
2026-05-23T04:08:53.5760000,22.36,92.02,101.893
2026-05-23T04:08:54.6170000,22.36,92.02,101.893
2026-05-23T04:08:55.6580000,22.36,92.03,101.892
2026-05-23T04:08:56.6990000,22.36,92.02,101.892
2026-05-23T04:08:57.7500000,22.36,92.01,101.892
2026-05-23T04:08:58.7900000,22.36,91.97,101.891
2026-05-23T04:08:59.8310000,22.35,91.91,101.891
2026-05-23T04:09:00.8720000,22.35,91.92,101.89
2026-05-23T04:09:01.9130000,22.35,91.94,101.89
2026-05-23T04:09:02.9530000,22.34,91.9,101.89
2026-05-23T04:09:03.9940000,22.34,91.85,101.89
2026-05-23T04:09:05.0600000,22.34,91.87,101.888
2026-05-23T04:09:06.0790000,22.34,91.89,101.888
2026-05-23T04:09:07.1200000,22.34,91.89,101.888
2026-05-23T04:09:08.1610000,22.34,91.91,101.888
2026-05-23T04:09:09.2020000,22.34,91.9,101.888
2026-05-23T04:09:10.2430000,22.35,91.91,101.888
2026-05-23T04:09:11.2840000,22.35,91.9,101.888
2026-05-23T04:09:12.3350000,22.35,92.01,101.888
2026-05-23T04:09:13.3760000,22.35,91.91,101.887
2026-05-23T04:09:14.4160000,22.35,91.91,101.887
2026-05-23T04:09:15.4570000,22.35,91.89,101.887
2026-05-23T04:09:16.4980000,22.35,91.89,101.887
2026-05-23T04:09:17.5380000,22.34,91.85,101.886
2026-05-23T04:09:18.6350000,22.35,91.97,101.887
2026-05-23T04:09:19.6240000,22.35,91.88,101.888
2026-05-23T04:09:20.6640000,22.35,91.89,101.888
2026-05-23T04:09:21.7050000,22.35,91.88,101.888
2026-05-23T04:09:22.7460000,22.35,91.9,101.888
2026-05-23T04:09:23.7860000,22.35,91.89,101.888
2026-05-23T04:09:24.8270000,22.35,91.87,101.888
2026-05-23T04:09:25.8680000,22.35,91.87,101.888
2026-05-23T04:09:26.9090000,22.35,91.86,101.889
2026-05-23T04:09:27.9600000,22.35,91.88,101.889
2026-05-23T04:09:29.0010000,22.35,91.87,101.889
2026-05-23T04:09:30.0410000,22.35,91.88,101.889
2026-05-23T04:09:31.0820000,22.35,91.9,101.889
2026-05-23T04:09:32.1230000,22.36,91.86,101.89
2026-05-23T04:09:33.1780000,22.36,91.87,101.889
2026-05-23T04:09:34.2080000,22.36,91.87,101.89
2026-05-23T04:09:35.2490000,22.36,91.87,101.89
2026-05-23T04:09:36.2900000,22.36,91.86,101.889
2026-05-23T04:09:37.3310000,22.36,91.88,101.889
2026-05-23T04:09:38.3710000,22.36,91.86,101.888
2026-05-23T04:09:39.4120000,22.37,91.86,101.889
2026-05-23T04:09:40.4530000,22.37,91.93,101.889
2026-05-23T04:09:41.4940000,22.37,91.87,101.889
2026-05-23T04:09:42.5350000,22.37,91.87,101.89
2026-05-23T04:09:43.5860000,22.37,91.88,101.89
2026-05-23T04:09:44.6270000,22.37,91.89,101.89
2026-05-23T04:09:45.6670000,22.37,91.88,101.89
2026-05-23T04:09:46.7500000,22.38,91.92,101.89
2026-05-23T04:09:47.7490000,22.38,91.89,101.89
2026-05-23T04:09:48.7900000,22.38,91.9,101.889
2026-05-23T04:09:49.8310000,22.38,91.91,101.889
2026-05-23T04:09:50.8710000,22.38,91.92,101.889
2026-05-23T04:09:51.9120000,22.38,91.92,101.888
2026-05-23T04:09:52.9530000,22.38,91.95,101.888
2026-05-23T04:09:53.9940000,22.38,91.94,101.888
2026-05-23T04:09:55.0450000,22.38,91.93,101.888
2026-05-23T04:09:56.0860000,22.38,91.94,101.888
2026-05-23T04:09:57.1260000,22.38,91.97,101.887
2026-05-23T04:09:58.1670000,22.38,92,101.888
2026-05-23T04:09:59.2080000,22.38,91.95,101.888
2026-05-23T04:10:00.2490000,22.38,91.97,101.888
2026-05-23T04:10:01.2930000,22.38,91.98,101.887
2026-05-23T04:10:02.3330000,22.39,91.98,101.888
2026-05-23T04:10:03.3740000,22.39,92,101.887
2026-05-23T04:10:04.4150000,22.39,92,101.888
2026-05-23T04:10:05.4560000,22.39,91.98,101.887
2026-05-23T04:10:06.4960000,22.39,92.01,101.887
2026-05-23T04:10:07.5370000,22.39,92.02,101.886
2026-05-23T04:10:08.5880000,22.38,91.96,101.885
2026-05-23T04:10:09.6290000,22.39,92.01,101.885
2026-05-23T04:10:10.6700000,22.39,92.01,101.885
2026-05-23T04:10:11.7100000,22.39,92.06,101.885
2026-05-23T04:10:12.7510000,22.39,92.04,101.886
2026-05-23T04:10:13.7920000,22.39,92.06,101.886
2026-05-23T04:10:14.8680000,22.39,92.09,101.886
2026-05-23T04:10:15.8770000,22.39,92.06,101.887
2026-05-23T04:10:16.9180000,22.39,92.09,101.887
2026-05-23T04:10:17.9590000,22.39,92.08,101.886
2026-05-23T04:10:18.9990000,22.39,92.08,101.887
2026-05-23T04:10:20.0400000,22.39,92.09,101.886
2026-05-23T04:10:21.0810000,22.4,92.09,101.887
2026-05-23T04:10:22.1220000,22.4,92.1,101.887
2026-05-23T04:10:23.1620000,22.4,92.13,101.888
2026-05-23T04:10:24.2140000,22.4,92.12,101.887
2026-05-23T04:10:25.2540000,22.4,92.12,101.888
2026-05-23T04:10:26.2950000,22.4,92.16,101.888
2026-05-23T04:10:27.3360000,22.4,92.16,101.888
2026-05-23T04:10:28.4430000,22.4,92.18,101.888
2026-05-23T04:10:29.4210000,22.4,92.15,101.888
2026-05-23T04:10:30.4610000,22.4,92.16,101.888
2026-05-23T04:10:31.5020000,22.4,92.14,101.888
2026-05-23T04:10:32.5430000,22.4,92.17,101.888
2026-05-23T04:10:33.5840000,22.4,92.17,101.888
2026-05-23T04:10:34.6240000,22.4,92.18,101.888
2026-05-23T04:10:35.6650000,22.4,92.18,101.887
2026-05-23T04:10:36.7060000,22.4,92.24,101.887
2026-05-23T04:10:37.7570000,22.4,92.16,101.887
2026-05-23T04:10:38.7980000,22.4,92.19,101.888
2026-05-23T04:10:39.8380000,22.4,92.2,101.887
2026-05-23T04:10:40.8790000,22.4,92.22,101.886
2026-05-23T04:10:41.9200000,22.41,92.19,101.886
2026-05-23T04:10:42.9850000,22.41,92.22,101.886
2026-05-23T04:10:44.0050000,22.4,92.22,101.886
2026-05-23T04:10:45.0460000,22.4,92.2,101.885
2026-05-23T04:10:46.0860000,22.4,92.22,101.886
2026-05-23T04:10:47.1270000,22.4,92.24,101.885
2026-05-23T04:10:48.1680000,22.4,92.26,101.885
2026-05-23T04:10:49.2090000,22.4,92.25,101.884
2026-05-23T04:10:50.2500000,22.41,92.17,101.884
2026-05-23T04:10:51.2910000,22.41,92.25,101.885
2026-05-23T04:10:52.3310000,22.41,92.24,101.885
2026-05-23T04:10:53.3820000,22.41,92.26,101.885
2026-05-23T04:10:54.4230000,22.41,92.25,101.885
2026-05-23T04:10:55.4640000,22.41,92.25,101.885
2026-05-23T04:10:56.5600000,22.41,92.31,101.884
2026-05-23T04:10:57.5490000,22.41,92.27,101.884
2026-05-23T04:10:58.5890000,22.41,92.29,101.884
2026-05-23T04:10:59.6300000,22.41,92.28,101.884
2026-05-23T04:11:00.6710000,22.41,92.27,101.885
2026-05-23T04:11:01.7120000,22.41,92.29,101.885
2026-05-23T04:11:02.7520000,22.41,92.28,101.884
2026-05-23T04:11:03.7930000,22.41,92.29,101.884
2026-05-23T04:11:04.8340000,22.41,92.27,101.884
2026-05-23T04:11:05.8750000,22.41,92.29,101.884
2026-05-23T04:11:06.9260000,22.41,92.31,101.884
2026-05-23T04:11:07.9670000,22.41,92.29,101.885
2026-05-23T04:11:09.0080000,22.41,92.3,101.884
2026-05-23T04:11:10.0480000,22.41,92.32,101.884
2026-05-23T04:11:11.1030000,22.41,92.35,101.884
2026-05-23T04:11:12.1330000,22.41,92.31,101.884
2026-05-23T04:11:13.1740000,22.41,92.32,101.884
2026-05-23T04:11:14.2150000,22.41,92.32,101.883
2026-05-23T04:11:15.2560000,22.41,92.32,101.884
2026-05-23T04:11:16.2960000,22.42,92.36,101.884
2026-05-23T04:11:17.3370000,22.41,92.33,101.884
2026-05-23T04:11:18.3780000,22.42,92.26,101.883
2026-05-23T04:11:19.4180000,22.42,92.31,101.884
2026-05-23T04:11:20.4700000,22.42,92.34,101.884
2026-05-23T04:11:21.5100000,22.42,92.33,101.884
2026-05-23T04:11:22.5510000,22.41,92.36,101.883
2026-05-23T04:11:23.5920000,22.42,92.34,101.883
2026-05-23T04:11:24.6750000,22.41,92.34,101.884
2026-05-23T04:11:25.6730000,22.41,92.34,101.883
2026-05-23T04:11:26.7140000,22.41,92.35,101.883
2026-05-23T04:11:27.7550000,22.41,92.34,101.884
2026-05-23T04:11:28.7960000,22.41,92.35,101.884
2026-05-23T04:11:29.8370000,22.41,92.34,101.884
2026-05-23T04:11:30.8770000,22.41,92.35,101.884
2026-05-23T04:11:31.9280000,22.41,92.35,101.884
2026-05-23T04:11:32.9690000,22.41,92.36,101.883
2026-05-23T04:11:34.0100000,22.41,92.33,101.883
2026-05-23T04:11:35.0510000,22.41,92.37,101.883
2026-05-23T04:11:36.0920000,22.41,92.35,101.884
2026-05-23T04:11:37.1320000,22.41,92.32,101.884
2026-05-23T04:11:38.1730000,22.41,92.35,101.884
2026-05-23T04:11:39.2210000,22.41,92.35,101.884
2026-05-23T04:11:40.2620000,22.41,92.36,101.885
2026-05-23T04:11:41.3020000,22.41,92.36,101.885
2026-05-23T04:11:42.3430000,22.41,92.35,101.885
2026-05-23T04:11:43.3840000,22.41,92.36,101.885
2026-05-23T04:11:44.4240000,22.41,92.39,101.884
2026-05-23T04:11:45.4650000,22.41,92.37,101.883
2026-05-23T04:11:46.5060000,22.41,92.39,101.883
2026-05-23T04:11:47.5460000,22.41,92.4,101.884
2026-05-23T04:11:48.5980000,22.41,92.35,101.883
2026-05-23T04:11:49.6380000,22.41,92.39,101.882
2026-05-23T04:11:50.6790000,22.41,92.37,101.882
2026-05-23T04:11:51.7200000,22.41,92.39,101.881
2026-05-23T04:11:52.7920000,22.41,92.34,101.882
2026-05-23T04:11:53.8010000,22.41,92.36,101.881
2026-05-23T04:11:54.8420000,22.41,92.36,101.881
2026-05-23T04:11:55.8830000,22.41,92.36,101.88
2026-05-23T04:11:56.9240000,22.41,92.36,101.881
2026-05-23T04:11:57.9640000,22.41,92.35,101.881
2026-05-23T04:11:59.0050000,22.41,92.36,101.882
2026-05-23T04:12:00.0560000,22.4,92.3,101.881
2026-05-23T04:12:01.0970000,22.4,92.35,101.881
2026-05-23T04:12:02.1380000,22.4,92.4,101.881
2026-05-23T04:12:03.1790000,22.4,92.37,101.881
2026-05-23T04:12:04.2190000,22.4,92.34,101.881
2026-05-23T04:12:05.2600000,22.4,92.34,101.882
2026-05-23T04:12:06.3710000,22.4,92.34,101.881
2026-05-23T04:12:07.3480000,22.4,92.35,101.881
2026-05-23T04:12:08.3890000,22.4,92.34,101.881
2026-05-23T04:12:09.4310000,22.4,92.34,101.88
2026-05-23T04:12:10.4710000,22.4,92.34,101.88
2026-05-23T04:12:11.5120000,22.4,92.34,101.88
2026-05-23T04:12:12.5520000,22.4,92.33,101.88
2026-05-23T04:12:13.5930000,22.4,92.33,101.879
2026-05-23T04:12:14.6340000,22.4,92.31,101.879
2026-05-23T04:12:15.6750000,22.4,92.3,101.879
2026-05-23T04:12:16.7150000,22.39,92.32,101.879
2026-05-23T04:12:17.7560000,22.39,92.33,101.879
2026-05-23T04:12:18.8080000,22.39,92.33,101.879
2026-05-23T04:12:19.8480000,22.39,92.33,101.879
2026-05-23T04:12:20.9170000,22.39,92.29,101.879
2026-05-23T04:12:21.9260000,22.39,92.3,101.878
2026-05-23T04:12:22.9670000,22.39,92.3,101.878
2026-05-23T04:12:24.0080000,22.39,92.29,101.877
2026-05-23T04:12:25.0490000,22.39,92.27,101.878
2026-05-23T04:12:26.1000000,22.38,92.26,101.878
2026-05-23T04:12:27.1410000,22.38,92.27,101.878
2026-05-23T04:12:28.1810000,22.38,92.31,101.877
2026-05-23T04:12:29.2220000,22.38,92.27,101.877
2026-05-23T04:12:30.2630000,22.38,92.26,101.877
2026-05-23T04:12:31.3040000,22.38,92.24,101.877
2026-05-23T04:12:32.3440000,22.38,92.22,101.878
2026-05-23T04:12:33.3850000,22.38,92.24,101.878
2026-05-23T04:12:34.4920000,22.38,92.19,101.878
2026-05-23T04:12:35.4700000,22.38,92.22,101.879
2026-05-23T04:12:36.5110000,22.38,92.22,101.878
2026-05-23T04:12:37.5510000,22.37,92.21,101.878
2026-05-23T04:12:38.5920000,22.37,92.18,101.879
2026-05-23T04:12:39.6330000,22.37,92.17,101.879
2026-05-23T04:12:40.6840000,22.37,92.18,101.879
2026-05-23T04:12:41.7250000,22.37,92.18,101.879
2026-05-23T04:12:42.7660000,22.37,92.18,101.879
2026-05-23T04:12:43.8070000,22.37,92.16,101.879
2026-05-23T04:12:44.8470000,22.37,92.17,101.879
2026-05-23T04:12:45.8880000,22.37,92.15,101.88
2026-05-23T04:12:46.9290000,22.37,92.16,101.88
2026-05-23T04:12:47.9700000,22.37,92.14,101.879
2026-05-23T04:12:49.0380000,22.37,92.15,101.88
2026-05-23T04:12:50.0580000,22.36,92.13,101.879
2026-05-23T04:12:51.0990000,22.36,92.12,101.879
2026-05-23T04:12:52.1390000,22.36,92.12,101.879
2026-05-23T04:12:53.1800000,22.36,92.11,101.879
2026-05-23T04:12:54.2210000,22.36,92.12,101.879
2026-05-23T04:12:55.2620000,22.36,92.12,101.879
2026-05-23T04:12:56.3020000,22.36,92.16,101.879
2026-05-23T04:12:57.3430000,22.35,92.09,101.879
2026-05-23T04:12:58.3940000,22.35,92.1,101.879
2026-05-23T04:12:59.4350000,22.35,92.06,101.879
2026-05-23T04:13:00.4760000,22.35,92.05,101.879
2026-05-23T04:13:01.5170000,22.35,92.08,101.879
2026-05-23T04:13:02.6170000,22.35,92.05,101.878
2026-05-23T04:13:03.5950000,22.35,92.05,101.878
2026-05-23T04:13:04.6350000,22.35,92.03,101.878
2026-05-23T04:13:05.6870000,22.34,92.02,101.879
2026-05-23T04:13:06.7270000,22.34,92.01,101.88
2026-05-23T04:13:07.7680000,22.34,92,101.88
2026-05-23T04:13:08.8090000,22.34,92,101.88
2026-05-23T04:13:09.8500000,22.34,92,101.879
2026-05-23T04:13:10.8910000,22.34,92,101.879
2026-05-23T04:13:11.9310000,22.34,91.98,101.88
2026-05-23T04:13:12.9720000,22.34,91.94,101.879
2026-05-23T04:13:14.0130000,22.34,91.98,101.88
2026-05-23T04:13:15.0540000,22.34,91.94,101.881
2026-05-23T04:13:16.1050000,22.34,91.92,101.881
2026-05-23T04:13:17.1630000,22.34,91.88,101.881
2026-05-23T04:13:18.1830000,22.33,91.89,101.88
2026-05-23T04:13:19.2240000,22.33,91.89,101.88
2026-05-23T04:13:20.2640000,22.33,91.88,101.88
2026-05-23T04:13:21.3050000,22.33,91.88,101.88
2026-05-23T04:13:22.3460000,22.33,91.86,101.881
2026-05-23T04:13:23.3970000,22.33,91.83,101.88
2026-05-23T04:13:24.4380000,22.33,91.83,101.88
2026-05-23T04:13:25.4780000,22.33,91.85,101.881
2026-05-23T04:13:26.5190000,22.33,91.8,101.881
2026-05-23T04:13:27.5600000,22.33,91.82,101.881
2026-05-23T04:13:28.6010000,22.33,91.78,101.882
2026-05-23T04:13:29.6420000,22.33,91.75,101.882
2026-05-23T04:13:30.7420000,22.33,91.78,101.881
2026-05-23T04:13:31.7300000,22.32,91.73,101.881
2026-05-23T04:13:32.7710000,22.32,91.72,101.88
2026-05-23T04:13:33.8120000,22.32,91.71,101.88
2026-05-23T04:13:34.8530000,22.32,91.7,101.88
2026-05-23T04:13:35.8930000,22.32,91.7,101.88
2026-05-23T04:13:36.9340000,22.32,91.7,101.879
2026-05-23T04:13:37.9750000,22.32,91.68,101.879
2026-05-23T04:13:39.0160000,22.32,91.68,101.88
2026-05-23T04:13:40.0560000,22.32,91.68,101.88
2026-05-23T04:13:41.1080000,22.32,91.62,101.88
2026-05-23T04:13:42.1480000,22.32,91.64,101.88
2026-05-23T04:13:43.1890000,22.32,91.68,101.88
2026-05-23T04:13:44.2300000,22.32,91.65,101.881
2026-05-23T04:13:45.2880000,22.32,91.6,101.881
2026-05-23T04:13:46.3080000,22.32,91.58,101.882
2026-05-23T04:13:47.3590000,22.32,91.54,101.882
2026-05-23T04:13:48.3990000,22.31,91.53,101.881
2026-05-23T04:13:49.4410000,22.31,91.51,101.882
2026-05-23T04:13:50.4810000,22.31,91.5,101.882
2026-05-23T04:13:51.5220000,22.31,91.49,101.882
2026-05-23T04:13:52.5630000,22.31,91.5,101.882
2026-05-23T04:13:53.6040000,22.31,91.46,101.882
2026-05-23T04:13:54.6450000,22.31,91.46,101.882
2026-05-23T04:13:55.6850000,22.31,91.5,101.883
2026-05-23T04:13:56.7260000,22.31,91.5,101.883
2026-05-23T04:13:57.7770000,22.31,91.51,101.883
2026-05-23T04:13:58.8640000,22.32,91.55,101.883
2026-05-23T04:13:59.8520000,22.32,91.53,101.882
2026-05-23T04:14:00.8930000,22.32,91.52,101.882
2026-05-23T04:14:01.9440000,22.32,91.53,101.883
2026-05-23T04:14:02.9850000,22.32,91.51,101.882
2026-05-23T04:14:04.0260000,22.32,91.51,101.882
2026-05-23T04:14:05.0670000,22.32,91.49,101.882
2026-05-23T04:14:06.1070000,22.32,91.46,101.882
2026-05-23T04:14:07.1480000,22.32,91.43,101.882
2026-05-23T04:14:08.1890000,22.32,91.43,101.882
2026-05-23T04:14:09.2300000,22.32,91.42,101.881
2026-05-23T04:14:10.2700000,22.32,91.45,101.881
2026-05-23T04:14:11.3110000,22.31,91.44,101.88
2026-05-23T04:14:12.3620000,22.32,91.41,101.881
2026-05-23T04:14:13.4130000,22.32,91.44,101.881
2026-05-23T04:14:14.4440000,22.32,91.44,101.881
2026-05-23T04:14:15.4850000,22.32,91.46,101.88
2026-05-23T04:14:16.5250000,22.32,91.44,101.881
2026-05-23T04:14:17.5660000,22.32,91.45,101.881
2026-05-23T04:14:18.6070000,22.32,91.48,101.88
2026-05-23T04:14:19.6480000,22.32,91.46,101.88
2026-05-23T04:14:20.6880000,22.32,91.41,101.881
2026-05-23T04:14:21.7290000,22.32,91.46,101.882
2026-05-23T04:14:22.7800000,22.32,91.45,101.883
2026-05-23T04:14:23.8210000,22.33,91.46,101.884
2026-05-23T04:14:24.8620000,22.33,91.48,101.885
2026-05-23T04:14:25.9030000,22.33,91.48,101.886
2026-05-23T04:14:26.9920000,22.33,91.46,101.886
2026-05-23T04:14:27.9810000,22.33,91.47,101.885
2026-05-23T04:14:29.0320000,22.33,91.47,101.886
2026-05-23T04:14:30.0730000,22.33,91.48,101.886
2026-05-23T04:14:31.1130000,22.33,91.49,101.886
2026-05-23T04:14:32.1540000,22.34,91.5,101.887
2026-05-23T04:14:33.1950000,22.34,91.5,101.886
2026-05-23T04:14:34.2360000,22.34,91.5,101.885
2026-05-23T04:14:35.2760000,22.34,91.48,101.884
2026-05-23T04:14:36.3170000,22.34,91.48,101.885
2026-05-23T04:14:37.3580000,22.34,91.53,101.884
2026-05-23T04:14:38.3980000,22.34,91.56,101.885
2026-05-23T04:14:39.4500000,22.34,91.51,101.885
2026-05-23T04:14:40.4900000,22.34,91.56,101.885
2026-05-23T04:14:41.5420000,22.34,91.56,101.885
2026-05-23T04:14:42.5720000,22.35,91.56,101.886
2026-05-23T04:14:43.6130000,22.35,91.57,101.886
2026-05-23T04:14:44.6530000,22.35,91.6,101.886
2026-05-23T04:14:45.6940000,22.35,91.59,101.886
2026-05-23T04:14:46.7350000,22.35,91.6,101.887
2026-05-23T04:14:47.7760000,22.35,91.6,101.886
2026-05-23T04:14:48.8160000,22.35,91.6,101.886
2026-05-23T04:14:49.8680000,22.35,91.62,101.886
2026-05-23T04:14:50.9080000,22.36,91.61,101.886
2026-05-23T04:14:51.9490000,22.36,91.63,101.886
2026-05-23T04:14:52.9900000,22.36,91.66,101.887
2026-05-23T04:14:54.0310000,22.37,91.64,101.887
2026-05-23T04:14:55.1200000,22.37,91.69,101.887
2026-05-23T04:14:56.1190000,22.37,91.67,101.887
2026-05-23T04:14:58.2000000,22.37,91.68,101.887
2026-05-23T04:14:59.2410000,22.37,91.69,101.887
2026-05-23T04:15:00.2820000,22.37,91.7,101.886
2026-05-23T04:15:01.3230000,22.37,91.7,101.887
2026-05-23T04:15:02.3630000,22.37,91.71,101.887
2026-05-23T04:15:03.4040000,22.37,91.71,101.887
2026-05-23T04:15:04.4450000,22.38,91.7,101.888
2026-05-23T04:15:05.4860000,22.38,91.71,101.888
2026-05-23T04:15:06.5370000,22.38,91.73,101.888
2026-05-23T04:15:07.5780000,22.38,91.73,101.888
2026-05-23T04:15:08.6190000,22.38,91.73,101.888
2026-05-23T04:15:09.6700000,22.38,91.8,101.888
2026-05-23T04:15:10.7000000,22.38,91.78,101.887
2026-05-23T04:15:11.7410000,22.38,91.79,101.887
2026-05-23T04:15:12.7820000,22.38,91.79,101.887
2026-05-23T04:15:13.8220000,22.38,91.81,101.887
2026-05-23T04:15:14.8630000,22.38,91.81,101.887
2026-05-23T04:15:15.9040000,22.38,91.82,101.887
2026-05-23T04:15:16.9550000,22.38,91.86,101.886
2026-05-23T04:15:17.9960000,22.38,91.84,101.886
2026-05-23T04:15:19.0370000,22.38,91.84,101.886
2026-05-23T04:15:20.0770000,22.39,91.88,101.886
2026-05-23T04:15:21.1180000,22.39,91.88,101.884
2026-05-23T04:15:22.1590000,22.39,91.89,101.883
2026-05-23T04:15:23.2480000,22.39,91.87,101.884
2026-05-23T04:15:24.2470000,22.39,91.92,101.883
2026-05-23T04:15:25.2880000,22.39,91.92,101.884
2026-05-23T04:15:26.3290000,22.39,91.93,101.885
2026-05-23T04:15:27.3700000,22.39,91.93,101.885
2026-05-23T04:15:28.4100000,22.39,91.93,101.885
2026-05-23T04:15:29.4510000,22.39,91.95,101.885
2026-05-23T04:15:31.5330000,22.39,91.95,101.886
2026-05-23T04:15:32.5730000,22.39,91.96,101.885
2026-05-23T04:15:33.6250000,22.39,91.98,101.885
2026-05-23T04:15:34.6650000,22.39,91.98,101.886
2026-05-23T04:15:35.7060000,22.39,92,101.886
2026-05-23T04:15:36.7470000,22.39,92.02,101.885
2026-05-23T04:15:37.7980000,22.39,92.01,101.885
2026-05-23T04:15:38.8280000,22.39,92.04,101.885
2026-05-23T04:15:39.8690000,22.4,92.03,101.885
2026-05-23T04:15:40.9100000,22.4,92.04,101.885
2026-05-23T04:15:41.9500000,22.4,92.04,101.885
2026-05-23T04:15:42.9910000,22.4,92.05,101.886
2026-05-23T04:15:44.0420000,22.4,92.05,101.886
2026-05-23T04:15:45.0830000,22.4,92.02,101.886
2026-05-23T04:15:46.1240000,22.4,92.05,101.887
2026-05-23T04:15:47.1650000,22.4,92.04,101.887
2026-05-23T04:15:48.2050000,22.4,92.08,101.886
2026-05-23T04:15:49.2460000,22.4,92.1,101.886
2026-05-23T04:15:50.2870000,22.4,92.14,101.886
2026-05-23T04:15:51.3760000,22.4,92.1,101.885
2026-05-23T04:15:52.3750000,22.4,92.11,101.885
2026-05-23T04:15:53.4160000,22.4,92.11,101.885
2026-05-23T04:15:54.4570000,22.4,92.12,101.885
2026-05-23T04:15:55.4970000,22.4,92.12,101.885
2026-05-23T04:15:56.5380000,22.4,92.13,101.885
2026-05-23T04:15:57.5790000,22.4,92.13,101.884
2026-05-23T04:15:58.6200000,22.4,92.14,101.884
2026-05-23T04:15:59.6600000,22.4,92.15,101.884
2026-05-23T04:16:00.7010000,22.39,92.11,101.881
2026-05-23T04:16:01.7420000,22.39,92.16,101.882
2026-05-23T04:16:02.7930000,22.39,92.18,101.881
2026-05-23T04:16:03.8340000,22.4,92.17,101.882
2026-05-23T04:16:04.8750000,22.4,92.18,101.882
2026-05-23T04:16:05.9220000,22.4,92.15,101.881
2026-05-23T04:16:06.9530000,22.4,92.17,101.882
2026-05-23T04:16:07.9930000,22.4,92.2,101.882
2026-05-23T04:16:09.0340000,22.4,92.17,101.882
2026-05-23T04:16:10.0850000,22.4,92.17,101.882
2026-05-23T04:16:11.1260000,22.4,92.19,101.882
2026-05-23T04:16:12.1670000,22.4,92.19,101.883
2026-05-23T04:16:13.2070000,22.4,92.15,101.883
2026-05-23T04:16:14.2480000,22.4,92.24,101.883
2026-05-23T04:16:15.2890000,22.4,92.22,101.882
2026-05-23T04:16:16.3300000,22.4,92.21,101.882
2026-05-23T04:16:17.3710000,22.41,92.25,101.883
2026-05-23T04:16:18.4120000,22.41,92.19,101.883
2026-05-23T04:16:19.4980000,22.41,92.2,101.883
2026-05-23T04:16:20.4960000,22.41,92.21,101.883
2026-05-23T04:16:21.5370000,22.41,92.24,101.883
2026-05-23T04:16:22.5780000,22.41,92.26,101.883
2026-05-23T04:16:23.6190000,22.41,92.27,101.884
2026-05-23T04:16:24.6700000,22.41,92.25,101.884
2026-05-23T04:16:25.7110000,22.4,92.24,101.883
2026-05-23T04:16:26.7520000,22.4,92.26,101.884
2026-05-23T04:16:27.7920000,22.4,92.24,101.884
2026-05-23T04:16:28.8330000,22.4,92.29,101.884
2026-05-23T04:16:29.8740000,22.4,92.26,101.884
2026-05-23T04:16:30.9150000,22.4,92.27,101.884
2026-05-23T04:16:31.9560000,22.4,92.29,101.884
2026-05-23T04:16:32.9960000,22.4,92.27,101.883
2026-05-23T04:16:34.0440000,22.4,92.25,101.883
2026-05-23T04:16:35.0850000,22.4,92.28,101.883
2026-05-23T04:16:36.1250000,22.4,92.29,101.883
2026-05-23T04:16:37.1660000,22.4,92.25,101.883
2026-05-23T04:16:38.2070000,22.4,92.29,101.884
2026-05-23T04:16:39.2480000,22.4,92.28,101.883
2026-05-23T04:16:40.2890000,22.4,92.28,101.884
2026-05-23T04:16:41.3300000,22.4,92.31,101.885
2026-05-23T04:16:42.3700000,22.4,92.31,101.885
2026-05-23T04:16:43.4220000,22.4,92.3,101.884
2026-05-23T04:16:44.4620000,22.4,92.25,101.884
2026-05-23T04:16:45.5030000,22.4,92.31,101.883
2026-05-23T04:16:46.5440000,22.4,92.32,101.883
2026-05-23T04:16:47.6200000,22.4,92.28,101.882
2026-05-23T04:16:48.6290000,22.4,92.31,101.882
2026-05-23T04:16:49.6700000,22.4,92.31,101.882
2026-05-23T04:16:50.7110000,22.4,92.3,101.882
2026-05-23T04:16:51.7510000,22.4,92.32,101.882
2026-05-23T04:16:52.7920000,22.4,92.31,101.882
2026-05-23T04:16:53.8330000,22.4,92.32,101.882
2026-05-23T04:16:54.8730000,22.4,92.31,101.882
2026-05-23T04:16:55.9140000,22.4,92.3,101.882
2026-05-23T04:16:56.9550000,22.4,92.33,101.882
2026-05-23T04:16:57.9960000,22.4,92.34,101.882
2026-05-23T04:16:59.0470000,22.4,92.3,101.882
2026-05-23T04:17:00.0870000,22.4,92.33,101.882
2026-05-23T04:17:01.1980000,22.4,92.36,101.882
2026-05-23T04:17:02.1650000,22.4,92.31,101.882
2026-05-23T04:17:03.2060000,22.4,92.3,101.882
2026-05-23T04:17:04.2470000,22.4,92.32,101.882
2026-05-23T04:17:05.2980000,22.4,92.32,101.883
2026-05-23T04:17:06.3390000,22.39,92.33,101.883
2026-05-23T04:17:07.3800000,22.39,92.32,101.883
2026-05-23T04:17:08.4210000,22.39,92.32,101.884
2026-05-23T04:17:09.4620000,22.39,92.31,101.884
2026-05-23T04:17:10.5020000,22.39,92.35,101.884
2026-05-23T04:17:11.5430000,22.39,92.35,101.884
2026-05-23T04:17:12.5840000,22.39,92.35,101.884
2026-05-23T04:17:13.6250000,22.39,92.3,101.884
2026-05-23T04:17:14.6650000,22.39,92.32,101.884
2026-05-23T04:17:15.7450000,22.39,92.36,101.885
2026-05-23T04:17:16.7540000,22.39,92.33,101.884
2026-05-23T04:17:17.7940000,22.39,92.32,101.884
2026-05-23T04:17:18.8350000,22.39,92.33,101.884
2026-05-23T04:17:19.8760000,22.39,92.33,101.884
2026-05-23T04:17:20.9170000,22.39,92.32,101.884
2026-05-23T04:17:21.9580000,22.39,92.33,101.883
2026-05-23T04:17:23.0090000,22.39,92.31,101.883
2026-05-23T04:17:24.0490000,22.39,92.36,101.883
2026-05-23T04:17:25.0900000,22.39,92.29,101.882
2026-05-23T04:17:26.1310000,22.39,92.29,101.883
2026-05-23T04:17:27.1720000,22.39,92.35,101.884
2026-05-23T04:17:28.2130000,22.39,92.33,101.883
2026-05-23T04:17:29.3200000,22.39,92.31,101.883
2026-05-23T04:17:30.2980000,22.39,92.32,101.883
2026-05-23T04:17:31.3380000,22.39,92.32,101.883
2026-05-23T04:17:32.3790000,22.39,92.33,101.883
2026-05-23T04:17:33.4200000,22.39,92.33,101.883
2026-05-23T04:17:34.4610000,22.39,92.33,101.883
2026-05-23T04:17:35.5010000,22.39,92.32,101.883
2026-05-23T04:17:36.5530000,22.39,92.32,101.883
2026-05-23T04:17:37.5930000,22.39,92.31,101.883
2026-05-23T04:17:38.6340000,22.39,92.34,101.883
2026-05-23T04:17:39.6750000,22.39,92.32,101.883
2026-05-23T04:17:40.7160000,22.39,92.31,101.882
2026-05-23T04:17:41.7560000,22.39,92.31,101.883
2026-05-23T04:17:42.7970000,22.39,92.31,101.883
2026-05-23T04:17:43.8660000,22.39,92.32,101.885
2026-05-23T04:17:44.8850000,22.38,92.29,101.885
2026-05-23T04:17:45.9260000,22.38,92.27,101.885
2026-05-23T04:17:46.9670000,22.38,92.26,101.885
2026-05-23T04:17:48.0070000,22.38,92.26,101.885
2026-05-23T04:17:49.0480000,22.38,92.26,101.884
2026-05-23T04:17:50.0890000,22.38,92.25,101.884
2026-05-23T04:17:51.1300000,22.38,92.27,101.884
2026-05-23T04:17:52.1810000,22.38,92.26,101.883
2026-05-23T04:17:53.2220000,22.38,92.25,101.883
2026-05-23T04:17:54.2630000,22.37,92.23,101.882
2026-05-23T04:17:55.3030000,22.37,92.23,101.882
2026-05-23T04:17:56.3440000,22.37,92.25,101.883
2026-05-23T04:17:57.4410000,22.37,92.31,101.883
2026-05-23T04:17:58.4290000,22.37,92.22,101.883
2026-05-23T04:17:59.4700000,22.37,92.21,101.884
2026-05-23T04:18:00.5110000,22.37,92.21,101.883
2026-05-23T04:18:01.5520000,22.37,92.2,101.884
2026-05-23T04:18:02.5920000,22.37,92.18,101.883
2026-05-23T04:18:03.6330000,22.36,92.17,101.883
2026-05-23T04:18:04.6740000,22.36,92.17,101.882
2026-05-23T04:18:05.7250000,22.37,92.14,101.883
2026-05-23T04:18:06.7660000,22.37,92.14,101.883
2026-05-23T04:18:07.8060000,22.37,92.17,101.884
2026-05-23T04:18:08.8470000,22.36,92.15,101.884
2026-05-23T04:18:09.8880000,22.37,92.15,101.884
2026-05-23T04:18:10.9290000,22.36,92.15,101.883
2026-05-23T04:18:11.9870000,22.36,92.14,101.883
2026-05-23T04:18:13.0180000,22.36,92.13,101.883
2026-05-23T04:18:14.0580000,22.35,92.13,101.883
2026-05-23T04:18:15.0990000,22.35,92.13,101.882
2026-05-23T04:18:16.1400000,22.35,92.12,101.883
2026-05-23T04:18:17.1810000,22.35,92.11,101.884
2026-05-23T04:18:18.2220000,22.35,92.09,101.883
2026-05-23T04:18:19.2620000,22.35,92.08,101.884
2026-05-23T04:18:20.3030000,22.35,92.07,101.884
2026-05-23T04:18:21.3440000,22.34,92.06,101.884
2026-05-23T04:18:22.3950000,22.34,92.05,101.885
2026-05-23T04:18:23.4360000,22.34,92.08,101.885
2026-05-23T04:18:24.4770000,22.35,92.07,101.886
2026-05-23T04:18:25.5630000,22.34,92.06,101.885
2026-05-23T04:18:26.5620000,22.34,92.04,101.885
2026-05-23T04:18:27.6030000,22.34,92.04,101.886
2026-05-23T04:18:28.6430000,22.34,92.02,101.887
2026-05-23T04:18:29.6840000,22.34,92.01,101.887
2026-05-23T04:18:30.7250000,22.34,92.01,101.888
2026-05-23T04:18:31.7660000,22.34,92,101.888
2026-05-23T04:18:32.8060000,22.34,92,101.889
2026-05-23T04:18:33.8470000,22.34,91.99,101.889
2026-05-23T04:18:34.8880000,22.34,91.94,101.89
2026-05-23T04:18:35.9390000,22.34,91.94,101.89
2026-05-23T04:18:36.9800000,22.34,91.89,101.891
2026-05-23T04:18:38.0210000,22.33,91.87,101.891
2026-05-23T04:18:39.0610000,22.33,91.89,101.891
2026-05-23T04:18:40.1090000,22.33,91.86,101.891
2026-05-23T04:18:41.1390000,22.33,91.86,101.891
2026-05-23T04:18:42.1900000,22.33,91.88,101.891
2026-05-23T04:18:43.2310000,22.33,91.89,101.891
2026-05-23T04:18:44.2720000,22.33,91.89,101.891
2026-05-23T04:18:45.3130000,22.33,91.86,101.892
2026-05-23T04:18:46.3540000,22.33,91.84,101.891
2026-05-23T04:18:47.3940000,22.33,91.71,101.89
2026-05-23T04:18:48.4350000,22.33,91.84,101.89
2026-05-23T04:18:49.4760000,22.32,91.83,101.89
2026-05-23T04:18:50.5160000,22.32,91.83,101.889
2026-05-23T04:18:51.5570000,22.32,91.86,101.889
2026-05-23T04:18:52.6080000,22.32,91.84,101.89
2026-05-23T04:18:53.6840000,22.32,91.88,101.888
2026-05-23T04:18:54.6830000,22.32,91.87,101.889
2026-05-23T04:18:55.7340000,22.32,91.88,101.888
2026-05-23T04:18:56.7750000,22.32,91.87,101.888
2026-05-23T04:18:57.8160000,22.33,91.88,101.888
2026-05-23T04:18:58.8560000,22.33,91.88,101.888
2026-05-23T04:18:59.8970000,22.33,91.88,101.889
2026-05-23T04:19:00.9380000,22.33,91.89,101.888
2026-05-23T04:19:01.9790000,22.33,91.86,101.888
2026-05-23T04:19:03.0190000,22.33,91.86,101.889
2026-05-23T04:19:04.0600000,22.33,91.84,101.889
2026-05-23T04:19:05.1010000,22.33,91.83,101.889
2026-05-23T04:19:06.1520000,22.33,91.81,101.89
2026-05-23T04:19:07.2590000,22.33,91.86,101.89
2026-05-23T04:19:08.2300000,22.33,91.84,101.89
2026-05-23T04:19:09.2710000,22.33,91.84,101.889
2026-05-23T04:19:10.3120000,22.33,91.84,101.888
2026-05-23T04:19:11.3520000,22.33,91.84,101.888
2026-05-23T04:19:12.3930000,22.34,91.84,101.888
2026-05-23T04:19:13.4440000,22.34,91.83,101.887
2026-05-23T04:19:14.4850000,22.34,91.84,101.887
2026-05-23T04:19:15.5260000,22.34,91.8,101.888
2026-05-23T04:19:16.5670000,22.34,91.88,101.887
2026-05-23T04:19:17.6070000,22.34,91.88,101.887
2026-05-23T04:19:18.6480000,22.34,91.88,101.888
2026-05-23T04:19:19.6890000,22.34,91.88,101.888
2026-05-23T04:19:20.7300000,22.34,91.87,101.888
2026-05-23T04:19:21.8050000,22.34,91.85,101.888
2026-05-23T04:19:22.8150000,22.34,91.89,101.888
2026-05-23T04:19:23.8550000,22.35,91.9,101.888
2026-05-23T04:19:24.8960000,22.35,91.9,101.888
2026-05-23T04:19:25.9370000,22.35,91.9,101.888
2026-05-23T04:19:26.9780000,22.35,91.9,101.888
2026-05-23T04:19:28.0290000,22.35,91.91,101.889
2026-05-23T04:19:29.0700000,22.35,91.9,101.889
2026-05-23T04:19:30.1110000,22.36,91.92,101.889
2026-05-23T04:19:31.1510000,22.35,91.96,101.888
2026-05-23T04:19:32.1920000,22.35,91.95,101.887
2026-05-23T04:19:33.2330000,22.35,91.92,101.887
2026-05-23T04:19:34.2740000,22.35,91.96,101.887
2026-05-23T04:19:35.3810000,22.36,91.95,101.887
2026-05-23T04:19:36.3590000,22.36,91.99,101.887
2026-05-23T04:19:37.4000000,22.36,91.97,101.886
2026-05-23T04:19:38.4400000,22.36,91.99,101.886
2026-05-23T04:19:39.4810000,22.36,92,101.886
2026-05-23T04:19:40.5220000,22.36,91.99,101.886
2026-05-23T04:19:41.5730000,22.36,92,101.886
2026-05-23T04:19:42.6140000,22.36,91.99,101.886
2026-05-23T04:19:43.6540000,22.37,92,101.886
2026-05-23T04:19:44.6950000,22.37,91.98,101.886
2026-05-23T04:19:45.7360000,22.37,92.04,101.886
2026-05-23T04:19:46.7770000,22.37,92,101.886
2026-05-23T04:19:47.8170000,22.37,92.06,101.886
2026-05-23T04:19:48.8580000,22.37,92.06,101.886
2026-05-23T04:19:49.9240000,22.37,92.06,101.886
2026-05-23T04:19:50.9430000,22.37,92.06,101.886
2026-05-23T04:19:51.9840000,22.37,92.06,101.885
2026-05-23T04:19:53.0250000,22.37,92.07,101.886
2026-05-23T04:19:54.0660000,22.37,92.08,101.886
2026-05-23T04:19:55.1170000,22.37,92.09,101.886
2026-05-23T04:19:56.1580000,22.38,92.09,101.886
2026-05-23T04:19:57.1990000,22.38,92.12,101.886
2026-05-23T04:19:58.2390000,22.38,92.11,101.886
2026-05-23T04:19:59.2800000,22.38,92.09,101.885
2026-05-23T04:20:00.3210000,22.38,92.11,101.885
2026-05-23T04:20:01.3620000,22.38,92.1,101.885
2026-05-23T04:20:02.4020000,22.38,92.15,101.886
2026-05-23T04:20:03.4990000,22.38,92.18,101.885
2026-05-23T04:20:04.4870000,22.38,92.16,101.886
2026-05-23T04:20:05.5280000,22.38,92.16,101.885
2026-05-23T04:20:06.5690000,22.38,92.18,101.885
2026-05-23T04:20:07.6100000,22.38,92.19,101.886
2026-05-23T04:20:08.6500000,22.38,92.19,101.886
2026-05-23T04:20:09.7020000,22.38,92.21,101.885
2026-05-23T04:20:10.7420000,22.39,92.2,101.886
2026-05-23T04:20:11.7830000,22.39,92.23,101.885
2026-05-23T04:20:12.8240000,22.39,92.2,101.884
2026-05-23T04:20:13.8650000,22.39,92.22,101.884
2026-05-23T04:20:14.9050000,22.39,92.2,101.884
2026-05-23T04:20:15.9460000,22.39,92.24,101.884
2026-05-23T04:20:16.9870000,22.39,92.25,101.885
2026-05-23T04:20:18.0450000,22.39,92.23,101.884
2026-05-23T04:20:19.0760000,22.39,92.26,101.884
2026-05-23T04:20:20.1190000,22.39,92.29,101.884
2026-05-23T04:20:21.1600000,22.39,92.27,101.884
2026-05-23T04:20:22.2000000,22.39,92.27,101.884
2026-05-23T04:20:23.2410000,22.39,92.27,101.883
2026-05-23T04:20:24.2820000,22.39,92.29,101.884
2026-05-23T04:20:25.3230000,22.39,92.31,101.883
2026-05-23T04:20:26.3630000,22.39,92.3,101.883
2026-05-23T04:20:27.4040000,22.39,92.3,101.883
2026-05-23T04:20:28.4450000,22.39,92.3,101.883
2026-05-23T04:20:29.4960000,22.39,92.31,101.883
2026-05-23T04:20:30.5370000,22.39,92.33,101.882
2026-05-23T04:20:31.6200000,22.39,92.35,101.881
2026-05-23T04:20:32.6180000,22.39,92.33,101.881
2026-05-23T04:20:33.6590000,22.39,92.33,101.88
2026-05-23T04:20:34.7000000,22.39,92.34,101.881
2026-05-23T04:20:35.7400000,22.39,92.36,101.881
2026-05-23T04:20:36.7810000,22.39,92.34,101.88
2026-05-23T04:20:37.8220000,22.39,92.35,101.881
2026-05-23T04:20:38.8730000,22.39,92.35,101.881
2026-05-23T04:20:39.9140000,22.4,92.35,101.882
2026-05-23T04:20:40.9550000,22.39,92.35,101.881
2026-05-23T04:20:41.9960000,22.39,92.38,101.881
2026-05-23T04:20:43.0370000,22.4,92.36,101.881
2026-05-23T04:20:44.0770000,22.4,92.36,101.881
2026-05-23T04:20:45.1180000,22.4,92.39,101.88
2026-05-23T04:20:46.1630000,22.4,92.41,101.88
2026-05-23T04:20:47.2030000,22.4,92.38,101.88
2026-05-23T04:20:48.2440000,22.4,92.39,101.879
2026-05-23T04:20:49.2850000,22.4,92.41,101.879
2026-05-23T04:20:50.3260000,22.4,92.41,101.879
2026-05-23T04:20:51.3660000,22.4,92.39,101.878
2026-05-23T04:20:52.4070000,22.4,92.4,101.88
2026-05-23T04:20:53.4580000,22.4,92.41,101.88
2026-05-23T04:20:54.4990000,22.4,92.4,101.88
2026-05-23T04:20:55.5400000,22.4,92.44,101.879
2026-05-23T04:20:56.5810000,22.4,92.4,101.879
2026-05-23T04:20:57.6210000,22.4,92.45,101.879
2026-05-23T04:20:58.6620000,22.4,92.42,101.879
2026-05-23T04:20:59.7380000,22.4,92.42,101.878
2026-05-23T04:21:00.7470000,22.4,92.45,101.878
2026-05-23T04:21:01.7880000,22.4,92.44,101.878
2026-05-23T04:21:02.8290000,22.4,92.43,101.878
2026-05-23T04:21:03.8700000,22.4,92.45,101.878
2026-05-23T04:21:04.9110000,22.4,92.45,101.879
2026-05-23T04:21:05.9510000,22.4,92.44,101.879
2026-05-23T04:21:07.0030000,22.4,92.48,101.879
2026-05-23T04:21:08.0440000,22.4,92.45,101.879
2026-05-23T04:21:09.0840000,22.4,92.45,101.879
2026-05-23T04:21:10.1250000,22.4,92.44,101.879
2026-05-23T04:21:11.1660000,22.4,92.43,101.878
2026-05-23T04:21:12.2070000,22.4,92.46,101.879
2026-05-23T04:21:13.3110000,22.4,92.48,101.879
2026-05-23T04:21:14.2880000,22.4,92.45,101.878
2026-05-23T04:21:15.3290000,22.4,92.45,101.878
2026-05-23T04:21:16.3700000,22.4,92.44,101.879
2026-05-23T04:21:17.4210000,22.4,92.47,101.88
2026-05-23T04:21:18.4620000,22.39,92.45,101.88
2026-05-23T04:21:19.5020000,22.39,92.47,101.88
2026-05-23T04:21:20.5430000,22.39,92.45,101.881
2026-05-23T04:21:21.5840000,22.39,92.41,101.881
2026-05-23T04:21:22.6240000,22.39,92.46,101.881
2026-05-23T04:21:23.6650000,22.39,92.48,101.881
2026-05-23T04:21:24.7060000,22.39,92.39,101.881
2026-05-23T04:21:25.7470000,22.39,92.47,101.882
2026-05-23T04:21:26.7980000,22.39,92.44,101.881
2026-05-23T04:21:27.8520000,22.39,92.4,101.88
2026-05-23T04:21:28.8720000,22.39,92.45,101.881
2026-05-23T04:21:29.9130000,22.39,92.46,101.881
2026-05-23T04:21:30.9650000,22.39,92.45,101.881
2026-05-23T04:21:32.0050000,22.39,92.45,101.88
2026-05-23T04:21:33.0460000,22.38,92.45,101.88
2026-05-23T04:21:34.0870000,22.38,92.41,101.88
2026-05-23T04:21:35.1280000,22.38,92.38,101.881
2026-05-23T04:21:36.1680000,22.38,92.42,101.881
2026-05-23T04:21:37.2090000,22.38,92.43,101.881
2026-05-23T04:21:38.2500000,22.38,92.43,101.881
2026-05-23T04:21:39.2910000,22.38,92.44,101.881
2026-05-23T04:21:40.3310000,22.38,92.42,101.881
2026-05-23T04:21:41.4280000,22.38,92.4,101.879
2026-05-23T04:21:42.4160000,22.38,92.42,101.879
2026-05-23T04:21:43.4570000,22.38,92.43,101.879
2026-05-23T04:21:44.5080000,22.37,92.42,101.878
2026-05-23T04:21:45.5490000,22.37,92.42,101.878
2026-05-23T04:21:46.5890000,22.37,92.42,101.879
2026-05-23T04:21:47.6300000,22.37,92.42,101.879
2026-05-23T04:21:48.6710000,22.37,92.42,101.879
2026-05-23T04:21:49.7120000,22.37,92.43,101.879
2026-05-23T04:21:50.7520000,22.37,92.39,101.879
2026-05-23T04:21:51.7930000,22.37,92.41,101.879
2026-05-23T04:21:52.8340000,22.37,92.39,101.879
2026-05-23T04:21:53.8750000,22.37,92.43,101.878
2026-05-23T04:21:54.9160000,22.37,92.4,101.878
2026-05-23T04:21:55.9740000,22.37,92.41,101.879
2026-05-23T04:21:57.0040000,22.37,92.43,101.879
2026-05-23T04:21:58.0450000,22.37,92.42,101.879
2026-05-23T04:21:59.0860000,22.37,92.43,101.879
2026-05-23T04:22:00.1260000,22.37,92.42,101.879
2026-05-23T04:22:01.1670000,22.37,92.41,101.879
2026-05-23T04:22:02.2180000,22.37,92.41,101.879
2026-05-23T04:22:03.2590000,22.37,92.41,101.879
2026-05-23T04:22:04.3000000,22.37,92.41,101.88
2026-05-23T04:22:05.3400000,22.37,92.41,101.88
2026-05-23T04:22:06.3810000,22.37,92.44,101.88
2026-05-23T04:22:07.4220000,22.37,92.42,101.88
2026-05-23T04:22:08.4630000,22.37,92.41,101.88
2026-05-23T04:22:09.5520000,22.37,92.3,101.88
2026-05-23T04:22:10.5510000,22.37,92.41,101.88
2026-05-23T04:22:11.5920000,22.37,92.41,101.88
2026-05-23T04:22:12.6320000,22.37,92.41,101.879
2026-05-23T04:22:13.6730000,22.37,92.41,101.879
2026-05-23T04:22:14.7140000,22.37,92.41,101.88
2026-05-23T04:22:15.7550000,22.38,92.41,101.88
2026-05-23T04:22:16.7950000,22.38,92.41,101.88
2026-05-23T04:22:17.8360000,22.37,92.39,101.879
2026-05-23T04:22:18.8770000,22.37,92.41,101.879
2026-05-23T04:22:19.9280000,22.37,92.4,101.88
2026-05-23T04:22:20.9690000,22.37,92.42,101.879
2026-05-23T04:22:22.0100000,22.37,92.4,101.88
2026-05-23T04:22:23.0510000,22.37,92.43,101.879
2026-05-23T04:22:24.0980000,22.37,92.39,101.878
2026-05-23T04:22:25.1290000,22.37,92.39,101.878
2026-05-23T04:22:26.1800000,22.37,92.38,101.878
2026-05-23T04:22:27.2210000,22.37,92.38,101.878
2026-05-23T04:22:28.2610000,22.37,92.39,101.879
2026-05-23T04:22:29.3020000,22.37,92.36,101.879
2026-05-23T04:22:30.3430000,22.36,92.38,101.878
2026-05-23T04:22:31.3840000,22.36,92.36,101.878
2026-05-23T04:22:32.4240000,22.36,92.36,101.878
2026-05-23T04:22:33.4650000,22.36,92.36,101.879
2026-05-23T04:22:34.5060000,22.36,92.35,101.879
2026-05-23T04:22:35.5460000,22.37,92.36,101.879
2026-05-23T04:22:36.5970000,22.37,92.37,101.879
2026-05-23T04:22:37.6730000,22.36,92.37,101.878
2026-05-23T04:22:38.6720000,22.37,92.35,101.879
2026-05-23T04:22:39.7230000,22.36,92.33,101.879
2026-05-23T04:22:40.7640000,22.36,92.33,101.879
2026-05-23T04:22:41.8050000,22.36,92.31,101.88
2026-05-23T04:22:42.8460000,22.36,92.31,101.879
2026-05-23T04:22:43.8870000,22.35,92.28,101.879
2026-05-23T04:22:44.9270000,22.35,92.3,101.879
2026-05-23T04:22:45.9680000,22.35,92.28,101.879
2026-05-23T04:22:47.0090000,22.35,92.29,101.879
2026-05-23T04:22:48.0500000,22.35,92.28,101.879
2026-05-23T04:22:49.0900000,22.35,92.28,101.879
2026-05-23T04:22:50.1420000,22.35,92.26,101.879
2026-05-23T04:22:51.2490000,22.35,92.27,101.879
2026-05-23T04:22:52.2190000,22.35,92.23,101.879
2026-05-23T04:22:53.2600000,22.34,92.23,101.879
2026-05-23T04:22:54.3010000,22.35,92.22,101.88
2026-05-23T04:22:55.3420000,22.34,92.23,101.879
2026-05-23T04:22:57.4330000,22.34,92.2,101.879
2026-05-23T04:22:58.4740000,22.34,92.2,101.878
2026-05-23T04:22:59.5150000,22.34,92.19,101.878
2026-05-23T04:23:00.5550000,22.34,92.22,101.878
2026-05-23T04:23:01.5960000,22.34,92.19,101.878
2026-05-23T04:23:02.6370000,22.34,92.22,101.878
2026-05-23T04:23:03.6770000,22.34,92.17,101.878
2026-05-23T04:23:04.7180000,22.34,92.1,101.877
2026-05-23T04:23:05.7970000,22.33,92.09,101.878
2026-05-23T04:23:06.8070000,22.33,92.06,101.878
2026-05-23T04:23:07.8470000,22.32,92.06,101.877
2026-05-23T04:23:08.8880000,22.32,92.08,101.877
2026-05-23T04:23:09.9290000,22.33,92.09,101.877
2026-05-23T04:23:10.9700000,22.33,92.1,101.877
2026-05-23T04:23:12.0110000,22.33,92.07,101.877
2026-05-23T04:23:13.0620000,22.32,92.06,101.877
2026-05-23T04:23:14.1020000,22.32,92.08,101.877
2026-05-23T04:23:15.1430000,22.32,92.09,101.877
2026-05-23T04:23:16.1840000,22.32,92.1,101.877
2026-05-23T04:23:17.2250000,22.32,92.09,101.877
2026-05-23T04:23:18.2650000,22.32,92.11,101.877
2026-05-23T04:23:19.3760000,22.32,92.12,101.878
2026-05-23T04:23:20.3540000,22.32,92.11,101.878
2026-05-23T04:23:21.3940000,22.32,92.1,101.878
2026-05-23T04:23:22.4350000,22.32,92.09,101.877
2026-05-23T04:23:23.4760000,22.32,92.11,101.877
2026-05-23T04:23:24.5160000,22.32,92.1,101.878
2026-05-23T04:23:25.5570000,22.32,92.1,101.878
2026-05-23T04:23:26.5980000,22.32,92.1,101.878
2026-05-23T04:23:27.6390000,22.32,92.14,101.877
2026-05-23T04:23:28.6790000,22.32,92.11,101.877
2026-05-23T04:23:29.7200000,22.32,92.11,101.877
2026-05-23T04:23:30.7610000,22.33,92.11,101.877
2026-05-23T04:23:31.8120000,22.33,92.11,101.877
2026-05-23T04:23:32.8530000,22.33,92.1,101.877
2026-05-23T04:23:33.9250000,22.33,92.11,101.877
2026-05-23T04:23:34.9340000,22.33,92.09,101.878
2026-05-23T04:23:35.9750000,22.33,92.09,101.878
2026-05-23T04:23:37.0160000,22.33,92.09,101.879
2026-05-23T04:23:38.0560000,22.33,92.1,101.879
2026-05-23T04:23:39.0970000,22.33,92.08,101.878
2026-05-23T04:23:40.1380000,22.33,92.11,101.878
2026-05-23T04:23:41.1790000,22.34,92.11,101.879
2026-05-23T04:23:42.2300000,22.34,92.14,101.878
2026-05-23T04:23:43.2700000,22.34,92.15,101.878
2026-05-23T04:23:44.3110000,22.34,92.15,101.879
2026-05-23T04:23:45.3520000,22.34,92.15,101.879
2026-05-23T04:23:46.3930000,22.34,92.12,101.879
2026-05-23T04:23:47.5030000,22.34,92.12,101.88
2026-05-23T04:23:48.4710000,22.34,92.13,101.88
2026-05-23T04:23:49.5220000,22.34,92.16,101.88
2026-05-23T04:23:50.5630000,22.34,92.15,101.88
2026-05-23T04:23:51.6030000,22.34,92.15,101.88
2026-05-23T04:23:52.6440000,22.34,92.14,101.88
2026-05-23T04:23:53.6850000,22.35,92.15,101.881
2026-05-23T04:23:54.7260000,22.35,92.15,101.881
2026-05-23T04:23:55.7670000,22.35,92.17,101.882
2026-05-23T04:23:56.8080000,22.35,92.13,101.882
2026-05-23T04:23:57.8480000,22.35,92.16,101.882
2026-05-23T04:23:58.8890000,22.35,92.17,101.882
2026-05-23T04:23:59.9400000,22.35,92.18,101.882
2026-05-23T04:24:00.9810000,22.35,92.17,101.882
2026-05-23T04:24:02.0500000,22.35,92.2,101.883
2026-05-23T04:24:03.0590000,22.35,92.21,101.882
2026-05-23T04:24:04.0990000,22.35,92.18,101.883
2026-05-23T04:24:05.1400000,22.36,92.23,101.883
2026-05-23T04:24:06.1810000,22.36,92.21,101.884
2026-05-23T04:24:07.2320000,22.36,92.25,101.884
2026-05-23T04:24:08.2730000,22.36,92.24,101.883
2026-05-23T04:24:09.3130000,22.36,92.26,101.883
2026-05-23T04:24:10.3540000,22.36,92.23,101.884
2026-05-23T04:24:11.3950000,22.36,92.26,101.885
2026-05-23T04:24:12.4360000,22.36,92.25,101.885
2026-05-23T04:24:13.4760000,22.36,92.26,101.884
2026-05-23T04:24:14.5170000,22.36,92.26,101.884
2026-05-23T04:24:15.6240000,22.36,92.25,101.883
2026-05-23T04:24:16.6020000,22.36,92.28,101.884
2026-05-23T04:24:17.6430000,22.36,92.29,101.883
2026-05-23T04:24:18.6830000,22.37,92.28,101.884
2026-05-23T04:24:19.7240000,22.37,92.3,101.884
2026-05-23T04:24:20.7650000,22.37,92.3,101.884
2026-05-23T04:24:21.8160000,22.37,92.3,101.884
2026-05-23T04:24:22.8570000,22.34,92.31,101.879
2026-05-23T04:24:23.8980000,22.35,92.36,101.881
2026-05-23T04:24:24.9390000,22.35,92.31,101.881
2026-05-23T04:24:25.9790000,22.36,92.33,101.882
2026-05-23T04:24:27.0200000,22.36,92.36,101.882
2026-05-23T04:24:28.0610000,22.37,92.33,101.882
2026-05-23T04:24:29.1020000,22.37,92.35,101.882
2026-05-23T04:24:30.1740000,22.37,92.39,101.881
2026-05-23T04:24:31.1830000,22.37,92.36,101.881
2026-05-23T04:24:32.2340000,22.37,92.37,101.881
2026-05-23T04:24:33.2750000,22.37,92.38,101.881
2026-05-23T04:24:34.3160000,22.37,92.38,101.881
2026-05-23T04:24:35.3560000,22.37,92.39,101.881
2026-05-23T04:24:36.3970000,22.37,92.4,101.881
2026-05-23T04:24:37.4380000,22.38,92.34,101.881
2026-05-23T04:24:38.4790000,22.38,92.42,101.881
2026-05-23T04:24:39.5190000,22.38,92.39,101.88
2026-05-23T04:24:40.5600000,22.38,92.43,101.88
2026-05-23T04:24:41.6010000,22.38,92.42,101.88
2026-05-23T04:24:42.6520000,22.38,92.47,101.88
2026-05-23T04:24:43.7520000,22.38,92.41,101.881
2026-05-23T04:24:44.7300000,22.38,92.42,101.88
2026-05-23T04:24:45.7710000,22.38,92.42,101.879
2026-05-23T04:24:46.8120000,22.38,92.44,101.88
2026-05-23T04:24:47.8530000,22.38,92.45,101.88
2026-05-23T04:24:48.8940000,22.38,92.45,101.88
2026-05-23T04:24:49.9340000,22.38,92.45,101.88
2026-05-23T04:24:50.9850000,22.39,92.46,101.881
2026-05-23T04:24:52.0260000,22.39,92.42,101.88
2026-05-23T04:24:53.0670000,22.39,92.48,101.88
2026-05-23T04:24:54.1080000,22.39,92.44,101.881
2026-05-23T04:24:55.1490000,22.39,92.45,101.881
2026-05-23T04:24:56.1890000,22.39,92.47,101.881
2026-05-23T04:24:57.2300000,22.39,92.46,101.881
2026-05-23T04:24:58.2990000,22.39,92.42,101.882
2026-05-23T04:24:59.3180000,22.39,92.48,101.882
2026-05-23T04:25:00.3590000,22.39,92.48,101.882
2026-05-23T04:25:01.4000000,22.39,92.49,101.882
2026-05-23T04:25:02.4400000,22.39,92.46,101.882
2026-05-23T04:25:03.4810000,22.39,92.49,101.881
2026-05-23T04:25:04.5220000,22.39,92.49,101.88
2026-05-23T04:25:05.5630000,22.39,92.55,101.881
2026-05-23T04:25:06.6040000,22.39,92.47,101.881
2026-05-23T04:25:07.6440000,22.39,92.51,101.88
2026-05-23T04:25:08.6960000,22.39,92.49,101.881
2026-05-23T04:25:09.7360000,22.39,92.52,101.881
2026-05-23T04:25:10.7770000,22.39,92.49,101.881
2026-05-23T04:25:11.8770000,22.39,92.52,101.881
2026-05-23T04:25:12.8550000,22.39,92.52,101.882
2026-05-23T04:25:13.8960000,22.39,92.52,101.882
2026-05-23T04:25:14.9470000,22.39,92.53,101.883
2026-05-23T04:25:15.9880000,22.39,92.53,101.883
2026-05-23T04:25:17.0290000,22.39,92.53,101.882
2026-05-23T04:25:18.0690000,22.39,92.54,101.881
2026-05-23T04:25:19.1100000,22.4,92.54,101.882
2026-05-23T04:25:20.1510000,22.4,92.54,101.882
2026-05-23T04:25:21.1920000,22.4,92.53,101.882
2026-05-23T04:25:22.2320000,22.4,92.53,101.882
2026-05-23T04:25:23.2730000,22.4,92.56,101.881
2026-05-23T04:25:24.3140000,22.4,92.57,101.882
2026-05-23T04:25:25.3550000,22.4,92.52,101.881
2026-05-23T04:25:26.4230000,22.4,92.52,101.882
2026-05-23T04:25:27.4430000,22.4,92.56,101.882
2026-05-23T04:25:28.4840000,22.39,92.54,101.881
2026-05-23T04:25:29.5250000,22.39,92.55,101.88
2026-05-23T04:25:30.5660000,22.39,92.55,101.881
2026-05-23T04:25:31.6060000,22.39,92.55,101.881
2026-05-23T04:25:32.6470000,22.4,92.56,101.881
2026-05-23T04:25:33.6980000,22.4,92.47,101.88
2026-05-23T04:25:34.7390000,22.4,92.57,101.879
2026-05-23T04:25:35.7800000,22.4,92.59,101.878
2026-05-23T04:25:36.8210000,22.39,92.56,101.878
2026-05-23T04:25:37.8610000,22.39,92.55,101.878
2026-05-23T04:25:38.9020000,22.39,92.55,101.878
2026-05-23T04:25:39.9990000,22.39,92.55,101.877
2026-05-23T04:25:40.9870000,22.39,92.54,101.877
2026-05-23T04:25:42.0280000,22.39,92.55,101.877
2026-05-23T04:25:43.0680000,22.39,92.55,101.877
2026-05-23T04:25:44.1090000,22.39,92.58,101.876
2026-05-23T04:25:45.1500000,22.39,92.56,101.877
2026-05-23T04:25:46.1900000,22.39,92.55,101.876
2026-05-23T04:25:47.2420000,22.39,92.55,101.876
2026-05-23T04:25:48.2820000,22.39,92.56,101.877
2026-05-23T04:25:49.3230000,22.39,92.53,101.877
2026-05-23T04:25:50.3640000,22.38,92.56,101.877
2026-05-23T04:25:51.4050000,22.38,92.54,101.877
2026-05-23T04:25:52.4450000,22.38,92.56,101.877
2026-05-23T04:25:53.4860000,22.38,92.54,101.876
2026-05-23T04:25:54.5440000,22.38,92.6,101.876
2026-05-23T04:25:55.5750000,22.38,92.54,101.876
2026-05-23T04:25:56.6150000,22.38,92.53,101.877
2026-05-23T04:25:57.6560000,22.38,92.55,101.877
2026-05-23T04:25:58.6970000,22.38,92.54,101.877
2026-05-23T04:25:59.7380000,22.38,92.55,101.877
2026-05-23T04:26:00.7790000,22.38,92.54,101.878
2026-05-23T04:26:01.8190000,22.38,92.52,101.877
2026-05-23T04:26:02.8600000,22.38,92.52,101.877
2026-05-23T04:26:03.9010000,22.38,92.52,101.877
2026-05-23T04:26:04.9520000,22.39,92.58,101.877
2026-05-23T04:26:05.9930000,22.38,92.55,101.877
2026-05-23T04:26:07.0330000,22.38,92.52,101.877
2026-05-23T04:26:08.1190000,22.39,92.55,101.877
2026-05-23T04:26:09.1180000,22.38,92.53,101.876
2026-05-23T04:26:10.1590000,22.38,92.52,101.876
2026-05-23T04:26:11.2000000,22.38,92.52,101.876
2026-05-23T04:26:12.2400000,22.38,92.53,101.876
2026-05-23T04:26:14.3220000,22.38,92.53,101.877
2026-05-23T04:26:15.3630000,22.38,92.52,101.878
2026-05-23T04:26:16.4030000,22.38,92.47,101.879
2026-05-23T04:26:17.4440000,22.37,92.46,101.878
2026-05-23T04:26:18.4950000,22.37,92.5,101.877
2026-05-23T04:26:19.5360000,22.37,92.5,101.877
2026-05-23T04:26:20.5770000,22.37,92.49,101.877
2026-05-23T04:26:21.6180000,22.37,92.45,101.877
2026-05-23T04:26:22.6620000,22.37,92.44,101.877
2026-05-23T04:26:23.7030000,22.37,92.45,101.876
2026-05-23T04:26:24.7440000,22.37,92.44,101.877
2026-05-23T04:26:25.7840000,22.37,92.44,101.877
2026-05-23T04:26:26.8250000,22.37,92.43,101.878
2026-05-23T04:26:27.8660000,22.37,92.43,101.879
2026-05-23T04:26:28.9060000,22.37,92.43,101.879
2026-05-23T04:26:29.9470000,22.37,92.5,101.88
2026-05-23T04:26:30.9880000,22.36,92.44,101.88
2026-05-23T04:26:32.0290000,22.37,92.4,101.881
2026-05-23T04:26:33.0800000,22.37,92.39,101.881
2026-05-23T04:26:34.1210000,22.36,92.43,101.881
2026-05-23T04:26:35.1610000,22.36,92.43,101.881
2026-05-23T04:26:36.2370000,22.36,92.4,101.881
2026-05-23T04:26:37.2460000,22.36,92.4,101.881
2026-05-23T04:26:38.2870000,22.35,92.4,101.88
2026-05-23T04:26:39.3280000,22.35,92.4,101.881
2026-05-23T04:26:40.3690000,22.35,92.4,101.881
2026-05-23T04:26:41.4090000,22.35,92.37,101.881
2026-05-23T04:26:42.4500000,22.35,92.36,101.881
2026-05-23T04:26:43.4910000,22.35,92.35,101.88
2026-05-23T04:26:44.5320000,22.35,92.34,101.88
2026-05-23T04:26:45.5730000,22.35,92.36,101.88
2026-05-23T04:26:46.6240000,22.35,92.31,101.881
2026-05-23T04:26:47.6650000,22.35,92.33,101.881
2026-05-23T04:26:48.7050000,22.34,92.31,101.88
2026-05-23T04:26:49.8130000,22.34,92.31,101.879
2026-05-23T04:26:50.7900000,22.34,92.31,101.88
2026-05-23T04:26:51.8310000,22.34,92.3,101.88
2026-05-23T04:26:52.8720000,22.34,92.29,101.88
2026-05-23T04:26:53.9130000,22.34,92.29,101.88
2026-05-23T04:26:54.9530000,22.34,92.28,101.88
2026-05-23T04:26:55.9940000,22.34,92.28,101.881
2026-05-23T04:26:57.0350000,22.34,92.26,101.881
2026-05-23T04:26:58.0750000,22.34,92.28,101.88
2026-05-23T04:26:59.1270000,22.33,92.3,101.88
2026-05-23T04:27:00.1680000,22.33,92.22,101.88
2026-05-23T04:27:01.2080000,22.33,92.24,101.88
2026-05-23T04:27:02.2490000,22.33,92.2,101.88
2026-05-23T04:27:03.2900000,22.33,92.21,101.88
2026-05-23T04:27:04.3550000,22.33,92.2,101.88
2026-05-23T04:27:05.3750000,22.33,92.19,101.881
2026-05-23T04:27:06.4160000,22.33,92.18,101.881
2026-05-23T04:27:07.4560000,22.33,92.17,101.88
2026-05-23T04:27:08.4970000,22.33,92.17,101.88
2026-05-23T04:27:09.5380000,22.33,92.17,101.879
2026-05-23T04:27:10.5790000,22.33,92.16,101.88
2026-05-23T04:27:11.6200000,22.33,92.17,101.88
2026-05-23T04:27:12.6600000,22.33,92.16,101.88
2026-05-23T04:27:13.7120000,22.33,92.16,101.88
2026-05-23T04:27:14.7520000,22.33,92.11,101.88
2026-05-23T04:27:15.7930000,22.32,92.1,101.88
2026-05-23T04:27:16.8340000,22.32,92.06,101.879
2026-05-23T04:27:17.9300000,22.32,92.06,101.877
2026-05-23T04:27:18.9190000,22.32,92.07,101.877
2026-05-23T04:27:19.9590000,22.32,92.07,101.877
2026-05-23T04:27:21.0000000,22.32,92.06,101.876
2026-05-23T04:27:22.0410000,22.32,92.05,101.876
2026-05-23T04:27:23.0810000,22.32,92,101.876
2026-05-23T04:27:24.1220000,22.32,91.98,101.876
2026-05-23T04:27:25.1630000,22.32,91.97,101.876
2026-05-23T04:27:26.2040000,22.32,91.97,101.877
2026-05-23T04:27:27.2550000,22.31,91.96,101.877
2026-05-23T04:27:28.2960000,22.32,92.04,101.878
2026-05-23T04:27:29.3370000,22.32,92.05,101.879
2026-05-23T04:27:30.3780000,22.32,92.01,101.878
2026-05-23T04:27:31.4180000,22.32,92.06,101.879
2026-05-23T04:27:32.4730000,22.32,91.98,101.88
2026-05-23T04:27:33.5030000,22.32,92,101.881
2026-05-23T04:27:34.5440000,22.32,91.99,101.88
2026-05-23T04:27:35.5850000,22.32,91.99,101.88
2026-05-23T04:27:36.6260000,22.32,92,101.88
2026-05-23T04:27:37.6660000,22.32,92.01,101.88
2026-05-23T04:27:38.7070000,22.32,92.04,101.88
2026-05-23T04:27:39.7480000,22.32,91.99,101.88
2026-05-23T04:27:40.7890000,22.32,92.02,101.881
2026-05-23T04:27:41.8400000,22.32,92,101.881
2026-05-23T04:27:42.8810000,22.32,92.05,101.881
2026-05-23T04:27:43.9210000,22.32,92.04,101.882
2026-05-23T04:27:44.9620000,22.32,92.06,101.882
2026-05-23T04:27:46.0480000,22.32,92.11,101.882
2026-05-23T04:27:47.0470000,22.32,92.05,101.883
2026-05-23T04:27:48.0880000,22.32,92.05,101.882
2026-05-23T04:27:49.1280000,22.32,92.04,101.883
2026-05-23T04:27:50.1690000,22.32,92.04,101.882
2026-05-23T04:27:51.2100000,22.32,92.04,101.883
2026-05-23T04:27:52.2510000,22.32,92.02,101.882
2026-05-23T04:27:53.2920000,22.32,92.04,101.882
2026-05-23T04:27:54.3330000,22.32,92.01,101.881
2026-05-23T04:27:55.3840000,22.32,92.02,101.881
2026-05-23T04:27:56.4240000,22.33,92.05,101.881
2026-05-23T04:27:57.4650000,22.33,92.04,101.881
2026-05-23T04:27:58.5060000,22.33,92.04,101.881
2026-05-23T04:27:59.5470000,22.33,92.04,101.881
2026-05-23T04:28:00.5910000,22.33,92.06,101.881
2026-05-23T04:28:01.6320000,22.33,92.08,101.882
2026-05-23T04:28:02.6730000,22.33,92.07,101.883
2026-05-23T04:28:03.7130000,22.34,92.08,101.883
2026-05-23T04:28:04.7540000,22.34,92.08,101.883
2026-05-23T04:28:05.7950000,22.34,92.08,101.883
2026-05-23T04:28:06.8360000,22.34,92.11,101.883
2026-05-23T04:28:07.8760000,22.34,92.13,101.882
2026-05-23T04:28:08.9280000,22.34,92.13,101.883
2026-05-23T04:28:09.9690000,22.34,92.09,101.882
2026-05-23T04:28:11.0090000,22.34,92.14,101.881
2026-05-23T04:28:12.0500000,22.34,92.12,101.882
2026-05-23T04:28:13.0910000,22.35,92.13,101.882
2026-05-23T04:28:14.1660000,22.35,92.15,101.881
2026-05-23T04:28:15.1760000,22.35,92.13,101.882
2026-05-23T04:28:16.2170000,22.35,92.14,101.881
2026-05-23T04:28:17.2570000,22.35,92.14,101.882
2026-05-23T04:28:18.2980000,22.35,92.15,101.881
2026-05-23T04:28:19.3390000,22.35,92.16,101.881
2026-05-23T04:28:20.3800000,22.35,92.17,101.88
2026-05-23T04:28:21.4210000,22.36,92.17,101.879
2026-05-23T04:28:22.4610000,22.36,92.18,101.879
2026-05-23T04:28:23.5020000,22.35,92.18,101.878
2026-05-23T04:28:24.5530000,22.36,92.18,101.878
2026-05-23T04:28:25.5940000,22.36,92.21,101.878
2026-05-23T04:28:26.6350000,22.36,92.18,101.878
2026-05-23T04:28:27.7390000,22.36,92.23,101.879
2026-05-23T04:28:28.7170000,22.36,92.23,101.879
2026-05-23T04:28:29.7570000,22.36,92.25,101.879
2026-05-23T04:28:30.7980000,22.37,92.24,101.88
2026-05-23T04:28:31.8390000,22.37,92.24,101.879
2026-05-23T04:28:32.8800000,22.37,92.26,101.879
2026-05-23T04:28:33.9200000,22.37,92.25,101.88
2026-05-23T04:28:34.9710000,22.37,92.27,101.88
2026-05-23T04:28:36.0120000,22.37,92.27,101.88
2026-05-23T04:28:37.0530000,22.37,92.26,101.88
2026-05-23T04:28:38.0940000,22.37,92.32,101.879
2026-05-23T04:28:39.1340000,22.36,92.33,101.878
2026-05-23T04:28:40.1750000,22.36,92.27,101.878
2026-05-23T04:28:41.2160000,22.37,92.33,101.878
2026-05-23T04:28:42.2810000,22.37,92.29,101.878
2026-05-23T04:28:43.3010000,22.37,92.32,101.878
2026-05-23T04:28:44.3420000,22.37,92.33,101.878
2026-05-23T04:28:45.3830000,22.37,92.35,101.878
2026-05-23T04:28:46.4230000,22.37,92.36,101.878
2026-05-23T04:28:47.4640000,22.37,92.35,101.879
2026-05-23T04:28:48.5050000,22.37,92.36,101.878
2026-05-23T04:28:49.5560000,22.37,92.37,101.878
2026-05-23T04:28:50.5970000,22.37,92.39,101.878
2026-05-23T04:28:51.6380000,22.37,92.38,101.878
2026-05-23T04:28:52.6780000,22.37,92.36,101.878
2026-05-23T04:28:53.7190000,22.37,92.4,101.877
2026-05-23T04:28:54.7600000,22.38,92.41,101.878
2026-05-23T04:28:55.8570000,22.38,92.42,101.879
2026-05-23T04:28:56.8450000,22.38,92.4,101.879
2026-05-23T04:28:57.8850000,22.38,92.42,101.879
2026-05-23T04:28:58.9260000,22.38,92.43,101.88
2026-05-23T04:28:59.9670000,22.38,92.43,101.88
2026-05-23T04:29:01.0080000,22.38,92.45,101.88
2026-05-23T04:29:02.0480000,22.38,92.44,101.88
2026-05-23T04:29:03.1000000,22.38,92.44,101.88
2026-05-23T04:29:04.1400000,22.38,92.45,101.881
2026-05-23T04:29:05.1810000,22.38,92.43,101.881
2026-05-23T04:29:06.2220000,22.38,92.47,101.882
2026-05-23T04:29:07.2630000,22.38,92.48,101.882
2026-05-23T04:29:08.3030000,22.38,92.46,101.884
2026-05-23T04:29:09.3440000,22.38,92.48,101.884
2026-05-23T04:29:10.4030000,22.38,92.45,101.885
2026-05-23T04:29:11.4330000,22.38,92.5,101.885
2026-05-23T04:29:12.4740000,22.38,92.51,101.885
2026-05-23T04:29:13.5140000,22.38,92.51,101.884
2026-05-23T04:29:14.5550000,22.38,92.52,101.885
2026-05-23T04:29:15.5960000,22.38,92.52,101.884
2026-05-23T04:29:16.6370000,22.38,92.52,101.884
2026-05-23T04:29:17.6770000,22.38,92.52,101.883
2026-05-23T04:29:18.7180000,22.38,92.52,101.883
2026-05-23T04:29:19.7590000,22.38,92.52,101.882
2026-05-23T04:29:20.8100000,22.38,92.53,101.881
2026-05-23T04:29:21.8510000,22.39,92.54,101.881
2026-05-23T04:29:22.8910000,22.39,92.58,101.88
2026-05-23T04:29:23.9780000,22.39,92.58,101.88
2026-05-23T04:29:24.9760000,22.39,92.56,101.879
2026-05-23T04:29:26.0170000,22.39,92.56,101.88
2026-05-23T04:29:27.0580000,22.39,92.56,101.879
2026-05-23T04:29:28.0990000,22.39,92.58,101.88
2026-05-23T04:29:29.1390000,22.39,92.58,101.881
2026-05-23T04:29:30.1810000,22.39,92.59,101.88
2026-05-23T04:29:31.2210000,22.39,92.58,101.88
2026-05-23T04:29:32.2620000,22.39,92.59,101.88
2026-05-23T04:29:33.3030000,22.39,92.55,101.88
2026-05-23T04:29:34.3540000,22.39,92.61,101.88
2026-05-23T04:29:35.3950000,22.39,92.61,101.88
2026-05-23T04:29:36.4360000,22.39,92.6,101.88
2026-05-23T04:29:37.4760000,22.39,92.58,101.879
2026-05-23T04:29:38.5200000,22.39,92.6,101.879
2026-05-23T04:29:39.5610000,22.39,92.62,101.878
2026-05-23T04:29:40.6020000,22.39,92.64,101.878
2026-05-23T04:29:41.6430000,22.39,92.62,101.878
2026-05-23T04:29:42.6830000,22.39,92.63,101.878
2026-05-23T04:29:43.7240000,22.39,92.63,101.878
2026-05-23T04:29:44.7650000,22.39,92.64,101.878
2026-05-23T04:29:45.8050000,22.39,92.64,101.879
2026-05-23T04:29:46.8460000,22.39,92.65,101.879
2026-05-23T04:29:47.8970000,22.39,92.63,101.879
2026-05-23T04:29:48.9380000,22.39,92.64,101.879
2026-05-23T04:29:49.9790000,22.39,92.67,101.88
2026-05-23T04:29:51.0200000,22.39,92.67,101.879
2026-05-23T04:29:52.0960000,22.39,92.68,101.879
2026-05-23T04:29:53.1050000,22.39,92.66,101.879
2026-05-23T04:29:54.1450000,22.39,92.65,101.88
2026-05-23T04:29:55.1860000,22.39,92.66,101.879
2026-05-23T04:29:56.2270000,22.39,92.68,101.879
2026-05-23T04:29:57.2680000,22.39,92.67,101.879
2026-05-23T04:29:58.3080000,22.39,92.66,101.879
2026-05-23T04:29:59.3490000,22.39,92.69,101.879
2026-05-23T04:30:00.3900000,22.39,92.68,101.879
2026-05-23T04:30:01.4420000,22.39,92.66,101.879
2026-05-23T04:30:02.4820000,22.39,92.65,101.879
2026-05-23T04:30:03.5230000,22.39,92.69,101.88
2026-05-23T04:30:04.5640000,22.39,92.69,101.88
2026-05-23T04:30:05.6670000,22.39,92.7,101.88
2026-05-23T04:30:06.6450000,22.39,92.67,101.881
2026-05-23T04:30:07.6860000,22.39,92.67,101.881
2026-05-23T04:30:08.7270000,22.39,92.68,101.881
2026-05-23T04:30:09.7670000,22.39,92.68,101.881
2026-05-23T04:30:10.8080000,22.39,92.68,101.881
2026-05-23T04:30:11.8590000,22.39,92.67,101.882
2026-05-23T04:30:12.9000000,22.38,92.68,101.88
2026-05-23T04:30:13.9400000,22.38,92.69,101.88
2026-05-23T04:30:14.9810000,22.38,92.7,101.88
2026-05-23T04:30:16.0220000,22.38,92.65,101.88
2026-05-23T04:30:17.0630000,22.38,92.7,101.88
2026-05-23T04:30:18.1040000,22.38,92.68,101.88
2026-05-23T04:30:19.1440000,22.38,92.67,101.88
2026-05-23T04:30:20.2100000,22.38,92.65,101.882
2026-05-23T04:30:21.2290000,22.38,92.67,101.882
2026-05-23T04:30:22.2700000,22.38,92.66,101.882
2026-05-23T04:30:23.3110000,22.38,92.67,101.882
2026-05-23T04:30:24.3520000,22.38,92.67,101.883
2026-05-23T04:30:25.4030000,22.37,92.65,101.882
2026-05-23T04:30:26.4440000,22.37,92.65,101.882
2026-05-23T04:30:27.4840000,22.37,92.64,101.882
2026-05-23T04:30:28.5250000,22.37,92.6,101.882
2026-05-23T04:30:29.5660000,22.37,92.61,101.882
2026-05-23T04:30:30.6060000,22.37,92.61,101.882
2026-05-23T04:30:31.6470000,22.37,92.62,101.882
2026-05-23T04:30:32.6880000,22.37,92.61,101.882
2026-05-23T04:30:33.7810000,22.37,92.58,101.881
2026-05-23T04:30:34.7800000,22.37,92.65,101.881
2026-05-23T04:30:35.8200000,22.37,92.65,101.882
2026-05-23T04:30:36.8610000,22.37,92.65,101.882
2026-05-23T04:30:37.9020000,22.37,92.64,101.882
2026-05-23T04:30:38.9430000,22.37,92.64,101.882
2026-05-23T04:30:39.9830000,22.37,92.64,101.882
2026-05-23T04:30:41.0240000,22.37,92.62,101.882
2026-05-23T04:30:42.0650000,22.37,92.61,101.882
2026-05-23T04:30:43.1060000,22.37,92.62,101.882
2026-05-23T04:30:44.1470000,22.37,92.59,101.882
2026-05-23T04:30:45.1980000,22.36,92.59,101.882
2026-05-23T04:30:46.2390000,22.36,92.59,101.882
2026-05-23T04:30:47.2800000,22.36,92.6,101.882
2026-05-23T04:30:48.3240000,22.36,92.59,101.882
2026-05-23T04:30:49.3650000,22.35,92.6,101.881
2026-05-23T04:30:50.4050000,22.35,92.59,101.881
2026-05-23T04:30:51.4460000,22.35,92.59,101.881
2026-05-23T04:30:52.4870000,22.35,92.59,101.881
2026-05-23T04:30:53.5270000,22.35,92.59,101.88
2026-05-23T04:30:54.5680000,22.35,92.6,101.88
2026-05-23T04:30:55.6090000,22.35,92.57,101.88
2026-05-23T04:30:56.6500000,22.35,92.58,101.879
2026-05-23T04:30:57.6900000,22.35,92.56,101.879
2026-05-23T04:30:58.7410000,22.35,92.58,101.879
2026-05-23T04:30:59.7820000,22.35,92.56,101.879
2026-05-23T04:31:00.8230000,22.35,92.57,101.88
2026-05-23T04:31:01.8990000,22.34,92.51,101.879
2026-05-23T04:31:02.9080000,22.34,92.54,101.878
2026-05-23T04:31:03.9490000,22.34,92.52,101.879
2026-05-23T04:31:04.9890000,22.34,92.52,101.878
2026-05-23T04:31:06.0300000,22.34,92.51,101.879
2026-05-23T04:31:07.0710000,22.34,92.51,101.879
2026-05-23T04:31:08.1120000,22.34,92.5,101.878
2026-05-23T04:31:09.1520000,22.34,92.49,101.879
2026-05-23T04:31:10.1930000,22.34,92.48,101.878
2026-05-23T04:31:11.2340000,22.34,92.49,101.878
2026-05-23T04:31:12.2850000,22.34,92.48,101.879
2026-05-23T04:31:13.3260000,22.34,92.47,101.878
2026-05-23T04:31:14.3670000,22.34,92.45,101.878
2026-05-23T04:31:15.4700000,22.34,92.43,101.878
2026-05-23T04:31:16.4480000,22.34,92.46,101.878
2026-05-23T04:31:17.4890000,22.33,92.45,101.878
2026-05-23T04:31:18.5300000,22.33,92.45,101.878
2026-05-23T04:31:19.5700000,22.33,92.45,101.878
2026-05-23T04:31:20.6110000,22.33,92.45,101.878
2026-05-23T04:31:21.6620000,22.34,92.43,101.877
2026-05-23T04:31:22.7030000,22.33,92.44,101.877
2026-05-23T04:31:23.7440000,22.33,92.45,101.876
2026-05-23T04:31:24.7840000,22.34,92.4,101.877
2026-05-23T04:31:25.8250000,22.34,92.44,101.877
2026-05-23T04:31:26.8660000,22.33,92.46,101.877
2026-05-23T04:31:27.9060000,22.33,92.44,101.877
2026-05-23T04:31:28.9470000,22.33,92.46,101.877
2026-05-23T04:31:30.0160000,22.33,92.38,101.877
2026-05-23T04:31:31.0360000,22.34,92.4,101.877
2026-05-23T04:31:32.0760000,22.33,92.4,101.877
2026-05-23T04:31:33.1170000,22.33,92.39,101.876
2026-05-23T04:31:34.1580000,22.33,92.38,101.877
2026-05-23T04:31:35.1990000,22.33,92.39,101.876
2026-05-23T04:31:36.2400000,22.33,92.37,101.876
2026-05-23T04:31:37.2800000,22.33,92.38,101.877
2026-05-23T04:31:38.3310000,22.33,92.36,101.878
2026-05-23T04:31:39.3720000,22.33,92.34,101.878
2026-05-23T04:31:40.4130000,22.33,92.35,101.878
2026-05-23T04:31:41.4540000,22.33,92.35,101.877
2026-05-23T04:31:42.4950000,22.33,92.35,101.878
2026-05-23T04:31:43.5920000,22.33,92.27,101.878
2026-05-23T04:31:44.5800000,22.33,92.32,101.878
2026-05-23T04:31:45.6210000,22.33,92.31,101.879
2026-05-23T04:31:46.6610000,22.33,92.31,101.879
2026-05-23T04:31:47.7020000,22.33,92.29,101.879
2026-05-23T04:31:48.7420000,22.33,92.27,101.88
2026-05-23T04:31:49.7830000,22.33,92.27,101.88
2026-05-23T04:31:50.8240000,22.33,92.26,101.88
2026-05-23T04:31:51.8750000,22.33,92.25,101.88
2026-05-23T04:31:52.9160000,22.33,92.22,101.88
2026-05-23T04:31:53.9570000,22.33,92.25,101.879
2026-05-23T04:31:54.9980000,22.33,92.25,101.879
2026-05-23T04:31:56.0380000,22.33,92.23,101.879
2026-05-23T04:31:57.0790000,22.32,92.25,101.878
2026-05-23T04:31:58.1370000,22.32,92.2,101.877
2026-05-23T04:31:59.1680000,22.32,92.21,101.878
2026-05-23T04:32:00.2090000,22.32,92.17,101.878
2026-05-23T04:32:01.2490000,22.32,92.14,101.878
2026-05-23T04:32:02.2900000,22.32,92.13,101.878
2026-05-23T04:32:03.3310000,22.32,92.11,101.877
2026-05-23T04:32:04.3720000,22.31,92.1,101.877
2026-05-23T04:32:05.4120000,22.31,92.12,101.875
2026-05-23T04:32:06.4530000,22.31,92.12,101.875
2026-05-23T04:32:07.4940000,22.31,92.1,101.876
2026-05-23T04:32:08.5450000,22.32,92.14,101.876
2026-05-23T04:32:09.5860000,22.32,92.13,101.875
2026-05-23T04:32:10.6270000,22.32,92.16,101.874
2026-05-23T04:32:11.7130000,22.32,92.12,101.874
2026-05-23T04:32:12.7110000,22.32,92.12,101.874
2026-05-23T04:32:13.7520000,22.32,92.12,101.874
2026-05-23T04:32:14.7930000,22.32,92.13,101.874
2026-05-23T04:32:15.8340000,22.32,92.11,101.874
2026-05-23T04:32:16.8750000,22.32,92.11,101.875
2026-05-23T04:32:17.9150000,22.32,92.11,101.875
2026-05-23T04:32:18.9560000,22.32,92.11,101.875
2026-05-23T04:32:19.9970000,22.32,92.15,101.875
2026-05-23T04:32:21.0380000,22.32,92.11,101.875
2026-05-23T04:32:22.0780000,22.32,92.13,101.875
2026-05-23T04:32:23.1300000,22.32,92.15,101.876
2026-05-23T04:32:24.1710000,22.32,92.14,101.876
2026-05-23T04:32:25.2110000,22.32,92.15,101.876
2026-05-23T04:32:26.2590000,22.32,92.12,101.876
2026-05-23T04:32:27.2890000,22.32,92.13,101.876
2026-05-23T04:32:28.3300000,22.32,92.12,101.876
2026-05-23T04:32:29.3810000,22.33,92.1,101.876
2026-05-23T04:32:30.4220000,22.33,92.12,101.876
2026-05-23T04:32:31.4620000,22.33,92.12,101.876
2026-05-23T04:32:32.5030000,22.33,92.12,101.876
2026-05-23T04:32:33.5440000,22.33,92.13,101.876
2026-05-23T04:32:34.5850000,22.33,92.09,101.876
2026-05-23T04:32:35.6250000,22.33,92.13,101.877
2026-05-23T04:32:36.6660000,22.33,92.11,101.877
2026-05-23T04:32:37.7070000,22.33,92.16,101.877
2026-05-23T04:32:38.7470000,22.33,92.13,101.877
2026-05-23T04:32:39.8330000,22.34,92.12,101.878
2026-05-23T04:32:40.8320000,22.34,92.16,101.878
2026-05-23T04:32:41.8730000,22.34,92.16,101.877
2026-05-23T04:32:42.9240000,22.34,92.18,101.876
2026-05-23T04:32:43.9650000,22.34,92.16,101.877
2026-05-23T04:32:45.0060000,22.34,92.17,101.876
2026-05-23T04:32:46.0470000,22.34,92.17,101.875
2026-05-23T04:32:47.0870000,22.34,92.17,101.876
2026-05-23T04:32:48.1280000,22.35,92.18,101.877
2026-05-23T04:32:49.1690000,22.35,92.16,101.875
2026-05-23T04:32:50.2100000,22.35,92.16,101.876
2026-05-23T04:32:51.2510000,22.35,92.17,101.874
2026-05-23T04:32:52.2920000,22.35,92.17,101.875
2026-05-23T04:32:53.3320000,22.36,92.18,101.875
2026-05-23T04:32:54.3830000,22.36,92.2,101.875
2026-05-23T04:32:55.4240000,22.36,92.21,101.875
2026-05-23T04:32:56.4650000,22.36,92.21,101.875
2026-05-23T04:32:57.5060000,22.36,92.21,101.876
2026-05-23T04:32:58.5460000,22.36,92.23,101.876
2026-05-23T04:32:59.5870000,22.36,92.21,101.877
2026-05-23T04:33:00.6280000,22.36,92.25,101.878
2026-05-23T04:33:01.6690000,22.36,92.27,101.878
2026-05-23T04:33:02.7100000,22.36,92.24,101.878
2026-05-23T04:33:03.7510000,22.37,92.24,101.878
2026-05-23T04:33:04.8020000,22.37,92.26,101.877
2026-05-23T04:33:05.8430000,22.37,92.26,101.878
2026-05-23T04:33:06.8840000,22.37,92.26,101.876
2026-05-23T04:33:07.9560000,22.37,92.29,101.874
2026-05-23T04:33:08.9650000,22.37,92.28,101.873
2026-05-23T04:33:10.0060000,22.37,92.28,101.872
2026-05-23T04:33:11.0470000,22.37,92.28,101.871
2026-05-23T04:33:12.0880000,22.37,92.29,101.871
2026-05-23T04:33:13.1280000,22.38,92.3,101.87
2026-05-23T04:33:14.1690000,22.38,92.32,101.87
2026-05-23T04:33:15.2200000,22.38,92.34,101.871
2026-05-23T04:33:16.2610000,22.38,92.3,101.87
2026-05-23T04:33:17.3020000,22.38,92.3,101.87
2026-05-23T04:33:18.3430000,22.38,92.34,101.871
2026-05-23T04:33:19.3840000,22.38,92.33,101.871
2026-05-23T04:33:20.4240000,22.38,92.38,101.871
2026-05-23T04:33:21.5310000,22.38,92.4,101.871
2026-05-23T04:33:22.5090000,22.38,92.36,101.871
2026-05-23T04:33:23.5500000,22.38,92.37,101.871
2026-05-23T04:33:24.5910000,22.38,92.38,101.871
2026-05-23T04:33:25.6320000,22.38,92.38,101.871
2026-05-23T04:33:26.6720000,22.38,92.39,101.87
2026-05-23T04:33:27.7130000,22.38,92.39,101.87
2026-05-23T04:33:28.7640000,22.39,92.4,101.871
2026-05-23T04:33:29.8050000,22.39,92.42,101.871
2026-05-23T04:33:30.8460000,22.39,92.38,101.87
2026-05-23T04:33:31.8870000,22.39,92.41,101.87
2026-05-23T04:33:32.9270000,22.38,92.44,101.869
2026-05-23T04:33:33.9680000,22.38,92.44,101.871
2026-05-23T04:33:35.0090000,22.39,92.42,101.87
2026-05-23T04:33:36.0780000,22.39,92.41,101.871
2026-05-23T04:33:37.0980000,22.39,92.46,101.871
2026-05-23T04:33:38.1380000,22.39,92.44,101.871
2026-05-23T04:33:39.1790000,22.39,92.45,101.871
2026-05-23T04:33:40.2200000,22.39,92.46,101.871
2026-05-23T04:33:41.2610000,22.4,92.46,101.872
2026-05-23T04:33:42.3010000,22.4,92.47,101.872
2026-05-23T04:33:43.3420000,22.39,92.47,101.872
2026-05-23T04:33:44.3830000,22.39,92.44,101.872
2026-05-23T04:33:45.4340000,22.39,92.46,101.872
2026-05-23T04:33:46.4750000,22.4,92.48,101.872
2026-05-23T04:33:47.5150000,22.4,92.48,101.873
2026-05-23T04:33:48.5560000,22.4,92.45,101.873
2026-05-23T04:33:49.6530000,22.4,92.61,101.872
2026-05-23T04:33:50.6420000,22.4,92.49,101.872
2026-05-23T04:33:51.6820000,22.4,92.5,101.872
2026-05-23T04:33:52.7230000,22.4,92.5,101.872
2026-05-23T04:33:53.7640000,22.4,92.49,101.873
2026-05-23T04:33:54.8050000,22.4,92.5,101.873
2026-05-23T04:33:55.8460000,22.4,92.48,101.873
2026-05-23T04:33:56.8860000,22.4,92.5,101.872
2026-05-23T04:33:57.9270000,22.4,92.51,101.871
2026-05-23T04:33:58.9680000,22.4,92.51,101.871
2026-05-23T04:34:00.0190000,22.4,92.5,101.872
2026-05-23T04:34:01.0600000,22.4,92.51,101.871
2026-05-23T04:34:02.1010000,22.4,92.57,101.872
2026-05-23T04:34:03.1410000,22.4,92.55,101.871
2026-05-23T04:34:04.1990000,22.4,92.51,101.871
2026-05-23T04:34:05.2190000,22.4,92.55,101.87
2026-05-23T04:34:06.2700000,22.4,92.57,101.87
2026-05-23T04:34:07.3110000,22.4,92.55,101.869
2026-05-23T04:34:08.3520000,22.4,92.55,101.869
2026-05-23T04:34:09.3930000,22.41,92.55,101.87
2026-05-23T04:34:10.4330000,22.41,92.56,101.87
2026-05-23T04:34:11.4740000,22.41,92.53,101.87
2026-05-23T04:34:12.5150000,22.41,92.55,101.87
2026-05-23T04:34:13.5550000,22.41,92.56,101.871
2026-05-23T04:34:14.5960000,22.41,92.57,101.87
2026-05-23T04:34:15.6370000,22.41,92.56,101.87
2026-05-23T04:34:16.6880000,22.41,92.56,101.871
2026-05-23T04:34:17.7740000,22.41,92.51,101.871
2026-05-23T04:34:18.7630000,22.41,92.57,101.871
2026-05-23T04:34:19.8140000,22.41,92.58,101.872
2026-05-23T04:34:20.8550000,22.41,92.58,101.872
2026-05-23T04:34:21.8960000,22.41,92.57,101.872
2026-05-23T04:34:22.9360000,22.41,92.57,101.872
2026-05-23T04:34:23.9770000,22.41,92.56,101.872
2026-05-23T04:34:25.0180000,22.41,92.57,101.872
2026-05-23T04:34:26.0590000,22.4,92.58,101.872
2026-05-23T04:34:27.0990000,22.4,92.57,101.873
2026-05-23T04:34:28.1400000,22.41,92.57,101.874
2026-05-23T04:34:29.1810000,22.41,92.57,101.874
2026-05-23T04:34:30.2320000,22.41,92.56,101.874
2026-05-23T04:34:31.2730000,22.4,92.56,101.873
2026-05-23T04:34:32.3200000,22.41,92.57,101.871
2026-05-23T04:34:33.3510000,22.4,92.58,101.872
2026-05-23T04:34:34.3910000,22.4,92.57,101.871
2026-05-23T04:34:35.4320000,22.4,92.58,101.871
2026-05-23T04:34:36.4730000,22.4,92.57,101.872
2026-05-23T04:34:37.5240000,22.4,92.55,101.873
2026-05-23T04:34:38.5650000,22.4,92.57,101.873
2026-05-23T04:34:39.6060000,22.4,92.57,101.872
2026-05-23T04:34:40.6460000,22.4,92.56,101.873
2026-05-23T04:34:41.6870000,22.4,92.53,101.872
2026-05-23T04:34:42.7280000,22.4,92.54,101.872
2026-05-23T04:34:43.7690000,22.4,92.56,101.873
2026-05-23T04:34:44.8100000,22.4,92.58,101.874
2026-05-23T04:34:45.8960000,22.39,92.52,101.875
2026-05-23T04:34:46.8950000,22.39,92.54,101.875
2026-05-23T04:34:47.9350000,22.39,92.55,101.874
2026-05-23T04:34:48.9760000,22.39,92.54,101.875
2026-05-23T04:34:50.0170000,22.39,92.53,101.875
2026-05-23T04:34:51.0570000,22.39,92.51,101.874
2026-05-23T04:34:52.1090000,22.39,92.52,101.874
2026-05-23T04:34:53.1490000,22.39,92.52,101.875
2026-05-23T04:34:54.1900000,22.39,92.54,101.874
2026-05-23T04:34:55.2310000,22.39,92.52,101.874
2026-05-23T04:34:56.2720000,22.39,92.51,101.876
2026-05-23T04:34:57.3120000,22.39,92.51,101.874
2026-05-23T04:34:58.3530000,22.39,92.49,101.874
2026-05-23T04:34:59.3940000,22.38,92.52,101.873
2026-05-23T04:35:00.4420000,22.38,92.49,101.873
2026-05-23T04:35:01.4820000,22.38,92.48,101.873
2026-05-23T04:35:02.5230000,22.38,92.48,101.874
2026-05-23T04:35:03.5640000,22.38,92.48,101.874
2026-05-23T04:35:04.6050000,22.38,92.47,101.875
2026-05-23T04:35:05.6450000,22.38,92.46,101.874
2026-05-23T04:35:06.6860000,22.38,92.46,101.875
2026-05-23T04:35:07.7270000,22.38,92.51,101.875
2026-05-23T04:35:08.7670000,22.38,92.43,101.875
2026-05-23T04:35:09.8190000,22.38,92.43,101.875
2026-05-23T04:35:10.8600000,22.38,92.42,101.875
2026-05-23T04:35:11.9000000,22.38,92.44,101.875
2026-05-23T04:35:12.9410000,22.38,92.42,101.876
2026-05-23T04:35:14.0130000,22.37,92.38,101.877
2026-05-23T04:35:15.0230000,22.37,92.42,101.876
2026-05-23T04:35:16.0630000,22.37,92.42,101.876
2026-05-23T04:35:17.1040000,22.37,92.41,101.875
2026-05-23T04:35:18.1450000,22.37,92.41,101.875
2026-05-23T04:35:19.1960000,22.37,92.41,101.875
2026-05-23T04:35:20.2370000,22.37,92.4,101.875
2026-05-23T04:35:21.2780000,22.37,92.45,101.876
2026-05-23T04:35:22.3180000,22.37,92.41,101.875
2026-05-23T04:35:23.3590000,22.37,92.38,101.876
2026-05-23T04:35:24.4000000,22.37,92.38,101.876
2026-05-23T04:35:25.4410000,22.37,92.39,101.877
2026-05-23T04:35:26.4810000,22.37,92.36,101.877
2026-05-23T04:35:27.5890000,22.37,92.35,101.877
2026-05-23T04:35:28.5670000,22.37,92.32,101.877
2026-05-23T04:35:29.6070000,22.37,92.32,101.877
2026-05-23T04:35:30.6480000,22.36,92.31,101.877
2026-05-23T04:35:31.6890000,22.36,92.3,101.877
2026-05-23T04:35:32.7300000,22.36,92.3,101.876
2026-05-23T04:35:33.7810000,22.35,92.3,101.875
2026-05-23T04:35:34.8220000,22.35,92.3,101.875
2026-05-23T04:35:35.8630000,22.35,92.27,101.876
2026-05-23T04:35:36.9030000,22.35,92.31,101.876
2026-05-23T04:35:37.9440000,22.35,92.26,101.876
2026-05-23T04:35:38.9850000,22.35,92.27,101.876
2026-05-23T04:35:40.0250000,22.35,92.23,101.876
2026-05-23T04:35:41.0660000,22.35,92.22,101.875
2026-05-23T04:35:42.1350000,22.35,92.23,101.875
2026-05-23T04:35:43.1540000,22.34,92.21,101.875
2026-05-23T04:35:44.1950000,22.34,92.22,101.875
2026-05-23T04:35:45.2360000,22.34,92.19,101.875
2026-05-23T04:35:46.2770000,22.34,92.19,101.876
2026-05-23T04:35:47.3170000,22.34,92.18,101.876
2026-05-23T04:35:48.3580000,22.34,92.17,101.876
2026-05-23T04:35:49.3990000,22.34,92.18,101.874
2026-05-23T04:35:50.4400000,22.34,92.18,101.875
2026-05-23T04:35:51.4910000,22.34,92.18,101.875
2026-05-23T04:35:52.5320000,22.34,92.12,101.875
2026-05-23T04:35:53.5730000,22.34,92.17,101.875
2026-05-23T04:35:54.6140000,22.34,92.15,101.875
2026-05-23T04:35:55.7100000,22.34,92.11,101.875
2026-05-23T04:35:56.6990000,22.34,92.11,101.875
2026-05-23T04:35:57.7400000,22.34,92.09,101.876
2026-05-23T04:35:58.7800000,22.34,92.1,101.875
2026-05-23T04:35:59.8210000,22.33,92.08,101.875
2026-05-23T04:36:00.8620000,22.33,92.07,101.874
2026-05-23T04:36:01.9020000,22.33,92.07,101.874
2026-05-23T04:36:02.9430000,22.33,92.06,101.874
2026-05-23T04:36:03.9840000,22.33,92.07,101.874
2026-05-23T04:36:05.0250000,22.33,92.05,101.875
2026-05-23T04:36:06.0760000,22.33,91.99,101.874
2026-05-23T04:36:07.1170000,22.33,91.99,101.875
2026-05-23T04:36:08.1570000,22.32,91.95,101.874
2026-05-23T04:36:09.1980000,22.32,91.93,101.874
2026-05-23T04:36:10.2530000,22.32,91.93,101.874
2026-05-23T04:36:11.2830000,22.32,91.93,101.874
2026-05-23T04:36:12.3240000,22.32,91.94,101.875
2026-05-23T04:36:13.3650000,22.32,91.93,101.875
2026-05-23T04:36:14.4060000,22.32,91.94,101.876
2026-05-23T04:36:15.4460000,22.33,91.93,101.876
2026-05-23T04:36:16.4870000,22.33,91.94,101.876
2026-05-23T04:36:17.5280000,22.33,91.89,101.875
2026-05-23T04:36:18.5690000,22.32,91.92,101.874
2026-05-23T04:36:19.6090000,22.33,91.93,101.875
2026-05-23T04:36:20.6500000,22.33,91.93,101.875
2026-05-23T04:36:21.7010000,22.33,91.97,101.875
2026-05-23T04:36:22.7420000,22.33,91.97,101.876
2026-05-23T04:36:23.8290000,22.33,91.97,101.875
2026-05-23T04:36:24.8270000,22.33,91.99,101.875
2026-05-23T04:36:25.8680000,22.33,91.99,101.875
2026-05-23T04:36:26.9090000,22.33,91.99,101.875
2026-05-23T04:36:27.9500000,22.33,91.99,101.875
2026-05-23T04:36:28.9900000,22.33,91.97,101.875
2026-05-23T04:36:30.0310000,22.33,91.99,101.874
2026-05-23T04:36:31.0720000,22.33,91.97,101.874
2026-05-23T04:36:32.1120000,22.33,91.96,101.874
2026-05-23T04:36:33.1530000,22.33,91.94,101.874
2026-05-23T04:36:34.1940000,22.33,91.91,101.875
2026-05-23T04:36:35.2450000,22.33,91.94,101.874
2026-05-23T04:36:36.2860000,22.33,91.94,101.874
2026-05-23T04:36:37.3260000,22.33,91.95,101.874
2026-05-23T04:36:38.3710000,22.33,91.96,101.874
2026-05-23T04:36:39.4110000,22.34,91.95,101.874
2026-05-23T04:36:40.4520000,22.34,91.96,101.873
2026-05-23T04:36:41.4930000,22.34,91.96,101.873
2026-05-23T04:36:42.5340000,22.34,91.95,101.872
2026-05-23T04:36:43.5750000,22.34,91.98,101.873
2026-05-23T04:36:44.6160000,22.34,91.98,101.872
2026-05-23T04:36:45.6560000,22.34,92.07,101.873
2026-05-23T04:36:46.6970000,22.34,92,101.872
2026-05-23T04:36:47.7380000,22.34,91.96,101.872
2026-05-23T04:36:48.7790000,22.34,92.01,101.872
2026-05-23T04:36:49.8300000,22.34,91.98,101.873
2026-05-23T04:36:50.8700000,22.35,92.03,101.873
2026-05-23T04:36:51.9460000,22.35,92.04,101.872
2026-05-23T04:36:52.9450000,22.35,92,101.872
2026-05-23T04:36:53.9960000,22.35,92.01,101.873
2026-05-23T04:36:55.0370000,22.35,92.01,101.873
2026-05-23T04:36:56.0780000,22.35,92.03,101.874
2026-05-23T04:36:57.1180000,22.36,92.01,101.874
2026-05-23T04:36:58.1590000,22.36,92.04,101.875
2026-05-23T04:36:59.2000000,22.36,92.03,101.875
2026-05-23T04:37:00.2400000,22.36,92.02,101.875
2026-05-23T04:37:01.2810000,22.36,92.06,101.875
2026-05-23T04:37:02.3220000,22.36,92.03,101.874
2026-05-23T04:37:03.3630000,22.37,92.03,101.875
2026-05-23T04:37:04.4140000,22.37,92.04,101.875
2026-05-23T04:37:05.5210000,22.37,92.02,101.876
2026-05-23T04:37:06.4890000,22.37,92.09,101.877
2026-05-23T04:37:07.5400000,22.37,92.08,101.877
2026-05-23T04:37:08.5810000,22.37,92.09,101.877
2026-05-23T04:37:09.6220000,22.37,92.09,101.877
2026-05-23T04:37:10.6630000,22.38,92.09,101.878
2026-05-23T04:37:11.7030000,22.38,92.08,101.878
2026-05-23T04:37:12.7440000,22.38,92.11,101.878
2026-05-23T04:37:13.7850000,22.38,92.1,101.878
2026-05-23T04:37:14.8260000,22.38,92.13,101.877
2026-05-23T04:37:15.8660000,22.38,92.13,101.878
2026-05-23T04:37:16.9070000,22.38,92.11,101.877
2026-05-23T04:37:17.9480000,22.38,92.13,101.878
2026-05-23T04:37:18.9990000,22.38,92.16,101.879
2026-05-23T04:37:20.0640000,22.38,92.16,101.879
2026-05-23T04:37:21.0730000,22.38,92.17,101.879
2026-05-23T04:37:22.1250000,22.38,92.18,101.878
2026-05-23T04:37:23.1650000,22.38,92.18,101.879
2026-05-23T04:37:24.2060000,22.38,92.2,101.879
2026-05-23T04:37:25.2470000,22.38,92.2,101.88
2026-05-23T04:37:26.2870000,22.38,92.21,101.879
2026-05-23T04:37:27.3280000,22.38,92.29,101.879
2026-05-23T04:37:28.3690000,22.38,92.24,101.878
2026-05-23T04:37:29.4100000,22.39,92.25,101.879
2026-05-23T04:37:30.4510000,22.39,92.22,101.879
2026-05-23T04:37:31.4910000,22.39,92.26,101.879
2026-05-23T04:37:32.5430000,22.39,92.23,101.879
2026-05-23T04:37:33.6390000,22.39,92.31,101.879
2026-05-23T04:37:34.6170000,22.39,92.27,101.88
2026-05-23T04:37:35.6580000,22.39,92.29,101.881
2026-05-23T04:37:36.7090000,22.39,92.29,101.881
2026-05-23T04:37:37.7500000,22.39,92.3,101.88
2026-05-23T04:37:38.7910000,22.39,92.31,101.88
2026-05-23T04:37:39.8320000,22.39,92.31,101.879
2026-05-23T04:37:40.8720000,22.39,92.32,101.88
2026-05-23T04:37:41.9130000,22.39,92.34,101.88
2026-05-23T04:37:42.9540000,22.39,92.34,101.88
2026-05-23T04:37:43.9950000,22.39,92.35,101.881
2026-05-23T04:37:45.0350000,22.39,92.37,101.881
2026-05-23T04:37:46.0760000,22.39,92.37,101.88
2026-05-23T04:37:47.1170000,22.39,92.38,101.881
2026-05-23T04:37:48.1820000,22.4,92.38,101.882
2026-05-23T04:37:49.2010000,22.4,92.38,101.882
2026-05-23T04:37:50.2420000,22.4,92.39,101.882
2026-05-23T04:37:51.2830000,22.4,92.39,101.882
2026-05-23T04:37:52.3340000,22.4,92.41,101.882
2026-05-23T04:37:53.3750000,22.4,92.41,101.882
2026-05-23T04:37:54.4160000,22.4,92.42,101.883
2026-05-23T04:37:55.4570000,22.4,92.44,101.883
2026-05-23T04:37:56.4970000,22.4,92.41,101.884
2026-05-23T04:37:57.5380000,22.4,92.42,101.883
2026-05-23T04:37:58.5790000,22.4,92.44,101.883
2026-05-23T04:37:59.6200000,22.4,92.45,101.883
2026-05-23T04:38:00.6610000,22.4,92.42,101.883
2026-05-23T04:38:01.7540000,22.4,92.48,101.884
2026-05-23T04:38:02.7420000,22.4,92.48,101.883
2026-05-23T04:38:03.7940000,22.4,92.48,101.882
2026-05-23T04:38:04.8340000,22.4,92.47,101.882
2026-05-23T04:38:05.8750000,22.4,92.48,101.882
2026-05-23T04:38:06.9160000,22.4,92.48,101.881
2026-05-23T04:38:07.9570000,22.4,92.5,101.881
2026-05-23T04:38:08.9970000,22.4,92.49,101.881
2026-05-23T04:38:10.0380000,22.4,92.47,101.88
2026-05-23T04:38:11.0790000,22.41,92.46,101.88
2026-05-23T04:38:12.1190000,22.41,92.53,101.88
2026-05-23T04:38:13.1600000,22.41,92.51,101.88
2026-05-23T04:38:14.2010000,22.41,92.57,101.88
2026-05-23T04:38:15.2520000,22.41,92.56,101.88
2026-05-23T04:38:16.2960000,22.41,92.57,101.879
2026-05-23T04:38:17.3270000,22.41,92.53,101.879
2026-05-23T04:38:18.3780000,22.41,92.54,101.878
2026-05-23T04:38:19.4190000,22.41,92.57,101.879
2026-05-23T04:38:20.4600000,22.41,92.55,101.879
2026-05-23T04:38:21.5000000,22.41,92.55,101.879
2026-05-23T04:38:22.5410000,22.41,92.56,101.88
2026-05-23T04:38:23.5820000,22.41,92.6,101.879
2026-05-23T04:38:24.6230000,22.41,92.56,101.879
2026-05-23T04:38:25.6640000,22.41,92.56,101.879
2026-05-23T04:38:26.7040000,22.41,92.58,101.88
2026-05-23T04:38:27.7450000,22.41,92.57,101.879
2026-05-23T04:38:28.7860000,22.41,92.56,101.88
2026-05-23T04:38:29.8680000,22.41,92.57,101.88
2026-05-23T04:38:30.8780000,22.41,92.58,101.88
2026-05-23T04:38:31.9180000,22.41,92.6,101.879
2026-05-23T04:38:32.9590000,22.41,92.6,101.879
2026-05-23T04:38:34.0000000,22.41,92.6,101.88
2026-05-23T04:38:35.0410000,22.41,92.6,101.879
2026-05-23T04:38:36.0810000,22.41,92.6,101.879
2026-05-23T04:38:37.1220000,22.41,92.6,101.878
2026-05-23T04:38:38.1630000,22.41,92.61,101.877
2026-05-23T04:38:39.2040000,22.41,92.61,101.877
2026-05-23T04:38:40.2440000,22.4,92.59,101.876
2026-05-23T04:38:41.2960000,22.4,92.61,101.876
2026-05-23T04:38:42.3360000,22.4,92.65,101.875
2026-05-23T04:38:43.4440000,22.4,92.62,101.875
2026-05-23T04:38:44.4110000,22.4,92.62,101.876
2026-05-23T04:38:45.4620000,22.4,92.61,101.876
2026-05-23T04:38:46.5030000,22.41,92.63,101.876
2026-05-23T04:38:47.5440000,22.41,92.61,101.876
2026-05-23T04:38:48.5840000,22.4,92.61,101.875
2026-05-23T04:38:49.6250000,22.4,92.61,101.875
2026-05-23T04:38:50.6660000,22.4,92.61,101.874
2026-05-23T04:38:51.7070000,22.4,92.6,101.874
2026-05-23T04:38:52.7480000,22.4,92.61,101.874
2026-05-23T04:38:53.7880000,22.4,92.6,101.873
2026-05-23T04:38:54.8290000,22.4,92.62,101.873
2026-05-23T04:38:55.8800000,22.4,92.63,101.873
2026-05-23T04:38:56.9210000,22.4,92.6,101.873
2026-05-23T04:38:57.9860000,22.4,92.62,101.874
2026-05-23T04:38:58.9960000,22.4,92.62,101.875
2026-05-23T04:39:00.0470000,22.4,92.63,101.875
2026-05-23T04:39:01.0880000,22.4,92.62,101.875
2026-05-23T04:39:02.1280000,22.4,92.62,101.875
2026-05-23T04:39:03.1690000,22.4,92.63,101.875
2026-05-23T04:39:04.2100000,22.4,92.63,101.875
2026-05-23T04:39:05.2510000,22.4,92.62,101.875
2026-05-23T04:39:06.2910000,22.4,92.62,101.875
2026-05-23T04:39:07.3320000,22.4,92.64,101.875
2026-05-23T04:39:08.3730000,22.4,92.63,101.875
2026-05-23T04:39:09.4140000,22.39,92.64,101.875
2026-05-23T04:39:10.4550000,22.39,92.64,101.875
2026-05-23T04:39:11.5580000,22.39,92.63,101.875
2026-05-23T04:39:12.5470000,22.39,92.63,101.876
2026-05-23T04:39:13.5870000,22.39,92.64,101.875
2026-05-23T04:39:14.6280000,22.39,92.63,101.874
2026-05-23T04:39:15.6690000,22.39,92.63,101.874
2026-05-23T04:39:16.7100000,22.39,92.64,101.874
2026-05-23T04:39:17.7500000,22.39,92.63,101.874
2026-05-23T04:39:18.7910000,22.39,92.63,101.874
2026-05-23T04:39:19.8320000,22.39,92.66,101.873
2026-05-23T04:39:20.8830000,22.39,92.64,101.874
2026-05-23T04:39:21.9240000,22.39,92.63,101.874
2026-05-23T04:39:22.9640000,22.39,92.62,101.873
2026-05-23T04:39:24.0050000,22.39,92.63,101.873
2026-05-23T04:39:25.0460000,22.39,92.65,101.874
2026-05-23T04:39:26.1010000,22.39,92.63,101.874
2026-05-23T04:39:27.1310000,22.39,92.61,101.875
2026-05-23T04:39:28.1720000,22.38,92.62,101.874
2026-05-23T04:39:29.2120000,22.38,92.64,101.875
2026-05-23T04:39:30.2530000,22.38,92.63,101.875
2026-05-23T04:39:31.2940000,22.38,92.62,101.875
2026-05-23T04:39:32.3350000,22.38,92.63,101.875
2026-05-23T04:39:33.3760000,22.38,92.62,101.875
2026-05-23T04:39:34.4160000,22.38,92.63,101.876
2026-05-23T04:39:35.4570000,22.38,92.62,101.876
2026-05-23T04:39:36.5090000,22.38,92.64,101.876
2026-05-23T04:39:37.5490000,22.38,92.61,101.876
2026-05-23T04:39:38.5900000,22.38,92.59,101.876
2026-05-23T04:39:39.6730000,22.38,92.65,101.877
2026-05-23T04:39:40.6710000,22.38,92.62,101.877
2026-05-23T04:39:41.7120000,22.38,92.6,101.877
2026-05-23T04:39:42.7530000,22.38,92.62,101.877
2026-05-23T04:39:43.7940000,22.38,92.62,101.878
2026-05-23T04:39:44.8340000,22.38,92.61,101.878
2026-05-23T04:39:45.8750000,22.38,92.62,101.878
2026-05-23T04:39:46.9260000,22.38,92.61,101.878
2026-05-23T04:39:47.9670000,22.38,92.55,101.878
2026-05-23T04:39:49.0080000,22.38,92.63,101.878
2026-05-23T04:39:50.0480000,22.38,92.6,101.878
2026-05-23T04:39:51.0890000,22.38,92.61,101.879
2026-05-23T04:39:52.1300000,22.38,92.58,101.879
2026-05-23T04:39:53.1710000,22.38,92.59,101.879
2026-05-23T04:39:54.2180000,22.38,92.57,101.88
2026-05-23T04:39:55.2590000,22.38,92.59,101.881
2026-05-23T04:39:56.3000000,22.38,92.61,101.882
2026-05-23T04:39:57.3410000,22.38,92.6,101.883
2026-05-23T04:39:58.3820000,22.38,92.6,101.883
2026-05-23T04:39:59.4220000,22.38,92.58,101.883
2026-05-23T04:40:00.4630000,22.38,92.58,101.882
2026-05-23T04:40:01.5040000,22.38,92.68,101.882
2026-05-23T04:40:02.5440000,22.38,92.56,101.882
2026-05-23T04:40:03.5960000,22.38,92.64,101.882
2026-05-23T04:40:04.6360000,22.38,92.55,101.881
2026-05-23T04:40:05.6770000,22.38,92.59,101.881
2026-05-23T04:40:06.7180000,22.38,92.58,101.881
2026-05-23T04:40:07.7940000,22.38,92.53,101.88
2026-05-23T04:40:08.8030000,22.38,92.56,101.88
2026-05-23T04:40:09.8440000,22.37,92.55,101.88
2026-05-23T04:40:10.8840000,22.37,92.54,101.879
2026-05-23T04:40:11.9250000,22.37,92.54,101.88
2026-05-23T04:40:12.9660000,22.37,92.53,101.88
2026-05-23T04:40:14.0070000,22.37,92.54,101.879
2026-05-23T04:40:15.0480000,22.37,92.51,101.88
2026-05-23T04:40:16.0880000,22.37,92.52,101.881
2026-05-23T04:40:17.1400000,22.37,92.51,101.881
2026-05-23T04:40:18.1800000,22.37,92.54,101.881
2026-05-23T04:40:19.2210000,22.37,92.54,101.881
2026-05-23T04:40:20.2620000,22.37,92.53,101.881
2026-05-23T04:40:21.3660000,22.37,92.44,101.881
2026-05-23T04:40:22.3440000,22.37,92.51,101.881
2026-05-23T04:40:23.3850000,22.37,92.5,101.882
2026-05-23T04:40:24.4250000,22.37,92.5,101.882
2026-05-23T04:40:25.4660000,22.37,92.47,101.882
2026-05-23T04:40:26.5070000,22.37,92.47,101.881
2026-05-23T04:40:27.5580000,22.37,92.46,101.882
2026-05-23T04:40:28.5990000,22.36,92.46,101.882
2026-05-23T04:40:29.6390000,22.36,92.48,101.882
2026-05-23T04:40:30.6800000,22.36,92.43,101.881
2026-05-23T04:40:31.7210000,22.36,92.45,101.881
2026-05-23T04:40:32.7620000,22.35,92.46,101.881
2026-05-23T04:40:33.8030000,22.35,92.42,101.882
2026-05-23T04:40:34.8430000,22.35,92.39,101.881
2026-05-23T04:40:35.9090000,22.35,92.5,101.881
2026-05-23T04:40:36.9280000,22.35,92.41,101.881
2026-05-23T04:40:37.9690000,22.35,92.4,101.881
2026-05-23T04:40:39.0100000,22.35,92.38,101.882
2026-05-23T04:40:40.0500000,22.35,92.4,101.882
2026-05-23T04:40:41.0910000,22.34,92.38,101.882
2026-05-23T04:40:42.1420000,22.34,92.37,101.882
2026-05-23T04:40:43.1830000,22.35,92.41,101.882
2026-05-23T04:40:44.2240000,22.35,92.38,101.882
2026-05-23T04:40:45.2650000,22.35,92.37,101.882
2026-05-23T04:40:46.3060000,22.35,92.34,101.881
2026-05-23T04:40:47.3470000,22.35,92.35,101.882
2026-05-23T04:40:48.3870000,22.34,92.33,101.882
2026-05-23T04:40:49.4840000,22.34,92.32,101.881
2026-05-23T04:40:50.4730000,22.34,92.31,101.882
2026-05-23T04:40:51.5130000,22.34,92.3,101.882
2026-05-23T04:40:52.5540000,22.34,92.3,101.882
2026-05-23T04:40:53.5950000,22.34,92.29,101.881
2026-05-23T04:40:54.6460000,22.34,92.28,101.882
2026-05-23T04:40:55.6870000,22.34,92.26,101.882
2026-05-23T04:40:56.7270000,22.34,92.26,101.882
2026-05-23T04:40:57.7680000,22.34,92.26,101.883
2026-05-23T04:40:58.8090000,22.34,92.31,101.883
2026-05-23T04:40:59.8490000,22.34,92.28,101.883
2026-05-23T04:41:00.8900000,22.34,92.24,101.883
2026-05-23T04:41:01.9310000,22.33,92.16,101.883
2026-05-23T04:41:02.9720000,22.33,92.2,101.884
2026-05-23T04:41:04.0300000,22.33,92.17,101.883
2026-05-23T04:41:05.0600000,22.33,92.17,101.883
2026-05-23T04:41:06.1010000,22.33,92.18,101.884
2026-05-23T04:41:07.1420000,22.33,92.19,101.884
2026-05-23T04:41:08.1830000,22.33,92.19,101.885
2026-05-23T04:41:09.2230000,22.33,92.19,101.886
2026-05-23T04:41:10.2750000,22.33,92.18,101.885
2026-05-23T04:41:11.3150000,22.33,92.14,101.886
2026-05-23T04:41:12.3560000,22.33,92.17,101.887
2026-05-23T04:41:13.3970000,22.33,92.19,101.887
2026-05-23T04:41:14.4380000,22.33,92.22,101.886
2026-05-23T04:41:15.4790000,22.33,92.2,101.887
2026-05-23T04:41:16.5190000,22.33,92.18,101.886
2026-05-23T04:41:17.6020000,22.33,92.18,101.887
2026-05-23T04:41:18.6010000,22.33,92.17,101.887
2026-05-23T04:41:19.6420000,22.33,92.16,101.887
2026-05-23T04:41:20.6820000,22.33,92.16,101.887
2026-05-23T04:41:21.7340000,22.33,92.16,101.887
2026-05-23T04:41:22.7740000,22.33,92.19,101.887
2026-05-23T04:41:23.8150000,22.33,92.2,101.887
2026-05-23T04:41:24.8560000,22.33,92.21,101.887
2026-05-23T04:41:25.8970000,22.34,92.22,101.887
2026-05-23T04:41:26.9370000,22.34,92.22,101.887
2026-05-23T04:41:27.9780000,22.34,92.22,101.887
2026-05-23T04:41:29.0190000,22.34,92.26,101.887
2026-05-23T04:41:30.0600000,22.34,92.31,101.888
2026-05-23T04:41:31.1780000,22.34,92.27,101.888
2026-05-23T04:41:32.1450000,22.34,92.26,101.888
2026-05-23T04:41:33.1860000,22.34,92.26,101.887
2026-05-23T04:41:34.2370000,22.34,92.26,101.887
2026-05-23T04:41:35.2780000,22.34,92.28,101.887
2026-05-23T04:41:36.3180000,22.34,92.28,101.886
2026-05-23T04:41:37.3590000,22.35,92.29,101.887
2026-05-23T04:41:38.4000000,22.35,92.3,101.887
2026-05-23T04:41:39.4410000,22.35,92.32,101.887
2026-05-23T04:41:40.4810000,22.35,92.33,101.887
2026-05-23T04:41:41.5220000,22.35,92.28,101.886
2026-05-23T04:41:42.5630000,22.35,92.3,101.886
2026-05-23T04:41:43.6140000,22.35,92.3,101.886
2026-05-23T04:41:44.6550000,22.35,92.31,101.887
2026-05-23T04:41:45.7160000,22.35,92.32,101.886
2026-05-23T04:41:46.7360000,22.35,92.32,101.885
2026-05-23T04:41:47.7770000,22.35,92.32,101.885
2026-05-23T04:41:48.8170000,22.35,92.32,101.885
2026-05-23T04:41:49.8580000,22.35,92.32,101.885
2026-05-23T04:41:50.8990000,22.35,92.33,101.885
2026-05-23T04:41:51.9390000,22.35,92.33,101.886
2026-05-23T04:41:52.9800000,22.35,92.35,101.885
2026-05-23T04:41:54.0310000,22.35,92.35,101.885
2026-05-23T04:41:55.0720000,22.36,92.35,101.886
2026-05-23T04:41:56.1130000,22.36,92.34,101.886
2026-05-23T04:41:57.1540000,22.36,92.37,101.887
2026-05-23T04:41:58.1950000,22.36,92.38,101.887
2026-05-23T04:41:59.2910000,22.36,92.41,101.887
2026-05-23T04:42:00.2800000,22.37,92.39,101.887
2026-05-23T04:42:01.3200000,22.37,92.4,101.887
2026-05-23T04:42:02.3610000,22.37,92.41,101.887
2026-05-23T04:42:03.4020000,22.37,92.41,101.887
2026-05-23T04:42:04.4430000,22.37,92.41,101.887
2026-05-23T04:42:05.4830000,22.37,92.42,101.886
2026-05-23T04:42:06.5350000,22.37,92.43,101.886
2026-05-23T04:42:07.5750000,22.37,92.44,101.886
2026-05-23T04:42:08.6160000,22.37,92.43,101.886
2026-05-23T04:42:09.6570000,22.37,92.45,101.886
2026-05-23T04:42:10.6980000,22.37,92.44,101.885
2026-05-23T04:42:11.7390000,22.37,92.47,101.885
2026-05-23T04:42:12.7790000,22.37,92.47,101.885
2026-05-23T04:42:13.8340000,22.37,92.44,101.884
2026-05-23T04:42:14.8640000,22.37,92.47,101.884
2026-05-23T04:42:15.9050000,22.37,92.49,101.883
2026-05-23T04:42:16.9460000,22.37,92.49,101.883
2026-05-23T04:42:17.9860000,22.37,92.5,101.883
2026-05-23T04:42:19.0380000,22.38,92.51,101.883
2026-05-23T04:42:20.0780000,22.38,92.52,101.883
2026-05-23T04:42:21.1190000,22.38,92.5,101.883
2026-05-23T04:42:22.1600000,22.38,92.54,101.883
2026-05-23T04:42:23.2010000,22.38,92.53,101.883
2026-05-23T04:42:24.2420000,22.38,92.53,101.882
2026-05-23T04:42:25.2820000,22.38,92.53,101.883
2026-05-23T04:42:26.3230000,22.38,92.56,101.883
2026-05-23T04:42:27.4060000,22.38,92.57,101.884
2026-05-23T04:42:28.4040000,22.38,92.56,101.884
2026-05-23T04:42:29.4560000,22.38,92.57,101.884
2026-05-23T04:42:30.4960000,22.38,92.58,101.884
2026-05-23T04:42:31.5370000,22.38,92.59,101.884
2026-05-23T04:42:32.5780000,22.38,92.6,101.884
2026-05-23T04:42:33.6190000,22.38,92.61,101.885
2026-05-23T04:42:34.6590000,22.38,92.61,101.885
2026-05-23T04:42:35.7000000,22.38,92.56,101.885
2026-05-23T04:42:36.7410000,22.38,92.68,101.885
2026-05-23T04:42:37.7820000,22.38,92.64,101.886
2026-05-23T04:42:38.8330000,22.38,92.64,101.886
2026-05-23T04:42:39.8730000,22.38,92.66,101.886
2026-05-23T04:42:40.9810000,22.39,92.67,101.887
2026-05-23T04:42:41.9510000,22.39,92.65,101.886
2026-05-23T04:42:42.9920000,22.39,92.66,101.886
2026-05-23T04:42:44.0330000,22.39,92.67,101.887
2026-05-23T04:42:45.0740000,22.39,92.66,101.886
2026-05-23T04:42:46.1250000,22.38,92.67,101.885
2026-05-23T04:42:47.1660000,22.38,92.68,101.885
2026-05-23T04:42:48.2060000,22.39,92.67,101.885
2026-05-23T04:42:49.2470000,22.39,92.7,101.885
2026-05-23T04:42:50.2880000,22.39,92.71,101.886
2026-05-23T04:42:51.3290000,22.39,92.68,101.886
2026-05-23T04:42:52.3690000,22.39,92.67,101.886
2026-05-23T04:42:53.4100000,22.39,92.74,101.886
2026-05-23T04:42:54.4510000,22.39,92.7,101.887
2026-05-23T04:42:55.5230000,22.39,92.65,101.887
2026-05-23T04:42:56.5420000,22.39,92.73,101.887
2026-05-23T04:42:57.5830000,22.39,92.71,101.886
2026-05-23T04:42:58.6240000,22.39,92.71,101.886
2026-05-23T04:42:59.6650000,22.39,92.75,101.885
2026-05-23T04:43:00.7050000,22.39,92.73,101.886
2026-05-23T04:43:01.7460000,22.39,92.74,101.885
2026-05-23T04:43:02.7870000,22.39,92.77,101.884
2026-05-23T04:43:03.8280000,22.39,92.73,101.884
2026-05-23T04:43:04.8680000,22.39,92.74,101.884
2026-05-23T04:43:05.9090000,22.39,92.75,101.884
2026-05-23T04:43:06.9500000,22.39,92.75,101.884
2026-05-23T04:43:08.0010000,22.39,92.75,101.883
2026-05-23T04:43:09.0980000,22.39,92.7,101.881
2026-05-23T04:43:10.0750000,22.39,92.77,101.881
2026-05-23T04:43:11.1270000,22.4,92.78,101.881
2026-05-23T04:43:12.1670000,22.4,92.78,101.881
2026-05-23T04:43:13.2080000,22.4,92.78,101.881
2026-05-23T04:43:14.2490000,22.39,92.78,101.879
2026-05-23T04:43:15.2900000,22.4,92.79,101.88
2026-05-23T04:43:16.3300000,22.4,92.79,101.88
2026-05-23T04:43:17.3710000,22.4,92.79,101.88
2026-05-23T04:43:18.4120000,22.4,92.77,101.881
2026-05-23T04:43:19.4520000,22.4,92.81,101.88
2026-05-23T04:43:20.4930000,22.4,92.8,101.88
2026-05-23T04:43:21.5440000,22.4,92.78,101.88
2026-05-23T04:43:22.5850000,22.4,92.8,101.879
2026-05-23T04:43:23.6400000,22.4,92.83,101.879
2026-05-23T04:43:24.6700000,22.4,92.82,101.88
2026-05-23T04:43:25.7110000,22.4,92.82,101.88
2026-05-23T04:43:26.7510000,22.4,92.81,101.879
2026-05-23T04:43:27.7920000,22.4,92.83,101.879
2026-05-23T04:43:28.8330000,22.4,92.83,101.879
2026-05-23T04:43:29.8730000,22.4,92.82,101.878
2026-05-23T04:43:30.9140000,22.4,92.8,101.879
2026-05-23T04:43:31.9550000,22.4,92.8,101.878
2026-05-23T04:43:32.9960000,22.4,92.8,101.879
2026-05-23T04:43:34.0360000,22.4,92.82,101.879
2026-05-23T04:43:35.0880000,22.4,92.81,101.879
2026-05-23T04:43:36.1280000,22.4,92.82,101.88
2026-05-23T04:43:37.2150000,22.4,92.87,101.88
2026-05-23T04:43:38.2130000,22.4,92.85,101.881
2026-05-23T04:43:39.2540000,22.4,92.85,101.881
2026-05-23T04:43:40.2950000,22.4,92.85,101.881
2026-05-23T04:43:41.3350000,22.4,92.85,101.881
2026-05-23T04:43:42.3760000,22.4,92.85,101.881
2026-05-23T04:43:43.4170000,22.4,92.83,101.882
2026-05-23T04:43:44.4570000,22.4,92.85,101.882
2026-05-23T04:43:45.4980000,22.4,92.81,101.882
2026-05-23T04:43:46.5390000,22.4,92.82,101.882
2026-05-23T04:43:47.5790000,22.4,92.86,101.882
2026-05-23T04:43:48.6310000,22.4,92.86,101.883
2026-05-23T04:43:49.6710000,22.39,92.88,101.883
2026-05-23T04:43:50.7130000,22.39,92.82,101.883
2026-05-23T04:43:51.7600000,22.39,92.88,101.883
2026-05-23T04:43:52.7910000,22.39,92.82,101.883
2026-05-23T04:43:53.8320000,22.39,92.84,101.883
2026-05-23T04:43:54.8720000,22.39,92.84,101.883
2026-05-23T04:43:55.9230000,22.39,92.84,101.884
2026-05-23T04:43:56.9640000,22.39,92.84,101.883
2026-05-23T04:43:58.0050000,22.39,92.83,101.883
2026-05-23T04:43:59.0460000,22.39,92.81,101.883
2026-05-23T04:44:00.0870000,22.39,92.83,101.883
2026-05-23T04:44:01.1270000,22.39,92.87,101.883
2026-05-23T04:44:02.1680000,22.39,92.84,101.883
2026-05-23T04:44:03.2090000,22.39,92.85,101.883
2026-05-23T04:44:04.2490000,22.39,92.84,101.882
2026-05-23T04:44:05.3360000,22.39,92.85,101.883
2026-05-23T04:44:06.3340000,22.39,92.84,101.883
2026-05-23T04:44:07.3750000,22.39,92.85,101.883
2026-05-23T04:44:08.4160000,22.39,92.84,101.883
2026-05-23T04:44:09.4670000,22.39,92.84,101.883
2026-05-23T04:44:10.5080000,22.38,92.85,101.883
2026-05-23T04:44:11.5480000,22.38,92.83,101.883
2026-05-23T04:44:12.5890000,22.38,92.83,101.883
2026-05-23T04:44:13.6300000,22.38,92.84,101.884
2026-05-23T04:44:14.6710000,22.38,92.82,101.884
2026-05-23T04:44:15.7110000,22.38,92.8,101.884
2026-05-23T04:44:16.7520000,22.38,92.88,101.884
2026-05-23T04:44:17.7930000,22.38,92.85,101.885
2026-05-23T04:44:18.9140000,22.38,92.84,101.886
2026-05-23T04:44:19.8810000,22.38,92.83,101.887
2026-05-23T04:44:20.9220000,22.38,92.82,101.887
2026-05-23T04:44:21.9630000,22.38,92.82,101.887
2026-05-23T04:44:23.0040000,22.38,92.82,101.887
2026-05-23T04:44:24.0440000,22.38,92.82,101.888
2026-05-23T04:44:25.0850000,22.38,92.81,101.889
2026-05-23T04:44:26.1360000,22.38,92.81,101.89
2026-05-23T04:44:27.1770000,22.38,92.8,101.89
2026-05-23T04:44:28.2180000,22.37,92.79,101.89
2026-05-23T04:44:29.2580000,22.37,92.84,101.891
2026-05-23T04:44:30.2990000,22.37,92.81,101.891
2026-05-23T04:44:31.3400000,22.37,92.78,101.891
2026-05-23T04:44:32.3810000,22.37,92.8,101.892
2026-05-23T04:44:33.4560000,22.37,92.8,101.892
2026-05-23T04:44:34.4650000,22.37,92.78,101.891
2026-05-23T04:44:35.5060000,22.37,92.78,101.891
2026-05-23T04:44:36.5470000,22.37,92.78,101.891
2026-05-23T04:44:37.5870000,22.37,92.78,101.891
2026-05-23T04:44:38.6390000,22.37,92.78,101.89
2026-05-23T04:44:39.6790000,22.37,92.76,101.89
2026-05-23T04:44:40.7200000,22.37,92.8,101.891
2026-05-23T04:44:41.7610000,22.37,92.79,101.891
2026-05-23T04:44:42.8020000,22.37,92.76,101.892
2026-05-23T04:44:43.8420000,22.37,92.78,101.892
2026-05-23T04:44:44.8830000,22.37,92.76,101.891
2026-05-23T04:44:45.9240000,22.37,92.76,101.891
2026-05-23T04:44:47.0350000,22.37,92.8,101.89
2026-05-23T04:44:48.0120000,22.36,92.74,101.889
2026-05-23T04:44:49.0530000,22.36,92.74,101.888
2026-05-23T04:44:50.0940000,22.36,92.73,101.889
2026-05-23T04:44:51.1350000,22.36,92.73,101.889
2026-05-23T04:44:52.1750000,22.36,92.73,101.888
2026-05-23T04:44:53.2160000,22.35,92.71,101.888
2026-05-23T04:44:54.2670000,22.35,92.7,101.888
2026-05-23T04:44:55.3080000,22.35,92.7,101.888
2026-05-23T04:44:56.3490000,22.35,92.66,101.888
2026-05-23T04:44:57.3890000,22.35,92.69,101.887
2026-05-23T04:44:58.4300000,22.35,92.66,101.887
2026-05-23T04:44:59.4710000,22.35,92.66,101.887
2026-05-23T04:45:00.5110000,22.35,92.7,101.886
2026-05-23T04:45:01.5800000,22.35,92.65,101.887
2026-05-23T04:45:02.6000000,22.35,92.66,101.887
2026-05-23T04:45:03.6400000,22.35,92.66,101.887
2026-05-23T04:45:04.6810000,22.35,92.65,101.887
2026-05-23T04:45:05.7220000,22.35,92.65,101.887
2026-05-23T04:45:06.7630000,22.35,92.64,101.888
2026-05-23T04:45:07.8040000,22.35,92.63,101.888
2026-05-23T04:45:08.8440000,22.34,92.57,101.889
2026-05-23T04:45:09.8850000,22.34,92.63,101.89
2026-05-23T04:45:10.9370000,22.34,92.62,101.89
2026-05-23T04:45:11.9770000,22.34,92.58,101.891
2026-05-23T04:45:13.0180000,22.34,92.61,101.891
2026-05-23T04:45:14.0590000,22.34,92.61,101.891
2026-05-23T04:45:15.1550000,22.34,92.6,101.891
2026-05-23T04:45:16.1440000,22.34,92.59,101.892
2026-05-23T04:45:17.1840000,22.34,92.59,101.891
2026-05-23T04:45:18.2250000,22.34,92.58,101.891
2026-05-23T04:45:19.2660000,22.34,92.58,101.891
2026-05-23T04:45:20.3070000,22.34,92.56,101.891
2026-05-23T04:45:21.3470000,22.34,92.57,101.89
2026-05-23T04:45:22.3880000,22.34,92.57,101.89
2026-05-23T04:45:23.4290000,22.34,92.52,101.89
2026-05-23T04:45:24.4800000,22.34,92.54,101.889
2026-05-23T04:45:25.5210000,22.34,92.5,101.889
2026-05-23T04:45:26.5610000,22.34,92.53,101.888
2026-05-23T04:45:27.6020000,22.34,92.48,101.888
2026-05-23T04:45:28.6430000,22.34,92.53,101.888
2026-05-23T04:45:29.7010000,22.34,92.53,101.886
2026-05-23T04:45:30.7310000,22.34,92.51,101.885
2026-05-23T04:45:31.7720000,22.34,92.49,101.885
2026-05-23T04:45:32.8130000,22.34,92.47,101.885
2026-05-23T04:45:33.8530000,22.33,92.45,101.885
2026-05-23T04:45:34.8940000,22.33,92.43,101.884
2026-05-23T04:45:35.9350000,22.33,92.41,101.884
2026-05-23T04:45:36.9760000,22.33,92.43,101.884
2026-05-23T04:45:38.0170000,22.33,92.4,101.883
2026-05-23T04:45:39.0570000,22.33,92.43,101.883
2026-05-23T04:45:40.1090000,22.33,92.42,101.883
2026-05-23T04:45:41.1490000,22.33,92.45,101.884
2026-05-23T04:45:42.1900000,22.33,92.42,101.884
2026-05-23T04:45:43.2760000,22.33,92.45,101.884
2026-05-23T04:45:44.2750000,22.33,92.42,101.883
2026-05-23T04:45:45.3160000,22.33,92.44,101.883
2026-05-23T04:45:46.3560000,22.33,92.44,101.883
2026-05-23T04:45:47.3970000,22.34,92.43,101.883
2026-05-23T04:45:48.4380000,22.34,92.41,101.883
2026-05-23T04:45:49.4790000,22.34,92.41,101.883
2026-05-23T04:45:50.5190000,22.33,92.4,101.883
2026-05-23T04:45:51.5600000,22.33,92.4,101.884
2026-05-23T04:45:52.6110000,22.34,92.41,101.884
2026-05-23T04:45:53.6520000,22.34,92.39,101.884
2026-05-23T04:45:54.6930000,22.34,92.38,101.885
2026-05-23T04:45:55.7340000,22.34,92.41,101.884
2026-05-23T04:45:56.7740000,22.34,92.41,101.884
2026-05-23T04:45:57.8220000,22.34,92.36,101.886
2026-05-23T04:45:58.8630000,22.34,92.37,101.886
2026-05-23T04:45:59.9040000,22.34,92.37,101.886
2026-05-23T04:46:00.9450000,22.34,92.36,101.887
2026-05-23T04:46:01.9860000,22.33,92.35,101.886
2026-05-23T04:46:03.0260000,22.34,92.36,101.886
2026-05-23T04:46:04.0670000,22.34,92.35,101.886
2026-05-23T04:46:05.1080000,22.34,92.32,101.886
2026-05-23T04:46:06.1480000,22.34,92.36,101.886
2026-05-23T04:46:07.1890000,22.34,92.38,101.886
2026-05-23T04:46:08.2400000,22.34,92.36,101.885
2026-05-23T04:46:09.2810000,22.34,92.37,101.885
2026-05-23T04:46:10.3220000,22.34,92.36,101.885
2026-05-23T04:46:11.3970000,22.34,92.35,101.884
2026-05-23T04:46:12.4060000,22.34,92.36,101.884
2026-05-23T04:46:13.4470000,22.34,92.36,101.884
2026-05-23T04:46:14.4880000,22.35,92.37,101.884
2026-05-23T04:46:15.5290000,22.35,92.37,101.883
2026-05-23T04:46:16.5690000,22.35,92.38,101.884
2026-05-23T04:46:17.6100000,22.35,92.38,101.883
2026-05-23T04:46:18.6510000,22.35,92.38,101.883
2026-05-23T04:46:19.6920000,22.35,92.41,101.883
2026-05-23T04:46:20.7430000,22.35,92.44,101.883
2026-05-23T04:46:21.7840000,22.36,92.41,101.885
2026-05-23T04:46:22.8250000,22.36,92.43,101.884
2026-05-23T04:46:23.8650000,22.36,92.4,101.884
2026-05-23T04:46:24.9730000,22.36,92.43,101.885
2026-05-23T04:46:25.9500000,22.36,92.42,101.885
2026-05-23T04:46:26.9910000,22.36,92.43,101.885
2026-05-23T04:46:28.0320000,22.37,92.42,101.885
2026-05-23T04:46:29.0730000,22.37,92.42,101.885
2026-05-23T04:46:30.1130000,22.37,92.43,101.885
2026-05-23T04:46:31.1540000,22.37,92.44,101.885
2026-05-23T04:46:32.1950000,22.37,92.44,101.885
2026-05-23T04:46:33.2360000,22.37,92.45,101.885
2026-05-23T04:46:34.2870000,22.37,92.45,101.886
2026-05-23T04:46:35.3280000,22.37,92.46,101.886
2026-05-23T04:46:36.3680000,22.37,92.46,101.885
2026-05-23T04:46:37.4090000,22.37,92.43,101.886
2026-05-23T04:46:38.4500000,22.37,92.47,101.886
2026-05-23T04:46:39.5190000,22.37,92.51,101.886
2026-05-23T04:46:40.5280000,22.38,92.48,101.886
2026-05-23T04:46:41.5790000,22.38,92.49,101.885
2026-05-23T04:46:42.6200000,22.37,92.49,101.884
2026-05-23T04:46:43.6610000,22.38,92.5,101.884
2026-05-23T04:46:44.7010000,22.37,92.51,101.883
2026-05-23T04:46:45.7420000,22.38,92.51,101.884
2026-05-23T04:46:46.7830000,22.38,92.49,101.883
2026-05-23T04:46:47.8240000,22.38,92.54,101.883
2026-05-23T04:46:48.8650000,22.38,92.52,101.883
2026-05-23T04:46:49.9050000,22.38,92.52,101.884
2026-05-23T04:46:50.9460000,22.38,92.54,101.884
2026-05-23T04:46:51.9980000,22.38,92.56,101.884
2026-05-23T04:46:54.0720000,22.39,92.55,101.885
2026-05-23T04:46:55.1130000,22.39,92.56,101.886
2026-05-23T04:46:56.1640000,22.39,92.58,101.886
2026-05-23T04:46:57.2050000,22.39,92.56,101.887
2026-05-23T04:46:58.2460000,22.39,92.58,101.886
2026-05-23T04:46:59.2860000,22.39,92.59,101.886
2026-05-23T04:47:00.3270000,22.39,92.6,101.886
2026-05-23T04:47:01.3680000,22.39,92.59,101.886
2026-05-23T04:47:02.4080000,22.39,92.6,101.887
2026-05-23T04:47:03.4490000,22.39,92.65,101.887
2026-05-23T04:47:04.4900000,22.39,92.62,101.887
2026-05-23T04:47:05.5410000,22.39,92.62,101.887
2026-05-23T04:47:06.5820000,22.39,92.62,101.887
2026-05-23T04:47:07.6370000,22.39,92.62,101.886
2026-05-23T04:47:08.6570000,22.39,92.63,101.886
2026-05-23T04:47:09.7080000,22.4,92.63,101.886
2026-05-23T04:47:10.7490000,22.4,92.64,101.886
2026-05-23T04:47:11.7890000,22.4,92.64,101.886
2026-05-23T04:47:12.8300000,22.4,92.64,101.887
2026-05-23T04:47:13.8710000,22.4,92.64,101.885
2026-05-23T04:47:14.9120000,22.4,92.74,101.885
2026-05-23T04:47:15.9520000,22.4,92.66,101.885
2026-05-23T04:47:16.9930000,22.4,92.67,101.885
2026-05-23T04:47:18.0340000,22.4,92.64,101.885
2026-05-23T04:47:19.0850000,22.4,92.68,101.885
2026-05-23T04:47:20.1260000,22.4,92.65,101.885
2026-05-23T04:47:21.2120000,22.4,92.68,101.884
2026-05-23T04:47:22.2010000,22.4,92.66,101.883
2026-05-23T04:47:23.2520000,22.4,92.68,101.883
2026-05-23T04:47:24.2920000,22.4,92.66,101.883
2026-05-23T04:47:25.3330000,22.4,92.68,101.883
2026-05-23T04:47:26.3740000,22.41,92.68,101.884
2026-05-23T04:47:27.4150000,22.4,92.68,101.883
2026-05-23T04:47:28.4560000,22.4,92.69,101.883
2026-05-23T04:47:29.4960000,22.4,92.68,101.883
2026-05-23T04:47:30.5370000,22.4,92.71,101.883
2026-05-23T04:47:31.5780000,22.4,92.71,101.883
2026-05-23T04:47:32.6190000,22.41,92.71,101.884
2026-05-23T04:47:33.6700000,22.38,92.69,101.879
2026-05-23T04:47:34.7110000,22.39,92.69,101.881
2026-05-23T04:47:35.7550000,22.4,92.71,101.884
2026-05-23T04:47:36.7960000,22.4,92.71,101.883
2026-05-23T04:47:37.8370000,22.4,92.71,101.883
2026-05-23T04:47:38.8770000,22.4,92.73,101.884
2026-05-23T04:47:39.9180000,22.4,92.71,101.884
2026-05-23T04:47:40.9590000,22.4,92.71,101.884
2026-05-23T04:47:42.0000000,22.4,92.72,101.883
2026-05-23T04:47:43.0410000,22.4,92.7,101.883
2026-05-23T04:47:44.0810000,22.4,92.74,101.883
2026-05-23T04:47:45.1220000,22.41,92.72,101.883
2026-05-23T04:47:46.1630000,22.41,92.7,101.883
2026-05-23T04:47:47.2140000,22.41,92.71,101.884
2026-05-23T04:47:48.2550000,22.41,92.74,101.884
2026-05-23T04:47:50.3400000,22.41,92.72,101.884
2026-05-23T04:47:51.3810000,22.41,92.72,101.883
2026-05-23T04:47:52.4210000,22.41,92.73,101.883
2026-05-23T04:47:53.4620000,22.41,92.73,101.883
2026-05-23T04:47:54.5030000,22.41,92.74,101.883
2026-05-23T04:47:55.5440000,22.41,92.74,101.884
2026-05-23T04:47:56.5840000,22.41,92.73,101.885
2026-05-23T04:47:57.6250000,22.41,92.71,101.885
2026-05-23T04:47:58.6660000,22.41,92.74,101.886
2026-05-23T04:47:59.7070000,22.41,92.74,101.885
2026-05-23T04:48:00.7480000,22.41,92.73,101.885
2026-05-23T04:48:01.7990000,22.41,92.74,101.885
2026-05-23T04:48:02.9060000,22.41,92.68,101.886
2026-05-23T04:48:03.8770000,22.4,92.72,101.886
2026-05-23T04:48:04.9180000,22.4,92.72,101.886
2026-05-23T04:48:05.9590000,22.4,92.71,101.886
2026-05-23T04:48:06.9990000,22.4,92.72,101.885
2026-05-23T04:48:08.0510000,22.4,92.71,101.885
2026-05-23T04:48:09.0910000,22.4,92.71,101.885
2026-05-23T04:48:10.1320000,22.4,92.7,101.885
2026-05-23T04:48:11.1730000,22.4,92.7,101.885
2026-05-23T04:48:12.2130000,22.4,92.73,101.885
2026-05-23T04:48:13.2540000,22.4,92.69,101.884
2026-05-23T04:48:14.2950000,22.4,92.73,101.884
2026-05-23T04:48:15.3360000,22.4,92.69,101.884
2026-05-23T04:48:16.3770000,22.4,92.72,101.883
2026-05-23T04:48:17.4520000,22.4,92.65,101.883
2026-05-23T04:48:18.4620000,22.4,92.68,101.883
2026-05-23T04:48:19.5030000,22.4,92.7,101.882
2026-05-23T04:48:20.5430000,22.4,92.68,101.882
2026-05-23T04:48:21.5950000,22.4,92.7,101.882
2026-05-23T04:48:22.6350000,22.4,92.68,101.882
2026-05-23T04:48:23.6760000,22.4,92.7,101.882
2026-05-23T04:48:24.7170000,22.4,92.67,101.882
2026-05-23T04:48:25.7580000,22.39,92.68,101.882
2026-05-23T04:48:26.7980000,22.39,92.69,101.882
2026-05-23T04:48:27.8390000,22.39,92.69,101.883
2026-05-23T04:48:28.8800000,22.39,92.67,101.882
2026-05-23T04:48:29.9210000,22.39,92.69,101.882
2026-05-23T04:48:31.0280000,22.39,92.65,101.882
2026-05-23T04:48:32.0050000,22.39,92.65,101.882
2026-05-23T04:48:33.0460000,22.39,92.65,101.882
2026-05-23T04:48:34.0970000,22.38,92.64,101.882
2026-05-23T04:48:35.1380000,22.38,92.65,101.882
2026-05-23T04:48:36.1790000,22.38,92.64,101.883
2026-05-23T04:48:37.2190000,22.38,92.65,101.883
2026-05-23T04:48:38.2600000,22.39,92.65,101.883
2026-05-23T04:48:39.3010000,22.39,92.64,101.884
2026-05-23T04:48:40.3420000,22.39,92.67,101.884
2026-05-23T04:48:41.3820000,22.39,92.66,101.884
2026-05-23T04:48:42.4230000,22.39,92.66,101.883
2026-05-23T04:48:43.4740000,22.39,92.64,101.883
2026-05-23T04:48:44.5150000,22.39,92.64,101.883
2026-05-23T04:48:45.5740000,22.39,92.62,101.883
2026-05-23T04:48:46.5940000,22.39,92.62,101.883
2026-05-23T04:48:47.6340000,22.39,92.61,101.883
2026-05-23T04:48:48.6750000,22.38,92.61,101.883
2026-05-23T04:48:49.7160000,22.38,92.61,101.882
2026-05-23T04:48:50.7670000,22.38,92.6,101.883
2026-05-23T04:48:51.8080000,22.38,92.59,101.883
2026-05-23T04:48:52.8490000,22.38,92.63,101.883
2026-05-23T04:48:53.8890000,22.38,92.59,101.884
2026-05-23T04:48:54.9300000,22.38,92.55,101.884
2026-05-23T04:48:55.9710000,22.38,92.57,101.884
2026-05-23T04:48:57.0120000,22.38,92.55,101.885
2026-05-23T04:48:58.0520000,22.38,92.56,101.885
2026-05-23T04:48:59.1520000,22.38,92.55,101.884
2026-05-23T04:49:00.1410000,22.38,92.52,101.885
2026-05-23T04:49:01.1820000,22.37,92.53,101.884
2026-05-23T04:49:02.2220000,22.37,92.51,101.884
2026-05-23T04:49:03.2630000,22.37,92.53,101.884
2026-05-23T04:49:04.3040000,22.37,92.49,101.884
2026-05-23T04:49:05.3450000,22.37,92.5,101.884
2026-05-23T04:49:06.3860000,22.37,92.5,101.883
2026-05-23T04:49:07.4370000,22.37,92.52,101.883
2026-05-23T04:49:08.4780000,22.37,92.47,101.884
2026-05-23T04:49:09.5180000,22.37,92.5,101.884
2026-05-23T04:49:10.5590000,22.37,92.51,101.884
2026-05-23T04:49:11.6000000,22.37,92.49,101.884
2026-05-23T04:49:12.6410000,22.37,92.49,101.884
2026-05-23T04:49:13.6990000,22.37,92.5,101.884
2026-05-23T04:49:14.7290000,22.37,92.46,101.885
2026-05-23T04:49:15.7700000,22.37,92.45,101.885
2026-05-23T04:49:16.8110000,22.37,92.44,101.885
2026-05-23T04:49:17.8520000,22.37,92.43,101.885
2026-05-23T04:49:18.8920000,22.37,92.43,101.886
2026-05-23T04:49:19.9330000,22.37,92.42,101.885
2026-05-23T04:49:20.9740000,22.36,92.49,101.884
2026-05-23T04:49:22.0150000,22.36,92.41,101.884
2026-05-23T04:49:23.0550000,22.36,92.41,101.884
2026-05-23T04:49:24.1070000,22.36,92.39,101.884
2026-05-23T04:49:25.1470000,22.36,92.4,101.884
2026-05-23T04:49:26.1880000,22.36,92.39,101.885
2026-05-23T04:49:27.2780000,22.36,92.37,101.885
2026-05-23T04:49:28.2660000,22.35,92.35,101.885
2026-05-23T04:49:29.3070000,22.35,92.35,101.885
2026-05-23T04:49:30.3580000,22.35,92.34,101.884
2026-05-23T04:49:31.3990000,22.35,92.32,101.884
2026-05-23T04:49:32.4400000,22.35,92.29,101.885
2026-05-23T04:49:33.4810000,22.35,92.27,101.884
2026-05-23T04:49:34.5220000,22.35,92.27,101.884
2026-05-23T04:49:35.5630000,22.35,92.25,101.884
2026-05-23T04:49:36.6030000,22.35,92.27,101.883
2026-05-23T04:49:37.6440000,22.35,92.3,101.883
2026-05-23T04:49:38.6850000,22.35,92.28,101.883
2026-05-23T04:49:39.7360000,22.35,92.27,101.882
2026-05-23T04:49:40.7770000,22.35,92.3,101.882
2026-05-23T04:49:41.8210000,22.35,92.27,101.882
2026-05-23T04:49:42.8520000,22.35,92.3,101.882
2026-05-23T04:49:43.9030000,22.35,92.3,101.881
2026-05-23T04:49:44.9440000,22.35,92.31,101.881
2026-05-23T04:49:45.9840000,22.35,92.3,101.881
2026-05-23T04:49:47.0250000,22.35,92.29,101.881
2026-05-23T04:49:48.0660000,22.34,92.3,101.881
2026-05-23T04:49:49.1070000,22.35,92.37,101.881
2026-05-23T04:49:50.1480000,22.35,92.33,101.88
2026-05-23T04:49:51.1890000,22.35,92.31,101.881
2026-05-23T04:49:52.2300000,22.35,92.33,101.881
2026-05-23T04:49:53.2810000,22.35,92.31,101.881
2026-05-23T04:49:54.3220000,22.35,92.37,101.881
2026-05-23T04:49:55.4010000,22.35,92.37,101.881
2026-05-23T04:49:56.4000000,22.35,92.35,101.881
2026-05-23T04:49:57.4410000,22.35,92.35,101.881
2026-05-23T04:49:58.4810000,22.35,92.35,101.882
2026-05-23T04:49:59.5320000,22.35,92.36,101.882
2026-05-23T04:50:00.5730000,22.35,92.36,101.882
2026-05-23T04:50:01.6140000,22.35,92.36,101.881
2026-05-23T04:50:02.6550000,22.35,92.37,101.881
2026-05-23T04:50:03.6950000,22.35,92.35,101.881
2026-05-23T04:50:04.7360000,22.35,92.37,101.881
2026-05-23T04:50:05.7770000,22.35,92.36,101.882
2026-05-23T04:50:06.8180000,22.35,92.36,101.881
2026-05-23T04:50:07.8580000,22.35,92.35,101.882
2026-05-23T04:50:08.9760000,22.36,92.33,101.881
2026-05-23T04:50:09.9470000,22.35,92.39,101.88
2026-05-23T04:50:10.9870000,22.36,92.39,101.881
2026-05-23T04:50:12.0280000,22.36,92.4,101.881
2026-05-23T04:50:13.0690000,22.36,92.4,101.88
2026-05-23T04:50:14.1100000,22.36,92.4,101.88
2026-05-23T04:50:15.1610000,22.36,92.41,101.88
2026-05-23T04:50:16.2020000,22.36,92.41,101.88
2026-05-23T04:50:17.2430000,22.36,92.41,101.881
2026-05-23T04:50:18.2830000,22.36,92.4,101.881
2026-05-23T04:50:19.3240000,22.37,92.39,101.882
2026-05-23T04:50:20.3650000,22.37,92.41,101.882
2026-05-23T04:50:21.4060000,22.37,92.44,101.883
2026-05-23T04:50:22.4470000,22.37,92.44,101.883
2026-05-23T04:50:23.5220000,22.37,92.43,101.883
2026-05-23T04:50:24.5320000,22.37,92.44,101.884
2026-05-23T04:50:25.5720000,22.37,92.46,101.883
2026-05-23T04:50:26.6130000,22.37,92.46,101.884
2026-05-23T04:50:27.6540000,22.37,92.46,101.884
2026-05-23T04:50:28.7050000,22.38,92.48,101.885
2026-05-23T04:50:29.7460000,22.38,92.49,101.885
2026-05-23T04:50:30.7870000,22.38,92.48,101.886
2026-05-23T04:50:31.8280000,22.38,92.49,101.886
2026-05-23T04:50:32.8680000,22.38,92.49,101.887
2026-05-23T04:50:33.9090000,22.38,92.51,101.887
2026-05-23T04:50:34.9500000,22.38,92.54,101.888
2026-05-23T04:50:35.9910000,22.38,92.52,101.888
2026-05-23T04:50:37.0980000,22.38,92.51,101.888
2026-05-23T04:50:38.0760000,22.38,92.53,101.888
2026-05-23T04:50:39.1160000,22.38,92.53,101.888
2026-05-23T04:50:40.1570000,22.38,92.55,101.889
2026-05-23T04:50:41.1980000,22.38,92.55,101.889
2026-05-23T04:50:42.2500000,22.38,92.55,101.889
2026-05-23T04:50:43.2900000,22.38,92.56,101.889
2026-05-23T04:50:44.3310000,22.38,92.56,101.889
2026-05-23T04:50:45.3720000,22.38,92.58,101.889
2026-05-23T04:50:46.4130000,22.39,92.58,101.889
2026-05-23T04:50:47.4530000,22.39,92.61,101.889
2026-05-23T04:50:48.4940000,22.39,92.61,101.889
2026-05-23T04:50:49.5350000,22.39,92.58,101.889
2026-05-23T04:50:50.5760000,22.39,92.61,101.888
2026-05-23T04:50:51.6440000,22.39,92.66,101.888
2026-05-23T04:50:52.6640000,22.39,92.64,101.887
2026-05-23T04:50:53.7050000,22.39,92.64,101.886
2026-05-23T04:50:54.7460000,22.39,92.64,101.886
2026-05-23T04:50:55.7860000,22.39,92.64,101.886
2026-05-23T04:50:56.8270000,22.39,92.65,101.886
2026-05-23T04:50:57.8680000,22.39,92.65,101.885
2026-05-23T04:50:58.9190000,22.39,92.64,101.885
2026-05-23T04:50:59.9600000,22.39,92.68,101.885
2026-05-23T04:51:01.0010000,22.39,92.68,101.885
2026-05-23T04:51:02.0410000,22.39,92.65,101.883
2026-05-23T04:51:03.0820000,22.39,92.68,101.882
2026-05-23T04:51:04.1230000,22.39,92.68,101.88
2026-05-23T04:51:05.2190000,22.39,92.71,101.879
2026-05-23T04:51:06.2080000,22.39,92.69,101.878
2026-05-23T04:51:07.2490000,22.39,92.7,101.878
2026-05-23T04:51:08.2890000,22.39,92.71,101.879
2026-05-23T04:51:09.3300000,22.39,92.7,101.879
2026-05-23T04:51:10.3710000,22.39,92.71,101.88
2026-05-23T04:51:11.4120000,22.39,92.71,101.88
2026-05-23T04:51:12.4630000,22.39,92.71,101.881
2026-05-23T04:51:13.5040000,22.39,92.75,101.883
2026-05-23T04:51:14.5450000,22.39,92.76,101.883
2026-05-23T04:51:15.5850000,22.4,92.75,101.884
2026-05-23T04:51:16.6260000,22.4,92.74,101.885
2026-05-23T04:51:17.6670000,22.4,92.75,101.884
2026-05-23T04:51:18.7080000,22.4,92.74,101.884
2026-05-23T04:51:19.7660000,22.39,92.75,101.884
2026-05-23T04:51:20.7960000,22.4,92.75,101.885
2026-05-23T04:51:21.8370000,22.4,92.75,101.885
2026-05-23T04:51:22.8770000,22.4,92.76,101.885
2026-05-23T04:51:23.9180000,22.4,92.76,101.885
2026-05-23T04:51:24.9590000,22.4,92.77,101.884
2026-05-23T04:51:26.0000000,22.4,92.76,101.883
2026-05-23T04:51:27.0400000,22.4,92.77,101.883
2026-05-23T04:51:28.0920000,22.4,92.76,101.883
2026-05-23T04:51:29.1330000,22.4,92.78,101.883
2026-05-23T04:51:30.1730000,22.4,92.79,101.882
2026-05-23T04:51:31.2140000,22.4,92.78,101.882
2026-05-23T04:51:32.2550000,22.4,92.83,101.883
2026-05-23T04:51:33.3450000,22.41,92.79,101.884
2026-05-23T04:51:34.3440000,22.41,92.79,101.882
2026-05-23T04:51:35.3840000,22.41,92.8,101.883
2026-05-23T04:51:36.4250000,22.41,92.79,101.883
2026-05-23T04:51:37.4660000,22.4,92.8,101.883
2026-05-23T04:51:38.5070000,22.4,92.82,101.883
2026-05-23T04:51:39.5470000,22.4,92.8,101.883
2026-05-23T04:51:40.5880000,22.4,92.82,101.883
2026-05-23T04:51:41.6290000,22.4,92.82,101.883
2026-05-23T04:51:42.6700000,22.4,92.83,101.882
2026-05-23T04:51:43.7210000,22.4,92.83,101.882
2026-05-23T04:51:44.7620000,22.4,92.8,101.881
2026-05-23T04:51:45.8020000,22.41,92.84,101.882
2026-05-23T04:51:46.8430000,22.41,92.85,101.882
2026-05-23T04:51:47.8870000,22.41,92.83,101.882
2026-05-23T04:51:48.9280000,22.41,92.84,101.883
2026-05-23T04:51:49.9690000,22.41,92.84,101.882
2026-05-23T04:51:51.0100000,22.41,92.85,101.882
2026-05-23T04:51:52.0510000,22.41,92.85,101.881
2026-05-23T04:51:53.0910000,22.41,92.85,101.881
2026-05-23T04:51:54.1320000,22.41,92.85,101.881
2026-05-23T04:51:55.1730000,22.41,92.85,101.881
2026-05-23T04:51:56.2140000,22.41,92.87,101.881
2026-05-23T04:51:57.2650000,22.41,92.85,101.881
2026-05-23T04:51:58.3060000,22.41,92.86,101.88
2026-05-23T04:51:59.3470000,22.41,92.85,101.88
2026-05-23T04:52:00.3870000,22.41,92.83,101.88
2026-05-23T04:52:01.4630000,22.41,92.83,101.879
2026-05-23T04:52:02.4720000,22.41,92.86,101.879
2026-05-23T04:52:03.5130000,22.41,92.86,101.879
2026-05-23T04:52:04.5540000,22.41,92.86,101.878
2026-05-23T04:52:05.5940000,22.41,92.85,101.879
2026-05-23T04:52:06.6350000,22.41,92.87,101.879
2026-05-23T04:52:07.6760000,22.41,92.86,101.879
2026-05-23T04:52:08.7170000,22.41,92.85,101.879
2026-05-23T04:52:09.7680000,22.41,92.85,101.879
2026-05-23T04:52:10.8080000,22.41,92.86,101.88
2026-05-23T04:52:11.8490000,22.4,92.85,101.879
2026-05-23T04:52:12.8900000,22.4,92.87,101.879
2026-05-23T04:52:13.9310000,22.4,92.88,101.879
2026-05-23T04:52:15.0420000,22.4,92.83,101.879
2026-05-23T04:52:16.0200000,22.4,92.87,101.878
2026-05-23T04:52:17.0610000,22.4,92.86,101.877
2026-05-23T04:52:18.1010000,22.4,92.86,101.877
2026-05-23T04:52:19.1420000,22.4,92.86,101.877
2026-05-23T04:52:20.1830000,22.4,92.87,101.877
2026-05-23T04:52:21.2230000,22.4,92.86,101.876
2026-05-23T04:52:22.2640000,22.4,92.86,101.877
2026-05-23T04:52:23.3050000,22.4,92.86,101.878
2026-05-23T04:52:24.3460000,22.4,92.87,101.877
2026-05-23T04:52:25.3870000,22.4,92.85,101.878
2026-05-23T04:52:26.4380000,22.39,92.83,101.877
2026-05-23T04:52:27.4790000,22.4,92.86,101.878
2026-05-23T04:52:28.5190000,22.4,92.86,101.878
2026-05-23T04:52:29.5880000,22.39,92.82,101.878
2026-05-23T04:52:30.5970000,22.39,92.83,101.878
2026-05-23T04:52:31.6380000,22.39,92.83,101.878
2026-05-23T04:52:32.6890000,22.39,92.83,101.878
2026-05-23T04:52:33.7300000,22.39,92.83,101.878
2026-05-23T04:52:34.7710000,22.39,92.82,101.878
2026-05-23T04:52:35.8110000,22.39,92.81,101.879
2026-05-23T04:52:36.8520000,22.39,92.82,101.879
2026-05-23T04:52:37.8930000,22.39,92.79,101.88
2026-05-23T04:52:38.9340000,22.39,92.79,101.88
2026-05-23T04:52:39.9750000,22.39,92.8,101.88
2026-05-23T04:52:41.0150000,22.39,92.78,101.88
2026-05-23T04:52:42.0660000,22.38,92.84,101.88
2026-05-23T04:52:43.1670000,22.38,92.83,101.88
2026-05-23T04:52:44.1450000,22.38,92.79,101.88
2026-05-23T04:52:45.1860000,22.38,92.78,101.88
2026-05-23T04:52:46.2260000,22.38,92.77,101.88
2026-05-23T04:52:47.2670000,22.38,92.78,101.88
2026-05-23T04:52:48.3080000,22.38,92.78,101.88
2026-05-23T04:52:49.3590000,22.38,92.78,101.879
2026-05-23T04:52:50.4000000,22.38,92.76,101.879
2026-05-23T04:52:51.4410000,22.38,92.78,101.879
2026-05-23T04:52:52.4810000,22.38,92.75,101.878
2026-05-23T04:52:53.5220000,22.38,92.76,101.879
2026-05-23T04:52:54.5630000,22.37,92.72,101.878
2026-05-23T04:52:55.6040000,22.37,92.74,101.878
2026-05-23T04:52:56.6440000,22.37,92.73,101.878
2026-05-23T04:52:57.7130000,22.37,92.75,101.878
2026-05-23T04:52:58.7330000,22.37,92.71,101.878
2026-05-23T04:52:59.7730000,22.36,92.7,101.877
2026-05-23T04:53:00.8140000,22.37,92.69,101.878
2026-05-23T04:53:01.8550000,22.37,92.69,101.878
2026-05-23T04:53:02.8960000,22.37,92.69,101.878
2026-05-23T04:53:03.9360000,22.37,92.69,101.878
2026-05-23T04:53:04.9880000,22.37,92.68,101.878
2026-05-23T04:53:06.0280000,22.37,92.67,101.878
2026-05-23T04:53:07.0690000,22.36,92.67,101.878
2026-05-23T04:53:08.1100000,22.36,92.69,101.878
2026-05-23T04:53:09.1510000,22.36,92.66,101.878
2026-05-23T04:53:10.1920000,22.36,92.64,101.877
2026-05-23T04:53:11.2880000,22.35,92.6,101.876
2026-05-23T04:53:12.2760000,22.36,92.66,101.877
2026-05-23T04:53:13.3170000,22.36,92.66,101.876
2026-05-23T04:53:14.3580000,22.36,92.64,101.876
2026-05-23T04:53:15.3990000,22.36,92.64,101.876
2026-05-23T04:53:16.4400000,22.35,92.63,101.876
2026-05-23T04:53:17.4910000,22.35,92.63,101.876
2026-05-23T04:53:18.5310000,22.35,92.62,101.876
2026-05-23T04:53:19.5720000,22.35,92.6,101.877
2026-05-23T04:53:20.6130000,22.35,92.6,101.877
2026-05-23T04:53:21.6540000,22.35,92.6,101.877
2026-05-23T04:53:22.6940000,22.35,92.58,101.877
2026-05-23T04:53:23.7350000,22.35,92.57,101.878
2026-05-23T04:53:24.7760000,22.35,92.57,101.877
2026-05-23T04:53:25.8340000,22.35,92.61,101.877
2026-05-23T04:53:26.8640000,22.35,92.57,101.877
2026-05-23T04:53:27.9050000,22.35,92.56,101.877
2026-05-23T04:53:28.9460000,22.35,92.55,101.877
2026-05-23T04:53:29.9870000,22.35,92.55,101.877
2026-05-23T04:53:31.0280000,22.35,92.54,101.877
2026-05-23T04:53:32.0690000,22.34,92.54,101.877
2026-05-23T04:53:33.1090000,22.34,92.48,101.877
2026-05-23T04:53:34.1610000,22.34,92.49,101.878
2026-05-23T04:53:35.2020000,22.34,92.52,101.878
2026-05-23T04:53:36.2420000,22.34,92.48,101.878
2026-05-23T04:53:37.2830000,22.34,92.51,101.877
2026-05-23T04:53:38.3240000,22.34,92.5,101.878
2026-05-23T04:53:39.4130000,22.34,92.44,101.878
2026-05-23T04:53:40.4120000,22.34,92.47,101.878
2026-05-23T04:53:41.4530000,22.34,92.47,101.878
2026-05-23T04:53:42.4940000,22.34,92.46,101.878
2026-05-23T04:53:43.5350000,22.34,92.45,101.878
2026-05-23T04:53:44.5750000,22.34,92.44,101.878
2026-05-23T04:53:45.6160000,22.34,92.43,101.878
2026-05-23T04:53:46.6570000,22.34,92.42,101.878
2026-05-23T04:53:47.6970000,22.34,92.4,101.879
2026-05-23T04:53:48.7380000,22.34,92.43,101.878
2026-05-23T04:53:49.7900000,22.34,92.41,101.878
2026-05-23T04:53:50.8300000,22.34,92.39,101.878
2026-05-23T04:53:51.8710000,22.34,92.4,101.877
2026-05-23T04:53:52.9120000,22.34,92.4,101.877
2026-05-23T04:53:53.9560000,22.34,92.37,101.877
2026-05-23T04:53:54.9970000,22.34,92.32,101.877
2026-05-23T04:53:56.0380000,22.34,92.3,101.877
2026-05-23T04:53:57.0790000,22.33,92.28,101.878
2026-05-23T04:53:58.1200000,22.33,92.27,101.878
2026-05-23T04:53:59.1600000,22.33,92.26,101.878
2026-05-23T04:54:00.2010000,22.33,92.27,101.878
2026-05-23T04:54:01.2420000,22.33,92.18,101.878
2026-05-23T04:54:02.2830000,22.33,92.27,101.878
2026-05-23T04:54:03.3240000,22.33,92.29,101.878
2026-05-23T04:54:04.3750000,22.33,92.32,101.878
2026-05-23T04:54:05.4160000,22.33,92.28,101.878
2026-05-23T04:54:06.4560000,22.33,92.26,101.877
2026-05-23T04:54:07.5320000,22.33,92.27,101.878
2026-05-23T04:54:08.5410000,22.33,92.29,101.878
2026-05-23T04:54:09.5820000,22.34,92.28,101.879
2026-05-23T04:54:10.6230000,22.34,92.3,101.878
2026-05-23T04:54:11.6630000,22.34,92.31,101.878
2026-05-23T04:54:12.7040000,22.34,92.32,101.879
2026-05-23T04:54:13.7450000,22.34,92.32,101.878
2026-05-23T04:54:14.7860000,22.34,92.32,101.878
2026-05-23T04:54:15.8260000,22.34,92.32,101.879
2026-05-23T04:54:16.8780000,22.34,92.36,101.879
2026-05-23T04:54:17.9180000,22.34,92.36,101.879
2026-05-23T04:54:18.9590000,22.34,92.33,101.879
2026-05-23T04:54:20.0000000,22.34,92.37,101.879
2026-05-23T04:54:21.1070000,22.34,92.3,101.878
2026-05-23T04:54:22.0850000,22.34,92.34,101.879
2026-05-23T04:54:23.1260000,22.34,92.32,101.878
2026-05-23T04:54:24.1670000,22.35,92.33,101.878
2026-05-23T04:54:25.2070000,22.35,92.33,101.878
2026-05-23T04:54:26.2480000,22.34,92.33,101.877
2026-05-23T04:54:27.2890000,22.34,92.33,101.877
2026-05-23T04:54:28.3300000,22.35,92.33,101.877
2026-05-23T04:54:29.3810000,22.35,92.31,101.877
2026-05-23T04:54:30.4220000,22.35,92.34,101.877
2026-05-23T04:54:31.4620000,22.35,92.35,101.877
2026-05-23T04:54:32.5030000,22.35,92.34,101.877
2026-05-23T04:54:33.5440000,22.35,92.33,101.878
2026-05-23T04:54:34.5840000,22.35,92.34,101.878
2026-05-23T04:54:35.6570000,22.36,92.31,101.878
2026-05-23T04:54:36.6660000,22.36,92.35,101.879
2026-05-23T04:54:37.7070000,22.36,92.37,101.879
2026-05-23T04:54:38.7480000,22.36,92.35,101.878
2026-05-23T04:54:39.7990000,22.36,92.38,101.878
2026-05-23T04:54:40.8400000,22.36,92.38,101.877
2026-05-23T04:54:41.8800000,22.37,92.38,101.878
2026-05-23T04:54:42.9210000,22.36,92.35,101.877
2026-05-23T04:54:43.9620000,22.37,92.41,101.877
2026-05-23T04:54:45.0030000,22.37,92.4,101.877
2026-05-23T04:54:46.0430000,22.37,92.42,101.877
2026-05-23T04:54:47.0840000,22.37,92.43,101.877
2026-05-23T04:54:48.1250000,22.37,92.4,101.877
2026-05-23T04:54:49.2320000,22.37,92.46,101.876
2026-05-23T04:54:50.2100000,22.37,92.42,101.877
2026-05-23T04:54:51.2510000,22.37,92.42,101.877
2026-05-23T04:54:52.3020000,22.37,92.43,101.878
2026-05-23T04:54:53.3430000,22.37,92.44,101.878
2026-05-23T04:54:54.3830000,22.38,92.44,101.878
2026-05-23T04:54:55.4240000,22.37,92.44,101.877
2026-05-23T04:54:56.4650000,22.38,92.45,101.877
2026-05-23T04:54:57.5060000,22.38,92.49,101.878
2026-05-23T04:54:58.5460000,22.38,92.43,101.878
2026-05-23T04:54:59.5870000,22.38,92.48,101.879
2026-05-23T04:55:00.6280000,22.38,92.47,101.878
2026-05-23T04:55:01.6690000,22.38,92.47,101.878
2026-05-23T04:55:02.7200000,22.38,92.47,101.878
2026-05-23T04:55:03.7750000,22.38,92.45,101.878
2026-05-23T04:55:04.7940000,22.38,92.5,101.877
2026-05-23T04:55:05.8460000,22.38,92.5,101.878
2026-05-23T04:55:06.8860000,22.38,92.51,101.877
2026-05-23T04:55:07.9270000,22.38,92.52,101.876
2026-05-23T04:55:08.9680000,22.38,92.51,101.877
2026-05-23T04:55:10.0090000,22.38,92.52,101.878
2026-05-23T04:55:11.0500000,22.38,92.56,101.878
2026-05-23T04:55:12.0900000,22.39,92.54,101.879
2026-05-23T04:55:13.1310000,22.39,92.53,101.88
2026-05-23T04:55:14.1720000,22.39,92.56,101.879
2026-05-23T04:55:15.2230000,22.39,92.55,101.88
2026-05-23T04:55:16.2640000,22.39,92.58,101.879
2026-05-23T04:55:17.3500000,22.39,92.6,101.879
2026-05-23T04:55:18.3490000,22.39,92.58,101.879
2026-05-23T04:55:19.3900000,22.39,92.58,101.879
2026-05-23T04:55:20.4300000,22.39,92.59,101.879
2026-05-23T04:55:21.4710000,22.39,92.6,101.879
2026-05-23T04:55:22.5120000,22.39,92.61,101.879
2026-05-23T04:55:23.5530000,22.39,92.61,101.879
2026-05-23T04:55:24.5940000,22.39,92.61,101.879
2026-05-23T04:55:25.6340000,22.39,92.62,101.879
2026-05-23T04:55:26.6750000,22.39,92.62,101.879
2026-05-23T04:55:27.7160000,22.39,92.63,101.879
2026-05-23T04:55:28.7670000,22.39,92.62,101.879
2026-05-23T04:55:29.8080000,22.39,92.62,101.879
2026-05-23T04:55:30.8490000,22.39,92.64,101.878
2026-05-23T04:55:31.8970000,22.39,92.63,101.878
2026-05-23T04:55:32.9270000,22.39,92.65,101.878
2026-05-23T04:55:33.9680000,22.39,92.66,101.878
2026-05-23T04:55:35.0090000,22.39,92.66,101.877
2026-05-23T04:55:36.0600000,22.39,92.67,101.877
2026-05-23T04:55:37.1010000,22.39,92.66,101.877
2026-05-23T04:55:38.1420000,22.39,92.66,101.877
2026-05-23T04:55:39.1820000,22.4,92.76,101.877
2026-05-23T04:55:40.2230000,22.4,92.66,101.877
2026-05-23T04:55:41.2640000,22.4,92.66,101.876
2026-05-23T04:55:42.3050000,22.4,92.66,101.877
2026-05-23T04:55:43.3450000,22.4,92.67,101.877
2026-05-23T04:55:44.3860000,22.4,92.7,101.878
2026-05-23T04:55:45.4720000,22.4,92.67,101.878
2026-05-23T04:55:46.4710000,22.4,92.7,101.877
2026-05-23T04:55:47.5120000,22.4,92.71,101.877
2026-05-23T04:55:48.5530000,22.4,92.71,101.878
2026-05-23T04:55:49.6040000,22.4,92.7,101.877
2026-05-23T04:55:50.6450000,22.4,92.73,101.878
2026-05-23T04:55:51.6850000,22.4,92.72,101.878
2026-05-23T04:55:52.7260000,22.4,92.72,101.879
2026-05-23T04:55:53.7670000,22.4,92.72,101.879
2026-05-23T04:55:54.8080000,22.4,92.74,101.879
2026-05-23T04:55:55.8480000,22.4,92.75,101.88
2026-05-23T04:55:56.8890000,22.4,92.71,101.88
2026-05-23T04:55:57.9300000,22.4,92.72,101.881
2026-05-23T04:55:58.9700000,22.4,92.72,101.88
2026-05-23T04:56:00.0220000,22.4,92.74,101.88
2026-05-23T04:56:01.0630000,22.4,92.75,101.88
2026-05-23T04:56:02.1040000,22.4,92.74,101.88
2026-05-23T04:56:03.1440000,22.4,92.74,101.879
2026-05-23T04:56:04.1850000,22.4,92.75,101.879
2026-05-23T04:56:05.2260000,22.4,92.75,101.878
2026-05-23T04:56:06.2670000,22.4,92.75,101.879
2026-05-23T04:56:07.3070000,22.4,92.76,101.878
2026-05-23T04:56:08.3480000,22.41,92.76,101.877
2026-05-23T04:56:09.3890000,22.4,92.76,101.877
2026-05-23T04:56:10.4400000,22.4,92.74,101.877
2026-05-23T04:56:11.4810000,22.4,92.75,101.877
2026-05-23T04:56:12.5210000,22.4,92.77,101.876
2026-05-23T04:56:13.5940000,22.4,92.79,101.876
2026-05-23T04:56:14.6030000,22.4,92.77,101.877
2026-05-23T04:56:15.6440000,22.4,92.77,101.877
2026-05-23T04:56:16.6840000,22.4,92.77,101.877
2026-05-23T04:56:17.7250000,22.4,92.77,101.876
2026-05-23T04:56:18.7660000,22.4,92.77,101.876
2026-05-23T04:56:19.8070000,22.4,92.77,101.876
2026-05-23T04:56:20.8580000,22.4,92.78,101.876
2026-05-23T04:56:21.8990000,22.4,92.76,101.876
2026-05-23T04:56:22.9390000,22.4,92.76,101.875
2026-05-23T04:56:23.9800000,22.4,92.8,101.874
2026-05-23T04:56:25.0210000,22.4,92.79,101.874
2026-05-23T04:56:26.0620000,22.4,92.8,101.873
2026-05-23T04:56:27.1690000,22.4,92.75,101.874
2026-05-23T04:56:28.1460000,22.4,92.77,101.874
2026-05-23T04:56:29.1870000,22.4,92.78,101.875
2026-05-23T04:56:30.2280000,22.4,92.78,101.874
2026-05-23T04:56:31.2690000,22.4,92.78,101.874
2026-05-23T04:56:32.3090000,22.4,92.78,101.875
2026-05-23T04:56:33.3500000,22.4,92.78,101.875
2026-05-23T04:56:34.4010000,22.4,92.76,101.874
2026-05-23T04:56:35.4420000,22.4,92.78,101.875
2026-05-23T04:56:36.4830000,22.39,92.81,101.874
2026-05-23T04:56:37.5230000,22.39,92.79,101.874
2026-05-23T04:56:38.5640000,22.39,92.79,101.874
2026-05-23T04:56:39.6050000,22.39,92.8,101.873
2026-05-23T04:56:40.6460000,22.39,92.75,101.873
2026-05-23T04:56:41.7140000,22.39,92.77,101.871
2026-05-23T04:56:42.7340000,22.39,92.75,101.87
2026-05-23T04:56:43.7750000,22.39,92.76,101.87
2026-05-23T04:56:44.8160000,22.39,92.76,101.87
2026-05-23T04:56:45.8560000,22.39,92.76,101.87
2026-05-23T04:56:46.8970000,22.39,92.76,101.869
2026-05-23T04:56:47.9380000,22.38,92.75,101.868
2026-05-23T04:56:48.9790000,22.39,92.7,101.869
2026-05-23T04:56:50.0190000,22.38,92.75,101.869
2026-05-23T04:56:51.0730000,22.38,92.73,101.87
2026-05-23T04:56:52.1030000,22.38,92.78,101.871
2026-05-23T04:56:53.1540000,22.38,92.75,101.87
2026-05-23T04:56:54.1950000,22.38,92.73,101.87
2026-05-23T04:56:55.2880000,22.39,92.76,101.87
2026-05-23T04:56:56.2770000,22.38,92.74,101.87
2026-05-23T04:56:57.3170000,22.38,92.74,101.87
2026-05-23T04:56:58.3580000,22.38,92.74,101.87
2026-05-23T04:56:59.3990000,22.38,92.71,101.87
2026-05-23T04:57:00.4390000,22.38,92.72,101.869
2026-05-23T04:57:01.4800000,22.38,92.72,101.87
2026-05-23T04:57:02.5210000,22.38,92.72,101.871
2026-05-23T04:57:03.5720000,22.38,92.71,101.87
2026-05-23T04:57:04.6130000,22.38,92.7,101.87
2026-05-23T04:57:05.6540000,22.38,92.71,101.87
2026-05-23T04:57:06.6950000,22.38,92.73,101.87
2026-05-23T04:57:07.7350000,22.37,92.73,101.87
2026-05-23T04:57:08.7760000,22.37,92.74,101.871
2026-05-23T04:57:09.8340000,22.37,92.69,101.87
2026-05-23T04:57:10.8650000,22.37,92.7,101.871
2026-05-23T04:57:11.9050000,22.37,92.72,101.872
2026-05-23T04:57:12.9460000,22.37,92.69,101.872
2026-05-23T04:57:13.9870000,22.37,92.69,101.872
2026-05-23T04:57:15.0270000,22.37,92.69,101.873
2026-05-23T04:57:16.0680000,22.37,92.67,101.873
2026-05-23T04:57:17.1090000,22.37,92.64,101.873
2026-05-23T04:57:18.1500000,22.37,92.67,101.873
2026-05-23T04:57:19.1900000,22.37,92.67,101.873
2026-05-23T04:57:20.2410000,22.36,92.67,101.873
2026-05-23T04:57:21.2820000,22.36,92.66,101.873
2026-05-23T04:57:22.3230000,22.36,92.66,101.873
2026-05-23T04:57:23.4090000,22.36,92.63,101.873
2026-05-23T04:57:24.4080000,22.36,92.66,101.873
2026-05-23T04:57:25.4490000,22.36,92.64,101.873
2026-05-23T04:57:26.4900000,22.36,92.65,101.873
2026-05-23T04:57:27.5300000,22.36,92.65,101.874
2026-05-23T04:57:28.5710000,22.36,92.64,101.874
2026-05-23T04:57:29.6120000,22.36,92.64,101.873
2026-05-23T04:57:30.6530000,22.36,92.63,101.872
2026-05-23T04:57:31.6930000,22.36,92.64,101.872
2026-05-23T04:57:32.7340000,22.36,92.61,101.872
2026-05-23T04:57:33.7850000,22.36,92.64,101.872
2026-05-23T04:57:34.8260000,22.36,92.64,101.871
2026-05-23T04:57:35.8670000,22.36,92.62,101.872
2026-05-23T04:57:36.9080000,22.36,92.62,101.872
2026-05-23T04:57:37.9520000,22.36,92.6,101.872
2026-05-23T04:57:38.9930000,22.36,92.6,101.872
2026-05-23T04:57:40.0330000,22.36,92.59,101.872
2026-05-23T04:57:41.0740000,22.36,92.59,101.872
2026-05-23T04:57:42.1150000,22.36,92.59,101.872
2026-05-23T04:57:43.1560000,22.36,92.59,101.872
2026-05-23T04:57:44.1960000,22.36,92.59,101.872
2026-05-23T04:57:45.2370000,22.36,92.66,101.872
2026-05-23T04:57:46.2880000,22.36,92.6,101.871
2026-05-23T04:57:47.3290000,22.36,92.59,101.871
2026-05-23T04:57:48.3700000,22.35,92.55,101.87
2026-05-23T04:57:49.4110000,22.35,92.57,101.87
2026-05-23T04:57:50.4510000,22.35,92.55,101.869
2026-05-23T04:57:51.5270000,22.35,92.57,101.869
2026-05-23T04:57:52.5370000,22.35,92.55,101.869
2026-05-23T04:57:53.5770000,22.35,92.54,101.87
2026-05-23T04:57:54.6180000,22.35,92.52,101.869
2026-05-23T04:57:55.6590000,22.35,92.54,101.869
2026-05-23T04:57:56.7000000,22.35,92.52,101.869
2026-05-23T04:57:57.7410000,22.35,92.52,101.868
2026-05-23T04:57:58.7810000,22.35,92.52,101.869
2026-05-23T04:57:59.8220000,22.35,92.48,101.869
2026-05-23T04:58:00.8730000,22.35,92.48,101.867
2026-05-23T04:58:01.9140000,22.35,92.49,101.867
2026-05-23T04:58:02.9550000,22.35,92.5,101.867
2026-05-23T04:58:03.9960000,22.35,92.45,101.868
2026-05-23T04:58:05.1030000,22.34,92.38,101.868
2026-05-23T04:58:06.0810000,22.34,92.39,101.868
2026-05-23T04:58:07.1210000,22.34,92.37,101.868
2026-05-23T04:58:08.1620000,22.34,92.36,101.868
2026-05-23T04:58:09.2030000,22.33,92.36,101.868
2026-05-23T04:58:10.2430000,22.33,92.34,101.869
2026-05-23T04:58:11.2840000,22.33,92.34,101.869
2026-05-23T04:58:12.3250000,22.33,92.36,101.869
2026-05-23T04:58:13.3760000,22.33,92.36,101.87
2026-05-23T04:58:14.4170000,22.34,92.38,101.87
2026-05-23T04:58:15.4580000,22.34,92.4,101.87
2026-05-23T04:58:16.4990000,22.34,92.34,101.869
2026-05-23T04:58:17.5400000,22.34,92.38,101.869
2026-05-23T04:58:18.5800000,22.34,92.39,101.869
2026-05-23T04:58:19.6530000,22.34,92.43,101.869
2026-05-23T04:58:20.6620000,22.34,92.39,101.869
2026-05-23T04:58:21.7030000,22.34,92.39,101.868
2026-05-23T04:58:22.7440000,22.34,92.39,101.868
2026-05-23T04:58:23.7950000,22.34,92.4,101.868
2026-05-23T04:58:25.8760000,22.34,92.4,101.868
2026-05-23T04:58:26.9170000,22.34,92.38,101.868
2026-05-23T04:58:27.9580000,22.34,92.41,101.867
2026-05-23T04:58:28.9990000,22.34,92.41,101.867
2026-05-23T04:58:30.0390000,22.34,92.44,101.867
2026-05-23T04:58:31.0800000,22.34,92.4,101.867
2026-05-23T04:58:32.1210000,22.34,92.38,101.867
2026-05-23T04:58:33.2280000,22.34,92.4,101.866
2026-05-23T04:58:34.2060000,22.34,92.4,101.865
2026-05-23T04:58:35.2460000,22.34,92.4,101.865
2026-05-23T04:58:36.2870000,22.34,92.41,101.864
2026-05-23T04:58:37.3390000,22.34,92.41,101.864
2026-05-23T04:58:38.3790000,22.34,92.41,101.864
2026-05-23T04:58:39.4200000,22.34,92.42,101.863
2026-05-23T04:58:40.4610000,22.35,92.43,101.863
2026-05-23T04:58:41.5020000,22.35,92.43,101.862
2026-05-23T04:58:42.5430000,22.35,92.46,101.863
2026-05-23T04:58:43.5830000,22.35,92.43,101.863
2026-05-23T04:58:44.6240000,22.35,92.44,101.863
2026-05-23T04:58:45.6650000,22.35,92.48,101.863
2026-05-23T04:58:46.7060000,22.35,92.42,101.863
2026-05-23T04:58:47.7750000,22.35,92.47,101.863
2026-05-23T04:58:48.7940000,22.35,92.46,101.862
2026-05-23T04:58:49.8350000,22.35,92.47,101.863
2026-05-23T04:58:50.8760000,22.35,92.47,101.863
2026-05-23T04:58:51.9170000,22.36,92.47,101.864
2026-05-23T04:58:52.9570000,22.35,92.48,101.863
2026-05-23T04:58:53.9980000,22.36,92.48,101.863
2026-05-23T04:58:55.0490000,22.36,92.54,101.863
2026-05-23T04:58:56.0900000,22.36,92.49,101.864
2026-05-23T04:58:57.1310000,22.36,92.47,101.865
2026-05-23T04:58:58.1710000,22.36,92.53,101.865
2026-05-23T04:58:59.2120000,22.36,92.53,101.865
2026-05-23T04:59:00.2530000,22.36,92.52,101.865
2026-05-23T04:59:01.3460000,22.36,92.52,101.865
2026-05-23T04:59:02.3340000,22.36,92.52,101.865
2026-05-23T04:59:03.3750000,22.36,92.53,101.864
2026-05-23T04:59:04.4160000,22.36,92.54,101.864
2026-05-23T04:59:05.4670000,22.37,92.54,101.865
2026-05-23T04:59:06.5080000,22.37,92.55,101.865
2026-05-23T04:59:07.5490000,22.37,92.55,101.866
2026-05-23T04:59:08.5900000,22.37,92.55,101.866
2026-05-23T04:59:09.6300000,22.37,92.55,101.866
2026-05-23T04:59:10.6710000,22.37,92.54,101.866
2026-05-23T04:59:11.7120000,22.37,92.56,101.867
2026-05-23T04:59:12.7530000,22.37,92.58,101.866
2026-05-23T04:59:13.7930000,22.37,92.57,101.865
2026-05-23T04:59:14.8340000,22.38,92.59,101.865
2026-05-23T04:59:15.8890000,22.38,92.61,101.866
2026-05-23T04:59:16.9190000,22.38,92.61,101.866
2026-05-23T04:59:17.9600000,22.38,92.63,101.866
2026-05-23T04:59:19.0110000,22.38,92.62,101.866
2026-05-23T04:59:20.0520000,22.38,92.64,101.865
2026-05-23T04:59:21.0920000,22.38,92.63,101.864
2026-05-23T04:59:22.1330000,22.38,92.64,101.864
2026-05-23T04:59:23.1740000,22.38,92.58,101.865
2026-05-23T04:59:24.2150000,22.38,92.64,101.864
2026-05-23T04:59:25.2550000,22.38,92.64,101.864
2026-05-23T04:59:26.2960000,22.38,92.67,101.864
2026-05-23T04:59:27.3370000,22.38,92.69,101.865
2026-05-23T04:59:28.3880000,22.38,92.67,101.865
2026-05-23T04:59:29.4600000,22.38,92.67,101.865
2026-05-23T04:59:30.4700000,22.38,92.7,101.864
2026-05-23T04:59:31.5110000,22.38,92.69,101.864
2026-05-23T04:59:32.5520000,22.38,92.7,101.864
2026-05-23T04:59:33.5920000,22.38,92.71,101.864
2026-05-23T04:59:34.6330000,22.38,92.71,101.863
2026-05-23T04:59:35.6740000,22.38,92.73,101.864
2026-05-23T04:59:36.7150000,22.38,92.73,101.864
2026-05-23T04:59:37.7550000,22.38,92.74,101.865
2026-05-23T04:59:38.7960000,22.38,92.74,101.865
2026-05-23T04:59:39.8470000,22.39,92.74,101.865
2026-05-23T04:59:40.8880000,22.39,92.75,101.866
2026-05-23T04:59:41.9290000,22.39,92.74,101.866
2026-05-23T04:59:43.0320000,22.39,92.74,101.865
2026-05-23T04:59:44.0100000,22.39,92.76,101.865
2026-05-23T04:59:45.0510000,22.39,92.75,101.865
2026-05-23T04:59:46.0920000,22.39,92.76,101.866
2026-05-23T04:59:47.1320000,22.39,92.76,101.866
2026-05-23T04:59:48.1730000,22.39,92.76,101.865
2026-05-23T04:59:49.2140000,22.39,92.77,101.864
2026-05-23T04:59:50.2650000,22.39,92.77,101.864
2026-05-23T04:59:51.3060000,22.39,92.75,101.864
2026-05-23T04:59:52.3470000,22.39,92.79,101.864
2026-05-23T04:59:53.3870000,22.39,92.78,101.865
2026-05-23T04:59:54.4280000,22.39,92.78,101.866
2026-05-23T04:59:55.4690000,22.39,92.78,101.865
2026-05-23T04:59:56.5100000,22.39,92.8,101.866
2026-05-23T04:59:57.5750000,22.39,92.8,101.866
2026-05-23T04:59:58.5950000,22.39,92.8,101.866
2026-05-23T04:59:59.6350000,22.39,92.8,101.865