time,bme_temperature_c,bme_humidity_pct,bme_pressure_hpa
2026-05-25T11:59:30.6710000,23.56,78.25,101.956
2026-05-25T11:59:31.7110000,23.56,78.24,101.956
2026-05-25T11:59:32.7520000,23.56,78.23,101.956
2026-05-25T11:59:33.8030000,23.56,78.24,101.956
2026-05-25T11:59:34.8440000,23.56,78.21,101.956
2026-05-25T11:59:35.8850000,23.56,78.19,101.956
2026-05-25T11:59:36.9260000,23.56,78.2,101.956
2026-05-25T11:59:37.9670000,23.56,78.21,101.956
2026-05-25T11:59:39.0420000,23.56,78.14,101.957
2026-05-25T11:59:40.0520000,23.56,78.16,101.956
2026-05-25T11:59:41.0920000,23.56,78.15,101.956
2026-05-25T11:59:42.1440000,23.56,78.14,101.957
2026-05-25T11:59:43.1850000,23.56,78.1,101.956
2026-05-25T11:59:44.2250000,23.56,78.09,101.956
2026-05-25T11:59:45.2660000,23.56,78.08,101.957
2026-05-25T11:59:46.3070000,23.56,78.07,101.957
2026-05-25T11:59:47.3580000,23.56,78.05,101.957
2026-05-25T11:59:48.3990000,23.56,78.07,101.958
2026-05-25T11:59:49.4390000,23.56,78.05,101.957
2026-05-25T11:59:50.4800000,23.56,78.04,101.958
2026-05-25T11:59:51.5210000,23.56,78.02,101.958
2026-05-25T11:59:52.6210000,23.56,78.05,101.958
2026-05-25T11:59:53.6090000,23.56,78,101.957
2026-05-25T11:59:54.6500000,23.56,77.99,101.957
2026-05-25T11:59:55.6910000,23.56,77.98,101.956
2026-05-25T11:59:56.7420000,23.56,77.95,101.957
2026-05-25T11:59:57.7830000,23.56,77.94,101.956
2026-05-25T11:59:58.8240000,23.56,77.92,101.956
2026-05-25T11:59:59.8640000,23.56,77.92,101.956
2026-05-25T12:00:00.9050000,23.56,77.91,101.956
2026-05-25T12:00:01.9570000,23.56,77.85,101.956
2026-05-25T12:00:02.9970000,23.56,77.89,101.956
2026-05-25T12:00:04.0380000,23.56,77.88,101.957
2026-05-25T12:00:05.0790000,23.56,77.83,101.957
2026-05-25T12:00:06.1200000,23.56,77.86,101.957
2026-05-25T12:00:07.1680000,23.56,77.83,101.957
2026-05-25T12:00:08.2080000,23.56,77.83,101.957
2026-05-25T12:00:09.2490000,23.56,77.81,101.958
2026-05-25T12:00:10.2900000,23.56,77.82,101.958
2026-05-25T12:00:11.3410000,23.56,77.8,101.959
2026-05-25T12:00:12.3820000,23.57,77.77,101.959
2026-05-25T12:00:13.4230000,23.57,77.78,101.958
2026-05-25T12:00:14.4630000,23.57,77.8,101.958
2026-05-25T12:00:15.5040000,23.57,77.75,101.958
2026-05-25T12:00:16.5560000,23.57,77.77,101.959
2026-05-25T12:00:17.5960000,23.56,77.71,101.958
2026-05-25T12:00:18.6370000,23.56,77.75,101.958
2026-05-25T12:00:19.6780000,23.56,77.76,101.958
2026-05-25T12:00:20.7430000,23.56,77.69,101.957
2026-05-25T12:00:21.7630000,23.56,77.7,101.958
2026-05-25T12:00:22.8040000,23.56,77.69,101.958
2026-05-25T12:00:23.8550000,23.56,77.68,101.958
2026-05-25T12:00:24.8960000,23.56,77.68,101.958
2026-05-25T12:00:25.9380000,23.56,77.66,101.958
2026-05-25T12:00:26.9800000,23.56,77.66,101.957
2026-05-25T12:00:28.0210000,23.56,77.69,101.958
2026-05-25T12:00:29.0620000,23.56,77.66,101.958
2026-05-25T12:00:30.1030000,23.56,77.63,101.959
2026-05-25T12:00:31.1540000,23.56,77.64,101.959
2026-05-25T12:00:32.1950000,23.56,77.65,101.958
2026-05-25T12:00:33.2360000,23.56,77.62,101.958
2026-05-25T12:00:34.3180000,23.56,77.61,101.958
2026-05-25T12:00:35.3170000,23.57,77.6,101.958
2026-05-25T12:00:36.3580000,23.56,77.57,101.958
2026-05-25T12:00:37.4090000,23.57,77.57,101.958
2026-05-25T12:00:38.4500000,23.57,77.56,101.958
2026-05-25T12:00:39.4900000,23.56,77.56,101.957
2026-05-25T12:00:40.5310000,23.57,77.55,101.958
2026-05-25T12:00:41.5720000,23.57,77.54,101.957
2026-05-25T12:00:42.6230000,23.57,77.55,101.957
2026-05-25T12:00:43.6640000,23.57,77.51,101.957
2026-05-25T12:00:44.7050000,23.57,77.51,101.957
2026-05-25T12:00:45.7460000,23.57,77.52,101.957
2026-05-25T12:00:46.7860000,23.56,77.51,101.957
2026-05-25T12:00:47.8940000,23.56,77.47,101.957
2026-05-25T12:00:48.8710000,23.56,77.45,101.957
2026-05-25T12:00:49.9230000,23.57,77.45,101.957
2026-05-25T12:00:50.9630000,23.57,77.44,101.957
2026-05-25T12:00:52.0040000,23.57,77.43,101.957
2026-05-25T12:00:53.0450000,23.56,77.42,101.956
2026-05-25T12:00:54.0860000,23.57,77.42,101.957
2026-05-25T12:00:55.1370000,23.57,77.41,101.956
2026-05-25T12:00:56.1780000,23.57,77.4,101.956
2026-05-25T12:00:57.2190000,23.57,77.42,101.956
2026-05-25T12:00:58.2590000,23.57,77.39,101.957
2026-05-25T12:00:59.3000000,23.57,77.37,101.957
2026-05-25T12:01:00.3510000,23.56,77.4,101.957
2026-05-25T12:01:01.3920000,23.56,77.37,101.956
2026-05-25T12:01:02.4400000,23.57,77.36,101.956
2026-05-25T12:01:03.4700000,23.57,77.37,101.956
2026-05-25T12:01:04.5210000,23.57,77.36,101.956
2026-05-25T12:01:05.5620000,23.57,77.36,101.956
2026-05-25T12:01:06.6030000,23.57,77.34,101.955
2026-05-25T12:01:07.6440000,23.57,77.32,101.955
2026-05-25T12:01:08.6840000,23.57,77.3,101.955
2026-05-25T12:01:09.7360000,23.57,77.29,101.956
2026-05-25T12:01:10.7770000,23.57,77.29,101.956
2026-05-25T12:01:11.8170000,23.57,77.27,101.956
2026-05-25T12:01:12.8580000,23.57,77.3,101.956
2026-05-25T12:01:13.8990000,23.57,77.27,101.956
2026-05-25T12:01:14.9400000,23.57,77.23,101.956
2026-05-25T12:01:16.0150000,23.57,77.26,101.955
2026-05-25T12:01:17.0350000,23.57,77.23,101.955
2026-05-25T12:01:18.0760000,23.57,77.23,101.955
2026-05-25T12:01:19.1170000,23.57,77.22,101.954
2026-05-25T12:01:20.1580000,23.56,77.2,101.954
2026-05-25T12:01:21.1980000,23.57,77.19,101.954
2026-05-25T12:01:22.2390000,23.57,77.17,101.955
2026-05-25T12:01:23.2900000,23.56,77.2,101.954
2026-05-25T12:01:24.3310000,23.56,77.18,101.954
2026-05-25T12:01:25.3720000,23.56,77.17,101.953
2026-05-25T12:01:26.4120000,23.56,77.13,101.954
2026-05-25T12:01:27.4530000,23.56,77.14,101.954
2026-05-25T12:01:28.5040000,23.56,77.11,101.954
2026-05-25T12:01:29.5910000,23.56,77.11,101.953
2026-05-25T12:01:30.5890000,23.56,77.09,101.953
2026-05-25T12:01:31.6300000,23.57,77.09,101.954
2026-05-25T12:01:32.6710000,23.57,77.08,101.954
2026-05-25T12:01:33.7120000,23.57,77.08,101.954
2026-05-25T12:01:34.7520000,23.57,77.08,101.954
2026-05-25T12:01:35.7930000,23.57,77.06,101.953
2026-05-25T12:01:36.8450000,23.57,77.06,101.954
2026-05-25T12:01:37.8860000,23.57,77.08,101.954
2026-05-25T12:01:38.9270000,23.57,77.04,101.955
2026-05-25T12:01:39.9670000,23.57,77.05,101.955
2026-05-25T12:01:41.0080000,23.57,77.05,101.955
2026-05-25T12:01:42.0590000,23.57,77.03,101.955
2026-05-25T12:01:43.1670000,23.57,77.02,101.955
2026-05-25T12:01:44.1450000,23.57,77.02,101.954
2026-05-25T12:01:45.1850000,23.57,77,101.955
2026-05-25T12:01:46.2260000,23.57,77.01,101.954
2026-05-25T12:01:47.2670000,23.57,77,101.954
2026-05-25T12:01:48.3070000,23.57,77,101.954
2026-05-25T12:01:49.3480000,23.57,76.99,101.955
2026-05-25T12:01:50.3990000,23.57,76.99,101.954
2026-05-25T12:01:51.4400000,23.57,77,101.954
2026-05-25T12:01:52.4810000,23.57,76.93,101.954
2026-05-25T12:01:53.5220000,23.57,76.9,101.955
2026-05-25T12:01:54.5630000,23.57,76.95,101.954
2026-05-25T12:01:55.6140000,23.57,76.97,101.954
2026-05-25T12:01:56.6550000,23.57,76.88,101.954
2026-05-25T12:01:57.7130000,23.57,76.88,101.955
2026-05-25T12:01:58.7430000,23.57,76.88,101.954
2026-05-25T12:01:59.7840000,23.57,76.87,101.954
2026-05-25T12:02:00.8250000,23.57,76.87,101.954
2026-05-25T12:02:01.8660000,23.57,76.86,101.954
2026-05-25T12:02:02.9060000,23.57,76.85,101.953
2026-05-25T12:02:03.9470000,23.57,76.84,101.953
2026-05-25T12:02:06.0390000,23.57,76.8,101.953
2026-05-25T12:02:07.0800000,23.57,76.79,101.953
2026-05-25T12:02:08.1210000,23.57,76.83,101.954
2026-05-25T12:02:09.1620000,23.57,76.83,101.954
2026-05-25T12:02:10.2130000,23.57,76.79,101.953
2026-05-25T12:02:11.2850000,23.57,76.76,101.953
2026-05-25T12:02:12.2940000,23.57,76.75,101.953
2026-05-25T12:02:13.3350000,23.57,76.74,101.952
2026-05-25T12:02:14.3760000,23.57,76.74,101.953
2026-05-25T12:02:15.4170000,23.57,76.74,101.953
2026-05-25T12:02:16.4680000,23.57,76.72,101.952
2026-05-25T12:02:17.5090000,23.57,76.72,101.952
2026-05-25T12:02:18.5500000,23.57,76.75,101.952
2026-05-25T12:02:19.5900000,23.57,76.7,101.952
2026-05-25T12:02:20.6310000,23.57,76.69,101.953
2026-05-25T12:02:21.6820000,23.57,76.69,101.953
2026-05-25T12:02:22.7230000,23.57,76.7,101.953
2026-05-25T12:02:23.7640000,23.57,76.67,101.953
2026-05-25T12:02:24.8610000,23.57,76.65,101.953
2026-05-25T12:02:25.8490000,23.57,76.66,101.953
2026-05-25T12:02:26.8900000,23.57,76.65,101.953
2026-05-25T12:02:27.9310000,23.57,76.65,101.952
2026-05-25T12:02:28.9820000,23.57,76.64,101.952
2026-05-25T12:02:30.0230000,23.57,76.64,101.952
2026-05-25T12:02:31.0640000,23.57,76.63,101.952
2026-05-25T12:02:32.1050000,23.57,76.62,101.952
2026-05-25T12:02:33.1450000,23.57,76.62,101.952
2026-05-25T12:02:34.1860000,23.57,76.61,101.952
2026-05-25T12:02:35.2370000,23.57,76.62,101.952
2026-05-25T12:02:36.2780000,23.57,76.6,101.951
2026-05-25T12:02:37.3190000,23.58,76.62,101.952
2026-05-25T12:02:38.3600000,23.58,76.59,101.951
2026-05-25T12:02:39.4040000,23.58,76.56,101.951
2026-05-25T12:02:40.4450000,23.58,76.57,101.952
2026-05-25T12:02:41.4850000,23.58,76.59,101.952
2026-05-25T12:02:42.5370000,23.58,76.56,101.951
2026-05-25T12:02:43.5770000,23.58,76.56,101.952
2026-05-25T12:02:44.6180000,23.58,76.56,101.952
2026-05-25T12:02:45.6590000,23.58,76.55,101.952
2026-05-25T12:02:46.7000000,23.58,76.54,101.952
2026-05-25T12:02:47.7510000,23.58,76.54,101.952
2026-05-25T12:02:48.7920000,23.58,76.55,101.951
2026-05-25T12:02:49.8330000,23.58,76.54,101.952
2026-05-25T12:02:50.8740000,23.58,76.55,101.952
2026-05-25T12:02:51.9140000,23.58,76.52,101.952
2026-05-25T12:02:52.9800000,23.58,76.55,101.952
2026-05-25T12:02:54.0000000,23.58,76.53,101.953
2026-05-25T12:02:55.0400000,23.58,76.53,101.953
2026-05-25T12:02:56.0920000,23.58,76.54,101.953
2026-05-25T12:02:57.1320000,23.58,76.54,101.952
2026-05-25T12:02:58.1730000,23.58,76.54,101.952
2026-05-25T12:02:59.2140000,23.58,76.54,101.952
2026-05-25T12:03:00.2550000,23.58,76.52,101.953
2026-05-25T12:03:01.3060000,23.58,76.48,101.952
2026-05-25T12:03:02.3470000,23.58,76.47,101.952
2026-05-25T12:03:03.3870000,23.58,76.52,101.952
2026-05-25T12:03:04.4280000,23.58,76.53,101.952
2026-05-25T12:03:05.4690000,23.58,76.48,101.952
2026-05-25T12:03:06.5550000,23.58,76.46,101.952
2026-05-25T12:03:07.5540000,23.58,76.48,101.952
2026-05-25T12:03:08.6050000,23.58,76.48,101.951
2026-05-25T12:03:09.6460000,23.58,76.47,101.951
2026-05-25T12:03:10.6870000,23.58,76.47,101.95
2026-05-25T12:03:11.7270000,23.58,76.45,101.95
2026-05-25T12:03:12.7680000,23.58,76.45,101.95
2026-05-25T12:03:13.8090000,23.58,76.45,101.95
2026-05-25T12:03:14.8600000,23.58,76.45,101.95
2026-05-25T12:03:15.9010000,23.58,76.41,101.951
2026-05-25T12:03:16.9420000,23.58,76.42,101.951
2026-05-25T12:03:17.9830000,23.58,76.42,101.95
2026-05-25T12:03:19.0230000,23.58,76.4,101.95
2026-05-25T12:03:20.1310000,23.58,76.41,101.95
2026-05-25T12:03:21.1080000,23.58,76.4,101.951
2026-05-25T12:03:22.1590000,23.59,76.37,101.951
2026-05-25T12:03:23.2000000,23.58,76.37,101.951
2026-05-25T12:03:24.2410000,23.58,76.35,101.951
2026-05-25T12:03:25.2820000,23.58,76.34,101.951
2026-05-25T12:03:26.3220000,23.58,76.33,101.951
2026-05-25T12:03:27.3740000,23.58,76.33,101.951
2026-05-25T12:03:28.4140000,23.58,76.31,101.95
2026-05-25T12:03:29.4550000,23.58,76.33,101.95
2026-05-25T12:03:30.4960000,23.58,76.32,101.95
2026-05-25T12:03:31.5370000,23.58,76.29,101.95
2026-05-25T12:03:32.5780000,23.58,76.27,101.95
2026-05-25T12:03:33.6290000,23.58,76.32,101.95
2026-05-25T12:03:34.6760000,23.58,76.23,101.95
2026-05-25T12:03:35.7070000,23.58,76.27,101.949
2026-05-25T12:03:36.7580000,23.58,76.26,101.949
2026-05-25T12:03:37.7990000,23.58,76.25,101.949
2026-05-25T12:03:38.8400000,23.58,76.23,101.949
2026-05-25T12:03:39.8800000,23.58,76.23,101.949
2026-05-25T12:03:40.9210000,23.58,76.21,101.949
2026-05-25T12:03:41.9620000,23.58,76.22,101.95
2026-05-25T12:03:43.0130000,23.58,76.2,101.95
2026-05-25T12:03:44.0540000,23.59,76.19,101.95
2026-05-25T12:03:45.0950000,23.59,76.17,101.951
2026-05-25T12:03:46.1350000,23.59,76.17,101.951
2026-05-25T12:03:47.1760000,23.59,76.2,101.95
2026-05-25T12:03:48.2480000,23.59,76.15,101.95
2026-05-25T12:03:49.2680000,23.59,76.17,101.95
2026-05-25T12:03:50.3090000,23.59,76.17,101.949
2026-05-25T12:03:51.3490000,23.59,76.16,101.95
2026-05-25T12:03:52.3900000,23.59,76.15,101.951
2026-05-25T12:03:53.4410000,23.59,76.14,101.951
2026-05-25T12:03:54.4820000,23.59,76.14,101.95
2026-05-25T12:03:55.5230000,23.59,76.08,101.95
2026-05-25T12:03:56.5640000,23.59,76.11,101.95
2026-05-25T12:03:57.6040000,23.59,76.09,101.949
2026-05-25T12:03:58.6560000,23.59,76.09,101.949
2026-05-25T12:03:59.6960000,23.59,76.09,101.949
2026-05-25T12:04:00.7370000,23.59,76.08,101.95
2026-05-25T12:04:01.8230000,23.59,76.11,101.95
2026-05-25T12:04:02.8220000,23.59,76.07,101.951
2026-05-25T12:04:03.8630000,23.59,76.08,101.951
2026-05-25T12:04:04.9040000,23.59,76.08,101.95
2026-05-25T12:04:05.9450000,23.59,76.08,101.95
2026-05-25T12:04:06.9960000,23.59,76.08,101.95
2026-05-25T12:04:08.0370000,23.59,76.08,101.95
2026-05-25T12:04:09.0770000,23.59,76.07,101.95
2026-05-25T12:04:10.1180000,23.59,76.07,101.95
2026-05-25T12:04:11.1590000,23.59,76.05,101.95
2026-05-25T12:04:12.2100000,23.59,76.06,101.95
2026-05-25T12:04:13.2510000,23.59,76.05,101.949
2026-05-25T12:04:14.2920000,23.59,76.01,101.95
2026-05-25T12:04:15.3990000,23.59,76,101.95
2026-05-25T12:04:16.3770000,23.59,76.03,101.949
2026-05-25T12:04:17.4180000,23.59,76.03,101.95
2026-05-25T12:04:18.4580000,23.59,76.01,101.949
2026-05-25T12:04:19.5100000,23.59,76.02,101.949
2026-05-25T12:04:20.5510000,23.59,76.01,101.949
2026-05-25T12:04:21.5910000,23.59,76.02,101.95
2026-05-25T12:04:22.6320000,23.59,76.01,101.949
2026-05-25T12:04:23.6730000,23.59,76.03,101.949
2026-05-25T12:04:24.7140000,23.59,76.01,101.949
2026-05-25T12:04:25.7650000,23.59,76,101.949
2026-05-25T12:04:26.8060000,23.6,76,101.95
2026-05-25T12:04:27.8460000,23.6,76.02,101.95
2026-05-25T12:04:28.8870000,23.59,76.01,101.949
2026-05-25T12:04:29.9420000,23.6,76.07,101.949
2026-05-25T12:04:30.9720000,23.6,76.12,101.948
2026-05-25T12:04:33.0640000,23.6,76.16,101.948
2026-05-25T12:04:34.1050000,23.6,76.18,101.948
2026-05-25T12:04:35.1450000,23.6,76.16,101.948
2026-05-25T12:04:36.1860000,23.6,76.15,101.948
2026-05-25T12:04:37.2270000,23.6,76.12,101.947
2026-05-25T12:04:38.2790000,23.6,76.16,101.948
2026-05-25T12:04:39.3190000,23.6,76.19,101.948
2026-05-25T12:04:40.3600000,23.6,76.23,101.948
2026-05-25T12:04:41.4010000,23.6,76.27,101.947
2026-05-25T12:04:42.4420000,23.6,76.25,101.948
2026-05-25T12:04:43.5170000,23.6,76.24,101.947
2026-05-25T12:04:44.5270000,23.61,76.3,101.946
2026-05-25T12:04:45.5780000,23.61,76.34,101.946
2026-05-25T12:04:46.6220000,23.61,76.37,101.946
2026-05-25T12:04:47.6620000,23.61,76.41,101.947
2026-05-25T12:04:48.7030000,23.61,76.49,101.947
2026-05-25T12:04:49.7440000,23.61,76.57,101.946
2026-05-25T12:04:50.7850000,23.61,76.72,101.948
2026-05-25T12:04:51.8260000,23.62,76.72,101.947
2026-05-25T12:04:52.8770000,23.62,76.8,101.947
2026-05-25T12:04:53.9180000,23.62,76.85,101.947
2026-05-25T12:04:54.9580000,23.62,76.94,101.947
2026-05-25T12:04:55.9990000,23.62,76.96,101.947
2026-05-25T12:04:57.0890000,23.62,77.11,101.947
2026-05-25T12:04:58.0880000,23.62,77.17,101.946
2026-05-25T12:04:59.1290000,23.62,77.25,101.946
2026-05-25T12:05:00.1690000,23.62,77.31,101.946
2026-05-25T12:05:01.2100000,23.62,77.37,101.945
2026-05-25T12:05:02.2610000,23.62,77.43,101.945
2026-05-25T12:05:03.3020000,23.62,77.5,101.944
2026-05-25T12:05:04.3430000,23.63,77.56,101.943
2026-05-25T12:05:05.3840000,23.63,77.62,101.943
2026-05-25T12:05:06.4240000,23.63,77.65,101.944
2026-05-25T12:05:07.4760000,23.63,77.67,101.944
2026-05-25T12:05:08.5170000,23.63,77.7,101.944
2026-05-25T12:05:09.5570000,23.63,77.74,101.943
2026-05-25T12:05:10.6650000,23.63,77.82,101.943
2026-05-25T12:05:11.6420000,23.64,77.88,101.943
2026-05-25T12:05:12.6830000,23.64,77.94,101.942
2026-05-25T12:05:13.7240000,23.64,78.01,101.943
2026-05-25T12:05:14.7650000,23.64,78.06,101.942
2026-05-25T12:05:15.8160000,23.64,78.11,101.943
2026-05-25T12:05:16.8570000,23.64,78.17,101.943
2026-05-25T12:05:17.8980000,23.64,78.24,101.944
2026-05-25T12:05:18.9380000,23.64,78.32,101.944
2026-05-25T12:05:19.9790000,23.64,78.39,101.944
2026-05-25T12:05:21.0300000,23.64,78.44,101.944
2026-05-25T12:05:22.0710000,23.65,78.5,101.944
2026-05-25T12:05:23.1110000,23.65,78.54,101.945
2026-05-25T12:05:24.1520000,23.65,78.56,101.945
2026-05-25T12:05:25.2070000,23.64,78.57,101.944
2026-05-25T12:05:26.2370000,23.65,78.65,101.944
2026-05-25T12:05:27.2780000,23.65,78.67,101.944
2026-05-25T12:05:28.3290000,23.65,78.73,101.944
2026-05-25T12:05:29.3700000,23.65,78.78,101.944
2026-05-25T12:05:30.4110000,23.65,78.83,101.944
2026-05-25T12:05:31.4520000,23.65,78.88,101.944
2026-05-25T12:05:32.4920000,23.65,78.89,101.944
2026-05-25T12:05:33.5440000,23.65,78.96,101.944
2026-05-25T12:05:34.5850000,23.65,79.01,101.944
2026-05-25T12:05:35.6250000,23.65,79.02,101.944
2026-05-25T12:05:36.6660000,23.65,79.09,101.943
2026-05-25T12:05:37.7070000,23.65,79.06,101.943
2026-05-25T12:05:38.7830000,23.65,79.13,101.943
2026-05-25T12:05:39.7920000,23.65,79.19,101.943
2026-05-25T12:05:40.8330000,23.65,79.25,101.943
2026-05-25T12:05:41.8840000,23.65,79.29,101.944
2026-05-25T12:05:42.9250000,23.65,79.33,101.943
2026-05-25T12:05:43.9650000,23.65,79.39,101.944
2026-05-25T12:05:45.0060000,23.66,79.44,101.944
2026-05-25T12:05:46.0470000,23.66,79.47,101.944
2026-05-25T12:05:47.0980000,23.65,79.52,101.944
2026-05-25T12:05:48.1390000,23.65,79.55,101.944
2026-05-25T12:05:49.1800000,23.65,79.49,101.944
2026-05-25T12:05:50.2210000,23.65,79.52,101.944
2026-05-25T12:05:51.2610000,23.65,79.52,101.944
2026-05-25T12:05:52.3550000,23.65,79.61,101.944
2026-05-25T12:05:53.3530000,23.65,79.7,101.945
2026-05-25T12:05:54.3940000,23.65,79.74,101.945
2026-05-25T12:05:55.4350000,23.65,79.79,101.944
2026-05-25T12:05:56.4760000,23.65,79.79,101.944
2026-05-25T12:05:57.5270000,23.65,79.8,101.944
2026-05-25T12:05:58.5680000,23.64,79.82,101.943
2026-05-25T12:05:59.6090000,23.64,79.85,101.943
2026-05-25T12:06:00.6490000,23.65,79.91,101.944
2026-05-25T12:06:01.6900000,23.65,80.01,101.943
2026-05-25T12:06:02.7310000,23.65,80.07,101.943
2026-05-25T12:06:03.7820000,23.65,80.13,101.943
2026-05-25T12:06:04.8230000,23.65,80.23,101.942
2026-05-25T12:06:05.9300000,23.65,80.32,101.943
2026-05-25T12:06:06.9080000,23.65,80.36,101.943
2026-05-25T12:06:07.9490000,23.65,80.4,101.944
2026-05-25T12:06:08.9890000,23.65,80.46,101.944
2026-05-25T12:06:10.0300000,23.65,80.49,101.944
2026-05-25T12:06:11.0810000,23.65,80.51,101.944
2026-05-25T12:06:12.1220000,23.65,80.54,101.944
2026-05-25T12:06:13.1630000,23.65,80.61,101.944
2026-05-25T12:06:14.2040000,23.65,80.67,101.944
2026-05-25T12:06:15.2440000,23.65,80.68,101.944
2026-05-25T12:06:16.2960000,23.65,80.71,101.943
2026-05-25T12:06:17.3360000,23.65,80.73,101.943
2026-05-25T12:06:18.3770000,23.65,80.74,101.943
2026-05-25T12:06:19.4180000,23.65,80.74,101.943
2026-05-25T12:06:20.4730000,23.64,80.79,101.943
2026-05-25T12:06:21.5030000,23.64,80.8,101.942
2026-05-25T12:06:22.5440000,23.64,80.81,101.942
2026-05-25T12:06:23.5950000,23.64,80.82,101.942
2026-05-25T12:06:24.6360000,23.64,80.83,101.942
2026-05-25T12:06:25.6770000,23.64,80.84,101.942
2026-05-25T12:06:26.7170000,23.64,80.86,101.942
2026-05-25T12:06:27.7580000,23.64,80.9,101.942
2026-05-25T12:06:28.8090000,23.64,80.88,101.942
2026-05-25T12:06:29.8500000,23.64,80.95,101.942
2026-05-25T12:06:30.8910000,23.64,80.97,101.942
2026-05-25T12:06:31.9320000,23.65,81,101.943
2026-05-25T12:06:32.9720000,23.65,81.03,101.943
2026-05-25T12:06:34.0440000,23.65,81.1,101.942
2026-05-25T12:06:35.0640000,23.65,81.14,101.943
2026-05-25T12:06:36.1050000,23.65,81.16,101.943
2026-05-25T12:06:37.1460000,23.65,81.17,101.943
2026-05-25T12:06:38.1860000,23.65,81.17,101.943
2026-05-25T12:06:39.2380000,23.65,81.19,101.943
2026-05-25T12:06:40.2780000,23.65,81.21,101.943
2026-05-25T12:06:41.3190000,23.65,81.19,101.943
2026-05-25T12:06:42.3600000,23.65,81.27,101.943
2026-05-25T12:06:43.4010000,23.65,81.28,101.943
2026-05-25T12:06:44.4520000,23.65,81.31,101.943
2026-05-25T12:06:45.4930000,23.64,81.31,101.943
2026-05-25T12:06:46.5330000,23.65,81.31,101.943
2026-05-25T12:06:47.6200000,23.65,81.42,101.943
2026-05-25T12:06:48.6190000,23.65,81.4,101.943
2026-05-25T12:06:49.6590000,23.65,81.44,101.943
2026-05-25T12:06:50.7000000,23.65,81.44,101.943
2026-05-25T12:06:51.7510000,23.65,81.44,101.942
2026-05-25T12:06:52.7920000,23.65,81.47,101.941
2026-05-25T12:06:53.8330000,23.65,81.47,101.942
2026-05-25T12:06:54.8730000,23.65,81.44,101.941
2026-05-25T12:06:55.9140000,23.65,81.51,101.942
2026-05-25T12:06:56.9660000,23.65,81.54,101.942
2026-05-25T12:06:58.0060000,23.65,81.53,101.942
2026-05-25T12:06:59.0470000,23.65,81.59,101.942
2026-05-25T12:07:00.0880000,23.65,81.59,101.942
2026-05-25T12:07:01.1920000,23.65,81.59,101.942
2026-05-25T12:07:02.1800000,23.65,81.6,101.943
2026-05-25T12:07:03.2210000,23.65,81.62,101.944
2026-05-25T12:07:04.2610000,23.65,81.63,101.944
2026-05-25T12:07:05.3020000,23.65,81.63,101.943
2026-05-25T12:07:06.3430000,23.65,81.65,101.943
2026-05-25T12:07:07.3940000,23.65,81.64,101.943
2026-05-25T12:07:08.4350000,23.65,81.64,101.943
2026-05-25T12:07:09.4760000,23.65,81.67,101.943
2026-05-25T12:07:10.5170000,23.65,81.59,101.943
2026-05-25T12:07:11.5580000,23.65,81.6,101.943
2026-05-25T12:07:12.6090000,23.65,81.6,101.943
2026-05-25T12:07:13.6500000,23.65,81.62,101.943
2026-05-25T12:07:14.6910000,23.64,81.6,101.942
2026-05-25T12:07:15.7350000,23.65,81.6,101.943
2026-05-25T12:07:16.7760000,23.65,81.62,101.944
2026-05-25T12:07:17.8170000,23.65,81.62,101.944
2026-05-25T12:07:18.8570000,23.65,81.63,101.943
2026-05-25T12:07:19.9090000,23.65,81.64,101.944
2026-05-25T12:07:20.9490000,23.65,81.64,101.944
2026-05-25T12:07:21.9900000,23.65,81.63,101.944
2026-05-25T12:07:23.0310000,23.65,81.63,101.944
2026-05-25T12:07:24.0720000,23.65,81.67,101.943
2026-05-25T12:07:25.1230000,23.65,81.68,101.942
2026-05-25T12:07:26.1640000,23.65,81.7,101.942
2026-05-25T12:07:27.2050000,23.65,81.67,101.941
2026-05-25T12:07:28.2460000,23.65,81.63,101.942
2026-05-25T12:07:29.3080000,23.64,81.7,101.942
2026-05-25T12:07:30.3270000,23.64,81.67,101.942
2026-05-25T12:07:31.3790000,23.64,81.68,101.942
2026-05-25T12:07:32.4200000,23.64,81.66,101.942
2026-05-25T12:07:33.4600000,23.64,81.68,101.942
2026-05-25T12:07:34.5010000,23.64,81.66,101.942
2026-05-25T12:07:35.5420000,23.64,81.67,101.942
2026-05-25T12:07:36.5930000,23.64,81.72,101.942
2026-05-25T12:07:37.6340000,23.64,81.7,101.942
2026-05-25T12:07:38.6750000,23.64,81.69,101.942
2026-05-25T12:07:39.7150000,23.64,81.68,101.943
2026-05-25T12:07:40.7560000,23.64,81.7,101.942
2026-05-25T12:07:41.8070000,23.64,81.7,101.942
2026-05-25T12:07:42.8790000,23.64,81.72,101.941
2026-05-25T12:07:43.8890000,23.64,81.74,101.941
2026-05-25T12:07:44.9290000,23.64,81.75,101.941
2026-05-25T12:07:45.9700000,23.64,81.76,101.94
2026-05-25T12:07:47.0220000,23.64,81.76,101.941
2026-05-25T12:07:48.0630000,23.64,81.76,101.941
2026-05-25T12:07:49.1030000,23.64,81.75,101.941
2026-05-25T12:07:50.1440000,23.64,81.7,101.942
2026-05-25T12:07:51.1850000,23.64,81.72,101.943
2026-05-25T12:07:52.2260000,23.64,81.73,101.942
2026-05-25T12:07:53.2770000,23.64,81.72,101.942
2026-05-25T12:07:54.3180000,23.64,81.75,101.942
2026-05-25T12:07:55.3580000,23.64,81.69,101.943
2026-05-25T12:07:56.4520000,23.64,81.7,101.943
2026-05-25T12:07:57.4400000,23.64,81.66,101.944
2026-05-25T12:07:58.4910000,23.64,81.63,101.944
2026-05-25T12:07:59.5320000,23.63,81.62,101.943
2026-05-25T12:08:00.5730000,23.63,81.61,101.943
2026-05-25T12:08:01.6130000,23.63,81.59,101.943
2026-05-25T12:08:02.6540000,23.63,81.58,101.944
2026-05-25T12:08:03.7050000,23.63,81.58,101.944
2026-05-25T12:08:04.7460000,23.63,81.56,101.945
2026-05-25T12:08:05.7870000,23.63,81.59,101.946
2026-05-25T12:08:06.8280000,23.63,81.58,101.945
2026-05-25T12:08:07.8690000,23.63,81.59,101.945
2026-05-25T12:08:08.9200000,23.63,81.6,101.944
2026-05-25T12:08:10.0270000,23.63,81.53,101.945
2026-05-25T12:08:11.0050000,23.63,81.5,101.945
2026-05-25T12:08:12.0460000,23.63,81.48,101.946
2026-05-25T12:08:13.0870000,23.63,81.46,101.946
2026-05-25T12:08:14.1270000,23.62,81.43,101.945
2026-05-25T12:08:15.1680000,23.62,81.41,101.946
2026-05-25T12:08:16.2190000,23.62,81.41,101.945
2026-05-25T12:08:17.2600000,23.62,81.38,101.945
2026-05-25T12:08:18.3010000,23.62,81.36,101.946
2026-05-25T12:08:19.3420000,23.62,81.35,101.946
2026-05-25T12:08:20.3820000,23.62,81.31,101.945
2026-05-25T12:08:21.4340000,23.62,81.31,101.945
2026-05-25T12:08:22.4750000,23.62,81.31,101.945
2026-05-25T12:08:23.5150000,23.62,81.25,101.945
2026-05-25T12:08:24.5700000,23.62,81.19,101.945
2026-05-25T12:08:25.6000000,23.62,81.21,101.945
2026-05-25T12:08:26.6410000,23.61,81.19,101.945
2026-05-25T12:08:27.6810000,23.61,81.19,101.945
2026-05-25T12:08:28.7330000,23.61,81.14,101.944
2026-05-25T12:08:29.7730000,23.61,81.13,101.944
2026-05-25T12:08:30.8140000,23.61,81.12,101.945
2026-05-25T12:08:31.8550000,23.61,81.07,101.945
2026-05-25T12:08:32.8960000,23.61,81.09,101.945
2026-05-25T12:08:33.9470000,23.61,81.05,101.945
2026-05-25T12:08:34.9880000,23.61,81.07,101.945
2026-05-25T12:08:36.0280000,23.61,81.06,101.945
2026-05-25T12:08:37.0690000,23.61,81.02,101.945
2026-05-25T12:08:38.1410000,23.6,80.99,101.945
2026-05-25T12:08:39.1610000,23.61,80.94,101.946
2026-05-25T12:08:40.2020000,23.6,80.94,101.945
2026-05-25T12:08:41.2430000,23.6,80.88,101.945
2026-05-25T12:08:42.2840000,23.6,80.88,101.944
2026-05-25T12:08:43.3240000,23.6,80.86,101.944
2026-05-25T12:08:44.3650000,23.6,80.84,101.945
2026-05-25T12:08:45.4160000,23.6,80.72,101.945
2026-05-25T12:08:46.4570000,23.6,80.77,101.944
2026-05-25T12:08:47.4980000,23.6,80.77,101.944
2026-05-25T12:08:48.5390000,23.6,80.75,101.944
2026-05-25T12:08:49.5790000,23.6,80.7,101.944
2026-05-25T12:08:50.6310000,23.6,80.72,101.943
2026-05-25T12:08:51.7130000,23.6,80.69,101.944
2026-05-25T12:08:52.7120000,23.6,80.65,101.945
2026-05-25T12:08:53.7530000,23.6,80.61,101.945
2026-05-25T12:08:54.7940000,23.6,80.58,101.945
2026-05-25T12:08:55.8450000,23.59,80.57,101.945
2026-05-25T12:08:56.8860000,23.6,80.56,101.945
2026-05-25T12:08:57.9270000,23.59,80.53,101.945
2026-05-25T12:08:58.9680000,23.59,80.52,101.945
2026-05-25T12:09:00.0080000,23.59,80.53,101.945
2026-05-25T12:09:01.0490000,23.59,80.47,101.944
2026-05-25T12:09:02.1000000,23.59,80.48,101.944
2026-05-25T12:09:03.1410000,23.59,80.44,101.944
2026-05-25T12:09:04.1820000,23.59,80.45,101.943
2026-05-25T12:09:05.2890000,23.59,80.4,101.944
2026-05-25T12:09:06.2670000,23.59,80.39,101.944
2026-05-25T12:09:07.3080000,23.59,80.38,101.944
2026-05-25T12:09:08.3490000,23.59,80.36,101.944
2026-05-25T12:09:09.4000000,23.59,80.35,101.943
2026-05-25T12:09:10.4410000,23.59,80.34,101.943
2026-05-25T12:09:12.5220000,23.59,80.29,101.943
2026-05-25T12:09:13.5630000,23.59,80.29,101.943
2026-05-25T12:09:14.6140000,23.59,80.28,101.943
2026-05-25T12:09:15.6550000,23.58,80.22,101.944
2026-05-25T12:09:16.6950000,23.58,80.17,101.944
2026-05-25T12:09:17.7360000,23.58,80.23,101.944
2026-05-25T12:09:18.7770000,23.59,80.21,101.944
2026-05-25T12:09:19.8320000,23.59,80.14,101.945
2026-05-25T12:09:20.8620000,23.59,80.14,101.945
2026-05-25T12:09:22.9540000,23.58,80.12,101.944
2026-05-25T12:09:23.9950000,23.58,80.1,101.944
2026-05-25T12:09:25.0360000,23.58,80.09,101.944
2026-05-25T12:09:26.0770000,23.58,80.08,101.944
2026-05-25T12:09:27.1170000,23.58,80.04,101.944
2026-05-25T12:09:28.1690000,23.58,80.04,101.943
2026-05-25T12:09:29.2090000,23.58,80.04,101.943
2026-05-25T12:09:30.2500000,23.58,79.99,101.944
2026-05-25T12:09:31.2910000,23.58,80.01,101.944
2026-05-25T12:09:32.3320000,23.58,80,101.945
2026-05-25T12:09:33.4040000,23.58,79.9,101.945
2026-05-25T12:09:35.4650000,23.58,79.9,101.945
2026-05-25T12:09:36.5050000,23.58,79.89,101.945
2026-05-25T12:09:37.5460000,23.58,79.87,101.945
2026-05-25T12:09:38.5970000,23.58,79.87,101.944
2026-05-25T12:09:39.6380000,23.58,79.85,101.944
2026-05-25T12:09:40.6790000,23.58,79.82,101.944
2026-05-25T12:09:41.7200000,23.58,79.79,101.944
2026-05-25T12:09:42.7600000,23.58,79.82,101.944
2026-05-25T12:09:43.8010000,23.58,79.79,101.945
2026-05-25T12:09:44.8520000,23.58,79.76,101.945
2026-05-25T12:09:45.8930000,23.58,79.73,101.945
2026-05-25T12:09:46.9800000,23.58,79.72,101.945
2026-05-25T12:09:47.9780000,23.58,79.68,101.944
2026-05-25T12:09:49.0190000,23.57,79.66,101.944
2026-05-25T12:09:50.0600000,23.58,79.64,101.946
2026-05-25T12:09:51.1010000,23.57,79.63,101.946
2026-05-25T12:09:52.1520000,23.57,79.61,101.946
2026-05-25T12:09:53.1930000,23.57,79.59,101.946
2026-05-25T12:09:54.2340000,23.57,79.57,101.944
2026-05-25T12:09:55.2750000,23.57,79.56,101.945
2026-05-25T12:09:56.3150000,23.57,79.52,101.945
2026-05-25T12:09:57.3570000,23.57,79.5,101.946
2026-05-25T12:09:58.4080000,23.57,79.5,101.946
2026-05-25T12:09:59.4490000,23.57,79.49,101.946
2026-05-25T12:10:00.5560000,23.57,79.45,101.946
2026-05-25T12:10:01.5340000,23.57,79.42,101.946
2026-05-25T12:10:02.5740000,23.57,79.41,101.946
2026-05-25T12:10:03.6150000,23.57,79.4,101.946
2026-05-25T12:10:04.6560000,23.57,79.39,101.946
2026-05-25T12:10:05.7070000,23.57,79.38,101.946
2026-05-25T12:10:06.7480000,23.57,79.38,101.947
2026-05-25T12:10:07.7890000,23.57,79.36,101.948
2026-05-25T12:10:08.8290000,23.57,79.33,101.947
2026-05-25T12:10:09.8700000,23.57,79.34,101.947
2026-05-25T12:10:10.9210000,23.57,79.32,101.947
2026-05-25T12:10:11.9620000,23.57,79.31,101.947
2026-05-25T12:10:13.0030000,23.57,79.28,101.947
2026-05-25T12:10:14.0440000,23.57,79.28,101.946
2026-05-25T12:10:15.0990000,23.57,79.23,101.947
2026-05-25T12:10:16.1290000,23.57,79.23,101.948
2026-05-25T12:10:17.1700000,23.57,79.22,101.948
2026-05-25T12:10:18.2110000,23.57,79.21,101.947
2026-05-25T12:10:19.2620000,23.57,79.2,101.947
2026-05-25T12:10:20.3030000,23.57,79.19,101.948
2026-05-25T12:10:21.3440000,23.57,79.18,101.948
2026-05-25T12:10:22.3840000,23.57,79.11,101.948
2026-05-25T12:10:23.4250000,23.57,79.13,101.948
2026-05-25T12:10:24.4760000,23.57,79.13,101.947
2026-05-25T12:10:25.5170000,23.57,79.1,101.947
2026-05-25T12:10:26.5580000,23.57,79.09,101.947
2026-05-25T12:10:27.5980000,23.57,79.07,101.947
2026-05-25T12:10:28.6710000,23.57,79.05,101.947
2026-05-25T12:10:29.6900000,23.57,79.02,101.948
2026-05-25T12:10:30.7310000,23.57,79.01,101.948
2026-05-25T12:10:31.7720000,23.57,79.01,101.948
2026-05-25T12:10:32.8130000,23.57,79.01,101.949
2026-05-25T12:10:33.8530000,23.57,79,101.949
2026-05-25T12:10:34.9050000,23.57,79.02,101.948
2026-05-25T12:10:35.9450000,23.57,79.05,101.948
2026-05-25T12:10:36.9860000,23.57,79.01,101.948
2026-05-25T12:10:38.0270000,23.57,78.98,101.947
2026-05-25T12:10:39.0680000,23.57,78.98,101.947
2026-05-25T12:10:40.1090000,23.57,78.99,101.947
2026-05-25T12:10:41.1600000,23.57,78.96,101.947
2026-05-25T12:10:42.2430000,23.56,78.94,101.946
2026-05-25T12:10:43.2420000,23.56,78.89,101.946
2026-05-25T12:10:44.2830000,23.56,78.89,101.947
2026-05-25T12:10:45.3230000,23.56,78.87,101.946
2026-05-25T12:10:46.3750000,23.56,78.87,101.945
2026-05-25T12:10:47.4150000,23.56,78.85,101.945
2026-05-25T12:10:48.4560000,23.56,78.84,101.945
2026-05-25T12:10:49.4970000,23.56,78.82,101.946
2026-05-25T12:10:50.5380000,23.56,78.78,101.945
2026-05-25T12:10:51.5890000,23.56,78.83,101.945
2026-05-25T12:10:52.6300000,23.56,78.8,101.946
2026-05-25T12:10:53.6700000,23.56,78.75,101.946
2026-05-25T12:10:54.7110000,23.57,78.73,101.947
2026-05-25T12:10:55.8180000,23.57,78.74,101.947
2026-05-25T12:10:56.7960000,23.57,78.73,101.947
2026-05-25T12:10:57.8370000,23.57,78.73,101.947
2026-05-25T12:10:58.8880000,23.57,78.7,101.947
2026-05-25T12:10:59.9290000,23.56,78.71,101.947
2026-05-25T12:11:00.9700000,23.56,78.69,101.947
2026-05-25T12:11:02.0110000,23.56,78.67,101.947
2026-05-25T12:11:03.0510000,23.56,78.68,101.947
2026-05-25T12:11:04.1030000,23.56,78.65,101.947
2026-05-25T12:11:05.1440000,23.56,78.68,101.947
2026-05-25T12:11:06.1840000,23.56,78.68,101.947
2026-05-25T12:11:07.2250000,23.56,78.67,101.947
2026-05-25T12:11:08.2660000,23.56,78.65,101.947
2026-05-25T12:11:09.3170000,23.56,78.67,101.946
2026-05-25T12:11:10.3610000,23.56,78.61,101.947
2026-05-25T12:11:11.4020000,23.56,78.61,101.947
2026-05-25T12:11:12.4430000,23.56,78.59,101.947
2026-05-25T12:11:13.4840000,23.56,78.57,101.946
2026-05-25T12:11:14.5240000,23.56,78.57,101.947
2026-05-25T12:11:15.5650000,23.56,78.55,101.946
2026-05-25T12:11:16.6160000,23.56,78.56,101.946
2026-05-25T12:11:17.6570000,23.56,78.49,101.946
2026-05-25T12:11:18.6980000,23.56,78.53,101.947
2026-05-25T12:11:19.7390000,23.56,78.54,101.947
2026-05-25T12:11:20.7800000,23.56,78.5,101.947
2026-05-25T12:11:21.8210000,23.56,78.47,101.947
2026-05-25T12:11:22.8720000,23.56,78.5,101.948
2026-05-25T12:11:23.9330000,23.56,78.46,101.948
2026-05-25T12:11:24.9530000,23.56,78.43,101.948
2026-05-25T12:11:25.9940000,23.56,78.42,101.948
2026-05-25T12:11:27.0350000,23.56,78.41,101.947
2026-05-25T12:11:28.0870000,23.56,78.4,101.948
2026-05-25T12:11:29.1270000,23.56,78.36,101.947
2026-05-25T12:11:30.1680000,23.56,78.36,101.947
2026-05-25T12:11:31.2090000,23.56,78.39,101.948
2026-05-25T12:11:32.2500000,23.56,78.33,101.948
2026-05-25T12:11:33.2910000,23.56,78.31,101.948
2026-05-25T12:11:34.3420000,23.56,78.3,101.948
2026-05-25T12:11:35.3830000,23.56,78.29,101.948
2026-05-25T12:11:36.4230000,23.56,78.22,101.948
2026-05-25T12:11:37.5060000,23.56,78.26,101.948
2026-05-25T12:11:38.5050000,23.56,78.23,101.948
2026-05-25T12:11:39.5560000,23.56,78.2,101.949
2026-05-25T12:11:40.5970000,23.56,78.19,101.948
2026-05-25T12:11:41.6380000,23.56,78.17,101.948
2026-05-25T12:11:42.6780000,23.56,78.17,101.948
2026-05-25T12:11:43.7190000,23.56,78.16,101.947
2026-05-25T12:11:44.7700000,23.56,78.14,101.947
2026-05-25T12:11:45.8110000,23.56,78.14,101.947
2026-05-25T12:11:46.8520000,23.56,78.13,101.947
2026-05-25T12:11:47.8930000,23.56,78.12,101.948
2026-05-25T12:11:48.9340000,23.56,78.09,101.948
2026-05-25T12:11:49.9750000,23.56,78.12,101.949
2026-05-25T12:11:51.0780000,23.56,78.06,101.949
2026-05-25T12:11:52.0670000,23.56,78.06,101.949
2026-05-25T12:11:53.1070000,23.56,78.04,101.949
2026-05-25T12:11:54.1480000,23.56,78.04,101.949
2026-05-25T12:11:55.1890000,23.56,78.03,101.949
2026-05-25T12:11:56.2400000,23.56,78.03,101.948
2026-05-25T12:11:57.2810000,23.56,78.02,101.948
2026-05-25T12:11:58.3220000,23.56,78,101.948
2026-05-25T12:11:59.3630000,23.56,78,101.948
2026-05-25T12:12:00.4030000,23.56,77.96,101.948
2026-05-25T12:12:01.4550000,23.56,77.96,101.949
2026-05-25T12:12:02.4960000,23.56,77.97,101.948
2026-05-25T12:12:03.5360000,23.56,78.03,101.949
2026-05-25T12:12:04.5770000,23.56,77.97,101.949
2026-05-25T12:12:05.6210000,23.56,77.93,101.948
2026-05-25T12:12:06.6620000,23.56,77.92,101.948
2026-05-25T12:12:07.7130000,23.56,77.91,101.948
2026-05-25T12:12:08.7540000,23.56,77.9,101.948
2026-05-25T12:12:09.7950000,23.56,77.89,101.949
2026-05-25T12:12:10.8360000,23.56,77.89,101.948
2026-05-25T12:12:11.8770000,23.56,77.88,101.949
2026-05-25T12:12:12.9180000,23.56,77.86,101.95
2026-05-25T12:12:13.9690000,23.56,77.84,101.95
2026-05-25T12:12:15.0100000,23.56,77.82,101.949
2026-05-25T12:12:16.0510000,23.56,77.86,101.95
2026-05-25T12:12:17.0910000,23.56,77.83,101.95
2026-05-25T12:12:18.1320000,23.56,77.83,101.95
2026-05-25T12:12:19.1970000,23.56,77.8,101.95
2026-05-25T12:12:20.2280000,23.56,77.79,101.95
2026-05-25T12:12:21.2680000,23.56,77.77,101.95
2026-05-25T12:12:22.3090000,23.56,77.78,101.951
2026-05-25T12:12:23.3500000,23.56,77.77,101.95
2026-05-25T12:12:24.3910000,23.56,77.77,101.95
2026-05-25T12:12:25.4420000,23.56,77.76,101.95
2026-05-25T12:12:26.4830000,23.56,77.75,101.95
2026-05-25T12:12:27.5240000,23.56,77.75,101.95
2026-05-25T12:12:28.5650000,23.56,77.74,101.95
2026-05-25T12:12:29.6050000,23.56,77.75,101.95
2026-05-25T12:12:30.6460000,23.56,77.75,101.951
2026-05-25T12:12:31.6970000,23.56,77.69,101.95
2026-05-25T12:12:32.7700000,23.56,77.67,101.95
2026-05-25T12:12:33.7790000,23.56,77.68,101.95
2026-05-25T12:12:34.8200000,23.56,77.67,101.95
2026-05-25T12:12:35.8610000,23.56,77.66,101.949
2026-05-25T12:12:36.9120000,23.56,77.66,101.949
2026-05-25T12:12:37.9530000,23.56,77.66,101.95
2026-05-25T12:12:38.9940000,23.56,77.66,101.95
2026-05-25T12:12:40.0350000,23.56,77.64,101.95
2026-05-25T12:12:41.0750000,23.56,77.66,101.949
2026-05-25T12:12:42.1270000,23.56,77.66,101.949
2026-05-25T12:12:43.1670000,23.56,77.65,101.948
2026-05-25T12:12:44.2080000,23.56,77.67,101.948
2026-05-25T12:12:45.2490000,23.56,77.59,101.948
2026-05-25T12:12:46.3450000,23.56,77.58,101.949
2026-05-25T12:12:48.3740000,23.56,77.6,101.948
2026-05-25T12:12:49.4260000,23.56,77.6,101.949
2026-05-25T12:12:50.4670000,23.56,77.61,101.949
2026-05-25T12:12:51.5070000,23.56,77.58,101.949
2026-05-25T12:12:52.5480000,23.56,77.58,101.949
2026-05-25T12:12:53.5890000,23.56,77.57,101.949
2026-05-25T12:12:54.6400000,23.57,77.56,101.95
2026-05-25T12:12:55.6810000,23.56,77.55,101.95
2026-05-25T12:12:56.7220000,23.56,77.56,101.949
2026-05-25T12:12:57.7630000,23.56,77.56,101.949
2026-05-25T12:12:58.8030000,23.56,77.56,101.95
2026-05-25T12:12:59.9180000,23.56,77.51,101.95
2026-05-25T12:13:00.8960000,23.56,77.55,101.95
2026-05-25T12:13:01.9360000,23.57,77.53,101.95
2026-05-25T12:13:02.9770000,23.57,77.53,101.95
2026-05-25T12:13:04.0180000,23.57,77.52,101.95
2026-05-25T12:13:05.0690000,23.57,77.52,101.95
2026-05-25T12:13:06.1100000,23.56,77.52,101.95
2026-05-25T12:13:07.1510000,23.57,77.51,101.95
2026-05-25T12:13:08.1920000,23.57,77.48,101.95
2026-05-25T12:13:09.2320000,23.57,77.51,101.949
2026-05-25T12:13:10.2840000,23.57,77.49,101.949
2026-05-25T12:13:11.3250000,23.57,77.48,101.949
2026-05-25T12:13:12.3660000,23.57,77.49,101.949
2026-05-25T12:13:13.4070000,23.57,77.49,101.95
2026-05-25T12:13:14.4610000,23.57,77.47,101.95
2026-05-25T12:13:15.4920000,23.57,77.45,101.951
2026-05-25T12:13:16.5320000,23.56,77.45,101.95
2026-05-25T12:13:17.5840000,23.57,77.45,101.95
2026-05-25T12:13:18.6240000,23.56,77.45,101.95
2026-05-25T12:13:19.6650000,23.56,77.43,101.95
2026-05-25T12:13:20.7060000,23.56,77.43,101.95
2026-05-25T12:13:21.7470000,23.56,77.51,101.95
2026-05-25T12:13:22.7980000,23.56,77.41,101.95
2026-05-25T12:13:23.8390000,23.56,77.41,101.95
2026-05-25T12:13:24.8800000,23.57,77.41,101.951
2026-05-25T12:13:25.9210000,23.57,77.41,101.95
2026-05-25T12:13:26.9610000,23.57,77.39,101.95
2026-05-25T12:13:28.0370000,23.57,77.36,101.95
2026-05-25T12:13:29.0470000,23.57,77.38,101.95
2026-05-25T12:13:30.0980000,23.57,77.37,101.95
2026-05-25T12:13:31.1380000,23.57,77.37,101.949
2026-05-25T12:13:32.1790000,23.57,77.36,101.95
2026-05-25T12:13:33.2200000,23.57,77.35,101.949
2026-05-25T12:13:34.2600000,23.57,77.34,101.948
2026-05-25T12:13:35.3120000,23.57,77.31,101.948
2026-05-25T12:13:36.3520000,23.57,77.29,101.948
2026-05-25T12:13:37.3940000,23.57,77.31,101.948
2026-05-25T12:13:38.4350000,23.57,77.3,101.948
2026-05-25T12:13:39.4750000,23.57,77.3,101.948
2026-05-25T12:13:40.5270000,23.57,77.25,101.947
2026-05-25T12:13:41.6130000,23.57,77.24,101.948
2026-05-25T12:13:42.6120000,23.57,77.25,101.948
2026-05-25T12:13:43.6530000,23.57,77.23,101.948
2026-05-25T12:13:44.6930000,23.57,77.23,101.948
2026-05-25T12:13:45.7340000,23.57,77.23,101.948
2026-05-25T12:13:46.7750000,23.57,77.22,101.948
2026-05-25T12:13:47.8260000,23.57,77.2,101.947
2026-05-25T12:13:48.8670000,23.57,77.18,101.948
2026-05-25T12:13:49.9080000,23.57,77.22,101.948
2026-05-25T12:13:50.9490000,23.57,77.16,101.949
2026-05-25T12:13:51.9900000,23.57,77.18,101.949
2026-05-25T12:13:53.0410000,23.57,77.18,101.949
2026-05-25T12:13:54.0810000,23.57,77.17,101.949
2026-05-25T12:13:55.1850000,23.57,77.19,101.95
2026-05-25T12:13:56.1630000,23.57,77.14,101.949
2026-05-25T12:13:57.2030000,23.57,77.13,101.949
2026-05-25T12:13:58.2550000,23.57,77.12,101.949
2026-05-25T12:13:59.2950000,23.57,77.1,101.949
2026-05-25T12:14:00.3360000,23.57,77.09,101.949
2026-05-25T12:14:01.3770000,23.57,77.09,101.949
2026-05-25T12:14:02.4180000,23.57,77.09,101.949
2026-05-25T12:14:03.4690000,23.57,77.05,101.95
2026-05-25T12:14:04.5100000,23.57,77.1,101.95
2026-05-25T12:14:05.5500000,23.57,77.05,101.95
2026-05-25T12:14:06.5910000,23.57,77.08,101.95
2026-05-25T12:14:07.6320000,23.57,77.06,101.95
2026-05-25T12:14:08.6840000,23.57,77.06,101.95
2026-05-25T12:14:09.7310000,23.57,77.06,101.949
2026-05-25T12:14:10.7620000,23.57,77.03,101.949
2026-05-25T12:14:11.8020000,23.57,77.01,101.949
2026-05-25T12:14:12.8540000,23.57,77.01,101.95
2026-05-25T12:14:13.8950000,23.57,77,101.949
2026-05-25T12:14:14.9350000,23.57,76.99,101.949
2026-05-25T12:14:15.9760000,23.57,76.99,101.949
2026-05-25T12:14:17.0170000,23.57,76.92,101.949
2026-05-25T12:14:18.0680000,23.57,76.95,101.949
2026-05-25T12:14:19.1090000,23.57,76.98,101.949
2026-05-25T12:14:20.1490000,23.57,76.92,101.949
2026-05-25T12:14:21.1900000,23.57,76.93,101.949
2026-05-25T12:14:22.2310000,23.57,76.98,101.949
2026-05-25T12:14:23.3070000,23.57,76.9,101.949
2026-05-25T12:14:24.3160000,23.57,76.89,101.95
2026-05-25T12:14:25.3670000,23.57,76.88,101.95
2026-05-25T12:14:26.4080000,23.57,76.88,101.949
2026-05-25T12:14:27.4490000,23.57,76.86,101.949
2026-05-25T12:14:28.4900000,23.57,76.85,101.949
2026-05-25T12:14:29.5310000,23.57,76.83,101.949
2026-05-25T12:14:30.5820000,23.57,76.75,101.949
2026-05-25T12:14:31.6230000,23.57,76.79,101.948
2026-05-25T12:14:32.6640000,23.57,76.8,101.948
2026-05-25T12:14:33.7040000,23.57,76.78,101.948
2026-05-25T12:14:34.7450000,23.57,76.74,101.948
2026-05-25T12:14:35.7970000,23.57,76.76,101.948
2026-05-25T12:14:36.8790000,23.57,76.73,101.949
2026-05-25T12:14:37.8780000,23.57,76.72,101.949
2026-05-25T12:14:38.9190000,23.57,76.71,101.949
2026-05-25T12:14:39.9600000,23.57,76.69,101.95
2026-05-25T12:14:41.0110000,23.57,76.69,101.949
2026-05-25T12:14:42.0510000,23.57,76.69,101.949
2026-05-25T12:14:43.0920000,23.57,76.67,101.949
2026-05-25T12:14:44.1330000,23.57,76.67,101.949
2026-05-25T12:14:45.1740000,23.57,76.63,101.949
2026-05-25T12:14:46.2250000,23.57,76.69,101.948
2026-05-25T12:14:47.2660000,23.57,76.63,101.947
2026-05-25T12:14:48.3070000,23.57,76.67,101.947
2026-05-25T12:14:49.3470000,23.57,76.62,101.948
2026-05-25T12:14:50.4550000,23.57,76.61,101.949
2026-05-25T12:14:51.4320000,23.57,76.62,101.948
2026-05-25T12:14:52.4730000,23.57,76.61,101.949
2026-05-25T12:14:53.5240000,23.57,76.61,101.949
2026-05-25T12:14:54.5650000,23.57,76.61,101.948
2026-05-25T12:14:55.6060000,23.57,76.59,101.948
2026-05-25T12:14:56.6470000,23.57,76.58,101.948
2026-05-25T12:14:57.6880000,23.57,76.57,101.949
2026-05-25T12:14:58.7390000,23.57,76.55,101.949
2026-05-25T12:14:59.7800000,23.57,76.55,101.948
2026-05-25T12:15:00.8210000,23.57,76.56,101.949
2026-05-25T12:15:01.8610000,23.57,76.56,101.949
2026-05-25T12:15:02.9020000,23.57,76.55,101.949
2026-05-25T12:15:03.9530000,23.57,76.52,101.949
2026-05-25T12:15:04.9980000,23.57,76.5,101.949
2026-05-25T12:15:06.0390000,23.57,76.51,101.95
2026-05-25T12:15:07.0790000,23.57,76.5,101.949
2026-05-25T12:15:08.1200000,23.57,76.48,101.949
2026-05-25T12:15:09.1610000,23.57,76.47,101.949
2026-05-25T12:15:10.2020000,23.58,76.48,101.95
2026-05-25T12:15:11.2530000,23.58,76.47,101.951
2026-05-25T12:15:12.2940000,23.58,76.44,101.951
2026-05-25T12:15:13.3340000,23.58,76.47,101.95
2026-05-25T12:15:14.3750000,23.58,76.48,101.95
2026-05-25T12:15:15.4160000,23.58,76.44,101.95
2026-05-25T12:15:16.4670000,23.58,76.45,101.951
2026-05-25T12:15:17.5080000,23.58,76.42,101.951
2026-05-25T12:15:18.5730000,23.58,76.42,101.951
2026-05-25T12:15:19.5930000,23.58,76.39,101.952
2026-05-25T12:15:20.6340000,23.58,76.41,101.952
2026-05-25T12:15:21.6740000,23.58,76.38,101.951
2026-05-25T12:15:22.7150000,23.58,76.37,101.951
2026-05-25T12:15:23.7660000,23.58,76.36,101.951
2026-05-25T12:15:24.8070000,23.58,76.36,101.951
2026-05-25T12:15:25.8480000,23.58,76.37,101.951
2026-05-25T12:15:26.8890000,23.58,76.36,101.951
2026-05-25T12:15:27.9300000,23.58,76.34,101.951
2026-05-25T12:15:28.9810000,23.58,76.35,101.951
2026-05-25T12:15:30.0220000,23.58,76.36,101.952
2026-05-25T12:15:31.0620000,23.58,76.35,101.952
2026-05-25T12:15:32.1450000,23.58,76.34,101.951
2026-05-25T12:15:33.1440000,23.58,76.32,101.951
2026-05-25T12:15:34.1850000,23.58,76.31,101.95
2026-05-25T12:15:35.2360000,23.58,76.3,101.95
2026-05-25T12:15:36.2770000,23.58,76.29,101.95
2026-05-25T12:15:37.3180000,23.58,76.28,101.95
2026-05-25T12:15:38.3590000,23.58,76.28,101.949
2026-05-25T12:15:39.3990000,23.58,76.28,101.95
2026-05-25T12:15:40.4510000,23.58,76.28,101.95
2026-05-25T12:15:41.4910000,23.58,76.26,101.95
2026-05-25T12:15:42.5320000,23.58,76.25,101.949
2026-05-25T12:15:43.5730000,23.58,76.23,101.95
2026-05-25T12:15:44.6140000,23.58,76.24,101.949
2026-05-25T12:15:45.7210000,23.58,76.21,101.949
2026-05-25T12:15:46.6990000,23.58,76.22,101.949
2026-05-25T12:15:47.7500000,23.58,76.22,101.949
2026-05-25T12:15:48.7910000,23.58,76.22,101.949
2026-05-25T12:15:49.8320000,23.58,76.2,101.949
2026-05-25T12:15:50.8720000,23.58,76.2,101.949
2026-05-25T12:15:51.9130000,23.58,76.2,101.949
2026-05-25T12:15:52.9640000,23.58,76.2,101.949
2026-05-25T12:15:54.0050000,23.58,76.17,101.949
2026-05-25T12:15:55.0460000,23.58,76.24,101.948
2026-05-25T12:15:56.0870000,23.58,76.15,101.949
2026-05-25T12:15:57.1280000,23.58,76.2,101.949
2026-05-25T12:15:58.1790000,23.58,76.16,101.949
2026-05-25T12:15:59.2200000,23.58,76.15,101.949
2026-05-25T12:16:00.2640000,23.58,76.16,101.949
2026-05-25T12:16:01.3050000,23.58,76.16,101.949
2026-05-25T12:16:02.3460000,23.58,76.15,101.949
2026-05-25T12:16:03.3860000,23.58,76.14,101.949
2026-05-25T12:16:04.4270000,23.58,76.12,101.948
2026-05-25T12:16:05.4780000,23.58,76.09,101.948
2026-05-25T12:16:06.5190000,23.58,76.09,101.949
2026-05-25T12:16:07.5600000,23.58,76.07,101.949
2026-05-25T12:16:08.6010000,23.58,76.09,101.949
2026-05-25T12:16:09.6420000,23.58,76.08,101.949
2026-05-25T12:16:10.6930000,23.58,76.08,101.949
2026-05-25T12:16:11.7340000,23.58,76.05,101.949
2026-05-25T12:16:12.7750000,23.58,76.04,101.95
2026-05-25T12:16:13.8370000,23.58,76.07,101.95
2026-05-25T12:16:14.8570000,23.58,76.08,101.95
2026-05-25T12:16:15.9080000,23.59,76.07,101.951
2026-05-25T12:16:16.9480000,23.59,76.07,101.951
2026-05-25T12:16:17.9890000,23.59,76.08,101.951
2026-05-25T12:16:19.0300000,23.59,76.06,101.951
2026-05-25T12:16:20.0710000,23.59,76.04,101.951
2026-05-25T12:16:21.1220000,23.59,76.03,101.951
2026-05-25T12:16:22.1630000,23.59,76.04,101.951
2026-05-25T12:16:23.2040000,23.58,76.03,101.95
2026-05-25T12:16:24.2450000,23.58,76.01,101.95
2026-05-25T12:16:25.2850000,23.58,76.06,101.95
2026-05-25T12:16:26.3370000,23.58,76.06,101.95
2026-05-25T12:16:27.4120000,23.59,76.07,101.95
2026-05-25T12:16:28.4220000,23.59,76.07,101.949
2026-05-25T12:16:29.4630000,23.59,76.09,101.949
2026-05-25T12:16:30.5030000,23.59,76.09,101.949
2026-05-25T12:16:31.5440000,23.59,76.12,101.95
2026-05-25T12:16:32.5850000,23.59,76.13,101.95
2026-05-25T12:16:33.6360000,23.59,76.13,101.95
2026-05-25T12:16:34.6770000,23.59,76.16,101.95
2026-05-25T12:16:35.7180000,23.59,76.12,101.95
2026-05-25T12:16:36.7590000,23.59,76.09,101.95
2026-05-25T12:16:37.7990000,23.59,76.09,101.95
2026-05-25T12:16:38.8500000,23.59,76.11,101.95
2026-05-25T12:16:39.8910000,23.59,76.12,101.95
2026-05-25T12:16:40.9840000,23.59,76.09,101.949
2026-05-25T12:16:41.9730000,23.59,76.08,101.949
2026-05-25T12:16:43.0130000,23.59,76.08,101.949
2026-05-25T12:16:44.0640000,23.59,76.07,101.95
2026-05-25T12:16:45.1050000,23.59,76.06,101.949
2026-05-25T12:16:46.1460000,23.59,76.05,101.95
2026-05-25T12:16:47.1870000,23.59,76.06,101.95
2026-05-25T12:16:48.2280000,23.59,76.06,101.95
2026-05-25T12:16:49.2790000,23.59,76.07,101.95
2026-05-25T12:16:50.3200000,23.59,76.09,101.95
2026-05-25T12:16:51.3610000,23.59,76.13,101.95
2026-05-25T12:16:52.4010000,23.59,76.11,101.95
2026-05-25T12:16:53.4420000,23.59,76.12,101.95
2026-05-25T12:16:54.5570000,23.59,76.14,101.95
2026-05-25T12:16:55.5340000,23.59,76.16,101.95
2026-05-25T12:16:56.5750000,23.6,76.17,101.95
2026-05-25T12:16:57.6170000,23.6,76.19,101.949
2026-05-25T12:16:58.6570000,23.6,76.19,101.949
2026-05-25T12:16:59.6980000,23.6,76.21,101.949
2026-05-25T12:17:00.7490000,23.6,76.21,101.948
2026-05-25T12:17:01.7900000,23.6,76.25,101.949
2026-05-25T12:17:02.8310000,23.6,76.24,101.948
2026-05-25T12:17:03.8720000,23.6,76.33,101.948
2026-05-25T12:17:04.9120000,23.6,76.29,101.949
2026-05-25T12:17:05.9640000,23.6,76.31,101.95
2026-05-25T12:17:07.0040000,23.6,76.3,101.95
2026-05-25T12:17:08.0450000,23.6,76.33,101.95
2026-05-25T12:17:09.1000000,23.6,76.38,101.949
2026-05-25T12:17:10.1300000,23.6,76.41,101.949
2026-05-25T12:17:11.1710000,23.6,76.46,101.949
2026-05-25T12:17:12.2220000,23.61,76.51,101.949
2026-05-25T12:17:13.2630000,23.61,76.57,101.948
2026-05-25T12:17:14.3040000,23.61,76.61,101.948
2026-05-25T12:17:15.3450000,23.61,76.65,101.948
2026-05-25T12:17:16.3850000,23.61,76.69,101.95
2026-05-25T12:17:17.4260000,23.61,76.73,101.95
2026-05-25T12:17:18.4770000,23.61,76.79,101.95
2026-05-25T12:17:19.5180000,23.61,76.87,101.949
2026-05-25T12:17:20.5590000,23.61,76.92,101.949
2026-05-25T12:17:21.6000000,23.61,77,101.949
2026-05-25T12:17:22.6720000,23.61,77,101.948
2026-05-25T12:17:23.6920000,23.61,77.05,101.948
2026-05-25T12:17:24.7320000,23.61,77.07,101.949
2026-05-25T12:17:25.7730000,23.61,77.11,101.948
2026-05-25T12:17:26.8140000,23.61,77.17,101.947
2026-05-25T12:17:27.8550000,23.61,77.21,101.947
2026-05-25T12:17:28.9060000,23.61,77.26,101.947
2026-05-25T12:17:29.9460000,23.61,77.28,101.947
2026-05-25T12:17:30.9870000,23.61,77.31,101.947
2026-05-25T12:17:32.0280000,23.62,77.37,101.947
2026-05-25T12:17:33.0690000,23.62,77.46,101.947
2026-05-25T12:17:34.1200000,23.62,77.48,101.946
2026-05-25T12:17:35.1610000,23.62,77.54,101.946
2026-05-25T12:17:36.2440000,23.62,77.65,101.947
2026-05-25T12:17:37.2420000,23.62,77.68,101.947
2026-05-25T12:17:38.2830000,23.62,77.71,101.947
2026-05-25T12:17:39.3350000,23.63,77.77,101.948
2026-05-25T12:17:40.3750000,23.63,77.84,101.948
2026-05-25T12:17:41.4160000,23.63,77.89,101.947
2026-05-25T12:17:42.4570000,23.63,77.93,101.947
2026-05-25T12:17:43.4980000,23.63,77.97,101.947
2026-05-25T12:17:44.5490000,23.63,78.02,101.948
2026-05-25T12:17:45.5900000,23.63,78.07,101.947
2026-05-25T12:17:46.6310000,23.63,78.14,101.948
2026-05-25T12:17:47.6720000,23.64,78.19,101.948
2026-05-25T12:17:48.7120000,23.64,78.29,101.947
2026-05-25T12:17:49.8120000,23.64,78.42,101.945
2026-05-25T12:17:50.8010000,23.64,78.51,101.946
2026-05-25T12:17:51.8410000,23.64,78.56,101.945
2026-05-25T12:17:52.8820000,23.64,78.6,101.945
2026-05-25T12:17:53.9330000,23.64,78.65,101.946
2026-05-25T12:17:54.9740000,23.64,78.68,101.945
2026-05-25T12:17:56.0150000,23.64,78.72,101.946
2026-05-25T12:17:57.0560000,23.64,78.78,101.945
2026-05-25T12:17:58.0970000,23.64,78.81,101.946
2026-05-25T12:17:59.1480000,23.64,78.87,101.946
2026-05-25T12:18:00.1890000,23.64,78.95,101.947
2026-05-25T12:18:01.2290000,23.64,79,101.947
2026-05-25T12:18:02.2700000,23.64,79.06,101.947
2026-05-25T12:18:03.3110000,23.64,79.1,101.947
2026-05-25T12:18:04.3620000,23.64,79.17,101.946
2026-05-25T12:18:05.4030000,23.65,79.25,101.947
2026-05-25T12:18:06.4440000,23.65,79.32,101.946
2026-05-25T12:18:07.4850000,23.65,79.4,101.946
2026-05-25T12:18:08.5260000,23.65,79.43,101.946
2026-05-25T12:18:09.5770000,23.64,79.47,101.945
2026-05-25T12:18:10.6180000,23.65,79.5,101.946
2026-05-25T12:18:11.6590000,23.65,79.5,101.946
2026-05-25T12:18:12.7000000,23.65,79.54,101.946
2026-05-25T12:18:13.7400000,23.64,79.59,101.945
2026-05-25T12:18:14.7920000,23.64,79.59,101.946
2026-05-25T12:18:15.8320000,23.64,79.59,101.947
2026-05-25T12:18:16.8730000,23.64,79.67,101.946
2026-05-25T12:18:17.9240000,23.64,79.66,101.948
2026-05-25T12:18:18.9540000,23.64,79.69,101.948
2026-05-25T12:18:20.0060000,23.64,79.72,101.949
2026-05-25T12:18:21.0460000,23.64,79.77,101.948
2026-05-25T12:18:22.0870000,23.64,79.82,101.948
2026-05-25T12:18:23.1280000,23.64,79.9,101.948
2026-05-25T12:18:24.1690000,23.64,79.96,101.947
2026-05-25T12:18:25.2200000,23.64,80.03,101.947
2026-05-25T12:18:26.2610000,23.64,80.1,101.948
2026-05-25T12:18:27.3020000,23.64,80.13,101.948
2026-05-25T12:18:28.3420000,23.64,80.21,101.948
2026-05-25T12:18:29.3830000,23.64,80.25,101.948
2026-05-25T12:18:30.4340000,23.64,80.32,101.948
2026-05-25T12:18:31.4960000,23.64,80.36,101.948
2026-05-25T12:18:32.5160000,23.64,80.4,101.949
2026-05-25T12:18:33.5570000,23.64,80.45,101.949
2026-05-25T12:18:34.5970000,23.64,80.51,101.948
2026-05-25T12:18:35.6490000,23.64,80.58,101.948
2026-05-25T12:18:36.6890000,23.64,80.65,101.948
2026-05-25T12:18:37.7300000,23.64,80.73,101.947
2026-05-25T12:18:38.7710000,23.64,80.77,101.947
2026-05-25T12:18:39.8120000,23.64,80.82,101.947
2026-05-25T12:18:40.8630000,23.64,80.9,101.947
2026-05-25T12:18:41.9040000,23.64,80.88,101.947
2026-05-25T12:18:42.9450000,23.64,80.95,101.947
2026-05-25T12:18:43.9850000,23.64,80.93,101.947
2026-05-25T12:18:45.0650000,23.64,81,101.947
2026-05-25T12:18:46.0740000,23.64,81.04,101.947
2026-05-25T12:18:47.1150000,23.64,81.04,101.948
2026-05-25T12:18:48.1560000,23.64,81.07,101.948
2026-05-25T12:18:49.1970000,23.64,81.08,101.948
2026-05-25T12:18:50.2480000,23.64,81.09,101.948
2026-05-25T12:18:51.2890000,23.64,81.09,101.948
2026-05-25T12:18:52.3290000,23.64,81.18,101.948
2026-05-25T12:18:53.3700000,23.64,81.11,101.948
2026-05-25T12:18:54.4110000,23.64,81.16,101.947
2026-05-25T12:18:55.4620000,23.64,81.18,101.947
2026-05-25T12:18:56.5030000,23.64,81.19,101.947
2026-05-25T12:18:57.5440000,23.64,81.21,101.946
2026-05-25T12:18:58.6370000,23.64,81.21,101.947
2026-05-25T12:18:59.6260000,23.64,81.22,101.947
2026-05-25T12:19:00.6770000,23.64,81.22,101.947
2026-05-25T12:19:01.7180000,23.64,81.23,101.948
2026-05-25T12:19:02.7580000,23.64,81.26,101.948
2026-05-25T12:19:03.7990000,23.64,81.28,101.948
2026-05-25T12:19:04.8400000,23.64,81.33,101.947
2026-05-25T12:19:05.8910000,23.64,81.34,101.948
2026-05-25T12:19:06.9320000,23.64,81.39,101.948
2026-05-25T12:19:07.9730000,23.64,81.41,101.947
2026-05-25T12:19:09.0130000,23.64,81.42,101.947
2026-05-25T12:19:10.0540000,23.64,81.44,101.946
2026-05-25T12:19:11.0950000,23.64,81.44,101.946
2026-05-25T12:19:12.2090000,23.64,81.5,101.946
2026-05-25T12:19:13.1870000,23.64,81.49,101.947
2026-05-25T12:19:14.2280000,23.64,81.49,101.947
2026-05-25T12:19:15.2690000,23.64,81.5,101.947
2026-05-25T12:19:16.3090000,23.64,81.51,101.947
2026-05-25T12:19:17.3610000,23.64,81.54,101.948
2026-05-25T12:19:18.4020000,23.64,81.58,101.947
2026-05-25T12:19:19.4430000,23.64,81.59,101.948
2026-05-25T12:19:20.4830000,23.64,81.62,101.947
2026-05-25T12:19:21.5240000,23.64,81.61,101.947
2026-05-25T12:19:22.5750000,23.64,81.67,101.947
2026-05-25T12:19:23.6160000,23.64,81.68,101.946
2026-05-25T12:19:24.6570000,23.64,81.69,101.946
2026-05-25T12:19:26.7490000,23.64,81.77,101.946
2026-05-25T12:19:27.7890000,23.64,81.71,101.947
2026-05-25T12:19:28.8300000,23.64,81.73,101.947
2026-05-25T12:19:29.8710000,23.64,81.73,101.947
2026-05-25T12:19:30.9120000,23.64,81.75,101.947
2026-05-25T12:19:31.9530000,23.64,81.75,101.947
2026-05-25T12:19:32.9940000,23.64,81.76,101.947
2026-05-25T12:19:34.0450000,23.64,81.8,101.947
2026-05-25T12:19:35.0860000,23.64,81.77,101.946
2026-05-25T12:19:36.1260000,23.64,81.77,101.947
2026-05-25T12:19:37.1670000,23.64,81.8,101.948
2026-05-25T12:19:38.2080000,23.64,81.81,101.948
2026-05-25T12:19:39.2590000,23.64,81.79,101.948
2026-05-25T12:19:40.3240000,23.63,81.81,101.949
2026-05-25T12:19:41.3440000,23.63,81.79,101.949
2026-05-25T12:19:42.3850000,23.63,81.81,101.949
2026-05-25T12:19:43.4250000,23.63,81.83,101.95
2026-05-25T12:19:44.4660000,23.64,81.83,101.95
2026-05-25T12:19:45.5070000,23.64,81.85,101.95
2026-05-25T12:19:46.5580000,23.64,81.86,101.95
2026-05-25T12:19:47.5990000,23.64,81.75,101.951
2026-05-25T12:19:48.6400000,23.64,81.88,101.951
2026-05-25T12:19:49.6810000,23.63,81.84,101.951
2026-05-25T12:19:50.7210000,23.63,81.89,101.951
2026-05-25T12:19:51.7730000,23.63,81.88,101.95
2026-05-25T12:19:52.8140000,23.63,81.86,101.95
2026-05-25T12:19:53.8960000,23.63,81.84,101.949
2026-05-25T12:19:54.8950000,23.63,81.86,101.95
2026-05-25T12:19:55.9360000,23.63,81.87,101.948
2026-05-25T12:19:56.9770000,23.63,81.88,101.949
2026-05-25T12:19:58.0280000,23.63,81.88,101.949
2026-05-25T12:19:59.0690000,23.63,81.89,101.949
2026-05-25T12:20:00.1100000,23.63,81.9,101.948
2026-05-25T12:20:01.1500000,23.63,81.9,101.949
2026-05-25T12:20:02.1910000,23.63,81.93,101.95
2026-05-25T12:20:03.2420000,23.63,81.91,101.949
2026-05-25T12:20:04.2830000,23.63,81.93,101.949
2026-05-25T12:20:05.3240000,23.63,81.91,101.949
2026-05-25T12:20:06.3650000,23.63,81.91,101.949
2026-05-25T12:20:07.4690000,23.63,81.96,101.949
2026-05-25T12:20:08.4470000,23.63,81.99,101.949
2026-05-25T12:20:09.4980000,23.63,82.01,101.949
2026-05-25T12:20:10.5390000,23.63,82.02,101.949
2026-05-25T12:20:11.5790000,23.63,82.02,101.948
2026-05-25T12:20:12.6200000,23.63,82,101.948
2026-05-25T12:20:13.6610000,23.63,82.01,101.948
2026-05-25T12:20:14.7120000,23.63,82,101.948
2026-05-25T12:20:15.7530000,23.63,82,101.947
2026-05-25T12:20:16.7940000,23.63,81.98,101.949
2026-05-25T12:20:17.8340000,23.63,81.96,101.949
2026-05-25T12:20:18.8750000,23.63,81.96,101.949
2026-05-25T12:20:19.9260000,23.63,81.91,101.95
2026-05-25T12:20:20.9670000,23.62,81.91,101.949
2026-05-25T12:20:22.0110000,23.63,81.87,101.949
2026-05-25T12:20:23.0520000,23.62,81.86,101.949
2026-05-25T12:20:24.0930000,23.62,81.84,101.949
2026-05-25T12:20:25.1340000,23.62,81.82,101.95
2026-05-25T12:20:26.1850000,23.62,81.78,101.952
2026-05-25T12:20:27.2260000,23.62,81.77,101.951
2026-05-25T12:20:28.2670000,23.62,81.75,101.951
2026-05-25T12:20:29.3070000,23.62,81.7,101.951
2026-05-25T12:20:30.3480000,23.62,81.74,101.951
2026-05-25T12:20:31.3890000,23.62,81.73,101.95
2026-05-25T12:20:32.4400000,23.62,81.69,101.95
2026-05-25T12:20:33.4810000,23.61,81.66,101.95
2026-05-25T12:20:34.5220000,23.61,81.67,101.95
2026-05-25T12:20:35.5830000,23.61,81.56,101.95
2026-05-25T12:20:36.6030000,23.61,81.59,101.949
2026-05-25T12:20:37.6550000,23.61,81.55,101.949
2026-05-25T12:20:38.6950000,23.61,81.53,101.949
2026-05-25T12:20:39.7360000,23.61,81.52,101.948
2026-05-25T12:20:40.7770000,23.61,81.53,101.949
2026-05-25T12:20:41.8180000,23.6,81.5,101.949
2026-05-25T12:20:42.8690000,23.6,81.41,101.949
2026-05-25T12:20:43.9100000,23.6,81.44,101.949
2026-05-25T12:20:44.9500000,23.6,81.45,101.949
2026-05-25T12:20:45.9910000,23.6,81.42,101.949
2026-05-25T12:20:47.0320000,23.6,81.4,101.95
2026-05-25T12:20:48.0830000,23.6,81.4,101.949
2026-05-25T12:20:49.1550000,23.6,81.35,101.95
2026-05-25T12:20:50.1650000,23.6,81.3,101.95
2026-05-25T12:20:51.2060000,23.6,81.28,101.951
2026-05-25T12:20:52.2460000,23.6,81.25,101.95
2026-05-25T12:20:53.2980000,23.6,81.21,101.95
2026-05-25T12:20:54.3380000,23.6,81.19,101.951
2026-05-25T12:20:55.3790000,23.6,81.16,101.951
2026-05-25T12:20:56.4200000,23.6,81.13,101.952
2026-05-25T12:20:57.4610000,23.6,81.15,101.952
2026-05-25T12:20:58.5120000,23.6,81.07,101.952
2026-05-25T12:20:59.5530000,23.6,81.06,101.952
2026-05-25T12:21:00.5930000,23.6,81.05,101.952
2026-05-25T12:21:01.6340000,23.6,81.04,101.952
2026-05-25T12:21:02.7270000,23.59,80.99,101.951
2026-05-25T12:21:03.7260000,23.59,80.94,101.951
2026-05-25T12:21:04.7670000,23.59,80.96,101.951
2026-05-25T12:21:05.8080000,23.59,80.91,101.951
2026-05-25T12:21:06.8480000,23.59,80.9,101.951
2026-05-25T12:21:07.8890000,23.59,80.89,101.951
2026-05-25T12:21:08.9410000,23.59,80.88,101.952
2026-05-25T12:21:09.9810000,23.59,80.86,101.952
2026-05-25T12:21:11.0220000,23.59,80.87,101.952
2026-05-25T12:21:12.0630000,23.59,80.83,101.952
2026-05-25T12:21:13.1040000,23.59,80.82,101.952
2026-05-25T12:21:14.1440000,23.59,80.78,101.952
2026-05-25T12:21:15.1960000,23.58,80.77,101.951
2026-05-25T12:21:16.3030000,23.58,80.74,101.951
2026-05-25T12:21:17.2810000,23.58,80.72,101.951
2026-05-25T12:21:19.3620000,23.58,80.68,101.95
2026-05-25T12:21:20.4030000,23.58,80.67,101.95
2026-05-25T12:21:21.4430000,23.58,80.65,101.95
2026-05-25T12:21:22.4950000,23.58,80.63,101.951
2026-05-25T12:21:23.5350000,23.58,80.62,101.952
2026-05-25T12:21:24.5760000,23.58,80.62,101.952
2026-05-25T12:21:25.6170000,23.58,80.58,101.951
2026-05-25T12:21:26.6580000,23.58,80.56,101.952
2026-05-25T12:21:27.7090000,23.58,80.53,101.952
2026-05-25T12:21:28.7500000,23.58,80.47,101.953
2026-05-25T12:21:29.7910000,23.58,80.55,101.952
2026-05-25T12:21:30.8450000,23.58,80.48,101.952
2026-05-25T12:21:31.8760000,23.58,80.47,101.951
2026-05-25T12:21:32.9160000,23.58,80.45,101.952
2026-05-25T12:21:33.9570000,23.58,80.43,101.951
2026-05-25T12:21:35.0080000,23.58,80.42,101.951
2026-05-25T12:21:36.0490000,23.58,80.4,101.95
2026-05-25T12:21:37.0900000,23.57,80.39,101.951
2026-05-25T12:21:38.1310000,23.57,80.35,101.951
2026-05-25T12:21:39.1720000,23.57,80.34,101.951
2026-05-25T12:21:40.2230000,23.57,80.29,101.951
2026-05-25T12:21:41.2640000,23.57,80.3,101.951
2026-05-25T12:21:42.3040000,23.57,80.3,101.952
2026-05-25T12:21:43.3450000,23.57,80.27,101.951
2026-05-25T12:21:44.4170000,23.57,80.21,101.951
2026-05-25T12:21:45.4370000,23.57,80.22,101.951
2026-05-25T12:21:46.4780000,23.57,80.19,101.951
2026-05-25T12:21:47.5190000,23.57,80.18,101.951
2026-05-25T12:21:48.5590000,23.57,80.17,101.951
2026-05-25T12:21:49.6000000,23.58,80.16,101.952
2026-05-25T12:21:50.6510000,23.57,80.14,101.951
2026-05-25T12:21:51.6920000,23.57,80.1,101.952
2026-05-25T12:21:52.7330000,23.58,80.12,101.953
2026-05-25T12:21:53.7740000,23.57,80.1,101.952
2026-05-25T12:21:54.8150000,23.57,80.07,101.952
2026-05-25T12:21:55.8660000,23.57,80.08,101.951
2026-05-25T12:21:56.9070000,23.57,80.03,101.95
2026-05-25T12:21:57.9930000,23.57,79.99,101.951
2026-05-25T12:21:58.9920000,23.57,79.97,101.951
2026-05-25T12:22:00.0330000,23.57,79.94,101.952
2026-05-25T12:22:01.0740000,23.57,79.94,101.951
2026-05-25T12:22:02.1140000,23.57,79.93,101.952
2026-05-25T12:22:03.1660000,23.57,79.9,101.953
2026-05-25T12:22:04.2070000,23.57,79.88,101.952
2026-05-25T12:22:05.2470000,23.57,79.87,101.953
2026-05-25T12:22:06.2880000,23.57,79.84,101.952
2026-05-25T12:22:07.3310000,23.57,79.86,101.952
2026-05-25T12:22:08.3720000,23.57,79.83,101.953
2026-05-25T12:22:09.4130000,23.57,79.81,101.952
2026-05-25T12:22:10.4640000,23.57,79.79,101.952
2026-05-25T12:22:11.5640000,23.57,79.75,101.952
2026-05-25T12:22:12.5420000,23.57,79.77,101.952
2026-05-25T12:22:13.5930000,23.56,79.75,101.952
2026-05-25T12:22:14.6340000,23.56,79.74,101.952
2026-05-25T12:22:15.6750000,23.56,79.74,101.951
2026-05-25T12:22:16.7160000,23.56,79.72,101.951
2026-05-25T12:22:17.7570000,23.56,79.72,101.951
2026-05-25T12:22:18.7980000,23.56,79.7,101.951
2026-05-25T12:22:19.8490000,23.56,79.71,101.951
2026-05-25T12:22:20.8900000,23.56,79.7,101.952
2026-05-25T12:22:21.9310000,23.56,79.63,101.952
2026-05-25T12:22:22.9710000,23.56,79.65,101.951
2026-05-25T12:22:24.0120000,23.56,79.61,101.951
2026-05-25T12:22:25.0630000,23.56,79.58,101.952
2026-05-25T12:22:26.1070000,23.56,79.58,101.951
2026-05-25T12:22:27.1480000,23.56,79.54,101.951
2026-05-25T12:22:28.1890000,23.56,79.54,101.951
2026-05-25T12:22:29.2300000,23.56,79.51,101.951
2026-05-25T12:22:30.2700000,23.56,79.49,101.951
2026-05-25T12:22:31.3110000,23.56,79.48,101.95
2026-05-25T12:22:32.3620000,23.56,79.45,101.951
2026-05-25T12:22:33.4030000,23.56,79.41,101.951
2026-05-25T12:22:34.4440000,23.56,79.39,101.951
2026-05-25T12:22:35.4850000,23.56,79.38,101.951
2026-05-25T12:22:36.5260000,23.56,79.4,101.952
2026-05-25T12:22:37.5770000,23.56,79.37,101.952
2026-05-25T12:22:38.6180000,23.56,79.36,101.952
2026-05-25T12:22:39.6800000,23.56,79.35,101.952
2026-05-25T12:22:40.6990000,23.56,79.32,101.952
2026-05-25T12:22:41.7400000,23.56,79.3,101.952
2026-05-25T12:22:42.7810000,23.56,79.28,101.951
2026-05-25T12:22:43.8320000,23.56,79.25,101.951
2026-05-25T12:22:44.8730000,23.56,79.24,101.951
2026-05-25T12:22:45.9140000,23.55,79.21,101.95
2026-05-25T12:22:46.9550000,23.56,79.17,101.951
2026-05-25T12:22:47.9960000,23.56,79.17,101.951
2026-05-25T12:22:49.0470000,23.56,79.14,101.952
2026-05-25T12:22:50.0880000,23.55,79.15,101.951
2026-05-25T12:22:51.1280000,23.55,79.16,101.952
2026-05-25T12:22:52.1690000,23.55,79.14,101.953
2026-05-25T12:22:53.2550000,23.55,79.08,101.953
2026-05-25T12:22:54.2540000,23.55,79.05,101.953
2026-05-25T12:22:55.2940000,23.55,79.04,101.953
2026-05-25T12:22:56.3460000,23.55,79.03,101.953
2026-05-25T12:22:57.3870000,23.55,79.01,101.953
2026-05-25T12:22:58.4270000,23.55,79,101.953
2026-05-25T12:22:59.4680000,23.55,78.98,101.952
2026-05-25T12:23:00.5090000,23.55,78.97,101.952
2026-05-25T12:23:01.5600000,23.55,78.95,101.952
2026-05-25T12:23:02.6010000,23.55,78.93,101.952
2026-05-25T12:23:03.6420000,23.55,78.92,101.952
2026-05-25T12:23:04.6830000,23.55,78.93,101.952
2026-05-25T12:23:05.7230000,23.55,78.91,101.951
2026-05-25T12:23:06.8310000,23.55,78.89,101.951
2026-05-25T12:23:07.8090000,23.55,78.89,101.951
2026-05-25T12:23:08.8600000,23.55,78.87,101.952
2026-05-25T12:23:09.9010000,23.55,78.85,101.951
2026-05-25T12:23:10.9410000,23.55,78.84,101.951
2026-05-25T12:23:11.9820000,23.55,78.83,101.951
2026-05-25T12:23:13.0230000,23.55,78.8,101.951
2026-05-25T12:23:14.0740000,23.55,78.79,101.95
2026-05-25T12:23:15.1150000,23.55,78.77,101.95
2026-05-25T12:23:16.1560000,23.55,78.78,101.951
2026-05-25T12:23:17.1960000,23.55,78.75,101.951
2026-05-25T12:23:18.2370000,23.55,78.76,101.951
2026-05-25T12:23:19.2890000,23.55,78.73,101.951
2026-05-25T12:23:20.3290000,23.55,78.77,101.952
2026-05-25T12:23:21.3740000,23.55,78.72,101.952
2026-05-25T12:23:22.4140000,23.55,78.7,101.952
2026-05-25T12:23:23.4550000,23.55,78.69,101.953
2026-05-25T12:23:24.4960000,23.55,78.68,101.953
2026-05-25T12:23:25.5370000,23.55,78.65,101.953
2026-05-25T12:23:26.5880000,23.55,78.67,101.953
2026-05-25T12:23:27.6290000,23.55,78.65,101.952
2026-05-25T12:23:28.6700000,23.55,78.64,101.953
2026-05-25T12:23:29.7110000,23.55,78.65,101.952
2026-05-25T12:23:30.7520000,23.55,78.62,101.952
2026-05-25T12:23:31.8030000,23.55,78.62,101.953
2026-05-25T12:23:32.8440000,23.55,78.61,101.954
2026-05-25T12:23:33.8840000,23.55,78.6,101.953
2026-05-25T12:23:34.9500000,23.55,78.59,101.954
2026-05-25T12:23:35.9690000,23.55,78.57,101.954
2026-05-25T12:23:37.0100000,23.55,78.57,101.953
2026-05-25T12:23:38.0510000,23.55,78.56,101.954
2026-05-25T12:23:39.1020000,23.55,78.54,101.953
2026-05-25T12:23:40.1430000,23.55,78.54,101.954
2026-05-25T12:23:41.1840000,23.55,78.53,101.954
2026-05-25T12:23:42.2240000,23.55,78.51,101.954
2026-05-25T12:23:43.2650000,23.55,78.51,101.954
2026-05-25T12:23:44.3160000,23.55,78.53,101.955
2026-05-25T12:23:45.3570000,23.55,78.47,101.955
2026-05-25T12:23:46.3980000,23.55,78.51,101.954
2026-05-25T12:23:47.4380000,23.55,78.51,101.954
2026-05-25T12:23:48.5240000,23.55,78.44,101.953
2026-05-25T12:23:49.5230000,23.55,78.48,101.953
2026-05-25T12:23:50.5740000,23.55,78.47,101.953
2026-05-25T12:23:51.6150000,23.55,78.46,101.953
2026-05-25T12:23:52.6560000,23.55,78.45,101.954
2026-05-25T12:23:53.6970000,23.55,78.45,101.953
2026-05-25T12:23:54.7380000,23.55,78.43,101.954
2026-05-25T12:23:55.7890000,23.55,78.45,101.954
2026-05-25T12:23:56.8300000,23.55,78.44,101.954
2026-05-25T12:23:57.8710000,23.55,78.44,101.953
2026-05-25T12:23:58.9110000,23.55,78.39,101.953
2026-05-25T12:23:59.9520000,23.55,78.41,101.954
2026-05-25T12:24:01.0040000,23.55,78.43,101.954
2026-05-25T12:24:02.0970000,23.55,78.4,101.953
2026-05-25T12:24:03.0850000,23.55,78.4,101.953
2026-05-25T12:24:04.1260000,23.55,78.39,101.955
2026-05-25T12:24:05.1670000,23.55,78.41,101.955
2026-05-25T12:24:06.2180000,23.55,78.38,101.955
2026-05-25T12:24:07.2580000,23.55,78.37,101.955
2026-05-25T12:24:08.2990000,23.55,78.37,101.954
2026-05-25T12:24:09.3400000,23.55,78.34,101.954
2026-05-25T12:24:10.3810000,23.55,78.36,101.954
2026-05-25T12:24:11.4320000,23.55,78.31,101.954
2026-05-25T12:24:12.4730000,23.55,78.35,101.954
2026-05-25T12:24:13.5140000,23.55,78.31,101.954
2026-05-25T12:24:14.5540000,23.55,78.32,101.954
2026-05-25T12:24:15.5950000,23.55,78.23,101.955
2026-05-25T12:24:16.6460000,23.55,78.27,101.954
2026-05-25T12:24:17.6870000,23.55,78.24,101.955
2026-05-25T12:24:18.7280000,23.55,78.24,101.955
2026-05-25T12:24:19.7690000,23.55,78.23,101.954
2026-05-25T12:24:20.8100000,23.55,78.23,101.955
2026-05-25T12:24:21.8500000,23.55,78.19,101.955
2026-05-25T12:24:22.9020000,23.55,78.2,101.955
2026-05-25T12:24:23.9430000,23.55,78.19,101.955
2026-05-25T12:24:24.9830000,23.55,78.16,101.955
2026-05-25T12:24:26.0240000,23.55,78.19,101.955
2026-05-25T12:24:27.0650000,23.55,78.16,101.955
2026-05-25T12:24:28.1160000,23.55,78.17,101.955
2026-05-25T12:24:29.1570000,23.55,78.14,101.956
2026-05-25T12:24:30.2110000,23.55,78.12,101.956
2026-05-25T12:24:31.2420000,23.55,78.1,101.956
2026-05-25T12:24:32.2830000,23.55,78.1,101.956
2026-05-25T12:24:33.3230000,23.55,78.08,101.956
2026-05-25T12:24:34.3640000,23.55,78.08,101.956
2026-05-25T12:24:35.4150000,23.55,78.07,101.956
2026-05-25T12:24:36.4560000,23.55,78.06,101.957
2026-05-25T12:24:37.4970000,23.55,78,101.957
2026-05-25T12:24:38.5380000,23.55,78.04,101.957
2026-05-25T12:24:39.5790000,23.55,78.01,101.957
2026-05-25T12:24:40.6300000,23.55,78.01,101.957
2026-05-25T12:24:41.6710000,23.55,77.98,101.957
2026-05-25T12:24:42.7110000,23.55,77.99,101.957
2026-05-25T12:24:43.7870000,23.55,78.03,101.957
2026-05-25T12:24:44.7960000,23.55,77.98,101.957
2026-05-25T12:24:45.8370000,23.55,77.97,101.957
2026-05-25T12:24:46.8880000,23.55,77.96,101.957
2026-05-25T12:24:47.9290000,23.55,77.95,101.957
2026-05-25T12:24:48.9700000,23.55,77.94,101.958
2026-05-25T12:24:50.0110000,23.55,77.93,101.957
2026-05-25T12:24:51.0510000,23.55,77.94,101.958
2026-05-25T12:24:52.0920000,23.55,77.9,101.959
2026-05-25T12:24:53.1430000,23.55,77.93,101.958
2026-05-25T12:24:54.1840000,23.55,77.92,101.958
2026-05-25T12:24:55.2250000,23.55,77.88,101.957
2026-05-25T12:24:56.2660000,23.55,77.88,101.957
2026-05-25T12:24:57.3620000,23.55,77.86,101.957
2026-05-25T12:24:58.3510000,23.55,77.86,101.958
2026-05-25T12:24:59.3920000,23.55,77.86,101.958
2026-05-25T12:25:00.4430000,23.55,77.85,101.959
2026-05-25T12:25:01.4840000,23.55,77.84,101.959
2026-05-25T12:25:02.5240000,23.55,77.84,101.959
2026-05-25T12:25:03.5650000,23.55,77.81,101.958
2026-05-25T12:25:04.6060000,23.55,77.81,101.958
2026-05-25T12:25:05.6570000,23.55,77.8,101.958
2026-05-25T12:25:06.6980000,23.55,77.75,101.958
2026-05-25T12:25:07.7390000,23.55,77.77,101.958
2026-05-25T12:25:08.7800000,23.55,77.73,101.958
2026-05-25T12:25:09.8210000,23.55,77.77,101.958
2026-05-25T12:25:10.9350000,23.55,77.73,101.958
2026-05-25T12:25:11.9130000,23.55,77.74,101.959
2026-05-25T12:25:12.9530000,23.55,77.72,101.959
2026-05-25T12:25:13.9940000,23.55,77.71,101.96
2026-05-25T12:25:15.0350000,23.55,77.7,101.96
2026-05-25T12:25:16.0860000,23.55,77.69,101.96
2026-05-25T12:25:17.1270000,23.55,77.68,101.96
2026-05-25T12:25:18.1670000,23.55,77.67,101.959
2026-05-25T12:25:19.2080000,23.55,77.67,101.96
2026-05-25T12:25:20.2490000,23.55,77.64,101.96
2026-05-25T12:25:21.3000000,23.55,77.65,101.961
2026-05-25T12:25:22.3410000,23.55,77.67,101.961
2026-05-25T12:25:23.3820000,23.55,77.66,101.961
2026-05-25T12:25:24.4230000,23.55,77.61,101.961
2026-05-25T12:25:25.4770000,23.55,77.6,101.961
2026-05-25T12:25:26.5080000,23.55,77.59,101.962
2026-05-25T12:25:27.5480000,23.55,77.59,101.962
2026-05-25T12:25:28.6000000,23.55,77.57,101.962
2026-05-25T12:25:29.6410000,23.55,77.56,101.963
2026-05-25T12:25:30.6810000,23.55,77.55,101.962
2026-05-25T12:25:31.7220000,23.55,77.54,101.963
2026-05-25T12:25:32.7630000,23.55,77.52,101.962
2026-05-25T12:25:33.8140000,23.55,77.49,101.962
2026-05-25T12:25:34.8550000,23.55,77.52,101.962
2026-05-25T12:25:35.8960000,23.55,77.46,101.963
2026-05-25T12:25:36.9360000,23.55,77.51,101.962
2026-05-25T12:25:37.9770000,23.55,77.49,101.962
2026-05-25T12:25:39.0530000,23.55,77.46,101.962
2026-05-25T12:25:40.0730000,23.55,77.47,101.962
2026-05-25T12:25:41.1140000,23.55,77.46,101.962
2026-05-25T12:25:42.1540000,23.55,77.44,101.961
2026-05-25T12:25:43.1950000,23.55,77.44,101.962
2026-05-25T12:25:44.2360000,23.55,77.42,101.962
2026-05-25T12:25:45.2870000,23.55,77.43,101.963
2026-05-25T12:25:46.3280000,23.55,77.38,101.963
2026-05-25T12:25:47.3690000,23.55,77.41,101.963
2026-05-25T12:25:48.4100000,23.55,77.36,101.963
2026-05-25T12:25:49.4500000,23.55,77.36,101.963
2026-05-25T12:25:50.4910000,23.55,77.35,101.963
2026-05-25T12:25:51.5420000,23.55,77.38,101.963
2026-05-25T12:25:52.6250000,23.55,77.32,101.963
2026-05-25T12:25:53.6240000,23.55,77.35,101.963
2026-05-25T12:25:54.6650000,23.55,77.34,101.963
2026-05-25T12:25:55.7060000,23.55,77.34,101.963
2026-05-25T12:25:56.7570000,23.55,77.34,101.963
2026-05-25T12:25:57.7980000,23.55,77.33,101.963
2026-05-25T12:25:58.8380000,23.55,77.32,101.964
2026-05-25T12:25:59.8790000,23.55,77.32,101.964
2026-05-25T12:26:00.9200000,23.55,77.32,101.964
2026-05-25T12:26:01.9710000,23.56,77.29,101.964
2026-05-25T12:26:03.0120000,23.56,77.27,101.964
2026-05-25T12:26:04.0520000,23.55,77.29,101.964
2026-05-25T12:26:05.0930000,23.56,77.28,101.964
2026-05-25T12:26:06.1970000,23.55,77.28,101.964
2026-05-25T12:26:07.1850000,23.55,77.28,101.964
2026-05-25T12:26:08.2260000,23.56,77.26,101.964
2026-05-25T12:26:09.2670000,23.56,77.27,101.965
2026-05-25T12:26:10.3080000,23.56,77.25,101.964
2026-05-25T12:26:11.3480000,23.56,77.25,101.964
2026-05-25T12:26:12.4000000,23.56,77.26,101.964
2026-05-25T12:26:13.4400000,23.55,77.25,101.964
2026-05-25T12:26:14.4810000,23.56,77.23,101.964
2026-05-25T12:26:15.5220000,23.56,77.19,101.964
2026-05-25T12:26:16.5630000,23.55,77.25,101.964
2026-05-25T12:26:17.6140000,23.55,77.21,101.965
2026-05-25T12:26:18.6550000,23.55,77.19,101.965
2026-05-25T12:26:19.6950000,23.55,77.18,101.965
2026-05-25T12:26:20.7400000,23.55,77.16,101.965
2026-05-25T12:26:21.7810000,23.55,77.16,101.965
2026-05-25T12:26:22.8210000,23.55,77.16,101.965
2026-05-25T12:26:23.8620000,23.55,77.15,101.965
2026-05-25T12:26:24.9140000,23.55,77.13,101.965
2026-05-25T12:26:26.9950000,23.56,77.12,101.966
2026-05-25T12:26:28.0360000,23.56,77.12,101.966
2026-05-25T12:26:29.0770000,23.55,77.12,101.965
2026-05-25T12:26:30.1170000,23.55,77.1,101.965
2026-05-25T12:26:31.1690000,23.55,77.11,101.965
2026-05-25T12:26:32.2090000,23.55,77.11,101.965
2026-05-25T12:26:33.2500000,23.55,77.07,101.965
2026-05-25T12:26:34.3120000,23.55,77.08,101.964
2026-05-25T12:26:35.3420000,23.55,77.06,101.965
2026-05-25T12:26:36.3830000,23.55,77.06,101.964
2026-05-25T12:26:37.4230000,23.56,77.06,101.965
2026-05-25T12:26:38.4640000,23.55,77.04,101.964
2026-05-25T12:26:39.5050000,23.56,77.04,101.965
2026-05-25T12:26:40.5460000,23.56,77.04,101.965
2026-05-25T12:26:41.5970000,23.56,77.02,101.965
2026-05-25T12:26:42.6380000,23.56,77.03,101.965
2026-05-25T12:26:43.6790000,23.55,77.03,101.965
2026-05-25T12:26:44.7200000,23.56,77.02,101.965
2026-05-25T12:26:45.7600000,23.56,77.04,101.965
2026-05-25T12:26:46.8120000,23.56,77.02,101.965
2026-05-25T12:26:47.8840000,23.56,77.01,101.964
2026-05-25T12:26:48.8930000,23.56,77,101.965
2026-05-25T12:26:49.9340000,23.56,77,101.964
2026-05-25T12:26:50.9740000,23.56,77.01,101.964
2026-05-25T12:26:52.0260000,23.56,76.99,101.964
2026-05-25T12:26:53.0660000,23.56,76.99,101.964
2026-05-25T12:26:54.1070000,23.56,76.99,101.964
2026-05-25T12:26:55.1480000,23.56,76.99,101.964
2026-05-25T12:26:56.1890000,23.56,76.98,101.965
2026-05-25T12:26:57.2400000,23.56,76.95,101.965
2026-05-25T12:26:58.2810000,23.56,76.97,101.966
2026-05-25T12:26:59.3220000,23.56,76.97,101.965
2026-05-25T12:27:00.3620000,23.56,76.98,101.966
2026-05-25T12:27:01.4590000,23.56,76.97,101.965
2026-05-25T12:27:02.4470000,23.56,76.91,101.965
2026-05-25T12:27:03.4880000,23.56,76.91,101.966
2026-05-25T12:27:04.5390000,23.56,76.91,101.967
2026-05-25T12:27:05.5800000,23.56,76.91,101.967
2026-05-25T12:27:06.6210000,23.56,76.91,101.966
2026-05-25T12:27:07.6620000,23.56,76.91,101.966
2026-05-25T12:27:08.7030000,23.56,76.91,101.965
2026-05-25T12:27:09.7430000,23.56,76.91,101.965
2026-05-25T12:27:10.7950000,23.56,76.93,101.965
2026-05-25T12:27:11.8350000,23.56,76.92,101.965
2026-05-25T12:27:12.8760000,23.56,76.98,101.965
2026-05-25T12:27:13.9170000,23.56,76.96,101.964
2026-05-25T12:27:14.9570000,23.56,76.98,101.964
2026-05-25T12:27:16.0090000,23.56,76.93,101.965
2026-05-25T12:27:17.0500000,23.56,76.92,101.965
2026-05-25T12:27:18.0900000,23.56,76.91,101.965
2026-05-25T12:27:19.1310000,23.56,76.9,101.965
2026-05-25T12:27:20.1720000,23.56,76.9,101.966
2026-05-25T12:27:21.2230000,23.56,76.89,101.966
2026-05-25T12:27:22.2640000,23.56,76.89,101.965
2026-05-25T12:27:23.3050000,23.56,76.87,101.965
2026-05-25T12:27:24.3460000,23.56,76.87,101.965
2026-05-25T12:27:25.3870000,23.56,76.88,101.965
2026-05-25T12:27:26.4280000,23.56,76.84,101.966
2026-05-25T12:27:27.4790000,23.56,76.86,101.967
2026-05-25T12:27:28.5200000,23.56,76.8,101.967
2026-05-25T12:27:29.5740000,23.56,76.83,101.966
2026-05-25T12:27:30.6050000,23.56,76.78,101.966
2026-05-25T12:27:31.6460000,23.56,76.77,101.966
2026-05-25T12:27:32.6860000,23.56,76.76,101.966
2026-05-25T12:27:33.7270000,23.56,76.75,101.966
2026-05-25T12:27:34.7790000,23.56,76.74,101.967
2026-05-25T12:27:35.8190000,23.56,76.72,101.966
2026-05-25T12:27:36.8600000,23.56,76.74,101.967
2026-05-25T12:27:37.9010000,23.56,76.7,101.967
2026-05-25T12:27:38.9420000,23.56,76.69,101.967
2026-05-25T12:27:39.9830000,23.57,76.72,101.967
2026-05-25T12:27:41.0340000,23.56,76.7,101.967
2026-05-25T12:27:42.0740000,23.57,76.64,101.967
2026-05-25T12:27:43.1470000,23.57,76.67,101.967
2026-05-25T12:27:44.1560000,23.57,76.65,101.967
2026-05-25T12:27:45.1970000,23.57,76.62,101.967
2026-05-25T12:27:46.2480000,23.57,76.62,101.968
2026-05-25T12:27:47.2890000,23.57,76.62,101.968
2026-05-25T12:27:48.3300000,23.57,76.61,101.968
2026-05-25T12:27:49.3700000,23.57,76.6,101.969
2026-05-25T12:27:51.4520000,23.57,76.57,101.968
2026-05-25T12:27:52.5030000,23.57,76.57,101.967
2026-05-25T12:27:53.5440000,23.57,76.57,101.967
2026-05-25T12:27:54.5850000,23.57,76.58,101.967
2026-05-25T12:27:55.6260000,23.57,76.56,101.968
2026-05-25T12:27:56.7220000,23.57,76.49,101.969
2026-05-25T12:27:57.7110000,23.57,76.51,101.969
2026-05-25T12:27:58.7510000,23.57,76.49,101.968
2026-05-25T12:27:59.8030000,23.57,76.5,101.967
2026-05-25T12:28:00.8430000,23.57,76.47,101.967
2026-05-25T12:28:01.8840000,23.57,76.47,101.967
2026-05-25T12:28:02.9250000,23.57,76.46,101.967
2026-05-25T12:28:03.9650000,23.56,76.45,101.967
2026-05-25T12:28:05.0170000,23.56,76.45,101.966
2026-05-25T12:28:06.0570000,23.56,76.43,101.966
2026-05-25T12:28:07.0980000,23.56,76.4,101.966
2026-05-25T12:28:08.1390000,23.57,76.38,101.966
2026-05-25T12:28:09.1800000,23.57,76.39,101.966
2026-05-25T12:28:10.2940000,23.57,76.39,101.966
2026-05-25T12:28:11.2720000,23.57,76.37,101.966
2026-05-25T12:28:12.3130000,23.57,76.36,101.966
2026-05-25T12:28:13.3530000,23.57,76.36,101.966
2026-05-25T12:28:14.3940000,23.57,76.35,101.965
2026-05-25T12:28:15.4460000,23.57,76.33,101.965
2026-05-25T12:28:16.4860000,23.57,76.33,101.966
2026-05-25T12:28:17.5270000,23.57,76.29,101.966
2026-05-25T12:28:18.5680000,23.57,76.32,101.966
2026-05-25T12:28:19.6090000,23.57,76.33,101.966
2026-05-25T12:28:20.6500000,23.57,76.27,101.966
2026-05-25T12:28:21.7010000,23.57,76.31,101.966
2026-05-25T12:28:22.7410000,23.57,76.3,101.966
2026-05-25T12:28:23.7820000,23.57,76.29,101.966
2026-05-25T12:28:24.8370000,23.57,76.24,101.966
2026-05-25T12:28:25.8670000,23.57,76.24,101.967
2026-05-25T12:28:26.9080000,23.57,76.24,101.967
2026-05-25T12:28:27.9490000,23.57,76.23,101.967
2026-05-25T12:28:29.0000000,23.57,76.22,101.966
2026-05-25T12:28:30.0410000,23.57,76.22,101.967
2026-05-25T12:28:31.0820000,23.57,76.21,101.967
2026-05-25T12:28:32.1230000,23.57,76.2,101.966
2026-05-25T12:28:33.1640000,23.57,76.19,101.967
2026-05-25T12:28:34.2150000,23.57,76.2,101.967
2026-05-25T12:28:35.2560000,23.57,76.21,101.968
2026-05-25T12:28:36.2970000,23.57,76.22,101.968
2026-05-25T12:28:37.3370000,23.57,76.18,101.969
2026-05-25T12:28:38.4100000,23.57,76.19,101.968
2026-05-25T12:28:39.4300000,23.57,76.2,101.968
2026-05-25T12:28:40.4700000,23.57,76.19,101.969
2026-05-25T12:28:41.5110000,23.57,76.2,101.969
2026-05-25T12:28:42.5520000,23.57,76.18,101.969
2026-05-25T12:28:43.5930000,23.57,76.17,101.969
2026-05-25T12:28:44.6340000,23.57,76.17,101.969
2026-05-25T12:28:45.6850000,23.57,76.22,101.968
2026-05-25T12:28:46.7260000,23.57,76.15,101.968
2026-05-25T12:28:47.7660000,23.57,76.17,101.968
2026-05-25T12:28:48.8070000,23.57,76.17,101.968
2026-05-25T12:28:49.8480000,23.57,76.11,101.968
2026-05-25T12:28:50.8990000,23.57,76.13,101.968
2026-05-25T12:28:51.9850000,23.57,76.15,101.969
2026-05-25T12:28:52.9840000,23.57,76.15,101.969
2026-05-25T12:28:54.0250000,23.57,76.17,101.969
2026-05-25T12:28:55.0650000,23.57,76.15,101.969
2026-05-25T12:28:56.1060000,23.57,76.16,101.969
2026-05-25T12:28:57.1470000,23.57,76.15,101.969
2026-05-25T12:28:58.1980000,23.58,76.13,101.969
2026-05-25T12:28:59.2390000,23.57,76.13,101.969
2026-05-25T12:29:00.2800000,23.57,76.12,101.969
2026-05-25T12:29:01.3210000,23.58,76.13,101.97
2026-05-25T12:29:02.3610000,23.58,76.1,101.97
2026-05-25T12:29:03.4130000,23.58,76.09,101.969
2026-05-25T12:29:04.4530000,23.58,76.11,101.97
2026-05-25T12:29:05.5570000,23.58,76.09,101.97
2026-05-25T12:29:06.5350000,23.58,76.09,101.97
2026-05-25T12:29:07.5760000,23.58,76.11,101.97
2026-05-25T12:29:08.6160000,23.58,76.1,101.97
2026-05-25T12:29:09.6680000,23.58,76.11,101.97
2026-05-25T12:29:10.7080000,23.58,76.11,101.97
2026-05-25T12:29:11.7490000,23.58,76.13,101.97
2026-05-25T12:29:12.7900000,23.58,76.12,101.97
2026-05-25T12:29:13.8310000,23.58,76.16,101.971
2026-05-25T12:29:14.8820000,23.58,76.12,101.971
2026-05-25T12:29:16.9640000,23.58,76.18,101.971
2026-05-25T12:29:18.0050000,23.58,76.12,101.972
2026-05-25T12:29:19.0450000,23.58,76.17,101.972
2026-05-25T12:29:20.1000000,23.58,76.13,101.972
2026-05-25T12:29:21.1300000,23.58,76.15,101.972
2026-05-25T12:29:22.1820000,23.58,76.13,101.973
2026-05-25T12:29:23.2220000,23.58,76.12,101.972
2026-05-25T12:29:24.2630000,23.58,76.13,101.973
2026-05-25T12:29:25.3040000,23.58,76.12,101.973
2026-05-25T12:29:26.3450000,23.58,76.1,101.973
2026-05-25T12:29:27.3960000,23.58,76.1,101.972
2026-05-25T12:29:28.4370000,23.58,76.1,101.973
2026-05-25T12:29:29.4780000,23.58,76.09,101.973
2026-05-25T12:29:30.5180000,23.58,76.12,101.973
2026-05-25T12:29:31.5590000,23.58,76.1,101.973
2026-05-25T12:29:32.6100000,23.58,76.15,101.974
2026-05-25T12:29:33.6750000,23.58,76.16,101.974
2026-05-25T12:29:34.6950000,23.58,76.17,101.974
2026-05-25T12:29:35.7360000,23.58,76.18,101.974
2026-05-25T12:29:36.7770000,23.58,76.2,101.973
2026-05-25T12:29:37.8180000,23.59,76.23,101.974
2026-05-25T12:29:38.8590000,23.59,76.27,101.974
2026-05-25T12:29:39.8990000,23.59,76.27,101.974
2026-05-25T12:29:40.9510000,23.59,76.22,101.974
2026-05-25T12:29:41.9910000,23.59,76.3,101.974
2026-05-25T12:29:43.0320000,23.59,76.32,101.974
2026-05-25T12:29:44.0730000,23.59,76.31,101.974
2026-05-25T12:29:45.1140000,23.59,76.34,101.974
2026-05-25T12:29:46.1650000,23.59,76.38,101.974
2026-05-25T12:29:47.2480000,23.59,76.43,101.975
2026-05-25T12:29:48.2470000,23.59,76.44,101.975
2026-05-25T12:29:49.2870000,23.59,76.46,101.975
2026-05-25T12:29:50.3280000,23.59,76.47,101.974
2026-05-25T12:29:51.3790000,23.59,76.5,101.974
2026-05-25T12:29:52.4200000,23.59,76.52,101.974
2026-05-25T12:29:53.4610000,23.59,76.53,101.974
2026-05-25T12:29:54.5020000,23.59,76.58,101.973
2026-05-25T12:29:55.5430000,23.6,76.64,101.974
2026-05-25T12:29:56.5830000,23.6,76.69,101.974
2026-05-25T12:29:57.6340000,23.6,76.78,101.974
2026-05-25T12:29:58.6750000,23.6,76.82,101.974
2026-05-25T12:29:59.7160000,23.6,76.91,101.974
2026-05-25T12:30:00.8190000,23.6,77,101.973
2026-05-25T12:30:01.7970000,23.6,77.03,101.973
2026-05-25T12:30:02.8480000,23.6,77.07,101.973
2026-05-25T12:30:03.8890000,23.6,77.14,101.973
2026-05-25T12:30:04.9300000,23.6,77.21,101.972
2026-05-25T12:30:05.9710000,23.6,77.28,101.973
2026-05-25T12:30:07.0120000,23.61,77.32,101.974
2026-05-25T12:30:08.0630000,23.61,77.35,101.973
2026-05-25T12:30:09.1040000,23.61,77.38,101.974
2026-05-25T12:30:10.1440000,23.61,77.43,101.974
2026-05-25T12:30:11.1850000,23.61,77.45,101.974
2026-05-25T12:30:12.2260000,23.61,77.48,101.974
2026-05-25T12:30:13.2770000,23.61,77.54,101.974
2026-05-25T12:30:14.3180000,23.61,77.58,101.974
2026-05-25T12:30:15.3590000,23.61,77.71,101.973
2026-05-25T12:30:16.3990000,23.61,77.77,101.973
2026-05-25T12:30:17.4400000,23.61,77.81,101.972
2026-05-25T12:30:18.4920000,23.61,77.87,101.972
2026-05-25T12:30:19.5320000,23.61,77.92,101.972
2026-05-25T12:30:20.5730000,23.62,77.94,101.972
2026-05-25T12:30:21.6140000,23.62,77.98,101.972
2026-05-25T12:30:22.6540000,23.62,78.01,101.973
2026-05-25T12:30:23.6950000,23.62,78.07,101.972
2026-05-25T12:30:24.7460000,23.62,78.08,101.972
2026-05-25T12:30:25.7870000,23.62,78.13,101.972
2026-05-25T12:30:26.8280000,23.62,78.16,101.973
2026-05-25T12:30:27.8690000,23.62,78.16,101.973
2026-05-25T12:30:28.9340000,23.62,78.16,101.972
2026-05-25T12:30:29.9540000,23.62,78.18,101.973
2026-05-25T12:30:30.9950000,23.62,78.18,101.973
2026-05-25T12:30:32.0460000,23.61,78.19,101.972
2026-05-25T12:30:33.0870000,23.62,78.22,101.973
2026-05-25T12:30:34.1280000,23.62,78.25,101.973
2026-05-25T12:30:35.1680000,23.62,78.3,101.972
2026-05-25T12:30:36.2090000,23.62,78.43,101.973
2026-05-25T12:30:37.2600000,23.62,78.42,101.973
2026-05-25T12:30:38.3010000,23.62,78.47,101.973
2026-05-25T12:30:39.3420000,23.62,78.49,101.972
2026-05-25T12:30:40.3830000,23.62,78.54,101.972
2026-05-25T12:30:41.4240000,23.62,78.56,101.972
2026-05-25T12:30:42.5060000,23.62,78.6,101.973
2026-05-25T12:30:43.5160000,23.62,78.59,101.973
2026-05-25T12:30:44.5560000,23.62,78.63,101.973
2026-05-25T12:30:46.6380000,23.62,78.76,101.972
2026-05-25T12:30:47.6890000,23.62,78.83,101.972
2026-05-25T12:30:48.7300000,23.62,78.89,101.972
2026-05-25T12:30:49.7710000,23.62,78.98,101.972
2026-05-25T12:30:50.8120000,23.62,79.06,101.973
2026-05-25T12:30:51.8520000,23.62,79.12,101.973
2026-05-25T12:30:52.9040000,23.62,79.24,101.972
2026-05-25T12:30:53.9440000,23.62,79.34,101.972
2026-05-25T12:30:54.9850000,23.63,79.37,101.972
2026-05-25T12:30:57.0670000,23.63,79.6,101.973
2026-05-25T12:30:58.1080000,23.63,79.67,101.973
2026-05-25T12:30:59.1590000,23.63,79.76,101.973
2026-05-25T12:31:00.2000000,23.63,79.83,101.972
2026-05-25T12:31:01.2400000,23.63,79.9,101.972
2026-05-25T12:31:02.2810000,23.63,79.99,101.972
2026-05-25T12:31:03.3220000,23.63,80.06,101.972
2026-05-25T12:31:04.3730000,23.63,80.15,101.972
2026-05-25T12:31:05.4140000,23.63,80.23,101.973
2026-05-25T12:31:06.4550000,23.63,80.26,101.972
2026-05-25T12:31:07.4960000,23.63,80.32,101.972
2026-05-25T12:31:08.5360000,23.63,80.38,101.972
2026-05-25T12:31:10.6210000,23.63,80.49,101.972
2026-05-25T12:31:11.6720000,23.63,80.51,101.972
2026-05-25T12:31:12.7130000,23.63,80.58,101.972
2026-05-25T12:31:13.7540000,23.63,80.65,101.972
2026-05-25T12:31:14.7950000,23.63,80.7,101.972
2026-05-25T12:31:15.8360000,23.63,80.76,101.972
2026-05-25T12:31:16.8870000,23.63,80.81,101.972
2026-05-25T12:31:18.9680000,23.63,80.88,101.971
2026-05-25T12:31:20.0090000,23.63,80.93,101.972
2026-05-25T12:31:21.0500000,23.63,80.92,101.971
2026-05-25T12:31:23.1420000,23.63,80.98,101.971
2026-05-25T12:31:25.2240000,23.63,81.03,101.971
2026-05-25T12:31:26.2640000,23.63,81.06,101.972
2026-05-25T12:31:27.3050000,23.63,81.07,101.972
2026-05-25T12:31:28.3570000,23.63,81.09,101.972
2026-05-25T12:31:29.3980000,23.63,81.11,101.972
2026-05-25T12:31:30.4380000,23.63,81.14,101.972
2026-05-25T12:31:31.4790000,23.63,81.14,101.972
2026-05-25T12:31:32.5200000,23.63,81.18,101.972
2026-05-25T12:31:33.5600000,23.63,81.19,101.972
2026-05-25T12:31:34.6120000,23.63,81.23,101.972
2026-05-25T12:31:35.6530000,23.63,81.25,101.971
2026-05-25T12:31:36.6930000,23.63,81.24,101.972
2026-05-25T12:31:37.7690000,23.63,81.3,101.971
2026-05-25T12:31:38.7780000,23.63,81.33,101.972
2026-05-25T12:31:39.8190000,23.63,81.35,101.971
2026-05-25T12:31:41.9110000,23.63,81.41,101.972
2026-05-25T12:31:42.9520000,23.63,81.42,101.972
2026-05-25T12:31:43.9930000,23.63,81.45,101.971
2026-05-25T12:31:45.0330000,23.63,81.44,101.972
2026-05-25T12:31:46.0740000,23.63,81.46,101.972
2026-05-25T12:31:47.1250000,23.63,81.5,101.972
2026-05-25T12:31:48.1660000,23.63,81.53,101.971
2026-05-25T12:31:49.2070000,23.63,81.51,101.972
2026-05-25T12:31:50.2480000,23.63,81.51,101.971
2026-05-25T12:31:51.3410000,23.63,81.53,101.971
2026-05-25T12:31:52.3400000,23.63,81.55,101.971
2026-05-25T12:31:53.3810000,23.63,81.57,101.97
2026-05-25T12:31:54.4210000,23.63,81.58,101.97
2026-05-25T12:31:55.4620000,23.62,81.57,101.969
2026-05-25T12:31:56.5030000,23.62,81.57,101.969
2026-05-25T12:31:57.5430000,23.63,81.58,101.97
2026-05-25T12:31:58.5950000,23.62,81.57,101.97
2026-05-25T12:31:59.6360000,23.62,81.61,101.97
2026-05-25T12:32:00.6760000,23.63,81.58,101.97
2026-05-25T12:32:01.7170000,23.63,81.62,101.97
2026-05-25T12:32:02.7580000,23.63,81.67,101.97
2026-05-25T12:32:03.8090000,23.63,81.63,101.97
2026-05-25T12:32:04.9130000,23.62,81.67,101.97
2026-05-25T12:32:05.8900000,23.62,81.69,101.969
2026-05-25T12:32:06.9310000,23.62,81.7,101.969
2026-05-25T12:32:07.9720000,23.62,81.71,101.968
2026-05-25T12:32:09.0230000,23.62,81.72,101.968
2026-05-25T12:32:10.0640000,23.62,81.71,101.969
2026-05-25T12:32:11.1050000,23.62,81.71,101.969
2026-05-25T12:32:12.1460000,23.62,81.71,101.97
2026-05-25T12:32:13.1860000,23.62,81.69,101.969
2026-05-25T12:32:14.2270000,23.62,81.7,101.969
2026-05-25T12:32:15.2790000,23.62,81.69,101.97
2026-05-25T12:32:16.3190000,23.62,81.69,101.97
2026-05-25T12:32:17.3600000,23.62,81.72,101.97
2026-05-25T12:32:18.4010000,23.62,81.71,101.969
2026-05-25T12:32:19.4560000,23.62,81.75,101.97
2026-05-25T12:32:20.4860000,23.62,81.74,101.97
2026-05-25T12:32:21.5270000,23.62,81.74,101.969
2026-05-25T12:32:22.5780000,23.62,81.74,101.969
2026-05-25T12:32:23.6190000,23.62,81.74,101.97
2026-05-25T12:32:24.6600000,23.62,81.73,101.97
2026-05-25T12:32:25.7000000,23.62,81.75,101.971
2026-05-25T12:32:26.7410000,23.62,81.7,101.971
2026-05-25T12:32:27.7930000,23.62,81.75,101.972
2026-05-25T12:32:28.8330000,23.62,81.8,101.971
2026-05-25T12:32:29.8740000,23.62,81.8,101.971
2026-05-25T12:32:30.9150000,23.62,81.83,101.972
2026-05-25T12:32:31.9560000,23.62,81.78,101.971
2026-05-25T12:32:33.0280000,23.62,81.78,101.971
2026-05-25T12:32:34.0480000,23.62,81.81,101.97
2026-05-25T12:32:36.1290000,23.62,81.85,101.97
2026-05-25T12:32:37.1700000,23.62,81.85,101.969
2026-05-25T12:32:38.2110000,23.62,81.85,101.969
2026-05-25T12:32:39.2620000,23.62,81.85,101.97
2026-05-25T12:32:40.3030000,23.61,81.8,101.97
2026-05-25T12:32:41.3440000,23.61,81.85,101.97
2026-05-25T12:32:42.3840000,23.62,81.85,101.97
2026-05-25T12:32:43.4250000,23.62,81.85,101.97
2026-05-25T12:32:44.4760000,23.62,81.85,101.971
2026-05-25T12:32:45.5170000,23.61,81.81,101.971
2026-05-25T12:32:46.6040000,23.61,81.75,101.97
2026-05-25T12:32:47.6020000,23.61,81.74,101.97
2026-05-25T12:32:48.6430000,23.61,81.72,101.97
2026-05-25T12:32:49.6840000,23.61,81.72,101.97
2026-05-25T12:32:50.7250000,23.61,81.7,101.97
2026-05-25T12:32:51.7760000,23.61,81.68,101.969
2026-05-25T12:32:52.8170000,23.6,81.69,101.968
2026-05-25T12:32:53.8580000,23.6,81.62,101.968
2026-05-25T12:32:54.8990000,23.6,81.66,101.968
2026-05-25T12:32:55.9390000,23.61,81.67,101.968
2026-05-25T12:32:56.9800000,23.6,81.64,101.968
2026-05-25T12:32:58.0310000,23.6,81.62,101.968
2026-05-25T12:32:59.0720000,23.6,81.62,101.969
2026-05-25T12:33:00.1760000,23.6,81.6,101.969
2026-05-25T12:33:01.1540000,23.6,81.54,101.969
2026-05-25T12:33:02.1940000,23.6,81.53,101.969
2026-05-25T12:33:03.2460000,23.6,81.52,101.969
2026-05-25T12:33:04.2860000,23.6,81.51,101.969
2026-05-25T12:33:05.3270000,23.6,81.48,101.969
2026-05-25T12:33:06.3680000,23.6,81.47,101.97
2026-05-25T12:33:07.4080000,23.6,81.45,101.969
2026-05-25T12:33:08.4490000,23.6,81.48,101.969
2026-05-25T12:33:09.5000000,23.6,81.4,101.969
2026-05-25T12:33:10.5410000,23.6,81.37,101.97
2026-05-25T12:33:11.5820000,23.6,81.39,101.97
2026-05-25T12:33:12.6230000,23.6,81.31,101.97
2026-05-25T12:33:13.6630000,23.59,81.29,101.97
2026-05-25T12:33:14.7180000,23.59,81.28,101.97
2026-05-25T12:33:15.7590000,23.59,81.25,101.969
2026-05-25T12:33:16.8000000,23.59,81.23,101.969
2026-05-25T12:33:17.8410000,23.59,81.19,101.969
2026-05-25T12:33:18.8810000,23.59,81.17,101.969
2026-05-25T12:33:19.9220000,23.59,81.14,101.97
2026-05-25T12:33:20.9630000,23.59,81.13,101.969
2026-05-25T12:33:22.0140000,23.59,81.15,101.971
2026-05-25T12:33:23.0550000,23.59,81.09,101.971
2026-05-25T12:33:24.0950000,23.58,81.06,101.969
2026-05-25T12:33:25.1360000,23.58,81.05,101.969
2026-05-25T12:33:26.1770000,23.58,80.99,101.969
2026-05-25T12:33:27.2280000,23.58,80.99,101.969
2026-05-25T12:33:28.2940000,23.58,80.96,101.969
2026-05-25T12:33:29.3140000,23.58,80.94,101.97
2026-05-25T12:33:30.3540000,23.58,80.93,101.97
2026-05-25T12:33:31.3950000,23.58,80.89,101.97
2026-05-25T12:33:32.4360000,23.58,80.87,101.97
2026-05-25T12:33:33.4770000,23.58,80.87,101.971
2026-05-25T12:33:34.5180000,23.58,80.83,101.971
2026-05-25T12:33:35.5690000,23.58,80.84,101.97
2026-05-25T12:33:36.6100000,23.58,80.78,101.971
2026-05-25T12:33:37.6500000,23.58,80.75,101.97
2026-05-25T12:33:38.6910000,23.58,80.75,101.97
2026-05-25T12:33:39.7320000,23.58,80.72,101.97
2026-05-25T12:33:40.7830000,23.57,80.69,101.97
2026-05-25T12:33:41.8660000,23.57,80.7,101.97
2026-05-25T12:33:42.8650000,23.57,80.68,101.97
2026-05-25T12:33:43.9060000,23.57,80.67,101.971
2026-05-25T12:33:44.9470000,23.58,80.65,101.971
2026-05-25T12:33:45.9980000,23.57,80.64,101.97
2026-05-25T12:33:47.0390000,23.58,80.62,101.971
2026-05-25T12:33:48.0800000,23.57,80.58,101.97
2026-05-25T12:33:49.1210000,23.57,80.54,101.97
2026-05-25T12:33:50.1620000,23.57,80.55,101.97
2026-05-25T12:33:51.2020000,23.57,80.53,101.97
2026-05-25T12:33:52.2540000,23.57,80.47,101.97
2026-05-25T12:33:53.2940000,23.57,80.51,101.969
2026-05-25T12:33:54.3350000,23.57,80.47,101.97
2026-05-25T12:33:55.4390000,23.57,80.41,101.97
2026-05-25T12:33:56.4160000,23.57,80.4,101.971
2026-05-25T12:33:57.4670000,23.57,80.39,101.971
2026-05-25T12:33:58.5080000,23.57,80.37,101.971
2026-05-25T12:33:59.5490000,23.57,80.37,101.971
2026-05-25T12:34:00.5900000,23.57,80.34,101.971
2026-05-25T12:34:01.6310000,23.57,80.32,101.971
2026-05-25T12:34:02.6820000,23.57,80.31,101.971
2026-05-25T12:34:03.7230000,23.57,80.29,101.971
2026-05-25T12:34:04.7640000,23.57,80.25,101.971
2026-05-25T12:34:05.8050000,23.57,80.21,101.971
2026-05-25T12:34:06.8450000,23.57,80.24,101.971
2026-05-25T12:34:07.8970000,23.57,80.18,101.972
2026-05-25T12:34:08.9380000,23.57,80.17,101.972
2026-05-25T12:34:09.9820000,23.57,80.12,101.971
2026-05-25T12:34:11.0230000,23.57,80.13,101.971
2026-05-25T12:34:12.0630000,23.57,80.13,101.971
2026-05-25T12:34:13.1040000,23.57,80.11,101.972
2026-05-25T12:34:14.1450000,23.57,80.1,101.972
2026-05-25T12:34:15.1960000,23.57,80.07,101.972
2026-05-25T12:34:16.2370000,23.56,80.06,101.971
2026-05-25T12:34:17.2780000,23.56,80.03,101.971
2026-05-25T12:34:18.3180000,23.56,80.07,101.971
2026-05-25T12:34:19.3590000,23.56,80.04,101.971
2026-05-25T12:34:20.4100000,23.56,80,101.971
2026-05-25T12:34:21.4510000,23.57,80.01,101.971
2026-05-25T12:34:22.4920000,23.56,79.95,101.971
2026-05-25T12:34:23.5570000,23.56,79.98,101.97
2026-05-25T12:34:24.5770000,23.56,79.94,101.971
2026-05-25T12:34:25.6180000,23.56,79.9,101.971
2026-05-25T12:34:26.6590000,23.56,79.89,101.971
2026-05-25T12:34:27.6990000,23.56,79.88,101.971
2026-05-25T12:34:28.7510000,23.56,79.86,101.971
2026-05-25T12:34:29.7910000,23.56,79.84,101.971
2026-05-25T12:34:30.8320000,23.56,79.79,101.971
2026-05-25T12:34:31.8730000,23.56,79.78,101.971
2026-05-25T12:34:32.9140000,23.56,79.79,101.971
2026-05-25T12:34:33.9650000,23.56,79.74,101.972
2026-05-25T12:34:35.0060000,23.56,79.74,101.971
2026-05-25T12:34:36.0460000,23.56,79.7,101.972
2026-05-25T12:34:37.1290000,23.56,79.69,101.972
2026-05-25T12:34:38.1280000,23.56,79.68,101.972
2026-05-25T12:34:39.1690000,23.56,79.66,101.971
2026-05-25T12:34:40.2200000,23.56,79.65,101.972
2026-05-25T12:34:41.2610000,23.56,79.63,101.972
2026-05-25T12:34:42.3020000,23.56,79.63,101.972
2026-05-25T12:34:43.3420000,23.55,79.62,101.972
2026-05-25T12:34:44.3830000,23.55,79.6,101.972
2026-05-25T12:34:45.4340000,23.56,79.6,101.972
2026-05-25T12:34:46.4750000,23.56,79.56,101.973
2026-05-25T12:34:47.5160000,23.56,79.53,101.973
2026-05-25T12:34:48.5570000,23.56,79.55,101.973
2026-05-25T12:34:49.5980000,23.56,79.54,101.973
2026-05-25T12:34:50.7010000,23.56,79.5,101.972
2026-05-25T12:34:51.6900000,23.56,79.47,101.972
2026-05-25T12:34:52.7300000,23.55,79.45,101.972
2026-05-25T12:34:53.7710000,23.55,79.43,101.972
2026-05-25T12:34:54.8120000,23.55,79.42,101.972
2026-05-25T12:34:55.8630000,23.55,79.4,101.973
2026-05-25T12:34:56.9040000,23.55,79.38,101.973
2026-05-25T12:34:57.9450000,23.55,79.38,101.973
2026-05-25T12:34:58.9860000,23.55,79.36,101.972
2026-05-25T12:35:00.0260000,23.55,79.33,101.972
2026-05-25T12:35:01.0670000,23.55,79.35,101.972
2026-05-25T12:35:02.1180000,23.55,79.33,101.972
2026-05-25T12:35:03.1590000,23.55,79.26,101.972
2026-05-25T12:35:04.2000000,23.55,79.28,101.973
2026-05-25T12:35:05.2440000,23.55,79.26,101.972
2026-05-25T12:35:06.2850000,23.56,79.25,101.973
2026-05-25T12:35:07.3250000,23.56,79.25,101.973
2026-05-25T12:35:08.3660000,23.56,79.23,101.973
2026-05-25T12:35:09.4170000,23.55,79.24,101.972
2026-05-25T12:35:10.4580000,23.55,79.25,101.972
2026-05-25T12:35:11.4990000,23.56,79.22,101.973
2026-05-25T12:35:13.5810000,23.55,79.15,101.972
2026-05-25T12:35:14.6320000,23.55,79.17,101.972
2026-05-25T12:35:15.6730000,23.55,79.15,101.973
2026-05-25T12:35:16.7130000,23.55,79.15,101.972
2026-05-25T12:35:17.7540000,23.56,79.1,101.973
2026-05-25T12:35:18.8160000,23.55,79.14,101.972
2026-05-25T12:35:19.8360000,23.55,79.11,101.972
2026-05-25T12:35:20.8870000,23.55,79.11,101.972
2026-05-25T12:35:21.9280000,23.55,79.1,101.972
2026-05-25T12:35:22.9680000,23.55,79.11,101.972
2026-05-25T12:35:24.0090000,23.55,79.08,101.972
2026-05-25T12:35:25.0500000,23.55,79.06,101.972
2026-05-25T12:35:26.1010000,23.55,79.1,101.972
2026-05-25T12:35:27.1420000,23.55,79.03,101.973
2026-05-25T12:35:28.1820000,23.55,79.03,101.973
2026-05-25T12:35:29.2230000,23.55,78.98,101.973
2026-05-25T12:35:30.2640000,23.55,78.99,101.972
2026-05-25T12:35:31.3150000,23.55,79.02,101.972
2026-05-25T12:35:32.3870000,23.55,78.97,101.973
2026-05-25T12:35:33.3970000,23.55,78.95,101.974
2026-05-25T12:35:34.4370000,23.55,78.93,101.973
2026-05-25T12:35:35.4780000,23.55,78.92,101.973
2026-05-25T12:35:36.5190000,23.55,78.91,101.973
2026-05-25T12:35:37.5700000,23.55,78.91,101.973
2026-05-25T12:35:38.6110000,23.55,78.9,101.973
2026-05-25T12:35:39.6520000,23.55,78.95,101.972
2026-05-25T12:35:40.6930000,23.55,78.85,101.972
2026-05-25T12:35:41.7330000,23.55,78.88,101.973
2026-05-25T12:35:42.7850000,23.55,78.84,101.973
2026-05-25T12:35:43.8250000,23.55,78.83,101.973
2026-05-25T12:35:44.8660000,23.55,78.83,101.973
2026-05-25T12:35:45.9590000,23.55,78.78,101.973
2026-05-25T12:35:46.9480000,23.55,78.77,101.974
2026-05-25T12:35:47.9890000,23.55,78.77,101.974
2026-05-25T12:35:49.0400000,23.55,78.76,101.974
2026-05-25T12:35:50.0810000,23.55,78.75,101.974
2026-05-25T12:35:51.1220000,23.55,78.74,101.974
2026-05-25T12:35:52.1630000,23.55,78.73,101.974
2026-05-25T12:35:53.2030000,23.55,78.73,101.975
2026-05-25T12:35:54.2550000,23.55,78.75,101.974
2026-05-25T12:35:55.2950000,23.55,78.71,101.973
2026-05-25T12:35:56.3360000,23.55,78.71,101.974
2026-05-25T12:35:57.3770000,23.55,78.66,101.974
2026-05-25T12:35:58.4180000,23.55,78.72,101.974
2026-05-25T12:35:59.5290000,23.55,78.63,101.974
2026-05-25T12:36:00.5060000,23.55,78.64,101.974
2026-05-25T12:36:01.5470000,23.55,78.62,101.974
2026-05-25T12:36:02.5880000,23.55,78.62,101.974
2026-05-25T12:36:03.6390000,23.55,78.61,101.974
2026-05-25T12:36:04.6800000,23.55,78.6,101.974
2026-05-25T12:36:05.7210000,23.55,78.59,101.973
2026-05-25T12:36:06.7620000,23.54,78.57,101.973
2026-05-25T12:36:07.8030000,23.55,78.56,101.974
2026-05-25T12:36:08.8430000,23.55,78.52,101.974
2026-05-25T12:36:09.8950000,23.55,78.52,101.974
2026-05-25T12:36:10.9350000,23.55,78.51,101.974
2026-05-25T12:36:11.9760000,23.55,78.49,101.974
2026-05-25T12:36:13.0170000,23.55,78.48,101.974
2026-05-25T12:36:14.0720000,23.55,78.46,101.974
2026-05-25T12:36:15.1020000,23.55,78.44,101.973
2026-05-25T12:36:16.1430000,23.55,78.43,101.974
2026-05-25T12:36:17.1940000,23.55,78.41,101.975
2026-05-25T12:36:18.2350000,23.55,78.4,101.975
2026-05-25T12:36:19.2760000,23.55,78.38,101.976
2026-05-25T12:36:20.3170000,23.55,78.38,101.976
2026-05-25T12:36:21.3570000,23.55,78.36,101.975
2026-05-25T12:36:22.3980000,23.55,78.39,101.975
2026-05-25T12:36:23.4490000,23.55,78.35,101.975
2026-05-25T12:36:24.4900000,23.55,78.35,101.974
2026-05-25T12:36:25.5310000,23.55,78.34,101.975
2026-05-25T12:36:26.5720000,23.55,78.32,101.975
2026-05-25T12:36:27.6400000,23.55,78.29,101.975
2026-05-25T12:36:28.6600000,23.55,78.3,101.974
2026-05-25T12:36:29.7010000,23.55,78.3,101.974
2026-05-25T12:36:30.7420000,23.55,78.27,101.974
2026-05-25T12:36:31.7830000,23.55,78.26,101.974
2026-05-25T12:36:32.8340000,23.55,78.25,101.974
2026-05-25T12:36:33.8750000,23.55,78.25,101.974
2026-05-25T12:36:34.9160000,23.55,78.24,101.974
2026-05-25T12:36:35.9560000,23.55,78.25,101.975
2026-05-25T12:36:36.9970000,23.55,78.25,101.974
2026-05-25T12:36:38.0380000,23.55,78.21,101.974
2026-05-25T12:36:39.0890000,23.55,78.23,101.974
2026-05-25T12:36:40.1300000,23.54,78.2,101.973
2026-05-25T12:36:41.2120000,23.55,78.16,101.973
2026-05-25T12:36:42.2110000,23.55,78.17,101.973
2026-05-25T12:36:43.2520000,23.55,78.16,101.973
2026-05-25T12:36:44.3030000,23.54,78.14,101.973
2026-05-25T12:36:45.3440000,23.54,78.12,101.973
2026-05-25T12:36:46.3850000,23.54,78.12,101.973
2026-05-25T12:36:47.4260000,23.54,78.11,101.973
2026-05-25T12:36:48.4680000,23.54,78.14,101.972
2026-05-25T12:36:49.5090000,23.55,78.09,101.973
2026-05-25T12:36:50.5600000,23.55,78.11,101.973
2026-05-25T12:36:51.6010000,23.55,78.09,101.973
2026-05-25T12:36:52.6420000,23.55,78.09,101.973
2026-05-25T12:36:53.6820000,23.55,78.09,101.973
2026-05-25T12:36:54.7860000,23.54,78.08,101.971
2026-05-25T12:36:55.7640000,23.54,78.07,101.971
2026-05-25T12:36:56.8150000,23.54,78.06,101.972
2026-05-25T12:36:57.8560000,23.54,78.05,101.972
2026-05-25T12:36:58.8970000,23.54,78.04,101.972
2026-05-25T12:36:59.9370000,23.54,78.01,101.973
2026-05-25T12:37:00.9780000,23.54,78,101.972
2026-05-25T12:37:02.0290000,23.55,78,101.973
2026-05-25T12:37:03.0700000,23.54,78,101.972
2026-05-25T12:37:04.1110000,23.54,77.97,101.972
2026-05-25T12:37:05.1520000,23.54,77.95,101.973
2026-05-25T12:37:06.1930000,23.54,77.97,101.973
2026-05-25T12:37:07.2440000,23.54,77.91,101.974
2026-05-25T12:37:08.2850000,23.54,77.93,101.974
2026-05-25T12:37:09.3260000,23.54,77.94,101.973
2026-05-25T12:37:10.3670000,23.54,77.93,101.973
2026-05-25T12:37:11.4070000,23.54,77.93,101.974
2026-05-25T12:37:12.4480000,23.55,77.93,101.975
2026-05-25T12:37:13.4990000,23.55,77.91,101.976
2026-05-25T12:37:14.5400000,23.55,77.93,101.976
2026-05-25T12:37:15.5810000,23.55,77.91,101.976
2026-05-25T12:37:16.6220000,23.55,77.9,101.975
2026-05-25T12:37:17.6620000,23.55,77.9,101.975
2026-05-25T12:37:18.7140000,23.55,77.86,101.975
2026-05-25T12:37:19.7540000,23.55,77.83,101.975
2026-05-25T12:37:20.7950000,23.55,77.86,101.974
2026-05-25T12:37:21.8360000,23.55,77.9,101.974
2026-05-25T12:37:22.8980000,23.55,77.86,101.974
2026-05-25T12:37:23.9280000,23.55,77.82,101.974
2026-05-25T12:37:24.9690000,23.55,77.81,101.974
2026-05-25T12:37:26.0090000,23.55,77.81,101.974
2026-05-25T12:37:27.0500000,23.55,77.81,101.974
2026-05-25T12:37:28.0910000,23.55,77.78,101.974
2026-05-25T12:37:29.1320000,23.55,77.78,101.974
2026-05-25T12:37:30.1830000,23.55,77.73,101.974
2026-05-25T12:37:31.2240000,23.55,77.77,101.974
2026-05-25T12:37:32.2650000,23.55,77.74,101.974
2026-05-25T12:37:33.3050000,23.55,77.72,101.974
2026-05-25T12:37:34.3460000,23.55,77.74,101.974
2026-05-25T12:37:35.3970000,23.55,77.72,101.974
2026-05-25T12:37:36.4690000,23.55,77.7,101.973
2026-05-25T12:37:37.4790000,23.55,77.68,101.974
2026-05-25T12:37:38.5190000,23.55,77.68,101.974
2026-05-25T12:37:39.5600000,23.55,77.66,101.974
2026-05-25T12:37:40.6120000,23.55,77.66,101.975
2026-05-25T12:37:41.6520000,23.55,77.65,101.975
2026-05-25T12:37:42.6930000,23.55,77.64,101.974
2026-05-25T12:37:43.7340000,23.55,77.61,101.974
2026-05-25T12:37:44.7750000,23.55,77.61,101.974
2026-05-25T12:37:45.8150000,23.55,77.61,101.974
2026-05-25T12:37:46.8670000,23.55,77.58,101.974
2026-05-25T12:37:47.9070000,23.55,77.58,101.974
2026-05-25T12:37:48.9480000,23.55,77.58,101.974
2026-05-25T12:37:50.0410000,23.55,77.57,101.975
2026-05-25T12:37:51.0290000,23.55,77.55,101.975
2026-05-25T12:37:52.0800000,23.55,77.54,101.975
2026-05-25T12:37:53.1210000,23.55,77.53,101.975
2026-05-25T12:37:54.1620000,23.55,77.52,101.974
2026-05-25T12:37:55.2030000,23.55,77.51,101.975
2026-05-25T12:37:56.2440000,23.55,77.48,101.975
2026-05-25T12:37:57.2850000,23.55,77.47,101.974
2026-05-25T12:37:58.3360000,23.55,77.47,101.974
2026-05-25T12:37:59.3770000,23.55,77.45,101.973
2026-05-25T12:38:00.4180000,23.55,77.42,101.974
2026-05-25T12:38:01.4580000,23.55,77.42,101.973
2026-05-25T12:38:02.4990000,23.55,77.41,101.973
2026-05-25T12:38:03.6100000,23.55,77.4,101.973
2026-05-25T12:38:04.5880000,23.55,77.39,101.973
2026-05-25T12:38:05.6290000,23.55,77.39,101.973
2026-05-25T12:38:06.6690000,23.55,77.38,101.973
2026-05-25T12:38:07.7210000,23.55,77.33,101.973
2026-05-25T12:38:08.7610000,23.55,77.36,101.973
2026-05-25T12:38:09.8020000,23.55,77.36,101.973
2026-05-25T12:38:10.8430000,23.55,77.35,101.974
2026-05-25T12:38:11.8830000,23.55,77.35,101.973
2026-05-25T12:38:12.9350000,23.55,77.34,101.973
2026-05-25T12:38:13.9750000,23.55,77.36,101.973
2026-05-25T12:38:15.0160000,23.55,77.35,101.972
2026-05-25T12:38:16.0570000,23.55,77.35,101.973
2026-05-25T12:38:17.0980000,23.55,77.35,101.972
2026-05-25T12:38:18.1520000,23.55,77.33,101.972
2026-05-25T12:38:19.1830000,23.55,77.33,101.972
2026-05-25T12:38:20.2340000,23.55,77.31,101.972
2026-05-25T12:38:21.2750000,23.55,77.3,101.972
2026-05-25T12:38:22.3150000,23.55,77.29,101.972
2026-05-25T12:38:23.3560000,23.55,77.29,101.972
2026-05-25T12:38:24.3970000,23.55,77.28,101.973
2026-05-25T12:38:25.4480000,23.55,77.25,101.973
2026-05-25T12:38:26.4890000,23.55,77.28,101.973
2026-05-25T12:38:27.5300000,23.55,77.27,101.972
2026-05-25T12:38:28.5710000,23.55,77.25,101.973
2026-05-25T12:38:29.6110000,23.55,77.26,101.973
2026-05-25T12:38:30.6520000,23.55,77.19,101.974
2026-05-25T12:38:31.7210000,23.55,77.23,101.973
2026-05-25T12:38:32.7410000,23.55,77.22,101.973
2026-05-25T12:38:33.7810000,23.55,77.21,101.974
2026-05-25T12:38:34.8330000,23.55,77.2,101.973
2026-05-25T12:38:35.8730000,23.55,77.2,101.972
2026-05-25T12:38:36.9140000,23.55,77.2,101.973
2026-05-25T12:38:37.9550000,23.55,77.21,101.973
2026-05-25T12:38:38.9960000,23.55,77.24,101.973
2026-05-25T12:38:40.0470000,23.55,77.23,101.974
2026-05-25T12:38:41.0880000,23.55,77.19,101.973
2026-05-25T12:38:42.1290000,23.55,77.21,101.973
2026-05-25T12:38:43.1690000,23.55,77.18,101.974
2026-05-25T12:38:44.2100000,23.55,77.16,101.973
2026-05-25T12:38:45.2930000,23.55,77.15,101.973
2026-05-25T12:38:46.3020000,23.55,77.15,101.973
2026-05-25T12:38:47.3430000,23.55,77.14,101.973
2026-05-25T12:38:48.3840000,23.55,77.16,101.973
2026-05-25T12:38:49.4250000,23.55,77.14,101.972
2026-05-25T12:38:50.4650000,23.55,77.14,101.972
2026-05-25T12:38:51.5170000,23.55,77.14,101.972
2026-05-25T12:38:52.5580000,23.55,77.09,101.971
2026-05-25T12:38:53.5980000,23.55,77.12,101.971
2026-05-25T12:38:54.6390000,23.55,77.09,101.972
2026-05-25T12:38:55.6800000,23.55,77.08,101.971
2026-05-25T12:38:56.7210000,23.55,77.1,101.972
2026-05-25T12:38:57.7720000,23.55,77.09,101.971
2026-05-25T12:38:58.8650000,23.55,77.06,101.972
2026-05-25T12:38:59.8530000,23.55,77.07,101.972
2026-05-25T12:39:00.8940000,23.56,77.06,101.972
2026-05-25T12:39:01.9350000,23.56,77.07,101.971
2026-05-25T12:39:02.9860000,23.56,77.06,101.971
2026-05-25T12:39:04.0270000,23.55,77.05,101.971
2026-05-25T12:39:05.0680000,23.56,77.03,101.971
2026-05-25T12:39:06.1080000,23.56,77.04,101.972
2026-05-25T12:39:08.1900000,23.56,77.01,101.973
2026-05-25T12:39:09.2410000,23.56,77.02,101.972
2026-05-25T12:39:10.2820000,23.56,77.02,101.972
2026-05-25T12:39:11.3230000,23.55,77.02,101.972
2026-05-25T12:39:12.3640000,23.55,77.01,101.972
2026-05-25T12:39:13.4040000,23.55,76.98,101.971
2026-05-25T12:39:14.4560000,23.55,76.98,101.971
2026-05-25T12:39:15.4960000,23.55,76.97,101.971
2026-05-25T12:39:16.5370000,23.55,76.97,101.971
2026-05-25T12:39:17.5780000,23.56,76.95,101.971
2026-05-25T12:39:18.6190000,23.56,76.94,101.971
2026-05-25T12:39:19.6700000,23.56,76.93,101.971
2026-05-25T12:39:20.7110000,23.56,76.93,101.971
2026-05-25T12:39:21.7510000,23.56,76.93,101.971
2026-05-25T12:39:22.7920000,23.55,76.92,101.97
2026-05-25T12:39:23.8330000,23.56,76.9,101.97
2026-05-25T12:39:24.8840000,23.56,76.9,101.97
2026-05-25T12:39:25.9240000,23.56,76.87,101.97
2026-05-25T12:39:26.9760000,23.56,76.91,101.971
2026-05-25T12:39:29.0470000,23.56,76.89,101.971
2026-05-25T12:39:30.0980000,23.56,76.88,101.972
2026-05-25T12:39:31.1390000,23.56,76.86,101.971
2026-05-25T12:39:32.1800000,23.56,76.85,101.971
2026-05-25T12:39:33.2210000,23.56,76.85,101.971
2026-05-25T12:39:34.2610000,23.56,76.88,101.971
2026-05-25T12:39:35.3020000,23.56,76.85,101.971
2026-05-25T12:39:36.3540000,23.56,76.84,101.971
2026-05-25T12:39:37.3940000,23.56,76.81,101.971
2026-05-25T12:39:38.4360000,23.56,76.83,101.971
2026-05-25T12:39:39.4760000,23.56,76.83,101.97
2026-05-25T12:39:40.5450000,23.56,76.81,101.97
2026-05-25T12:39:41.5650000,23.56,76.82,101.97
2026-05-25T12:39:42.6060000,23.56,76.81,101.97
2026-05-25T12:39:43.6470000,23.56,76.8,101.97
2026-05-25T12:39:44.6870000,23.56,76.79,101.971
2026-05-25T12:39:45.7380000,23.56,76.79,101.971
2026-05-25T12:39:46.7790000,23.56,76.78,101.971
2026-05-25T12:39:47.8200000,23.56,76.79,101.971
2026-05-25T12:39:48.8610000,23.56,76.74,101.971
2026-05-25T12:39:49.9020000,23.56,76.76,101.971
2026-05-25T12:39:50.9530000,23.56,76.78,101.971
2026-05-25T12:39:51.9940000,23.56,76.76,101.971
2026-05-25T12:39:53.0350000,23.56,76.76,101.97
2026-05-25T12:39:54.1170000,23.56,76.72,101.971
2026-05-25T12:39:55.1160000,23.56,76.71,101.97
2026-05-25T12:39:56.1570000,23.56,76.69,101.97
2026-05-25T12:39:57.2080000,23.56,76.7,101.97
2026-05-25T12:39:58.2500000,23.56,76.68,101.97
2026-05-25T12:39:59.2900000,23.56,76.67,101.97
2026-05-25T12:40:00.3310000,23.56,76.67,101.969
2026-05-25T12:40:01.3720000,23.56,76.63,101.97
2026-05-25T12:40:02.4230000,23.56,76.66,101.97
2026-05-25T12:40:03.4640000,23.56,76.64,101.97
2026-05-25T12:40:04.5050000,23.56,76.65,101.97
2026-05-25T12:40:05.5460000,23.56,76.64,101.97
2026-05-25T12:40:06.5860000,23.56,76.66,101.971
2026-05-25T12:40:07.6900000,23.56,76.64,101.971
2026-05-25T12:40:08.6780000,23.56,76.62,101.97
2026-05-25T12:40:09.7190000,23.56,76.62,101.97
2026-05-25T12:40:10.7600000,23.56,76.6,101.969
2026-05-25T12:40:11.8010000,23.56,76.6,101.97
2026-05-25T12:40:12.8520000,23.56,76.59,101.97
2026-05-25T12:40:13.8920000,23.56,76.59,101.97
2026-05-25T12:40:14.9330000,23.56,76.58,101.97
2026-05-25T12:40:15.9740000,23.56,76.57,101.97
2026-05-25T12:40:17.0150000,23.56,76.58,101.97
2026-05-25T12:40:18.0660000,23.56,76.59,101.97
2026-05-25T12:40:19.1070000,23.56,76.6,101.969
2026-05-25T12:40:20.1470000,23.56,76.58,101.97
2026-05-25T12:40:21.1880000,23.56,76.56,101.97
2026-05-25T12:40:22.2290000,23.57,76.56,101.97
2026-05-25T12:40:23.2700000,23.57,76.52,101.97
2026-05-25T12:40:24.3210000,23.56,76.53,101.969
2026-05-25T12:40:25.3620000,23.57,76.52,101.969
2026-05-25T12:40:26.4030000,23.57,76.51,101.969
2026-05-25T12:40:27.4440000,23.57,76.48,101.969
2026-05-25T12:40:28.4850000,23.57,76.48,101.969
2026-05-25T12:40:29.5360000,23.57,76.45,101.969
2026-05-25T12:40:30.5770000,23.57,76.47,101.969
2026-05-25T12:40:31.6180000,23.57,76.47,101.969
2026-05-25T12:40:32.6580000,23.57,76.48,101.97
2026-05-25T12:40:33.6990000,23.57,76.45,101.97
2026-05-25T12:40:34.7500000,23.57,76.44,101.97
2026-05-25T12:40:35.8010000,23.57,76.39,101.97
2026-05-25T12:40:36.8320000,23.57,76.4,101.969
2026-05-25T12:40:37.8730000,23.57,76.4,101.969
2026-05-25T12:40:38.9130000,23.57,76.39,101.969
2026-05-25T12:40:39.9540000,23.57,76.38,101.969
2026-05-25T12:40:41.0050000,23.57,76.37,101.97
2026-05-25T12:40:42.0460000,23.57,76.37,101.971
2026-05-25T12:40:43.0870000,23.57,76.33,101.971
2026-05-25T12:40:44.1280000,23.57,76.36,101.97
2026-05-25T12:40:45.1690000,23.57,76.35,101.97
2026-05-25T12:40:46.2200000,23.57,76.34,101.97
2026-05-25T12:40:47.2610000,23.57,76.34,101.97
2026-05-25T12:40:48.3020000,23.57,76.31,101.97
2026-05-25T12:40:49.3740000,23.57,76.32,101.97
2026-05-25T12:40:50.3830000,23.57,76.32,101.97
2026-05-25T12:40:51.4350000,23.57,76.33,101.969
2026-05-25T12:40:52.4750000,23.57,76.33,101.97
2026-05-25T12:40:53.5160000,23.57,76.31,101.97
2026-05-25T12:40:54.5570000,23.57,76.31,101.97
2026-05-25T12:40:55.5980000,23.57,76.31,101.971
2026-05-25T12:40:56.6380000,23.57,76.32,101.971
2026-05-25T12:40:57.6890000,23.57,76.27,101.971
2026-05-25T12:40:58.7300000,23.57,76.23,101.971
2026-05-25T12:40:59.7710000,23.57,76.31,101.971
2026-05-25T12:41:01.8520000,23.57,76.27,101.971
2026-05-25T12:41:02.9460000,23.57,76.24,101.97
2026-05-25T12:41:03.9450000,23.57,76.24,101.971
2026-05-25T12:41:04.9850000,23.57,76.23,101.971
2026-05-25T12:41:06.0260000,23.57,76.22,101.97
2026-05-25T12:41:07.0670000,23.57,76.2,101.97
2026-05-25T12:41:08.1190000,23.57,76.2,101.97
2026-05-25T12:41:09.1590000,23.57,76.19,101.97
2026-05-25T12:41:10.2000000,23.57,76.21,101.97
2026-05-25T12:41:11.2410000,23.57,76.18,101.969
2026-05-25T12:41:12.2820000,23.57,76.19,101.969
2026-05-25T12:41:13.3230000,23.57,76.15,101.969
2026-05-25T12:41:14.3740000,23.57,76.17,101.97
2026-05-25T12:41:15.4150000,23.57,76.15,101.97
2026-05-25T12:41:16.5190000,23.57,76.1,101.97
2026-05-25T12:41:17.4960000,23.57,76.13,101.97
2026-05-25T12:41:18.5380000,23.57,76.13,101.969
2026-05-25T12:41:19.5890000,23.57,76.1,101.969
2026-05-25T12:41:20.6300000,23.58,76.11,101.97
2026-05-25T12:41:21.6700000,23.57,76.1,101.97
2026-05-25T12:41:22.7110000,23.57,76.1,101.97
2026-05-25T12:41:23.7520000,23.57,76.1,101.97
2026-05-25T12:41:24.7930000,23.57,76.06,101.97
2026-05-25T12:41:25.8440000,23.57,76.12,101.969
2026-05-25T12:41:26.8850000,23.57,76.08,101.969
2026-05-25T12:41:28.9660000,23.58,76.07,101.969
2026-05-25T12:41:30.0070000,23.58,76.02,101.969
2026-05-25T12:41:31.0580000,23.58,76.04,101.97
2026-05-25T12:41:32.0990000,23.58,76.02,101.969
2026-05-25T12:41:33.1400000,23.58,76.02,101.97
2026-05-25T12:41:34.1810000,23.58,76.02,101.97
2026-05-25T12:41:35.2220000,23.58,76.02,101.97
2026-05-25T12:41:36.2620000,23.58,76,101.97
2026-05-25T12:41:37.3140000,23.58,76,101.97
2026-05-25T12:41:38.3550000,23.58,76.04,101.97
2026-05-25T12:41:39.3960000,23.58,75.98,101.97
2026-05-25T12:41:40.4370000,23.58,75.99,101.97
2026-05-25T12:41:41.4770000,23.58,75.98,101.97
2026-05-25T12:41:42.5180000,23.58,76,101.969
2026-05-25T12:41:43.5690000,23.58,75.98,101.969
2026-05-25T12:41:44.6310000,23.58,76.03,101.969
2026-05-25T12:41:45.6510000,23.58,76.02,101.969
2026-05-25T12:41:46.6910000,23.58,76.02,101.969
2026-05-25T12:41:47.7320000,23.58,76.04,101.969
2026-05-25T12:41:48.7830000,23.58,76.03,101.969
2026-05-25T12:41:49.8240000,23.58,76.02,101.969
2026-05-25T12:41:50.8650000,23.58,76.02,101.969
2026-05-25T12:41:51.9060000,23.58,75.97,101.969
2026-05-25T12:41:52.9470000,23.58,75.99,101.969
2026-05-25T12:41:53.9980000,23.58,76.02,101.969
2026-05-25T12:41:55.0390000,23.58,75.99,101.97
2026-05-25T12:41:56.0800000,23.58,76,101.969
2026-05-25T12:41:57.1200000,23.58,75.98,101.969
2026-05-25T12:41:58.2060000,23.58,75.98,101.97
2026-05-25T12:41:59.2050000,23.58,76,101.97
2026-05-25T12:42:00.2460000,23.58,75.98,101.97
2026-05-25T12:42:01.2870000,23.58,75.97,101.97
2026-05-25T12:42:02.3380000,23.58,75.97,101.969
2026-05-25T12:42:03.3790000,23.58,75.97,101.97
2026-05-25T12:42:04.4200000,23.58,75.96,101.97
2026-05-25T12:42:05.4600000,23.58,75.97,101.969
2026-05-25T12:42:06.5010000,23.58,75.96,101.969
2026-05-25T12:42:07.5520000,23.58,75.95,101.969
2026-05-25T12:42:08.5940000,23.58,75.94,101.969
2026-05-25T12:42:09.6340000,23.58,75.97,101.97
2026-05-25T12:42:10.6750000,23.58,75.98,101.97
2026-05-25T12:42:11.7790000,23.59,76,101.971
2026-05-25T12:42:12.7670000,23.59,76,101.97
2026-05-25T12:42:13.8080000,23.59,76,101.97
2026-05-25T12:42:14.8490000,23.58,75.98,101.969
2026-05-25T12:42:15.8890000,23.58,75.98,101.969
2026-05-25T12:42:16.9300000,23.58,75.98,101.969
2026-05-25T12:42:17.9710000,23.58,75.98,101.968
2026-05-25T12:42:19.0220000,23.59,76,101.968
2026-05-25T12:42:20.0630000,23.59,76.02,101.968
2026-05-25T12:42:21.1040000,23.59,76,101.968
2026-05-25T12:42:22.1450000,23.59,76.03,101.968
2026-05-25T12:42:23.1860000,23.59,76.04,101.968
2026-05-25T12:42:24.2370000,23.59,76.05,101.968
2026-05-25T12:42:25.2780000,23.59,76.08,101.968
2026-05-25T12:42:26.3220000,23.59,76.14,101.968
2026-05-25T12:42:27.3630000,23.6,76.17,101.968
2026-05-25T12:42:28.4040000,23.6,76.19,101.968
2026-05-25T12:42:29.4440000,23.6,76.22,101.968
2026-05-25T12:42:30.4850000,23.6,76.26,101.967
2026-05-25T12:42:31.5360000,23.6,76.29,101.967
2026-05-25T12:42:32.5770000,23.6,76.33,101.967
2026-05-25T12:42:33.6180000,23.6,76.34,101.968
2026-05-25T12:42:34.6590000,23.6,76.37,101.968
2026-05-25T12:42:35.6990000,23.6,76.41,101.968
2026-05-25T12:42:36.7400000,23.6,76.46,101.968
2026-05-25T12:42:37.7910000,23.6,76.53,101.969
2026-05-25T12:42:38.8320000,23.6,76.58,101.968
2026-05-25T12:42:39.8940000,23.6,76.66,101.968
2026-05-25T12:42:40.9140000,23.61,76.75,101.967
2026-05-25T12:42:41.9550000,23.61,76.8,101.967
2026-05-25T12:42:43.0060000,23.6,76.83,101.967
2026-05-25T12:42:44.0470000,23.61,76.88,101.967
2026-05-25T12:42:45.0880000,23.61,76.94,101.967
2026-05-25T12:42:46.1290000,23.61,77.01,101.966
2026-05-25T12:42:47.1690000,23.61,77.07,101.967
2026-05-25T12:42:48.2100000,23.61,77.16,101.967
2026-05-25T12:42:49.2620000,23.61,77.19,101.967
2026-05-25T12:42:50.3020000,23.61,77.26,101.967
2026-05-25T12:42:51.3430000,23.62,77.27,101.968
2026-05-25T12:42:52.3840000,23.62,77.41,101.967
2026-05-25T12:42:53.4660000,23.62,77.53,101.967
2026-05-25T12:42:54.4650000,23.62,77.62,101.967
2026-05-25T12:42:55.5160000,23.62,77.67,101.967
2026-05-25T12:42:56.5570000,23.62,77.74,101.967
2026-05-25T12:42:57.5980000,23.62,77.81,101.967
2026-05-25T12:42:58.6390000,23.63,77.89,101.967
2026-05-25T12:42:59.6790000,23.63,77.96,101.966
2026-05-25T12:43:00.7310000,23.63,78.03,101.966
2026-05-25T12:43:01.7710000,23.63,78.14,101.966
2026-05-25T12:43:02.8120000,23.63,78.17,101.966
2026-05-25T12:43:03.8530000,23.63,78.22,101.965
2026-05-25T12:43:04.8940000,23.63,78.22,101.965
2026-05-25T12:43:05.9350000,23.63,78.27,101.964
2026-05-25T12:43:07.0380000,23.63,78.35,101.965
2026-05-25T12:43:08.0270000,23.63,78.38,101.964
2026-05-25T12:43:09.0680000,23.63,78.41,101.965
2026-05-25T12:43:10.1080000,23.63,78.45,101.965
2026-05-25T12:43:11.1490000,23.63,78.47,101.965
2026-05-25T12:43:12.1900000,23.63,78.53,101.965
2026-05-25T12:43:13.2410000,23.63,78.55,101.965
2026-05-25T12:43:14.2820000,23.63,78.56,101.965
2026-05-25T12:43:15.3230000,23.63,78.56,101.964
2026-05-25T12:43:16.3640000,23.63,78.54,101.964
2026-05-25T12:43:17.4050000,23.62,78.56,101.965
2026-05-25T12:43:18.4560000,23.62,78.6,101.965
2026-05-25T12:43:19.4970000,23.63,78.62,101.965
2026-05-25T12:43:20.5380000,23.63,78.65,101.965
2026-05-25T12:43:21.5780000,23.63,78.73,101.964
2026-05-25T12:43:22.6190000,23.63,78.79,101.965
2026-05-25T12:43:23.6600000,23.63,78.84,101.964
2026-05-25T12:43:24.7110000,23.63,78.9,101.964
2026-05-25T12:43:25.7520000,23.63,78.96,101.963
2026-05-25T12:43:26.7930000,23.63,79.01,101.963
2026-05-25T12:43:27.8330000,23.63,79.06,101.963
2026-05-25T12:43:28.8740000,23.63,79.1,101.963
2026-05-25T12:43:29.9250000,23.63,79.14,101.963
2026-05-25T12:43:30.9660000,23.63,79.2,101.963
2026-05-25T12:43:32.0070000,23.63,79.26,101.963
2026-05-25T12:43:33.0480000,23.63,79.27,101.964
2026-05-25T12:43:34.0890000,23.63,79.34,101.963
2026-05-25T12:43:35.1540000,23.63,79.44,101.963
2026-05-25T12:43:36.1740000,23.63,79.5,101.963
2026-05-25T12:43:37.2150000,23.63,79.56,101.963
2026-05-25T12:43:38.2660000,23.63,79.62,101.963
2026-05-25T12:43:39.3070000,23.63,79.66,101.963
2026-05-25T12:43:40.3470000,23.63,79.72,101.963
2026-05-25T12:43:41.3880000,23.63,79.78,101.962
2026-05-25T12:43:42.4290000,23.64,79.91,101.962
2026-05-25T12:43:43.4800000,23.64,79.91,101.962
2026-05-25T12:43:44.5210000,23.64,79.99,101.963
2026-05-25T12:43:45.5620000,23.64,80.05,101.963
2026-05-25T12:43:46.6030000,23.64,80.15,101.963
2026-05-25T12:43:47.6440000,23.64,80.14,101.963
2026-05-25T12:43:48.7270000,23.64,80.24,101.963
2026-05-25T12:43:49.7360000,23.64,80.28,101.963
2026-05-25T12:43:50.7770000,23.64,80.32,101.963
2026-05-25T12:43:51.8170000,23.64,80.36,101.963
2026-05-25T12:43:52.8580000,23.63,80.39,101.962
2026-05-25T12:43:53.8990000,23.63,80.45,101.962
2026-05-25T12:43:54.9400000,23.63,80.51,101.962
2026-05-25T12:43:55.9910000,23.63,80.57,101.962
2026-05-25T12:43:57.0320000,23.63,80.59,101.962
2026-05-25T12:43:58.0720000,23.63,80.65,101.962
2026-05-25T12:43:59.1130000,23.63,80.69,101.962
2026-05-25T12:44:00.1540000,23.63,80.75,101.962
2026-05-25T12:44:01.2050000,23.64,80.78,101.962
2026-05-25T12:44:02.2980000,23.63,80.88,101.961
2026-05-25T12:44:03.2870000,23.63,80.92,101.961
2026-05-25T12:44:04.3270000,23.64,80.95,101.961
2026-05-25T12:44:05.3680000,23.64,80.98,101.961
2026-05-25T12:44:06.4090000,23.64,81.02,101.961
2026-05-25T12:44:07.4600000,23.63,81.03,101.961
2026-05-25T12:44:08.5010000,23.63,81.04,101.961
2026-05-25T12:44:09.5420000,23.63,81.04,101.961
2026-05-25T12:44:10.5830000,23.63,81.06,101.96
2026-05-25T12:44:11.6230000,23.63,81.07,101.96
2026-05-25T12:44:12.6750000,23.63,81.06,101.96
2026-05-25T12:44:13.7150000,23.63,81.07,101.961
2026-05-25T12:44:14.7560000,23.63,81.08,101.962
2026-05-25T12:44:15.7970000,23.63,81.09,101.961
2026-05-25T12:44:16.8410000,23.63,81.1,101.961
2026-05-25T12:44:17.8820000,23.63,81.14,101.96
2026-05-25T12:44:19.9640000,23.63,81.16,101.96
2026-05-25T12:44:21.0150000,23.63,81.18,101.959
2026-05-25T12:44:23.0960000,23.63,81.19,101.958
2026-05-25T12:44:24.1370000,23.62,81.19,101.958
2026-05-25T12:44:25.1780000,23.62,81.2,101.959
2026-05-25T12:44:26.2190000,23.62,81.21,101.959
2026-05-25T12:44:27.2700000,23.62,81.22,101.958
2026-05-25T12:44:28.3110000,23.63,81.24,101.958
2026-05-25T12:44:29.3520000,23.63,81.27,101.959
2026-05-25T12:44:30.4100000,23.63,81.36,101.96
2026-05-25T12:44:31.4400000,23.63,81.37,101.96
2026-05-25T12:44:32.4810000,23.63,81.41,101.96
2026-05-25T12:44:33.5220000,23.63,81.42,101.96
2026-05-25T12:44:34.5620000,23.63,81.43,101.961
2026-05-25T12:44:35.6030000,23.63,81.45,101.96
2026-05-25T12:44:36.6550000,23.63,81.45,101.96
2026-05-25T12:44:37.6950000,23.63,81.42,101.96
2026-05-25T12:44:38.7360000,23.63,81.48,101.96
2026-05-25T12:44:39.7770000,23.63,81.47,101.959
2026-05-25T12:44:40.8180000,23.63,81.47,101.959
2026-05-25T12:44:41.8690000,23.63,81.5,101.959
2026-05-25T12:44:42.9100000,23.63,81.48,101.959
2026-05-25T12:44:43.9850000,23.63,81.56,101.958
2026-05-25T12:44:44.9950000,23.63,81.55,101.958
2026-05-25T12:44:46.0360000,23.63,81.54,101.959
2026-05-25T12:44:47.0760000,23.63,81.54,101.959
2026-05-25T12:44:48.1170000,23.63,81.54,101.959
2026-05-25T12:44:49.1580000,23.63,81.56,101.959
2026-05-25T12:44:50.2090000,23.63,81.58,101.958
2026-05-25T12:44:51.2500000,23.63,81.54,101.958
2026-05-25T12:44:52.2910000,23.63,81.67,101.958
2026-05-25T12:44:53.3310000,23.63,81.62,101.958
2026-05-25T12:44:54.3720000,23.63,81.62,101.958
2026-05-25T12:44:55.4230000,23.63,81.6,101.958
2026-05-25T12:44:56.4640000,23.63,81.62,101.958
2026-05-25T12:44:57.5570000,23.63,81.59,101.959
2026-05-25T12:44:58.5460000,23.63,81.61,101.959
2026-05-25T12:44:59.5860000,23.63,81.61,101.959
2026-05-25T12:45:00.6270000,23.63,81.62,101.958
2026-05-25T12:45:01.6780000,23.63,81.62,101.958
2026-05-25T12:45:02.7190000,23.63,81.62,101.958
2026-05-25T12:45:03.7600000,23.63,81.63,101.958
2026-05-25T12:45:04.8010000,23.63,81.63,101.958
2026-05-25T12:45:05.8420000,23.62,81.64,101.958
2026-05-25T12:45:06.8820000,23.62,81.64,101.958
2026-05-25T12:45:07.9340000,23.63,81.67,101.959
2026-05-25T12:45:08.9750000,23.63,81.61,101.958
2026-05-25T12:45:10.0150000,23.63,81.64,101.959
2026-05-25T12:45:11.0560000,23.63,81.66,101.959
2026-05-25T12:45:12.0970000,23.62,81.62,101.957
2026-05-25T12:45:13.1480000,23.62,81.61,101.957
2026-05-25T12:45:14.1890000,23.62,81.63,101.957
2026-05-25T12:45:15.2290000,23.62,81.63,101.958
2026-05-25T12:45:16.2700000,23.62,81.64,101.959
2026-05-25T12:45:17.3110000,23.62,81.65,101.959
2026-05-25T12:45:18.3520000,23.62,81.65,101.958
2026-05-25T12:45:19.4030000,23.62,81.6,101.958
2026-05-25T12:45:20.4440000,23.62,81.64,101.959
2026-05-25T12:45:21.4840000,23.62,81.64,101.959
2026-05-25T12:45:22.5250000,23.62,81.67,101.958
2026-05-25T12:45:23.5660000,23.62,81.71,101.958
2026-05-25T12:45:24.6170000,23.62,81.75,101.957
2026-05-25T12:45:25.6720000,23.63,81.73,101.958
2026-05-25T12:45:26.7020000,23.63,81.74,101.958
2026-05-25T12:45:27.7430000,23.63,81.72,101.958
2026-05-25T12:45:28.7840000,23.63,81.72,101.958
2026-05-25T12:45:29.8240000,23.62,81.71,101.958
2026-05-25T12:45:30.8650000,23.62,81.71,101.958
2026-05-25T12:45:31.9160000,23.62,81.7,101.957
2026-05-25T12:45:32.9570000,23.62,81.69,101.958
2026-05-25T12:45:33.9980000,23.62,81.67,101.957
2026-05-25T12:45:35.0390000,23.62,81.7,101.957
2026-05-25T12:45:36.0800000,23.62,81.68,101.957
2026-05-25T12:45:37.1200000,23.62,81.67,101.956
2026-05-25T12:45:38.1720000,23.62,81.67,101.957
2026-05-25T12:45:39.2440000,23.61,81.64,101.956
2026-05-25T12:45:40.2530000,23.61,81.64,101.955
2026-05-25T12:45:41.2940000,23.61,81.64,101.956
2026-05-25T12:45:42.3340000,23.61,81.62,101.955
2026-05-25T12:45:43.3860000,23.61,81.6,101.955
2026-05-25T12:45:44.4270000,23.61,81.58,101.954
2026-05-25T12:45:45.4670000,23.61,81.55,101.955
2026-05-25T12:45:46.5080000,23.61,81.53,101.954
2026-05-25T12:45:47.5490000,23.61,81.53,101.955
2026-05-25T12:45:48.5900000,23.61,81.52,101.955
2026-05-25T12:45:49.6410000,23.61,81.52,101.955
2026-05-25T12:45:50.6820000,23.61,81.53,101.955
2026-05-25T12:45:51.7220000,23.61,81.51,101.955
2026-05-25T12:45:52.8160000,23.6,81.5,101.956
2026-05-25T12:45:53.8040000,23.6,81.45,101.956
2026-05-25T12:45:54.8550000,23.6,81.42,101.956
2026-05-25T12:45:55.8960000,23.6,81.41,101.956
2026-05-25T12:45:56.9370000,23.6,81.39,101.956
2026-05-25T12:45:59.0190000,23.6,81.34,101.956
2026-05-25T12:46:00.0590000,23.6,81.33,101.956
2026-05-25T12:46:01.1110000,23.6,81.34,101.955
2026-05-25T12:46:02.1510000,23.6,81.3,101.955
2026-05-25T12:46:03.1920000,23.6,81.28,101.956
2026-05-25T12:46:04.2330000,23.6,81.28,101.955
2026-05-25T12:46:05.2740000,23.6,81.26,101.956
2026-05-25T12:46:06.3880000,23.6,81.2,101.955
2026-05-25T12:46:07.3650000,23.59,81.2,101.954
2026-05-25T12:46:08.4060000,23.59,81.18,101.954
2026-05-25T12:46:09.4470000,23.59,81.16,101.955
2026-05-25T12:46:10.4880000,23.59,81.16,101.955
2026-05-25T12:46:11.5280000,23.59,81.13,101.954
2026-05-25T12:46:12.5800000,23.59,81.13,101.955
2026-05-25T12:46:13.6210000,23.59,81.11,101.955
2026-05-25T12:46:14.6610000,23.59,81.07,101.955
2026-05-25T12:46:15.7020000,23.59,81.07,101.954
2026-05-25T12:46:16.7430000,23.59,81.04,101.955
2026-05-25T12:46:17.7840000,23.59,81,101.954
2026-05-25T12:46:18.8350000,23.59,80.97,101.954
2026-05-25T12:46:19.8760000,23.59,80.97,101.954
2026-05-25T12:46:20.9310000,23.59,80.9,101.954
2026-05-25T12:46:21.9610000,23.59,80.86,101.954
2026-05-25T12:46:23.0020000,23.58,80.83,101.953
2026-05-25T12:46:24.0430000,23.58,80.8,101.954
2026-05-25T12:46:25.0830000,23.58,80.79,101.954
2026-05-25T12:46:26.1240000,23.58,80.77,101.955
2026-05-25T12:46:27.1750000,23.58,80.75,101.955
2026-05-25T12:46:28.2160000,23.58,80.74,101.954
2026-05-25T12:46:29.2570000,23.58,80.71,101.953
2026-05-25T12:46:30.2970000,23.58,80.68,101.953
2026-05-25T12:46:31.3380000,23.58,80.66,101.953
2026-05-25T12:46:32.3900000,23.58,80.67,101.953
2026-05-25T12:46:33.4300000,23.58,80.65,101.953
2026-05-25T12:46:34.5020000,23.58,80.58,101.953
2026-05-25T12:46:35.5120000,23.58,80.58,101.954
2026-05-25T12:46:36.5520000,23.58,80.55,101.954
2026-05-25T12:46:37.6040000,23.58,80.54,101.954
2026-05-25T12:46:38.6450000,23.58,80.52,101.954
2026-05-25T12:46:39.6850000,23.58,80.49,101.954
2026-05-25T12:46:40.7260000,23.58,80.48,101.953
2026-05-25T12:46:41.7670000,23.58,80.5,101.953
2026-05-25T12:46:42.8080000,23.57,80.43,101.953
2026-05-25T12:46:43.8590000,23.57,80.39,101.952
2026-05-25T12:46:44.9000000,23.57,80.41,101.952
2026-05-25T12:46:45.9400000,23.57,80.36,101.953
2026-05-25T12:46:46.9810000,23.57,80.31,101.953
2026-05-25T12:46:48.0740000,23.57,80.31,101.953
2026-05-25T12:46:49.0730000,23.57,80.27,101.952
2026-05-25T12:46:50.1140000,23.57,80.25,101.952
2026-05-25T12:46:51.1540000,23.57,80.23,101.952
2026-05-25T12:46:52.1950000,23.57,80.2,101.952
2026-05-25T12:46:53.2360000,23.57,80.17,101.952
2026-05-25T12:46:54.2870000,23.57,80.18,101.952
2026-05-25T12:46:55.3280000,23.57,80.16,101.952
2026-05-25T12:46:56.3680000,23.57,80.13,101.952
2026-05-25T12:46:57.4090000,23.57,80.11,101.953
2026-05-25T12:46:58.4500000,23.57,80.12,101.953
2026-05-25T12:46:59.5010000,23.57,80.12,101.953
2026-05-25T12:47:00.5420000,23.57,80.06,101.953
2026-05-25T12:47:01.6490000,23.57,80.05,101.954
2026-05-25T12:47:02.6270000,23.57,80.01,101.953
2026-05-25T12:47:03.6680000,23.57,80.02,101.953
2026-05-25T12:47:04.7090000,23.57,79.99,101.953
2026-05-25T12:47:05.7490000,23.57,79.99,101.952
2026-05-25T12:47:06.7900000,23.57,79.95,101.953
2026-05-25T12:47:07.8410000,23.57,79.94,101.953
2026-05-25T12:47:08.8830000,23.56,79.93,101.952
2026-05-25T12:47:09.9230000,23.56,79.9,101.952
2026-05-25T12:47:10.9640000,23.56,79.94,101.953
2026-05-25T12:47:12.0050000,23.57,79.9,101.953
2026-05-25T12:47:13.0560000,23.56,79.86,101.953
2026-05-25T12:47:14.0970000,23.56,79.86,101.953
2026-05-25T12:47:15.1370000,23.56,79.84,101.954
2026-05-25T12:47:16.1890000,23.57,79.84,101.954
2026-05-25T12:47:17.2190000,23.57,79.85,101.954
2026-05-25T12:47:18.2600000,23.57,79.85,101.954
2026-05-25T12:47:19.3110000,23.56,79.84,101.953
2026-05-25T12:47:20.3520000,23.56,79.84,101.952
2026-05-25T12:47:21.3930000,23.56,79.84,101.952
2026-05-25T12:47:22.4330000,23.57,79.81,101.952
2026-05-25T12:47:23.4740000,23.57,79.85,101.952
2026-05-25T12:47:24.5250000,23.57,79.78,101.952
2026-05-25T12:47:25.5660000,23.56,79.76,101.952
2026-05-25T12:47:26.6070000,23.56,79.75,101.952
2026-05-25T12:47:27.6480000,23.56,79.74,101.952
2026-05-25T12:47:28.6890000,23.56,79.73,101.952
2026-05-25T12:47:29.7640000,23.56,79.73,101.952
2026-05-25T12:47:30.7740000,23.56,79.68,101.951
2026-05-25T12:47:31.8250000,23.56,79.66,101.951
2026-05-25T12:47:32.8660000,23.56,79.65,101.951
2026-05-25T12:47:33.9070000,23.56,79.65,101.952
2026-05-25T12:47:34.9470000,23.56,79.63,101.952
2026-05-25T12:47:35.9880000,23.56,79.62,101.952
2026-05-25T12:47:37.0290000,23.56,79.58,101.953
2026-05-25T12:47:38.0800000,23.56,79.67,101.953
2026-05-25T12:47:39.1210000,23.56,79.63,101.952
2026-05-25T12:47:40.1610000,23.56,79.63,101.952
2026-05-25T12:47:41.2020000,23.56,79.65,101.952
2026-05-25T12:47:42.2430000,23.56,79.55,101.952
2026-05-25T12:47:43.3360000,23.56,79.58,101.952
2026-05-25T12:47:44.3350000,23.56,79.54,101.951
2026-05-25T12:47:45.3760000,23.56,79.52,101.951
2026-05-25T12:47:46.4160000,23.56,79.51,101.951
2026-05-25T12:47:47.4570000,23.56,79.5,101.951
2026-05-25T12:47:48.4980000,23.56,79.48,101.951
2026-05-25T12:47:49.5490000,23.56,79.47,101.951
2026-05-25T12:47:50.5900000,23.56,79.43,101.951
2026-05-25T12:47:51.6310000,23.56,79.45,101.951
2026-05-25T12:47:52.6720000,23.56,79.43,101.951
2026-05-25T12:47:53.7130000,23.56,79.43,101.951
2026-05-25T12:47:54.7640000,23.56,79.4,101.951
2026-05-25T12:47:55.8050000,23.56,79.38,101.951
2026-05-25T12:47:56.9080000,23.56,79.38,101.952
2026-05-25T12:47:57.8870000,23.56,79.35,101.952
2026-05-25T12:47:58.9290000,23.56,79.35,101.951
2026-05-25T12:47:59.9700000,23.56,79.33,101.951
2026-05-25T12:48:01.0110000,23.56,79.32,101.951
2026-05-25T12:48:02.0620000,23.56,79.3,101.951
2026-05-25T12:48:03.1030000,23.56,79.3,101.95
2026-05-25T12:48:04.1440000,23.56,79.32,101.95
2026-05-25T12:48:05.1850000,23.56,79.28,101.951
2026-05-25T12:48:06.2250000,23.56,79.27,101.951
2026-05-25T12:48:07.2660000,23.56,79.25,101.951
2026-05-25T12:48:08.3170000,23.56,79.22,101.951
2026-05-25T12:48:09.3580000,23.56,79.25,101.951
2026-05-25T12:48:10.3990000,23.56,79.24,101.951
2026-05-25T12:48:11.4470000,23.56,79.21,101.951
2026-05-25T12:48:12.4880000,23.56,79.17,101.951
2026-05-25T12:48:13.5280000,23.56,79.16,101.95
2026-05-25T12:48:14.5690000,23.56,79.15,101.951
2026-05-25T12:48:15.6100000,23.56,79.14,101.951
2026-05-25T12:48:16.6510000,23.56,79.13,101.951
2026-05-25T12:48:17.7020000,23.56,79.12,101.951
2026-05-25T12:48:18.7430000,23.56,79.1,101.95
2026-05-25T12:48:19.7840000,23.56,79.09,101.95
2026-05-25T12:48:20.8250000,23.56,79.1,101.951
2026-05-25T12:48:21.8660000,23.56,79.11,101.951
2026-05-25T12:48:22.9070000,23.56,79.08,101.95
2026-05-25T12:48:23.9580000,23.56,79.08,101.95
2026-05-25T12:48:25.0190000,23.56,79.02,101.95
2026-05-25T12:48:26.0390000,23.56,79.03,101.95
2026-05-25T12:48:27.0800000,23.56,79.02,101.951
2026-05-25T12:48:28.1210000,23.56,78.96,101.951
2026-05-25T12:48:29.1610000,23.56,78.99,101.951
2026-05-25T12:48:30.2130000,23.56,78.99,101.952
2026-05-25T12:48:31.2530000,23.56,78.98,101.951
2026-05-25T12:48:32.2940000,23.56,78.94,101.952
2026-05-25T12:48:33.3350000,23.56,78.94,101.952
2026-05-25T12:48:34.3760000,23.56,78.91,101.952
2026-05-25T12:48:35.4270000,23.56,78.93,101.953
2026-05-25T12:48:36.4680000,23.56,78.94,101.953
2026-05-25T12:48:37.5090000,23.56,78.91,101.952
2026-05-25T12:48:38.5920000,23.56,78.88,101.951
2026-05-25T12:48:39.5900000,23.55,78.85,101.95
2026-05-25T12:48:40.6310000,23.55,78.86,101.95
2026-05-25T12:48:41.6820000,23.55,78.85,101.95
2026-05-25T12:48:42.7230000,23.55,78.83,101.95
2026-05-25T12:48:43.7640000,23.55,78.83,101.95
2026-05-25T12:48:44.8050000,23.55,78.82,101.95
2026-05-25T12:48:45.8460000,23.56,78.8,101.951
2026-05-25T12:48:46.8860000,23.55,78.75,101.95
2026-05-25T12:48:47.9370000,23.55,78.78,101.95
2026-05-25T12:48:48.9780000,23.55,78.8,101.949
2026-05-25T12:48:50.0190000,23.55,78.75,101.949
2026-05-25T12:48:51.0600000,23.55,78.77,101.949
2026-05-25T12:48:52.1670000,23.55,78.74,101.949
2026-05-25T12:48:53.1450000,23.55,78.72,101.95
2026-05-25T12:48:54.1850000,23.55,78.7,101.95
2026-05-25T12:48:55.2370000,23.55,78.68,101.95
2026-05-25T12:48:56.2770000,23.55,78.69,101.95
2026-05-25T12:48:57.3180000,23.55,78.66,101.949
2026-05-25T12:48:58.3590000,23.55,78.65,101.949
2026-05-25T12:48:59.4000000,23.55,78.65,101.949
2026-05-25T12:49:00.4410000,23.55,78.64,101.948
2026-05-25T12:49:01.4920000,23.55,78.63,101.947
2026-05-25T12:49:02.5330000,23.55,78.63,101.948
2026-05-25T12:49:03.5740000,23.55,78.62,101.948
2026-05-25T12:49:04.6140000,23.55,78.6,101.948
2026-05-25T12:49:05.6550000,23.55,78.62,101.948
2026-05-25T12:49:06.7060000,23.55,78.59,101.947
2026-05-25T12:49:07.7470000,23.55,78.57,101.948
2026-05-25T12:49:08.7880000,23.55,78.55,101.948
2026-05-25T12:49:09.8290000,23.55,78.55,101.948
2026-05-25T12:49:10.8700000,23.55,78.55,101.948
2026-05-25T12:49:11.9100000,23.55,78.53,101.948
2026-05-25T12:49:12.9620000,23.55,78.5,101.949
2026-05-25T12:49:14.0020000,23.55,78.5,101.949
2026-05-25T12:49:15.0430000,23.55,78.43,101.949
2026-05-25T12:49:16.0840000,23.55,78.47,101.949
2026-05-25T12:49:17.1250000,23.55,78.5,101.949
2026-05-25T12:49:18.1760000,23.55,78.45,101.949
2026-05-25T12:49:19.2170000,23.55,78.43,101.949
2026-05-25T12:49:20.2820000,23.55,78.49,101.949
2026-05-25T12:49:21.3020000,23.55,78.45,101.948
2026-05-25T12:49:22.3430000,23.55,78.44,101.948
2026-05-25T12:49:23.3830000,23.55,78.44,101.949
2026-05-25T12:49:24.4240000,23.55,78.43,101.949
2026-05-25T12:49:25.4650000,23.55,78.42,101.949
2026-05-25T12:49:26.5160000,23.55,78.41,101.949
2026-05-25T12:49:27.5570000,23.55,78.46,101.949
2026-05-25T12:49:28.5980000,23.55,78.4,101.948
2026-05-25T12:49:29.6380000,23.55,78.39,101.948
2026-05-25T12:49:30.6790000,23.55,78.35,101.948
2026-05-25T12:49:31.7300000,23.55,78.38,101.948
2026-05-25T12:49:32.7710000,23.55,78.36,101.949
2026-05-25T12:49:33.8540000,23.55,78.31,101.949
2026-05-25T12:49:34.8520000,23.55,78.32,101.948
2026-05-25T12:49:35.8930000,23.55,78.31,101.948
2026-05-25T12:49:36.9440000,23.55,78.31,101.949
2026-05-25T12:49:37.9850000,23.55,78.29,101.948
2026-05-25T12:49:39.0260000,23.55,78.27,101.948
2026-05-25T12:49:40.0670000,23.55,78.26,101.948
2026-05-25T12:49:41.1070000,23.55,78.26,101.948
2026-05-25T12:49:42.1480000,23.55,78.25,101.949
2026-05-25T12:49:43.1990000,23.55,78.23,101.949
2026-05-25T12:49:44.2400000,23.55,78.23,101.948
2026-05-25T12:49:45.2810000,23.55,78.19,101.948
2026-05-25T12:49:46.3220000,23.55,78.2,101.948
2026-05-25T12:49:47.4290000,23.55,78.19,101.948
2026-05-25T12:49:48.4070000,23.55,78.19,101.948
2026-05-25T12:49:49.4470000,23.55,78.18,101.948
2026-05-25T12:49:50.4990000,23.55,78.16,101.949
2026-05-25T12:49:51.5390000,23.55,78.14,101.948
2026-05-25T12:49:53.6210000,23.55,78.12,101.948
2026-05-25T12:49:54.6620000,23.55,78.11,101.947
2026-05-25T12:49:55.7030000,23.55,78.12,101.947
2026-05-25T12:49:56.7540000,23.55,78.07,101.947
2026-05-25T12:49:57.7950000,23.55,78.08,101.947
2026-05-25T12:49:58.8350000,23.55,78.08,101.946
2026-05-25T12:49:59.8760000,23.55,78.1,101.946
2026-05-25T12:50:00.9170000,23.55,78.07,101.947
2026-05-25T12:50:01.9720000,23.55,78.06,101.947
2026-05-25T12:50:03.0020000,23.55,78.06,101.947
2026-05-25T12:50:04.0530000,23.55,78.05,101.947
2026-05-25T12:50:05.0940000,23.55,78.04,101.947
2026-05-25T12:50:06.1350000,23.55,78.04,101.947
2026-05-25T12:50:07.1750000,23.55,78.05,101.947
2026-05-25T12:50:08.2160000,23.55,78.04,101.947
2026-05-25T12:50:09.2570000,23.55,78.04,101.947
2026-05-25T12:50:10.3080000,23.55,78.01,101.946
2026-05-25T12:50:11.3490000,23.55,78.03,101.946
2026-05-25T12:50:12.3900000,23.55,78,101.947
2026-05-25T12:50:13.4300000,23.55,78.03,101.946
2026-05-25T12:50:14.4710000,23.55,77.99,101.946
2026-05-25T12:50:15.5430000,23.55,77.97,101.946
2026-05-25T12:50:16.5630000,23.55,77.96,101.947
2026-05-25T12:50:17.6040000,23.55,77.94,101.947
2026-05-25T12:50:18.6450000,23.55,77.93,101.947
2026-05-25T12:50:19.6860000,23.55,77.92,101.947
2026-05-25T12:50:20.7260000,23.55,77.91,101.947
2026-05-25T12:50:21.7770000,23.55,77.9,101.947
2026-05-25T12:50:22.8180000,23.55,77.85,101.947
2026-05-25T12:50:23.8590000,23.55,77.88,101.946
2026-05-25T12:50:24.9000000,23.55,77.86,101.946
2026-05-25T12:50:25.9400000,23.55,77.85,101.945
2026-05-25T12:50:26.9810000,23.55,77.8,101.946
2026-05-25T12:50:28.0320000,23.55,77.85,101.946
2026-05-25T12:50:29.1190000,23.55,77.8,101.946
2026-05-25T12:50:30.1170000,23.55,77.8,101.946
2026-05-25T12:50:31.1580000,23.55,77.81,101.946
2026-05-25T12:50:32.1990000,23.55,77.78,101.945
2026-05-25T12:50:33.2400000,23.55,77.78,101.946
2026-05-25T12:50:34.2810000,23.55,77.75,101.946
2026-05-25T12:50:35.3320000,23.55,77.75,101.947
2026-05-25T12:50:36.3730000,23.55,77.79,101.946
2026-05-25T12:50:37.4130000,23.55,77.72,101.947
2026-05-25T12:50:38.4540000,23.55,77.73,101.946
2026-05-25T12:50:39.4950000,23.55,77.68,101.946
2026-05-25T12:50:40.5360000,23.55,77.72,101.946
2026-05-25T12:50:41.5870000,23.55,77.72,101.946
2026-05-25T12:50:42.6910000,23.55,77.72,101.946
2026-05-25T12:50:43.6680000,23.55,77.7,101.946
2026-05-25T12:50:44.7090000,23.55,77.7,101.947
2026-05-25T12:50:45.7500000,23.55,77.7,101.947
2026-05-25T12:50:46.8010000,23.55,77.68,101.947
2026-05-25T12:50:47.8420000,23.55,77.67,101.946
2026-05-25T12:50:48.8830000,23.55,77.65,101.946
2026-05-25T12:50:49.9230000,23.55,77.65,101.946
2026-05-25T12:50:50.9640000,23.55,77.62,101.947
2026-05-25T12:50:52.0050000,23.55,77.62,101.947
2026-05-25T12:50:53.0560000,23.55,77.64,101.948
2026-05-25T12:50:54.0970000,23.55,77.59,101.948
2026-05-25T12:50:55.1380000,23.55,77.56,101.948
2026-05-25T12:50:56.1790000,23.55,77.6,101.948
2026-05-25T12:50:57.2300000,23.55,77.57,101.947
2026-05-25T12:50:58.2600000,23.55,77.59,101.947
2026-05-25T12:50:59.3120000,23.55,77.56,101.946
2026-05-25T12:51:00.3520000,23.55,77.55,101.946
2026-05-25T12:51:01.3930000,23.55,77.56,101.946
2026-05-25T12:51:02.4340000,23.55,77.56,101.945
2026-05-25T12:51:03.4750000,23.55,77.55,101.946
2026-05-25T12:51:04.5260000,23.55,77.53,101.946
2026-05-25T12:51:05.5670000,23.55,77.53,101.946
2026-05-25T12:51:06.6080000,23.55,77.54,101.946
2026-05-25T12:51:07.6480000,23.56,77.54,101.946
2026-05-25T12:51:08.6900000,23.56,77.52,101.946
2026-05-25T12:51:09.7300000,23.56,77.47,101.946
2026-05-25T12:51:10.8020000,23.55,77.5,101.946
2026-05-25T12:51:11.8220000,23.55,77.5,101.945
2026-05-25T12:51:12.8630000,23.55,77.48,101.944
2026-05-25T12:51:13.9040000,23.55,77.47,101.943
2026-05-25T12:51:14.9450000,23.55,77.47,101.943
2026-05-25T12:51:15.9850000,23.55,77.46,101.944
2026-05-25T12:51:17.0360000,23.55,77.47,101.944
2026-05-25T12:51:19.1180000,23.55,77.46,101.944
2026-05-25T12:51:20.1590000,23.55,77.44,101.944
2026-05-25T12:51:21.2000000,23.55,77.45,101.944
2026-05-25T12:51:22.2400000,23.55,77.41,101.944
2026-05-25T12:51:23.2920000,23.55,77.43,101.944
2026-05-25T12:51:24.3740000,23.55,77.37,101.944
2026-05-25T12:51:25.3730000,23.55,77.4,101.943
2026-05-25T12:51:26.4140000,23.55,77.38,101.943
2026-05-25T12:51:27.4550000,23.55,77.39,101.943
2026-05-25T12:51:28.5060000,23.55,77.37,101.943
2026-05-25T12:51:29.5460000,23.55,77.35,101.942
2026-05-25T12:51:30.5870000,23.55,77.34,101.943
2026-05-25T12:51:31.6280000,23.55,77.35,101.943
2026-05-25T12:51:32.6680000,23.55,77.32,101.944
2026-05-25T12:51:33.7090000,23.55,77.32,101.944
2026-05-25T12:51:34.7600000,23.55,77.31,101.943
2026-05-25T12:51:35.8010000,23.56,77.29,101.944
2026-05-25T12:51:36.8420000,23.55,77.28,101.943
2026-05-25T12:51:37.9460000,23.56,77.28,101.944
2026-05-25T12:51:38.9240000,23.56,77.27,101.944
2026-05-25T12:51:39.9750000,23.56,77.26,101.944
2026-05-25T12:51:41.0160000,23.56,77.25,101.944
2026-05-25T12:51:42.0570000,23.56,77.25,101.944
2026-05-25T12:51:43.0980000,23.56,77.23,101.943
2026-05-25T12:51:44.1380000,23.56,77.21,101.943
2026-05-25T12:51:45.1790000,23.55,77.2,101.942
2026-05-25T12:51:46.2300000,23.56,77.2,101.943
2026-05-25T12:51:47.2710000,23.56,77.21,101.943
2026-05-25T12:51:48.3120000,23.56,77.19,101.943
2026-05-25T12:51:49.3530000,23.56,77.18,101.942
2026-05-25T12:51:50.3940000,23.56,77.17,101.942
2026-05-25T12:51:51.4350000,23.56,77.16,101.943
2026-05-25T12:51:52.4860000,23.56,77.15,101.944
2026-05-25T12:51:53.5270000,23.56,77.15,101.943
2026-05-25T12:51:54.5670000,23.56,77.13,101.942
2026-05-25T12:51:55.6080000,23.56,77.15,101.942
2026-05-25T12:51:56.6490000,23.56,77.12,101.942
2026-05-25T12:51:57.7000000,23.56,77.11,101.942
2026-05-25T12:51:58.7410000,23.56,77.11,101.943
2026-05-25T12:51:59.7820000,23.56,77.06,101.942
2026-05-25T12:52:00.8230000,23.56,77.12,101.943
2026-05-25T12:52:01.8630000,23.56,77.06,101.944
2026-05-25T12:52:02.9140000,23.56,77.11,101.943
2026-05-25T12:52:03.9550000,23.56,77.12,101.943
2026-05-25T12:52:04.9960000,23.56,77.05,101.943
2026-05-25T12:52:06.0580000,23.56,77.07,101.943
2026-05-25T12:52:07.0780000,23.56,77.05,101.943
2026-05-25T12:52:08.1180000,23.56,77.04,101.943
2026-05-25T12:52:09.1700000,23.56,77.04,101.943
2026-05-25T12:52:10.2100000,23.56,77.03,101.942
2026-05-25T12:52:11.2510000,23.56,77.05,101.941
2026-05-25T12:52:12.2920000,23.56,77.03,101.941
2026-05-25T12:52:13.3330000,23.56,77.08,101.941
2026-05-25T12:52:14.3840000,23.56,77.02,101.941
2026-05-25T12:52:15.4250000,23.56,77.01,101.941
2026-05-25T12:52:16.4650000,23.56,77.01,101.94
2026-05-25T12:52:17.5060000,23.56,76.99,101.94
2026-05-25T12:52:18.5470000,23.56,76.98,101.941
2026-05-25T12:52:19.6290000,23.56,77.02,101.941
2026-05-25T12:52:20.6390000,23.56,77,101.941
2026-05-25T12:52:21.6790000,23.56,77,101.941
2026-05-25T12:52:22.7200000,23.56,76.99,101.94
2026-05-25T12:52:23.7610000,23.56,76.99,101.94
2026-05-25T12:52:24.8020000,23.56,77,101.941
2026-05-25T12:52:25.8530000,23.56,76.99,101.941
2026-05-25T12:52:26.8940000,23.56,76.95,101.941
2026-05-25T12:52:27.9340000,23.56,76.97,101.942
2026-05-25T12:52:28.9760000,23.56,76.95,101.942
2026-05-25T12:52:30.0160000,23.56,76.93,101.941
2026-05-25T12:52:31.0570000,23.56,76.97,101.94
2026-05-25T12:52:32.1080000,23.56,76.92,101.941
2026-05-25T12:52:33.2020000,23.56,76.89,101.942
2026-05-25T12:52:34.1900000,23.56,76.9,101.942
2026-05-25T12:52:35.2310000,23.56,76.9,101.942
2026-05-25T12:52:36.2720000,23.56,76.88,101.942
2026-05-25T12:52:37.3120000,23.56,76.86,101.941
2026-05-25T12:52:38.3640000,23.56,76.86,101.941
2026-05-25T12:52:39.4040000,23.56,76.86,101.942
2026-05-25T12:52:40.4450000,23.56,76.85,101.943
2026-05-25T12:52:41.4860000,23.56,76.82,101.942
2026-05-25T12:52:42.5270000,23.56,76.83,101.942
2026-05-25T12:52:43.5780000,23.56,76.83,101.942
2026-05-25T12:52:44.6180000,23.56,76.78,101.941
2026-05-25T12:52:45.6590000,23.56,76.78,101.941
2026-05-25T12:52:46.7000000,23.56,76.83,101.94
2026-05-25T12:52:47.7440000,23.56,76.8,101.941
2026-05-25T12:52:48.7850000,23.56,76.8,101.941
2026-05-25T12:52:49.8260000,23.56,76.8,101.941
2026-05-25T12:52:50.8770000,23.56,76.79,101.94
2026-05-25T12:52:51.9180000,23.56,76.78,101.94
2026-05-25T12:52:52.9590000,23.56,76.77,101.94
2026-05-25T12:52:53.9990000,23.56,76.75,101.941
2026-05-25T12:52:55.0400000,23.56,76.74,101.941
2026-05-25T12:52:56.0810000,23.56,76.73,101.941
2026-05-25T12:52:57.1320000,23.57,76.74,101.942
2026-05-25T12:52:58.1730000,23.56,76.73,101.941
2026-05-25T12:52:59.2140000,23.56,76.75,101.941
2026-05-25T12:53:00.2540000,23.56,76.75,101.941
2026-05-25T12:53:01.3160000,23.56,76.73,101.941
2026-05-25T12:53:02.3460000,23.56,76.7,101.941
2026-05-25T12:53:03.3870000,23.56,76.7,101.942
2026-05-25T12:53:04.4280000,23.56,76.7,101.942
2026-05-25T12:53:05.4690000,23.56,76.69,101.942
2026-05-25T12:53:06.5090000,23.57,76.67,101.942
2026-05-25T12:53:07.5500000,23.56,76.66,101.941
2026-05-25T12:53:08.6040000,23.57,76.64,101.941
2026-05-25T12:53:09.6440000,23.57,76.63,101.94
2026-05-25T12:53:10.6850000,23.57,76.62,101.94
2026-05-25T12:53:11.7260000,23.57,76.67,101.94
2026-05-25T12:53:12.7670000,23.57,76.63,101.941
2026-05-25T12:53:13.8080000,23.57,76.64,101.941
2026-05-25T12:53:14.8870000,23.57,76.67,101.941
2026-05-25T12:53:15.8960000,23.57,76.63,101.941
2026-05-25T12:53:16.9370000,23.57,76.62,101.94
2026-05-25T12:53:17.9780000,23.57,76.64,101.939
2026-05-25T12:53:19.0290000,23.57,76.64,101.939
2026-05-25T12:53:20.0700000,23.57,76.62,101.94
2026-05-25T12:53:21.1110000,23.57,76.61,101.941
2026-05-25T12:53:22.1520000,23.57,76.54,101.942
2026-05-25T12:53:23.1920000,23.57,76.59,101.941
2026-05-25T12:53:24.2330000,23.57,76.62,101.941
2026-05-25T12:53:25.2840000,23.57,76.6,101.941
2026-05-25T12:53:26.3250000,23.57,76.58,101.941
2026-05-25T12:53:27.3660000,23.57,76.56,101.94
2026-05-25T12:53:28.4590000,23.57,76.56,101.939
2026-05-25T12:53:29.4470000,23.57,76.54,101.94
2026-05-25T12:53:30.4880000,23.57,76.54,101.94
2026-05-25T12:53:31.5390000,23.57,76.53,101.94
2026-05-25T12:53:32.5800000,23.57,76.53,101.94
2026-05-25T12:53:33.6200000,23.57,76.52,101.941
2026-05-25T12:53:34.6610000,23.57,76.51,101.94
2026-05-25T12:53:35.7020000,23.57,76.5,101.94
2026-05-25T12:53:36.7530000,23.57,76.49,101.94
2026-05-25T12:53:37.7940000,23.57,76.51,101.939
2026-05-25T12:53:38.8350000,23.57,76.45,101.94
2026-05-25T12:53:39.8760000,23.57,76.48,101.94
2026-05-25T12:53:40.9160000,23.57,76.47,101.94
2026-05-25T12:53:41.9570000,23.57,76.46,101.94
2026-05-25T12:53:43.0090000,23.57,76.43,101.939
2026-05-25T12:53:44.0490000,23.57,76.43,101.938
2026-05-25T12:53:45.0900000,23.57,76.41,101.938
2026-05-25T12:53:46.1310000,23.57,76.43,101.938
2026-05-25T12:53:47.1720000,23.57,76.43,101.938
2026-05-25T12:53:48.2120000,23.57,76.42,101.939
2026-05-25T12:53:49.2640000,23.57,76.41,101.938
2026-05-25T12:53:50.3050000,23.57,76.42,101.938
2026-05-25T12:53:51.3450000,23.57,76.39,101.937
2026-05-25T12:53:52.3860000,23.57,76.41,101.937
2026-05-25T12:53:53.4270000,23.57,76.37,101.937
2026-05-25T12:53:54.4780000,23.57,76.39,101.936
2026-05-25T12:53:55.5190000,23.57,76.38,101.936
2026-05-25T12:53:56.5700000,23.57,76.35,101.937
2026-05-25T12:53:57.6000000,23.57,76.35,101.937
2026-05-25T12:53:58.6430000,23.57,76.34,101.937
2026-05-25T12:53:59.6840000,23.57,76.32,101.936
2026-05-25T12:54:00.7250000,23.57,76.31,101.936
2026-05-25T12:54:01.7760000,23.57,76.31,101.935
2026-05-25T12:54:02.8170000,23.57,76.31,101.936
2026-05-25T12:54:03.8570000,23.57,76.3,101.936
2026-05-25T12:54:04.8980000,23.57,76.26,101.935
2026-05-25T12:54:05.9390000,23.57,76.3,101.936
2026-05-25T12:54:06.9790000,23.57,76.25,101.936
2026-05-25T12:54:08.0310000,23.57,76.25,101.936
2026-05-25T12:54:09.0720000,23.57,76.23,101.936
2026-05-25T12:54:11.1500000,23.57,76.21,101.936
2026-05-25T12:54:12.2010000,23.57,76.2,101.935
2026-05-25T12:54:13.2420000,23.57,76.19,101.935
2026-05-25T12:54:14.2830000,23.57,76.18,101.935
2026-05-25T12:54:15.3230000,23.57,76.17,101.935
2026-05-25T12:54:16.3640000,23.57,76.16,101.936
2026-05-25T12:54:17.4050000,23.57,76.19,101.936
2026-05-25T12:54:18.4560000,23.57,76.15,101.937
2026-05-25T12:54:19.4970000,23.57,76.16,101.937
2026-05-25T12:54:20.5370000,23.57,76.1,101.937
2026-05-25T12:54:21.5780000,23.57,76.15,101.936
2026-05-25T12:54:22.6190000,23.57,76.12,101.937
2026-05-25T12:54:23.7080000,23.57,76.12,101.937
2026-05-25T12:54:24.7070000,23.57,76.1,101.936
2026-05-25T12:54:25.7480000,23.58,76.08,101.937
2026-05-25T12:54:26.7890000,23.58,76.09,101.937
2026-05-25T12:54:27.8400000,23.58,76.08,101.937
2026-05-25T12:54:28.8810000,23.58,76.07,101.937
2026-05-25T12:54:29.9210000,23.58,76.08,101.937
2026-05-25T12:54:30.9620000,23.57,76.09,101.936
2026-05-25T12:54:32.0030000,23.57,76.1,101.936
2026-05-25T12:54:33.0440000,23.57,76.07,101.937
2026-05-25T12:54:34.0950000,23.58,76.06,101.937
2026-05-25T12:54:35.1360000,23.58,76.08,101.936
2026-05-25T12:54:36.1760000,23.58,76.07,101.936
2026-05-25T12:54:37.2800000,23.58,76.05,101.936
2026-05-25T12:54:38.2580000,23.58,76.06,101.936
2026-05-25T12:54:39.3090000,23.58,76.06,101.936
2026-05-25T12:54:40.3500000,23.58,76.05,101.937
2026-05-25T12:54:41.3910000,23.58,76.04,101.937
2026-05-25T12:54:42.4310000,23.58,76.04,101.937
2026-05-25T12:54:43.4720000,23.58,76.03,101.937
2026-05-25T12:54:44.5130000,23.58,76.03,101.937
2026-05-25T12:54:45.5640000,23.58,76.01,101.936
2026-05-25T12:54:46.6050000,23.58,76.03,101.936
2026-05-25T12:54:47.6460000,23.58,76.03,101.936
2026-05-25T12:54:48.6870000,23.58,75.99,101.936
2026-05-25T12:54:49.7280000,23.58,75.99,101.936
2026-05-25T12:54:50.7680000,23.58,75.98,101.936
2026-05-25T12:54:51.8200000,23.58,75.96,101.936
2026-05-25T12:54:52.8600000,23.58,75.96,101.936
2026-05-25T12:54:53.9010000,23.58,75.95,101.936
2026-05-25T12:54:54.9420000,23.58,75.96,101.936
2026-05-25T12:54:55.9830000,23.58,76,101.936
2026-05-25T12:54:57.0230000,23.58,76,101.936
2026-05-25T12:54:58.0750000,23.58,76.02,101.936
2026-05-25T12:54:59.1160000,23.58,76,101.936
2026-05-25T12:55:00.1560000,23.58,76.03,101.937
2026-05-25T12:55:01.1970000,23.58,76.02,101.936
2026-05-25T12:55:02.2380000,23.58,76.04,101.936
2026-05-25T12:55:03.2890000,23.58,76.06,101.936
2026-05-25T12:55:04.3300000,23.58,76.04,101.936
2026-05-25T12:55:05.3910000,23.58,76.03,101.936
2026-05-25T12:55:06.4110000,23.58,76.04,101.936
2026-05-25T12:55:07.4520000,23.58,76.02,101.936
2026-05-25T12:55:08.4930000,23.58,76.02,101.936
2026-05-25T12:55:09.5440000,23.58,76.01,101.936
2026-05-25T12:55:10.5850000,23.58,76,101.936
2026-05-25T12:55:11.6260000,23.58,76,101.936
2026-05-25T12:55:12.6670000,23.59,76.04,101.937
2026-05-25T12:55:13.7070000,23.59,76.03,101.936
2026-05-25T12:55:14.7480000,23.59,76.08,101.937
2026-05-25T12:55:15.7990000,23.59,76.08,101.937
2026-05-25T12:55:16.8400000,23.59,76.13,101.936
2026-05-25T12:55:17.8810000,23.59,76.15,101.936
2026-05-25T12:55:18.9630000,23.59,76.19,101.936
2026-05-25T12:55:19.9620000,23.59,76.22,101.936
2026-05-25T12:55:21.0140000,23.59,76.26,101.936
2026-05-25T12:55:22.0540000,23.59,76.32,101.937
2026-05-25T12:55:23.0950000,23.59,76.4,101.937
2026-05-25T12:55:24.1360000,23.6,76.48,101.937
2026-05-25T12:55:25.1770000,23.6,76.52,101.937
2026-05-25T12:55:26.2170000,23.6,76.6,101.936
2026-05-25T12:55:27.2690000,23.6,76.69,101.937
2026-05-25T12:55:28.3090000,23.6,76.78,101.936
2026-05-25T12:55:29.3500000,23.6,76.89,101.936
2026-05-25T12:55:30.3910000,23.6,76.91,101.936
2026-05-25T12:55:31.4310000,23.6,76.98,101.936
2026-05-25T12:55:32.5320000,23.6,77.1,101.936
2026-05-25T12:55:33.5200000,23.6,77.17,101.936
2026-05-25T12:55:34.5610000,23.61,77.24,101.936
2026-05-25T12:55:35.6010000,23.61,77.32,101.936
2026-05-25T12:55:36.6530000,23.61,77.4,101.936
2026-05-25T12:55:37.6940000,23.61,77.48,101.936
2026-05-25T12:55:38.7340000,23.61,77.56,101.936
2026-05-25T12:55:39.7750000,23.61,77.62,101.936
2026-05-25T12:55:40.8160000,23.62,77.68,101.936
2026-05-25T12:55:41.8570000,23.62,77.75,101.937
2026-05-25T12:55:42.9080000,23.62,77.82,101.937
2026-05-25T12:55:43.9490000,23.62,77.91,101.937
2026-05-25T12:55:44.9890000,23.62,77.96,101.936
2026-05-25T12:55:46.0300000,23.62,78,101.937
2026-05-25T12:55:47.0740000,23.63,78.18,101.937
2026-05-25T12:55:48.1150000,23.62,78.22,101.936
2026-05-25T12:55:49.1560000,23.62,78.29,101.936
2026-05-25T12:55:50.2070000,23.62,78.34,101.935
2026-05-25T12:55:51.2480000,23.63,78.4,101.936
2026-05-25T12:55:52.2890000,23.63,78.44,101.936
2026-05-25T12:55:53.3300000,23.63,78.48,101.935
2026-05-25T12:55:54.3700000,23.63,78.54,101.936
2026-05-25T12:55:55.4110000,23.63,78.56,101.936
2026-05-25T12:55:56.4620000,23.63,78.62,101.936
2026-05-25T12:55:57.5030000,23.63,78.71,101.936
2026-05-25T12:55:59.5850000,23.63,78.75,101.936
2026-05-25T12:56:00.6470000,23.63,78.87,101.936
2026-05-25T12:56:01.6670000,23.63,78.91,101.936
2026-05-25T12:56:02.7180000,23.63,78.95,101.936
2026-05-25T12:56:03.7590000,23.63,78.98,101.935
2026-05-25T12:56:04.7990000,23.63,78.98,101.936
2026-05-25T12:56:05.8400000,23.63,79.01,101.936
2026-05-25T12:56:06.8810000,23.63,79.05,101.936
2026-05-25T12:56:07.9220000,23.63,79.09,101.936
2026-05-25T12:56:08.9730000,23.63,79.16,101.937
2026-05-25T12:56:10.0140000,23.63,79.17,101.937
2026-05-25T12:56:11.0550000,23.63,79.19,101.937
2026-05-25T12:56:12.0950000,23.63,79.19,101.936
2026-05-25T12:56:13.1360000,23.63,79.19,101.937
2026-05-25T12:56:14.2190000,23.63,79.25,101.937
2026-05-25T12:56:15.2280000,23.63,79.29,101.938
2026-05-25T12:56:16.2690000,23.63,79.32,101.937
2026-05-25T12:56:17.3100000,23.63,79.35,101.937
2026-05-25T12:56:18.3500000,23.63,79.38,101.937
2026-05-25T12:56:19.3910000,23.63,79.41,101.937
2026-05-25T12:56:20.4420000,23.63,79.48,101.937
2026-05-25T12:56:21.4830000,23.63,79.5,101.937
2026-05-25T12:56:22.5240000,23.64,79.63,101.937
2026-05-25T12:56:23.5650000,23.64,79.71,101.937
2026-05-25T12:56:24.6050000,23.64,79.73,101.938
2026-05-25T12:56:25.6460000,23.64,79.81,101.937
2026-05-25T12:56:27.7940000,23.64,79.95,101.936
2026-05-25T12:56:28.7820000,23.64,80.01,101.936
2026-05-25T12:56:29.8230000,23.64,80.08,101.937
2026-05-25T12:56:30.8640000,23.64,80.14,101.936
2026-05-25T12:56:31.9050000,23.64,80.18,101.936
2026-05-25T12:56:32.9460000,23.64,80.23,101.936
2026-05-25T12:56:33.9970000,23.64,80.26,101.937
2026-05-25T12:56:35.0380000,23.64,80.28,101.937
2026-05-25T12:56:36.0780000,23.63,80.27,101.937
2026-05-25T12:56:37.1190000,23.64,80.31,101.938
2026-05-25T12:56:38.1600000,23.64,80.33,101.937
2026-05-25T12:56:39.2010000,23.64,80.41,101.937
2026-05-25T12:56:40.2520000,23.63,80.44,101.936
2026-05-25T12:56:41.2930000,23.63,80.5,101.936
2026-05-25T12:56:42.3370000,23.63,80.57,101.936
2026-05-25T12:56:43.3780000,23.63,80.61,101.937
2026-05-25T12:56:44.4190000,23.63,80.63,101.937
2026-05-25T12:56:45.4590000,23.63,80.65,101.937
2026-05-25T12:56:46.5000000,23.63,80.66,101.937
2026-05-25T12:56:47.5410000,23.63,80.68,101.937
2026-05-25T12:56:48.5920000,23.63,80.7,101.937
2026-05-25T12:56:49.6330000,23.63,80.71,101.936
2026-05-25T12:56:50.6740000,23.63,80.75,101.936
2026-05-25T12:56:51.7150000,23.63,80.77,101.936
2026-05-25T12:56:52.7550000,23.63,80.8,101.936
2026-05-25T12:56:53.8070000,23.63,80.81,101.936
2026-05-25T12:56:54.8470000,23.63,80.89,101.936
2026-05-25T12:56:55.9130000,23.63,80.93,101.936
2026-05-25T12:56:56.9320000,23.63,80.94,101.936
2026-05-25T12:56:57.9730000,23.63,80.97,101.936
2026-05-25T12:56:59.0140000,23.63,81,101.936
2026-05-25T12:57:00.0550000,23.63,81.02,101.936
2026-05-25T12:57:01.0950000,23.63,81.03,101.936
2026-05-25T12:57:02.1470000,23.63,81.05,101.936
2026-05-25T12:57:03.1870000,23.63,81.04,101.936
2026-05-25T12:57:04.2280000,23.63,81.08,101.936
2026-05-25T12:57:05.2690000,23.63,81.07,101.936
2026-05-25T12:57:06.3100000,23.63,81.1,101.936
2026-05-25T12:57:07.3610000,23.63,81.15,101.936
2026-05-25T12:57:08.4020000,23.63,81.14,101.936
2026-05-25T12:57:09.4850000,23.63,81.14,101.936
2026-05-25T12:57:10.4830000,23.63,81.2,101.935
2026-05-25T12:57:11.5240000,23.63,81.21,101.935
2026-05-25T12:57:12.5650000,23.63,81.21,101.935
2026-05-25T12:57:13.6160000,23.63,81.21,101.935
2026-05-25T12:57:14.6570000,23.63,81.21,101.936
2026-05-25T12:57:15.6980000,23.63,81.23,101.936
2026-05-25T12:57:16.7380000,23.63,81.25,101.936
2026-05-25T12:57:17.7790000,23.63,81.29,101.935
2026-05-25T12:57:18.8200000,23.63,81.32,101.936
2026-05-25T12:57:19.8710000,23.64,81.33,101.936
2026-05-25T12:57:20.9120000,23.63,81.36,101.936
2026-05-25T12:57:21.9530000,23.63,81.36,101.935
2026-05-25T12:57:23.0600000,23.63,81.38,101.935
2026-05-25T12:57:24.0380000,23.63,81.43,101.935
2026-05-25T12:57:25.0780000,23.63,81.44,101.935
2026-05-25T12:57:26.1190000,23.63,81.46,101.935
2026-05-25T12:57:27.1700000,23.63,81.47,101.934
2026-05-25T12:57:28.2110000,23.63,81.47,101.935
2026-05-25T12:57:29.2520000,23.63,81.47,101.934
2026-05-25T12:57:30.2920000,23.63,81.5,101.934
2026-05-25T12:57:31.3330000,23.63,81.48,101.935
2026-05-25T12:57:32.3740000,23.63,81.51,101.935
2026-05-25T12:57:33.4250000,23.63,81.5,101.934
2026-05-25T12:57:34.4660000,23.63,81.54,101.935
2026-05-25T12:57:35.5070000,23.63,81.57,101.934
2026-05-25T12:57:36.5480000,23.64,81.54,101.935
2026-05-25T12:57:37.6020000,23.64,81.61,101.935
2026-05-25T12:57:38.6330000,23.64,81.62,101.935
2026-05-25T12:57:39.6730000,23.64,81.62,101.934
2026-05-25T12:57:40.7250000,23.63,81.62,101.934
2026-05-25T12:57:41.7650000,23.63,81.62,101.935
2026-05-25T12:57:42.8060000,23.63,81.63,101.935
2026-05-25T12:57:43.8470000,23.63,81.64,101.936
2026-05-25T12:57:44.8880000,23.63,81.71,101.935
2026-05-25T12:57:45.9280000,23.63,81.63,101.935
2026-05-25T12:57:46.9800000,23.64,81.67,101.935
2026-05-25T12:57:48.0200000,23.64,81.66,101.935
2026-05-25T12:57:49.0610000,23.63,81.68,101.935
2026-05-25T12:57:50.1020000,23.63,81.67,101.935
2026-05-25T12:57:51.1780000,23.63,81.74,101.935
2026-05-25T12:57:53.2280000,23.63,81.76,101.935
2026-05-25T12:57:54.2690000,23.63,81.76,101.935
2026-05-25T12:57:55.3200000,23.63,81.76,101.935
2026-05-25T12:57:56.3610000,23.63,81.77,101.934
2026-05-25T12:57:57.4010000,23.63,81.79,101.934
2026-05-25T12:57:58.4420000,23.63,81.76,101.935
2026-05-25T12:57:59.4830000,23.63,81.79,101.936
2026-05-25T12:58:00.5340000,23.63,81.81,101.935
2026-05-25T12:58:01.5750000,23.63,81.8,101.935
2026-05-25T12:58:02.6160000,23.63,81.83,101.935
2026-05-25T12:58:03.6570000,23.63,81.82,101.935
2026-05-25T12:58:04.7530000,23.63,81.81,101.935
2026-05-25T12:58:05.7420000,23.63,81.83,101.934
2026-05-25T12:58:06.7820000,23.63,81.83,101.934
2026-05-25T12:58:07.8230000,23.63,81.83,101.935
2026-05-25T12:58:08.8750000,23.63,81.83,101.935
2026-05-25T12:58:09.9150000,23.63,81.83,101.934
2026-05-25T12:58:10.9560000,23.63,81.83,101.935
2026-05-25T12:58:11.9970000,23.63,81.83,101.935
2026-05-25T12:58:13.0370000,23.63,81.87,101.935
2026-05-25T12:58:14.0890000,23.63,81.8,101.935
2026-05-25T12:58:15.1290000,23.63,81.81,101.934
2026-05-25T12:58:16.1700000,23.63,81.83,101.935
2026-05-25T12:58:17.2110000,23.62,81.78,101.934
2026-05-25T12:58:18.2520000,23.62,81.79,101.934
2026-05-25T12:58:19.2960000,23.63,81.8,101.935
2026-05-25T12:58:20.3370000,23.62,81.8,101.934
2026-05-25T12:58:21.3780000,23.63,81.81,101.935
2026-05-25T12:58:22.4290000,23.63,81.81,101.934
2026-05-25T12:58:23.4700000,23.63,81.79,101.935
2026-05-25T12:58:24.5100000,23.62,81.78,101.934
2026-05-25T12:58:25.5510000,23.62,81.76,101.934
2026-05-25T12:58:26.5920000,23.62,81.78,101.934
2026-05-25T12:58:27.6430000,23.62,81.71,101.934
2026-05-25T12:58:28.6840000,23.62,81.72,101.934
2026-05-25T12:58:29.7250000,23.62,81.69,101.934
2026-05-25T12:58:30.7660000,23.62,81.66,101.934
2026-05-25T12:58:31.8060000,23.62,81.62,101.934
2026-05-25T12:58:32.8720000,23.62,81.62,101.934
2026-05-25T12:58:33.8910000,23.62,81.62,101.934
2026-05-25T12:58:34.9320000,23.61,81.6,101.934
2026-05-25T12:58:35.9830000,23.61,81.58,101.934
2026-05-25T12:58:37.0240000,23.61,81.55,101.934
2026-05-25T12:58:38.0650000,23.61,81.53,101.934
2026-05-25T12:58:39.1060000,23.61,81.51,101.934
2026-05-25T12:58:40.1470000,23.61,81.45,101.934
2026-05-25T12:58:41.1870000,23.61,81.51,101.934
2026-05-25T12:58:42.2390000,23.61,81.47,101.934
2026-05-25T12:58:43.2800000,23.61,81.42,101.934
2026-05-25T12:58:44.3200000,23.61,81.41,101.934
2026-05-25T12:58:45.3610000,23.61,81.38,101.933
2026-05-25T12:58:46.4440000,23.61,81.38,101.934
2026-05-25T12:58:47.4530000,23.61,81.33,101.934
2026-05-25T12:58:48.4940000,23.6,81.31,101.934
2026-05-25T12:58:49.5350000,23.61,81.29,101.934
2026-05-25T12:58:50.5760000,23.6,81.27,101.934
2026-05-25T12:58:51.6160000,23.6,81.25,101.934
2026-05-25T12:58:52.6570000,23.6,81.23,101.933
2026-05-25T12:58:53.7090000,23.6,81.13,101.934
2026-05-25T12:58:54.7490000,23.6,81.19,101.934
2026-05-25T12:58:55.7900000,23.6,81.18,101.934
2026-05-25T12:58:56.8310000,23.6,81.12,101.934
2026-05-25T12:58:57.8720000,23.6,81.13,101.933
2026-05-25T12:58:58.9230000,23.6,81.09,101.934
2026-05-25T12:59:00.0190000,23.59,81.07,101.935
2026-05-25T12:59:01.0080000,23.6,81.06,101.935
2026-05-25T12:59:02.0480000,23.59,81.04,101.934
2026-05-25T12:59:03.0890000,23.59,81.02,101.934
2026-05-25T12:59:04.1300000,23.59,81.02,101.934
2026-05-25T12:59:05.1710000,23.59,81,101.934
2026-05-25T12:59:06.2110000,23.59,80.97,101.934
2026-05-25T12:59:07.2620000,23.59,80.94,101.934
2026-05-25T12:59:08.3030000,23.59,80.91,101.933
2026-05-25T12:59:09.3440000,23.59,80.91,101.933
2026-05-25T12:59:10.3850000,23.59,80.87,101.933
2026-05-25T12:59:11.4260000,23.59,80.86,101.934
2026-05-25T12:59:12.4770000,23.59,80.85,101.934
2026-05-25T12:59:13.5180000,23.59,80.79,101.934
2026-05-25T12:59:14.5580000,23.58,80.79,101.933
2026-05-25T12:59:15.5990000,23.58,80.77,101.934
2026-05-25T12:59:16.6400000,23.58,80.76,101.934
2026-05-25T12:59:17.6810000,23.58,80.74,101.934
2026-05-25T12:59:18.7320000,23.58,80.73,101.934
2026-05-25T12:59:19.7730000,23.58,80.7,101.933
2026-05-25T12:59:20.8140000,23.58,80.68,101.934
2026-05-25T12:59:21.8550000,23.58,80.62,101.934
2026-05-25T12:59:22.8950000,23.58,80.65,101.935
2026-05-25T12:59:23.9470000,23.58,80.6,101.935
2026-05-25T12:59:24.9870000,23.58,80.59,101.936
2026-05-25T12:59:26.0280000,23.58,80.61,101.936
2026-05-25T12:59:27.0690000,23.58,80.61,101.935
2026-05-25T12:59:28.1340000,23.58,80.51,101.934
2026-05-25T12:59:29.1540000,23.58,80.5,101.934
2026-05-25T12:59:30.1950000,23.58,80.48,101.934
2026-05-25T12:59:31.2350000,23.58,80.48,101.935
2026-05-25T12:59:32.2870000,23.58,80.45,101.934
2026-05-25T12:59:33.3270000,23.58,80.41,101.933
2026-05-25T12:59:34.3680000,23.58,80.39,101.933
2026-05-25T12:59:35.4090000,23.58,80.39,101.933
2026-05-25T12:59:36.4500000,23.58,80.38,101.933
2026-05-25T12:59:37.4910000,23.58,80.32,101.934
2026-05-25T12:59:38.5420000,23.58,80.27,101.934
2026-05-25T12:59:39.5830000,23.58,80.24,101.934
2026-05-25T12:59:40.6230000,23.57,80.25,101.933
2026-05-25T12:59:41.7060000,23.57,80.21,101.933
2026-05-25T12:59:42.7050000,23.57,80.21,101.933
2026-05-25T12:59:43.7560000,23.57,80.18,101.933
2026-05-25T12:59:44.7970000,23.57,80.17,101.933
2026-05-25T12:59:45.8380000,23.57,80.15,101.933
2026-05-25T12:59:46.8780000,23.57,80.13,101.933
2026-05-25T12:59:47.9190000,23.57,80.11,101.933
2026-05-25T12:59:48.9600000,23.57,80.12,101.933
2026-05-25T12:59:50.0110000,23.57,80.08,101.933
2026-05-25T12:59:51.0520000,23.57,80.05,101.933
2026-05-25T12:59:52.0930000,23.57,80,101.934
2026-05-25T12:59:53.1340000,23.57,80.01,101.933
2026-05-25T12:59:54.1740000,23.57,80,101.934
2026-05-25T12:59:55.2780000,23.57,79.92,101.934
2026-05-25T12:59:56.2660000,23.56,79.94,101.934
2026-05-25T12:59:57.3070000,23.56,79.91,101.934
2026-05-25T12:59:58.3480000,23.56,79.91,101.934
2026-05-25T12:59:59.3880000,23.56,79.88,101.934
2026-05-25T13:00:00.4400000,23.56,79.86,101.934
2026-05-25T13:00:01.4800000,23.56,79.85,101.935
2026-05-25T13:00:02.5210000,23.56,79.84,101.934
2026-05-25T13:00:03.5620000,23.56,79.81,101.934
2026-05-25T13:00:04.6030000,23.56,79.81,101.933
2026-05-25T13:00:05.6440000,23.56,79.8,101.933
2026-05-25T13:00:06.6950000,23.56,79.77,101.934
2026-05-25T13:00:07.7360000,23.56,79.77,101.933
2026-05-25T13:00:08.7770000,23.56,79.74,101.933
2026-05-25T13:00:09.8170000,23.56,79.71,101.932
2026-05-25T13:00:10.8580000,23.56,79.7,101.932
2026-05-25T13:00:11.8990000,23.56,79.7,101.932
2026-05-25T13:00:12.9500000,23.56,79.67,101.933
2026-05-25T13:00:13.9910000,23.56,79.68,101.933
2026-05-25T13:00:15.0310000,23.56,79.65,101.933
2026-05-25T13:00:16.0720000,23.56,79.64,101.933
2026-05-25T13:00:17.1130000,23.56,79.61,101.932
2026-05-25T13:00:18.1640000,23.56,79.62,101.932
2026-05-25T13:00:19.2050000,23.56,79.6,101.932
2026-05-25T13:00:20.2460000,23.56,79.63,101.933
2026-05-25T13:00:21.2870000,23.56,79.61,101.932
2026-05-25T13:00:22.3280000,23.56,79.54,101.932
2026-05-25T13:00:23.3900000,23.56,79.52,101.932
2026-05-25T13:00:24.4200000,23.56,79.49,101.931
2026-05-25T13:00:25.4610000,23.56,79.48,101.932
2026-05-25T13:00:26.5020000,23.56,79.48,101.932
2026-05-25T13:00:27.5420000,23.56,79.46,101.932
2026-05-25T13:00:28.5830000,23.56,79.45,101.932
2026-05-25T13:00:29.6240000,23.56,79.42,101.932