time,ens_eco2_ppm
2026-05-25T21:59:30.2470000,436
2026-05-25T21:59:31.2880000,444
2026-05-25T21:59:32.3290000,447
2026-05-25T21:59:33.3800000,447
2026-05-25T21:59:34.4210000,435
2026-05-25T21:59:35.4620000,437
2026-05-25T21:59:36.5030000,442
2026-05-25T21:59:37.5430000,453
2026-05-25T21:59:38.5840000,435
2026-05-25T21:59:39.6350000,447
2026-05-25T21:59:40.6760000,447
2026-05-25T21:59:41.7170000,445
2026-05-25T21:59:42.7580000,440
2026-05-25T21:59:43.7980000,446
2026-05-25T21:59:44.8460000,438
2026-05-25T21:59:45.8870000,441
2026-05-25T21:59:46.9280000,451
2026-05-25T21:59:47.9690000,448
2026-05-25T21:59:49.0200000,449
2026-05-25T21:59:50.0610000,445
2026-05-25T21:59:51.1020000,445
2026-05-25T21:59:52.1420000,441
2026-05-25T21:59:53.1830000,431
2026-05-25T21:59:54.2240000,467
2026-05-25T21:59:55.2750000,450
2026-05-25T21:59:56.3160000,459
2026-05-25T21:59:57.3570000,452
2026-05-25T21:59:58.3980000,435
2026-05-25T21:59:59.4390000,451
2026-05-25T22:00:00.4900000,438
2026-05-25T22:00:01.5300000,442
2026-05-25T22:00:02.5710000,459
2026-05-25T22:00:03.6120000,457
2026-05-25T22:00:04.6520000,418
2026-05-25T22:00:05.7040000,435
2026-05-25T22:00:06.7440000,450
2026-05-25T22:00:07.7850000,444
2026-05-25T22:00:08.8260000,427
2026-05-25T22:00:09.8670000,438
2026-05-25T22:00:10.9080000,448
2026-05-25T22:00:11.9520000,431
2026-05-25T22:00:12.9930000,447
2026-05-25T22:00:14.0440000,426
2026-05-25T22:00:15.0850000,436
2026-05-25T22:00:16.1260000,448
2026-05-25T22:00:17.1660000,444
2026-05-25T22:00:18.2070000,440
2026-05-25T22:00:19.2480000,438
2026-05-25T22:00:20.2990000,459
2026-05-25T22:00:21.3400000,439
2026-05-25T22:00:22.3810000,448
2026-05-25T22:00:23.4220000,448
2026-05-25T22:00:24.4620000,433
2026-05-25T22:00:25.5030000,442
2026-05-25T22:00:26.5470000,439
2026-05-25T22:00:27.5980000,447
2026-05-25T22:00:28.6390000,441
2026-05-25T22:00:29.6800000,444
2026-05-25T22:00:30.7210000,433
2026-05-25T22:00:31.7610000,445
2026-05-25T22:00:32.8020000,444
2026-05-25T22:00:33.8540000,431
2026-05-25T22:00:34.8940000,440
2026-05-25T22:00:35.9350000,440
2026-05-25T22:00:38.0170000,441
2026-05-25T22:00:39.0570000,433
2026-05-25T22:00:40.1020000,436
2026-05-25T22:00:41.1430000,444
2026-05-25T22:00:42.1830000,433
2026-05-25T22:00:43.2350000,451
2026-05-25T22:00:44.2750000,440
2026-05-25T22:00:45.3160000,436
2026-05-25T22:00:46.3570000,438
2026-05-25T22:00:47.3980000,437
2026-05-25T22:00:48.4380000,427
2026-05-25T22:00:49.4900000,453
2026-05-25T22:00:50.5300000,447
2026-05-25T22:00:51.5710000,428
2026-05-25T22:00:52.6120000,442
2026-05-25T22:00:53.6520000,433
2026-05-25T22:00:54.7040000,445
2026-05-25T22:00:55.7440000,440
2026-05-25T22:00:56.7850000,445
2026-05-25T22:00:57.8260000,432
2026-05-25T22:00:58.8670000,444
2026-05-25T22:00:59.9080000,445
2026-05-25T22:01:00.9490000,439
2026-05-25T22:01:02.0000000,429
2026-05-25T22:01:03.0410000,440
2026-05-25T22:01:04.0810000,446
2026-05-25T22:01:05.1220000,431
2026-05-25T22:01:06.1630000,446
2026-05-25T22:01:07.2070000,449
2026-05-25T22:01:08.2480000,433
2026-05-25T22:01:09.2890000,439
2026-05-25T22:01:10.3400000,449
2026-05-25T22:01:11.3810000,444
2026-05-25T22:01:12.4220000,442
2026-05-25T22:01:13.4620000,458
2026-05-25T22:01:14.5030000,451
2026-05-25T22:01:15.5440000,435
2026-05-25T22:01:16.5950000,438
2026-05-25T22:01:17.6360000,452
2026-05-25T22:01:18.6770000,455
2026-05-25T22:01:19.7170000,442
2026-05-25T22:01:20.7580000,440
2026-05-25T22:01:21.8020000,432
2026-05-25T22:01:22.8430000,437
2026-05-25T22:01:23.8840000,432
2026-05-25T22:01:24.9350000,445
2026-05-25T22:01:25.9760000,441
2026-05-25T22:01:27.0170000,447
2026-05-25T22:01:28.0580000,420
2026-05-25T22:01:29.0980000,441
2026-05-25T22:01:30.1390000,444
2026-05-25T22:01:31.1800000,440
2026-05-25T22:01:32.2310000,423
2026-05-25T22:01:33.2720000,431
2026-05-25T22:01:34.3130000,440
2026-05-25T22:01:35.3540000,452
2026-05-25T22:01:36.3940000,442
2026-05-25T22:01:37.4460000,439
2026-05-25T22:01:38.4860000,435
2026-05-25T22:01:39.5270000,435
2026-05-25T22:01:40.5680000,438
2026-05-25T22:01:41.6090000,435
2026-05-25T22:01:42.6500000,431
2026-05-25T22:01:43.6910000,432
2026-05-25T22:01:44.7420000,433
2026-05-25T22:01:45.7830000,439
2026-05-25T22:01:46.8240000,440
2026-05-25T22:01:47.8650000,427
2026-05-25T22:01:48.9090000,433
2026-05-25T22:01:49.9500000,444
2026-05-25T22:01:50.9910000,426
2026-05-25T22:01:52.0310000,431
2026-05-25T22:01:53.0830000,435
2026-05-25T22:01:54.1230000,450
2026-05-25T22:01:55.1640000,442
2026-05-25T22:01:56.2050000,432
2026-05-25T22:01:57.2460000,442
2026-05-25T22:01:58.2860000,416
2026-05-25T22:01:59.3380000,431
2026-05-25T22:02:00.3780000,436
2026-05-25T22:02:01.4190000,442
2026-05-25T22:02:02.4600000,424
2026-05-25T22:02:03.5000000,428
2026-05-25T22:02:04.5410000,437
2026-05-25T22:02:05.5820000,437
2026-05-25T22:02:06.6330000,444
2026-05-25T22:02:07.6740000,429
2026-05-25T22:02:08.7150000,441
2026-05-25T22:02:09.7560000,438
2026-05-25T22:02:10.7970000,435
2026-05-25T22:02:11.8380000,442
2026-05-25T22:02:12.8890000,421
2026-05-25T22:02:13.9300000,445
2026-05-25T22:02:14.9710000,434
2026-05-25T22:02:16.0120000,451
2026-05-25T22:02:17.0560000,429
2026-05-25T22:02:18.0970000,438
2026-05-25T22:02:19.1380000,433
2026-05-25T22:02:20.1780000,438
2026-05-25T22:02:21.2300000,445
2026-05-25T22:02:22.2700000,441
2026-05-25T22:02:23.3110000,435
2026-05-25T22:02:24.3520000,429
2026-05-25T22:02:25.3930000,420
2026-05-25T22:02:26.4330000,435
2026-05-25T22:02:27.4850000,436
2026-05-25T22:02:28.5250000,432
2026-05-25T22:02:29.5660000,439
2026-05-25T22:02:30.6070000,431
2026-05-25T22:02:31.6480000,441
2026-05-25T22:02:32.6880000,433
2026-05-25T22:02:33.7290000,439
2026-05-25T22:02:34.7810000,420
2026-05-25T22:02:35.8210000,430
2026-05-25T22:02:36.8620000,442
2026-05-25T22:02:37.9030000,442
2026-05-25T22:02:38.9440000,428
2026-05-25T22:02:39.9850000,432
2026-05-25T22:02:41.0360000,436
2026-05-25T22:02:42.0770000,433
2026-05-25T22:02:43.1170000,442
2026-05-25T22:02:44.1580000,437
2026-05-25T22:02:45.1990000,436
2026-05-25T22:02:46.2400000,443
2026-05-25T22:02:47.2910000,441
2026-05-25T22:02:48.3320000,427
2026-05-25T22:02:49.3720000,431
2026-05-25T22:02:50.4130000,425
2026-05-25T22:02:51.4540000,438
2026-05-25T22:02:52.4950000,442
2026-05-25T22:02:53.5350000,433
2026-05-25T22:02:54.5870000,431
2026-05-25T22:02:55.6280000,424
2026-05-25T22:02:56.6680000,434
2026-05-25T22:02:57.7090000,427
2026-05-25T22:02:58.7530000,418
2026-05-25T22:02:59.7940000,431
2026-05-25T22:03:00.8350000,426
2026-05-25T22:03:01.8760000,441
2026-05-25T22:03:02.9270000,428
2026-05-25T22:03:03.9680000,429
2026-05-25T22:03:05.0090000,416
2026-05-25T22:03:06.0500000,427
2026-05-25T22:03:07.0910000,427
2026-05-25T22:03:08.1310000,432
2026-05-25T22:03:09.1720000,414
2026-05-25T22:03:10.2240000,428
2026-05-25T22:03:11.2640000,416
2026-05-25T22:03:12.3050000,444
2026-05-25T22:03:13.3460000,439
2026-05-25T22:03:14.3870000,427
2026-05-25T22:03:15.4270000,426
2026-05-25T22:03:16.4790000,433
2026-05-25T22:03:17.5190000,433
2026-05-25T22:03:18.5600000,420
2026-05-25T22:03:19.6010000,418
2026-05-25T22:03:20.6410000,422
2026-05-25T22:03:21.6930000,434
2026-05-25T22:03:22.7340000,430
2026-05-25T22:03:23.7740000,419
2026-05-25T22:03:24.8150000,425
2026-05-25T22:03:25.8590000,423
2026-05-25T22:03:26.9000000,431
2026-05-25T22:03:27.9410000,428
2026-05-25T22:03:28.9820000,426
2026-05-25T22:03:30.0330000,437
2026-05-25T22:03:31.0740000,433
2026-05-25T22:03:32.1150000,416
2026-05-25T22:03:33.1560000,437
2026-05-25T22:03:34.1960000,432
2026-05-25T22:03:35.2370000,437
2026-05-25T22:03:36.2880000,433
2026-05-25T22:03:37.3290000,434
2026-05-25T22:03:38.3700000,431
2026-05-25T22:03:39.4100000,444
2026-05-25T22:03:40.4550000,428
2026-05-25T22:03:41.4950000,424
2026-05-25T22:03:42.5360000,406
2026-05-25T22:03:43.5770000,430
2026-05-25T22:03:44.6280000,426
2026-05-25T22:03:45.6690000,422
2026-05-25T22:03:46.7100000,427
2026-05-25T22:03:47.7500000,432
2026-05-25T22:03:48.7910000,419
2026-05-25T22:03:49.8320000,423
2026-05-25T22:03:50.8830000,420
2026-05-25T22:03:51.9240000,420
2026-05-25T22:03:52.9650000,433
2026-05-25T22:03:54.0090000,421
2026-05-25T22:03:55.0500000,434
2026-05-25T22:03:56.0900000,413
2026-05-25T22:03:57.1310000,426
2026-05-25T22:03:58.1720000,424
2026-05-25T22:03:59.2230000,436
2026-05-25T22:04:00.2640000,413
2026-05-25T22:04:01.3040000,422
2026-05-25T22:04:02.3450000,428
2026-05-25T22:04:03.3860000,420
2026-05-25T22:04:04.4270000,434
2026-05-25T22:04:05.4780000,427
2026-05-25T22:04:06.5190000,436
2026-05-25T22:04:07.5600000,434
2026-05-25T22:04:08.6000000,430
2026-05-25T22:04:09.6410000,440
2026-05-25T22:04:10.6820000,425
2026-05-25T22:04:11.7330000,420
2026-05-25T22:04:12.7740000,430
2026-05-25T22:04:13.8150000,434
2026-05-25T22:04:14.8560000,427
2026-05-25T22:04:15.8960000,423
2026-05-25T22:04:16.9370000,436
2026-05-25T22:04:17.9880000,427
2026-05-25T22:04:19.0290000,426
2026-05-25T22:04:20.0700000,412
2026-05-25T22:04:21.1140000,429
2026-05-25T22:04:22.1550000,428
2026-05-25T22:04:23.1960000,433
2026-05-25T22:04:24.2370000,439
2026-05-25T22:04:25.2770000,427
2026-05-25T22:04:26.3180000,429
2026-05-25T22:04:27.3690000,425
2026-05-25T22:04:28.4100000,421
2026-05-25T22:04:29.4510000,424
2026-05-25T22:04:30.4920000,447
2026-05-25T22:04:31.5320000,422
2026-05-25T22:04:32.5730000,431
2026-05-25T22:04:33.6250000,420
2026-05-25T22:04:34.6650000,418
2026-05-25T22:04:35.6990000,439
2026-05-25T22:04:36.7500000,427
2026-05-25T22:04:37.7910000,410
2026-05-25T22:04:38.8320000,427
2026-05-25T22:04:39.8730000,428
2026-05-25T22:04:40.9140000,432
2026-05-25T22:04:41.9540000,423
2026-05-25T22:04:43.0060000,426
2026-05-25T22:04:44.0460000,426
2026-05-25T22:04:45.0870000,415
2026-05-25T22:04:46.1280000,425
2026-05-25T22:04:47.1680000,425
2026-05-25T22:04:48.2090000,423
2026-05-25T22:04:49.2600000,426
2026-05-25T22:04:50.3010000,433
2026-05-25T22:04:51.3420000,429
2026-05-25T22:04:52.3820000,429
2026-05-25T22:04:53.4230000,417
2026-05-25T22:04:54.4640000,428
2026-05-25T22:04:55.5150000,437
2026-05-25T22:04:56.5560000,428
2026-05-25T22:04:57.5970000,435
2026-05-25T22:04:58.6370000,404
2026-05-25T22:04:59.6780000,425
2026-05-25T22:05:00.7190000,410
2026-05-25T22:05:01.7710000,427
2026-05-25T22:05:02.8040000,429
2026-05-25T22:05:03.8560000,424
2026-05-25T22:05:04.8960000,426
2026-05-25T22:05:05.9370000,413
2026-05-25T22:05:06.9780000,442
2026-05-25T22:05:08.0190000,415
2026-05-25T22:05:09.0590000,420
2026-05-25T22:05:10.1100000,427
2026-05-25T22:05:11.1510000,423
2026-05-25T22:05:12.1920000,440
2026-05-25T22:05:13.2330000,429
2026-05-25T22:05:14.2730000,421
2026-05-25T22:05:15.3140000,425
2026-05-25T22:05:16.3550000,425
2026-05-25T22:05:17.3990000,439
2026-05-25T22:05:18.4510000,405
2026-05-25T22:05:19.4910000,418
2026-05-25T22:05:20.5320000,420
2026-05-25T22:05:21.5730000,427
2026-05-25T22:05:22.6140000,434
2026-05-25T22:05:23.6540000,435
2026-05-25T22:05:24.6950000,421
2026-05-25T22:05:25.7470000,424
2026-05-25T22:05:26.7870000,437
2026-05-25T22:05:27.8280000,430
2026-05-25T22:05:28.8690000,435
2026-05-25T22:05:29.9100000,433
2026-05-25T22:05:30.9500000,430
2026-05-25T22:05:32.0020000,419
2026-05-25T22:05:33.0420000,429
2026-05-25T22:05:34.0830000,414
2026-05-25T22:05:35.1240000,432
2026-05-25T22:05:36.1640000,423
2026-05-25T22:05:37.2050000,420
2026-05-25T22:05:38.2560000,438
2026-05-25T22:05:39.2970000,420
2026-05-25T22:05:40.3380000,433
2026-05-25T22:05:41.3790000,414
2026-05-25T22:05:42.4190000,426
2026-05-25T22:05:43.4600000,431
2026-05-25T22:05:44.5050000,427
2026-05-25T22:05:45.5450000,416
2026-05-25T22:05:46.5970000,409
2026-05-25T22:05:47.6370000,426
2026-05-25T22:05:48.6780000,418
2026-05-25T22:05:49.7190000,423
2026-05-25T22:05:50.7600000,423
2026-05-25T22:05:51.8010000,427
2026-05-25T22:05:52.8520000,426
2026-05-25T22:05:53.8930000,416
2026-05-25T22:05:54.9340000,430
2026-05-25T22:05:55.9740000,425
2026-05-25T22:05:57.0150000,422
2026-05-25T22:05:58.0560000,418
2026-05-25T22:05:59.1000000,439
2026-05-25T22:06:00.1410000,431
2026-05-25T22:06:01.1820000,433
2026-05-25T22:06:02.2330000,413
2026-05-25T22:06:03.2740000,405
2026-05-25T22:06:04.3140000,422
2026-05-25T22:06:05.3550000,415
2026-05-25T22:06:06.3960000,420
2026-05-25T22:06:07.4370000,423
2026-05-25T22:06:08.4880000,430
2026-05-25T22:06:09.5290000,429
2026-05-25T22:06:10.5700000,423
2026-05-25T22:06:11.6100000,420
2026-05-25T22:06:12.6510000,430
2026-05-25T22:06:13.6920000,421
2026-05-25T22:06:14.7430000,430
2026-05-25T22:06:15.7840000,408
2026-05-25T22:06:16.8250000,418
2026-05-25T22:06:17.8660000,424
2026-05-25T22:06:18.9060000,413
2026-05-25T22:06:19.9470000,425
2026-05-25T22:06:20.9980000,417
2026-05-25T22:06:22.0390000,423
2026-05-25T22:06:23.0800000,416
2026-05-25T22:06:24.1200000,405
2026-05-25T22:06:25.1610000,444
2026-05-25T22:06:26.2020000,435
2026-05-25T22:06:27.2530000,427
2026-05-25T22:06:28.2940000,420
2026-05-25T22:06:29.3350000,416
2026-05-25T22:06:30.3750000,431
2026-05-25T22:06:31.4160000,411
2026-05-25T22:06:32.4570000,412
2026-05-25T22:06:33.5080000,427
2026-05-25T22:06:34.5490000,433
2026-05-25T22:06:35.5900000,416
2026-05-25T22:06:36.6310000,437
2026-05-25T22:06:37.6710000,433
2026-05-25T22:06:38.7120000,424
2026-05-25T22:06:39.7640000,420
2026-05-25T22:06:40.8040000,423
2026-05-25T22:06:41.8450000,430
2026-05-25T22:06:42.8860000,422
2026-05-25T22:06:43.9260000,431
2026-05-25T22:06:44.9670000,408
2026-05-25T22:06:46.0180000,428
2026-05-25T22:06:47.0590000,427
2026-05-25T22:06:48.1000000,425
2026-05-25T22:06:49.1400000,429
2026-05-25T22:06:50.1810000,419
2026-05-25T22:06:51.2220000,427
2026-05-25T22:06:52.2730000,434
2026-05-25T22:06:53.3140000,428
2026-05-25T22:06:54.3550000,430
2026-05-25T22:06:55.3960000,424
2026-05-25T22:06:56.4360000,423
2026-05-25T22:06:57.4770000,420
2026-05-25T22:06:58.5280000,423
2026-05-25T22:06:59.5690000,432
2026-05-25T22:07:00.6100000,431
2026-05-25T22:07:01.6510000,430
2026-05-25T22:07:02.6920000,425
2026-05-25T22:07:03.7320000,427
2026-05-25T22:07:04.7840000,420
2026-05-25T22:07:05.8240000,426
2026-05-25T22:07:06.8650000,423
2026-05-25T22:07:07.9060000,433
2026-05-25T22:07:08.9470000,419
2026-05-25T22:07:09.9870000,427
2026-05-25T22:07:11.0390000,411
2026-05-25T22:07:12.0790000,428
2026-05-25T22:07:13.1200000,411
2026-05-25T22:07:14.1610000,416
2026-05-25T22:07:15.2020000,431
2026-05-25T22:07:16.2430000,418
2026-05-25T22:07:17.2830000,430
2026-05-25T22:07:18.3350000,440
2026-05-25T22:07:19.3760000,400
2026-05-25T22:07:20.4160000,410
2026-05-25T22:07:21.4570000,410
2026-05-25T22:07:22.4980000,423
2026-05-25T22:07:23.5390000,427
2026-05-25T22:07:24.5900000,420
2026-05-25T22:07:25.6310000,431
2026-05-25T22:07:26.6720000,419
2026-05-25T22:07:27.7120000,435
2026-05-25T22:07:28.7530000,432
2026-05-25T22:07:29.7940000,418
2026-05-25T22:07:30.8450000,423
2026-05-25T22:07:31.8860000,425
2026-05-25T22:07:32.9260000,413
2026-05-25T22:07:33.9670000,420
2026-05-25T22:07:35.0080000,416
2026-05-25T22:07:36.0490000,427
2026-05-25T22:07:37.1000000,412
2026-05-25T22:07:38.1410000,412
2026-05-25T22:07:39.1810000,430
2026-05-25T22:07:40.2220000,416
2026-05-25T22:07:41.2630000,425
2026-05-25T22:07:42.3040000,411
2026-05-25T22:07:43.3550000,423
2026-05-25T22:07:44.3960000,420
2026-05-25T22:07:45.4370000,419
2026-05-25T22:07:46.4780000,424
2026-05-25T22:07:47.5180000,430
2026-05-25T22:07:48.5590000,409
2026-05-25T22:07:49.6030000,424
2026-05-25T22:07:50.6440000,416
2026-05-25T22:07:51.6950000,424
2026-05-25T22:07:52.7360000,428
2026-05-25T22:07:53.7770000,423
2026-05-25T22:07:54.8180000,428
2026-05-25T22:07:55.8580000,431
2026-05-25T22:07:56.8990000,426
2026-05-25T22:07:57.9500000,433
2026-05-25T22:07:58.9910000,431
2026-05-25T22:08:00.0320000,413
2026-05-25T22:08:01.0720000,412
2026-05-25T22:08:02.1130000,433
2026-05-25T22:08:03.1540000,418
2026-05-25T22:08:04.2050000,426
2026-05-25T22:08:05.2460000,422
2026-05-25T22:08:06.2870000,422
2026-05-25T22:08:07.3280000,410
2026-05-25T22:08:08.3680000,426
2026-05-25T22:08:09.4090000,433
2026-05-25T22:08:10.4600000,414
2026-05-25T22:08:11.5010000,410
2026-05-25T22:08:12.5420000,432
2026-05-25T22:08:13.5830000,420
2026-05-25T22:08:14.6240000,438
2026-05-25T22:08:15.6640000,415
2026-05-25T22:08:16.7120000,424
2026-05-25T22:08:17.7530000,432
2026-05-25T22:08:18.7930000,419
2026-05-25T22:08:19.8340000,427
2026-05-25T22:08:20.8850000,434
2026-05-25T22:08:21.9260000,436
2026-05-25T22:08:22.9670000,422
2026-05-25T22:08:24.0080000,429
2026-05-25T22:08:25.0480000,434
2026-05-25T22:08:26.1000000,420
2026-05-25T22:08:27.1400000,426
2026-05-25T22:08:28.1810000,429
2026-05-25T22:08:29.2220000,429
2026-05-25T22:08:30.2700000,433
2026-05-25T22:08:31.3100000,430
2026-05-25T22:08:32.3510000,416
2026-05-25T22:08:33.3920000,427
2026-05-25T22:08:34.4330000,426
2026-05-25T22:08:35.4740000,425
2026-05-25T22:08:36.5250000,430
2026-05-25T22:08:37.5660000,419
2026-05-25T22:08:38.6060000,427
2026-05-25T22:08:39.6470000,421
2026-05-25T22:08:40.6880000,423
2026-05-25T22:08:41.7290000,434
2026-05-25T22:08:42.7800000,432
2026-05-25T22:08:43.8200000,429
2026-05-25T22:08:44.8610000,431
2026-05-25T22:08:45.9020000,429
2026-05-25T22:08:46.9430000,424
2026-05-25T22:08:47.9840000,418
2026-05-25T22:08:49.0350000,424
2026-05-25T22:08:50.0760000,420
2026-05-25T22:08:51.1160000,442
2026-05-25T22:08:52.1570000,416
2026-05-25T22:08:53.1980000,434
2026-05-25T22:08:54.2390000,424
2026-05-25T22:08:55.2900000,428
2026-05-25T22:08:56.3310000,431
2026-05-25T22:08:57.3720000,425
2026-05-25T22:08:58.4120000,419
2026-05-25T22:08:59.4530000,420
2026-05-25T22:09:00.4940000,415
2026-05-25T22:09:01.5450000,422
2026-05-25T22:09:02.5860000,428
2026-05-25T22:09:03.6270000,420
2026-05-25T22:09:04.6670000,423
2026-05-25T22:09:05.7080000,424
2026-05-25T22:09:06.7590000,421
2026-05-25T22:09:07.8000000,423
2026-05-25T22:09:08.8410000,413
2026-05-25T22:09:09.8810000,445
2026-05-25T22:09:10.9220000,419
2026-05-25T22:09:11.9630000,442
2026-05-25T22:09:13.0140000,427
2026-05-25T22:09:14.0550000,413
2026-05-25T22:09:15.0960000,430
2026-05-25T22:09:16.1360000,415
2026-05-25T22:09:17.1770000,440
2026-05-25T22:09:18.2180000,430
2026-05-25T22:09:19.2690000,431
2026-05-25T22:09:20.3100000,429
2026-05-25T22:09:21.3510000,421
2026-05-25T22:09:22.3920000,430
2026-05-25T22:09:23.4320000,429
2026-05-25T22:09:24.4730000,432
2026-05-25T22:09:25.5210000,418
2026-05-25T22:09:26.5620000,427
2026-05-25T22:09:27.6030000,429
2026-05-25T22:09:28.6430000,420
2026-05-25T22:09:29.6940000,415
2026-05-25T22:09:30.7350000,430
2026-05-25T22:09:31.7760000,427
2026-05-25T22:09:32.8170000,433
2026-05-25T22:09:33.8570000,431
2026-05-25T22:09:34.9090000,423
2026-05-25T22:09:35.9490000,423
2026-05-25T22:09:36.9900000,442
2026-05-25T22:09:38.0310000,416
2026-05-25T22:09:39.0710000,429
2026-05-25T22:09:40.1160000,426
2026-05-25T22:09:41.1570000,430
2026-05-25T22:09:42.1970000,414
2026-05-25T22:09:43.2490000,433
2026-05-25T22:09:44.2900000,421
2026-05-25T22:09:45.3300000,412
2026-05-25T22:09:46.3710000,430
2026-05-25T22:09:47.4120000,424
2026-05-25T22:09:48.4530000,437
2026-05-25T22:09:49.5040000,418
2026-05-25T22:09:50.5450000,441
2026-05-25T22:09:51.5850000,419
2026-05-25T22:09:52.6260000,423
2026-05-25T22:09:53.6670000,427
2026-05-25T22:09:54.7180000,428
2026-05-25T22:09:55.7590000,425
2026-05-25T22:09:56.7990000,423
2026-05-25T22:09:57.8400000,423
2026-05-25T22:09:58.8810000,430
2026-05-25T22:09:59.9210000,430
2026-05-25T22:10:00.9730000,429
2026-05-25T22:10:02.0140000,428
2026-05-25T22:10:03.0540000,407
2026-05-25T22:10:04.0950000,414
2026-05-25T22:10:05.1360000,429
2026-05-25T22:10:06.1770000,439
2026-05-25T22:10:07.2210000,431
2026-05-25T22:10:08.2620000,419
2026-05-25T22:10:09.3130000,422
2026-05-25T22:10:10.3540000,439
2026-05-25T22:10:11.3950000,430
2026-05-25T22:10:12.4360000,432
2026-05-25T22:10:13.4770000,431
2026-05-25T22:10:14.5170000,423
2026-05-25T22:10:15.5690000,427
2026-05-25T22:10:16.6100000,421
2026-05-25T22:10:17.6500000,431
2026-05-25T22:10:18.6910000,433
2026-05-25T22:10:19.7320000,444
2026-05-25T22:10:20.7720000,432
2026-05-25T22:10:21.8240000,421
2026-05-25T22:10:22.8640000,430
2026-05-25T22:10:23.9050000,426
2026-05-25T22:10:24.9460000,440
2026-05-25T22:10:25.9870000,431
2026-05-25T22:10:27.0270000,428
2026-05-25T22:10:28.0790000,424
2026-05-25T22:10:29.1200000,445
2026-05-25T22:10:30.1600000,441
2026-05-25T22:10:31.2020000,433
2026-05-25T22:10:32.2420000,436
2026-05-25T22:10:33.2830000,431
2026-05-25T22:10:34.3340000,431
2026-05-25T22:10:35.3680000,446
2026-05-25T22:10:36.4190000,426
2026-05-25T22:10:37.4600000,427
2026-05-25T22:10:38.5010000,439
2026-05-25T22:10:39.5410000,436
2026-05-25T22:10:40.5820000,430
2026-05-25T22:10:41.6330000,437
2026-05-25T22:10:42.6740000,449
2026-05-25T22:10:43.7150000,438
2026-05-25T22:10:44.7550000,433
2026-05-25T22:10:45.7960000,463
2026-05-25T22:10:46.8370000,440
2026-05-25T22:10:47.8880000,437
2026-05-25T22:10:48.9290000,427
2026-05-25T22:10:49.9700000,444
2026-05-25T22:10:51.0110000,430
2026-05-25T22:10:52.0510000,441
2026-05-25T22:10:53.1030000,439
2026-05-25T22:10:54.1430000,442
2026-05-25T22:10:55.1840000,434
2026-05-25T22:10:56.2250000,447
2026-05-25T22:10:57.2660000,432
2026-05-25T22:10:58.3060000,430
2026-05-25T22:10:59.3580000,442
2026-05-25T22:11:00.3980000,454
2026-05-25T22:11:01.4390000,439
2026-05-25T22:11:02.4840000,432
2026-05-25T22:11:03.5240000,453
2026-05-25T22:11:04.5650000,444
2026-05-25T22:11:05.6060000,437
2026-05-25T22:11:06.6570000,445
2026-05-25T22:11:07.6980000,441
2026-05-25T22:11:08.7390000,438
2026-05-25T22:11:09.7790000,445
2026-05-25T22:11:10.8200000,427
2026-05-25T22:11:11.8720000,452
2026-05-25T22:11:12.9120000,446
2026-05-25T22:11:13.9530000,442
2026-05-25T22:11:14.9940000,449
2026-05-25T22:11:16.0350000,433
2026-05-25T22:11:17.0760000,435
2026-05-25T22:11:18.1270000,446
2026-05-25T22:11:19.1680000,441
2026-05-25T22:11:20.2090000,432
2026-05-25T22:11:21.2490000,440
2026-05-25T22:11:22.2900000,451
2026-05-25T22:11:23.3310000,435
2026-05-25T22:11:24.3820000,440
2026-05-25T22:11:25.4230000,440
2026-05-25T22:11:26.4640000,439
2026-05-25T22:11:27.5040000,458
2026-05-25T22:11:28.5450000,439
2026-05-25T22:11:29.5960000,448
2026-05-25T22:11:30.6330000,447
2026-05-25T22:11:31.6740000,432
2026-05-25T22:11:32.7150000,447
2026-05-25T22:11:33.7660000,439
2026-05-25T22:11:34.8070000,438
2026-05-25T22:11:35.8480000,440
2026-05-25T22:11:36.8890000,448
2026-05-25T22:11:37.9290000,446
2026-05-25T22:11:38.9810000,456
2026-05-25T22:11:40.0210000,447
2026-05-25T22:11:41.0620000,442
2026-05-25T22:11:42.1030000,442
2026-05-25T22:11:43.1440000,455
2026-05-25T22:11:44.1850000,449
2026-05-25T22:11:45.2360000,431
2026-05-25T22:11:46.2770000,439
2026-05-25T22:11:47.3170000,439
2026-05-25T22:11:48.3580000,451
2026-05-25T22:11:49.3990000,455
2026-05-25T22:11:50.4500000,449
2026-05-25T22:11:51.4910000,437
2026-05-25T22:11:52.5320000,445
2026-05-25T22:11:53.5720000,459
2026-05-25T22:11:54.6130000,457
2026-05-25T22:11:55.6540000,448
2026-05-25T22:11:56.7050000,436
2026-05-25T22:11:57.7390000,454
2026-05-25T22:11:58.7900000,447
2026-05-25T22:11:59.8310000,450
2026-05-25T22:12:00.8720000,435
2026-05-25T22:12:01.9130000,445
2026-05-25T22:12:02.9540000,451
2026-05-25T22:12:03.9940000,442
2026-05-25T22:12:05.0460000,427
2026-05-25T22:12:06.0860000,439
2026-05-25T22:12:07.1270000,441
2026-05-25T22:12:08.1680000,427
2026-05-25T22:12:09.2090000,459
2026-05-25T22:12:10.2500000,451
2026-05-25T22:12:11.3010000,454
2026-05-25T22:12:12.3420000,448
2026-05-25T22:12:13.3830000,451
2026-05-25T22:12:14.4240000,462
2026-05-25T22:12:15.4640000,455
2026-05-25T22:12:16.5050000,449
2026-05-25T22:12:17.5560000,442
2026-05-25T22:12:18.5970000,445
2026-05-25T22:12:19.6380000,442
2026-05-25T22:12:20.6790000,430
2026-05-25T22:12:21.7190000,447
2026-05-25T22:12:22.7600000,444
2026-05-25T22:12:23.8120000,432
2026-05-25T22:12:24.8520000,446
2026-05-25T22:12:25.8930000,449
2026-05-25T22:12:26.9340000,441
2026-05-25T22:12:27.9750000,439
2026-05-25T22:12:29.0160000,448
2026-05-25T22:12:30.0670000,441
2026-05-25T22:12:31.1080000,441
2026-05-25T22:12:32.1480000,448
2026-05-25T22:12:33.1890000,452
2026-05-25T22:12:34.2300000,439
2026-05-25T22:12:35.2810000,452
2026-05-25T22:12:36.3220000,445
2026-05-25T22:12:37.3630000,434
2026-05-25T22:12:38.4030000,447
2026-05-25T22:12:39.4480000,439
2026-05-25T22:12:40.4880000,446
2026-05-25T22:12:41.5300000,441
2026-05-25T22:12:42.5700000,446
2026-05-25T22:12:43.6220000,430
2026-05-25T22:12:44.6620000,444
2026-05-25T22:12:45.7030000,453
2026-05-25T22:12:46.7440000,451
2026-05-25T22:12:47.7850000,446
2026-05-25T22:12:48.8260000,444
2026-05-25T22:12:49.8770000,429
2026-05-25T22:12:50.9180000,452
2026-05-25T22:12:51.9590000,434
2026-05-25T22:12:53.0000000,448
2026-05-25T22:12:54.0400000,442
2026-05-25T22:12:55.0810000,432
2026-05-25T22:12:56.1330000,434
2026-05-25T22:12:57.1730000,433
2026-05-25T22:12:58.2140000,452
2026-05-25T22:12:59.2550000,447
2026-05-25T22:13:00.2960000,442
2026-05-25T22:13:01.3370000,446
2026-05-25T22:13:02.3880000,455
2026-05-25T22:13:03.4290000,441
2026-05-25T22:13:04.4690000,433
2026-05-25T22:13:05.5100000,437
2026-05-25T22:13:06.5510000,442
2026-05-25T22:13:07.5950000,443
2026-05-25T22:13:08.6360000,445
2026-05-25T22:13:09.6870000,447
2026-05-25T22:13:10.7280000,443
2026-05-25T22:13:11.7690000,447
2026-05-25T22:13:12.8100000,435
2026-05-25T22:13:13.8500000,435
2026-05-25T22:13:14.8910000,444
2026-05-25T22:13:15.9430000,444
2026-05-25T22:13:16.9830000,448
2026-05-25T22:13:18.0240000,445
2026-05-25T22:13:19.0650000,435
2026-05-25T22:13:20.1060000,444
2026-05-25T22:13:21.1470000,432
2026-05-25T22:13:22.1980000,451
2026-05-25T22:13:23.2390000,440
2026-05-25T22:13:24.2800000,432
2026-05-25T22:13:25.3210000,423
2026-05-25T22:13:26.3610000,443
2026-05-25T22:13:27.4020000,448
2026-05-25T22:13:28.4530000,433
2026-05-25T22:13:29.4940000,440
2026-05-25T22:13:30.5350000,444
2026-05-25T22:13:31.5760000,435
2026-05-25T22:13:32.6170000,444
2026-05-25T22:13:33.6580000,452
2026-05-25T22:13:34.7090000,429
2026-05-25T22:13:35.7500000,437
2026-05-25T22:13:36.7900000,433
2026-05-25T22:13:37.8310000,445
2026-05-25T22:13:38.8720000,445
2026-05-25T22:13:39.9130000,438
2026-05-25T22:13:40.9640000,447
2026-05-25T22:13:42.0050000,439
2026-05-25T22:13:43.0460000,429
2026-05-25T22:13:44.0860000,439
2026-05-25T22:13:45.1270000,440
2026-05-25T22:13:46.1790000,426
2026-05-25T22:13:47.2190000,427
2026-05-25T22:13:48.2600000,445
2026-05-25T22:13:49.3010000,444
2026-05-25T22:13:50.3410000,434
2026-05-25T22:13:51.3820000,420
2026-05-25T22:13:52.4330000,435
2026-05-25T22:13:53.4740000,443
2026-05-25T22:13:54.5150000,445
2026-05-25T22:13:55.5560000,437
2026-05-25T22:13:56.5960000,444
2026-05-25T22:13:57.6370000,441
2026-05-25T22:13:58.6890000,444
2026-05-25T22:13:59.7290000,430
2026-05-25T22:14:00.7700000,433
2026-05-25T22:14:01.8110000,435
2026-05-25T22:14:02.8550000,436
2026-05-25T22:14:03.8960000,435
2026-05-25T22:14:04.9370000,433
2026-05-25T22:14:05.9780000,433
2026-05-25T22:14:07.0290000,432
2026-05-25T22:14:08.0700000,437
2026-05-25T22:14:09.1110000,433
2026-05-25T22:14:10.1510000,442
2026-05-25T22:14:11.1920000,431
2026-05-25T22:14:12.2330000,435
2026-05-25T22:14:13.2840000,427
2026-05-25T22:14:14.3250000,452
2026-05-25T22:14:15.3660000,422
2026-05-25T22:14:16.4060000,445
2026-05-25T22:14:17.4470000,435
2026-05-25T22:14:18.4980000,439
2026-05-25T22:14:19.5390000,444
2026-05-25T22:14:20.5800000,437
2026-05-25T22:14:21.6210000,434
2026-05-25T22:14:22.6620000,436
2026-05-25T22:14:23.7030000,432
2026-05-25T22:14:24.7540000,443
2026-05-25T22:14:25.7950000,444
2026-05-25T22:14:26.8360000,434
2026-05-25T22:14:27.8760000,415
2026-05-25T22:14:28.9170000,412
2026-05-25T22:14:29.9690000,441
2026-05-25T22:14:31.0090000,423
2026-05-25T22:14:32.0500000,443
2026-05-25T22:14:33.0910000,427
2026-05-25T22:14:34.1320000,419
2026-05-25T22:14:35.1720000,423
2026-05-25T22:14:36.2230000,437
2026-05-25T22:14:37.2640000,432
2026-05-25T22:14:38.3050000,425
2026-05-25T22:14:39.3460000,441
2026-05-25T22:14:40.3870000,440
2026-05-25T22:14:41.4380000,436
2026-05-25T22:14:42.4790000,427
2026-05-25T22:14:43.5230000,432
2026-05-25T22:14:44.5640000,420
2026-05-25T22:14:45.6050000,448
2026-05-25T22:14:46.6450000,433
2026-05-25T22:14:47.6860000,437
2026-05-25T22:14:48.7380000,433
2026-05-25T22:14:49.7780000,410
2026-05-25T22:14:50.8190000,431
2026-05-25T22:14:51.8600000,422
2026-05-25T22:14:52.9010000,437
2026-05-25T22:14:53.9420000,424
2026-05-25T22:14:54.9930000,430
2026-05-25T22:14:56.0340000,423
2026-05-25T22:14:57.0740000,427
2026-05-25T22:14:58.1150000,428
2026-05-25T22:14:59.1560000,430
2026-05-25T22:15:00.2070000,442
2026-05-25T22:15:01.2480000,439
2026-05-25T22:15:02.2890000,441
2026-05-25T22:15:03.3300000,445
2026-05-25T22:15:04.3700000,446
2026-05-25T22:15:05.4110000,430
2026-05-25T22:15:06.4620000,438
2026-05-25T22:15:07.5030000,429
2026-05-25T22:15:08.5440000,422
2026-05-25T22:15:09.5850000,430
2026-05-25T22:15:10.6260000,434
2026-05-25T22:15:11.6700000,442
2026-05-25T22:15:12.7110000,424
2026-05-25T22:15:13.7520000,435
2026-05-25T22:15:14.8030000,436
2026-05-25T22:15:15.8440000,411
2026-05-25T22:15:16.8840000,419
2026-05-25T22:15:17.9250000,441
2026-05-25T22:15:18.9660000,430
2026-05-25T22:15:20.0170000,435
2026-05-25T22:15:21.0580000,416
2026-05-25T22:15:22.0990000,446
2026-05-25T22:15:23.1400000,433
2026-05-25T22:15:24.1800000,426
2026-05-25T22:15:25.2210000,434
2026-05-25T22:15:26.2720000,423
2026-05-25T22:15:27.3130000,416
2026-05-25T22:15:28.3540000,427
2026-05-25T22:15:29.3950000,425
2026-05-25T22:15:30.4360000,426
2026-05-25T22:15:31.4770000,442
2026-05-25T22:15:32.5280000,436
2026-05-25T22:15:33.5690000,423
2026-05-25T22:15:34.6100000,426
2026-05-25T22:15:35.6500000,436
2026-05-25T22:15:36.6910000,437
2026-05-25T22:15:37.7420000,432
2026-05-25T22:15:38.7830000,437
2026-05-25T22:15:39.8240000,420
2026-05-25T22:15:40.8650000,430
2026-05-25T22:15:41.9060000,424
2026-05-25T22:15:42.9460000,434
2026-05-25T22:15:43.9980000,421
2026-05-25T22:15:45.0380000,443
2026-05-25T22:15:46.0790000,424
2026-05-25T22:15:47.1200000,438
2026-05-25T22:15:48.1600000,412
2026-05-25T22:15:49.2010000,425
2026-05-25T22:15:50.2520000,430
2026-05-25T22:15:51.2930000,423
2026-05-25T22:15:52.3340000,434
2026-05-25T22:15:53.3820000,418
2026-05-25T22:15:54.4230000,413
2026-05-25T22:15:55.4630000,434
2026-05-25T22:15:56.5040000,431
2026-05-25T22:15:57.5450000,426
2026-05-25T22:15:58.5860000,433
2026-05-25T22:15:59.6370000,435
2026-05-25T22:16:00.6780000,430
2026-05-25T22:16:01.7190000,432
2026-05-25T22:16:02.7600000,431
2026-05-25T22:16:03.8010000,431
2026-05-25T22:16:04.8410000,423
2026-05-25T22:16:05.8930000,426
2026-05-25T22:16:06.9340000,429
2026-05-25T22:16:07.9750000,425
2026-05-25T22:16:09.0150000,423
2026-05-25T22:16:10.0560000,424
2026-05-25T22:16:11.0970000,412
2026-05-25T22:16:12.1480000,430
2026-05-25T22:16:13.1880000,418
2026-05-25T22:16:14.2290000,444
2026-05-25T22:16:15.2700000,428
2026-05-25T22:16:16.3110000,427
2026-05-25T22:16:17.3620000,430
2026-05-25T22:16:18.4030000,416
2026-05-25T22:16:19.4440000,427
2026-05-25T22:16:20.4880000,427
2026-05-25T22:16:21.5290000,418
2026-05-25T22:16:22.5690000,430
2026-05-25T22:16:23.6100000,435
2026-05-25T22:16:24.6510000,425
2026-05-25T22:16:25.7020000,422
2026-05-25T22:16:26.7430000,444
2026-05-25T22:16:27.7840000,437
2026-05-25T22:16:28.8250000,429
2026-05-25T22:16:29.8650000,418
2026-05-25T22:16:30.9060000,423
2026-05-25T22:16:31.9580000,424
2026-05-25T22:16:32.9980000,431
2026-05-25T22:16:34.0390000,416
2026-05-25T22:16:35.0800000,433
2026-05-25T22:16:36.1210000,422
2026-05-25T22:16:37.1720000,424
2026-05-25T22:16:38.2130000,426
2026-05-25T22:16:39.2540000,423
2026-05-25T22:16:40.2940000,426
2026-05-25T22:16:41.3350000,431
2026-05-25T22:16:42.3760000,418
2026-05-25T22:16:43.4270000,442
2026-05-25T22:16:44.4680000,426
2026-05-25T22:16:45.5090000,434
2026-05-25T22:16:46.5500000,428
2026-05-25T22:16:47.5900000,424
2026-05-25T22:16:48.6380000,432
2026-05-25T22:16:49.6790000,419
2026-05-25T22:16:50.7200000,418
2026-05-25T22:16:51.7610000,419
2026-05-25T22:16:52.8120000,427
2026-05-25T22:16:53.8530000,418
2026-05-25T22:16:54.8930000,437
2026-05-25T22:16:55.9340000,433
2026-05-25T22:16:56.9750000,422
2026-05-25T22:16:58.0260000,423
2026-05-25T22:16:59.0670000,430
2026-05-25T22:17:00.1070000,425
2026-05-25T22:17:01.1480000,422
2026-05-25T22:17:02.1890000,425
2026-05-25T22:17:03.2400000,411
2026-05-25T22:17:04.2810000,427
2026-05-25T22:17:05.3210000,424
2026-05-25T22:17:06.3620000,431
2026-05-25T22:17:07.4030000,420
2026-05-25T22:17:08.4440000,427
2026-05-25T22:17:09.4950000,426
2026-05-25T22:17:10.5360000,420
2026-05-25T22:17:11.5770000,430
2026-05-25T22:17:12.6180000,425
2026-05-25T22:17:13.6590000,424
2026-05-25T22:17:14.7100000,427
2026-05-25T22:17:15.7440000,414
2026-05-25T22:17:16.7950000,420
2026-05-25T22:17:17.8360000,419
2026-05-25T22:17:18.8760000,414
2026-05-25T22:17:19.9170000,423
2026-05-25T22:17:20.9580000,436
2026-05-25T22:17:21.9990000,433
2026-05-25T22:17:23.0500000,435
2026-05-25T22:17:24.0910000,437
2026-05-25T22:17:25.1310000,430
2026-05-25T22:17:26.1720000,426
2026-05-25T22:17:27.2130000,423
2026-05-25T22:17:28.2640000,431
2026-05-25T22:17:29.2980000,419
2026-05-25T22:17:30.3490000,421
2026-05-25T22:17:31.3900000,418
2026-05-25T22:17:32.4310000,422
2026-05-25T22:17:33.4720000,428
2026-05-25T22:17:34.5130000,437
2026-05-25T22:17:35.5530000,421
2026-05-25T22:17:36.6050000,410
2026-05-25T22:17:37.6460000,418
2026-05-25T22:17:38.6870000,431
2026-05-25T22:17:39.7270000,418
2026-05-25T22:17:40.7680000,420
2026-05-25T22:17:41.8090000,416
2026-05-25T22:17:42.8600000,425
2026-05-25T22:17:43.8940000,420
2026-05-25T22:17:44.9450000,433
2026-05-25T22:17:45.9860000,418
2026-05-25T22:17:47.0270000,429
2026-05-25T22:17:48.0680000,432
2026-05-25T22:17:49.1080000,431
2026-05-25T22:17:50.1590000,427
2026-05-25T22:17:51.2000000,428
2026-05-25T22:17:52.2410000,430
2026-05-25T22:17:53.2820000,423
2026-05-25T22:17:54.3230000,431
2026-05-25T22:17:55.3740000,426
2026-05-25T22:17:56.4150000,436
2026-05-25T22:17:57.4590000,427
2026-05-25T22:17:58.5000000,425
2026-05-25T22:17:59.5410000,442
2026-05-25T22:18:00.5810000,431
2026-05-25T22:18:01.6220000,427
2026-05-25T22:18:02.6630000,417
2026-05-25T22:18:03.7140000,431
2026-05-25T22:18:04.7550000,433
2026-05-25T22:18:05.7960000,414
2026-05-25T22:18:06.8360000,433
2026-05-25T22:18:07.8770000,424
2026-05-25T22:18:08.9280000,415
2026-05-25T22:18:09.9690000,414
2026-05-25T22:18:11.0130000,423
2026-05-25T22:18:12.0540000,409
2026-05-25T22:18:13.0950000,436
2026-05-25T22:18:14.1360000,432
2026-05-25T22:18:15.1760000,415
2026-05-25T22:18:16.2280000,431
2026-05-25T22:18:17.2680000,420
2026-05-25T22:18:18.3090000,440
2026-05-25T22:18:19.3500000,423
2026-05-25T22:18:20.3910000,417
2026-05-25T22:18:21.4320000,433
2026-05-25T22:18:22.4830000,409
2026-05-25T22:18:23.5240000,436
2026-05-25T22:18:24.5640000,448
2026-05-25T22:18:25.6090000,438
2026-05-25T22:18:26.6490000,423
2026-05-25T22:18:27.6900000,432
2026-05-25T22:18:28.7310000,430
2026-05-25T22:18:29.7820000,436
2026-05-25T22:18:30.8230000,415
2026-05-25T22:18:31.8630000,434
2026-05-25T22:18:32.9040000,426
2026-05-25T22:18:33.9450000,435
2026-05-25T22:18:34.9850000,427
2026-05-25T22:18:36.0370000,433
2026-05-25T22:18:37.0780000,427
2026-05-25T22:18:38.1180000,427
2026-05-25T22:18:39.1590000,426
2026-05-25T22:18:40.2000000,431
2026-05-25T22:18:41.2410000,423
2026-05-25T22:18:42.2920000,433
2026-05-25T22:18:43.3330000,423
2026-05-25T22:18:44.3730000,422
2026-05-25T22:18:45.4140000,426
2026-05-25T22:18:46.4550000,434
2026-05-25T22:18:47.5060000,425
2026-05-25T22:18:48.5470000,427
2026-05-25T22:18:49.5880000,418
2026-05-25T22:18:50.6290000,448
2026-05-25T22:18:51.6700000,438
2026-05-25T22:18:52.7140000,433
2026-05-25T22:18:53.7550000,434
2026-05-25T22:18:54.7960000,422
2026-05-25T22:18:55.8470000,429
2026-05-25T22:18:56.8870000,420
2026-05-25T22:18:57.9280000,415
2026-05-25T22:18:58.9690000,430
2026-05-25T22:19:00.0100000,444
2026-05-25T22:19:01.0610000,446
2026-05-25T22:19:02.1010000,431
2026-05-25T22:19:03.1420000,438
2026-05-25T22:19:04.1830000,423
2026-05-25T22:19:05.2240000,430
2026-05-25T22:19:06.2650000,445
2026-05-25T22:19:07.3160000,420
2026-05-25T22:19:08.3570000,428
2026-05-25T22:19:09.3980000,432
2026-05-25T22:19:10.4380000,434
2026-05-25T22:19:11.4790000,430
2026-05-25T22:19:12.5200000,436
2026-05-25T22:19:13.5710000,435
2026-05-25T22:19:14.6120000,431
2026-05-25T22:19:15.6530000,419
2026-05-25T22:19:16.6930000,448
2026-05-25T22:19:17.7340000,426
2026-05-25T22:19:18.7850000,417
2026-05-25T22:19:19.8260000,430
2026-05-25T22:19:20.8630000,436
2026-05-25T22:19:21.9040000,426
2026-05-25T22:19:22.9550000,421
2026-05-25T22:19:23.9960000,435
2026-05-25T22:19:25.0370000,435
2026-05-25T22:19:26.0780000,429
2026-05-25T22:19:27.1180000,426
2026-05-25T22:19:28.1590000,433
2026-05-25T22:19:29.2100000,433
2026-05-25T22:19:30.2510000,424
2026-05-25T22:19:31.2920000,411
2026-05-25T22:19:32.3330000,430
2026-05-25T22:19:33.3740000,431
2026-05-25T22:19:34.4250000,420
2026-05-25T22:19:35.4660000,434
2026-05-25T22:19:36.5060000,429
2026-05-25T22:19:37.5470000,437
2026-05-25T22:19:38.5880000,429
2026-05-25T22:19:39.6290000,439
2026-05-25T22:19:40.6800000,429
2026-05-25T22:19:41.7210000,431
2026-05-25T22:19:42.7620000,436
2026-05-25T22:19:43.8030000,440
2026-05-25T22:19:44.8430000,420
2026-05-25T22:19:45.8840000,416
2026-05-25T22:19:46.9360000,451
2026-05-25T22:19:47.9690000,415
2026-05-25T22:19:49.0210000,439
2026-05-25T22:19:50.0610000,432
2026-05-25T22:19:51.1020000,420
2026-05-25T22:19:52.1430000,433
2026-05-25T22:19:53.1840000,425
2026-05-25T22:19:54.2350000,424
2026-05-25T22:19:55.2760000,431
2026-05-25T22:19:56.3170000,435
2026-05-25T22:19:57.3570000,431
2026-05-25T22:19:58.3980000,416
2026-05-25T22:19:59.4390000,430
2026-05-25T22:20:00.4900000,440
2026-05-25T22:20:01.5240000,435
2026-05-25T22:20:02.5760000,418
2026-05-25T22:20:03.6160000,418
2026-05-25T22:20:04.6570000,429
2026-05-25T22:20:05.6980000,433
2026-05-25T22:20:06.7390000,426
2026-05-25T22:20:07.7790000,413
2026-05-25T22:20:08.8300000,410
2026-05-25T22:20:09.8710000,422
2026-05-25T22:20:10.9120000,423
2026-05-25T22:20:11.9550000,437
2026-05-25T22:20:12.9960000,427
2026-05-25T22:20:14.0370000,438
2026-05-25T22:20:15.0880000,441
2026-05-25T22:20:16.1220000,434
2026-05-25T22:20:17.1730000,442
2026-05-25T22:20:18.2140000,434
2026-05-25T22:20:19.2540000,429
2026-05-25T22:20:20.2950000,433
2026-05-25T22:20:21.3360000,431
2026-05-25T22:20:22.3770000,427
2026-05-25T22:20:23.4280000,413
2026-05-25T22:20:24.4690000,410
2026-05-25T22:20:25.5100000,427
2026-05-25T22:20:26.5500000,433
2026-05-25T22:20:27.5910000,422
2026-05-25T22:20:28.6320000,434
2026-05-25T22:20:29.6760000,442
2026-05-25T22:20:30.7270000,432
2026-05-25T22:20:31.7680000,431
2026-05-25T22:20:32.8090000,430
2026-05-25T22:20:33.8500000,426
2026-05-25T22:20:34.8900000,426
2026-05-25T22:20:35.9310000,438
2026-05-25T22:20:36.9820000,420
2026-05-25T22:20:38.0230000,430
2026-05-25T22:20:39.0640000,424
2026-05-25T22:20:40.1050000,423
2026-05-25T22:20:41.1450000,436
2026-05-25T22:20:42.1860000,415
2026-05-25T22:20:43.2300000,422
2026-05-25T22:20:44.2820000,430
2026-05-25T22:20:45.3220000,429
2026-05-25T22:20:46.3630000,431
2026-05-25T22:20:47.4040000,422
2026-05-25T22:20:48.4450000,429
2026-05-25T22:20:49.4850000,434
2026-05-25T22:20:50.5370000,426
2026-05-25T22:20:51.5780000,420
2026-05-25T22:20:52.6180000,423
2026-05-25T22:20:53.6590000,432
2026-05-25T22:20:54.7000000,420
2026-05-25T22:20:55.7410000,424
2026-05-25T22:20:56.7920000,434
2026-05-25T22:20:57.8290000,423
2026-05-25T22:20:58.8700000,426
2026-05-25T22:20:59.9110000,422
2026-05-25T22:21:00.9620000,413
2026-05-25T22:21:02.0030000,419
2026-05-25T22:21:03.0440000,430
2026-05-25T22:21:04.0850000,430
2026-05-25T22:21:05.1250000,420
2026-05-25T22:21:06.1770000,427
2026-05-25T22:21:07.2180000,425
2026-05-25T22:21:08.2580000,445
2026-05-25T22:21:09.2990000,429
2026-05-25T22:21:10.3400000,435
2026-05-25T22:21:11.3840000,429
2026-05-25T22:21:12.4250000,440
2026-05-25T22:21:13.4660000,424
2026-05-25T22:21:14.5170000,435
2026-05-25T22:21:15.5580000,437
2026-05-25T22:21:16.5990000,428
2026-05-25T22:21:17.6390000,424
2026-05-25T22:21:18.6800000,420
2026-05-25T22:21:19.7310000,421
2026-05-25T22:21:20.7720000,424
2026-05-25T22:21:21.8130000,419
2026-05-25T22:21:22.8540000,434
2026-05-25T22:21:23.8950000,431
2026-05-25T22:21:24.9390000,427
2026-05-25T22:21:25.9800000,419
2026-05-25T22:21:27.0210000,429
2026-05-25T22:21:28.0720000,433
2026-05-25T22:21:29.1130000,433
2026-05-25T22:21:30.1540000,414
2026-05-25T22:21:31.1950000,433
2026-05-25T22:21:32.2350000,420
2026-05-25T22:21:33.2870000,430
2026-05-25T22:21:34.3270000,445
2026-05-25T22:21:35.3680000,423
2026-05-25T22:21:36.4090000,440
2026-05-25T22:21:37.4500000,429
2026-05-25T22:21:38.4910000,437
2026-05-25T22:21:39.5380000,427
2026-05-25T22:21:40.5790000,428
2026-05-25T22:21:41.6200000,422
2026-05-25T22:21:42.6710000,444
2026-05-25T22:21:43.7120000,432
2026-05-25T22:21:44.7530000,412
2026-05-25T22:21:45.7940000,431
2026-05-25T22:21:46.8340000,420
2026-05-25T22:21:47.8750000,431
2026-05-25T22:21:48.9260000,428
2026-05-25T22:21:49.9670000,422
2026-05-25T22:21:51.0080000,430
2026-05-25T22:21:52.0480000,421
2026-05-25T22:21:53.0930000,425
2026-05-25T22:21:54.1340000,428
2026-05-25T22:21:55.1740000,410
2026-05-25T22:21:56.2260000,425
2026-05-25T22:21:57.2660000,432
2026-05-25T22:21:58.3070000,431
2026-05-25T22:21:59.3480000,432
2026-05-25T22:22:00.3890000,430
2026-05-25T22:22:01.4300000,430
2026-05-25T22:22:02.4810000,423
2026-05-25T22:22:03.5220000,425
2026-05-25T22:22:04.5620000,425
2026-05-25T22:22:05.6030000,411
2026-05-25T22:22:06.6470000,420
2026-05-25T22:22:07.6880000,420
2026-05-25T22:22:08.7290000,432
2026-05-25T22:22:09.7800000,439
2026-05-25T22:22:10.8200000,425
2026-05-25T22:22:11.8610000,433
2026-05-25T22:22:12.9020000,423
2026-05-25T22:22:13.9430000,433
2026-05-25T22:22:14.9940000,427
2026-05-25T22:22:16.0350000,426
2026-05-25T22:22:17.0760000,426
2026-05-25T22:22:18.1160000,423
2026-05-25T22:22:19.1570000,431
2026-05-25T22:22:20.2020000,421
2026-05-25T22:22:21.2420000,432
2026-05-25T22:22:22.2940000,426
2026-05-25T22:22:23.3340000,430
2026-05-25T22:22:24.3750000,417
2026-05-25T22:22:25.4160000,426
2026-05-25T22:22:26.4570000,422
2026-05-25T22:22:27.4970000,426
2026-05-25T22:22:28.5490000,432
2026-05-25T22:22:29.5890000,440
2026-05-25T22:22:30.6300000,438
2026-05-25T22:22:31.6710000,429
2026-05-25T22:22:32.7120000,430
2026-05-25T22:22:33.7630000,432
2026-05-25T22:22:34.8000000,431
2026-05-25T22:22:35.8410000,418
2026-05-25T22:22:36.8820000,420
2026-05-25T22:22:37.9330000,437
2026-05-25T22:22:38.9740000,419
2026-05-25T22:22:40.0140000,416
2026-05-25T22:22:41.0550000,424
2026-05-25T22:22:42.0960000,422
2026-05-25T22:22:43.1470000,433
2026-05-25T22:22:44.1880000,405
2026-05-25T22:22:45.2290000,438
2026-05-25T22:22:46.2700000,427
2026-05-25T22:22:47.3110000,439
2026-05-25T22:22:48.3510000,433
2026-05-25T22:22:49.4030000,433
2026-05-25T22:22:50.4440000,442
2026-05-25T22:22:51.4840000,432
2026-05-25T22:22:52.5250000,433
2026-05-25T22:22:53.5660000,431
2026-05-25T22:22:54.6170000,438
2026-05-25T22:22:55.6580000,442
2026-05-25T22:22:56.6980000,440
2026-05-25T22:22:57.7390000,447
2026-05-25T22:22:58.7800000,426
2026-05-25T22:22:59.8310000,438
2026-05-25T22:23:00.8720000,451
2026-05-25T22:23:01.9160000,423
2026-05-25T22:23:02.9570000,436
2026-05-25T22:23:03.9980000,432
2026-05-25T22:23:05.0380000,441
2026-05-25T22:23:06.0790000,451
2026-05-25T22:23:07.1300000,437
2026-05-25T22:23:08.1710000,445
2026-05-25T22:23:09.2120000,428
2026-05-25T22:23:10.2530000,442
2026-05-25T22:23:11.2940000,436
2026-05-25T22:23:12.3340000,428
2026-05-25T22:23:13.3860000,445
2026-05-25T22:23:14.4260000,442
2026-05-25T22:23:15.4710000,455
2026-05-25T22:23:16.5110000,435
2026-05-25T22:23:17.5520000,436
2026-05-25T22:23:18.5930000,438
2026-05-25T22:23:19.6340000,447
2026-05-25T22:23:20.6850000,435
2026-05-25T22:23:21.7260000,446
2026-05-25T22:23:22.7670000,441
2026-05-25T22:23:23.8080000,447
2026-05-25T22:23:24.8480000,444
2026-05-25T22:23:25.8890000,448
2026-05-25T22:23:26.9410000,462
2026-05-25T22:23:27.9810000,446
2026-05-25T22:23:29.0220000,451
2026-05-25T22:23:30.0630000,437
2026-05-25T22:23:31.1040000,453
2026-05-25T22:23:32.1550000,459
2026-05-25T22:23:33.1960000,444
2026-05-25T22:23:34.2370000,446
2026-05-25T22:23:35.2780000,432
2026-05-25T22:23:36.3180000,430
2026-05-25T22:23:37.3590000,453
2026-05-25T22:23:38.4100000,453
2026-05-25T22:23:39.4510000,447
2026-05-25T22:23:40.4920000,455
2026-05-25T22:23:41.5330000,448
2026-05-25T22:23:42.5730000,455
2026-05-25T22:23:43.6180000,442
2026-05-25T22:23:44.6580000,445
2026-05-25T22:23:45.7100000,444
2026-05-25T22:23:46.7500000,451
2026-05-25T22:23:47.7910000,444
2026-05-25T22:23:48.8320000,452
2026-05-25T22:23:49.8730000,444
2026-05-25T22:23:50.9130000,459
2026-05-25T22:23:51.9650000,445
2026-05-25T22:23:53.0050000,454
2026-05-25T22:23:54.0460000,447
2026-05-25T22:23:55.0870000,454
2026-05-25T22:23:56.1280000,446
2026-05-25T22:23:57.1790000,449
2026-05-25T22:23:58.2200000,462
2026-05-25T22:23:59.2610000,464
2026-05-25T22:24:00.3020000,460
2026-05-25T22:24:01.3420000,450
2026-05-25T22:24:02.3830000,455
2026-05-25T22:24:03.4340000,455
2026-05-25T22:24:04.4750000,449
2026-05-25T22:24:05.5160000,441
2026-05-25T22:24:06.5570000,466
2026-05-25T22:24:07.5970000,454
2026-05-25T22:24:08.6490000,441
2026-05-25T22:24:09.6890000,438
2026-05-25T22:24:10.7300000,464
2026-05-25T22:24:11.7720000,447
2026-05-25T22:24:12.8120000,455
2026-05-25T22:24:13.8530000,454
2026-05-25T22:24:14.9040000,454
2026-05-25T22:24:15.9450000,456
2026-05-25T22:24:16.9860000,452
2026-05-25T22:24:18.0270000,447
2026-05-25T22:24:19.0680000,449
2026-05-25T22:24:20.1090000,455
2026-05-25T22:24:21.1600000,449
2026-05-25T22:24:22.2010000,451
2026-05-25T22:24:23.2410000,451
2026-05-25T22:24:24.2820000,473
2026-05-25T22:24:25.3230000,453
2026-05-25T22:24:26.3740000,446
2026-05-25T22:24:27.4150000,452
2026-05-25T22:24:28.4550000,456
2026-05-25T22:24:29.4960000,459
2026-05-25T22:24:30.5370000,432
2026-05-25T22:24:31.5880000,448
2026-05-25T22:24:32.6290000,456
2026-05-25T22:24:33.6700000,443
2026-05-25T22:24:34.7100000,449
2026-05-25T22:24:35.7510000,456
2026-05-25T22:24:36.7920000,437
2026-05-25T22:24:37.8430000,453
2026-05-25T22:24:38.8840000,447
2026-05-25T22:24:39.9250000,444
2026-05-25T22:24:40.9660000,459
2026-05-25T22:24:42.0070000,447
2026-05-25T22:24:43.0580000,443
2026-05-25T22:24:44.0990000,441
2026-05-25T22:24:45.1400000,456
2026-05-25T22:24:46.1800000,446
2026-05-25T22:24:47.2210000,442
2026-05-25T22:24:48.2620000,444
2026-05-25T22:24:49.3130000,445
2026-05-25T22:24:50.3540000,446
2026-05-25T22:24:51.3940000,451
2026-05-25T22:24:52.4390000,448
2026-05-25T22:24:53.4790000,447
2026-05-25T22:24:54.5200000,446
2026-05-25T22:24:55.5610000,451
2026-05-25T22:24:56.6130000,446
2026-05-25T22:24:57.6530000,432
2026-05-25T22:24:58.6940000,420
2026-05-25T22:24:59.7350000,447
2026-05-25T22:25:00.7760000,451
2026-05-25T22:25:01.8170000,443
2026-05-25T22:25:02.8680000,467
2026-05-25T22:25:03.9090000,443
2026-05-25T22:25:04.9500000,457
2026-05-25T22:25:05.9910000,461
2026-05-25T22:25:07.0310000,446
2026-05-25T22:25:08.0830000,441
2026-05-25T22:25:09.1230000,443
2026-05-25T22:25:10.1640000,424
2026-05-25T22:25:11.2050000,445
2026-05-25T22:25:12.2450000,435
2026-05-25T22:25:13.2970000,447
2026-05-25T22:25:14.3370000,434
2026-05-25T22:25:15.3780000,440
2026-05-25T22:25:16.4190000,455
2026-05-25T22:25:17.4600000,441
2026-05-25T22:25:18.5110000,446
2026-05-25T22:25:19.5520000,441
2026-05-25T22:25:20.5960000,451
2026-05-25T22:25:21.6370000,449
2026-05-25T22:25:22.6780000,461
2026-05-25T22:25:23.7180000,441
2026-05-25T22:25:24.7590000,452
2026-05-25T22:25:25.8000000,441
2026-05-25T22:25:26.8510000,444
2026-05-25T22:25:27.8920000,446
2026-05-25T22:25:28.9330000,449
2026-05-25T22:25:29.9740000,444
2026-05-25T22:25:31.0150000,443
2026-05-25T22:25:32.0660000,435
2026-05-25T22:25:33.1070000,456
2026-05-25T22:25:34.1510000,459
2026-05-25T22:25:35.1920000,437
2026-05-25T22:25:36.2330000,441
2026-05-25T22:25:37.2730000,458
2026-05-25T22:25:38.3140000,451
2026-05-25T22:25:39.3650000,449
2026-05-25T22:25:40.4060000,453
2026-05-25T22:25:41.4470000,442
2026-05-25T22:25:42.4880000,450
2026-05-25T22:25:43.5280000,450
2026-05-25T22:25:44.5800000,453
2026-05-25T22:25:45.6200000,452
2026-05-25T22:25:46.6610000,434
2026-05-25T22:25:47.7020000,455
2026-05-25T22:25:48.7430000,444
2026-05-25T22:25:49.7840000,438
2026-05-25T22:25:50.8350000,441
2026-05-25T22:25:51.8760000,446
2026-05-25T22:25:52.9170000,431
2026-05-25T22:25:53.9580000,440
2026-05-25T22:25:54.9980000,438
2026-05-25T22:25:56.0500000,442
2026-05-25T22:25:57.0900000,446
2026-05-25T22:25:58.1310000,442
2026-05-25T22:25:59.1720000,441
2026-05-25T22:26:00.2130000,434
2026-05-25T22:26:01.2570000,451
2026-05-25T22:26:02.2980000,442
2026-05-25T22:26:03.3380000,432
2026-05-25T22:26:04.3900000,448
2026-05-25T22:26:05.4300000,442
2026-05-25T22:26:06.4710000,434
2026-05-25T22:26:07.5120000,437
2026-05-25T22:26:08.5530000,454
2026-05-25T22:26:09.6040000,450
2026-05-25T22:26:10.6450000,443
2026-05-25T22:26:11.6860000,440
2026-05-25T22:26:12.7260000,436
2026-05-25T22:26:13.7670000,461
2026-05-25T22:26:14.8080000,441
2026-05-25T22:26:15.8560000,433
2026-05-25T22:26:16.8970000,440
2026-05-25T22:26:17.9370000,448
2026-05-25T22:26:18.9890000,448
2026-05-25T22:26:20.0290000,441
2026-05-25T22:26:21.0700000,431
2026-05-25T22:26:22.1110000,444
2026-05-25T22:26:23.1520000,434
2026-05-25T22:26:24.1930000,416
2026-05-25T22:26:25.2440000,451
2026-05-25T22:26:26.2850000,452
2026-05-25T22:26:27.3250000,426
2026-05-25T22:26:28.3660000,433
2026-05-25T22:26:29.4070000,435
2026-05-25T22:26:30.4580000,428
2026-05-25T22:26:31.4990000,433
2026-05-25T22:26:32.5390000,438
2026-05-25T22:26:33.5800000,450
2026-05-25T22:26:34.6210000,427
2026-05-25T22:26:35.6620000,430
2026-05-25T22:26:36.7130000,414
2026-05-25T22:26:37.7540000,436
2026-05-25T22:26:38.7950000,420
2026-05-25T22:26:39.8360000,441
2026-05-25T22:26:40.8760000,441
2026-05-25T22:26:41.9180000,429
2026-05-25T22:26:42.9620000,421
2026-05-25T22:26:44.0130000,437
2026-05-25T22:26:45.0540000,429
2026-05-25T22:26:46.0940000,437
2026-05-25T22:26:47.1350000,432
2026-05-25T22:26:48.1760000,422
2026-05-25T22:26:49.2170000,441
2026-05-25T22:26:50.2680000,439
2026-05-25T22:26:51.3090000,434
2026-05-25T22:26:52.3490000,419
2026-05-25T22:26:53.3900000,427
2026-05-25T22:26:54.4310000,420
2026-05-25T22:26:55.4820000,429
2026-05-25T22:26:56.5160000,447
2026-05-25T22:26:57.5670000,433
2026-05-25T22:26:58.6080000,435
2026-05-25T22:26:59.6490000,427
2026-05-25T22:27:00.6900000,431
2026-05-25T22:27:01.7310000,436
2026-05-25T22:27:02.7720000,435
2026-05-25T22:27:03.8230000,434
2026-05-25T22:27:04.8640000,412
2026-05-25T22:27:05.9050000,432
2026-05-25T22:27:06.9450000,428
2026-05-25T22:27:07.9860000,425
2026-05-25T22:27:09.0370000,434
2026-05-25T22:27:10.0780000,431
2026-05-25T22:27:11.1220000,432
2026-05-25T22:27:12.1630000,431
2026-05-25T22:27:13.2040000,432
2026-05-25T22:27:14.2440000,426
2026-05-25T22:27:15.2850000,438
2026-05-25T22:27:16.3360000,440
2026-05-25T22:27:17.3770000,427
2026-05-25T22:27:18.4180000,431
2026-05-25T22:27:19.4580000,433
2026-05-25T22:27:20.4990000,437
2026-05-25T22:27:21.5500000,438
2026-05-25T22:27:22.5910000,435
2026-05-25T22:27:24.6730000,423
2026-05-25T22:27:25.7140000,424
2026-05-25T22:27:26.7540000,441
2026-05-25T22:27:27.8060000,427
2026-05-25T22:27:28.8470000,433
2026-05-25T22:27:29.8870000,418
2026-05-25T22:27:30.9280000,423
2026-05-25T22:27:31.9690000,453
2026-05-25T22:27:33.0200000,429
2026-05-25T22:27:34.0610000,437
2026-05-25T22:27:35.1010000,432
2026-05-25T22:27:36.1420000,426
2026-05-25T22:27:37.1830000,430
2026-05-25T22:27:38.2270000,420
2026-05-25T22:27:39.2680000,436
2026-05-25T22:27:40.3200000,435
2026-05-25T22:27:41.3600000,429
2026-05-25T22:27:42.4010000,439
2026-05-25T22:27:43.4420000,436
2026-05-25T22:27:44.4830000,427
2026-05-25T22:27:45.5240000,426
2026-05-25T22:27:46.5750000,439
2026-05-25T22:27:47.6160000,435
2026-05-25T22:27:48.6560000,427
2026-05-25T22:27:49.6970000,424
2026-05-25T22:27:50.7380000,433
2026-05-25T22:27:51.7900000,429
2026-05-25T22:27:52.8300000,426
2026-05-25T22:27:53.8710000,441
2026-05-25T22:27:54.9120000,412
2026-05-25T22:27:55.9520000,437
2026-05-25T22:27:56.9930000,429
2026-05-25T22:27:58.0440000,433
2026-05-25T22:27:59.0850000,423
2026-05-25T22:28:00.1260000,424
2026-05-25T22:28:01.1670000,434
2026-05-25T22:28:02.2070000,423
2026-05-25T22:28:03.2590000,436
2026-05-25T22:28:04.2990000,418
2026-05-25T22:28:05.3400000,425
2026-05-25T22:28:06.3850000,438
2026-05-25T22:28:07.4250000,424
2026-05-25T22:28:08.4660000,448
2026-05-25T22:28:09.5070000,440
2026-05-25T22:28:10.5480000,447
2026-05-25T22:28:11.5990000,433
2026-05-25T22:28:12.6400000,428
2026-05-25T22:28:13.6810000,423
2026-05-25T22:28:14.7220000,437
2026-05-25T22:28:15.7620000,424
2026-05-25T22:28:16.8140000,434
2026-05-25T22:28:17.8540000,420
2026-05-25T22:28:18.8950000,421
2026-05-25T22:28:19.9360000,429
2026-05-25T22:28:20.9770000,420
2026-05-25T22:28:22.0170000,427
2026-05-25T22:28:23.0690000,423
2026-05-25T22:28:24.1100000,438
2026-05-25T22:28:25.1500000,430
2026-05-25T22:28:26.1910000,420
2026-05-25T22:28:27.2320000,418
2026-05-25T22:28:28.2830000,431
2026-05-25T22:28:29.3240000,438
2026-05-25T22:28:30.3650000,426
2026-05-25T22:28:31.4060000,433
2026-05-25T22:28:32.4460000,427
2026-05-25T22:28:33.4980000,427
2026-05-25T22:28:34.5390000,429
2026-05-25T22:28:35.5790000,428
2026-05-25T22:28:36.6200000,442
2026-05-25T22:28:37.6610000,439
2026-05-25T22:28:38.7020000,423
2026-05-25T22:28:39.7530000,453
2026-05-25T22:28:40.7940000,424
2026-05-25T22:28:41.8350000,423
2026-05-25T22:28:42.8760000,427
2026-05-25T22:28:43.9160000,418
2026-05-25T22:28:44.9680000,432
2026-05-25T22:28:46.0080000,436
2026-05-25T22:28:47.0520000,433
2026-05-25T22:28:48.0930000,416
2026-05-25T22:28:49.1340000,422
2026-05-25T22:28:50.1750000,423
2026-05-25T22:28:51.2160000,433
2026-05-25T22:28:52.2670000,441
2026-05-25T22:28:53.3080000,435
2026-05-25T22:28:54.3490000,415
2026-05-25T22:28:55.3900000,433
2026-05-25T22:28:56.4300000,444
2026-05-25T22:28:57.4820000,422
2026-05-25T22:28:58.5230000,447
2026-05-25T22:29:00.6040000,427
2026-05-25T22:29:01.6450000,441
2026-05-25T22:29:02.6860000,435
2026-05-25T22:29:03.7370000,440
2026-05-25T22:29:04.7780000,421
2026-05-25T22:29:05.8180000,441
2026-05-25T22:29:06.8590000,426
2026-05-25T22:29:07.9000000,429
2026-05-25T22:29:08.9510000,432
2026-05-25T22:29:09.9920000,423
2026-05-25T22:29:11.0320000,442
2026-05-25T22:29:12.0740000,441
2026-05-25T22:29:13.1140000,448
2026-05-25T22:29:14.1660000,423
2026-05-25T22:29:15.2060000,435
2026-05-25T22:29:16.2470000,431
2026-05-25T22:29:17.2880000,441
2026-05-25T22:29:18.3290000,429
2026-05-25T22:29:19.3690000,431
2026-05-25T22:29:20.4210000,430
2026-05-25T22:29:21.4620000,418
2026-05-25T22:29:22.5020000,420
2026-05-25T22:29:23.5430000,444
2026-05-25T22:29:24.5840000,438
2026-05-25T22:29:25.6350000,432
2026-05-25T22:29:26.6760000,429
2026-05-25T22:29:27.7170000,440
2026-05-25T22:29:28.7610000,440
2026-05-25T22:29:29.8020000,436
2026-05-25T22:29:30.8420000,419
2026-05-25T22:29:31.8830000,432
2026-05-25T22:29:32.9340000,430
2026-05-25T22:29:33.9750000,444
2026-05-25T22:29:35.0160000,415
2026-05-25T22:29:36.0560000,427
2026-05-25T22:29:37.0970000,434
2026-05-25T22:29:38.1490000,430
2026-05-25T22:29:39.1890000,429
2026-05-25T22:29:40.2300000,430
2026-05-25T22:29:41.2710000,434
2026-05-25T22:29:42.3120000,428
2026-05-25T22:29:43.3530000,426
2026-05-25T22:29:44.4040000,441
2026-05-25T22:29:45.4450000,441
2026-05-25T22:29:46.4860000,435
2026-05-25T22:29:47.5270000,441
2026-05-25T22:29:48.5680000,440
2026-05-25T22:29:49.6080000,427
2026-05-25T22:29:50.6600000,419
2026-05-25T22:29:51.7000000,425
2026-05-25T22:29:52.7410000,430
2026-05-25T22:29:53.7820000,431
2026-05-25T22:29:54.8220000,423
2026-05-25T22:29:55.8740000,426
2026-05-25T22:29:56.9070000,418
2026-05-25T22:29:57.9590000,441
2026-05-25T22:29:58.9990000,416
2026-05-25T22:30:00.0400000,427
2026-05-25T22:30:01.0810000,434
2026-05-25T22:30:02.1220000,439
2026-05-25T22:30:03.1630000,438
2026-05-25T22:30:04.2140000,425
2026-05-25T22:30:05.2550000,426
2026-05-25T22:30:06.2950000,423
2026-05-25T22:30:07.3360000,439
2026-05-25T22:30:08.3770000,440
2026-05-25T22:30:09.4280000,435
2026-05-25T22:30:10.4620000,428
2026-05-25T22:30:11.5130000,434
2026-05-25T22:30:12.5540000,428
2026-05-25T22:30:13.5950000,424
2026-05-25T22:30:14.6360000,442
2026-05-25T22:30:15.6770000,445
2026-05-25T22:30:16.7280000,434
2026-05-25T22:30:17.7680000,430
2026-05-25T22:30:18.8090000,444
2026-05-25T22:30:19.8500000,431
2026-05-25T22:30:20.8910000,420
2026-05-25T22:30:21.9320000,430
2026-05-25T22:30:22.9830000,429
2026-05-25T22:30:24.0240000,426
2026-05-25T22:30:25.0650000,436
2026-05-25T22:30:26.1060000,431
2026-05-25T22:30:27.1460000,430
2026-05-25T22:30:28.1980000,436
2026-05-25T22:30:29.2390000,425
2026-05-25T22:30:30.2790000,444
2026-05-25T22:30:31.3200000,433
2026-05-25T22:30:32.3610000,425
2026-05-25T22:30:33.4020000,434
2026-05-25T22:30:34.4530000,430
2026-05-25T22:30:35.4940000,433
2026-05-25T22:30:36.5350000,439
2026-05-25T22:30:37.5760000,432
2026-05-25T22:30:38.6170000,429
2026-05-25T22:30:39.6570000,453
2026-05-25T22:30:40.7090000,442
2026-05-25T22:30:41.7490000,446
2026-05-25T22:30:42.7900000,436
2026-05-25T22:30:43.8310000,433
2026-05-25T22:30:44.8710000,422
2026-05-25T22:30:45.9230000,423
2026-05-25T22:30:46.9630000,430
2026-05-25T22:30:48.0040000,426
2026-05-25T22:30:49.0450000,437
2026-05-25T22:30:50.0860000,441
2026-05-25T22:30:51.1370000,416
2026-05-25T22:30:52.1740000,408
2026-05-25T22:30:53.2150000,436
2026-05-25T22:30:54.2560000,413
2026-05-25T22:30:55.3070000,440
2026-05-25T22:30:56.3480000,435
2026-05-25T22:30:57.3890000,426
2026-05-25T22:30:58.4300000,424
2026-05-25T22:30:59.4700000,425
2026-05-25T22:31:00.5220000,445
2026-05-25T22:31:01.5630000,420
2026-05-25T22:31:02.6030000,434
2026-05-25T22:31:03.6440000,427
2026-05-25T22:31:04.6840000,437
2026-05-25T22:31:05.7250000,437
2026-05-25T22:31:06.7760000,435
2026-05-25T22:31:07.8170000,446
2026-05-25T22:31:08.8580000,438
2026-05-25T22:31:09.8990000,440
2026-05-25T22:31:10.9400000,418
2026-05-25T22:31:11.9910000,434
2026-05-25T22:31:13.0320000,419
2026-05-25T22:31:14.0730000,432
2026-05-25T22:31:15.1130000,449
2026-05-25T22:31:16.1540000,430
2026-05-25T22:31:17.1950000,441
2026-05-25T22:31:18.2460000,435
2026-05-25T22:31:19.2800000,430
2026-05-25T22:31:20.3310000,434
2026-05-25T22:31:21.3720000,421
2026-05-25T22:31:22.4150000,434
2026-05-25T22:31:23.4560000,429
2026-05-25T22:31:24.4970000,431
2026-05-25T22:31:25.5370000,431
2026-05-25T22:31:26.5890000,446
2026-05-25T22:31:27.6290000,430
2026-05-25T22:31:28.6700000,430
2026-05-25T22:31:29.7110000,435
2026-05-25T22:31:30.7510000,415
2026-05-25T22:31:31.8030000,433
2026-05-25T22:31:32.8360000,435
2026-05-25T22:31:33.8810000,439
2026-05-25T22:31:34.9210000,434
2026-05-25T22:31:35.9730000,424
2026-05-25T22:31:37.0130000,419
2026-05-25T22:31:38.0540000,435
2026-05-25T22:31:39.0950000,417
2026-05-25T22:31:40.1360000,425
2026-05-25T22:31:41.1770000,432
2026-05-25T22:31:42.2280000,442
2026-05-25T22:31:43.2690000,435
2026-05-25T22:31:44.3100000,432
2026-05-25T22:31:45.3510000,432
2026-05-25T22:31:46.3920000,421
2026-05-25T22:31:47.4320000,427
2026-05-25T22:31:48.4840000,430
2026-05-25T22:31:49.5250000,427
2026-05-25T22:31:50.5650000,444
2026-05-25T22:31:51.6060000,426
2026-05-25T22:31:52.6470000,423
2026-05-25T22:31:53.6980000,425
2026-05-25T22:31:54.7390000,419
2026-05-25T22:31:55.7800000,418
2026-05-25T22:31:56.8200000,405
2026-05-25T22:31:57.8610000,454
2026-05-25T22:31:58.9120000,432
2026-05-25T22:31:59.9530000,416
2026-05-25T22:32:00.9970000,419
2026-05-25T22:32:02.0380000,431
2026-05-25T22:32:03.0790000,421
2026-05-25T22:32:04.1200000,433
2026-05-25T22:32:05.1600000,434
2026-05-25T22:32:06.2010000,418
2026-05-25T22:32:07.2520000,416
2026-05-25T22:32:08.2930000,426
2026-05-25T22:32:09.3340000,428
2026-05-25T22:32:10.3750000,444
2026-05-25T22:32:11.4150000,429
2026-05-25T22:32:12.4670000,438
2026-05-25T22:32:13.5080000,422
2026-05-25T22:32:14.5520000,438
2026-05-25T22:32:15.5920000,435
2026-05-25T22:32:16.6330000,431
2026-05-25T22:32:17.6740000,432
2026-05-25T22:32:18.7140000,442
2026-05-25T22:32:19.7660000,433
2026-05-25T22:32:20.8060000,419
2026-05-25T22:32:21.8470000,430
2026-05-25T22:32:22.8880000,432
2026-05-25T22:32:23.9290000,432
2026-05-25T22:32:24.9690000,439
2026-05-25T22:32:26.0210000,431
2026-05-25T22:32:27.0610000,425
2026-05-25T22:32:28.1020000,424
2026-05-25T22:32:29.1460000,431
2026-05-25T22:32:30.1870000,422
2026-05-25T22:32:31.2280000,431
2026-05-25T22:32:32.2690000,420
2026-05-25T22:32:33.3200000,431
2026-05-25T22:32:34.3610000,424
2026-05-25T22:32:35.4010000,422
2026-05-25T22:32:36.4420000,438
2026-05-25T22:32:37.4830000,434
2026-05-25T22:32:38.5340000,438
2026-05-25T22:32:39.5750000,444
2026-05-25T22:32:40.6150000,426
2026-05-25T22:32:41.6560000,429
2026-05-25T22:32:42.7000000,437
2026-05-25T22:32:43.7410000,411
2026-05-25T22:32:44.7820000,420
2026-05-25T22:32:45.8330000,427
2026-05-25T22:32:46.8740000,420
2026-05-25T22:32:47.9150000,433
2026-05-25T22:32:48.9550000,435
2026-05-25T22:32:49.9960000,422
2026-05-25T22:32:51.0470000,424
2026-05-25T22:32:52.0890000,429
2026-05-25T22:32:53.1290000,416
2026-05-25T22:32:54.1700000,419
2026-05-25T22:32:55.2110000,424
2026-05-25T22:32:56.2550000,415
2026-05-25T22:32:57.2960000,419
2026-05-25T22:32:58.3370000,438
2026-05-25T22:32:59.3880000,436
2026-05-25T22:33:00.4290000,436
2026-05-25T22:33:01.4690000,435
2026-05-25T22:33:02.5100000,421
2026-05-25T22:33:03.5510000,426
2026-05-25T22:33:04.6020000,430
2026-05-25T22:33:05.6430000,439
2026-05-25T22:33:06.6840000,422
2026-05-25T22:33:07.7240000,421
2026-05-25T22:33:08.7650000,431
2026-05-25T22:33:09.8160000,418
2026-05-25T22:33:10.8570000,435
2026-05-25T22:33:11.8980000,422
2026-05-25T22:33:12.9380000,430
2026-05-25T22:33:13.9790000,420
2026-05-25T22:33:15.0200000,436
2026-05-25T22:33:16.0710000,422
2026-05-25T22:33:17.1120000,433
2026-05-25T22:33:18.1530000,428
2026-05-25T22:33:19.1940000,438
2026-05-25T22:33:20.2340000,415
2026-05-25T22:33:21.2750000,436
2026-05-25T22:33:22.3270000,431
2026-05-25T22:33:23.3680000,434
2026-05-25T22:33:24.4120000,437
2026-05-25T22:33:25.4530000,430
2026-05-25T22:33:26.4930000,431
2026-05-25T22:33:27.5340000,435
2026-05-25T22:33:28.5750000,432
2026-05-25T22:33:29.6260000,439
2026-05-25T22:33:30.6670000,431
2026-05-25T22:33:31.7080000,438
2026-05-25T22:33:32.7480000,416
2026-05-25T22:33:33.7890000,440
2026-05-25T22:33:34.8400000,429
2026-05-25T22:33:35.8810000,429
2026-05-25T22:33:36.9220000,427
2026-05-25T22:33:37.9660000,433
2026-05-25T22:33:39.0070000,424
2026-05-25T22:33:40.0480000,423
2026-05-25T22:33:41.0890000,427
2026-05-25T22:33:42.1300000,446
2026-05-25T22:33:43.1810000,432
2026-05-25T22:33:44.2220000,421
2026-05-25T22:33:45.2620000,436
2026-05-25T22:33:46.3030000,422
2026-05-25T22:33:47.3440000,433
2026-05-25T22:33:48.3950000,426
2026-05-25T22:33:49.4360000,418
2026-05-25T22:33:50.4760000,436
2026-05-25T22:33:51.5170000,420
2026-05-25T22:33:52.5580000,438
2026-05-25T22:33:53.6090000,438
2026-05-25T22:33:54.6500000,442
2026-05-25T22:33:55.6910000,432
2026-05-25T22:33:56.7310000,420
2026-05-25T22:33:57.7720000,444
2026-05-25T22:33:58.8230000,423
2026-05-25T22:33:59.8640000,426
2026-05-25T22:34:00.9050000,420
2026-05-25T22:34:01.9460000,414
2026-05-25T22:34:02.9860000,442
2026-05-25T22:34:04.0270000,434
2026-05-25T22:34:05.0720000,433
2026-05-25T22:34:06.1230000,429
2026-05-25T22:34:07.1640000,429
2026-05-25T22:34:08.2040000,433
2026-05-25T22:34:09.2450000,431
2026-05-25T22:34:10.2860000,420
2026-05-25T22:34:11.3270000,426
2026-05-25T22:34:12.3780000,419
2026-05-25T22:34:13.4180000,436
2026-05-25T22:34:14.4590000,428
2026-05-25T22:34:15.5000000,430
2026-05-25T22:34:16.5510000,420
2026-05-25T22:34:17.5920000,430
2026-05-25T22:34:18.6330000,441
2026-05-25T22:34:19.6770000,435
2026-05-25T22:34:20.7170000,436
2026-05-25T22:34:21.7580000,422
2026-05-25T22:34:22.7990000,433
2026-05-25T22:34:23.8500000,439
2026-05-25T22:34:24.8910000,440
2026-05-25T22:34:25.9320000,445
2026-05-25T22:34:26.9720000,430
2026-05-25T22:34:28.0130000,425
2026-05-25T22:34:29.0540000,436
2026-05-25T22:34:30.1050000,425
2026-05-25T22:34:31.1460000,415
2026-05-25T22:34:32.1870000,435
2026-05-25T22:34:33.2280000,414
2026-05-25T22:34:34.2690000,431
2026-05-25T22:34:35.3200000,421
2026-05-25T22:34:36.3610000,438
2026-05-25T22:34:37.4010000,437
2026-05-25T22:34:38.4420000,403
2026-05-25T22:34:39.4830000,436
2026-05-25T22:34:40.5340000,423
2026-05-25T22:34:41.5750000,429
2026-05-25T22:34:42.6150000,433
2026-05-25T22:34:43.6560000,429
2026-05-25T22:34:44.6970000,433
2026-05-25T22:34:45.7380000,435
2026-05-25T22:34:46.7820000,425
2026-05-25T22:34:47.8230000,431
2026-05-25T22:34:48.8740000,426
2026-05-25T22:34:49.9150000,438
2026-05-25T22:34:50.9560000,437
2026-05-25T22:34:51.9960000,439
2026-05-25T22:34:53.0370000,423
2026-05-25T22:34:54.0880000,416
2026-05-25T22:34:55.1290000,437
2026-05-25T22:34:56.1700000,427
2026-05-25T22:34:57.2110000,414
2026-05-25T22:34:58.2510000,421
2026-05-25T22:34:59.2920000,422
2026-05-25T22:35:00.3430000,433
2026-05-25T22:35:01.3840000,434
2026-05-25T22:35:02.4250000,432
2026-05-25T22:35:03.4660000,424
2026-05-25T22:35:04.5060000,434
2026-05-25T22:35:05.5580000,443
2026-05-25T22:35:06.5990000,434
2026-05-25T22:35:07.6390000,439
2026-05-25T22:35:08.6800000,425
2026-05-25T22:35:09.7210000,435
2026-05-25T22:35:10.7720000,444
2026-05-25T22:35:11.8130000,448
2026-05-25T22:35:12.8540000,442
2026-05-25T22:35:13.8940000,442
2026-05-25T22:35:14.9390000,430
2026-05-25T22:35:15.9800000,434
2026-05-25T22:35:17.0200000,435
2026-05-25T22:35:18.0610000,445
2026-05-25T22:35:19.1120000,440
2026-05-25T22:35:20.1530000,445
2026-05-25T22:35:21.1940000,444
2026-05-25T22:35:22.2350000,431
2026-05-25T22:35:23.2750000,425
2026-05-25T22:35:24.3270000,444
2026-05-25T22:35:25.3670000,446
2026-05-25T22:35:26.4080000,442
2026-05-25T22:35:27.4490000,433
2026-05-25T22:35:28.4900000,448
2026-05-25T22:35:29.5410000,441
2026-05-25T22:35:30.5820000,451
2026-05-25T22:35:31.6220000,441
2026-05-25T22:35:32.6630000,451
2026-05-25T22:35:33.7040000,459
2026-05-25T22:35:34.7440000,429
2026-05-25T22:35:35.7960000,432
2026-05-25T22:35:36.8360000,452
2026-05-25T22:35:37.8770000,424
2026-05-25T22:35:38.9180000,444
2026-05-25T22:35:39.9590000,437
2026-05-25T22:35:41.0100000,438
2026-05-25T22:35:42.0510000,433
2026-05-25T22:35:43.0920000,451
2026-05-25T22:35:44.1330000,432
2026-05-25T22:35:45.1730000,440
2026-05-25T22:35:46.2140000,447
2026-05-25T22:35:47.2650000,444
2026-05-25T22:35:48.3060000,434
2026-05-25T22:35:49.3470000,447
2026-05-25T22:35:50.3880000,445
2026-05-25T22:35:51.4280000,434
2026-05-25T22:35:52.4800000,451
2026-05-25T22:35:53.5200000,453
2026-05-25T22:35:54.5610000,459
2026-05-25T22:35:55.6020000,439
2026-05-25T22:35:56.6430000,448
2026-05-25T22:35:57.6840000,448
2026-05-25T22:35:58.7350000,444
2026-05-25T22:35:59.7760000,441
2026-05-25T22:36:00.8170000,449
2026-05-25T22:36:01.8570000,438
2026-05-25T22:36:02.8980000,456
2026-05-25T22:36:03.9390000,436
2026-05-25T22:36:04.9900000,433
2026-05-25T22:36:06.0310000,439
2026-05-25T22:36:07.0720000,456
2026-05-25T22:36:08.1120000,439
2026-05-25T22:36:09.1530000,438
2026-05-25T22:36:10.1970000,458
2026-05-25T22:36:11.2380000,442
2026-05-25T22:36:12.2900000,448
2026-05-25T22:36:13.3300000,455
2026-05-25T22:36:14.3710000,465
2026-05-25T22:36:15.4120000,448
2026-05-25T22:36:16.4530000,446
2026-05-25T22:36:17.4930000,447
2026-05-25T22:36:18.5450000,451
2026-05-25T22:36:19.5860000,453
2026-05-25T22:36:20.6260000,446
2026-05-25T22:36:21.6670000,440
2026-05-25T22:36:22.7080000,461
2026-05-25T22:36:23.7480000,448
2026-05-25T22:36:24.8000000,444
2026-05-25T22:36:25.8400000,440
2026-05-25T22:36:26.8810000,466
2026-05-25T22:36:27.9220000,466
2026-05-25T22:36:28.9630000,465
2026-05-25T22:36:30.0140000,446
2026-05-25T22:36:31.0550000,451
2026-05-25T22:36:32.0960000,449
2026-05-25T22:36:33.1360000,444
2026-05-25T22:36:34.1770000,449
2026-05-25T22:36:35.2280000,439
2026-05-25T22:36:36.2690000,453
2026-05-25T22:36:37.3100000,447
2026-05-25T22:36:38.3500000,456
2026-05-25T22:36:39.3910000,454
2026-05-25T22:36:40.4320000,448
2026-05-25T22:36:41.4830000,449
2026-05-25T22:36:42.5240000,459
2026-05-25T22:36:43.5650000,461
2026-05-25T22:36:44.6060000,462
2026-05-25T22:36:45.6460000,444
2026-05-25T22:36:46.6980000,446
2026-05-25T22:36:47.7380000,445
2026-05-25T22:36:48.7790000,447
2026-05-25T22:36:49.8200000,444
2026-05-25T22:36:50.8610000,456
2026-05-25T22:36:51.9120000,431
2026-05-25T22:36:52.9530000,452
2026-05-25T22:36:53.9940000,455
2026-05-25T22:36:55.0340000,447
2026-05-25T22:36:56.0750000,456
2026-05-25T22:36:57.1160000,440
2026-05-25T22:36:58.1670000,449
2026-05-25T22:36:59.2080000,453
2026-05-25T22:37:00.2480000,460
2026-05-25T22:37:01.2890000,444
2026-05-25T22:37:02.3300000,448
2026-05-25T22:37:03.3810000,448
2026-05-25T22:37:04.4220000,452
2026-05-25T22:37:05.4630000,458
2026-05-25T22:37:06.5040000,459
2026-05-25T22:37:07.5440000,453
2026-05-25T22:37:08.5960000,435
2026-05-25T22:37:09.6360000,452
2026-05-25T22:37:10.6770000,462
2026-05-25T22:37:11.7180000,458
2026-05-25T22:37:12.7590000,458
2026-05-25T22:37:13.8000000,445
2026-05-25T22:37:14.8510000,442
2026-05-25T22:37:15.8920000,457
2026-05-25T22:37:16.9330000,450
2026-05-25T22:37:17.9730000,432
2026-05-25T22:37:19.0180000,447
2026-05-25T22:37:20.0580000,453
2026-05-25T22:37:21.0990000,452
2026-05-25T22:37:22.1500000,442
2026-05-25T22:37:23.1910000,440
2026-05-25T22:37:24.2320000,456
2026-05-25T22:37:25.2720000,439
2026-05-25T22:37:26.3130000,443
2026-05-25T22:37:27.3540000,454
2026-05-25T22:37:28.4060000,456
2026-05-25T22:37:29.4460000,454
2026-05-25T22:37:30.4870000,453
2026-05-25T22:37:31.5280000,465
2026-05-25T22:37:32.5690000,459
2026-05-25T22:37:33.6090000,448
2026-05-25T22:37:34.6610000,449
2026-05-25T22:37:35.7010000,446
2026-05-25T22:37:36.7420000,459
2026-05-25T22:37:37.7830000,458
2026-05-25T22:37:38.8240000,432
2026-05-25T22:37:39.8650000,450
2026-05-25T22:37:40.9160000,448
2026-05-25T22:37:41.9570000,447
2026-05-25T22:37:42.9970000,458
2026-05-25T22:37:44.0380000,449
2026-05-25T22:37:45.0790000,435
2026-05-25T22:37:46.1300000,453
2026-05-25T22:37:47.1700000,459
2026-05-25T22:37:48.2110000,454
2026-05-25T22:37:49.2520000,460
2026-05-25T22:37:51.3330000,441
2026-05-25T22:37:52.3850000,456
2026-05-25T22:37:54.4670000,456
2026-05-25T22:37:55.5070000,447
2026-05-25T22:37:56.5480000,448
2026-05-25T22:37:57.5890000,439
2026-05-25T22:37:58.6400000,444
2026-05-25T22:37:59.6740000,440
2026-05-25T22:38:00.7180000,437
2026-05-25T22:38:01.7590000,451
2026-05-25T22:38:02.8110000,455
2026-05-25T22:38:03.8510000,447
2026-05-25T22:38:04.8920000,431
2026-05-25T22:38:05.9330000,444
2026-05-25T22:38:06.9740000,446
2026-05-25T22:38:08.0250000,453
2026-05-25T22:38:09.0660000,440
2026-05-25T22:38:10.1060000,455
2026-05-25T22:38:11.1470000,451
2026-05-25T22:38:12.1880000,430
2026-05-25T22:38:13.2290000,451
2026-05-25T22:38:14.2730000,449
2026-05-25T22:38:15.3130000,442
2026-05-25T22:38:16.3650000,442
2026-05-25T22:38:17.4050000,422
2026-05-25T22:38:18.4460000,436
2026-05-25T22:38:19.4870000,431
2026-05-25T22:38:20.5280000,438
2026-05-25T22:38:21.5790000,456
2026-05-25T22:38:22.6200000,421
2026-05-25T22:38:23.6610000,451
2026-05-25T22:38:24.7010000,438
2026-05-25T22:38:25.7420000,431
2026-05-25T22:38:26.7830000,451
2026-05-25T22:38:27.8340000,438
2026-05-25T22:38:28.8750000,438
2026-05-25T22:38:29.9160000,435
2026-05-25T22:38:30.9570000,443
2026-05-25T22:38:31.9980000,440
2026-05-25T22:38:33.0380000,448
2026-05-25T22:38:34.0900000,447
2026-05-25T22:38:35.1300000,444
2026-05-25T22:38:36.1710000,449
2026-05-25T22:38:37.2120000,441
2026-05-25T22:38:38.2530000,441
2026-05-25T22:38:39.3040000,436
2026-05-25T22:38:40.3450000,447
2026-05-25T22:38:41.3890000,438
2026-05-25T22:38:42.4300000,442
2026-05-25T22:38:43.4710000,433
2026-05-25T22:38:44.5110000,442
2026-05-25T22:38:45.5520000,452
2026-05-25T22:38:46.5930000,430
2026-05-25T22:38:47.6450000,438
2026-05-25T22:38:48.6850000,448
2026-05-25T22:38:49.7260000,452
2026-05-25T22:38:50.7670000,431
2026-05-25T22:38:51.8080000,427
2026-05-25T22:38:52.8590000,442
2026-05-25T22:38:53.9000000,431
2026-05-25T22:38:54.9400000,427
2026-05-25T22:38:55.9840000,427
2026-05-25T22:38:57.0250000,444
2026-05-25T22:38:58.0660000,435
2026-05-25T22:38:59.1070000,415
2026-05-25T22:39:00.1580000,430
2026-05-25T22:39:01.1990000,451
2026-05-25T22:39:02.2390000,431
2026-05-25T22:39:03.2800000,441
2026-05-25T22:39:04.3210000,426
2026-05-25T22:39:05.3620000,439
2026-05-25T22:39:06.4130000,441
2026-05-25T22:39:07.4540000,432
2026-05-25T22:39:08.4950000,426
2026-05-25T22:39:09.5350000,443
2026-05-25T22:39:10.5760000,431
2026-05-25T22:39:11.6280000,440
2026-05-25T22:39:12.6680000,422
2026-05-25T22:39:13.7090000,433
2026-05-25T22:39:14.7500000,434
2026-05-25T22:39:15.7910000,438
2026-05-25T22:39:16.8310000,446
2026-05-25T22:39:17.8830000,441
2026-05-25T22:39:18.9230000,434
2026-05-25T22:39:19.9640000,445
2026-05-25T22:39:21.0050000,441
2026-05-25T22:39:22.0450000,420
2026-05-25T22:39:23.0890000,434
2026-05-25T22:39:24.1300000,425
2026-05-25T22:39:25.1810000,439
2026-05-25T22:39:26.2220000,434
2026-05-25T22:39:27.2630000,435
2026-05-25T22:39:28.3040000,418
2026-05-25T22:39:29.3450000,435
2026-05-25T22:39:30.3850000,416
2026-05-25T22:39:31.4370000,427
2026-05-25T22:39:32.4780000,444
2026-05-25T22:39:33.5190000,429
2026-05-25T22:39:34.5590000,439
2026-05-25T22:39:35.6000000,440
2026-05-25T22:39:36.6410000,439
2026-05-25T22:39:37.6920000,431
2026-05-25T22:39:38.7330000,430
2026-05-25T22:39:39.7740000,446
2026-05-25T22:39:40.8150000,432
2026-05-25T22:39:41.8550000,441
2026-05-25T22:39:42.9060000,447
2026-05-25T22:39:43.9470000,437
2026-05-25T22:39:44.9880000,441
2026-05-25T22:39:46.0290000,426
2026-05-25T22:39:47.0690000,449
2026-05-25T22:39:48.1210000,440
2026-05-25T22:39:49.1610000,439
2026-05-25T22:39:50.2020000,430
2026-05-25T22:39:51.2460000,441
2026-05-25T22:39:52.2870000,449
2026-05-25T22:39:53.3280000,435
2026-05-25T22:39:54.3690000,433
2026-05-25T22:39:55.4100000,432
2026-05-25T22:39:56.4610000,442
2026-05-25T22:39:57.5020000,433
2026-05-25T22:39:58.5430000,439
2026-05-25T22:39:59.5840000,432
2026-05-25T22:40:00.6240000,435
2026-05-25T22:40:01.6760000,423
2026-05-25T22:40:02.7170000,443
2026-05-25T22:40:03.7580000,451
2026-05-25T22:40:04.7980000,443
2026-05-25T22:40:05.8390000,440
2026-05-25T22:40:06.8800000,432
2026-05-25T22:40:07.9310000,427
2026-05-25T22:40:08.9720000,433
2026-05-25T22:40:10.0130000,435
2026-05-25T22:40:11.0530000,434
2026-05-25T22:40:12.0940000,428
2026-05-25T22:40:13.1350000,444
2026-05-25T22:40:14.1860000,428
2026-05-25T22:40:15.2270000,450
2026-05-25T22:40:16.2680000,420
2026-05-25T22:40:17.3080000,439
2026-05-25T22:40:18.3520000,437
2026-05-25T22:40:19.3930000,445
2026-05-25T22:40:20.4340000,437
2026-05-25T22:40:21.4850000,441
2026-05-25T22:40:22.5260000,444
2026-05-25T22:40:23.5670000,433
2026-05-25T22:40:24.6080000,426
2026-05-25T22:40:25.6480000,427
2026-05-25T22:40:26.6890000,435
2026-05-25T22:40:27.7400000,433
2026-05-25T22:40:28.7810000,446
2026-05-25T22:40:29.8220000,426
2026-05-25T22:40:30.8630000,438
2026-05-25T22:40:31.9070000,449
2026-05-25T22:40:32.9480000,429
2026-05-25T22:40:33.9880000,440
2026-05-25T22:40:35.0400000,436
2026-05-25T22:40:36.0800000,435
2026-05-25T22:40:37.1210000,449
2026-05-25T22:40:38.1620000,434
2026-05-25T22:40:39.2030000,431
2026-05-25T22:40:40.2440000,430
2026-05-25T22:40:41.2950000,422
2026-05-25T22:40:42.3360000,440
2026-05-25T22:40:43.3770000,437
2026-05-25T22:40:44.4170000,435
2026-05-25T22:40:45.4580000,436
2026-05-25T22:40:46.5020000,441
2026-05-25T22:40:47.5430000,442
2026-05-25T22:40:48.5950000,430
2026-05-25T22:40:49.6350000,429
2026-05-25T22:40:50.6760000,431
2026-05-25T22:40:51.7170000,440
2026-05-25T22:40:52.7570000,439
2026-05-25T22:40:53.7980000,430
2026-05-25T22:40:54.8490000,442
2026-05-25T22:40:55.8900000,441
2026-05-25T22:40:56.9310000,453
2026-05-25T22:40:57.9720000,444
2026-05-25T22:40:59.0130000,444
2026-05-25T22:41:00.0570000,446
2026-05-25T22:41:01.0970000,444
2026-05-25T22:41:02.1490000,455
2026-05-25T22:41:03.1890000,432
2026-05-25T22:41:04.2300000,435
2026-05-25T22:41:05.2710000,442
2026-05-25T22:41:06.3120000,418
2026-05-25T22:41:07.3520000,425
2026-05-25T22:41:08.4040000,436
2026-05-25T22:41:09.4450000,442
2026-05-25T22:41:10.4850000,439
2026-05-25T22:41:11.5260000,453
2026-05-25T22:41:12.5670000,451
2026-05-25T22:41:13.6110000,440
2026-05-25T22:41:14.6520000,432
2026-05-25T22:41:15.7030000,439
2026-05-25T22:41:16.7440000,434
2026-05-25T22:41:17.7840000,432
2026-05-25T22:41:18.8250000,419
2026-05-25T22:41:19.8660000,433
2026-05-25T22:41:20.9170000,438
2026-05-25T22:41:21.9580000,430
2026-05-25T22:41:22.9990000,430
2026-05-25T22:41:24.0390000,436
2026-05-25T22:41:25.0800000,417
2026-05-25T22:41:26.1210000,438
2026-05-25T22:41:27.1720000,432
2026-05-25T22:41:28.2130000,436
2026-05-25T22:41:29.2540000,437
2026-05-25T22:41:30.2950000,427
2026-05-25T22:41:31.3350000,431
2026-05-25T22:41:32.3760000,418
2026-05-25T22:41:33.4270000,451
2026-05-25T22:41:34.4680000,432
2026-05-25T22:41:35.5090000,437
2026-05-25T22:41:36.5500000,443
2026-05-25T22:41:37.5910000,424
2026-05-25T22:41:38.6420000,427
2026-05-25T22:41:39.6830000,437
2026-05-25T22:41:40.7230000,444
2026-05-25T22:41:41.7640000,438
2026-05-25T22:41:42.8050000,446
2026-05-25T22:41:43.8460000,444
2026-05-25T22:41:44.8970000,437
2026-05-25T22:41:45.9380000,430
2026-05-25T22:41:46.9790000,419
2026-05-25T22:41:48.0200000,425
2026-05-25T22:41:49.0600000,423
2026-05-25T22:41:50.1120000,439
2026-05-25T22:41:51.1520000,428
2026-05-25T22:41:52.1930000,432
2026-05-25T22:41:53.2340000,431
2026-05-25T22:41:54.2750000,426
2026-05-25T22:41:55.3160000,431
2026-05-25T22:41:56.3670000,445
2026-05-25T22:41:57.4080000,443
2026-05-25T22:41:58.4480000,449
2026-05-25T22:41:59.4890000,433
2026-05-25T22:42:00.5300000,430
2026-05-25T22:42:01.5810000,447
2026-05-25T22:42:02.6230000,438
2026-05-25T22:42:03.6630000,435
2026-05-25T22:42:04.7040000,429
2026-05-25T22:42:05.7450000,439
2026-05-25T22:42:06.7860000,429
2026-05-25T22:42:07.8370000,439
2026-05-25T22:42:08.8710000,420
2026-05-25T22:42:09.9220000,433
2026-05-25T22:42:10.9630000,427
2026-05-25T22:42:12.0030000,441
2026-05-25T22:42:13.0440000,433
2026-05-25T22:42:14.0850000,433
2026-05-25T22:42:15.1360000,445
2026-05-25T22:42:16.1770000,433
2026-05-25T22:42:17.2180000,448
2026-05-25T22:42:18.2590000,427
2026-05-25T22:42:19.3000000,435
2026-05-25T22:42:20.3410000,439
2026-05-25T22:42:21.3920000,434
2026-05-25T22:42:22.4330000,443
2026-05-25T22:42:23.4770000,435
2026-05-25T22:42:24.5180000,445
2026-05-25T22:42:25.5590000,442
2026-05-25T22:42:26.6000000,438
2026-05-25T22:42:27.6400000,439
2026-05-25T22:42:28.6910000,432
2026-05-25T22:42:29.7320000,438
2026-05-25T22:42:30.7730000,438
2026-05-25T22:42:31.8140000,434
2026-05-25T22:42:32.8550000,437
2026-05-25T22:42:33.8960000,433
2026-05-25T22:42:34.9470000,433
2026-05-25T22:42:35.9880000,444
2026-05-25T22:42:37.0290000,437
2026-05-25T22:42:38.0690000,432
2026-05-25T22:42:39.1100000,433
2026-05-25T22:42:40.1620000,431
2026-05-25T22:42:41.2020000,429
2026-05-25T22:42:42.2430000,441
2026-05-25T22:42:43.2840000,435
2026-05-25T22:42:44.3250000,432
2026-05-25T22:42:45.3660000,441
2026-05-25T22:42:46.4170000,441
2026-05-25T22:42:47.4580000,439
2026-05-25T22:42:48.4990000,428
2026-05-25T22:42:49.5400000,437
2026-05-25T22:42:50.5800000,437
2026-05-25T22:42:51.6320000,433
2026-05-25T22:42:52.6720000,425
2026-05-25T22:42:53.7130000,438
2026-05-25T22:42:54.7540000,440
2026-05-25T22:42:55.7950000,444
2026-05-25T22:42:56.8350000,427
2026-05-25T22:42:57.8870000,428
2026-05-25T22:42:58.9280000,441
2026-05-25T22:42:59.9680000,444
2026-05-25T22:43:01.0090000,420
2026-05-25T22:43:02.0500000,420
2026-05-25T22:43:03.1010000,435
2026-05-25T22:43:04.1350000,430
2026-05-25T22:43:05.1860000,440
2026-05-25T22:43:06.2270000,440
2026-05-25T22:43:07.2680000,424
2026-05-25T22:43:08.3090000,441
2026-05-25T22:43:09.3500000,453
2026-05-25T22:43:10.3900000,431
2026-05-25T22:43:11.4420000,434
2026-05-25T22:43:12.4830000,422
2026-05-25T22:43:13.5240000,438
2026-05-25T22:43:14.5640000,425
2026-05-25T22:43:16.6560000,419
2026-05-25T22:43:17.6970000,425
2026-05-25T22:43:18.7410000,430
2026-05-25T22:43:19.7820000,441
2026-05-25T22:43:20.8230000,448
2026-05-25T22:43:21.8640000,446
2026-05-25T22:43:22.9060000,430
2026-05-25T22:43:23.9470000,428
2026-05-25T22:43:24.9880000,427
2026-05-25T22:43:26.0390000,431
2026-05-25T22:43:27.0800000,437
2026-05-25T22:43:28.1210000,433
2026-05-25T22:43:30.2020000,434
2026-05-25T22:43:31.2540000,427
2026-05-25T22:43:32.2910000,432
2026-05-25T22:43:33.3320000,430
2026-05-25T22:43:34.3730000,441
2026-05-25T22:43:35.4240000,441
2026-05-25T22:43:36.4650000,437
2026-05-25T22:43:37.5050000,424
2026-05-25T22:43:38.5460000,427
2026-05-25T22:43:39.5870000,444
2026-05-25T22:43:40.6380000,420
2026-05-25T22:43:41.6790000,447
2026-05-25T22:43:42.7200000,449
2026-05-25T22:43:43.7610000,438
2026-05-25T22:43:44.8010000,441
2026-05-25T22:43:45.8460000,422
2026-05-25T22:43:46.8860000,436
2026-05-25T22:43:47.9270000,442
2026-05-25T22:43:48.9780000,439
2026-05-25T22:43:50.0190000,433
2026-05-25T22:43:51.0600000,436
2026-05-25T22:43:52.1010000,450
2026-05-25T22:43:53.1420000,442
2026-05-25T22:43:54.1930000,430
2026-05-25T22:43:55.2340000,426
2026-05-25T22:43:56.2740000,435
2026-05-25T22:43:57.3150000,438
2026-05-25T22:43:58.3560000,442
2026-05-25T22:43:59.4070000,426
2026-05-25T22:44:00.4480000,430
2026-05-25T22:44:01.4890000,424
2026-05-25T22:44:02.5290000,441
2026-05-25T22:44:03.5700000,441
2026-05-25T22:44:04.6110000,412
2026-05-25T22:44:05.6620000,437
2026-05-25T22:44:06.7030000,427
2026-05-25T22:44:07.7440000,441
2026-05-25T22:44:08.7850000,427
2026-05-25T22:44:09.8250000,442
2026-05-25T22:44:10.8770000,434
2026-05-25T22:44:11.9170000,425
2026-05-25T22:44:12.9580000,452
2026-05-25T22:44:13.9960000,435
2026-05-25T22:44:15.0470000,430
2026-05-25T22:44:16.0880000,442
2026-05-25T22:44:17.1290000,423
2026-05-25T22:44:18.1690000,429
2026-05-25T22:44:19.2100000,418
2026-05-25T22:44:20.2620000,435
2026-05-25T22:44:21.3020000,430
2026-05-25T22:44:22.3430000,444
2026-05-25T22:44:23.3840000,437
2026-05-25T22:44:24.4250000,437
2026-05-25T22:44:25.4650000,445
2026-05-25T22:44:26.5160000,439
2026-05-25T22:44:27.5610000,430
2026-05-25T22:44:28.6010000,436
2026-05-25T22:44:29.6420000,430
2026-05-25T22:44:30.6830000,431
2026-05-25T22:44:31.7240000,433
2026-05-25T22:44:32.7650000,435
2026-05-25T22:44:33.8160000,430
2026-05-25T22:44:34.8570000,440
2026-05-25T22:44:35.8970000,424
2026-05-25T22:44:36.9380000,431
2026-05-25T22:44:37.9790000,429
2026-05-25T22:44:39.0300000,436
2026-05-25T22:44:40.0710000,430
2026-05-25T22:44:41.1120000,432
2026-05-25T22:44:42.1530000,434
2026-05-25T22:44:43.1930000,422
2026-05-25T22:44:44.2340000,444
2026-05-25T22:44:45.2860000,431
2026-05-25T22:44:46.3260000,441
2026-05-25T22:44:47.3670000,438
2026-05-25T22:44:48.4080000,427
2026-05-25T22:44:49.4480000,459
2026-05-25T22:44:50.4990000,434
2026-05-25T22:44:51.5400000,429
2026-05-25T22:44:52.5810000,432
2026-05-25T22:44:53.6220000,430
2026-05-25T22:44:54.6690000,418
2026-05-25T22:44:55.7100000,430
2026-05-25T22:44:56.7510000,427
2026-05-25T22:44:57.7920000,433
2026-05-25T22:44:58.8330000,432
2026-05-25T22:44:59.8740000,429
2026-05-25T22:45:00.9250000,416
2026-05-25T22:45:01.9660000,427
2026-05-25T22:45:03.0060000,436
2026-05-25T22:45:04.0470000,422
2026-05-25T22:45:05.0880000,440
2026-05-25T22:45:06.1390000,431
2026-05-25T22:45:07.1800000,436
2026-05-25T22:45:08.2210000,431
2026-05-25T22:45:09.2650000,434
2026-05-25T22:45:10.3060000,433
2026-05-25T22:45:11.3460000,440
2026-05-25T22:45:12.3870000,439
2026-05-25T22:45:13.4280000,425
2026-05-25T22:45:14.4790000,430
2026-05-25T22:45:15.5200000,427
2026-05-25T22:45:16.5610000,442
2026-05-25T22:45:17.6010000,439
2026-05-25T22:45:18.6420000,432
2026-05-25T22:45:19.6940000,431
2026-05-25T22:45:20.7340000,435
2026-05-25T22:45:21.7750000,425
2026-05-25T22:45:22.8130000,441
2026-05-25T22:45:23.8640000,433
2026-05-25T22:45:24.9050000,440
2026-05-25T22:45:25.9450000,435
2026-05-25T22:45:26.9860000,438
2026-05-25T22:45:28.0270000,426
2026-05-25T22:45:29.0780000,435
2026-05-25T22:45:30.1190000,421
2026-05-25T22:45:31.1600000,438
2026-05-25T22:45:32.2010000,422
2026-05-25T22:45:33.2420000,430
2026-05-25T22:45:34.2820000,437
2026-05-25T22:45:35.3340000,419
2026-05-25T22:45:36.3740000,420
2026-05-25T22:45:37.4150000,427
2026-05-25T22:45:38.4560000,426
2026-05-25T22:45:39.4960000,422
2026-05-25T22:45:40.5370000,427
2026-05-25T22:45:41.5880000,438
2026-05-25T22:45:42.6290000,434
2026-05-25T22:45:43.6700000,433
2026-05-25T22:45:44.7110000,434
2026-05-25T22:45:45.7520000,429
2026-05-25T22:45:46.8030000,435
2026-05-25T22:45:47.8440000,446
2026-05-25T22:45:48.8850000,420
2026-05-25T22:45:49.9250000,423
2026-05-25T22:45:50.9730000,430
2026-05-25T22:45:52.0140000,420
2026-05-25T22:45:53.0550000,433
2026-05-25T22:45:54.0950000,426
2026-05-25T22:45:55.1360000,427
2026-05-25T22:45:56.1770000,415
2026-05-25T22:45:57.2280000,445
2026-05-25T22:45:58.2690000,426
2026-05-25T22:45:59.3100000,439
2026-05-25T22:46:00.3500000,431
2026-05-25T22:46:01.3910000,424
2026-05-25T22:46:02.4420000,450
2026-05-25T22:46:03.4830000,430
2026-05-25T22:46:04.5240000,437
2026-05-25T22:46:05.5650000,424
2026-05-25T22:46:06.6060000,426
2026-05-25T22:46:07.6460000,433
2026-05-25T22:46:08.6980000,411
2026-05-25T22:46:09.7390000,427
2026-05-25T22:46:10.7790000,434
2026-05-25T22:46:11.8200000,434
2026-05-25T22:46:12.8610000,423
2026-05-25T22:46:13.9120000,437
2026-05-25T22:46:14.9530000,424
2026-05-25T22:46:15.9940000,437
2026-05-25T22:46:17.0350000,451
2026-05-25T22:46:18.0790000,427
2026-05-25T22:46:19.1200000,441
2026-05-25T22:46:20.1600000,425
2026-05-25T22:46:21.2010000,427
2026-05-25T22:46:22.2520000,414
2026-05-25T22:46:23.2930000,424
2026-05-25T22:46:24.3340000,427
2026-05-25T22:46:25.3740000,432
2026-05-25T22:46:26.4150000,427
2026-05-25T22:46:27.4660000,419
2026-05-25T22:46:28.5070000,445
2026-05-25T22:46:29.5480000,427
2026-05-25T22:46:30.5890000,447
2026-05-25T22:46:31.6300000,425
2026-05-25T22:46:32.6710000,439
2026-05-25T22:46:33.7220000,430
2026-05-25T22:46:34.7620000,433
2026-05-25T22:46:35.8030000,439
2026-05-25T22:46:36.8440000,431
2026-05-25T22:46:37.8850000,442
2026-05-25T22:46:38.9360000,442
2026-05-25T22:46:39.9770000,434
2026-05-25T22:46:41.0180000,423
2026-05-25T22:46:42.0590000,439
2026-05-25T22:46:43.0990000,441
2026-05-25T22:46:44.1400000,428
2026-05-25T22:46:45.1910000,424
2026-05-25T22:46:46.2250000,422
2026-05-25T22:46:47.2760000,433
2026-05-25T22:46:48.3170000,441
2026-05-25T22:46:49.3580000,427
2026-05-25T22:46:50.3980000,427
2026-05-25T22:46:51.4390000,431
2026-05-25T22:46:52.4900000,430
2026-05-25T22:46:53.5310000,418
2026-05-25T22:46:54.5720000,448
2026-05-25T22:46:55.6130000,431
2026-05-25T22:46:56.6530000,437
2026-05-25T22:46:57.7050000,428
2026-05-25T22:46:58.7450000,426
2026-05-25T22:46:59.7900000,411
2026-05-25T22:47:00.8310000,430
2026-05-25T22:47:01.8710000,440
2026-05-25T22:47:02.9130000,441
2026-05-25T22:47:03.9530000,423
2026-05-25T22:47:04.9940000,433
2026-05-25T22:47:06.0450000,420
2026-05-25T22:47:07.0860000,422
2026-05-25T22:47:08.1270000,436
2026-05-25T22:47:09.1680000,437
2026-05-25T22:47:10.2080000,419
2026-05-25T22:47:11.2590000,424
2026-05-25T22:47:12.3000000,423
2026-05-25T22:47:13.3410000,437
2026-05-25T22:47:14.3820000,433
2026-05-25T22:47:15.4230000,422
2026-05-25T22:47:16.4740000,433
2026-05-25T22:47:17.5150000,439
2026-05-25T22:47:18.5550000,438
2026-05-25T22:47:19.5960000,420
2026-05-25T22:47:20.6370000,438
2026-05-25T22:47:21.6780000,429
2026-05-25T22:47:22.7290000,425
2026-05-25T22:47:23.7700000,440
2026-05-25T22:47:24.8110000,422
2026-05-25T22:47:25.8510000,435
2026-05-25T22:47:26.8960000,438
2026-05-25T22:47:27.9370000,435
2026-05-25T22:47:28.9770000,442
2026-05-25T22:47:30.0290000,430
2026-05-25T22:47:31.0700000,447
2026-05-25T22:47:32.1100000,433
2026-05-25T22:47:33.1510000,432
2026-05-25T22:47:34.1920000,439
2026-05-25T22:47:35.2320000,426
2026-05-25T22:47:36.2840000,447
2026-05-25T22:47:37.3240000,446
2026-05-25T22:47:38.3650000,432
2026-05-25T22:47:39.4060000,436
2026-05-25T22:47:40.4470000,438
2026-05-25T22:47:41.4910000,448
2026-05-25T22:47:42.5320000,432
2026-05-25T22:47:43.5830000,419
2026-05-25T22:47:44.6240000,445
2026-05-25T22:47:45.6650000,427
2026-05-25T22:47:46.7060000,444
2026-05-25T22:47:47.7460000,432
2026-05-25T22:47:48.7980000,428
2026-05-25T22:47:49.8380000,453
2026-05-25T22:47:50.8790000,440
2026-05-25T22:47:51.9200000,454
2026-05-25T22:47:52.9610000,444
2026-05-25T22:47:54.0020000,441
2026-05-25T22:47:55.0460000,447
2026-05-25T22:47:56.0870000,436
2026-05-25T22:47:57.1380000,436
2026-05-25T22:47:58.1790000,445
2026-05-25T22:47:59.2190000,450
2026-05-25T22:48:00.2600000,439
2026-05-25T22:48:01.3010000,440
2026-05-25T22:48:02.3520000,447
2026-05-25T22:48:03.3930000,432
2026-05-25T22:48:04.4340000,433
2026-05-25T22:48:05.4750000,449
2026-05-25T22:48:06.5150000,434
2026-05-25T22:48:07.5560000,459
2026-05-25T22:48:08.6080000,430
2026-05-25T22:48:09.6480000,433
2026-05-25T22:48:10.6890000,459
2026-05-25T22:48:11.7300000,434
2026-05-25T22:48:12.7710000,443
2026-05-25T22:48:13.8120000,446
2026-05-25T22:48:14.8630000,460
2026-05-25T22:48:15.9040000,445
2026-05-25T22:48:16.9450000,441
2026-05-25T22:48:17.9860000,448
2026-05-25T22:48:19.0260000,446
2026-05-25T22:48:20.0780000,442
2026-05-25T22:48:21.1180000,448
2026-05-25T22:48:22.1620000,454
2026-05-25T22:48:23.2030000,458
2026-05-25T22:48:24.2440000,455
2026-05-25T22:48:25.2850000,471
2026-05-25T22:48:26.3260000,456
2026-05-25T22:48:27.3770000,463
2026-05-25T22:48:28.4180000,440
2026-05-25T22:48:29.4590000,454
2026-05-25T22:48:30.4990000,444
2026-05-25T22:48:31.5400000,448
2026-05-25T22:48:32.5840000,445
2026-05-25T22:48:33.6240000,451
2026-05-25T22:48:34.6760000,447
2026-05-25T22:48:35.7160000,468
2026-05-25T22:48:36.7570000,451
2026-05-25T22:48:37.7980000,455
2026-05-25T22:48:38.8390000,457
2026-05-25T22:48:39.8800000,459
2026-05-25T22:48:40.9310000,456
2026-05-25T22:48:41.9720000,452
2026-05-25T22:48:43.0130000,459
2026-05-25T22:48:44.0540000,451
2026-05-25T22:48:45.0950000,462
2026-05-25T22:48:46.1460000,451
2026-05-25T22:48:47.1870000,454
2026-05-25T22:48:48.2270000,452
2026-05-25T22:48:49.2680000,471
2026-05-25T22:48:50.3090000,452
2026-05-25T22:48:51.3600000,470
2026-05-25T22:48:52.4010000,462
2026-05-25T22:48:53.4420000,465
2026-05-25T22:48:54.4820000,467
2026-05-25T22:48:55.5230000,453
2026-05-25T22:48:56.5640000,460
2026-05-25T22:48:57.6150000,454
2026-05-25T22:48:58.6560000,460
2026-05-25T22:48:59.6970000,463
2026-05-25T22:49:00.7380000,447
2026-05-25T22:49:01.7780000,442
2026-05-25T22:49:02.8300000,459
2026-05-25T22:49:03.8740000,460
2026-05-25T22:49:04.9140000,442
2026-05-25T22:49:05.9550000,445
2026-05-25T22:49:06.9960000,445
2026-05-25T22:49:08.0360000,459
2026-05-25T22:49:09.0770000,461
2026-05-25T22:49:10.1280000,463
2026-05-25T22:49:11.1690000,465
2026-05-25T22:49:12.2100000,435
2026-05-25T22:49:13.2510000,447
2026-05-25T22:49:14.2920000,461
2026-05-25T22:49:15.3430000,460
2026-05-25T22:49:16.3840000,447
2026-05-25T22:49:17.4250000,439
2026-05-25T22:49:18.4650000,451
2026-05-25T22:49:19.5060000,448
2026-05-25T22:49:20.5470000,466
2026-05-25T22:49:21.5980000,447
2026-05-25T22:49:22.6390000,463
2026-05-25T22:49:23.6800000,444
2026-05-25T22:49:24.7210000,452
2026-05-25T22:49:25.7620000,461
2026-05-25T22:49:26.8130000,456
2026-05-25T22:49:27.8540000,457
2026-05-25T22:49:28.8940000,459
2026-05-25T22:49:29.9350000,447
2026-05-25T22:49:30.9760000,445
2026-05-25T22:49:32.0200000,444
2026-05-25T22:49:33.0610000,453
2026-05-25T22:49:34.1120000,459
2026-05-25T22:49:35.1530000,434
2026-05-25T22:49:36.1930000,448
2026-05-25T22:49:37.2340000,458
2026-05-25T22:49:38.2750000,448
2026-05-25T22:49:39.3260000,454
2026-05-25T22:49:40.3670000,456
2026-05-25T22:49:41.4080000,451
2026-05-25T22:49:42.4480000,436
2026-05-25T22:49:43.4890000,449
2026-05-25T22:49:44.5410000,447
2026-05-25T22:49:45.5740000,433
2026-05-25T22:49:46.6260000,466
2026-05-25T22:49:47.6660000,456
2026-05-25T22:49:48.7070000,456
2026-05-25T22:49:49.7480000,459
2026-05-25T22:49:50.7890000,459
2026-05-25T22:49:51.8300000,448
2026-05-25T22:49:52.8810000,458
2026-05-25T22:49:53.9220000,446
2026-05-25T22:49:54.9630000,456
2026-05-25T22:49:56.0030000,459
2026-05-25T22:49:57.0440000,459
2026-05-25T22:49:58.0950000,448
2026-05-25T22:49:59.1360000,456
2026-05-25T22:50:00.1770000,452
2026-05-25T22:50:01.2170000,446
2026-05-25T22:50:02.2580000,462
2026-05-25T22:50:03.2990000,460
2026-05-25T22:50:04.3500000,461
2026-05-25T22:50:05.3910000,445
2026-05-25T22:50:06.4320000,448
2026-05-25T22:50:07.4730000,461
2026-05-25T22:50:08.5140000,449
2026-05-25T22:50:09.5650000,460
2026-05-25T22:50:10.6060000,454
2026-05-25T22:50:11.6460000,452
2026-05-25T22:50:12.6910000,466
2026-05-25T22:50:13.7310000,444
2026-05-25T22:50:14.7720000,452
2026-05-25T22:50:15.8130000,449
2026-05-25T22:50:16.8640000,466
2026-05-25T22:50:17.9050000,452
2026-05-25T22:50:18.9460000,451
2026-05-25T22:50:19.9860000,444
2026-05-25T22:50:21.0270000,445
2026-05-25T22:50:22.0680000,426
2026-05-25T22:50:23.1190000,447
2026-05-25T22:50:24.1600000,450
2026-05-25T22:50:25.2010000,432
2026-05-25T22:50:26.2410000,447
2026-05-25T22:50:27.2860000,444
2026-05-25T22:50:28.3260000,447
2026-05-25T22:50:29.3670000,453
2026-05-25T22:50:30.4180000,441
2026-05-25T22:50:31.4590000,442
2026-05-25T22:50:32.5000000,433
2026-05-25T22:50:33.5410000,430
2026-05-25T22:50:34.5810000,435
2026-05-25T22:50:35.6330000,445
2026-05-25T22:50:36.6730000,440
2026-05-25T22:50:37.7140000,430
2026-05-25T22:50:38.7550000,453
2026-05-25T22:50:39.7960000,431
2026-05-25T22:50:40.8360000,444
2026-05-25T22:50:41.8870000,445
2026-05-25T22:50:42.9290000,439
2026-05-25T22:50:43.9700000,445
2026-05-25T22:50:45.0100000,435
2026-05-25T22:50:46.0510000,444
2026-05-25T22:50:47.0920000,445
2026-05-25T22:50:48.1430000,449
2026-05-25T22:50:49.1840000,464
2026-05-25T22:50:50.2250000,430
2026-05-25T22:50:51.2650000,447
2026-05-25T22:50:52.3060000,430
2026-05-25T22:50:53.3570000,444
2026-05-25T22:50:54.3910000,446
2026-05-25T22:50:55.4420000,430
2026-05-25T22:50:56.4830000,448
2026-05-25T22:50:57.5240000,427
2026-05-25T22:50:58.5650000,427
2026-05-25T22:50:59.6060000,434
2026-05-25T22:51:00.6570000,432
2026-05-25T22:51:01.6980000,445
2026-05-25T22:51:02.7390000,437
2026-05-25T22:51:03.7800000,440
2026-05-25T22:51:04.8200000,452
2026-05-25T22:51:05.8610000,429
2026-05-25T22:51:06.9120000,434
2026-05-25T22:51:07.9530000,442
2026-05-25T22:51:08.9940000,425
2026-05-25T22:51:10.0340000,451
2026-05-25T22:51:11.0750000,448
2026-05-25T22:51:12.1260000,432
2026-05-25T22:51:13.1680000,440
2026-05-25T22:51:14.2080000,431
2026-05-25T22:51:15.2490000,451
2026-05-25T22:51:16.2900000,442
2026-05-25T22:51:17.3310000,447
2026-05-25T22:51:18.3820000,435
2026-05-25T22:51:19.4230000,453
2026-05-25T22:51:20.4630000,446
2026-05-25T22:51:21.5040000,440
2026-05-25T22:51:22.5490000,447
2026-05-25T22:51:23.5890000,442
2026-05-25T22:51:24.6300000,436
2026-05-25T22:51:25.6820000,440
2026-05-25T22:51:26.7220000,436
2026-05-25T22:51:27.7630000,443
2026-05-25T22:51:28.8040000,436
2026-05-25T22:51:29.8450000,430
2026-05-25T22:51:30.8850000,434
2026-05-25T22:51:31.9360000,442
2026-05-25T22:51:32.9770000,440
2026-05-25T22:51:34.0180000,442
2026-05-25T22:51:35.0590000,445
2026-05-25T22:51:36.1030000,412
2026-05-25T22:51:37.1430000,433
2026-05-25T22:51:38.1840000,449
2026-05-25T22:51:39.2350000,440
2026-05-25T22:51:40.2760000,439
2026-05-25T22:51:41.3170000,443
2026-05-25T22:51:42.3580000,443
2026-05-25T22:51:43.3980000,444
2026-05-25T22:51:44.4390000,435
2026-05-25T22:51:45.4910000,430
2026-05-25T22:51:46.5310000,421
2026-05-25T22:51:47.5720000,444
2026-05-25T22:51:48.6130000,440
2026-05-25T22:51:49.6540000,435
2026-05-25T22:51:50.7050000,438
2026-05-25T22:51:51.7450000,441
2026-05-25T22:51:52.7860000,439
2026-05-25T22:51:53.8270000,439
2026-05-25T22:51:54.8680000,434
2026-05-25T22:51:55.9190000,426
2026-05-25T22:51:56.9600000,433
2026-05-25T22:51:58.0000000,429
2026-05-25T22:51:59.0410000,424
2026-05-25T22:52:00.0820000,440
2026-05-25T22:52:01.1230000,431
2026-05-25T22:52:02.1740000,439
2026-05-25T22:52:03.2080000,431
2026-05-25T22:52:04.2520000,433
2026-05-25T22:52:05.2930000,430
2026-05-25T22:52:06.3440000,431
2026-05-25T22:52:07.3850000,444
2026-05-25T22:52:08.4260000,437
2026-05-25T22:52:09.4670000,441
2026-05-25T22:52:10.5070000,429
2026-05-25T22:52:11.5480000,447
2026-05-25T22:52:12.6000000,429
2026-05-25T22:52:13.6400000,447
2026-05-25T22:52:14.6810000,435
2026-05-25T22:52:15.7220000,428
2026-05-25T22:52:16.7630000,427
2026-05-25T22:52:17.8140000,448
2026-05-25T22:52:18.8540000,442
2026-05-25T22:52:19.8950000,437
2026-05-25T22:52:20.9360000,444
2026-05-25T22:52:21.9770000,425
2026-05-25T22:52:23.0280000,458
2026-05-25T22:52:24.0690000,447
2026-05-25T22:52:25.1100000,432
2026-05-25T22:52:26.1500000,423
2026-05-25T22:52:27.1910000,437
2026-05-25T22:52:28.2320000,441
2026-05-25T22:52:29.2830000,442
2026-05-25T22:52:30.3240000,442
2026-05-25T22:52:31.3680000,440
2026-05-25T22:52:32.4090000,444
2026-05-25T22:52:33.4500000,419
2026-05-25T22:52:34.4910000,437
2026-05-25T22:52:35.5320000,430
2026-05-25T22:52:36.5720000,425
2026-05-25T22:52:37.6240000,432
2026-05-25T22:52:38.6640000,429
2026-05-25T22:52:39.7050000,430
2026-05-25T22:52:40.7460000,416
2026-05-25T22:52:41.7860000,426
2026-05-25T22:52:42.8380000,426
2026-05-25T22:52:43.8780000,429
2026-05-25T22:52:44.9230000,437
2026-05-25T22:52:45.9630000,425
2026-05-25T22:52:47.0040000,427
2026-05-25T22:52:48.0450000,437
2026-05-25T22:52:49.0860000,431
2026-05-25T22:52:50.1370000,438
2026-05-25T22:52:51.1780000,429
2026-05-25T22:52:52.2180000,426
2026-05-25T22:52:53.2600000,432
2026-05-25T22:52:54.3000000,436
2026-05-25T22:52:55.3410000,434
2026-05-25T22:52:56.3930000,441
2026-05-25T22:52:57.4330000,433
2026-05-25T22:52:58.4740000,434
2026-05-25T22:52:59.5220000,438
2026-05-25T22:53:00.5630000,429
2026-05-25T22:53:01.6030000,430
2026-05-25T22:53:02.6440000,431
2026-05-25T22:53:03.6850000,432
2026-05-25T22:53:04.7250000,452
2026-05-25T22:53:05.7770000,441
2026-05-25T22:53:06.8170000,424
2026-05-25T22:53:07.8580000,430
2026-05-25T22:53:08.8990000,432
2026-05-25T22:53:09.9400000,445
2026-05-25T22:53:10.9910000,431
2026-05-25T22:53:12.0320000,422
2026-05-25T22:53:13.0760000,437
2026-05-25T22:53:14.1170000,435
2026-05-25T22:53:15.1580000,446
2026-05-25T22:53:16.1980000,433
2026-05-25T22:53:17.2390000,426
2026-05-25T22:53:18.2910000,437
2026-05-25T22:53:19.3310000,427
2026-05-25T22:53:20.3720000,434
2026-05-25T22:53:21.4130000,433
2026-05-25T22:53:22.4540000,430
2026-05-25T22:53:23.5050000,436
2026-05-25T22:53:24.5460000,434
2026-05-25T22:53:25.5870000,445
2026-05-25T22:53:26.6270000,431
2026-05-25T22:53:27.6680000,441
2026-05-25T22:53:28.7090000,437
2026-05-25T22:53:29.7600000,430
2026-05-25T22:53:30.8010000,447
2026-05-25T22:53:31.8420000,439
2026-05-25T22:53:32.8830000,436
2026-05-25T22:53:33.9240000,429
2026-05-25T22:53:34.9750000,430
2026-05-25T22:53:36.0160000,432
2026-05-25T22:53:37.0560000,434
2026-05-25T22:53:38.0970000,445
2026-05-25T22:53:39.1380000,432
2026-05-25T22:53:40.1820000,431
2026-05-25T22:53:41.2230000,428
2026-05-25T22:53:42.2640000,430
2026-05-25T22:53:43.3150000,435
2026-05-25T22:53:44.3560000,435
2026-05-25T22:53:45.3970000,440
2026-05-25T22:53:46.4380000,441
2026-05-25T22:53:47.4790000,450
2026-05-25T22:53:48.5190000,426
2026-05-25T22:53:49.5710000,436
2026-05-25T22:53:50.6110000,424
2026-05-25T22:53:51.6520000,434
2026-05-25T22:53:52.6930000,436
2026-05-25T22:53:53.7330000,423
2026-05-25T22:53:54.7780000,438
2026-05-25T22:53:55.8180000,431
2026-05-25T22:53:56.8700000,433
2026-05-25T22:53:57.9100000,430
2026-05-25T22:53:58.9510000,442
2026-05-25T22:53:59.9920000,426
2026-05-25T22:54:01.0330000,427
2026-05-25T22:54:02.0840000,438
2026-05-25T22:54:03.1250000,435
2026-05-25T22:54:04.1660000,441
2026-05-25T22:54:05.2060000,445
2026-05-25T22:54:06.2470000,433
2026-05-25T22:54:07.2880000,425
2026-05-25T22:54:08.3320000,446
2026-05-25T22:54:09.3830000,444
2026-05-25T22:54:10.4240000,437
2026-05-25T22:54:11.4650000,432
2026-05-25T22:54:12.5050000,417
2026-05-25T22:54:13.5460000,439
2026-05-25T22:54:14.5870000,433
2026-05-25T22:54:15.6380000,433
2026-05-25T22:54:16.6790000,451
2026-05-25T22:54:17.7190000,432
2026-05-25T22:54:18.7600000,424
2026-05-25T22:54:19.8010000,430
2026-05-25T22:54:20.8520000,432
2026-05-25T22:54:21.8930000,417
2026-05-25T22:54:22.9340000,447
2026-05-25T22:54:23.9740000,424
2026-05-25T22:54:25.0150000,425
2026-05-25T22:54:26.0660000,429
2026-05-25T22:54:27.1070000,427
2026-05-25T22:54:28.1480000,444
2026-05-25T22:54:29.1890000,431
2026-05-25T22:54:30.2290000,435
2026-05-25T22:54:31.2700000,431
2026-05-25T22:54:32.3210000,424
2026-05-25T22:54:33.3620000,431
2026-05-25T22:54:34.4030000,436
2026-05-25T22:54:35.4470000,438
2026-05-25T22:54:36.4880000,421
2026-05-25T22:54:37.5280000,436
2026-05-25T22:54:38.5790000,440
2026-05-25T22:54:39.6200000,440
2026-05-25T22:54:40.6610000,441
2026-05-25T22:54:41.7020000,446
2026-05-25T22:54:42.7420000,423
2026-05-25T22:54:43.7830000,430
2026-05-25T22:54:44.8340000,433
2026-05-25T22:54:45.8750000,446
2026-05-25T22:54:46.9160000,433
2026-05-25T22:54:47.9570000,437
2026-05-25T22:54:48.9970000,425
2026-05-25T22:54:50.0450000,441
2026-05-25T22:54:51.0860000,421
2026-05-25T22:54:52.1270000,433
2026-05-25T22:54:53.1680000,434
2026-05-25T22:54:54.2190000,444
2026-05-25T22:54:55.2590000,438
2026-05-25T22:54:56.3000000,426
2026-05-25T22:54:57.3410000,443
2026-05-25T22:54:58.3820000,433
2026-05-25T22:54:59.4330000,439
2026-05-25T22:55:00.4740000,429
2026-05-25T22:55:01.5150000,438
2026-05-25T22:55:02.5550000,445
2026-05-25T22:55:03.5990000,417
2026-05-25T22:55:04.6400000,441
2026-05-25T22:55:05.6810000,426
2026-05-25T22:55:06.7320000,420
2026-05-25T22:55:07.7730000,428
2026-05-25T22:55:08.8140000,440
2026-05-25T22:55:09.8550000,427
2026-05-25T22:55:10.8950000,438
2026-05-25T22:55:11.9360000,431
2026-05-25T22:55:12.9880000,438
2026-05-25T22:55:14.0280000,429
2026-05-25T22:55:15.0690000,442
2026-05-25T22:55:16.1100000,440
2026-05-25T22:55:17.1540000,434
2026-05-25T22:55:18.1950000,423
2026-05-25T22:55:20.2870000,440
2026-05-25T22:55:21.3280000,433
2026-05-25T22:55:22.3680000,420
2026-05-25T22:55:23.4090000,432
2026-05-25T22:55:24.4500000,436
2026-05-25T22:55:25.5010000,435
2026-05-25T22:55:26.5420000,427
2026-05-25T22:55:27.5820000,440
2026-05-25T22:55:28.6230000,435
2026-05-25T22:55:29.6640000,438
2026-05-25T22:55:30.7050000,436
2026-05-25T22:55:32.7930000,435
2026-05-25T22:55:33.8340000,434
2026-05-25T22:55:34.8850000,438
2026-05-25T22:55:35.9260000,426
2026-05-25T22:55:36.9670000,435
2026-05-25T22:55:38.0080000,416
2026-05-25T22:55:39.0480000,436
2026-05-25T22:55:40.1000000,435
2026-05-25T22:55:41.1410000,430
2026-05-25T22:55:42.1810000,424
2026-05-25T22:55:43.2220000,441
2026-05-25T22:55:44.2630000,423
2026-05-25T22:55:45.3040000,430
2026-05-25T22:55:46.3550000,430
2026-05-25T22:55:47.3960000,429
2026-05-25T22:55:48.4370000,425
2026-05-25T22:55:49.4770000,435
2026-05-25T22:55:50.5180000,434
2026-05-25T22:55:51.5690000,444
2026-05-25T22:55:52.6100000,445
2026-05-25T22:55:53.6510000,434
2026-05-25T22:55:54.6920000,425
2026-05-25T22:55:55.7330000,433
2026-05-25T22:55:56.7730000,434
2026-05-25T22:55:57.8240000,430
2026-05-25T22:55:58.8620000,417
2026-05-25T22:55:59.9030000,441
2026-05-25T22:56:00.9540000,437
2026-05-25T22:56:01.9950000,432
2026-05-25T22:56:03.0350000,428
2026-05-25T22:56:04.0760000,432
2026-05-25T22:56:05.1170000,419
2026-05-25T22:56:06.1680000,420
2026-05-25T22:56:07.2090000,441
2026-05-25T22:56:08.2490000,419
2026-05-25T22:56:09.2900000,426
2026-05-25T22:56:10.3310000,434
2026-05-25T22:56:11.3710000,434
2026-05-25T22:56:12.4160000,431
2026-05-25T22:56:13.4670000,425
2026-05-25T22:56:14.5080000,430
2026-05-25T22:56:15.5480000,423
2026-05-25T22:56:16.5890000,442
2026-05-25T22:56:17.6300000,433
2026-05-25T22:56:18.6810000,417
2026-05-25T22:56:19.7220000,420
2026-05-25T22:56:20.7630000,425
2026-05-25T22:56:21.8040000,416
2026-05-25T22:56:22.8450000,424
2026-05-25T22:56:23.8850000,432
2026-05-25T22:56:24.9370000,426
2026-05-25T22:56:25.9780000,441
2026-05-25T22:56:27.0220000,423
2026-05-25T22:56:28.0630000,437
2026-05-25T22:56:29.1030000,435
2026-05-25T22:56:30.1440000,424
2026-05-25T22:56:31.1850000,433
2026-05-25T22:56:32.2360000,430
2026-05-25T22:56:33.2770000,444
2026-05-25T22:56:34.3180000,430
2026-05-25T22:56:35.3590000,433
2026-05-25T22:56:36.3990000,423
2026-05-25T22:56:37.4510000,418
2026-05-25T22:56:38.4910000,441
2026-05-25T22:56:39.5320000,435
2026-05-25T22:56:40.5730000,433
2026-05-25T22:56:41.6140000,433
2026-05-25T22:56:42.6650000,421
2026-05-25T22:56:43.7060000,430
2026-05-25T22:56:44.7460000,441
2026-05-25T22:56:45.7870000,436
2026-05-25T22:56:46.8280000,420
2026-05-25T22:56:47.8790000,430
2026-05-25T22:56:48.9200000,428
2026-05-25T22:56:49.9610000,428
2026-05-25T22:56:51.0020000,430
2026-05-25T22:56:52.0430000,426
2026-05-25T22:56:53.0840000,430
2026-05-25T22:56:54.1350000,432
2026-05-25T22:56:55.1760000,423
2026-05-25T22:56:56.2170000,435
2026-05-25T22:56:57.2570000,431
2026-05-25T22:56:58.2980000,431
2026-05-25T22:56:59.3490000,445
2026-05-25T22:57:00.3900000,434
2026-05-25T22:57:01.4310000,422
2026-05-25T22:57:02.4720000,435
2026-05-25T22:57:03.5120000,427
2026-05-25T22:57:04.5640000,430
2026-05-25T22:57:05.6040000,441
2026-05-25T22:57:06.6450000,422
2026-05-25T22:57:07.6900000,432
2026-05-25T22:57:08.7300000,411
2026-05-25T22:57:09.7710000,427
2026-05-25T22:57:10.8120000,420
2026-05-25T22:57:11.8630000,434
2026-05-25T22:57:12.9040000,427
2026-05-25T22:57:13.9450000,432
2026-05-25T22:57:14.9860000,428
2026-05-25T22:57:16.0260000,439
2026-05-25T22:57:17.0780000,427
2026-05-25T22:57:18.1190000,430
2026-05-25T22:57:19.1590000,427
2026-05-25T22:57:20.2000000,431
2026-05-25T22:57:21.2410000,443
2026-05-25T22:57:22.2880000,430
2026-05-25T22:57:23.3290000,430
2026-05-25T22:57:24.3700000,438
2026-05-25T22:57:25.4100000,433
2026-05-25T22:57:26.4620000,418
2026-05-25T22:57:27.5020000,427
2026-05-25T22:57:28.5430000,426
2026-05-25T22:57:29.5840000,423
2026-05-25T22:57:30.6250000,430
2026-05-25T22:57:31.6760000,425
2026-05-25T22:57:32.7170000,423
2026-05-25T22:57:33.7580000,433
2026-05-25T22:57:34.7990000,432
2026-05-25T22:57:35.8430000,434
2026-05-25T22:57:36.8840000,425
2026-05-25T22:57:37.9250000,427
2026-05-25T22:57:38.9760000,426
2026-05-25T22:57:40.0170000,419
2026-05-25T22:57:41.0580000,434
2026-05-25T22:57:42.0980000,429
2026-05-25T22:57:43.1390000,419
2026-05-25T22:57:44.1800000,420
2026-05-25T22:57:45.2310000,423
2026-05-25T22:57:46.2720000,441
2026-05-25T22:57:47.3130000,438
2026-05-25T22:57:48.3530000,424
2026-05-25T22:57:49.4010000,415
2026-05-25T22:57:50.4420000,437
2026-05-25T22:57:51.4820000,416
2026-05-25T22:57:52.5230000,430
2026-05-25T22:57:53.5640000,433
2026-05-25T22:57:54.6150000,420
2026-05-25T22:57:55.6560000,429
2026-05-25T22:57:56.6970000,431
2026-05-25T22:57:57.7380000,425
2026-05-25T22:57:58.7790000,431
2026-05-25T22:57:59.8300000,437
2026-05-25T22:58:00.8710000,427
2026-05-25T22:58:01.9120000,426
2026-05-25T22:58:02.9560000,434
2026-05-25T22:58:03.9970000,431
2026-05-25T22:58:05.0380000,434
2026-05-25T22:58:06.0780000,420
2026-05-25T22:58:07.1300000,434
2026-05-25T22:58:08.1700000,429
2026-05-25T22:58:09.2110000,437
2026-05-25T22:58:10.2520000,435
2026-05-25T22:58:12.3440000,436
2026-05-25T22:58:13.3850000,442
2026-05-25T22:58:14.4250000,429
2026-05-25T22:58:15.4660000,423
2026-05-25T22:58:16.5070000,430
2026-05-25T22:58:17.5550000,433
2026-05-25T22:58:18.5960000,426
2026-05-25T22:58:19.6370000,418
2026-05-25T22:58:20.6770000,431
2026-05-25T22:58:21.7290000,441
2026-05-25T22:58:22.7690000,423
2026-05-25T22:58:23.8100000,427
2026-05-25T22:58:24.8510000,415
2026-05-25T22:58:25.8920000,433
2026-05-25T22:58:26.9430000,413
2026-05-25T22:58:27.9840000,432
2026-05-25T22:58:29.0240000,436
2026-05-25T22:58:30.0650000,434
2026-05-25T22:58:31.1090000,424
2026-05-25T22:58:32.1500000,425
2026-05-25T22:58:33.1910000,433
2026-05-25T22:58:34.2420000,431
2026-05-25T22:58:35.2830000,431
2026-05-25T22:58:36.3240000,438
2026-05-25T22:58:37.3650000,430
2026-05-25T22:58:38.4050000,450
2026-05-25T22:58:39.4570000,420
2026-05-25T22:58:40.4970000,439
2026-05-25T22:58:41.5380000,433
2026-05-25T22:58:42.5790000,433
2026-05-25T22:58:43.6200000,424
2026-05-25T22:58:44.6640000,423
2026-05-25T22:58:45.7050000,425
2026-05-25T22:58:46.7560000,423
2026-05-25T22:58:47.7970000,429
2026-05-25T22:58:48.8380000,439
2026-05-25T22:58:49.8780000,444
2026-05-25T22:58:50.9190000,428
2026-05-25T22:58:51.9700000,432
2026-05-25T22:58:53.0110000,423
2026-05-25T22:58:54.0520000,434
2026-05-25T22:58:55.0920000,414
2026-05-25T22:58:56.1330000,431
2026-05-25T22:58:57.1840000,427
2026-05-25T22:58:58.2180000,433
2026-05-25T22:58:59.2620000,429
2026-05-25T22:59:00.3030000,429
2026-05-25T22:59:01.3540000,424
2026-05-25T22:59:02.3950000,430
2026-05-25T22:59:03.4360000,436
2026-05-25T22:59:04.4770000,437
2026-05-25T22:59:05.5180000,425
2026-05-25T22:59:06.5690000,427
2026-05-25T22:59:07.6100000,442
2026-05-25T22:59:08.6500000,412
2026-05-25T22:59:09.6910000,418
2026-05-25T22:59:10.7320000,432
2026-05-25T22:59:11.7830000,433
2026-05-25T22:59:12.8170000,429
2026-05-25T22:59:13.8680000,433
2026-05-25T22:59:14.9090000,437
2026-05-25T22:59:15.9490000,435
2026-05-25T22:59:16.9900000,431
2026-05-25T22:59:18.0310000,435
2026-05-25T22:59:19.0820000,427
2026-05-25T22:59:20.1230000,428
2026-05-25T22:59:21.1630000,424
2026-05-25T22:59:22.2040000,426
2026-05-25T22:59:23.2450000,424
2026-05-25T22:59:24.2960000,432
2026-05-25T22:59:25.3370000,435
2026-05-25T22:59:26.3740000,414
2026-05-25T22:59:27.4250000,445
2026-05-25T22:59:28.4660000,433
2026-05-25T22:59:29.5070000,431
2026-05-25T22:59:30.5480000,433
2026-05-25T22:59:31.5880000,430
2026-05-25T22:59:32.6290000,429
2026-05-25T22:59:33.6810000,435
2026-05-25T22:59:34.7220000,418
2026-05-25T22:59:35.7620000,433
2026-05-25T22:59:36.8030000,431
2026-05-25T22:59:37.8440000,435
2026-05-25T22:59:38.8950000,436
2026-05-25T22:59:39.9360000,431
2026-05-25T22:59:40.9770000,433
2026-05-25T22:59:42.0170000,427
2026-05-25T22:59:43.0580000,426
2026-05-25T22:59:44.1090000,430
2026-05-25T22:59:45.1500000,429
2026-05-25T22:59:46.1910000,423
2026-05-25T22:59:47.2310000,423
2026-05-25T22:59:48.2720000,436
2026-05-25T22:59:49.3240000,439
2026-05-25T22:59:50.3640000,416
2026-05-25T22:59:51.4050000,433
2026-05-25T22:59:52.4460000,442
2026-05-25T22:59:53.4870000,433
2026-05-25T22:59:54.5310000,427
2026-05-25T22:59:55.5720000,424
2026-05-25T22:59:56.6230000,437
2026-05-25T22:59:57.6640000,424
2026-05-25T22:59:58.7050000,445
2026-05-25T22:59:59.7460000,422
2026-05-25T23:00:00.7870000,430
2026-05-25T23:00:01.8380000,423
2026-05-25T23:00:02.8790000,438
2026-05-25T23:00:03.9190000,436
2026-05-25T23:00:04.9600000,432
2026-05-25T23:00:06.0010000,439
2026-05-25T23:00:07.0520000,449
2026-05-25T23:00:08.0860000,427
2026-05-25T23:00:09.1370000,448
2026-05-25T23:00:10.1780000,421
2026-05-25T23:00:11.2190000,443
2026-05-25T23:00:12.2590000,434
2026-05-25T23:00:13.3000000,432
2026-05-25T23:00:14.3510000,429
2026-05-25T23:00:15.3920000,442
2026-05-25T23:00:16.4330000,423
2026-05-25T23:00:17.4740000,447
2026-05-25T23:00:18.5140000,433
2026-05-25T23:00:19.5660000,434
2026-05-25T23:00:20.6060000,429
2026-05-25T23:00:21.6470000,441
2026-05-25T23:00:22.6880000,437
2026-05-25T23:00:23.7290000,437
2026-05-25T23:00:24.7700000,435
2026-05-25T23:00:25.8210000,444
2026-05-25T23:00:26.8620000,448
2026-05-25T23:00:27.9020000,436
2026-05-25T23:00:28.9430000,445
2026-05-25T23:00:29.9840000,454