time,ens_eco2_ppm
2026-05-25T12:00:00.4030000,498
2026-05-25T12:00:01.4550000,489
2026-05-25T12:00:02.4950000,484
2026-05-25T12:00:03.5360000,487
2026-05-25T12:00:04.5770000,488
2026-05-25T12:00:05.6180000,484
2026-05-25T12:00:06.6590000,486
2026-05-25T12:00:07.7060000,491
2026-05-25T12:00:08.7470000,488
2026-05-25T12:00:09.7880000,497
2026-05-25T12:00:10.8390000,494
2026-05-25T12:00:11.8800000,502
2026-05-25T12:00:12.9210000,495
2026-05-25T12:00:13.9620000,493
2026-05-25T12:00:15.0020000,482
2026-05-25T12:00:16.0540000,498
2026-05-25T12:00:17.0940000,489
2026-05-25T12:00:18.1350000,483
2026-05-25T12:00:19.1760000,482
2026-05-25T12:00:20.2170000,497
2026-05-25T12:00:21.2610000,498
2026-05-25T12:00:22.3020000,499
2026-05-25T12:00:23.3530000,491
2026-05-25T12:00:24.3940000,502
2026-05-25T12:00:25.4350000,488
2026-05-25T12:00:26.4780000,499
2026-05-25T12:00:27.5190000,486
2026-05-25T12:00:28.5600000,503
2026-05-25T12:00:29.6010000,502
2026-05-25T12:00:30.6520000,490
2026-05-25T12:00:31.6930000,491
2026-05-25T12:00:32.7340000,484
2026-05-25T12:00:33.7740000,497
2026-05-25T12:00:34.8150000,494
2026-05-25T12:00:35.8560000,489
2026-05-25T12:00:36.9070000,497
2026-05-25T12:00:37.9480000,487
2026-05-25T12:00:38.9880000,490
2026-05-25T12:00:40.0290000,494
2026-05-25T12:00:41.0700000,492
2026-05-25T12:00:42.1210000,506
2026-05-25T12:00:43.1620000,488
2026-05-25T12:00:44.2030000,489
2026-05-25T12:00:45.2440000,486
2026-05-25T12:00:46.2840000,497
2026-05-25T12:00:47.3360000,496
2026-05-25T12:00:48.3690000,488
2026-05-25T12:00:49.4210000,482
2026-05-25T12:00:50.4610000,483
2026-05-25T12:00:51.5020000,488
2026-05-25T12:00:52.5430000,490
2026-05-25T12:00:53.5840000,493
2026-05-25T12:00:54.6350000,496
2026-05-25T12:00:55.6760000,497
2026-05-25T12:00:56.7170000,502
2026-05-25T12:00:57.7570000,489
2026-05-25T12:00:58.7980000,490
2026-05-25T12:00:59.8490000,493
2026-05-25T12:01:00.8900000,486
2026-05-25T12:01:01.9310000,507
2026-05-25T12:01:02.9680000,493
2026-05-25T12:01:04.0190000,483
2026-05-25T12:01:05.0600000,503
2026-05-25T12:01:06.1010000,489
2026-05-25T12:01:07.1420000,499
2026-05-25T12:01:08.1820000,481
2026-05-25T12:01:09.2340000,486
2026-05-25T12:01:10.2740000,489
2026-05-25T12:01:11.3150000,491
2026-05-25T12:01:12.3560000,487
2026-05-25T12:01:13.3970000,494
2026-05-25T12:01:14.4380000,485
2026-05-25T12:01:15.4890000,477
2026-05-25T12:01:16.5330000,480
2026-05-25T12:01:17.5740000,483
2026-05-25T12:01:18.6150000,496
2026-05-25T12:01:19.6560000,505
2026-05-25T12:01:20.6970000,486
2026-05-25T12:01:21.7370000,490
2026-05-25T12:01:22.7880000,489
2026-05-25T12:01:23.8290000,504
2026-05-25T12:01:24.8700000,487
2026-05-25T12:01:25.9100000,488
2026-05-25T12:01:26.9510000,488
2026-05-25T12:01:28.0020000,482
2026-05-25T12:01:29.0430000,494
2026-05-25T12:01:30.0870000,482
2026-05-25T12:01:31.1280000,482
2026-05-25T12:01:32.1690000,489
2026-05-25T12:01:33.2100000,492
2026-05-25T12:01:34.2510000,498
2026-05-25T12:01:35.2910000,492
2026-05-25T12:01:36.3430000,498
2026-05-25T12:01:37.3840000,481
2026-05-25T12:01:38.4250000,479
2026-05-25T12:01:39.4650000,510
2026-05-25T12:01:40.5060000,499
2026-05-25T12:01:41.5570000,485
2026-05-25T12:01:42.5980000,488
2026-05-25T12:01:43.6430000,486
2026-05-25T12:01:44.6830000,505
2026-05-25T12:01:45.7240000,497
2026-05-25T12:01:46.7650000,477
2026-05-25T12:01:47.8060000,495
2026-05-25T12:01:48.8460000,484
2026-05-25T12:01:49.8980000,486
2026-05-25T12:01:50.9380000,491
2026-05-25T12:01:51.9790000,478
2026-05-25T12:01:53.0200000,497
2026-05-25T12:01:54.0610000,482
2026-05-25T12:01:55.1120000,497
2026-05-25T12:01:56.1530000,488
2026-05-25T12:01:57.1940000,496
2026-05-25T12:01:58.2410000,490
2026-05-25T12:01:59.2820000,500
2026-05-25T12:02:00.3230000,485
2026-05-25T12:02:01.3640000,476
2026-05-25T12:02:02.4040000,490
2026-05-25T12:02:03.4450000,487
2026-05-25T12:02:04.4970000,480
2026-05-25T12:02:05.5370000,492
2026-05-25T12:02:06.5780000,481
2026-05-25T12:02:07.6190000,500
2026-05-25T12:02:08.6600000,491
2026-05-25T12:02:09.7110000,467
2026-05-25T12:02:10.7520000,482
2026-05-25T12:02:11.7920000,490
2026-05-25T12:02:12.8330000,493
2026-05-25T12:02:13.8740000,484
2026-05-25T12:02:14.9150000,500
2026-05-25T12:02:15.9660000,501
2026-05-25T12:02:17.0070000,494
2026-05-25T12:02:18.0480000,481
2026-05-25T12:02:19.0880000,490
2026-05-25T12:02:20.1290000,499
2026-05-25T12:02:21.1800000,503
2026-05-25T12:02:22.2210000,485
2026-05-25T12:02:23.2620000,481
2026-05-25T12:02:24.3030000,486
2026-05-25T12:02:25.3470000,490
2026-05-25T12:02:26.3880000,487
2026-05-25T12:02:27.4290000,493
2026-05-25T12:02:28.4800000,498
2026-05-25T12:02:29.5210000,496
2026-05-25T12:02:30.5620000,491
2026-05-25T12:02:31.6030000,488
2026-05-25T12:02:32.6440000,481
2026-05-25T12:02:33.6840000,480
2026-05-25T12:02:34.7350000,499
2026-05-25T12:02:35.7760000,495
2026-05-25T12:02:36.8170000,498
2026-05-25T12:02:37.8580000,502
2026-05-25T12:02:38.8980000,481
2026-05-25T12:02:39.9430000,494
2026-05-25T12:02:40.9830000,472
2026-05-25T12:02:42.0350000,495
2026-05-25T12:02:43.0750000,497
2026-05-25T12:02:44.1160000,484
2026-05-25T12:02:45.1570000,488
2026-05-25T12:02:46.1980000,474
2026-05-25T12:02:47.2490000,489
2026-05-25T12:02:48.2900000,487
2026-05-25T12:02:49.3310000,499
2026-05-25T12:02:50.3720000,482
2026-05-25T12:02:51.4120000,474
2026-05-25T12:02:52.4530000,494
2026-05-25T12:02:53.4980000,493
2026-05-25T12:02:54.5380000,488
2026-05-25T12:02:55.5900000,497
2026-05-25T12:02:56.6300000,477
2026-05-25T12:02:57.6710000,473
2026-05-25T12:02:58.7120000,491
2026-05-25T12:02:59.7530000,497
2026-05-25T12:03:00.8040000,478
2026-05-25T12:03:01.8450000,490
2026-05-25T12:03:02.8850000,516
2026-05-25T12:03:03.9260000,494
2026-05-25T12:03:04.9670000,481
2026-05-25T12:03:06.0180000,483
2026-05-25T12:03:07.0520000,485
2026-05-25T12:03:08.1030000,495
2026-05-25T12:03:09.1440000,500
2026-05-25T12:03:10.1850000,483
2026-05-25T12:03:11.2250000,496
2026-05-25T12:03:12.2660000,488
2026-05-25T12:03:13.3070000,475
2026-05-25T12:03:14.3580000,482
2026-05-25T12:03:15.3990000,480
2026-05-25T12:03:16.4400000,495
2026-05-25T12:03:17.4810000,495
2026-05-25T12:03:18.5220000,496
2026-05-25T12:03:19.5730000,493
2026-05-25T12:03:21.6570000,491
2026-05-25T12:03:22.6980000,490
2026-05-25T12:03:23.7390000,491
2026-05-25T12:03:24.7800000,491
2026-05-25T12:03:25.8200000,492
2026-05-25T12:03:26.8720000,490
2026-05-25T12:03:27.9120000,485
2026-05-25T12:03:28.9530000,496
2026-05-25T12:03:29.9940000,476
2026-05-25T12:03:31.0350000,475
2026-05-25T12:03:32.0760000,481
2026-05-25T12:03:33.1270000,484
2026-05-25T12:03:34.1680000,487
2026-05-25T12:03:35.2050000,481
2026-05-25T12:03:36.2560000,479
2026-05-25T12:03:37.2970000,477
2026-05-25T12:03:38.3380000,485
2026-05-25T12:03:39.3780000,497
2026-05-25T12:03:40.4190000,487
2026-05-25T12:03:41.4600000,485
2026-05-25T12:03:42.5110000,496
2026-05-25T12:03:43.5520000,475
2026-05-25T12:03:44.5930000,478
2026-05-25T12:03:45.6330000,481
2026-05-25T12:03:46.6740000,506
2026-05-25T12:03:47.7250000,492
2026-05-25T12:03:48.7660000,484
2026-05-25T12:03:49.8070000,488
2026-05-25T12:03:50.8470000,486
2026-05-25T12:03:51.8880000,484
2026-05-25T12:03:52.9390000,488
2026-05-25T12:03:53.9800000,482
2026-05-25T12:03:55.0210000,484
2026-05-25T12:03:56.0620000,477
2026-05-25T12:03:57.1020000,482
2026-05-25T12:03:58.1540000,480
2026-05-25T12:03:59.1940000,487
2026-05-25T12:04:00.2350000,497
2026-05-25T12:04:01.2760000,476
2026-05-25T12:04:02.3200000,478
2026-05-25T12:04:03.3610000,488
2026-05-25T12:04:04.4020000,493
2026-05-25T12:04:05.4430000,485
2026-05-25T12:04:06.4940000,484
2026-05-25T12:04:07.5350000,495
2026-05-25T12:04:08.5760000,492
2026-05-25T12:04:09.6160000,488
2026-05-25T12:04:10.6570000,491
2026-05-25T12:04:11.7080000,479
2026-05-25T12:04:12.7490000,497
2026-05-25T12:04:13.7900000,486
2026-05-25T12:04:14.8310000,489
2026-05-25T12:04:15.8750000,477
2026-05-25T12:04:16.9160000,496
2026-05-25T12:04:17.9560000,493
2026-05-25T12:04:19.0080000,471
2026-05-25T12:04:20.0490000,474
2026-05-25T12:04:21.0890000,491
2026-05-25T12:04:22.1300000,485
2026-05-25T12:04:23.1710000,486
2026-05-25T12:04:24.2120000,483
2026-05-25T12:04:25.2630000,486
2026-05-25T12:04:26.3040000,480
2026-05-25T12:04:27.3450000,481
2026-05-25T12:04:28.3850000,476
2026-05-25T12:04:29.4260000,481
2026-05-25T12:04:30.4700000,483
2026-05-25T12:04:31.5110000,483
2026-05-25T12:04:32.5620000,481
2026-05-25T12:04:33.6030000,495
2026-05-25T12:04:34.6440000,492
2026-05-25T12:04:35.6840000,482
2026-05-25T12:04:36.7250000,505
2026-05-25T12:04:37.7770000,489
2026-05-25T12:04:38.8170000,485
2026-05-25T12:04:39.8580000,482
2026-05-25T12:04:40.8990000,495
2026-05-25T12:04:41.9400000,493
2026-05-25T12:04:42.9910000,494
2026-05-25T12:04:44.0250000,479
2026-05-25T12:04:45.0760000,487
2026-05-25T12:04:46.1200000,504
2026-05-25T12:04:47.1600000,483
2026-05-25T12:04:48.2010000,495
2026-05-25T12:04:49.2420000,488
2026-05-25T12:04:50.2830000,494
2026-05-25T12:04:51.3240000,489
2026-05-25T12:04:52.3750000,493
2026-05-25T12:04:53.4160000,488
2026-05-25T12:04:54.4560000,494
2026-05-25T12:04:55.4970000,496
2026-05-25T12:04:56.5380000,492
2026-05-25T12:04:57.5860000,512
2026-05-25T12:04:58.6270000,479
2026-05-25T12:04:59.6670000,481
2026-05-25T12:05:00.7080000,501
2026-05-25T12:05:01.7590000,506
2026-05-25T12:05:02.8000000,521
2026-05-25T12:05:03.8410000,506
2026-05-25T12:05:04.8820000,498
2026-05-25T12:05:05.9220000,503
2026-05-25T12:05:06.9740000,496
2026-05-25T12:05:08.0150000,501
2026-05-25T12:05:09.0550000,497
2026-05-25T12:05:10.0960000,500
2026-05-25T12:05:11.1400000,498
2026-05-25T12:05:12.1810000,487
2026-05-25T12:05:13.2220000,496
2026-05-25T12:05:14.2630000,492
2026-05-25T12:05:15.3140000,504
2026-05-25T12:05:16.3550000,501
2026-05-25T12:05:17.3960000,503
2026-05-25T12:05:18.4360000,510
2026-05-25T12:05:19.4770000,496
2026-05-25T12:05:20.5280000,497
2026-05-25T12:05:21.5690000,502
2026-05-25T12:05:22.6100000,507
2026-05-25T12:05:23.6500000,499
2026-05-25T12:05:24.6910000,499
2026-05-25T12:05:25.7350000,500
2026-05-25T12:05:26.7760000,503
2026-05-25T12:05:27.8270000,502
2026-05-25T12:05:28.8680000,506
2026-05-25T12:05:29.9090000,492
2026-05-25T12:05:30.9500000,516
2026-05-25T12:05:31.9900000,501
2026-05-25T12:05:33.0420000,496
2026-05-25T12:05:34.0830000,495
2026-05-25T12:05:35.1230000,501
2026-05-25T12:05:36.1640000,491
2026-05-25T12:05:37.2050000,516
2026-05-25T12:05:38.2460000,505
2026-05-25T12:05:39.2900000,511
2026-05-25T12:05:40.3310000,502
2026-05-25T12:05:41.3820000,507
2026-05-25T12:05:42.4230000,507
2026-05-25T12:05:43.4640000,524
2026-05-25T12:05:44.5040000,502
2026-05-25T12:05:45.5450000,503
2026-05-25T12:05:46.5960000,492
2026-05-25T12:05:47.6370000,504
2026-05-25T12:05:48.6780000,487
2026-05-25T12:05:49.7190000,495
2026-05-25T12:05:50.7590000,498
2026-05-25T12:05:51.8110000,491
2026-05-25T12:05:52.8510000,499
2026-05-25T12:05:53.8920000,507
2026-05-25T12:05:54.9330000,511
2026-05-25T12:05:55.9740000,508
2026-05-25T12:05:57.0250000,512
2026-05-25T12:05:58.0660000,508
2026-05-25T12:05:59.1070000,504
2026-05-25T12:06:00.1470000,517
2026-05-25T12:06:01.1880000,501
2026-05-25T12:06:02.2290000,506
2026-05-25T12:06:03.2800000,506
2026-05-25T12:06:04.3210000,507
2026-05-25T12:06:05.3620000,496
2026-05-25T12:06:06.4060000,506
2026-05-25T12:06:07.4470000,499
2026-05-25T12:06:08.4870000,505
2026-05-25T12:06:09.5280000,497
2026-05-25T12:06:10.5800000,520
2026-05-25T12:06:11.6200000,513
2026-05-25T12:06:12.6610000,513
2026-05-25T12:06:13.7020000,516
2026-05-25T12:06:14.7420000,512
2026-05-25T12:06:15.7940000,504
2026-05-25T12:06:16.8350000,508
2026-05-25T12:06:17.8750000,509
2026-05-25T12:06:18.9160000,513
2026-05-25T12:06:19.9570000,516
2026-05-25T12:06:21.0010000,505
2026-05-25T12:06:22.0420000,513
2026-05-25T12:06:23.0930000,502
2026-05-25T12:06:24.1340000,506
2026-05-25T12:06:25.1750000,507
2026-05-25T12:06:26.2160000,507
2026-05-25T12:06:27.2560000,510
2026-05-25T12:06:28.3080000,521
2026-05-25T12:06:29.3480000,512
2026-05-25T12:06:30.3890000,513
2026-05-25T12:06:31.4300000,513
2026-05-25T12:06:32.4700000,516
2026-05-25T12:06:33.5220000,518
2026-05-25T12:06:34.5620000,505
2026-05-25T12:06:35.6030000,509
2026-05-25T12:06:36.6440000,512
2026-05-25T12:06:37.6850000,510
2026-05-25T12:06:38.7360000,509
2026-05-25T12:06:39.7760000,506
2026-05-25T12:06:40.8170000,504
2026-05-25T12:06:41.8580000,507
2026-05-25T12:06:42.8990000,520
2026-05-25T12:06:43.9500000,503
2026-05-25T12:06:44.9910000,507
2026-05-25T12:06:46.0320000,496
2026-05-25T12:06:47.0720000,507
2026-05-25T12:06:48.1170000,515
2026-05-25T12:06:49.1570000,504
2026-05-25T12:06:50.1980000,508
2026-05-25T12:06:51.2490000,513
2026-05-25T12:06:52.2900000,510
2026-05-25T12:06:53.3310000,509
2026-05-25T12:06:54.3710000,521
2026-05-25T12:06:55.4120000,495
2026-05-25T12:06:56.4640000,503
2026-05-25T12:06:57.5040000,521
2026-05-25T12:06:58.5450000,522
2026-05-25T12:06:59.5860000,503
2026-05-25T12:07:00.6270000,505
2026-05-25T12:07:01.6780000,511
2026-05-25T12:07:02.7190000,527
2026-05-25T12:07:03.7590000,508
2026-05-25T12:07:04.8000000,501
2026-05-25T12:07:05.8410000,507
2026-05-25T12:07:06.8920000,498
2026-05-25T12:07:07.9330000,516
2026-05-25T12:07:08.9740000,502
2026-05-25T12:07:10.0150000,489
2026-05-25T12:07:11.0560000,501
2026-05-25T12:07:12.1070000,493
2026-05-25T12:07:13.1480000,490
2026-05-25T12:07:14.1890000,497
2026-05-25T12:07:15.2290000,513
2026-05-25T12:07:16.2740000,495
2026-05-25T12:07:17.3150000,503
2026-05-25T12:07:18.3560000,501
2026-05-25T12:07:19.4070000,500
2026-05-25T12:07:20.4470000,516
2026-05-25T12:07:21.4880000,517
2026-05-25T12:07:22.5290000,501
2026-05-25T12:07:23.5700000,514
2026-05-25T12:07:24.6210000,493
2026-05-25T12:07:25.6620000,502
2026-05-25T12:07:26.7030000,505
2026-05-25T12:07:27.7440000,505
2026-05-25T12:07:28.7850000,495
2026-05-25T12:07:29.8250000,495
2026-05-25T12:07:30.8770000,517
2026-05-25T12:07:31.9180000,499
2026-05-25T12:07:32.9580000,496
2026-05-25T12:07:33.9990000,497
2026-05-25T12:07:35.0400000,513
2026-05-25T12:07:36.0910000,513
2026-05-25T12:07:37.1320000,492
2026-05-25T12:07:38.1730000,502
2026-05-25T12:07:39.2130000,512
2026-05-25T12:07:40.2540000,503
2026-05-25T12:07:41.3050000,492
2026-05-25T12:07:42.3460000,497
2026-05-25T12:07:43.3870000,497
2026-05-25T12:07:44.4270000,509
2026-05-25T12:07:45.4680000,496
2026-05-25T12:07:46.5200000,521
2026-05-25T12:07:47.5610000,509
2026-05-25T12:07:48.6020000,515
2026-05-25T12:07:49.6420000,506
2026-05-25T12:07:50.6830000,503
2026-05-25T12:07:51.7240000,502
2026-05-25T12:07:52.7750000,499
2026-05-25T12:07:53.8160000,503
2026-05-25T12:07:54.8560000,495
2026-05-25T12:07:55.8970000,506
2026-05-25T12:07:56.9380000,511
2026-05-25T12:07:57.9890000,500
2026-05-25T12:07:59.0300000,508
2026-05-25T12:08:00.0710000,506
2026-05-25T12:08:01.1120000,492
2026-05-25T12:08:02.1520000,502
2026-05-25T12:08:03.2030000,505
2026-05-25T12:08:04.2440000,499
2026-05-25T12:08:05.2850000,498
2026-05-25T12:08:06.3260000,499
2026-05-25T12:08:07.3670000,500
2026-05-25T12:08:08.4180000,499
2026-05-25T12:08:09.4590000,494
2026-05-25T12:08:10.5030000,498
2026-05-25T12:08:11.5440000,502
2026-05-25T12:08:12.5850000,487
2026-05-25T12:08:13.6250000,499
2026-05-25T12:08:14.6660000,501
2026-05-25T12:08:15.7170000,503
2026-05-25T12:08:16.7580000,500
2026-05-25T12:08:17.7990000,507
2026-05-25T12:08:18.8400000,499
2026-05-25T12:08:19.8800000,493
2026-05-25T12:08:20.9320000,497
2026-05-25T12:08:21.9730000,493
2026-05-25T12:08:23.0130000,496
2026-05-25T12:08:24.0540000,503
2026-05-25T12:08:25.0980000,496
2026-05-25T12:08:26.1390000,515
2026-05-25T12:08:27.1800000,490
2026-05-25T12:08:28.2310000,487
2026-05-25T12:08:29.2710000,496
2026-05-25T12:08:30.3120000,495
2026-05-25T12:08:31.3530000,519
2026-05-25T12:08:32.3940000,511
2026-05-25T12:08:33.4450000,480
2026-05-25T12:08:34.4860000,499
2026-05-25T12:08:35.5270000,487
2026-05-25T12:08:36.5670000,490
2026-05-25T12:08:37.6080000,510
2026-05-25T12:08:38.6590000,500
2026-05-25T12:08:39.7000000,494
2026-05-25T12:08:40.7410000,499
2026-05-25T12:08:41.7820000,494
2026-05-25T12:08:42.8230000,492
2026-05-25T12:08:43.8630000,506
2026-05-25T12:08:44.9150000,501
2026-05-25T12:08:45.9550000,495
2026-05-25T12:08:46.9960000,507
2026-05-25T12:08:48.0370000,497
2026-05-25T12:08:49.0780000,506
2026-05-25T12:08:50.1290000,495
2026-05-25T12:08:51.1690000,498
2026-05-25T12:08:52.2100000,504
2026-05-25T12:08:53.2510000,490
2026-05-25T12:08:54.2920000,497
2026-05-25T12:08:55.3430000,495
2026-05-25T12:08:56.3840000,496
2026-05-25T12:08:57.4250000,470
2026-05-25T12:08:58.4660000,490
2026-05-25T12:08:59.5060000,495
2026-05-25T12:09:00.5470000,491
2026-05-25T12:09:01.5980000,491
2026-05-25T12:09:02.6390000,511
2026-05-25T12:09:03.6800000,496
2026-05-25T12:09:04.7210000,486
2026-05-25T12:09:05.7650000,498
2026-05-25T12:09:06.8060000,488
2026-05-25T12:09:07.8470000,491
2026-05-25T12:09:08.8980000,479
2026-05-25T12:09:09.9390000,508
2026-05-25T12:09:10.9790000,489
2026-05-25T12:09:12.0200000,495
2026-05-25T12:09:13.0610000,495
2026-05-25T12:09:14.1120000,497
2026-05-25T12:09:15.1530000,497
2026-05-25T12:09:16.1930000,492
2026-05-25T12:09:17.2340000,488
2026-05-25T12:09:18.2750000,519
2026-05-25T12:09:19.3160000,481
2026-05-25T12:09:20.3600000,480
2026-05-25T12:09:21.4110000,495
2026-05-25T12:09:22.4520000,482
2026-05-25T12:09:23.4930000,494
2026-05-25T12:09:24.5340000,500
2026-05-25T12:09:25.5750000,493
2026-05-25T12:09:26.6150000,494
2026-05-25T12:09:27.6670000,486
2026-05-25T12:09:28.7070000,495
2026-05-25T12:09:29.7480000,490
2026-05-25T12:09:30.7890000,490
2026-05-25T12:09:31.8300000,481
2026-05-25T12:09:32.8810000,470
2026-05-25T12:09:33.9220000,492
2026-05-25T12:09:34.9630000,485
2026-05-25T12:09:36.0030000,487
2026-05-25T12:09:37.0440000,491
2026-05-25T12:09:38.0950000,467
2026-05-25T12:09:39.1360000,503
2026-05-25T12:09:40.1770000,488
2026-05-25T12:09:41.2180000,487
2026-05-25T12:09:42.2580000,491
2026-05-25T12:09:43.2990000,477
2026-05-25T12:09:44.3500000,492
2026-05-25T12:09:45.3910000,500
2026-05-25T12:09:46.4320000,484
2026-05-25T12:09:47.4770000,486
2026-05-25T12:09:48.5170000,480
2026-05-25T12:09:49.5580000,491
2026-05-25T12:09:50.5990000,487
2026-05-25T12:09:51.6500000,509
2026-05-25T12:09:52.6910000,493
2026-05-25T12:09:53.7320000,477
2026-05-25T12:09:54.7730000,513
2026-05-25T12:09:55.8130000,487
2026-05-25T12:09:56.8550000,485
2026-05-25T12:09:57.9060000,477
2026-05-25T12:09:58.9470000,479
2026-05-25T12:09:59.9880000,495
2026-05-25T12:10:01.0320000,489
2026-05-25T12:10:02.0730000,485
2026-05-25T12:10:03.1130000,489
2026-05-25T12:10:04.1540000,485
2026-05-25T12:10:05.2050000,496
2026-05-25T12:10:06.2460000,486
2026-05-25T12:10:07.2870000,487
2026-05-25T12:10:08.3270000,481
2026-05-25T12:10:09.3680000,497
2026-05-25T12:10:10.4200000,492
2026-05-25T12:10:11.4600000,475
2026-05-25T12:10:12.5010000,489
2026-05-25T12:10:13.5420000,492
2026-05-25T12:10:14.5830000,483
2026-05-25T12:10:15.6270000,478
2026-05-25T12:10:16.6680000,495
2026-05-25T12:10:17.7090000,478
2026-05-25T12:10:18.7600000,493
2026-05-25T12:10:19.8010000,468
2026-05-25T12:10:20.8420000,481
2026-05-25T12:10:21.8830000,489
2026-05-25T12:10:22.9230000,480
2026-05-25T12:10:23.9740000,494
2026-05-25T12:10:25.0150000,497
2026-05-25T12:10:26.0560000,492
2026-05-25T12:10:27.0970000,488
2026-05-25T12:10:28.1370000,481
2026-05-25T12:10:29.1880000,493
2026-05-25T12:10:30.2290000,489
2026-05-25T12:10:31.2700000,490
2026-05-25T12:10:32.3110000,486
2026-05-25T12:10:33.3510000,482
2026-05-25T12:10:34.4030000,484
2026-05-25T12:10:35.4430000,490
2026-05-25T12:10:36.4840000,488
2026-05-25T12:10:37.5250000,497
2026-05-25T12:10:38.5660000,488
2026-05-25T12:10:39.6070000,484
2026-05-25T12:10:40.6580000,482
2026-05-25T12:10:41.6990000,477
2026-05-25T12:10:42.7400000,476
2026-05-25T12:10:43.7810000,482
2026-05-25T12:10:44.8220000,496
2026-05-25T12:10:45.8730000,491
2026-05-25T12:10:46.9140000,495
2026-05-25T12:10:47.9540000,489
2026-05-25T12:10:48.9950000,484
2026-05-25T12:10:50.0360000,481
2026-05-25T12:10:51.0870000,477
2026-05-25T12:10:52.1280000,485
2026-05-25T12:10:53.1690000,494
2026-05-25T12:10:54.2090000,482
2026-05-25T12:10:55.2500000,488
2026-05-25T12:10:56.2940000,487
2026-05-25T12:10:57.3350000,471
2026-05-25T12:10:58.3860000,494
2026-05-25T12:10:59.4270000,479
2026-05-25T12:11:00.4680000,488
2026-05-25T12:11:01.5090000,485
2026-05-25T12:11:02.5490000,502
2026-05-25T12:11:03.6010000,482
2026-05-25T12:11:04.6420000,485
2026-05-25T12:11:05.6820000,480
2026-05-25T12:11:06.7230000,485
2026-05-25T12:11:07.7640000,501
2026-05-25T12:11:08.8150000,482
2026-05-25T12:11:09.8560000,482
2026-05-25T12:11:10.9000000,490
2026-05-25T12:11:11.9410000,491
2026-05-25T12:11:12.9820000,473
2026-05-25T12:11:14.0220000,478
2026-05-25T12:11:15.0630000,459
2026-05-25T12:11:16.1140000,478
2026-05-25T12:11:17.1550000,489
2026-05-25T12:11:18.1960000,487
2026-05-25T12:11:19.2370000,489
2026-05-25T12:11:20.2780000,499
2026-05-25T12:11:21.3190000,492
2026-05-25T12:11:22.3700000,492
2026-05-25T12:11:23.4110000,485
2026-05-25T12:11:24.4510000,474
2026-05-25T12:11:25.4920000,479
2026-05-25T12:11:26.5330000,486
2026-05-25T12:11:27.5850000,498
2026-05-25T12:11:28.6250000,495
2026-05-25T12:11:29.6660000,477
2026-05-25T12:11:30.7070000,493
2026-05-25T12:11:31.7480000,479
2026-05-25T12:11:32.7890000,485
2026-05-25T12:11:33.8400000,496
2026-05-25T12:11:34.8810000,484
2026-05-25T12:11:35.9210000,486
2026-05-25T12:11:36.9620000,492
2026-05-25T12:11:38.0030000,485
2026-05-25T12:11:39.0540000,478
2026-05-25T12:11:40.0950000,485
2026-05-25T12:11:41.1360000,494
2026-05-25T12:11:42.1760000,491
2026-05-25T12:11:43.2170000,481
2026-05-25T12:11:44.2680000,477
2026-05-25T12:11:45.3090000,488
2026-05-25T12:11:46.3500000,481
2026-05-25T12:11:47.3910000,468
2026-05-25T12:11:48.4320000,484
2026-05-25T12:11:49.4730000,466
2026-05-25T12:11:50.5240000,480
2026-05-25T12:11:51.5650000,477
2026-05-25T12:11:52.6050000,486
2026-05-25T12:11:53.6460000,481
2026-05-25T12:11:54.6870000,495
2026-05-25T12:11:55.7380000,472
2026-05-25T12:11:56.7790000,479
2026-05-25T12:11:57.8200000,481
2026-05-25T12:11:58.8610000,473
2026-05-25T12:11:59.9020000,484
2026-05-25T12:12:00.9530000,481
2026-05-25T12:12:01.9940000,489
2026-05-25T12:12:03.0340000,491
2026-05-25T12:12:04.0750000,491
2026-05-25T12:12:05.1160000,484
2026-05-25T12:12:06.1600000,485
2026-05-25T12:12:07.2110000,476
2026-05-25T12:12:08.2520000,486
2026-05-25T12:12:09.2930000,494
2026-05-25T12:12:10.3340000,485
2026-05-25T12:12:11.3750000,483
2026-05-25T12:12:12.4160000,485
2026-05-25T12:12:13.4670000,491
2026-05-25T12:12:14.5080000,467
2026-05-25T12:12:15.5490000,480
2026-05-25T12:12:16.5890000,479
2026-05-25T12:12:17.6300000,480
2026-05-25T12:12:18.6810000,489
2026-05-25T12:12:19.7260000,490
2026-05-25T12:12:20.7660000,478
2026-05-25T12:12:21.8070000,477
2026-05-25T12:12:22.8480000,463
2026-05-25T12:12:23.8890000,477
2026-05-25T12:12:24.9400000,493
2026-05-25T12:12:25.9810000,486
2026-05-25T12:12:27.0220000,472
2026-05-25T12:12:28.0630000,482
2026-05-25T12:12:29.1030000,487
2026-05-25T12:12:30.1440000,479
2026-05-25T12:12:31.1950000,481
2026-05-25T12:12:32.2360000,484
2026-05-25T12:12:33.2770000,457
2026-05-25T12:12:34.3180000,485
2026-05-25T12:12:35.3590000,474
2026-05-25T12:12:36.4100000,492
2026-05-25T12:12:37.4510000,474
2026-05-25T12:12:38.4920000,486
2026-05-25T12:12:39.5330000,477
2026-05-25T12:12:40.5730000,483
2026-05-25T12:12:41.6250000,483
2026-05-25T12:12:42.6660000,470
2026-05-25T12:12:43.7060000,482
2026-05-25T12:12:44.7470000,480
2026-05-25T12:12:45.7880000,480
2026-05-25T12:12:46.8320000,487
2026-05-25T12:12:47.8720000,470
2026-05-25T12:12:48.9240000,479
2026-05-25T12:12:49.9650000,485
2026-05-25T12:12:51.0050000,462
2026-05-25T12:12:52.0460000,471
2026-05-25T12:12:53.0870000,494
2026-05-25T12:12:54.1380000,480
2026-05-25T12:12:55.1790000,492
2026-05-25T12:12:56.2200000,492
2026-05-25T12:12:57.2610000,477
2026-05-25T12:12:58.3010000,471
2026-05-25T12:12:59.3530000,474
2026-05-25T12:13:00.3940000,482
2026-05-25T12:13:01.4340000,490
2026-05-25T12:13:02.4750000,493
2026-05-25T12:13:03.5160000,477
2026-05-25T12:13:04.5670000,494
2026-05-25T12:13:05.6080000,487
2026-05-25T12:13:06.6490000,478
2026-05-25T12:13:07.6900000,485
2026-05-25T12:13:08.7310000,492
2026-05-25T12:13:09.7820000,484
2026-05-25T12:13:10.8230000,481
2026-05-25T12:13:11.8640000,490
2026-05-25T12:13:12.9050000,484
2026-05-25T12:13:13.9450000,490
2026-05-25T12:13:14.9900000,481
2026-05-25T12:13:16.0300000,479
2026-05-25T12:13:17.0820000,468
2026-05-25T12:13:18.1220000,484
2026-05-25T12:13:19.1630000,475
2026-05-25T12:13:20.2040000,491
2026-05-25T12:13:21.2450000,485
2026-05-25T12:13:22.2960000,481
2026-05-25T12:13:23.3370000,488
2026-05-25T12:13:24.3780000,477
2026-05-25T12:13:25.4190000,479
2026-05-25T12:13:26.4590000,478
2026-05-25T12:13:27.5110000,489
2026-05-25T12:13:28.5450000,472
2026-05-25T12:13:29.5960000,489
2026-05-25T12:13:30.6370000,481
2026-05-25T12:13:31.6770000,479
2026-05-25T12:13:32.7180000,478
2026-05-25T12:13:33.7590000,484
2026-05-25T12:13:34.8100000,474
2026-05-25T12:13:35.8510000,468
2026-05-25T12:13:36.8920000,484
2026-05-25T12:13:37.9330000,485
2026-05-25T12:13:38.9730000,482
2026-05-25T12:13:40.0250000,486
2026-05-25T12:13:41.0650000,489
2026-05-25T12:13:42.1100000,482
2026-05-25T12:13:43.1510000,483
2026-05-25T12:13:44.1910000,489
2026-05-25T12:13:45.2320000,487
2026-05-25T12:13:46.2730000,475
2026-05-25T12:13:47.3240000,486
2026-05-25T12:13:48.3650000,488
2026-05-25T12:13:49.4060000,490
2026-05-25T12:13:50.4470000,464
2026-05-25T12:13:51.4880000,484
2026-05-25T12:13:52.5390000,486
2026-05-25T12:13:53.5800000,478
2026-05-25T12:13:54.6200000,485
2026-05-25T12:13:55.6610000,482
2026-05-25T12:13:56.7020000,474
2026-05-25T12:13:57.7530000,487
2026-05-25T12:13:58.7940000,483
2026-05-25T12:13:59.8340000,484
2026-05-25T12:14:00.8750000,478
2026-05-25T12:14:01.9160000,481
2026-05-25T12:14:02.9670000,478
2026-05-25T12:14:04.0080000,474
2026-05-25T12:14:05.0490000,489
2026-05-25T12:14:06.0890000,485
2026-05-25T12:14:07.1300000,472
2026-05-25T12:14:08.1820000,486
2026-05-25T12:14:09.2220000,476
2026-05-25T12:14:10.2600000,480
2026-05-25T12:14:11.3000000,467
2026-05-25T12:14:12.3520000,468
2026-05-25T12:14:13.3930000,481
2026-05-25T12:14:14.4330000,487
2026-05-25T12:14:15.4740000,480
2026-05-25T12:14:16.5150000,468
2026-05-25T12:14:17.5660000,468
2026-05-25T12:14:18.6070000,472
2026-05-25T12:14:19.6480000,466
2026-05-25T12:14:20.6880000,495
2026-05-25T12:14:21.7290000,471
2026-05-25T12:14:22.7800000,480
2026-05-25T12:14:23.8140000,477
2026-05-25T12:14:24.8650000,486
2026-05-25T12:14:25.9060000,465
2026-05-25T12:14:26.9470000,486
2026-05-25T12:14:27.9880000,480
2026-05-25T12:14:29.0290000,467
2026-05-25T12:14:30.0800000,484
2026-05-25T12:14:31.1210000,465
2026-05-25T12:14:32.1620000,480
2026-05-25T12:14:33.2020000,459
2026-05-25T12:14:34.2430000,478
2026-05-25T12:14:35.2950000,482
2026-05-25T12:14:36.3350000,475
2026-05-25T12:14:37.3760000,474
2026-05-25T12:14:38.4170000,464
2026-05-25T12:14:39.4580000,477
2026-05-25T12:14:40.5090000,475
2026-05-25T12:14:41.5500000,474
2026-05-25T12:14:42.5900000,474
2026-05-25T12:14:43.6310000,475
2026-05-25T12:14:44.6720000,472
2026-05-25T12:14:45.7230000,476
2026-05-25T12:14:46.7640000,480
2026-05-25T12:14:47.8050000,486
2026-05-25T12:14:48.8450000,477
2026-05-25T12:14:49.8860000,487
2026-05-25T12:14:50.9300000,462
2026-05-25T12:14:51.9710000,484
2026-05-25T12:14:53.0230000,487
2026-05-25T12:14:54.0630000,470
2026-05-25T12:14:55.1040000,480
2026-05-25T12:14:56.1450000,460
2026-05-25T12:14:57.1860000,472
2026-05-25T12:14:58.2370000,467
2026-05-25T12:14:59.2780000,473
2026-05-25T12:15:00.3190000,474
2026-05-25T12:15:01.3590000,477
2026-05-25T12:15:02.4000000,478
2026-05-25T12:15:03.4520000,455
2026-05-25T12:15:04.4920000,473
2026-05-25T12:15:05.5370000,477
2026-05-25T12:15:06.5770000,471
2026-05-25T12:15:07.6180000,472
2026-05-25T12:15:08.6590000,485
2026-05-25T12:15:09.7000000,458
2026-05-25T12:15:10.7510000,483
2026-05-25T12:15:11.7920000,456
2026-05-25T12:15:12.8320000,464
2026-05-25T12:15:13.8730000,466
2026-05-25T12:15:14.9140000,468
2026-05-25T12:15:15.9650000,472
2026-05-25T12:15:17.0060000,485
2026-05-25T12:15:18.0470000,478
2026-05-25T12:15:19.0910000,484
2026-05-25T12:15:20.1320000,470
2026-05-25T12:15:21.1730000,480
2026-05-25T12:15:22.2130000,480
2026-05-25T12:15:23.2650000,492
2026-05-25T12:15:24.3050000,484
2026-05-25T12:15:25.3460000,477
2026-05-25T12:15:26.3870000,473
2026-05-25T12:15:27.4280000,473
2026-05-25T12:15:28.4790000,493
2026-05-25T12:15:29.5200000,469
2026-05-25T12:15:30.5600000,479
2026-05-25T12:15:31.6010000,480
2026-05-25T12:15:32.6420000,469
2026-05-25T12:15:33.6830000,489
2026-05-25T12:15:34.7340000,484
2026-05-25T12:15:35.7750000,482
2026-05-25T12:15:36.8160000,468
2026-05-25T12:15:37.8570000,473
2026-05-25T12:15:38.8970000,468
2026-05-25T12:15:39.9490000,465
2026-05-25T12:15:40.9890000,487
2026-05-25T12:15:42.0300000,477
2026-05-25T12:15:43.0710000,484
2026-05-25T12:15:44.1120000,493
2026-05-25T12:15:45.1630000,475
2026-05-25T12:15:46.1970000,471
2026-05-25T12:15:47.2480000,473
2026-05-25T12:15:48.2890000,471
2026-05-25T12:15:49.3300000,481
2026-05-25T12:15:50.3700000,476
2026-05-25T12:15:51.4110000,470
2026-05-25T12:15:52.4620000,479
2026-05-25T12:15:53.5030000,460
2026-05-25T12:15:54.5440000,482
2026-05-25T12:15:55.5850000,475
2026-05-25T12:15:56.6260000,473
2026-05-25T12:15:57.6770000,479
2026-05-25T12:15:58.7180000,470
2026-05-25T12:15:59.7590000,475
2026-05-25T12:16:00.8030000,477
2026-05-25T12:16:01.8440000,471
2026-05-25T12:16:02.8840000,475
2026-05-25T12:16:03.9250000,482
2026-05-25T12:16:04.9770000,482
2026-05-25T12:16:06.0170000,481
2026-05-25T12:16:07.0580000,477
2026-05-25T12:16:08.0990000,468
2026-05-25T12:16:09.1400000,480
2026-05-25T12:16:10.1910000,462
2026-05-25T12:16:11.2320000,470
2026-05-25T12:16:12.2730000,479
2026-05-25T12:16:13.3140000,469
2026-05-25T12:16:14.3550000,462
2026-05-25T12:16:15.4060000,480
2026-05-25T12:16:16.4470000,468
2026-05-25T12:16:17.4870000,474
2026-05-25T12:16:18.5280000,480
2026-05-25T12:16:19.5690000,477
2026-05-25T12:16:20.6200000,470
2026-05-25T12:16:21.6610000,477
2026-05-25T12:16:22.7020000,462
2026-05-25T12:16:23.7430000,474
2026-05-25T12:16:24.7830000,481
2026-05-25T12:16:25.8350000,488
2026-05-25T12:16:26.8760000,470
2026-05-25T12:16:27.9200000,484
2026-05-25T12:16:28.9610000,470
2026-05-25T12:16:30.0010000,471
2026-05-25T12:16:31.0420000,496
2026-05-25T12:16:32.0830000,481
2026-05-25T12:16:33.1340000,486
2026-05-25T12:16:34.1750000,480
2026-05-25T12:16:35.2160000,471
2026-05-25T12:16:36.2570000,495
2026-05-25T12:16:37.2970000,480
2026-05-25T12:16:38.3490000,488
2026-05-25T12:16:39.3890000,482
2026-05-25T12:16:40.4300000,457
2026-05-25T12:16:41.4710000,479
2026-05-25T12:16:42.5110000,483
2026-05-25T12:16:43.5630000,462
2026-05-25T12:16:44.6030000,482
2026-05-25T12:16:45.6440000,466
2026-05-25T12:16:46.6850000,477
2026-05-25T12:16:47.7260000,475
2026-05-25T12:16:48.7770000,471
2026-05-25T12:16:49.8180000,467
2026-05-25T12:16:50.8590000,469
2026-05-25T12:16:51.8990000,487
2026-05-25T12:16:52.9400000,492
2026-05-25T12:16:53.9920000,471
2026-05-25T12:16:55.0320000,479
2026-05-25T12:16:56.0730000,470
2026-05-25T12:16:57.1150000,483
2026-05-25T12:16:58.1550000,488
2026-05-25T12:16:59.1960000,490
2026-05-25T12:17:00.2470000,484
2026-05-25T12:17:01.2880000,475
2026-05-25T12:17:02.3290000,482
2026-05-25T12:17:03.3700000,484
2026-05-25T12:17:04.4100000,480
2026-05-25T12:17:05.4620000,482
2026-05-25T12:17:06.5020000,492
2026-05-25T12:17:07.5430000,490
2026-05-25T12:17:08.5840000,483
2026-05-25T12:17:09.6280000,490
2026-05-25T12:17:10.6690000,479
2026-05-25T12:17:11.7200000,492
2026-05-25T12:17:12.7610000,484
2026-05-25T12:17:13.8020000,492
2026-05-25T12:17:14.8430000,485
2026-05-25T12:17:15.8830000,485
2026-05-25T12:17:16.9240000,491
2026-05-25T12:17:17.9750000,484
2026-05-25T12:17:19.0160000,498
2026-05-25T12:17:20.0570000,482
2026-05-25T12:17:21.0980000,481
2026-05-25T12:17:22.1380000,474
2026-05-25T12:17:23.1900000,487
2026-05-25T12:17:24.2310000,477
2026-05-25T12:17:25.2710000,488
2026-05-25T12:17:26.3120000,489
2026-05-25T12:17:27.3530000,488
2026-05-25T12:17:28.4040000,493
2026-05-25T12:17:29.4450000,497
2026-05-25T12:17:30.4850000,484
2026-05-25T12:17:31.5260000,491
2026-05-25T12:17:32.5670000,495
2026-05-25T12:17:33.6180000,490
2026-05-25T12:17:34.6590000,478
2026-05-25T12:17:35.7000000,486
2026-05-25T12:17:36.7410000,492
2026-05-25T12:17:37.7810000,485
2026-05-25T12:17:38.8330000,477
2026-05-25T12:17:39.8730000,481
2026-05-25T12:17:40.9140000,480
2026-05-25T12:17:41.9550000,495
2026-05-25T12:17:42.9960000,488
2026-05-25T12:17:44.0470000,499
2026-05-25T12:17:45.0880000,505
2026-05-25T12:17:46.1290000,498
2026-05-25T12:17:47.1700000,494
2026-05-25T12:17:48.2100000,483
2026-05-25T12:17:49.2620000,500
2026-05-25T12:17:50.2990000,498
2026-05-25T12:17:51.3390000,494
2026-05-25T12:17:52.3800000,487
2026-05-25T12:17:53.4310000,503
2026-05-25T12:17:54.4720000,501
2026-05-25T12:17:55.5130000,494
2026-05-25T12:17:56.5540000,475
2026-05-25T12:17:57.5950000,496
2026-05-25T12:17:58.6460000,498
2026-05-25T12:17:59.6870000,493
2026-05-25T12:18:00.7270000,491
2026-05-25T12:18:01.7680000,482
2026-05-25T12:18:02.8090000,478
2026-05-25T12:18:03.8600000,494
2026-05-25T12:18:04.9010000,495
2026-05-25T12:18:05.9420000,504
2026-05-25T12:18:06.9830000,494
2026-05-25T12:18:08.0240000,498
2026-05-25T12:18:09.0750000,498
2026-05-25T12:18:10.1160000,499
2026-05-25T12:18:11.1570000,508
2026-05-25T12:18:12.1980000,487
2026-05-25T12:18:13.2390000,498
2026-05-25T12:18:14.2900000,509
2026-05-25T12:18:15.3300000,494
2026-05-25T12:18:16.3710000,493
2026-05-25T12:18:17.4120000,495
2026-05-25T12:18:18.4520000,494
2026-05-25T12:18:19.5040000,506
2026-05-25T12:18:20.5440000,493
2026-05-25T12:18:21.5850000,499
2026-05-25T12:18:22.6260000,511
2026-05-25T12:18:23.6670000,503
2026-05-25T12:18:24.7180000,495
2026-05-25T12:18:25.7590000,501
2026-05-25T12:18:26.8000000,504
2026-05-25T12:18:27.8400000,504
2026-05-25T12:18:28.8810000,502
2026-05-25T12:18:29.9320000,508
2026-05-25T12:18:30.9730000,504
2026-05-25T12:18:32.0140000,501
2026-05-25T12:18:33.0550000,485
2026-05-25T12:18:34.0960000,504
2026-05-25T12:18:35.1470000,514
2026-05-25T12:18:36.1870000,517
2026-05-25T12:18:37.2280000,504
2026-05-25T12:18:38.2690000,497
2026-05-25T12:18:39.3100000,499
2026-05-25T12:18:40.3610000,501
2026-05-25T12:18:41.4020000,503
2026-05-25T12:18:42.4430000,490
2026-05-25T12:18:43.4830000,505
2026-05-25T12:18:44.5240000,499
2026-05-25T12:18:45.5720000,499
2026-05-25T12:18:46.6130000,503
2026-05-25T12:18:47.6540000,493
2026-05-25T12:18:48.6950000,474
2026-05-25T12:18:49.7460000,498
2026-05-25T12:18:50.7870000,504
2026-05-25T12:18:51.8270000,490
2026-05-25T12:18:52.8680000,486
2026-05-25T12:18:53.9090000,497
2026-05-25T12:18:54.9600000,499
2026-05-25T12:18:56.0010000,495
2026-05-25T12:18:57.0420000,509
2026-05-25T12:18:58.0830000,502
2026-05-25T12:18:59.1240000,492
2026-05-25T12:19:00.1750000,498
2026-05-25T12:19:01.2160000,486
2026-05-25T12:19:02.2560000,491
2026-05-25T12:19:03.2970000,492
2026-05-25T12:19:04.3380000,505
2026-05-25T12:19:05.3890000,489
2026-05-25T12:19:06.4300000,489
2026-05-25T12:19:07.4710000,485
2026-05-25T12:19:08.5110000,500
2026-05-25T12:19:09.5520000,503
2026-05-25T12:19:10.5930000,495
2026-05-25T12:19:11.6440000,497
2026-05-25T12:19:12.6850000,489
2026-05-25T12:19:13.7260000,499
2026-05-25T12:19:14.7670000,488
2026-05-25T12:19:15.8070000,503
2026-05-25T12:19:16.8590000,484
2026-05-25T12:19:17.9000000,506
2026-05-25T12:19:18.9410000,503
2026-05-25T12:19:19.9810000,511
2026-05-25T12:19:21.0220000,487
2026-05-25T12:19:22.0730000,503
2026-05-25T12:19:23.1140000,479
2026-05-25T12:19:24.1550000,497
2026-05-25T12:19:25.1960000,487
2026-05-25T12:19:26.2360000,495
2026-05-25T12:19:27.2870000,488
2026-05-25T12:19:28.3280000,508
2026-05-25T12:19:29.3690000,500
2026-05-25T12:19:30.4100000,496
2026-05-25T12:19:31.4510000,498
2026-05-25T12:19:32.4920000,489
2026-05-25T12:19:33.5430000,492
2026-05-25T12:19:34.5840000,489
2026-05-25T12:19:35.6240000,489
2026-05-25T12:19:36.6650000,499
2026-05-25T12:19:37.7060000,495
2026-05-25T12:19:38.7570000,481
2026-05-25T12:19:39.7980000,485
2026-05-25T12:19:40.8420000,488
2026-05-25T12:19:41.8830000,498
2026-05-25T12:19:42.9240000,487
2026-05-25T12:19:43.9640000,483
2026-05-25T12:19:45.0050000,493
2026-05-25T12:19:46.0560000,499
2026-05-25T12:19:47.0980000,493
2026-05-25T12:19:48.1380000,494
2026-05-25T12:19:49.1790000,483
2026-05-25T12:19:50.2200000,502
2026-05-25T12:19:51.2710000,499
2026-05-25T12:19:52.3120000,492
2026-05-25T12:19:53.3520000,496
2026-05-25T12:19:54.3930000,500
2026-05-25T12:19:55.4340000,500
2026-05-25T12:19:56.4750000,491
2026-05-25T12:19:57.5260000,503
2026-05-25T12:19:58.5670000,499
2026-05-25T12:19:59.6080000,482
2026-05-25T12:20:00.6480000,489
2026-05-25T12:20:01.6890000,504
2026-05-25T12:20:02.7410000,498
2026-05-25T12:20:03.7810000,493
2026-05-25T12:20:04.8220000,495
2026-05-25T12:20:05.8630000,485
2026-05-25T12:20:06.9040000,485
2026-05-25T12:20:07.9450000,488
2026-05-25T12:20:08.9960000,489
2026-05-25T12:20:10.0370000,491
2026-05-25T12:20:11.0770000,505
2026-05-25T12:20:12.1180000,510
2026-05-25T12:20:13.1590000,499
2026-05-25T12:20:14.2100000,494
2026-05-25T12:20:15.2510000,495
2026-05-25T12:20:16.2920000,493
2026-05-25T12:20:17.3320000,494
2026-05-25T12:20:18.3730000,501
2026-05-25T12:20:19.4240000,499
2026-05-25T12:20:20.4650000,492
2026-05-25T12:20:21.5060000,489
2026-05-25T12:20:22.5500000,507
2026-05-25T12:20:23.5910000,504
2026-05-25T12:20:24.6320000,496
2026-05-25T12:20:25.6830000,497
2026-05-25T12:20:26.7240000,498
2026-05-25T12:20:27.7650000,488
2026-05-25T12:20:28.8050000,510
2026-05-25T12:20:29.8460000,489
2026-05-25T12:20:30.8870000,492
2026-05-25T12:20:31.9380000,498
2026-05-25T12:20:32.9790000,495
2026-05-25T12:20:34.0200000,492
2026-05-25T12:20:35.0600000,489
2026-05-25T12:20:36.1010000,482
2026-05-25T12:20:37.1530000,484
2026-05-25T12:20:38.1930000,494
2026-05-25T12:20:39.2340000,493
2026-05-25T12:20:40.2750000,493
2026-05-25T12:20:41.3160000,484
2026-05-25T12:20:42.3670000,495
2026-05-25T12:20:43.4080000,502
2026-05-25T12:20:44.4480000,487
2026-05-25T12:20:45.4890000,483
2026-05-25T12:20:46.5300000,481
2026-05-25T12:20:47.5810000,493
2026-05-25T12:20:48.6220000,508
2026-05-25T12:20:49.6630000,492
2026-05-25T12:20:50.7040000,485
2026-05-25T12:20:51.7440000,493
2026-05-25T12:20:52.7960000,489
2026-05-25T12:20:53.8360000,486
2026-05-25T12:20:54.8770000,490
2026-05-25T12:20:55.9180000,477
2026-05-25T12:20:56.9590000,491
2026-05-25T12:20:58.0100000,491
2026-05-25T12:20:59.0510000,485
2026-05-25T12:21:00.0910000,489
2026-05-25T12:21:01.1320000,483
2026-05-25T12:21:02.1730000,475
2026-05-25T12:21:03.2240000,479
2026-05-25T12:21:04.2650000,477
2026-05-25T12:21:05.3060000,480
2026-05-25T12:21:06.3470000,491
2026-05-25T12:21:07.3870000,494
2026-05-25T12:21:08.4390000,473
2026-05-25T12:21:09.4790000,471
2026-05-25T12:21:10.5200000,485
2026-05-25T12:21:11.5610000,487
2026-05-25T12:21:12.6020000,500
2026-05-25T12:21:13.6420000,494
2026-05-25T12:21:14.6940000,477
2026-05-25T12:21:15.7340000,480
2026-05-25T12:21:16.7790000,493
2026-05-25T12:21:17.8190000,487
2026-05-25T12:21:18.8600000,477
2026-05-25T12:21:19.9010000,478
2026-05-25T12:21:20.9420000,490
2026-05-25T12:21:21.9930000,477
2026-05-25T12:21:23.0330000,484
2026-05-25T12:21:24.0740000,475
2026-05-25T12:21:25.1150000,476
2026-05-25T12:21:26.1560000,482
2026-05-25T12:21:27.2070000,483
2026-05-25T12:21:28.2480000,489
2026-05-25T12:21:29.2890000,474
2026-05-25T12:21:30.3290000,474
2026-05-25T12:21:31.3740000,479
2026-05-25T12:21:32.4140000,492
2026-05-25T12:21:33.4550000,490
2026-05-25T12:21:34.5070000,488
2026-05-25T12:21:35.5470000,486
2026-05-25T12:21:36.5880000,487
2026-05-25T12:21:37.6290000,472
2026-05-25T12:21:38.6700000,485
2026-05-25T12:21:39.7210000,481
2026-05-25T12:21:40.7620000,486
2026-05-25T12:21:41.8020000,484
2026-05-25T12:21:42.8430000,484
2026-05-25T12:21:43.8840000,475
2026-05-25T12:21:44.9350000,487
2026-05-25T12:21:45.9760000,488
2026-05-25T12:21:47.0170000,487
2026-05-25T12:21:48.0570000,468
2026-05-25T12:21:49.0980000,483
2026-05-25T12:21:50.1490000,474
2026-05-25T12:21:51.1900000,477
2026-05-25T12:21:52.2310000,485
2026-05-25T12:21:53.2720000,494
2026-05-25T12:21:54.3130000,486
2026-05-25T12:21:55.3640000,476
2026-05-25T12:21:56.4050000,490
2026-05-25T12:21:57.4460000,495
2026-05-25T12:21:58.4900000,483
2026-05-25T12:21:59.5310000,475
2026-05-25T12:22:00.5720000,478
2026-05-25T12:22:01.6120000,477
2026-05-25T12:22:02.6640000,486
2026-05-25T12:22:03.7050000,479
2026-05-25T12:22:04.7450000,503
2026-05-25T12:22:05.7860000,484
2026-05-25T12:22:06.8290000,461
2026-05-25T12:22:07.8700000,478
2026-05-25T12:22:08.9110000,478
2026-05-25T12:22:09.9620000,488
2026-05-25T12:22:11.0030000,474
2026-05-25T12:22:12.0400000,486
2026-05-25T12:22:13.0920000,479
2026-05-25T12:22:14.1320000,476
2026-05-25T12:22:15.1730000,477
2026-05-25T12:22:16.2140000,485
2026-05-25T12:22:17.2550000,472
2026-05-25T12:22:18.2960000,488
2026-05-25T12:22:19.3470000,481
2026-05-25T12:22:20.3880000,475
2026-05-25T12:22:21.4290000,476
2026-05-25T12:22:22.4690000,488
2026-05-25T12:22:23.5100000,479
2026-05-25T12:22:24.5610000,483
2026-05-25T12:22:25.6020000,484
2026-05-25T12:22:27.6870000,466
2026-05-25T12:22:28.7280000,484
2026-05-25T12:22:29.7690000,476
2026-05-25T12:22:30.8090000,479
2026-05-25T12:22:31.8610000,473
2026-05-25T12:22:32.9010000,486
2026-05-25T12:22:33.9420000,476
2026-05-25T12:22:34.9830000,485
2026-05-25T12:22:36.0240000,474
2026-05-25T12:22:37.0750000,468
2026-05-25T12:22:38.1160000,488
2026-05-25T12:22:39.1570000,485
2026-05-25T12:22:40.1980000,474
2026-05-25T12:22:41.2380000,495
2026-05-25T12:22:42.2790000,473
2026-05-25T12:22:43.3300000,487
2026-05-25T12:22:44.3710000,481
2026-05-25T12:22:45.4120000,489
2026-05-25T12:22:46.4530000,489
2026-05-25T12:22:47.4940000,488
2026-05-25T12:22:48.5450000,490
2026-05-25T12:22:49.5860000,479
2026-05-25T12:22:50.6260000,464
2026-05-25T12:22:51.6670000,475
2026-05-25T12:22:52.7080000,475
2026-05-25T12:22:53.7520000,481
2026-05-25T12:22:54.7930000,477
2026-05-25T12:22:55.8440000,484
2026-05-25T12:22:56.8850000,481
2026-05-25T12:22:57.9250000,472
2026-05-25T12:22:58.9660000,465
2026-05-25T12:23:00.0070000,483
2026-05-25T12:23:01.0580000,473
2026-05-25T12:23:02.0990000,477
2026-05-25T12:23:03.1400000,481
2026-05-25T12:23:04.1810000,470
2026-05-25T12:23:05.2210000,489
2026-05-25T12:23:06.2730000,469
2026-05-25T12:23:07.3070000,478
2026-05-25T12:23:08.3580000,483
2026-05-25T12:23:09.3990000,472
2026-05-25T12:23:10.4390000,470
2026-05-25T12:23:11.4800000,476
2026-05-25T12:23:12.5210000,468
2026-05-25T12:23:13.5720000,472
2026-05-25T12:23:14.6130000,459
2026-05-25T12:23:15.6540000,474
2026-05-25T12:23:16.6950000,471
2026-05-25T12:23:17.7350000,476
2026-05-25T12:23:18.7870000,464
2026-05-25T12:23:19.8270000,473
2026-05-25T12:23:20.8680000,478
2026-05-25T12:23:21.9120000,466
2026-05-25T12:23:22.9530000,466
2026-05-25T12:23:23.9940000,476
2026-05-25T12:23:25.0350000,465
2026-05-25T12:23:26.0860000,475
2026-05-25T12:23:27.1270000,480
2026-05-25T12:23:28.1680000,478
2026-05-25T12:23:29.2090000,481
2026-05-25T12:23:30.2500000,482
2026-05-25T12:23:31.3010000,477
2026-05-25T12:23:32.3420000,452
2026-05-25T12:23:33.3820000,476
2026-05-25T12:23:34.4230000,485
2026-05-25T12:23:35.4670000,465
2026-05-25T12:23:36.5080000,477
2026-05-25T12:23:37.5490000,480
2026-05-25T12:23:38.6000000,472
2026-05-25T12:23:39.6410000,481
2026-05-25T12:23:40.6820000,467
2026-05-25T12:23:41.7220000,478
2026-05-25T12:23:42.7630000,474
2026-05-25T12:23:43.8140000,465
2026-05-25T12:23:44.8550000,482
2026-05-25T12:23:45.8960000,493
2026-05-25T12:23:46.9360000,460
2026-05-25T12:23:47.9880000,485
2026-05-25T12:23:49.0210000,473
2026-05-25T12:23:50.0720000,467
2026-05-25T12:23:51.1130000,478
2026-05-25T12:23:52.1540000,474
2026-05-25T12:23:53.1950000,480
2026-05-25T12:23:54.2360000,479
2026-05-25T12:23:55.2870000,469
2026-05-25T12:23:56.3280000,472
2026-05-25T12:23:57.3690000,476
2026-05-25T12:23:58.4100000,464
2026-05-25T12:23:59.4500000,468
2026-05-25T12:24:00.5020000,490
2026-05-25T12:24:01.5420000,472
2026-05-25T12:24:02.5830000,471
2026-05-25T12:24:03.6240000,463
2026-05-25T12:24:04.6650000,481
2026-05-25T12:24:05.7160000,462
2026-05-25T12:24:06.7570000,486
2026-05-25T12:24:07.7970000,478
2026-05-25T12:24:08.8380000,473
2026-05-25T12:24:09.8790000,491
2026-05-25T12:24:10.9300000,478
2026-05-25T12:24:11.9710000,467
2026-05-25T12:24:13.0120000,478
2026-05-25T12:24:14.0520000,472
2026-05-25T12:24:15.0930000,473
2026-05-25T12:24:16.1440000,483
2026-05-25T12:24:17.1850000,473
2026-05-25T12:24:18.2260000,475
2026-05-25T12:24:19.2670000,478
2026-05-25T12:24:20.3080000,476
2026-05-25T12:24:21.3480000,469
2026-05-25T12:24:22.4000000,470
2026-05-25T12:24:23.4410000,478
2026-05-25T12:24:24.4810000,483
2026-05-25T12:24:25.5220000,474
2026-05-25T12:24:26.5630000,479
2026-05-25T12:24:27.6140000,482
2026-05-25T12:24:28.6550000,466
2026-05-25T12:24:29.6960000,462
2026-05-25T12:24:30.7400000,476
2026-05-25T12:24:31.7810000,473
2026-05-25T12:24:32.8210000,474
2026-05-25T12:24:33.8620000,481
2026-05-25T12:24:34.9130000,476
2026-05-25T12:24:35.9540000,463
2026-05-25T12:24:36.9950000,470
2026-05-25T12:24:38.0360000,463
2026-05-25T12:24:39.0770000,464
2026-05-25T12:24:40.1280000,471
2026-05-25T12:24:41.1690000,466
2026-05-25T12:24:42.2090000,465
2026-05-25T12:24:43.2500000,472
2026-05-25T12:24:44.2940000,469
2026-05-25T12:24:45.3350000,468
2026-05-25T12:24:46.3860000,472
2026-05-25T12:24:48.4680000,482
2026-05-25T12:24:49.5090000,477
2026-05-25T12:24:50.5500000,474
2026-05-25T12:24:51.5900000,460
2026-05-25T12:24:52.6420000,467
2026-05-25T12:24:53.6820000,455
2026-05-25T12:24:55.7640000,479
2026-05-25T12:24:56.8050000,475
2026-05-25T12:24:57.8490000,474
2026-05-25T12:24:58.8900000,459
2026-05-25T12:24:59.9410000,469
2026-05-25T12:25:00.9820000,480
2026-05-25T12:25:02.0220000,478
2026-05-25T12:25:03.0630000,471
2026-05-25T12:25:04.1040000,479
2026-05-25T12:25:05.1550000,473
2026-05-25T12:25:06.1960000,482
2026-05-25T12:25:07.2370000,464
2026-05-25T12:25:08.2780000,471
2026-05-25T12:25:09.3190000,471
2026-05-25T12:25:10.3700000,460
2026-05-25T12:25:11.4110000,485
2026-05-25T12:25:12.4520000,484
2026-05-25T12:25:13.4920000,462
2026-05-25T12:25:14.5330000,462
2026-05-25T12:25:15.5840000,463
2026-05-25T12:25:16.6250000,472
2026-05-25T12:25:17.6660000,461
2026-05-25T12:25:18.7060000,472
2026-05-25T12:25:19.7470000,465
2026-05-25T12:25:20.7980000,461
2026-05-25T12:25:21.8390000,456
2026-05-25T12:25:22.8800000,469
2026-05-25T12:25:23.9210000,480
2026-05-25T12:25:24.9610000,469
2026-05-25T12:25:26.0060000,467
2026-05-25T12:25:27.0470000,484
2026-05-25T12:25:28.0980000,483
2026-05-25T12:25:29.1390000,469
2026-05-25T12:25:30.1790000,458
2026-05-25T12:25:31.2200000,462
2026-05-25T12:25:32.2610000,464
2026-05-25T12:25:33.3120000,477
2026-05-25T12:25:34.3530000,467
2026-05-25T12:25:35.3940000,479
2026-05-25T12:25:36.4340000,476
2026-05-25T12:25:37.4760000,467
2026-05-25T12:25:38.5270000,470
2026-05-25T12:25:39.5710000,460
2026-05-25T12:25:40.6120000,468
2026-05-25T12:25:41.6520000,470
2026-05-25T12:25:42.6930000,474
2026-05-25T12:25:43.7340000,467
2026-05-25T12:25:44.7850000,462
2026-05-25T12:25:45.8260000,480
2026-05-25T12:25:46.8670000,473
2026-05-25T12:25:47.9080000,456
2026-05-25T12:25:48.9480000,470
2026-05-25T12:25:49.9890000,459
2026-05-25T12:25:51.0400000,470
2026-05-25T12:25:52.0810000,467
2026-05-25T12:25:53.1220000,461
2026-05-25T12:25:54.1630000,456
2026-05-25T12:25:55.2040000,470
2026-05-25T12:25:56.2550000,464
2026-05-25T12:25:57.2960000,468
2026-05-25T12:25:58.3360000,461
2026-05-25T12:25:59.3770000,456
2026-05-25T12:26:00.4180000,475
2026-05-25T12:26:01.4690000,468
2026-05-25T12:26:02.5100000,471
2026-05-25T12:26:03.5510000,472
2026-05-25T12:26:04.5910000,476
2026-05-25T12:26:05.6320000,476
2026-05-25T12:26:06.6830000,485
2026-05-25T12:26:07.7240000,468
2026-05-25T12:26:08.7650000,470
2026-05-25T12:26:09.8060000,467
2026-05-25T12:26:10.8460000,472
2026-05-25T12:26:11.8980000,467
2026-05-25T12:26:12.9380000,455
2026-05-25T12:26:13.9790000,483
2026-05-25T12:26:15.0200000,471
2026-05-25T12:26:16.0610000,468
2026-05-25T12:26:17.1120000,473
2026-05-25T12:26:18.1530000,463
2026-05-25T12:26:19.1930000,474
2026-05-25T12:26:20.2340000,487
2026-05-25T12:26:21.2790000,465
2026-05-25T12:26:22.3200000,458
2026-05-25T12:26:23.3600000,468
2026-05-25T12:26:24.4120000,476
2026-05-25T12:26:25.4520000,472
2026-05-25T12:26:26.4930000,481
2026-05-25T12:26:27.5340000,460
2026-05-25T12:26:28.5750000,467
2026-05-25T12:26:29.6160000,465
2026-05-25T12:26:30.6670000,460
2026-05-25T12:26:31.7070000,462
2026-05-25T12:26:32.7480000,473
2026-05-25T12:26:33.7890000,466
2026-05-25T12:26:34.8400000,471
2026-05-25T12:26:35.8810000,468
2026-05-25T12:26:36.9220000,481
2026-05-25T12:26:37.9620000,471
2026-05-25T12:26:39.0030000,456
2026-05-25T12:26:40.0440000,463
2026-05-25T12:26:41.0950000,470
2026-05-25T12:26:42.1360000,462
2026-05-25T12:26:43.1770000,473
2026-05-25T12:26:44.2180000,454
2026-05-25T12:26:45.2590000,445
2026-05-25T12:26:46.3100000,462
2026-05-25T12:26:47.3510000,463
2026-05-25T12:26:48.3910000,460
2026-05-25T12:26:49.4320000,475
2026-05-25T12:26:50.4720000,472
2026-05-25T12:26:51.5240000,469
2026-05-25T12:26:52.5640000,469
2026-05-25T12:26:53.6050000,468
2026-05-25T12:26:54.6460000,471
2026-05-25T12:26:55.6870000,478
2026-05-25T12:26:56.7380000,477
2026-05-25T12:26:57.7790000,466
2026-05-25T12:26:58.8200000,474
2026-05-25T12:26:59.8600000,463
2026-05-25T12:27:00.9010000,459
2026-05-25T12:27:01.9450000,482
2026-05-25T12:27:02.9860000,463
2026-05-25T12:27:04.0370000,462
2026-05-25T12:27:05.0780000,460
2026-05-25T12:27:06.1190000,459
2026-05-25T12:27:07.1600000,465
2026-05-25T12:27:08.2010000,471
2026-05-25T12:27:09.2410000,463
2026-05-25T12:27:10.2930000,462
2026-05-25T12:27:11.3330000,476
2026-05-25T12:27:12.3740000,474
2026-05-25T12:27:13.4150000,473
2026-05-25T12:27:14.4550000,470
2026-05-25T12:27:15.5070000,470
2026-05-25T12:27:16.5480000,469
2026-05-25T12:27:17.5880000,484
2026-05-25T12:27:18.6290000,468
2026-05-25T12:27:19.6700000,475
2026-05-25T12:27:20.7210000,464
2026-05-25T12:27:21.7620000,455
2026-05-25T12:27:22.8030000,475
2026-05-25T12:27:23.8440000,463
2026-05-25T12:27:24.8850000,470
2026-05-25T12:27:25.9260000,464
2026-05-25T12:27:26.9770000,469
2026-05-25T12:27:28.0180000,463
2026-05-25T12:27:29.0580000,474
2026-05-25T12:27:30.1030000,472
2026-05-25T12:27:31.1440000,455
2026-05-25T12:27:32.1840000,476
2026-05-25T12:27:33.2250000,480
2026-05-25T12:27:34.2770000,463
2026-05-25T12:27:35.3170000,474
2026-05-25T12:27:36.3580000,465
2026-05-25T12:27:37.3990000,456
2026-05-25T12:27:38.4400000,473
2026-05-25T12:27:39.4810000,464
2026-05-25T12:27:40.5320000,463
2026-05-25T12:27:41.5730000,474
2026-05-25T12:27:42.6130000,470
2026-05-25T12:27:43.6540000,467
2026-05-25T12:27:44.6950000,468
2026-05-25T12:27:45.7460000,465
2026-05-25T12:27:46.7870000,467
2026-05-25T12:27:47.8280000,477
2026-05-25T12:27:48.8680000,461
2026-05-25T12:27:49.9090000,458
2026-05-25T12:27:50.9500000,462
2026-05-25T12:27:52.0010000,471
2026-05-25T12:27:53.0420000,465
2026-05-25T12:27:54.0830000,462
2026-05-25T12:27:55.1240000,460
2026-05-25T12:27:56.1640000,451
2026-05-25T12:27:57.2090000,458
2026-05-25T12:27:58.2500000,469
2026-05-25T12:27:59.3010000,479
2026-05-25T12:28:00.3420000,468
2026-05-25T12:28:01.3820000,466
2026-05-25T12:28:02.4230000,466
2026-05-25T12:28:03.4640000,468
2026-05-25T12:28:04.5150000,450
2026-05-25T12:28:05.5550000,461
2026-05-25T12:28:06.5960000,458
2026-05-25T12:28:07.6370000,467
2026-05-25T12:28:08.6780000,472
2026-05-25T12:28:09.7290000,475
2026-05-25T12:28:10.7700000,462
2026-05-25T12:28:11.8110000,474
2026-05-25T12:28:12.8510000,465
2026-05-25T12:28:13.8920000,452
2026-05-25T12:28:14.9440000,484
2026-05-25T12:28:15.9840000,469
2026-05-25T12:28:17.0250000,481
2026-05-25T12:28:18.0660000,462
2026-05-25T12:28:19.1070000,463
2026-05-25T12:28:20.1480000,467
2026-05-25T12:28:21.1990000,454
2026-05-25T12:28:22.2400000,456
2026-05-25T12:28:23.2800000,466
2026-05-25T12:28:24.3210000,456
2026-05-25T12:28:25.3650000,461
2026-05-25T12:28:26.4060000,462
2026-05-25T12:28:27.4470000,457
2026-05-25T12:28:28.4990000,455
2026-05-25T12:28:29.5390000,464
2026-05-25T12:28:30.5800000,476
2026-05-25T12:28:31.6210000,446
2026-05-25T12:28:32.6620000,462
2026-05-25T12:28:33.7130000,462
2026-05-25T12:28:34.7540000,455
2026-05-25T12:28:35.7950000,464
2026-05-25T12:28:36.8350000,463
2026-05-25T12:28:37.8760000,464
2026-05-25T12:28:38.9280000,455
2026-05-25T12:28:39.9680000,467
2026-05-25T12:28:41.0090000,474
2026-05-25T12:28:42.0500000,466
2026-05-25T12:28:43.0910000,456
2026-05-25T12:28:44.1320000,467
2026-05-25T12:28:45.1830000,461
2026-05-25T12:28:46.2240000,470
2026-05-25T12:28:47.2640000,459
2026-05-25T12:28:48.3050000,459
2026-05-25T12:28:49.3460000,471
2026-05-25T12:28:50.3970000,458
2026-05-25T12:28:51.4380000,459
2026-05-25T12:28:52.4820000,462
2026-05-25T12:28:53.5230000,459
2026-05-25T12:28:54.5630000,471
2026-05-25T12:28:55.6040000,459
2026-05-25T12:28:56.6450000,460
2026-05-25T12:28:58.7370000,463
2026-05-25T12:28:59.7780000,456
2026-05-25T12:29:00.8190000,473
2026-05-25T12:29:01.8590000,462
2026-05-25T12:29:02.9110000,462
2026-05-25T12:29:03.9520000,472
2026-05-25T12:29:04.9920000,459
2026-05-25T12:29:06.0330000,461
2026-05-25T12:29:07.0740000,461
2026-05-25T12:29:08.1150000,449
2026-05-25T12:29:09.1660000,475
2026-05-25T12:29:10.2070000,471
2026-05-25T12:29:11.2470000,463
2026-05-25T12:29:12.2880000,471
2026-05-25T12:29:13.3290000,458
2026-05-25T12:29:14.3800000,462
2026-05-25T12:29:15.4210000,467
2026-05-25T12:29:16.4620000,463
2026-05-25T12:29:17.5030000,474
2026-05-25T12:29:18.5430000,466
2026-05-25T12:29:19.5950000,476
2026-05-25T12:29:20.6280000,472
2026-05-25T12:29:21.6800000,476
2026-05-25T12:29:22.7200000,470
2026-05-25T12:29:23.7610000,455
2026-05-25T12:29:24.8020000,469
2026-05-25T12:29:25.8430000,466
2026-05-25T12:29:26.8940000,459
2026-05-25T12:29:27.9350000,472
2026-05-25T12:29:28.9760000,457
2026-05-25T12:29:30.0160000,475
2026-05-25T12:29:31.0570000,457
2026-05-25T12:29:32.1080000,466
2026-05-25T12:29:33.1490000,461
2026-05-25T12:29:34.1930000,451
2026-05-25T12:29:35.2340000,475
2026-05-25T12:29:36.2750000,467
2026-05-25T12:29:37.3160000,479
2026-05-25T12:29:38.3570000,462
2026-05-25T12:29:39.3970000,457
2026-05-25T12:29:40.4490000,473
2026-05-25T12:29:41.4890000,468
2026-05-25T12:29:42.5300000,457
2026-05-25T12:29:43.5710000,480
2026-05-25T12:29:44.6120000,481
2026-05-25T12:29:45.6630000,485
2026-05-25T12:29:46.7040000,461
2026-05-25T12:29:47.7450000,466
2026-05-25T12:29:48.7860000,471
2026-05-25T12:29:49.8260000,475
2026-05-25T12:29:50.8770000,473
2026-05-25T12:29:51.9180000,467
2026-05-25T12:29:52.9590000,458
2026-05-25T12:29:54.0000000,461
2026-05-25T12:29:55.0410000,473
2026-05-25T12:29:56.0810000,459
2026-05-25T12:29:57.1320000,470
2026-05-25T12:29:58.1730000,467
2026-05-25T12:29:59.2140000,463
2026-05-25T12:30:00.2550000,478
2026-05-25T12:30:01.2950000,471
2026-05-25T12:30:02.3470000,476
2026-05-25T12:30:03.3870000,479
2026-05-25T12:30:04.4280000,477
2026-05-25T12:30:05.4690000,483
2026-05-25T12:30:06.5100000,475
2026-05-25T12:30:07.5610000,479
2026-05-25T12:30:08.6020000,478
2026-05-25T12:30:09.6430000,469
2026-05-25T12:30:10.6830000,475
2026-05-25T12:30:11.7240000,483
2026-05-25T12:30:12.7750000,481
2026-05-25T12:30:13.8160000,474
2026-05-25T12:30:14.8570000,487
2026-05-25T12:30:15.8980000,489
2026-05-25T12:30:16.9380000,476
2026-05-25T12:30:17.9900000,470
2026-05-25T12:30:19.0300000,475
2026-05-25T12:30:20.0710000,473
2026-05-25T12:30:21.1120000,484
2026-05-25T12:30:22.1520000,473
2026-05-25T12:30:23.1930000,476
2026-05-25T12:30:24.2440000,489
2026-05-25T12:30:25.2850000,486
2026-05-25T12:30:26.3260000,483
2026-05-25T12:30:27.3670000,472
2026-05-25T12:30:28.4080000,479
2026-05-25T12:30:29.4520000,485
2026-05-25T12:30:30.4930000,500
2026-05-25T12:30:31.5440000,482
2026-05-25T12:30:32.5850000,484
2026-05-25T12:30:33.6260000,481
2026-05-25T12:30:34.6660000,471
2026-05-25T12:30:35.7070000,483
2026-05-25T12:30:36.7580000,480
2026-05-25T12:30:37.7990000,472
2026-05-25T12:30:38.8400000,484
2026-05-25T12:30:39.8810000,475
2026-05-25T12:30:40.9220000,485
2026-05-25T12:30:41.9730000,479
2026-05-25T12:30:43.0140000,496
2026-05-25T12:30:44.0540000,480
2026-05-25T12:30:45.0950000,481
2026-05-25T12:30:46.1360000,484
2026-05-25T12:30:47.1870000,479
2026-05-25T12:30:48.2280000,480
2026-05-25T12:30:49.2690000,473
2026-05-25T12:30:50.3100000,483
2026-05-25T12:30:51.3500000,487
2026-05-25T12:30:52.4020000,484
2026-05-25T12:30:53.4420000,499
2026-05-25T12:30:54.4830000,479
2026-05-25T12:30:55.5240000,477
2026-05-25T12:30:56.5650000,489
2026-05-25T12:30:57.6060000,494
2026-05-25T12:30:58.6570000,476
2026-05-25T12:30:59.6980000,480
2026-05-25T12:31:00.7380000,483
2026-05-25T12:31:01.7790000,491
2026-05-25T12:31:02.8200000,497
2026-05-25T12:31:03.8710000,497
2026-05-25T12:31:04.9120000,490
2026-05-25T12:31:05.9530000,497
2026-05-25T12:31:06.9940000,490
2026-05-25T12:31:08.0350000,489
2026-05-25T12:31:09.0860000,491
2026-05-25T12:31:10.1190000,492
2026-05-25T12:31:11.1700000,494
2026-05-25T12:31:12.2110000,486
2026-05-25T12:31:13.2520000,490
2026-05-25T12:31:14.2930000,484
2026-05-25T12:31:15.3340000,483
2026-05-25T12:31:16.3850000,491
2026-05-25T12:31:17.4260000,475
2026-05-25T12:31:18.4670000,493
2026-05-25T12:31:19.5070000,486
2026-05-25T12:31:20.5480000,492
2026-05-25T12:31:21.5890000,488
2026-05-25T12:31:22.6400000,495
2026-05-25T12:31:23.6810000,488
2026-05-25T12:31:24.7220000,486
2026-05-25T12:31:25.7630000,493
2026-05-25T12:31:26.8030000,489
2026-05-25T12:31:27.8550000,496
2026-05-25T12:31:28.8960000,489
2026-05-25T12:31:29.9360000,488
2026-05-25T12:31:30.9770000,488
2026-05-25T12:31:32.0180000,491
2026-05-25T12:31:33.0590000,480
2026-05-25T12:31:34.1100000,471
2026-05-25T12:31:35.1510000,483
2026-05-25T12:31:36.1910000,492
2026-05-25T12:31:37.2320000,492
2026-05-25T12:31:38.2760000,483
2026-05-25T12:31:39.3170000,501
2026-05-25T12:31:40.3580000,501
2026-05-25T12:31:41.4090000,483
2026-05-25T12:31:42.4500000,489
2026-05-25T12:31:43.4910000,486
2026-05-25T12:31:44.5310000,487
2026-05-25T12:31:45.5720000,489
2026-05-25T12:31:46.6230000,489
2026-05-25T12:31:47.6640000,485
2026-05-25T12:31:48.7050000,490
2026-05-25T12:31:49.7460000,483
2026-05-25T12:31:50.7870000,487
2026-05-25T12:31:51.8380000,483
2026-05-25T12:31:52.8790000,477
2026-05-25T12:31:53.9190000,480
2026-05-25T12:31:54.9600000,486
2026-05-25T12:31:56.0010000,485
2026-05-25T12:31:57.0420000,481
2026-05-25T12:31:58.0930000,480
2026-05-25T12:31:59.1340000,495
2026-05-25T12:32:00.1740000,489
2026-05-25T12:32:01.2150000,473
2026-05-25T12:32:02.2560000,487
2026-05-25T12:32:03.3070000,463
2026-05-25T12:32:04.3480000,476
2026-05-25T12:32:05.3890000,485
2026-05-25T12:32:06.4290000,489
2026-05-25T12:32:07.4700000,474
2026-05-25T12:32:08.5210000,491
2026-05-25T12:32:09.5620000,482
2026-05-25T12:32:10.6030000,482
2026-05-25T12:32:11.6440000,490
2026-05-25T12:32:12.6850000,479
2026-05-25T12:32:13.7250000,490
2026-05-25T12:32:14.7770000,486
2026-05-25T12:32:15.8170000,472
2026-05-25T12:32:16.8580000,492
2026-05-25T12:32:17.8990000,485
2026-05-25T12:32:18.9400000,489
2026-05-25T12:32:19.9840000,491
2026-05-25T12:32:21.0250000,477
2026-05-25T12:32:22.0760000,482
2026-05-25T12:32:23.1170000,484
2026-05-25T12:32:24.1580000,484
2026-05-25T12:32:25.1980000,475
2026-05-25T12:32:26.2390000,486
2026-05-25T12:32:27.2910000,489
2026-05-25T12:32:28.3310000,484
2026-05-25T12:32:29.3720000,485
2026-05-25T12:32:30.4130000,472
2026-05-25T12:32:31.4540000,486
2026-05-25T12:32:32.5050000,486
2026-05-25T12:32:33.5460000,485
2026-05-25T12:32:34.5860000,484
2026-05-25T12:32:35.6270000,493
2026-05-25T12:32:36.6680000,486
2026-05-25T12:32:37.7090000,477
2026-05-25T12:32:38.7600000,490
2026-05-25T12:32:39.8010000,485
2026-05-25T12:32:40.8420000,476
2026-05-25T12:32:41.8830000,496
2026-05-25T12:32:42.9230000,495
2026-05-25T12:32:43.9750000,483
2026-05-25T12:32:45.0150000,480
2026-05-25T12:32:46.0560000,485
2026-05-25T12:32:47.1000000,489
2026-05-25T12:32:48.1410000,501
2026-05-25T12:32:49.1820000,488
2026-05-25T12:32:50.2230000,462
2026-05-25T12:32:51.2740000,500
2026-05-25T12:32:52.3150000,492
2026-05-25T12:32:53.3560000,477
2026-05-25T12:32:54.3970000,492
2026-05-25T12:32:55.4370000,483
2026-05-25T12:32:56.4780000,481
2026-05-25T12:32:57.5300000,494
2026-05-25T12:32:58.5700000,484
2026-05-25T12:32:59.6110000,470
2026-05-25T12:33:00.6520000,480
2026-05-25T12:33:01.6930000,474
2026-05-25T12:33:02.7440000,477
2026-05-25T12:33:03.7850000,476
2026-05-25T12:33:04.8250000,468
2026-05-25T12:33:05.8660000,467
2026-05-25T12:33:06.9070000,475
2026-05-25T12:33:07.9470000,475
2026-05-25T12:33:08.9980000,475
2026-05-25T12:33:10.0390000,480
2026-05-25T12:33:11.0800000,469
2026-05-25T12:33:12.1210000,488
2026-05-25T12:33:13.1620000,475
2026-05-25T12:33:14.2130000,480
2026-05-25T12:33:15.2570000,487
2026-05-25T12:33:16.2980000,466
2026-05-25T12:33:17.3390000,471
2026-05-25T12:33:18.3790000,473
2026-05-25T12:33:19.4200000,486
2026-05-25T12:33:20.4610000,475
2026-05-25T12:33:21.5120000,474
2026-05-25T12:33:22.5530000,473
2026-05-25T12:33:23.5940000,474
2026-05-25T12:33:24.6340000,474
2026-05-25T12:33:25.6750000,474
2026-05-25T12:33:26.7260000,478
2026-05-25T12:33:27.7670000,485
2026-05-25T12:33:28.8120000,470
2026-05-25T12:33:29.8530000,458
2026-05-25T12:33:30.8930000,476
2026-05-25T12:33:31.9340000,468
2026-05-25T12:33:32.9750000,482
2026-05-25T12:33:34.0160000,486
2026-05-25T12:33:35.0670000,472
2026-05-25T12:33:36.1080000,472
2026-05-25T12:33:37.1480000,483
2026-05-25T12:33:38.1890000,486
2026-05-25T12:33:39.2300000,483
2026-05-25T12:33:40.2810000,481
2026-05-25T12:33:41.3220000,481
2026-05-25T12:33:42.3630000,476
2026-05-25T12:33:43.4040000,475
2026-05-25T12:33:44.4450000,487
2026-05-25T12:33:45.4960000,456
2026-05-25T12:33:46.5370000,463
2026-05-25T12:33:47.5780000,488
2026-05-25T12:33:48.6190000,470
2026-05-25T12:33:49.6600000,467
2026-05-25T12:33:50.7000000,492
2026-05-25T12:33:51.7520000,479
2026-05-25T12:33:52.7920000,472
2026-05-25T12:33:53.8330000,483
2026-05-25T12:33:54.8740000,463
2026-05-25T12:33:55.9150000,477
2026-05-25T12:33:56.9660000,477
2026-05-25T12:33:58.0060000,465
2026-05-25T12:33:59.0470000,471
2026-05-25T12:34:00.0880000,490
2026-05-25T12:34:01.1290000,462
2026-05-25T12:34:02.1800000,480
2026-05-25T12:34:03.2210000,465
2026-05-25T12:34:04.2620000,475
2026-05-25T12:34:05.3030000,468
2026-05-25T12:34:06.3430000,466
2026-05-25T12:34:07.3950000,480
2026-05-25T12:34:08.4360000,472
2026-05-25T12:34:09.4760000,471
2026-05-25T12:34:10.5210000,477
2026-05-25T12:34:11.5610000,466
2026-05-25T12:34:12.6020000,470
2026-05-25T12:34:13.6430000,458
2026-05-25T12:34:14.6940000,480
2026-05-25T12:34:15.7350000,476
2026-05-25T12:34:16.7760000,469
2026-05-25T12:34:17.8160000,469
2026-05-25T12:34:18.8570000,454
2026-05-25T12:34:19.9080000,476
2026-05-25T12:34:20.9490000,466
2026-05-25T12:34:21.9900000,481
2026-05-25T12:34:23.0310000,456
2026-05-25T12:34:24.0750000,465
2026-05-25T12:34:25.1160000,478
2026-05-25T12:34:26.1570000,464
2026-05-25T12:34:27.1970000,460
2026-05-25T12:34:28.2490000,473
2026-05-25T12:34:29.2890000,480
2026-05-25T12:34:30.3300000,464
2026-05-25T12:34:31.3710000,472
2026-05-25T12:34:32.4120000,484
2026-05-25T12:34:33.4630000,467
2026-05-25T12:34:34.5040000,473
2026-05-25T12:34:35.5450000,456
2026-05-25T12:34:36.5850000,464
2026-05-25T12:34:37.6260000,476
2026-05-25T12:34:38.6670000,466
2026-05-25T12:34:39.7180000,456
2026-05-25T12:34:40.7590000,482
2026-05-25T12:34:41.8000000,469
2026-05-25T12:34:42.8400000,470
2026-05-25T12:34:43.8810000,466
2026-05-25T12:34:44.9330000,464
2026-05-25T12:34:45.9730000,483
2026-05-25T12:34:47.0140000,467
2026-05-25T12:34:48.0550000,467
2026-05-25T12:34:49.0960000,468
2026-05-25T12:34:50.1470000,465
2026-05-25T12:34:51.1880000,479
2026-05-25T12:34:52.2280000,463
2026-05-25T12:34:53.2690000,456
2026-05-25T12:34:54.3100000,465
2026-05-25T12:34:55.3610000,466
2026-05-25T12:34:56.4020000,494
2026-05-25T12:34:57.4430000,479
2026-05-25T12:34:58.4840000,472
2026-05-25T12:34:59.5240000,449
2026-05-25T12:35:00.5650000,461
2026-05-25T12:35:01.6160000,455
2026-05-25T12:35:02.6570000,474
2026-05-25T12:35:03.6980000,463
2026-05-25T12:35:04.7390000,454
2026-05-25T12:35:05.7830000,470
2026-05-25T12:35:06.8230000,470
2026-05-25T12:35:07.8640000,460
2026-05-25T12:35:08.9160000,470
2026-05-25T12:35:09.9560000,471
2026-05-25T12:35:10.9970000,464
2026-05-25T12:35:12.0380000,471
2026-05-25T12:35:13.0790000,476
2026-05-25T12:35:14.1300000,467
2026-05-25T12:35:15.1710000,471
2026-05-25T12:35:16.2110000,477
2026-05-25T12:35:17.2520000,456
2026-05-25T12:35:18.2930000,455
2026-05-25T12:35:19.3340000,462
2026-05-25T12:35:20.3850000,471
2026-05-25T12:35:21.4260000,465
2026-05-25T12:35:22.4660000,476
2026-05-25T12:35:23.5070000,472
2026-05-25T12:35:24.5480000,473
2026-05-25T12:35:25.5990000,468
2026-05-25T12:35:26.6400000,462
2026-05-25T12:35:27.6810000,465
2026-05-25T12:35:28.7210000,472
2026-05-25T12:35:29.7620000,471
2026-05-25T12:35:30.8130000,465
2026-05-25T12:35:31.8540000,474
2026-05-25T12:35:32.8950000,488
2026-05-25T12:35:33.9360000,462
2026-05-25T12:35:34.9760000,469
2026-05-25T12:35:36.0170000,473
2026-05-25T12:35:37.0680000,470
2026-05-25T12:35:38.1090000,466
2026-05-25T12:35:39.1500000,473
2026-05-25T12:35:40.1910000,454
2026-05-25T12:35:41.2310000,470
2026-05-25T12:35:42.2830000,473
2026-05-25T12:35:43.3230000,469
2026-05-25T12:35:44.3640000,468
2026-05-25T12:35:45.4050000,475
2026-05-25T12:35:46.4460000,469
2026-05-25T12:35:47.4870000,468
2026-05-25T12:35:48.5380000,455
2026-05-25T12:35:49.5790000,454
2026-05-25T12:35:50.6200000,468
2026-05-25T12:35:51.6610000,462
2026-05-25T12:35:52.7010000,471
2026-05-25T12:35:53.7530000,467
2026-05-25T12:35:54.7940000,467
2026-05-25T12:35:55.8340000,460
2026-05-25T12:35:56.8750000,463
2026-05-25T12:35:57.9160000,471
2026-05-25T12:35:58.9670000,462
2026-05-25T12:36:00.0040000,465
2026-05-25T12:36:01.0450000,461
2026-05-25T12:36:02.0860000,454
2026-05-25T12:36:03.1370000,463
2026-05-25T12:36:04.1780000,468
2026-05-25T12:36:05.2190000,475
2026-05-25T12:36:06.2600000,463
2026-05-25T12:36:07.3010000,461
2026-05-25T12:36:08.3410000,481
2026-05-25T12:36:09.3930000,474
2026-05-25T12:36:10.4330000,469
2026-05-25T12:36:11.4740000,456
2026-05-25T12:36:12.5150000,469
2026-05-25T12:36:13.5560000,453
2026-05-25T12:36:14.6000000,474
2026-05-25T12:36:15.6410000,459
2026-05-25T12:36:16.6920000,465
2026-05-25T12:36:17.7330000,458
2026-05-25T12:36:18.7740000,462
2026-05-25T12:36:19.8150000,464
2026-05-25T12:36:20.8560000,455
2026-05-25T12:36:21.8960000,467
2026-05-25T12:36:22.9470000,468
2026-05-25T12:36:23.9880000,460
2026-05-25T12:36:25.0290000,462
2026-05-25T12:36:26.0700000,465
2026-05-25T12:36:27.1110000,478
2026-05-25T12:36:28.1580000,460
2026-05-25T12:36:29.1990000,465
2026-05-25T12:36:30.2400000,454
2026-05-25T12:36:31.2810000,471
2026-05-25T12:36:32.3320000,463
2026-05-25T12:36:33.3730000,462
2026-05-25T12:36:34.4140000,467
2026-05-25T12:36:35.4540000,460
2026-05-25T12:36:36.4950000,474
2026-05-25T12:36:37.5360000,488
2026-05-25T12:36:38.5870000,471
2026-05-25T12:36:39.6280000,467
2026-05-25T12:36:40.6680000,466
2026-05-25T12:36:41.7090000,471
2026-05-25T12:36:42.7500000,481
2026-05-25T12:36:43.8010000,460
2026-05-25T12:36:44.8420000,469
2026-05-25T12:36:45.8830000,452
2026-05-25T12:36:46.9240000,458
2026-05-25T12:36:47.9660000,456
2026-05-25T12:36:49.0070000,454
2026-05-25T12:36:50.0580000,460
2026-05-25T12:36:51.0990000,461
2026-05-25T12:36:52.1400000,456
2026-05-25T12:36:53.1800000,463
2026-05-25T12:36:54.2210000,460
2026-05-25T12:36:55.2620000,462
2026-05-25T12:36:56.3130000,473
2026-05-25T12:36:57.3540000,452
2026-05-25T12:36:58.3950000,458
2026-05-25T12:36:59.4350000,460
2026-05-25T12:37:00.4760000,459
2026-05-25T12:37:01.5280000,467
2026-05-25T12:37:02.5680000,463
2026-05-25T12:37:03.6090000,475
2026-05-25T12:37:04.6500000,465
2026-05-25T12:37:05.6910000,458
2026-05-25T12:37:06.7420000,470
2026-05-25T12:37:07.7830000,468
2026-05-25T12:37:08.8240000,456
2026-05-25T12:37:09.8650000,467
2026-05-25T12:37:10.9050000,453
2026-05-25T12:37:11.9460000,471
2026-05-25T12:37:12.9970000,458
2026-05-25T12:37:14.0380000,451
2026-05-25T12:37:15.0790000,462
2026-05-25T12:37:17.1610000,457
2026-05-25T12:37:18.2120000,466
2026-05-25T12:37:19.2520000,466
2026-05-25T12:37:20.2930000,461
2026-05-25T12:37:21.3340000,457
2026-05-25T12:37:22.3750000,450
2026-05-25T12:37:23.4260000,466
2026-05-25T12:37:24.4670000,468
2026-05-25T12:37:25.5070000,449
2026-05-25T12:37:26.5480000,467
2026-05-25T12:37:27.5890000,476
2026-05-25T12:37:28.6300000,463
2026-05-25T12:37:29.6810000,455
2026-05-25T12:37:30.7220000,466
2026-05-25T12:37:31.7630000,443
2026-05-25T12:37:32.8030000,479
2026-05-25T12:37:33.8440000,455
2026-05-25T12:37:34.8950000,462
2026-05-25T12:37:35.9360000,456
2026-05-25T12:37:36.9770000,463
2026-05-25T12:37:38.0170000,456
2026-05-25T12:37:39.0580000,460
2026-05-25T12:37:40.1100000,467
2026-05-25T12:37:41.1500000,451
2026-05-25T12:37:42.1910000,455
2026-05-25T12:37:43.2320000,459
2026-05-25T12:37:44.2730000,459
2026-05-25T12:37:45.3130000,467
2026-05-25T12:37:46.3650000,463
2026-05-25T12:37:47.4050000,462
2026-05-25T12:37:48.4460000,469
2026-05-25T12:37:49.4870000,470
2026-05-25T12:37:50.5270000,458
2026-05-25T12:37:51.5790000,464
2026-05-25T12:37:52.6190000,443
2026-05-25T12:37:53.6600000,468
2026-05-25T12:37:54.7010000,442
2026-05-25T12:37:55.7420000,456
2026-05-25T12:37:56.7830000,450
2026-05-25T12:37:57.8340000,454
2026-05-25T12:37:58.8750000,460
2026-05-25T12:37:59.9160000,469
2026-05-25T12:38:00.9560000,462
2026-05-25T12:38:01.9970000,449
2026-05-25T12:38:03.0490000,467
2026-05-25T12:38:04.0860000,461
2026-05-25T12:38:05.1270000,463
2026-05-25T12:38:06.1670000,445
2026-05-25T12:38:07.2190000,461
2026-05-25T12:38:08.2590000,450
2026-05-25T12:38:09.3000000,458
2026-05-25T12:38:10.3410000,456
2026-05-25T12:38:11.3820000,449
2026-05-25T12:38:12.4330000,459
2026-05-25T12:38:13.4730000,459
2026-05-25T12:38:14.5140000,457
2026-05-25T12:38:15.5550000,454
2026-05-25T12:38:16.5960000,459
2026-05-25T12:38:17.6470000,467
2026-05-25T12:38:18.6810000,442
2026-05-25T12:38:19.7320000,450
2026-05-25T12:38:20.7730000,458
2026-05-25T12:38:21.8130000,457
2026-05-25T12:38:22.8540000,456
2026-05-25T12:38:23.8950000,457
2026-05-25T12:38:24.9460000,465
2026-05-25T12:38:25.9870000,449
2026-05-25T12:38:27.0280000,466
2026-05-25T12:38:28.0690000,462
2026-05-25T12:38:29.1090000,467
2026-05-25T12:38:30.1500000,464
2026-05-25T12:38:31.2010000,449
2026-05-25T12:38:32.2390000,463
2026-05-25T12:38:33.2790000,458
2026-05-25T12:38:34.3310000,455
2026-05-25T12:38:35.3720000,451
2026-05-25T12:38:36.4120000,456
2026-05-25T12:38:37.4530000,445
2026-05-25T12:38:38.4940000,465
2026-05-25T12:38:39.5450000,465
2026-05-25T12:38:40.5860000,459
2026-05-25T12:38:41.6270000,455
2026-05-25T12:38:42.6670000,446
2026-05-25T12:38:43.7080000,442
2026-05-25T12:38:44.7490000,456
2026-05-25T12:38:45.8000000,476
2026-05-25T12:38:46.8410000,445
2026-05-25T12:38:47.8820000,462
2026-05-25T12:38:48.9230000,447
2026-05-25T12:38:49.9640000,462
2026-05-25T12:38:51.0150000,465
2026-05-25T12:38:52.0560000,449
2026-05-25T12:38:53.0960000,464
2026-05-25T12:38:54.1370000,463
2026-05-25T12:38:55.1780000,456
2026-05-25T12:38:56.2190000,467
2026-05-25T12:38:57.2700000,473
2026-05-25T12:38:58.3110000,446
2026-05-25T12:38:59.3510000,447
2026-05-25T12:39:00.3920000,444
2026-05-25T12:39:01.4330000,465
2026-05-25T12:39:02.4840000,470
2026-05-25T12:39:03.5250000,462
2026-05-25T12:39:04.5660000,460
2026-05-25T12:39:05.6060000,462
2026-05-25T12:39:06.6470000,467
2026-05-25T12:39:07.6880000,462
2026-05-25T12:39:08.7390000,448
2026-05-25T12:39:09.7800000,460
2026-05-25T12:39:10.8210000,459
2026-05-25T12:39:11.8620000,474
2026-05-25T12:39:12.9020000,462
2026-05-25T12:39:13.9540000,449
2026-05-25T12:39:14.9940000,453
2026-05-25T12:39:16.0350000,459
2026-05-25T12:39:17.0760000,458
2026-05-25T12:39:18.1170000,468
2026-05-25T12:39:19.1680000,457
2026-05-25T12:39:20.2090000,463
2026-05-25T12:39:21.2490000,463
2026-05-25T12:39:22.2900000,461
2026-05-25T12:39:23.3310000,456
2026-05-25T12:39:24.3820000,461
2026-05-25T12:39:25.4230000,460
2026-05-25T12:39:26.4630000,458
2026-05-25T12:39:27.5040000,453
2026-05-25T12:39:28.5450000,460
2026-05-25T12:39:29.5960000,464
2026-05-25T12:39:30.6370000,471
2026-05-25T12:39:31.6780000,444
2026-05-25T12:39:32.7190000,456
2026-05-25T12:39:33.7600000,458
2026-05-25T12:39:34.8000000,467
2026-05-25T12:39:35.8520000,455
2026-05-25T12:39:36.8920000,459
2026-05-25T12:39:37.9340000,473
2026-05-25T12:39:38.9740000,462
2026-05-25T12:39:40.0150000,452
2026-05-25T12:39:41.0630000,454
2026-05-25T12:39:42.1040000,445
2026-05-25T12:39:43.1450000,457
2026-05-25T12:39:44.1850000,449
2026-05-25T12:39:45.2370000,451
2026-05-25T12:39:46.2770000,462
2026-05-25T12:39:47.3180000,480
2026-05-25T12:39:48.3590000,460
2026-05-25T12:39:49.4000000,466
2026-05-25T12:39:50.4510000,455
2026-05-25T12:39:51.4920000,462
2026-05-25T12:39:52.5330000,467
2026-05-25T12:39:53.5730000,477
2026-05-25T12:39:54.6140000,470
2026-05-25T12:39:55.6550000,461
2026-05-25T12:39:56.7060000,458
2026-05-25T12:39:57.7480000,447
2026-05-25T12:39:58.7880000,460
2026-05-25T12:39:59.8290000,460
2026-05-25T12:40:00.8700000,443
2026-05-25T12:40:01.9210000,466
2026-05-25T12:40:02.9620000,450
2026-05-25T12:40:04.0030000,463
2026-05-25T12:40:05.0440000,456
2026-05-25T12:40:06.0840000,467
2026-05-25T12:40:07.1360000,450
2026-05-25T12:40:08.1770000,437
2026-05-25T12:40:09.2170000,465
2026-05-25T12:40:10.2580000,467
2026-05-25T12:40:11.2990000,454
2026-05-25T12:40:12.3500000,464
2026-05-25T12:40:13.3910000,468
2026-05-25T12:40:14.4310000,464
2026-05-25T12:40:15.4720000,469
2026-05-25T12:40:16.5130000,461
2026-05-25T12:40:17.5640000,464
2026-05-25T12:40:18.6050000,468
2026-05-25T12:40:19.6460000,470
2026-05-25T12:40:20.6860000,468
2026-05-25T12:40:21.7270000,475
2026-05-25T12:40:22.7680000,462
2026-05-25T12:40:23.8190000,461
2026-05-25T12:40:24.8600000,455
2026-05-25T12:40:25.9010000,450
2026-05-25T12:40:26.9420000,459
2026-05-25T12:40:27.9830000,452
2026-05-25T12:40:29.0340000,464
2026-05-25T12:40:30.0750000,451
2026-05-25T12:40:31.1160000,458
2026-05-25T12:40:32.1560000,447
2026-05-25T12:40:33.1970000,462
2026-05-25T12:40:34.2480000,451
2026-05-25T12:40:35.2890000,457
2026-05-25T12:40:36.3300000,456
2026-05-25T12:40:37.3710000,459
2026-05-25T12:40:38.4110000,442
2026-05-25T12:40:39.4520000,452
2026-05-25T12:40:40.5030000,470
2026-05-25T12:40:41.5440000,460
2026-05-25T12:40:42.5850000,454
2026-05-25T12:40:43.6260000,456
2026-05-25T12:40:44.6670000,457
2026-05-25T12:40:45.7180000,464
2026-05-25T12:40:46.7590000,452
2026-05-25T12:40:47.8000000,449
2026-05-25T12:40:48.8400000,454
2026-05-25T12:40:49.8810000,456
2026-05-25T12:40:50.9330000,460
2026-05-25T12:40:51.9730000,449
2026-05-25T12:40:53.0140000,457
2026-05-25T12:40:54.0550000,460
2026-05-25T12:40:55.0960000,443
2026-05-25T12:40:56.1360000,449
2026-05-25T12:40:57.1880000,465
2026-05-25T12:40:58.2280000,467
2026-05-25T12:40:59.2690000,463
2026-05-25T12:41:00.3100000,446
2026-05-25T12:41:01.3510000,469
2026-05-25T12:41:02.4020000,455
2026-05-25T12:41:03.4430000,479
2026-05-25T12:41:04.4830000,456
2026-05-25T12:41:05.5240000,449
2026-05-25T12:41:06.5650000,471
2026-05-25T12:41:07.6170000,448
2026-05-25T12:41:08.6570000,445
2026-05-25T12:41:09.6980000,458
2026-05-25T12:41:10.7390000,454
2026-05-25T12:41:11.7800000,461
2026-05-25T12:41:12.8210000,449
2026-05-25T12:41:13.8720000,450
2026-05-25T12:41:14.9130000,462
2026-05-25T12:41:15.9540000,461
2026-05-25T12:41:16.9950000,449
2026-05-25T12:41:18.0360000,448
2026-05-25T12:41:19.0870000,460
2026-05-25T12:41:20.1280000,455
2026-05-25T12:41:21.1690000,451
2026-05-25T12:41:22.2090000,452
2026-05-25T12:41:23.2500000,463
2026-05-25T12:41:24.2910000,465
2026-05-25T12:41:25.3420000,447
2026-05-25T12:41:26.3830000,451
2026-05-25T12:41:27.4230000,449
2026-05-25T12:41:28.4640000,454
2026-05-25T12:41:29.5050000,462
2026-05-25T12:41:30.5560000,463
2026-05-25T12:41:31.5970000,465
2026-05-25T12:41:32.6380000,447
2026-05-25T12:41:33.6790000,460
2026-05-25T12:41:34.7200000,467
2026-05-25T12:41:35.7600000,447
2026-05-25T12:41:36.8120000,471
2026-05-25T12:41:37.8530000,448
2026-05-25T12:41:38.8940000,452
2026-05-25T12:41:39.9350000,456
2026-05-25T12:41:40.9760000,460
2026-05-25T12:41:42.0160000,461
2026-05-25T12:41:43.0670000,459
2026-05-25T12:41:44.1080000,459
2026-05-25T12:41:45.1490000,474
2026-05-25T12:41:46.1890000,455
2026-05-25T12:41:47.2300000,455
2026-05-25T12:41:48.2810000,453
2026-05-25T12:41:49.3220000,468
2026-05-25T12:41:50.3630000,459
2026-05-25T12:41:51.4040000,462
2026-05-25T12:41:52.4450000,448
2026-05-25T12:41:53.4960000,467
2026-05-25T12:41:54.5370000,466
2026-05-25T12:41:55.5780000,459
2026-05-25T12:41:56.6180000,457
2026-05-25T12:41:57.6590000,462
2026-05-25T12:41:58.7030000,449
2026-05-25T12:41:59.7440000,448
2026-05-25T12:42:00.7850000,461
2026-05-25T12:42:01.8360000,465
2026-05-25T12:42:02.8770000,473
2026-05-25T12:42:03.9180000,466
2026-05-25T12:42:04.9590000,453
2026-05-25T12:42:05.9990000,453
2026-05-25T12:42:07.0500000,465
2026-05-25T12:42:08.0920000,446
2026-05-25T12:42:09.1320000,462
2026-05-25T12:42:10.1730000,454
2026-05-25T12:42:11.2140000,459
2026-05-25T12:42:12.2650000,453
2026-05-25T12:42:13.3060000,470
2026-05-25T12:42:14.3470000,465
2026-05-25T12:42:15.3870000,468
2026-05-25T12:42:16.4280000,461
2026-05-25T12:42:17.4690000,448
2026-05-25T12:42:18.5200000,448
2026-05-25T12:42:19.5610000,485
2026-05-25T12:42:20.6020000,451
2026-05-25T12:42:21.6430000,459
2026-05-25T12:42:22.6840000,458
2026-05-25T12:42:23.7350000,468
2026-05-25T12:42:24.7760000,468
2026-05-25T12:42:25.8160000,452
2026-05-25T12:42:26.8610000,463
2026-05-25T12:42:27.9020000,467
2026-05-25T12:42:28.9420000,472
2026-05-25T12:42:29.9830000,472
2026-05-25T12:42:31.0340000,471
2026-05-25T12:42:32.0750000,463
2026-05-25T12:42:33.1160000,458
2026-05-25T12:42:34.1570000,449
2026-05-25T12:42:35.1970000,459
2026-05-25T12:42:36.2380000,455
2026-05-25T12:42:37.2890000,480
2026-05-25T12:42:38.3300000,463
2026-05-25T12:42:39.3710000,457
2026-05-25T12:42:40.4120000,468
2026-05-25T12:42:41.4530000,456
2026-05-25T12:42:42.5040000,468
2026-05-25T12:42:43.5450000,471
2026-05-25T12:42:44.5860000,467
2026-05-25T12:42:45.6270000,470
2026-05-25T12:42:46.6670000,466
2026-05-25T12:42:47.7080000,467
2026-05-25T12:42:48.7600000,471
2026-05-25T12:42:49.8000000,468
2026-05-25T12:42:50.8410000,467
2026-05-25T12:42:51.8820000,460
2026-05-25T12:42:52.9230000,472
2026-05-25T12:42:53.9630000,458
2026-05-25T12:42:55.0140000,476
2026-05-25T12:42:56.0550000,477
2026-05-25T12:42:57.0960000,473
2026-05-25T12:42:58.1370000,461
2026-05-25T12:42:59.1770000,478
2026-05-25T12:43:00.2290000,482
2026-05-25T12:43:01.2690000,477
2026-05-25T12:43:02.3100000,488
2026-05-25T12:43:03.3510000,472
2026-05-25T12:43:04.3920000,486
2026-05-25T12:43:05.4330000,470
2026-05-25T12:43:06.4840000,464
2026-05-25T12:43:07.5250000,488
2026-05-25T12:43:08.5660000,459
2026-05-25T12:43:09.6060000,479
2026-05-25T12:43:10.6470000,472
2026-05-25T12:43:11.6880000,481
2026-05-25T12:43:12.7390000,485
2026-05-25T12:43:13.7800000,469
2026-05-25T12:43:14.8210000,477
2026-05-25T12:43:15.8620000,463
2026-05-25T12:43:16.9030000,471
2026-05-25T12:43:17.9540000,476
2026-05-25T12:43:18.9950000,465
2026-05-25T12:43:20.0360000,465
2026-05-25T12:43:21.0760000,473
2026-05-25T12:43:22.1170000,470
2026-05-25T12:43:23.1580000,484
2026-05-25T12:43:24.2090000,470
2026-05-25T12:43:25.2500000,473
2026-05-25T12:43:26.2910000,473
2026-05-25T12:43:27.3310000,493
2026-05-25T12:43:28.3720000,467
2026-05-25T12:43:29.4240000,485
2026-05-25T12:43:30.4640000,478
2026-05-25T12:43:31.5050000,480
2026-05-25T12:43:32.5460000,486
2026-05-25T12:43:33.5870000,483
2026-05-25T12:43:34.6270000,484
2026-05-25T12:43:35.6720000,475
2026-05-25T12:43:36.7130000,472
2026-05-25T12:43:37.7640000,493
2026-05-25T12:43:38.8050000,474
2026-05-25T12:43:39.8460000,486
2026-05-25T12:43:40.8860000,487
2026-05-25T12:43:41.9270000,489
2026-05-25T12:43:42.9780000,497
2026-05-25T12:43:44.0190000,472
2026-05-25T12:43:45.0600000,479
2026-05-25T12:43:46.1010000,492
2026-05-25T12:43:47.1420000,488
2026-05-25T12:43:48.1830000,489
2026-05-25T12:43:49.2340000,485
2026-05-25T12:43:50.2750000,495
2026-05-25T12:43:51.3150000,489
2026-05-25T12:43:52.3560000,484
2026-05-25T12:43:53.3970000,491
2026-05-25T12:43:54.4380000,481
2026-05-25T12:43:55.4890000,479
2026-05-25T12:43:56.5300000,488
2026-05-25T12:43:57.5700000,493
2026-05-25T12:43:58.6110000,487
2026-05-25T12:43:59.6520000,491
2026-05-25T12:44:00.7030000,491
2026-05-25T12:44:01.7440000,487
2026-05-25T12:44:02.7850000,478
2026-05-25T12:44:03.8260000,491
2026-05-25T12:44:04.8660000,490
2026-05-25T12:44:05.9070000,492
2026-05-25T12:44:06.9580000,489
2026-05-25T12:44:07.9990000,479
2026-05-25T12:44:09.0400000,477
2026-05-25T12:44:10.0810000,481
2026-05-25T12:44:11.1210000,471
2026-05-25T12:44:12.1730000,487
2026-05-25T12:44:13.2130000,483
2026-05-25T12:44:14.2540000,472
2026-05-25T12:44:15.2950000,495
2026-05-25T12:44:16.3360000,485
2026-05-25T12:44:17.3800000,476
2026-05-25T12:44:18.4210000,484
2026-05-25T12:44:19.4620000,484
2026-05-25T12:44:20.5130000,488
2026-05-25T12:44:21.5540000,479
2026-05-25T12:44:22.5940000,477
2026-05-25T12:44:23.6350000,484
2026-05-25T12:44:24.6760000,489
2026-05-25T12:44:25.7170000,482
2026-05-25T12:44:26.7680000,485
2026-05-25T12:44:27.8090000,484
2026-05-25T12:44:28.8500000,480
2026-05-25T12:44:29.8900000,484
2026-05-25T12:44:30.9380000,479
2026-05-25T12:44:31.9790000,467
2026-05-25T12:44:33.0200000,477
2026-05-25T12:44:34.0610000,482
2026-05-25T12:44:35.1010000,464
2026-05-25T12:44:36.1530000,476
2026-05-25T12:44:37.1930000,463
2026-05-25T12:44:38.2340000,477
2026-05-25T12:44:39.2750000,468
2026-05-25T12:44:40.3160000,482
2026-05-25T12:44:41.3670000,478
2026-05-25T12:44:42.4080000,464
2026-05-25T12:44:43.4490000,485
2026-05-25T12:44:44.4930000,477
2026-05-25T12:44:45.5340000,482
2026-05-25T12:44:46.5740000,468
2026-05-25T12:44:47.6150000,481
2026-05-25T12:44:48.6560000,476
2026-05-25T12:44:49.7070000,465
2026-05-25T12:44:50.7480000,491
2026-05-25T12:44:51.7890000,486
2026-05-25T12:44:52.8290000,479
2026-05-25T12:44:53.8700000,479
2026-05-25T12:44:54.9210000,471
2026-05-25T12:44:55.9620000,467
2026-05-25T12:44:57.0030000,474
2026-05-25T12:44:58.0440000,479
2026-05-25T12:44:59.0840000,485
2026-05-25T12:45:00.1250000,462
2026-05-25T12:45:01.1770000,485
2026-05-25T12:45:02.2170000,480
2026-05-25T12:45:03.2580000,478
2026-05-25T12:45:04.2990000,480
2026-05-25T12:45:05.3400000,488
2026-05-25T12:45:06.3810000,471
2026-05-25T12:45:07.4320000,477
2026-05-25T12:45:08.4730000,477
2026-05-25T12:45:09.5130000,472
2026-05-25T12:45:10.5540000,473
2026-05-25T12:45:11.5950000,487
2026-05-25T12:45:12.6460000,486
2026-05-25T12:45:13.6870000,476
2026-05-25T12:45:14.7270000,478
2026-05-25T12:45:15.7680000,477
2026-05-25T12:45:16.8090000,470
2026-05-25T12:45:17.8500000,476
2026-05-25T12:45:18.9010000,472
2026-05-25T12:45:19.9420000,493
2026-05-25T12:45:20.9820000,478
2026-05-25T12:45:22.0230000,496
2026-05-25T12:45:23.0640000,473
2026-05-25T12:45:24.1150000,478
2026-05-25T12:45:25.1560000,485
2026-05-25T12:45:26.2000000,472
2026-05-25T12:45:27.2410000,465
2026-05-25T12:45:28.2820000,478
2026-05-25T12:45:29.3230000,480
2026-05-25T12:45:30.3630000,490
2026-05-25T12:45:31.4150000,476
2026-05-25T12:45:32.4550000,479
2026-05-25T12:45:33.4960000,477
2026-05-25T12:45:34.5370000,490
2026-05-25T12:45:35.5780000,470
2026-05-25T12:45:36.6180000,459
2026-05-25T12:45:37.6700000,480
2026-05-25T12:45:38.7100000,486
2026-05-25T12:45:39.7510000,473
2026-05-25T12:45:40.7920000,466
2026-05-25T12:45:41.8330000,473
2026-05-25T12:45:42.8840000,480
2026-05-25T12:45:43.9250000,478
2026-05-25T12:45:44.9650000,467
2026-05-25T12:45:46.0060000,464
2026-05-25T12:45:47.0470000,490
2026-05-25T12:45:48.0880000,486
2026-05-25T12:45:49.1390000,471
2026-05-25T12:45:50.1800000,486
2026-05-25T12:45:51.2210000,488
2026-05-25T12:45:52.2610000,473
2026-05-25T12:45:53.3020000,481
2026-05-25T12:45:54.3530000,470
2026-05-25T12:45:55.3940000,475
2026-05-25T12:45:56.4350000,473
2026-05-25T12:45:57.4760000,473
2026-05-25T12:45:58.5170000,472
2026-05-25T12:45:59.5580000,483
2026-05-25T12:46:00.6090000,475
2026-05-25T12:46:01.6500000,463
2026-05-25T12:46:02.6900000,474
2026-05-25T12:46:03.7310000,469
2026-05-25T12:46:04.7720000,466
2026-05-25T12:46:05.8230000,473
2026-05-25T12:46:06.8640000,460
2026-05-25T12:46:07.9040000,450
2026-05-25T12:46:08.9450000,482
2026-05-25T12:46:09.9860000,483
2026-05-25T12:46:11.0260000,470
2026-05-25T12:46:12.0780000,473
2026-05-25T12:46:13.1190000,465
2026-05-25T12:46:14.1590000,470
2026-05-25T12:46:15.2000000,479
2026-05-25T12:46:16.2410000,467
2026-05-25T12:46:17.2820000,476
2026-05-25T12:46:18.3330000,480
2026-05-25T12:46:19.3740000,478
2026-05-25T12:46:20.4150000,476
2026-05-25T12:46:21.4590000,476
2026-05-25T12:46:22.5000000,459
2026-05-25T12:46:23.5410000,476
2026-05-25T12:46:24.5810000,486
2026-05-25T12:46:25.6220000,462
2026-05-25T12:46:26.6730000,466
2026-05-25T12:46:27.7140000,471
2026-05-25T12:46:28.7550000,470
2026-05-25T12:46:29.7950000,492
2026-05-25T12:46:30.8360000,465
2026-05-25T12:46:31.8880000,470
2026-05-25T12:46:32.9280000,485
2026-05-25T12:46:33.9690000,458
2026-05-25T12:46:35.0100000,485
2026-05-25T12:46:36.0510000,471
2026-05-25T12:46:37.1020000,469
2026-05-25T12:46:38.1430000,461
2026-05-25T12:46:39.1830000,476
2026-05-25T12:46:40.2240000,476
2026-05-25T12:46:41.2650000,473
2026-05-25T12:46:42.3060000,462
2026-05-25T12:46:43.3570000,462
2026-05-25T12:46:44.3980000,448
2026-05-25T12:46:45.4380000,465
2026-05-25T12:46:46.4790000,466
2026-05-25T12:46:47.5200000,469
2026-05-25T12:46:48.5710000,468
2026-05-25T12:46:49.6120000,469
2026-05-25T12:46:50.6520000,467
2026-05-25T12:46:51.6930000,475
2026-05-25T12:46:52.7340000,461
2026-05-25T12:46:53.7850000,476
2026-05-25T12:46:54.8260000,450
2026-05-25T12:46:55.8670000,476
2026-05-25T12:46:56.9070000,472
2026-05-25T12:46:57.9480000,478
2026-05-25T12:46:58.9990000,463
2026-05-25T12:47:00.0400000,454
2026-05-25T12:47:01.0810000,475
2026-05-25T12:47:02.1250000,472
2026-05-25T12:47:03.1660000,478
2026-05-25T12:47:04.2070000,469
2026-05-25T12:47:05.2470000,465
2026-05-25T12:47:06.2880000,468
2026-05-25T12:47:07.3390000,460
2026-05-25T12:47:08.3810000,471
2026-05-25T12:47:09.4210000,455
2026-05-25T12:47:10.4620000,474
2026-05-25T12:47:11.5030000,451
2026-05-25T12:47:12.5540000,467
2026-05-25T12:47:13.5950000,451
2026-05-25T12:47:14.6360000,466
2026-05-25T12:47:15.6760000,462
2026-05-25T12:47:16.7170000,490
2026-05-25T12:47:17.7580000,468
2026-05-25T12:47:18.8090000,466
2026-05-25T12:47:19.8500000,456
2026-05-25T12:47:20.8910000,457
2026-05-25T12:47:21.9310000,472
2026-05-25T12:47:22.9720000,470
2026-05-25T12:47:24.0230000,466
2026-05-25T12:47:25.0640000,479
2026-05-25T12:47:26.1050000,454
2026-05-25T12:47:27.1460000,451
2026-05-25T12:47:28.1870000,462
2026-05-25T12:47:29.2270000,461
2026-05-25T12:47:30.2720000,461
2026-05-25T12:47:31.3230000,470
2026-05-25T12:47:32.3640000,481
2026-05-25T12:47:33.4050000,461
2026-05-25T12:47:34.4450000,462
2026-05-25T12:47:35.4860000,472
2026-05-25T12:47:36.5270000,466
2026-05-25T12:47:37.5780000,480
2026-05-25T12:47:38.6190000,477
2026-05-25T12:47:39.6590000,479
2026-05-25T12:47:40.7000000,481
2026-05-25T12:47:41.7410000,455
2026-05-25T12:47:42.7920000,478
2026-05-25T12:47:43.8330000,452
2026-05-25T12:47:44.8740000,462
2026-05-25T12:47:45.9140000,467
2026-05-25T12:47:46.9550000,470
2026-05-25T12:47:47.9960000,461
2026-05-25T12:47:49.0470000,461
2026-05-25T12:47:50.0880000,469
2026-05-25T12:47:51.1290000,471
2026-05-25T12:47:52.1700000,472
2026-05-25T12:47:53.2110000,466
2026-05-25T12:47:54.2620000,470
2026-05-25T12:47:55.3030000,458
2026-05-25T12:47:56.3430000,461
2026-05-25T12:47:57.3840000,467
2026-05-25T12:47:58.4280000,464
2026-05-25T12:47:59.4680000,478
2026-05-25T12:48:00.5090000,468
2026-05-25T12:48:01.5600000,462
2026-05-25T12:48:02.6010000,461
2026-05-25T12:48:03.6420000,461
2026-05-25T12:48:04.6830000,468
2026-05-25T12:48:05.7230000,473
2026-05-25T12:48:06.7640000,470
2026-05-25T12:48:07.8150000,458
2026-05-25T12:48:08.8560000,472
2026-05-25T12:48:09.8970000,464
2026-05-25T12:48:10.9380000,461
2026-05-25T12:48:11.9860000,448
2026-05-25T12:48:13.0270000,451
2026-05-25T12:48:14.0670000,462
2026-05-25T12:48:15.1080000,449
2026-05-25T12:48:16.1490000,456
2026-05-25T12:48:17.2000000,466
2026-05-25T12:48:18.2410000,465
2026-05-25T12:48:19.2820000,463
2026-05-25T12:48:20.3230000,468
2026-05-25T12:48:21.3640000,473
2026-05-25T12:48:22.4050000,470
2026-05-25T12:48:23.4560000,462
2026-05-25T12:48:24.4970000,456
2026-05-25T12:48:25.5370000,465
2026-05-25T12:48:26.5780000,463
2026-05-25T12:48:27.6190000,468
2026-05-25T12:48:28.6590000,473
2026-05-25T12:48:29.7110000,450
2026-05-25T12:48:30.7510000,461
2026-05-25T12:48:31.7920000,459
2026-05-25T12:48:32.8330000,465
2026-05-25T12:48:33.8740000,445
2026-05-25T12:48:34.9250000,460
2026-05-25T12:48:35.9660000,464
2026-05-25T12:48:37.0070000,456
2026-05-25T12:48:38.0480000,456
2026-05-25T12:48:39.0880000,452
2026-05-25T12:48:40.1290000,461
2026-05-25T12:48:41.1810000,453
2026-05-25T12:48:42.2210000,462
2026-05-25T12:48:43.2620000,467
2026-05-25T12:48:44.3030000,451
2026-05-25T12:48:45.3440000,469
2026-05-25T12:48:46.3840000,461
2026-05-25T12:48:47.4360000,458
2026-05-25T12:48:48.4760000,455
2026-05-25T12:48:49.5170000,476
2026-05-25T12:48:50.5580000,455
2026-05-25T12:48:51.5980000,459
2026-05-25T12:48:52.6430000,447
2026-05-25T12:48:53.6830000,456
2026-05-25T12:48:54.7350000,463
2026-05-25T12:48:55.7750000,464
2026-05-25T12:48:56.8160000,457
2026-05-25T12:48:57.8570000,470
2026-05-25T12:48:58.8980000,450
2026-05-25T12:48:59.9390000,456
2026-05-25T12:49:00.9900000,485
2026-05-25T12:49:02.0310000,454
2026-05-25T12:49:03.0720000,455
2026-05-25T12:49:04.1130000,467
2026-05-25T12:49:05.1530000,447
2026-05-25T12:49:06.1940000,461
2026-05-25T12:49:07.2450000,464
2026-05-25T12:49:08.2870000,469
2026-05-25T12:49:09.3270000,456
2026-05-25T12:49:10.3680000,467
2026-05-25T12:49:11.4080000,451
2026-05-25T12:49:12.4600000,462
2026-05-25T12:49:13.5000000,446
2026-05-25T12:49:14.5410000,450
2026-05-25T12:49:15.5820000,466
2026-05-25T12:49:16.6230000,455
2026-05-25T12:49:17.6740000,469
2026-05-25T12:49:18.7150000,462
2026-05-25T12:49:19.7560000,458
2026-05-25T12:49:20.8000000,470
2026-05-25T12:49:21.8410000,459
2026-05-25T12:49:22.8810000,461
2026-05-25T12:49:23.9220000,453
2026-05-25T12:49:24.9630000,461
2026-05-25T12:49:26.0140000,455
2026-05-25T12:49:27.0550000,470
2026-05-25T12:49:28.0960000,472
2026-05-25T12:49:29.1360000,472
2026-05-25T12:49:30.1770000,463
2026-05-25T12:49:31.2290000,456
2026-05-25T12:49:32.2690000,444
2026-05-25T12:49:33.3100000,469
2026-05-25T12:49:34.3510000,463
2026-05-25T12:49:35.3910000,462
2026-05-25T12:49:36.4420000,452
2026-05-25T12:49:37.4830000,471
2026-05-25T12:49:38.5240000,462
2026-05-25T12:49:40.6050000,469
2026-05-25T12:49:41.6460000,464
2026-05-25T12:49:42.6970000,481
2026-05-25T12:49:43.7380000,460
2026-05-25T12:49:44.7790000,467
2026-05-25T12:49:45.8200000,465
2026-05-25T12:49:46.8600000,457
2026-05-25T12:49:47.9050000,466
2026-05-25T12:49:48.9450000,449
2026-05-25T12:49:49.9970000,464
2026-05-25T12:49:51.0370000,461
2026-05-25T12:49:52.0780000,451
2026-05-25T12:49:53.1190000,464
2026-05-25T12:49:54.1600000,458
2026-05-25T12:49:55.2010000,465
2026-05-25T12:49:56.2520000,450
2026-05-25T12:49:57.2930000,452
2026-05-25T12:49:58.3330000,472
2026-05-25T12:49:59.3740000,468
2026-05-25T12:50:00.4150000,444
2026-05-25T12:50:01.4660000,461
2026-05-25T12:50:02.5000000,470
2026-05-25T12:50:03.5510000,456
2026-05-25T12:50:04.5920000,451
2026-05-25T12:50:05.6330000,465
2026-05-25T12:50:06.6730000,459
2026-05-25T12:50:07.7140000,453
2026-05-25T12:50:08.7550000,462
2026-05-25T12:50:09.8060000,451
2026-05-25T12:50:10.8470000,459
2026-05-25T12:50:11.8880000,464
2026-05-25T12:50:12.9280000,459
2026-05-25T12:50:13.9690000,464
2026-05-25T12:50:15.0200000,460
2026-05-25T12:50:16.0610000,451
2026-05-25T12:50:17.1020000,465
2026-05-25T12:50:18.1430000,473
2026-05-25T12:50:19.1840000,459
2026-05-25T12:50:20.2240000,472
2026-05-25T12:50:21.2760000,467
2026-05-25T12:50:22.3160000,456
2026-05-25T12:50:23.3570000,451
2026-05-25T12:50:24.3980000,458
2026-05-25T12:50:25.4380000,456
2026-05-25T12:50:26.4790000,456
2026-05-25T12:50:27.5300000,456
2026-05-25T12:50:28.5710000,459
2026-05-25T12:50:29.6150000,470
2026-05-25T12:50:30.6560000,466
2026-05-25T12:50:31.6970000,465
2026-05-25T12:50:32.7380000,450
2026-05-25T12:50:33.7790000,462
2026-05-25T12:50:34.8300000,471
2026-05-25T12:50:35.8710000,467
2026-05-25T12:50:36.9110000,470
2026-05-25T12:50:37.9520000,456
2026-05-25T12:50:38.9930000,466
2026-05-25T12:50:40.0340000,464
2026-05-25T12:50:41.0850000,451
2026-05-25T12:50:42.1260000,469
2026-05-25T12:50:43.1660000,461
2026-05-25T12:50:44.2070000,459
2026-05-25T12:50:45.2480000,466
2026-05-25T12:50:46.2990000,454
2026-05-25T12:50:47.3400000,458
2026-05-25T12:50:48.3810000,463
2026-05-25T12:50:49.4210000,452
2026-05-25T12:50:50.4620000,464
2026-05-25T12:50:51.5030000,449
2026-05-25T12:50:52.5540000,456
2026-05-25T12:50:53.5950000,463
2026-05-25T12:50:54.6360000,455
2026-05-25T12:50:55.6770000,463
2026-05-25T12:50:56.7180000,458
2026-05-25T12:50:57.7580000,459
2026-05-25T12:50:58.8100000,456
2026-05-25T12:50:59.8500000,463
2026-05-25T12:51:00.8910000,466
2026-05-25T12:51:01.9320000,456
2026-05-25T12:51:02.9730000,466
2026-05-25T12:51:04.0240000,454
2026-05-25T12:51:05.0650000,454
2026-05-25T12:51:06.1060000,456
2026-05-25T12:51:07.1470000,469
2026-05-25T12:51:08.1880000,456
2026-05-25T12:51:09.2280000,457
2026-05-25T12:51:10.2800000,456
2026-05-25T12:51:11.3200000,448
2026-05-25T12:51:12.3610000,465
2026-05-25T12:51:13.4020000,470
2026-05-25T12:51:14.4430000,454
2026-05-25T12:51:15.4830000,445
2026-05-25T12:51:16.5350000,456
2026-05-25T12:51:17.5750000,449
2026-05-25T12:51:18.6160000,464
2026-05-25T12:51:19.6570000,453
2026-05-25T12:51:20.6980000,467
2026-05-25T12:51:21.7380000,471
2026-05-25T12:51:22.7900000,456
2026-05-25T12:51:23.8300000,462
2026-05-25T12:51:24.8710000,459
2026-05-25T12:51:25.9120000,459
2026-05-25T12:51:26.9530000,464
2026-05-25T12:51:28.0040000,469
2026-05-25T12:51:29.0450000,449
2026-05-25T12:51:30.0850000,459
2026-05-25T12:51:31.1260000,460
2026-05-25T12:51:32.1670000,461
2026-05-25T12:51:33.2070000,444
2026-05-25T12:51:34.2590000,447
2026-05-25T12:51:35.2990000,455
2026-05-25T12:51:36.3400000,448
2026-05-25T12:51:37.3810000,460
2026-05-25T12:51:38.4220000,450
2026-05-25T12:51:39.4730000,463
2026-05-25T12:51:40.5140000,456
2026-05-25T12:51:41.5550000,465
2026-05-25T12:51:42.5960000,454
2026-05-25T12:51:43.6360000,463
2026-05-25T12:51:44.6770000,467
2026-05-25T12:51:45.7290000,458
2026-05-25T12:51:46.7690000,451
2026-05-25T12:51:47.8100000,452
2026-05-25T12:51:48.8510000,449
2026-05-25T12:51:49.8920000,461
2026-05-25T12:51:50.9330000,448
2026-05-25T12:51:51.9840000,440
2026-05-25T12:51:53.0250000,454
2026-05-25T12:51:54.0650000,460
2026-05-25T12:51:55.1060000,459
2026-05-25T12:51:56.1470000,457
2026-05-25T12:51:57.1980000,465
2026-05-25T12:51:58.2390000,453
2026-05-25T12:51:59.2800000,460
2026-05-25T12:52:00.3210000,461
2026-05-25T12:52:01.3610000,460
2026-05-25T12:52:02.4130000,457
2026-05-25T12:52:03.4530000,454
2026-05-25T12:52:04.4940000,462
2026-05-25T12:52:05.5350000,466
2026-05-25T12:52:06.5760000,450
2026-05-25T12:52:07.6160000,456
2026-05-25T12:52:08.6680000,469
2026-05-25T12:52:09.7080000,452
2026-05-25T12:52:10.7490000,475
2026-05-25T12:52:11.7900000,465
2026-05-25T12:52:12.8310000,461
2026-05-25T12:52:13.8820000,455
2026-05-25T12:52:14.9230000,462
2026-05-25T12:52:15.9630000,448
2026-05-25T12:52:17.0040000,453
2026-05-25T12:52:18.0450000,460
2026-05-25T12:52:19.0860000,460
2026-05-25T12:52:20.1370000,458
2026-05-25T12:52:21.1770000,466
2026-05-25T12:52:22.2180000,468
2026-05-25T12:52:23.2590000,465
2026-05-25T12:52:24.3000000,475
2026-05-25T12:52:25.3510000,454
2026-05-25T12:52:26.3920000,461
2026-05-25T12:52:27.4320000,472
2026-05-25T12:52:28.4740000,460
2026-05-25T12:52:29.5140000,473
2026-05-25T12:52:30.5550000,445
2026-05-25T12:52:31.6070000,451
2026-05-25T12:52:32.6470000,464
2026-05-25T12:52:33.6880000,441
2026-05-25T12:52:34.7290000,455
2026-05-25T12:52:35.7700000,469
2026-05-25T12:52:36.8100000,457
2026-05-25T12:52:37.8620000,455
2026-05-25T12:52:38.9020000,461
2026-05-25T12:52:39.9430000,459
2026-05-25T12:52:40.9840000,463
2026-05-25T12:52:42.0250000,459
2026-05-25T12:52:43.0760000,452
2026-05-25T12:52:44.1170000,454
2026-05-25T12:52:45.1570000,439
2026-05-25T12:52:46.1980000,445
2026-05-25T12:52:47.2390000,454
2026-05-25T12:52:48.2830000,453
2026-05-25T12:52:49.3240000,446
2026-05-25T12:52:50.3750000,473
2026-05-25T12:52:51.4160000,456
2026-05-25T12:52:52.4570000,442
2026-05-25T12:52:53.4970000,453
2026-05-25T12:52:54.5380000,458
2026-05-25T12:52:55.5790000,461
2026-05-25T12:52:56.6300000,453
2026-05-25T12:52:57.6710000,453
2026-05-25T12:52:58.7120000,443
2026-05-25T12:52:59.7520000,455
2026-05-25T12:53:00.7930000,465
2026-05-25T12:53:01.8440000,459
2026-05-25T12:53:02.8850000,467
2026-05-25T12:53:03.9260000,462
2026-05-25T12:53:04.9670000,452
2026-05-25T12:53:06.0070000,453
2026-05-25T12:53:07.0480000,446
2026-05-25T12:53:08.1020000,454
2026-05-25T12:53:09.1430000,455
2026-05-25T12:53:10.1830000,453
2026-05-25T12:53:11.2240000,461
2026-05-25T12:53:12.2650000,451
2026-05-25T12:53:13.3060000,463
2026-05-25T12:53:14.3460000,470
2026-05-25T12:53:15.3940000,456
2026-05-25T12:53:16.4350000,455
2026-05-25T12:53:17.4760000,447
2026-05-25T12:53:18.5270000,460
2026-05-25T12:53:19.5680000,445
2026-05-25T12:53:20.6090000,464
2026-05-25T12:53:21.6500000,463
2026-05-25T12:53:22.6900000,444
2026-05-25T12:53:23.7310000,437
2026-05-25T12:53:24.7820000,464
2026-05-25T12:53:25.8230000,456
2026-05-25T12:53:26.8640000,450
2026-05-25T12:53:27.9050000,456
2026-05-25T12:53:28.9450000,444
2026-05-25T12:53:29.9860000,453
2026-05-25T12:53:31.0370000,451
2026-05-25T12:53:32.0780000,455
2026-05-25T12:53:33.1190000,443
2026-05-25T12:53:34.1590000,449
2026-05-25T12:53:35.2000000,452
2026-05-25T12:53:36.2510000,435
2026-05-25T12:53:37.2920000,460
2026-05-25T12:53:38.3330000,448
2026-05-25T12:53:39.3740000,462
2026-05-25T12:53:40.4150000,443
2026-05-25T12:53:41.4550000,443
2026-05-25T12:53:42.5070000,444
2026-05-25T12:53:43.5470000,464
2026-05-25T12:53:44.5880000,440
2026-05-25T12:53:45.6290000,457
2026-05-25T12:53:46.6700000,460
2026-05-25T12:53:47.7100000,461
2026-05-25T12:53:48.7620000,454
2026-05-25T12:53:49.8030000,436
2026-05-25T12:53:50.8430000,459
2026-05-25T12:53:51.8840000,456
2026-05-25T12:53:52.9250000,466
2026-05-25T12:53:53.9760000,453
2026-05-25T12:53:55.0170000,453
2026-05-25T12:53:56.0580000,456
2026-05-25T12:53:57.0980000,458
2026-05-25T12:53:58.1410000,450
2026-05-25T12:53:59.1820000,448
2026-05-25T12:54:00.2230000,462
2026-05-25T12:54:01.2740000,450
2026-05-25T12:54:02.3150000,454
2026-05-25T12:54:03.3550000,454
2026-05-25T12:54:04.3960000,446
2026-05-25T12:54:05.4370000,456
2026-05-25T12:54:06.4780000,447
2026-05-25T12:54:07.5290000,445
2026-05-25T12:54:08.5700000,451
2026-05-25T12:54:09.6100000,446
2026-05-25T12:54:10.6480000,444
2026-05-25T12:54:11.6990000,458
2026-05-25T12:54:12.7400000,460
2026-05-25T12:54:13.7810000,456
2026-05-25T12:54:14.8210000,454
2026-05-25T12:54:15.8620000,433
2026-05-25T12:54:16.9030000,455
2026-05-25T12:54:17.9540000,447
2026-05-25T12:54:18.9950000,452
2026-05-25T12:54:20.0350000,456
2026-05-25T12:54:21.0760000,453
2026-05-25T12:54:22.1170000,446
2026-05-25T12:54:23.1580000,455
2026-05-25T12:54:24.2050000,458
2026-05-25T12:54:25.2460000,451
2026-05-25T12:54:26.2870000,451
2026-05-25T12:54:27.3380000,456
2026-05-25T12:54:28.3790000,465
2026-05-25T12:54:29.4190000,448
2026-05-25T12:54:30.4600000,456
2026-05-25T12:54:31.5010000,443
2026-05-25T12:54:32.5420000,452
2026-05-25T12:54:33.5930000,445
2026-05-25T12:54:34.6340000,467
2026-05-25T12:54:35.6740000,448
2026-05-25T12:54:36.7150000,465
2026-05-25T12:54:37.7560000,456
2026-05-25T12:54:38.8070000,449
2026-05-25T12:54:39.8480000,455
2026-05-25T12:54:40.8890000,453
2026-05-25T12:54:41.9290000,453
2026-05-25T12:54:42.9700000,452
2026-05-25T12:54:44.0110000,445
2026-05-25T12:54:45.0620000,450
2026-05-25T12:54:46.1030000,460
2026-05-25T12:54:47.1440000,449
2026-05-25T12:54:48.1850000,456
2026-05-25T12:54:49.2260000,442
2026-05-25T12:54:50.2660000,455
2026-05-25T12:54:51.3180000,458
2026-05-25T12:54:52.3580000,446
2026-05-25T12:54:53.3990000,459
2026-05-25T12:54:54.4400000,447
2026-05-25T12:54:55.4810000,453
2026-05-25T12:54:56.5220000,465
2026-05-25T12:54:57.5730000,439
2026-05-25T12:54:58.6140000,450
2026-05-25T12:54:59.6540000,440
2026-05-25T12:55:00.6950000,471
2026-05-25T12:55:01.7360000,441
2026-05-25T12:55:02.7870000,464
2026-05-25T12:55:03.8280000,433
2026-05-25T12:55:04.8690000,457
2026-05-25T12:55:05.9090000,464
2026-05-25T12:55:06.9500000,449
2026-05-25T12:55:07.9910000,434
2026-05-25T12:55:09.0420000,446
2026-05-25T12:55:10.0830000,454
2026-05-25T12:55:11.1240000,465
2026-05-25T12:55:12.1650000,448
2026-05-25T12:55:13.2050000,446
2026-05-25T12:55:14.2460000,453
2026-05-25T12:55:15.2970000,444
2026-05-25T12:55:16.3380000,453
2026-05-25T12:55:17.3790000,450
2026-05-25T12:55:18.4200000,466
2026-05-25T12:55:19.4600000,457
2026-05-25T12:55:20.5120000,452
2026-05-25T12:55:21.5520000,453
2026-05-25T12:55:22.5930000,446
2026-05-25T12:55:23.6340000,464
2026-05-25T12:55:24.6750000,467
2026-05-25T12:55:25.7160000,450
2026-05-25T12:55:26.7670000,465
2026-05-25T12:55:27.8070000,455
2026-05-25T12:55:28.8480000,455
2026-05-25T12:55:29.8890000,465
2026-05-25T12:55:30.9290000,469
2026-05-25T12:55:31.9810000,462
2026-05-25T12:55:33.0180000,463
2026-05-25T12:55:34.0590000,448
2026-05-25T12:55:35.0990000,462
2026-05-25T12:55:36.1510000,466
2026-05-25T12:55:37.1920000,470
2026-05-25T12:55:38.2320000,463
2026-05-25T12:55:39.2730000,466
2026-05-25T12:55:40.3140000,467
2026-05-25T12:55:41.3550000,452
2026-05-25T12:55:42.4060000,479
2026-05-25T12:55:43.4470000,470
2026-05-25T12:55:44.4870000,473
2026-05-25T12:55:45.5280000,470
2026-05-25T12:55:46.5690000,486
2026-05-25T12:55:47.6130000,465
2026-05-25T12:55:48.6540000,470
2026-05-25T12:55:49.7060000,474
2026-05-25T12:55:50.7460000,462
2026-05-25T12:55:51.7870000,475
2026-05-25T12:55:52.8280000,477
2026-05-25T12:55:53.8680000,468
2026-05-25T12:55:54.9090000,461
2026-05-25T12:55:55.9610000,481
2026-05-25T12:55:57.0010000,471
2026-05-25T12:55:58.0420000,492
2026-05-25T12:55:59.0830000,486
2026-05-25T12:56:00.1240000,472
2026-05-25T12:56:01.1650000,479
2026-05-25T12:56:02.2160000,481
2026-05-25T12:56:03.2570000,467
2026-05-25T12:56:04.2980000,461
2026-05-25T12:56:05.3380000,479
2026-05-25T12:56:06.3790000,476
2026-05-25T12:56:07.4200000,474
2026-05-25T12:56:08.4710000,482
2026-05-25T12:56:09.5120000,463
2026-05-25T12:56:10.5530000,480
2026-05-25T12:56:11.5930000,475
2026-05-25T12:56:12.6340000,483
2026-05-25T12:56:13.6750000,483
2026-05-25T12:56:14.7260000,471
2026-05-25T12:56:15.7670000,462
2026-05-25T12:56:16.8080000,469
2026-05-25T12:56:17.8480000,465
2026-05-25T12:56:18.8890000,475
2026-05-25T12:56:19.9400000,468
2026-05-25T12:56:20.9810000,464
2026-05-25T12:56:22.0220000,474
2026-05-25T12:56:23.0630000,470
2026-05-25T12:56:24.1030000,483
2026-05-25T12:56:25.1440000,476
2026-05-25T12:56:26.1960000,475
2026-05-25T12:56:27.2360000,467
2026-05-25T12:56:28.2800000,495
2026-05-25T12:56:29.3210000,475
2026-05-25T12:56:30.3620000,485
2026-05-25T12:56:31.4030000,478
2026-05-25T12:56:32.4440000,482
2026-05-25T12:56:33.4950000,476
2026-05-25T12:56:34.5360000,473
2026-05-25T12:56:35.5760000,473
2026-05-25T12:56:36.6170000,473
2026-05-25T12:56:37.6580000,478
2026-05-25T12:56:38.6990000,486
2026-05-25T12:56:39.7500000,481
2026-05-25T12:56:40.7910000,472
2026-05-25T12:56:41.8320000,486
2026-05-25T12:56:42.8760000,484
2026-05-25T12:56:43.9170000,465
2026-05-25T12:56:44.9570000,471
2026-05-25T12:56:45.9980000,482
2026-05-25T12:56:47.0390000,477
2026-05-25T12:56:48.0900000,478
2026-05-25T12:56:49.1310000,481
2026-05-25T12:56:50.1720000,489
2026-05-25T12:56:52.2530000,484
2026-05-25T12:56:53.3050000,486
2026-05-25T12:56:54.3450000,481
2026-05-25T12:56:55.3860000,485
2026-05-25T12:56:56.4310000,480
2026-05-25T12:56:57.4710000,471
2026-05-25T12:56:58.5120000,473
2026-05-25T12:56:59.5530000,464
2026-05-25T12:57:00.5940000,489
2026-05-25T12:57:01.6450000,473
2026-05-25T12:57:02.6850000,473
2026-05-25T12:57:03.7260000,474
2026-05-25T12:57:04.7670000,486
2026-05-25T12:57:05.8080000,464
2026-05-25T12:57:06.8590000,484
2026-05-25T12:57:07.9000000,477
2026-05-25T12:57:08.9410000,467
2026-05-25T12:57:09.9810000,476
2026-05-25T12:57:11.0220000,481
2026-05-25T12:57:12.0630000,456
2026-05-25T12:57:13.1140000,476
2026-05-25T12:57:14.1550000,483
2026-05-25T12:57:15.1960000,476
2026-05-25T12:57:16.2360000,481
2026-05-25T12:57:17.2770000,471
2026-05-25T12:57:18.3180000,476
2026-05-25T12:57:19.3690000,481
2026-05-25T12:57:20.4100000,486
2026-05-25T12:57:21.4510000,486
2026-05-25T12:57:22.4920000,480
2026-05-25T12:57:23.5360000,480
2026-05-25T12:57:24.5760000,478
2026-05-25T12:57:25.6170000,474
2026-05-25T12:57:26.6680000,480
2026-05-25T12:57:27.7090000,474
2026-05-25T12:57:28.7500000,463
2026-05-25T12:57:29.7910000,478
2026-05-25T12:57:30.8310000,466
2026-05-25T12:57:31.8720000,487
2026-05-25T12:57:32.9230000,489
2026-05-25T12:57:33.9640000,482
2026-05-25T12:57:35.0050000,471
2026-05-25T12:57:36.0460000,489
2026-05-25T12:57:37.0870000,486
2026-05-25T12:57:38.1310000,463
2026-05-25T12:57:39.1710000,480
2026-05-25T12:57:40.2230000,479
2026-05-25T12:57:41.2630000,477
2026-05-25T12:57:42.3040000,489
2026-05-25T12:57:43.3450000,480
2026-05-25T12:57:44.3860000,476
2026-05-25T12:57:45.4270000,476
2026-05-25T12:57:46.4780000,466
2026-05-25T12:57:47.5180000,490
2026-05-25T12:57:48.5600000,486
2026-05-25T12:57:49.6000000,477
2026-05-25T12:57:50.6410000,472
2026-05-25T12:57:51.6850000,475
2026-05-25T12:57:52.7260000,489
2026-05-25T12:57:53.7670000,480
2026-05-25T12:57:54.8180000,477
2026-05-25T12:57:55.8590000,485
2026-05-25T12:57:56.8990000,481
2026-05-25T12:57:57.9400000,481
2026-05-25T12:57:58.9810000,484
2026-05-25T12:58:00.0320000,473
2026-05-25T12:58:01.0730000,480
2026-05-25T12:58:02.1140000,483
2026-05-25T12:58:03.1550000,483
2026-05-25T12:58:04.1950000,485
2026-05-25T12:58:05.2400000,482
2026-05-25T12:58:06.2800000,478
2026-05-25T12:58:07.3210000,469
2026-05-25T12:58:08.3730000,474
2026-05-25T12:58:09.4130000,483
2026-05-25T12:58:10.4540000,480
2026-05-25T12:58:11.4950000,472
2026-05-25T12:58:12.5360000,475
2026-05-25T12:58:13.5870000,478
2026-05-25T12:58:14.6280000,474
2026-05-25T12:58:15.6680000,471
2026-05-25T12:58:16.7090000,477
2026-05-25T12:58:17.7500000,457
2026-05-25T12:58:18.7910000,475
2026-05-25T12:58:19.8350000,476
2026-05-25T12:58:20.8760000,480
2026-05-25T12:58:21.9270000,483
2026-05-25T12:58:22.9680000,483
2026-05-25T12:58:24.0090000,495
2026-05-25T12:58:25.0490000,467
2026-05-25T12:58:26.0900000,483
2026-05-25T12:58:27.1410000,477
2026-05-25T12:58:28.1820000,495
2026-05-25T12:58:29.2230000,487
2026-05-25T12:58:30.2640000,477
2026-05-25T12:58:31.3050000,473
2026-05-25T12:58:32.3450000,478
2026-05-25T12:58:33.3900000,478
2026-05-25T12:58:34.4300000,483
2026-05-25T12:58:35.4810000,465
2026-05-25T12:58:36.5220000,462
2026-05-25T12:58:37.5630000,472
2026-05-25T12:58:38.6040000,457
2026-05-25T12:58:39.6450000,462
2026-05-25T12:58:40.6850000,466
2026-05-25T12:58:41.7370000,466
2026-05-25T12:58:42.7780000,474
2026-05-25T12:58:43.8180000,448
2026-05-25T12:58:44.8590000,475
2026-05-25T12:58:45.9000000,456
2026-05-25T12:58:46.9510000,476
2026-05-25T12:58:47.9920000,479
2026-05-25T12:58:49.0330000,467
2026-05-25T12:58:50.0740000,469
2026-05-25T12:58:51.1140000,453
2026-05-25T12:58:52.1550000,480
2026-05-25T12:58:53.2070000,462
2026-05-25T12:58:54.2470000,482
2026-05-25T12:58:55.2880000,470
2026-05-25T12:58:56.3290000,452
2026-05-25T12:58:57.3700000,458
2026-05-25T12:58:58.4210000,467
2026-05-25T12:58:59.4620000,478
2026-05-25T12:59:00.5060000,461
2026-05-25T12:59:01.5460000,472
2026-05-25T12:59:02.5870000,462
2026-05-25T12:59:03.6280000,476
2026-05-25T12:59:04.6690000,466
2026-05-25T12:59:05.7090000,471
2026-05-25T12:59:06.7610000,467
2026-05-25T12:59:07.8010000,465
2026-05-25T12:59:08.8420000,474
2026-05-25T12:59:09.8830000,450
2026-05-25T12:59:10.9240000,463
2026-05-25T12:59:11.9750000,470
2026-05-25T12:59:13.0160000,464
2026-05-25T12:59:14.0570000,466
2026-05-25T12:59:15.0970000,468
2026-05-25T12:59:16.1380000,476
2026-05-25T12:59:17.1790000,456
2026-05-25T12:59:18.2300000,470
2026-05-25T12:59:19.2710000,458
2026-05-25T12:59:20.3120000,463
2026-05-25T12:59:21.3530000,469
2026-05-25T12:59:22.3930000,451
2026-05-25T12:59:23.4450000,461
2026-05-25T12:59:24.4850000,470
2026-05-25T12:59:25.5260000,468
2026-05-25T12:59:26.5670000,452
2026-05-25T12:59:27.6070000,452
2026-05-25T12:59:28.6520000,475
2026-05-25T12:59:29.6930000,465
2026-05-25T12:59:30.7330000,466
2026-05-25T12:59:31.7850000,473
2026-05-25T12:59:32.8250000,473
2026-05-25T12:59:33.8660000,476
2026-05-25T12:59:34.9070000,466
2026-05-25T12:59:35.9480000,456
2026-05-25T12:59:36.9890000,469
2026-05-25T12:59:38.0400000,464
2026-05-25T12:59:39.0810000,471
2026-05-25T12:59:40.1220000,461
2026-05-25T12:59:41.1620000,458
2026-05-25T12:59:42.2030000,449
2026-05-25T12:59:43.2540000,461
2026-05-25T12:59:44.2950000,469
2026-05-25T12:59:45.3360000,468
2026-05-25T12:59:46.3770000,442
2026-05-25T12:59:47.4170000,475
2026-05-25T12:59:48.4580000,482
2026-05-25T12:59:49.5090000,461
2026-05-25T12:59:50.5500000,472
2026-05-25T12:59:51.5910000,466
2026-05-25T12:59:52.6320000,450
2026-05-25T12:59:53.6720000,476
2026-05-25T12:59:54.7240000,468
2026-05-25T12:59:55.7640000,463
2026-05-25T12:59:56.8050000,461
2026-05-25T12:59:57.8460000,472
2026-05-25T12:59:58.8860000,470
2026-05-25T12:59:59.9380000,455
2026-05-25T13:00:00.9790000,473
2026-05-25T13:00:02.0190000,461
2026-05-25T13:00:03.0600000,464
2026-05-25T13:00:04.1010000,463
2026-05-25T13:00:05.1420000,465
2026-05-25T13:00:06.1930000,467
2026-05-25T13:00:07.2340000,472
2026-05-25T13:00:08.2750000,469
2026-05-25T13:00:09.3150000,468
2026-05-25T13:00:10.3560000,466
2026-05-25T13:00:11.3970000,468
2026-05-25T13:00:12.4480000,453
2026-05-25T13:00:13.4890000,479
2026-05-25T13:00:14.5290000,459
2026-05-25T13:00:15.5700000,474
2026-05-25T13:00:16.6110000,443
2026-05-25T13:00:17.6620000,456
2026-05-25T13:00:18.7030000,459
2026-05-25T13:00:19.7440000,459
2026-05-25T13:00:20.7850000,445
2026-05-25T13:00:21.8260000,456
2026-05-25T13:00:22.8670000,451
2026-05-25T13:00:23.9180000,454
2026-05-25T13:00:24.9590000,465
2026-05-25T13:00:26.0000000,453
2026-05-25T13:00:27.0400000,468
2026-05-25T13:00:28.0810000,459
2026-05-25T13:00:29.1220000,465
2026-05-25T13:00:30.1730000,469
2026-05-25T13:00:31.2140000,460
2026-05-25T13:00:32.2550000,454
2026-05-25T13:00:33.2960000,458
2026-05-25T13:00:34.3370000,460
2026-05-25T13:00:35.3880000,468
2026-05-25T13:00:36.4290000,469
2026-05-25T13:00:37.4690000,467
2026-05-25T13:00:38.5110000,463
2026-05-25T13:00:39.5510000,462
2026-05-25T13:00:40.5920000,475
2026-05-25T13:00:41.6440000,472
2026-05-25T13:00:42.6840000,463
2026-05-25T13:00:43.7250000,456
2026-05-25T13:00:44.7660000,473
2026-05-25T13:00:45.8070000,458
2026-05-25T13:00:46.8480000,464
2026-05-25T13:00:47.8990000,456
2026-05-25T13:00:48.9400000,463
2026-05-25T13:00:49.9800000,476
2026-05-25T13:00:51.0180000,442
2026-05-25T13:00:52.0690000,457
2026-05-25T13:00:53.1100000,456
2026-05-25T13:00:54.1510000,474
2026-05-25T13:00:55.1910000,470
2026-05-25T13:00:56.2320000,461
2026-05-25T13:00:57.2830000,475
2026-05-25T13:00:58.3240000,455
2026-05-25T13:00:59.3650000,456
2026-05-25T13:01:00.4060000,464
2026-05-25T13:01:01.4460000,470
2026-05-25T13:01:02.4870000,456
2026-05-25T13:01:03.5380000,454
2026-05-25T13:01:04.5790000,470
2026-05-25T13:01:05.6200000,466
2026-05-25T13:01:06.6610000,458
2026-05-25T13:01:07.7010000,463
2026-05-25T13:01:08.7420000,452
2026-05-25T13:01:09.7940000,463
2026-05-25T13:01:10.8340000,475
2026-05-25T13:01:11.8750000,460
2026-05-25T13:01:12.9160000,466
2026-05-25T13:01:13.9570000,458
2026-05-25T13:01:15.0080000,459
2026-05-25T13:01:16.0490000,469
2026-05-25T13:01:17.0900000,451
2026-05-25T13:01:18.1310000,463
2026-05-25T13:01:19.1710000,467
2026-05-25T13:01:20.2120000,477
2026-05-25T13:01:21.2630000,456
2026-05-25T13:01:22.3040000,449
2026-05-25T13:01:23.3450000,453
2026-05-25T13:01:24.3860000,467
2026-05-25T13:01:25.4260000,449
2026-05-25T13:01:26.4670000,458
2026-05-25T13:01:27.5180000,465
2026-05-25T13:01:28.5600000,459
2026-05-25T13:01:29.6010000,474
2026-05-25T13:01:30.6410000,445
2026-05-25T13:01:31.6820000,446
2026-05-25T13:01:32.7340000,452
2026-05-25T13:01:33.7740000,463
2026-05-25T13:01:34.8150000,468
2026-05-25T13:01:35.8560000,462
2026-05-25T13:01:36.8970000,474
2026-05-25T13:01:37.9380000,457
2026-05-25T13:01:38.9890000,464
2026-05-25T13:01:40.0300000,464
2026-05-25T13:01:41.0710000,465
2026-05-25T13:01:42.1120000,465
2026-05-25T13:01:43.1520000,456
2026-05-25T13:01:44.2030000,460
2026-05-25T13:01:45.2440000,465
2026-05-25T13:01:46.2850000,463
2026-05-25T13:01:47.3260000,464
2026-05-25T13:01:48.3660000,463
2026-05-25T13:01:49.4070000,467
2026-05-25T13:01:50.4580000,463
2026-05-25T13:01:51.4990000,454
2026-05-25T13:01:52.5400000,468
2026-05-25T13:01:53.5810000,451
2026-05-25T13:01:54.6220000,449
2026-05-25T13:01:55.6730000,465
2026-05-25T13:01:56.7140000,452
2026-05-25T13:01:57.7540000,474
2026-05-25T13:01:58.7950000,457
2026-05-25T13:01:59.8360000,473
2026-05-25T13:02:00.8770000,457
2026-05-25T13:02:01.9280000,469
2026-05-25T13:02:02.9690000,458
2026-05-25T13:02:04.0100000,453
2026-05-25T13:02:05.0510000,458
2026-05-25T13:02:06.0920000,457
2026-05-25T13:02:07.1320000,447
2026-05-25T13:02:08.1840000,449
2026-05-25T13:02:09.2240000,456
2026-05-25T13:02:10.2650000,453
2026-05-25T13:02:11.3060000,467
2026-05-25T13:02:12.3470000,467
2026-05-25T13:02:13.3980000,470
2026-05-25T13:02:14.4320000,459
2026-05-25T13:02:15.4830000,455
2026-05-25T13:02:16.5240000,452
2026-05-25T13:02:17.5640000,465
2026-05-25T13:02:18.6060000,466
2026-05-25T13:02:19.6460000,445
2026-05-25T13:02:20.6980000,458
2026-05-25T13:02:21.7380000,463
2026-05-25T13:02:22.7790000,456
2026-05-25T13:02:23.8200000,458
2026-05-25T13:02:24.8610000,468
2026-05-25T13:02:25.9020000,464
2026-05-25T13:02:26.9530000,452
2026-05-25T13:02:27.9940000,439
2026-05-25T13:02:29.0340000,462
2026-05-25T13:02:30.0750000,459
2026-05-25T13:02:31.1160000,461
2026-05-25T13:02:32.1670000,456
2026-05-25T13:02:33.2080000,445
2026-05-25T13:02:34.2490000,472
2026-05-25T13:02:35.2900000,451
2026-05-25T13:02:36.3300000,458
2026-05-25T13:02:37.3710000,463
2026-05-25T13:02:38.4230000,455
2026-05-25T13:02:39.4630000,463
2026-05-25T13:02:40.5040000,467
2026-05-25T13:02:41.5450000,446
2026-05-25T13:02:42.5860000,461
2026-05-25T13:02:43.6270000,467
2026-05-25T13:02:44.6780000,462
2026-05-25T13:02:45.7190000,456
2026-05-25T13:02:46.7590000,452
2026-05-25T13:02:47.8000000,458
2026-05-25T13:02:48.8410000,444
2026-05-25T13:02:49.8930000,452
2026-05-25T13:02:50.9330000,462
2026-05-25T13:02:51.9740000,447
2026-05-25T13:02:53.0150000,459
2026-05-25T13:02:54.0550000,440
2026-05-25T13:02:55.0960000,464
2026-05-25T13:02:56.1470000,456
2026-05-25T13:02:57.1880000,460
2026-05-25T13:02:58.2290000,456
2026-05-25T13:02:59.2690000,456
2026-05-25T13:03:00.3100000,467
2026-05-25T13:03:01.3620000,467
2026-05-25T13:03:02.4020000,468
2026-05-25T13:03:03.4430000,461
2026-05-25T13:03:04.4840000,455
2026-05-25T13:03:05.5250000,452
2026-05-25T13:03:06.5660000,458
2026-05-25T13:03:07.6170000,436
2026-05-25T13:03:08.6580000,460
2026-05-25T13:03:09.7020000,456
2026-05-25T13:03:10.7430000,452
2026-05-25T13:03:11.7840000,457
2026-05-25T13:03:12.8250000,453
2026-05-25T13:03:13.8660000,464
2026-05-25T13:03:14.9060000,467
2026-05-25T13:03:15.9580000,471
2026-05-25T13:03:16.9980000,458
2026-05-25T13:03:18.0390000,456
2026-05-25T13:03:19.0800000,454
2026-05-25T13:03:20.1200000,448
2026-05-25T13:03:21.1720000,465
2026-05-25T13:03:22.2120000,453
2026-05-25T13:03:23.2530000,445
2026-05-25T13:03:24.2940000,459
2026-05-25T13:03:25.3340000,454
2026-05-25T13:03:26.3860000,463
2026-05-25T13:03:27.4260000,456
2026-05-25T13:03:28.4670000,453
2026-05-25T13:03:29.5080000,460
2026-05-25T13:03:30.5490000,445
2026-05-25T13:03:31.5890000,453
2026-05-25T13:03:32.6410000,460
2026-05-25T13:03:33.6820000,466
2026-05-25T13:03:34.7220000,453
2026-05-25T13:03:35.7630000,451
2026-05-25T13:03:36.8080000,456
2026-05-25T13:03:37.8480000,448
2026-05-25T13:03:38.8900000,456
2026-05-25T13:03:39.9410000,465
2026-05-25T13:03:40.9820000,466
2026-05-25T13:03:43.0630000,456
2026-05-25T13:03:44.1040000,467
2026-05-25T13:03:45.1450000,456
2026-05-25T13:03:46.1960000,440
2026-05-25T13:03:47.2370000,471
2026-05-25T13:03:48.2780000,461
2026-05-25T13:03:49.3180000,453
2026-05-25T13:03:50.3590000,459
2026-05-25T13:03:51.4100000,461
2026-05-25T13:03:52.4510000,462
2026-05-25T13:03:53.4920000,463
2026-05-25T13:03:54.5330000,456
2026-05-25T13:03:55.5740000,454
2026-05-25T13:03:56.6250000,450
2026-05-25T13:03:57.6660000,446
2026-05-25T13:03:58.7070000,451
2026-05-25T13:03:59.7470000,463
2026-05-25T13:04:00.7880000,451
2026-05-25T13:04:01.8290000,460
2026-05-25T13:04:02.8800000,454
2026-05-25T13:04:03.9210000,452
2026-05-25T13:04:04.9650000,448
2026-05-25T13:04:06.0060000,468
2026-05-25T13:04:07.0470000,452
2026-05-25T13:04:08.0880000,461
2026-05-25T13:04:09.1280000,465
2026-05-25T13:04:10.1800000,466
2026-05-25T13:04:11.2200000,462
2026-05-25T13:04:12.2610000,464
2026-05-25T13:04:13.3020000,444
2026-05-25T13:04:14.3430000,456
2026-05-25T13:04:15.3940000,467
2026-05-25T13:04:16.4350000,464
2026-05-25T13:04:17.4750000,446
2026-05-25T13:04:18.5160000,458
2026-05-25T13:04:19.5570000,464
2026-05-25T13:04:20.5980000,470
2026-05-25T13:04:21.6490000,462
2026-05-25T13:04:22.6900000,457
2026-05-25T13:04:23.7310000,457
2026-05-25T13:04:24.7710000,459
2026-05-25T13:04:25.8120000,454
2026-05-25T13:04:26.8640000,461
2026-05-25T13:04:27.9040000,456
2026-05-25T13:04:28.9450000,459
2026-05-25T13:04:29.9860000,462
2026-05-25T13:04:31.0270000,460
2026-05-25T13:04:32.0780000,460
2026-05-25T13:04:33.1190000,440
2026-05-25T13:04:34.1590000,467
2026-05-25T13:04:35.2000000,460
2026-05-25T13:04:36.2410000,438
2026-05-25T13:04:37.2820000,446
2026-05-25T13:04:38.3330000,460
2026-05-25T13:04:39.3740000,471
2026-05-25T13:04:40.4150000,463
2026-05-25T13:04:41.4560000,457
2026-05-25T13:04:42.4960000,453
2026-05-25T13:04:43.5480000,459
2026-05-25T13:04:44.5880000,454
2026-05-25T13:04:45.6290000,462
2026-05-25T13:04:46.6700000,455
2026-05-25T13:04:47.7110000,448
2026-05-25T13:04:48.7520000,454
2026-05-25T13:04:49.8030000,456
2026-05-25T13:04:50.8440000,462
2026-05-25T13:04:51.8850000,464
2026-05-25T13:04:52.9250000,463
2026-05-25T13:04:53.9660000,456
2026-05-25T13:04:55.0170000,460
2026-05-25T13:04:56.0580000,465
2026-05-25T13:04:57.0990000,451
2026-05-25T13:04:58.1400000,450
2026-05-25T13:04:59.1800000,448
2026-05-25T13:05:00.2250000,462
2026-05-25T13:05:01.2650000,466
2026-05-25T13:05:02.3170000,456
2026-05-25T13:05:03.3570000,452
2026-05-25T13:05:04.3980000,462
2026-05-25T13:05:05.4390000,466
2026-05-25T13:05:06.4800000,460
2026-05-25T13:05:07.5310000,456
2026-05-25T13:05:08.5720000,458
2026-05-25T13:05:09.6130000,454
2026-05-25T13:05:10.6540000,454
2026-05-25T13:05:11.6940000,461
2026-05-25T13:05:12.7460000,459
2026-05-25T13:05:13.7870000,458
2026-05-25T13:05:14.8270000,454
2026-05-25T13:05:15.8680000,463
2026-05-25T13:05:16.9090000,460
2026-05-25T13:05:17.9500000,442
2026-05-25T13:05:19.0010000,455
2026-05-25T13:05:20.0420000,469
2026-05-25T13:05:21.0830000,452
2026-05-25T13:05:22.1230000,466
2026-05-25T13:05:23.1640000,459
2026-05-25T13:05:24.2160000,456
2026-05-25T13:05:25.2560000,456
2026-05-25T13:05:26.2970000,446
2026-05-25T13:05:27.3380000,462
2026-05-25T13:05:28.3790000,456
2026-05-25T13:05:29.4300000,459
2026-05-25T13:05:30.4710000,453
2026-05-25T13:05:31.5120000,475
2026-05-25T13:05:32.5520000,448
2026-05-25T13:05:33.5930000,456
2026-05-25T13:05:34.6340000,459
2026-05-25T13:05:35.6850000,456
2026-05-25T13:05:36.7260000,460
2026-05-25T13:05:37.7670000,464
2026-05-25T13:05:38.8080000,449
2026-05-25T13:05:39.8490000,450
2026-05-25T13:05:40.9000000,465
2026-05-25T13:05:41.9410000,450
2026-05-25T13:05:42.9820000,473
2026-05-25T13:05:44.0220000,455
2026-05-25T13:05:45.0630000,445
2026-05-25T13:05:46.1150000,462
2026-05-25T13:05:47.1550000,442
2026-05-25T13:05:48.1960000,442
2026-05-25T13:05:49.2370000,460
2026-05-25T13:05:50.2780000,465
2026-05-25T13:05:51.3180000,453
2026-05-25T13:05:52.3700000,456
2026-05-25T13:05:53.4100000,456
2026-05-25T13:05:54.4550000,461
2026-05-25T13:05:55.4950000,459
2026-05-25T13:05:56.5360000,446
2026-05-25T13:05:57.5770000,454
2026-05-25T13:05:58.6180000,459
2026-05-25T13:05:59.6690000,441
2026-05-25T13:06:00.7100000,452
2026-05-25T13:06:01.7510000,462
2026-05-25T13:06:02.7920000,460
2026-05-25T13:06:03.8320000,462
2026-05-25T13:06:04.8840000,467
2026-05-25T13:06:05.9240000,455
2026-05-25T13:06:06.9650000,454
2026-05-25T13:06:08.0060000,455
2026-05-25T13:06:09.0470000,458
2026-05-25T13:06:10.0980000,441
2026-05-25T13:06:11.1390000,456
2026-05-25T13:06:12.1800000,455
2026-05-25T13:06:13.2210000,460
2026-05-25T13:06:14.2620000,460
2026-05-25T13:06:15.3020000,456
2026-05-25T13:06:16.3540000,461
2026-05-25T13:06:17.3940000,462
2026-05-25T13:06:18.4350000,457
2026-05-25T13:06:19.4760000,468
2026-05-25T13:06:20.5170000,473
2026-05-25T13:06:21.5580000,445
2026-05-25T13:06:22.6090000,455
2026-05-25T13:06:23.6500000,450
2026-05-25T13:06:24.6910000,450
2026-05-25T13:06:25.7310000,438
2026-05-25T13:06:26.7720000,461
2026-05-25T13:06:27.8230000,446
2026-05-25T13:06:28.8640000,455
2026-05-25T13:06:29.9050000,460
2026-05-25T13:06:30.9460000,464
2026-05-25T13:06:31.9870000,468
2026-05-25T13:06:33.0270000,461
2026-05-25T13:06:34.0790000,458
2026-05-25T13:06:35.1190000,442
2026-05-25T13:06:36.1640000,447
2026-05-25T13:06:37.2050000,446
2026-05-25T13:06:38.2450000,446
2026-05-25T13:06:39.2860000,466
2026-05-25T13:06:40.3270000,446
2026-05-25T13:06:41.3780000,453
2026-05-25T13:06:42.4190000,460
2026-05-25T13:06:43.4600000,451
2026-05-25T13:06:44.5010000,476
2026-05-25T13:06:45.5410000,446
2026-05-25T13:06:46.5820000,452
2026-05-25T13:06:47.6330000,461
2026-05-25T13:06:48.6740000,440
2026-05-25T13:06:49.7150000,460
2026-05-25T13:06:50.7560000,451
2026-05-25T13:06:51.7960000,427
2026-05-25T13:06:52.8480000,448
2026-05-25T13:06:53.8880000,440
2026-05-25T13:06:54.9290000,460
2026-05-25T13:06:55.9700000,442
2026-05-25T13:06:57.0110000,468
2026-05-25T13:06:58.0510000,443
2026-05-25T13:06:59.1030000,458
2026-05-25T13:07:00.1440000,459
2026-05-25T13:07:01.1850000,446
2026-05-25T13:07:02.2250000,458
2026-05-25T13:07:03.2660000,464
2026-05-25T13:07:04.3140000,461
2026-05-25T13:07:05.3550000,449
2026-05-25T13:07:06.3960000,446
2026-05-25T13:07:07.4360000,462
2026-05-25T13:07:08.4880000,458
2026-05-25T13:07:09.5280000,463
2026-05-25T13:07:10.5690000,451
2026-05-25T13:07:11.6100000,464
2026-05-25T13:07:12.6510000,449
2026-05-25T13:07:13.7020000,464
2026-05-25T13:07:14.7430000,446
2026-05-25T13:07:16.8240000,445
2026-05-25T13:07:17.8650000,455
2026-05-25T13:07:18.9060000,462
2026-05-25T13:07:19.9580000,463
2026-05-25T13:07:20.9980000,453
2026-05-25T13:07:22.0390000,459
2026-05-25T13:07:23.0800000,470
2026-05-25T13:07:24.1210000,456
2026-05-25T13:07:25.1620000,454
2026-05-25T13:07:26.2130000,459
2026-05-25T13:07:27.2540000,461
2026-05-25T13:07:28.2950000,461
2026-05-25T13:07:30.3760000,453
2026-05-25T13:07:31.4280000,457
2026-05-25T13:07:32.4680000,459
2026-05-25T13:07:33.5090000,447
2026-05-25T13:07:34.5500000,467
2026-05-25T13:07:35.5910000,450
2026-05-25T13:07:36.6320000,461
2026-05-25T13:07:37.6830000,462
2026-05-25T13:07:38.7240000,460
2026-05-25T13:07:39.7640000,452
2026-05-25T13:07:40.8050000,442
2026-05-25T13:07:41.8460000,449
2026-05-25T13:07:42.8970000,451
2026-05-25T13:07:43.9380000,462
2026-05-25T13:07:44.9790000,462
2026-05-25T13:07:46.0200000,455
2026-05-25T13:07:47.0610000,462
2026-05-25T13:07:48.1010000,461
2026-05-25T13:07:49.1530000,459
2026-05-25T13:07:50.1940000,467
2026-05-25T13:07:51.2340000,466
2026-05-25T13:07:52.2750000,467
2026-05-25T13:07:53.3160000,449
2026-05-25T13:07:54.3670000,460
2026-05-25T13:07:55.4080000,459
2026-05-25T13:07:56.4490000,456
2026-05-25T13:07:57.4900000,466
2026-05-25T13:07:58.5310000,465
2026-05-25T13:07:59.5750000,453
2026-05-25T13:08:00.6160000,459
2026-05-25T13:08:01.6670000,455
2026-05-25T13:08:02.7070000,460
2026-05-25T13:08:03.7480000,465
2026-05-25T13:08:04.7890000,459
2026-05-25T13:08:05.8300000,466
2026-05-25T13:08:06.8710000,465
2026-05-25T13:08:07.9220000,470
2026-05-25T13:08:08.9630000,460
2026-05-25T13:08:10.0040000,454
2026-05-25T13:08:11.0450000,471
2026-05-25T13:08:12.0860000,454
2026-05-25T13:08:13.1300000,466
2026-05-25T13:08:14.1710000,455
2026-05-25T13:08:15.2220000,472
2026-05-25T13:08:16.2630000,466
2026-05-25T13:08:17.3040000,472
2026-05-25T13:08:18.3450000,466
2026-05-25T13:08:19.3850000,472
2026-05-25T13:08:20.4260000,467
2026-05-25T13:08:21.4770000,462
2026-05-25T13:08:22.5180000,461
2026-05-25T13:08:23.5590000,472
2026-05-25T13:08:24.5990000,474
2026-05-25T13:08:25.6400000,472
2026-05-25T13:08:26.6840000,457
2026-05-25T13:08:27.7250000,469
2026-05-25T13:08:28.7760000,460
2026-05-25T13:08:29.8170000,474
2026-05-25T13:08:30.8580000,467
2026-05-25T13:08:31.8990000,468
2026-05-25T13:08:32.9400000,473
2026-05-25T13:08:33.9910000,479
2026-05-25T13:08:35.0320000,463
2026-05-25T13:08:36.0720000,473
2026-05-25T13:08:37.1130000,477
2026-05-25T13:08:38.1540000,474
2026-05-25T13:08:39.1950000,475
2026-05-25T13:08:40.2470000,473
2026-05-25T13:08:41.2870000,479
2026-05-25T13:08:42.3280000,473
2026-05-25T13:08:43.3690000,456
2026-05-25T13:08:44.4100000,470
2026-05-25T13:08:45.4510000,462
2026-05-25T13:08:46.5020000,467
2026-05-25T13:08:47.5430000,476
2026-05-25T13:08:48.5830000,462
2026-05-25T13:08:49.6240000,477
2026-05-25T13:08:50.6650000,467
2026-05-25T13:08:51.7160000,482
2026-05-25T13:08:52.7570000,479
2026-05-25T13:08:53.7970000,474
2026-05-25T13:08:54.8350000,485
2026-05-25T13:08:55.8860000,478
2026-05-25T13:08:56.9270000,483
2026-05-25T13:08:57.9680000,484
2026-05-25T13:08:59.0090000,489
2026-05-25T13:09:00.0500000,487
2026-05-25T13:09:01.1010000,482
2026-05-25T13:09:02.1420000,483
2026-05-25T13:09:03.1830000,481
2026-05-25T13:09:04.2230000,489
2026-05-25T13:09:05.2640000,480
2026-05-25T13:09:06.3050000,475
2026-05-25T13:09:07.3560000,476
2026-05-25T13:09:08.3970000,472
2026-05-25T13:09:09.4380000,470
2026-05-25T13:09:10.4790000,481
2026-05-25T13:09:11.5190000,472
2026-05-25T13:09:12.5700000,483
2026-05-25T13:09:13.6110000,485
2026-05-25T13:09:14.6520000,484
2026-05-25T13:09:15.6930000,473
2026-05-25T13:09:16.7330000,473
2026-05-25T13:09:17.7740000,484
2026-05-25T13:09:18.8250000,473
2026-05-25T13:09:19.8660000,460
2026-05-25T13:09:20.9070000,478
2026-05-25T13:09:21.9510000,484
2026-05-25T13:09:22.9920000,482
2026-05-25T13:09:24.0330000,476
2026-05-25T13:09:25.0740000,466
2026-05-25T13:09:26.1250000,480
2026-05-25T13:09:27.1660000,464
2026-05-25T13:09:28.2060000,468
2026-05-25T13:09:29.2470000,459
2026-05-25T13:09:30.2880000,473
2026-05-25T13:09:31.3290000,482
2026-05-25T13:09:32.3800000,459
2026-05-25T13:09:33.4210000,487
2026-05-25T13:09:34.4620000,481
2026-05-25T13:09:35.5020000,467
2026-05-25T13:09:36.5470000,476
2026-05-25T13:09:37.5870000,487
2026-05-25T13:09:38.6280000,468
2026-05-25T13:09:39.6790000,474
2026-05-25T13:09:40.7200000,475
2026-05-25T13:09:41.7610000,467
2026-05-25T13:09:42.8020000,474
2026-05-25T13:09:43.8430000,474
2026-05-25T13:09:44.8940000,462
2026-05-25T13:09:45.9350000,464
2026-05-25T13:09:46.9760000,494
2026-05-25T13:09:48.0170000,474
2026-05-25T13:09:49.0570000,472
2026-05-25T13:09:50.1090000,483
2026-05-25T13:09:51.1490000,482
2026-05-25T13:09:52.1900000,481
2026-05-25T13:09:53.2310000,469
2026-05-25T13:09:54.2720000,470
2026-05-25T13:09:55.3130000,475
2026-05-25T13:09:56.3640000,473
2026-05-25T13:09:57.4050000,472
2026-05-25T13:09:58.4450000,463
2026-05-25T13:09:59.4860000,470
2026-05-25T13:10:00.5270000,465
2026-05-25T13:10:01.5780000,470
2026-05-25T13:10:02.6190000,473
2026-05-25T13:10:03.6590000,471
2026-05-25T13:10:04.7000000,480
2026-05-25T13:10:05.7410000,470
2026-05-25T13:10:06.7820000,472
2026-05-25T13:10:07.8330000,465
2026-05-25T13:10:08.8750000,466
2026-05-25T13:10:09.9150000,471
2026-05-25T13:10:10.9560000,480
2026-05-25T13:10:11.9970000,474
2026-05-25T13:10:13.0380000,494
2026-05-25T13:10:14.0890000,458
2026-05-25T13:10:15.1300000,471
2026-05-25T13:10:16.1710000,473
2026-05-25T13:10:17.2120000,477
2026-05-25T13:10:18.2520000,472
2026-05-25T13:10:19.2930000,480
2026-05-25T13:10:20.3450000,465
2026-05-25T13:10:21.3850000,479
2026-05-25T13:10:22.4260000,464
2026-05-25T13:10:23.4670000,465
2026-05-25T13:10:24.5080000,474
2026-05-25T13:10:25.5590000,472
2026-05-25T13:10:26.6000000,459
2026-05-25T13:10:27.6400000,463
2026-05-25T13:10:28.6810000,470
2026-05-25T13:10:29.7220000,472
2026-05-25T13:10:30.7630000,483
2026-05-25T13:10:31.8070000,473
2026-05-25T13:10:32.8480000,459
2026-05-25T13:10:33.8990000,469
2026-05-25T13:10:34.9400000,458
2026-05-25T13:10:35.9810000,468
2026-05-25T13:10:37.0220000,472
2026-05-25T13:10:38.0620000,479
2026-05-25T13:10:39.1030000,466
2026-05-25T13:10:40.1540000,485
2026-05-25T13:10:41.1950000,466
2026-05-25T13:10:42.2360000,466
2026-05-25T13:10:43.2770000,470
2026-05-25T13:10:44.3180000,461
2026-05-25T13:10:45.3620000,459
2026-05-25T13:10:46.4030000,462
2026-05-25T13:10:47.4540000,477
2026-05-25T13:10:48.4950000,480
2026-05-25T13:10:49.5350000,458
2026-05-25T13:10:50.5760000,459
2026-05-25T13:10:51.6170000,480
2026-05-25T13:10:52.6580000,468
2026-05-25T13:10:53.7090000,474
2026-05-25T13:10:54.7500000,480
2026-05-25T13:10:55.7910000,466
2026-05-25T13:10:56.8320000,463
2026-05-25T13:10:57.8730000,472
2026-05-25T13:10:58.9140000,478
2026-05-25T13:10:59.9650000,458
2026-05-25T13:11:01.0060000,476
2026-05-25T13:11:02.0460000,465
2026-05-25T13:11:03.0870000,463
2026-05-25T13:11:04.1280000,468
2026-05-25T13:11:05.1690000,473
2026-05-25T13:11:06.2200000,461
2026-05-25T13:11:07.2610000,474
2026-05-25T13:11:08.3020000,461
2026-05-25T13:11:09.3420000,460
2026-05-25T13:11:10.3830000,459
2026-05-25T13:11:11.4340000,461
2026-05-25T13:11:12.4680000,450
2026-05-25T13:11:13.5190000,464
2026-05-25T13:11:14.5600000,459
2026-05-25T13:11:15.6010000,467
2026-05-25T13:11:16.6410000,465
2026-05-25T13:11:17.6820000,463
2026-05-25T13:11:18.7340000,462
2026-05-25T13:11:19.7740000,463
2026-05-25T13:11:20.8150000,463
2026-05-25T13:11:21.8560000,476
2026-05-25T13:11:22.8970000,469
2026-05-25T13:11:23.9380000,468
2026-05-25T13:11:24.9890000,462
2026-05-25T13:11:26.0300000,490
2026-05-25T13:11:27.0740000,467
2026-05-25T13:11:28.1150000,452
2026-05-25T13:11:29.1560000,454
2026-05-25T13:11:30.1960000,464
2026-05-25T13:11:31.2370000,462
2026-05-25T13:11:32.2880000,452
2026-05-25T13:11:33.3290000,471
2026-05-25T13:11:34.3700000,470
2026-05-25T13:11:35.4100000,444
2026-05-25T13:11:36.4510000,481
2026-05-25T13:11:37.4920000,468
2026-05-25T13:11:38.5430000,460
2026-05-25T13:11:39.5840000,476
2026-05-25T13:11:40.6250000,472
2026-05-25T13:11:41.6650000,466
2026-05-25T13:11:42.7060000,466
2026-05-25T13:11:43.7470000,472
2026-05-25T13:11:44.7980000,461
2026-05-25T13:11:45.8390000,456
2026-05-25T13:11:46.8800000,469
2026-05-25T13:11:47.9210000,460
2026-05-25T13:11:48.9610000,457
2026-05-25T13:11:50.0130000,456
2026-05-25T13:11:51.0530000,449
2026-05-25T13:11:52.0940000,474
2026-05-25T13:11:53.1350000,470
2026-05-25T13:11:54.1760000,475
2026-05-25T13:11:55.2160000,470
2026-05-25T13:11:56.2680000,455
2026-05-25T13:11:57.3080000,468
2026-05-25T13:11:58.3490000,463
2026-05-25T13:11:59.3900000,454
2026-05-25T13:12:00.4310000,462
2026-05-25T13:12:01.4720000,458
2026-05-25T13:12:02.5230000,456
2026-05-25T13:12:03.5640000,462
2026-05-25T13:12:04.6050000,469
2026-05-25T13:12:05.6450000,466
2026-05-25T13:12:06.6860000,454
2026-05-25T13:12:07.7380000,484
2026-05-25T13:12:08.7780000,458
2026-05-25T13:12:09.8190000,462
2026-05-25T13:12:10.8600000,462
2026-05-25T13:12:11.9010000,470
2026-05-25T13:12:12.9410000,467
2026-05-25T13:12:13.9930000,469
2026-05-25T13:12:15.0330000,476
2026-05-25T13:12:16.0740000,476
2026-05-25T13:12:17.1150000,456
2026-05-25T13:12:18.1560000,470
2026-05-25T13:12:19.1970000,465
2026-05-25T13:12:20.2480000,467
2026-05-25T13:12:21.2890000,462
2026-05-25T13:12:22.3330000,462
2026-05-25T13:12:23.3740000,477
2026-05-25T13:12:24.4150000,476
2026-05-25T13:12:25.4560000,475
2026-05-25T13:12:26.4960000,463
2026-05-25T13:12:27.5370000,464
2026-05-25T13:12:28.5880000,470
2026-05-25T13:12:29.6290000,462
2026-05-25T13:12:30.6700000,458
2026-05-25T13:12:31.7110000,461
2026-05-25T13:12:32.7520000,466
2026-05-25T13:12:33.7920000,473
2026-05-25T13:12:34.8440000,460
2026-05-25T13:12:35.8840000,477
2026-05-25T13:12:36.9250000,464
2026-05-25T13:12:37.9660000,459
2026-05-25T13:12:39.0080000,474
2026-05-25T13:12:40.0480000,470
2026-05-25T13:12:41.1000000,442
2026-05-25T13:12:42.1400000,456
2026-05-25T13:12:43.1810000,472
2026-05-25T13:12:44.2220000,475
2026-05-25T13:12:45.2630000,472
2026-05-25T13:12:46.3140000,450
2026-05-25T13:12:47.3550000,458
2026-05-25T13:12:48.3960000,461
2026-05-25T13:12:49.4370000,476
2026-05-25T13:12:50.4770000,459
2026-05-25T13:12:51.5180000,460
2026-05-25T13:12:52.5700000,454
2026-05-25T13:12:53.6100000,451
2026-05-25T13:12:54.6510000,460
2026-05-25T13:12:55.6920000,449
2026-05-25T13:12:56.7330000,447
2026-05-25T13:12:57.7730000,453
2026-05-25T13:12:58.8250000,463
2026-05-25T13:12:59.8650000,446
2026-05-25T13:13:00.9060000,466
2026-05-25T13:13:01.9470000,464
2026-05-25T13:13:02.9880000,460
2026-05-25T13:13:04.0390000,454
2026-05-25T13:13:05.0800000,476
2026-05-25T13:13:06.1200000,465
2026-05-25T13:13:07.1610000,475
2026-05-25T13:13:08.2020000,464
2026-05-25T13:13:09.2430000,467
2026-05-25T13:13:10.2940000,461
2026-05-25T13:13:11.3350000,453
2026-05-25T13:13:12.3760000,462
2026-05-25T13:13:13.4160000,453
2026-05-25T13:13:14.4570000,452
2026-05-25T13:13:15.4980000,453
2026-05-25T13:13:16.5490000,452
2026-05-25T13:13:17.5830000,453
2026-05-25T13:13:18.6340000,463
2026-05-25T13:13:19.6750000,450
2026-05-25T13:13:20.7160000,458
2026-05-25T13:13:21.7570000,448
2026-05-25T13:13:22.7970000,456
2026-05-25T13:13:23.8490000,458
2026-05-25T13:13:24.8890000,455
2026-05-25T13:13:25.9300000,460
2026-05-25T13:13:26.9710000,470
2026-05-25T13:13:28.0120000,468
2026-05-25T13:13:29.0530000,480
2026-05-25T13:13:30.1040000,464
2026-05-25T13:13:31.1450000,455
2026-05-25T13:13:32.1860000,469
2026-05-25T13:13:33.2260000,455
2026-05-25T13:13:34.2670000,453
2026-05-25T13:13:35.3180000,447
2026-05-25T13:13:36.3590000,453
2026-05-25T13:13:37.4000000,458
2026-05-25T13:13:38.4410000,446
2026-05-25T13:13:39.4830000,450
2026-05-25T13:13:40.5240000,450
2026-05-25T13:13:41.5650000,457
2026-05-25T13:13:42.6160000,455
2026-05-25T13:13:43.6570000,450
2026-05-25T13:13:44.6940000,457
2026-05-25T13:13:45.7450000,462
2026-05-25T13:13:46.7860000,449
2026-05-25T13:13:47.8270000,463
2026-05-25T13:13:48.8670000,450
2026-05-25T13:13:49.9080000,455
2026-05-25T13:13:50.9490000,453
2026-05-25T13:13:52.0000000,451
2026-05-25T13:13:53.0410000,447
2026-05-25T13:13:54.0820000,467
2026-05-25T13:13:55.1230000,452
2026-05-25T13:13:56.1640000,455
2026-05-25T13:13:57.2040000,476
2026-05-25T13:13:58.2490000,453
2026-05-25T13:13:59.2900000,445
2026-05-25T13:14:00.3410000,445
2026-05-25T13:14:01.3820000,450
2026-05-25T13:14:02.4230000,451
2026-05-25T13:14:03.4630000,447
2026-05-25T13:14:04.5040000,459
2026-05-25T13:14:05.5450000,442
2026-05-25T13:14:06.5960000,449
2026-05-25T13:14:07.6370000,453
2026-05-25T13:14:08.6770000,454
2026-05-25T13:14:09.7180000,463
2026-05-25T13:14:10.7590000,453
2026-05-25T13:14:11.8000000,454
2026-05-25T13:14:12.8440000,473
2026-05-25T13:14:13.8950000,449
2026-05-25T13:14:14.9360000,449
2026-05-25T13:14:15.9770000,461
2026-05-25T13:14:17.0180000,459
2026-05-25T13:14:18.0580000,450
2026-05-25T13:14:19.0990000,459
2026-05-25T13:14:20.1500000,454
2026-05-25T13:14:21.1910000,448
2026-05-25T13:14:22.2320000,456
2026-05-25T13:14:23.2730000,462
2026-05-25T13:14:24.3130000,452
2026-05-25T13:14:25.3650000,460
2026-05-25T13:14:26.4050000,462
2026-05-25T13:14:27.4460000,448
2026-05-25T13:14:28.4870000,469
2026-05-25T13:14:29.5280000,461
2026-05-25T13:14:30.5680000,444
2026-05-25T13:14:31.6200000,447
2026-05-25T13:14:32.6610000,457
2026-05-25T13:14:33.7010000,435
2026-05-25T13:14:34.7420000,452
2026-05-25T13:14:35.7830000,453
2026-05-25T13:14:36.8340000,459
2026-05-25T13:14:37.8750000,453
2026-05-25T13:14:38.9160000,459
2026-05-25T13:14:39.9600000,455
2026-05-25T13:14:41.0010000,447
2026-05-25T13:14:42.0410000,456
2026-05-25T13:14:43.0820000,440
2026-05-25T13:14:44.1230000,451
2026-05-25T13:14:45.1740000,448
2026-05-25T13:14:46.2150000,459
2026-05-25T13:14:47.2550000,459
2026-05-25T13:14:48.2960000,438
2026-05-25T13:14:49.3370000,463
2026-05-25T13:14:50.3880000,457
2026-05-25T13:14:51.4290000,452
2026-05-25T13:14:52.4700000,451
2026-05-25T13:14:53.5110000,442
2026-05-25T13:14:54.5510000,455
2026-05-25T13:14:55.5920000,456
2026-05-25T13:14:56.6430000,462
2026-05-25T13:14:57.6840000,451
2026-05-25T13:14:58.7250000,463
2026-05-25T13:14:59.7660000,468
2026-05-25T13:15:00.8060000,443
2026-05-25T13:15:01.8580000,456
2026-05-25T13:15:02.8980000,445
2026-05-25T13:15:03.9390000,455
2026-05-25T13:15:04.9800000,460
2026-05-25T13:15:06.0200000,469
2026-05-25T13:15:07.0720000,458
2026-05-25T13:15:08.1050000,449
2026-05-25T13:15:09.1570000,452
2026-05-25T13:15:10.1980000,458
2026-05-25T13:15:11.2390000,458
2026-05-25T13:15:12.2790000,450
2026-05-25T13:15:13.3200000,449
2026-05-25T13:15:14.3610000,456
2026-05-25T13:15:15.4120000,469
2026-05-25T13:15:16.4530000,452
2026-05-25T13:15:17.4940000,439
2026-05-25T13:15:18.5340000,463
2026-05-25T13:15:19.5750000,447
2026-05-25T13:15:20.6160000,458
2026-05-25T13:15:21.6670000,446
2026-05-25T13:15:22.7080000,455
2026-05-25T13:15:23.7490000,455
2026-05-25T13:15:24.7900000,447
2026-05-25T13:15:25.8300000,460
2026-05-25T13:15:26.8820000,457
2026-05-25T13:15:27.9220000,458
2026-05-25T13:15:28.9630000,458
2026-05-25T13:15:30.0040000,450
2026-05-25T13:15:31.0440000,456
2026-05-25T13:15:32.0950000,462
2026-05-25T13:15:33.1360000,459
2026-05-25T13:15:34.1770000,455
2026-05-25T13:15:35.2180000,449
2026-05-25T13:15:36.2580000,458
2026-05-25T13:15:37.2990000,445
2026-05-25T13:15:38.3500000,444
2026-05-25T13:15:39.3910000,459
2026-05-25T13:15:40.4320000,461
2026-05-25T13:15:41.4730000,465
2026-05-25T13:15:42.5130000,448
2026-05-25T13:15:43.5540000,462
2026-05-25T13:15:44.6050000,457
2026-05-25T13:15:45.6460000,471
2026-05-25T13:15:46.6870000,449
2026-05-25T13:15:47.7280000,53447
2026-05-25T13:15:48.7690000,453
2026-05-25T13:15:49.8200000,461
2026-05-25T13:15:50.8600000,442
2026-05-25T13:15:51.9010000,466
2026-05-25T13:15:52.9420000,468
2026-05-25T13:15:53.9830000,449
2026-05-25T13:15:55.0230000,458
2026-05-25T13:15:56.0750000,469
2026-05-25T13:15:57.1150000,459
2026-05-25T13:15:58.1560000,444
2026-05-25T13:15:59.1970000,457
2026-05-25T13:16:00.2380000,451
2026-05-25T13:16:01.2890000,463
2026-05-25T13:16:02.3300000,461
2026-05-25T13:16:03.3740000,461
2026-05-25T13:16:04.4150000,460
2026-05-25T13:16:05.4550000,462
2026-05-25T13:16:06.4960000,456
2026-05-25T13:16:07.5370000,465
2026-05-25T13:16:08.5780000,450
2026-05-25T13:16:09.6290000,458
2026-05-25T13:16:10.6700000,466
2026-05-25T13:16:11.7100000,454
2026-05-25T13:16:12.7510000,462
2026-05-25T13:16:13.7920000,469
2026-05-25T13:16:14.8430000,466
2026-05-25T13:16:15.8840000,456
2026-05-25T13:16:16.9250000,461
2026-05-25T13:16:17.9650000,456
2026-05-25T13:16:19.0060000,459
2026-05-25T13:16:20.0470000,470
2026-05-25T13:16:21.0980000,446
2026-05-25T13:16:22.1390000,456
2026-05-25T13:16:23.1800000,469
2026-05-25T13:16:24.2200000,450
2026-05-25T13:16:25.2610000,450
2026-05-25T13:16:26.3130000,451
2026-05-25T13:16:27.3530000,465
2026-05-25T13:16:28.3940000,454
2026-05-25T13:16:29.4350000,458
2026-05-25T13:16:30.4760000,454
2026-05-25T13:16:31.5160000,452
2026-05-25T13:16:32.5680000,448
2026-05-25T13:16:33.6080000,455
2026-05-25T13:16:34.6490000,453
2026-05-25T13:16:35.6900000,453
2026-05-25T13:16:36.7310000,454
2026-05-25T13:16:37.7820000,458
2026-05-25T13:16:38.8230000,469
2026-05-25T13:16:39.8640000,456
2026-05-25T13:16:40.9040000,445
2026-05-25T13:16:41.9450000,437
2026-05-25T13:16:42.9860000,457
2026-05-25T13:16:44.0370000,449
2026-05-25T13:16:45.0780000,445
2026-05-25T13:16:46.1190000,452
2026-05-25T13:16:47.1590000,446
2026-05-25T13:16:48.2000000,458
2026-05-25T13:16:49.2510000,461
2026-05-25T13:16:50.2920000,463
2026-05-25T13:16:51.3330000,447
2026-05-25T13:16:52.3740000,447
2026-05-25T13:16:53.4140000,462
2026-05-25T13:16:54.4550000,452
2026-05-25T13:16:55.5070000,455
2026-05-25T13:16:56.5470000,463
2026-05-25T13:16:57.5880000,470
2026-05-25T13:16:58.6330000,444
2026-05-25T13:16:59.6730000,443
2026-05-25T13:17:00.7140000,456
2026-05-25T13:17:01.7550000,451
2026-05-25T13:17:02.7960000,448
2026-05-25T13:17:03.8470000,444
2026-05-25T13:17:04.8880000,449
2026-05-25T13:17:05.9280000,439
2026-05-25T13:17:06.9690000,452
2026-05-25T13:17:08.0100000,453
2026-05-25T13:17:09.0610000,450
2026-05-25T13:17:10.1020000,463
2026-05-25T13:17:11.1420000,448
2026-05-25T13:17:12.1830000,452
2026-05-25T13:17:13.2240000,449
2026-05-25T13:17:14.2650000,452
2026-05-25T13:17:15.3160000,466
2026-05-25T13:17:16.3570000,455
2026-05-25T13:17:17.3970000,454
2026-05-25T13:17:18.4380000,450
2026-05-25T13:17:19.4790000,446
2026-05-25T13:17:20.5300000,451
2026-05-25T13:17:21.5710000,448
2026-05-25T13:17:22.6120000,454
2026-05-25T13:17:23.6530000,451
2026-05-25T13:17:24.6930000,442
2026-05-25T13:17:25.7340000,451
2026-05-25T13:17:26.7850000,443
2026-05-25T13:17:27.8260000,433
2026-05-25T13:17:28.8670000,456
2026-05-25T13:17:29.9070000,463
2026-05-25T13:17:30.9480000,462
2026-05-25T13:17:31.9890000,461
2026-05-25T13:17:33.0400000,458
2026-05-25T13:17:34.0810000,452
2026-05-25T13:17:35.1220000,447
2026-05-25T13:17:36.1620000,463
2026-05-25T13:17:37.2030000,455
2026-05-25T13:17:38.2440000,445
2026-05-25T13:17:39.2950000,458
2026-05-25T13:17:40.3360000,445
2026-05-25T13:17:41.3770000,454
2026-05-25T13:17:42.4180000,452
2026-05-25T13:17:43.4580000,446
2026-05-25T13:17:44.5100000,439
2026-05-25T13:17:45.5500000,446
2026-05-25T13:17:46.5910000,462
2026-05-25T13:17:47.6320000,462
2026-05-25T13:17:48.6730000,434
2026-05-25T13:17:49.7140000,457
2026-05-25T13:17:50.7650000,456
2026-05-25T13:17:51.8060000,448
2026-05-25T13:17:52.8460000,459
2026-05-25T13:17:53.8870000,456
2026-05-25T13:17:54.9280000,454
2026-05-25T13:17:55.9690000,456
2026-05-25T13:17:57.0200000,457
2026-05-25T13:17:58.0610000,461
2026-05-25T13:17:59.1020000,456
2026-05-25T13:18:00.1420000,453
2026-05-25T13:18:01.1830000,446
2026-05-25T13:18:02.2240000,459
2026-05-25T13:18:03.2750000,453
2026-05-25T13:18:04.3160000,442
2026-05-25T13:18:05.3570000,438
2026-05-25T13:18:06.3980000,447
2026-05-25T13:18:07.4380000,448
2026-05-25T13:18:08.4790000,452
2026-05-25T13:18:09.5300000,452
2026-05-25T13:18:10.5710000,442
2026-05-25T13:18:11.6120000,456
2026-05-25T13:18:12.6530000,445
2026-05-25T13:18:13.6940000,440
2026-05-25T13:18:14.7450000,439
2026-05-25T13:18:15.7850000,437
2026-05-25T13:18:16.8260000,440
2026-05-25T13:18:17.8670000,452
2026-05-25T13:18:18.9080000,446
2026-05-25T13:18:19.9480000,438
2026-05-25T13:18:20.9930000,446
2026-05-25T13:18:22.0330000,450
2026-05-25T13:18:23.0850000,444
2026-05-25T13:18:24.1250000,456
2026-05-25T13:18:25.1660000,450
2026-05-25T13:18:26.2070000,453
2026-05-25T13:18:27.2480000,442
2026-05-25T13:18:28.2890000,451
2026-05-25T13:18:29.3400000,452
2026-05-25T13:18:30.3810000,438
2026-05-25T13:18:31.4210000,444
2026-05-25T13:18:32.4620000,459
2026-05-25T13:18:33.5030000,463
2026-05-25T13:18:34.5540000,446
2026-05-25T13:18:35.5950000,445
2026-05-25T13:18:36.6360000,441
2026-05-25T13:18:37.6770000,443
2026-05-25T13:18:38.7170000,463
2026-05-25T13:18:39.7580000,446
2026-05-25T13:18:40.8090000,437
2026-05-25T13:18:41.8500000,460
2026-05-25T13:18:42.8910000,454
2026-05-25T13:18:43.9320000,446
2026-05-25T13:18:44.9720000,452
2026-05-25T13:18:46.0130000,453
2026-05-25T13:18:47.0640000,454
2026-05-25T13:18:48.1050000,438
2026-05-25T13:18:49.1490000,458
2026-05-25T13:18:50.1900000,444
2026-05-25T13:18:51.2310000,455
2026-05-25T13:18:52.2720000,450
2026-05-25T13:18:53.3120000,452
2026-05-25T13:18:54.3640000,449
2026-05-25T13:18:55.4050000,461
2026-05-25T13:18:56.4450000,452
2026-05-25T13:18:57.4860000,447
2026-05-25T13:18:58.5270000,444
2026-05-25T13:18:59.5780000,465
2026-05-25T13:19:00.6190000,433
2026-05-25T13:19:01.6600000,460
2026-05-25T13:19:02.7000000,449
2026-05-25T13:19:03.7410000,446
2026-05-25T13:19:04.7820000,456
2026-05-25T13:19:05.8330000,463
2026-05-25T13:19:06.8740000,451
2026-05-25T13:19:07.9150000,438
2026-05-25T13:19:08.9560000,444
2026-05-25T13:19:09.9960000,447
2026-05-25T13:19:11.0480000,459
2026-05-25T13:19:12.0880000,461
2026-05-25T13:19:13.1290000,455
2026-05-25T13:19:14.1700000,461
2026-05-25T13:19:15.2110000,456
2026-05-25T13:19:16.2520000,442
2026-05-25T13:19:17.3030000,453
2026-05-25T13:19:18.3440000,449
2026-05-25T13:19:19.3840000,456
2026-05-25T13:19:20.4250000,457
2026-05-25T13:19:21.4660000,457
2026-05-25T13:19:22.5070000,449
2026-05-25T13:19:23.5580000,460
2026-05-25T13:19:24.5990000,446
2026-05-25T13:19:25.6390000,444
2026-05-25T13:19:26.6800000,447
2026-05-25T13:19:27.7210000,447
2026-05-25T13:19:28.7610000,441
2026-05-25T13:19:29.8130000,454
2026-05-25T13:19:30.8540000,448
2026-05-25T13:19:31.8940000,460
2026-05-25T13:19:32.9350000,442
2026-05-25T13:19:33.9760000,449
2026-05-25T13:19:35.0270000,449
2026-05-25T13:19:36.0680000,439
2026-05-25T13:19:37.1090000,451
2026-05-25T13:19:38.1490000,437
2026-05-25T13:19:39.1930000,455
2026-05-25T13:19:40.2340000,470
2026-05-25T13:19:41.2740000,457
2026-05-25T13:19:42.3260000,452
2026-05-25T13:19:43.3630000,455
2026-05-25T13:19:44.4070000,446
2026-05-25T13:19:45.4480000,459
2026-05-25T13:19:46.4890000,459
2026-05-25T13:19:47.5290000,460
2026-05-25T13:19:48.5810000,453
2026-05-25T13:19:49.6220000,448
2026-05-25T13:19:50.6620000,444
2026-05-25T13:19:51.7030000,452
2026-05-25T13:19:52.7440000,452
2026-05-25T13:19:53.7950000,450
2026-05-25T13:19:54.8360000,441
2026-05-25T13:19:55.8760000,446
2026-05-25T13:19:56.9170000,455
2026-05-25T13:19:57.9580000,455
2026-05-25T13:19:58.9990000,451
2026-05-25T13:20:00.0500000,465
2026-05-25T13:20:01.0910000,455
2026-05-25T13:20:02.1320000,450
2026-05-25T13:20:03.1720000,439
2026-05-25T13:20:04.2130000,449
2026-05-25T13:20:05.2640000,439
2026-05-25T13:20:06.3050000,457
2026-05-25T13:20:07.3460000,458
2026-05-25T13:20:08.3870000,458
2026-05-25T13:20:09.4280000,456
2026-05-25T13:20:10.4690000,461
2026-05-25T13:20:11.5160000,462
2026-05-25T13:20:12.5570000,449
2026-05-25T13:20:13.5980000,439
2026-05-25T13:20:14.6490000,444
2026-05-25T13:20:15.6900000,460
2026-05-25T13:20:16.7310000,464
2026-05-25T13:20:17.7710000,462
2026-05-25T13:20:18.8120000,466
2026-05-25T13:20:19.8530000,468
2026-05-25T13:20:20.9040000,460
2026-05-25T13:20:21.9450000,438
2026-05-25T13:20:22.9860000,470
2026-05-25T13:20:24.0270000,459
2026-05-25T13:20:25.0670000,444
2026-05-25T13:20:26.1080000,464
2026-05-25T13:20:27.1600000,458
2026-05-25T13:20:28.2000000,451
2026-05-25T13:20:29.2410000,471
2026-05-25T13:20:30.2820000,464
2026-05-25T13:20:31.3230000,466
2026-05-25T13:20:32.3740000,448
2026-05-25T13:20:33.4150000,458
2026-05-25T13:20:34.4560000,454
2026-05-25T13:20:35.4960000,471
2026-05-25T13:20:36.5370000,456
2026-05-25T13:20:37.5780000,462
2026-05-25T13:20:38.6290000,450
2026-05-25T13:20:39.6700000,467
2026-05-25T13:20:40.7110000,467
2026-05-25T13:20:41.7520000,462
2026-05-25T13:20:42.7930000,458
2026-05-25T13:20:43.8330000,462
2026-05-25T13:20:44.8850000,449
2026-05-25T13:20:45.9260000,471
2026-05-25T13:20:46.9660000,454
2026-05-25T13:20:48.0070000,462
2026-05-25T13:20:49.0480000,465
2026-05-25T13:20:50.0990000,456
2026-05-25T13:20:51.1400000,465
2026-05-25T13:20:52.1810000,464
2026-05-25T13:20:53.2250000,463
2026-05-25T13:20:54.2660000,472
2026-05-25T13:20:55.3070000,459
2026-05-25T13:20:56.3470000,480
2026-05-25T13:20:57.3880000,464
2026-05-25T13:20:58.4390000,467
2026-05-25T13:20:59.4800000,469
2026-05-25T13:21:00.5210000,476
2026-05-25T13:21:01.5620000,468
2026-05-25T13:21:02.6030000,470
2026-05-25T13:21:03.6430000,460
2026-05-25T13:21:04.6950000,453
2026-05-25T13:21:05.7360000,471
2026-05-25T13:21:06.7760000,462
2026-05-25T13:21:07.8170000,469
2026-05-25T13:21:08.8580000,474
2026-05-25T13:21:09.8990000,464
2026-05-25T13:21:10.9500000,458
2026-05-25T13:21:11.9910000,477
2026-05-25T13:21:13.0320000,468
2026-05-25T13:21:14.0730000,468
2026-05-25T13:21:15.1130000,477
2026-05-25T13:21:16.1540000,480
2026-05-25T13:21:17.2050000,472
2026-05-25T13:21:18.2460000,457
2026-05-25T13:21:19.2870000,466
2026-05-25T13:21:20.3240000,462
2026-05-25T13:21:21.3760000,473
2026-05-25T13:21:22.4160000,476
2026-05-25T13:21:23.4570000,471
2026-05-25T13:21:24.4980000,466
2026-05-25T13:21:25.5390000,484
2026-05-25T13:21:26.5900000,464
2026-05-25T13:21:27.6310000,478
2026-05-25T13:21:28.6720000,469
2026-05-25T13:21:29.7120000,460
2026-05-25T13:21:30.7530000,478
2026-05-25T13:21:31.7940000,473
2026-05-25T13:21:32.8450000,475
2026-05-25T13:21:33.8830000,468
2026-05-25T13:21:34.9230000,455
2026-05-25T13:21:35.9640000,479
2026-05-25T13:21:37.0160000,470
2026-05-25T13:21:38.0560000,468
2026-05-25T13:21:39.0970000,461
2026-05-25T13:21:40.1380000,466
2026-05-25T13:21:41.1790000,475
2026-05-25T13:21:42.2300000,476
2026-05-25T13:21:43.2710000,488
2026-05-25T13:21:44.3110000,476
2026-05-25T13:21:45.3520000,462
2026-05-25T13:21:46.3930000,486
2026-05-25T13:21:47.4340000,468
2026-05-25T13:21:48.4780000,468
2026-05-25T13:21:49.5190000,471
2026-05-25T13:21:50.5700000,486
2026-05-25T13:21:51.6110000,487
2026-05-25T13:21:52.6510000,465
2026-05-25T13:21:53.6920000,475
2026-05-25T13:21:54.7330000,472
2026-05-25T13:21:55.7740000,474
2026-05-25T13:21:56.8250000,475
2026-05-25T13:21:57.8660000,477
2026-05-25T13:21:58.9070000,488
2026-05-25T13:21:59.9480000,456
2026-05-25T13:22:00.9880000,468
2026-05-25T13:22:02.0360000,493
2026-05-25T13:22:03.0770000,473
2026-05-25T13:22:04.1180000,473
2026-05-25T13:22:05.1590000,479
2026-05-25T13:22:06.1990000,472
2026-05-25T13:22:07.2510000,460
2026-05-25T13:22:08.2910000,478
2026-05-25T13:22:09.3320000,462
2026-05-25T13:22:10.3730000,470
2026-05-25T13:22:11.4130000,472
2026-05-25T13:22:12.4650000,468
2026-05-25T13:22:13.5050000,472
2026-05-25T13:22:14.5460000,475
2026-05-25T13:22:15.5870000,477
2026-05-25T13:22:16.6280000,471
2026-05-25T13:22:17.6680000,477
2026-05-25T13:22:18.7200000,470
2026-05-25T13:22:19.7610000,475
2026-05-25T13:22:20.8010000,467
2026-05-25T13:22:21.8420000,460
2026-05-25T13:22:22.8830000,472
2026-05-25T13:22:23.9240000,472
2026-05-25T13:22:24.9750000,473
2026-05-25T13:22:26.0160000,470
2026-05-25T13:22:27.0570000,467
2026-05-25T13:22:28.0980000,480
2026-05-25T13:22:29.1460000,475
2026-05-25T13:22:30.1860000,454
2026-05-25T13:22:31.2270000,462
2026-05-25T13:22:32.2680000,465
2026-05-25T13:22:33.3090000,485
2026-05-25T13:22:34.3600000,468
2026-05-25T13:22:35.4000000,478
2026-05-25T13:22:36.4410000,469
2026-05-25T13:22:37.4820000,467
2026-05-25T13:22:38.5230000,481
2026-05-25T13:22:39.5630000,478
2026-05-25T13:22:40.6150000,470
2026-05-25T13:22:41.6550000,472
2026-05-25T13:22:42.6960000,480
2026-05-25T13:22:43.7370000,475
2026-05-25T13:22:44.7780000,473
2026-05-25T13:22:45.8290000,458
2026-05-25T13:22:46.8700000,467
2026-05-25T13:22:47.9110000,464
2026-05-25T13:22:48.9520000,470
2026-05-25T13:22:49.9920000,481
2026-05-25T13:22:51.0330000,475
2026-05-25T13:22:52.0850000,460
2026-05-25T13:22:53.1250000,474
2026-05-25T13:22:54.1660000,466
2026-05-25T13:22:55.2070000,469
2026-05-25T13:22:56.2480000,477
2026-05-25T13:22:57.2880000,470
2026-05-25T13:22:58.3400000,453
2026-05-25T13:22:59.3810000,475
2026-05-25T13:23:00.4210000,472
2026-05-25T13:23:01.4620000,475
2026-05-25T13:23:02.5030000,474
2026-05-25T13:23:03.5440000,459
2026-05-25T13:23:04.5950000,476
2026-05-25T13:23:05.6360000,460
2026-05-25T13:23:06.6760000,470
2026-05-25T13:23:07.7170000,464
2026-05-25T13:23:08.7580000,469
2026-05-25T13:23:09.7990000,458
2026-05-25T13:23:10.8470000,466
2026-05-25T13:23:11.8880000,470
2026-05-25T13:23:12.9290000,462
2026-05-25T13:23:13.9800000,471
2026-05-25T13:23:15.0210000,473
2026-05-25T13:23:16.0620000,478
2026-05-25T13:23:17.1020000,474
2026-05-25T13:23:18.1430000,464
2026-05-25T13:23:19.1840000,463
2026-05-25T13:23:20.2350000,462
2026-05-25T13:23:21.2760000,463
2026-05-25T13:23:22.3170000,462
2026-05-25T13:23:23.3570000,462
2026-05-25T13:23:24.4050000,471
2026-05-25T13:23:25.4460000,486
2026-05-25T13:23:26.4870000,458
2026-05-25T13:23:27.5270000,473
2026-05-25T13:23:28.5680000,455
2026-05-25T13:23:29.6190000,445
2026-05-25T13:23:30.6600000,467
2026-05-25T13:23:31.7010000,467
2026-05-25T13:23:32.7420000,466
2026-05-25T13:23:33.7830000,464
2026-05-25T13:23:34.8230000,465
2026-05-25T13:23:35.8750000,467
2026-05-25T13:23:36.9160000,452
2026-05-25T13:23:37.9560000,463
2026-05-25T13:23:38.9970000,469
2026-05-25T13:23:40.0380000,469
2026-05-25T13:23:41.0790000,484
2026-05-25T13:23:42.1300000,464
2026-05-25T13:23:43.1710000,475
2026-05-25T13:23:44.2120000,458
2026-05-25T13:23:45.2520000,469
2026-05-25T13:23:46.2930000,467
2026-05-25T13:23:47.3440000,469
2026-05-25T13:23:48.3850000,454
2026-05-25T13:23:49.4260000,462
2026-05-25T13:23:50.4670000,456
2026-05-25T13:23:51.5080000,458
2026-05-25T13:23:52.5490000,452
2026-05-25T13:23:53.5890000,473
2026-05-25T13:23:54.6410000,462
2026-05-25T13:23:55.6820000,464
2026-05-25T13:23:56.7220000,469
2026-05-25T13:23:57.7630000,461
2026-05-25T13:23:58.8040000,441
2026-05-25T13:23:59.8450000,465
2026-05-25T13:24:00.8960000,453
2026-05-25T13:24:01.9370000,459
2026-05-25T13:24:02.9780000,442
2026-05-25T13:24:04.0190000,448
2026-05-25T13:24:05.0600000,457
2026-05-25T13:24:06.1000000,459
2026-05-25T13:24:07.1520000,446
2026-05-25T13:24:08.1920000,455
2026-05-25T13:24:09.2330000,456
2026-05-25T13:24:10.2740000,447
2026-05-25T13:24:11.3140000,451
2026-05-25T13:24:12.3660000,458
2026-05-25T13:24:13.4060000,460
2026-05-25T13:24:14.4470000,451
2026-05-25T13:24:15.4880000,451
2026-05-25T13:24:16.5290000,454
2026-05-25T13:24:17.5700000,454
2026-05-25T13:24:18.6210000,453
2026-05-25T13:24:19.6620000,465
2026-05-25T13:24:20.7020000,459
2026-05-25T13:24:21.7430000,463
2026-05-25T13:24:22.7840000,463
2026-05-25T13:24:23.8250000,448
2026-05-25T13:24:24.8760000,456
2026-05-25T13:24:25.9170000,463
2026-05-25T13:24:26.9580000,459
2026-05-25T13:24:27.9980000,470
2026-05-25T13:24:29.0390000,466
2026-05-25T13:24:30.0900000,456
2026-05-25T13:24:31.1310000,462
2026-05-25T13:24:32.1720000,444
2026-05-25T13:24:33.2120000,466
2026-05-25T13:24:34.2530000,455
2026-05-25T13:24:35.2940000,440
2026-05-25T13:24:36.3450000,459
2026-05-25T13:24:37.3860000,445
2026-05-25T13:24:38.4270000,463
2026-05-25T13:24:39.4680000,443
2026-05-25T13:24:40.5080000,455
2026-05-25T13:24:41.5490000,455
2026-05-25T13:24:42.6010000,454
2026-05-25T13:24:43.6410000,465
2026-05-25T13:24:44.6820000,444
2026-05-25T13:24:45.7230000,460
2026-05-25T13:24:46.7640000,461
2026-05-25T13:24:47.8080000,460
2026-05-25T13:24:48.8490000,456
2026-05-25T13:24:49.8900000,449
2026-05-25T13:24:50.9410000,454
2026-05-25T13:24:51.9820000,451
2026-05-25T13:24:53.0230000,456
2026-05-25T13:24:54.0630000,452
2026-05-25T13:24:55.1040000,466
2026-05-25T13:24:56.1450000,465
2026-05-25T13:24:57.1960000,462
2026-05-25T13:24:58.2370000,446
2026-05-25T13:24:59.2780000,456
2026-05-25T13:25:00.3190000,463
2026-05-25T13:25:01.3660000,445
2026-05-25T13:25:02.4070000,461
2026-05-25T13:25:03.4480000,455
2026-05-25T13:25:04.4890000,462
2026-05-25T13:25:05.5300000,452
2026-05-25T13:25:06.5810000,468
2026-05-25T13:25:07.6220000,452
2026-05-25T13:25:08.6630000,448
2026-05-25T13:25:09.7040000,459
2026-05-25T13:25:10.7450000,469
2026-05-25T13:25:11.7860000,453
2026-05-25T13:25:12.8260000,461
2026-05-25T13:25:13.8780000,454
2026-05-25T13:25:14.9180000,479
2026-05-25T13:25:15.9590000,449
2026-05-25T13:25:17.0000000,464
2026-05-25T13:25:18.0410000,461
2026-05-25T13:25:19.0920000,454
2026-05-25T13:25:20.1320000,463
2026-05-25T13:25:21.1730000,461
2026-05-25T13:25:22.2140000,452
2026-05-25T13:25:23.2550000,448
2026-05-25T13:25:24.2960000,458
2026-05-25T13:25:25.3470000,468
2026-05-25T13:25:26.3880000,448
2026-05-25T13:25:27.4280000,464
2026-05-25T13:25:28.4690000,463
2026-05-25T13:25:29.5100000,462
2026-05-25T13:25:30.5510000,460
2026-05-25T13:25:31.6020000,461
2026-05-25T13:25:32.6430000,477
2026-05-25T13:25:33.6840000,459
2026-05-25T13:25:34.7240000,451
2026-05-25T13:25:35.7650000,460
2026-05-25T13:25:36.8060000,451
2026-05-25T13:25:37.8570000,469
2026-05-25T13:25:38.8980000,456
2026-05-25T13:25:39.9390000,452
2026-05-25T13:25:40.9800000,456
2026-05-25T13:25:42.0200000,458
2026-05-25T13:25:43.0650000,440
2026-05-25T13:25:44.1050000,456
2026-05-25T13:25:45.1560000,450
2026-05-25T13:25:46.1970000,455
2026-05-25T13:25:47.2380000,460
2026-05-25T13:25:48.2790000,454
2026-05-25T13:25:49.3190000,458
2026-05-25T13:25:50.3600000,446
2026-05-25T13:25:51.4110000,462
2026-05-25T13:25:52.4520000,455
2026-05-25T13:25:53.4930000,459
2026-05-25T13:25:54.5340000,465
2026-05-25T13:25:55.5750000,469
2026-05-25T13:25:56.6160000,475
2026-05-25T13:25:57.6670000,462
2026-05-25T13:25:58.7080000,465
2026-05-25T13:25:59.7490000,452
2026-05-25T13:26:00.7890000,458
2026-05-25T13:26:01.8300000,480
2026-05-25T13:26:02.8710000,446
2026-05-25T13:26:03.9220000,461
2026-05-25T13:26:04.9630000,452
2026-05-25T13:26:06.0040000,453
2026-05-25T13:26:07.0450000,470
2026-05-25T13:26:08.0850000,445
2026-05-25T13:26:09.1370000,464
2026-05-25T13:26:10.1770000,461
2026-05-25T13:26:11.2180000,456
2026-05-25T13:26:12.2590000,456
2026-05-25T13:26:13.3000000,442
2026-05-25T13:26:14.3400000,451
2026-05-25T13:26:15.3920000,463
2026-05-25T13:26:16.4320000,455
2026-05-25T13:26:17.4730000,470
2026-05-25T13:26:18.5140000,449
2026-05-25T13:26:19.5550000,442
2026-05-25T13:26:20.6060000,444
2026-05-25T13:26:21.6470000,445
2026-05-25T13:26:22.6880000,460
2026-05-25T13:26:23.7250000,457
2026-05-25T13:26:24.7760000,466
2026-05-25T13:26:25.8170000,455
2026-05-25T13:26:26.8580000,449
2026-05-25T13:26:27.8980000,449
2026-05-25T13:26:28.9390000,456
2026-05-25T13:26:29.9800000,452
2026-05-25T13:26:31.0310000,456
2026-05-25T13:26:32.0720000,445
2026-05-25T13:26:33.1130000,436
2026-05-25T13:26:34.1540000,452
2026-05-25T13:26:35.1950000,449
2026-05-25T13:26:36.2350000,450
2026-05-25T13:26:37.2870000,463
2026-05-25T13:26:38.3200000,442
2026-05-25T13:26:39.3720000,455
2026-05-25T13:26:40.4120000,452
2026-05-25T13:26:41.4530000,444
2026-05-25T13:26:42.4940000,438
2026-05-25T13:26:43.5350000,454
2026-05-25T13:26:44.5760000,442
2026-05-25T13:26:45.6270000,452
2026-05-25T13:26:46.6680000,456
2026-05-25T13:26:47.7090000,463
2026-05-25T13:26:48.7490000,443
2026-05-25T13:26:49.7910000,466
2026-05-25T13:26:50.8420000,455
2026-05-25T13:26:51.8820000,445
2026-05-25T13:26:52.9230000,447
2026-05-25T13:26:53.9640000,456
2026-05-25T13:26:55.0050000,461
2026-05-25T13:26:56.0450000,454
2026-05-25T13:26:57.0970000,444
2026-05-25T13:26:58.1370000,452
2026-05-25T13:26:59.1780000,453
2026-05-25T13:27:00.2190000,451
2026-05-25T13:27:01.2600000,452
2026-05-25T13:27:02.3010000,455
2026-05-25T13:27:03.3520000,451
2026-05-25T13:27:04.3930000,467
2026-05-25T13:27:05.4330000,453
2026-05-25T13:27:06.4740000,440
2026-05-25T13:27:07.5150000,454
2026-05-25T13:27:08.5660000,445
2026-05-25T13:27:09.6070000,464
2026-05-25T13:27:10.6480000,445
2026-05-25T13:27:11.6890000,447
2026-05-25T13:27:12.7300000,456
2026-05-25T13:27:13.7710000,462
2026-05-25T13:27:14.8220000,466
2026-05-25T13:27:15.8620000,440
2026-05-25T13:27:16.9030000,453
2026-05-25T13:27:17.9440000,455
2026-05-25T13:27:18.9840000,442
2026-05-25T13:27:20.0250000,439
2026-05-25T13:27:21.0760000,454
2026-05-25T13:27:22.1170000,451
2026-05-25T13:27:23.1580000,459
2026-05-25T13:27:24.1990000,456
2026-05-25T13:27:25.2400000,448
2026-05-25T13:27:26.2910000,456
2026-05-25T13:27:27.3320000,463
2026-05-25T13:27:28.3720000,445
2026-05-25T13:27:29.4130000,455
2026-05-25T13:27:30.4540000,463
2026-05-25T13:27:31.4950000,439
2026-05-25T13:27:32.5460000,461
2026-05-25T13:27:33.5800000,445
2026-05-25T13:27:34.6310000,449
2026-05-25T13:27:35.6720000,468
2026-05-25T13:27:36.7130000,451
2026-05-25T13:27:37.7540000,435
2026-05-25T13:27:38.7940000,460
2026-05-25T13:27:39.8350000,460
2026-05-25T13:27:40.8860000,448
2026-05-25T13:27:41.9270000,442
2026-05-25T13:27:42.9680000,469
2026-05-25T13:27:44.0080000,449
2026-05-25T13:27:45.0490000,448
2026-05-25T13:27:46.0900000,458
2026-05-25T13:27:47.1410000,456
2026-05-25T13:27:48.1820000,458
2026-05-25T13:27:49.2230000,446
2026-05-25T13:27:50.2630000,451
2026-05-25T13:27:51.3040000,459
2026-05-25T13:27:52.3450000,460
2026-05-25T13:27:53.3960000,448
2026-05-25T13:27:54.4370000,454
2026-05-25T13:27:55.4780000,453
2026-05-25T13:27:56.5190000,462
2026-05-25T13:27:57.5600000,454
2026-05-25T13:27:58.6010000,470
2026-05-25T13:27:59.6520000,450
2026-05-25T13:28:00.6900000,459
2026-05-25T13:28:01.7300000,454
2026-05-25T13:28:02.7820000,453
2026-05-25T13:28:03.8220000,445
2026-05-25T13:28:04.8630000,452
2026-05-25T13:28:05.9040000,461
2026-05-25T13:28:06.9450000,457
2026-05-25T13:28:07.9850000,445
2026-05-25T13:28:09.0370000,455
2026-05-25T13:28:10.0800000,452
2026-05-25T13:28:11.1210000,444
2026-05-25T13:28:12.1610000,447
2026-05-25T13:28:13.2020000,446
2026-05-25T13:28:14.2430000,463
2026-05-25T13:28:15.2840000,441
2026-05-25T13:28:16.3350000,452
2026-05-25T13:28:17.3760000,453
2026-05-25T13:28:18.4170000,437
2026-05-25T13:28:19.4580000,438
2026-05-25T13:28:20.4980000,450
2026-05-25T13:28:21.5390000,450
2026-05-25T13:28:22.5910000,453
2026-05-25T13:28:23.6310000,468
2026-05-25T13:28:24.6720000,444
2026-05-25T13:28:25.7130000,447
2026-05-25T13:28:26.7540000,459
2026-05-25T13:28:27.8050000,442
2026-05-25T13:28:28.8450000,452
2026-05-25T13:28:29.8860000,444
2026-05-25T13:28:30.9270000,436
2026-05-25T13:28:31.9680000,449
2026-05-25T13:28:33.0090000,450
2026-05-25T13:28:34.0600000,437
2026-05-25T13:28:35.1010000,462
2026-05-25T13:28:36.1410000,456
2026-05-25T13:28:37.1820000,440
2026-05-25T13:28:38.2230000,457
2026-05-25T13:28:39.2740000,454
2026-05-25T13:28:40.3150000,454
2026-05-25T13:28:41.3560000,450
2026-05-25T13:28:42.3970000,437
2026-05-25T13:28:43.4380000,438
2026-05-25T13:28:44.4780000,447
2026-05-25T13:28:45.5300000,452
2026-05-25T13:28:46.5700000,447
2026-05-25T13:28:47.6110000,443
2026-05-25T13:28:48.6520000,459
2026-05-25T13:28:49.6930000,442
2026-05-25T13:28:50.7340000,451
2026-05-25T13:28:51.7850000,451
2026-05-25T13:28:52.8260000,435
2026-05-25T13:28:53.8660000,444
2026-05-25T13:28:54.9070000,450
2026-05-25T13:28:55.9480000,445
2026-05-25T13:28:56.9890000,445
2026-05-25T13:28:58.0400000,454
2026-05-25T13:28:59.0810000,456
2026-05-25T13:29:00.1220000,448
2026-05-25T13:29:01.1620000,430
2026-05-25T13:29:02.2030000,450
2026-05-25T13:29:03.2440000,449
2026-05-25T13:29:04.2950000,459
2026-05-25T13:29:05.3360000,441
2026-05-25T13:29:06.3770000,441
2026-05-25T13:29:07.4180000,448
2026-05-25T13:29:08.4590000,440
2026-05-25T13:29:09.5060000,458
2026-05-25T13:29:10.5470000,442
2026-05-25T13:29:11.5880000,435
2026-05-25T13:29:12.6290000,438
2026-05-25T13:29:13.6800000,461
2026-05-25T13:29:14.7210000,452
2026-05-25T13:29:15.7610000,438
2026-05-25T13:29:16.8020000,441
2026-05-25T13:29:17.8430000,454
2026-05-25T13:29:18.8830000,439
2026-05-25T13:29:19.9350000,447
2026-05-25T13:29:20.9760000,442
2026-05-25T13:29:22.0170000,464
2026-05-25T13:29:23.0570000,445
2026-05-25T13:29:24.1020000,455
2026-05-25T13:29:25.1430000,456
2026-05-25T13:29:26.1830000,457
2026-05-25T13:29:27.2240000,428
2026-05-25T13:29:28.2750000,458
2026-05-25T13:29:29.3160000,439
2026-05-25T13:29:30.3570000,450
2026-05-25T13:29:31.3980000,449
2026-05-25T13:29:32.4390000,452
2026-05-25T13:29:33.4900000,450
2026-05-25T13:29:34.5310000,447
2026-05-25T13:29:35.5710000,446
2026-05-25T13:29:36.6120000,439
2026-05-25T13:29:37.6600000,446
2026-05-25T13:29:38.7010000,448
2026-05-25T13:29:39.7420000,448
2026-05-25T13:29:40.7830000,442
2026-05-25T13:29:41.8240000,456
2026-05-25T13:29:42.8750000,451
2026-05-25T13:29:43.9160000,447
2026-05-25T13:29:44.9570000,442
2026-05-25T13:29:45.9970000,449
2026-05-25T13:29:47.0380000,456
2026-05-25T13:29:48.0790000,453
2026-05-25T13:29:49.1300000,446
2026-05-25T13:29:50.1710000,444
2026-05-25T13:29:51.2120000,435
2026-05-25T13:29:52.2530000,445
2026-05-25T13:29:53.2940000,444
2026-05-25T13:29:54.3340000,445
2026-05-25T13:29:55.3860000,435
2026-05-25T13:29:57.4670000,454
2026-05-25T13:29:58.5080000,445
2026-05-25T13:29:59.5490000,439
2026-05-25T13:30:00.5900000,424
2026-05-25T13:30:01.6410000,448
2026-05-25T13:30:02.6820000,442
2026-05-25T13:30:03.7220000,430
2026-05-25T13:30:04.7630000,431
2026-05-25T13:30:05.8040000,433
2026-05-25T13:30:06.8550000,454
2026-05-25T13:30:07.8960000,437
2026-05-25T13:30:08.9370000,438
2026-05-25T13:30:09.9770000,445
2026-05-25T13:30:11.0180000,432
2026-05-25T13:30:12.0590000,447
2026-05-25T13:30:13.1100000,447
2026-05-25T13:30:14.1510000,440
2026-05-25T13:30:15.1920000,452
2026-05-25T13:30:16.2330000,446
2026-05-25T13:30:17.2740000,458
2026-05-25T13:30:18.3140000,448
2026-05-25T13:30:19.3650000,441
2026-05-25T13:30:20.4060000,446
2026-05-25T13:30:21.4470000,440
2026-05-25T13:30:22.4880000,439
2026-05-25T13:30:23.5280000,451
2026-05-25T13:30:24.5800000,439
2026-05-25T13:30:25.6200000,442
2026-05-25T13:30:26.6610000,442
2026-05-25T13:30:27.7020000,452
2026-05-25T13:30:28.7430000,435
2026-05-25T13:30:29.7940000,440
2026-05-25T13:30:30.8350000,439
2026-05-25T13:30:31.8760000,431
2026-05-25T13:30:32.9170000,450
2026-05-25T13:30:33.9570000,446
2026-05-25T13:30:34.9980000,441
2026-05-25T13:30:36.0490000,448
2026-05-25T13:30:37.0900000,435
2026-05-25T13:30:38.1310000,442
2026-05-25T13:30:39.1720000,453
2026-05-25T13:30:40.2130000,458
2026-05-25T13:30:41.2540000,453
2026-05-25T13:30:42.3050000,449
2026-05-25T13:30:43.3460000,447
2026-05-25T13:30:44.3870000,425
2026-05-25T13:30:45.4270000,443
2026-05-25T13:30:46.4680000,428
2026-05-25T13:30:47.5190000,441
2026-05-25T13:30:48.5600000,451
2026-05-25T13:30:49.6010000,456
2026-05-25T13:30:50.6420000,447
2026-05-25T13:30:51.6820000,448
2026-05-25T13:30:52.7230000,432
2026-05-25T13:30:53.7740000,451
2026-05-25T13:30:54.8150000,453
2026-05-25T13:30:55.8560000,440
2026-05-25T13:30:56.8970000,451
2026-05-25T13:30:57.9380000,450
2026-05-25T13:30:58.9780000,449
2026-05-25T13:31:00.0300000,446
2026-05-25T13:31:01.0710000,441
2026-05-25T13:31:02.1110000,445
2026-05-25T13:31:03.1520000,442
2026-05-25T13:31:04.1930000,442
2026-05-25T13:31:05.2340000,436
2026-05-25T13:31:06.2850000,444
2026-05-25T13:31:07.3260000,445
2026-05-25T13:31:08.3670000,433
2026-05-25T13:31:09.4080000,462
2026-05-25T13:31:10.4490000,446
2026-05-25T13:31:11.4890000,449
2026-05-25T13:31:12.5410000,447
2026-05-25T13:31:13.5810000,453
2026-05-25T13:31:14.6220000,450
2026-05-25T13:31:15.6630000,445
2026-05-25T13:31:16.7030000,437
2026-05-25T13:31:17.7550000,442
2026-05-25T13:31:18.7960000,442
2026-05-25T13:31:19.8360000,433
2026-05-25T13:31:20.8770000,442
2026-05-25T13:31:21.9180000,444
2026-05-25T13:31:22.9590000,428
2026-05-25T13:31:24.0100000,431
2026-05-25T13:31:25.0510000,448
2026-05-25T13:31:26.0920000,459
2026-05-25T13:31:27.1320000,452
2026-05-25T13:31:28.1770000,446
2026-05-25T13:31:29.2170000,441
2026-05-25T13:31:30.2580000,444
2026-05-25T13:31:31.2990000,436
2026-05-25T13:31:32.3500000,440
2026-05-25T13:31:33.3910000,445
2026-05-25T13:31:34.4320000,442
2026-05-25T13:31:35.4730000,434
2026-05-25T13:31:36.5130000,446
2026-05-25T13:31:37.5650000,442
2026-05-25T13:31:38.6050000,443
2026-05-25T13:31:39.6460000,440
2026-05-25T13:31:40.6870000,450
2026-05-25T13:31:41.7280000,448
2026-05-25T13:31:42.7680000,455
2026-05-25T13:31:43.8200000,447
2026-05-25T13:31:44.8600000,441
2026-05-25T13:31:45.9010000,453
2026-05-25T13:31:46.9420000,450
2026-05-25T13:31:47.9830000,433
2026-05-25T13:31:49.0340000,444
2026-05-25T13:31:50.0750000,443
2026-05-25T13:31:51.1160000,449
2026-05-25T13:31:52.1560000,433
2026-05-25T13:31:53.1970000,448
2026-05-25T13:31:54.2380000,444
2026-05-25T13:31:55.2890000,442
2026-05-25T13:31:56.3300000,458
2026-05-25T13:31:57.3710000,428
2026-05-25T13:31:58.4120000,438
2026-05-25T13:31:59.4520000,452
2026-05-25T13:32:00.4930000,444
2026-05-25T13:32:01.5440000,425
2026-05-25T13:32:02.5850000,445
2026-05-25T13:32:03.6260000,449
2026-05-25T13:32:04.6670000,443
2026-05-25T13:32:05.7070000,439
2026-05-25T13:32:06.7590000,446
2026-05-25T13:32:07.7990000,437
2026-05-25T13:32:08.8400000,450
2026-05-25T13:32:09.8810000,431
2026-05-25T13:32:10.9220000,442
2026-05-25T13:32:11.9630000,441
2026-05-25T13:32:13.0140000,448
2026-05-25T13:32:14.0550000,454
2026-05-25T13:32:15.0960000,430
2026-05-25T13:32:16.1370000,448
2026-05-25T13:32:17.1780000,464
2026-05-25T13:32:18.2180000,438
2026-05-25T13:32:19.2700000,448
2026-05-25T13:32:20.3100000,442
2026-05-25T13:32:21.3510000,438
2026-05-25T13:32:22.3920000,446
2026-05-25T13:32:23.4360000,439
2026-05-25T13:32:24.4770000,450
2026-05-25T13:32:25.5170000,439
2026-05-25T13:32:26.5680000,453
2026-05-25T13:32:27.6090000,449
2026-05-25T13:32:28.6500000,463
2026-05-25T13:32:29.6910000,454
2026-05-25T13:32:30.7320000,448
2026-05-25T13:32:31.7830000,442
2026-05-25T13:32:32.8240000,438
2026-05-25T13:32:33.8640000,456
2026-05-25T13:32:34.9050000,445
2026-05-25T13:32:35.9460000,453
2026-05-25T13:32:36.9900000,446
2026-05-25T13:32:38.0310000,453
2026-05-25T13:32:39.0720000,441
2026-05-25T13:32:40.1230000,451
2026-05-25T13:32:41.1640000,458
2026-05-25T13:32:42.2050000,441
2026-05-25T13:32:43.2460000,438
2026-05-25T13:32:44.2870000,440
2026-05-25T13:32:45.3270000,439
2026-05-25T13:32:46.3790000,452
2026-05-25T13:32:47.4190000,432
2026-05-25T13:32:48.4600000,468
2026-05-25T13:32:49.5010000,445
2026-05-25T13:32:50.5420000,445
2026-05-25T13:32:51.5930000,438
2026-05-25T13:32:52.6340000,451
2026-05-25T13:32:53.6740000,462
2026-05-25T13:32:54.7150000,448
2026-05-25T13:32:55.7560000,444
2026-05-25T13:32:56.7970000,438
2026-05-25T13:32:57.8480000,453
2026-05-25T13:32:58.8890000,447
2026-05-25T13:32:59.9300000,451
2026-05-25T13:33:00.9710000,455
2026-05-25T13:33:02.0110000,447
2026-05-25T13:33:03.0630000,447
2026-05-25T13:33:04.1030000,443
2026-05-25T13:33:05.1440000,464
2026-05-25T13:33:06.1850000,455
2026-05-25T13:33:07.2260000,442
2026-05-25T13:33:08.2660000,454
2026-05-25T13:33:09.3180000,445
2026-05-25T13:33:10.3580000,459
2026-05-25T13:33:11.3990000,452
2026-05-25T13:33:12.4400000,456
2026-05-25T13:33:13.4800000,448
2026-05-25T13:33:14.5210000,457
2026-05-25T13:33:15.5730000,460
2026-05-25T13:33:16.6130000,447
2026-05-25T13:33:17.6540000,460
2026-05-25T13:33:18.6980000,444
2026-05-25T13:33:19.7390000,462
2026-05-25T13:33:20.7800000,444
2026-05-25T13:33:21.8210000,466
2026-05-25T13:33:22.8610000,467
2026-05-25T13:33:23.9130000,457
2026-05-25T13:33:24.9530000,454
2026-05-25T13:33:25.9940000,465
2026-05-25T13:33:27.0350000,460
2026-05-25T13:33:28.0760000,458
2026-05-25T13:33:29.1170000,453
2026-05-25T13:33:30.1680000,464
2026-05-25T13:33:31.2090000,462
2026-05-25T13:33:32.2460000,458
2026-05-25T13:33:33.2870000,459
2026-05-25T13:33:34.3380000,448
2026-05-25T13:33:35.3790000,470
2026-05-25T13:33:36.4200000,457
2026-05-25T13:33:37.4610000,463
2026-05-25T13:33:38.5010000,469
2026-05-25T13:33:39.5420000,453
2026-05-25T13:33:40.5930000,471
2026-05-25T13:33:41.6340000,456
2026-05-25T13:33:42.6750000,465
2026-05-25T13:33:43.7160000,462
2026-05-25T13:33:44.7560000,456
2026-05-25T13:33:45.7970000,475
2026-05-25T13:33:46.8480000,459
2026-05-25T13:33:47.8890000,470
2026-05-25T13:33:48.9300000,466
2026-05-25T13:33:49.9710000,466
2026-05-25T13:33:51.0120000,464
2026-05-25T13:33:52.0530000,464
2026-05-25T13:33:53.1040000,465
2026-05-25T13:33:54.1450000,467
2026-05-25T13:33:55.1850000,475
2026-05-25T13:33:56.2260000,468
2026-05-25T13:33:57.2670000,476
2026-05-25T13:33:58.3080000,481
2026-05-25T13:33:59.3590000,464
2026-05-25T13:34:00.4000000,462
2026-05-25T13:34:01.4410000,477
2026-05-25T13:34:02.4810000,486
2026-05-25T13:34:03.5220000,479
2026-05-25T13:34:04.5630000,469
2026-05-25T13:34:05.6040000,471
2026-05-25T13:34:06.6550000,459
2026-05-25T13:34:07.6960000,466
2026-05-25T13:34:08.7370000,451
2026-05-25T13:34:09.7770000,471
2026-05-25T13:34:10.8180000,471
2026-05-25T13:34:11.8590000,474
2026-05-25T13:34:12.9100000,471
2026-05-25T13:34:13.9440000,482
2026-05-25T13:34:14.9950000,475
2026-05-25T13:34:16.0360000,482
2026-05-25T13:34:17.0770000,478
2026-05-25T13:34:18.1180000,477
2026-05-25T13:34:19.1580000,463
2026-05-25T13:34:20.1990000,476
2026-05-25T13:34:21.2500000,475
2026-05-25T13:34:22.2910000,467
2026-05-25T13:34:23.3320000,479
2026-05-25T13:34:24.3720000,472
2026-05-25T13:34:25.4130000,472
2026-05-25T13:34:26.4540000,462
2026-05-25T13:34:27.4980000,477
2026-05-25T13:34:28.5390000,479
2026-05-25T13:34:29.5900000,468
2026-05-25T13:34:30.6310000,482
2026-05-25T13:34:31.6720000,451
2026-05-25T13:34:32.7120000,477
2026-05-25T13:34:33.7530000,463
2026-05-25T13:34:34.7940000,468
2026-05-25T13:34:35.8350000,469
2026-05-25T13:34:36.8860000,469
2026-05-25T13:34:37.9270000,483
2026-05-25T13:34:38.9680000,478
2026-05-25T13:34:40.0090000,461
2026-05-25T13:34:41.0500000,465
2026-05-25T13:34:42.0910000,455
2026-05-25T13:34:43.1420000,476
2026-05-25T13:34:44.1830000,469
2026-05-25T13:34:45.2240000,468
2026-05-25T13:34:46.2640000,459
2026-05-25T13:34:47.3050000,469
2026-05-25T13:34:48.3460000,475
2026-05-25T13:34:49.3970000,474
2026-05-25T13:34:50.4380000,475
2026-05-25T13:34:51.4780000,462
2026-05-25T13:34:52.5190000,466
2026-05-25T13:34:53.5600000,476
2026-05-25T13:34:54.6010000,468
2026-05-25T13:34:55.6450000,461
2026-05-25T13:34:56.6860000,479
2026-05-25T13:34:57.7270000,449
2026-05-25T13:34:58.7780000,479
2026-05-25T13:34:59.8220000,462
2026-05-25T13:35:00.8620000,468
2026-05-25T13:35:01.9030000,469
2026-05-25T13:35:02.9440000,463
2026-05-25T13:35:03.9850000,473
2026-05-25T13:35:05.0260000,472
2026-05-25T13:35:06.0660000,459
2026-05-25T13:35:07.1180000,468
2026-05-25T13:35:08.1580000,474
2026-05-25T13:35:09.1960000,474
2026-05-25T13:35:10.2360000,463
2026-05-25T13:35:11.2880000,465
2026-05-25T13:35:12.3280000,462
2026-05-25T13:35:13.3690000,470
2026-05-25T13:35:14.4100000,470
2026-05-25T13:35:15.4510000,467
2026-05-25T13:35:16.4910000,459
2026-05-25T13:35:17.5320000,467
2026-05-25T13:35:18.5830000,464
2026-05-25T13:35:19.6240000,464
2026-05-25T13:35:20.6650000,466
2026-05-25T13:35:21.7060000,475
2026-05-25T13:35:22.7500000,472
2026-05-25T13:35:23.7910000,446
2026-05-25T13:35:24.8320000,475
2026-05-25T13:35:25.8730000,477
2026-05-25T13:35:26.9240000,464
2026-05-25T13:35:27.9650000,464
2026-05-25T13:35:29.0050000,458
2026-05-25T13:35:30.0460000,480
2026-05-25T13:35:31.0870000,470
2026-05-25T13:35:32.1280000,462
2026-05-25T13:35:33.1690000,468
2026-05-25T13:35:34.2200000,449
2026-05-25T13:35:35.2610000,466
2026-05-25T13:35:36.3020000,484
2026-05-25T13:35:37.3460000,469
2026-05-25T13:35:38.3870000,474
2026-05-25T13:35:39.4280000,461
2026-05-25T13:35:40.4680000,475
2026-05-25T13:35:41.5090000,481
2026-05-25T13:35:42.5600000,462
2026-05-25T13:35:43.6010000,470
2026-05-25T13:35:44.6420000,467
2026-05-25T13:35:45.6830000,467
2026-05-25T13:35:46.7240000,463
2026-05-25T13:35:47.7650000,475
2026-05-25T13:35:48.8050000,485
2026-05-25T13:35:49.8590000,465
2026-05-25T13:35:50.8970000,472
2026-05-25T13:35:51.9380000,466
2026-05-25T13:35:52.9780000,458
2026-05-25T13:35:54.0190000,456
2026-05-25T13:35:55.0700000,465
2026-05-25T13:35:56.1110000,485
2026-05-25T13:35:57.1520000,463
2026-05-25T13:35:58.1920000,482
2026-05-25T13:35:59.2330000,479
2026-05-25T13:36:00.2740000,456
2026-05-25T13:36:01.3150000,463
2026-05-25T13:36:02.3660000,467
2026-05-25T13:36:03.4070000,470
2026-05-25T13:36:04.4510000,464
2026-05-25T13:36:05.4920000,466
2026-05-25T13:36:06.5330000,482
2026-05-25T13:36:07.5730000,470
2026-05-25T13:36:08.6140000,478
2026-05-25T13:36:09.6550000,457
2026-05-25T13:36:10.7060000,474
2026-05-25T13:36:11.7470000,474
2026-05-25T13:36:12.7880000,469
2026-05-25T13:36:13.8290000,475
2026-05-25T13:36:14.8700000,456
2026-05-25T13:36:15.9100000,443
2026-05-25T13:36:16.9620000,463
2026-05-25T13:36:18.0020000,466
2026-05-25T13:36:19.0430000,466
2026-05-25T13:36:20.0840000,458
2026-05-25T13:36:21.1250000,466
2026-05-25T13:36:22.1660000,459
2026-05-25T13:36:23.2070000,478
2026-05-25T13:36:24.2580000,467
2026-05-25T13:36:25.2990000,452
2026-05-25T13:36:26.3390000,463
2026-05-25T13:36:27.3800000,468
2026-05-25T13:36:28.4210000,453
2026-05-25T13:36:29.4620000,470
2026-05-25T13:36:30.5130000,462
2026-05-25T13:36:31.5540000,471
2026-05-25T13:36:32.5980000,476
2026-05-25T13:36:33.6390000,459
2026-05-25T13:36:34.6800000,448
2026-05-25T13:36:35.7200000,458
2026-05-25T13:36:36.7610000,469
2026-05-25T13:36:37.8020000,465
2026-05-25T13:36:38.8530000,464
2026-05-25T13:36:39.8960000,467
2026-05-25T13:36:40.9370000,453
2026-05-25T13:36:41.9780000,453
2026-05-25T13:36:43.0190000,476
2026-05-25T13:36:44.0590000,465
2026-05-25T13:36:45.1000000,459
2026-05-25T13:36:46.1480000,459
2026-05-25T13:36:47.1890000,467
2026-05-25T13:36:48.2300000,462
2026-05-25T13:36:49.2700000,460
2026-05-25T13:36:50.3110000,464
2026-05-25T13:36:51.3630000,472
2026-05-25T13:36:52.4040000,468
2026-05-25T13:36:53.4440000,465
2026-05-25T13:36:54.4850000,462
2026-05-25T13:36:55.5260000,468
2026-05-25T13:36:56.5670000,473
2026-05-25T13:36:57.6180000,454
2026-05-25T13:36:58.6590000,472
2026-05-25T13:36:59.7000000,465
2026-05-25T13:37:00.7400000,451
2026-05-25T13:37:01.7810000,468
2026-05-25T13:37:02.8220000,454
2026-05-25T13:37:03.8730000,465
2026-05-25T13:37:04.9140000,456
2026-05-25T13:37:05.9540000,450
2026-05-25T13:37:06.9950000,461
2026-05-25T13:37:08.0360000,451
2026-05-25T13:37:09.0770000,462
2026-05-25T13:37:10.1180000,444
2026-05-25T13:37:11.1690000,474
2026-05-25T13:37:12.2100000,460
2026-05-25T13:37:13.2510000,460
2026-05-25T13:37:14.2950000,470
2026-05-25T13:37:15.3360000,462
2026-05-25T13:37:16.3770000,455
2026-05-25T13:37:17.4170000,453
2026-05-25T13:37:18.4580000,457
2026-05-25T13:37:19.5090000,463
2026-05-25T13:37:20.5500000,464
2026-05-25T13:37:21.5910000,455
2026-05-25T13:37:22.6320000,448
2026-05-25T13:37:23.6730000,460
2026-05-25T13:37:24.7130000,456
2026-05-25T13:37:25.7650000,465
2026-05-25T13:37:26.8060000,461
2026-05-25T13:37:27.8500000,445
2026-05-25T13:37:28.8910000,467
2026-05-25T13:37:29.9340000,461
2026-05-25T13:37:30.9740000,458
2026-05-25T13:37:32.0150000,460
2026-05-25T13:37:33.0560000,465
2026-05-25T13:37:34.0970000,451
2026-05-25T13:37:35.1480000,455
2026-05-25T13:37:36.1890000,442
2026-05-25T13:37:37.2290000,461
2026-05-25T13:37:38.2700000,465
2026-05-25T13:37:39.3110000,452
2026-05-25T13:37:40.3520000,465
2026-05-25T13:37:41.4000000,461
2026-05-25T13:37:42.4410000,463
2026-05-25T13:37:43.4820000,465
2026-05-25T13:37:44.5220000,453
2026-05-25T13:37:45.5630000,461
2026-05-25T13:37:46.6140000,455
2026-05-25T13:37:47.6550000,442
2026-05-25T13:37:48.6960000,456
2026-05-25T13:37:49.7370000,455
2026-05-25T13:37:50.7780000,454
2026-05-25T13:37:51.8180000,463
2026-05-25T13:37:52.8590000,465
2026-05-25T13:37:53.9100000,455
2026-05-25T13:37:54.9440000,452
2026-05-25T13:37:55.9880000,464
2026-05-25T13:37:57.0390000,452
2026-05-25T13:37:58.0800000,449
2026-05-25T13:37:59.1210000,463
2026-05-25T13:38:00.1620000,442
2026-05-25T13:38:01.2030000,462
2026-05-25T13:38:02.2440000,469
2026-05-25T13:38:03.2950000,455
2026-05-25T13:38:04.3360000,453
2026-05-25T13:38:05.3760000,442
2026-05-25T13:38:06.4170000,459
2026-05-25T13:38:07.4580000,459
2026-05-25T13:38:08.4990000,458
2026-05-25T13:38:09.5470000,450
2026-05-25T13:38:10.5870000,456
2026-05-25T13:38:11.6280000,463
2026-05-25T13:38:12.6690000,466
2026-05-25T13:38:13.7200000,455
2026-05-25T13:38:14.7610000,442
2026-05-25T13:38:15.8020000,450
2026-05-25T13:38:16.8420000,466
2026-05-25T13:38:17.8830000,448
2026-05-25T13:38:18.9240000,439
2026-05-25T13:38:19.9750000,456
2026-05-25T13:38:21.0160000,455
2026-05-25T13:38:22.0560000,467
2026-05-25T13:38:23.1010000,466
2026-05-25T13:38:24.1410000,451
2026-05-25T13:38:25.1820000,449
2026-05-25T13:38:26.2230000,460
2026-05-25T13:38:27.2740000,451
2026-05-25T13:38:28.3150000,461
2026-05-25T13:38:29.3560000,447
2026-05-25T13:38:30.3970000,455
2026-05-25T13:38:31.4380000,454
2026-05-25T13:38:32.4780000,463
2026-05-25T13:38:33.5300000,464
2026-05-25T13:38:34.5700000,455
2026-05-25T13:38:35.6110000,461
2026-05-25T13:38:36.6520000,450
2026-05-25T13:38:37.6930000,462
2026-05-25T13:38:38.7330000,446
2026-05-25T13:38:39.7850000,455
2026-05-25T13:38:40.8250000,450
2026-05-25T13:38:41.8660000,446
2026-05-25T13:38:42.9070000,443
2026-05-25T13:38:43.9470000,441
2026-05-25T13:38:44.9990000,452
2026-05-25T13:38:46.0390000,445
2026-05-25T13:38:47.0800000,439
2026-05-25T13:38:48.1210000,455
2026-05-25T13:38:49.1620000,461
2026-05-25T13:38:50.2020000,465
2026-05-25T13:38:51.2540000,457
2026-05-25T13:38:52.2940000,439
2026-05-25T13:38:53.3350000,473
2026-05-25T13:38:54.3760000,450
2026-05-25T13:38:55.4170000,450
2026-05-25T13:38:56.4580000,442
2026-05-25T13:38:57.5090000,441
2026-05-25T13:38:58.5500000,445
2026-05-25T13:38:59.5900000,442
2026-05-25T13:39:00.6310000,454
2026-05-25T13:39:01.6720000,451
2026-05-25T13:39:02.7130000,453
2026-05-25T13:39:03.7640000,456
2026-05-25T13:39:04.7980000,452
2026-05-25T13:39:05.8490000,457
2026-05-25T13:39:06.8900000,444
2026-05-25T13:39:07.9310000,447
2026-05-25T13:39:08.9710000,451
2026-05-25T13:39:10.0130000,452
2026-05-25T13:39:11.0530000,446
2026-05-25T13:39:12.1050000,456
2026-05-25T13:39:13.1450000,457
2026-05-25T13:39:14.1860000,441
2026-05-25T13:39:15.2270000,445
2026-05-25T13:39:16.2680000,452
2026-05-25T13:39:17.3090000,447
2026-05-25T13:39:18.3600000,430
2026-05-25T13:39:19.4010000,442
2026-05-25T13:39:20.4420000,456
2026-05-25T13:39:21.4830000,446
2026-05-25T13:39:22.5230000,452
2026-05-25T13:39:23.5640000,453
2026-05-25T13:39:24.6150000,454
2026-05-25T13:39:25.6560000,455
2026-05-25T13:39:26.6970000,445
2026-05-25T13:39:27.7380000,444
2026-05-25T13:39:28.7790000,461
2026-05-25T13:39:29.8300000,448
2026-05-25T13:39:30.8710000,446
2026-05-25T13:39:31.9110000,447
2026-05-25T13:39:32.9520000,451
2026-05-25T13:39:33.9930000,441
2026-05-25T13:39:35.0340000,459
2026-05-25T13:39:36.0850000,462
2026-05-25T13:39:37.1250000,448
2026-05-25T13:39:38.1660000,451
2026-05-25T13:39:39.2070000,448
2026-05-25T13:39:40.2480000,446
2026-05-25T13:39:41.2890000,456
2026-05-25T13:39:42.3400000,446
2026-05-25T13:39:43.3810000,447
2026-05-25T13:39:44.4210000,442
2026-05-25T13:39:45.4620000,431
2026-05-25T13:39:46.5070000,453
2026-05-25T13:39:47.5470000,444
2026-05-25T13:39:48.5880000,461
2026-05-25T13:39:49.6290000,451
2026-05-25T13:39:50.6800000,439
2026-05-25T13:39:51.7210000,459
2026-05-25T13:39:52.7620000,446
2026-05-25T13:39:53.8020000,447
2026-05-25T13:39:54.8430000,446
2026-05-25T13:39:55.8950000,450
2026-05-25T13:39:56.9350000,445
2026-05-25T13:39:57.9760000,443
2026-05-25T13:39:59.0170000,445
2026-05-25T13:40:00.0580000,451
2026-05-25T13:40:01.0990000,461
2026-05-25T13:40:02.1500000,456
2026-05-25T13:40:03.1910000,441
2026-05-25T13:40:04.2310000,447
2026-05-25T13:40:05.2720000,436
2026-05-25T13:40:06.3130000,447
2026-05-25T13:40:07.3540000,438
2026-05-25T13:40:08.4050000,429
2026-05-25T13:40:09.4460000,448
2026-05-25T13:40:10.4870000,454
2026-05-25T13:40:11.5280000,457
2026-05-25T13:40:12.5690000,452
2026-05-25T13:40:13.6130000,445
2026-05-25T13:40:14.6530000,447
2026-05-25T13:40:15.6940000,446
2026-05-25T13:40:16.7450000,456
2026-05-25T13:40:17.7860000,444
2026-05-25T13:40:18.8270000,449
2026-05-25T13:40:19.8680000,441
2026-05-25T13:40:20.9080000,449
2026-05-25T13:40:21.9600000,454
2026-05-25T13:40:23.0010000,445
2026-05-25T13:40:24.0410000,455
2026-05-25T13:40:25.0820000,447
2026-05-25T13:40:26.1230000,453
2026-05-25T13:40:27.1640000,446
2026-05-25T13:40:28.2150000,445
2026-05-25T13:40:29.2560000,469
2026-05-25T13:40:30.2970000,451
2026-05-25T13:40:31.3370000,439
2026-05-25T13:40:32.3780000,455
2026-05-25T13:40:33.4190000,454
2026-05-25T13:40:34.4700000,445
2026-05-25T13:40:35.5110000,435
2026-05-25T13:40:36.5520000,441
2026-05-25T13:40:37.5930000,448
2026-05-25T13:40:38.6330000,458
2026-05-25T13:40:39.6840000,453
2026-05-25T13:40:40.7250000,451
2026-05-25T13:40:41.7690000,452
2026-05-25T13:40:42.8100000,444
2026-05-25T13:40:43.8510000,438
2026-05-25T13:40:44.8920000,425
2026-05-25T13:40:45.9330000,448
2026-05-25T13:40:46.9730000,443
2026-05-25T13:40:48.0250000,442
2026-05-25T13:40:49.0650000,449
2026-05-25T13:40:50.1070000,440
2026-05-25T13:40:51.1470000,450
2026-05-25T13:40:52.1880000,438
2026-05-25T13:40:53.2390000,440
2026-05-25T13:40:54.2800000,458
2026-05-25T13:40:55.3210000,445
2026-05-25T13:40:56.3620000,442
2026-05-25T13:40:57.4030000,439
2026-05-25T13:40:58.4430000,453
2026-05-25T13:40:59.4950000,440
2026-05-25T13:41:00.5350000,460
2026-05-25T13:41:01.5760000,434
2026-05-25T13:41:02.6170000,445
2026-05-25T13:41:03.6570000,438
2026-05-25T13:41:04.6980000,449
2026-05-25T13:41:05.7490000,441
2026-05-25T13:41:06.7900000,444
2026-05-25T13:41:07.8310000,444
2026-05-25T13:41:08.8750000,462
2026-05-25T13:41:09.9160000,442
2026-05-25T13:41:10.9570000,448
2026-05-25T13:41:11.9980000,442
2026-05-25T13:41:13.0490000,438
2026-05-25T13:41:14.0900000,460
2026-05-25T13:41:15.1300000,453
2026-05-25T13:41:16.1710000,446
2026-05-25T13:41:17.2120000,442
2026-05-25T13:41:18.2630000,450
2026-05-25T13:41:19.3040000,433
2026-05-25T13:41:20.3450000,462
2026-05-25T13:41:21.3850000,450
2026-05-25T13:41:22.4260000,448
2026-05-25T13:41:23.4670000,461
2026-05-25T13:41:24.5180000,450
2026-05-25T13:41:25.5590000,452
2026-05-25T13:41:26.5990000,444
2026-05-25T13:41:27.6400000,448
2026-05-25T13:41:28.6810000,451
2026-05-25T13:41:29.7320000,452
2026-05-25T13:41:30.7730000,450
2026-05-25T13:41:31.8140000,450
2026-05-25T13:41:32.8540000,441
2026-05-25T13:41:33.8950000,442
2026-05-25T13:41:34.9360000,442
2026-05-25T13:41:35.9870000,447
2026-05-25T13:41:37.0210000,452
2026-05-25T13:41:38.0720000,452
2026-05-25T13:41:39.1130000,442
2026-05-25T13:41:40.1540000,456
2026-05-25T13:41:41.1950000,445
2026-05-25T13:41:42.2350000,451
2026-05-25T13:41:43.2870000,450
2026-05-25T13:41:44.3270000,461
2026-05-25T13:41:45.3680000,452
2026-05-25T13:41:46.4090000,448
2026-05-25T13:41:47.4500000,446
2026-05-25T13:41:48.4900000,448
2026-05-25T13:41:49.5420000,441
2026-05-25T13:41:50.5760000,459
2026-05-25T13:41:51.6270000,456
2026-05-25T13:41:52.6680000,450
2026-05-25T13:41:53.7080000,441
2026-05-25T13:41:54.7490000,451
2026-05-25T13:41:55.7900000,450
2026-05-25T13:41:56.8410000,442
2026-05-25T13:41:57.8820000,444
2026-05-25T13:41:58.9230000,439
2026-05-25T13:41:59.9630000,454
2026-05-25T13:42:01.0040000,454
2026-05-25T13:42:02.0450000,449
2026-05-25T13:42:03.0960000,440
2026-05-25T13:42:04.1370000,455
2026-05-25T13:42:05.1780000,440
2026-05-25T13:42:06.2180000,452
2026-05-25T13:42:07.2590000,438
2026-05-25T13:42:08.3100000,447
2026-05-25T13:42:09.3510000,447
2026-05-25T13:42:10.3920000,426
2026-05-25T13:42:11.4330000,447
2026-05-25T13:42:12.4730000,452
2026-05-25T13:42:13.5140000,453
2026-05-25T13:42:14.5650000,443
2026-05-25T13:42:15.6060000,447
2026-05-25T13:42:16.6470000,456
2026-05-25T13:42:17.6870000,443
2026-05-25T13:42:18.7280000,442
2026-05-25T13:42:19.7790000,448
2026-05-25T13:42:20.8200000,446
2026-05-25T13:42:21.8610000,434
2026-05-25T13:42:22.9020000,441
2026-05-25T13:42:23.9430000,456
2026-05-25T13:42:24.9830000,452
2026-05-25T13:42:26.0350000,446
2026-05-25T13:42:27.0750000,441
2026-05-25T13:42:28.1160000,438
2026-05-25T13:42:29.1570000,450
2026-05-25T13:42:30.1980000,444
2026-05-25T13:42:31.2390000,447
2026-05-25T13:42:32.2900000,442
2026-05-25T13:42:33.3310000,438
2026-05-25T13:42:34.3710000,444
2026-05-25T13:42:35.4120000,448
2026-05-25T13:42:36.4530000,442
2026-05-25T13:42:37.4930000,447
2026-05-25T13:42:38.5450000,442
2026-05-25T13:42:39.5850000,441
2026-05-25T13:42:40.6260000,449
2026-05-25T13:42:41.6670000,453
2026-05-25T13:42:42.7080000,445
2026-05-25T13:42:43.7590000,455
2026-05-25T13:42:44.8000000,437
2026-05-25T13:42:45.8410000,447
2026-05-25T13:42:46.8810000,437
2026-05-25T13:42:47.9220000,433
2026-05-25T13:42:48.9630000,435
2026-05-25T13:42:50.0140000,436
2026-05-25T13:42:51.0550000,444
2026-05-25T13:42:52.0960000,445
2026-05-25T13:42:53.1360000,460
2026-05-25T13:42:54.1770000,436
2026-05-25T13:42:55.2280000,454
2026-05-25T13:42:56.2690000,446
2026-05-25T13:42:57.3100000,431
2026-05-25T13:42:58.3510000,438
2026-05-25T13:42:59.3910000,440
2026-05-25T13:43:00.4330000,453
2026-05-25T13:43:01.4840000,448
2026-05-25T13:43:02.5250000,435
2026-05-25T13:43:03.5660000,433
2026-05-25T13:43:04.6060000,440
2026-05-25T13:43:05.6470000,432
2026-05-25T13:43:06.6880000,440
2026-05-25T13:43:07.7390000,437
2026-05-25T13:43:08.7800000,445
2026-05-25T13:43:09.8210000,452
2026-05-25T13:43:10.8610000,435
2026-05-25T13:43:11.9020000,434
2026-05-25T13:43:12.9530000,439
2026-05-25T13:43:13.9940000,448
2026-05-25T13:43:15.0350000,438
2026-05-25T13:43:16.0760000,445
2026-05-25T13:43:17.1160000,442
2026-05-25T13:43:18.1570000,437
2026-05-25T13:43:19.2090000,456
2026-05-25T13:43:20.2500000,439
2026-05-25T13:43:21.2900000,426
2026-05-25T13:43:22.3310000,447
2026-05-25T13:43:23.3720000,437
2026-05-25T13:43:24.4120000,445
2026-05-25T13:43:25.4640000,441
2026-05-25T13:43:26.5040000,451
2026-05-25T13:43:27.5490000,435
2026-05-25T13:43:28.5890000,427
2026-05-25T13:43:29.6300000,441
2026-05-25T13:43:30.6710000,454
2026-05-25T13:43:31.7120000,424
2026-05-25T13:43:32.7640000,448
2026-05-25T13:43:33.8040000,433
2026-05-25T13:43:34.8450000,440
2026-05-25T13:43:35.8860000,429
2026-05-25T13:43:36.9270000,435
2026-05-25T13:43:37.9680000,434
2026-05-25T13:43:39.0190000,434
2026-05-25T13:43:40.0600000,445
2026-05-25T13:43:41.1000000,422
2026-05-25T13:43:42.1410000,433
2026-05-25T13:43:43.1820000,435
2026-05-25T13:43:44.2230000,435
2026-05-25T13:43:45.2740000,459
2026-05-25T13:43:46.3150000,443
2026-05-25T13:43:47.3560000,438
2026-05-25T13:43:48.3970000,443
2026-05-25T13:43:49.4370000,441
2026-05-25T13:43:50.4890000,433
2026-05-25T13:43:51.5300000,441
2026-05-25T13:43:52.5700000,434
2026-05-25T13:43:53.6110000,441
2026-05-25T13:43:54.6520000,433
2026-05-25T13:43:55.6930000,424
2026-05-25T13:43:56.7440000,431
2026-05-25T13:43:57.7850000,447
2026-05-25T13:43:58.8250000,433
2026-05-25T13:43:59.8660000,433
2026-05-25T13:44:00.9070000,437
2026-05-25T13:44:01.9480000,435
2026-05-25T13:44:02.9990000,434
2026-05-25T13:44:04.0400000,440
2026-05-25T13:44:05.0800000,429
2026-05-25T13:44:06.1210000,433
2026-05-25T13:44:07.1620000,447
2026-05-25T13:44:08.2130000,446
2026-05-25T13:44:09.2540000,433
2026-05-25T13:44:10.2950000,444
2026-05-25T13:44:11.3360000,441
2026-05-25T13:44:12.3760000,429
2026-05-25T13:44:13.4170000,442
2026-05-25T13:44:14.4680000,430
2026-05-25T13:44:15.5090000,437
2026-05-25T13:44:16.5500000,434
2026-05-25T13:44:17.5910000,433
2026-05-25T13:44:18.6310000,430
2026-05-25T13:44:19.6830000,428
2026-05-25T13:44:20.7240000,433
2026-05-25T13:44:21.7640000,451
2026-05-25T13:44:22.8090000,440
2026-05-25T13:44:23.8490000,430
2026-05-25T13:44:24.8900000,432
2026-05-25T13:44:25.9310000,441
2026-05-25T13:44:26.9720000,440
2026-05-25T13:44:28.0230000,423
2026-05-25T13:44:29.0640000,435
2026-05-25T13:44:30.1050000,437
2026-05-25T13:44:31.1460000,437
2026-05-25T13:44:32.1860000,445
2026-05-25T13:44:33.2270000,438
2026-05-25T13:44:34.2780000,432
2026-05-25T13:44:35.3190000,423
2026-05-25T13:44:36.3590000,431
2026-05-25T13:44:37.4000000,450
2026-05-25T13:44:38.4410000,422
2026-05-25T13:44:39.4920000,452
2026-05-25T13:44:40.5330000,439
2026-05-25T13:44:41.5740000,437
2026-05-25T13:44:42.6150000,446
2026-05-25T13:44:43.6560000,439
2026-05-25T13:44:44.6960000,448
2026-05-25T13:44:45.7480000,441
2026-05-25T13:44:46.7880000,435
2026-05-25T13:44:47.8290000,443
2026-05-25T13:44:48.8700000,434
2026-05-25T13:44:49.9140000,438
2026-05-25T13:44:50.9550000,433
2026-05-25T13:44:51.9960000,444
2026-05-25T13:44:53.0370000,447
2026-05-25T13:44:54.0880000,456
2026-05-25T13:44:55.1290000,437
2026-05-25T13:44:56.1690000,447
2026-05-25T13:44:57.2100000,442
2026-05-25T13:44:58.2510000,446
2026-05-25T13:44:59.3020000,442
2026-05-25T13:45:00.3430000,430
2026-05-25T13:45:01.3840000,451
2026-05-25T13:45:02.4240000,456
2026-05-25T13:45:03.4650000,442
2026-05-25T13:45:04.5060000,451
2026-05-25T13:45:05.5570000,438
2026-05-25T13:45:06.5980000,448
2026-05-25T13:45:07.6390000,438
2026-05-25T13:45:08.6800000,438
2026-05-25T13:45:09.7210000,427
2026-05-25T13:45:10.7620000,442
2026-05-25T13:45:11.8130000,444
2026-05-25T13:45:12.8540000,440
2026-05-25T13:45:13.8950000,441
2026-05-25T13:45:14.9350000,442
2026-05-25T13:45:15.9760000,447
2026-05-25T13:45:17.0170000,432
2026-05-25T13:45:18.0680000,430
2026-05-25T13:45:19.1090000,439
2026-05-25T13:45:20.1500000,435
2026-05-25T13:45:21.1910000,432
2026-05-25T13:45:22.2310000,427
2026-05-25T13:45:23.2720000,452
2026-05-25T13:45:24.3230000,462
2026-05-25T13:45:25.3640000,445
2026-05-25T13:45:26.4050000,442
2026-05-25T13:45:27.4460000,433
2026-05-25T13:45:28.4860000,431
2026-05-25T13:45:29.5270000,438
2026-05-25T13:45:30.5790000,434
2026-05-25T13:45:31.6200000,452
2026-05-25T13:45:32.6610000,444
2026-05-25T13:45:33.7020000,438
2026-05-25T13:45:34.7420000,441
2026-05-25T13:45:35.7830000,433
2026-05-25T13:45:36.8350000,453
2026-05-25T13:45:37.8750000,428
2026-05-25T13:45:38.9160000,431
2026-05-25T13:45:39.9570000,439
2026-05-25T13:45:40.9980000,441
2026-05-25T13:45:42.0490000,439
2026-05-25T13:45:43.0900000,445
2026-05-25T13:45:44.1310000,448
2026-05-25T13:45:45.1710000,440
2026-05-25T13:45:46.2120000,447
2026-05-25T13:45:47.2530000,450
2026-05-25T13:45:48.3040000,438
2026-05-25T13:45:49.3450000,428
2026-05-25T13:45:50.3850000,450
2026-05-25T13:45:51.4260000,427
2026-05-25T13:45:52.4670000,441
2026-05-25T13:45:53.5080000,439
2026-05-25T13:45:54.5590000,427
2026-05-25T13:45:55.6000000,433
2026-05-25T13:45:56.6410000,441
2026-05-25T13:45:57.6810000,434
2026-05-25T13:45:58.7220000,440
2026-05-25T13:45:59.7730000,441
2026-05-25T13:46:00.8140000,437
2026-05-25T13:46:01.8550000,446
2026-05-25T13:46:02.8960000,436
2026-05-25T13:46:03.9370000,445
2026-05-25T13:46:04.9780000,427
2026-05-25T13:46:06.0290000,435
2026-05-25T13:46:07.0700000,441
2026-05-25T13:46:08.1100000,432
2026-05-25T13:46:09.1510000,438
2026-05-25T13:46:10.1920000,444
2026-05-25T13:46:11.2330000,463
2026-05-25T13:46:12.2840000,435
2026-05-25T13:46:13.3180000,435
2026-05-25T13:46:14.3690000,442
2026-05-25T13:46:15.4100000,452
2026-05-25T13:46:16.4510000,437
2026-05-25T13:46:17.4910000,440
2026-05-25T13:46:18.5320000,436
2026-05-25T13:46:19.5730000,439
2026-05-25T13:46:20.6140000,466
2026-05-25T13:46:21.6660000,431
2026-05-25T13:46:22.7060000,448
2026-05-25T13:46:23.7470000,428
2026-05-25T13:46:24.7880000,446
2026-05-25T13:46:25.8290000,457
2026-05-25T13:46:26.8700000,468
2026-05-25T13:46:27.9210000,437
2026-05-25T13:46:28.9620000,450
2026-05-25T13:46:30.0030000,450
2026-05-25T13:46:31.0430000,450
2026-05-25T13:46:32.0840000,453
2026-05-25T13:46:33.1250000,457
2026-05-25T13:46:34.1760000,463
2026-05-25T13:46:35.2160000,446
2026-05-25T13:46:36.2570000,447
2026-05-25T13:46:37.2980000,453
2026-05-25T13:46:38.3390000,451
2026-05-25T13:46:39.3900000,423
2026-05-25T13:46:40.4240000,452
2026-05-25T13:46:41.4750000,451
2026-05-25T13:46:42.5160000,450
2026-05-25T13:46:43.5570000,464
2026-05-25T13:46:44.5970000,456
2026-05-25T13:46:45.6380000,462
2026-05-25T13:46:46.6790000,454
2026-05-25T13:46:47.7310000,454
2026-05-25T13:46:48.7710000,474
2026-05-25T13:46:49.8120000,455
2026-05-25T13:46:50.8560000,454
2026-05-25T13:46:51.8970000,475
2026-05-25T13:46:52.9370000,466
2026-05-25T13:46:53.9850000,449
2026-05-25T13:46:55.0260000,453
2026-05-25T13:46:56.0670000,458
2026-05-25T13:46:57.1070000,448
2026-05-25T13:46:58.1480000,470
2026-05-25T13:46:59.1990000,456
2026-05-25T13:47:00.2400000,454
2026-05-25T13:47:01.2810000,465
2026-05-25T13:47:02.3220000,458
2026-05-25T13:47:03.3630000,477
2026-05-25T13:47:04.4040000,473
2026-05-25T13:47:05.4550000,461
2026-05-25T13:47:06.4960000,451
2026-05-25T13:47:07.5360000,459
2026-05-25T13:47:08.5810000,462
2026-05-25T13:47:09.6210000,468
2026-05-25T13:47:10.6630000,472
2026-05-25T13:47:11.7040000,456
2026-05-25T13:47:12.7440000,467
2026-05-25T13:47:13.7960000,460
2026-05-25T13:47:14.8370000,455
2026-05-25T13:47:15.8770000,458
2026-05-25T13:47:16.9180000,462
2026-05-25T13:47:17.9590000,468
2026-05-25T13:47:19.0000000,470
2026-05-25T13:47:20.0510000,467
2026-05-25T13:47:21.0910000,456
2026-05-25T13:47:22.1320000,467
2026-05-25T13:47:23.1730000,454
2026-05-25T13:47:24.2140000,456
2026-05-25T13:47:25.2650000,461
2026-05-25T13:47:26.3060000,455
2026-05-25T13:47:27.3460000,452
2026-05-25T13:47:28.3870000,472
2026-05-25T13:47:29.4280000,461
2026-05-25T13:47:30.4690000,463
2026-05-25T13:47:31.5200000,466
2026-05-25T13:47:32.5610000,467
2026-05-25T13:47:33.6020000,447
2026-05-25T13:47:34.6420000,461
2026-05-25T13:47:35.6830000,457
2026-05-25T13:47:36.7240000,466
2026-05-25T13:47:37.7760000,467
2026-05-25T13:47:38.8160000,466
2026-05-25T13:47:39.8570000,482
2026-05-25T13:47:40.8980000,457
2026-05-25T13:47:41.9390000,460
2026-05-25T13:47:42.9790000,466
2026-05-25T13:47:44.0300000,455
2026-05-25T13:47:45.0710000,457
2026-05-25T13:47:46.1120000,472
2026-05-25T13:47:47.1530000,451
2026-05-25T13:47:48.1930000,474
2026-05-25T13:47:49.2450000,466
2026-05-25T13:47:50.2850000,484
2026-05-25T13:47:51.3260000,475
2026-05-25T13:47:52.3670000,459
2026-05-25T13:47:53.4080000,464
2026-05-25T13:47:54.4490000,452
2026-05-25T13:47:55.5000000,466
2026-05-25T13:47:56.5410000,462
2026-05-25T13:47:57.5820000,471
2026-05-25T13:47:58.6220000,469
2026-05-25T13:47:59.6630000,463
2026-05-25T13:48:00.7040000,461
2026-05-25T13:48:01.7560000,462
2026-05-25T13:48:02.7960000,462
2026-05-25T13:48:03.8410000,462
2026-05-25T13:48:04.8820000,451
2026-05-25T13:48:05.9220000,476
2026-05-25T13:48:06.9630000,447
2026-05-25T13:48:08.0040000,460
2026-05-25T13:48:09.0440000,464
2026-05-25T13:48:10.0950000,455
2026-05-25T13:48:11.1360000,460
2026-05-25T13:48:12.1770000,463
2026-05-25T13:48:13.2180000,460
2026-05-25T13:48:14.2590000,466
2026-05-25T13:48:15.2990000,462
2026-05-25T13:48:16.3510000,460
2026-05-25T13:48:17.3910000,441
2026-05-25T13:48:18.4320000,455
2026-05-25T13:48:19.4730000,460
2026-05-25T13:48:20.5140000,447
2026-05-25T13:48:21.5550000,462
2026-05-25T13:48:22.6060000,463
2026-05-25T13:48:23.6470000,459
2026-05-25T13:48:24.6880000,461
2026-05-25T13:48:25.7290000,468
2026-05-25T13:48:26.7690000,477
2026-05-25T13:48:27.8210000,475
2026-05-25T13:48:28.8620000,455
2026-05-25T13:48:29.9020000,466
2026-05-25T13:48:30.9400000,453
2026-05-25T13:48:31.9910000,453
2026-05-25T13:48:33.0310000,470
2026-05-25T13:48:34.0720000,461
2026-05-25T13:48:35.1130000,463
2026-05-25T13:48:36.1540000,455
2026-05-25T13:48:37.1950000,467
2026-05-25T13:48:38.2460000,457
2026-05-25T13:48:39.2870000,456
2026-05-25T13:48:40.3280000,458
2026-05-25T13:48:41.3680000,456
2026-05-25T13:48:42.4090000,482
2026-05-25T13:48:43.4610000,459
2026-05-25T13:48:44.5010000,468
2026-05-25T13:48:45.5420000,466
2026-05-25T13:48:46.5830000,466
2026-05-25T13:48:47.6240000,462
2026-05-25T13:48:48.6650000,461
2026-05-25T13:48:49.7160000,462
2026-05-25T13:48:50.7570000,461
2026-05-25T13:48:51.7980000,467
2026-05-25T13:48:52.8390000,456
2026-05-25T13:48:53.8790000,462
2026-05-25T13:48:54.9200000,459
2026-05-25T13:48:55.9710000,446
2026-05-25T13:48:57.0120000,451
2026-05-25T13:48:58.0530000,453
2026-05-25T13:48:59.0970000,455
2026-05-25T13:49:00.1380000,462
2026-05-25T13:49:01.1790000,446
2026-05-25T13:49:02.2190000,458
2026-05-25T13:49:03.2710000,460
2026-05-25T13:49:04.3120000,456
2026-05-25T13:49:05.3530000,460
2026-05-25T13:49:06.3930000,466
2026-05-25T13:49:07.4340000,464
2026-05-25T13:49:08.4750000,466
2026-05-25T13:49:09.5260000,454
2026-05-25T13:49:10.5670000,462
2026-05-25T13:49:11.6080000,458
2026-05-25T13:49:12.6490000,455
2026-05-25T13:49:13.6890000,459
2026-05-25T13:49:14.7300000,455
2026-05-25T13:49:15.7810000,446
2026-05-25T13:49:16.8220000,451
2026-05-25T13:49:17.8630000,456
2026-05-25T13:49:18.9040000,459
2026-05-25T13:49:19.9440000,444
2026-05-25T13:49:20.9950000,454
2026-05-25T13:49:22.0360000,446
2026-05-25T13:49:23.0770000,451
2026-05-25T13:49:24.1180000,467
2026-05-25T13:49:25.1580000,441
2026-05-25T13:49:26.2030000,458
2026-05-25T13:49:27.2440000,454
2026-05-25T13:49:28.2840000,468
2026-05-25T13:49:29.3360000,477
2026-05-25T13:49:30.3760000,448
2026-05-25T13:49:31.4170000,460
2026-05-25T13:49:32.4580000,459
2026-05-25T13:49:33.4990000,455
2026-05-25T13:49:34.5400000,452
2026-05-25T13:49:35.5910000,466
2026-05-25T13:49:36.6320000,458
2026-05-25T13:49:37.6730000,456
2026-05-25T13:49:38.7140000,443
2026-05-25T13:49:39.7540000,464
2026-05-25T13:49:40.8060000,459
2026-05-25T13:49:41.8460000,458
2026-05-25T13:49:42.8870000,454
2026-05-25T13:49:43.9280000,449
2026-05-25T13:49:44.9690000,455
2026-05-25T13:49:46.0090000,457
2026-05-25T13:49:47.0610000,467
2026-05-25T13:49:48.1020000,455
2026-05-25T13:49:49.1420000,453
2026-05-25T13:49:50.1830000,470
2026-05-25T13:49:51.2240000,454
2026-05-25T13:49:52.2650000,441
2026-05-25T13:49:53.3160000,441
2026-05-25T13:49:54.3570000,445
2026-05-25T13:49:55.3980000,446
2026-05-25T13:49:56.4390000,452
2026-05-25T13:49:57.4790000,459
2026-05-25T13:49:58.5310000,452
2026-05-25T13:49:59.5720000,442
2026-05-25T13:50:00.6120000,458
2026-05-25T13:50:01.6530000,448
2026-05-25T13:50:02.6940000,448
2026-05-25T13:50:03.7350000,453
2026-05-25T13:50:04.7860000,449
2026-05-25T13:50:05.8270000,459
2026-05-25T13:50:06.8670000,446
2026-05-25T13:50:07.9120000,456
2026-05-25T13:50:08.9530000,451
2026-05-25T13:50:09.9930000,440
2026-05-25T13:50:11.0340000,445
2026-05-25T13:50:12.0850000,442
2026-05-25T13:50:13.1260000,450
2026-05-25T13:50:14.1670000,453
2026-05-25T13:50:15.2080000,444
2026-05-25T13:50:16.2490000,455
2026-05-25T13:50:17.2890000,452
2026-05-25T13:50:18.3410000,466
2026-05-25T13:50:19.3810000,456
2026-05-25T13:50:20.4220000,448
2026-05-25T13:50:21.4630000,466
2026-05-25T13:50:22.5040000,445
2026-05-25T13:50:23.5550000,450
2026-05-25T13:50:24.5960000,439
2026-05-25T13:50:25.6370000,442
2026-05-25T13:50:26.6770000,455
2026-05-25T13:50:27.7180000,435
2026-05-25T13:50:28.7590000,442
2026-05-25T13:50:29.8100000,445
2026-05-25T13:50:30.8510000,438
2026-05-25T13:50:31.8910000,454
2026-05-25T13:50:32.9320000,449
2026-05-25T13:50:33.9730000,449
2026-05-25T13:50:35.0240000,442
2026-05-25T13:50:36.0650000,439
2026-05-25T13:50:37.1060000,451
2026-05-25T13:50:38.1460000,452
2026-05-25T13:50:39.1870000,446
2026-05-25T13:50:40.2280000,442
2026-05-25T13:50:41.2790000,446
2026-05-25T13:50:42.3200000,446
2026-05-25T13:50:43.3610000,440
2026-05-25T13:50:44.4020000,423
2026-05-25T13:50:45.4420000,451
2026-05-25T13:50:46.4940000,438
2026-05-25T13:50:47.5340000,445
2026-05-25T13:50:48.5750000,438
2026-05-25T13:50:49.6190000,451
2026-05-25T13:50:50.6610000,433
2026-05-25T13:50:51.7010000,444
2026-05-25T13:50:52.7420000,459
2026-05-25T13:50:53.7830000,434
2026-05-25T13:50:54.8340000,431
2026-05-25T13:50:55.8750000,446
2026-05-25T13:50:56.9160000,431
2026-05-25T13:50:57.9560000,434
2026-05-25T13:50:58.9970000,425
2026-05-25T13:51:00.0380000,441
2026-05-25T13:51:01.0890000,440
2026-05-25T13:51:02.1300000,433
2026-05-25T13:51:03.1710000,448
2026-05-25T13:51:04.2120000,428
2026-05-25T13:51:05.2530000,441
2026-05-25T13:51:06.3040000,430
2026-05-25T13:51:07.3450000,441
2026-05-25T13:51:08.3850000,431
2026-05-25T13:51:09.4260000,439
2026-05-25T13:51:10.4670000,441
2026-05-25T13:51:11.5180000,443
2026-05-25T13:51:12.5590000,433
2026-05-25T13:51:13.6000000,447
2026-05-25T13:51:14.6410000,455
2026-05-25T13:51:15.6810000,453
2026-05-25T13:51:16.7220000,449
2026-05-25T13:51:17.7730000,442
2026-05-25T13:51:18.8140000,450
2026-05-25T13:51:19.8550000,461
2026-05-25T13:51:20.8950000,456
2026-05-25T13:51:21.9360000,447
2026-05-25T13:51:22.9880000,450
2026-05-25T13:51:24.0280000,465
2026-05-25T13:51:25.0690000,446
2026-05-25T13:51:26.1100000,444
2026-05-25T13:51:27.1510000,446
2026-05-25T13:51:28.1920000,438
2026-05-25T13:51:29.2430000,429
2026-05-25T13:51:30.2770000,429
2026-05-25T13:51:31.3280000,445
2026-05-25T13:51:32.3690000,437
2026-05-25T13:51:33.4100000,446
2026-05-25T13:51:34.4500000,459
2026-05-25T13:51:35.4910000,442
2026-05-25T13:51:36.5320000,434
2026-05-25T13:51:37.5830000,445
2026-05-25T13:51:38.6240000,441
2026-05-25T13:51:39.6650000,443
2026-05-25T13:51:40.7060000,444
2026-05-25T13:51:41.7470000,451
2026-05-25T13:51:42.7980000,445
2026-05-25T13:51:43.8390000,450
2026-05-25T13:51:44.8830000,453
2026-05-25T13:51:45.9230000,457
2026-05-25T13:51:46.9640000,462
2026-05-25T13:51:48.0050000,427
2026-05-25T13:51:49.0460000,427
2026-05-25T13:51:50.0870000,442
2026-05-25T13:51:51.1380000,446
2026-05-25T13:51:52.1790000,438
2026-05-25T13:51:53.2190000,437
2026-05-25T13:51:54.2600000,447
2026-05-25T13:51:55.3010000,442
2026-05-25T13:51:56.3520000,433
2026-05-25T13:51:57.3930000,441
2026-05-25T13:51:58.4340000,449
2026-05-25T13:51:59.4750000,445
2026-05-25T13:52:00.5160000,441
2026-05-25T13:52:01.5560000,446
2026-05-25T13:52:02.6080000,447
2026-05-25T13:52:03.6480000,440
2026-05-25T13:52:04.6890000,439
2026-05-25T13:52:05.7300000,433
2026-05-25T13:52:06.7710000,434
2026-05-25T13:52:07.8220000,431
2026-05-25T13:52:08.8630000,448
2026-05-25T13:52:09.9040000,444
2026-05-25T13:52:10.9450000,443
2026-05-25T13:52:11.9860000,435
2026-05-25T13:52:13.0260000,456
2026-05-25T13:52:14.0780000,438
2026-05-25T13:52:15.1180000,423
2026-05-25T13:52:16.1590000,447
2026-05-25T13:52:17.2000000,433
2026-05-25T13:52:18.2410000,440
2026-05-25T13:52:19.2810000,444
2026-05-25T13:52:20.3330000,444
2026-05-25T13:52:21.3730000,435
2026-05-25T13:52:22.4140000,439
2026-05-25T13:52:23.4550000,438
2026-05-25T13:52:24.4960000,439
2026-05-25T13:52:25.5360000,441
2026-05-25T13:52:26.5840000,437
2026-05-25T13:52:27.6250000,444
2026-05-25T13:52:28.6650000,434
2026-05-25T13:52:29.7170000,440
2026-05-25T13:52:30.7580000,428
2026-05-25T13:52:31.7990000,424
2026-05-25T13:52:32.8400000,433
2026-05-25T13:52:33.8800000,438
2026-05-25T13:52:34.9210000,446
2026-05-25T13:52:35.9720000,444
2026-05-25T13:52:37.0130000,452
2026-05-25T13:52:38.0540000,442
2026-05-25T13:52:39.0950000,434
2026-05-25T13:52:40.1350000,429
2026-05-25T13:52:41.1760000,431
2026-05-25T13:52:42.2280000,441
2026-05-25T13:52:43.2680000,446
2026-05-25T13:52:44.3090000,438
2026-05-25T13:52:45.3500000,438
2026-05-25T13:52:46.3910000,445
2026-05-25T13:52:47.4320000,460
2026-05-25T13:52:48.4830000,443
2026-05-25T13:52:49.5240000,433
2026-05-25T13:52:50.5670000,443
2026-05-25T13:52:51.6080000,438
2026-05-25T13:52:52.6480000,453
2026-05-25T13:52:53.6890000,435
2026-05-25T13:52:54.7300000,439
2026-05-25T13:52:55.7810000,439
2026-05-25T13:52:56.8220000,441
2026-05-25T13:52:57.8630000,435
2026-05-25T13:52:58.9030000,453
2026-05-25T13:52:59.9440000,422
2026-05-25T13:53:00.9960000,446
2026-05-25T13:53:02.0360000,445
2026-05-25T13:53:03.0780000,432
2026-05-25T13:53:04.1180000,451
2026-05-25T13:53:05.1590000,421
2026-05-25T13:53:06.2000000,441
2026-05-25T13:53:07.2510000,442
2026-05-25T13:53:08.2920000,438
2026-05-25T13:53:09.3330000,441
2026-05-25T13:53:10.3740000,424
2026-05-25T13:53:11.4140000,442
2026-05-25T13:53:12.4550000,444
2026-05-25T13:53:13.5060000,428
2026-05-25T13:53:14.5470000,421
2026-05-25T13:53:15.5880000,446
2026-05-25T13:53:16.6280000,437
2026-05-25T13:53:17.6690000,433
2026-05-25T13:53:18.7200000,448
2026-05-25T13:53:19.7610000,445
2026-05-25T13:53:20.8020000,434
2026-05-25T13:53:21.8430000,434
2026-05-25T13:53:22.8830000,432
2026-05-25T13:53:23.9350000,446
2026-05-25T13:53:24.9750000,434
2026-05-25T13:53:26.0160000,442
2026-05-25T13:53:27.0570000,432
2026-05-25T13:53:28.0980000,445
2026-05-25T13:53:29.1390000,440
2026-05-25T13:53:30.1900000,433
2026-05-25T13:53:31.2310000,429
2026-05-25T13:53:32.2710000,440
2026-05-25T13:53:33.3120000,434
2026-05-25T13:53:34.3530000,456
2026-05-25T13:53:35.3940000,439
2026-05-25T13:53:36.4450000,446
2026-05-25T13:53:37.4860000,433
2026-05-25T13:53:38.5260000,443
2026-05-25T13:53:39.5670000,439
2026-05-25T13:53:40.6080000,451
2026-05-25T13:53:41.6590000,427
2026-05-25T13:53:42.7000000,433
2026-05-25T13:53:43.7410000,431
2026-05-25T13:53:44.7820000,441
2026-05-25T13:53:45.8220000,440
2026-05-25T13:53:46.8630000,421
2026-05-25T13:53:47.9150000,437
2026-05-25T13:53:48.9480000,439
2026-05-25T13:53:50.0000000,422
2026-05-25T13:53:51.0400000,448
2026-05-25T13:53:52.0810000,435
2026-05-25T13:53:53.1220000,422
2026-05-25T13:53:54.1630000,428
2026-05-25T13:53:55.2140000,440
2026-05-25T13:53:56.2550000,429
2026-05-25T13:53:57.2960000,441
2026-05-25T13:53:58.3360000,441
2026-05-25T13:53:59.3770000,428
2026-05-25T13:54:00.4280000,443
2026-05-25T13:54:01.4690000,440
2026-05-25T13:54:02.5090000,434
2026-05-25T13:54:03.5500000,444
2026-05-25T13:54:04.5910000,433
2026-05-25T13:54:05.6320000,447
2026-05-25T13:54:06.6830000,439
2026-05-25T13:54:07.7240000,428
2026-05-25T13:54:08.7650000,438
2026-05-25T13:54:09.8050000,439
2026-05-25T13:54:10.8460000,433
2026-05-25T13:54:11.8970000,430
2026-05-25T13:54:12.9380000,445
2026-05-25T13:54:13.9790000,438
2026-05-25T13:54:15.0200000,440
2026-05-25T13:54:16.0610000,448
2026-05-25T13:54:17.1050000,430
2026-05-25T13:54:18.1460000,440
2026-05-25T13:54:19.1970000,440
2026-05-25T13:54:20.2380000,433
2026-05-25T13:54:21.2790000,446
2026-05-25T13:54:22.3190000,425
2026-05-25T13:54:23.3600000,432
2026-05-25T13:54:24.4110000,440
2026-05-25T13:54:25.4520000,438
2026-05-25T13:54:26.4930000,443
2026-05-25T13:54:27.5330000,430
2026-05-25T13:54:28.5740000,438
2026-05-25T13:54:29.6150000,438
2026-05-25T13:54:30.6660000,432
2026-05-25T13:54:31.7070000,438
2026-05-25T13:54:32.7480000,436
2026-05-25T13:54:33.7890000,427
2026-05-25T13:54:34.8290000,427
2026-05-25T13:54:35.8810000,437
2026-05-25T13:54:36.9210000,452
2026-05-25T13:54:37.9620000,439
2026-05-25T13:54:39.0030000,446
2026-05-25T13:54:40.0440000,428
2026-05-25T13:54:41.0950000,432
2026-05-25T13:54:42.1360000,440
2026-05-25T13:54:43.1770000,437
2026-05-25T13:54:44.2140000,444
2026-05-25T13:54:45.2650000,431
2026-05-25T13:54:46.3060000,428
2026-05-25T13:54:47.3470000,434
2026-05-25T13:54:48.3870000,441
2026-05-25T13:54:49.4280000,435
2026-05-25T13:54:50.4790000,439
2026-05-25T13:54:51.5200000,430
2026-05-25T13:54:52.5610000,424
2026-05-25T13:54:53.6020000,435
2026-05-25T13:54:54.6420000,444
2026-05-25T13:54:55.6940000,432
2026-05-25T13:54:56.7340000,428
2026-05-25T13:54:57.7750000,417
2026-05-25T13:54:58.8160000,434
2026-05-25T13:54:59.8570000,449
2026-05-25T13:55:00.8980000,440
2026-05-25T13:55:01.9490000,431
2026-05-25T13:55:02.9900000,439
2026-05-25T13:55:04.0310000,446
2026-05-25T13:55:05.0720000,433
2026-05-25T13:55:06.1130000,430
2026-05-25T13:55:07.1640000,436
2026-05-25T13:55:08.2050000,436
2026-05-25T13:55:09.2450000,431
2026-05-25T13:55:10.2860000,442
2026-05-25T13:55:11.3270000,418
2026-05-25T13:55:12.3680000,425
2026-05-25T13:55:13.4190000,438
2026-05-25T13:55:14.4590000,433
2026-05-25T13:55:15.5000000,439
2026-05-25T13:55:16.5410000,438
2026-05-25T13:55:17.5820000,431
2026-05-25T13:55:18.6330000,444
2026-05-25T13:55:19.6740000,425
2026-05-25T13:55:20.7140000,439
2026-05-25T13:55:21.7550000,435
2026-05-25T13:55:22.7960000,438
2026-05-25T13:55:23.8470000,438
2026-05-25T13:55:24.8880000,426
2026-05-25T13:55:25.9320000,424
2026-05-25T13:55:26.9730000,438
2026-05-25T13:55:28.0140000,425
2026-05-25T13:55:29.0550000,433
2026-05-25T13:55:30.0960000,448
2026-05-25T13:55:31.1470000,442
2026-05-25T13:55:32.1880000,442
2026-05-25T13:55:33.2290000,435
2026-05-25T13:55:34.2690000,433
2026-05-25T13:55:35.3100000,449
2026-05-25T13:55:36.3610000,432
2026-05-25T13:55:37.4020000,445
2026-05-25T13:55:38.4430000,423
2026-05-25T13:55:39.4900000,442
2026-05-25T13:55:40.5310000,445
2026-05-25T13:55:41.5720000,441
2026-05-25T13:55:42.6130000,447
2026-05-25T13:55:43.6530000,428
2026-05-25T13:55:44.7050000,444
2026-05-25T13:55:45.7450000,448
2026-05-25T13:55:46.7860000,447
2026-05-25T13:55:47.8270000,438
2026-05-25T13:55:48.8680000,418
2026-05-25T13:55:49.9080000,439
2026-05-25T13:55:50.9600000,446
2026-05-25T13:55:52.0010000,442
2026-05-25T13:55:53.0410000,440
2026-05-25T13:55:54.0820000,432
2026-05-25T13:55:55.1230000,434
2026-05-25T13:55:56.1740000,444
2026-05-25T13:55:57.2150000,437
2026-05-25T13:55:58.2560000,431
2026-05-25T13:55:59.2960000,436
2026-05-25T13:56:00.3370000,441
2026-05-25T13:56:01.3880000,438
2026-05-25T13:56:02.4290000,447
2026-05-25T13:56:03.4700000,430
2026-05-25T13:56:04.5110000,431
2026-05-25T13:56:05.5520000,450
2026-05-25T13:56:06.5960000,433
2026-05-25T13:56:07.6370000,432
2026-05-25T13:56:08.6880000,428
2026-05-25T13:56:09.7290000,426
2026-05-25T13:56:10.7700000,431
2026-05-25T13:56:11.8100000,445
2026-05-25T13:56:12.8510000,437
2026-05-25T13:56:13.8920000,434
2026-05-25T13:56:14.9430000,425
2026-05-25T13:56:15.9840000,429
2026-05-25T13:56:17.0250000,438
2026-05-25T13:56:18.0650000,437
2026-05-25T13:56:19.1060000,434
2026-05-25T13:56:20.1570000,426
2026-05-25T13:56:21.1990000,442
2026-05-25T13:56:22.2390000,438
2026-05-25T13:56:23.2800000,436
2026-05-25T13:56:24.3210000,416
2026-05-25T13:56:25.3720000,423
2026-05-25T13:56:26.4130000,440
2026-05-25T13:56:27.4530000,419
2026-05-25T13:56:28.4940000,432
2026-05-25T13:56:29.5350000,433
2026-05-25T13:56:30.5760000,438
2026-05-25T13:56:31.6270000,448
2026-05-25T13:56:32.6680000,438
2026-05-25T13:56:33.7090000,424
2026-05-25T13:56:34.7490000,432
2026-05-25T13:56:35.7900000,439
2026-05-25T13:56:36.8410000,425
2026-05-25T13:56:37.8820000,433
2026-05-25T13:56:38.9230000,428
2026-05-25T13:56:39.9640000,429
2026-05-25T13:56:41.0050000,424
2026-05-25T13:56:42.0460000,413
2026-05-25T13:56:43.0970000,439
2026-05-25T13:56:44.1380000,437
2026-05-25T13:56:45.1780000,430
2026-05-25T13:56:46.2190000,435
2026-05-25T13:56:47.2600000,440
2026-05-25T13:56:48.3080000,434
2026-05-25T13:56:49.3480000,421
2026-05-25T13:56:50.3890000,446
2026-05-25T13:56:51.4300000,426
2026-05-25T13:56:52.4810000,436
2026-05-25T13:56:53.5220000,424
2026-05-25T13:56:54.5630000,433
2026-05-25T13:56:55.6040000,435
2026-05-25T13:56:56.6450000,432
2026-05-25T13:56:57.6960000,438
2026-05-25T13:56:58.7370000,433
2026-05-25T13:56:59.7770000,440
2026-05-25T13:57:00.8180000,438
2026-05-25T13:57:01.8590000,422
2026-05-25T13:57:02.9000000,432
2026-05-25T13:57:03.9510000,429
2026-05-25T13:57:04.9920000,438
2026-05-25T13:57:06.0330000,438
2026-05-25T13:57:07.0730000,432
2026-05-25T13:57:08.1140000,428
2026-05-25T13:57:09.1650000,434
2026-05-25T13:57:10.2060000,431
2026-05-25T13:57:11.2470000,447
2026-05-25T13:57:12.2880000,427
2026-05-25T13:57:13.3290000,456
2026-05-25T13:57:14.3800000,438
2026-05-25T13:57:15.4210000,433
2026-05-25T13:57:16.4620000,433
2026-05-25T13:57:17.5030000,443
2026-05-25T13:57:18.5430000,433
2026-05-25T13:57:19.5950000,450
2026-05-25T13:57:20.6350000,451
2026-05-25T13:57:21.6760000,434
2026-05-25T13:57:22.7170000,446
2026-05-25T13:57:23.7580000,437
2026-05-25T13:57:24.7990000,442
2026-05-25T13:57:25.8500000,443
2026-05-25T13:57:26.8910000,440
2026-05-25T13:57:27.9310000,417
2026-05-25T13:57:28.9720000,442
2026-05-25T13:57:30.0130000,422
2026-05-25T13:57:31.0640000,440
2026-05-25T13:57:32.1050000,433
2026-05-25T13:57:33.1460000,420
2026-05-25T13:57:34.1860000,442
2026-05-25T13:57:35.2270000,436
2026-05-25T13:57:36.2780000,434
2026-05-25T13:57:37.3190000,430
2026-05-25T13:57:38.3600000,432
2026-05-25T13:57:39.4010000,431
2026-05-25T13:57:40.4420000,435
2026-05-25T13:57:41.4930000,425
2026-05-25T13:57:42.5340000,429
2026-05-25T13:57:43.5740000,426
2026-05-25T13:57:44.6150000,417
2026-05-25T13:57:45.6560000,446
2026-05-25T13:57:46.6970000,426
2026-05-25T13:57:47.7480000,438
2026-05-25T13:57:48.7890000,438
2026-05-25T13:57:49.8300000,438
2026-05-25T13:57:50.8710000,427
2026-05-25T13:57:51.9120000,439
2026-05-25T13:57:52.9530000,425
2026-05-25T13:57:54.0040000,432
2026-05-25T13:57:55.0450000,433
2026-05-25T13:57:56.0850000,439
2026-05-25T13:57:57.1260000,435
2026-05-25T13:57:58.1670000,426
2026-05-25T13:57:59.2180000,418
2026-05-25T13:58:00.2590000,444
2026-05-25T13:58:01.3000000,426
2026-05-25T13:58:02.3400000,421
2026-05-25T13:58:03.3810000,442
2026-05-25T13:58:04.4320000,419
2026-05-25T13:58:05.4730000,419
2026-05-25T13:58:06.5140000,438
2026-05-25T13:58:07.5550000,426
2026-05-25T13:58:08.5960000,427
2026-05-25T13:58:09.6360000,429
2026-05-25T13:58:10.6880000,432
2026-05-25T13:58:11.7290000,423
2026-05-25T13:58:12.7690000,439
2026-05-25T13:58:13.8100000,427
2026-05-25T13:58:14.8510000,424
2026-05-25T13:58:15.9020000,440
2026-05-25T13:58:16.9430000,446
2026-05-25T13:58:17.9840000,409
2026-05-25T13:58:19.0240000,432
2026-05-25T13:58:20.0650000,423
2026-05-25T13:58:21.1170000,442
2026-05-25T13:58:22.1580000,418
2026-05-25T13:58:23.1990000,427
2026-05-25T13:58:24.2390000,429
2026-05-25T13:58:25.2800000,417
2026-05-25T13:58:26.3210000,439
2026-05-25T13:58:27.3720000,424
2026-05-25T13:58:28.4130000,427
2026-05-25T13:58:29.4540000,426
2026-05-25T13:58:30.4950000,427
2026-05-25T13:58:31.5350000,445
2026-05-25T13:58:32.5760000,442
2026-05-25T13:58:33.6280000,433
2026-05-25T13:58:34.6680000,419
2026-05-25T13:58:35.7090000,435
2026-05-25T13:58:36.7500000,442
2026-05-25T13:58:37.7910000,429
2026-05-25T13:58:38.8350000,433
2026-05-25T13:58:39.8760000,434
2026-05-25T13:58:40.9270000,431
2026-05-25T13:58:41.9680000,437
2026-05-25T13:58:43.0090000,443
2026-05-25T13:58:44.0500000,434
2026-05-25T13:58:45.0900000,442
2026-05-25T13:58:46.1420000,418
2026-05-25T13:58:47.1820000,442
2026-05-25T13:58:48.2230000,435
2026-05-25T13:58:49.2640000,438
2026-05-25T13:58:50.3050000,427
2026-05-25T13:58:51.3480000,426
2026-05-25T13:58:52.3960000,435
2026-05-25T13:58:53.4370000,438
2026-05-25T13:58:54.4780000,422
2026-05-25T13:58:55.5190000,437
2026-05-25T13:58:56.5600000,413
2026-05-25T13:58:57.6110000,433
2026-05-25T13:58:58.6520000,441
2026-05-25T13:58:59.6920000,430
2026-05-25T13:59:00.7330000,436
2026-05-25T13:59:01.7740000,439
2026-05-25T13:59:02.8250000,429
2026-05-25T13:59:03.8660000,429
2026-05-25T13:59:04.9070000,424
2026-05-25T13:59:05.9470000,432
2026-05-25T13:59:06.9880000,441
2026-05-25T13:59:08.0390000,429
2026-05-25T13:59:09.0800000,420
2026-05-25T13:59:10.1210000,437
2026-05-25T13:59:11.1620000,440
2026-05-25T13:59:12.2030000,438
2026-05-25T13:59:13.2540000,431
2026-05-25T13:59:14.2950000,432
2026-05-25T13:59:15.3360000,439
2026-05-25T13:59:16.3770000,428
2026-05-25T13:59:17.4170000,431
2026-05-25T13:59:18.4580000,436
2026-05-25T13:59:19.5100000,439
2026-05-25T13:59:20.5500000,427
2026-05-25T13:59:21.5910000,426
2026-05-25T13:59:22.6320000,434
2026-05-25T13:59:23.6730000,429
2026-05-25T13:59:24.7240000,444
2026-05-25T13:59:25.7650000,431
2026-05-25T13:59:26.8060000,433
2026-05-25T13:59:27.8470000,421
2026-05-25T13:59:28.8870000,427
2026-05-25T13:59:29.9390000,440
2026-05-25T13:59:30.9800000,434
2026-05-25T13:59:32.0200000,447
2026-05-25T13:59:33.0610000,444
2026-05-25T13:59:34.1050000,419
2026-05-25T13:59:35.1460000,446
2026-05-25T13:59:36.1870000,426
2026-05-25T13:59:37.2380000,434
2026-05-25T13:59:38.2790000,435
2026-05-25T13:59:39.3200000,431
2026-05-25T13:59:40.3610000,450
2026-05-25T13:59:41.4020000,438
2026-05-25T13:59:42.4530000,442
2026-05-25T13:59:43.4940000,439
2026-05-25T13:59:44.5340000,450
2026-05-25T13:59:45.5750000,447
2026-05-25T13:59:46.6160000,456
2026-05-25T13:59:47.6670000,439
2026-05-25T13:59:48.7080000,446
2026-05-25T13:59:49.7490000,452
2026-05-25T13:59:50.7900000,446
2026-05-25T13:59:51.8300000,441
2026-05-25T13:59:52.8820000,448
2026-05-25T13:59:53.9220000,427
2026-05-25T13:59:54.9630000,451
2026-05-25T13:59:56.0040000,451
2026-05-25T13:59:57.0450000,438
2026-05-25T13:59:58.0850000,439
2026-05-25T13:59:59.1370000,444
2026-05-25T14:00:00.1770000,450
2026-05-25T14:00:01.2180000,433
2026-05-25T14:00:02.2590000,438
2026-05-25T14:00:03.3000000,445
2026-05-25T14:00:04.3510000,442
2026-05-25T14:00:05.3920000,456
2026-05-25T14:00:06.4330000,446
2026-05-25T14:00:07.4740000,452
2026-05-25T14:00:08.5150000,449
2026-05-25T14:00:09.5660000,449
2026-05-25T14:00:10.6070000,438
2026-05-25T14:00:11.6470000,445
2026-05-25T14:00:12.6880000,448
2026-05-25T14:00:13.7290000,449
2026-05-25T14:00:14.7730000,432
2026-05-25T14:00:15.8140000,452
2026-05-25T14:00:16.8650000,453
2026-05-25T14:00:17.9060000,443
2026-05-25T14:00:18.9470000,451
2026-05-25T14:00:19.9870000,451
2026-05-25T14:00:21.0280000,453
2026-05-25T14:00:22.0790000,446
2026-05-25T14:00:23.1200000,470
2026-05-25T14:00:24.1610000,450
2026-05-25T14:00:25.2020000,462
2026-05-25T14:00:26.2420000,464
2026-05-25T14:00:27.2940000,435
2026-05-25T14:00:28.3350000,438
2026-05-25T14:00:29.3760000,447
2026-05-25T14:00:30.4160000,448
2026-05-25T14:00:31.4570000,470
2026-05-25T14:00:32.4980000,458
2026-05-25T14:00:33.5490000,458
2026-05-25T14:00:34.5900000,448
2026-05-25T14:00:35.6310000,439
2026-05-25T14:00:36.6720000,458
2026-05-25T14:00:37.7120000,472
2026-05-25T14:00:38.7640000,461
2026-05-25T14:00:39.8040000,457
2026-05-25T14:00:40.8450000,456
2026-05-25T14:00:41.8860000,469
2026-05-25T14:00:42.9300000,454
2026-05-25T14:00:43.9710000,452
2026-05-25T14:00:45.0120000,447
2026-05-25T14:00:46.0630000,447
2026-05-25T14:00:47.1040000,452
2026-05-25T14:00:48.1450000,446
2026-05-25T14:00:49.1850000,471
2026-05-25T14:00:50.2260000,445
2026-05-25T14:00:51.2670000,448
2026-05-25T14:00:52.3180000,457
2026-05-25T14:00:53.3590000,454
2026-05-25T14:00:54.4000000,449
2026-05-25T14:00:55.4410000,442
2026-05-25T14:00:56.4890000,461
2026-05-25T14:00:57.5290000,451
2026-05-25T14:00:58.5700000,441
2026-05-25T14:00:59.6110000,467
2026-05-25T14:01:00.6520000,455
2026-05-25T14:01:01.7030000,440
2026-05-25T14:01:02.7440000,458
2026-05-25T14:01:03.7840000,442
2026-05-25T14:01:04.8250000,456
2026-05-25T14:01:05.8660000,446
2026-05-25T14:01:06.9170000,455
2026-05-25T14:01:07.9580000,441
2026-05-25T14:01:08.9980000,447
2026-05-25T14:01:10.0390000,452
2026-05-25T14:01:11.0800000,452
2026-05-25T14:01:12.1310000,456
2026-05-25T14:01:13.1720000,452
2026-05-25T14:01:14.2130000,452
2026-05-25T14:01:15.2540000,480
2026-05-25T14:01:16.2940000,447
2026-05-25T14:01:17.3460000,453
2026-05-25T14:01:18.3870000,464
2026-05-25T14:01:19.4270000,444
2026-05-25T14:01:20.4680000,450
2026-05-25T14:01:21.5090000,454
2026-05-25T14:01:22.5500000,444
2026-05-25T14:01:23.6010000,462
2026-05-25T14:01:24.6420000,454
2026-05-25T14:01:25.6820000,460
2026-05-25T14:01:26.7230000,458
2026-05-25T14:01:27.7640000,440
2026-05-25T14:01:28.8150000,454
2026-05-25T14:01:29.8560000,460
2026-05-25T14:01:30.8970000,470
2026-05-25T14:01:31.9380000,456
2026-05-25T14:01:32.9780000,441
2026-05-25T14:01:34.0300000,468
2026-05-25T14:01:35.0710000,452
2026-05-25T14:01:36.1110000,459
2026-05-25T14:01:37.1520000,446
2026-05-25T14:01:38.1960000,443
2026-05-25T14:01:39.2370000,459
2026-05-25T14:01:40.2780000,456
2026-05-25T14:01:41.3300000,460
2026-05-25T14:01:42.3700000,440
2026-05-25T14:01:43.4110000,444
2026-05-25T14:01:44.4520000,454
2026-05-25T14:01:45.4930000,453
2026-05-25T14:01:46.5340000,444
2026-05-25T14:01:47.5850000,454
2026-05-25T14:01:48.6260000,460
2026-05-25T14:01:49.6660000,447
2026-05-25T14:01:50.7070000,442
2026-05-25T14:01:51.7480000,459
2026-05-25T14:01:52.7990000,450
2026-05-25T14:01:53.8400000,439
2026-05-25T14:01:54.8810000,451
2026-05-25T14:01:55.9210000,438
2026-05-25T14:01:56.9620000,444
2026-05-25T14:01:58.0130000,458
2026-05-25T14:01:59.0540000,449
2026-05-25T14:02:00.0950000,445
2026-05-25T14:02:01.1360000,461
2026-05-25T14:02:02.1760000,452
2026-05-25T14:02:03.2170000,451
2026-05-25T14:02:04.2690000,452
2026-05-25T14:02:05.3020000,455
2026-05-25T14:02:06.3540000,459
2026-05-25T14:02:07.3940000,445
2026-05-25T14:02:08.4350000,450
2026-05-25T14:02:09.4760000,451
2026-05-25T14:02:10.5170000,442
2026-05-25T14:02:11.5680000,437
2026-05-25T14:02:12.6090000,453
2026-05-25T14:02:13.6500000,443
2026-05-25T14:02:14.6900000,441
2026-05-25T14:02:15.7310000,452
2026-05-25T14:02:16.7820000,457
2026-05-25T14:02:17.8230000,440
2026-05-25T14:02:18.8630000,440
2026-05-25T14:02:19.9040000,456
2026-05-25T14:02:20.9450000,441
2026-05-25T14:02:21.9860000,453
2026-05-25T14:02:23.0370000,455
2026-05-25T14:02:24.0780000,444
2026-05-25T14:02:25.1190000,442
2026-05-25T14:02:26.1590000,449
2026-05-25T14:02:27.2000000,452
2026-05-25T14:02:28.2510000,451
2026-05-25T14:02:29.2920000,430
2026-05-25T14:02:30.3330000,448
2026-05-25T14:02:31.3740000,441
2026-05-25T14:02:32.4150000,449
2026-05-25T14:02:33.4590000,431
2026-05-25T14:02:34.5000000,450
2026-05-25T14:02:35.5410000,430
2026-05-25T14:02:36.5920000,445
2026-05-25T14:02:37.6330000,443
2026-05-25T14:02:38.6740000,437
2026-05-25T14:02:39.7140000,446
2026-05-25T14:02:40.7550000,445
2026-05-25T14:02:41.8060000,465
2026-05-25T14:02:42.8470000,432
2026-05-25T14:02:43.8880000,433
2026-05-25T14:02:44.9290000,438
2026-05-25T14:02:45.9700000,439
2026-05-25T14:02:47.0210000,456
2026-05-25T14:02:48.0620000,444
2026-05-25T14:02:49.1020000,425
2026-05-25T14:02:50.1430000,449
2026-05-25T14:02:51.1840000,438
2026-05-25T14:02:52.2250000,450
2026-05-25T14:02:53.2760000,441
2026-05-25T14:02:54.3170000,449
2026-05-25T14:02:55.3580000,437
2026-05-25T14:02:56.3980000,442
2026-05-25T14:02:57.4390000,454
2026-05-25T14:02:58.4900000,452
2026-05-25T14:02:59.5310000,432
2026-05-25T14:03:00.5750000,445
2026-05-25T14:03:01.6160000,444
2026-05-25T14:03:02.6570000,457
2026-05-25T14:03:03.6980000,448
2026-05-25T14:03:04.7490000,435
2026-05-25T14:03:05.7900000,444
2026-05-25T14:03:06.8300000,435
2026-05-25T14:03:07.8710000,467
2026-05-25T14:03:08.9120000,447
2026-05-25T14:03:09.9520000,432
2026-05-25T14:03:11.0040000,440
2026-05-25T14:03:12.0450000,439
2026-05-25T14:03:13.0860000,442
2026-05-25T14:03:14.1300000,432
2026-05-25T14:03:15.1710000,434
2026-05-25T14:03:16.2120000,431
2026-05-25T14:03:17.2520000,449
2026-05-25T14:03:18.3040000,444
2026-05-25T14:03:19.3440000,438
2026-05-25T14:03:20.3850000,440
2026-05-25T14:03:21.4270000,451
2026-05-25T14:03:22.4670000,435
2026-05-25T14:03:23.5190000,456
2026-05-25T14:03:24.5590000,442
2026-05-25T14:03:25.6000000,453
2026-05-25T14:03:26.6410000,445
2026-05-25T14:03:27.6820000,433
2026-05-25T14:03:28.7260000,446
2026-05-25T14:03:29.7660000,459
2026-05-25T14:03:30.8180000,435
2026-05-25T14:03:31.8590000,449
2026-05-25T14:03:32.8990000,442
2026-05-25T14:03:33.9400000,442
2026-05-25T14:03:34.9810000,437
2026-05-25T14:03:36.0320000,433
2026-05-25T14:03:37.0730000,439
2026-05-25T14:03:38.1140000,436
2026-05-25T14:03:39.1550000,433
2026-05-25T14:03:40.1950000,436
2026-05-25T14:03:41.2360000,455
2026-05-25T14:03:42.2880000,435
2026-05-25T14:03:43.3280000,441
2026-05-25T14:03:44.3690000,450
2026-05-25T14:03:45.4100000,448
2026-05-25T14:03:46.4510000,448
2026-05-25T14:03:47.5020000,427
2026-05-25T14:03:48.5420000,436
2026-05-25T14:03:49.5830000,450
2026-05-25T14:03:50.6240000,448
2026-05-25T14:03:51.6640000,452
2026-05-25T14:03:52.7160000,439
2026-05-25T14:03:53.7570000,441
2026-05-25T14:03:54.7970000,429
2026-05-25T14:03:55.8420000,442
2026-05-25T14:03:56.8830000,440
2026-05-25T14:03:57.9230000,430
2026-05-25T14:03:58.9640000,436
2026-05-25T14:04:00.0160000,442
2026-05-25T14:04:01.0570000,435
2026-05-25T14:04:02.0980000,444
2026-05-25T14:04:03.1380000,425
2026-05-25T14:04:04.1790000,428
2026-05-25T14:04:05.2310000,440
2026-05-25T14:04:06.2710000,444
2026-05-25T14:04:07.3120000,430
2026-05-25T14:04:08.3530000,442
2026-05-25T14:04:09.3940000,434
2026-05-25T14:04:10.4450000,416
2026-05-25T14:04:11.4860000,434
2026-05-25T14:04:12.5260000,438
2026-05-25T14:04:13.5670000,441
2026-05-25T14:04:14.6080000,437
2026-05-25T14:04:15.6590000,449
2026-05-25T14:04:16.7000000,440
2026-05-25T14:04:17.7410000,444
2026-05-25T14:04:18.7810000,442
2026-05-25T14:04:19.8220000,445
2026-05-25T14:04:20.8630000,442
2026-05-25T14:04:21.9140000,429
2026-05-25T14:04:22.9550000,430
2026-05-25T14:04:23.9960000,444
2026-05-25T14:04:25.0370000,426
2026-05-25T14:04:26.0780000,446
2026-05-25T14:04:27.1290000,437
2026-05-25T14:04:28.1700000,449
2026-05-25T14:04:29.2100000,431
2026-05-25T14:04:30.2510000,425
2026-05-25T14:04:31.2920000,441
2026-05-25T14:04:32.3430000,424
2026-05-25T14:04:33.3840000,427
2026-05-25T14:04:34.4250000,438
2026-05-25T14:04:35.4650000,434
2026-05-25T14:04:36.5060000,423
2026-05-25T14:04:37.5500000,447
2026-05-25T14:04:38.5910000,441
2026-05-25T14:04:39.6420000,426
2026-05-25T14:04:40.6830000,439
2026-05-25T14:04:41.7240000,437
2026-05-25T14:04:42.7640000,435
2026-05-25T14:04:43.8050000,438
2026-05-25T14:04:44.8570000,440
2026-05-25T14:04:45.8970000,445
2026-05-25T14:04:46.9380000,424
2026-05-25T14:04:47.9790000,433
2026-05-25T14:04:49.0200000,423
2026-05-25T14:04:50.0710000,439
2026-05-25T14:04:51.1050000,440
2026-05-25T14:04:52.1560000,446
2026-05-25T14:04:53.1970000,433
2026-05-25T14:04:54.2380000,431
2026-05-25T14:04:55.2780000,436
2026-05-25T14:04:56.3190000,436
2026-05-25T14:04:57.3700000,431
2026-05-25T14:04:58.4110000,429
2026-05-25T14:04:59.4520000,433
2026-05-25T14:05:00.4920000,431
2026-05-25T14:05:01.5330000,444
2026-05-25T14:05:02.5840000,435
2026-05-25T14:05:03.6250000,443
2026-05-25T14:05:04.6690000,452
2026-05-25T14:05:05.7100000,435
2026-05-25T14:05:06.7510000,425
2026-05-25T14:05:07.7910000,434
2026-05-25T14:05:08.8320000,438
2026-05-25T14:05:09.8840000,435
2026-05-25T14:05:10.9240000,429
2026-05-25T14:05:11.9650000,422
2026-05-25T14:05:13.0060000,417
2026-05-25T14:05:14.0470000,443
2026-05-25T14:05:15.0980000,436
2026-05-25T14:05:16.1390000,424
2026-05-25T14:05:17.1790000,442
2026-05-25T14:05:18.2240000,434
2026-05-25T14:05:19.2640000,444
2026-05-25T14:05:20.3050000,424
2026-05-25T14:05:21.3460000,438
2026-05-25T14:05:22.3970000,433
2026-05-25T14:05:23.4380000,425
2026-05-25T14:05:24.4790000,418
2026-05-25T14:05:25.5190000,446
2026-05-25T14:05:26.5600000,429
2026-05-25T14:05:27.6110000,438
2026-05-25T14:05:28.6520000,434
2026-05-25T14:05:29.6930000,443
2026-05-25T14:05:30.7340000,431
2026-05-25T14:05:31.7750000,438
2026-05-25T14:05:32.8190000,430
2026-05-25T14:05:33.8600000,435
2026-05-25T14:05:34.9110000,438
2026-05-25T14:05:35.9520000,424
2026-05-25T14:05:36.9930000,438
2026-05-25T14:05:38.0330000,438
2026-05-25T14:05:39.0740000,438
2026-05-25T14:05:40.1150000,432
2026-05-25T14:05:41.1660000,449
2026-05-25T14:05:42.2070000,431
2026-05-25T14:05:43.2480000,426
2026-05-25T14:05:44.2890000,433
2026-05-25T14:05:45.3300000,443
2026-05-25T14:05:46.3810000,442
2026-05-25T14:05:47.4220000,442
2026-05-25T14:05:48.4620000,433
2026-05-25T14:05:49.5030000,433
2026-05-25T14:05:50.5440000,448
2026-05-25T14:05:51.5960000,433
2026-05-25T14:05:52.6370000,435
2026-05-25T14:05:53.6770000,432
2026-05-25T14:05:54.7180000,432
2026-05-25T14:05:55.7590000,445
2026-05-25T14:05:56.8000000,437
2026-05-25T14:05:57.8510000,442
2026-05-25T14:05:58.8920000,447
2026-05-25T14:05:59.9360000,442
2026-05-25T14:06:00.9770000,424
2026-05-25T14:06:02.0180000,431
2026-05-25T14:06:03.0590000,444
2026-05-25T14:06:04.1100000,440
2026-05-25T14:06:05.1510000,441
2026-05-25T14:06:06.1910000,426
2026-05-25T14:06:07.2320000,425
2026-05-25T14:06:08.2730000,439
2026-05-25T14:06:09.3240000,418
2026-05-25T14:06:10.3650000,426
2026-05-25T14:06:11.4060000,444
2026-05-25T14:06:12.4460000,432
2026-05-25T14:06:13.4870000,422
2026-05-25T14:06:14.5280000,428
2026-05-25T14:06:15.5790000,453
2026-05-25T14:06:16.6200000,433
2026-05-25T14:06:17.6610000,446
2026-05-25T14:06:18.7020000,436
2026-05-25T14:06:19.7430000,431
2026-05-25T14:06:20.7940000,431
2026-05-25T14:06:21.8350000,436
2026-05-25T14:06:22.8760000,413
2026-05-25T14:06:23.9160000,439
2026-05-25T14:06:24.9570000,414
2026-05-25T14:06:26.0090000,446
2026-05-25T14:06:27.0490000,433
2026-05-25T14:06:28.0870000,426
2026-05-25T14:06:29.1380000,414
2026-05-25T14:06:30.1790000,429
2026-05-25T14:06:31.2200000,419
2026-05-25T14:06:32.2600000,435
2026-05-25T14:06:33.3010000,432
2026-05-25T14:06:34.3420000,433
2026-05-25T14:06:35.3930000,445
2026-05-25T14:06:36.4340000,446
2026-05-25T14:06:37.4750000,439
2026-05-25T14:06:38.5160000,432
2026-05-25T14:06:39.5560000,422
2026-05-25T14:06:40.6080000,433
2026-05-25T14:06:41.6510000,438
2026-05-25T14:06:42.6920000,440
2026-05-25T14:06:43.7330000,435
2026-05-25T14:06:44.7740000,437
2026-05-25T14:06:45.8140000,430
2026-05-25T14:06:46.8660000,436
2026-05-25T14:06:47.9060000,427
2026-05-25T14:06:48.9470000,440
2026-05-25T14:06:49.9880000,432
2026-05-25T14:06:51.0290000,428
2026-05-25T14:06:52.0800000,429
2026-05-25T14:06:53.1210000,436
2026-05-25T14:06:54.1620000,430
2026-05-25T14:06:55.2020000,429
2026-05-25T14:06:56.2430000,434
2026-05-25T14:06:57.2940000,432
2026-05-25T14:06:58.3350000,432
2026-05-25T14:06:59.3750000,440
2026-05-25T14:07:00.4160000,430
2026-05-25T14:07:01.4570000,424
2026-05-25T14:07:02.5090000,431
2026-05-25T14:07:03.5500000,436
2026-05-25T14:07:04.5900000,430
2026-05-25T14:07:05.6310000,429
2026-05-25T14:07:06.6720000,423
2026-05-25T14:07:07.7230000,431
2026-05-25T14:07:08.7570000,417
2026-05-25T14:07:09.8090000,442
2026-05-25T14:07:10.8490000,428
2026-05-25T14:07:11.8900000,431
2026-05-25T14:07:12.9310000,436
2026-05-25T14:07:13.9720000,435
2026-05-25T14:07:15.0230000,417
2026-05-25T14:07:16.0640000,428
2026-05-25T14:07:17.1040000,430
2026-05-25T14:07:18.1450000,428
2026-05-25T14:07:19.1860000,417
2026-05-25T14:07:20.2370000,425
2026-05-25T14:07:21.2780000,429
2026-05-25T14:07:22.3190000,433
2026-05-25T14:07:23.3600000,432
2026-05-25T14:07:24.4010000,420
2026-05-25T14:07:25.4520000,435
2026-05-25T14:07:26.4930000,427
2026-05-25T14:07:27.5340000,425
2026-05-25T14:07:28.5740000,439
2026-05-25T14:07:29.6150000,421
2026-05-25T14:07:30.6560000,432
2026-05-25T14:07:31.7080000,428
2026-05-25T14:07:32.7480000,427
2026-05-25T14:07:33.7890000,438
2026-05-25T14:07:34.8300000,434
2026-05-25T14:07:35.8710000,426
2026-05-25T14:07:36.9150000,434
2026-05-25T14:07:37.9560000,429
2026-05-25T14:07:39.0070000,427
2026-05-25T14:07:40.0480000,431
2026-05-25T14:07:41.0890000,438
2026-05-25T14:07:42.1300000,430
2026-05-25T14:07:43.1700000,421
2026-05-25T14:07:44.2220000,427
2026-05-25T14:07:45.2620000,442
2026-05-25T14:07:46.3030000,427
2026-05-25T14:07:47.3440000,424
2026-05-25T14:07:48.3840000,418
2026-05-25T14:07:49.4360000,442
2026-05-25T14:07:50.4760000,412
2026-05-25T14:07:51.5180000,430
2026-05-25T14:07:52.5580000,442
2026-05-25T14:07:53.5990000,424
2026-05-25T14:07:54.6510000,433
2026-05-25T14:07:55.6910000,436
2026-05-25T14:07:56.7320000,422
2026-05-25T14:07:57.7730000,428
2026-05-25T14:07:58.8140000,424
2026-05-25T14:07:59.8550000,441
2026-05-25T14:08:00.9060000,427
2026-05-25T14:08:01.9470000,424
2026-05-25T14:08:02.9870000,429
2026-05-25T14:08:04.0280000,421
2026-05-25T14:08:05.0690000,434
2026-05-25T14:08:06.1200000,424
2026-05-25T14:08:07.1610000,429
2026-05-25T14:08:08.2020000,423
2026-05-25T14:08:09.2420000,430
2026-05-25T14:08:10.2830000,428
2026-05-25T14:08:11.3350000,427
2026-05-25T14:08:12.3750000,426
2026-05-25T14:08:13.4160000,422
2026-05-25T14:08:14.4570000,430
2026-05-25T14:08:15.4980000,448
2026-05-25T14:08:16.5490000,426
2026-05-25T14:08:17.5900000,431
2026-05-25T14:08:18.6310000,433
2026-05-25T14:08:19.6710000,437
2026-05-25T14:08:20.7120000,441
2026-05-25T14:08:21.7530000,422
2026-05-25T14:08:22.8040000,436
2026-05-25T14:08:23.8450000,431
2026-05-25T14:08:24.8860000,431
2026-05-25T14:08:25.9270000,447
2026-05-25T14:08:26.9670000,416
2026-05-25T14:08:28.0190000,426
2026-05-25T14:08:29.0590000,437
2026-05-25T14:08:30.1000000,425
2026-05-25T14:08:31.1410000,431
2026-05-25T14:08:32.1850000,435
2026-05-25T14:08:33.2260000,430
2026-05-25T14:08:34.2660000,425
2026-05-25T14:08:35.3180000,428
2026-05-25T14:08:36.3590000,433
2026-05-25T14:08:37.3990000,418
2026-05-25T14:08:38.4400000,431
2026-05-25T14:08:39.4810000,428
2026-05-25T14:08:40.5320000,426
2026-05-25T14:08:41.5740000,441
2026-05-25T14:08:42.6140000,430
2026-05-25T14:08:43.6550000,426
2026-05-25T14:08:44.6960000,426
2026-05-25T14:08:45.7370000,428
2026-05-25T14:08:46.7880000,426
2026-05-25T14:08:47.8290000,432
2026-05-25T14:08:48.8690000,422
2026-05-25T14:08:49.9100000,432
2026-05-25T14:08:50.9510000,422
2026-05-25T14:08:52.0020000,431
2026-05-25T14:08:53.0430000,418
2026-05-25T14:08:54.0840000,438
2026-05-25T14:08:55.1250000,423
2026-05-25T14:08:56.1650000,425
2026-05-25T14:08:57.2170000,435
2026-05-25T14:08:58.2570000,425
2026-05-25T14:08:59.2980000,421
2026-05-25T14:09:00.3390000,432
2026-05-25T14:09:01.3800000,438
2026-05-25T14:09:02.4310000,455
2026-05-25T14:09:03.4720000,419
2026-05-25T14:09:04.5130000,422
2026-05-25T14:09:05.5530000,427
2026-05-25T14:09:06.5940000,419
2026-05-25T14:09:07.6350000,435
2026-05-25T14:09:08.6860000,429
2026-05-25T14:09:09.7270000,405
2026-05-25T14:09:10.7680000,433
2026-05-25T14:09:11.8090000,426
2026-05-25T14:09:12.8500000,431
2026-05-25T14:09:13.9010000,420
2026-05-25T14:09:14.9420000,436
2026-05-25T14:09:15.9820000,427
2026-05-25T14:09:17.0230000,411
2026-05-25T14:09:18.0640000,436
2026-05-25T14:09:19.1150000,428
2026-05-25T14:09:20.1560000,425
2026-05-25T14:09:21.1960000,416
2026-05-25T14:09:22.2370000,404
2026-05-25T14:09:23.2780000,413
2026-05-25T14:09:24.3290000,422
2026-05-25T14:09:25.3700000,416
2026-05-25T14:09:26.4110000,427
2026-05-25T14:09:27.4550000,414
2026-05-25T14:09:28.4960000,445
2026-05-25T14:09:29.5370000,426
2026-05-25T14:09:30.5770000,423
2026-05-25T14:09:31.6290000,410
2026-05-25T14:09:32.6700000,431
2026-05-25T14:09:33.7100000,430
2026-05-25T14:09:34.7510000,419
2026-05-25T14:09:35.7920000,407
2026-05-25T14:09:36.8430000,419
2026-05-25T14:09:37.8840000,419
2026-05-25T14:09:38.9250000,422
2026-05-25T14:09:39.9660000,413
2026-05-25T14:09:41.0060000,425
2026-05-25T14:09:42.0470000,438
2026-05-25T14:09:43.0980000,425
2026-05-25T14:09:44.1390000,422
2026-05-25T14:09:45.1800000,419
2026-05-25T14:09:46.2200000,417
2026-05-25T14:09:47.2610000,424
2026-05-25T14:09:48.3120000,424
2026-05-25T14:09:49.3530000,429
2026-05-25T14:09:50.3940000,432
2026-05-25T14:09:51.4350000,413
2026-05-25T14:09:52.4760000,426
2026-05-25T14:09:53.5270000,420
2026-05-25T14:09:54.5680000,431
2026-05-25T14:09:55.6090000,415
2026-05-25T14:09:56.6500000,434
2026-05-25T14:09:57.6900000,426
2026-05-25T14:09:58.7310000,413
2026-05-25T14:09:59.7820000,429
2026-05-25T14:10:00.8230000,417
2026-05-25T14:10:01.8640000,418
2026-05-25T14:10:02.9040000,424
2026-05-25T14:10:03.9450000,421
2026-05-25T14:10:04.9960000,426
2026-05-25T14:10:06.0370000,409
2026-05-25T14:10:07.0780000,408
2026-05-25T14:10:08.1220000,424
2026-05-25T14:10:09.1630000,420
2026-05-25T14:10:10.2030000,425
2026-05-25T14:10:11.2440000,422
2026-05-25T14:10:12.2950000,422
2026-05-25T14:10:13.3360000,419
2026-05-25T14:10:14.3770000,419
2026-05-25T14:10:15.4180000,415
2026-05-25T14:10:16.4590000,419
2026-05-25T14:10:17.5100000,416
2026-05-25T14:10:18.5510000,426
2026-05-25T14:10:19.5910000,419
2026-05-25T14:10:20.6320000,429
2026-05-25T14:10:21.6730000,427
2026-05-25T14:10:22.7180000,418
2026-05-25T14:10:23.7580000,419
2026-05-25T14:10:24.7990000,413
2026-05-25T14:10:25.8500000,427
2026-05-25T14:10:26.8910000,416
2026-05-25T14:10:27.9320000,424
2026-05-25T14:10:28.9720000,424
2026-05-25T14:10:30.0130000,422
2026-05-25T14:10:31.0640000,425
2026-05-25T14:10:32.1050000,429
2026-05-25T14:10:33.1460000,420
2026-05-25T14:10:34.1870000,435
2026-05-25T14:10:35.2270000,426
2026-05-25T14:10:36.2790000,425
2026-05-25T14:10:37.3200000,414
2026-05-25T14:10:38.3600000,419
2026-05-25T14:10:39.4010000,416
2026-05-25T14:10:40.4420000,426
2026-05-25T14:10:41.4830000,444
2026-05-25T14:10:42.5340000,410
2026-05-25T14:10:43.5750000,428
2026-05-25T14:10:44.6150000,419
2026-05-25T14:10:45.6560000,408
2026-05-25T14:10:46.6970000,421
2026-05-25T14:10:47.7480000,427
2026-05-25T14:10:48.7890000,415
2026-05-25T14:10:49.8330000,424
2026-05-25T14:10:50.8740000,423
2026-05-25T14:10:51.9140000,431
2026-05-25T14:10:52.9550000,417
2026-05-25T14:10:53.9960000,422
2026-05-25T14:10:55.0470000,421
2026-05-25T14:10:56.0880000,427
2026-05-25T14:10:57.1290000,436
2026-05-25T14:10:58.1700000,420
2026-05-25T14:10:59.2100000,416
2026-05-25T14:11:00.2620000,423
2026-05-25T14:11:01.3020000,425
2026-05-25T14:11:02.3430000,412
2026-05-25T14:11:03.3840000,420
2026-05-25T14:11:04.4250000,420
2026-05-25T14:11:05.4760000,423
2026-05-25T14:11:06.5170000,407
2026-05-25T14:11:07.5580000,436
2026-05-25T14:11:08.5980000,420
2026-05-25T14:11:09.6390000,426
2026-05-25T14:11:10.6800000,418
2026-05-25T14:11:11.7310000,415
2026-05-25T14:11:12.7720000,423
2026-05-25T14:11:13.8130000,427
2026-05-25T14:11:14.8530000,426
2026-05-25T14:11:15.8940000,418
2026-05-25T14:11:16.9450000,420
2026-05-25T14:11:17.9860000,411
2026-05-25T14:11:19.0270000,438
2026-05-25T14:11:20.0680000,434
2026-05-25T14:11:21.1080000,418
2026-05-25T14:11:22.1600000,407
2026-05-25T14:11:23.2010000,418
2026-05-25T14:11:24.2410000,426
2026-05-25T14:11:25.2820000,419
2026-05-25T14:11:26.3230000,414
2026-05-25T14:11:27.3640000,407
2026-05-25T14:11:28.4150000,439
2026-05-25T14:11:29.4560000,430
2026-05-25T14:11:30.4970000,424
2026-05-25T14:11:31.5420000,420
2026-05-25T14:11:32.5830000,423
2026-05-25T14:11:33.6230000,446
2026-05-25T14:11:34.6640000,421
2026-05-25T14:11:35.7150000,420
2026-05-25T14:11:36.7560000,418
2026-05-25T14:11:37.7970000,416
2026-05-25T14:11:38.8380000,433
2026-05-25T14:11:39.8780000,426
2026-05-25T14:11:40.9190000,417
2026-05-25T14:11:41.9700000,435
2026-05-25T14:11:43.0110000,422
2026-05-25T14:11:44.0520000,418
2026-05-25T14:11:45.0930000,434
2026-05-25T14:11:46.1330000,428
2026-05-25T14:11:47.1850000,442
2026-05-25T14:11:48.2250000,424
2026-05-25T14:11:49.2660000,424
2026-05-25T14:11:50.3070000,424
2026-05-25T14:11:51.3500000,416
2026-05-25T14:11:52.3910000,419
2026-05-25T14:11:53.4420000,439
2026-05-25T14:11:54.4830000,439
2026-05-25T14:11:55.5240000,430
2026-05-25T14:11:56.5650000,429
2026-05-25T14:11:57.6050000,417
2026-05-25T14:11:58.6460000,424
2026-05-25T14:11:59.6970000,434
2026-05-25T14:12:00.7380000,434
2026-05-25T14:12:01.7790000,447
2026-05-25T14:12:02.8200000,436
2026-05-25T14:12:03.8610000,425
2026-05-25T14:12:04.9120000,437
2026-05-25T14:12:05.9530000,441
2026-05-25T14:12:06.9930000,444
2026-05-25T14:12:08.0340000,433
2026-05-25T14:12:09.0750000,429
2026-05-25T14:12:10.1160000,449
2026-05-25T14:12:11.1670000,442
2026-05-25T14:12:12.2080000,435
2026-05-25T14:12:13.2490000,427
2026-05-25T14:12:14.2900000,437
2026-05-25T14:12:15.3300000,443
2026-05-25T14:12:16.3820000,433
2026-05-25T14:12:17.4220000,447
2026-05-25T14:12:18.4630000,445
2026-05-25T14:12:19.5040000,425
2026-05-25T14:12:20.5450000,447
2026-05-25T14:12:21.5860000,442
2026-05-25T14:12:22.6370000,439
2026-05-25T14:12:23.6770000,439
2026-05-25T14:12:24.7180000,440
2026-05-25T14:12:25.7590000,456
2026-05-25T14:12:26.8030000,438
2026-05-25T14:12:27.8440000,451
2026-05-25T14:12:28.8850000,442
2026-05-25T14:12:29.9360000,428
2026-05-25T14:12:30.9770000,455
2026-05-25T14:12:32.0170000,453
2026-05-25T14:12:33.0580000,442
2026-05-25T14:12:34.0990000,432
2026-05-25T14:12:35.1500000,436
2026-05-25T14:12:36.1910000,421
2026-05-25T14:12:37.2320000,441
2026-05-25T14:12:38.2730000,430
2026-05-25T14:12:39.3130000,445
2026-05-25T14:12:40.3650000,438
2026-05-25T14:12:41.4060000,447
2026-05-25T14:12:42.4470000,450
2026-05-25T14:12:43.4870000,433
2026-05-25T14:12:44.5280000,440
2026-05-25T14:12:45.5690000,426
2026-05-25T14:12:46.6200000,432
2026-05-25T14:12:47.6610000,462
2026-05-25T14:12:48.7010000,439
2026-05-25T14:12:49.7420000,438
2026-05-25T14:12:50.7830000,456
2026-05-25T14:12:51.8350000,449
2026-05-25T14:12:52.8750000,428
2026-05-25T14:12:53.9200000,451
2026-05-25T14:12:54.9600000,453
2026-05-25T14:12:56.0010000,455
2026-05-25T14:12:57.0420000,449
2026-05-25T14:12:58.0830000,456
2026-05-25T14:12:59.1240000,446
2026-05-25T14:13:00.1750000,445
2026-05-25T14:13:01.2160000,441
2026-05-25T14:13:02.2560000,452
2026-05-25T14:13:03.2970000,454
2026-05-25T14:13:04.3380000,456
2026-05-25T14:13:05.3890000,447
2026-05-25T14:13:06.4300000,440
2026-05-25T14:13:07.4710000,456
2026-05-25T14:13:08.5120000,453
2026-05-25T14:13:09.5520000,439
2026-05-25T14:13:10.6040000,447
2026-05-25T14:13:11.6440000,453
2026-05-25T14:13:12.6850000,444
2026-05-25T14:13:13.7260000,448
2026-05-25T14:13:14.7670000,448
2026-05-25T14:13:15.8080000,444
2026-05-25T14:13:16.8590000,443
2026-05-25T14:13:17.8990000,451
2026-05-25T14:13:18.9400000,442
2026-05-25T14:13:19.9810000,450
2026-05-25T14:13:21.0220000,442
2026-05-25T14:13:22.0660000,446
2026-05-25T14:13:23.1070000,454
2026-05-25T14:13:24.1580000,447
2026-05-25T14:13:25.1990000,430
2026-05-25T14:13:26.2400000,454
2026-05-25T14:13:27.2800000,448
2026-05-25T14:13:28.3210000,464
2026-05-25T14:13:29.3730000,440
2026-05-25T14:13:30.4130000,458
2026-05-25T14:13:31.4540000,437
2026-05-25T14:13:32.4950000,432
2026-05-25T14:13:33.5360000,437
2026-05-25T14:13:34.5870000,454
2026-05-25T14:13:35.6210000,451
2026-05-25T14:13:36.6720000,439
2026-05-25T14:13:37.7130000,440
2026-05-25T14:13:38.7530000,441
2026-05-25T14:13:39.7940000,454
2026-05-25T14:13:40.8350000,441
2026-05-25T14:13:41.8760000,447
2026-05-25T14:13:42.9270000,442
2026-05-25T14:13:43.9680000,449
2026-05-25T14:13:45.0090000,443
2026-05-25T14:13:46.0500000,426
2026-05-25T14:13:47.0910000,452
2026-05-25T14:13:48.1420000,441
2026-05-25T14:13:49.1830000,439
2026-05-25T14:13:50.2230000,452
2026-05-25T14:13:51.2640000,451
2026-05-25T14:13:52.3050000,450
2026-05-25T14:13:53.3460000,437
2026-05-25T14:13:54.3970000,449
2026-05-25T14:13:55.4380000,447
2026-05-25T14:13:56.4790000,438
2026-05-25T14:13:57.5190000,444
2026-05-25T14:13:58.5600000,448
2026-05-25T14:13:59.6110000,440
2026-05-25T14:14:00.6520000,454
2026-05-25T14:14:01.6930000,458
2026-05-25T14:14:02.7340000,445
2026-05-25T14:14:03.7750000,433
2026-05-25T14:14:04.8160000,453
2026-05-25T14:14:05.8670000,442
2026-05-25T14:14:06.9080000,440
2026-05-25T14:14:07.9480000,440
2026-05-25T14:14:08.9890000,433
2026-05-25T14:14:10.0300000,449
2026-05-25T14:14:11.0810000,439
2026-05-25T14:14:12.1220000,434
2026-05-25T14:14:13.1630000,447
2026-05-25T14:14:14.2030000,443
2026-05-25T14:14:15.2440000,446
2026-05-25T14:14:16.2960000,433
2026-05-25T14:14:17.3360000,440
2026-05-25T14:14:18.3770000,443
2026-05-25T14:14:19.4180000,424
2026-05-25T14:14:20.4590000,437
2026-05-25T14:14:21.5000000,435
2026-05-25T14:14:22.5510000,448
2026-05-25T14:14:23.5920000,447
2026-05-25T14:14:24.6330000,434
2026-05-25T14:14:25.6730000,433
2026-05-25T14:14:26.7140000,446
2026-05-25T14:14:27.7650000,450
2026-05-25T14:14:28.8060000,442
2026-05-25T14:14:29.8470000,435
2026-05-25T14:14:30.8880000,445
2026-05-25T14:14:31.9280000,449
2026-05-25T14:14:32.9800000,439
2026-05-25T14:14:34.0200000,449
2026-05-25T14:14:35.0610000,443
2026-05-25T14:14:36.1020000,452
2026-05-25T14:14:37.1430000,434
2026-05-25T14:14:38.1940000,422
2026-05-25T14:14:39.2350000,445
2026-05-25T14:14:40.2760000,449
2026-05-25T14:14:41.3160000,441
2026-05-25T14:14:42.3570000,426
2026-05-25T14:14:43.4090000,441
2026-05-25T14:14:44.4490000,441
2026-05-25T14:14:45.4900000,447
2026-05-25T14:14:46.5310000,454
2026-05-25T14:14:47.5710000,435
2026-05-25T14:14:48.6120000,450
2026-05-25T14:14:49.6630000,435
2026-05-25T14:14:50.7040000,436
2026-05-25T14:14:51.7450000,443
2026-05-25T14:14:52.7860000,446
2026-05-25T14:14:53.8270000,449
2026-05-25T14:14:54.8780000,433
2026-05-25T14:14:55.9190000,433
2026-05-25T14:14:56.9600000,453
2026-05-25T14:14:58.0010000,439
2026-05-25T14:14:59.0410000,424
2026-05-25T14:15:00.0930000,437
2026-05-25T14:15:01.1330000,435
2026-05-25T14:15:02.1740000,426
2026-05-25T14:15:03.2150000,438
2026-05-25T14:15:04.2560000,440
2026-05-25T14:15:05.2970000,448
2026-05-25T14:15:06.3480000,431
2026-05-25T14:15:07.3890000,442
2026-05-25T14:15:08.4290000,425
2026-05-25T14:15:09.4700000,426
2026-05-25T14:15:10.5110000,427
2026-05-25T14:15:11.5620000,432
2026-05-25T14:15:12.6030000,433
2026-05-25T14:15:13.6440000,421
2026-05-25T14:15:14.6850000,416
2026-05-25T14:15:15.7260000,431
2026-05-25T14:15:16.7770000,421
2026-05-25T14:15:17.8180000,446
2026-05-25T14:15:18.8580000,441
2026-05-25T14:15:19.8990000,422
2026-05-25T14:15:20.9400000,439
2026-05-25T14:15:21.9810000,435
2026-05-25T14:15:23.0320000,438
2026-05-25T14:15:24.0730000,448
2026-05-25T14:15:25.1140000,434
2026-05-25T14:15:26.1550000,438
2026-05-25T14:15:27.1950000,434
2026-05-25T14:15:28.2470000,432
2026-05-25T14:15:29.2870000,422
2026-05-25T14:15:30.3280000,440
2026-05-25T14:15:31.3690000,438
2026-05-25T14:15:32.4100000,429
2026-05-25T14:15:33.4610000,433
2026-05-25T14:15:34.5010000,442
2026-05-25T14:15:35.5420000,437
2026-05-25T14:15:36.5830000,434
2026-05-25T14:15:37.6240000,426
2026-05-25T14:15:38.6750000,432
2026-05-25T14:15:39.7160000,432
2026-05-25T14:15:40.7560000,419
2026-05-25T14:15:41.7970000,415
2026-05-25T14:15:42.8380000,433
2026-05-25T14:15:43.8790000,442
2026-05-25T14:15:44.9300000,437
2026-05-25T14:15:45.9710000,419
2026-05-25T14:15:47.0120000,433
2026-05-25T14:15:48.0530000,419
2026-05-25T14:15:49.0930000,426
2026-05-25T14:15:50.1450000,428
2026-05-25T14:15:51.1850000,432
2026-05-25T14:15:52.2260000,426
2026-05-25T14:15:53.2670000,430
2026-05-25T14:15:54.3080000,439
2026-05-25T14:15:55.3590000,430
2026-05-25T14:15:56.4000000,432
2026-05-25T14:15:57.4400000,433
2026-05-25T14:15:58.4810000,417
2026-05-25T14:15:59.5220000,444
2026-05-25T14:16:00.5730000,440
2026-05-25T14:16:01.6140000,433
2026-05-25T14:16:02.6550000,434
2026-05-25T14:16:03.6960000,435
2026-05-25T14:16:04.7370000,429
2026-05-25T14:16:05.7880000,433
2026-05-25T14:16:06.8290000,434
2026-05-25T14:16:07.8690000,433
2026-05-25T14:16:08.9100000,426
2026-05-25T14:16:09.9510000,448
2026-05-25T14:16:10.9920000,426
2026-05-25T14:16:12.0440000,446
2026-05-25T14:16:13.0840000,430
2026-05-25T14:16:14.1250000,424
2026-05-25T14:16:15.1660000,438
2026-05-25T14:16:16.2070000,432
2026-05-25T14:16:17.2580000,438
2026-05-25T14:16:18.2990000,417
2026-05-25T14:16:19.3390000,428
2026-05-25T14:16:20.3800000,444
2026-05-25T14:16:21.4240000,431
2026-05-25T14:16:22.4650000,439
2026-05-25T14:16:23.5060000,445
2026-05-25T14:16:24.5570000,438
2026-05-25T14:16:25.5980000,452
2026-05-25T14:16:26.6390000,420
2026-05-25T14:16:27.6790000,423
2026-05-25T14:16:28.7200000,436
2026-05-25T14:16:29.7710000,439
2026-05-25T14:16:30.8120000,426
2026-05-25T14:16:31.8530000,431
2026-05-25T14:16:32.8940000,431
2026-05-25T14:16:33.9340000,434
2026-05-25T14:16:34.9750000,428
2026-05-25T14:16:36.0270000,427
2026-05-25T14:16:37.0670000,441
2026-05-25T14:16:38.1080000,439
2026-05-25T14:16:39.1490000,433
2026-05-25T14:16:40.1900000,417
2026-05-25T14:16:41.2410000,443
2026-05-25T14:16:42.2820000,435
2026-05-25T14:16:43.3220000,424
2026-05-25T14:16:44.3630000,426
2026-05-25T14:16:45.4040000,423
2026-05-25T14:16:46.4550000,429
2026-05-25T14:16:47.4960000,428
2026-05-25T14:16:48.5400000,422
2026-05-25T14:16:49.5810000,423
2026-05-25T14:16:50.6220000,434
2026-05-25T14:16:51.6630000,427
2026-05-25T14:16:52.7030000,437
2026-05-25T14:16:53.7550000,428
2026-05-25T14:16:54.7950000,423
2026-05-25T14:16:55.8360000,421
2026-05-25T14:16:56.8770000,428
2026-05-25T14:16:57.9180000,424
2026-05-25T14:16:58.9580000,422
2026-05-25T14:17:00.0100000,424
2026-05-25T14:17:01.0500000,421
2026-05-25T14:17:02.0920000,435
2026-05-25T14:17:03.1320000,423
2026-05-25T14:17:04.1730000,424
2026-05-25T14:17:05.2240000,416
2026-05-25T14:17:06.2650000,439
2026-05-25T14:17:07.3060000,440
2026-05-25T14:17:08.3470000,426
2026-05-25T14:17:09.3870000,426
2026-05-25T14:17:10.4390000,418
2026-05-25T14:17:11.4790000,428
2026-05-25T14:17:12.5200000,433
2026-05-25T14:17:13.5610000,427
2026-05-25T14:17:14.6020000,427
2026-05-25T14:17:15.6430000,417
2026-05-25T14:17:16.6940000,417
2026-05-25T14:17:17.7350000,420
2026-05-25T14:17:18.7750000,415
2026-05-25T14:17:19.8160000,432
2026-05-25T14:17:20.8570000,424
2026-05-25T14:17:21.9080000,431
2026-05-25T14:17:22.9490000,428
2026-05-25T14:17:23.9900000,426
2026-05-25T14:17:25.0310000,437
2026-05-25T14:17:26.0720000,410
2026-05-25T14:17:27.1120000,418
2026-05-25T14:17:28.1640000,427
2026-05-25T14:17:29.2040000,424
2026-05-25T14:17:30.2450000,424
2026-05-25T14:17:31.2860000,426
2026-05-25T14:17:32.3260000,432
2026-05-25T14:17:33.3780000,411
2026-05-25T14:17:34.4180000,423
2026-05-25T14:17:35.4590000,418
2026-05-25T14:17:36.5000000,438
2026-05-25T14:17:37.5400000,428
2026-05-25T14:17:38.5920000,424
2026-05-25T14:17:39.6330000,435
2026-05-25T14:17:40.6730000,428
2026-05-25T14:17:41.7150000,435
2026-05-25T14:17:42.7560000,425
2026-05-25T14:17:43.7960000,415
2026-05-25T14:17:44.8480000,427
2026-05-25T14:17:45.8880000,420
2026-05-25T14:17:46.9290000,433
2026-05-25T14:17:47.9700000,407
2026-05-25T14:17:49.0110000,426
2026-05-25T14:17:50.0620000,428
2026-05-25T14:17:51.1030000,429
2026-05-25T14:17:52.1440000,426
2026-05-25T14:17:53.1840000,425
2026-05-25T14:17:54.2250000,431
2026-05-25T14:17:55.2760000,419
2026-05-25T14:17:56.3170000,428
2026-05-25T14:17:57.3580000,425
2026-05-25T14:17:58.3980000,415
2026-05-25T14:17:59.4390000,419
2026-05-25T14:18:00.4910000,425
2026-05-25T14:18:01.5310000,432
2026-05-25T14:18:02.5720000,419
2026-05-25T14:18:03.6130000,432
2026-05-25T14:18:04.6530000,420
2026-05-25T14:18:05.7050000,409
2026-05-25T14:18:06.7450000,407
2026-05-25T14:18:07.7860000,405
2026-05-25T14:18:08.8270000,428
2026-05-25T14:18:09.8680000,424
2026-05-25T14:18:10.9090000,421
2026-05-25T14:18:11.9600000,431
2026-05-25T14:18:13.0010000,418
2026-05-25T14:18:14.0420000,419
2026-05-25T14:18:15.0820000,439
2026-05-25T14:18:16.1230000,414
2026-05-25T14:18:17.1740000,408
2026-05-25T14:18:18.2150000,420
2026-05-25T14:18:19.2560000,423
2026-05-25T14:18:20.2970000,416
2026-05-25T14:18:21.3370000,421
2026-05-25T14:18:22.3890000,431
2026-05-25T14:18:23.4300000,413
2026-05-25T14:18:24.4700000,416
2026-05-25T14:18:25.5150000,441
2026-05-25T14:18:26.5560000,418
2026-05-25T14:18:27.5960000,420
2026-05-25T14:18:28.6370000,423
2026-05-25T14:18:29.6880000,403
2026-05-25T14:18:30.7290000,435
2026-05-25T14:18:31.7700000,424
2026-05-25T14:18:32.8110000,425
2026-05-25T14:18:33.8520000,425
2026-05-25T14:18:34.9030000,420
2026-05-25T14:18:35.9440000,417
2026-05-25T14:18:36.9850000,416
2026-05-25T14:18:38.0260000,429
2026-05-25T14:18:39.0730000,416
2026-05-25T14:18:40.1140000,408
2026-05-25T14:18:41.1550000,415
2026-05-25T14:18:42.1950000,421
2026-05-25T14:18:43.2470000,425
2026-05-25T14:18:44.2870000,425
2026-05-25T14:18:45.3280000,419
2026-05-25T14:18:46.3690000,436
2026-05-25T14:18:47.4100000,407
2026-05-25T14:18:48.4500000,424
2026-05-25T14:18:49.5020000,426
2026-05-25T14:18:50.5430000,430
2026-05-25T14:18:51.5830000,418
2026-05-25T14:18:52.6240000,410
2026-05-25T14:18:53.6650000,438
2026-05-25T14:18:54.7160000,420
2026-05-25T14:18:55.7570000,418
2026-05-25T14:18:56.7980000,427
2026-05-25T14:18:57.8380000,413
2026-05-25T14:18:58.8790000,428
2026-05-25T14:18:59.9310000,413
2026-05-25T14:19:00.9710000,413
2026-05-25T14:19:02.0130000,420
2026-05-25T14:19:03.0530000,421
2026-05-25T14:19:04.0940000,425
2026-05-25T14:19:05.1450000,428
2026-05-25T14:19:06.1860000,427
2026-05-25T14:19:07.2270000,437
2026-05-25T14:19:08.2670000,433
2026-05-25T14:19:09.3080000,429
2026-05-25T14:19:10.3590000,422
2026-05-25T14:19:11.4000000,413
2026-05-25T14:19:12.4410000,426
2026-05-25T14:19:13.4820000,417
2026-05-25T14:19:14.5230000,426
2026-05-25T14:19:15.5740000,419
2026-05-25T14:19:16.6150000,424
2026-05-25T14:19:17.6560000,424
2026-05-25T14:19:18.6960000,425
2026-05-25T14:19:19.7370000,400
2026-05-25T14:19:20.7780000,423
2026-05-25T14:19:21.8300000,420
2026-05-25T14:19:22.8710000,424
2026-05-25T14:19:23.9120000,424
2026-05-25T14:19:24.9520000,418
2026-05-25T14:19:25.9930000,412
2026-05-25T14:19:27.0440000,420
2026-05-25T14:19:28.0850000,419
2026-05-25T14:19:29.1260000,416
2026-05-25T14:19:30.1660000,401
2026-05-25T14:19:31.2070000,438
2026-05-25T14:19:32.2580000,424
2026-05-25T14:19:33.2990000,423
2026-05-25T14:19:34.3400000,409
2026-05-25T14:19:35.3810000,417
2026-05-25T14:19:36.4220000,419
2026-05-25T14:19:37.4620000,426
2026-05-25T14:19:38.5140000,412
2026-05-25T14:19:39.5540000,419
2026-05-25T14:19:40.5950000,423
2026-05-25T14:19:41.6360000,419
2026-05-25T14:19:42.6770000,425
2026-05-25T14:19:43.7280000,414
2026-05-25T14:19:44.7690000,416
2026-05-25T14:19:45.8100000,423
2026-05-25T14:19:46.8510000,421
2026-05-25T14:19:47.8910000,422
2026-05-25T14:19:48.9430000,424
2026-05-25T14:19:49.9830000,423
2026-05-25T14:19:51.0240000,426
2026-05-25T14:19:52.0650000,428
2026-05-25T14:19:53.1060000,427
2026-05-25T14:19:54.1570000,423
2026-05-25T14:19:55.1980000,424
2026-05-25T14:19:56.2380000,425
2026-05-25T14:19:57.2790000,418
2026-05-25T14:19:58.3200000,418
2026-05-25T14:19:59.3610000,430
2026-05-25T14:20:00.4120000,422
2026-05-25T14:20:01.4500000,427
2026-05-25T14:20:02.4900000,419
2026-05-25T14:20:03.5420000,421
2026-05-25T14:20:04.5830000,416
2026-05-25T14:20:05.6230000,412
2026-05-25T14:20:06.6640000,417
2026-05-25T14:20:07.7050000,422
2026-05-25T14:20:08.7460000,423
2026-05-25T14:20:09.7970000,419
2026-05-25T14:20:10.8380000,419
2026-05-25T14:20:11.8790000,426
2026-05-25T14:20:12.9190000,419
2026-05-25T14:20:13.9600000,411
2026-05-25T14:20:15.0110000,416
2026-05-25T14:20:16.0520000,419
2026-05-25T14:20:17.0930000,414
2026-05-25T14:20:18.1340000,423
2026-05-25T14:20:19.1750000,408
2026-05-25T14:20:20.2150000,434
2026-05-25T14:20:21.2670000,416
2026-05-25T14:20:22.3080000,418
2026-05-25T14:20:23.3480000,412
2026-05-25T14:20:24.3890000,401
2026-05-25T14:20:25.4300000,418
2026-05-25T14:20:26.4810000,425
2026-05-25T14:20:27.5220000,426
2026-05-25T14:20:28.5590000,420
2026-05-25T14:20:29.6000000,417
2026-05-25T14:20:30.6510000,416
2026-05-25T14:20:31.6920000,415
2026-05-25T14:20:32.7330000,426
2026-05-25T14:20:33.7740000,419
2026-05-25T14:20:34.8140000,425
2026-05-25T14:20:35.8660000,425
2026-05-25T14:20:36.9060000,412
2026-05-25T14:20:37.9470000,427
2026-05-25T14:20:38.9880000,424
2026-05-25T14:20:40.0280000,411
2026-05-25T14:20:41.0690000,419
2026-05-25T14:20:42.1210000,408
2026-05-25T14:20:43.1610000,430
2026-05-25T14:20:44.2020000,428
2026-05-25T14:20:45.2430000,423
2026-05-25T14:20:46.2840000,435
2026-05-25T14:20:47.3350000,425
2026-05-25T14:20:48.3760000,412
2026-05-25T14:20:49.4160000,421
2026-05-25T14:20:50.4570000,416
2026-05-25T14:20:51.4980000,415
2026-05-25T14:20:52.5390000,415
2026-05-25T14:20:53.5900000,411
2026-05-25T14:20:54.6310000,422
2026-05-25T14:20:55.6720000,423
2026-05-25T14:20:56.7130000,417
2026-05-25T14:20:57.7530000,415
2026-05-25T14:20:58.8050000,418
2026-05-25T14:20:59.8450000,418
2026-05-25T14:21:00.8860000,425
2026-05-25T14:21:01.9270000,425
2026-05-25T14:21:02.9680000,417
2026-05-25T14:21:04.0190000,418
2026-05-25T14:21:05.0600000,419
2026-05-25T14:21:06.1010000,407
2026-05-25T14:21:07.1420000,424
2026-05-25T14:21:08.1820000,415
2026-05-25T14:21:09.2230000,413
2026-05-25T14:21:10.2710000,422
2026-05-25T14:21:11.3120000,426
2026-05-25T14:21:12.3530000,418
2026-05-25T14:21:13.4040000,428
2026-05-25T14:21:14.4450000,426
2026-05-25T14:21:15.4860000,425
2026-05-25T14:21:16.5260000,421
2026-05-25T14:21:17.5670000,421
2026-05-25T14:21:18.6080000,411
2026-05-25T14:21:19.6590000,420
2026-05-25T14:21:20.7000000,421
2026-05-25T14:21:21.7440000,414
2026-05-25T14:21:22.7840000,418
2026-05-25T14:21:23.8290000,408
2026-05-25T14:21:24.8690000,425
2026-05-25T14:21:25.9100000,409
2026-05-25T14:21:26.9510000,430
2026-05-25T14:21:28.0020000,425
2026-05-25T14:21:29.0430000,408
2026-05-25T14:21:30.0830000,402
2026-05-25T14:21:31.1240000,414
2026-05-25T14:21:32.1650000,407
2026-05-25T14:21:33.2160000,424
2026-05-25T14:21:34.2570000,412
2026-05-25T14:21:35.2980000,418
2026-05-25T14:21:36.3390000,418
2026-05-25T14:21:37.3790000,424
2026-05-25T14:21:38.4310000,429
2026-05-25T14:21:39.4710000,410
2026-05-25T14:21:40.5120000,422
2026-05-25T14:21:41.5530000,416
2026-05-25T14:21:42.5940000,416
2026-05-25T14:21:43.6350000,426
2026-05-25T14:21:44.6860000,427
2026-05-25T14:21:45.7270000,421
2026-05-25T14:21:46.7680000,439
2026-05-25T14:21:47.8080000,407
2026-05-25T14:21:48.8490000,414
2026-05-25T14:21:49.9000000,413
2026-05-25T14:21:50.9410000,418
2026-05-25T14:21:51.9820000,421
2026-05-25T14:21:53.0230000,406
2026-05-25T14:21:54.0640000,429
2026-05-25T14:21:55.1150000,412
2026-05-25T14:21:56.1560000,400
2026-05-25T14:21:57.1970000,424
2026-05-25T14:21:58.2380000,413
2026-05-25T14:21:59.2790000,428
2026-05-25T14:22:00.3300000,415
2026-05-25T14:22:01.3700000,417
2026-05-25T14:22:02.4110000,424
2026-05-25T14:22:03.4520000,430
2026-05-25T14:22:04.4930000,428
2026-05-25T14:22:05.5440000,415
2026-05-25T14:22:06.5850000,421
2026-05-25T14:22:07.6260000,430
2026-05-25T14:22:08.6660000,414
2026-05-25T14:22:09.7070000,426
2026-05-25T14:22:10.7480000,418
2026-05-25T14:22:11.7990000,406
2026-05-25T14:22:12.8400000,432
2026-05-25T14:22:13.8810000,412
2026-05-25T14:22:14.9210000,428
2026-05-25T14:22:15.9620000,424
2026-05-25T14:22:17.0130000,429
2026-05-25T14:22:18.0540000,424
2026-05-25T14:22:19.0980000,418
2026-05-25T14:22:20.1390000,428
2026-05-25T14:22:21.1800000,433
2026-05-25T14:22:22.2200000,413
2026-05-25T14:22:23.2610000,424
2026-05-25T14:22:24.3130000,416
2026-05-25T14:22:25.3530000,419
2026-05-25T14:22:26.3940000,423
2026-05-25T14:22:27.4350000,429
2026-05-25T14:22:28.4760000,404
2026-05-25T14:22:29.5270000,423
2026-05-25T14:22:30.5670000,426
2026-05-25T14:22:31.6080000,421
2026-05-25T14:22:32.6490000,424
2026-05-25T14:22:33.6900000,419
2026-05-25T14:22:34.7410000,432
2026-05-25T14:22:35.7820000,429
2026-05-25T14:22:36.8220000,433
2026-05-25T14:22:37.8630000,412
2026-05-25T14:22:38.9040000,425
2026-05-25T14:22:39.9550000,429
2026-05-25T14:22:40.9960000,440
2026-05-25T14:22:42.0370000,401
2026-05-25T14:22:43.0780000,419
2026-05-25T14:22:44.1190000,426
2026-05-25T14:22:45.1700000,426
2026-05-25T14:22:46.2110000,417
2026-05-25T14:22:47.2510000,413
2026-05-25T14:22:48.2920000,422
2026-05-25T14:22:49.3330000,422
2026-05-25T14:22:50.3840000,418
2026-05-25T14:22:51.4250000,414
2026-05-25T14:22:52.4660000,424
2026-05-25T14:22:53.5070000,421
2026-05-25T14:22:54.5470000,420
2026-05-25T14:22:55.5880000,418
2026-05-25T14:22:56.6400000,414
2026-05-25T14:22:57.6800000,424
2026-05-25T14:22:58.7210000,434
2026-05-25T14:22:59.7620000,418
2026-05-25T14:23:00.8060000,425
2026-05-25T14:23:01.8470000,411
2026-05-25T14:23:02.8980000,418
2026-05-25T14:23:03.9390000,424
2026-05-25T14:23:04.9790000,418
2026-05-25T14:23:06.0200000,417
2026-05-25T14:23:07.0610000,429
2026-05-25T14:23:08.1120000,415
2026-05-25T14:23:09.1530000,426
2026-05-25T14:23:10.1930000,426
2026-05-25T14:23:11.2340000,425
2026-05-25T14:23:12.2750000,428
2026-05-25T14:23:13.3260000,403
2026-05-25T14:23:14.3600000,427
2026-05-25T14:23:15.4110000,425
2026-05-25T14:23:16.4520000,416
2026-05-25T14:23:17.4930000,417
2026-05-25T14:23:18.5340000,411
2026-05-25T14:23:19.5740000,411
2026-05-25T14:23:20.6260000,424
2026-05-25T14:23:21.6660000,426
2026-05-25T14:23:22.7070000,438
2026-05-25T14:23:23.7480000,425
2026-05-25T14:23:24.7890000,437
2026-05-25T14:23:25.8400000,423
2026-05-25T14:23:26.8810000,425
2026-05-25T14:23:27.9210000,422
2026-05-25T14:23:28.9620000,414
2026-05-25T14:23:30.0030000,409
2026-05-25T14:23:31.0540000,409
2026-05-25T14:23:32.0960000,411
2026-05-25T14:23:33.1360000,431
2026-05-25T14:23:34.1770000,417
2026-05-25T14:23:35.2180000,423
2026-05-25T14:23:36.2590000,423
2026-05-25T14:23:37.3100000,400
2026-05-25T14:23:38.3510000,408
2026-05-25T14:23:39.3910000,410
2026-05-25T14:23:40.4320000,425
2026-05-25T14:23:41.4730000,411
2026-05-25T14:23:42.5240000,408
2026-05-25T14:23:43.5650000,419
2026-05-25T14:23:44.6060000,412
2026-05-25T14:23:45.6470000,419
2026-05-25T14:23:46.6870000,419
2026-05-25T14:23:47.7380000,414
2026-05-25T14:23:48.7790000,405
2026-05-25T14:23:49.8200000,418
2026-05-25T14:23:50.8610000,405
2026-05-25T14:23:51.9010000,428
2026-05-25T14:23:52.9530000,412
2026-05-25T14:23:53.9930000,422
2026-05-25T14:23:55.0340000,426
2026-05-25T14:23:56.0820000,414
2026-05-25T14:23:57.1230000,413
2026-05-25T14:23:58.1630000,413
2026-05-25T14:23:59.2040000,412
2026-05-25T14:24:00.2450000,414
2026-05-25T14:24:01.2860000,427
2026-05-25T14:24:02.3380000,425
2026-05-25T14:24:03.3780000,425
2026-05-25T14:24:04.4190000,424
2026-05-25T14:24:05.4600000,411
2026-05-25T14:24:06.5010000,409
2026-05-25T14:24:07.5410000,415
2026-05-25T14:24:08.5930000,419
2026-05-25T14:24:09.6330000,433
2026-05-25T14:24:10.6740000,430
2026-05-25T14:24:11.7150000,424
2026-05-25T14:24:12.7560000,423
2026-05-25T14:24:13.8070000,416
2026-05-25T14:24:14.8480000,428
2026-05-25T14:24:15.8880000,426
2026-05-25T14:24:16.9290000,433
2026-05-25T14:24:17.9700000,433
2026-05-25T14:24:19.0210000,415
2026-05-25T14:24:20.0620000,443
2026-05-25T14:24:21.1030000,421
2026-05-25T14:24:22.1430000,420
2026-05-25T14:24:23.1840000,419
2026-05-25T14:24:24.2250000,425
2026-05-25T14:24:25.2760000,422
2026-05-25T14:24:26.3170000,414
2026-05-25T14:24:27.3570000,427
2026-05-25T14:24:28.3980000,426
2026-05-25T14:24:29.4390000,431
2026-05-25T14:24:30.4900000,438
2026-05-25T14:24:31.5310000,413
2026-05-25T14:24:32.5720000,429
2026-05-25T14:24:33.6120000,423
2026-05-25T14:24:34.6530000,433
2026-05-25T14:24:35.7040000,438
2026-05-25T14:24:36.7380000,422
2026-05-25T14:24:37.7890000,423
2026-05-25T14:24:38.8300000,421
2026-05-25T14:24:39.8710000,419
2026-05-25T14:24:40.9120000,434
2026-05-25T14:24:41.9530000,412
2026-05-25T14:24:43.0040000,431
2026-05-25T14:24:44.0450000,426
2026-05-25T14:24:45.0860000,435
2026-05-25T14:24:46.1260000,421
2026-05-25T14:24:47.1670000,417
2026-05-25T14:24:48.2080000,413
2026-05-25T14:24:49.2590000,426
2026-05-25T14:24:50.3000000,434
2026-05-25T14:24:51.3410000,433
2026-05-25T14:24:52.3820000,427
2026-05-25T14:24:53.4230000,434
2026-05-25T14:24:54.4740000,431
2026-05-25T14:24:55.5150000,425
2026-05-25T14:24:56.5560000,439
2026-05-25T14:24:57.5960000,438
2026-05-25T14:24:58.6370000,445
2026-05-25T14:24:59.6780000,430
2026-05-25T14:25:00.7290000,442
2026-05-25T14:25:01.7700000,429
2026-05-25T14:25:02.8110000,439
2026-05-25T14:25:03.8510000,429
2026-05-25T14:25:04.8920000,443
2026-05-25T14:25:05.9430000,433
2026-05-25T14:25:06.9840000,435
2026-05-25T14:25:08.0250000,435
2026-05-25T14:25:09.0660000,446
2026-05-25T14:25:10.1060000,440
2026-05-25T14:25:11.1580000,443
2026-05-25T14:25:12.1980000,446
2026-05-25T14:25:13.2390000,442
2026-05-25T14:25:14.2800000,452
2026-05-25T14:25:15.3210000,437
2026-05-25T14:25:16.3610000,428
2026-05-25T14:25:17.4130000,432
2026-05-25T14:25:18.4540000,433
2026-05-25T14:25:19.4940000,434
2026-05-25T14:25:20.5350000,434
2026-05-25T14:25:21.5760000,428
2026-05-25T14:25:22.6270000,441
2026-05-25T14:25:23.6680000,444
2026-05-25T14:25:24.7080000,434
2026-05-25T14:25:25.7490000,444
2026-05-25T14:25:26.7900000,435
2026-05-25T14:25:27.8310000,435
2026-05-25T14:25:28.8820000,424
2026-05-25T14:25:29.9230000,435
2026-05-25T14:25:30.9630000,452
2026-05-25T14:25:32.0040000,443
2026-05-25T14:25:33.0450000,426
2026-05-25T14:25:34.0960000,443
2026-05-25T14:25:35.1370000,444
2026-05-25T14:25:36.1780000,444
2026-05-25T14:25:37.2180000,438
2026-05-25T14:25:38.2590000,439
2026-05-25T14:25:39.3100000,444
2026-05-25T14:25:40.3510000,435
2026-05-25T14:25:41.3920000,431
2026-05-25T14:25:42.4330000,446
2026-05-25T14:25:43.4740000,452
2026-05-25T14:25:44.5140000,436
2026-05-25T14:25:45.5660000,450
2026-05-25T14:25:46.6060000,432
2026-05-25T14:25:47.6470000,447
2026-05-25T14:25:48.6880000,435
2026-05-25T14:25:49.7290000,442
2026-05-25T14:25:50.7800000,444
2026-05-25T14:25:51.8210000,448
2026-05-25T14:25:52.8620000,456
2026-05-25T14:25:53.9020000,443
2026-05-25T14:25:54.9430000,444
2026-05-25T14:25:55.9840000,442
2026-05-25T14:25:57.0350000,448
2026-05-25T14:25:58.0760000,449
2026-05-25T14:25:59.1170000,455
2026-05-25T14:26:00.1610000,434
2026-05-25T14:26:01.2020000,443
2026-05-25T14:26:02.2430000,437
2026-05-25T14:26:03.2840000,453
2026-05-25T14:26:04.3350000,450
2026-05-25T14:26:05.3760000,438
2026-05-25T14:26:06.4160000,450
2026-05-25T14:26:07.4570000,444
2026-05-25T14:26:08.4980000,447
2026-05-25T14:26:09.5490000,447
2026-05-25T14:26:10.5900000,450
2026-05-25T14:26:11.6310000,442
2026-05-25T14:26:12.6720000,446
2026-05-25T14:26:16.8450000,438
2026-05-25T14:26:17.8860000,448
2026-05-25T14:26:18.9270000,442
2026-05-25T14:26:19.9670000,450
2026-05-25T14:26:21.0190000,436
2026-05-25T14:26:22.0600000,450
2026-05-25T14:26:23.1000000,446
2026-05-25T14:26:24.1410000,452
2026-05-25T14:26:25.1820000,447
2026-05-25T14:26:26.2330000,429
2026-05-25T14:26:27.2710000,418
2026-05-25T14:26:28.3110000,448
2026-05-25T14:26:29.3520000,428
2026-05-25T14:26:30.4030000,448
2026-05-25T14:26:31.4440000,450
2026-05-25T14:26:32.4850000,435
2026-05-25T14:26:33.5250000,446
2026-05-25T14:26:34.5660000,438
2026-05-25T14:26:35.6170000,446
2026-05-25T14:26:36.6580000,439
2026-05-25T14:26:37.6990000,427
2026-05-25T14:26:38.7400000,441
2026-05-25T14:26:39.7810000,424
2026-05-25T14:26:40.8320000,441
2026-05-25T14:26:41.8730000,435
2026-05-25T14:26:42.9130000,439
2026-05-25T14:26:43.9540000,446
2026-05-25T14:26:44.9950000,448
2026-05-25T14:26:46.0460000,438
2026-05-25T14:26:47.0870000,449
2026-05-25T14:26:48.1280000,432
2026-05-25T14:26:49.1690000,441
2026-05-25T14:26:50.2100000,460
2026-05-25T14:26:51.2510000,447
2026-05-25T14:26:52.3020000,430
2026-05-25T14:26:53.3430000,442
2026-05-25T14:26:54.3800000,438
2026-05-25T14:26:55.4210000,433
2026-05-25T14:26:56.4720000,449
2026-05-25T14:26:57.5130000,446
2026-05-25T14:26:58.5540000,452
2026-05-25T14:26:59.5950000,431
2026-05-25T14:27:00.6350000,441
2026-05-25T14:27:01.6870000,430
2026-05-25T14:27:02.7270000,444
2026-05-25T14:27:03.7680000,441
2026-05-25T14:27:04.8090000,449
2026-05-25T14:27:05.8500000,450
2026-05-25T14:27:06.8910000,463
2026-05-25T14:27:07.9420000,440
2026-05-25T14:27:08.9830000,433
2026-05-25T14:27:10.0240000,432
2026-05-25T14:27:11.0640000,445
2026-05-25T14:27:12.1060000,448
2026-05-25T14:27:13.1570000,452
2026-05-25T14:27:14.1980000,444
2026-05-25T14:27:15.2380000,445
2026-05-25T14:27:16.2790000,453
2026-05-25T14:27:17.3200000,447
2026-05-25T14:27:18.3600000,453
2026-05-25T14:27:19.4120000,447
2026-05-25T14:27:20.4520000,445
2026-05-25T14:27:21.4930000,441
2026-05-25T14:27:22.5340000,429
2026-05-25T14:27:23.5740000,435
2026-05-25T14:27:24.6260000,433
2026-05-25T14:27:25.6670000,442
2026-05-25T14:27:26.7070000,446
2026-05-25T14:27:27.7480000,448
2026-05-25T14:27:28.7890000,455
2026-05-25T14:27:29.8400000,448
2026-05-25T14:27:30.8810000,442
2026-05-25T14:27:31.9220000,438
2026-05-25T14:27:32.9630000,440
2026-05-25T14:27:34.0030000,442
2026-05-25T14:27:35.0440000,446
2026-05-25T14:27:36.0920000,453
2026-05-25T14:27:37.1330000,445
2026-05-25T14:27:38.1740000,444
2026-05-25T14:27:39.2140000,435
2026-05-25T14:27:40.2660000,437
2026-05-25T14:27:41.3060000,450
2026-05-25T14:27:42.3470000,449
2026-05-25T14:27:43.3880000,433
2026-05-25T14:27:44.4290000,454
2026-05-25T14:27:45.4800000,439
2026-05-25T14:27:46.5210000,442
2026-05-25T14:27:47.5620000,445
2026-05-25T14:27:48.6020000,455
2026-05-25T14:27:49.6430000,449
2026-05-25T14:27:50.6840000,430
2026-05-25T14:27:51.7350000,433
2026-05-25T14:27:52.7760000,432
2026-05-25T14:27:53.8170000,463
2026-05-25T14:27:54.8580000,427
2026-05-25T14:27:55.8990000,440
2026-05-25T14:27:56.9500000,439
2026-05-25T14:27:57.9910000,422
2026-05-25T14:27:59.0310000,440
2026-05-25T14:28:00.0720000,422
2026-05-25T14:28:01.1130000,448
2026-05-25T14:28:02.1540000,442
2026-05-25T14:28:03.2050000,445
2026-05-25T14:28:04.2460000,447
2026-05-25T14:28:05.2860000,427
2026-05-25T14:28:06.3270000,447
2026-05-25T14:28:07.3680000,433
2026-05-25T14:28:08.4190000,436
2026-05-25T14:28:09.4600000,430
2026-05-25T14:28:10.5010000,439
2026-05-25T14:28:11.5420000,440
2026-05-25T14:28:12.5830000,446
2026-05-25T14:28:13.6230000,432
2026-05-25T14:28:14.6750000,434
2026-05-25T14:28:15.7150000,426
2026-05-25T14:28:16.7560000,435
2026-05-25T14:28:17.8040000,437
2026-05-25T14:28:18.8450000,439
2026-05-25T14:28:19.8850000,454
2026-05-25T14:28:20.9260000,430
2026-05-25T14:28:21.9670000,418
2026-05-25T14:28:23.0080000,430
2026-05-25T14:28:24.0590000,434
2026-05-25T14:28:25.1000000,444
2026-05-25T14:28:26.1410000,436
2026-05-25T14:28:27.1820000,445
2026-05-25T14:28:28.2220000,426
2026-05-25T14:28:29.2740000,433
2026-05-25T14:28:30.3140000,442
2026-05-25T14:28:31.3550000,440
2026-05-25T14:28:32.3960000,419
2026-05-25T14:28:33.4370000,429
2026-05-25T14:28:34.4780000,434
2026-05-25T14:28:35.5290000,433
2026-05-25T14:28:36.5700000,424
2026-05-25T14:28:37.6110000,435
2026-05-25T14:28:38.6510000,430
2026-05-25T14:28:39.6920000,440
2026-05-25T14:28:40.7430000,440
2026-05-25T14:28:41.7840000,427
2026-05-25T14:28:42.8250000,427
2026-05-25T14:28:43.8660000,435
2026-05-25T14:28:44.9140000,449
2026-05-25T14:28:45.9540000,418
2026-05-25T14:28:46.9950000,428
2026-05-25T14:28:48.0360000,433
2026-05-25T14:28:49.0770000,424
2026-05-25T14:28:50.1280000,431
2026-05-25T14:28:51.1690000,432
2026-05-25T14:28:52.2100000,435
2026-05-25T14:28:53.2510000,424
2026-05-25T14:28:54.2910000,431
2026-05-25T14:28:55.3320000,432
2026-05-25T14:28:56.3830000,436
2026-05-25T14:28:57.4240000,434
2026-05-25T14:28:58.4650000,432
2026-05-25T14:28:59.5060000,420
2026-05-25T14:29:00.5470000,436
2026-05-25T14:29:01.5980000,435
2026-05-25T14:29:02.6390000,421
2026-05-25T14:29:03.6800000,421
2026-05-25T14:29:04.7200000,437
2026-05-25T14:29:05.7610000,427
2026-05-25T14:29:06.8130000,436
2026-05-25T14:29:07.8530000,435
2026-05-25T14:29:08.8940000,421
2026-05-25T14:29:09.9350000,434
2026-05-25T14:29:10.9760000,435
2026-05-25T14:29:12.0170000,425
2026-05-25T14:29:13.0640000,440
2026-05-25T14:29:14.1050000,434
2026-05-25T14:29:15.1460000,440
2026-05-25T14:29:16.1970000,439
2026-05-25T14:29:17.2380000,438
2026-05-25T14:29:18.2780000,437
2026-05-25T14:29:19.3190000,426
2026-05-25T14:29:20.3600000,433
2026-05-25T14:29:21.4010000,421
2026-05-25T14:29:22.4520000,438
2026-05-25T14:29:23.4930000,443
2026-05-25T14:29:24.5340000,426
2026-05-25T14:29:25.5740000,428
2026-05-25T14:29:26.6150000,435
2026-05-25T14:29:27.6560000,437
2026-05-25T14:29:28.7070000,426
2026-05-25T14:29:29.7480000,420
2026-05-25T14:29:30.7890000,433
2026-05-25T14:29:31.8300000,425
2026-05-25T14:29:32.8710000,426
2026-05-25T14:29:33.9220000,433
2026-05-25T14:29:34.9630000,438
2026-05-25T14:29:36.0040000,423
2026-05-25T14:29:37.0440000,420
2026-05-25T14:29:38.0850000,434
2026-05-25T14:29:39.1260000,424
2026-05-25T14:29:40.1770000,432
2026-05-25T14:29:41.2180000,429
2026-05-25T14:29:42.2590000,433
2026-05-25T14:29:43.3000000,420
2026-05-25T14:29:44.3400000,427
2026-05-25T14:29:45.3920000,426
2026-05-25T14:29:46.4320000,430
2026-05-25T14:29:47.4730000,438
2026-05-25T14:29:48.5140000,439
2026-05-25T14:29:49.5550000,426
2026-05-25T14:29:50.6060000,440
2026-05-25T14:29:51.6470000,423
2026-05-25T14:29:52.6880000,423
2026-05-25T14:29:53.7290000,431
2026-05-25T14:29:54.7690000,424
2026-05-25T14:29:55.8100000,410
2026-05-25T14:29:56.8620000,423
2026-05-25T14:29:57.9020000,420
2026-05-25T14:29:58.9430000,424
2026-05-25T14:29:59.9840000,414
2026-05-25T14:30:01.0250000,412
2026-05-25T14:30:02.0760000,419
2026-05-25T14:30:03.1170000,407
2026-05-25T14:30:04.1570000,435
2026-05-25T14:30:05.1980000,438
2026-05-25T14:30:06.2390000,422
2026-05-25T14:30:07.2800000,420
2026-05-25T14:30:08.3310000,431
2026-05-25T14:30:09.3720000,417
2026-05-25T14:30:10.4130000,431
2026-05-25T14:30:11.4530000,414
2026-05-25T14:30:12.4950000,418
2026-05-25T14:30:13.5350000,433
2026-05-25T14:30:14.5870000,433
2026-05-25T14:30:15.6280000,421
2026-05-25T14:30:16.6680000,434
2026-05-25T14:30:17.7090000,413
2026-05-25T14:30:18.7500000,436
2026-05-25T14:30:19.8010000,435
2026-05-25T14:30:20.8420000,424
2026-05-25T14:30:21.8830000,427
2026-05-25T14:30:22.9240000,417
2026-05-25T14:30:23.9640000,425
2026-05-25T14:30:25.0050000,435
2026-05-25T14:30:26.0570000,420
2026-05-25T14:30:27.0970000,420
2026-05-25T14:30:28.1380000,423
2026-05-25T14:30:29.1790000,427
2026-05-25T14:30:30.2190000,440
2026-05-25T14:30:31.2710000,420
2026-05-25T14:30:32.3120000,416
2026-05-25T14:30:33.3530000,419
2026-05-25T14:30:34.3930000,409
2026-05-25T14:30:35.4340000,429
2026-05-25T14:30:36.4750000,426
2026-05-25T14:30:37.5260000,432
2026-05-25T14:30:38.5670000,419
2026-05-25T14:30:39.6080000,418
2026-05-25T14:30:40.6490000,419
2026-05-25T14:30:41.6900000,409
2026-05-25T14:30:42.7410000,406
2026-05-25T14:30:43.7820000,418
2026-05-25T14:30:44.8220000,413
2026-05-25T14:30:45.8630000,415
2026-05-25T14:30:46.9040000,425
2026-05-25T14:30:47.9450000,417
2026-05-25T14:30:48.9960000,428
2026-05-25T14:30:50.0370000,419
2026-05-25T14:30:51.0770000,425
2026-05-25T14:30:52.1180000,424
2026-05-25T14:30:53.1590000,430
2026-05-25T14:30:54.2100000,432
2026-05-25T14:30:55.2510000,424
2026-05-25T14:30:56.2920000,419
2026-05-25T14:30:57.3320000,409
2026-05-25T14:30:58.3730000,419
2026-05-25T14:30:59.4250000,422
2026-05-25T14:31:00.4650000,415
2026-05-25T14:31:01.5060000,428
2026-05-25T14:31:02.5440000,432
2026-05-25T14:31:03.5950000,434
2026-05-25T14:31:04.6360000,417
2026-05-25T14:31:05.6760000,414
2026-05-25T14:31:06.7170000,426
2026-05-25T14:31:07.7580000,406
2026-05-25T14:31:08.8090000,422
2026-05-25T14:31:09.8500000,416
2026-05-25T14:31:10.8910000,414
2026-05-25T14:31:11.9320000,414
2026-05-25T14:31:12.9720000,412
2026-05-25T14:31:15.0640000,420
2026-05-25T14:31:16.1050000,418
2026-05-25T14:31:17.1490000,416
2026-05-25T14:31:18.1900000,415
2026-05-25T14:31:19.2310000,405
2026-05-25T14:31:20.2710000,408
2026-05-25T14:31:21.3120000,417
2026-05-25T14:31:22.3640000,427
2026-05-25T14:31:23.4040000,412
2026-05-25T14:31:24.4450000,426
2026-05-25T14:31:25.4860000,406
2026-05-25T14:31:26.5270000,404
2026-05-25T14:31:27.5780000,414
2026-05-25T14:31:28.6190000,402
2026-05-25T14:31:29.6600000,409
2026-05-25T14:31:30.7010000,418
2026-05-25T14:31:31.7410000,412
2026-05-25T14:31:32.7930000,420
2026-05-25T14:31:33.8330000,413
2026-05-25T14:31:34.8740000,419
2026-05-25T14:31:35.9150000,418
2026-05-25T14:31:36.9560000,411
2026-05-25T14:31:37.9960000,419
2026-05-25T14:31:39.0470000,421
2026-05-25T14:31:40.0880000,438
2026-05-25T14:31:41.1290000,409
2026-05-25T14:31:42.1700000,416
2026-05-25T14:31:43.2100000,425
2026-05-25T14:31:44.2620000,418
2026-05-25T14:31:45.3020000,417
2026-05-25T14:31:46.3430000,418
2026-05-25T14:31:47.3840000,422
2026-05-25T14:31:48.4250000,438
2026-05-25T14:31:49.4760000,405
2026-05-25T14:31:50.5170000,417
2026-05-25T14:31:51.5580000,426
2026-05-25T14:31:52.5980000,419
2026-05-25T14:31:53.6390000,414
2026-05-25T14:31:54.6800000,433
2026-05-25T14:31:55.7310000,426
2026-05-25T14:31:56.7720000,413
2026-05-25T14:31:57.8130000,413
2026-05-25T14:31:58.8540000,415
2026-05-25T14:31:59.8940000,420
2026-05-25T14:32:00.9460000,425
2026-05-25T14:32:01.9860000,426
2026-05-25T14:32:03.0270000,419
2026-05-25T14:32:04.0680000,426
2026-05-25T14:32:05.1090000,429
2026-05-25T14:32:06.1500000,425
2026-05-25T14:32:07.2010000,414
2026-05-25T14:32:08.2420000,424
2026-05-25T14:32:09.2820000,438
2026-05-25T14:32:10.3230000,426
2026-05-25T14:32:11.3640000,420
2026-05-25T14:32:12.4080000,419
2026-05-25T14:32:13.4490000,425
2026-05-25T14:32:14.5000000,402
2026-05-25T14:32:15.5410000,411
2026-05-25T14:32:16.5820000,423
2026-05-25T14:32:17.6230000,415
2026-05-25T14:32:18.6630000,412
2026-05-25T14:32:19.7150000,419
2026-05-25T14:32:20.7560000,421
2026-05-25T14:32:21.7960000,418
2026-05-25T14:32:22.8370000,421
2026-05-25T14:32:23.8780000,412
2026-05-25T14:32:24.9180000,411
2026-05-25T14:32:25.9700000,423
2026-05-25T14:32:27.0100000,424
2026-05-25T14:32:28.0510000,417
2026-05-25T14:32:29.0920000,420
2026-05-25T14:32:30.1330000,413
2026-05-25T14:32:31.1840000,421
2026-05-25T14:32:32.2250000,417
2026-05-25T14:32:33.2650000,413
2026-05-25T14:32:34.3060000,438
2026-05-25T14:32:35.3470000,424
2026-05-25T14:32:36.3880000,420
2026-05-25T14:32:37.4390000,425
2026-05-25T14:32:38.4800000,418
2026-05-25T14:32:39.5210000,424
2026-05-25T14:32:40.5620000,406
2026-05-25T14:32:41.6020000,420
2026-05-25T14:32:42.6540000,412
2026-05-25T14:32:43.6950000,417
2026-05-25T14:32:44.7350000,411
2026-05-25T14:32:45.7760000,409
2026-05-25T14:32:46.8170000,409
2026-05-25T14:32:47.8680000,418
2026-05-25T14:32:48.9090000,412
2026-05-25T14:32:50.9900000,424
2026-05-25T14:32:52.0310000,412
2026-05-25T14:32:53.0720000,413
2026-05-25T14:32:54.1230000,423
2026-05-25T14:32:55.1640000,414
2026-05-25T14:32:56.2050000,405
2026-05-25T14:32:57.2450000,414
2026-05-25T14:32:58.2860000,414
2026-05-25T14:32:59.3380000,409
2026-05-25T14:33:00.3780000,428
2026-05-25T14:33:01.4190000,421
2026-05-25T14:33:02.4600000,400
2026-05-25T14:33:03.5010000,408
2026-05-25T14:33:04.5420000,422
2026-05-25T14:33:05.5930000,410
2026-05-25T14:33:06.6340000,412
2026-05-25T14:33:07.6750000,405
2026-05-25T14:33:08.7160000,412
2026-05-25T14:33:09.7560000,410
2026-05-25T14:33:10.8080000,419
2026-05-25T14:33:11.8480000,429
2026-05-25T14:33:12.8890000,412
2026-05-25T14:33:13.9300000,412
2026-05-25T14:33:16.0220000,417
2026-05-25T14:33:17.0630000,437
2026-05-25T14:33:18.1040000,418
2026-05-25T14:33:19.1440000,416
2026-05-25T14:33:20.1850000,418
2026-05-25T14:33:23.3180000,417
2026-05-25T14:33:24.3590000,416
2026-05-25T14:33:25.4000000,418
2026-05-25T14:33:26.4510000,425
2026-05-25T14:33:27.4920000,414
2026-05-25T14:33:28.5330000,428
2026-05-25T14:33:29.5730000,405
2026-05-25T14:33:30.6140000,422
2026-05-25T14:33:31.6550000,415
2026-05-25T14:33:32.7060000,418
2026-05-25T14:33:33.7470000,412
2026-05-25T14:33:34.7870000,417
2026-05-25T14:33:35.8280000,421
2026-05-25T14:33:36.8690000,406
2026-05-25T14:33:37.9200000,422
2026-05-25T14:33:38.9610000,414
2026-05-25T14:33:40.0020000,403
2026-05-25T14:33:41.0430000,418
2026-05-25T14:33:42.0830000,421
2026-05-25T14:33:43.1350000,408
2026-05-25T14:33:44.1750000,417
2026-05-25T14:33:45.2160000,421
2026-05-25T14:33:46.2570000,416
2026-05-25T14:33:47.2980000,409
2026-05-25T14:33:48.3460000,403
2026-05-25T14:33:49.3860000,400
2026-05-25T14:33:50.4270000,404
2026-05-25T14:33:51.4680000,401
2026-05-25T14:33:52.5200000,409
2026-05-25T14:33:53.5600000,406
2026-05-25T14:33:54.6010000,413
2026-05-25T14:33:55.6420000,417
2026-05-25T14:33:56.6830000,407
2026-05-25T14:33:57.7340000,405
2026-05-25T14:33:58.7750000,412
2026-05-25T14:33:59.8150000,412
2026-05-25T14:34:00.8560000,422
2026-05-25T14:34:01.8970000,415
2026-05-25T14:34:02.9480000,403
2026-05-25T14:34:03.9890000,421
2026-05-25T14:34:05.0300000,400
2026-05-25T14:34:06.0700000,408
2026-05-25T14:34:07.1110000,419
2026-05-25T14:34:08.1520000,403
2026-05-25T14:34:09.2030000,423
2026-05-25T14:34:10.2440000,410
2026-05-25T14:34:11.2850000,416
2026-05-25T14:34:12.3260000,414
2026-05-25T14:34:13.3670000,404
2026-05-25T14:34:14.4180000,419
2026-05-25T14:34:15.4590000,414
2026-05-25T14:34:16.5000000,423
2026-05-25T14:34:17.5410000,418
2026-05-25T14:34:18.5820000,400
2026-05-25T14:34:19.6330000,418
2026-05-25T14:34:20.6740000,421
2026-05-25T14:34:21.7140000,418
2026-05-25T14:34:22.7550000,422
2026-05-25T14:34:23.7960000,408
2026-05-25T14:34:24.8370000,430
2026-05-25T14:34:25.8880000,416
2026-05-25T14:34:26.9290000,408
2026-05-25T14:34:27.9700000,416
2026-05-25T14:34:29.0100000,406
2026-05-25T14:34:30.0510000,423
2026-05-25T14:34:31.1020000,412
2026-05-25T14:34:32.1430000,415
2026-05-25T14:34:33.1840000,418
2026-05-25T14:34:34.2250000,422
2026-05-25T14:34:35.2660000,429
2026-05-25T14:34:36.3060000,415
2026-05-25T14:34:37.3580000,422
2026-05-25T14:34:38.3980000,415
2026-05-25T14:34:39.4390000,409
2026-05-25T14:34:40.4800000,409
2026-05-25T14:34:41.5210000,410
2026-05-25T14:34:42.5730000,409
2026-05-25T14:34:43.6130000,412
2026-05-25T14:34:44.6540000,419
2026-05-25T14:34:45.6950000,424
2026-05-25T14:34:46.7350000,418
2026-05-25T14:34:47.7870000,415
2026-05-25T14:34:48.8270000,415
2026-05-25T14:34:49.8680000,412
2026-05-25T14:34:50.9090000,422
2026-05-25T14:34:51.9500000,422
2026-05-25T14:34:52.9910000,410
2026-05-25T14:34:54.0420000,420
2026-05-25T14:34:55.0830000,409
2026-05-25T14:34:56.1230000,419
2026-05-25T14:34:57.1680000,418
2026-05-25T14:34:58.2080000,425
2026-05-25T14:34:59.2490000,400
2026-05-25T14:35:00.3000000,439
2026-05-25T14:35:01.3410000,428
2026-05-25T14:35:02.3820000,430
2026-05-25T14:35:03.4230000,425
2026-05-25T14:35:04.4640000,412
2026-05-25T14:35:05.5040000,425
2026-05-25T14:35:06.5560000,424
2026-05-25T14:35:07.5960000,400
2026-05-25T14:35:08.6370000,432
2026-05-25T14:35:09.6780000,422
2026-05-25T14:35:10.7180000,406
2026-05-25T14:35:11.7690000,424
2026-05-25T14:35:12.8110000,415
2026-05-25T14:35:13.8520000,400
2026-05-25T14:35:14.8920000,413
2026-05-25T14:35:15.9330000,404
2026-05-25T14:35:16.9840000,431
2026-05-25T14:35:18.0250000,433
2026-05-25T14:35:19.0660000,426
2026-05-25T14:35:20.1070000,416
2026-05-25T14:35:21.1470000,424
2026-05-25T14:35:22.1990000,418
2026-05-25T14:35:23.2390000,425
2026-05-25T14:35:24.2800000,409
2026-05-25T14:35:25.3210000,422
2026-05-25T14:35:26.3620000,431
2026-05-25T14:35:27.4130000,424
2026-05-25T14:35:28.4540000,413
2026-05-25T14:35:29.4950000,421
2026-05-25T14:35:30.5350000,402
2026-05-25T14:35:31.5760000,422
2026-05-25T14:35:32.6170000,405
2026-05-25T14:35:33.6690000,422
2026-05-25T14:35:34.7090000,403
2026-05-25T14:35:35.7500000,416
2026-05-25T14:35:36.7910000,410
2026-05-25T14:35:37.8320000,432
2026-05-25T14:35:38.8830000,402
2026-05-25T14:35:39.9240000,412
2026-05-25T14:35:40.9640000,430
2026-05-25T14:35:42.0050000,401
2026-05-25T14:35:43.0460000,419
2026-05-25T14:35:44.0970000,419
2026-05-25T14:35:45.1380000,412
2026-05-25T14:35:46.1790000,400
2026-05-25T14:35:47.2190000,406
2026-05-25T14:35:48.2600000,416
2026-05-25T14:35:49.3110000,405
2026-05-25T14:35:50.3520000,404
2026-05-25T14:35:51.3930000,413
2026-05-25T14:35:52.4340000,420
2026-05-25T14:35:53.4740000,420
2026-05-25T14:35:54.5150000,418
2026-05-25T14:35:55.5660000,406
2026-05-25T14:35:56.6070000,425
2026-05-25T14:35:57.6480000,415
2026-05-25T14:35:58.6880000,424
2026-05-25T14:35:59.7290000,407
2026-05-25T14:36:00.7800000,422
2026-05-25T14:36:01.8210000,418
2026-05-25T14:36:02.8620000,426
2026-05-25T14:36:03.9030000,422
2026-05-25T14:36:04.9440000,408
2026-05-25T14:36:05.9950000,400
2026-05-25T14:36:07.0360000,416
2026-05-25T14:36:08.0770000,424
2026-05-25T14:36:09.1180000,426
2026-05-25T14:36:10.1580000,412
2026-05-25T14:36:11.1990000,422
2026-05-25T14:36:12.2500000,423
2026-05-25T14:36:13.2910000,421
2026-05-25T14:36:14.3320000,422
2026-05-25T14:36:15.3730000,426
2026-05-25T14:36:16.4140000,412
2026-05-25T14:36:17.4650000,420
2026-05-25T14:36:18.5060000,406
2026-05-25T14:36:19.5460000,444
2026-05-25T14:36:20.5870000,405
2026-05-25T14:36:21.6280000,434
2026-05-25T14:36:22.6790000,412
2026-05-25T14:36:23.7200000,421
2026-05-25T14:36:24.7610000,416
2026-05-25T14:36:25.8010000,415
2026-05-25T14:36:26.8420000,417
2026-05-25T14:36:27.8940000,423
2026-05-25T14:36:28.9340000,414
2026-05-25T14:36:29.9750000,420
2026-05-25T14:36:31.0160000,404
2026-05-25T14:36:32.0570000,414
2026-05-25T14:36:33.1080000,420
2026-05-25T14:36:34.1420000,412
2026-05-25T14:36:35.1930000,410
2026-05-25T14:36:36.2340000,433
2026-05-25T14:36:37.2750000,423
2026-05-25T14:36:38.3150000,424
2026-05-25T14:36:39.3560000,413
2026-05-25T14:36:40.4070000,422
2026-05-25T14:36:41.4480000,413
2026-05-25T14:36:42.4890000,431
2026-05-25T14:36:43.5300000,421
2026-05-25T14:36:44.5700000,431
2026-05-25T14:36:45.6110000,425
2026-05-25T14:36:46.6620000,414
2026-05-25T14:36:47.7030000,422
2026-05-25T14:36:48.7440000,414
2026-05-25T14:36:49.7850000,418
2026-05-25T14:36:50.8250000,436
2026-05-25T14:36:51.8770000,416
2026-05-25T14:36:52.9170000,412
2026-05-25T14:36:53.9580000,424
2026-05-25T14:36:54.9990000,419
2026-05-25T14:36:56.0400000,416
2026-05-25T14:36:57.0910000,419
2026-05-25T14:36:58.1320000,422
2026-05-25T14:36:59.1730000,420
2026-05-25T14:37:00.2130000,413
2026-05-25T14:37:01.2540000,445
2026-05-25T14:37:02.2950000,417
2026-05-25T14:37:03.3460000,425
2026-05-25T14:37:04.3870000,416
2026-05-25T14:37:05.4280000,400
2026-05-25T14:37:06.4680000,423
2026-05-25T14:37:07.5090000,403
2026-05-25T14:37:08.5600000,435
2026-05-25T14:37:09.6010000,414
2026-05-25T14:37:10.6420000,425
2026-05-25T14:37:11.6820000,420
2026-05-25T14:37:12.7230000,418
2026-05-25T14:37:13.7750000,422
2026-05-25T14:37:14.8080000,423
2026-05-25T14:37:15.8600000,406
2026-05-25T14:37:16.9000000,420
2026-05-25T14:37:17.9410000,411
2026-05-25T14:37:18.9820000,405
2026-05-25T14:37:20.0230000,420
2026-05-25T14:37:21.0740000,417
2026-05-25T14:37:22.1150000,428
2026-05-25T14:37:23.1560000,415
2026-05-25T14:37:24.1970000,401
2026-05-25T14:37:25.2370000,422
2026-05-25T14:37:26.2780000,435
2026-05-25T14:37:27.3290000,427
2026-05-25T14:37:28.3700000,416
2026-05-25T14:37:29.4140000,418
2026-05-25T14:37:30.4550000,425
2026-05-25T14:37:31.4960000,410
2026-05-25T14:37:32.5370000,426
2026-05-25T14:37:33.5780000,423
2026-05-25T14:37:34.6290000,420
2026-05-25T14:37:35.6700000,419
2026-05-25T14:37:36.7110000,413
2026-05-25T14:37:37.7510000,433
2026-05-25T14:37:38.7920000,426
2026-05-25T14:37:39.8330000,427
2026-05-25T14:37:40.8840000,435
2026-05-25T14:37:41.9250000,428
2026-05-25T14:37:42.9620000,427
2026-05-25T14:37:44.0130000,437
2026-05-25T14:37:45.0540000,428
2026-05-25T14:37:46.0950000,433
2026-05-25T14:37:47.1360000,444
2026-05-25T14:37:48.1760000,424
2026-05-25T14:37:49.2280000,424
2026-05-25T14:37:50.2680000,431
2026-05-25T14:37:51.3090000,422
2026-05-25T14:37:52.3500000,420
2026-05-25T14:37:53.3900000,439
2026-05-25T14:37:54.4420000,439
2026-05-25T14:37:55.4820000,438
2026-05-25T14:37:56.5260000,431
2026-05-25T14:37:57.5670000,418
2026-05-25T14:37:58.6080000,440
2026-05-25T14:37:59.6490000,426
2026-05-25T14:38:00.6890000,432
2026-05-25T14:38:01.7410000,427
2026-05-25T14:38:02.7820000,433
2026-05-25T14:38:03.8230000,425
2026-05-25T14:38:04.8640000,435
2026-05-25T14:38:05.9040000,437
2026-05-25T14:38:06.9450000,420
2026-05-25T14:38:07.9970000,446
2026-05-25T14:38:09.0370000,449
2026-05-25T14:38:10.0750000,442
2026-05-25T14:38:11.1260000,453
2026-05-25T14:38:12.1670000,433
2026-05-25T14:38:13.2080000,442
2026-05-25T14:38:14.2480000,461
2026-05-25T14:38:15.2890000,437
2026-05-25T14:38:16.3400000,437
2026-05-25T14:38:17.3810000,442
2026-05-25T14:38:18.4220000,438
2026-05-25T14:38:19.4630000,447
2026-05-25T14:38:20.5030000,446
2026-05-25T14:38:21.5440000,451
2026-05-25T14:38:22.5960000,445
2026-05-25T14:38:23.6360000,441
2026-05-25T14:38:24.6770000,442
2026-05-25T14:38:25.7180000,440
2026-05-25T14:38:26.7590000,426
2026-05-25T14:38:27.8100000,438
2026-05-25T14:38:28.8510000,434
2026-05-25T14:38:29.8920000,451
2026-05-25T14:38:30.9330000,450
2026-05-25T14:38:31.9740000,440
2026-05-25T14:38:33.0140000,446
2026-05-25T14:38:34.0660000,431
2026-05-25T14:38:35.1060000,435
2026-05-25T14:38:36.1470000,427
2026-05-25T14:38:37.1880000,428
2026-05-25T14:38:38.2290000,441
2026-05-25T14:38:39.2800000,447
2026-05-25T14:38:40.3200000,434
2026-05-25T14:38:41.3610000,439
2026-05-25T14:38:42.4020000,438
2026-05-25T14:38:43.4430000,446
2026-05-25T14:38:44.4940000,432
2026-05-25T14:38:45.5350000,442
2026-05-25T14:38:46.5750000,448
2026-05-25T14:38:47.6160000,440
2026-05-25T14:38:48.6570000,442
2026-05-25T14:38:49.7080000,431
2026-05-25T14:38:50.7490000,437
2026-05-25T14:38:51.7900000,445
2026-05-25T14:38:52.8310000,446
2026-05-25T14:38:53.8710000,452
2026-05-25T14:38:54.9230000,439
2026-05-25T14:38:55.9640000,435
2026-05-25T14:38:57.0040000,452
2026-05-25T14:38:58.0450000,439
2026-05-25T14:38:59.0860000,429
2026-05-25T14:39:00.1270000,433
2026-05-25T14:39:01.1780000,441
2026-05-25T14:39:02.2190000,444
2026-05-25T14:39:03.2600000,430
2026-05-25T14:39:04.3000000,442
2026-05-25T14:39:05.3480000,440
2026-05-25T14:39:06.3890000,443
2026-05-25T14:39:07.4290000,438
2026-05-25T14:39:08.4700000,433
2026-05-25T14:39:09.5220000,442
2026-05-25T14:39:10.5620000,437
2026-05-25T14:39:11.6030000,437
2026-05-25T14:39:12.6440000,431
2026-05-25T14:39:13.6850000,440
2026-05-25T14:39:14.7360000,446
2026-05-25T14:39:15.7770000,429
2026-05-25T14:39:16.8180000,438
2026-05-25T14:39:17.8580000,435
2026-05-25T14:39:18.8990000,434
2026-05-25T14:39:19.9400000,427
2026-05-25T14:39:20.9910000,441
2026-05-25T14:39:22.0320000,437
2026-05-25T14:39:23.0730000,430
2026-05-25T14:39:24.1140000,439
2026-05-25T14:39:25.1540000,444
2026-05-25T14:39:26.2060000,438
2026-05-25T14:39:27.2460000,446
2026-05-25T14:39:28.2870000,432
2026-05-25T14:39:29.3280000,421
2026-05-25T14:39:30.3690000,449
2026-05-25T14:39:31.4200000,438
2026-05-25T14:39:32.4600000,450
2026-05-25T14:39:33.5010000,449
2026-05-25T14:39:34.5420000,445
2026-05-25T14:39:35.5830000,433
2026-05-25T14:39:36.6340000,440
2026-05-25T14:39:37.6750000,448
2026-05-25T14:39:38.7160000,444
2026-05-25T14:39:39.7570000,427
2026-05-25T14:39:40.7970000,440
2026-05-25T14:39:41.8490000,433
2026-05-25T14:39:42.8900000,438
2026-05-25T14:39:43.9310000,432
2026-05-25T14:39:44.9710000,438
2026-05-25T14:39:46.0120000,429
2026-05-25T14:39:47.0630000,407
2026-05-25T14:39:48.1040000,449
2026-05-25T14:39:49.1450000,446
2026-05-25T14:39:50.1860000,427
2026-05-25T14:39:51.2260000,446
2026-05-25T14:39:52.2780000,443
2026-05-25T14:39:53.3180000,432
2026-05-25T14:39:54.3590000,434
2026-05-25T14:39:55.4000000,447
2026-05-25T14:39:56.4410000,438
2026-05-25T14:39:57.4920000,442
2026-05-25T14:39:58.5330000,453
2026-05-25T14:39:59.5740000,444
2026-05-25T14:40:00.6140000,433
2026-05-25T14:40:01.6550000,444
2026-05-25T14:40:02.7070000,431
2026-05-25T14:40:03.7470000,450
2026-05-25T14:40:04.7880000,445
2026-05-25T14:40:05.8290000,436
2026-05-25T14:40:06.8700000,434
2026-05-25T14:40:07.9210000,444
2026-05-25T14:40:08.9620000,432
2026-05-25T14:40:10.0030000,426
2026-05-25T14:40:11.0430000,424
2026-05-25T14:40:12.0840000,423
2026-05-25T14:40:13.1350000,433
2026-05-25T14:40:14.1760000,418
2026-05-25T14:40:15.2170000,438
2026-05-25T14:40:16.2570000,433
2026-05-25T14:40:17.2980000,451
2026-05-25T14:40:18.3390000,432
2026-05-25T14:40:19.3900000,427
2026-05-25T14:40:20.4310000,424
2026-05-25T14:40:21.4720000,425
2026-05-25T14:40:22.5150000,431
2026-05-25T14:40:23.5560000,427
2026-05-25T14:40:24.5970000,425
2026-05-25T14:40:25.6480000,427
2026-05-25T14:40:26.6890000,443
2026-05-25T14:40:27.7290000,426
2026-05-25T14:40:28.7700000,409
2026-05-25T14:40:29.8110000,430
2026-05-25T14:40:30.8520000,426
2026-05-25T14:40:31.9030000,445
2026-05-25T14:40:32.9440000,433
2026-05-25T14:40:33.9850000,412
2026-05-25T14:40:35.0260000,427
2026-05-25T14:40:36.0660000,426
2026-05-25T14:40:37.1180000,407
2026-05-25T14:40:38.1580000,433
2026-05-25T14:40:39.1990000,432
2026-05-25T14:40:40.2400000,431
2026-05-25T14:40:41.2810000,443
2026-05-25T14:40:42.3320000,416
2026-05-25T14:40:43.3730000,427
2026-05-25T14:40:44.4140000,425
2026-05-25T14:40:45.4540000,419
2026-05-25T14:40:46.4950000,420
2026-05-25T14:40:47.5470000,426
2026-05-25T14:40:48.5870000,426
2026-05-25T14:40:49.6280000,426
2026-05-25T14:40:50.6690000,429
2026-05-25T14:40:51.7100000,426
2026-05-25T14:40:52.7510000,425
2026-05-25T14:40:53.8020000,428
2026-05-25T14:40:54.8430000,425
2026-05-25T14:40:55.8830000,424
2026-05-25T14:40:56.9240000,420
2026-05-25T14:40:57.9650000,429
2026-05-25T14:40:59.0160000,433
2026-05-25T14:41:00.0570000,417
2026-05-25T14:41:01.0980000,435
2026-05-25T14:41:02.1380000,423
2026-05-25T14:41:03.1790000,418
2026-05-25T14:41:04.2200000,432
2026-05-25T14:41:05.2710000,428
2026-05-25T14:41:06.3120000,428
2026-05-25T14:41:07.3530000,428
2026-05-25T14:41:08.3940000,433
2026-05-25T14:41:09.4350000,415
2026-05-25T14:41:10.4860000,421
2026-05-25T14:41:11.5270000,447
2026-05-25T14:41:12.5670000,421
2026-05-25T14:41:13.6080000,420
2026-05-25T14:41:14.6490000,433
2026-05-25T14:41:15.7000000,418
2026-05-25T14:41:16.7410000,413
2026-05-25T14:41:17.7820000,422
2026-05-25T14:41:18.8230000,439
2026-05-25T14:41:19.8630000,414
2026-05-25T14:41:20.9040000,428
2026-05-25T14:41:21.9560000,400
2026-05-25T14:41:22.9960000,429
2026-05-25T14:41:24.0370000,421
2026-05-25T14:41:25.0780000,433
2026-05-25T14:41:26.1190000,428
2026-05-25T14:41:27.1700000,441
2026-05-25T14:41:28.2110000,427
2026-05-25T14:41:29.2510000,434
2026-05-25T14:41:30.2920000,433
2026-05-25T14:41:31.3330000,439
2026-05-25T14:41:32.3840000,427
2026-05-25T14:41:33.4250000,425
2026-05-25T14:41:34.4660000,413
2026-05-25T14:41:35.5070000,421
2026-05-25T14:41:36.5470000,419
2026-05-25T14:41:37.5880000,442
2026-05-25T14:41:38.6400000,422
2026-05-25T14:41:39.6800000,426
2026-05-25T14:41:40.7210000,432
2026-05-25T14:41:41.7620000,407
2026-05-25T14:41:42.8030000,429
2026-05-25T14:41:43.8440000,422
2026-05-25T14:41:44.8950000,427
2026-05-25T14:41:45.9360000,431
2026-05-25T14:41:46.9770000,427
2026-05-25T14:41:48.0170000,436
2026-05-25T14:41:49.0580000,420
2026-05-25T14:41:50.1090000,426
2026-05-25T14:41:51.1530000,422
2026-05-25T14:41:52.1940000,423
2026-05-25T14:41:53.2350000,422
2026-05-25T14:41:54.2760000,407
2026-05-25T14:41:55.3160000,431
2026-05-25T14:41:56.3570000,425
2026-05-25T14:41:57.4090000,409
2026-05-25T14:41:58.4490000,439
2026-05-25T14:41:59.4900000,426
2026-05-25T14:42:00.5310000,429
2026-05-25T14:42:01.5720000,426
2026-05-25T14:42:02.6230000,431
2026-05-25T14:42:03.6640000,425
2026-05-25T14:42:04.7080000,433
2026-05-25T14:42:05.7490000,430
2026-05-25T14:42:06.7900000,440
2026-05-25T14:42:07.8310000,433
2026-05-25T14:42:08.8710000,422
2026-05-25T14:42:09.9230000,431
2026-05-25T14:42:10.9630000,423
2026-05-25T14:42:12.0040000,424
2026-05-25T14:42:13.0450000,419
2026-05-25T14:42:14.0850000,430
2026-05-25T14:42:15.1370000,429
2026-05-25T14:42:16.1770000,414
2026-05-25T14:42:17.2180000,420
2026-05-25T14:42:18.2590000,413
2026-05-25T14:42:19.3000000,428
2026-05-25T14:42:20.3400000,419
2026-05-25T14:42:21.3920000,424
2026-05-25T14:42:22.4320000,424
2026-05-25T14:42:23.4730000,428
2026-05-25T14:42:24.5140000,426
2026-05-25T14:42:25.5550000,424
2026-05-25T14:42:26.6060000,432
2026-05-25T14:42:27.6470000,420
2026-05-25T14:42:28.6870000,416
2026-05-25T14:42:29.7280000,424
2026-05-25T14:42:30.7690000,424
2026-05-25T14:42:31.8200000,418
2026-05-25T14:42:32.8620000,414
2026-05-25T14:42:33.9030000,418
2026-05-25T14:42:34.9430000,435
2026-05-25T14:42:35.9840000,415
2026-05-25T14:42:37.0250000,417
2026-05-25T14:42:38.0760000,417
2026-05-25T14:42:39.1170000,428
2026-05-25T14:42:40.1580000,426
2026-05-25T14:42:41.1980000,416
2026-05-25T14:42:42.2390000,416
2026-05-25T14:42:43.2900000,412
2026-05-25T14:42:44.3310000,418
2026-05-25T14:42:45.3720000,418
2026-05-25T14:42:46.4130000,414
2026-05-25T14:42:47.4540000,413
2026-05-25T14:42:48.4940000,425
2026-05-25T14:42:49.5460000,411
2026-05-25T14:42:50.5860000,425
2026-05-25T14:42:51.6270000,433
2026-05-25T14:42:52.6680000,432
2026-05-25T14:42:53.7090000,422
2026-05-25T14:42:54.7600000,442
2026-05-25T14:42:55.8010000,426
2026-05-25T14:42:56.8410000,422
2026-05-25T14:42:57.8820000,412
2026-05-25T14:42:58.9230000,419
2026-05-25T14:42:59.9740000,425
2026-05-25T14:43:01.0150000,437
2026-05-25T14:43:02.0550000,426
2026-05-25T14:43:03.0960000,427
2026-05-25T14:43:04.1370000,419
2026-05-25T14:43:05.1880000,422
2026-05-25T14:43:06.2290000,407
2026-05-25T14:43:07.2700000,423
2026-05-25T14:43:08.3100000,408
2026-05-25T14:43:09.3510000,408
2026-05-25T14:43:10.4020000,415
2026-05-25T14:43:11.4430000,409
2026-05-25T14:43:12.4840000,423
2026-05-25T14:43:13.5250000,417
2026-05-25T14:43:14.5660000,418
2026-05-25T14:43:15.6060000,406
2026-05-25T14:43:16.6580000,418
2026-05-25T14:43:17.6980000,422
2026-05-25T14:43:18.7390000,423
2026-05-25T14:43:19.7800000,424
2026-05-25T14:43:20.8210000,407
2026-05-25T14:43:21.8720000,402
2026-05-25T14:43:22.9130000,400
2026-05-25T14:43:23.9530000,411
2026-05-25T14:43:24.9940000,431
2026-05-25T14:43:26.0350000,418
2026-05-25T14:43:27.0860000,421
2026-05-25T14:43:28.1270000,416
2026-05-25T14:43:29.1680000,415
2026-05-25T14:43:30.2090000,420
2026-05-25T14:43:31.2500000,410
2026-05-25T14:43:32.2900000,421
2026-05-25T14:43:33.3420000,416
2026-05-25T14:43:34.3820000,418
2026-05-25T14:43:35.4230000,422
2026-05-25T14:43:36.4640000,415
2026-05-25T14:43:37.5050000,424
2026-05-25T14:43:38.5560000,426
2026-05-25T14:43:39.5970000,416
2026-05-25T14:43:40.6380000,418
2026-05-25T14:43:41.6780000,427
2026-05-25T14:43:42.7200000,419
2026-05-25T14:43:43.7600000,422
2026-05-25T14:43:44.8120000,418
2026-05-25T14:43:45.8520000,411
2026-05-25T14:43:46.8930000,422
2026-05-25T14:43:47.9340000,409
2026-05-25T14:43:48.9740000,418
2026-05-25T14:43:50.0260000,424
2026-05-25T14:43:51.0660000,417
2026-05-25T14:43:52.1070000,422
2026-05-25T14:43:53.1480000,426
2026-05-25T14:43:54.1890000,413
2026-05-25T14:43:55.2400000,407
2026-05-25T14:43:56.2810000,419
2026-05-25T14:43:57.3220000,402
2026-05-25T14:43:58.3630000,418
2026-05-25T14:43:59.4040000,407
2026-05-25T14:44:00.4450000,416
2026-05-25T14:44:01.4960000,418
2026-05-25T14:44:02.5370000,422
2026-05-25T14:44:03.5780000,425
2026-05-25T14:44:04.6180000,418
2026-05-25T14:44:05.6590000,400
2026-05-25T14:44:06.7100000,422
2026-05-25T14:44:07.7510000,413
2026-05-25T14:44:08.7920000,427
2026-05-25T14:44:09.8320000,412
2026-05-25T14:44:10.8730000,400
2026-05-25T14:44:11.9250000,420
2026-05-25T14:44:12.9650000,418
2026-05-25T14:44:14.0060000,415
2026-05-25T14:44:15.0470000,413
2026-05-25T14:44:16.0880000,415
2026-05-25T14:44:17.1280000,422
2026-05-25T14:44:18.1800000,417
2026-05-25T14:44:19.2200000,400
2026-05-25T14:44:20.2610000,422
2026-05-25T14:44:21.3020000,407
2026-05-25T14:44:22.3430000,418
2026-05-25T14:44:23.3940000,418
2026-05-25T14:44:24.4350000,405
2026-05-25T14:44:25.4760000,407
2026-05-25T14:44:26.5160000,422
2026-05-25T14:44:27.5570000,417
2026-05-25T14:44:28.6090000,419
2026-05-25T14:44:29.6490000,415
2026-05-25T14:44:30.6900000,406
2026-05-25T14:44:31.7310000,411
2026-05-25T14:44:32.7720000,415
2026-05-25T14:44:33.8230000,412
2026-05-25T14:44:34.8640000,414
2026-05-25T14:44:35.9010000,417
2026-05-25T14:44:36.9420000,415
2026-05-25T14:44:37.9930000,414
2026-05-25T14:44:39.0340000,409
2026-05-25T14:44:40.0750000,413
2026-05-25T14:44:41.1150000,400
2026-05-25T14:44:42.1560000,407
2026-05-25T14:44:43.2080000,404
2026-05-25T14:44:44.2490000,421
2026-05-25T14:44:45.2900000,400
2026-05-25T14:44:46.3300000,427
2026-05-25T14:44:47.3710000,403
2026-05-25T14:44:48.4120000,408
2026-05-25T14:44:49.4630000,423
2026-05-25T14:44:50.5040000,426
2026-05-25T14:44:51.5450000,418
2026-05-25T14:44:52.5860000,414
2026-05-25T14:44:53.6260000,412
2026-05-25T14:44:54.6780000,417
2026-05-25T14:44:55.7190000,416
2026-05-25T14:44:56.7590000,411
2026-05-25T14:44:57.8000000,405
2026-05-25T14:44:58.8410000,417
2026-05-25T14:44:59.8820000,408
2026-05-25T14:45:00.9330000,416
2026-05-25T14:45:01.9740000,413
2026-05-25T14:45:03.0150000,428
2026-05-25T14:45:04.0560000,407
2026-05-25T14:45:05.0960000,405
2026-05-25T14:45:06.1370000,413
2026-05-25T14:45:07.1880000,422
2026-05-25T14:45:08.2290000,406
2026-05-25T14:45:09.2700000,412
2026-05-25T14:45:10.3110000,404
2026-05-25T14:45:11.3520000,405
2026-05-25T14:45:12.4030000,413
2026-05-25T14:45:13.4440000,411
2026-05-25T14:45:14.4840000,420
2026-05-25T14:45:15.5250000,417
2026-05-25T14:45:16.5660000,412
2026-05-25T14:45:17.6070000,409
2026-05-25T14:45:18.6580000,408
2026-05-25T14:45:19.6990000,412
2026-05-25T14:45:20.7390000,408
2026-05-25T14:45:21.7800000,408
2026-05-25T14:45:22.8210000,408
2026-05-25T14:45:23.8720000,420
2026-05-25T14:45:24.9130000,410
2026-05-25T14:45:25.9530000,405
2026-05-25T14:45:26.9940000,412
2026-05-25T14:45:28.0350000,425
2026-05-25T14:45:29.0860000,416
2026-05-25T14:45:30.1270000,419
2026-05-25T14:45:31.1680000,412
2026-05-25T14:45:32.2090000,421
2026-05-25T14:45:33.2490000,426
2026-05-25T14:45:34.2900000,404
2026-05-25T14:45:35.3420000,415
2026-05-25T14:45:36.3820000,405
2026-05-25T14:45:37.4230000,413
2026-05-25T14:45:38.4640000,415
2026-05-25T14:45:39.5050000,415
2026-05-25T14:45:40.5450000,400
2026-05-25T14:45:41.5970000,402
2026-05-25T14:45:42.6370000,415
2026-05-25T14:45:43.6780000,412
2026-05-25T14:45:44.7190000,425
2026-05-25T14:45:45.7590000,421
2026-05-25T14:45:46.8110000,418
2026-05-25T14:45:47.8510000,419
2026-05-25T14:45:48.8920000,418
2026-05-25T14:45:49.9330000,408
2026-05-25T14:45:50.9740000,408
2026-05-25T14:45:52.0250000,401
2026-05-25T14:45:53.0660000,413
2026-05-25T14:45:54.1060000,424
2026-05-25T14:45:55.1470000,408
2026-05-25T14:45:56.1880000,418
2026-05-25T14:45:57.2290000,422
2026-05-25T14:45:58.2800000,412
2026-05-25T14:45:59.3210000,424
2026-05-25T14:46:00.3620000,422
2026-05-25T14:46:01.4020000,401
2026-05-25T14:46:02.4430000,428
2026-05-25T14:46:03.4950000,419
2026-05-25T14:46:04.5350000,430
2026-05-25T14:46:05.5760000,407
2026-05-25T14:46:06.6170000,412
2026-05-25T14:46:07.6580000,405
2026-05-25T14:46:08.6980000,415
2026-05-25T14:46:09.7500000,419
2026-05-25T14:46:10.7900000,414
2026-05-25T14:46:11.8310000,412
2026-05-25T14:46:12.8790000,418
2026-05-25T14:46:13.9200000,421
2026-05-25T14:46:14.9600000,414
2026-05-25T14:46:16.0010000,428
2026-05-25T14:46:17.0420000,415
2026-05-25T14:46:18.0830000,421
2026-05-25T14:46:19.1340000,425
2026-05-25T14:46:20.1750000,418
2026-05-25T14:46:21.2160000,416
2026-05-25T14:46:22.2570000,426
2026-05-25T14:46:23.2990000,409
2026-05-25T14:46:24.3400000,412
2026-05-25T14:46:25.3910000,407
2026-05-25T14:46:26.4290000,411
2026-05-25T14:46:27.4690000,425
2026-05-25T14:46:28.5100000,405
2026-05-25T14:46:29.5610000,413
2026-05-25T14:46:30.6020000,402
2026-05-25T14:46:31.6430000,419
2026-05-25T14:46:32.6830000,400
2026-05-25T14:46:33.7240000,412
2026-05-25T14:46:34.7760000,418
2026-05-25T14:46:35.8160000,416
2026-05-25T14:46:36.8570000,401
2026-05-25T14:46:37.8980000,419
2026-05-25T14:46:38.9390000,407
2026-05-25T14:46:39.9900000,411
2026-05-25T14:46:41.0310000,422
2026-05-25T14:46:42.0720000,414
2026-05-25T14:46:43.1130000,415
2026-05-25T14:46:44.1530000,412
2026-05-25T14:46:45.1940000,428
2026-05-25T14:46:46.2460000,420
2026-05-25T14:46:47.2860000,415
2026-05-25T14:46:48.3270000,424
2026-05-25T14:46:49.3680000,407
2026-05-25T14:46:50.4090000,407
2026-05-25T14:46:51.4600000,417
2026-05-25T14:46:52.5010000,424
2026-05-25T14:46:53.5380000,425
2026-05-25T14:46:54.5790000,407
2026-05-25T14:46:55.6300000,438
2026-05-25T14:46:56.6710000,414
2026-05-25T14:46:57.7120000,402
2026-05-25T14:46:58.7530000,417
2026-05-25T14:46:59.7930000,424
2026-05-25T14:47:00.8340000,420
2026-05-25T14:47:01.8850000,411
2026-05-25T14:47:02.9270000,408
2026-05-25T14:47:03.9680000,404
2026-05-25T14:47:05.0080000,423
2026-05-25T14:47:06.0490000,422
2026-05-25T14:47:07.0900000,419
2026-05-25T14:47:08.1410000,414
2026-05-25T14:47:09.1820000,404
2026-05-25T14:47:10.2230000,420
2026-05-25T14:47:11.2640000,427
2026-05-25T14:47:12.3050000,428
2026-05-25T14:47:13.3560000,428
2026-05-25T14:47:14.3970000,420
2026-05-25T14:47:15.4370000,422
2026-05-25T14:47:16.4780000,405
2026-05-25T14:47:17.5190000,430
2026-05-25T14:47:18.5590000,413
2026-05-25T14:47:19.6110000,420
2026-05-25T14:47:20.6510000,412
2026-05-25T14:47:21.6890000,420
2026-05-25T14:47:22.7400000,415
2026-05-25T14:47:23.7810000,421
2026-05-25T14:47:24.8210000,408
2026-05-25T14:47:25.8620000,423
2026-05-25T14:47:26.9030000,418
2026-05-25T14:47:27.9440000,425
2026-05-25T14:47:28.9950000,419
2026-05-25T14:47:30.0360000,410
2026-05-25T14:47:31.0760000,410
2026-05-25T14:47:32.1170000,426
2026-05-25T14:47:33.1580000,422
2026-05-25T14:47:34.2100000,415
2026-05-25T14:47:35.2470000,400
2026-05-25T14:47:36.2880000,408
2026-05-25T14:47:37.3290000,412
2026-05-25T14:47:38.3800000,417
2026-05-25T14:47:39.4210000,418
2026-05-25T14:47:40.4610000,423
2026-05-25T14:47:41.5020000,422
2026-05-25T14:47:42.5430000,418
2026-05-25T14:47:43.5840000,418
2026-05-25T14:47:44.6350000,421
2026-05-25T14:47:45.6760000,409
2026-05-25T14:47:46.7160000,416
2026-05-25T14:47:47.7570000,429
2026-05-25T14:47:48.8050000,421
2026-05-25T14:47:49.8460000,416
2026-05-25T14:47:50.8860000,418
2026-05-25T14:47:51.9270000,419
2026-05-25T14:47:52.9680000,408
2026-05-25T14:47:54.0190000,417
2026-05-25T14:47:55.0600000,410
2026-05-25T14:47:56.1010000,419
2026-05-25T14:47:57.1420000,418
2026-05-25T14:47:58.1820000,417
2026-05-25T14:47:59.2340000,407
2026-05-25T14:48:00.2740000,407
2026-05-25T14:48:01.3150000,408
2026-05-25T14:48:02.3560000,418
2026-05-25T14:48:03.3970000,413
2026-05-25T14:48:04.4370000,411
2026-05-25T14:48:05.4890000,400
2026-05-25T14:48:06.5290000,408
2026-05-25T14:48:07.5700000,400
2026-05-25T14:48:08.6110000,425
2026-05-25T14:48:09.6520000,407
2026-05-25T14:48:10.7030000,422
2026-05-25T14:48:11.7440000,417
2026-05-25T14:48:12.7850000,412
2026-05-25T14:48:13.8250000,400
2026-05-25T14:48:14.8660000,410
2026-05-25T14:48:15.9070000,406
2026-05-25T14:48:16.9590000,422
2026-05-25T14:48:17.9990000,412
2026-05-25T14:48:19.0400000,407
2026-05-25T14:48:20.0810000,418
2026-05-25T14:48:21.1220000,403
2026-05-25T14:48:22.1630000,412
2026-05-25T14:48:23.2140000,403
2026-05-25T14:48:24.2550000,404
2026-05-25T14:48:25.2960000,416
2026-05-25T14:48:26.3360000,412
2026-05-25T14:48:27.3770000,418
2026-05-25T14:48:28.4280000,403
2026-05-25T14:48:29.4690000,408
2026-05-25T14:48:30.5100000,407
2026-05-25T14:48:31.5500000,417
2026-05-25T14:48:32.5910000,410
2026-05-25T14:48:33.6320000,402
2026-05-25T14:48:34.6830000,405
2026-05-25T14:48:35.7240000,401
2026-05-25T14:48:36.7650000,408
2026-05-25T14:48:37.8060000,400
2026-05-25T14:48:38.8460000,411
2026-05-25T14:48:39.8980000,400
2026-05-25T14:48:40.9380000,421
2026-05-25T14:48:41.9790000,411
2026-05-25T14:48:43.0200000,412
2026-05-25T14:48:44.0610000,418
2026-05-25T14:48:45.1020000,427
2026-05-25T14:48:46.1530000,407
2026-05-25T14:48:47.1940000,411
2026-05-25T14:48:48.2350000,412
2026-05-25T14:48:49.2750000,413
2026-05-25T14:48:50.3160000,412
2026-05-25T14:48:51.3570000,422
2026-05-25T14:48:52.4080000,412
2026-05-25T14:48:53.4490000,415
2026-05-25T14:48:54.4900000,414
2026-05-25T14:48:55.5300000,413
2026-05-25T14:48:56.5710000,405
2026-05-25T14:48:57.6190000,417
2026-05-25T14:48:58.6600000,407
2026-05-25T14:48:59.7010000,401
2026-05-25T14:49:00.7410000,412
2026-05-25T14:49:01.7930000,400
2026-05-25T14:49:02.8340000,405
2026-05-25T14:49:03.8740000,405
2026-05-25T14:49:04.9150000,407
2026-05-25T14:49:05.9560000,409
2026-05-25T14:49:06.9970000,412
2026-05-25T14:49:08.0480000,407
2026-05-25T14:49:09.0890000,400
2026-05-25T14:49:10.1300000,405
2026-05-25T14:49:11.1700000,409
2026-05-25T14:49:12.2110000,418
2026-05-25T14:49:13.2630000,400
2026-05-25T14:49:14.3040000,405
2026-05-25T14:49:15.3440000,408
2026-05-25T14:49:16.3850000,410
2026-05-25T14:49:17.4260000,400
2026-05-25T14:49:18.4770000,402
2026-05-25T14:49:19.5180000,400
2026-05-25T14:49:20.5590000,400
2026-05-25T14:49:21.6000000,433
2026-05-25T14:49:22.6400000,418
2026-05-25T14:49:23.6810000,418
2026-05-25T14:49:24.7320000,413
2026-05-25T14:49:25.7730000,409
2026-05-25T14:49:26.8140000,403
2026-05-25T14:49:27.8550000,404
2026-05-25T14:49:28.8950000,408
2026-05-25T14:49:29.9470000,413
2026-05-25T14:49:30.9880000,415
2026-05-25T14:49:32.0280000,430
2026-05-25T14:49:33.0690000,400
2026-05-25T14:49:34.1100000,418
2026-05-25T14:49:35.1610000,401
2026-05-25T14:49:36.2020000,416
2026-05-25T14:49:37.2430000,420
2026-05-25T14:49:38.2830000,416
2026-05-25T14:49:39.3310000,429
2026-05-25T14:49:40.3720000,403
2026-05-25T14:49:41.4130000,413
2026-05-25T14:49:42.4540000,425
2026-05-25T14:49:43.4940000,417
2026-05-25T14:49:44.5460000,415
2026-05-25T14:49:45.5860000,415
2026-05-25T14:49:46.6270000,415
2026-05-25T14:49:47.6680000,422
2026-05-25T14:49:48.7090000,402
2026-05-25T14:49:49.7500000,427
2026-05-25T14:49:50.8010000,418
2026-05-25T14:49:51.8420000,417
2026-05-25T14:49:52.8830000,419
2026-05-25T14:49:53.9230000,417
2026-05-25T14:49:54.9640000,407
2026-05-25T14:49:56.0150000,406
2026-05-25T14:49:57.0560000,412
2026-05-25T14:49:58.0970000,420
2026-05-25T14:49:59.1380000,412
2026-05-25T14:50:00.1790000,412
2026-05-25T14:50:01.2190000,410
2026-05-25T14:50:02.2700000,409
2026-05-25T14:50:03.3120000,421
2026-05-25T14:50:04.3520000,435
2026-05-25T14:50:05.3930000,418
2026-05-25T14:50:06.4410000,416
2026-05-25T14:50:07.4820000,413
2026-05-25T14:50:08.5230000,405
2026-05-25T14:50:09.5630000,410
2026-05-25T14:50:10.6040000,411
2026-05-25T14:50:11.6560000,418
2026-05-25T14:50:12.6960000,400
2026-05-25T14:50:13.7370000,425
2026-05-25T14:50:14.7780000,413
2026-05-25T14:50:15.8190000,403
2026-05-25T14:50:16.8600000,417
2026-05-25T14:50:17.9110000,400
2026-05-25T14:50:18.9520000,423
2026-05-25T14:50:19.9920000,417
2026-05-25T14:50:21.0370000,418
2026-05-25T14:50:22.0780000,422
2026-05-25T14:50:23.1190000,421
2026-05-25T14:50:24.1590000,444
2026-05-25T14:50:25.2110000,420
2026-05-25T14:50:26.2510000,433
2026-05-25T14:50:27.2920000,407
2026-05-25T14:50:28.3330000,426
2026-05-25T14:50:29.3730000,427
2026-05-25T14:50:30.4250000,417
2026-05-25T14:50:31.4650000,437
2026-05-25T14:50:32.5060000,419
2026-05-25T14:50:33.5470000,414
2026-05-25T14:50:34.5950000,445
2026-05-25T14:50:35.6360000,434
2026-05-25T14:50:36.6760000,421
2026-05-25T14:50:37.7170000,429
2026-05-25T14:50:38.7580000,412
2026-05-25T14:50:39.7990000,429
2026-05-25T14:50:40.8500000,423
2026-05-25T14:50:41.8910000,419
2026-05-25T14:50:42.9320000,434
2026-05-25T14:50:43.9720000,418
2026-05-25T14:50:45.0130000,455
2026-05-25T14:50:46.0640000,435
2026-05-25T14:50:47.1050000,400
2026-05-25T14:50:48.1460000,426
2026-05-25T14:50:49.1870000,426
2026-05-25T14:50:50.2270000,432
2026-05-25T14:50:51.2680000,423
2026-05-25T14:50:52.3190000,440
2026-05-25T14:50:53.3600000,428
2026-05-25T14:50:54.4010000,429
2026-05-25T14:50:55.4420000,438
2026-05-25T14:50:56.4820000,430
2026-05-25T14:50:57.5340000,424
2026-05-25T14:50:58.5740000,423
2026-05-25T14:50:59.6150000,426
2026-05-25T14:51:00.6560000,415
2026-05-25T14:51:01.6970000,423
2026-05-25T14:51:02.7370000,418
2026-05-25T14:51:03.7890000,430
2026-05-25T14:51:04.8290000,413
2026-05-25T14:51:05.8700000,427
2026-05-25T14:51:06.9110000,432
2026-05-25T14:51:07.9520000,419
2026-05-25T14:51:08.9930000,428
2026-05-25T14:51:10.0440000,417
2026-05-25T14:51:11.0850000,429
2026-05-25T14:51:12.1250000,420
2026-05-25T14:51:13.1660000,430
2026-05-25T14:51:14.2070000,422
2026-05-25T14:51:15.2540000,414
2026-05-25T14:51:16.2950000,443
2026-05-25T14:51:17.3360000,430
2026-05-25T14:51:18.3870000,423
2026-05-25T14:51:19.4280000,412
2026-05-25T14:51:20.4690000,439
2026-05-25T14:51:21.5100000,430
2026-05-25T14:51:22.5500000,433
2026-05-25T14:51:23.5910000,407
2026-05-25T14:51:24.6420000,418
2026-05-25T14:51:25.6830000,426
2026-05-25T14:51:26.7240000,445
2026-05-25T14:51:27.7650000,427
2026-05-25T14:51:28.8050000,428
2026-05-25T14:51:29.8570000,430
2026-05-25T14:51:30.8970000,433
2026-05-25T14:51:31.9380000,427
2026-05-25T14:51:32.9790000,427
2026-05-25T14:51:34.0200000,429
2026-05-25T14:51:35.0610000,435
2026-05-25T14:51:36.1120000,443
2026-05-25T14:51:37.1530000,432
2026-05-25T14:51:38.1930000,443
2026-05-25T14:51:39.2340000,436
2026-05-25T14:51:40.2750000,436
2026-05-25T14:51:41.3260000,437
2026-05-25T14:51:42.3670000,423
2026-05-25T14:51:43.4070000,443
2026-05-25T14:51:44.4480000,432
2026-05-25T14:51:45.4890000,429
2026-05-25T14:51:46.5400000,426
2026-05-25T14:51:47.5810000,448
2026-05-25T14:51:48.6220000,438
2026-05-25T14:51:49.6630000,431
2026-05-25T14:51:50.7030000,432
2026-05-25T14:51:51.7440000,429
2026-05-25T14:51:52.7950000,444
2026-05-25T14:51:53.8360000,427
2026-05-25T14:51:54.8770000,423
2026-05-25T14:51:55.9180000,445
2026-05-25T14:51:56.9580000,442
2026-05-25T14:51:58.0100000,438
2026-05-25T14:51:59.0500000,435
2026-05-25T14:52:00.0910000,428
2026-05-25T14:52:01.1320000,434
2026-05-25T14:52:02.1720000,437
2026-05-25T14:52:03.2140000,435
2026-05-25T14:52:04.2650000,445
2026-05-25T14:52:05.3060000,438
2026-05-25T14:52:06.3470000,435
2026-05-25T14:52:07.3870000,438
2026-05-25T14:52:08.4280000,432
2026-05-25T14:52:09.4790000,434
2026-05-25T14:52:10.5170000,439
2026-05-25T14:52:11.5580000,442
2026-05-25T14:52:12.5980000,432
2026-05-25T14:52:13.6500000,441
2026-05-25T14:52:14.6910000,442
2026-05-25T14:52:15.7310000,425
2026-05-25T14:52:16.7720000,435
2026-05-25T14:52:17.8130000,434
2026-05-25T14:52:18.8540000,430
2026-05-25T14:52:19.9050000,423
2026-05-25T14:52:20.9460000,414
2026-05-25T14:52:21.9860000,450
2026-05-25T14:52:23.0270000,439
2026-05-25T14:52:24.0750000,439
2026-05-25T14:52:25.1150000,422
2026-05-25T14:52:26.1560000,438
2026-05-25T14:52:27.1970000,446
2026-05-25T14:52:28.2370000,416
2026-05-25T14:52:29.2890000,432
2026-05-25T14:52:30.3290000,431
2026-05-25T14:52:31.3700000,430
2026-05-25T14:52:32.4110000,432
2026-05-25T14:52:33.4520000,438
2026-05-25T14:52:34.5030000,435
2026-05-25T14:52:35.5440000,445
2026-05-25T14:52:36.5850000,451
2026-05-25T14:52:37.6260000,429
2026-05-25T14:52:38.6740000,442
2026-05-25T14:52:39.7150000,450
2026-05-25T14:52:40.7550000,432
2026-05-25T14:52:41.7960000,439
2026-05-25T14:52:42.8370000,441
2026-05-25T14:52:43.8880000,438
2026-05-25T14:52:44.9290000,438
2026-05-25T14:52:45.9700000,432
2026-05-25T14:52:47.0110000,428
2026-05-25T14:52:48.0510000,434
2026-05-25T14:52:49.0920000,436
2026-05-25T14:52:50.1430000,442
2026-05-25T14:52:51.1840000,434
2026-05-25T14:52:52.2250000,434
2026-05-25T14:52:53.2660000,438
2026-05-25T14:52:54.3060000,422
2026-05-25T14:52:55.3570000,435
2026-05-25T14:52:56.3980000,432
2026-05-25T14:52:57.4390000,438
2026-05-25T14:52:58.4800000,430
2026-05-25T14:52:59.5210000,426
2026-05-25T14:53:00.5720000,438
2026-05-25T14:53:01.6130000,423
2026-05-25T14:53:02.6530000,433
2026-05-25T14:53:03.6940000,439
2026-05-25T14:53:04.7350000,428
2026-05-25T14:53:05.7760000,437
2026-05-25T14:53:06.8270000,428
2026-05-25T14:53:07.8680000,431
2026-05-25T14:53:08.9080000,429
2026-05-25T14:53:09.9490000,435
2026-05-25T14:53:10.9900000,430
2026-05-25T14:53:12.0410000,429
2026-05-25T14:53:13.0820000,435
2026-05-25T14:53:14.1230000,431
2026-05-25T14:53:15.1640000,432
2026-05-25T14:53:16.2050000,424
2026-05-25T14:53:17.2450000,438
2026-05-25T14:53:18.2970000,434
2026-05-25T14:53:19.3340000,435
2026-05-25T14:53:20.3750000,426
2026-05-25T14:53:21.4260000,422
2026-05-25T14:53:22.4670000,427
2026-05-25T14:53:23.5080000,428
2026-05-25T14:53:24.5480000,424
2026-05-25T14:53:26.6300000,427
2026-05-25T14:53:27.6810000,429
2026-05-25T14:53:28.7220000,430
2026-05-25T14:53:29.7630000,426
2026-05-25T14:53:30.8040000,418
2026-05-25T14:53:31.8440000,435
2026-05-25T14:53:32.8850000,433
2026-05-25T14:53:33.9290000,414
2026-05-25T14:53:36.0210000,425
2026-05-25T14:53:37.0620000,427
2026-05-25T14:53:38.1030000,424
2026-05-25T14:53:39.1440000,427
2026-05-25T14:53:40.1840000,426
2026-05-25T14:53:41.2360000,416
2026-05-25T14:53:42.2770000,415
2026-05-25T14:53:43.3180000,420
2026-05-25T14:53:44.3590000,422
2026-05-25T14:53:45.3990000,423
2026-05-25T14:53:46.4400000,402
2026-05-25T14:53:47.4880000,418
2026-05-25T14:53:48.5290000,421
2026-05-25T14:53:49.5690000,428
2026-05-25T14:53:50.6100000,427
2026-05-25T14:53:51.6610000,419
2026-05-25T14:53:52.7020000,428
2026-05-25T14:53:53.7430000,430
2026-05-25T14:53:54.7840000,417
2026-05-25T14:53:55.8250000,409
2026-05-25T14:53:56.8760000,421
2026-05-25T14:53:57.9160000,416
2026-05-25T14:53:58.9570000,423
2026-05-25T14:53:59.9980000,425
2026-05-25T14:54:01.0390000,426
2026-05-25T14:54:02.0900000,417
2026-05-25T14:54:03.1310000,410
2026-05-25T14:54:04.1720000,412
2026-05-25T14:54:05.2130000,427
2026-05-25T14:54:06.2530000,411
2026-05-25T14:54:07.2940000,414
2026-05-25T14:54:08.3450000,429
2026-05-25T14:54:09.3860000,419
2026-05-25T14:54:10.4270000,413
2026-05-25T14:54:11.4680000,422
2026-05-25T14:54:12.5080000,420
2026-05-25T14:54:13.5500000,412
2026-05-25T14:54:14.5940000,410
2026-05-25T14:54:15.6450000,418
2026-05-25T14:54:16.6860000,413
2026-05-25T14:54:17.7270000,418
2026-05-25T14:54:18.7680000,414
2026-05-25T14:54:19.8080000,405
2026-05-25T14:54:20.8490000,415
2026-05-25T14:54:21.9000000,422
2026-05-25T14:54:22.9410000,422
2026-05-25T14:54:23.9820000,407
2026-05-25T14:54:25.0230000,415
2026-05-25T14:54:26.0640000,418
2026-05-25T14:54:27.1150000,420
2026-05-25T14:54:28.1560000,418
2026-05-25T14:54:29.1960000,423
2026-05-25T14:54:30.2370000,426
2026-05-25T14:54:31.2780000,411
2026-05-25T14:54:32.3290000,418
2026-05-25T14:54:33.3700000,415
2026-05-25T14:54:34.4110000,417
2026-05-25T14:54:35.4520000,408
2026-05-25T14:54:36.4930000,418
2026-05-25T14:54:37.5330000,408
2026-05-25T14:54:38.5850000,418
2026-05-25T14:54:39.6250000,413
2026-05-25T14:54:40.6660000,415
2026-05-25T14:54:41.7070000,415
2026-05-25T14:54:42.7550000,407
2026-05-25T14:54:43.7950000,410
2026-05-25T14:54:44.8360000,413
2026-05-25T14:54:45.8770000,404
2026-05-25T14:54:46.9180000,423
2026-05-25T14:54:47.9690000,410
2026-05-25T14:54:49.0100000,409
2026-05-25T14:54:50.0510000,418
2026-05-25T14:54:51.0910000,415
2026-05-25T14:54:52.1320000,412
2026-05-25T14:54:53.1840000,410
2026-05-25T14:54:54.2240000,418
2026-05-25T14:54:55.2650000,424
2026-05-25T14:54:56.3060000,416
2026-05-25T14:54:57.3470000,419
2026-05-25T14:54:58.3980000,416
2026-05-25T14:54:59.4390000,412
2026-05-25T14:55:00.4800000,422
2026-05-25T14:55:01.5200000,402
2026-05-25T14:55:02.5610000,413
2026-05-25T14:55:03.6020000,420
2026-05-25T14:55:04.6540000,414
2026-05-25T14:55:05.6950000,412
2026-05-25T14:55:06.7350000,414
2026-05-25T14:55:07.7760000,420
2026-05-25T14:55:08.8170000,414
2026-05-25T14:55:09.8610000,412
2026-05-25T14:55:10.9020000,411
2026-05-25T14:55:11.9530000,400
2026-05-25T14:55:12.9940000,430
2026-05-25T14:55:14.0340000,415
2026-05-25T14:55:15.0750000,418
2026-05-25T14:55:16.1160000,435
2026-05-25T14:55:17.1670000,427
2026-05-25T14:55:18.2080000,425
2026-05-25T14:55:19.2490000,412
2026-05-25T14:55:20.2900000,417
2026-05-25T14:55:21.3300000,418
2026-05-25T14:55:22.3710000,413
2026-05-25T14:55:23.4220000,411
2026-05-25T14:55:24.4630000,414
2026-05-25T14:55:25.5040000,411
2026-05-25T14:55:26.5450000,422
2026-05-25T14:55:27.5850000,407
2026-05-25T14:55:28.6260000,420
2026-05-25T14:55:29.6780000,419
2026-05-25T14:55:30.7180000,400
2026-05-25T14:55:31.7590000,412
2026-05-25T14:55:32.8000000,412
2026-05-25T14:55:33.8400000,433
2026-05-25T14:55:34.8920000,405
2026-05-25T14:55:35.9320000,402
2026-05-25T14:55:36.9730000,434
2026-05-25T14:55:38.0170000,410
2026-05-25T14:55:39.0580000,411
2026-05-25T14:55:40.0990000,418
2026-05-25T14:55:41.1400000,417
2026-05-25T14:55:42.1910000,422
2026-05-25T14:55:43.2320000,422
2026-05-25T14:55:44.2730000,417
2026-05-25T14:55:45.3140000,400
2026-05-25T14:55:46.3550000,412
2026-05-25T14:55:47.3950000,415
2026-05-25T14:55:48.4470000,412
2026-05-25T14:55:49.4870000,414
2026-05-25T14:55:50.5280000,422
2026-05-25T14:55:51.5690000,408
2026-05-25T14:55:52.6100000,415
2026-05-25T14:55:53.6500000,417
2026-05-25T14:55:54.7020000,427
2026-05-25T14:55:55.7420000,413
2026-05-25T14:55:56.7830000,409
2026-05-25T14:55:57.8240000,418
2026-05-25T14:55:58.8650000,407
2026-05-25T14:55:59.9160000,411
2026-05-25T14:56:00.9570000,409
2026-05-25T14:56:01.9980000,402
2026-05-25T14:56:03.0390000,400
2026-05-25T14:56:04.0790000,421
2026-05-25T14:56:05.1200000,431
2026-05-25T14:56:06.1720000,417
2026-05-25T14:56:07.2120000,411
2026-05-25T14:56:08.2530000,400
2026-05-25T14:56:09.2940000,409
2026-05-25T14:56:10.3350000,418
2026-05-25T14:56:11.3860000,406
2026-05-25T14:56:12.4270000,405
2026-05-25T14:56:13.4680000,415
2026-05-25T14:56:14.5080000,418
2026-05-25T14:56:15.5490000,417
2026-05-25T14:56:16.5900000,419
2026-05-25T14:56:17.6410000,413
2026-05-25T14:56:18.6820000,411
2026-05-25T14:56:19.7230000,409
2026-05-25T14:56:20.7630000,411
2026-05-25T14:56:21.8040000,420
2026-05-25T14:56:22.8550000,425
2026-05-25T14:56:23.8960000,400
2026-05-25T14:56:24.9370000,423
2026-05-25T14:56:25.9780000,423
2026-05-25T14:56:27.0180000,402
2026-05-25T14:56:28.0700000,415
2026-05-25T14:56:29.1100000,422
2026-05-25T14:56:30.1510000,419
2026-05-25T14:56:31.1920000,409
2026-05-25T14:56:32.2330000,413
2026-05-25T14:56:33.2770000,423
2026-05-25T14:56:34.3180000,434
2026-05-25T14:56:35.3590000,421
2026-05-25T14:56:36.4100000,416
2026-05-25T14:56:37.4510000,420
2026-05-25T14:56:38.4920000,422
2026-05-25T14:56:39.5320000,426
2026-05-25T14:56:40.5730000,408
2026-05-25T14:56:41.6240000,400
2026-05-25T14:56:42.6650000,420
2026-05-25T14:56:43.7060000,402
2026-05-25T14:56:44.7460000,414
2026-05-25T14:56:45.7870000,416
2026-05-25T14:56:46.8380000,403
2026-05-25T14:56:47.8790000,400
2026-05-25T14:56:48.9200000,423
2026-05-25T14:56:49.9600000,434
2026-05-25T14:56:51.0010000,421
2026-05-25T14:56:52.0520000,412
2026-05-25T14:56:53.0930000,408
2026-05-25T14:56:54.1340000,430
2026-05-25T14:56:55.1750000,418
2026-05-25T14:56:56.2160000,422
2026-05-25T14:56:57.2560000,416
2026-05-25T14:56:58.3080000,402
2026-05-25T14:56:59.3480000,402
2026-05-25T14:57:00.3930000,412
2026-05-25T14:57:01.4330000,421
2026-05-25T14:57:02.4740000,417
2026-05-25T14:57:03.5150000,410
2026-05-25T14:57:04.5660000,404
2026-05-25T14:57:05.6070000,426
2026-05-25T14:57:06.6470000,423
2026-05-25T14:57:07.6880000,415
2026-05-25T14:57:08.7290000,415
2026-05-25T14:57:09.7700000,412
2026-05-25T14:57:10.8210000,417
2026-05-25T14:57:11.8620000,419
2026-05-25T14:57:12.9030000,424
2026-05-25T14:57:13.9430000,403
2026-05-25T14:57:14.9840000,407
2026-05-25T14:57:16.0360000,421
2026-05-25T14:57:17.0760000,409
2026-05-25T14:57:18.1170000,415
2026-05-25T14:57:19.1580000,402
2026-05-25T14:57:20.1990000,402
2026-05-25T14:57:21.2500000,441
2026-05-25T14:57:22.2910000,427
2026-05-25T14:57:23.3320000,405
2026-05-25T14:57:24.3730000,414
2026-05-25T14:57:25.4130000,413
2026-05-25T14:57:26.4540000,405
2026-05-25T14:57:27.5050000,424
2026-05-25T14:57:28.5390000,413
2026-05-25T14:57:29.5900000,416
2026-05-25T14:57:30.6310000,403
2026-05-25T14:57:31.6720000,426
2026-05-25T14:57:32.7120000,422
2026-05-25T14:57:33.7530000,410
2026-05-25T14:57:34.8040000,417
2026-05-25T14:57:35.8450000,418
2026-05-25T14:57:36.8860000,426
2026-05-25T14:57:37.9270000,433
2026-05-25T14:57:38.9680000,410
2026-05-25T14:57:40.0080000,418
2026-05-25T14:57:41.0600000,412
2026-05-25T14:57:42.1000000,412
2026-05-25T14:57:43.1410000,418
2026-05-25T14:57:44.1820000,412
2026-05-25T14:57:45.2230000,421
2026-05-25T14:57:46.2740000,400
2026-05-25T14:57:47.3150000,414
2026-05-25T14:57:48.3560000,416
2026-05-25T14:57:49.3960000,420
2026-05-25T14:57:50.4370000,413
2026-05-25T14:57:51.4780000,415
2026-05-25T14:57:52.5290000,418
2026-05-25T14:57:53.5700000,416
2026-05-25T14:57:54.6110000,410
2026-05-25T14:57:55.6510000,413
2026-05-25T14:57:56.6920000,416
2026-05-25T14:57:57.7430000,440
2026-05-25T14:57:58.7840000,420
2026-05-25T14:57:59.8250000,415
2026-05-25T14:58:00.8660000,421
2026-05-25T14:58:01.9070000,412
2026-05-25T14:58:02.9480000,420
2026-05-25T14:58:03.9990000,410
2026-05-25T14:58:05.0400000,412
2026-05-25T14:58:06.0800000,414
2026-05-25T14:58:07.1210000,407
2026-05-25T14:58:08.1620000,404
2026-05-25T14:58:09.2130000,421
2026-05-25T14:58:10.2540000,404
2026-05-25T14:58:11.2950000,410
2026-05-25T14:58:12.3360000,403
2026-05-25T14:58:13.3760000,424
2026-05-25T14:58:14.4170000,414
2026-05-25T14:58:15.4680000,415
2026-05-25T14:58:16.5090000,417
2026-05-25T14:58:17.5500000,422
2026-05-25T14:58:18.5910000,412
2026-05-25T14:58:19.6310000,407
2026-05-25T14:58:20.6830000,422
2026-05-25T14:58:21.7230000,410
2026-05-25T14:58:22.7640000,419
2026-05-25T14:58:23.8080000,420
2026-05-25T14:58:24.8490000,419
2026-05-25T14:58:25.8900000,405
2026-05-25T14:58:26.9310000,418
2026-05-25T14:58:27.9820000,412
2026-05-25T14:58:29.0230000,431
2026-05-25T14:58:30.0640000,414
2026-05-25T14:58:31.1040000,412
2026-05-25T14:58:32.1450000,420
2026-05-25T14:58:33.1860000,416
2026-05-25T14:58:34.2370000,407
2026-05-25T14:58:35.2780000,407
2026-05-25T14:58:36.3190000,425
2026-05-25T14:58:37.3560000,412
2026-05-25T14:58:38.4070000,414
2026-05-25T14:58:39.4480000,413
2026-05-25T14:58:40.4890000,414
2026-05-25T14:58:41.5300000,413
2026-05-25T14:58:42.5700000,420
2026-05-25T14:58:43.6220000,422
2026-05-25T14:58:44.6620000,433
2026-05-25T14:58:45.7030000,413
2026-05-25T14:58:46.7440000,412
2026-05-25T14:58:47.7850000,407
2026-05-25T14:58:48.8360000,406
2026-05-25T14:58:49.8770000,416
2026-05-25T14:58:50.9170000,404
2026-05-25T14:58:51.9580000,412
2026-05-25T14:58:52.9990000,404
2026-05-25T14:58:54.0400000,426
2026-05-25T14:58:55.0910000,403
2026-05-25T14:58:56.1320000,408
2026-05-25T14:58:57.1730000,414
2026-05-25T14:58:58.2130000,415
2026-05-25T14:58:59.2540000,428
2026-05-25T14:59:00.3050000,429
2026-05-25T14:59:01.3460000,418
2026-05-25T14:59:02.3870000,415
2026-05-25T14:59:03.4280000,410
2026-05-25T14:59:04.4750000,413
2026-05-25T14:59:05.5160000,426
2026-05-25T14:59:06.5570000,412
2026-05-25T14:59:07.5970000,400
2026-05-25T14:59:08.6380000,420
2026-05-25T14:59:09.6890000,404
2026-05-25T14:59:10.7300000,415
2026-05-25T14:59:11.7710000,400
2026-05-25T14:59:12.8120000,407
2026-05-25T14:59:13.8530000,405
2026-05-25T14:59:14.8930000,419
2026-05-25T14:59:15.9450000,412
2026-05-25T14:59:16.9860000,402
2026-05-25T14:59:18.0260000,408
2026-05-25T14:59:19.0670000,412
2026-05-25T14:59:20.1080000,405
2026-05-25T14:59:21.1590000,415
2026-05-25T14:59:22.2000000,422
2026-05-25T14:59:23.2410000,412
2026-05-25T14:59:24.2820000,400
2026-05-25T14:59:25.3220000,400
2026-05-25T14:59:26.3740000,405
2026-05-25T14:59:27.4140000,402
2026-05-25T14:59:28.4550000,408
2026-05-25T14:59:29.4960000,409
2026-05-25T14:59:30.5370000,400
2026-05-25T14:59:31.5880000,407
2026-05-25T14:59:32.6210000,407
2026-05-25T14:59:33.6730000,413
2026-05-25T14:59:34.7140000,415
2026-05-25T14:59:35.7550000,404
2026-05-25T14:59:36.7950000,436
2026-05-25T14:59:37.8360000,405
2026-05-25T14:59:38.8770000,413
2026-05-25T14:59:39.9280000,415
2026-05-25T14:59:40.9690000,400
2026-05-25T14:59:42.0100000,420
2026-05-25T14:59:43.0510000,407
2026-05-25T14:59:44.0920000,421
2026-05-25T14:59:45.1430000,409
2026-05-25T14:59:46.1800000,411
2026-05-25T14:59:47.2210000,400
2026-05-25T14:59:48.2620000,402
2026-05-25T14:59:49.3130000,401
2026-05-25T14:59:50.3540000,415
2026-05-25T14:59:51.3940000,400
2026-05-25T14:59:52.4350000,414
2026-05-25T14:59:53.4760000,416
2026-05-25T14:59:54.5270000,428
2026-05-25T14:59:55.5680000,419
2026-05-25T14:59:56.6090000,416
2026-05-25T14:59:57.6500000,409
2026-05-25T14:59:58.6900000,412
2026-05-25T14:59:59.7420000,400
2026-05-25T15:00:00.7830000,414
2026-05-25T15:00:01.8230000,403
2026-05-25T15:00:02.8640000,411
2026-05-25T15:00:03.9050000,403
2026-05-25T15:00:04.9460000,400
2026-05-25T15:00:05.9970000,418
2026-05-25T15:00:07.0380000,418
2026-05-25T15:00:08.0790000,415
2026-05-25T15:00:09.1200000,404
2026-05-25T15:00:10.1600000,415
2026-05-25T15:00:11.2110000,410
2026-05-25T15:00:12.2520000,414
2026-05-25T15:00:13.2930000,413
2026-05-25T15:00:14.3340000,422
2026-05-25T15:00:15.3740000,416
2026-05-25T15:00:16.4250000,404
2026-05-25T15:00:17.4660000,400
2026-05-25T15:00:18.5070000,410
2026-05-25T15:00:19.5480000,414
2026-05-25T15:00:20.5890000,400
2026-05-25T15:00:21.6400000,400
2026-05-25T15:00:22.6810000,405
2026-05-25T15:00:23.7210000,403
2026-05-25T15:00:24.7620000,402
2026-05-25T15:00:25.8030000,424
2026-05-25T15:00:26.8440000,414
2026-05-25T15:00:27.8950000,400
2026-05-25T15:00:28.9360000,419
2026-05-25T15:00:29.9770000,400
2026-05-25T15:00:31.0180000,410
2026-05-25T15:00:32.0580000,407
2026-05-25T15:00:33.1100000,400
2026-05-25T15:00:34.1510000,421
2026-05-25T15:00:35.1910000,405
2026-05-25T15:00:36.2320000,418
2026-05-25T15:00:37.2730000,410
2026-05-25T15:00:38.3240000,406
2026-05-25T15:00:39.3650000,429
2026-05-25T15:00:40.4050000,423
2026-05-25T15:00:41.4460000,413
2026-05-25T15:00:42.4870000,410
2026-05-25T15:00:43.5280000,422
2026-05-25T15:00:44.5790000,417
2026-05-25T15:00:45.6200000,410
2026-05-25T15:00:46.6610000,401
2026-05-25T15:00:47.7020000,400
2026-05-25T15:00:48.7430000,410
2026-05-25T15:00:49.7940000,400
2026-05-25T15:00:50.8350000,405
2026-05-25T15:00:51.8760000,405
2026-05-25T15:00:52.9160000,409
2026-05-25T15:00:53.9570000,400
2026-05-25T15:00:55.0090000,426
2026-05-25T15:00:56.0490000,421
2026-05-25T15:00:57.0900000,414
2026-05-25T15:00:58.1310000,412
2026-05-25T15:00:59.1720000,400
2026-05-25T15:01:00.2230000,412
2026-05-25T15:01:01.2630000,400
2026-05-25T15:01:02.3040000,419
2026-05-25T15:01:03.3450000,414
2026-05-25T15:01:04.3850000,400
2026-05-25T15:01:05.4370000,414
2026-05-25T15:01:06.4780000,412
2026-05-25T15:01:07.5180000,401
2026-05-25T15:01:08.5590000,412
2026-05-25T15:01:09.6000000,421
2026-05-25T15:01:10.6510000,400
2026-05-25T15:01:11.6920000,413
2026-05-25T15:01:12.7320000,418
2026-05-25T15:01:13.7730000,409
2026-05-25T15:01:14.8140000,409
2026-05-25T15:01:15.8550000,410
2026-05-25T15:01:16.9060000,401
2026-05-25T15:01:17.9470000,406
2026-05-25T15:01:18.9880000,405
2026-05-25T15:01:20.0290000,410
2026-05-25T15:01:21.0690000,405
2026-05-25T15:01:22.1170000,410
2026-05-25T15:01:23.1580000,410
2026-05-25T15:01:24.1990000,408
2026-05-25T15:01:25.2500000,407
2026-05-25T15:01:26.2910000,418
2026-05-25T15:01:27.3310000,402
2026-05-25T15:01:28.3720000,400
2026-05-25T15:01:29.4130000,404
2026-05-25T15:01:30.4540000,411
2026-05-25T15:01:31.5050000,408
2026-05-25T15:01:32.5460000,411
2026-05-25T15:01:33.5870000,409
2026-05-25T15:01:34.6270000,418
2026-05-25T15:01:35.6680000,417
2026-05-25T15:01:36.7130000,407
2026-05-25T15:01:37.7530000,409
2026-05-25T15:01:38.8050000,419
2026-05-25T15:01:39.8450000,411
2026-05-25T15:01:40.8860000,400
2026-05-25T15:01:41.9270000,414
2026-05-25T15:01:42.9680000,400
2026-05-25T15:01:44.0190000,400
2026-05-25T15:01:45.0600000,410
2026-05-25T15:01:46.1010000,414
2026-05-25T15:01:47.1410000,401
2026-05-25T15:01:48.1820000,418
2026-05-25T15:01:49.2230000,400
2026-05-25T15:01:50.2740000,403
2026-05-25T15:01:51.3150000,412
2026-05-25T15:01:52.3560000,421
2026-05-25T15:01:53.3990000,403
2026-05-25T15:01:54.4400000,412
2026-05-25T15:01:55.4810000,415
2026-05-25T15:01:56.5320000,400
2026-05-25T15:01:57.5730000,411
2026-05-25T15:01:58.6140000,416
2026-05-25T15:01:59.6540000,400
2026-05-25T15:02:00.6950000,412
2026-05-25T15:02:01.7360000,400
2026-05-25T15:02:02.7870000,400
2026-05-25T15:02:03.8250000,407
2026-05-25T15:02:04.8660000,417
2026-05-25T15:02:05.9070000,418
2026-05-25T15:02:06.9580000,412
2026-05-25T15:02:07.9990000,420
2026-05-25T15:02:09.0400000,409
2026-05-25T15:02:10.0800000,420
2026-05-25T15:02:11.1210000,412
2026-05-25T15:02:12.1720000,400
2026-05-25T15:02:13.2130000,412
2026-05-25T15:02:14.2540000,405
2026-05-25T15:02:15.2940000,411
2026-05-25T15:02:16.3350000,415
2026-05-25T15:02:17.3860000,400
2026-05-25T15:02:18.4270000,410
2026-05-25T15:02:19.4680000,404
2026-05-25T15:02:20.5090000,419
2026-05-25T15:02:21.5500000,416
2026-05-25T15:02:22.5900000,402
2026-05-25T15:02:23.6420000,416
2026-05-25T15:02:24.6830000,400
2026-05-25T15:02:25.7240000,418
2026-05-25T15:02:26.7640000,409
2026-05-25T15:02:27.8050000,415
2026-05-25T15:02:28.8570000,403
2026-05-25T15:02:29.8970000,405
2026-05-25T15:02:30.9350000,421
2026-05-25T15:02:31.9750000,412
2026-05-25T15:02:33.0270000,421
2026-05-25T15:02:34.0680000,422
2026-05-25T15:02:35.1080000,417
2026-05-25T15:02:36.1490000,419
2026-05-25T15:02:37.1900000,416
2026-05-25T15:02:38.2410000,412
2026-05-25T15:02:39.2820000,424
2026-05-25T15:02:40.3230000,400
2026-05-25T15:02:41.3630000,419
2026-05-25T15:02:42.4040000,416
2026-05-25T15:02:43.4450000,400
2026-05-25T15:02:44.4960000,402
2026-05-25T15:02:45.5300000,415
2026-05-25T15:02:46.5810000,411
2026-05-25T15:02:47.6220000,414
2026-05-25T15:02:48.6630000,426
2026-05-25T15:02:49.7040000,408
2026-05-25T15:02:50.7440000,429
2026-05-25T15:02:51.7960000,416
2026-05-25T15:02:52.8360000,402
2026-05-25T15:02:53.8770000,412
2026-05-25T15:02:54.9180000,420
2026-05-25T15:02:55.9590000,417
2026-05-25T15:02:57.0100000,402
2026-05-25T15:02:58.0510000,412
2026-05-25T15:02:59.0910000,407
2026-05-25T15:03:00.1320000,409
2026-05-25T15:03:01.1730000,400
2026-05-25T15:03:02.2140000,421
2026-05-25T15:03:03.2650000,414
2026-05-25T15:03:04.3060000,416
2026-05-25T15:03:05.3470000,400
2026-05-25T15:03:06.3880000,410
2026-05-25T15:03:07.4280000,409
2026-05-25T15:03:08.4800000,411
2026-05-25T15:03:09.5200000,424
2026-05-25T15:03:10.5610000,417
2026-05-25T15:03:11.6020000,407
2026-05-25T15:03:12.6430000,410
2026-05-25T15:03:13.6840000,405
2026-05-25T15:03:14.7350000,437
2026-05-25T15:03:15.7760000,405
2026-05-25T15:03:16.8170000,427
2026-05-25T15:03:17.8570000,418
2026-05-25T15:03:18.8980000,425
2026-05-25T15:03:19.9490000,420
2026-05-25T15:03:20.9900000,437
2026-05-25T15:03:22.0310000,418
2026-05-25T15:03:23.0710000,416
2026-05-25T15:03:24.1120000,427
2026-05-25T15:03:25.1530000,420
2026-05-25T15:03:26.2040000,424
2026-05-25T15:03:27.2450000,428
2026-05-25T15:03:28.2860000,420
2026-05-25T15:03:29.3260000,426
2026-05-25T15:03:30.3670000,409
2026-05-25T15:03:31.4190000,438
2026-05-25T15:03:32.4590000,417
2026-05-25T15:03:33.5000000,433
2026-05-25T15:03:34.5410000,419
2026-05-25T15:03:35.5820000,433
2026-05-25T15:03:36.6220000,406
2026-05-25T15:03:37.6740000,426
2026-05-25T15:03:38.7150000,440
2026-05-25T15:03:39.7550000,415
2026-05-25T15:03:40.7960000,438
2026-05-25T15:03:41.8370000,431
2026-05-25T15:03:42.8880000,412
2026-05-25T15:03:43.9290000,425
2026-05-25T15:03:44.9700000,414
2026-05-25T15:03:46.0110000,426
2026-05-25T15:03:47.0510000,451
2026-05-25T15:03:48.1020000,419
2026-05-25T15:03:49.1430000,439
2026-05-25T15:03:50.1840000,425
2026-05-25T15:03:51.2250000,411
2026-05-25T15:03:52.2650000,432
2026-05-25T15:03:53.3170000,437
2026-05-25T15:03:54.3500000,435
2026-05-25T15:03:55.4020000,420
2026-05-25T15:03:56.4420000,441
2026-05-25T15:03:57.4830000,428
2026-05-25T15:03:58.5240000,426
2026-05-25T15:03:59.5650000,435
2026-05-25T15:04:00.6050000,428
2026-05-25T15:04:01.6570000,437
2026-05-25T15:04:02.6980000,432
2026-05-25T15:04:03.7380000,423
2026-05-25T15:04:04.7790000,437
2026-05-25T15:04:05.8200000,433
2026-05-25T15:04:06.8710000,444
2026-05-25T15:04:07.9080000,438
2026-05-25T15:04:08.9490000,432
2026-05-25T15:04:09.9900000,428
2026-05-25T15:04:11.0410000,437
2026-05-25T15:04:12.0820000,440
2026-05-25T15:04:13.1230000,441
2026-05-25T15:04:14.1630000,423
2026-05-25T15:04:15.2040000,440
2026-05-25T15:04:16.2560000,426
2026-05-25T15:04:17.2960000,436
2026-05-25T15:04:18.3370000,441
2026-05-25T15:04:19.3780000,448
2026-05-25T15:04:20.4190000,431
2026-05-25T15:04:21.4600000,434
2026-05-25T15:04:22.5110000,433
2026-05-25T15:04:23.5520000,420
2026-05-25T15:04:24.5930000,440
2026-05-25T15:04:25.6330000,431
2026-05-25T15:04:26.6740000,430
2026-05-25T15:04:27.7150000,440
2026-05-25T15:04:28.7660000,429
2026-05-25T15:04:29.8070000,431
2026-05-25T15:04:30.8480000,426
2026-05-25T15:04:31.8890000,433
2026-05-25T15:04:32.9290000,438
2026-05-25T15:04:33.9800000,431
2026-05-25T15:04:35.0210000,439
2026-05-25T15:04:36.0620000,433
2026-05-25T15:04:37.1030000,421
2026-05-25T15:04:38.1430000,435
2026-05-25T15:04:39.1950000,439
2026-05-25T15:04:40.2360000,420
2026-05-25T15:04:41.2760000,440
2026-05-25T15:04:42.3170000,439
2026-05-25T15:04:43.3580000,451
2026-05-25T15:04:44.3990000,433
2026-05-25T15:04:45.4500000,430
2026-05-25T15:04:46.4910000,431
2026-05-25T15:04:47.5310000,439
2026-05-25T15:04:48.5720000,446
2026-05-25T15:04:49.6160000,446
2026-05-25T15:04:50.6570000,426
2026-05-25T15:04:51.6980000,433
2026-05-25T15:04:52.7490000,439
2026-05-25T15:04:53.7900000,433
2026-05-25T15:04:54.8310000,434
2026-05-25T15:04:55.8710000,438
2026-05-25T15:04:56.9120000,431
2026-05-25T15:04:57.9630000,438
2026-05-25T15:04:59.0040000,418
2026-05-25T15:05:00.0450000,446
2026-05-25T15:05:01.0860000,432
2026-05-25T15:05:02.1270000,433
2026-05-25T15:05:03.1780000,433
2026-05-25T15:05:04.2190000,443
2026-05-25T15:05:05.2600000,441
2026-05-25T15:05:06.3000000,452
2026-05-25T15:05:07.3410000,434
2026-05-25T15:05:08.3820000,431
2026-05-25T15:05:09.4330000,449
2026-05-25T15:05:10.4740000,438
2026-05-25T15:05:11.5150000,430
2026-05-25T15:05:12.5560000,429
2026-05-25T15:05:13.5960000,433
2026-05-25T15:05:14.6480000,434
2026-05-25T15:05:15.6880000,436
2026-05-25T15:05:16.7290000,426
2026-05-25T15:05:17.7700000,437
2026-05-25T15:05:18.8100000,427
2026-05-25T15:05:19.8610000,435
2026-05-25T15:05:20.9020000,440
2026-05-25T15:05:21.9430000,438
2026-05-25T15:05:22.9840000,426
2026-05-25T15:05:24.0250000,430
2026-05-25T15:05:25.0660000,429
2026-05-25T15:05:26.1170000,441
2026-05-25T15:05:27.1580000,439
2026-05-25T15:05:28.1980000,433
2026-05-25T15:05:29.2390000,439
2026-05-25T15:05:30.2800000,431
2026-05-25T15:05:31.3310000,432
2026-05-25T15:05:32.3720000,436
2026-05-25T15:05:33.4130000,442
2026-05-25T15:05:34.4540000,434
2026-05-25T15:05:35.4940000,424
2026-05-25T15:05:36.5350000,429
2026-05-25T15:05:37.5860000,421
2026-05-25T15:05:38.6270000,426
2026-05-25T15:05:39.6680000,435
2026-05-25T15:05:40.7090000,438
2026-05-25T15:05:41.7500000,438
2026-05-25T15:05:42.8010000,427
2026-05-25T15:05:43.8420000,433
2026-05-25T15:05:44.8860000,432
2026-05-25T15:05:45.9270000,429
2026-05-25T15:05:46.9670000,425
2026-05-25T15:05:48.0080000,427
2026-05-25T15:05:49.0490000,435
2026-05-25T15:05:50.1000000,432
2026-05-25T15:05:51.1410000,427
2026-05-25T15:05:52.1820000,437
2026-05-25T15:05:53.2220000,428
2026-05-25T15:05:54.2630000,424
2026-05-25T15:05:55.3040000,425
2026-05-25T15:05:56.3550000,418
2026-05-25T15:05:57.3960000,426
2026-05-25T15:05:58.4370000,421
2026-05-25T15:05:59.4770000,434
2026-05-25T15:06:00.5180000,433
2026-05-25T15:06:01.5690000,431
2026-05-25T15:06:02.6100000,436
2026-05-25T15:06:03.6510000,429
2026-05-25T15:06:04.6920000,442
2026-05-25T15:06:05.7320000,428
2026-05-25T15:06:06.7830000,432
2026-05-25T15:06:07.8240000,430
2026-05-25T15:06:08.8650000,432
2026-05-25T15:06:09.9060000,432
2026-05-25T15:06:10.9460000,423
2026-05-25T15:06:11.9870000,439
2026-05-25T15:06:13.0380000,434
2026-05-25T15:06:14.0790000,414
2026-05-25T15:06:15.1200000,435
2026-05-25T15:06:16.1610000,431
2026-05-25T15:06:17.2020000,421
2026-05-25T15:06:18.2530000,450
2026-05-25T15:06:19.2940000,432
2026-05-25T15:06:20.3350000,422
2026-05-25T15:06:21.3750000,419
2026-05-25T15:06:22.4160000,418
2026-05-25T15:06:23.4570000,424
2026-05-25T15:06:24.5080000,426
2026-05-25T15:06:25.5490000,425
2026-05-25T15:06:26.5900000,429
2026-05-25T15:06:27.6310000,432
2026-05-25T15:06:28.6710000,427
2026-05-25T15:06:29.7120000,418
2026-05-25T15:06:30.7630000,434
2026-05-25T15:06:31.8040000,423
2026-05-25T15:06:32.8450000,428
2026-05-25T15:06:33.8860000,433
2026-05-25T15:06:34.9270000,407
2026-05-25T15:06:35.9780000,435
2026-05-25T15:06:37.0190000,418
2026-05-25T15:06:38.0590000,406
2026-05-25T15:06:39.1000000,429
2026-05-25T15:06:40.1450000,422
2026-05-25T15:06:41.1850000,426
2026-05-25T15:06:42.2260000,423
2026-05-25T15:06:43.2670000,419
2026-05-25T15:06:44.3180000,442
2026-05-25T15:06:45.3590000,425
2026-05-25T15:06:46.4000000,420
2026-05-25T15:06:47.4400000,418
2026-05-25T15:06:48.4810000,400
2026-05-25T15:06:49.5220000,417
2026-05-25T15:06:50.5730000,412
2026-05-25T15:06:51.6140000,414
2026-05-25T15:06:52.6550000,423
2026-05-25T15:06:53.6960000,417
2026-05-25T15:06:54.7360000,437
2026-05-25T15:06:55.7880000,424
2026-05-25T15:06:56.8280000,410
2026-05-25T15:06:57.8690000,411
2026-05-25T15:06:58.9100000,401
2026-05-25T15:06:59.9510000,425
2026-05-25T15:07:01.0020000,421
2026-05-25T15:07:02.0430000,412
2026-05-25T15:07:03.0840000,425
2026-05-25T15:07:04.1250000,415
2026-05-25T15:07:05.1650000,416
2026-05-25T15:07:06.2060000,420
2026-05-25T15:07:07.2570000,423
2026-05-25T15:07:08.2980000,408
2026-05-25T15:07:09.3390000,430
2026-05-25T15:07:10.3800000,425
2026-05-25T15:07:11.4210000,411
2026-05-25T15:07:12.4720000,405
2026-05-25T15:07:13.5130000,423
2026-05-25T15:07:14.5530000,400
2026-05-25T15:07:15.5940000,414
2026-05-25T15:07:16.6350000,405
2026-05-25T15:07:17.6760000,405
2026-05-25T15:07:18.7270000,410
2026-05-25T15:07:19.7670000,412
2026-05-25T15:07:20.8080000,425
2026-05-25T15:07:21.8490000,422
2026-05-25T15:07:22.8900000,409
2026-05-25T15:07:23.9420000,414
2026-05-25T15:07:24.9820000,408
2026-05-25T15:07:26.0230000,423
2026-05-25T15:07:27.0640000,402
2026-05-25T15:07:28.1050000,432
2026-05-25T15:07:29.1460000,407
2026-05-25T15:07:30.1970000,418
2026-05-25T15:07:31.2380000,400
2026-05-25T15:07:32.2780000,408
2026-05-25T15:07:33.3190000,418
2026-05-25T15:07:34.3600000,400
2026-05-25T15:07:35.4040000,404
2026-05-25T15:07:36.4450000,405
2026-05-25T15:07:37.4960000,418
2026-05-25T15:07:38.5370000,404
2026-05-25T15:07:39.5780000,414
2026-05-25T15:07:40.6180000,400
2026-05-25T15:07:41.6590000,414
2026-05-25T15:07:42.7000000,419
2026-05-25T15:07:43.7510000,412
2026-05-25T15:07:44.7920000,413
2026-05-25T15:07:45.8330000,407
2026-05-25T15:07:46.8740000,423
2026-05-25T15:07:47.9140000,416
2026-05-25T15:07:48.9660000,409
2026-05-25T15:07:50.0060000,422
2026-05-25T15:07:51.0470000,400
2026-05-25T15:07:52.0880000,416
2026-05-25T15:07:53.1290000,407
2026-05-25T15:07:54.1700000,414
2026-05-25T15:07:55.2210000,418
2026-05-25T15:07:56.2620000,408
2026-05-25T15:07:57.3030000,418
2026-05-25T15:07:58.3430000,414
2026-05-25T15:07:59.3840000,413
2026-05-25T15:08:00.4360000,413
2026-05-25T15:08:01.4760000,409
2026-05-25T15:08:02.5170000,412
2026-05-25T15:08:03.5580000,408
2026-05-25T15:08:04.5990000,415
2026-05-25T15:08:05.6500000,417
2026-05-25T15:08:06.6900000,414
2026-05-25T15:08:07.7310000,405
2026-05-25T15:08:08.7720000,410
2026-05-25T15:08:09.8130000,426
2026-05-25T15:08:10.8530000,417
2026-05-25T15:08:11.9050000,415
2026-05-25T15:08:12.9450000,401
2026-05-25T15:08:13.9870000,425
2026-05-25T15:08:15.0270000,407
2026-05-25T15:08:16.0680000,402
2026-05-25T15:08:17.1200000,414
2026-05-25T15:08:18.1600000,412
2026-05-25T15:08:19.2010000,408
2026-05-25T15:08:20.2420000,400
2026-05-25T15:08:21.2830000,416
2026-05-25T15:08:22.3240000,407
2026-05-25T15:08:23.3750000,419
2026-05-25T15:08:24.4160000,407
2026-05-25T15:08:25.4560000,407
2026-05-25T15:08:26.4970000,418
2026-05-25T15:08:27.5380000,400
2026-05-25T15:08:28.5780000,410
2026-05-25T15:08:29.6300000,414
2026-05-25T15:08:30.6700000,410
2026-05-25T15:08:31.7110000,416
2026-05-25T15:08:32.7520000,408
2026-05-25T15:08:33.7930000,413
2026-05-25T15:08:34.8440000,418
2026-05-25T15:08:35.8850000,419
2026-05-25T15:08:36.9250000,402
2026-05-25T15:08:37.9660000,405
2026-05-25T15:08:39.0070000,418
2026-05-25T15:08:40.0480000,404
2026-05-25T15:08:41.0990000,400
2026-05-25T15:08:42.1400000,400
2026-05-25T15:08:43.1810000,402
2026-05-25T15:08:44.2220000,417
2026-05-25T15:08:45.2620000,412
2026-05-25T15:08:46.3030000,407
2026-05-25T15:08:47.3540000,422
2026-05-25T15:08:48.3950000,409
2026-05-25T15:08:49.4360000,414
2026-05-25T15:08:50.4770000,405
2026-05-25T15:08:51.5170000,400
2026-05-25T15:08:52.5680000,407
2026-05-25T15:08:53.6090000,410
2026-05-25T15:08:54.6500000,414
2026-05-25T15:08:55.6910000,400
2026-05-25T15:08:56.7310000,400
2026-05-25T15:08:57.7720000,414
2026-05-25T15:08:58.8230000,407
2026-05-25T15:08:59.8640000,403
2026-05-25T15:09:00.9050000,401
2026-05-25T15:09:01.9460000,426
2026-05-25T15:09:02.9860000,411
2026-05-25T15:09:04.0380000,417
2026-05-25T15:09:05.0780000,400
2026-05-25T15:09:06.1190000,406
2026-05-25T15:09:07.1600000,404
2026-05-25T15:09:08.2000000,411
2026-05-25T15:09:09.2520000,414
2026-05-25T15:09:10.2930000,414
2026-05-25T15:09:11.3330000,410
2026-05-25T15:09:12.3740000,400
2026-05-25T15:09:13.4150000,412
2026-05-25T15:09:14.4560000,424
2026-05-25T15:09:15.5070000,410
2026-05-25T15:09:16.5480000,413
2026-05-25T15:09:17.5880000,413
2026-05-25T15:09:18.6290000,404
2026-05-25T15:09:19.6700000,414
2026-05-25T15:09:20.7210000,420
2026-05-25T15:09:21.7620000,418
2026-05-25T15:09:22.8030000,415
2026-05-25T15:09:23.8440000,410
2026-05-25T15:09:24.8840000,414
2026-05-25T15:09:25.9360000,405
2026-05-25T15:09:26.9760000,414
2026-05-25T15:09:28.0170000,412
2026-05-25T15:09:29.0580000,417
2026-05-25T15:09:30.0990000,414
2026-05-25T15:09:31.1400000,409
2026-05-25T15:09:32.1910000,414
2026-05-25T15:09:33.2320000,405
2026-05-25T15:09:34.2720000,403
2026-05-25T15:09:35.3130000,414
2026-05-25T15:09:36.3540000,417
2026-05-25T15:09:37.4050000,423
2026-05-25T15:09:38.4460000,409
2026-05-25T15:09:39.4900000,416
2026-05-25T15:09:40.5310000,406
2026-05-25T15:09:41.5720000,415
2026-05-25T15:09:42.6130000,409
2026-05-25T15:09:43.6530000,400
2026-05-25T15:09:44.6940000,411
2026-05-25T15:09:45.7460000,403
2026-05-25T15:09:46.7860000,402
2026-05-25T15:09:47.8270000,401
2026-05-25T15:09:48.8680000,405
2026-05-25T15:09:49.9090000,413
2026-05-25T15:09:50.9600000,405
2026-05-25T15:09:52.0010000,409
2026-05-25T15:09:53.0410000,409
2026-05-25T15:09:54.0820000,408
2026-05-25T15:09:55.1230000,403
2026-05-25T15:09:56.1740000,416
2026-05-25T15:09:57.2150000,415
2026-05-25T15:09:58.2560000,402
2026-05-25T15:09:59.2960000,426
2026-05-25T15:10:00.3370000,416
2026-05-25T15:10:01.3880000,400
2026-05-25T15:10:02.4290000,405
2026-05-25T15:10:03.4700000,403
2026-05-25T15:10:04.5100000,402
2026-05-25T15:10:05.5510000,407
2026-05-25T15:10:06.5920000,402
2026-05-25T15:10:07.6430000,408
2026-05-25T15:10:08.6840000,400
2026-05-25T15:10:09.7250000,400
2026-05-25T15:10:10.7660000,415
2026-05-25T15:10:11.8060000,407
2026-05-25T15:10:12.8580000,400
2026-05-25T15:10:13.8990000,420
2026-05-25T15:10:14.9400000,400
2026-05-25T15:10:15.9810000,400
2026-05-25T15:10:17.0210000,400
2026-05-25T15:10:18.0620000,430
2026-05-25T15:10:19.1130000,403
2026-05-25T15:10:20.1540000,407
2026-05-25T15:10:21.1950000,403
2026-05-25T15:10:22.2360000,403
2026-05-25T15:10:23.2770000,407
2026-05-25T15:10:24.3280000,407
2026-05-25T15:10:25.3690000,418
2026-05-25T15:10:26.4100000,413
2026-05-25T15:10:27.4500000,416
2026-05-25T15:10:28.4910000,412
2026-05-25T15:10:29.5320000,400
2026-05-25T15:10:30.5830000,414
2026-05-25T15:10:31.6240000,405
2026-05-25T15:10:32.6640000,407
2026-05-25T15:10:33.7050000,422
2026-05-25T15:10:34.7460000,401
2026-05-25T15:10:36.8380000,414
2026-05-25T15:10:37.8790000,408
2026-05-25T15:10:38.9190000,417
2026-05-25T15:10:39.9600000,400
2026-05-25T15:10:41.0010000,401
2026-05-25T15:10:42.0520000,414
2026-05-25T15:10:43.0930000,411
2026-05-25T15:10:44.1340000,412
2026-05-25T15:10:45.1750000,417
2026-05-25T15:10:46.2150000,400
2026-05-25T15:10:47.2560000,407
2026-05-25T15:10:48.3070000,415
2026-05-25T15:10:49.3480000,414
2026-05-25T15:10:50.3890000,408
2026-05-25T15:10:51.4290000,400
2026-05-25T15:10:52.4700000,415
2026-05-25T15:10:53.5210000,419
2026-05-25T15:10:54.5620000,415
2026-05-25T15:10:55.6030000,412
2026-05-25T15:10:56.6440000,400
2026-05-25T15:10:57.6840000,427
2026-05-25T15:10:58.7250000,402
2026-05-25T15:10:59.7760000,425
2026-05-25T15:11:00.8170000,413
2026-05-25T15:11:01.8610000,409
2026-05-25T15:11:02.9020000,408
2026-05-25T15:11:03.9430000,419
2026-05-25T15:11:04.9840000,408
2026-05-25T15:11:06.0250000,406
2026-05-25T15:11:07.0760000,408
2026-05-25T15:11:08.1170000,406
2026-05-25T15:11:09.1580000,412
2026-05-25T15:11:10.1990000,414
2026-05-25T15:11:11.2390000,416
2026-05-25T15:11:12.2910000,418
2026-05-25T15:11:13.3310000,407
2026-05-25T15:11:14.3720000,411
2026-05-25T15:11:15.4130000,407
2026-05-25T15:11:16.4540000,405
2026-05-25T15:11:17.4940000,423
2026-05-25T15:11:18.5460000,414
2026-05-25T15:11:19.5860000,413
2026-05-25T15:11:20.6270000,428
2026-05-25T15:11:21.6680000,412
2026-05-25T15:11:22.7090000,400
2026-05-25T15:11:23.7600000,407
2026-05-25T15:11:24.8010000,405
2026-05-25T15:11:25.8410000,405
2026-05-25T15:11:26.8820000,400
2026-05-25T15:11:27.9230000,405
2026-05-25T15:11:28.9740000,414
2026-05-25T15:11:30.0150000,418
2026-05-25T15:11:31.0560000,422
2026-05-25T15:11:32.0970000,412
2026-05-25T15:11:33.1370000,413
2026-05-25T15:11:34.1780000,410
2026-05-25T15:11:35.2290000,406
2026-05-25T15:11:36.2700000,403
2026-05-25T15:11:37.3110000,420
2026-05-25T15:11:38.3520000,414
2026-05-25T15:11:39.3920000,421
2026-05-25T15:11:40.4440000,414
2026-05-25T15:11:41.4840000,433
2026-05-25T15:11:42.5250000,407
2026-05-25T15:11:43.5690000,414
2026-05-25T15:11:44.6100000,415
2026-05-25T15:11:45.6510000,400
2026-05-25T15:11:46.6910000,414
2026-05-25T15:11:47.7430000,417
2026-05-25T15:11:48.7830000,412
2026-05-25T15:11:49.8240000,403
2026-05-25T15:11:50.8650000,425
2026-05-25T15:11:51.9060000,431
2026-05-25T15:11:52.9470000,411
2026-05-25T15:11:53.9980000,403
2026-05-25T15:11:55.0390000,424
2026-05-25T15:11:56.0800000,405
2026-05-25T15:11:57.1200000,404
2026-05-25T15:11:58.1610000,418
2026-05-25T15:11:59.2120000,400
2026-05-25T15:12:00.2530000,411
2026-05-25T15:12:01.2940000,408
2026-05-25T15:12:02.3340000,439
2026-05-25T15:12:03.3750000,407
2026-05-25T15:12:04.4260000,420
2026-05-25T15:12:05.4670000,409
2026-05-25T15:12:06.5080000,422
2026-05-25T15:12:07.5490000,408
2026-05-25T15:12:08.5900000,412
2026-05-25T15:12:09.6300000,408
2026-05-25T15:12:10.6820000,413
2026-05-25T15:12:11.7220000,416
2026-05-25T15:12:12.7630000,430
2026-05-25T15:12:13.8040000,406
2026-05-25T15:12:14.8450000,400
2026-05-25T15:12:15.8960000,414
2026-05-25T15:12:16.9370000,401
2026-05-25T15:12:17.9780000,414
2026-05-25T15:12:19.0190000,410
2026-05-25T15:12:20.0590000,403
2026-05-25T15:12:21.1000000,406
2026-05-25T15:12:22.1510000,404
2026-05-25T15:12:23.1920000,400
2026-05-25T15:12:24.2330000,400
2026-05-25T15:12:25.2740000,408
2026-05-25T15:12:26.3140000,400
2026-05-25T15:12:27.3660000,401
2026-05-25T15:12:28.4070000,426
2026-05-25T15:12:29.4470000,407
2026-05-25T15:12:30.4880000,415
2026-05-25T15:12:31.5290000,408
2026-05-25T15:12:32.5800000,403
2026-05-25T15:12:33.6210000,409
2026-05-25T15:12:34.6620000,410
2026-05-25T15:12:35.7030000,401
2026-05-25T15:12:36.7430000,404
2026-05-25T15:12:37.7840000,424
2026-05-25T15:12:38.8280000,408
2026-05-25T15:12:39.8690000,402
2026-05-25T15:12:40.9210000,411
2026-05-25T15:12:41.9610000,404
2026-05-25T15:12:43.0020000,417
2026-05-25T15:12:44.0430000,413
2026-05-25T15:12:45.0840000,409
2026-05-25T15:12:46.1350000,415
2026-05-25T15:12:47.1760000,414
2026-05-25T15:12:48.2170000,412
2026-05-25T15:12:49.2570000,415
2026-05-25T15:12:50.2980000,404
2026-05-25T15:12:51.3490000,418
2026-05-25T15:12:52.3900000,409
2026-05-25T15:12:53.4310000,412
2026-05-25T15:12:54.4710000,417
2026-05-25T15:12:55.5120000,411
2026-05-25T15:12:56.5630000,411
2026-05-25T15:12:57.6040000,402
2026-05-25T15:12:58.6450000,400
2026-05-25T15:12:59.6860000,409
2026-05-25T15:13:00.7260000,409
2026-05-25T15:13:01.7670000,409
2026-05-25T15:13:02.8190000,417
2026-05-25T15:13:03.8610000,406
2026-05-25T15:13:04.9020000,409
2026-05-25T15:13:05.9430000,406
2026-05-25T15:13:06.9830000,416
2026-05-25T15:13:08.0240000,400
2026-05-25T15:13:09.0750000,404
2026-05-25T15:13:10.1160000,416
2026-05-25T15:13:11.1570000,400
2026-05-25T15:13:12.1970000,405
2026-05-25T15:13:13.2380000,400
2026-05-25T15:13:14.2890000,417
2026-05-25T15:13:15.3300000,412
2026-05-25T15:13:16.3710000,403
2026-05-25T15:13:17.4120000,407
2026-05-25T15:13:18.4530000,413
2026-05-25T15:13:19.5040000,412
2026-05-25T15:13:20.5450000,417
2026-05-25T15:13:21.5850000,408
2026-05-25T15:13:22.6260000,411
2026-05-25T15:13:23.6670000,412
2026-05-25T15:13:24.7080000,402
2026-05-25T15:13:25.7590000,407
2026-05-25T15:13:26.8000000,416
2026-05-25T15:13:27.8410000,428
2026-05-25T15:13:28.8820000,412
2026-05-25T15:13:29.9220000,400
2026-05-25T15:13:30.9740000,418
2026-05-25T15:13:32.0150000,403
2026-05-25T15:13:33.0550000,418
2026-05-25T15:13:34.0960000,414
2026-05-25T15:13:35.1370000,418
2026-05-25T15:13:36.1780000,405
2026-05-25T15:13:37.2290000,407
2026-05-25T15:13:38.2700000,405
2026-05-25T15:13:39.3110000,414
2026-05-25T15:13:40.3510000,401
2026-05-25T15:13:41.3920000,413
2026-05-25T15:13:42.4430000,413
2026-05-25T15:13:43.4840000,418
2026-05-25T15:13:44.5250000,411
2026-05-25T15:13:45.5660000,406
2026-05-25T15:13:46.6070000,411
2026-05-25T15:13:47.6510000,414
2026-05-25T15:13:48.6920000,409
2026-05-25T15:13:49.7330000,411
2026-05-25T15:13:50.7840000,419
2026-05-25T15:13:51.8250000,418
2026-05-25T15:13:52.8650000,400
2026-05-25T15:13:53.9060000,400
2026-05-25T15:13:54.9470000,416
2026-05-25T15:13:55.9880000,414
2026-05-25T15:13:57.0390000,418
2026-05-25T15:13:58.0790000,418
2026-05-25T15:13:59.1200000,408
2026-05-25T15:14:00.1610000,411
2026-05-25T15:14:01.2010000,407
2026-05-25T15:14:02.2530000,413
2026-05-25T15:14:03.2940000,404
2026-05-25T15:14:04.3340000,424
2026-05-25T15:14:05.3750000,413
2026-05-25T15:14:06.4160000,400
2026-05-25T15:14:07.4570000,415
2026-05-25T15:14:08.5080000,409
2026-05-25T15:14:09.5490000,401
2026-05-25T15:14:10.5900000,411
2026-05-25T15:14:11.6300000,410
2026-05-25T15:14:12.6710000,422
2026-05-25T15:14:13.7230000,408
2026-05-25T15:14:14.7630000,417
2026-05-25T15:14:15.8040000,425
2026-05-25T15:14:16.8450000,415
2026-05-25T15:14:17.8860000,411
2026-05-25T15:14:18.9260000,413
2026-05-25T15:14:19.9780000,419
2026-05-25T15:14:21.0180000,400
2026-05-25T15:14:22.0590000,406
2026-05-25T15:14:23.1000000,404
2026-05-25T15:14:24.1410000,412
2026-05-25T15:14:25.1810000,418
2026-05-25T15:14:26.2330000,404
2026-05-25T15:14:27.2730000,411
2026-05-25T15:14:28.3140000,423
2026-05-25T15:14:29.3580000,404
2026-05-25T15:14:30.3990000,410
2026-05-25T15:14:31.4400000,409
2026-05-25T15:14:32.4810000,413
2026-05-25T15:14:33.5320000,425
2026-05-25T15:14:34.5730000,400
2026-05-25T15:14:35.6130000,400
2026-05-25T15:14:36.6540000,409
2026-05-25T15:14:37.6950000,419
2026-05-25T15:14:38.7460000,415
2026-05-25T15:14:39.7870000,412
2026-05-25T15:14:40.8280000,429
2026-05-25T15:14:41.8690000,403
2026-05-25T15:14:42.9130000,408
2026-05-25T15:14:43.9540000,429
2026-05-25T15:14:44.9940000,418
2026-05-25T15:14:46.0350000,400
2026-05-25T15:14:47.0860000,411
2026-05-25T15:14:48.1270000,410
2026-05-25T15:14:49.1680000,415
2026-05-25T15:14:50.2090000,402
2026-05-25T15:14:51.2500000,408
2026-05-25T15:14:52.3010000,409
2026-05-25T15:14:53.3420000,402
2026-05-25T15:14:54.3830000,417
2026-05-25T15:14:55.4230000,421
2026-05-25T15:14:56.4640000,416
2026-05-25T15:14:57.5050000,411
2026-05-25T15:14:58.5560000,402
2026-05-25T15:14:59.5970000,416
2026-05-25T15:15:00.6380000,411
2026-05-25T15:15:01.6790000,409
2026-05-25T15:15:02.7190000,403
2026-05-25T15:15:03.7600000,415
2026-05-25T15:15:04.8110000,412
2026-05-25T15:15:05.8520000,400
2026-05-25T15:15:06.8930000,405
2026-05-25T15:15:07.9340000,419
2026-05-25T15:15:08.9740000,400
2026-05-25T15:15:10.0190000,412
2026-05-25T15:15:11.0590000,415
2026-05-25T15:15:12.1000000,414
2026-05-25T15:15:13.1510000,401
2026-05-25T15:15:14.1920000,406
2026-05-25T15:15:15.2330000,412
2026-05-25T15:15:16.2740000,406
2026-05-25T15:15:17.3140000,400
2026-05-25T15:15:18.3660000,412
2026-05-25T15:15:19.4060000,400
2026-05-25T15:15:20.4470000,412
2026-05-25T15:15:21.4880000,415
2026-05-25T15:15:22.5290000,418
2026-05-25T15:15:23.5700000,418
2026-05-25T15:15:25.6550000,407
2026-05-25T15:15:26.6960000,416
2026-05-25T15:15:28.7880000,416
2026-05-25T15:15:29.8290000,405
2026-05-25T15:15:30.8690000,410
2026-05-25T15:15:31.9100000,405
2026-05-25T15:15:32.9610000,410
2026-05-25T15:15:34.0020000,400
2026-05-25T15:15:35.0430000,419
2026-05-25T15:15:36.0840000,421
2026-05-25T15:15:37.1250000,414
2026-05-25T15:15:38.1650000,419
2026-05-25T15:15:39.2170000,400
2026-05-25T15:15:40.2570000,404
2026-05-25T15:15:41.2980000,409
2026-05-25T15:15:42.3390000,409
2026-05-25T15:15:43.3800000,412
2026-05-25T15:15:44.4210000,411
2026-05-25T15:15:45.4620000,416
2026-05-25T15:15:46.5130000,404
2026-05-25T15:15:47.5540000,407
2026-05-25T15:15:48.5950000,400
2026-05-25T15:15:49.6360000,410
2026-05-25T15:15:50.6760000,405
2026-05-25T15:15:51.7210000,426
2026-05-25T15:15:52.7610000,424
2026-05-25T15:15:53.8130000,422
2026-05-25T15:15:54.8530000,417
2026-05-25T15:15:55.8940000,401
2026-05-25T15:15:56.9350000,415
2026-05-25T15:15:57.9760000,413
2026-05-25T15:15:59.0160000,408
2026-05-25T15:16:00.0680000,416
2026-05-25T15:16:01.1080000,400
2026-05-25T15:16:02.1490000,416
2026-05-25T15:16:03.1900000,408
2026-05-25T15:16:04.2310000,419
2026-05-25T15:16:05.2720000,424
2026-05-25T15:16:06.3160000,417
2026-05-25T15:16:07.3570000,414
2026-05-25T15:16:08.4080000,422
2026-05-25T15:16:09.4490000,432
2026-05-25T15:16:10.4900000,420
2026-05-25T15:16:11.5310000,415
2026-05-25T15:16:12.5710000,423
2026-05-25T15:16:13.6120000,405
2026-05-25T15:16:14.6630000,429
2026-05-25T15:16:15.7040000,420
2026-05-25T15:16:16.7450000,429
2026-05-25T15:16:17.7860000,431
2026-05-25T15:16:18.8260000,414
2026-05-25T15:16:19.8670000,425
2026-05-25T15:16:20.9180000,422
2026-05-25T15:16:21.9590000,411
2026-05-25T15:16:23.0000000,441
2026-05-25T15:16:24.0400000,414
2026-05-25T15:16:25.0810000,418
2026-05-25T15:16:26.1220000,421
2026-05-25T15:16:27.1730000,414
2026-05-25T15:16:28.2140000,431
2026-05-25T15:16:29.2550000,420
2026-05-25T15:16:30.2960000,430
2026-05-25T15:16:31.3360000,407
2026-05-25T15:16:32.3880000,417
2026-05-25T15:16:33.4290000,423
2026-05-25T15:16:34.4700000,422
2026-05-25T15:16:35.5100000,424
2026-05-25T15:16:36.5510000,416
2026-05-25T15:16:37.5920000,417
2026-05-25T15:16:38.6430000,408
2026-05-25T15:16:39.6840000,418
2026-05-25T15:16:40.7250000,426
2026-05-25T15:16:41.7660000,428
2026-05-25T15:16:42.8060000,435
2026-05-25T15:16:43.8470000,421
2026-05-25T15:16:44.8980000,430
2026-05-25T15:16:45.9390000,424
2026-05-25T15:16:46.9800000,429
2026-05-25T15:16:48.0200000,420
2026-05-25T15:16:49.0610000,426
2026-05-25T15:16:50.1120000,433
2026-05-25T15:16:51.1530000,408
2026-05-25T15:16:52.1940000,424
2026-05-25T15:16:53.2350000,421
2026-05-25T15:16:54.2760000,428
2026-05-25T15:16:55.3170000,412
2026-05-25T15:16:56.3680000,414
2026-05-25T15:16:57.4090000,431
2026-05-25T15:16:58.4490000,423
2026-05-25T15:16:59.4900000,426
2026-05-25T15:17:00.5310000,421
2026-05-25T15:17:01.5750000,426
2026-05-25T15:17:02.6160000,433
2026-05-25T15:17:03.6570000,412
2026-05-25T15:17:04.7080000,432
2026-05-25T15:17:05.7490000,421
2026-05-25T15:17:06.7900000,435
2026-05-25T15:17:07.8310000,418
2026-05-25T15:17:08.8710000,424
2026-05-25T15:17:09.9120000,443
2026-05-25T15:17:10.9630000,420
2026-05-25T15:17:12.0040000,430
2026-05-25T15:17:13.0450000,417
2026-05-25T15:17:14.0850000,425
2026-05-25T15:17:15.1300000,432
2026-05-25T15:17:16.1700000,417
2026-05-25T15:17:17.2110000,422
2026-05-25T15:17:18.2620000,443
2026-05-25T15:17:19.3030000,436
2026-05-25T15:17:20.3440000,428
2026-05-25T15:17:21.3850000,436
2026-05-25T15:17:22.4260000,429
2026-05-25T15:17:23.4670000,433
2026-05-25T15:17:24.5080000,432
2026-05-25T15:17:25.5590000,432
2026-05-25T15:17:26.6000000,432
2026-05-25T15:17:27.6410000,440
2026-05-25T15:17:28.6810000,437
2026-05-25T15:17:29.7220000,440
2026-05-25T15:17:30.7630000,439
2026-05-25T15:17:31.8140000,435
2026-05-25T15:17:32.8550000,448
2026-05-25T15:17:33.8950000,436
2026-05-25T15:17:34.9360000,428
2026-05-25T15:17:35.9770000,431
2026-05-25T15:17:37.0280000,441
2026-05-25T15:17:38.0690000,436
2026-05-25T15:17:39.1100000,420
2026-05-25T15:17:40.1510000,442
2026-05-25T15:17:41.1920000,455
2026-05-25T15:17:42.2360000,424
2026-05-25T15:17:43.2770000,418
2026-05-25T15:17:44.3180000,423
2026-05-25T15:17:45.3690000,421
2026-05-25T15:17:46.4100000,433
2026-05-25T15:17:47.4510000,447
2026-05-25T15:17:48.4910000,425
2026-05-25T15:17:49.5320000,435
2026-05-25T15:17:50.5730000,414
2026-05-25T15:17:51.6240000,456
2026-05-25T15:17:52.6650000,438
2026-05-25T15:17:53.7050000,433
2026-05-25T15:17:54.7460000,433
2026-05-25T15:17:55.7870000,432
2026-05-25T15:17:56.8310000,435
2026-05-25T15:17:57.8720000,443
2026-05-25T15:17:58.9130000,419
2026-05-25T15:17:59.9640000,429
2026-05-25T15:18:01.0050000,431
2026-05-25T15:18:02.0460000,443
2026-05-25T15:18:03.0870000,422
2026-05-25T15:18:04.1280000,444
2026-05-25T15:18:05.1680000,422
2026-05-25T15:18:06.2200000,424
2026-05-25T15:18:07.2600000,438
2026-05-25T15:18:08.3010000,441
2026-05-25T15:18:09.3420000,439
2026-05-25T15:18:10.3900000,420
2026-05-25T15:18:11.4310000,431
2026-05-25T15:18:12.4710000,435
2026-05-25T15:18:13.5120000,433
2026-05-25T15:18:14.5530000,440
2026-05-25T15:18:15.5940000,438
2026-05-25T15:18:16.6450000,431
2026-05-25T15:18:17.6860000,435
2026-05-25T15:18:18.7270000,425
2026-05-25T15:18:19.7670000,429
2026-05-25T15:18:20.8080000,435
2026-05-25T15:18:21.8590000,428
2026-05-25T15:18:22.9000000,426
2026-05-25T15:18:23.9410000,432
2026-05-25T15:18:24.9820000,426
2026-05-25T15:18:26.0220000,422
2026-05-25T15:18:27.0630000,437
2026-05-25T15:18:28.1150000,439
2026-05-25T15:18:29.1550000,429
2026-05-25T15:18:30.1960000,426
2026-05-25T15:18:31.2370000,431
2026-05-25T15:18:32.2780000,430
2026-05-25T15:18:33.3290000,431
2026-05-25T15:18:34.3700000,434
2026-05-25T15:18:35.4100000,433
2026-05-25T15:18:36.4510000,437
2026-05-25T15:18:37.4920000,416
2026-05-25T15:18:38.5330000,437
2026-05-25T15:18:39.5840000,422
2026-05-25T15:18:40.6250000,414
2026-05-25T15:18:41.6650000,433
2026-05-25T15:18:42.7060000,424
2026-05-25T15:18:43.7470000,431
2026-05-25T15:18:44.7980000,441
2026-05-25T15:18:45.8390000,426
2026-05-25T15:18:46.8800000,439
2026-05-25T15:18:47.9210000,430
2026-05-25T15:18:48.9610000,443
2026-05-25T15:18:50.0020000,430
2026-05-25T15:18:51.0530000,428
2026-05-25T15:18:52.0870000,435
2026-05-25T15:18:53.1380000,433
2026-05-25T15:18:54.1800000,418
2026-05-25T15:18:55.2200000,430
2026-05-25T15:18:56.2610000,425
2026-05-25T15:18:57.3020000,418
2026-05-25T15:18:58.3530000,416
2026-05-25T15:18:59.3940000,423
2026-05-25T15:19:00.4350000,414
2026-05-25T15:19:01.4760000,424
2026-05-25T15:19:02.5160000,430
2026-05-25T15:19:03.5570000,415
2026-05-25T15:19:04.6080000,438
2026-05-25T15:19:05.6460000,423
2026-05-25T15:19:06.6860000,418
2026-05-25T15:19:07.7380000,406
2026-05-25T15:19:08.7780000,420
2026-05-25T15:19:10.8600000,424
2026-05-25T15:19:11.9010000,411
2026-05-25T15:19:12.9410000,438
2026-05-25T15:19:13.9930000,432
2026-05-25T15:19:15.0340000,440
2026-05-25T15:19:16.0740000,411
2026-05-25T15:19:17.1150000,446
2026-05-25T15:19:18.1560000,429
2026-05-25T15:19:19.2040000,438
2026-05-25T15:19:20.2450000,434
2026-05-25T15:19:21.2850000,426
2026-05-25T15:19:22.3260000,441
2026-05-25T15:19:23.3670000,426
2026-05-25T15:19:24.4190000,417
2026-05-25T15:19:25.4600000,427
2026-05-25T15:19:26.5000000,445
2026-05-25T15:19:27.5410000,431
2026-05-25T15:19:28.5820000,415
2026-05-25T15:19:29.6220000,422
2026-05-25T15:19:30.6740000,418
2026-05-25T15:19:31.7140000,433
2026-05-25T15:19:32.7520000,433
2026-05-25T15:19:33.8030000,425
2026-05-25T15:19:34.8440000,417
2026-05-25T15:19:35.8840000,411
2026-05-25T15:19:36.9250000,419
2026-05-25T15:19:37.9660000,418
2026-05-25T15:19:39.0070000,411
2026-05-25T15:19:40.0580000,426
2026-05-25T15:19:41.0990000,433
2026-05-25T15:19:42.1390000,420
2026-05-25T15:19:43.1800000,436
2026-05-25T15:19:44.2210000,411
2026-05-25T15:19:45.2720000,414
2026-05-25T15:19:46.3130000,418
2026-05-25T15:19:47.3540000,428
2026-05-25T15:19:48.3950000,405
2026-05-25T15:19:49.4350000,425
2026-05-25T15:19:50.4760000,421
2026-05-25T15:19:51.5270000,419
2026-05-25T15:19:52.5680000,422
2026-05-25T15:19:53.6090000,418
2026-05-25T15:19:54.6500000,427
2026-05-25T15:19:55.6910000,431
2026-05-25T15:19:56.7320000,416
2026-05-25T15:19:57.7830000,428
2026-05-25T15:19:58.8240000,426
2026-05-25T15:19:59.8640000,423
2026-05-25T15:20:00.9050000,418
2026-05-25T15:20:01.9460000,415
2026-05-25T15:20:02.9870000,407
2026-05-25T15:20:04.0380000,411
2026-05-25T15:20:05.0790000,416
2026-05-25T15:20:06.1190000,427
2026-05-25T15:20:07.1600000,426
2026-05-25T15:20:08.2010000,423
2026-05-25T15:20:09.2520000,417
2026-05-25T15:20:10.2930000,403
2026-05-25T15:20:11.3340000,408
2026-05-25T15:20:12.3750000,425
2026-05-25T15:20:13.4150000,424
2026-05-25T15:20:14.4640000,427
2026-05-25T15:20:15.5040000,421
2026-05-25T15:20:16.5450000,419
2026-05-25T15:20:17.5860000,421
2026-05-25T15:20:18.6270000,431
2026-05-25T15:20:19.6780000,414
2026-05-25T15:20:20.7190000,422
2026-05-25T15:20:21.7600000,413
2026-05-25T15:20:22.8010000,420
2026-05-25T15:20:23.8410000,412
2026-05-25T15:20:24.8820000,417
2026-05-25T15:20:25.9340000,426
2026-05-25T15:20:26.9740000,429
2026-05-25T15:20:28.0120000,421
2026-05-25T15:20:29.0520000,424
2026-05-25T15:20:30.1040000,426
2026-05-25T15:20:31.1440000,411
2026-05-25T15:20:32.1850000,430
2026-05-25T15:20:33.2260000,400
2026-05-25T15:20:34.2670000,412
2026-05-25T15:20:35.3080000,408
2026-05-25T15:20:36.3590000,416
2026-05-25T15:20:37.4000000,429
2026-05-25T15:20:38.4410000,416
2026-05-25T15:20:39.4810000,428
2026-05-25T15:20:40.5220000,418
2026-05-25T15:20:41.5630000,414
2026-05-25T15:20:42.6140000,417
2026-05-25T15:20:43.6550000,424
2026-05-25T15:20:44.6960000,418
2026-05-25T15:20:45.7370000,421
2026-05-25T15:20:46.7780000,405
2026-05-25T15:20:47.8290000,409
2026-05-25T15:20:48.8700000,438
2026-05-25T15:20:49.9100000,423
2026-05-25T15:20:50.9510000,407
2026-05-25T15:20:51.9920000,425
2026-05-25T15:20:53.0330000,413
2026-05-25T15:20:54.0840000,440
2026-05-25T15:20:55.1220000,411
2026-05-25T15:20:56.1660000,417
2026-05-25T15:20:57.2070000,414
2026-05-25T15:20:58.2470000,430
2026-05-25T15:20:59.2880000,424
2026-05-25T15:21:00.3400000,422
2026-05-25T15:21:01.3800000,406
2026-05-25T15:21:02.4210000,422
2026-05-25T15:21:03.4620000,410
2026-05-25T15:21:04.5020000,422
2026-05-25T15:21:05.5430000,411
2026-05-25T15:21:06.5940000,409
2026-05-25T15:21:07.6350000,417
2026-05-25T15:21:08.6760000,401
2026-05-25T15:21:09.7240000,420
2026-05-25T15:21:10.7640000,418
2026-05-25T15:21:11.8050000,410
2026-05-25T15:21:12.8460000,416
2026-05-25T15:21:13.8870000,423
2026-05-25T15:21:14.9270000,410
2026-05-25T15:21:15.9790000,410
2026-05-25T15:21:17.0200000,426
2026-05-25T15:21:18.0610000,421
2026-05-25T15:21:19.1010000,422
2026-05-25T15:21:20.1420000,426
2026-05-25T15:21:21.1830000,412
2026-05-25T15:21:22.2340000,403
2026-05-25T15:21:23.2750000,411
2026-05-25T15:21:24.3160000,406
2026-05-25T15:21:25.3570000,411
2026-05-25T15:21:26.3980000,403
2026-05-25T15:21:27.4390000,410
2026-05-25T15:21:28.4900000,416
2026-05-25T15:21:29.5310000,421
2026-05-25T15:21:30.5710000,407
2026-05-25T15:21:31.6120000,414
2026-05-25T15:21:32.6530000,421
2026-05-25T15:21:33.6940000,416
2026-05-25T15:21:34.7460000,400
2026-05-25T15:21:35.7860000,426
2026-05-25T15:21:36.8240000,420
2026-05-25T15:21:37.8640000,421
2026-05-25T15:21:38.9160000,400
2026-05-25T15:21:39.9570000,426
2026-05-25T15:21:40.9970000,414
2026-05-25T15:21:42.0380000,407
2026-05-25T15:21:43.0790000,414
2026-05-25T15:21:44.1300000,408
2026-05-25T15:21:45.1710000,418
2026-05-25T15:21:46.2120000,418
2026-05-25T15:21:47.2530000,413
2026-05-25T15:21:48.2930000,409
2026-05-25T15:21:49.3450000,428
2026-05-25T15:21:50.3820000,400
2026-05-25T15:21:51.4220000,402
2026-05-25T15:21:52.4630000,420
2026-05-25T15:21:53.5140000,400
2026-05-25T15:21:54.5560000,404
2026-05-25T15:21:55.5960000,416
2026-05-25T15:21:56.6370000,420
2026-05-25T15:21:57.6780000,414
2026-05-25T15:21:58.7190000,410
2026-05-25T15:21:59.7700000,412
2026-05-25T15:22:00.8110000,410
2026-05-25T15:22:01.8520000,418
2026-05-25T15:22:02.8920000,417
2026-05-25T15:22:03.9330000,425
2026-05-25T15:22:04.9850000,410
2026-05-25T15:22:06.0250000,416
2026-05-25T15:22:07.0660000,400
2026-05-25T15:22:08.1070000,400
2026-05-25T15:22:09.1480000,407
2026-05-25T15:22:10.1890000,410
2026-05-25T15:22:11.2400000,407
2026-05-25T15:22:12.2810000,435
2026-05-25T15:22:13.3210000,413
2026-05-25T15:22:14.3620000,413
2026-05-25T15:22:15.4030000,400
2026-05-25T15:22:16.4440000,412
2026-05-25T15:22:17.4950000,405
2026-05-25T15:22:18.5320000,405
2026-05-25T15:22:19.5730000,414
2026-05-25T15:22:20.6140000,413
2026-05-25T15:22:21.6650000,418
2026-05-25T15:22:22.7060000,410
2026-05-25T15:22:23.7470000,400
2026-05-25T15:22:24.7870000,429
2026-05-25T15:22:25.8280000,410
2026-05-25T15:22:26.8690000,418
2026-05-25T15:22:27.9210000,418
2026-05-25T15:22:28.9610000,421
2026-05-25T15:22:30.0020000,417
2026-05-25T15:22:31.0430000,400
2026-05-25T15:22:32.0910000,415
2026-05-25T15:22:33.1320000,425
2026-05-25T15:22:34.1720000,416
2026-05-25T15:22:35.2130000,418
2026-05-25T15:22:36.2540000,409
2026-05-25T15:22:37.3050000,410
2026-05-25T15:22:38.3460000,413
2026-05-25T15:22:39.3860000,404
2026-05-25T15:22:40.4270000,403
2026-05-25T15:22:41.4680000,422
2026-05-25T15:22:42.5090000,402
2026-05-25T15:22:43.5600000,430
2026-05-25T15:22:44.6010000,407
2026-05-25T15:22:45.6380000,406
2026-05-25T15:22:46.6790000,404
2026-05-25T15:22:47.7300000,400
2026-05-25T15:22:48.7710000,424
2026-05-25T15:22:49.8120000,400
2026-05-25T15:22:50.8530000,408
2026-05-25T15:22:51.8940000,400
2026-05-25T15:22:52.9340000,412
2026-05-25T15:22:53.9860000,417
2026-05-25T15:22:55.0270000,406
2026-05-25T15:22:56.0670000,420
2026-05-25T15:22:57.1080000,401
2026-05-25T15:22:58.1490000,406
2026-05-25T15:22:59.1970000,420
2026-05-25T15:23:00.2370000,410
2026-05-25T15:23:01.2780000,400
2026-05-25T15:23:02.3190000,405
2026-05-25T15:23:03.3700000,400
2026-05-25T15:23:04.4110000,414
2026-05-25T15:23:05.4510000,410
2026-05-25T15:23:06.4920000,400
2026-05-25T15:23:07.5330000,400
2026-05-25T15:23:08.5740000,413
2026-05-25T15:23:09.6250000,420
2026-05-25T15:23:10.6660000,409
2026-05-25T15:23:11.7070000,412
2026-05-25T15:23:12.7470000,414
2026-05-25T15:23:13.7880000,406
2026-05-25T15:23:14.8390000,418
2026-05-25T15:23:15.8800000,401
2026-05-25T15:23:16.9210000,420
2026-05-25T15:23:17.9620000,400
2026-05-25T15:23:19.0030000,412
2026-05-25T15:23:20.0430000,400
2026-05-25T15:23:21.0950000,406
2026-05-25T15:23:22.1350000,401
2026-05-25T15:23:23.1760000,404
2026-05-25T15:23:24.2170000,421
2026-05-25T15:23:25.2570000,415
2026-05-25T15:23:26.3090000,408
2026-05-25T15:23:27.3490000,426
2026-05-25T15:23:28.3900000,413
2026-05-25T15:23:29.4310000,400
2026-05-25T15:23:30.4720000,421
2026-05-25T15:23:31.5130000,414
2026-05-25T15:23:32.5640000,410
2026-05-25T15:23:33.6050000,410
2026-05-25T15:23:34.6460000,420
2026-05-25T15:23:35.6860000,417
2026-05-25T15:23:36.7270000,407
2026-05-25T15:23:37.7680000,426
2026-05-25T15:23:38.8190000,413
2026-05-25T15:23:39.8600000,407
2026-05-25T15:23:40.8970000,407
2026-05-25T15:23:41.9380000,421
2026-05-25T15:23:42.9890000,418
2026-05-25T15:23:44.0300000,401
2026-05-25T15:23:45.0710000,413
2026-05-25T15:23:46.1120000,421
2026-05-25T15:23:47.1520000,413
2026-05-25T15:23:48.2040000,415
2026-05-25T15:23:49.2440000,405
2026-05-25T15:23:50.2850000,413
2026-05-25T15:23:51.3260000,422
2026-05-25T15:23:52.3660000,413
2026-05-25T15:23:53.4070000,411
2026-05-25T15:23:54.4550000,419
2026-05-25T15:23:55.4960000,405
2026-05-25T15:23:56.5360000,423
2026-05-25T15:23:57.5770000,406
2026-05-25T15:23:58.6290000,402
2026-05-25T15:23:59.6690000,412
2026-05-25T15:24:00.7100000,414
2026-05-25T15:24:01.7510000,414
2026-05-25T15:24:02.7920000,409
2026-05-25T15:24:03.8320000,423
2026-05-25T15:24:04.8840000,412
2026-05-25T15:24:05.9240000,409
2026-05-25T15:24:06.9650000,400
2026-05-25T15:24:08.0060000,416
2026-05-25T15:24:09.0470000,416
2026-05-25T15:24:10.0980000,413
2026-05-25T15:24:11.1390000,419
2026-05-25T15:24:12.1790000,412
2026-05-25T15:24:13.2200000,406
2026-05-25T15:24:14.2610000,401
2026-05-25T15:24:15.3020000,426
2026-05-25T15:24:16.3530000,404
2026-05-25T15:24:17.3940000,415
2026-05-25T15:24:18.4350000,417
2026-05-25T15:24:19.4750000,426
2026-05-25T15:24:20.5160000,410
2026-05-25T15:24:21.5570000,419
2026-05-25T15:24:22.6080000,420
2026-05-25T15:24:23.6490000,401
2026-05-25T15:24:24.6900000,409
2026-05-25T15:24:25.7310000,415
2026-05-25T15:24:26.7710000,415
2026-05-25T15:24:27.8120000,420
2026-05-25T15:24:28.8640000,411
2026-05-25T15:24:29.9040000,408
2026-05-25T15:24:30.9450000,408
2026-05-25T15:24:31.9860000,419
2026-05-25T15:24:33.0270000,424
2026-05-25T15:24:34.0670000,408
2026-05-25T15:24:35.1180000,414
2026-05-25T15:24:36.1590000,414
2026-05-25T15:24:37.2000000,402
2026-05-25T15:24:38.2410000,416
2026-05-25T15:24:39.2820000,419
2026-05-25T15:24:40.3220000,409
2026-05-25T15:24:41.3740000,405
2026-05-25T15:24:42.4140000,405
2026-05-25T15:24:43.4550000,414
2026-05-25T15:24:44.4960000,410
2026-05-25T15:24:45.5370000,407
2026-05-25T15:24:46.5770000,409
2026-05-25T15:24:47.6290000,426
2026-05-25T15:24:48.6690000,422
2026-05-25T15:24:49.7100000,410
2026-05-25T15:24:50.7510000,415
2026-05-25T15:24:51.7920000,410
2026-05-25T15:24:52.8330000,403
2026-05-25T15:24:53.8840000,412
2026-05-25T15:24:54.9250000,406
2026-05-25T15:24:55.9660000,406
2026-05-25T15:24:57.0060000,400
2026-05-25T15:24:58.0470000,408
2026-05-25T15:24:59.0880000,417
2026-05-25T15:25:00.1390000,401
2026-05-25T15:25:01.1800000,401
2026-05-25T15:25:02.2210000,411
2026-05-25T15:25:03.2580000,423
2026-05-25T15:25:04.3020000,414
2026-05-25T15:25:05.3530000,414
2026-05-25T15:25:06.3940000,415
2026-05-25T15:25:07.4350000,414
2026-05-25T15:25:08.4760000,403
2026-05-25T15:25:09.5170000,415
2026-05-25T15:25:10.5570000,409
2026-05-25T15:25:11.6090000,405
2026-05-25T15:25:12.6490000,408
2026-05-25T15:25:13.6900000,407
2026-05-25T15:25:14.7310000,407
2026-05-25T15:25:15.7720000,419
2026-05-25T15:25:16.8120000,410
2026-05-25T15:25:17.8600000,400
2026-05-25T15:25:18.9010000,400
2026-05-25T15:25:19.9420000,416
2026-05-25T15:25:20.9820000,416
2026-05-25T15:25:22.0330000,400
2026-05-25T15:25:23.0740000,401
2026-05-25T15:25:24.1150000,414
2026-05-25T15:25:25.1560000,415
2026-05-25T15:25:26.1960000,413
2026-05-25T15:25:27.2370000,408
2026-05-25T15:25:28.2880000,400
2026-05-25T15:25:29.3290000,410
2026-05-25T15:25:30.3700000,404
2026-05-25T15:25:31.4110000,407
2026-05-25T15:25:32.4520000,423
2026-05-25T15:25:33.5030000,414
2026-05-25T15:25:34.5440000,400
2026-05-25T15:25:35.5840000,420
2026-05-25T15:25:36.6250000,415
2026-05-25T15:25:37.6660000,406
2026-05-25T15:25:38.7070000,409
2026-05-25T15:25:39.7580000,406
2026-05-25T15:25:40.7990000,433
2026-05-25T15:25:41.8400000,405
2026-05-25T15:25:42.8800000,424
2026-05-25T15:25:43.9210000,421
2026-05-25T15:25:44.9690000,420
2026-05-25T15:25:46.0100000,429
2026-05-25T15:25:47.0500000,428
2026-05-25T15:25:48.0910000,409
2026-05-25T15:25:49.1320000,414
2026-05-25T15:25:50.1830000,409
2026-05-25T15:25:51.2240000,422
2026-05-25T15:25:52.2650000,413
2026-05-25T15:25:53.3050000,413
2026-05-25T15:25:54.3460000,405
2026-05-25T15:25:55.3970000,403
2026-05-25T15:25:56.4380000,400
2026-05-25T15:25:57.4790000,417
2026-05-25T15:25:58.5200000,414
2026-05-25T15:25:59.5610000,404
2026-05-25T15:26:00.6010000,400
2026-05-25T15:26:01.6530000,400
2026-05-25T15:26:02.6930000,425
2026-05-25T15:26:03.7340000,411
2026-05-25T15:26:04.7760000,417
2026-05-25T15:26:05.8170000,405
2026-05-25T15:26:06.8570000,422
2026-05-25T15:26:07.9090000,428
2026-05-25T15:26:08.9490000,406
2026-05-25T15:26:09.9900000,410
2026-05-25T15:26:11.0310000,400
2026-05-25T15:26:12.0710000,406
2026-05-25T15:26:13.1190000,421
2026-05-25T15:26:14.1600000,408
2026-05-25T15:26:15.2010000,400
2026-05-25T15:26:16.2410000,412
2026-05-25T15:26:17.2820000,404
2026-05-25T15:26:18.3330000,414
2026-05-25T15:26:19.3740000,403
2026-05-25T15:26:20.4150000,408
2026-05-25T15:26:21.4560000,400
2026-05-25T15:26:22.4970000,407
2026-05-25T15:26:23.5370000,405
2026-05-25T15:26:24.5890000,406
2026-05-25T15:26:25.6290000,400
2026-05-25T15:26:26.6700000,412
2026-05-25T15:26:27.7110000,420
2026-05-25T15:26:28.7520000,402
2026-05-25T15:26:29.7920000,413
2026-05-25T15:26:30.8440000,412
2026-05-25T15:26:31.8840000,413
2026-05-25T15:26:32.9250000,400
2026-05-25T15:26:33.9660000,401
2026-05-25T15:26:35.0070000,412
2026-05-25T15:26:36.0580000,409
2026-05-25T15:26:37.0990000,420
2026-05-25T15:26:38.1390000,412
2026-05-25T15:26:39.1800000,412
2026-05-25T15:26:40.2280000,426
2026-05-25T15:26:41.2690000,413
2026-05-25T15:26:42.3090000,418
2026-05-25T15:26:43.3500000,400
2026-05-25T15:26:44.3910000,409
2026-05-25T15:26:45.4320000,414
2026-05-25T15:26:46.4830000,403
2026-05-25T15:26:47.5240000,403
2026-05-25T15:26:48.5650000,407
2026-05-25T15:26:49.6050000,415
2026-05-25T15:26:50.6460000,407
2026-05-25T15:26:51.6870000,416
2026-05-25T15:26:52.7380000,413
2026-05-25T15:26:53.7750000,415
2026-05-25T15:26:54.8160000,400
2026-05-25T15:26:55.8570000,418
2026-05-25T15:26:56.9080000,414
2026-05-25T15:26:57.9490000,419
2026-05-25T15:26:58.9890000,417
2026-05-25T15:27:00.0300000,414
2026-05-25T15:27:01.0710000,412
2026-05-25T15:27:02.1220000,411
2026-05-25T15:27:03.1630000,414
2026-05-25T15:27:04.2040000,412
2026-05-25T15:27:05.2450000,402
2026-05-25T15:27:06.2850000,403
2026-05-25T15:27:07.3260000,416
2026-05-25T15:27:08.3770000,408
2026-05-25T15:27:09.4180000,404
2026-05-25T15:27:10.4590000,421
2026-05-25T15:27:11.5000000,400
2026-05-25T15:27:12.5400000,418
2026-05-25T15:27:13.5810000,404
2026-05-25T15:27:14.6330000,403
2026-05-25T15:27:15.6730000,418
2026-05-25T15:27:16.7140000,408
2026-05-25T15:27:17.7550000,410
2026-05-25T15:27:18.7950000,409
2026-05-25T15:27:19.8470000,400
2026-05-25T15:27:20.8870000,413
2026-05-25T15:27:21.9280000,400
2026-05-25T15:27:22.9690000,405
2026-05-25T15:27:24.0100000,400
2026-05-25T15:27:25.0500000,420
2026-05-25T15:27:26.1020000,414
2026-05-25T15:27:27.1420000,419
2026-05-25T15:27:28.1830000,415
2026-05-25T15:27:29.2240000,416
2026-05-25T15:27:30.2650000,405
2026-05-25T15:27:31.3050000,418
2026-05-25T15:27:32.3570000,406
2026-05-25T15:27:33.3970000,401
2026-05-25T15:27:34.4380000,408
2026-05-25T15:27:35.4790000,405
2026-05-25T15:27:36.5200000,414
2026-05-25T15:27:37.5710000,413
2026-05-25T15:27:38.6120000,422
2026-05-25T15:27:39.6520000,417
2026-05-25T15:27:40.6930000,409
2026-05-25T15:27:41.7340000,401
2026-05-25T15:27:42.7850000,406
2026-05-25T15:27:43.8260000,400
2026-05-25T15:27:44.8670000,408
2026-05-25T15:27:45.9070000,422
2026-05-25T15:27:46.9480000,404
2026-05-25T15:27:47.9890000,414
2026-05-25T15:27:49.0360000,400
2026-05-25T15:27:50.0770000,412
2026-05-25T15:27:51.1180000,403
2026-05-25T15:27:52.1590000,420
2026-05-25T15:27:53.2100000,408
2026-05-25T15:27:54.2510000,409
2026-05-25T15:27:55.2910000,400
2026-05-25T15:27:56.3320000,411
2026-05-25T15:27:57.3730000,402
2026-05-25T15:27:58.4240000,409
2026-05-25T15:27:59.4650000,406
2026-05-25T15:28:00.5060000,414
2026-05-25T15:28:01.5470000,410
2026-05-25T15:28:02.5870000,409
2026-05-25T15:28:03.6280000,414
2026-05-25T15:28:04.6800000,417
2026-05-25T15:28:05.7200000,400
2026-05-25T15:28:06.7610000,411
2026-05-25T15:28:07.8020000,413
2026-05-25T15:28:08.8430000,414
2026-05-25T15:28:09.8830000,405
2026-05-25T15:28:10.9340000,410
2026-05-25T15:28:11.9750000,400
2026-05-25T15:28:13.0160000,411
2026-05-25T15:28:14.0570000,411
2026-05-25T15:28:15.0980000,413
2026-05-25T15:28:16.1490000,402
2026-05-25T15:28:17.1900000,414
2026-05-25T15:28:18.2300000,422
2026-05-25T15:28:19.2710000,409
2026-05-25T15:28:20.3120000,403
2026-05-25T15:28:21.3530000,405
2026-05-25T15:28:22.4040000,416
2026-05-25T15:28:23.4450000,400
2026-05-25T15:28:24.4880000,413
2026-05-25T15:28:25.5290000,417
2026-05-25T15:28:26.5700000,407
2026-05-25T15:28:27.6110000,428
2026-05-25T15:28:28.6510000,418
2026-05-25T15:28:29.7030000,408
2026-05-25T15:28:30.7400000,414
2026-05-25T15:28:31.7810000,407
2026-05-25T15:28:32.8210000,402
2026-05-25T15:28:33.8730000,423
2026-05-25T15:28:34.9140000,401
2026-05-25T15:28:35.9540000,409
2026-05-25T15:28:36.9950000,410
2026-05-25T15:28:38.0360000,415
2026-05-25T15:28:39.0870000,401
2026-05-25T15:28:40.1280000,411
2026-05-25T15:28:41.1690000,418
2026-05-25T15:28:42.2090000,422
2026-05-25T15:28:43.2500000,425
2026-05-25T15:28:44.2910000,417
2026-05-25T15:28:45.3420000,400
2026-05-25T15:28:46.3830000,411
2026-05-25T15:28:47.4240000,409
2026-05-25T15:28:48.4650000,419
2026-05-25T15:28:49.5050000,421
2026-05-25T15:28:50.5460000,408
2026-05-25T15:28:51.5980000,403
2026-05-25T15:28:52.6380000,419
2026-05-25T15:28:53.6790000,428
2026-05-25T15:28:54.7200000,410
2026-05-25T15:28:55.7610000,402
2026-05-25T15:28:56.8120000,418
2026-05-25T15:28:57.8530000,409
2026-05-25T15:28:58.8930000,414
2026-05-25T15:28:59.9340000,422
2026-05-25T15:29:00.9750000,423
2026-05-25T15:29:02.0160000,407
2026-05-25T15:29:03.0670000,421
2026-05-25T15:29:04.1080000,415
2026-05-25T15:29:05.1490000,416
2026-05-25T15:29:06.1890000,417
2026-05-25T15:29:07.2300000,415
2026-05-25T15:29:08.2710000,407
2026-05-25T15:29:09.3220000,433
2026-05-25T15:29:10.3630000,434
2026-05-25T15:29:11.4040000,407
2026-05-25T15:29:12.4480000,427
2026-05-25T15:29:13.4890000,400
2026-05-25T15:29:14.5300000,419
2026-05-25T15:29:15.5710000,421
2026-05-25T15:29:16.6220000,415
2026-05-25T15:29:17.6630000,429
2026-05-25T15:29:18.7040000,429
2026-05-25T15:29:19.7440000,407
2026-05-25T15:29:20.7850000,427
2026-05-25T15:29:21.8260000,433
2026-05-25T15:29:22.8770000,426
2026-05-25T15:29:23.9180000,429
2026-05-25T15:29:24.9590000,430
2026-05-25T15:29:26.0000000,425
2026-05-25T15:29:27.0400000,437
2026-05-25T15:29:28.0920000,442
2026-05-25T15:29:29.1320000,414
2026-05-25T15:29:30.1730000,421
2026-05-25T15:29:31.2140000,429
2026-05-25T15:29:32.2550000,429
2026-05-25T15:29:33.2960000,427
2026-05-25T15:29:34.3470000,433
2026-05-25T15:29:35.3880000,428
2026-05-25T15:29:36.4280000,419
2026-05-25T15:29:37.4690000,430
2026-05-25T15:29:38.5100000,432
2026-05-25T15:29:39.5610000,437
2026-05-25T15:29:40.6020000,439
2026-05-25T15:29:41.6420000,418
2026-05-25T15:29:42.6830000,413
2026-05-25T15:29:43.7240000,434
2026-05-25T15:29:44.7650000,425
2026-05-25T15:29:45.8160000,438
2026-05-25T15:29:46.8570000,435
2026-05-25T15:29:47.8970000,429
2026-05-25T15:29:48.9380000,423
2026-05-25T15:29:49.9790000,432
2026-05-25T15:29:51.0300000,433
2026-05-25T15:29:52.0710000,432
2026-05-25T15:29:53.1120000,419
2026-05-25T15:29:54.1530000,421
2026-05-25T15:29:55.1940000,430
2026-05-25T15:29:56.2340000,437
2026-05-25T15:29:57.2860000,432
2026-05-25T15:29:58.3260000,416
2026-05-25T15:29:59.3670000,437
2026-05-25T15:30:00.4080000,433
2026-05-25T15:30:01.4490000,451
2026-05-25T15:30:02.4890000,430
2026-05-25T15:30:03.5410000,443
2026-05-25T15:30:04.5810000,432
2026-05-25T15:30:05.6220000,414
2026-05-25T15:30:06.6630000,435
2026-05-25T15:30:07.7070000,445
2026-05-25T15:30:08.7480000,419
2026-05-25T15:30:09.7880000,442
2026-05-25T15:30:10.8400000,418
2026-05-25T15:30:11.8800000,446
2026-05-25T15:30:12.9210000,442
2026-05-25T15:30:13.9620000,434
2026-05-25T15:30:15.0030000,429
2026-05-25T15:30:16.0440000,445
2026-05-25T15:30:17.0950000,447
2026-05-25T15:30:18.1360000,439
2026-05-25T15:30:19.1770000,441
2026-05-25T15:30:20.2170000,441
2026-05-25T15:30:21.2580000,435
2026-05-25T15:30:22.2990000,436
2026-05-25T15:30:23.3500000,450
2026-05-25T15:30:24.3910000,438
2026-05-25T15:30:25.4320000,434
2026-05-25T15:30:26.4720000,422
2026-05-25T15:30:27.5130000,438
2026-05-25T15:30:28.5640000,434
2026-05-25T15:30:29.6050000,437
2026-05-25T15:30:30.6460000,438
2026-05-25T15:30:31.6870000,426
2026-05-25T15:30:32.7270000,425
2026-05-25T15:30:33.7680000,439
2026-05-25T15:30:34.8120000,428
2026-05-25T15:30:35.8530000,429
2026-05-25T15:30:36.9040000,448
2026-05-25T15:30:37.9450000,436
2026-05-25T15:30:38.9860000,429
2026-05-25T15:30:40.0270000,424
2026-05-25T15:30:41.0670000,424
2026-05-25T15:30:42.1080000,430
2026-05-25T15:30:43.1600000,423
2026-05-25T15:30:44.2000000,446
2026-05-25T15:30:45.2410000,423
2026-05-25T15:30:46.2820000,427
2026-05-25T15:30:47.3230000,433
2026-05-25T15:30:48.3740000,430
2026-05-25T15:30:49.4150000,424
2026-05-25T15:30:50.4560000,422
2026-05-25T15:30:51.4960000,421
2026-05-25T15:30:52.5370000,415
2026-05-25T15:30:53.5780000,415
2026-05-25T15:30:54.6290000,439
2026-05-25T15:30:55.6700000,416
2026-05-25T15:30:56.7110000,417
2026-05-25T15:30:57.7510000,421
2026-05-25T15:30:58.7920000,434
2026-05-25T15:30:59.8330000,419
2026-05-25T15:31:00.8840000,412
2026-05-25T15:31:01.9250000,439
2026-05-25T15:31:02.9620000,433
2026-05-25T15:31:04.0030000,430
2026-05-25T15:31:05.0540000,415
2026-05-25T15:31:06.0950000,409
2026-05-25T15:31:07.1360000,426
2026-05-25T15:31:08.1770000,421
2026-05-25T15:31:09.2180000,434
2026-05-25T15:31:10.2580000,427
2026-05-25T15:31:11.3100000,418
2026-05-25T15:31:12.3500000,435
2026-05-25T15:31:13.3910000,423
2026-05-25T15:31:14.4320000,427
2026-05-25T15:31:15.4730000,428
2026-05-25T15:31:16.5240000,420
2026-05-25T15:31:17.5650000,429
2026-05-25T15:31:18.6050000,426
2026-05-25T15:31:19.6460000,426
2026-05-25T15:31:20.6870000,427
2026-05-25T15:31:21.7280000,417
2026-05-25T15:31:22.7790000,435
2026-05-25T15:31:23.8200000,421
2026-05-25T15:31:24.8610000,423
2026-05-25T15:31:25.9010000,422
2026-05-25T15:31:26.9420000,430
2026-05-25T15:31:27.9830000,423
2026-05-25T15:31:29.0340000,433
2026-05-25T15:31:30.0680000,427
2026-05-25T15:31:31.1190000,412
2026-05-25T15:31:32.1600000,428
2026-05-25T15:31:33.2010000,428
2026-05-25T15:31:34.2420000,420
2026-05-25T15:31:35.2830000,447
2026-05-25T15:31:36.3340000,437
2026-05-25T15:31:37.3750000,430
2026-05-25T15:31:38.4150000,425
2026-05-25T15:31:39.4560000,422
2026-05-25T15:31:40.4970000,432
2026-05-25T15:31:41.5370000,424
2026-05-25T15:31:42.5890000,429
2026-05-25T15:31:43.6290000,437
2026-05-25T15:31:44.6700000,426
2026-05-25T15:31:45.7110000,436
2026-05-25T15:31:46.7510000,427
2026-05-25T15:31:47.8030000,418
2026-05-25T15:31:48.8430000,438
2026-05-25T15:31:49.8840000,428
2026-05-25T15:31:50.9250000,431
2026-05-25T15:31:51.9660000,422
2026-05-25T15:31:53.0070000,418
2026-05-25T15:31:54.0580000,430
2026-05-25T15:31:55.0990000,445
2026-05-25T15:31:56.1400000,444
2026-05-25T15:31:57.1800000,421
2026-05-25T15:31:58.2210000,432
2026-05-25T15:31:59.2620000,422
2026-05-25T15:32:00.3130000,420
2026-05-25T15:32:01.3540000,422
2026-05-25T15:32:02.3950000,433
2026-05-25T15:32:03.4350000,431
2026-05-25T15:32:04.4760000,424
2026-05-25T15:32:05.5270000,425
2026-05-25T15:32:06.5680000,429
2026-05-25T15:32:07.6090000,429
2026-05-25T15:32:08.6490000,412
2026-05-25T15:32:09.6900000,432
2026-05-25T15:32:10.7310000,430
2026-05-25T15:32:11.7820000,431
2026-05-25T15:32:12.8230000,425
2026-05-25T15:32:13.8640000,434
2026-05-25T15:32:14.9050000,423
2026-05-25T15:32:15.9460000,429
2026-05-25T15:32:16.9860000,427
2026-05-25T15:32:18.0380000,409
2026-05-25T15:32:19.0780000,421
2026-05-25T15:32:20.1190000,415
2026-05-25T15:32:21.1600000,420
2026-05-25T15:32:22.2010000,435
2026-05-25T15:32:23.2520000,426
2026-05-25T15:32:24.2930000,425
2026-05-25T15:32:25.3370000,418
2026-05-25T15:32:26.3770000,434
2026-05-25T15:32:27.4180000,424
2026-05-25T15:32:28.4590000,410
2026-05-25T15:32:29.5000000,414
2026-05-25T15:32:30.5510000,424
2026-05-25T15:32:31.5920000,427
2026-05-25T15:32:32.6330000,434
2026-05-25T15:32:33.6730000,418
2026-05-25T15:32:34.7140000,418
2026-05-25T15:32:35.7550000,434
2026-05-25T15:32:36.8060000,422
2026-05-25T15:32:37.8470000,425
2026-05-25T15:32:38.8880000,407
2026-05-25T15:32:39.9290000,412
2026-05-25T15:32:40.9690000,410
2026-05-25T15:32:42.0210000,424
2026-05-25T15:32:43.0610000,425
2026-05-25T15:32:44.1020000,422
2026-05-25T15:32:45.1430000,415
2026-05-25T15:32:46.1840000,416
2026-05-25T15:32:47.2350000,422
2026-05-25T15:32:48.2760000,417
2026-05-25T15:32:49.3160000,419
2026-05-25T15:32:50.3570000,430
2026-05-25T15:32:51.3980000,416
2026-05-25T15:32:52.4490000,417
2026-05-25T15:32:53.4830000,430
2026-05-25T15:32:54.5340000,409
2026-05-25T15:32:55.5750000,418
2026-05-25T15:32:56.6160000,421
2026-05-25T15:32:57.6560000,422
2026-05-25T15:32:58.6970000,425
2026-05-25T15:32:59.7380000,427
2026-05-25T15:33:00.7890000,422
2026-05-25T15:33:01.8300000,424
2026-05-25T15:33:02.8710000,405
2026-05-25T15:33:03.9120000,426
2026-05-25T15:33:04.9530000,425
2026-05-25T15:33:06.0040000,425
2026-05-25T15:33:07.0450000,429
2026-05-25T15:33:08.0850000,417
2026-05-25T15:33:09.1260000,429
2026-05-25T15:33:10.1670000,414
2026-05-25T15:33:11.2180000,411
2026-05-25T15:33:12.2590000,404
2026-05-25T15:33:13.2990000,427
2026-05-25T15:33:14.3400000,413
2026-05-25T15:33:15.3810000,420
2026-05-25T15:33:16.4320000,417
2026-05-25T15:33:17.4730000,429
2026-05-25T15:33:18.5140000,417
2026-05-25T15:33:19.5550000,422
2026-05-25T15:33:21.6400000,400
2026-05-25T15:33:22.6810000,420
2026-05-25T15:33:23.7320000,416
2026-05-25T15:33:24.7730000,424
2026-05-25T15:33:25.8140000,409
2026-05-25T15:33:26.8550000,420
2026-05-25T15:33:27.8950000,411
2026-05-25T15:33:28.9360000,413
2026-05-25T15:33:29.9870000,425
2026-05-25T15:33:31.0280000,408
2026-05-25T15:33:32.0690000,411
2026-05-25T15:33:33.1100000,414
2026-05-25T15:33:34.1540000,412
2026-05-25T15:33:35.1950000,424
2026-05-25T15:33:36.2460000,411
2026-05-25T15:33:37.2870000,415
2026-05-25T15:33:38.3270000,417
2026-05-25T15:33:39.3680000,406
2026-05-25T15:33:40.4090000,408
2026-05-25T15:33:41.4600000,413
2026-05-25T15:33:42.5010000,414
2026-05-25T15:33:43.5410000,414
2026-05-25T15:33:44.5820000,428
2026-05-25T15:33:45.6230000,414
2026-05-25T15:33:46.6640000,402
2026-05-25T15:33:47.7150000,421
2026-05-25T15:33:48.7490000,410
2026-05-25T15:33:49.8000000,422
2026-05-25T15:33:50.8410000,420
2026-05-25T15:33:51.8820000,400
2026-05-25T15:33:52.9220000,414
2026-05-25T15:33:53.9630000,417
2026-05-25T15:33:55.0150000,414
2026-05-25T15:33:56.0550000,420
2026-05-25T15:33:57.0960000,421
2026-05-25T15:33:58.1370000,417
2026-05-25T15:33:59.1780000,402
2026-05-25T15:34:00.2290000,411
2026-05-25T15:34:01.2700000,420
2026-05-25T15:34:02.3140000,414
2026-05-25T15:34:03.3550000,412
2026-05-25T15:34:04.3950000,408
2026-05-25T15:34:05.4360000,430
2026-05-25T15:34:06.4770000,417
2026-05-25T15:34:07.5280000,427
2026-05-25T15:34:08.5690000,409
2026-05-25T15:34:09.6100000,413
2026-05-25T15:34:10.6510000,416
2026-05-25T15:34:11.6910000,425
2026-05-25T15:34:12.7430000,410
2026-05-25T15:34:13.7830000,400
2026-05-25T15:34:14.8240000,416
2026-05-25T15:34:15.8650000,410
2026-05-25T15:34:16.9060000,400
2026-05-25T15:34:17.9570000,413
2026-05-25T15:34:18.9980000,404
2026-05-25T15:34:20.0380000,418
2026-05-25T15:34:21.0790000,403
2026-05-25T15:34:22.1200000,411
2026-05-25T15:34:23.1710000,400
2026-05-25T15:34:24.2120000,418
2026-05-25T15:34:25.2530000,417
2026-05-25T15:34:26.2930000,416
2026-05-25T15:34:27.3340000,415
2026-05-25T15:34:28.3750000,421
2026-05-25T15:34:29.4190000,414
2026-05-25T15:34:30.4600000,410
2026-05-25T15:34:31.5110000,413
2026-05-25T15:34:32.5520000,421
2026-05-25T15:34:33.5930000,416
2026-05-25T15:34:34.6340000,416
2026-05-25T15:34:35.6740000,415
2026-05-25T15:34:36.7260000,413
2026-05-25T15:34:37.7660000,409
2026-05-25T15:34:38.8070000,400
2026-05-25T15:34:39.8480000,402
2026-05-25T15:34:40.8890000,414
2026-05-25T15:34:41.9400000,427
2026-05-25T15:34:42.9810000,422
2026-05-25T15:34:44.0250000,422
2026-05-25T15:34:45.0660000,414
2026-05-25T15:34:46.1070000,410
2026-05-25T15:34:47.1470000,416
2026-05-25T15:34:48.1880000,425
2026-05-25T15:34:49.2390000,417
2026-05-25T15:34:50.2800000,425
2026-05-25T15:34:51.3210000,420
2026-05-25T15:34:52.3620000,405
2026-05-25T15:34:53.4030000,413
2026-05-25T15:34:54.4540000,421
2026-05-25T15:34:55.4950000,401
2026-05-25T15:34:56.5350000,423
2026-05-25T15:34:57.5760000,428
2026-05-25T15:34:58.6170000,423
2026-05-25T15:34:59.6580000,418
2026-05-25T15:35:00.7090000,416
2026-05-25T15:35:01.7500000,409
2026-05-25T15:35:02.7900000,418
2026-05-25T15:35:03.8310000,404
2026-05-25T15:35:04.8720000,413
2026-05-25T15:35:05.9240000,412
2026-05-25T15:35:06.9640000,417
2026-05-25T15:35:08.0050000,418
2026-05-25T15:35:09.0460000,424
2026-05-25T15:35:10.0860000,419
2026-05-25T15:35:11.1300000,407
2026-05-25T15:35:12.1710000,413
2026-05-25T15:35:13.2230000,406
2026-05-25T15:35:14.2640000,421
2026-05-25T15:35:15.3070000,411
2026-05-25T15:35:16.3480000,406
2026-05-25T15:35:17.3880000,404
2026-05-25T15:35:18.4290000,413
2026-05-25T15:35:19.4700000,416
2026-05-25T15:35:20.5210000,406
2026-05-25T15:35:21.5620000,403
2026-05-25T15:35:22.6030000,424
2026-05-25T15:35:23.6440000,411
2026-05-25T15:35:24.6910000,410
2026-05-25T15:35:25.7320000,414
2026-05-25T15:35:26.7730000,419
2026-05-25T15:35:27.8140000,411
2026-05-25T15:35:28.8540000,425
2026-05-25T15:35:29.9060000,418
2026-05-25T15:35:30.9460000,407
2026-05-25T15:35:31.9870000,415
2026-05-25T15:35:33.0280000,412
2026-05-25T15:35:34.0690000,416
2026-05-25T15:35:35.1200000,416
2026-05-25T15:35:36.1610000,425
2026-05-25T15:35:37.2020000,410
2026-05-25T15:35:38.2420000,418
2026-05-25T15:35:39.2830000,416
2026-05-25T15:35:40.3340000,410
2026-05-25T15:35:41.3750000,421
2026-05-25T15:35:42.4160000,418
2026-05-25T15:35:43.4570000,405
2026-05-25T15:35:44.4970000,407
2026-05-25T15:35:45.5490000,410
2026-05-25T15:35:46.5890000,414
2026-05-25T15:35:47.6300000,406
2026-05-25T15:35:48.6710000,421
2026-05-25T15:35:49.7120000,411
2026-05-25T15:35:50.7630000,421
2026-05-25T15:35:51.8040000,404
2026-05-25T15:35:52.8450000,414
2026-05-25T15:35:53.8860000,414
2026-05-25T15:35:54.9260000,400
2026-05-25T15:35:55.9670000,416
2026-05-25T15:35:57.0180000,411
2026-05-25T15:35:58.0590000,416
2026-05-25T15:35:59.1000000,419
2026-05-25T15:36:00.1410000,400
2026-05-25T15:36:01.1810000,420
2026-05-25T15:36:02.2330000,407
2026-05-25T15:36:03.2730000,414
2026-05-25T15:36:04.3140000,411
2026-05-25T15:36:05.3550000,402
2026-05-25T15:36:06.3960000,416
2026-05-25T15:36:07.4470000,406
2026-05-25T15:36:08.4880000,415
2026-05-25T15:36:09.5280000,414
2026-05-25T15:36:10.5690000,414
2026-05-25T15:36:11.6100000,412
2026-05-25T15:36:12.6610000,407
2026-05-25T15:36:13.7020000,408
2026-05-25T15:36:14.7430000,400
2026-05-25T15:36:15.7840000,408
2026-05-25T15:36:16.8240000,409
2026-05-25T15:36:17.8650000,421
2026-05-25T15:36:18.9160000,420
2026-05-25T15:36:19.9570000,413
2026-05-25T15:36:20.9980000,409
2026-05-25T15:36:22.0380000,422
2026-05-25T15:36:23.0790000,409
2026-05-25T15:36:24.1300000,410
2026-05-25T15:36:25.1720000,400
2026-05-25T15:36:26.2120000,420
2026-05-25T15:36:27.2530000,414
2026-05-25T15:36:28.2940000,400
2026-05-25T15:36:29.3450000,412
2026-05-25T15:36:30.3860000,402
2026-05-25T15:36:31.4270000,414
2026-05-25T15:36:32.4670000,413
2026-05-25T15:36:33.5080000,410
2026-05-25T15:36:34.5590000,412
2026-05-25T15:36:35.6000000,413
2026-05-25T15:36:36.6410000,408
2026-05-25T15:36:37.6820000,417
2026-05-25T15:36:38.7230000,422
2026-05-25T15:36:39.7740000,414
2026-05-25T15:36:40.8150000,414
2026-05-25T15:36:41.8550000,400
2026-05-25T15:36:42.8960000,422
2026-05-25T15:36:43.9370000,413
2026-05-25T15:36:44.9880000,400
2026-05-25T15:36:46.0290000,416
2026-05-25T15:36:47.0700000,409
2026-05-25T15:36:48.1140000,408
2026-05-25T15:36:49.1550000,401
2026-05-25T15:36:50.1950000,406
2026-05-25T15:36:51.2360000,412
2026-05-25T15:36:52.2870000,407
2026-05-25T15:36:53.3280000,405
2026-05-25T15:36:54.3690000,416
2026-05-25T15:36:55.4090000,400
2026-05-25T15:36:56.4500000,413
2026-05-25T15:36:57.5020000,411
2026-05-25T15:36:58.5420000,409
2026-05-25T15:36:59.5830000,400
2026-05-25T15:37:00.6240000,415
2026-05-25T15:37:01.6650000,423
2026-05-25T15:37:02.7160000,427
2026-05-25T15:37:03.7570000,406
2026-05-25T15:37:04.7980000,412
2026-05-25T15:37:05.8380000,414
2026-05-25T15:37:06.8790000,414
2026-05-25T15:37:07.9300000,416
2026-05-25T15:37:08.9710000,405
2026-05-25T15:37:10.0110000,408
2026-05-25T15:37:11.0520000,415
2026-05-25T15:37:12.0930000,406
2026-05-25T15:37:13.1440000,413
2026-05-25T15:37:14.1850000,404
2026-05-25T15:37:15.2290000,408
2026-05-25T15:37:16.2700000,422
2026-05-25T15:37:17.3110000,408
2026-05-25T15:37:18.3510000,405
2026-05-25T15:37:19.3920000,426
2026-05-25T15:37:20.4440000,400
2026-05-25T15:37:21.4840000,412
2026-05-25T15:37:22.5250000,412
2026-05-25T15:37:23.5660000,408
2026-05-25T15:37:24.6070000,410
2026-05-25T15:37:25.6480000,401
2026-05-25T15:37:26.6990000,404
2026-05-25T15:37:27.7400000,407
2026-05-25T15:37:28.7800000,409
2026-05-25T15:37:29.8210000,420
2026-05-25T15:37:30.8620000,405
2026-05-25T15:37:31.9130000,412
2026-05-25T15:37:32.9540000,409
2026-05-25T15:37:33.9950000,401
2026-05-25T15:37:35.0360000,432
2026-05-25T15:37:36.0760000,412
2026-05-25T15:37:37.1280000,412
2026-05-25T15:37:38.1680000,405
2026-05-25T15:37:39.2090000,404
2026-05-25T15:37:40.2500000,414
2026-05-25T15:37:41.2910000,404
2026-05-25T15:37:42.3420000,411
2026-05-25T15:37:43.3830000,400
2026-05-25T15:37:44.4230000,407
2026-05-25T15:37:45.4640000,407
2026-05-25T15:37:46.5050000,417
2026-05-25T15:37:47.5560000,400
2026-05-25T15:37:48.5970000,400
2026-05-25T15:37:49.6380000,413
2026-05-25T15:37:50.6790000,420
2026-05-25T15:37:51.7190000,414
2026-05-25T15:37:52.7710000,401
2026-05-25T15:37:53.8110000,403
2026-05-25T15:37:54.8520000,400
2026-05-25T15:37:55.8930000,415
2026-05-25T15:37:56.9410000,409
2026-05-25T15:37:57.9810000,412
2026-05-25T15:37:59.0220000,404
2026-05-25T15:38:00.0630000,400
2026-05-25T15:38:01.1040000,412
2026-05-25T15:38:02.1550000,406
2026-05-25T15:38:03.1960000,400
2026-05-25T15:38:04.2370000,405
2026-05-25T15:38:05.2770000,400
2026-05-25T15:38:06.3180000,421
2026-05-25T15:38:07.3690000,409
2026-05-25T15:38:08.4100000,402
2026-05-25T15:38:09.4510000,406
2026-05-25T15:38:10.4920000,419
2026-05-25T15:38:11.5320000,429
2026-05-25T15:38:12.5840000,407
2026-05-25T15:38:13.6240000,415
2026-05-25T15:38:14.6650000,413
2026-05-25T15:38:15.7060000,402
2026-05-25T15:38:16.7470000,408
2026-05-25T15:38:17.7980000,403
2026-05-25T15:38:18.8390000,421
2026-05-25T15:38:19.8790000,408
2026-05-25T15:38:20.9200000,408
2026-05-25T15:38:21.9610000,406
2026-05-25T15:38:23.0120000,417
2026-05-25T15:38:24.0530000,404
2026-05-25T15:38:25.0940000,410
2026-05-25T15:38:26.1340000,401
2026-05-25T15:38:27.1750000,421
2026-05-25T15:38:28.2270000,427
2026-05-25T15:38:29.2670000,401
2026-05-25T15:38:30.3080000,414
2026-05-25T15:38:31.3490000,400
2026-05-25T15:38:32.3900000,409
2026-05-25T15:38:33.4410000,417
2026-05-25T15:38:34.4820000,418
2026-05-25T15:38:35.5230000,421
2026-05-25T15:38:36.5630000,406
2026-05-25T15:38:37.6040000,401
2026-05-25T15:38:38.6450000,421
2026-05-25T15:38:39.6960000,415
2026-05-25T15:38:40.7370000,410
2026-05-25T15:38:41.7770000,400
2026-05-25T15:38:42.8180000,416
2026-05-25T15:38:43.8590000,414
2026-05-25T15:38:44.9130000,404
2026-05-25T15:38:45.9540000,405
2026-05-25T15:38:46.9940000,400
2026-05-25T15:38:48.0350000,412
2026-05-25T15:38:49.0760000,404
2026-05-25T15:38:50.1170000,405
2026-05-25T15:38:51.1680000,401
2026-05-25T15:38:52.2010000,414
2026-05-25T15:38:53.2530000,421
2026-05-25T15:38:54.2940000,406
2026-05-25T15:38:55.3350000,413
2026-05-25T15:38:56.3750000,425
2026-05-25T15:38:57.4160000,400
2026-05-25T15:38:58.4680000,419
2026-05-25T15:38:59.5080000,412
2026-05-25T15:39:00.5490000,411
2026-05-25T15:39:01.5900000,417
2026-05-25T15:39:02.6310000,407
2026-05-25T15:39:03.6820000,412
2026-05-25T15:39:04.7230000,411
2026-05-25T15:39:05.7630000,424
2026-05-25T15:39:06.8040000,412
2026-05-25T15:39:07.8450000,407
2026-05-25T15:39:08.8960000,416
2026-05-25T15:39:09.9370000,407
2026-05-25T15:39:10.9780000,404
2026-05-25T15:39:12.0190000,415
2026-05-25T15:39:13.0590000,403
2026-05-25T15:39:14.1110000,416
2026-05-25T15:39:15.1520000,408
2026-05-25T15:39:16.1920000,400
2026-05-25T15:39:17.2330000,400
2026-05-25T15:39:18.2740000,404
2026-05-25T15:39:19.3250000,416
2026-05-25T15:39:20.3660000,406
2026-05-25T15:39:21.4070000,415
2026-05-25T15:39:22.4480000,406
2026-05-25T15:39:23.4890000,410
2026-05-25T15:39:24.5400000,407
2026-05-25T15:39:25.5810000,400
2026-05-25T15:39:26.6210000,411
2026-05-25T15:39:27.6620000,408
2026-05-25T15:39:28.7030000,414
2026-05-25T15:39:29.7540000,416
2026-05-25T15:39:30.7950000,411
2026-05-25T15:39:31.8350000,418
2026-05-25T15:39:32.8800000,411
2026-05-25T15:39:33.9210000,419
2026-05-25T15:39:34.9620000,429
2026-05-25T15:39:36.0020000,400
2026-05-25T15:39:37.0540000,405
2026-05-25T15:39:38.0950000,409
2026-05-25T15:39:39.1360000,400
2026-05-25T15:39:40.1770000,413
2026-05-25T15:39:41.2170000,404
2026-05-25T15:39:42.2690000,402
2026-05-25T15:39:43.3090000,408
2026-05-25T15:39:44.3500000,420
2026-05-25T15:39:45.3910000,400
2026-05-25T15:39:46.4320000,400
2026-05-25T15:39:47.4760000,400
2026-05-25T15:39:48.5170000,409
2026-05-25T15:39:49.5680000,425
2026-05-25T15:39:50.6090000,412
2026-05-25T15:39:51.6500000,417
2026-05-25T15:39:52.6900000,404
2026-05-25T15:39:53.7310000,413
2026-05-25T15:39:54.7820000,400
2026-05-25T15:39:55.8230000,404
2026-05-25T15:39:56.8640000,406
2026-05-25T15:39:57.9050000,412
2026-05-25T15:39:58.9460000,416
2026-05-25T15:39:59.9860000,403
2026-05-25T15:40:01.0380000,406
2026-05-25T15:40:02.0780000,402
2026-05-25T15:40:03.1190000,410
2026-05-25T15:40:04.1600000,402
2026-05-25T15:40:05.2010000,405
2026-05-25T15:40:06.2520000,400
2026-05-25T15:40:07.2930000,408
2026-05-25T15:40:08.3340000,419
2026-05-25T15:40:09.3750000,409
2026-05-25T15:40:10.4160000,404
2026-05-25T15:40:11.4670000,408
2026-05-25T15:40:12.5080000,414
2026-05-25T15:40:13.5480000,400
2026-05-25T15:40:14.5890000,403
2026-05-25T15:40:15.6300000,409
2026-05-25T15:40:16.6810000,405
2026-05-25T15:40:17.7220000,400
2026-05-25T15:40:18.7620000,409
2026-05-25T15:40:19.8030000,404
2026-05-25T15:40:20.8440000,400
2026-05-25T15:40:21.8950000,404
2026-05-25T15:40:22.9360000,407
2026-05-25T15:40:23.9770000,400
2026-05-25T15:40:25.0180000,407
2026-05-25T15:40:26.0590000,400
2026-05-25T15:40:27.1100000,415
2026-05-25T15:40:28.1510000,400
2026-05-25T15:40:29.1910000,409
2026-05-25T15:40:30.2320000,406
2026-05-25T15:40:31.2730000,400
2026-05-25T15:40:32.3240000,403
2026-05-25T15:40:33.3650000,404
2026-05-25T15:40:34.4060000,412
2026-05-25T15:40:35.4470000,411
2026-05-25T15:40:36.4880000,400
2026-05-25T15:40:37.5390000,410
2026-05-25T15:40:38.5800000,402
2026-05-25T15:40:39.6200000,400
2026-05-25T15:40:40.6610000,404
2026-05-25T15:40:41.7020000,408
2026-05-25T15:40:42.7530000,406
2026-05-25T15:40:43.7940000,400
2026-05-25T15:40:44.8350000,400
2026-05-25T15:40:45.8760000,410
2026-05-25T15:40:46.9160000,410
2026-05-25T15:40:47.9570000,415
2026-05-25T15:40:49.0090000,413
2026-05-25T15:40:50.0490000,417
2026-05-25T15:40:51.0900000,400
2026-05-25T15:40:52.1310000,401
2026-05-25T15:40:53.1720000,413
2026-05-25T15:40:54.2230000,404
2026-05-25T15:40:55.2640000,400
2026-05-25T15:40:56.3050000,404
2026-05-25T15:40:57.3460000,400
2026-05-25T15:40:58.3870000,414
2026-05-25T15:40:59.4380000,400
2026-05-25T15:41:00.4790000,408
2026-05-25T15:41:01.5190000,415
2026-05-25T15:41:02.5600000,400
2026-05-25T15:41:03.6010000,424
2026-05-25T15:41:04.6520000,409
2026-05-25T15:41:05.6930000,426
2026-05-25T15:41:06.7340000,420
2026-05-25T15:41:07.7750000,411
2026-05-25T15:41:08.8150000,406
2026-05-25T15:41:09.8560000,410
2026-05-25T15:41:10.9070000,408
2026-05-25T15:41:11.9480000,407
2026-05-25T15:41:12.9890000,405
2026-05-25T15:41:14.0300000,414
2026-05-25T15:41:15.0710000,418
2026-05-25T15:41:16.1220000,414
2026-05-25T15:41:17.1630000,410
2026-05-25T15:41:18.2040000,409
2026-05-25T15:41:19.2440000,418
2026-05-25T15:41:20.2850000,416
2026-05-25T15:41:21.3370000,408
2026-05-25T15:41:22.3770000,420
2026-05-25T15:41:23.4180000,422
2026-05-25T15:41:24.4590000,413
2026-05-25T15:41:25.5000000,417
2026-05-25T15:41:26.5510000,415
2026-05-25T15:41:27.5920000,412
2026-05-25T15:41:28.6320000,416
2026-05-25T15:41:29.6730000,408
2026-05-25T15:41:30.7140000,412
2026-05-25T15:41:31.7650000,404
2026-05-25T15:41:32.8060000,417
2026-05-25T15:41:33.8470000,416
2026-05-25T15:41:34.8880000,416
2026-05-25T15:41:35.9280000,413
2026-05-25T15:41:38.0210000,412
2026-05-25T15:41:39.0610000,421
2026-05-25T15:41:40.1020000,431
2026-05-25T15:41:41.1430000,414
2026-05-25T15:41:42.1840000,410
2026-05-25T15:41:43.2350000,417
2026-05-25T15:41:44.2760000,426
2026-05-25T15:41:45.3170000,403
2026-05-25T15:41:46.3580000,420
2026-05-25T15:41:47.3980000,418
2026-05-25T15:41:48.4500000,429
2026-05-25T15:41:49.4900000,407
2026-05-25T15:41:50.5310000,420
2026-05-25T15:41:51.5720000,415
2026-05-25T15:41:52.6120000,424
2026-05-25T15:41:53.6640000,426
2026-05-25T15:41:54.7040000,424
2026-05-25T15:41:55.7450000,417
2026-05-25T15:41:56.7860000,421
2026-05-25T15:41:57.8270000,418
2026-05-25T15:41:58.8670000,433
2026-05-25T15:41:59.9190000,404
2026-05-25T15:42:00.9600000,431
2026-05-25T15:42:02.0000000,433
2026-05-25T15:42:03.0410000,428
2026-05-25T15:42:04.0820000,429
2026-05-25T15:42:05.1340000,429
2026-05-25T15:42:06.1750000,427
2026-05-25T15:42:07.2150000,437
2026-05-25T15:42:08.2560000,428
2026-05-25T15:42:09.2970000,433
2026-05-25T15:42:10.3480000,433
2026-05-25T15:42:11.3890000,433
2026-05-25T15:42:12.4300000,432
2026-05-25T15:42:13.4700000,413
2026-05-25T15:42:14.5110000,437
2026-05-25T15:42:15.5630000,426
2026-05-25T15:42:16.6030000,439
2026-05-25T15:42:17.6440000,415
2026-05-25T15:42:18.6850000,438
2026-05-25T15:42:19.7250000,434
2026-05-25T15:42:20.7770000,435
2026-05-25T15:42:21.8180000,443
2026-05-25T15:42:22.8580000,420
2026-05-25T15:42:23.8990000,421
2026-05-25T15:42:24.9400000,431
2026-05-25T15:42:25.9810000,420
2026-05-25T15:42:27.0320000,426
2026-05-25T15:42:28.0730000,419
2026-05-25T15:42:29.1140000,434
2026-05-25T15:42:30.1540000,424
2026-05-25T15:42:31.1950000,431
2026-05-25T15:42:32.2460000,433
2026-05-25T15:42:33.2870000,438
2026-05-25T15:42:34.3280000,445
2026-05-25T15:42:35.3690000,416
2026-05-25T15:42:36.4090000,422
2026-05-25T15:42:37.4610000,432
2026-05-25T15:42:38.5010000,435
2026-05-25T15:42:39.5420000,429
2026-05-25T15:42:40.5830000,422
2026-05-25T15:42:41.6240000,424
2026-05-25T15:42:42.6750000,427
2026-05-25T15:42:43.7160000,417
2026-05-25T15:42:44.7560000,429
2026-05-25T15:42:45.7970000,429
2026-05-25T15:42:46.8380000,443
2026-05-25T15:42:47.8890000,426
2026-05-25T15:42:48.9300000,420
2026-05-25T15:42:49.9710000,427
2026-05-25T15:42:51.0120000,431
2026-05-25T15:42:52.0530000,431
2026-05-25T15:42:53.1040000,426
2026-05-25T15:42:54.1450000,435
2026-05-25T15:42:55.1860000,430
2026-05-25T15:42:56.2260000,440
2026-05-25T15:42:57.2670000,437
2026-05-25T15:42:58.3080000,424
2026-05-25T15:42:59.3590000,425
2026-05-25T15:43:00.4000000,430
2026-05-25T15:43:01.4410000,435
2026-05-25T15:43:02.4810000,433
2026-05-25T15:43:03.5220000,431
2026-05-25T15:43:04.5730000,441
2026-05-25T15:43:05.6150000,437
2026-05-25T15:43:06.6560000,435
2026-05-25T15:43:07.6960000,422
2026-05-25T15:43:08.7370000,450
2026-05-25T15:43:09.7880000,434
2026-05-25T15:43:10.8290000,427
2026-05-25T15:43:11.8700000,427
2026-05-25T15:43:12.9110000,430
2026-05-25T15:43:13.9590000,443
2026-05-25T15:43:15.0000000,434
2026-05-25T15:43:16.0400000,429
2026-05-25T15:43:17.0810000,429
2026-05-25T15:43:18.1220000,430
2026-05-25T15:43:19.1730000,416
2026-05-25T15:43:20.2140000,433
2026-05-25T15:43:21.2550000,430
2026-05-25T15:43:22.2960000,427
2026-05-25T15:43:23.3360000,429
2026-05-25T15:43:24.3870000,438
2026-05-25T15:43:25.4280000,424
2026-05-25T15:43:26.4690000,446
2026-05-25T15:43:27.5100000,419
2026-05-25T15:43:28.5500000,424
2026-05-25T15:43:29.5910000,445
2026-05-25T15:43:30.6430000,434
2026-05-25T15:43:31.6830000,442
2026-05-25T15:43:32.7240000,423
2026-05-25T15:43:33.7650000,437
2026-05-25T15:43:34.8060000,433
2026-05-25T15:43:35.8570000,438
2026-05-25T15:43:36.8980000,443
2026-05-25T15:43:37.9390000,431
2026-05-25T15:43:38.9790000,434
2026-05-25T15:43:40.0200000,433
2026-05-25T15:43:41.0610000,426
2026-05-25T15:43:42.1120000,445
2026-05-25T15:43:43.1530000,424
2026-05-25T15:43:44.1940000,430
2026-05-25T15:43:45.2350000,444
2026-05-25T15:43:46.2760000,433
2026-05-25T15:43:47.3270000,430
2026-05-25T15:43:48.3680000,433
2026-05-25T15:43:49.4080000,423
2026-05-25T15:43:50.4490000,431
2026-05-25T15:43:51.4900000,439
2026-05-25T15:43:52.5410000,420
2026-05-25T15:43:53.5820000,423
2026-05-25T15:43:54.6260000,441
2026-05-25T15:43:55.6670000,432
2026-05-25T15:43:56.7080000,423
2026-05-25T15:43:57.7490000,431
2026-05-25T15:43:58.7900000,430
2026-05-25T15:43:59.8410000,423
2026-05-25T15:44:00.8820000,428
2026-05-25T15:44:01.9230000,433
2026-05-25T15:44:02.9630000,426
2026-05-25T15:44:04.0040000,420
2026-05-25T15:44:05.0550000,438
2026-05-25T15:44:06.0960000,435
2026-05-25T15:44:07.1370000,414
2026-05-25T15:44:08.1780000,432
2026-05-25T15:44:09.2180000,415
2026-05-25T15:44:10.2700000,433
2026-05-25T15:44:11.3100000,435
2026-05-25T15:44:12.3510000,438
2026-05-25T15:44:13.3920000,444
2026-05-25T15:44:14.4330000,427
2026-05-25T15:44:15.4740000,429
2026-05-25T15:44:16.5250000,441
2026-05-25T15:44:17.5660000,433
2026-05-25T15:44:18.6070000,422
2026-05-25T15:44:19.6470000,409
2026-05-25T15:44:20.6880000,431
2026-05-25T15:44:21.7400000,414
2026-05-25T15:44:22.7800000,424
2026-05-25T15:44:23.8210000,428
2026-05-25T15:44:24.8620000,430
2026-05-25T15:44:25.9030000,430
2026-05-25T15:44:26.9540000,421
2026-05-25T15:44:27.9950000,420
2026-05-25T15:44:29.0360000,421
2026-05-25T15:44:30.0760000,431
2026-05-25T15:44:31.1170000,430
2026-05-25T15:44:32.1580000,419
2026-05-25T15:44:33.2090000,421
2026-05-25T15:44:34.2500000,424
2026-05-25T15:44:35.2910000,427
2026-05-25T15:44:36.3310000,438
2026-05-25T15:44:37.3720000,429
2026-05-25T15:44:38.4230000,433
2026-05-25T15:44:39.4640000,418
2026-05-25T15:44:40.5050000,421
2026-05-25T15:44:41.5450000,433
2026-05-25T15:44:42.5860000,419
2026-05-25T15:44:43.6370000,443
2026-05-25T15:44:44.6780000,428
2026-05-25T15:44:45.7190000,421
2026-05-25T15:44:46.7600000,417
2026-05-25T15:44:47.8010000,431
2026-05-25T15:44:48.8520000,422
2026-05-25T15:44:49.8930000,415
2026-05-25T15:44:50.9330000,421
2026-05-25T15:44:51.9740000,423
2026-05-25T15:44:53.0150000,438
2026-05-25T15:44:54.0660000,431
2026-05-25T15:44:55.1070000,415
2026-05-25T15:44:56.1480000,426
2026-05-25T15:44:57.1890000,407
2026-05-25T15:44:58.2290000,429
2026-05-25T15:44:59.2810000,423
2026-05-25T15:45:00.3210000,421
2026-05-25T15:45:01.3620000,408
2026-05-25T15:45:02.4030000,411
2026-05-25T15:45:03.4470000,410
2026-05-25T15:45:04.4880000,418
2026-05-25T15:45:05.5290000,400
2026-05-25T15:45:06.5800000,414
2026-05-25T15:45:07.6210000,424
2026-05-25T15:45:08.6620000,418
2026-05-25T15:45:09.7030000,422
2026-05-25T15:45:10.7430000,414
2026-05-25T15:45:11.7840000,408
2026-05-25T15:45:12.8360000,430
2026-05-25T15:45:13.8760000,424
2026-05-25T15:45:14.9170000,429
2026-05-25T15:45:15.9580000,418
2026-05-25T15:45:16.9990000,415
2026-05-25T15:45:18.0430000,423
2026-05-25T15:45:19.0940000,421
2026-05-25T15:45:20.1350000,426
2026-05-25T15:45:21.1750000,416
2026-05-25T15:45:22.2160000,418
2026-05-25T15:45:23.2570000,412
2026-05-25T15:45:24.3080000,436
2026-05-25T15:45:25.3490000,407
2026-05-25T15:45:26.3890000,409
2026-05-25T15:45:27.4300000,410
2026-05-25T15:45:28.4710000,427
2026-05-25T15:45:29.5120000,421
2026-05-25T15:45:30.5630000,427
2026-05-25T15:45:31.6040000,412
2026-05-25T15:45:32.6450000,424
2026-05-25T15:45:33.6860000,416
2026-05-25T15:45:34.7260000,426
2026-05-25T15:45:35.7780000,426
2026-05-25T15:45:36.8180000,434
2026-05-25T15:45:37.8590000,416
2026-05-25T15:45:38.9000000,419
2026-05-25T15:45:39.9410000,424
2026-05-25T15:45:40.9920000,416
2026-05-25T15:45:42.0330000,403
2026-05-25T15:45:43.0740000,417
2026-05-25T15:45:44.1140000,426
2026-05-25T15:45:45.1550000,423
2026-05-25T15:45:46.1960000,410
2026-05-25T15:45:47.2470000,416
2026-05-25T15:45:48.2880000,419
2026-05-25T15:45:49.3290000,421
2026-05-25T15:45:50.3690000,418
2026-05-25T15:45:51.4100000,407
2026-05-25T15:45:52.4610000,433
2026-05-25T15:45:53.5020000,416
2026-05-25T15:45:54.5430000,405
2026-05-25T15:45:55.5840000,408
2026-05-25T15:45:56.6250000,418
2026-05-25T15:45:57.6760000,400
2026-05-25T15:45:58.7170000,422
2026-05-25T15:45:59.7580000,417
2026-05-25T15:46:00.7980000,427
2026-05-25T15:46:01.8390000,435
2026-05-25T15:46:02.8800000,413
2026-05-25T15:46:03.9310000,428
2026-05-25T15:46:04.9720000,419
2026-05-25T15:46:06.0130000,411
2026-05-25T15:46:07.0540000,424
2026-05-25T15:46:08.0940000,402
2026-05-25T15:46:09.1450000,418
2026-05-25T15:46:10.1860000,421
2026-05-25T15:46:11.2270000,421
2026-05-25T15:46:12.2680000,413
2026-05-25T15:46:13.3150000,425
2026-05-25T15:46:14.3560000,417
2026-05-25T15:46:15.3970000,411
2026-05-25T15:46:16.4380000,424
2026-05-25T15:46:17.4790000,414
2026-05-25T15:46:18.5300000,409
2026-05-25T15:46:19.5710000,410
2026-05-25T15:46:20.6110000,407
2026-05-25T15:46:21.6520000,416
2026-05-25T15:46:22.6930000,403
2026-05-25T15:46:23.7440000,420
2026-05-25T15:46:24.7850000,422
2026-05-25T15:46:25.8260000,420
2026-05-25T15:46:26.8670000,420
2026-05-25T15:46:27.9070000,417
2026-05-25T15:46:28.9590000,419
2026-05-25T15:46:29.9990000,413
2026-05-25T15:46:31.0400000,406
2026-05-25T15:46:32.0810000,404
2026-05-25T15:46:33.1210000,421
2026-05-25T15:46:34.1730000,415
2026-05-25T15:46:35.2130000,414
2026-05-25T15:46:36.2540000,425
2026-05-25T15:46:37.2950000,425
2026-05-25T15:46:38.3360000,421
2026-05-25T15:46:39.3870000,423
2026-05-25T15:46:40.4210000,414
2026-05-25T15:46:41.4720000,416
2026-05-25T15:46:42.5130000,406
2026-05-25T15:46:43.5530000,416
2026-05-25T15:46:44.5940000,409
2026-05-25T15:46:45.6350000,420
2026-05-25T15:46:46.6860000,400
2026-05-25T15:46:47.7270000,427
2026-05-25T15:46:48.7680000,424
2026-05-25T15:46:49.8090000,416
2026-05-25T15:46:50.8490000,420
2026-05-25T15:46:51.8900000,412
2026-05-25T15:46:52.9410000,426
2026-05-25T15:46:53.9850000,414
2026-05-25T15:46:55.0260000,401
2026-05-25T15:46:56.0670000,415
2026-05-25T15:46:57.1070000,415
2026-05-25T15:46:58.1480000,407
2026-05-25T15:46:59.2000000,414
2026-05-25T15:47:00.2400000,406
2026-05-25T15:47:01.2810000,422
2026-05-25T15:47:02.3220000,404
2026-05-25T15:47:03.3630000,400
2026-05-25T15:47:04.4040000,414
2026-05-25T15:47:05.4550000,407
2026-05-25T15:47:06.4960000,412
2026-05-25T15:47:07.5370000,407
2026-05-25T15:47:08.5810000,411
2026-05-25T15:47:09.6220000,424
2026-05-25T15:47:10.6630000,413
2026-05-25T15:47:11.7030000,410
2026-05-25T15:47:12.7550000,403
2026-05-25T15:47:13.7960000,416
2026-05-25T15:47:14.8360000,404
2026-05-25T15:47:15.8770000,414
2026-05-25T15:47:16.9180000,413
2026-05-25T15:47:17.9690000,407
2026-05-25T15:47:19.0100000,416
2026-05-25T15:47:20.0510000,414
2026-05-25T15:47:21.0910000,409
2026-05-25T15:47:22.1320000,411
2026-05-25T15:47:23.1840000,400
2026-05-25T15:47:24.2240000,405
2026-05-25T15:47:25.2670000,413
2026-05-25T15:47:26.3080000,409
2026-05-25T15:47:27.3480000,409
2026-05-25T15:47:28.3890000,414
2026-05-25T15:47:29.4400000,401
2026-05-25T15:47:30.4810000,405
2026-05-25T15:47:31.5220000,411
2026-05-25T15:47:32.5630000,416
2026-05-25T15:47:33.6040000,405
2026-05-25T15:47:34.6550000,402
2026-05-25T15:47:35.6960000,412
2026-05-25T15:47:36.7370000,428
2026-05-25T15:47:37.7780000,400
2026-05-25T15:47:38.8180000,403
2026-05-25T15:47:39.8590000,426
2026-05-25T15:47:40.9110000,408
2026-05-25T15:47:41.9510000,400
2026-05-25T15:47:42.9920000,405
2026-05-25T15:47:44.0330000,405
2026-05-25T15:47:45.0730000,408
2026-05-25T15:47:46.1240000,412
2026-05-25T15:47:47.1650000,412
2026-05-25T15:47:48.2060000,418
2026-05-25T15:47:49.2470000,404
2026-05-25T15:47:50.2880000,400
2026-05-25T15:47:51.3390000,410
2026-05-25T15:47:52.3800000,412
2026-05-25T15:47:53.4210000,400
2026-05-25T15:47:54.4610000,400
2026-05-25T15:47:55.5020000,410
2026-05-25T15:47:56.5540000,413
2026-05-25T15:47:57.5940000,408
2026-05-25T15:47:58.6350000,407
2026-05-25T15:47:59.6760000,400
2026-05-25T15:48:00.7170000,425
2026-05-25T15:48:01.7680000,424
2026-05-25T15:48:02.8020000,408
2026-05-25T15:48:03.8530000,404
2026-05-25T15:48:04.8940000,409
2026-05-25T15:48:05.9340000,407
2026-05-25T15:48:06.9750000,423
2026-05-25T15:48:08.0160000,403
2026-05-25T15:48:09.0670000,411
2026-05-25T15:48:10.1080000,421
2026-05-25T15:48:11.1490000,415
2026-05-25T15:48:12.1890000,404
2026-05-25T15:48:13.2300000,404
2026-05-25T15:48:14.2820000,402
2026-05-25T15:48:15.3220000,418
2026-05-25T15:48:16.3630000,414
2026-05-25T15:48:17.4070000,416
2026-05-25T15:48:18.4480000,408
2026-05-25T15:48:19.4890000,413
2026-05-25T15:48:20.5300000,400
2026-05-25T15:48:21.5810000,418
2026-05-25T15:48:22.6220000,418
2026-05-25T15:48:23.6630000,418
2026-05-25T15:48:24.7030000,403
2026-05-25T15:48:25.7440000,410
2026-05-25T15:48:26.7950000,419
2026-05-25T15:48:27.8360000,412
2026-05-25T15:48:28.8770000,400
2026-05-25T15:48:29.9180000,416
2026-05-25T15:48:30.9580000,400
2026-05-25T15:48:32.0090000,418
2026-05-25T15:48:33.0500000,400
2026-05-25T15:48:34.0910000,412
2026-05-25T15:48:35.1320000,414
2026-05-25T15:48:36.1730000,414
2026-05-25T15:48:37.2240000,412
2026-05-25T15:48:38.2650000,417
2026-05-25T15:48:39.3050000,407
2026-05-25T15:48:40.3460000,414
2026-05-25T15:48:41.3870000,408
2026-05-25T15:48:42.4380000,420
2026-05-25T15:48:43.4790000,404
2026-05-25T15:48:44.5230000,409
2026-05-25T15:48:45.5640000,407
2026-05-25T15:48:46.6050000,402
2026-05-25T15:48:47.6450000,408
2026-05-25T15:48:48.6860000,420
2026-05-25T15:48:49.7370000,410
2026-05-25T15:48:50.7780000,400
2026-05-25T15:48:51.8190000,412
2026-05-25T15:48:52.8600000,418
2026-05-25T15:48:53.9000000,404
2026-05-25T15:48:54.9520000,402
2026-05-25T15:48:55.9920000,413
2026-05-25T15:48:57.0330000,413
2026-05-25T15:48:58.0740000,405
2026-05-25T15:48:59.1150000,411
2026-05-25T15:49:00.1660000,400
2026-05-25T15:49:01.2070000,407
2026-05-25T15:49:02.2480000,400
2026-05-25T15:49:03.2880000,416
2026-05-25T15:49:04.3290000,421
2026-05-25T15:49:05.3700000,417
2026-05-25T15:49:06.4220000,408
2026-05-25T15:49:07.4620000,407
2026-05-25T15:49:08.5030000,402
2026-05-25T15:49:09.5440000,407
2026-05-25T15:49:10.5850000,405
2026-05-25T15:49:11.6360000,413
2026-05-25T15:49:12.6700000,400
2026-05-25T15:49:13.7210000,418
2026-05-25T15:49:14.7620000,414
2026-05-25T15:49:15.8020000,406
2026-05-25T15:49:16.8430000,420
2026-05-25T15:49:17.8840000,403
2026-05-25T15:49:18.9350000,420
2026-05-25T15:49:19.9760000,409
2026-05-25T15:49:21.0170000,400
2026-05-25T15:49:22.0570000,408
2026-05-25T15:49:23.0980000,402
2026-05-25T15:49:24.1390000,407
2026-05-25T15:49:25.1900000,412
2026-05-25T15:49:26.2310000,412
2026-05-25T15:49:27.2720000,407
2026-05-25T15:49:28.3130000,411
2026-05-25T15:49:29.3530000,405
2026-05-25T15:49:30.4050000,407
2026-05-25T15:49:31.4460000,405
2026-05-25T15:49:32.4860000,405
2026-05-25T15:49:33.5270000,400
2026-05-25T15:49:34.5680000,407
2026-05-25T15:49:35.6190000,409
2026-05-25T15:49:36.6600000,414
2026-05-25T15:49:37.7010000,405
2026-05-25T15:49:38.7410000,406
2026-05-25T15:49:39.7820000,410
2026-05-25T15:49:40.8330000,415
2026-05-25T15:49:41.8740000,400
2026-05-25T15:49:42.9150000,414
2026-05-25T15:49:43.9550000,400
2026-05-25T15:49:44.9960000,412
2026-05-25T15:49:46.0470000,423
2026-05-25T15:49:47.0880000,412
2026-05-25T15:49:48.1290000,414
2026-05-25T15:49:49.1700000,404
2026-05-25T15:49:50.2110000,406
2026-05-25T15:49:51.2620000,415
2026-05-25T15:49:52.3030000,405
2026-05-25T15:49:53.3470000,400
2026-05-25T15:49:54.3880000,403
2026-05-25T15:49:55.4290000,413
2026-05-25T15:49:56.4700000,419
2026-05-25T15:49:57.5110000,409
2026-05-25T15:49:58.5520000,400
2026-05-25T15:49:59.6030000,401
2026-05-25T15:50:00.6440000,400
2026-05-25T15:50:01.6840000,423
2026-05-25T15:50:02.7250000,420
2026-05-25T15:50:03.7660000,413
2026-05-25T15:50:04.8170000,407
2026-05-25T15:50:05.8580000,416
2026-05-25T15:50:06.8980000,408
2026-05-25T15:50:07.9430000,415
2026-05-25T15:50:08.9830000,400
2026-05-25T15:50:10.0240000,400
2026-05-25T15:50:11.0650000,404
2026-05-25T15:50:12.1160000,406
2026-05-25T15:50:13.1570000,411
2026-05-25T15:50:14.1980000,414
2026-05-25T15:50:15.2390000,404
2026-05-25T15:50:16.2790000,408
2026-05-25T15:50:17.3310000,401
2026-05-25T15:50:18.3710000,404
2026-05-25T15:50:19.4120000,412
2026-05-25T15:50:20.4530000,408
2026-05-25T15:50:21.4940000,414
2026-05-25T15:50:22.5450000,413
2026-05-25T15:50:23.5860000,412
2026-05-25T15:50:24.6260000,413
2026-05-25T15:50:25.6670000,409
2026-05-25T15:50:26.7080000,408
2026-05-25T15:50:27.7590000,412
2026-05-25T15:50:28.8000000,412
2026-05-25T15:50:29.8410000,405
2026-05-25T15:50:30.8810000,409
2026-05-25T15:50:31.9220000,400
2026-05-25T15:50:32.9730000,400
2026-05-25T15:50:34.0140000,414
2026-05-25T15:50:35.0580000,405
2026-05-25T15:50:36.0990000,410
2026-05-25T15:50:37.1400000,400
2026-05-25T15:50:38.1810000,401
2026-05-25T15:50:39.2210000,407
2026-05-25T15:50:40.2730000,406
2026-05-25T15:50:41.3130000,418
2026-05-25T15:50:42.3540000,410
2026-05-25T15:50:43.3950000,400
2026-05-25T15:50:44.4360000,400
2026-05-25T15:50:45.4870000,404
2026-05-25T15:50:46.5280000,407
2026-05-25T15:50:47.5690000,400
2026-05-25T15:50:48.6130000,400
2026-05-25T15:50:49.6530000,416
2026-05-25T15:50:50.6940000,410
2026-05-25T15:50:51.7450000,410
2026-05-25T15:50:52.7860000,400
2026-05-25T15:50:53.8270000,402
2026-05-25T15:50:54.8680000,405
2026-05-25T15:50:55.9090000,407
2026-05-25T15:50:56.9600000,400
2026-05-25T15:50:58.0010000,410
2026-05-25T15:50:59.0410000,420
2026-05-25T15:51:00.0820000,404
2026-05-25T15:51:01.1230000,407
2026-05-25T15:51:02.1640000,403
2026-05-25T15:51:03.2080000,404
2026-05-25T15:51:04.2590000,400
2026-05-25T15:51:05.3000000,407
2026-05-25T15:51:06.3410000,410
2026-05-25T15:51:07.3820000,410
2026-05-25T15:51:08.4220000,411
2026-05-25T15:51:09.4740000,415
2026-05-25T15:51:10.5150000,404
2026-05-25T15:51:11.5550000,415
2026-05-25T15:51:12.5960000,409
2026-05-25T15:51:13.6370000,412
2026-05-25T15:51:14.6880000,403
2026-05-25T15:51:15.7300000,400
2026-05-25T15:51:16.7700000,417
2026-05-25T15:51:17.8110000,404
2026-05-25T15:51:18.8520000,422
2026-05-25T15:51:19.8930000,413
2026-05-25T15:51:20.9440000,401
2026-05-25T15:51:21.9850000,408
2026-05-25T15:51:23.0250000,408
2026-05-25T15:51:24.0660000,400
2026-05-25T15:51:25.1070000,415
2026-05-25T15:51:26.1580000,403
2026-05-25T15:51:27.1990000,410
2026-05-25T15:51:28.2400000,410
2026-05-25T15:51:29.2800000,407
2026-05-25T15:51:30.3210000,412
2026-05-25T15:51:31.3730000,403
2026-05-25T15:51:32.4130000,410
2026-05-25T15:51:33.4540000,404
2026-05-25T15:51:34.4950000,431
2026-05-25T15:51:35.5360000,400
2026-05-25T15:51:36.5870000,405
2026-05-25T15:51:37.6280000,413
2026-05-25T15:51:38.6690000,400
2026-05-25T15:51:39.7090000,408
2026-05-25T15:51:40.7500000,400
2026-05-25T15:51:41.8020000,419
2026-05-25T15:51:42.8420000,412
2026-05-25T15:51:43.8830000,401
2026-05-25T15:51:44.9240000,401
2026-05-25T15:51:45.9650000,402
2026-05-25T15:51:47.0160000,406
2026-05-25T15:51:48.0570000,401
2026-05-25T15:51:49.0970000,403
2026-05-25T15:51:50.1380000,400
2026-05-25T15:51:51.1790000,403
2026-05-25T15:51:52.2300000,410
2026-05-25T15:51:53.2710000,407
2026-05-25T15:51:54.3120000,400
2026-05-25T15:51:55.3530000,414
2026-05-25T15:51:56.3940000,401
2026-05-25T15:51:57.4380000,404
2026-05-25T15:51:58.4780000,400
2026-05-25T15:51:59.5300000,408
2026-05-25T15:52:00.5700000,400
2026-05-25T15:52:01.6110000,401
2026-05-25T15:52:02.6520000,405
2026-05-25T15:52:03.6930000,412
2026-05-25T15:52:04.7440000,400
2026-05-25T15:52:05.7850000,400
2026-05-25T15:52:06.8260000,408
2026-05-25T15:52:07.8670000,404
2026-05-25T15:52:08.9080000,400
2026-05-25T15:52:09.9590000,408
2026-05-25T15:52:11.0000000,400
2026-05-25T15:52:12.0440000,407
2026-05-25T15:52:13.0850000,400
2026-05-25T15:52:14.1260000,404
2026-05-25T15:52:15.1660000,400
2026-05-25T15:52:16.2070000,400
2026-05-25T15:52:17.2580000,407
2026-05-25T15:52:18.2990000,406
2026-05-25T15:52:19.3400000,400
2026-05-25T15:52:20.3800000,400
2026-05-25T15:52:21.4210000,400
2026-05-25T15:52:22.4720000,400
2026-05-25T15:52:23.5130000,406
2026-05-25T15:52:24.5540000,400
2026-05-25T15:52:25.5980000,400
2026-05-25T15:52:26.6390000,406
2026-05-25T15:52:27.6800000,415
2026-05-25T15:52:28.7210000,400
2026-05-25T15:52:29.7720000,404
2026-05-25T15:52:30.8130000,402
2026-05-25T15:52:31.8530000,406
2026-05-25T15:52:32.8940000,417
2026-05-25T15:52:33.9350000,407
2026-05-25T15:52:34.9860000,400
2026-05-25T15:52:36.0270000,400
2026-05-25T15:52:37.0680000,407
2026-05-25T15:52:38.1090000,404
2026-05-25T15:52:39.1530000,401
2026-05-25T15:52:40.1940000,404
2026-05-25T15:52:41.2450000,410
2026-05-25T15:52:42.2860000,417
2026-05-25T15:52:43.3260000,406
2026-05-25T15:52:44.3670000,406
2026-05-25T15:52:45.4080000,403
2026-05-25T15:52:46.4590000,404
2026-05-25T15:52:47.5000000,415
2026-05-25T15:52:48.5400000,408
2026-05-25T15:52:49.5810000,407
2026-05-25T15:52:50.6220000,407
2026-05-25T15:52:51.6730000,400
2026-05-25T15:52:52.7070000,411
2026-05-25T15:52:53.7580000,401
2026-05-25T15:52:54.7990000,400
2026-05-25T15:52:55.8400000,405
2026-05-25T15:52:56.8810000,407
2026-05-25T15:52:57.9220000,402
2026-05-25T15:52:58.9730000,400
2026-05-25T15:53:00.0140000,406
2026-05-25T15:53:01.0540000,400
2026-05-25T15:53:02.0950000,411
2026-05-25T15:53:03.1360000,416
2026-05-25T15:53:04.1870000,403
2026-05-25T15:53:05.2280000,419
2026-05-25T15:53:06.2690000,400
2026-05-25T15:53:07.3130000,403
2026-05-25T15:53:08.3540000,404
2026-05-25T15:53:09.3940000,400
2026-05-25T15:53:10.4460000,400
2026-05-25T15:53:11.4860000,400
2026-05-25T15:53:12.5270000,402
2026-05-25T15:53:13.5680000,400
2026-05-25T15:53:14.6080000,401
2026-05-25T15:53:15.6500000,400
2026-05-25T15:53:16.7010000,404
2026-05-25T15:53:17.7420000,405
2026-05-25T15:53:18.7820000,400
2026-05-25T15:53:19.8230000,410
2026-05-25T15:53:20.8640000,401
2026-05-25T15:53:21.9150000,407
2026-05-25T15:53:22.9560000,407
2026-05-25T15:53:23.9970000,403
2026-05-25T15:53:25.0380000,411
2026-05-25T15:53:26.0780000,417
2026-05-25T15:53:27.1300000,412
2026-05-25T15:53:28.1700000,405
2026-05-25T15:53:29.2110000,411
2026-05-25T15:53:30.2520000,420
2026-05-25T15:53:31.2930000,406
2026-05-25T15:53:32.3440000,403
2026-05-25T15:53:33.3850000,405
2026-05-25T15:53:34.4290000,405
2026-05-25T15:53:35.4700000,423
2026-05-25T15:53:36.5100000,403
2026-05-25T15:53:37.5510000,415
2026-05-25T15:53:38.5920000,400
2026-05-25T15:53:39.6430000,413
2026-05-25T15:53:40.6840000,412
2026-05-25T15:53:41.7250000,400
2026-05-25T15:53:42.7660000,413
2026-05-25T15:53:43.8060000,420
2026-05-25T15:53:44.8580000,404
2026-05-25T15:53:45.8980000,415
2026-05-25T15:53:46.9390000,415
2026-05-25T15:53:47.9800000,418
2026-05-25T15:53:49.0210000,403
2026-05-25T15:53:50.0720000,401
2026-05-25T15:53:51.1130000,414
2026-05-25T15:53:52.1540000,405
2026-05-25T15:53:53.1940000,412
2026-05-25T15:53:54.2350000,403
2026-05-25T15:53:55.2760000,427
2026-05-25T15:53:56.3270000,423
2026-05-25T15:53:57.3680000,416
2026-05-25T15:53:58.4080000,409
2026-05-25T15:53:59.4490000,429
2026-05-25T15:54:00.4900000,414
2026-05-25T15:54:01.5410000,409
2026-05-25T15:54:02.5820000,409
2026-05-25T15:54:03.6230000,424
2026-05-25T15:54:04.6630000,407
2026-05-25T15:54:05.7040000,410
2026-05-25T15:54:06.7560000,422
2026-05-25T15:54:07.7970000,412
2026-05-25T15:54:08.8370000,420
2026-05-25T15:54:09.8780000,422
2026-05-25T15:54:10.9190000,418
2026-05-25T15:54:11.9700000,431
2026-05-25T15:54:13.0110000,415
2026-05-25T15:54:14.0520000,425
2026-05-25T15:54:15.0920000,402
2026-05-25T15:54:16.1370000,422
2026-05-25T15:54:17.1780000,429
2026-05-25T15:54:18.2190000,427
2026-05-25T15:54:19.2700000,413
2026-05-25T15:54:20.3100000,413
2026-05-25T15:54:21.3510000,431
2026-05-25T15:54:22.3920000,426
2026-05-25T15:54:23.4330000,440
2026-05-25T15:54:24.4840000,417
2026-05-25T15:54:25.5250000,431
2026-05-25T15:54:26.5650000,412
2026-05-25T15:54:27.6060000,431
2026-05-25T15:54:28.6470000,418
2026-05-25T15:54:29.6910000,424
2026-05-25T15:54:30.7320000,427
2026-05-25T15:54:31.7830000,424
2026-05-25T15:54:32.8240000,415
2026-05-25T15:54:33.8650000,427
2026-05-25T15:54:34.9060000,413
2026-05-25T15:54:35.9460000,426
2026-05-25T15:54:36.9980000,428
2026-05-25T15:54:38.0390000,417
2026-05-25T15:54:39.0790000,422
2026-05-25T15:54:40.1200000,412
2026-05-25T15:54:41.1610000,425
2026-05-25T15:54:42.2020000,413
2026-05-25T15:54:43.2530000,414
2026-05-25T15:54:44.2940000,433
2026-05-25T15:54:45.3340000,427
2026-05-25T15:54:46.3750000,415
2026-05-25T15:54:47.4160000,428
2026-05-25T15:54:48.4670000,418
2026-05-25T15:54:49.5080000,406
2026-05-25T15:54:50.5480000,414
2026-05-25T15:54:51.5890000,411
2026-05-25T15:54:52.6300000,443
2026-05-25T15:54:53.6810000,418
2026-05-25T15:54:54.7220000,423
2026-05-25T15:54:55.7630000,429
2026-05-25T15:54:56.8070000,417
2026-05-25T15:54:57.8480000,423
2026-05-25T15:54:58.8880000,430
2026-05-25T15:54:59.9290000,434
2026-05-25T15:55:00.9800000,433
2026-05-25T15:55:02.0210000,424
2026-05-25T15:55:03.0620000,424
2026-05-25T15:55:04.1030000,424
2026-05-25T15:55:05.1430000,424
2026-05-25T15:55:06.1950000,428
2026-05-25T15:55:07.2350000,427
2026-05-25T15:55:08.2760000,431
2026-05-25T15:55:09.3170000,435
2026-05-25T15:55:10.3570000,429
2026-05-25T15:55:11.4020000,441
2026-05-25T15:55:12.4420000,430
2026-05-25T15:55:13.4940000,427
2026-05-25T15:55:14.5340000,431
2026-05-25T15:55:15.5750000,435
2026-05-25T15:55:16.6160000,439
2026-05-25T15:55:17.6570000,415
2026-05-25T15:55:18.6980000,435
2026-05-25T15:55:19.7490000,420
2026-05-25T15:55:20.7900000,441
2026-05-25T15:55:21.8310000,443
2026-05-25T15:55:22.8710000,415
2026-05-25T15:55:23.9120000,441
2026-05-25T15:55:24.9630000,429
2026-05-25T15:55:26.0040000,433
2026-05-25T15:55:27.0450000,435
2026-05-25T15:55:28.0860000,421
2026-05-25T15:55:29.1270000,438
2026-05-25T15:55:30.1780000,428
2026-05-25T15:55:31.2190000,430
2026-05-25T15:55:32.2590000,426
2026-05-25T15:55:33.3000000,435
2026-05-25T15:55:34.3410000,411
2026-05-25T15:55:35.3920000,425
2026-05-25T15:55:36.4330000,426
2026-05-25T15:55:37.4730000,421
2026-05-25T15:55:38.5140000,433
2026-05-25T15:55:40.5960000,416
2026-05-25T15:55:41.6470000,422
2026-05-25T15:55:44.7700000,418
2026-05-25T15:55:45.8110000,434
2026-05-25T15:55:46.8620000,422
2026-05-25T15:55:47.9030000,437
2026-05-25T15:55:48.9440000,429
2026-05-25T15:55:49.9850000,419
2026-05-25T15:55:51.0250000,433
2026-05-25T15:55:52.0660000,427
2026-05-25T15:55:53.1170000,424
2026-05-25T15:55:54.1580000,416
2026-05-25T15:55:55.1990000,422
2026-05-25T15:55:56.2390000,434
2026-05-25T15:55:57.2800000,421
2026-05-25T15:55:58.3310000,421
2026-05-25T15:55:59.3720000,423
2026-05-25T15:56:00.4130000,417
2026-05-25T15:56:01.4530000,438
2026-05-25T15:56:02.4940000,429
2026-05-25T15:56:03.5460000,427
2026-05-25T15:56:04.5860000,433
2026-05-25T15:56:05.6280000,421
2026-05-25T15:56:06.6720000,431
2026-05-25T15:56:07.7130000,443
2026-05-25T15:56:08.7540000,416
2026-05-25T15:56:09.7950000,420
2026-05-25T15:56:10.8360000,435
2026-05-25T15:56:11.8870000,424
2026-05-25T15:56:12.9280000,429
2026-05-25T15:56:13.9680000,431
2026-05-25T15:56:15.0090000,428
2026-05-25T15:56:16.0500000,439
2026-05-25T15:56:17.1010000,429
2026-05-25T15:56:18.1420000,429
2026-05-25T15:56:19.1820000,437
2026-05-25T15:56:20.2230000,418
2026-05-25T15:56:21.2640000,422
2026-05-25T15:56:22.3150000,430
2026-05-25T15:56:23.3560000,419
2026-05-25T15:56:24.3970000,426
2026-05-25T15:56:25.4370000,435
2026-05-25T15:56:26.4780000,429
2026-05-25T15:56:27.5290000,429
2026-05-25T15:56:28.5700000,430
2026-05-25T15:56:29.6110000,418
2026-05-25T15:56:30.6520000,428
2026-05-25T15:56:31.6930000,427
2026-05-25T15:56:32.7440000,429
2026-05-25T15:56:33.7780000,433
2026-05-25T15:56:34.8290000,430
2026-05-25T15:56:35.8700000,433
2026-05-25T15:56:36.9100000,428
2026-05-25T15:56:37.9510000,423
2026-05-25T15:56:38.9920000,446
2026-05-25T15:56:40.0430000,426
2026-05-25T15:56:41.0840000,428
2026-05-25T15:56:42.1240000,439
2026-05-25T15:56:43.1650000,425
2026-05-25T15:56:44.2060000,426
2026-05-25T15:56:45.2570000,431
2026-05-25T15:56:46.2980000,433
2026-05-25T15:56:47.3390000,427
2026-05-25T15:56:48.3790000,427
2026-05-25T15:56:49.4200000,425
2026-05-25T15:56:50.4710000,429
2026-05-25T15:56:51.5120000,419
2026-05-25T15:56:52.5530000,426
2026-05-25T15:56:53.5940000,415
2026-05-25T15:56:54.6340000,429
2026-05-25T15:56:55.6860000,417
2026-05-25T15:56:56.7260000,422
2026-05-25T15:56:57.7670000,435
2026-05-25T15:56:58.8080000,414
2026-05-25T15:56:59.8490000,418
2026-05-25T15:57:00.9000000,427
2026-05-25T15:57:01.9410000,413
2026-05-25T15:57:02.9810000,424
2026-05-25T15:57:04.0220000,437
2026-05-25T15:57:05.0630000,435
2026-05-25T15:57:06.1040000,425
2026-05-25T15:57:07.1550000,420
2026-05-25T15:57:08.1960000,424
2026-05-25T15:57:09.2370000,425
2026-05-25T15:57:10.2780000,417
2026-05-25T15:57:11.3180000,423
2026-05-25T15:57:12.3700000,421
2026-05-25T15:57:13.4110000,428
2026-05-25T15:57:14.4510000,407
2026-05-25T15:57:15.4990000,419
2026-05-25T15:57:16.5400000,425
2026-05-25T15:57:17.5810000,415
2026-05-25T15:57:18.6210000,424
2026-05-25T15:57:19.6620000,417
2026-05-25T15:57:20.7140000,413
2026-05-25T15:57:21.7540000,404
2026-05-25T15:57:22.7950000,422
2026-05-25T15:57:23.8360000,402
2026-05-25T15:57:24.8770000,431
2026-05-25T15:57:25.9170000,419
2026-05-25T15:57:26.9690000,424
2026-05-25T15:57:28.0090000,413
2026-05-25T15:57:29.0500000,428
2026-05-25T15:57:30.0910000,418
2026-05-25T15:57:31.1310000,421
2026-05-25T15:57:32.1830000,418
2026-05-25T15:57:33.2230000,425
2026-05-25T15:57:34.2640000,419
2026-05-25T15:57:35.3050000,410
2026-05-25T15:57:36.3460000,406
2026-05-25T15:57:37.3970000,416
2026-05-25T15:57:38.4380000,420
2026-05-25T15:57:39.4790000,429
2026-05-25T15:57:40.5190000,407
2026-05-25T15:57:41.5600000,421
2026-05-25T15:57:42.6050000,422
2026-05-25T15:57:43.6560000,413
2026-05-25T15:57:44.6970000,432
2026-05-25T15:57:45.7380000,420
2026-05-25T15:57:46.7780000,412
2026-05-25T15:57:47.8190000,418
2026-05-25T15:57:48.8600000,418
2026-05-25T15:57:49.9110000,417
2026-05-25T15:57:50.9520000,413
2026-05-25T15:57:51.9930000,428
2026-05-25T15:57:53.0330000,423
2026-05-25T15:57:54.0740000,433
2026-05-25T15:57:55.1250000,431
2026-05-25T15:57:56.1660000,421
2026-05-25T15:57:57.2070000,412
2026-05-25T15:57:58.2470000,423
2026-05-25T15:57:59.2880000,417
2026-05-25T15:58:00.3390000,420
2026-05-25T15:58:01.3800000,407
2026-05-25T15:58:02.4210000,410
2026-05-25T15:58:03.4620000,416
2026-05-25T15:58:04.5030000,418
2026-05-25T15:58:05.5540000,424
2026-05-25T15:58:06.5950000,414
2026-05-25T15:58:07.6360000,418
2026-05-25T15:58:08.6770000,412
2026-05-25T15:58:09.7170000,413
2026-05-25T15:58:10.7620000,405
2026-05-25T15:58:11.8020000,415
2026-05-25T15:58:12.8540000,424
2026-05-25T15:58:13.8940000,413
2026-05-25T15:58:14.9350000,411
2026-05-25T15:58:15.9760000,424
2026-05-25T15:58:17.0170000,418
2026-05-25T15:58:18.0580000,400
2026-05-25T15:58:19.1090000,412
2026-05-25T15:58:20.1500000,401
2026-05-25T15:58:21.1910000,411
2026-05-25T15:58:22.2310000,426
2026-05-25T15:58:23.2720000,413
2026-05-25T15:58:24.3240000,408
2026-05-25T15:58:25.3640000,419
2026-05-25T15:58:26.4050000,429
2026-05-25T15:58:27.4460000,415
2026-05-25T15:58:28.4870000,411
2026-05-25T15:58:29.5380000,411
2026-05-25T15:58:30.5790000,400
2026-05-25T15:58:31.6200000,429
2026-05-25T15:58:32.6600000,425
2026-05-25T15:58:33.7010000,413
2026-05-25T15:58:34.7520000,418
2026-05-25T15:58:35.7940000,412
2026-05-25T15:58:36.8340000,419
2026-05-25T15:58:37.8750000,407
2026-05-25T15:58:38.9150000,407
2026-05-25T15:58:39.9670000,400
2026-05-25T15:58:41.0070000,405
2026-05-25T15:58:42.0480000,411
2026-05-25T15:58:43.0890000,410
2026-05-25T15:58:44.1300000,421
2026-05-25T15:58:45.1700000,416
2026-05-25T15:58:46.2210000,410
2026-05-25T15:58:47.2620000,417
2026-05-25T15:58:48.3030000,413
2026-05-25T15:58:49.3440000,414
2026-05-25T15:58:50.3850000,416
2026-05-25T15:58:51.4360000,424
2026-05-25T15:58:52.4770000,407
2026-05-25T15:58:53.5180000,423
2026-05-25T15:58:54.5580000,418
2026-05-25T15:58:55.5990000,411
2026-05-25T15:58:56.6500000,402
2026-05-25T15:58:57.6910000,415
2026-05-25T15:58:58.7320000,401
2026-05-25T15:58:59.7730000,424
2026-05-25T15:59:00.8130000,405
2026-05-25T15:59:01.8650000,400
2026-05-25T15:59:02.9050000,410
2026-05-25T15:59:03.9460000,407
2026-05-25T15:59:04.9870000,408
2026-05-25T15:59:06.0310000,417
2026-05-25T15:59:07.0720000,404
2026-05-25T15:59:08.1130000,405
2026-05-25T15:59:09.1640000,400
2026-05-25T15:59:10.2050000,402
2026-05-25T15:59:11.2460000,412
2026-05-25T15:59:12.2860000,415
2026-05-25T15:59:13.3270000,411
2026-05-25T15:59:14.3680000,400
2026-05-25T15:59:15.4190000,420
2026-05-25T15:59:16.4600000,408
2026-05-25T15:59:17.5010000,417
2026-05-25T15:59:18.5420000,414
2026-05-25T15:59:19.5820000,410
2026-05-25T15:59:20.6340000,426
2026-05-25T15:59:21.6740000,400
2026-05-25T15:59:22.7150000,405
2026-05-25T15:59:23.7560000,425
2026-05-25T15:59:24.7970000,419
2026-05-25T15:59:25.8380000,420
2026-05-25T15:59:26.8890000,416
2026-05-25T15:59:27.9300000,428
2026-05-25T15:59:28.9700000,400
2026-05-25T15:59:30.0110000,417
2026-05-25T15:59:31.0520000,418
2026-05-25T15:59:32.1030000,411
2026-05-25T15:59:33.1440000,408
2026-05-25T15:59:34.1850000,410
2026-05-25T15:59:35.2250000,415
2026-05-25T15:59:36.2660000,413
2026-05-25T15:59:37.3170000,404
2026-05-25T15:59:38.3580000,405
2026-05-25T15:59:39.3990000,413
2026-05-25T15:59:40.4400000,411
2026-05-25T15:59:41.4800000,412
2026-05-25T15:59:42.5210000,411
2026-05-25T15:59:43.5730000,407
2026-05-25T15:59:44.6130000,406
2026-05-25T15:59:45.6540000,415
2026-05-25T15:59:46.6950000,410
2026-05-25T15:59:47.7360000,408
2026-05-25T15:59:48.7870000,400
2026-05-25T15:59:49.8270000,418
2026-05-25T15:59:50.8680000,405
2026-05-25T15:59:51.9090000,407
2026-05-25T15:59:52.9500000,415
2026-05-25T15:59:53.9910000,421
2026-05-25T15:59:55.0420000,427
2026-05-25T15:59:56.0830000,415
2026-05-25T15:59:57.1240000,411
2026-05-25T15:59:58.1640000,402
2026-05-25T15:59:59.2050000,409