time,ens_eco2_ppm
2026-05-23T01:00:01.0240000,757
2026-05-23T01:00:02.0640000,742
2026-05-23T01:00:03.1050000,749
2026-05-23T01:00:04.1560000,759
2026-05-23T01:00:05.1970000,740
2026-05-23T01:00:06.2380000,756
2026-05-23T01:00:07.2790000,751
2026-05-23T01:00:08.3200000,757
2026-05-23T01:00:09.3600000,758
2026-05-23T01:00:10.4010000,749
2026-05-23T01:00:11.4420000,753
2026-05-23T01:00:12.4830000,745
2026-05-23T01:00:13.5340000,738
2026-05-23T01:00:14.5710000,762
2026-05-23T01:00:15.6120000,737
2026-05-23T01:00:16.6530000,728
2026-05-23T01:00:17.6930000,748
2026-05-23T01:00:18.7450000,746
2026-05-23T01:00:19.7850000,751
2026-05-23T01:00:20.8260000,749
2026-05-23T01:00:21.8670000,743
2026-05-23T01:00:22.9080000,744
2026-05-23T01:00:23.9480000,740
2026-05-23T01:00:24.9890000,749
2026-05-23T01:00:26.0300000,735
2026-05-23T01:00:27.0810000,753
2026-05-23T01:00:28.1150000,737
2026-05-23T01:00:29.1660000,771
2026-05-23T01:00:30.2070000,742
2026-05-23T01:00:31.2490000,761
2026-05-23T01:00:32.2890000,744
2026-05-23T01:00:33.3300000,746
2026-05-23T01:00:34.3710000,754
2026-05-23T01:00:35.4110000,748
2026-05-23T01:00:36.4520000,740
2026-05-23T01:00:37.5030000,754
2026-05-23T01:00:38.5440000,744
2026-05-23T01:00:39.5850000,756
2026-05-23T01:00:40.6260000,738
2026-05-23T01:00:41.6700000,747
2026-05-23T01:00:42.7100000,754
2026-05-23T01:00:43.7510000,747
2026-05-23T01:00:44.7920000,748
2026-05-23T01:00:45.8330000,735
2026-05-23T01:00:46.8730000,742
2026-05-23T01:00:47.9250000,745
2026-05-23T01:00:48.9660000,737
2026-05-23T01:00:50.0060000,752
2026-05-23T01:00:51.0470000,735
2026-05-23T01:00:52.0880000,733
2026-05-23T01:00:53.1290000,749
2026-05-23T01:00:54.1690000,737
2026-05-23T01:00:55.2100000,757
2026-05-23T01:00:56.2580000,748
2026-05-23T01:00:57.2990000,730
2026-05-23T01:00:58.3390000,751
2026-05-23T01:00:59.3800000,753
2026-05-23T01:01:00.4210000,750
2026-05-23T01:01:01.4720000,750
2026-05-23T01:01:02.5130000,740
2026-05-23T01:01:03.5530000,749
2026-05-23T01:01:04.5940000,754
2026-05-23T01:01:05.6350000,740
2026-05-23T01:01:06.6760000,746
2026-05-23T01:01:07.7160000,734
2026-05-23T01:01:08.7570000,745
2026-05-23T01:01:09.8050000,746
2026-05-23T01:01:10.8460000,754
2026-05-23T01:01:11.8860000,742
2026-05-23T01:01:12.9270000,748
2026-05-23T01:01:13.9680000,746
2026-05-23T01:01:15.0190000,735
2026-05-23T01:01:16.0600000,753
2026-05-23T01:01:17.1010000,757
2026-05-23T01:01:18.1420000,749
2026-05-23T01:01:19.1820000,745
2026-05-23T01:01:20.2230000,754
2026-05-23T01:01:21.2640000,736
2026-05-23T01:01:22.3150000,734
2026-05-23T01:01:23.3560000,729
2026-05-23T01:01:24.3970000,743
2026-05-23T01:01:25.4370000,739
2026-05-23T01:01:26.4780000,730
2026-05-23T01:01:27.5190000,734
2026-05-23T01:01:28.5600000,736
2026-05-23T01:01:29.6000000,746
2026-05-23T01:01:30.6510000,733
2026-05-23T01:01:31.6920000,749
2026-05-23T01:01:32.7330000,734
2026-05-23T01:01:33.7740000,721
2026-05-23T01:01:34.8150000,734
2026-05-23T01:01:35.8550000,729
2026-05-23T01:01:36.9030000,743
2026-05-23T01:01:37.9440000,745
2026-05-23T01:01:38.9850000,737
2026-05-23T01:01:40.0250000,737
2026-05-23T01:01:41.0660000,731
2026-05-23T01:01:42.1070000,723
2026-05-23T01:01:43.1580000,730
2026-05-23T01:01:44.1990000,731
2026-05-23T01:01:45.2400000,732
2026-05-23T01:01:46.2810000,732
2026-05-23T01:01:47.3210000,726
2026-05-23T01:01:48.3620000,722
2026-05-23T01:01:49.4030000,718
2026-05-23T01:01:50.4440000,733
2026-05-23T01:01:51.4880000,735
2026-05-23T01:01:52.5280000,742
2026-05-23T01:01:53.5800000,723
2026-05-23T01:01:54.6200000,726
2026-05-23T01:01:55.6610000,724
2026-05-23T01:01:56.7020000,718
2026-05-23T01:01:57.7430000,728
2026-05-23T01:01:58.7830000,719
2026-05-23T01:01:59.8240000,740
2026-05-23T01:02:00.8750000,738
2026-05-23T01:02:01.9160000,720
2026-05-23T01:02:02.9570000,716
2026-05-23T01:02:03.9980000,723
2026-05-23T01:02:05.0420000,730
2026-05-23T01:02:06.0830000,734
2026-05-23T01:02:07.1240000,723
2026-05-23T01:02:08.1640000,717
2026-05-23T01:02:09.2050000,718
2026-05-23T01:02:10.2560000,740
2026-05-23T01:02:11.2970000,730
2026-05-23T01:02:12.3380000,732
2026-05-23T01:02:13.3790000,727
2026-05-23T01:02:14.4200000,734
2026-05-23T01:02:15.4600000,730
2026-05-23T01:02:16.5010000,727
2026-05-23T01:02:17.5520000,730
2026-05-23T01:02:18.5890000,729
2026-05-23T01:02:19.6300000,735
2026-05-23T01:02:20.6710000,720
2026-05-23T01:02:21.7110000,741
2026-05-23T01:02:22.7630000,706
2026-05-23T01:02:23.8030000,722
2026-05-23T01:02:24.8440000,729
2026-05-23T01:02:25.8850000,726
2026-05-23T01:02:26.9260000,724
2026-05-23T01:02:27.9660000,697
2026-05-23T01:02:29.0070000,728
2026-05-23T01:02:30.0590000,725
2026-05-23T01:02:31.1000000,730
2026-05-23T01:02:32.1330000,718
2026-05-23T01:02:33.1850000,707
2026-05-23T01:02:34.2250000,725
2026-05-23T01:02:35.2660000,708
2026-05-23T01:02:36.3070000,719
2026-05-23T01:02:37.3470000,722
2026-05-23T01:02:38.3880000,712
2026-05-23T01:02:39.4290000,719
2026-05-23T01:02:40.4800000,722
2026-05-23T01:02:41.5210000,729
2026-05-23T01:02:42.5620000,724
2026-05-23T01:02:43.6020000,735
2026-05-23T01:02:44.6430000,715
2026-05-23T01:02:45.6870000,724
2026-05-23T01:02:46.7280000,713
2026-05-23T01:02:47.7690000,730
2026-05-23T01:02:48.8100000,722
2026-05-23T01:02:49.8500000,748
2026-05-23T01:02:50.9010000,713
2026-05-23T01:02:51.9420000,750
2026-05-23T01:02:52.9830000,738
2026-05-23T01:02:54.0240000,722
2026-05-23T01:02:55.0640000,737
2026-05-23T01:02:56.1050000,732
2026-05-23T01:02:57.1460000,747
2026-05-23T01:02:58.1970000,729
2026-05-23T01:02:59.2380000,723
2026-05-23T01:03:00.2750000,749
2026-05-23T01:03:01.3160000,749
2026-05-23T01:03:02.3670000,730
2026-05-23T01:03:03.4080000,739
2026-05-23T01:03:04.4480000,729
2026-05-23T01:03:05.4890000,755
2026-05-23T01:03:06.5300000,738
2026-05-23T01:03:07.5710000,744
2026-05-23T01:03:08.6110000,741
2026-05-23T01:03:09.6630000,732
2026-05-23T01:03:10.7030000,753
2026-05-23T01:03:11.7440000,753
2026-05-23T01:03:12.7850000,750
2026-05-23T01:03:13.8220000,745
2026-05-23T01:03:14.8740000,754
2026-05-23T01:03:15.9140000,753
2026-05-23T01:03:16.9550000,748
2026-05-23T01:03:17.9960000,737
2026-05-23T01:03:19.0370000,753
2026-05-23T01:03:20.0770000,745
2026-05-23T01:03:21.1180000,752
2026-05-23T01:03:22.1690000,738
2026-05-23T01:03:23.2100000,742
2026-05-23T01:03:24.2510000,763
2026-05-23T01:03:25.2910000,752
2026-05-23T01:03:26.3320000,749
2026-05-23T01:03:27.3760000,748
2026-05-23T01:03:28.4170000,748
2026-05-23T01:03:29.4580000,769
2026-05-23T01:03:30.4990000,761
2026-05-23T01:03:31.5400000,762
2026-05-23T01:03:32.5910000,745
2026-05-23T01:03:33.6320000,765
2026-05-23T01:03:34.6720000,758
2026-05-23T01:03:35.7130000,754
2026-05-23T01:03:36.7540000,765
2026-05-23T01:03:37.7950000,759
2026-05-23T01:03:38.8360000,774
2026-05-23T01:03:39.8870000,763
2026-05-23T01:03:40.9210000,749
2026-05-23T01:03:41.9610000,769
2026-05-23T01:03:43.0130000,759
2026-05-23T01:03:44.0530000,750
2026-05-23T01:03:45.0940000,757
2026-05-23T01:03:46.1350000,757
2026-05-23T01:03:47.1760000,757
2026-05-23T01:03:48.2160000,752
2026-05-23T01:03:49.2570000,749
2026-05-23T01:03:50.3080000,779
2026-05-23T01:03:51.3490000,759
2026-05-23T01:03:52.3900000,763
2026-05-23T01:03:53.4300000,758
2026-05-23T01:03:54.4710000,765
2026-05-23T01:03:55.5150000,766
2026-05-23T01:03:56.5560000,763
2026-05-23T01:03:57.5970000,769
2026-05-23T01:03:58.6380000,763
2026-05-23T01:03:59.6890000,754
2026-05-23T01:04:00.7300000,761
2026-05-23T01:04:01.7700000,763
2026-05-23T01:04:02.8110000,769
2026-05-23T01:04:03.8520000,761
2026-05-23T01:04:04.8930000,752
2026-05-23T01:04:05.9340000,756
2026-05-23T01:04:06.9740000,754
2026-05-23T01:04:08.0260000,760
2026-05-23T01:04:09.0590000,736
2026-05-23T01:04:10.1100000,749
2026-05-23T01:04:11.1510000,752
2026-05-23T01:04:12.1920000,751
2026-05-23T01:04:13.2330000,752
2026-05-23T01:04:14.2740000,750
2026-05-23T01:04:15.3140000,749
2026-05-23T01:04:16.3550000,752
2026-05-23T01:04:17.4060000,735
2026-05-23T01:04:18.4470000,731
2026-05-23T01:04:19.4870000,750
2026-05-23T01:04:20.5280000,745
2026-05-23T01:04:21.5690000,741
2026-05-23T01:04:22.6170000,740
2026-05-23T01:04:23.6570000,723
2026-05-23T01:04:24.6980000,736
2026-05-23T01:04:25.7390000,730
2026-05-23T01:04:26.7800000,750
2026-05-23T01:04:27.8210000,735
2026-05-23T01:04:28.8620000,724
2026-05-23T01:04:29.9020000,744
2026-05-23T01:04:30.9540000,740
2026-05-23T01:04:31.9940000,746
2026-05-23T01:04:33.0350000,744
2026-05-23T01:04:34.0760000,732
2026-05-23T01:04:35.1170000,730
2026-05-23T01:04:36.1610000,753
2026-05-23T01:04:37.2010000,737
2026-05-23T01:04:38.2420000,744
2026-05-23T01:04:39.2830000,750
2026-05-23T01:04:40.3340000,753
2026-05-23T01:04:41.3750000,741
2026-05-23T01:04:42.4160000,754
2026-05-23T01:04:43.4560000,757
2026-05-23T01:04:44.4970000,747
2026-05-23T01:04:45.5380000,745
2026-05-23T01:04:46.5790000,748
2026-05-23T01:04:47.6190000,754
2026-05-23T01:04:48.6710000,751
2026-05-23T01:04:49.7040000,736
2026-05-23T01:04:50.7490000,756
2026-05-23T01:04:51.7900000,735
2026-05-23T01:04:52.8410000,754
2026-05-23T01:04:53.8820000,744
2026-05-23T01:04:54.9220000,752
2026-05-23T01:04:55.9630000,744
2026-05-23T01:04:57.0040000,743
2026-05-23T01:04:58.0440000,751
2026-05-23T01:04:59.0850000,748
2026-05-23T01:05:00.1260000,745
2026-05-23T01:05:01.1770000,750
2026-05-23T01:05:02.2180000,737
2026-05-23T01:05:03.2580000,746
2026-05-23T01:05:04.3030000,751
2026-05-23T01:05:05.3430000,746
2026-05-23T01:05:06.3840000,751
2026-05-23T01:05:07.4250000,737
2026-05-23T01:05:08.4660000,753
2026-05-23T01:05:09.5060000,744
2026-05-23T01:05:10.5580000,763
2026-05-23T01:05:11.5990000,754
2026-05-23T01:05:12.6390000,759
2026-05-23T01:05:13.6800000,753
2026-05-23T01:05:14.7210000,759
2026-05-23T01:05:15.7620000,751
2026-05-23T01:05:16.8030000,739
2026-05-23T01:05:17.8470000,759
2026-05-23T01:05:18.8870000,758
2026-05-23T01:05:19.9280000,745
2026-05-23T01:05:20.9790000,772
2026-05-23T01:05:22.0200000,761
2026-05-23T01:05:23.0610000,746
2026-05-23T01:05:24.1020000,765
2026-05-23T01:05:25.1420000,763
2026-05-23T01:05:26.1830000,763
2026-05-23T01:05:27.2240000,773
2026-05-23T01:05:28.2750000,758
2026-05-23T01:05:29.3160000,769
2026-05-23T01:05:30.3560000,751
2026-05-23T01:05:31.3940000,765
2026-05-23T01:05:32.4350000,753
2026-05-23T01:05:33.4860000,760
2026-05-23T01:05:34.5270000,766
2026-05-23T01:05:35.5680000,751
2026-05-23T01:05:36.6080000,766
2026-05-23T01:05:37.6490000,767
2026-05-23T01:05:38.6900000,764
2026-05-23T01:05:39.7310000,762
2026-05-23T01:05:40.7820000,769
2026-05-23T01:05:41.8230000,754
2026-05-23T01:05:42.8640000,767
2026-05-23T01:05:43.9040000,764
2026-05-23T01:05:44.9480000,751
2026-05-23T01:05:45.9890000,754
2026-05-23T01:05:47.0300000,753
2026-05-23T01:05:48.0710000,760
2026-05-23T01:05:49.1110000,763
2026-05-23T01:05:50.1520000,759
2026-05-23T01:05:51.2040000,760
2026-05-23T01:05:52.2440000,759
2026-05-23T01:05:53.2850000,772
2026-05-23T01:05:54.3260000,745
2026-05-23T01:05:55.3670000,745
2026-05-23T01:05:56.4070000,744
2026-05-23T01:05:57.4480000,741
2026-05-23T01:05:58.4990000,747
2026-05-23T01:05:59.5360000,747
2026-05-23T01:06:00.5770000,747
2026-05-23T01:06:01.6180000,749
2026-05-23T01:06:02.6590000,740
2026-05-23T01:06:03.7100000,748
2026-05-23T01:06:04.7510000,746
2026-05-23T01:06:05.7910000,754
2026-05-23T01:06:07.8730000,743
2026-05-23T01:06:08.9130000,753
2026-05-23T01:06:09.9540000,751
2026-05-23T01:06:11.0050000,740
2026-05-23T01:06:12.0460000,728
2026-05-23T01:06:13.0900000,738
2026-05-23T01:06:14.1310000,737
2026-05-23T01:06:15.1720000,742
2026-05-23T01:06:16.2120000,736
2026-05-23T01:06:17.2530000,743
2026-05-23T01:06:18.2940000,750
2026-05-23T01:06:19.3340000,728
2026-05-23T01:06:20.3750000,743
2026-05-23T01:06:21.4270000,748
2026-05-23T01:06:22.4680000,735
2026-05-23T01:06:23.5080000,759
2026-05-23T01:06:24.5490000,740
2026-05-23T01:06:25.5900000,742
2026-05-23T01:06:26.6380000,750
2026-05-23T01:06:27.6790000,743
2026-05-23T01:06:28.7190000,746
2026-05-23T01:06:29.7600000,750
2026-05-23T01:06:30.8010000,739
2026-05-23T01:06:31.8420000,750
2026-05-23T01:06:32.8820000,728
2026-05-23T01:06:33.9330000,739
2026-05-23T01:06:34.9740000,743
2026-05-23T01:06:36.0150000,734
2026-05-23T01:06:37.0560000,738
2026-05-23T01:06:38.0960000,750
2026-05-23T01:06:39.1370000,743
2026-05-23T01:06:40.1810000,730
2026-05-23T01:06:41.2220000,725
2026-05-23T01:06:42.2620000,737
2026-05-23T01:06:43.3140000,731
2026-05-23T01:06:44.3540000,736
2026-05-23T01:06:45.3950000,736
2026-05-23T01:06:46.4360000,736
2026-05-23T01:06:47.4770000,734
2026-05-23T01:06:48.5180000,727
2026-05-23T01:06:49.5580000,746
2026-05-23T01:06:50.5990000,737
2026-05-23T01:06:51.6500000,728
2026-05-23T01:06:52.6910000,737
2026-05-23T01:06:53.7320000,725
2026-05-23T01:06:54.7720000,739
2026-05-23T01:06:55.8130000,741
2026-05-23T01:06:56.8540000,750
2026-05-23T01:06:57.8950000,735
2026-05-23T01:06:58.9460000,727
2026-05-23T01:06:59.9860000,738
2026-05-23T01:07:01.0270000,737
2026-05-23T01:07:02.0680000,741
2026-05-23T01:07:03.1080000,735
2026-05-23T01:07:04.1490000,748
2026-05-23T01:07:05.1900000,734
2026-05-23T01:07:06.2410000,732
2026-05-23T01:07:07.2820000,737
2026-05-23T01:07:08.3190000,737
2026-05-23T01:07:09.3600000,740
2026-05-23T01:07:10.4010000,734
2026-05-23T01:07:11.4410000,728
2026-05-23T01:07:12.4930000,739
2026-05-23T01:07:13.5330000,737
2026-05-23T01:07:14.5740000,741
2026-05-23T01:07:15.6150000,732
2026-05-23T01:07:16.6560000,738
2026-05-23T01:07:17.6960000,742
2026-05-23T01:07:18.7370000,748
2026-05-23T01:07:19.7880000,738
2026-05-23T01:07:20.8290000,732
2026-05-23T01:07:22.9070000,737
2026-05-23T01:07:23.9470000,747
2026-05-23T01:07:24.9990000,738
2026-05-23T01:07:26.0390000,744
2026-05-23T01:07:27.0800000,740
2026-05-23T01:07:28.1210000,742
2026-05-23T01:07:29.1610000,750
2026-05-23T01:07:30.2020000,733
2026-05-23T01:07:31.2430000,743
2026-05-23T01:07:32.2950000,744
2026-05-23T01:07:33.3350000,748
2026-05-23T01:07:34.3760000,765
2026-05-23T01:07:35.4130000,746
2026-05-23T01:07:36.4540000,767
2026-05-23T01:07:37.5060000,744
2026-05-23T01:07:38.5460000,751
2026-05-23T01:07:39.5870000,769
2026-05-23T01:07:40.6280000,737
2026-05-23T01:07:41.6690000,760
2026-05-23T01:07:42.7100000,754
2026-05-23T01:07:43.7500000,747
2026-05-23T01:07:44.7910000,749
2026-05-23T01:07:45.8420000,756
2026-05-23T01:07:46.8830000,749
2026-05-23T01:07:47.9240000,745
2026-05-23T01:07:48.9640000,739
2026-05-23T01:07:50.0020000,756
2026-05-23T01:07:51.0530000,754
2026-05-23T01:07:52.0930000,761
2026-05-23T01:07:53.1340000,740
2026-05-23T01:07:54.1750000,763
2026-05-23T01:07:55.2160000,770
2026-05-23T01:07:56.2560000,747
2026-05-23T01:07:57.2970000,761
2026-05-23T01:07:58.3480000,744
2026-05-23T01:07:59.3890000,754
2026-05-23T01:08:00.4300000,773
2026-05-23T01:08:01.4710000,752
2026-05-23T01:08:02.5120000,757
2026-05-23T01:08:03.5590000,757
2026-05-23T01:08:04.6000000,753
2026-05-23T01:08:05.6410000,777
2026-05-23T01:08:06.6810000,749
2026-05-23T01:08:07.7220000,778
2026-05-23T01:08:08.7630000,745
2026-05-23T01:08:09.8040000,751
2026-05-23T01:08:10.8440000,767
2026-05-23T01:08:11.8950000,760
2026-05-23T01:08:12.9360000,758
2026-05-23T01:08:13.9770000,760
2026-05-23T01:08:15.0170000,757
2026-05-23T01:08:16.0580000,769
2026-05-23T01:08:17.1060000,743
2026-05-23T01:08:18.1470000,766
2026-05-23T01:08:19.1870000,757
2026-05-23T01:08:20.2280000,744
2026-05-23T01:08:21.2690000,764
2026-05-23T01:08:22.3100000,756
2026-05-23T01:08:23.3500000,752
2026-05-23T01:08:24.4020000,741
2026-05-23T01:08:25.4420000,745
2026-05-23T01:08:26.4830000,750
2026-05-23T01:08:27.5240000,749
2026-05-23T01:08:28.5650000,762
2026-05-23T01:08:29.6060000,766
2026-05-23T01:08:30.6460000,767
2026-05-23T01:08:31.6870000,763
2026-05-23T01:08:32.7380000,751
2026-05-23T01:08:33.7790000,749
2026-05-23T01:08:34.8200000,754
2026-05-23T01:08:35.8600000,765
2026-05-23T01:08:36.9010000,765
2026-05-23T01:08:37.9420000,759
2026-05-23T01:08:38.9820000,754
2026-05-23T01:08:40.0230000,756
2026-05-23T01:08:41.0740000,754
2026-05-23T01:08:42.1150000,771
2026-05-23T01:08:43.1560000,754
2026-05-23T01:08:44.1970000,756
2026-05-23T01:08:45.2370000,759
2026-05-23T01:08:46.2780000,753
2026-05-23T01:08:47.3190000,754
2026-05-23T01:08:48.3600000,758
2026-05-23T01:08:49.4110000,763
2026-05-23T01:08:50.4520000,766
2026-05-23T01:08:51.4930000,753
2026-05-23T01:08:52.5330000,755
2026-05-23T01:08:53.5740000,749
2026-05-23T01:08:54.6150000,751
2026-05-23T01:08:55.6560000,759
2026-05-23T01:08:56.6960000,757
2026-05-23T01:08:57.7480000,752
2026-05-23T01:08:58.7850000,755
2026-05-23T01:08:59.8260000,749
2026-05-23T01:09:00.8660000,763
2026-05-23T01:09:01.9070000,757
2026-05-23T01:09:02.9580000,761
2026-05-23T01:09:03.9990000,759
2026-05-23T01:09:05.0400000,764
2026-05-23T01:09:06.0800000,759
2026-05-23T01:09:07.1210000,745
2026-05-23T01:09:08.1620000,760
2026-05-23T01:09:09.2030000,754
2026-05-23T01:09:10.2430000,737
2026-05-23T01:09:11.2950000,760
2026-05-23T01:09:12.3320000,760
2026-05-23T01:09:13.3730000,745
2026-05-23T01:09:14.4130000,749
2026-05-23T01:09:15.4540000,737
2026-05-23T01:09:16.5050000,736
2026-05-23T01:09:17.5460000,731
2026-05-23T01:09:18.5870000,750
2026-05-23T01:09:19.6280000,755
2026-05-23T01:09:20.6680000,764
2026-05-23T01:09:21.7090000,741
2026-05-23T01:09:22.7500000,748
2026-05-23T01:09:23.7910000,753
2026-05-23T01:09:24.8420000,741
2026-05-23T01:09:25.8820000,742
2026-05-23T01:09:26.9200000,744
2026-05-23T01:09:27.9600000,728
2026-05-23T01:09:29.0010000,744
2026-05-23T01:09:30.0420000,738
2026-05-23T01:09:31.0930000,737
2026-05-23T01:09:32.1340000,732
2026-05-23T01:09:33.1750000,750
2026-05-23T01:09:34.2160000,736
2026-05-23T01:09:35.2570000,730
2026-05-23T01:09:36.2970000,740
2026-05-23T01:09:37.3380000,737
2026-05-23T01:09:38.3790000,742
2026-05-23T01:09:39.4300000,739
2026-05-23T01:09:40.4670000,733
2026-05-23T01:09:41.5080000,745
2026-05-23T01:09:42.5490000,747
2026-05-23T01:09:43.5900000,735
2026-05-23T01:09:44.6410000,735
2026-05-23T01:09:45.6820000,723
2026-05-23T01:09:46.7220000,744
2026-05-23T01:09:47.7630000,732
2026-05-23T01:09:48.8040000,748
2026-05-23T01:09:49.8440000,742
2026-05-23T01:09:50.8850000,736
2026-05-23T01:09:51.9260000,738
2026-05-23T01:09:52.9770000,731
2026-05-23T01:09:54.0180000,736
2026-05-23T01:09:55.0590000,734
2026-05-23T01:09:56.0990000,735
2026-05-23T01:09:57.1400000,748
2026-05-23T01:09:58.1810000,742
2026-05-23T01:09:59.2220000,712
2026-05-23T01:10:00.2620000,744
2026-05-23T01:10:01.3050000,749
2026-05-23T01:10:02.3560000,742
2026-05-23T01:10:03.3970000,722
2026-05-23T01:10:04.4370000,744
2026-05-23T01:10:06.5190000,731
2026-05-23T01:10:07.5590000,753
2026-05-23T01:10:08.6000000,741
2026-05-23T01:10:09.6410000,735
2026-05-23T01:10:10.6920000,754
2026-05-23T01:10:11.7330000,744
2026-05-23T01:10:12.7730000,755
2026-05-23T01:10:13.8140000,750
2026-05-23T01:10:14.8550000,757
2026-05-23T01:10:15.8960000,752
2026-05-23T01:10:16.9360000,732
2026-05-23T01:10:17.9770000,742
2026-05-23T01:10:19.0280000,754
2026-05-23T01:10:20.0690000,740
2026-05-23T01:10:21.1100000,745
2026-05-23T01:10:22.1510000,736
2026-05-23T01:10:23.1910000,749
2026-05-23T01:10:24.2320000,737
2026-05-23T01:10:25.2730000,744
2026-05-23T01:10:26.3140000,751
2026-05-23T01:10:27.3650000,734
2026-05-23T01:10:28.4060000,741
2026-05-23T01:10:29.4470000,741
2026-05-23T01:10:30.4880000,735
2026-05-23T01:10:31.5280000,753
2026-05-23T01:10:32.5690000,743
2026-05-23T01:10:33.6100000,741
2026-05-23T01:10:34.6500000,753
2026-05-23T01:10:35.6980000,739
2026-05-23T01:10:36.7390000,754
2026-05-23T01:10:37.7790000,749
2026-05-23T01:10:38.8200000,751
2026-05-23T01:10:39.8610000,753
2026-05-23T01:10:40.9120000,748
2026-05-23T01:10:41.9530000,740
2026-05-23T01:10:42.9940000,739
2026-05-23T01:10:44.0340000,757
2026-05-23T01:10:45.0750000,745
2026-05-23T01:10:46.1160000,743
2026-05-23T01:10:47.1570000,755
2026-05-23T01:10:48.2080000,743
2026-05-23T01:10:49.2490000,738
2026-05-23T01:10:50.2900000,731
2026-05-23T01:10:51.3310000,745
2026-05-23T01:10:52.3720000,738
2026-05-23T01:10:53.4130000,742
2026-05-23T01:10:54.4530000,745
2026-05-23T01:10:55.4940000,746
2026-05-23T01:10:56.5350000,751
2026-05-23T01:10:57.5860000,742
2026-05-23T01:10:58.6270000,740
2026-05-23T01:10:59.6670000,752
2026-05-23T01:11:00.7080000,755
2026-05-23T01:11:01.7490000,752
2026-05-23T01:11:02.7900000,742
2026-05-23T01:11:03.8370000,748
2026-05-23T01:11:04.8780000,747
2026-05-23T01:11:05.9190000,747
2026-05-23T01:11:06.9600000,744
2026-05-23T01:11:08.0010000,741
2026-05-23T01:11:09.0420000,756
2026-05-23T01:11:10.0820000,748
2026-05-23T01:11:11.1340000,753
2026-05-23T01:11:12.1740000,753
2026-05-23T01:11:13.2150000,747
2026-05-23T01:11:14.2560000,724
2026-05-23T01:11:15.2970000,737
2026-05-23T01:11:16.3370000,737
2026-05-23T01:11:17.3850000,744
2026-05-23T01:11:18.4260000,739
2026-05-23T01:11:19.4660000,743
2026-05-23T01:11:20.5070000,747
2026-05-23T01:11:21.5490000,739
2026-05-23T01:11:22.5890000,743
2026-05-23T01:11:23.6300000,732
2026-05-23T01:11:24.6810000,737
2026-05-23T01:11:25.7220000,750
2026-05-23T01:11:26.7630000,750
2026-05-23T01:11:27.8030000,741
2026-05-23T01:11:28.8440000,752
2026-05-23T01:11:29.8850000,744
2026-05-23T01:11:30.9260000,739
2026-05-23T01:11:31.9770000,736
2026-05-23T01:11:33.0180000,738
2026-05-23T01:11:34.0580000,743
2026-05-23T01:11:35.0990000,738
2026-05-23T01:11:36.1400000,749
2026-05-23T01:11:37.1810000,745
2026-05-23T01:11:38.2220000,737
2026-05-23T01:11:39.2630000,736
2026-05-23T01:11:40.3140000,734
2026-05-23T01:11:41.3540000,739
2026-05-23T01:11:42.3950000,746
2026-05-23T01:11:43.4360000,735
2026-05-23T01:11:44.4770000,753
2026-05-23T01:11:45.5140000,741
2026-05-23T01:11:46.5650000,732
2026-05-23T01:11:47.6060000,731
2026-05-23T01:11:48.6470000,724
2026-05-23T01:11:49.6870000,730
2026-05-23T01:11:50.7280000,741
2026-05-23T01:11:51.7690000,735
2026-05-23T01:11:52.8100000,746
2026-05-23T01:11:53.8610000,743
2026-05-23T01:11:54.9020000,737
2026-05-23T01:11:55.9420000,730
2026-05-23T01:11:56.9830000,748
2026-05-23T01:11:58.0240000,724
2026-05-23T01:11:59.0650000,734
2026-05-23T01:12:00.1060000,741
2026-05-23T01:12:01.1460000,738
2026-05-23T01:12:02.1980000,762
2026-05-23T01:12:03.2380000,738
2026-05-23T01:12:04.2790000,732
2026-05-23T01:12:05.3200000,747
2026-05-23T01:12:06.3610000,751
2026-05-23T01:12:07.4010000,735
2026-05-23T01:12:08.4420000,738
2026-05-23T01:12:09.4830000,739
2026-05-23T01:12:10.5340000,736
2026-05-23T01:12:11.5750000,727
2026-05-23T01:12:12.6160000,754
2026-05-23T01:12:13.6560000,750
2026-05-23T01:12:14.6970000,730
2026-05-23T01:12:15.7380000,753
2026-05-23T01:12:16.7790000,738
2026-05-23T01:12:17.8190000,740
2026-05-23T01:12:18.8710000,747
2026-05-23T01:12:19.9110000,748
2026-05-23T01:12:20.9520000,740
2026-05-23T01:12:21.9930000,751
2026-05-23T01:12:23.0340000,752
2026-05-23T01:12:24.0750000,748
2026-05-23T01:12:25.1150000,747
2026-05-23T01:12:26.1560000,743
2026-05-23T01:12:27.2040000,738
2026-05-23T01:12:28.2450000,747
2026-05-23T01:12:29.2850000,750
2026-05-23T01:12:30.3260000,734
2026-05-23T01:12:31.3670000,755
2026-05-23T01:12:32.4180000,746
2026-05-23T01:12:33.4590000,738
2026-05-23T01:12:34.4990000,729
2026-05-23T01:12:35.5400000,751
2026-05-23T01:12:36.5810000,747
2026-05-23T01:12:37.6210000,743
2026-05-23T01:12:38.6620000,748
2026-05-23T01:12:39.7140000,754
2026-05-23T01:12:40.7540000,743
2026-05-23T01:12:41.7950000,729
2026-05-23T01:12:42.8360000,744
2026-05-23T01:12:43.8770000,740
2026-05-23T01:12:44.9170000,731
2026-05-23T01:12:45.9580000,736
2026-05-23T01:12:46.9990000,740
2026-05-23T01:12:48.0500000,733
2026-05-23T01:12:49.0910000,730
2026-05-23T01:12:50.1320000,746
2026-05-23T01:12:51.1730000,734
2026-05-23T01:12:52.2140000,754
2026-05-23T01:12:53.2540000,740
2026-05-23T01:12:54.2980000,740
2026-05-23T01:12:55.3390000,729
2026-05-23T01:12:56.3800000,753
2026-05-23T01:12:57.4210000,742
2026-05-23T01:12:58.4720000,739
2026-05-23T01:12:59.5130000,745
2026-05-23T01:13:00.5530000,738
2026-05-23T01:13:01.5950000,733
2026-05-23T01:13:02.6350000,733
2026-05-23T01:13:03.6760000,727
2026-05-23T01:13:04.7170000,748
2026-05-23T01:13:05.7580000,723
2026-05-23T01:13:06.8090000,744
2026-05-23T01:13:07.8500000,735
2026-05-23T01:13:10.9720000,725
2026-05-23T01:13:12.0130000,725
2026-05-23T01:13:13.0540000,749
2026-05-23T01:13:14.0940000,720
2026-05-23T01:13:15.1460000,739
2026-05-23T01:13:16.1860000,721
2026-05-23T01:13:17.2270000,727
2026-05-23T01:13:18.2680000,732
2026-05-23T01:13:19.3080000,717
2026-05-23T01:13:20.3490000,729
2026-05-23T01:13:21.3900000,721
2026-05-23T01:13:22.4380000,722
2026-05-23T01:13:23.4780000,728
2026-05-23T01:13:24.5190000,718
2026-05-23T01:13:25.5600000,734
2026-05-23T01:13:26.6010000,713
2026-05-23T01:13:27.6520000,734
2026-05-23T01:13:28.6930000,724
2026-05-23T01:13:29.7330000,732
2026-05-23T01:13:30.7740000,728
2026-05-23T01:13:31.8150000,725
2026-05-23T01:13:32.8560000,726
2026-05-23T01:13:33.8960000,724
2026-05-23T01:13:34.9370000,727
2026-05-23T01:13:35.9850000,736
2026-05-23T01:13:37.0260000,730
2026-05-23T01:13:38.0660000,731
2026-05-23T01:13:39.1070000,739
2026-05-23T01:13:40.1480000,719
2026-05-23T01:13:41.1990000,717
2026-05-23T01:13:42.2400000,735
2026-05-23T01:13:43.2810000,727
2026-05-23T01:13:44.3210000,748
2026-05-23T01:13:45.3620000,721
2026-05-23T01:13:46.4030000,723
2026-05-23T01:13:47.4430000,731
2026-05-23T01:13:48.4950000,735
2026-05-23T01:13:49.5350000,731
2026-05-23T01:13:50.5760000,721
2026-05-23T01:13:51.6170000,737
2026-05-23T01:13:52.6580000,726
2026-05-23T01:13:53.6990000,727
2026-05-23T01:13:54.7400000,738
2026-05-23T01:13:55.7800000,720
2026-05-23T01:13:56.8320000,749
2026-05-23T01:13:57.8720000,743
2026-05-23T01:13:58.9130000,718
2026-05-23T01:13:59.9540000,738
2026-05-23T01:14:00.9940000,722
2026-05-23T01:14:02.0350000,736
2026-05-23T01:14:03.0760000,728
2026-05-23T01:14:04.1240000,725
2026-05-23T01:14:05.1640000,721
2026-05-23T01:14:06.2050000,728
2026-05-23T01:14:07.2460000,734
2026-05-23T01:14:08.2860000,726
2026-05-23T01:14:09.3380000,721
2026-05-23T01:14:10.3780000,727
2026-05-23T01:14:11.4190000,716
2026-05-23T01:14:12.4600000,724
2026-05-23T01:14:13.5010000,719
2026-05-23T01:14:14.5410000,716
2026-05-23T01:14:15.5820000,724
2026-05-23T01:14:16.6330000,737
2026-05-23T01:14:17.6710000,740
2026-05-23T01:14:18.7110000,721
2026-05-23T01:14:19.7520000,719
2026-05-23T01:14:20.7930000,732
2026-05-23T01:14:21.8340000,721
2026-05-23T01:14:22.8850000,725
2026-05-23T01:14:23.9260000,719
2026-05-23T01:14:24.9670000,728
2026-05-23T01:14:26.0070000,726
2026-05-23T01:14:27.0480000,719
2026-05-23T01:14:28.0890000,719
2026-05-23T01:14:29.1300000,710
2026-05-23T01:14:30.1810000,735
2026-05-23T01:14:31.2180000,732
2026-05-23T01:14:32.2590000,710
2026-05-23T01:14:33.2990000,729
2026-05-23T01:14:34.3400000,720
2026-05-23T01:14:35.3910000,744
2026-05-23T01:14:36.4320000,724
2026-05-23T01:14:37.4730000,728
2026-05-23T01:14:38.5140000,725
2026-05-23T01:14:39.5550000,724
2026-05-23T01:14:40.5950000,731
2026-05-23T01:14:41.6360000,735
2026-05-23T01:14:42.6770000,737
2026-05-23T01:14:43.7280000,748
2026-05-23T01:14:44.7690000,723
2026-05-23T01:14:45.8100000,731
2026-05-23T01:14:46.8510000,732
2026-05-23T01:14:47.8910000,731
2026-05-23T01:14:48.9320000,730
2026-05-23T01:14:49.9730000,726
2026-05-23T01:14:51.0140000,729
2026-05-23T01:14:52.0650000,724
2026-05-23T01:14:53.1050000,738
2026-05-23T01:14:54.1460000,741
2026-05-23T01:14:55.1870000,735
2026-05-23T01:14:56.2280000,727
2026-05-23T01:14:57.2680000,742
2026-05-23T01:14:58.3090000,734
2026-05-23T01:14:59.3570000,730
2026-05-23T01:15:00.3970000,728
2026-05-23T01:15:01.4380000,726
2026-05-23T01:15:02.4790000,756
2026-05-23T01:15:03.5300000,724
2026-05-23T01:15:04.5710000,741
2026-05-23T01:15:05.6120000,728
2026-05-23T01:15:06.6520000,722
2026-05-23T01:15:07.6930000,733
2026-05-23T01:15:08.7340000,738
2026-05-23T01:15:09.7750000,729
2026-05-23T01:15:10.8150000,722
2026-05-23T01:15:11.8670000,742
2026-05-23T01:15:12.9040000,729
2026-05-23T01:15:13.9450000,738
2026-05-23T01:15:14.9860000,734
2026-05-23T01:15:16.0260000,716
2026-05-23T01:15:17.0770000,727
2026-05-23T01:15:18.1180000,713
2026-05-23T01:15:19.1590000,716
2026-05-23T01:15:20.2000000,731
2026-05-23T01:15:21.2400000,739
2026-05-23T01:15:22.2810000,713
2026-05-23T01:15:23.3220000,722
2026-05-23T01:15:24.3730000,718
2026-05-23T01:15:25.4140000,737
2026-05-23T01:15:26.4540000,720
2026-05-23T01:15:27.4950000,719
2026-05-23T01:15:28.5360000,716
2026-05-23T01:15:29.5770000,730
2026-05-23T01:15:30.6170000,714
2026-05-23T01:15:31.6590000,731
2026-05-23T01:15:32.7000000,725
2026-05-23T01:15:33.7510000,726
2026-05-23T01:15:34.7920000,702
2026-05-23T01:15:35.8320000,730
2026-05-23T01:15:36.8730000,733
2026-05-23T01:15:37.9140000,719
2026-05-23T01:15:38.9550000,725
2026-05-23T01:15:39.9950000,733
2026-05-23T01:15:41.0430000,735
2026-05-23T01:15:42.0840000,731
2026-05-23T01:15:43.1240000,728
2026-05-23T01:15:44.1650000,722
2026-05-23T01:15:45.2060000,728
2026-05-23T01:15:46.2570000,731
2026-05-23T01:15:47.2980000,727
2026-05-23T01:15:48.3380000,726
2026-05-23T01:15:49.3790000,720
2026-05-23T01:15:50.4200000,732
2026-05-23T01:15:51.4610000,716
2026-05-23T01:15:52.5010000,735
2026-05-23T01:15:53.5530000,723
2026-05-23T01:15:54.5900000,725
2026-05-23T01:15:55.6310000,717
2026-05-23T01:15:56.6710000,736
2026-05-23T01:15:57.7120000,739
2026-05-23T01:15:58.7630000,747
2026-05-23T01:15:59.8040000,743
2026-05-23T01:16:00.8450000,729
2026-05-23T01:16:01.8850000,731
2026-05-23T01:16:02.9260000,718
2026-05-23T01:16:03.9670000,722
2026-05-23T01:16:05.0080000,724
2026-05-23T01:16:06.0590000,735
2026-05-23T01:16:07.0990000,727
2026-05-23T01:16:08.1370000,715
2026-05-23T01:16:09.1770000,721
2026-05-23T01:16:10.2180000,729
2026-05-23T01:16:11.2690000,718
2026-05-23T01:16:12.3100000,726
2026-05-23T01:16:13.3510000,715
2026-05-23T01:16:14.3910000,735
2026-05-23T01:16:15.4320000,722
2026-05-23T01:16:16.4730000,724
2026-05-23T01:16:17.5140000,719
2026-05-23T01:16:18.5650000,723
2026-05-23T01:16:19.6060000,723
2026-05-23T01:16:20.6460000,729
2026-05-23T01:16:21.6870000,737
2026-05-23T01:16:22.7280000,733
2026-05-23T01:16:23.7690000,737
2026-05-23T01:16:24.8100000,742
2026-05-23T01:16:25.8500000,742
2026-05-23T01:16:26.9020000,746
2026-05-23T01:16:27.9420000,743
2026-05-23T01:16:28.9830000,745
2026-05-23T01:16:30.0240000,735
2026-05-23T01:16:31.0640000,746
2026-05-23T01:16:32.1060000,733
2026-05-23T01:16:33.1470000,748
2026-05-23T01:16:34.1870000,753
2026-05-23T01:16:35.2390000,748
2026-05-23T01:16:36.2760000,756
2026-05-23T01:16:37.3170000,745
2026-05-23T01:16:38.3570000,747
2026-05-23T01:16:39.3980000,737
2026-05-23T01:16:40.4490000,748
2026-05-23T01:16:41.4900000,757
2026-05-23T01:16:42.5310000,733
2026-05-23T01:16:43.5710000,750
2026-05-23T01:16:44.6120000,747
2026-05-23T01:16:45.6530000,773
2026-05-23T01:16:46.6940000,747
2026-05-23T01:16:47.7340000,756
2026-05-23T01:16:48.7860000,764
2026-05-23T01:16:49.8230000,784
2026-05-23T01:16:50.8640000,740
2026-05-23T01:16:51.9040000,774
2026-05-23T01:16:52.9450000,771
2026-05-23T01:16:53.9960000,781
2026-05-23T01:16:55.0370000,766
2026-05-23T01:16:56.0780000,769
2026-05-23T01:16:57.1190000,762
2026-05-23T01:16:58.1590000,752
2026-05-23T01:16:59.2000000,781
2026-05-23T01:17:00.2410000,771
2026-05-23T01:17:01.2920000,761
2026-05-23T01:17:02.3330000,755
2026-05-23T01:17:03.3700000,763
2026-05-23T01:17:04.4140000,765
2026-05-23T01:17:05.4550000,770
2026-05-23T01:17:06.4960000,760
2026-05-23T01:17:07.5360000,763
2026-05-23T01:17:08.5770000,760
2026-05-23T01:17:09.6280000,774
2026-05-23T01:17:10.6690000,770
2026-05-23T01:17:11.7100000,775
2026-05-23T01:17:12.7510000,777
2026-05-23T01:17:13.7920000,765
2026-05-23T01:17:14.8320000,757
2026-05-23T01:17:15.8730000,760
2026-05-23T01:17:16.9140000,774
2026-05-23T01:17:17.9610000,771
2026-05-23T01:17:19.0020000,761
2026-05-23T01:17:20.0430000,769
2026-05-23T01:17:21.0840000,760
2026-05-23T01:17:22.1250000,766
2026-05-23T01:17:23.1760000,770
2026-05-23T01:17:24.2170000,765
2026-05-23T01:17:25.2580000,769
2026-05-23T01:17:26.2980000,756
2026-05-23T01:17:27.3390000,772
2026-05-23T01:17:28.3800000,766
2026-05-23T01:17:29.4210000,778
2026-05-23T01:17:30.4620000,754
2026-05-23T01:17:31.5090000,759
2026-05-23T01:17:32.5500000,752
2026-05-23T01:17:33.5910000,775
2026-05-23T01:17:34.6320000,761
2026-05-23T01:17:35.6720000,769
2026-05-23T01:17:36.7240000,758
2026-05-23T01:17:37.7640000,764
2026-05-23T01:17:38.8050000,771
2026-05-23T01:17:39.8460000,747
2026-05-23T01:17:40.8870000,773
2026-05-23T01:17:41.9270000,773
2026-05-23T01:17:42.9680000,769
2026-05-23T01:17:44.0090000,757
2026-05-23T01:17:45.0560000,756
2026-05-23T01:17:46.0970000,776
2026-05-23T01:17:47.1380000,760
2026-05-23T01:17:48.1780000,771
2026-05-23T01:17:49.2190000,766
2026-05-23T01:17:50.2710000,761
2026-05-23T01:17:51.3110000,763
2026-05-23T01:17:52.3520000,757
2026-05-23T01:17:53.3930000,749
2026-05-23T01:17:54.4340000,759
2026-05-23T01:17:55.4750000,764
2026-05-23T01:17:56.5150000,764
2026-05-23T01:17:57.5560000,755
2026-05-23T01:17:58.6070000,746
2026-05-23T01:17:59.6480000,749
2026-05-23T01:18:00.6890000,743
2026-05-23T01:18:01.7290000,749
2026-05-23T01:18:02.7700000,756
2026-05-23T01:18:03.8110000,739
2026-05-23T01:18:04.8520000,748
2026-05-23T01:18:05.9030000,752
2026-05-23T01:18:06.9440000,746
2026-05-23T01:18:07.9840000,750
2026-05-23T01:18:09.0250000,744
2026-05-23T01:18:10.0660000,753
2026-05-23T01:18:11.1060000,745
2026-05-23T01:18:12.1480000,752
2026-05-23T01:18:13.1880000,735
2026-05-23T01:18:14.2400000,753
2026-05-23T01:18:15.2800000,764
2026-05-23T01:18:16.3210000,750
2026-05-23T01:18:17.3620000,757
2026-05-23T01:18:18.4030000,758
2026-05-23T01:18:19.4440000,757
2026-05-23T01:18:20.4840000,766
2026-05-23T01:18:21.5250000,760
2026-05-23T01:18:22.5760000,748
2026-05-23T01:18:23.6170000,749
2026-05-23T01:18:24.6580000,743
2026-05-23T01:18:25.6990000,770
2026-05-23T01:18:26.7390000,747
2026-05-23T01:18:27.7800000,740
2026-05-23T01:18:28.8210000,763
2026-05-23T01:18:29.8620000,746
2026-05-23T01:18:30.9130000,757
2026-05-23T01:18:31.9540000,757
2026-05-23T01:18:32.9950000,761
2026-05-23T01:18:34.0350000,755
2026-05-23T01:18:35.0760000,758
2026-05-23T01:18:36.1170000,761
2026-05-23T01:18:37.1570000,737
2026-05-23T01:18:38.1980000,741
2026-05-23T01:18:39.2490000,735
2026-05-23T01:18:40.2900000,748
2026-05-23T01:18:41.3310000,750
2026-05-23T01:18:42.3720000,737
2026-05-23T01:18:43.4120000,747
2026-05-23T01:18:44.4530000,747
2026-05-23T01:18:45.4940000,742
2026-05-23T01:18:46.5350000,746
2026-05-23T01:18:47.5860000,752
2026-05-23T01:18:48.6270000,750
2026-05-23T01:18:49.6680000,754
2026-05-23T01:18:50.7080000,744
2026-05-23T01:18:51.7490000,758
2026-05-23T01:18:52.7900000,751
2026-05-23T01:18:53.8300000,621
2026-05-23T01:18:54.8780000,766
2026-05-23T01:18:55.9190000,764
2026-05-23T01:18:56.9600000,770
2026-05-23T01:18:58.0000000,764
2026-05-23T01:18:59.0410000,776
2026-05-23T01:19:00.0810000,765
2026-05-23T01:19:01.1330000,768
2026-05-23T01:19:02.1740000,758
2026-05-23T01:19:03.2140000,774
2026-05-23T01:19:04.2550000,767
2026-05-23T01:19:05.2960000,759
2026-05-23T01:19:06.3370000,757
2026-05-23T01:19:07.3780000,776
2026-05-23T01:19:08.4190000,771
2026-05-23T01:19:09.4700000,764
2026-05-23T01:19:10.5110000,779
2026-05-23T01:19:11.5510000,765
2026-05-23T01:19:12.5920000,765
2026-05-23T01:19:13.6330000,771
2026-05-23T01:19:14.6730000,777
2026-05-23T01:19:15.7140000,754
2026-05-23T01:19:16.7550000,762
2026-05-23T01:19:17.7960000,785
2026-05-23T01:19:18.8470000,756
2026-05-23T01:19:19.8880000,760
2026-05-23T01:19:20.9280000,758
2026-05-23T01:19:21.9690000,769
2026-05-23T01:19:23.0100000,785
2026-05-23T01:19:24.0510000,776
2026-05-23T01:19:25.0910000,774
2026-05-23T01:19:26.1320000,760
2026-05-23T01:19:27.1830000,756
2026-05-23T01:19:28.2240000,764
2026-05-23T01:19:29.2650000,764
2026-05-23T01:19:30.3060000,757
2026-05-23T01:19:31.3460000,763
2026-05-23T01:19:32.3870000,767
2026-05-23T01:19:33.4280000,774
2026-05-23T01:19:34.4690000,751
2026-05-23T01:19:35.5200000,764
2026-05-23T01:19:36.5610000,755
2026-05-23T01:19:37.6020000,748
2026-05-23T01:19:38.6420000,758
2026-05-23T01:19:39.6830000,753
2026-05-23T01:19:40.7240000,746
2026-05-23T01:19:41.7640000,757
2026-05-23T01:19:42.8050000,764
2026-05-23T01:19:43.8560000,745
2026-05-23T01:19:44.8970000,767
2026-05-23T01:19:45.9380000,778
2026-05-23T01:19:46.9780000,744
2026-05-23T01:19:48.0190000,756
2026-05-23T01:19:49.0600000,765
2026-05-23T01:19:51.1420000,740
2026-05-23T01:19:52.1930000,752
2026-05-23T01:19:53.2340000,759
2026-05-23T01:19:54.2750000,763
2026-05-23T01:19:55.3160000,742
2026-05-23T01:19:56.3560000,755
2026-05-23T01:19:57.3970000,762
2026-05-23T01:19:58.4380000,747
2026-05-23T01:19:59.4790000,759
2026-05-23T01:20:00.5200000,733
2026-05-23T01:20:01.5710000,748
2026-05-23T01:20:02.6110000,737
2026-05-23T01:20:03.6520000,754
2026-05-23T01:20:04.6890000,747
2026-05-23T01:20:05.7300000,738
2026-05-23T01:20:06.7810000,750
2026-05-23T01:20:07.8220000,737
2026-05-23T01:20:08.8630000,744
2026-05-23T01:20:09.9030000,747
2026-05-23T01:20:10.9440000,736
2026-05-23T01:20:11.9850000,742
2026-05-23T01:20:13.0260000,741
2026-05-23T01:20:14.0670000,745
2026-05-23T01:20:15.1080000,750
2026-05-23T01:20:16.1590000,745
2026-05-23T01:20:17.2000000,756
2026-05-23T01:20:18.2400000,749
2026-05-23T01:20:19.2810000,754
2026-05-23T01:20:20.3220000,741
2026-05-23T01:20:21.3630000,754
2026-05-23T01:20:22.4040000,752
2026-05-23T01:20:23.4440000,740
2026-05-23T01:20:24.4850000,752
2026-05-23T01:20:25.5360000,747
2026-05-23T01:20:26.5770000,742
2026-05-23T01:20:27.6180000,746
2026-05-23T01:20:28.6580000,744
2026-05-23T01:20:29.6990000,746
2026-05-23T01:20:30.7400000,746
2026-05-23T01:20:31.7810000,744
2026-05-23T01:20:32.8210000,755
2026-05-23T01:20:33.8730000,735
2026-05-23T01:20:34.9130000,741
2026-05-23T01:20:35.9540000,753
2026-05-23T01:20:36.9950000,756
2026-05-23T01:20:38.0360000,741
2026-05-23T01:20:39.0770000,731
2026-05-23T01:20:40.1170000,743
2026-05-23T01:20:41.1580000,749
2026-05-23T01:20:42.2000000,744
2026-05-23T01:20:43.2510000,741
2026-05-23T01:20:44.2920000,747
2026-05-23T01:20:45.3320000,726
2026-05-23T01:20:46.3700000,752
2026-05-23T01:20:47.4100000,735
2026-05-23T01:20:48.4620000,743
2026-05-23T01:20:49.5020000,740
2026-05-23T01:20:50.5430000,750
2026-05-23T01:20:51.5840000,752
2026-05-23T01:20:52.6240000,738
2026-05-23T01:20:53.6650000,741
2026-05-23T01:20:54.7060000,748
2026-05-23T01:20:55.7570000,735
2026-05-23T01:20:56.7980000,753
2026-05-23T01:20:57.8380000,751
2026-05-23T01:20:58.8790000,746
2026-05-23T01:20:59.9200000,750
2026-05-23T01:21:00.9610000,750
2026-05-23T01:21:02.0020000,748
2026-05-23T01:21:03.0430000,744
2026-05-23T01:21:04.0830000,750
2026-05-23T01:21:05.1350000,747
2026-05-23T01:21:06.1760000,757
2026-05-23T01:21:07.2160000,749
2026-05-23T01:21:08.2570000,751
2026-05-23T01:21:09.2980000,748
2026-05-23T01:21:10.3390000,751
2026-05-23T01:21:11.3800000,764
2026-05-23T01:21:12.4200000,756
2026-05-23T01:21:13.4680000,765
2026-05-23T01:21:14.5090000,760
2026-05-23T01:21:15.5500000,760
2026-05-23T01:21:16.5900000,760
2026-05-23T01:21:17.6310000,771
2026-05-23T01:21:18.6820000,748
2026-05-23T01:21:19.7230000,749
2026-05-23T01:21:20.7640000,746
2026-05-23T01:21:21.8050000,769
2026-05-23T01:21:22.8450000,751
2026-05-23T01:21:23.8860000,756
2026-05-23T01:21:24.9270000,773
2026-05-23T01:21:25.9680000,750
2026-05-23T01:21:27.0090000,744
2026-05-23T01:21:28.0600000,748
2026-05-23T01:21:29.1010000,747
2026-05-23T01:21:30.1410000,748
2026-05-23T01:21:31.1820000,739
2026-05-23T01:21:32.2230000,749
2026-05-23T01:21:33.2640000,748
2026-05-23T01:21:34.3050000,751
2026-05-23T01:21:35.3450000,769
2026-05-23T01:21:36.3970000,736
2026-05-23T01:21:37.4370000,747
2026-05-23T01:21:38.4780000,740
2026-05-23T01:21:39.5190000,742
2026-05-23T01:21:40.5600000,743
2026-05-23T01:21:41.6000000,735
2026-05-23T01:21:42.6410000,746
2026-05-23T01:21:43.6820000,739
2026-05-23T01:21:44.7330000,735
2026-05-23T01:21:45.7730000,729
2026-05-23T01:21:46.8140000,725
2026-05-23T01:21:47.8550000,724
2026-05-23T01:21:48.8960000,738
2026-05-23T01:21:49.9370000,719
2026-05-23T01:21:50.9770000,741
2026-05-23T01:21:52.0190000,747
2026-05-23T01:21:53.0590000,739
2026-05-23T01:21:54.1110000,741
2026-05-23T01:21:55.1510000,732
2026-05-23T01:21:56.1920000,740
2026-05-23T01:21:57.2330000,743
2026-05-23T01:21:58.2740000,745
2026-05-23T01:21:59.3140000,744
2026-05-23T01:22:00.3550000,734
2026-05-23T01:22:01.3960000,738
2026-05-23T01:22:02.4470000,737
2026-05-23T01:22:03.4880000,746
2026-05-23T01:22:04.5280000,758
2026-05-23T01:22:05.5690000,744
2026-05-23T01:22:06.6100000,760
2026-05-23T01:22:07.6510000,732
2026-05-23T01:22:08.6910000,756
2026-05-23T01:22:09.7320000,749
2026-05-23T01:22:10.7830000,749
2026-05-23T01:22:11.8240000,756
2026-05-23T01:22:12.8650000,753
2026-05-23T01:22:13.9050000,744
2026-05-23T01:22:14.9460000,745
2026-05-23T01:22:15.9870000,744
2026-05-23T01:22:17.0280000,745
2026-05-23T01:22:18.0680000,749
2026-05-23T01:22:19.1200000,746
2026-05-23T01:22:20.1610000,750
2026-05-23T01:22:21.2010000,748
2026-05-23T01:22:22.2430000,753
2026-05-23T01:22:23.2840000,739
2026-05-23T01:22:24.3240000,750
2026-05-23T01:22:25.3650000,756
2026-05-23T01:22:26.4060000,751
2026-05-23T01:22:27.4460000,732
2026-05-23T01:22:28.4980000,751
2026-05-23T01:22:29.5380000,765
2026-05-23T01:22:30.5790000,748
2026-05-23T01:22:31.6200000,751
2026-05-23T01:22:32.6610000,757
2026-05-23T01:22:33.7010000,746
2026-05-23T01:22:34.7420000,756
2026-05-23T01:22:35.7830000,750
2026-05-23T01:22:36.8230000,740
2026-05-23T01:22:37.8750000,744
2026-05-23T01:22:38.9160000,751
2026-05-23T01:22:39.9560000,750
2026-05-23T01:22:40.9970000,747
2026-05-23T01:22:42.0380000,746
2026-05-23T01:22:43.0790000,765
2026-05-23T01:22:44.1200000,738
2026-05-23T01:22:45.1610000,749
2026-05-23T01:22:46.2010000,763
2026-05-23T01:22:47.2530000,750
2026-05-23T01:22:48.2930000,752
2026-05-23T01:22:49.3340000,762
2026-05-23T01:22:50.3750000,750
2026-05-23T01:22:51.4150000,754
2026-05-23T01:22:52.4560000,744
2026-05-23T01:22:53.4970000,751
2026-05-23T01:22:54.5380000,748
2026-05-23T01:22:55.5890000,738
2026-05-23T01:22:56.6300000,753
2026-05-23T01:22:57.6700000,756
2026-05-23T01:22:58.7110000,767
2026-05-23T01:22:59.7520000,733
2026-05-23T01:23:00.7930000,770
2026-05-23T01:23:01.8350000,746
2026-05-23T01:23:02.8760000,754
2026-05-23T01:23:03.9170000,758
2026-05-23T01:23:04.9610000,750
2026-05-23T01:23:06.0020000,763
2026-05-23T01:23:07.0430000,747
2026-05-23T01:23:08.0830000,757
2026-05-23T01:23:09.1350000,771
2026-05-23T01:23:10.1760000,768
2026-05-23T01:23:11.2160000,750
2026-05-23T01:23:12.2570000,760
2026-05-23T01:23:13.2980000,748
2026-05-23T01:23:14.3390000,750
2026-05-23T01:23:15.3800000,757
2026-05-23T01:23:16.4200000,751
2026-05-23T01:23:17.4710000,763
2026-05-23T01:23:18.5120000,739
2026-05-23T01:23:19.5530000,755
2026-05-23T01:23:20.5930000,748
2026-05-23T01:23:21.6340000,749
2026-05-23T01:23:22.6750000,754
2026-05-23T01:23:23.7150000,744
2026-05-23T01:23:24.7560000,739
2026-05-23T01:23:25.8080000,766
2026-05-23T01:23:26.8480000,753
2026-05-23T01:23:27.8890000,752
2026-05-23T01:23:28.9300000,740
2026-05-23T01:23:29.9710000,743
2026-05-23T01:23:31.0120000,747
2026-05-23T01:23:32.0530000,747
2026-05-23T01:23:33.0930000,755
2026-05-23T01:23:34.1340000,739
2026-05-23T01:23:35.1860000,757
2026-05-23T01:23:36.2260000,760
2026-05-23T01:23:37.2670000,758
2026-05-23T01:23:38.3080000,766
2026-05-23T01:23:39.3480000,764
2026-05-23T01:23:40.3890000,758
2026-05-23T01:23:41.4300000,753
2026-05-23T01:23:42.4810000,742
2026-05-23T01:23:43.5220000,751
2026-05-23T01:23:44.5620000,755
2026-05-23T01:23:45.6030000,763
2026-05-23T01:23:46.6440000,753
2026-05-23T01:23:47.6840000,754
2026-05-23T01:23:48.7250000,753
2026-05-23T01:23:49.7660000,749
2026-05-23T01:23:50.8170000,756
2026-05-23T01:23:51.8580000,747
2026-05-23T01:23:52.8990000,751
2026-05-23T01:23:53.9400000,750
2026-05-23T01:23:54.9810000,744
2026-05-23T01:23:56.0210000,749
2026-05-23T01:23:57.0620000,746
2026-05-23T01:23:58.1030000,743
2026-05-23T01:23:59.1440000,738
2026-05-23T01:24:00.1950000,740
2026-05-23T01:24:01.2360000,729
2026-05-23T01:24:02.2760000,744
2026-05-23T01:24:03.3170000,744
2026-05-23T01:24:04.3580000,755
2026-05-23T01:24:05.3990000,763
2026-05-23T01:24:06.4390000,754
2026-05-23T01:24:07.4800000,736
2026-05-23T01:24:08.5310000,750
2026-05-23T01:24:09.5720000,752
2026-05-23T01:24:10.6130000,734
2026-05-23T01:24:11.6540000,748
2026-05-23T01:24:12.6940000,747
2026-05-23T01:24:13.7350000,737
2026-05-23T01:24:14.7790000,748
2026-05-23T01:24:15.8200000,741
2026-05-23T01:24:16.8610000,737
2026-05-23T01:24:17.9020000,748
2026-05-23T01:24:18.9430000,761
2026-05-23T01:24:19.9940000,759
2026-05-23T01:24:21.0350000,747
2026-05-23T01:24:22.0750000,756
2026-05-23T01:24:23.1160000,749
2026-05-23T01:24:24.1570000,753
2026-05-23T01:24:25.1980000,746
2026-05-23T01:24:26.2390000,754
2026-05-23T01:24:27.2790000,759
2026-05-23T01:24:28.3270000,752
2026-05-23T01:24:29.3680000,747
2026-05-23T01:24:30.4090000,754
2026-05-23T01:24:31.4490000,743
2026-05-23T01:24:32.4900000,759
2026-05-23T01:24:33.5410000,742
2026-05-23T01:24:34.5820000,749
2026-05-23T01:24:35.6230000,753
2026-05-23T01:24:36.6640000,752
2026-05-23T01:24:37.7040000,747
2026-05-23T01:24:38.7450000,761
2026-05-23T01:24:39.7860000,760
2026-05-23T01:24:40.8270000,755
2026-05-23T01:24:41.8780000,755
2026-05-23T01:24:42.9190000,754
2026-05-23T01:24:43.9600000,754
2026-05-23T01:24:45.0000000,767
2026-05-23T01:24:46.0410000,753
2026-05-23T01:24:47.0820000,751
2026-05-23T01:24:48.1230000,742
2026-05-23T01:24:49.1630000,757
2026-05-23T01:24:50.2040000,765
2026-05-23T01:24:51.2550000,764
2026-05-23T01:24:52.2970000,756
2026-05-23T01:24:53.3370000,746
2026-05-23T01:24:54.3780000,760
2026-05-23T01:24:55.4190000,749
2026-05-23T01:24:56.4590000,768
2026-05-23T01:24:57.5000000,760
2026-05-23T01:24:58.5410000,767
2026-05-23T01:24:59.5820000,752
2026-05-23T01:25:00.6330000,762
2026-05-23T01:25:01.6740000,756
2026-05-23T01:25:02.7150000,760
2026-05-23T01:25:03.7560000,775
2026-05-23T01:25:04.7970000,770
2026-05-23T01:25:05.8370000,754
2026-05-23T01:25:06.8780000,759
2026-05-23T01:25:07.9190000,756
2026-05-23T01:25:08.9600000,768
2026-05-23T01:25:10.0070000,764
2026-05-23T01:25:11.0480000,753
2026-05-23T01:25:12.0890000,759
2026-05-23T01:25:13.1300000,759
2026-05-23T01:25:14.1710000,756
2026-05-23T01:25:15.2110000,751
2026-05-23T01:25:16.2630000,745
2026-05-23T01:25:17.3030000,748
2026-05-23T01:25:18.3440000,746
2026-05-23T01:25:19.3850000,741
2026-05-23T01:25:20.4250000,728
2026-05-23T01:25:21.4660000,748
2026-05-23T01:25:22.5070000,748
2026-05-23T01:25:23.5580000,745
2026-05-23T01:25:24.5990000,745
2026-05-23T01:25:25.6400000,735
2026-05-23T01:25:26.6800000,748
2026-05-23T01:25:27.7210000,754
2026-05-23T01:25:28.7620000,746
2026-05-23T01:25:29.8030000,750
2026-05-23T01:25:30.8440000,765
2026-05-23T01:25:31.8840000,749
2026-05-23T01:25:32.9360000,754
2026-05-23T01:25:33.9760000,742
2026-05-23T01:25:35.0170000,750
2026-05-23T01:25:36.0580000,770
2026-05-23T01:25:37.0990000,758
2026-05-23T01:25:38.1430000,764
2026-05-23T01:25:39.1840000,759
2026-05-23T01:25:40.2240000,747
2026-05-23T01:25:41.2650000,737
2026-05-23T01:25:42.3060000,741
2026-05-23T01:25:43.3470000,755
2026-05-23T01:25:44.3980000,751
2026-05-23T01:25:45.4390000,744
2026-05-23T01:25:46.4800000,739
2026-05-23T01:25:47.5210000,745
2026-05-23T01:25:48.5610000,748
2026-05-23T01:25:49.6020000,738
2026-05-23T01:25:50.6430000,765
2026-05-23T01:25:51.6910000,744
2026-05-23T01:25:52.7320000,734
2026-05-23T01:25:53.7720000,753
2026-05-23T01:25:54.8130000,750
2026-05-23T01:25:55.8540000,743
2026-05-23T01:25:56.8950000,751
2026-05-23T01:25:57.9350000,752
2026-05-23T01:25:58.9870000,748
2026-05-23T01:26:00.0270000,747
2026-05-23T01:26:01.0680000,745
2026-05-23T01:26:02.1090000,739
2026-05-23T01:26:03.1500000,751
2026-05-23T01:26:04.1900000,754
2026-05-23T01:26:05.2310000,737
2026-05-23T01:26:06.2720000,743
2026-05-23T01:26:07.3130000,722
2026-05-23T01:26:08.3640000,726
2026-05-23T01:26:09.4050000,757
2026-05-23T01:26:10.4450000,757
2026-05-23T01:26:11.4860000,753
2026-05-23T01:26:12.5270000,754
2026-05-23T01:26:13.5680000,740
2026-05-23T01:26:14.6080000,761
2026-05-23T01:26:15.6490000,749
2026-05-23T01:26:16.7000000,748
2026-05-23T01:26:17.7410000,743
2026-05-23T01:26:18.7820000,739
2026-05-23T01:26:19.8230000,751
2026-05-23T01:26:20.8630000,751
2026-05-23T01:26:21.9040000,731
2026-05-23T01:26:22.9450000,728
2026-05-23T01:26:23.9860000,717
2026-05-23T01:26:25.0370000,741
2026-05-23T01:26:26.0770000,727
2026-05-23T01:26:27.1180000,750
2026-05-23T01:26:28.1590000,725
2026-05-23T01:26:29.2000000,727
2026-05-23T01:26:30.2400000,748
2026-05-23T01:26:31.2810000,733
2026-05-23T01:26:32.3220000,736
2026-05-23T01:26:33.3730000,723
2026-05-23T01:26:34.4140000,728
2026-05-23T01:26:35.4550000,747
2026-05-23T01:26:36.4960000,744
2026-05-23T01:26:37.5370000,739
2026-05-23T01:26:38.5770000,734
2026-05-23T01:26:39.6180000,737
2026-05-23T01:26:40.6590000,744
2026-05-23T01:26:41.6990000,733
2026-05-23T01:26:42.7510000,728
2026-05-23T01:26:43.7920000,736
2026-05-23T01:26:44.8320000,739
2026-05-23T01:26:45.8730000,734
2026-05-23T01:26:46.9140000,730
2026-05-23T01:26:47.9540000,743
2026-05-23T01:26:48.9950000,738
2026-05-23T01:26:50.0360000,743
2026-05-23T01:26:51.0870000,732
2026-05-23T01:26:52.1290000,738
2026-05-23T01:26:53.1690000,740
2026-05-23T01:26:54.2100000,718
2026-05-23T01:26:55.2510000,732
2026-05-23T01:26:56.2910000,749
2026-05-23T01:26:57.3320000,722
2026-05-23T01:26:58.3730000,739
2026-05-23T01:26:59.4140000,744
2026-05-23T01:27:00.4650000,731
2026-05-23T01:27:01.5050000,741
2026-05-23T01:27:02.5460000,743
2026-05-23T01:27:03.5870000,735
2026-05-23T01:27:04.6280000,752
2026-05-23T01:27:05.6690000,732
2026-05-23T01:27:06.7090000,751
2026-05-23T01:27:07.7500000,736
2026-05-23T01:27:08.7910000,737
2026-05-23T01:27:09.8420000,742
2026-05-23T01:27:10.8830000,737
2026-05-23T01:27:11.9240000,749
2026-05-23T01:27:12.9640000,742
2026-05-23T01:27:14.0050000,733
2026-05-23T01:27:15.0460000,747
2026-05-23T01:27:16.0860000,737
2026-05-23T01:27:17.1270000,750
2026-05-23T01:27:18.1780000,742
2026-05-23T01:27:19.2190000,749
2026-05-23T01:27:20.2600000,736
2026-05-23T01:27:21.3000000,739
2026-05-23T01:27:22.3410000,751
2026-05-23T01:27:23.3820000,742
2026-05-23T01:27:24.4230000,739
2026-05-23T01:27:25.4630000,737
2026-05-23T01:27:26.5040000,740
2026-05-23T01:27:27.5560000,733
2026-05-23T01:27:28.5930000,732
2026-05-23T01:27:29.6340000,742
2026-05-23T01:27:30.6740000,741
2026-05-23T01:27:31.7150000,731
2026-05-23T01:27:32.7560000,750
2026-05-23T01:27:33.8070000,725
2026-05-23T01:27:34.8480000,744
2026-05-23T01:27:35.8890000,746
2026-05-23T01:27:36.9290000,744
2026-05-23T01:27:37.9700000,746
2026-05-23T01:27:39.0110000,728
2026-05-23T01:27:40.0520000,754
2026-05-23T01:27:41.0920000,748
2026-05-23T01:27:42.1330000,736
2026-05-23T01:27:43.1770000,756
2026-05-23T01:27:44.2180000,750
2026-05-23T01:27:45.2580000,747
2026-05-23T01:27:46.3100000,717
2026-05-23T01:27:47.3500000,745
2026-05-23T01:27:48.3910000,760
2026-05-23T01:27:49.4320000,746
2026-05-23T01:27:50.4730000,759
2026-05-23T01:27:51.5130000,746
2026-05-23T01:27:52.5540000,746
2026-05-23T01:27:53.5950000,749
2026-05-23T01:27:54.6360000,751
2026-05-23T01:27:55.6870000,728
2026-05-23T01:27:56.7240000,745
2026-05-23T01:27:57.7650000,749
2026-05-23T01:27:58.8060000,743
2026-05-23T01:27:59.8460000,734
2026-05-23T01:28:00.8970000,742
2026-05-23T01:28:01.9380000,749
2026-05-23T01:28:02.9790000,730
2026-05-23T01:28:04.0200000,756
2026-05-23T01:28:05.0600000,744
2026-05-23T01:28:06.1010000,738
2026-05-23T01:28:07.1420000,749
2026-05-23T01:28:08.1820000,741
2026-05-23T01:28:09.2340000,760
2026-05-23T01:28:10.2740000,746
2026-05-23T01:28:11.3150000,742
2026-05-23T01:28:12.3560000,733
2026-05-23T01:28:13.3970000,770
2026-05-23T01:28:14.4380000,739
2026-05-23T01:28:15.4780000,751
2026-05-23T01:28:16.5190000,747
2026-05-23T01:28:17.5600000,750
2026-05-23T01:28:18.6110000,741
2026-05-23T01:28:19.6520000,745
2026-05-23T01:28:20.6930000,746
2026-05-23T01:28:21.7330000,755
2026-05-23T01:28:22.7740000,745
2026-05-23T01:28:23.8150000,760
2026-05-23T01:28:24.8560000,751
2026-05-23T01:28:25.8960000,756
2026-05-23T01:28:26.9480000,762
2026-05-23T01:28:27.9880000,741
2026-05-23T01:28:29.0290000,758
2026-05-23T01:28:30.0700000,753
2026-05-23T01:28:31.1100000,742
2026-05-23T01:28:32.1510000,748
2026-05-23T01:28:33.1920000,748
2026-05-23T01:28:34.2330000,750
2026-05-23T01:28:35.2740000,751
2026-05-23T01:28:36.3250000,741
2026-05-23T01:28:37.3660000,749
2026-05-23T01:28:38.4070000,739
2026-05-23T01:28:39.4470000,749
2026-05-23T01:28:40.4880000,750
2026-05-23T01:28:41.5290000,739
2026-05-23T01:28:42.5700000,742
2026-05-23T01:28:43.6100000,729
2026-05-23T01:28:44.6510000,738
2026-05-23T01:28:45.7030000,744
2026-05-23T01:28:46.7430000,744
2026-05-23T01:28:47.7840000,746
2026-05-23T01:28:48.8250000,748
2026-05-23T01:28:49.8650000,748
2026-05-23T01:28:50.9060000,755
2026-05-23T01:28:51.9470000,739
2026-05-23T01:28:52.9980000,739
2026-05-23T01:28:54.0390000,745
2026-05-23T01:28:55.0790000,742
2026-05-23T01:28:56.1200000,762
2026-05-23T01:28:57.1610000,730
2026-05-23T01:28:58.2020000,751
2026-05-23T01:28:59.2420000,744
2026-05-23T01:29:00.2830000,737
2026-05-23T01:29:01.3340000,747
2026-05-23T01:29:02.3750000,734
2026-05-23T01:29:03.4160000,742
2026-05-23T01:29:04.4570000,736
2026-05-23T01:29:05.4970000,743
2026-05-23T01:29:06.5380000,745
2026-05-23T01:29:07.5790000,736
2026-05-23T01:29:08.6200000,748
2026-05-23T01:29:09.6710000,754
2026-05-23T01:29:10.7120000,735
2026-05-23T01:29:11.7520000,755
2026-05-23T01:29:12.7930000,745
2026-05-23T01:29:13.8340000,750
2026-05-23T01:29:14.8740000,724
2026-05-23T01:29:15.9150000,745
2026-05-23T01:29:16.9560000,767
2026-05-23T01:29:18.0070000,734
2026-05-23T01:29:19.0480000,741
2026-05-23T01:29:20.0810000,743
2026-05-23T01:29:21.1330000,751
2026-05-23T01:29:22.1740000,746
2026-05-23T01:29:23.2140000,741
2026-05-23T01:29:24.2550000,742
2026-05-23T01:29:25.2960000,746
2026-05-23T01:29:26.3370000,737
2026-05-23T01:29:27.3770000,744
2026-05-23T01:29:28.4180000,744
2026-05-23T01:29:29.4700000,738
2026-05-23T01:29:30.5100000,729
2026-05-23T01:29:31.5510000,730
2026-05-23T01:29:32.5920000,738
2026-05-23T01:29:33.6330000,741
2026-05-23T01:29:34.6740000,742
2026-05-23T01:29:35.7140000,738
2026-05-23T01:29:36.7550000,742
2026-05-23T01:29:37.7960000,757
2026-05-23T01:29:38.8470000,737
2026-05-23T01:29:39.8880000,749
2026-05-23T01:29:40.9290000,723
2026-05-23T01:29:41.9690000,735
2026-05-23T01:29:43.0100000,739
2026-05-23T01:29:44.0510000,742
2026-05-23T01:29:45.0910000,760
2026-05-23T01:29:46.1430000,735
2026-05-23T01:29:47.1830000,733
2026-05-23T01:29:48.2240000,742
2026-05-23T01:29:49.2650000,735
2026-05-23T01:29:50.3050000,753
2026-05-23T01:29:51.3460000,734
2026-05-23T01:29:52.3870000,734
2026-05-23T01:29:53.4280000,734
2026-05-23T01:29:54.4790000,745
2026-05-23T01:29:55.5200000,740
2026-05-23T01:29:56.5610000,736
2026-05-23T01:29:57.6010000,742
2026-05-23T01:29:58.6420000,738
2026-05-23T01:29:59.6830000,714
2026-05-23T01:30:00.7240000,729
2026-05-23T01:30:01.7680000,730
2026-05-23T01:30:02.8080000,732
2026-05-23T01:30:03.8490000,735
2026-05-23T01:30:04.8900000,735
2026-05-23T01:30:05.9410000,722
2026-05-23T01:30:06.9820000,725
2026-05-23T01:30:08.0220000,735
2026-05-23T01:30:09.0630000,735
2026-05-23T01:30:10.1040000,720
2026-05-23T01:30:11.1450000,751
2026-05-23T01:30:12.1860000,720
2026-05-23T01:30:13.2270000,735
2026-05-23T01:30:14.2780000,732
2026-05-23T01:30:15.3190000,708
2026-05-23T01:30:16.3600000,732
2026-05-23T01:30:17.4000000,728
2026-05-23T01:30:18.4410000,711
2026-05-23T01:30:19.4820000,733
2026-05-23T01:30:20.5230000,728
2026-05-23T01:30:21.5640000,715
2026-05-23T01:30:22.6050000,722
2026-05-23T01:30:23.6560000,721
2026-05-23T01:30:24.6970000,736
2026-05-23T01:30:25.7370000,725
2026-05-23T01:30:26.7780000,736
2026-05-23T01:30:27.8190000,715
2026-05-23T01:30:28.8590000,735
2026-05-23T01:30:29.9000000,734
2026-05-23T01:30:30.9510000,726
2026-05-23T01:30:31.9920000,743
2026-05-23T01:30:33.0330000,742
2026-05-23T01:30:34.0740000,726
2026-05-23T01:30:35.1140000,725
2026-05-23T01:30:36.1550000,730
2026-05-23T01:30:37.1960000,714
2026-05-23T01:30:38.2370000,719
2026-05-23T01:30:39.2880000,721
2026-05-23T01:30:40.3290000,727
2026-05-23T01:30:41.3700000,726
2026-05-23T01:30:42.4110000,738
2026-05-23T01:30:43.4510000,735
2026-05-23T01:30:44.4920000,724
2026-05-23T01:30:45.5330000,728
2026-05-23T01:30:46.5730000,727
2026-05-23T01:30:47.6250000,713
2026-05-23T01:30:48.6650000,717
2026-05-23T01:30:49.7060000,706
2026-05-23T01:30:50.7470000,723
2026-05-23T01:30:51.7870000,703
2026-05-23T01:30:52.8280000,724
2026-05-23T01:30:53.8690000,715
2026-05-23T01:30:54.9090000,712
2026-05-23T01:30:55.9610000,723
2026-05-23T01:30:57.0010000,724
2026-05-23T01:30:58.0460000,721
2026-05-23T01:30:59.0860000,712
2026-05-23T01:31:00.1270000,726
2026-05-23T01:31:01.1680000,717
2026-05-23T01:31:02.2080000,722
2026-05-23T01:31:03.2490000,729
2026-05-23T01:31:04.2900000,712
2026-05-23T01:31:05.3310000,727
2026-05-23T01:31:06.3820000,722
2026-05-23T01:31:07.4230000,711
2026-05-23T01:31:08.4640000,731
2026-05-23T01:31:09.5040000,721
2026-05-23T01:31:10.5450000,719
2026-05-23T01:31:11.5860000,722
2026-05-23T01:31:12.6270000,725
2026-05-23T01:31:13.6670000,738
2026-05-23T01:31:14.7190000,725
2026-05-23T01:31:15.7590000,728
2026-05-23T01:31:16.8000000,716
2026-05-23T01:31:17.8410000,712
2026-05-23T01:31:18.8810000,721
2026-05-23T01:31:19.9220000,740
2026-05-23T01:31:20.9630000,730
2026-05-23T01:31:22.0140000,746
2026-05-23T01:31:23.0550000,711
2026-05-23T01:31:24.0960000,722
2026-05-23T01:31:25.1360000,731
2026-05-23T01:31:26.1770000,734
2026-05-23T01:31:27.2180000,723
2026-05-23T01:31:28.2580000,723
2026-05-23T01:31:29.2990000,742
2026-05-23T01:31:30.3500000,731
2026-05-23T01:31:31.3910000,744
2026-05-23T01:31:32.4320000,731
2026-05-23T01:31:33.4730000,732
2026-05-23T01:31:34.5130000,728
2026-05-23T01:31:35.5540000,726
2026-05-23T01:31:36.5950000,723
2026-05-23T01:31:37.6360000,734
2026-05-23T01:31:38.6870000,714
2026-05-23T01:31:39.7200000,735
2026-05-23T01:31:40.7720000,752
2026-05-23T01:31:41.8120000,740
2026-05-23T01:31:42.8530000,726
2026-05-23T01:31:43.8940000,729
2026-05-23T01:31:44.9340000,747
2026-05-23T01:31:45.9750000,727
2026-05-23T01:31:47.0160000,727
2026-05-23T01:31:48.0570000,730
2026-05-23T01:31:49.1080000,735
2026-05-23T01:31:50.1490000,731
2026-05-23T01:31:51.1900000,737
2026-05-23T01:31:52.2300000,734
2026-05-23T01:31:53.2710000,730
2026-05-23T01:31:54.3120000,718
2026-05-23T01:31:55.3530000,727
2026-05-23T01:31:56.3930000,723
2026-05-23T01:31:57.4440000,723
2026-05-23T01:31:58.4850000,727
2026-05-23T01:31:59.5260000,722
2026-05-23T01:32:00.5670000,726
2026-05-23T01:32:01.6070000,714
2026-05-23T01:32:02.6480000,727
2026-05-23T01:32:03.6890000,728
2026-05-23T01:32:04.7400000,738
2026-05-23T01:32:05.7810000,728
2026-05-23T01:32:06.8210000,726
2026-05-23T01:32:07.8620000,721
2026-05-23T01:32:08.9030000,724
2026-05-23T01:32:09.9430000,715
2026-05-23T01:32:10.9840000,736
2026-05-23T01:32:12.0250000,732
2026-05-23T01:32:13.0760000,718
2026-05-23T01:32:14.1170000,736
2026-05-23T01:32:15.1580000,741
2026-05-23T01:32:16.1990000,726
2026-05-23T01:32:17.2390000,734
2026-05-23T01:32:18.2800000,727
2026-05-23T01:32:19.3210000,734
2026-05-23T01:32:20.3620000,736
2026-05-23T01:32:21.4130000,721
2026-05-23T01:32:22.4540000,727
2026-05-23T01:32:23.4940000,731
2026-05-23T01:32:24.5350000,733
2026-05-23T01:32:25.5760000,735
2026-05-23T01:32:26.6170000,753
2026-05-23T01:32:27.6570000,731
2026-05-23T01:32:28.6980000,720
2026-05-23T01:32:29.7490000,717
2026-05-23T01:32:30.7900000,737
2026-05-23T01:32:31.8310000,716
2026-05-23T01:32:32.8710000,724
2026-05-23T01:32:33.9120000,697
2026-05-23T01:32:34.9530000,732
2026-05-23T01:32:35.9940000,733
2026-05-23T01:32:37.0340000,724
2026-05-23T01:32:38.0860000,743
2026-05-23T01:32:39.1260000,726
2026-05-23T01:32:40.1670000,727
2026-05-23T01:32:41.2080000,717
2026-05-23T01:32:42.2490000,726
2026-05-23T01:32:43.2900000,721
2026-05-23T01:32:44.3300000,727
2026-05-23T01:32:45.3710000,726
2026-05-23T01:32:46.4220000,715
2026-05-23T01:32:47.4630000,735
2026-05-23T01:32:48.5040000,720
2026-05-23T01:32:49.5440000,731
2026-05-23T01:32:50.5850000,726
2026-05-23T01:32:51.6260000,724
2026-05-23T01:32:52.6670000,731
2026-05-23T01:32:53.7070000,739
2026-05-23T01:32:54.7590000,734
2026-05-23T01:32:55.8000000,733
2026-05-23T01:32:56.8400000,712
2026-05-23T01:32:57.8810000,734
2026-05-23T01:32:58.9220000,721
2026-05-23T01:32:59.9620000,721
2026-05-23T01:33:01.0030000,740
2026-05-23T01:33:02.0440000,729
2026-05-23T01:33:03.0880000,717
2026-05-23T01:33:04.1290000,730
2026-05-23T01:33:05.1700000,727
2026-05-23T01:33:06.2210000,728
2026-05-23T01:33:07.2620000,734
2026-05-23T01:33:08.3030000,738
2026-05-23T01:33:09.3430000,731
2026-05-23T01:33:10.3840000,749
2026-05-23T01:33:11.4250000,750
2026-05-23T01:33:12.4660000,736
2026-05-23T01:33:13.5060000,731
2026-05-23T01:33:14.5580000,741
2026-05-23T01:33:15.5980000,754
2026-05-23T01:33:16.6390000,760
2026-05-23T01:33:17.6800000,735
2026-05-23T01:33:18.7200000,762
2026-05-23T01:33:19.7610000,760
2026-05-23T01:33:20.8020000,757
2026-05-23T01:33:21.8430000,761
2026-05-23T01:33:22.8940000,756
2026-05-23T01:33:23.9350000,767
2026-05-23T01:33:24.9760000,761
2026-05-23T01:33:26.0160000,759
2026-05-23T01:33:27.0570000,765
2026-05-23T01:33:28.0980000,748
2026-05-23T01:33:29.1390000,750
2026-05-23T01:33:30.1900000,751
2026-05-23T01:33:31.2300000,752
2026-05-23T01:33:32.2710000,758
2026-05-23T01:33:33.3120000,748
2026-05-23T01:33:34.3530000,753
2026-05-23T01:33:35.3940000,774
2026-05-23T01:33:36.4340000,760
2026-05-23T01:33:37.4750000,767
2026-05-23T01:33:38.5260000,766
2026-05-23T01:33:39.5670000,775
2026-05-23T01:33:40.6080000,773
2026-05-23T01:33:41.6490000,744
2026-05-23T01:33:42.6900000,752
2026-05-23T01:33:43.7300000,768
2026-05-23T01:33:44.7710000,767
2026-05-23T01:33:45.8120000,773
2026-05-23T01:33:46.8630000,758
2026-05-23T01:33:47.9040000,778
2026-05-23T01:33:48.9450000,754
2026-05-23T01:33:49.9860000,777
2026-05-23T01:33:51.0260000,770
2026-05-23T01:33:52.0670000,763
2026-05-23T01:33:53.1080000,778
2026-05-23T01:33:54.1590000,767
2026-05-23T01:33:55.2000000,762
2026-05-23T01:33:56.2400000,774
2026-05-23T01:33:57.2810000,770
2026-05-23T01:33:58.3220000,762
2026-05-23T01:33:59.3630000,764
2026-05-23T01:34:00.4030000,770
2026-05-23T01:34:01.4540000,774
2026-05-23T01:34:02.4960000,758
2026-05-23T01:34:03.5360000,759
2026-05-23T01:34:04.5770000,760
2026-05-23T01:34:05.6180000,770
2026-05-23T01:34:06.6590000,766
2026-05-23T01:34:07.6990000,771
2026-05-23T01:34:08.7400000,781
2026-05-23T01:34:09.7910000,763
2026-05-23T01:34:10.8320000,770
2026-05-23T01:34:11.8730000,759
2026-05-23T01:34:12.9130000,774
2026-05-23T01:34:13.9540000,784
2026-05-23T01:34:14.9950000,767
2026-05-23T01:34:16.0360000,784
2026-05-23T01:34:17.0760000,779
2026-05-23T01:34:18.1280000,760
2026-05-23T01:34:19.1690000,777
2026-05-23T01:34:20.2090000,778
2026-05-23T01:34:21.2500000,766
2026-05-23T01:34:22.2910000,758
2026-05-23T01:34:23.3320000,770
2026-05-23T01:34:24.3720000,767
2026-05-23T01:34:25.4130000,775
2026-05-23T01:34:26.4640000,771
2026-05-23T01:34:27.5050000,751
2026-05-23T01:34:28.5460000,753
2026-05-23T01:34:29.5860000,770
2026-05-23T01:34:30.6270000,751
2026-05-23T01:34:31.6680000,757
2026-05-23T01:34:32.7090000,770
2026-05-23T01:34:33.7600000,757
2026-05-23T01:34:34.8010000,759
2026-05-23T01:34:35.8410000,738
2026-05-23T01:34:36.8820000,750
2026-05-23T01:34:37.9230000,763
2026-05-23T01:34:38.9640000,755
2026-05-23T01:34:40.0040000,758
2026-05-23T01:34:41.0450000,740
2026-05-23T01:34:42.0960000,755
2026-05-23T01:34:43.1370000,752
2026-05-23T01:34:44.1780000,752
2026-05-23T01:34:45.2190000,762
2026-05-23T01:34:46.2590000,755
2026-05-23T01:34:47.3000000,753
2026-05-23T01:34:48.3410000,748
2026-05-23T01:34:49.3810000,760
2026-05-23T01:34:50.4330000,763
2026-05-23T01:34:51.4730000,747
2026-05-23T01:34:52.5140000,748
2026-05-23T01:34:53.5550000,745
2026-05-23T01:34:54.5950000,745
2026-05-23T01:34:55.6360000,751
2026-05-23T01:34:56.6770000,739
2026-05-23T01:34:57.7180000,749
2026-05-23T01:34:58.7690000,744
2026-05-23T01:34:59.8100000,755
2026-05-23T01:35:00.8500000,768
2026-05-23T01:35:01.8910000,755
2026-05-23T01:35:02.9320000,748
2026-05-23T01:35:03.9730000,752
2026-05-23T01:35:05.0130000,744
2026-05-23T01:35:06.0540000,758
2026-05-23T01:35:07.0950000,757
2026-05-23T01:35:08.1460000,762
2026-05-23T01:35:09.1870000,747
2026-05-23T01:35:10.2270000,765
2026-05-23T01:35:11.2680000,770
2026-05-23T01:35:12.3090000,740
2026-05-23T01:35:13.3500000,759
2026-05-23T01:35:14.3900000,745
2026-05-23T01:35:15.4410000,761
2026-05-23T01:35:16.4820000,739
2026-05-23T01:35:17.5230000,750
2026-05-23T01:35:18.5640000,773
2026-05-23T01:35:19.6040000,757
2026-05-23T01:35:20.6450000,759
2026-05-23T01:35:21.6860000,757
2026-05-23T01:35:22.7270000,742
2026-05-23T01:35:23.7780000,760
2026-05-23T01:35:24.8190000,752
2026-05-23T01:35:25.8600000,767
2026-05-23T01:35:26.9000000,759
2026-05-23T01:35:27.9410000,744
2026-05-23T01:35:28.9820000,741
2026-05-23T01:35:30.0230000,753
2026-05-23T01:35:31.0630000,758
2026-05-23T01:35:32.1040000,759
2026-05-23T01:35:33.1550000,748
2026-05-23T01:35:34.1960000,776
2026-05-23T01:35:35.2370000,749
2026-05-23T01:35:36.2770000,753
2026-05-23T01:35:37.3180000,767
2026-05-23T01:35:38.3590000,756
2026-05-23T01:35:39.4000000,745
2026-05-23T01:35:40.4400000,743
2026-05-23T01:35:41.4910000,762
2026-05-23T01:35:42.5330000,772
2026-05-23T01:35:43.5740000,770
2026-05-23T01:35:44.6140000,762
2026-05-23T01:35:45.6550000,764
2026-05-23T01:35:46.6960000,762
2026-05-23T01:35:47.7370000,766
2026-05-23T01:35:48.7770000,757
2026-05-23T01:35:49.8220000,781
2026-05-23T01:35:50.8620000,765
2026-05-23T01:35:51.9030000,779
2026-05-23T01:35:52.9440000,744
2026-05-23T01:35:53.9950000,777
2026-05-23T01:35:55.0360000,770
2026-05-23T01:35:56.0770000,783
2026-05-23T01:35:57.1170000,767
2026-05-23T01:35:58.1580000,777
2026-05-23T01:35:59.1990000,769
2026-05-23T01:36:00.2400000,773
2026-05-23T01:36:01.2800000,772
2026-05-23T01:36:02.3320000,767
2026-05-23T01:36:03.3720000,773
2026-05-23T01:36:04.4130000,775
2026-05-23T01:36:05.4540000,765
2026-05-23T01:36:06.4950000,756
2026-05-23T01:36:07.5350000,774
2026-05-23T01:36:08.5760000,774
2026-05-23T01:36:09.6170000,750
2026-05-23T01:36:10.6680000,765
2026-05-23T01:36:11.7090000,752
2026-05-23T01:36:12.7500000,777
2026-05-23T01:36:13.7910000,765
2026-05-23T01:36:14.8310000,751
2026-05-23T01:36:15.8720000,756
2026-05-23T01:36:16.9130000,778
2026-05-23T01:36:17.9540000,766
2026-05-23T01:36:19.0050000,748
2026-05-23T01:36:20.0460000,759
2026-05-23T01:36:21.0870000,755
2026-05-23T01:36:22.1270000,763
2026-05-23T01:36:23.1680000,767
2026-05-23T01:36:24.2090000,761
2026-05-23T01:36:25.2500000,756
2026-05-23T01:36:26.2900000,756
2026-05-23T01:36:27.3310000,749
2026-05-23T01:36:28.3820000,744
2026-05-23T01:36:29.4230000,749
2026-05-23T01:36:30.4640000,752
2026-05-23T01:36:31.5010000,748
2026-05-23T01:36:32.5420000,729
2026-05-23T01:36:33.5930000,756
2026-05-23T01:36:34.6340000,749
2026-05-23T01:36:35.6740000,754
2026-05-23T01:36:36.7150000,747
2026-05-23T01:36:37.7560000,750
2026-05-23T01:36:38.7970000,752
2026-05-23T01:36:39.8380000,753
2026-05-23T01:36:40.8780000,750
2026-05-23T01:36:41.9300000,766
2026-05-23T01:36:42.9700000,757
2026-05-23T01:36:44.0110000,741
2026-05-23T01:36:45.0520000,746
2026-05-23T01:36:46.0930000,738
2026-05-23T01:36:47.1330000,746
2026-05-23T01:36:48.1740000,759
2026-05-23T01:36:49.2250000,732
2026-05-23T01:36:50.2660000,745
2026-05-23T01:36:51.3070000,745
2026-05-23T01:36:52.3470000,765
2026-05-23T01:36:53.3880000,752
2026-05-23T01:36:54.4290000,745
2026-05-23T01:36:55.4700000,743
2026-05-23T01:36:56.5100000,736
2026-05-23T01:36:57.5620000,736
2026-05-23T01:36:58.5950000,724
2026-05-23T01:36:59.6460000,737
2026-05-23T01:37:00.6870000,741
2026-05-23T01:37:01.7280000,727
2026-05-23T01:37:02.7690000,742
2026-05-23T01:37:03.8100000,751
2026-05-23T01:37:04.8500000,746
2026-05-23T01:37:05.8910000,751
2026-05-23T01:37:06.9320000,746
2026-05-23T01:37:07.9730000,746
2026-05-23T01:37:09.0240000,744
2026-05-23T01:37:10.0640000,759
2026-05-23T01:37:11.1050000,753
2026-05-23T01:37:12.1460000,766
2026-05-23T01:37:13.1900000,754
2026-05-23T01:37:14.2310000,742
2026-05-23T01:37:15.2710000,745
2026-05-23T01:37:16.3120000,750
2026-05-23T01:37:17.3530000,733
2026-05-23T01:37:18.4040000,758
2026-05-23T01:37:19.4450000,751
2026-05-23T01:37:20.4860000,745
2026-05-23T01:37:21.5260000,750
2026-05-23T01:37:22.5680000,751
2026-05-23T01:37:23.6080000,754
2026-05-23T01:37:24.6490000,750
2026-05-23T01:37:25.6900000,744
2026-05-23T01:37:26.7340000,741
2026-05-23T01:37:27.7750000,742
2026-05-23T01:37:28.8160000,729
2026-05-23T01:37:29.8670000,750
2026-05-23T01:37:30.9080000,743
2026-05-23T01:37:31.9480000,748
2026-05-23T01:37:32.9890000,748
2026-05-23T01:37:34.0300000,747
2026-05-23T01:37:35.0700000,745
2026-05-23T01:37:36.1110000,737
2026-05-23T01:37:37.1520000,735
2026-05-23T01:37:38.2030000,746
2026-05-23T01:37:39.2440000,754
2026-05-23T01:37:40.2850000,744
2026-05-23T01:37:41.3220000,737
2026-05-23T01:37:42.3630000,741
2026-05-23T01:37:43.4140000,751
2026-05-23T01:37:44.4550000,756
2026-05-23T01:37:45.4960000,746
2026-05-23T01:37:46.5360000,758
2026-05-23T01:37:47.5770000,764
2026-05-23T01:37:48.6180000,749
2026-05-23T01:37:49.6590000,770
2026-05-23T01:37:50.7000000,744
2026-05-23T01:37:51.7510000,751
2026-05-23T01:37:52.7920000,736
2026-05-23T01:37:53.8320000,744
2026-05-23T01:37:54.8730000,750
2026-05-23T01:37:55.9140000,749
2026-05-23T01:37:56.9550000,747
2026-05-23T01:37:57.9950000,748
2026-05-23T01:37:59.0360000,747
2026-05-23T01:38:00.0870000,759
2026-05-23T01:38:01.1280000,765
2026-05-23T01:38:02.1690000,757
2026-05-23T01:38:03.2090000,769
2026-05-23T01:38:04.2500000,742
2026-05-23T01:38:05.2910000,757
2026-05-23T01:38:06.3320000,747
2026-05-23T01:38:07.3720000,743
2026-05-23T01:38:08.4170000,765
2026-05-23T01:38:09.4570000,764
2026-05-23T01:38:10.4980000,755
2026-05-23T01:38:11.5490000,758
2026-05-23T01:38:12.5910000,753
2026-05-23T01:38:13.6310000,774
2026-05-23T01:38:14.6720000,742
2026-05-23T01:38:15.7130000,758
2026-05-23T01:38:16.7540000,760
2026-05-23T01:38:17.7940000,757
2026-05-23T01:38:18.8350000,755
2026-05-23T01:38:19.8860000,754
2026-05-23T01:38:20.9270000,753
2026-05-23T01:38:21.9680000,763
2026-05-23T01:38:23.0120000,756
2026-05-23T01:38:24.0530000,763
2026-05-23T01:38:25.0930000,751
2026-05-23T01:38:26.1340000,751
2026-05-23T01:38:27.1750000,750
2026-05-23T01:38:28.2150000,766
2026-05-23T01:38:29.2560000,763
2026-05-23T01:38:30.2970000,753
2026-05-23T01:38:31.3480000,752
2026-05-23T01:38:32.3890000,731
2026-05-23T01:38:33.4300000,737
2026-05-23T01:38:34.4710000,757
2026-05-23T01:38:35.5120000,750
2026-05-23T01:38:36.5520000,760
2026-05-23T01:38:37.5930000,746
2026-05-23T01:38:38.6340000,749
2026-05-23T01:38:39.6750000,746
2026-05-23T01:38:40.7260000,747
2026-05-23T01:38:41.7670000,737
2026-05-23T01:38:42.8080000,745
2026-05-23T01:38:43.8480000,742
2026-05-23T01:38:44.8890000,746
2026-05-23T01:38:45.9300000,741
2026-05-23T01:38:46.9710000,761
2026-05-23T01:38:48.0110000,750
2026-05-23T01:38:49.0630000,746
2026-05-23T01:38:50.0960000,752
2026-05-23T01:38:51.1400000,735
2026-05-23T01:38:52.1810000,737
2026-05-23T01:38:53.2220000,741
2026-05-23T01:38:54.2620000,754
2026-05-23T01:38:55.3140000,756
2026-05-23T01:38:56.3550000,751
2026-05-23T01:38:57.3950000,758
2026-05-23T01:38:58.4360000,749
2026-05-23T01:38:59.4770000,742
2026-05-23T01:39:00.5180000,760
2026-05-23T01:39:01.5580000,752
2026-05-23T01:39:02.6000000,747
2026-05-23T01:39:03.6510000,767
2026-05-23T01:39:04.6920000,741
2026-05-23T01:39:05.7320000,765
2026-05-23T01:39:06.7730000,752
2026-05-23T01:39:07.8140000,758
2026-05-23T01:39:08.8550000,739
2026-05-23T01:39:09.8950000,746
2026-05-23T01:39:10.9360000,748
2026-05-23T01:39:11.9870000,752
2026-05-23T01:39:13.0200000,766
2026-05-23T01:39:14.0710000,744
2026-05-23T01:39:15.1120000,750
2026-05-23T01:39:16.1520000,757
2026-05-23T01:39:17.1930000,749
2026-05-23T01:39:18.2300000,751
2026-05-23T01:39:19.2820000,750
2026-05-23T01:39:20.3220000,746
2026-05-23T01:39:21.3630000,758
2026-05-23T01:39:22.4040000,747
2026-05-23T01:39:23.4450000,747
2026-05-23T01:39:24.4850000,752
2026-05-23T01:39:25.5260000,749
2026-05-23T01:39:26.5670000,749
2026-05-23T01:39:27.6080000,747
2026-05-23T01:39:28.6590000,743
2026-05-23T01:39:29.7000000,761
2026-05-23T01:39:30.7400000,748
2026-05-23T01:39:31.7810000,763
2026-05-23T01:39:32.8250000,765
2026-05-23T01:39:33.8660000,754
2026-05-23T01:39:34.9070000,762
2026-05-23T01:39:35.9480000,771
2026-05-23T01:39:36.9880000,759
2026-05-23T01:39:38.0290000,761
2026-05-23T01:39:39.0800000,756
2026-05-23T01:39:40.1210000,762
2026-05-23T01:39:41.1620000,762
2026-05-23T01:39:42.2020000,766
2026-05-23T01:39:43.2430000,756
2026-05-23T01:39:44.2840000,757
2026-05-23T01:39:45.3250000,756
2026-05-23T01:39:46.3660000,758
2026-05-23T01:39:47.4070000,763
2026-05-23T01:39:48.4580000,772
2026-05-23T01:39:49.4990000,763
2026-05-23T01:39:50.5400000,768
2026-05-23T01:39:51.5800000,761
2026-05-23T01:39:52.6210000,763
2026-05-23T01:39:53.6620000,762
2026-05-23T01:39:54.7030000,747
2026-05-23T01:39:55.7430000,743
2026-05-23T01:39:56.7940000,760
2026-05-23T01:39:57.8350000,761
2026-05-23T01:39:58.8760000,757
2026-05-23T01:39:59.9160000,770
2026-05-23T01:40:00.9570000,763
2026-05-23T01:40:01.9980000,761
2026-05-23T01:40:03.0390000,758
2026-05-23T01:40:04.0900000,768
2026-05-23T01:40:05.1300000,755
2026-05-23T01:40:06.1710000,742
2026-05-23T01:40:07.2120000,738
2026-05-23T01:40:08.2530000,763
2026-05-23T01:40:09.2940000,749
2026-05-23T01:40:10.3350000,751
2026-05-23T01:40:11.3750000,754
2026-05-23T01:40:12.4270000,740
2026-05-23T01:40:13.4670000,756
2026-05-23T01:40:14.5010000,745
2026-05-23T01:40:15.5520000,757
2026-05-23T01:40:16.5930000,737
2026-05-23T01:40:17.6340000,752
2026-05-23T01:40:18.6750000,744
2026-05-23T01:40:19.7160000,753
2026-05-23T01:40:20.7560000,770
2026-05-23T01:40:21.7970000,738
2026-05-23T01:40:22.8380000,750
2026-05-23T01:40:23.8790000,766
2026-05-23T01:40:24.9300000,730
2026-05-23T01:40:25.9710000,754
2026-05-23T01:40:27.0120000,740
2026-05-23T01:40:28.0520000,741
2026-05-23T01:40:29.0930000,768
2026-05-23T01:40:30.1340000,750
2026-05-23T01:40:31.1750000,750
2026-05-23T01:40:32.2150000,754
2026-05-23T01:40:33.2670000,749
2026-05-23T01:40:34.3070000,746
2026-05-23T01:40:35.3480000,745
2026-05-23T01:40:36.3890000,759
2026-05-23T01:40:37.4300000,756
2026-05-23T01:40:38.4700000,744
2026-05-23T01:40:39.5110000,746
2026-05-23T01:40:40.5520000,753
2026-05-23T01:40:41.6030000,741
2026-05-23T01:40:42.6440000,746
2026-05-23T01:40:43.6850000,744
2026-05-23T01:40:44.7250000,757
2026-05-23T01:40:45.7660000,735
2026-05-23T01:40:46.8070000,752
2026-05-23T01:40:47.8480000,731
2026-05-23T01:40:48.8880000,745
2026-05-23T01:40:49.9400000,752
2026-05-23T01:40:50.9800000,732
2026-05-23T01:40:52.0210000,740
2026-05-23T01:40:53.0620000,762
2026-05-23T01:40:54.1030000,742
2026-05-23T01:40:55.1430000,734
2026-05-23T01:40:56.1840000,749
2026-05-23T01:40:57.2250000,750
2026-05-23T01:40:58.2760000,753
2026-05-23T01:40:59.3170000,743
2026-05-23T01:41:00.3580000,753
2026-05-23T01:41:01.3990000,732
2026-05-23T01:41:02.4400000,761
2026-05-23T01:41:03.4800000,749
2026-05-23T01:41:04.5210000,753
2026-05-23T01:41:05.5620000,753
2026-05-23T01:41:06.6030000,756
2026-05-23T01:41:07.6540000,742
2026-05-23T01:41:08.6950000,738
2026-05-23T01:41:09.7360000,762
2026-05-23T01:41:10.7760000,759
2026-05-23T01:41:11.8170000,764
2026-05-23T01:41:12.8580000,756
2026-05-23T01:41:13.8990000,750
2026-05-23T01:41:14.9390000,751
2026-05-23T01:41:15.9800000,755
2026-05-23T01:41:17.0310000,745
2026-05-23T01:41:18.0720000,749
2026-05-23T01:41:19.1130000,749
2026-05-23T01:41:20.1540000,757
2026-05-23T01:41:21.1950000,749
2026-05-23T01:41:22.2350000,750
2026-05-23T01:41:23.2760000,762
2026-05-23T01:41:24.3170000,758
2026-05-23T01:41:25.3680000,754
2026-05-23T01:41:26.4090000,757
2026-05-23T01:41:27.4500000,745
2026-05-23T01:41:28.4900000,755
2026-05-23T01:41:29.5310000,754
2026-05-23T01:41:30.5720000,767
2026-05-23T01:41:31.6120000,755
2026-05-23T01:41:32.6530000,768
2026-05-23T01:41:33.6940000,756
2026-05-23T01:41:34.7450000,757
2026-05-23T01:41:35.7860000,750
2026-05-23T01:41:36.8270000,753
2026-05-23T01:41:37.8710000,761
2026-05-23T01:41:38.9120000,758
2026-05-23T01:41:39.9530000,754
2026-05-23T01:41:40.9930000,763
2026-05-23T01:41:42.0340000,757
2026-05-23T01:41:43.0750000,740
2026-05-23T01:41:44.1160000,767
2026-05-23T01:41:45.1570000,760
2026-05-23T01:41:46.1970000,756
2026-05-23T01:41:47.2490000,760
2026-05-23T01:41:48.2890000,749
2026-05-23T01:41:49.3300000,742
2026-05-23T01:41:50.3710000,756
2026-05-23T01:41:51.4120000,762
2026-05-23T01:41:52.4520000,762
2026-05-23T01:41:53.4930000,742
2026-05-23T01:41:54.5340000,750
2026-05-23T01:41:55.5850000,756
2026-05-23T01:41:56.6260000,763
2026-05-23T01:41:57.6670000,752
2026-05-23T01:41:58.7070000,743
2026-05-23T01:41:59.7480000,740
2026-05-23T01:42:00.7890000,750
2026-05-23T01:42:01.8300000,742
2026-05-23T01:42:02.8710000,761
2026-05-23T01:42:03.9220000,757
2026-05-23T01:42:04.9620000,749
2026-05-23T01:42:06.0030000,758
2026-05-23T01:42:07.0440000,752
2026-05-23T01:42:08.0850000,754
2026-05-23T01:42:09.1260000,743
2026-05-23T01:42:10.1660000,755
2026-05-23T01:42:11.2070000,751
2026-05-23T01:42:12.2580000,746
2026-05-23T01:42:13.2990000,745
2026-05-23T01:42:14.3400000,741
2026-05-23T01:42:15.3810000,745
2026-05-23T01:42:16.4220000,743
2026-05-23T01:42:17.4620000,751
2026-05-23T01:42:18.5030000,765
2026-05-23T01:42:19.5470000,750
2026-05-23T01:42:20.5880000,747
2026-05-23T01:42:21.6290000,739
2026-05-23T01:42:22.6700000,737
2026-05-23T01:42:23.7210000,758
2026-05-23T01:42:24.7610000,753
2026-05-23T01:42:25.8020000,755
2026-05-23T01:42:26.8430000,759
2026-05-23T01:42:27.8840000,746
2026-05-23T01:42:28.9240000,759
2026-05-23T01:42:29.9650000,737
2026-05-23T01:42:31.0060000,741
2026-05-23T01:42:32.0470000,738
2026-05-23T01:42:33.0980000,743
2026-05-23T01:42:34.1390000,750
2026-05-23T01:42:35.1800000,765
2026-05-23T01:42:36.2210000,767
2026-05-23T01:42:37.2610000,755
2026-05-23T01:42:38.3020000,757
2026-05-23T01:42:39.3430000,761
2026-05-23T01:42:40.3840000,753
2026-05-23T01:42:41.4350000,751
2026-05-23T01:42:42.4760000,763
2026-05-23T01:42:43.5160000,744
2026-05-23T01:42:44.5570000,761
2026-05-23T01:42:45.5980000,766
2026-05-23T01:42:46.6390000,745
2026-05-23T01:42:47.6790000,749
2026-05-23T01:42:48.7200000,740
2026-05-23T01:42:49.7610000,772
2026-05-23T01:42:50.8120000,746
2026-05-23T01:42:51.8530000,752
2026-05-23T01:42:52.8940000,736
2026-05-23T01:42:53.9350000,744
2026-05-23T01:42:54.9760000,769
2026-05-23T01:42:56.0160000,753
2026-05-23T01:42:57.0570000,756
2026-05-23T01:42:58.0980000,755
2026-05-23T01:42:59.1390000,760
2026-05-23T01:43:00.1900000,755
2026-05-23T01:43:01.2310000,756
2026-05-23T01:43:02.2720000,744
2026-05-23T01:43:03.3130000,755
2026-05-23T01:43:04.3530000,741
2026-05-23T01:43:05.3940000,760
2026-05-23T01:43:06.4350000,767
2026-05-23T01:43:07.4760000,764
2026-05-23T01:43:08.5270000,755
2026-05-23T01:43:09.5680000,761
2026-05-23T01:43:10.6080000,746
2026-05-23T01:43:11.6490000,749
2026-05-23T01:43:12.6900000,745
2026-05-23T01:43:13.7310000,757
2026-05-23T01:43:14.7710000,751
2026-05-23T01:43:15.8120000,754
2026-05-23T01:43:16.8640000,776
2026-05-23T01:43:17.9040000,756
2026-05-23T01:43:18.9450000,745
2026-05-23T01:43:19.9860000,748
2026-05-23T01:43:21.0270000,761
2026-05-23T01:43:22.0680000,756
2026-05-23T01:43:23.1090000,762
2026-05-23T01:43:24.1500000,760
2026-05-23T01:43:25.1900000,751
2026-05-23T01:43:26.2420000,763
2026-05-23T01:43:27.2820000,737
2026-05-23T01:43:28.3230000,748
2026-05-23T01:43:29.3670000,751
2026-05-23T01:43:30.4080000,734
2026-05-23T01:43:31.4490000,766
2026-05-23T01:43:32.4890000,741
2026-05-23T01:43:33.5300000,741
2026-05-23T01:43:34.5710000,758
2026-05-23T01:43:35.6120000,747
2026-05-23T01:43:36.6630000,755
2026-05-23T01:43:37.7030000,734
2026-05-23T01:43:38.7440000,739
2026-05-23T01:43:39.7850000,750
2026-05-23T01:43:40.8260000,747
2026-05-23T01:43:41.8660000,756
2026-05-23T01:43:42.9110000,749
2026-05-23T01:43:43.9520000,756
2026-05-23T01:43:44.9930000,744
2026-05-23T01:43:46.0340000,756
2026-05-23T01:43:47.0740000,754
2026-05-23T01:43:48.1260000,747
2026-05-23T01:43:49.1660000,773
2026-05-23T01:43:50.2070000,748
2026-05-23T01:43:51.2480000,757
2026-05-23T01:43:52.2890000,765
2026-05-23T01:43:53.3290000,727
2026-05-23T01:43:54.3700000,759
2026-05-23T01:43:55.4110000,744
2026-05-23T01:43:56.4620000,750
2026-05-23T01:43:57.5030000,757
2026-05-23T01:43:58.5430000,742
2026-05-23T01:43:59.5840000,745
2026-05-23T01:44:00.6250000,731
2026-05-23T01:44:01.6650000,756
2026-05-23T01:44:02.7060000,754
2026-05-23T01:44:03.7580000,744
2026-05-23T01:44:04.7980000,732
2026-05-23T01:44:05.8390000,744
2026-05-23T01:44:06.8800000,732
2026-05-23T01:44:07.9210000,748
2026-05-23T01:44:08.9610000,734
2026-05-23T01:44:10.0020000,749
2026-05-23T01:44:11.0460000,730
2026-05-23T01:44:12.0870000,740
2026-05-23T01:44:13.1280000,741
2026-05-23T01:44:14.1690000,737
2026-05-23T01:44:15.2200000,749
2026-05-23T01:44:16.2610000,740
2026-05-23T01:44:17.3020000,739
2026-05-23T01:44:18.3420000,746
2026-05-23T01:44:19.3830000,742
2026-05-23T01:44:20.4240000,738
2026-05-23T01:44:21.4650000,740
2026-05-23T01:44:22.5050000,751
2026-05-23T01:44:23.5560000,755
2026-05-23T01:44:24.5900000,741
2026-05-23T01:44:25.6310000,738
2026-05-23T01:44:26.6820000,749
2026-05-23T01:44:27.7230000,725
2026-05-23T01:44:28.7640000,742
2026-05-23T01:44:29.8040000,732
2026-05-23T01:44:30.8450000,732
2026-05-23T01:44:31.8860000,744
2026-05-23T01:44:32.9270000,735
2026-05-23T01:44:33.9670000,736
2026-05-23T01:44:35.0190000,739
2026-05-23T01:44:36.0600000,739
2026-05-23T01:44:37.1000000,732
2026-05-23T01:44:38.1410000,739
2026-05-23T01:44:39.1820000,762
2026-05-23T01:44:40.2230000,746
2026-05-23T01:44:41.2630000,736
2026-05-23T01:44:42.3040000,747
2026-05-23T01:44:43.3550000,743
2026-05-23T01:44:44.3960000,740
2026-05-23T01:44:45.4370000,739
2026-05-23T01:44:46.4770000,733
2026-05-23T01:44:47.5180000,737
2026-05-23T01:44:48.5590000,740
2026-05-23T01:44:49.6000000,759
2026-05-23T01:44:50.6400000,743
2026-05-23T01:44:51.6910000,755
2026-05-23T01:44:52.7280000,751
2026-05-23T01:44:53.7690000,755
2026-05-23T01:44:54.8100000,755
2026-05-23T01:44:55.8500000,742
2026-05-23T01:44:56.8910000,751
2026-05-23T01:44:57.9420000,735
2026-05-23T01:44:58.9830000,753
2026-05-23T01:45:00.0240000,752
2026-05-23T01:45:01.0650000,737
2026-05-23T01:45:02.1050000,752
2026-05-23T01:45:03.1460000,751
2026-05-23T01:45:04.1870000,758
2026-05-23T01:45:05.2280000,761
2026-05-23T01:45:06.2750000,736
2026-05-23T01:45:07.3160000,747
2026-05-23T01:45:08.3570000,738
2026-05-23T01:45:09.3980000,757
2026-05-23T01:45:10.4380000,774
2026-05-23T01:45:11.4790000,734
2026-05-23T01:45:12.5300000,739
2026-05-23T01:45:13.5710000,744
2026-05-23T01:45:14.6120000,754
2026-05-23T01:45:15.6520000,750
2026-05-23T01:45:16.6930000,764
2026-05-23T01:45:17.7340000,771
2026-05-23T01:45:18.7750000,764
2026-05-23T01:45:19.8150000,741
2026-05-23T01:45:20.8600000,766
2026-05-23T01:45:21.9000000,762
2026-05-23T01:45:22.9410000,755
2026-05-23T01:45:23.9920000,757
2026-05-23T01:45:25.0330000,757
2026-05-23T01:45:26.0740000,767
2026-05-23T01:45:27.1150000,754
2026-05-23T01:45:28.1550000,758
2026-05-23T01:45:29.1960000,764
2026-05-23T01:45:30.2370000,767
2026-05-23T01:45:31.2770000,748
2026-05-23T01:45:32.3290000,752
2026-05-23T01:45:33.3690000,753
2026-05-23T01:45:34.4030000,751
2026-05-23T01:45:35.4540000,741
2026-05-23T01:45:36.4950000,746
2026-05-23T01:45:37.5360000,749
2026-05-23T01:45:38.5760000,744
2026-05-23T01:45:39.6170000,729
2026-05-23T01:45:40.6580000,735
2026-05-23T01:45:41.6990000,746
2026-05-23T01:45:42.7400000,751
2026-05-23T01:45:43.7910000,746
2026-05-23T01:45:44.8320000,751
2026-05-23T01:45:45.8720000,755
2026-05-23T01:45:46.9130000,759
2026-05-23T01:45:47.9540000,737
2026-05-23T01:45:48.9950000,755
2026-05-23T01:45:50.0360000,738
2026-05-23T01:45:51.0770000,742
2026-05-23T01:45:52.1280000,743
2026-05-23T01:45:53.1680000,744
2026-05-23T01:45:54.2090000,750
2026-05-23T01:45:55.2500000,752
2026-05-23T01:45:56.2910000,750
2026-05-23T01:45:57.3310000,744
2026-05-23T01:45:58.3720000,738
2026-05-23T01:45:59.4130000,744
2026-05-23T01:46:00.4640000,760
2026-05-23T01:46:01.5050000,755
2026-05-23T01:46:02.5380000,753
2026-05-23T01:46:03.5900000,736
2026-05-23T01:46:04.6300000,757
2026-05-23T01:46:05.6710000,756
2026-05-23T01:46:06.7120000,746
2026-05-23T01:46:07.7530000,754
2026-05-23T01:46:08.7940000,753
2026-05-23T01:46:09.8340000,751
2026-05-23T01:46:10.8750000,740
2026-05-23T01:46:11.9270000,742
2026-05-23T01:46:12.9670000,753
2026-05-23T01:46:14.0080000,742
2026-05-23T01:46:15.0490000,738
2026-05-23T01:46:16.0890000,730
2026-05-23T01:46:17.1300000,738
2026-05-23T01:46:18.1710000,747
2026-05-23T01:46:19.2120000,741
2026-05-23T01:46:20.2630000,734
2026-05-23T01:46:21.3040000,746
2026-05-23T01:46:22.3440000,745
2026-05-23T01:46:23.3850000,746
2026-05-23T01:46:24.4260000,751
2026-05-23T01:46:25.4660000,742
2026-05-23T01:46:26.5070000,751
2026-05-23T01:46:27.5480000,739
2026-05-23T01:46:28.5990000,737
2026-05-23T01:46:29.6330000,744
2026-05-23T01:46:30.6840000,742
2026-05-23T01:46:31.7250000,753
2026-05-23T01:46:32.7650000,737
2026-05-23T01:46:33.8060000,751
2026-05-23T01:46:34.8470000,751
2026-05-23T01:46:35.8880000,750
2026-05-23T01:46:36.9290000,750
2026-05-23T01:46:37.9690000,750
2026-05-23T01:46:39.0100000,750
2026-05-23T01:46:40.0610000,749
2026-05-23T01:46:41.1020000,758
2026-05-23T01:46:42.1430000,754
2026-05-23T01:46:43.1840000,753
2026-05-23T01:46:44.2280000,759
2026-05-23T01:46:45.2690000,758
2026-05-23T01:46:46.3090000,754
2026-05-23T01:46:47.3500000,756
2026-05-23T01:46:48.3910000,742
2026-05-23T01:46:49.4310000,750
2026-05-23T01:46:50.4830000,736
2026-05-23T01:46:51.5230000,748
2026-05-23T01:46:52.5640000,752
2026-05-23T01:46:53.6050000,754
2026-05-23T01:46:54.6460000,753
2026-05-23T01:46:55.6860000,743
2026-05-23T01:46:56.7270000,739
2026-05-23T01:46:57.7710000,753
2026-05-23T01:46:58.8120000,747
2026-05-23T01:46:59.8530000,742
2026-05-23T01:47:00.9040000,753
2026-05-23T01:47:01.9450000,757
2026-05-23T01:47:02.9860000,741
2026-05-23T01:47:04.0270000,728
2026-05-23T01:47:05.0670000,763
2026-05-23T01:47:06.1080000,754
2026-05-23T01:47:07.1490000,734
2026-05-23T01:47:08.1890000,750
2026-05-23T01:47:09.2410000,751
2026-05-23T01:47:10.2810000,744
2026-05-23T01:47:11.3150000,733
2026-05-23T01:47:12.3590000,739
2026-05-23T01:47:13.4000000,731
2026-05-23T01:47:14.4410000,737
2026-05-23T01:47:15.4920000,761
2026-05-23T01:47:16.5330000,732
2026-05-23T01:47:17.5740000,743
2026-05-23T01:47:18.6150000,746
2026-05-23T01:47:19.6550000,740
2026-05-23T01:47:20.6960000,747
2026-05-23T01:47:21.7370000,744
2026-05-23T01:47:22.7780000,731
2026-05-23T01:47:23.8290000,746
2026-05-23T01:47:24.8700000,745
2026-05-23T01:47:25.9100000,759
2026-05-23T01:47:26.9510000,736
2026-05-23T01:47:27.9920000,740
2026-05-23T01:47:29.0320000,761
2026-05-23T01:47:30.0730000,753
2026-05-23T01:47:31.1140000,757
2026-05-23T01:47:32.1650000,758
2026-05-23T01:47:33.2060000,742
2026-05-23T01:47:34.2470000,762
2026-05-23T01:47:35.2880000,758
2026-05-23T01:47:36.3280000,762
2026-05-23T01:47:37.3690000,757
2026-05-23T01:47:38.4100000,739
2026-05-23T01:47:39.4500000,750
2026-05-23T01:47:40.5020000,741
2026-05-23T01:47:41.5420000,749
2026-05-23T01:47:42.5830000,755
2026-05-23T01:47:43.6240000,758
2026-05-23T01:47:44.6640000,755
2026-05-23T01:47:45.7050000,747
2026-05-23T01:47:46.7460000,742
2026-05-23T01:47:47.7870000,750
2026-05-23T01:47:48.8280000,746
2026-05-23T01:47:49.8790000,752
2026-05-23T01:47:50.9200000,753
2026-05-23T01:47:51.9600000,744
2026-05-23T01:47:53.0010000,746
2026-05-23T01:47:54.0450000,753
2026-05-23T01:47:55.0860000,739
2026-05-23T01:47:56.1270000,752
2026-05-23T01:47:57.1680000,757
2026-05-23T01:47:58.2080000,741
2026-05-23T01:47:59.2490000,749
2026-05-23T01:48:00.2900000,742
2026-05-23T01:48:01.3410000,760
2026-05-23T01:48:02.3820000,761
2026-05-23T01:48:03.4230000,758
2026-05-23T01:48:04.4630000,758
2026-05-23T01:48:05.5040000,747
2026-05-23T01:48:06.5450000,735
2026-05-23T01:48:07.5860000,750
2026-05-23T01:48:08.6260000,755
2026-05-23T01:48:09.6780000,760
2026-05-23T01:48:10.7180000,755
2026-05-23T01:48:11.7590000,766
2026-05-23T01:48:12.8000000,744
2026-05-23T01:48:13.8410000,756
2026-05-23T01:48:14.8820000,745
2026-05-23T01:48:15.9220000,752
2026-05-23T01:48:16.9630000,756
2026-05-23T01:48:18.0140000,753
2026-05-23T01:48:19.0550000,744
2026-05-23T01:48:20.0960000,749
2026-05-23T01:48:21.1400000,752
2026-05-23T01:48:22.1800000,755
2026-05-23T01:48:23.2220000,753
2026-05-23T01:48:24.2620000,753
2026-05-23T01:48:25.3030000,749
2026-05-23T01:48:26.3440000,760
2026-05-23T01:48:27.3840000,748
2026-05-23T01:48:28.4360000,758
2026-05-23T01:48:29.4760000,742
2026-05-23T01:48:30.5170000,758
2026-05-23T01:48:31.5580000,740
2026-05-23T01:48:32.5990000,733
2026-05-23T01:48:33.6390000,754
2026-05-23T01:48:34.6800000,755
2026-05-23T01:48:35.7210000,755
2026-05-23T01:48:36.7720000,750
2026-05-23T01:48:37.8130000,768
2026-05-23T01:48:38.8540000,762
2026-05-23T01:48:39.8940000,750
2026-05-23T01:48:40.9350000,757
2026-05-23T01:48:41.9760000,760
2026-05-23T01:48:43.0170000,765
2026-05-23T01:48:44.0580000,766
2026-05-23T01:48:45.1090000,750
2026-05-23T01:48:46.1490000,761
2026-05-23T01:48:47.1900000,760
2026-05-23T01:48:48.2310000,765
2026-05-23T01:48:49.2750000,759
2026-05-23T01:48:50.3160000,735
2026-05-23T01:48:51.3560000,764
2026-05-23T01:48:52.3970000,762
2026-05-23T01:48:53.4380000,761
2026-05-23T01:48:54.4790000,744
2026-05-23T01:48:55.5300000,748
2026-05-23T01:48:56.5710000,762
2026-05-23T01:48:57.6120000,743
2026-05-23T01:48:58.6520000,734
2026-05-23T01:48:59.6930000,746
2026-05-23T01:49:00.7340000,747
2026-05-23T01:49:01.7750000,745
2026-05-23T01:49:02.8150000,758
2026-05-23T01:49:03.8670000,743
2026-05-23T01:49:04.9070000,752
2026-05-23T01:49:05.9480000,753
2026-05-23T01:49:06.9890000,744
2026-05-23T01:49:08.0290000,742
2026-05-23T01:49:09.0700000,733
2026-05-23T01:49:10.1110000,754
2026-05-23T01:49:11.1520000,734
2026-05-23T01:49:12.2030000,746
2026-05-23T01:49:13.2440000,750
2026-05-23T01:49:14.2850000,743
2026-05-23T01:49:15.3250000,749
2026-05-23T01:49:16.3660000,748
2026-05-23T01:49:17.4100000,763
2026-05-23T01:49:18.4510000,744
2026-05-23T01:49:19.4920000,761
2026-05-23T01:49:20.5330000,755
2026-05-23T01:49:21.5730000,731
2026-05-23T01:49:22.6140000,764
2026-05-23T01:49:23.6650000,740
2026-05-23T01:49:24.7060000,759
2026-05-23T01:49:25.7470000,734
2026-05-23T01:49:26.7880000,740
2026-05-23T01:49:27.8280000,759
2026-05-23T01:49:28.8690000,764
2026-05-23T01:49:29.9100000,747
2026-05-23T01:49:30.9500000,747
2026-05-23T01:49:32.0020000,734
2026-05-23T01:49:33.0420000,739
2026-05-23T01:49:34.0830000,742
2026-05-23T01:49:35.1240000,745
2026-05-23T01:49:36.1640000,759
2026-05-23T01:49:37.2050000,740
2026-05-23T01:49:38.2460000,756
2026-05-23T01:49:39.2870000,749
2026-05-23T01:49:40.3380000,740
2026-05-23T01:49:41.3790000,756
2026-05-23T01:49:42.4190000,733
2026-05-23T01:49:43.4610000,755
2026-05-23T01:49:44.5050000,751
2026-05-23T01:49:45.5460000,742
2026-05-23T01:49:46.5860000,758
2026-05-23T01:49:47.6270000,749
2026-05-23T01:49:48.6680000,739
2026-05-23T01:49:49.7090000,744
2026-05-23T01:49:50.7600000,744
2026-05-23T01:49:51.8010000,746
2026-05-23T01:49:52.8410000,741
2026-05-23T01:49:53.8820000,741
2026-05-23T01:49:54.9230000,758
2026-05-23T01:49:55.9640000,736
2026-05-23T01:49:57.0040000,753
2026-05-23T01:49:58.0450000,745
2026-05-23T01:49:59.0890000,727
2026-05-23T01:50:00.1300000,749
2026-05-23T01:50:01.1710000,739
2026-05-23T01:50:02.2220000,747
2026-05-23T01:50:03.2630000,735
2026-05-23T01:50:04.3030000,746
2026-05-23T01:50:05.3440000,739
2026-05-23T01:50:06.3850000,736
2026-05-23T01:50:07.4260000,739
2026-05-23T01:50:08.4670000,733
2026-05-23T01:50:09.5070000,746
2026-05-23T01:50:10.5590000,757
2026-05-23T01:50:11.6000000,743
2026-05-23T01:50:12.6330000,759
2026-05-23T01:50:13.6840000,751
2026-05-23T01:50:14.7250000,766
2026-05-23T01:50:15.7660000,738
2026-05-23T01:50:16.8070000,730
2026-05-23T01:50:17.8470000,766
2026-05-23T01:50:18.8880000,761
2026-05-23T01:50:19.9290000,756
2026-05-23T01:50:20.9700000,759
2026-05-23T01:50:22.0210000,763
2026-05-23T01:50:23.0620000,765
2026-05-23T01:50:24.1030000,763
2026-05-23T01:50:25.1430000,777
2026-05-23T01:50:26.1840000,772
2026-05-23T01:50:27.2220000,772
2026-05-23T01:50:28.2730000,757
2026-05-23T01:50:29.3140000,753
2026-05-23T01:50:30.3540000,769
2026-05-23T01:50:31.3950000,766
2026-05-23T01:50:32.4360000,750
2026-05-23T01:50:33.4770000,755
2026-05-23T01:50:34.5180000,748
2026-05-23T01:50:35.5590000,764
2026-05-23T01:50:36.6100000,760
2026-05-23T01:50:37.6510000,746
2026-05-23T01:50:38.6910000,756
2026-05-23T01:50:39.7320000,756
2026-05-23T01:50:40.7730000,756
2026-05-23T01:50:41.8140000,743
2026-05-23T01:50:42.8540000,753
2026-05-23T01:50:43.8950000,750
2026-05-23T01:50:44.9460000,741
2026-05-23T01:50:45.9870000,751
2026-05-23T01:50:47.0280000,747
2026-05-23T01:50:48.0680000,741
2026-05-23T01:50:49.1090000,750
2026-05-23T01:50:50.1500000,747
2026-05-23T01:50:51.1910000,750
2026-05-23T01:50:52.2310000,760
2026-05-23T01:50:53.2830000,742
2026-05-23T01:50:54.3170000,743
2026-05-23T01:50:55.3570000,745
2026-05-23T01:50:56.4090000,751
2026-05-23T01:50:57.4500000,758
2026-05-23T01:50:58.4900000,753
2026-05-23T01:50:59.5310000,757
2026-05-23T01:51:00.5720000,755
2026-05-23T01:51:01.6130000,748
2026-05-23T01:51:02.6540000,740
2026-05-23T01:51:03.6940000,754
2026-05-23T01:51:04.7450000,755
2026-05-23T01:51:05.7860000,743
2026-05-23T01:51:06.8270000,758
2026-05-23T01:51:07.8680000,745
2026-05-23T01:51:08.9050000,741
2026-05-23T01:51:09.9560000,751
2026-05-23T01:51:10.9970000,759
2026-05-23T01:51:12.0370000,756
2026-05-23T01:51:13.0780000,746
2026-05-23T01:51:14.1190000,759
2026-05-23T01:51:15.1590000,738
2026-05-23T01:51:16.2000000,749
2026-05-23T01:51:17.2410000,749
2026-05-23T01:51:18.2920000,751
2026-05-23T01:51:19.3330000,741
2026-05-23T01:51:20.3740000,746
2026-05-23T01:51:21.4140000,745
2026-05-23T01:51:22.4590000,743
2026-05-23T01:51:23.5000000,748
2026-05-23T01:51:24.5410000,726
2026-05-23T01:51:25.5810000,741
2026-05-23T01:51:26.6220000,733
2026-05-23T01:51:27.6630000,736
2026-05-23T01:51:28.7040000,738
2026-05-23T01:51:29.7550000,745
2026-05-23T01:51:30.7950000,741
2026-05-23T01:51:31.8360000,743
2026-05-23T01:51:32.8770000,756
2026-05-23T01:51:33.9180000,743
2026-05-23T01:51:34.9580000,744
2026-05-23T01:51:35.9990000,747
2026-05-23T01:51:37.0430000,749
2026-05-23T01:51:38.0840000,753
2026-05-23T01:51:39.1250000,759
2026-05-23T01:51:40.1650000,742
2026-05-23T01:51:41.2170000,752
2026-05-23T01:51:42.2570000,752
2026-05-23T01:51:43.2980000,759
2026-05-23T01:51:44.3390000,745
2026-05-23T01:51:45.3800000,751
2026-05-23T01:51:46.4200000,740
2026-05-23T01:51:47.4610000,753
2026-05-23T01:51:48.5020000,750
2026-05-23T01:51:49.5530000,751
2026-05-23T01:51:50.5870000,753
2026-05-23T01:51:51.6280000,761
2026-05-23T01:51:52.6790000,741
2026-05-23T01:51:53.7200000,752
2026-05-23T01:51:54.7600000,759
2026-05-23T01:51:55.8010000,751
2026-05-23T01:51:56.8420000,755
2026-05-23T01:51:57.8820000,744
2026-05-23T01:51:58.9230000,764
2026-05-23T01:51:59.9640000,750
2026-05-23T01:52:01.0150000,761
2026-05-23T01:52:02.0560000,751
2026-05-23T01:52:03.0970000,755
2026-05-23T01:52:04.1410000,759
2026-05-23T01:52:05.1820000,754
2026-05-23T01:52:06.2220000,769
2026-05-23T01:52:07.2630000,778
2026-05-23T01:52:08.3040000,764
2026-05-23T01:52:09.3450000,737
2026-05-23T01:52:10.3860000,734
2026-05-23T01:52:11.4260000,766
2026-05-23T01:52:12.4780000,763
2026-05-23T01:52:13.5180000,751
2026-05-23T01:52:14.5590000,744
2026-05-23T01:52:15.6000000,758
2026-05-23T01:52:16.6400000,740
2026-05-23T01:52:17.6810000,751
2026-05-23T01:52:18.7250000,736
2026-05-23T01:52:19.7660000,747
2026-05-23T01:52:20.8070000,727
2026-05-23T01:52:21.8470000,740
2026-05-23T01:52:22.8990000,749
2026-05-23T01:52:23.9390000,752
2026-05-23T01:52:24.9800000,747
2026-05-23T01:52:26.0210000,734
2026-05-23T01:52:27.0620000,746
2026-05-23T01:52:28.1020000,749
2026-05-23T01:52:29.1430000,749
2026-05-23T01:52:30.1840000,758
2026-05-23T01:52:31.2250000,749
2026-05-23T01:52:32.2760000,752
2026-05-23T01:52:33.3170000,749
2026-05-23T01:52:34.3580000,734
2026-05-23T01:52:35.3990000,753
2026-05-23T01:52:36.4400000,738
2026-05-23T01:52:37.4800000,753
2026-05-23T01:52:38.5210000,751
2026-05-23T01:52:39.5620000,749
2026-05-23T01:52:40.6130000,760
2026-05-23T01:52:41.6540000,744
2026-05-23T01:52:42.6940000,761
2026-05-23T01:52:43.7350000,761
2026-05-23T01:52:44.7760000,742
2026-05-23T01:52:45.8200000,774
2026-05-23T01:52:46.8610000,762
2026-05-23T01:52:47.9010000,740
2026-05-23T01:52:48.9420000,750
2026-05-23T01:52:49.9830000,741
2026-05-23T01:52:51.0240000,749
2026-05-23T01:52:52.0750000,747
2026-05-23T01:52:53.1160000,743
2026-05-23T01:52:54.1560000,761
2026-05-23T01:52:55.1970000,735
2026-05-23T01:52:56.2380000,752
2026-05-23T01:52:57.2790000,755
2026-05-23T01:52:58.3190000,740
2026-05-23T01:52:59.3600000,752
2026-05-23T01:53:00.4040000,750
2026-05-23T01:53:01.4450000,743
2026-05-23T01:53:02.4860000,736
2026-05-23T01:53:03.5370000,756
2026-05-23T01:53:04.5780000,751
2026-05-23T01:53:05.6190000,743
2026-05-23T01:53:06.6590000,752
2026-05-23T01:53:07.7000000,758
2026-05-23T01:53:08.7410000,735
2026-05-23T01:53:09.7820000,757
2026-05-23T01:53:10.8220000,739
2026-05-23T01:53:11.8730000,759
2026-05-23T01:53:12.9140000,739
2026-05-23T01:53:13.9480000,759
2026-05-23T01:53:14.9990000,760
2026-05-23T01:53:16.0400000,754
2026-05-23T01:53:17.0810000,748
2026-05-23T01:53:18.1210000,757
2026-05-23T01:53:19.1620000,772
2026-05-23T01:53:20.2030000,758
2026-05-23T01:53:21.2440000,757
2026-05-23T01:53:22.2850000,745
2026-05-23T01:53:23.3360000,740
2026-05-23T01:53:24.3770000,757
2026-05-23T01:53:25.4170000,759
2026-05-23T01:53:26.4580000,751
2026-05-23T01:53:27.4990000,739
2026-05-23T01:53:28.5360000,750
2026-05-23T01:53:29.5870000,752
2026-05-23T01:53:30.6280000,747
2026-05-23T01:53:31.6690000,743
2026-05-23T01:53:32.7090000,754
2026-05-23T01:53:33.7500000,749
2026-05-23T01:53:34.7910000,754
2026-05-23T01:53:35.8310000,771
2026-05-23T01:53:36.8720000,750
2026-05-23T01:53:37.9230000,759
2026-05-23T01:53:38.9640000,766
2026-05-23T01:53:40.0050000,761
2026-05-23T01:53:41.0460000,763
2026-05-23T01:53:42.0860000,742
2026-05-23T01:53:43.1270000,747
2026-05-23T01:53:44.1680000,750
2026-05-23T01:53:45.2090000,759
2026-05-23T01:53:46.2600000,769
2026-05-23T01:53:47.3010000,759
2026-05-23T01:53:48.3410000,751
2026-05-23T01:53:49.3820000,764
2026-05-23T01:53:50.4230000,768
2026-05-23T01:53:51.4640000,766
2026-05-23T01:53:52.5040000,755
2026-05-23T01:53:53.5450000,751
2026-05-23T01:53:54.5860000,764
2026-05-23T01:53:55.6300000,762
2026-05-23T01:53:56.6710000,763
2026-05-23T01:53:57.7120000,762
2026-05-23T01:53:58.7630000,765
2026-05-23T01:53:59.8030000,736
2026-05-23T01:54:00.8440000,746
2026-05-23T01:54:01.8850000,756
2026-05-23T01:54:02.9260000,754
2026-05-23T01:54:03.9670000,748
2026-05-23T01:54:05.0070000,746
2026-05-23T01:54:06.0480000,750
2026-05-23T01:54:07.0990000,746
2026-05-23T01:54:08.1400000,752
2026-05-23T01:54:09.1810000,749
2026-05-23T01:54:10.2250000,761
2026-05-23T01:54:11.2660000,758
2026-05-23T01:54:12.3070000,759
2026-05-23T01:54:13.3480000,746
2026-05-23T01:54:14.3890000,760
2026-05-23T01:54:15.4290000,758
2026-05-23T01:54:16.4700000,762
2026-05-23T01:54:17.5110000,754
2026-05-23T01:54:18.5510000,757
2026-05-23T01:54:19.6030000,749
2026-05-23T01:54:20.6430000,755
2026-05-23T01:54:21.6840000,749
2026-05-23T01:54:22.7250000,753
2026-05-23T01:54:23.7690000,746
2026-05-23T01:54:24.8100000,768
2026-05-23T01:54:25.8500000,754
2026-05-23T01:54:26.8910000,753
2026-05-23T01:54:27.9320000,744
2026-05-23T01:54:28.9730000,739
2026-05-23T01:54:30.0130000,744
2026-05-23T01:54:31.0650000,742
2026-05-23T01:54:32.1050000,752
2026-05-23T01:54:33.1460000,755
2026-05-23T01:54:34.1870000,751
2026-05-23T01:54:35.2280000,745
2026-05-23T01:54:36.2690000,719
2026-05-23T01:54:37.3090000,749
2026-05-23T01:54:38.3530000,743
2026-05-23T01:54:39.3940000,742
2026-05-23T01:54:40.4350000,741
2026-05-23T01:54:41.4760000,752
2026-05-23T01:54:42.5270000,747
2026-05-23T01:54:43.5680000,736
2026-05-23T01:54:44.6080000,727
2026-05-23T01:54:45.6490000,722
2026-05-23T01:54:46.6900000,733
2026-05-23T01:54:47.7300000,728
2026-05-23T01:54:48.7710000,749
2026-05-23T01:54:49.8120000,750
2026-05-23T01:54:50.8530000,740
2026-05-23T01:54:51.8970000,729
2026-05-23T01:54:52.9380000,742
2026-05-23T01:54:53.9790000,746
2026-05-23T01:54:55.0300000,742
2026-05-23T01:54:56.0710000,748
2026-05-23T01:54:57.1120000,752
2026-05-23T01:54:58.1520000,738
2026-05-23T01:54:59.1930000,749
2026-05-23T01:55:00.2340000,752
2026-05-23T01:55:01.2750000,744
2026-05-23T01:55:02.3150000,744
2026-05-23T01:55:03.3560000,751
2026-05-23T01:55:04.4070000,753
2026-05-23T01:55:05.4480000,757
2026-05-23T01:55:06.4890000,752
2026-05-23T01:55:07.5290000,733
2026-05-23T01:55:08.5700000,738
2026-05-23T01:55:09.6110000,754
2026-05-23T01:55:10.6520000,734
2026-05-23T01:55:11.6920000,745
2026-05-23T01:55:12.7430000,750
2026-05-23T01:55:13.7840000,739
2026-05-23T01:55:14.8250000,733
2026-05-23T01:55:15.8660000,726
2026-05-23T01:55:16.9070000,756
2026-05-23T01:55:17.9470000,740
2026-05-23T01:55:18.9880000,743
2026-05-23T01:55:20.0360000,756
2026-05-23T01:55:21.0770000,737
2026-05-23T01:55:22.1180000,746
2026-05-23T01:55:23.1610000,754
2026-05-23T01:55:24.2020000,732
2026-05-23T01:55:25.2430000,748
2026-05-23T01:55:26.2830000,735
2026-05-23T01:55:27.3240000,759
2026-05-23T01:55:28.3650000,750
2026-05-23T01:55:29.4060000,751
2026-05-23T01:55:30.4570000,760
2026-05-23T01:55:31.4970000,740
2026-05-23T01:55:32.5380000,750
2026-05-23T01:55:33.5790000,749
2026-05-23T01:55:34.6190000,741
2026-05-23T01:55:35.6600000,749
2026-05-23T01:55:36.7010000,735
2026-05-23T01:55:37.7420000,751
2026-05-23T01:55:38.7930000,759
2026-05-23T01:55:39.8340000,755
2026-05-23T01:55:40.8740000,765
2026-05-23T01:55:41.9150000,746
2026-05-23T01:55:42.9560000,752
2026-05-23T01:55:43.9970000,762
2026-05-23T01:55:45.0370000,766
2026-05-23T01:55:46.0780000,765
2026-05-23T01:55:47.1190000,759
2026-05-23T01:55:48.1630000,764
2026-05-23T01:55:49.2040000,759
2026-05-23T01:55:50.2450000,750
2026-05-23T01:55:51.2960000,761
2026-05-23T01:55:52.3370000,751
2026-05-23T01:55:53.3770000,751
2026-05-23T01:55:54.4180000,748
2026-05-23T01:55:55.4590000,753
2026-05-23T01:55:56.4990000,765
2026-05-23T01:55:57.5400000,756
2026-05-23T01:55:58.5810000,765
2026-05-23T01:55:59.6320000,769
2026-05-23T01:56:00.6730000,770
2026-05-23T01:56:01.7100000,774
2026-05-23T01:56:02.7510000,750
2026-05-23T01:56:03.7910000,757
2026-05-23T01:56:04.8430000,760
2026-05-23T01:56:05.8830000,765
2026-05-23T01:56:06.9240000,763
2026-05-23T01:56:07.9650000,750
2026-05-23T01:56:09.0060000,756
2026-05-23T01:56:10.0470000,765
2026-05-23T01:56:11.0880000,750
2026-05-23T01:56:12.1280000,757
2026-05-23T01:56:13.1690000,746
2026-05-23T01:56:14.2100000,774
2026-05-23T01:56:15.2610000,753
2026-05-23T01:56:16.3020000,764
2026-05-23T01:56:17.3420000,761
2026-05-23T01:56:18.3830000,752
2026-05-23T01:56:19.4240000,760
2026-05-23T01:56:20.4650000,769
2026-05-23T01:56:21.5050000,761
2026-05-23T01:56:22.5460000,761
2026-05-23T01:56:23.5870000,769
2026-05-23T01:56:24.6380000,773
2026-05-23T01:56:25.6790000,755
2026-05-23T01:56:26.7200000,760
2026-05-23T01:56:27.7610000,764
2026-05-23T01:56:28.8010000,752
2026-05-23T01:56:29.8460000,762
2026-05-23T01:56:30.8860000,747
2026-05-23T01:56:31.9270000,755
2026-05-23T01:56:32.9680000,742
2026-05-23T01:56:34.0090000,757
2026-05-23T01:56:35.0490000,760
2026-05-23T01:56:36.0900000,751
2026-05-23T01:56:37.1410000,744
2026-05-23T01:56:38.1820000,757
2026-05-23T01:56:39.2230000,756
2026-05-23T01:56:40.2640000,740
2026-05-23T01:56:41.3040000,752
2026-05-23T01:56:42.3450000,757
2026-05-23T01:56:43.3860000,760
2026-05-23T01:56:44.4260000,748
2026-05-23T01:56:45.4780000,754
2026-05-23T01:56:46.5180000,750
2026-05-23T01:56:47.5590000,766
2026-05-23T01:56:48.6000000,755
2026-05-23T01:56:49.6410000,757
2026-05-23T01:56:50.6810000,765
2026-05-23T01:56:51.7220000,764
2026-05-23T01:56:52.7630000,757
2026-05-23T01:56:53.8040000,752
2026-05-23T01:56:54.8550000,751
2026-05-23T01:56:55.8960000,747
2026-05-23T01:56:56.9290000,740
2026-05-23T01:56:57.9810000,746
2026-05-23T01:56:59.0220000,749
2026-05-23T01:57:00.0620000,750
2026-05-23T01:57:01.1030000,755
2026-05-23T01:57:02.1440000,761
2026-05-23T01:57:03.1840000,759
2026-05-23T01:57:04.2250000,775
2026-05-23T01:57:05.2660000,747
2026-05-23T01:57:06.3170000,751
2026-05-23T01:57:07.3580000,753
2026-05-23T01:57:08.3980000,753
2026-05-23T01:57:09.4390000,747
2026-05-23T01:57:10.4800000,744
2026-05-23T01:57:11.5240000,761
2026-05-23T01:57:12.5650000,754
2026-05-23T01:57:13.6060000,748
2026-05-23T01:57:14.6470000,762
2026-05-23T01:57:15.6880000,758
2026-05-23T01:57:16.7290000,773
2026-05-23T01:57:17.7690000,760
2026-05-23T01:57:18.8100000,762
2026-05-23T01:57:19.8610000,765
2026-05-23T01:57:20.9020000,764
2026-05-23T01:57:21.9430000,765
2026-05-23T01:57:22.9840000,766
2026-05-23T01:57:24.0240000,754
2026-05-23T01:57:25.0650000,765
2026-05-23T01:57:26.1060000,753
2026-05-23T01:57:27.1460000,753
2026-05-23T01:57:28.1980000,767
2026-05-23T01:57:29.2380000,769
2026-05-23T01:57:30.2790000,754
2026-05-23T01:57:31.3200000,752
2026-05-23T01:57:32.3600000,766
2026-05-23T01:57:33.4010000,749
2026-05-23T01:57:34.4420000,749
2026-05-23T01:57:35.4830000,754
2026-05-23T01:57:36.5240000,735
2026-05-23T01:57:37.5750000,749
2026-05-23T01:57:38.6160000,756
2026-05-23T01:57:39.6490000,761
2026-05-23T01:57:40.7010000,754
2026-05-23T01:57:41.7420000,736
2026-05-23T01:57:42.7820000,765
2026-05-23T01:57:43.8230000,753
2026-05-23T01:57:44.8640000,753
2026-05-23T01:57:45.9050000,769
2026-05-23T01:57:46.9450000,747
2026-05-23T01:57:47.9860000,739
2026-05-23T01:57:49.0270000,754
2026-05-23T01:57:50.0780000,754
2026-05-23T01:57:51.1190000,759
2026-05-23T01:57:52.1600000,747
2026-05-23T01:57:53.2040000,750
2026-05-23T01:57:54.2450000,761
2026-05-23T01:57:55.2850000,758
2026-05-23T01:57:56.3260000,760
2026-05-23T01:57:57.3670000,749
2026-05-23T01:57:58.4070000,760
2026-05-23T01:57:59.4480000,748
2026-05-23T01:58:00.4890000,757
2026-05-23T01:58:01.5300000,756
2026-05-23T01:58:02.5810000,749
2026-05-23T01:58:03.6220000,745
2026-05-23T01:58:04.6620000,749
2026-05-23T01:58:05.7030000,759
2026-05-23T01:58:06.7470000,759
2026-05-23T01:58:07.7880000,748
2026-05-23T01:58:08.8290000,753
2026-05-23T01:58:09.8700000,767
2026-05-23T01:58:10.9110000,744
2026-05-23T01:58:11.9510000,755
2026-05-23T01:58:12.9920000,754
2026-05-23T01:58:14.0430000,745
2026-05-23T01:58:15.0840000,743
2026-05-23T01:58:16.1250000,742
2026-05-23T01:58:17.1650000,752
2026-05-23T01:58:18.2060000,742
2026-05-23T01:58:19.2470000,740
2026-05-23T01:58:20.2880000,756
2026-05-23T01:58:21.3350000,758
2026-05-23T01:58:22.3760000,747
2026-05-23T01:58:23.4170000,741
2026-05-23T01:58:24.4580000,740
2026-05-23T01:58:25.4990000,747
2026-05-23T01:58:26.5400000,753
2026-05-23T01:58:27.5800000,743
2026-05-23T01:58:28.6210000,731
2026-05-23T01:58:29.6720000,739
2026-05-23T01:58:30.7130000,746
2026-05-23T01:58:31.7540000,736
2026-05-23T01:58:32.7950000,742
2026-05-23T01:58:33.8360000,740
2026-05-23T01:58:34.8760000,739
2026-05-23T01:58:35.9170000,729
2026-05-23T01:58:36.9580000,735
2026-05-23T01:58:37.9990000,753
2026-05-23T01:58:39.0500000,742
2026-05-23T01:58:40.0900000,735
2026-05-23T01:58:41.1310000,738
2026-05-23T01:58:42.1720000,736
2026-05-23T01:58:43.2130000,747
2026-05-23T01:58:44.2530000,741
2026-05-23T01:58:45.2940000,747
2026-05-23T01:58:46.3350000,744
2026-05-23T01:58:47.3860000,737
2026-05-23T01:58:48.4270000,741
2026-05-23T01:58:49.4640000,734
2026-05-23T01:58:50.5050000,756
2026-05-23T01:58:51.5450000,741
2026-05-23T01:58:52.5970000,747
2026-05-23T01:58:53.6380000,747
2026-05-23T01:58:54.6790000,742
2026-05-23T01:58:55.7190000,739
2026-05-23T01:58:56.7600000,735
2026-05-23T01:58:57.8010000,746
2026-05-23T01:58:58.8420000,763
2026-05-23T01:58:59.8820000,726
2026-05-23T01:59:00.9230000,728
2026-05-23T01:59:01.9740000,731
2026-05-23T01:59:03.0150000,743
2026-05-23T01:59:04.0560000,742
2026-05-23T01:59:05.0960000,745
2026-05-23T01:59:06.1370000,743
2026-05-23T01:59:07.1780000,758
2026-05-23T01:59:08.2180000,741
2026-05-23T01:59:09.2590000,749
2026-05-23T01:59:10.3100000,740
2026-05-23T01:59:11.3510000,737
2026-05-23T01:59:12.3920000,748
2026-05-23T01:59:13.4330000,739
2026-05-23T01:59:14.4740000,755
2026-05-23T01:59:15.5150000,743
2026-05-23T01:59:16.5590000,748
2026-05-23T01:59:17.6000000,744
2026-05-23T01:59:18.6400000,753
2026-05-23T01:59:19.6810000,753
2026-05-23T01:59:20.7220000,745
2026-05-23T01:59:21.7730000,737
2026-05-23T01:59:22.8140000,750
2026-05-23T01:59:23.8550000,742
2026-05-23T01:59:24.8950000,762
2026-05-23T01:59:25.9360000,744
2026-05-23T01:59:26.9770000,766
2026-05-23T01:59:28.0170000,754
2026-05-23T01:59:29.0580000,747
2026-05-23T01:59:30.1090000,753
2026-05-23T01:59:31.1430000,750
2026-05-23T01:59:32.1840000,749
2026-05-23T01:59:33.2350000,748
2026-05-23T01:59:34.2760000,746
2026-05-23T01:59:35.3160000,757
2026-05-23T01:59:36.3570000,755
2026-05-23T01:59:37.3980000,746
2026-05-23T01:59:38.4380000,752
2026-05-23T01:59:39.4790000,757
2026-05-23T01:59:40.5200000,762
2026-05-23T01:59:41.5710000,754
2026-05-23T01:59:42.6120000,754
2026-05-23T01:59:43.6530000,755
2026-05-23T01:59:44.6970000,753
2026-05-23T01:59:45.7380000,760
2026-05-23T01:59:46.7790000,748
2026-05-23T01:59:47.8200000,746
2026-05-23T01:59:48.8600000,755
2026-05-23T01:59:49.9010000,743
2026-05-23T01:59:50.9420000,750
2026-05-23T01:59:51.9820000,750
2026-05-23T01:59:53.0340000,748
2026-05-23T01:59:54.0740000,753
2026-05-23T01:59:55.1150000,756
2026-05-23T01:59:56.1560000,757
2026-05-23T01:59:57.1960000,755
2026-05-23T01:59:58.2370000,745
2026-05-23T01:59:59.2810000,758
2026-05-23T02:00:00.3220000,749
2026-05-23T02:00:01.3630000,759
2026-05-23T02:00:02.4030000,750
2026-05-23T02:00:03.4450000,750
2026-05-23T02:00:04.4960000,745
2026-05-23T02:00:05.5370000,751
2026-05-23T02:00:06.5770000,759
2026-05-23T02:00:07.6180000,749
2026-05-23T02:00:08.6590000,738
2026-05-23T02:00:09.7000000,742
2026-05-23T02:00:10.7400000,757
2026-05-23T02:00:11.7810000,750
2026-05-23T02:00:12.8250000,734
2026-05-23T02:00:13.8660000,748
2026-05-23T02:00:14.9070000,753
2026-05-23T02:00:15.9580000,736
2026-05-23T02:00:16.9990000,761
2026-05-23T02:00:18.0390000,757
2026-05-23T02:00:19.0800000,748
2026-05-23T02:00:20.1210000,756
2026-05-23T02:00:21.1620000,757
2026-05-23T02:00:22.2020000,764
2026-05-23T02:00:23.2530000,739
2026-05-23T02:00:24.2940000,734
2026-05-23T02:00:25.3350000,738
2026-05-23T02:00:26.3790000,762
2026-05-23T02:00:27.4200000,761
2026-05-23T02:00:28.4610000,754
2026-05-23T02:00:29.5020000,754
2026-05-23T02:00:30.5420000,747
2026-05-23T02:00:31.5830000,764
2026-05-23T02:00:32.6240000,763
2026-05-23T02:00:33.6650000,759
2026-05-23T02:00:34.7160000,742
2026-05-23T02:00:35.7570000,745
2026-05-23T02:00:36.7980000,754
2026-05-23T02:00:37.8380000,756
2026-05-23T02:00:38.8790000,743
2026-05-23T02:00:39.9200000,747
2026-05-23T02:00:40.9670000,744
2026-05-23T02:00:42.0080000,744
2026-05-23T02:00:43.0490000,744
2026-05-23T02:00:44.0890000,744
2026-05-23T02:00:45.1300000,738
2026-05-23T02:00:46.1710000,759
2026-05-23T02:00:47.2110000,746
2026-05-23T02:00:48.2630000,740
2026-05-23T02:00:49.3030000,744
2026-05-23T02:00:50.3440000,749
2026-05-23T02:00:51.3850000,752
2026-05-23T02:00:52.4260000,738
2026-05-23T02:00:53.4670000,752
2026-05-23T02:00:54.5110000,738
2026-05-23T02:00:55.5520000,741
2026-05-23T02:00:56.5930000,738
2026-05-23T02:00:57.6330000,754
2026-05-23T02:00:58.6740000,746
2026-05-23T02:00:59.7250000,741
2026-05-23T02:01:00.7660000,747
2026-05-23T02:01:01.8070000,734
2026-05-23T02:01:02.8480000,755
2026-05-23T02:01:03.8880000,746
2026-05-23T02:01:04.9290000,740
2026-05-23T02:01:05.9700000,756
2026-05-23T02:01:07.0100000,736
2026-05-23T02:01:08.0620000,749
2026-05-23T02:01:09.1020000,749
2026-05-23T02:01:10.1430000,752
2026-05-23T02:01:11.1840000,751
2026-05-23T02:01:12.2240000,752
2026-05-23T02:01:13.2650000,770
2026-05-23T02:01:14.3060000,766
2026-05-23T02:01:15.3470000,758
2026-05-23T02:01:16.3980000,776
2026-05-23T02:01:17.4390000,741
2026-05-23T02:01:18.4800000,751
2026-05-23T02:01:19.5200000,766
2026-05-23T02:01:20.5610000,751
2026-05-23T02:01:21.6020000,759
2026-05-23T02:01:22.6420000,755
2026-05-23T02:01:23.6830000,752
2026-05-23T02:01:24.7240000,768
2026-05-23T02:01:25.7750000,761
2026-05-23T02:01:26.8160000,762
2026-05-23T02:01:27.8570000,755
2026-05-23T02:01:28.8970000,763
2026-05-23T02:01:29.9380000,769
2026-05-23T02:01:30.9790000,756
2026-05-23T02:01:32.0200000,763
2026-05-23T02:01:33.0600000,762
2026-05-23T02:01:34.1110000,761
2026-05-23T02:01:35.1520000,758
2026-05-23T02:01:36.1860000,766
2026-05-23T02:01:37.2370000,742
2026-05-23T02:01:38.2780000,753
2026-05-23T02:01:39.3190000,768
2026-05-23T02:01:40.3590000,766
2026-05-23T02:01:41.4000000,766
2026-05-23T02:01:42.4410000,756
2026-05-23T02:01:43.4820000,748
2026-05-23T02:01:44.5230000,753
2026-05-23T02:01:45.5630000,757
2026-05-23T02:01:46.6150000,756
2026-05-23T02:01:47.6550000,748
2026-05-23T02:01:48.6960000,752
2026-05-23T02:01:49.7370000,761
2026-05-23T02:01:50.7740000,769
2026-05-23T02:01:51.8150000,762
2026-05-23T02:01:52.8660000,747
2026-05-23T02:01:53.9070000,758
2026-05-23T02:01:54.9480000,744
2026-05-23T02:01:55.9880000,751
2026-05-23T02:01:57.0290000,740
2026-05-23T02:01:58.0700000,752
2026-05-23T02:01:59.1100000,738
2026-05-23T02:02:00.1510000,754
2026-05-23T02:02:01.1920000,753
2026-05-23T02:02:02.2430000,730
2026-05-23T02:02:03.2840000,748
2026-05-23T02:02:04.3280000,753
2026-05-23T02:02:05.3690000,752
2026-05-23T02:02:06.4100000,752
2026-05-23T02:02:07.4500000,746
2026-05-23T02:02:08.4910000,739
2026-05-23T02:02:09.5320000,742
2026-05-23T02:02:10.5730000,754
2026-05-23T02:02:11.6130000,757
2026-05-23T02:02:12.6540000,752
2026-05-23T02:02:13.7050000,746
2026-05-23T02:02:14.7460000,750
2026-05-23T02:02:15.7870000,742
2026-05-23T02:02:16.8270000,749
2026-05-23T02:02:17.8680000,742
2026-05-23T02:02:18.9050000,750
2026-05-23T02:02:19.9570000,757
2026-05-23T02:02:20.9970000,749
2026-05-23T02:02:22.0380000,750
2026-05-23T02:02:23.0790000,750
2026-05-23T02:02:24.1200000,739
2026-05-23T02:02:25.1610000,730
2026-05-23T02:02:26.2010000,731
2026-05-23T02:02:27.2420000,746
2026-05-23T02:02:28.2830000,739
2026-05-23T02:02:29.3340000,739
2026-05-23T02:02:30.3750000,747
2026-05-23T02:02:31.4160000,744
2026-05-23T02:02:32.4600000,756
2026-05-23T02:02:33.5010000,737
2026-05-23T02:02:34.5410000,750
2026-05-23T02:02:35.5820000,739
2026-05-23T02:02:36.6230000,738
2026-05-23T02:02:37.6630000,750
2026-05-23T02:02:38.7040000,746
2026-05-23T02:02:39.7450000,758
2026-05-23T02:02:40.7960000,758
2026-05-23T02:02:41.8370000,736
2026-05-23T02:02:42.8780000,769
2026-05-23T02:02:43.9180000,749
2026-05-23T02:02:44.9590000,739
2026-05-23T02:02:46.0000000,759
2026-05-23T02:02:47.0410000,735
2026-05-23T02:02:48.0810000,745
2026-05-23T02:02:49.1220000,755
2026-05-23T02:02:50.1730000,737
2026-05-23T02:02:51.2140000,762
2026-05-23T02:02:52.2550000,743
2026-05-23T02:02:53.2960000,761
2026-05-23T02:02:54.3360000,753
2026-05-23T02:02:55.3770000,757
2026-05-23T02:02:56.4180000,756
2026-05-23T02:02:57.4580000,757
2026-05-23T02:02:58.4990000,749
2026-05-23T02:02:59.5500000,743
2026-05-23T02:03:00.5840000,756
2026-05-23T02:03:01.6250000,762
2026-05-23T02:03:02.6760000,754
2026-05-23T02:03:03.7170000,765
2026-05-23T02:03:04.7580000,755
2026-05-23T02:03:05.7990000,749
2026-05-23T02:03:06.8390000,764
2026-05-23T02:03:07.8800000,765
2026-05-23T02:03:08.9210000,770
2026-05-23T02:03:09.9610000,755
2026-05-23T02:03:11.0120000,762
2026-05-23T02:03:12.0530000,763
2026-05-23T02:03:13.0940000,766
2026-05-23T02:03:14.1380000,776
2026-05-23T02:03:15.1790000,751
2026-05-23T02:03:16.2200000,750
2026-05-23T02:03:17.2600000,748
2026-05-23T02:03:18.3010000,763
2026-05-23T02:03:19.3420000,753
2026-05-23T02:03:20.3830000,753
2026-05-23T02:03:21.4240000,764
2026-05-23T02:03:22.4750000,745
2026-05-23T02:03:23.5160000,758
2026-05-23T02:03:24.5570000,775
2026-05-23T02:03:25.5980000,766
2026-05-23T02:03:26.6380000,757
2026-05-23T02:03:27.6790000,776
2026-05-23T02:03:28.7230000,770
2026-05-23T02:03:29.7640000,753
2026-05-23T02:03:30.8050000,762
2026-05-23T02:03:31.8450000,746
2026-05-23T02:03:32.8860000,749
2026-05-23T02:03:33.9270000,762
2026-05-23T02:03:34.9780000,769
2026-05-23T02:03:36.0190000,745
2026-05-23T02:03:37.0590000,744
2026-05-23T02:03:38.1000000,751
2026-05-23T02:03:39.1410000,741
2026-05-23T02:03:40.1810000,750
2026-05-23T02:03:41.2220000,760
2026-05-23T02:03:42.2630000,746
2026-05-23T02:03:43.3140000,744
2026-05-23T02:03:44.3550000,730
2026-05-23T02:03:45.3960000,744
2026-05-23T02:03:46.4360000,730
2026-05-23T02:03:47.4770000,731
2026-05-23T02:03:48.5180000,739
2026-05-23T02:03:49.5580000,748
2026-05-23T02:03:50.5990000,753
2026-05-23T02:03:51.6500000,737
2026-05-23T02:03:52.6910000,751
2026-05-23T02:03:53.7320000,740
2026-05-23T02:03:54.7720000,736
2026-05-23T02:03:55.8170000,748
2026-05-23T02:03:56.8570000,720
2026-05-23T02:03:57.8980000,737
2026-05-23T02:03:58.9390000,735
2026-05-23T02:03:59.9800000,758
2026-05-23T02:04:01.0200000,759
2026-05-23T02:04:02.0610000,737
2026-05-23T02:04:03.1020000,755
2026-05-23T02:04:04.1530000,762
2026-05-23T02:04:05.1940000,749
2026-05-23T02:04:06.2350000,757
2026-05-23T02:04:07.2760000,746
2026-05-23T02:04:08.3160000,740
2026-05-23T02:04:09.3570000,741
2026-05-23T02:04:10.3980000,747
2026-05-23T02:04:11.4380000,758
2026-05-23T02:04:12.4790000,745
2026-05-23T02:04:13.5310000,736
2026-05-23T02:04:14.5710000,753
2026-05-23T02:04:15.6120000,758
2026-05-23T02:04:16.6530000,755
2026-05-23T02:04:17.6930000,736
2026-05-23T02:04:18.7340000,750
2026-05-23T02:04:19.7750000,754
2026-05-23T02:04:20.8160000,759
2026-05-23T02:04:21.8560000,759
2026-05-23T02:04:22.9080000,761
2026-05-23T02:04:23.9410000,749
2026-05-23T02:04:24.9820000,767
2026-05-23T02:04:26.0330000,758
2026-05-23T02:04:27.0740000,743
2026-05-23T02:04:28.1150000,755
2026-05-23T02:04:29.1560000,762
2026-05-23T02:04:30.1960000,748
2026-05-23T02:04:31.2370000,747
2026-05-23T02:04:32.2780000,759
2026-05-23T02:04:33.3190000,747
2026-05-23T02:04:34.3590000,759
2026-05-23T02:04:35.4110000,755
2026-05-23T02:04:36.4510000,756
2026-05-23T02:04:37.4920000,764
2026-05-23T02:04:38.5330000,746
2026-05-23T02:04:39.5730000,752
2026-05-23T02:04:40.6140000,757
2026-05-23T02:04:41.6550000,748
2026-05-23T02:04:42.6960000,752
2026-05-23T02:04:43.7470000,738
2026-05-23T02:04:44.7880000,753
2026-05-23T02:04:45.8290000,746
2026-05-23T02:04:46.8690000,755
2026-05-23T02:04:47.9100000,752
2026-05-23T02:04:48.9510000,755
2026-05-23T02:04:49.9920000,753
2026-05-23T02:04:51.0320000,763
2026-05-23T02:04:52.0770000,754
2026-05-23T02:04:53.1170000,753
2026-05-23T02:04:54.1580000,755
2026-05-23T02:04:55.1990000,752
2026-05-23T02:04:56.2500000,753
2026-05-23T02:04:57.2910000,756
2026-05-23T02:04:58.3320000,770
2026-05-23T02:04:59.3720000,757
2026-05-23T02:05:00.4130000,778
2026-05-23T02:05:01.4540000,748
2026-05-23T02:05:02.4950000,760
2026-05-23T02:05:03.5350000,770
2026-05-23T02:05:04.5760000,741
2026-05-23T02:05:05.6200000,747
2026-05-23T02:05:06.6610000,757
2026-05-23T02:05:07.7020000,758
2026-05-23T02:05:08.7530000,770
2026-05-23T02:05:09.7940000,744
2026-05-23T02:05:10.8340000,756
2026-05-23T02:05:11.8750000,761
2026-05-23T02:05:12.9160000,748
2026-05-23T02:05:13.9570000,763
2026-05-23T02:05:14.9980000,755
2026-05-23T02:05:16.0390000,761
2026-05-23T02:05:17.0800000,752
2026-05-23T02:05:18.1200000,739
2026-05-23T02:05:19.1720000,753
2026-05-23T02:05:20.2050000,762
2026-05-23T02:05:21.2460000,767
2026-05-23T02:05:22.2970000,744
2026-05-23T02:05:23.3380000,773
2026-05-23T02:05:24.3790000,762
2026-05-23T02:05:25.4200000,751
2026-05-23T02:05:26.4600000,770
2026-05-23T02:05:27.5010000,757
2026-05-23T02:05:28.5420000,742
2026-05-23T02:05:29.5830000,758
2026-05-23T02:05:30.6340000,755
2026-05-23T02:05:31.6750000,759
2026-05-23T02:05:32.7150000,754
2026-05-23T02:05:33.7590000,748
2026-05-23T02:05:34.8000000,757
2026-05-23T02:05:35.8410000,767
2026-05-23T02:05:36.8820000,757
2026-05-23T02:05:37.9230000,753
2026-05-23T02:05:38.9630000,751
2026-05-23T02:05:40.0040000,752
2026-05-23T02:05:41.0450000,759
2026-05-23T02:05:42.0860000,755
2026-05-23T02:05:43.1370000,740
2026-05-23T02:05:44.1780000,753
2026-05-23T02:05:45.2190000,755
2026-05-23T02:05:46.2600000,755
2026-05-23T02:05:47.3040000,747
2026-05-23T02:05:48.3450000,753
2026-05-23T02:05:49.3850000,744
2026-05-23T02:05:50.4260000,756
2026-05-23T02:05:51.4670000,740
2026-05-23T02:05:52.5080000,756
2026-05-23T02:05:53.5480000,755
2026-05-23T02:05:54.5990000,746
2026-05-23T02:05:55.6400000,749
2026-05-23T02:05:56.6810000,750
2026-05-23T02:05:57.7220000,734
2026-05-23T02:05:58.7620000,733
2026-05-23T02:05:59.8030000,755
2026-05-23T02:06:00.8440000,739
2026-05-23T02:06:01.8880000,744
2026-05-23T02:06:02.9290000,742
2026-05-23T02:06:03.9700000,735
2026-05-23T02:06:05.0110000,725
2026-05-23T02:06:06.0520000,748
2026-05-23T02:06:07.1030000,741
2026-05-23T02:06:08.1440000,757
2026-05-23T02:06:09.1850000,725
2026-05-23T02:06:10.2260000,747
2026-05-23T02:06:11.2660000,747
2026-05-23T02:06:12.3070000,734
2026-05-23T02:06:13.3480000,741
2026-05-23T02:06:14.3880000,732
2026-05-23T02:06:15.4330000,722
2026-05-23T02:06:16.4730000,742
2026-05-23T02:06:17.5140000,743
2026-05-23T02:06:18.5650000,741
2026-05-23T02:06:19.6060000,747
2026-05-23T02:06:20.6470000,742
2026-05-23T02:06:21.6870000,751
2026-05-23T02:06:22.7280000,749
2026-05-23T02:06:23.7690000,762
2026-05-23T02:06:24.8100000,752
2026-05-23T02:06:25.8500000,744
2026-05-23T02:06:26.8910000,751
2026-05-23T02:06:27.9430000,756
2026-05-23T02:06:28.9830000,745
2026-05-23T02:06:30.0170000,761
2026-05-23T02:06:31.0580000,736
2026-05-23T02:06:32.1090000,744
2026-05-23T02:06:33.1500000,745
2026-05-23T02:06:34.1910000,750
2026-05-23T02:06:35.2310000,748
2026-05-23T02:06:36.2720000,743
2026-05-23T02:06:37.3130000,748
2026-05-23T02:06:38.3530000,751
2026-05-23T02:06:39.3940000,745
2026-05-23T02:06:40.4350000,748
2026-05-23T02:06:41.4860000,754
2026-05-23T02:06:42.5270000,744
2026-05-23T02:06:43.5610000,739
2026-05-23T02:06:44.6120000,747
2026-05-23T02:06:45.6530000,758
2026-05-23T02:06:46.6930000,753
2026-05-23T02:06:47.7340000,752
2026-05-23T02:06:48.7750000,748
2026-05-23T02:06:49.8150000,749
2026-05-23T02:06:50.8560000,750
2026-05-23T02:06:51.8970000,741
2026-05-23T02:06:52.9480000,742
2026-05-23T02:06:53.9890000,734
2026-05-23T02:06:55.0300000,732
2026-05-23T02:06:56.0710000,725
2026-05-23T02:06:57.1110000,744
2026-05-23T02:06:58.1520000,761
2026-05-23T02:06:59.1930000,743
2026-05-23T02:07:00.2330000,759
2026-05-23T02:07:01.2740000,751
2026-05-23T02:07:02.3250000,739
2026-05-23T02:07:03.3660000,745
2026-05-23T02:07:04.4070000,752
2026-05-23T02:07:05.4480000,735
2026-05-23T02:07:06.4880000,759
2026-05-23T02:07:07.5290000,757
2026-05-23T02:07:08.5700000,755
2026-05-23T02:07:09.6110000,749
2026-05-23T02:07:10.6620000,757
2026-05-23T02:07:11.6960000,765
2026-05-23T02:07:12.7360000,750
2026-05-23T02:07:13.7880000,761
2026-05-23T02:07:14.8280000,764
2026-05-23T02:07:15.8690000,758
2026-05-23T02:07:16.9100000,750
2026-05-23T02:07:17.9510000,756
2026-05-23T02:07:18.9910000,764
2026-05-23T02:07:20.0320000,755
2026-05-23T02:07:21.0730000,753
2026-05-23T02:07:22.1140000,748
2026-05-23T02:07:23.1650000,755
2026-05-23T02:07:24.2060000,775
2026-05-23T02:07:25.2460000,769
2026-05-23T02:07:26.2870000,766
2026-05-23T02:07:27.3280000,748
2026-05-23T02:07:28.3680000,761
2026-05-23T02:07:29.4090000,760
2026-05-23T02:07:30.4500000,759
2026-05-23T02:07:31.4910000,775
2026-05-23T02:07:32.5420000,756
2026-05-23T02:07:33.5830000,751
2026-05-23T02:07:34.6230000,760
2026-05-23T02:07:35.6640000,755
2026-05-23T02:07:36.7050000,763
2026-05-23T02:07:37.7460000,752
2026-05-23T02:07:38.7860000,772
2026-05-23T02:07:39.8310000,775
2026-05-23T02:07:40.8710000,768
2026-05-23T02:07:41.9120000,767
2026-05-23T02:07:42.9530000,762
2026-05-23T02:07:44.0040000,774
2026-05-23T02:07:45.0450000,764
2026-05-23T02:07:46.0860000,754
2026-05-23T02:07:47.1260000,776
2026-05-23T02:07:48.1670000,753
2026-05-23T02:07:49.2080000,762
2026-05-23T02:07:50.2480000,759
2026-05-23T02:07:51.2890000,761
2026-05-23T02:07:52.3300000,766
2026-05-23T02:07:53.3810000,746
2026-05-23T02:07:54.4220000,758
2026-05-23T02:07:55.4630000,771
2026-05-23T02:07:56.5030000,757
2026-05-23T02:07:57.5440000,777
2026-05-23T02:07:58.5850000,758
2026-05-23T02:07:59.6260000,768
2026-05-23T02:08:00.6660000,762
2026-05-23T02:08:01.7070000,756
2026-05-23T02:08:02.7480000,761
2026-05-23T02:08:03.8000000,767
2026-05-23T02:08:04.8400000,750
2026-05-23T02:08:05.8810000,766
2026-05-23T02:08:06.9190000,761
2026-05-23T02:08:07.9590000,770
2026-05-23T02:08:09.0000000,758
2026-05-23T02:08:10.0410000,751
2026-05-23T02:08:11.0920000,755
2026-05-23T02:08:12.1330000,751
2026-05-23T02:08:13.1740000,760
2026-05-23T02:08:14.2150000,754
2026-05-23T02:08:15.2560000,761
2026-05-23T02:08:16.2960000,765
2026-05-23T02:08:17.3370000,755
2026-05-23T02:08:18.3780000,776
2026-05-23T02:08:19.4180000,764
2026-05-23T02:08:20.4700000,779
2026-05-23T02:08:21.5030000,758
2026-05-23T02:08:22.5440000,751
2026-05-23T02:08:23.5950000,754
2026-05-23T02:08:24.6360000,753
2026-05-23T02:08:25.6770000,760
2026-05-23T02:08:26.7170000,771
2026-05-23T02:08:27.7580000,765
2026-05-23T02:08:28.7990000,769
2026-05-23T02:08:29.8400000,757
2026-05-23T02:08:30.8800000,757
2026-05-23T02:08:31.9210000,761
2026-05-23T02:08:32.9620000,760
2026-05-23T02:08:34.0130000,761
2026-05-23T02:08:35.0540000,740
2026-05-23T02:08:36.0950000,741
2026-05-23T02:08:37.1360000,756
2026-05-23T02:08:38.1760000,742
2026-05-23T02:08:39.2170000,759
2026-05-23T02:08:40.2580000,738
2026-05-23T02:08:41.2980000,751
2026-05-23T02:08:42.3390000,760
2026-05-23T02:08:43.3900000,742
2026-05-23T02:08:45.4720000,751
2026-05-23T02:08:46.5120000,746
2026-05-23T02:08:47.5530000,762
2026-05-23T02:08:48.5940000,755
2026-05-23T02:08:49.6350000,751
2026-05-23T02:08:50.6750000,742
2026-05-23T02:08:51.7160000,763
2026-05-23T02:08:52.7670000,761
2026-05-23T02:08:53.8080000,761
2026-05-23T02:08:54.8490000,751
2026-05-23T02:08:55.8900000,754
2026-05-23T02:08:56.9300000,751
2026-05-23T02:08:57.9710000,766
2026-05-23T02:08:59.0120000,742
2026-05-23T02:09:00.0530000,757
2026-05-23T02:09:01.0930000,751
2026-05-23T02:09:02.1340000,769
2026-05-23T02:09:03.1780000,759
2026-05-23T02:09:04.2190000,758
2026-05-23T02:09:05.2600000,760
2026-05-23T02:09:06.3110000,760
2026-05-23T02:09:07.3520000,747
2026-05-23T02:09:08.3920000,768
2026-05-23T02:09:09.4330000,756
2026-05-23T02:09:10.4740000,751
2026-05-23T02:09:11.5150000,777
2026-05-23T02:09:12.5560000,756
2026-05-23T02:09:13.5960000,764
2026-05-23T02:09:14.6370000,773
2026-05-23T02:09:15.6880000,767
2026-05-23T02:09:16.7290000,765
2026-05-23T02:09:17.7700000,758
2026-05-23T02:09:18.8100000,760
2026-05-23T02:09:19.8510000,756
2026-05-23T02:09:20.8920000,755
2026-05-23T02:09:21.9330000,752
2026-05-23T02:09:22.9740000,762
2026-05-23T02:09:24.0140000,774
2026-05-23T02:09:25.0550000,768
2026-05-23T02:09:26.1060000,766
2026-05-23T02:09:27.1470000,763
2026-05-23T02:09:28.1880000,764
2026-05-23T02:09:29.2280000,763
2026-05-23T02:09:30.2690000,765
2026-05-23T02:09:31.3130000,761
2026-05-23T02:09:32.3540000,768
2026-05-23T02:09:33.3950000,769
2026-05-23T02:09:34.4350000,774
2026-05-23T02:09:35.4760000,765
2026-05-23T02:09:36.5170000,772
2026-05-23T02:09:37.5580000,755
2026-05-23T02:09:38.6090000,756
2026-05-23T02:09:39.6490000,774
2026-05-23T02:09:40.6900000,775
2026-05-23T02:09:41.7310000,746
2026-05-23T02:09:42.7720000,768
2026-05-23T02:09:43.8130000,755
2026-05-23T02:09:44.8570000,769
2026-05-23T02:09:45.8980000,760
2026-05-23T02:09:46.9390000,765
2026-05-23T02:09:47.9790000,772
2026-05-23T02:09:49.0200000,757
2026-05-23T02:09:50.0610000,755
2026-05-23T02:09:51.1010000,770
2026-05-23T02:09:52.1530000,760
2026-05-23T02:09:53.1930000,770
2026-05-23T02:09:54.2340000,758
2026-05-23T02:09:55.2750000,756
2026-05-23T02:09:56.3160000,748
2026-05-23T02:09:57.3560000,748
2026-05-23T02:09:58.3970000,740
2026-05-23T02:09:59.4380000,739
2026-05-23T02:10:00.4790000,752
2026-05-23T02:10:01.5200000,743
2026-05-23T02:10:02.5710000,772
2026-05-23T02:10:03.6120000,755
2026-05-23T02:10:04.6520000,753
2026-05-23T02:10:05.6930000,746
2026-05-23T02:10:06.7340000,734
2026-05-23T02:10:07.7750000,754
2026-05-23T02:10:08.8150000,738
2026-05-23T02:10:09.8560000,745
2026-05-23T02:10:10.8970000,745
2026-05-23T02:10:11.9480000,749
2026-05-23T02:10:12.9820000,732
2026-05-23T02:10:14.0220000,756
2026-05-23T02:10:15.0740000,764
2026-05-23T02:10:16.1140000,742
2026-05-23T02:10:17.1550000,729
2026-05-23T02:10:18.1960000,753
2026-05-23T02:10:19.2360000,729
2026-05-23T02:10:20.2770000,744
2026-05-23T02:10:21.3180000,742
2026-05-23T02:10:22.3590000,734
2026-05-23T02:10:23.3990000,736
2026-05-23T02:10:24.4510000,751
2026-05-23T02:10:25.4910000,745
2026-05-23T02:10:26.5320000,738
2026-05-23T02:10:27.5730000,733
2026-05-23T02:10:28.6140000,734
2026-05-23T02:10:29.6540000,733
2026-05-23T02:10:30.6950000,728
2026-05-23T02:10:31.7360000,738
2026-05-23T02:10:32.7770000,727
2026-05-23T02:10:33.8280000,736
2026-05-23T02:10:34.8690000,743
2026-05-23T02:10:35.9100000,730
2026-05-23T02:10:36.9500000,744
2026-05-23T02:10:37.9910000,740
2026-05-23T02:10:39.0320000,747
2026-05-23T02:10:40.0730000,750
2026-05-23T02:10:41.1200000,747
2026-05-23T02:10:42.1610000,742
2026-05-23T02:10:43.2020000,745
2026-05-23T02:10:44.2420000,744
2026-05-23T02:10:45.2830000,742
2026-05-23T02:10:46.3240000,740
2026-05-23T02:10:47.3640000,755
2026-05-23T02:10:48.4160000,752
2026-05-23T02:10:49.4560000,745
2026-05-23T02:10:50.4970000,745
2026-05-23T02:10:51.5380000,749
2026-05-23T02:10:52.5790000,755
2026-05-23T02:10:53.6200000,730
2026-05-23T02:10:54.6640000,753
2026-05-23T02:10:55.7050000,749
2026-05-23T02:10:56.7450000,740
2026-05-23T02:10:57.7860000,740
2026-05-23T02:10:58.8270000,734
2026-05-23T02:10:59.8680000,735
2026-05-23T02:11:00.9190000,739
2026-05-23T02:11:01.9600000,730
2026-05-23T02:11:03.0000000,752
2026-05-23T02:11:04.0410000,739
2026-05-23T02:11:05.0820000,744
2026-05-23T02:11:06.1230000,733
2026-05-23T02:11:07.1630000,747
2026-05-23T02:11:08.2070000,746
2026-05-23T02:11:09.2480000,753
2026-05-23T02:11:10.2890000,746
2026-05-23T02:11:11.3300000,718
2026-05-23T02:11:12.3710000,743
2026-05-23T02:11:13.4220000,751
2026-05-23T02:11:14.4630000,745
2026-05-23T02:11:15.5030000,750
2026-05-23T02:11:16.5440000,760
2026-05-23T02:11:17.5850000,757
2026-05-23T02:11:18.6260000,762
2026-05-23T02:11:19.6660000,752
2026-05-23T02:11:20.7070000,755
2026-05-23T02:11:21.7480000,752
2026-05-23T02:11:22.7920000,748
2026-05-23T02:11:23.8330000,765
2026-05-23T02:11:24.8740000,752
2026-05-23T02:11:25.9250000,751
2026-05-23T02:11:26.9660000,770
2026-05-23T02:11:28.0070000,753
2026-05-23T02:11:29.0480000,756
2026-05-23T02:11:30.0880000,772
2026-05-23T02:11:31.1290000,766
2026-05-23T02:11:32.1700000,767
2026-05-23T02:11:33.2100000,765
2026-05-23T02:11:34.2520000,763
2026-05-23T02:11:35.3030000,759
2026-05-23T02:11:36.3370000,774
2026-05-23T02:11:37.3770000,768
2026-05-23T02:11:38.4290000,750
2026-05-23T02:11:39.4700000,764
2026-05-23T02:11:40.5100000,757
2026-05-23T02:11:41.5510000,779
2026-05-23T02:11:42.5920000,762
2026-05-23T02:11:43.6330000,764
2026-05-23T02:11:44.6730000,773
2026-05-23T02:11:45.7140000,776
2026-05-23T02:11:46.7550000,763
2026-05-23T02:11:47.7960000,761
2026-05-23T02:11:48.8470000,770
2026-05-23T02:11:49.8870000,772
2026-05-23T02:11:50.9210000,755
2026-05-23T02:11:51.9720000,764
2026-05-23T02:11:53.0130000,756
2026-05-23T02:11:54.0540000,768
2026-05-23T02:11:55.0950000,777
2026-05-23T02:11:56.1350000,767
2026-05-23T02:11:57.1760000,761
2026-05-23T02:11:58.2170000,772
2026-05-23T02:11:59.2570000,771
2026-05-23T02:12:00.2980000,766
2026-05-23T02:12:01.3490000,755
2026-05-23T02:12:02.3900000,774
2026-05-23T02:12:03.4310000,772
2026-05-23T02:12:04.4720000,757
2026-05-23T02:12:05.5130000,755
2026-05-23T02:12:06.5530000,757
2026-05-23T02:12:07.5940000,762
2026-05-23T02:12:08.6350000,751
2026-05-23T02:12:09.6760000,762
2026-05-23T02:12:10.7270000,758
2026-05-23T02:12:11.7680000,758
2026-05-23T02:12:12.8080000,750
2026-05-23T02:12:13.8500000,760
2026-05-23T02:12:14.8910000,756
2026-05-23T02:12:15.9310000,759
2026-05-23T02:12:16.9720000,741
2026-05-23T02:12:18.0160000,744
2026-05-23T02:12:19.0570000,766
2026-05-23T02:12:20.0980000,768
2026-05-23T02:12:21.1390000,763
2026-05-23T02:12:22.1790000,749
2026-05-23T02:12:23.2200000,761
2026-05-23T02:12:24.2720000,756
2026-05-23T02:12:25.3120000,746
2026-05-23T02:12:26.3530000,767
2026-05-23T02:12:27.3940000,769
2026-05-23T02:12:28.4350000,759
2026-05-23T02:12:29.4760000,771
2026-05-23T02:12:30.5160000,760
2026-05-23T02:12:31.5570000,774
2026-05-23T02:12:32.5980000,764
2026-05-23T02:12:33.6390000,776
2026-05-23T02:12:34.6900000,747
2026-05-23T02:12:35.7310000,750
2026-05-23T02:12:36.7710000,752
2026-05-23T02:12:37.8120000,765
2026-05-23T02:12:38.8530000,752
2026-05-23T02:12:39.8940000,758
2026-05-23T02:12:40.9340000,757
2026-05-23T02:12:41.9750000,775
2026-05-23T02:12:43.0260000,765
2026-05-23T02:12:44.0670000,756
2026-05-23T02:12:45.1080000,766
2026-05-23T02:12:46.1520000,759
2026-05-23T02:12:47.1930000,765
2026-05-23T02:12:48.2340000,753
2026-05-23T02:12:49.2750000,765
2026-05-23T02:12:50.3150000,748
2026-05-23T02:12:51.3560000,751
2026-05-23T02:12:52.3970000,764
2026-05-23T02:12:53.4380000,742
2026-05-23T02:12:54.4780000,770
2026-05-23T02:12:55.5190000,753
2026-05-23T02:12:56.5700000,768
2026-05-23T02:12:57.6110000,765
2026-05-23T02:12:58.6520000,764
2026-05-23T02:12:59.6930000,781
2026-05-23T02:13:00.7370000,759
2026-05-23T02:13:01.7780000,764
2026-05-23T02:13:02.8180000,767
2026-05-23T02:13:03.8590000,756
2026-05-23T02:13:04.9000000,764
2026-05-23T02:13:05.9410000,767
2026-05-23T02:13:06.9810000,755
2026-05-23T02:13:08.0220000,760
2026-05-23T02:13:09.0730000,769
2026-05-23T02:13:10.1140000,769
2026-05-23T02:13:11.1550000,750
2026-05-23T02:13:12.1960000,772
2026-05-23T02:13:13.2360000,766
2026-05-23T02:13:14.2780000,757
2026-05-23T02:13:15.3180000,742
2026-05-23T02:13:16.3590000,759
2026-05-23T02:13:17.4000000,753
2026-05-23T02:13:18.4510000,777
2026-05-23T02:13:19.4920000,764
2026-05-23T02:13:20.5330000,768
2026-05-23T02:13:21.5730000,748
2026-05-23T02:13:22.6140000,752
2026-05-23T02:13:23.6550000,749
2026-05-23T02:13:24.6960000,761
2026-05-23T02:13:25.7360000,760
2026-05-23T02:13:26.7770000,769
2026-05-23T02:13:27.8210000,761
2026-05-23T02:13:28.8620000,760
2026-05-23T02:13:29.9030000,754
2026-05-23T02:13:30.9540000,770
2026-05-23T02:13:31.9950000,759
2026-05-23T02:13:33.0350000,757
2026-05-23T02:13:34.0760000,767
2026-05-23T02:13:35.1170000,757
2026-05-23T02:13:36.1580000,762
2026-05-23T02:13:37.1990000,760
2026-05-23T02:13:38.2390000,771
2026-05-23T02:13:39.2800000,752
2026-05-23T02:13:40.3320000,753
2026-05-23T02:13:41.3720000,752
2026-05-23T02:13:42.4060000,763
2026-05-23T02:13:43.4570000,764
2026-05-23T02:13:44.4980000,751
2026-05-23T02:13:45.5390000,762
2026-05-23T02:13:46.5800000,772
2026-05-23T02:13:47.6200000,756
2026-05-23T02:13:48.6610000,772
2026-05-23T02:13:49.7020000,776
2026-05-23T02:13:50.7430000,759
2026-05-23T02:13:51.7830000,767
2026-05-23T02:13:52.8350000,761
2026-05-23T02:13:53.8750000,768
2026-05-23T02:13:54.9160000,778
2026-05-23T02:13:55.9570000,773
2026-05-23T02:13:56.9970000,768
2026-05-23T02:13:58.0380000,745
2026-05-23T02:13:59.0790000,744
2026-05-23T02:14:00.1200000,733
2026-05-23T02:14:01.1610000,762
2026-05-23T02:14:02.2120000,753
2026-05-23T02:14:03.2530000,756
2026-05-23T02:14:04.2930000,759
2026-05-23T02:14:06.3750000,768
2026-05-23T02:14:07.4160000,759
2026-05-23T02:14:08.4570000,753
2026-05-23T02:14:09.4970000,743
2026-05-23T02:14:10.5450000,778
2026-05-23T02:14:11.5860000,756
2026-05-23T02:14:12.6270000,761
2026-05-23T02:14:13.6670000,750
2026-05-23T02:14:14.7080000,765
2026-05-23T02:14:15.7490000,755
2026-05-23T02:14:16.8000000,763
2026-05-23T02:14:17.8410000,751
2026-05-23T02:14:18.8810000,769
2026-05-23T02:14:19.9220000,753
2026-05-23T02:14:20.9630000,753
2026-05-23T02:14:22.0030000,762
2026-05-23T02:14:23.0440000,758
2026-05-23T02:14:24.0850000,751
2026-05-23T02:14:25.1360000,752
2026-05-23T02:14:26.1770000,748
2026-05-23T02:14:27.2180000,756
2026-05-23T02:14:28.2580000,760
2026-05-23T02:14:29.2990000,747
2026-05-23T02:14:30.3400000,758
2026-05-23T02:14:31.3810000,763
2026-05-23T02:14:32.4220000,748
2026-05-23T02:14:33.4620000,749
2026-05-23T02:14:34.5030000,754
2026-05-23T02:14:35.5540000,749
2026-05-23T02:14:36.5950000,760
2026-05-23T02:14:37.6390000,727
2026-05-23T02:14:38.6800000,752
2026-05-23T02:14:39.7210000,761
2026-05-23T02:14:40.7620000,740
2026-05-23T02:14:41.8020000,756
2026-05-23T02:14:42.8430000,734
2026-05-23T02:14:43.8840000,743
2026-05-23T02:14:44.9240000,760
2026-05-23T02:14:45.9650000,764
2026-05-23T02:14:47.0170000,770
2026-05-23T02:14:48.0570000,735
2026-05-23T02:14:49.0980000,770
2026-05-23T02:14:50.1390000,756
2026-05-23T02:14:51.1800000,743
2026-05-23T02:14:52.2240000,769
2026-05-23T02:14:53.2650000,757
2026-05-23T02:14:54.3060000,773
2026-05-23T02:14:55.3460000,752
2026-05-23T02:14:56.3870000,754
2026-05-23T02:14:57.4280000,767
2026-05-23T02:14:58.4790000,766
2026-05-23T02:14:59.5200000,760
2026-05-23T02:15:00.5610000,739
2026-05-23T02:15:01.6010000,751
2026-05-23T02:15:02.6420000,753
2026-05-23T02:15:03.6830000,758
2026-05-23T02:15:04.7240000,758
2026-05-23T02:15:05.7640000,746
2026-05-23T02:15:06.8160000,760
2026-05-23T02:15:07.8560000,763
2026-05-23T02:15:08.8970000,756
2026-05-23T02:15:09.9380000,767
2026-05-23T02:15:10.9790000,756
2026-05-23T02:15:12.0190000,773
2026-05-23T02:15:13.0600000,754
2026-05-23T02:15:14.1010000,763
2026-05-23T02:15:15.1420000,770
2026-05-23T02:15:16.1930000,760
2026-05-23T02:15:17.2340000,751
2026-05-23T02:15:18.2750000,770
2026-05-23T02:15:19.3190000,750
2026-05-23T02:15:20.3600000,752
2026-05-23T02:15:21.4000000,762
2026-05-23T02:15:22.4410000,758
2026-05-23T02:15:23.4820000,746
2026-05-23T02:15:24.5230000,753
2026-05-23T02:15:25.5630000,754
2026-05-23T02:15:26.6040000,762
2026-05-23T02:15:27.6550000,748
2026-05-23T02:15:28.6960000,749
2026-05-23T02:15:29.7370000,756
2026-05-23T02:15:30.7770000,751
2026-05-23T02:15:31.8180000,754
2026-05-23T02:15:32.8590000,740
2026-05-23T02:15:33.9030000,756
2026-05-23T02:15:34.9440000,751
2026-05-23T02:15:35.9840000,752
2026-05-23T02:15:37.0250000,756
2026-05-23T02:15:38.0770000,748
2026-05-23T02:15:39.1170000,765
2026-05-23T02:15:40.1580000,756
2026-05-23T02:15:41.1990000,759
2026-05-23T02:15:42.2400000,748
2026-05-23T02:15:43.2800000,762
2026-05-23T02:15:44.3210000,739
2026-05-23T02:15:45.3620000,743
2026-05-23T02:15:46.4130000,745
2026-05-23T02:15:47.4470000,763
2026-05-23T02:15:48.4880000,763
2026-05-23T02:15:49.5390000,766
2026-05-23T02:15:50.5800000,749
2026-05-23T02:15:51.6200000,758
2026-05-23T02:15:52.6610000,749
2026-05-23T02:15:53.7020000,762
2026-05-23T02:15:54.7420000,761
2026-05-23T02:15:55.7830000,759
2026-05-23T02:15:56.8240000,761
2026-05-23T02:15:57.8750000,760
2026-05-23T02:15:58.9160000,762
2026-05-23T02:15:59.9570000,776
2026-05-23T02:16:00.9970000,757
2026-05-23T02:16:02.0350000,768
2026-05-23T02:16:03.0860000,749
2026-05-23T02:16:04.1270000,765
2026-05-23T02:16:05.1680000,755
2026-05-23T02:16:06.2080000,763
2026-05-23T02:16:07.2490000,752
2026-05-23T02:16:08.2900000,762
2026-05-23T02:16:09.3310000,735
2026-05-23T02:16:10.3710000,771
2026-05-23T02:16:11.4120000,752
2026-05-23T02:16:12.4630000,750
2026-05-23T02:16:13.5040000,746
2026-05-23T02:16:14.5480000,754
2026-05-23T02:16:15.5880000,752
2026-05-23T02:16:16.6290000,751
2026-05-23T02:16:17.6700000,749
2026-05-23T02:16:18.7100000,743
2026-05-23T02:16:19.7510000,742
2026-05-23T02:16:20.7920000,747
2026-05-23T02:16:21.8330000,741
2026-05-23T02:16:22.8840000,753
2026-05-23T02:16:23.9250000,751
2026-05-23T02:16:24.9650000,743
2026-05-23T02:16:26.0060000,759
2026-05-23T02:16:27.0470000,744
2026-05-23T02:16:28.0880000,753
2026-05-23T02:16:29.1290000,748
2026-05-23T02:16:30.1690000,743
2026-05-23T02:16:31.2100000,760
2026-05-23T02:16:32.2610000,745
2026-05-23T02:16:33.3020000,768
2026-05-23T02:16:34.3440000,756
2026-05-23T02:16:35.3840000,751
2026-05-23T02:16:36.4250000,759
2026-05-23T02:16:37.4660000,755
2026-05-23T02:16:38.5070000,749
2026-05-23T02:16:39.5470000,759
2026-05-23T02:16:40.5990000,758
2026-05-23T02:16:41.6390000,760
2026-05-23T02:16:42.6800000,746
2026-05-23T02:16:43.7170000,755
2026-05-23T02:16:44.7580000,743
2026-05-23T02:16:45.7990000,751
2026-05-23T02:16:46.8500000,767
2026-05-23T02:16:47.8910000,759
2026-05-23T02:16:48.9320000,745
2026-05-23T02:16:49.9720000,750
2026-05-23T02:16:51.0130000,754
2026-05-23T02:16:52.0540000,763
2026-05-23T02:16:53.0950000,756
2026-05-23T02:16:54.1360000,759
2026-05-23T02:16:55.1770000,760
2026-05-23T02:16:56.2180000,772
2026-05-23T02:16:57.2690000,760
2026-05-23T02:16:58.3100000,761
2026-05-23T02:16:59.3510000,770
2026-05-23T02:17:00.3910000,761
2026-05-23T02:17:01.4320000,769
2026-05-23T02:17:02.4730000,775
2026-05-23T02:17:03.5130000,766
2026-05-23T02:17:04.5540000,772
2026-05-23T02:17:05.6050000,762
2026-05-23T02:17:06.6460000,769
2026-05-23T02:17:07.6870000,777
2026-05-23T02:17:08.7280000,766
2026-05-23T02:17:09.7680000,781
2026-05-23T02:17:10.8090000,774
2026-05-23T02:17:11.8530000,775
2026-05-23T02:17:12.8940000,785
2026-05-23T02:17:13.9350000,768
2026-05-23T02:17:14.9760000,793
2026-05-23T02:17:16.0160000,779
2026-05-23T02:17:17.0680000,781
2026-05-23T02:17:18.1090000,784
2026-05-23T02:17:19.1490000,781
2026-05-23T02:17:20.1900000,778
2026-05-23T02:17:21.2310000,770
2026-05-23T02:17:22.2710000,770
2026-05-23T02:17:23.3120000,777
2026-05-23T02:17:24.3530000,770
2026-05-23T02:17:25.3970000,789
2026-05-23T02:17:26.4380000,772
2026-05-23T02:17:27.4790000,758
2026-05-23T02:17:28.5300000,772
2026-05-23T02:17:29.5700000,750
2026-05-23T02:17:30.6110000,755
2026-05-23T02:17:31.6520000,750
2026-05-23T02:17:32.6930000,749
2026-05-23T02:17:33.7330000,761
2026-05-23T02:17:34.7740000,756
2026-05-23T02:17:35.8150000,771
2026-05-23T02:17:36.8560000,763
2026-05-23T02:17:37.9070000,749
2026-05-23T02:17:38.9410000,754
2026-05-23T02:17:39.9820000,747
2026-05-23T02:17:41.0330000,749
2026-05-23T02:17:42.0740000,760
2026-05-23T02:17:43.1140000,757
2026-05-23T02:17:44.1560000,749
2026-05-23T02:17:45.1960000,739
2026-05-23T02:17:46.2370000,748
2026-05-23T02:17:47.2780000,758
2026-05-23T02:17:48.3190000,760
2026-05-23T02:17:49.3590000,760
2026-05-23T02:17:50.4000000,741
2026-05-23T02:17:51.4510000,752
2026-05-23T02:17:52.4920000,748
2026-05-23T02:17:53.5260000,752
2026-05-23T02:17:54.5770000,769
2026-05-23T02:17:55.6180000,755
2026-05-23T02:17:56.6580000,759
2026-05-23T02:17:57.6990000,735
2026-05-23T02:17:58.7400000,738
2026-05-23T02:17:59.7810000,762
2026-05-23T02:18:00.8220000,734
2026-05-23T02:18:01.8620000,755
2026-05-23T02:18:02.9030000,747
2026-05-23T02:18:03.9550000,734
2026-05-23T02:18:04.9950000,759
2026-05-23T02:18:06.0360000,741
2026-05-23T02:18:07.0770000,739
2026-05-23T02:18:08.1180000,736
2026-05-23T02:18:09.1590000,736
2026-05-23T02:18:10.1990000,734
2026-05-23T02:18:11.2400000,730
2026-05-23T02:18:12.2910000,743
2026-05-23T02:18:13.3320000,736
2026-05-23T02:18:14.3730000,742
2026-05-23T02:18:15.4140000,742
2026-05-23T02:18:16.4550000,742
2026-05-23T02:18:17.4960000,729
2026-05-23T02:18:18.5360000,736
2026-05-23T02:18:19.5770000,744
2026-05-23T02:18:20.6180000,753
2026-05-23T02:18:21.6620000,760
2026-05-23T02:18:22.7030000,747
2026-05-23T02:18:23.7440000,731
2026-05-23T02:18:24.7850000,748
2026-05-23T02:18:25.8360000,749
2026-05-23T02:18:26.8770000,744
2026-05-23T02:18:27.9170000,749
2026-05-23T02:18:28.9580000,753
2026-05-23T02:18:29.9990000,743
2026-05-23T02:18:31.0400000,746
2026-05-23T02:18:32.0810000,726
2026-05-23T02:18:33.1210000,736
2026-05-23T02:18:34.1620000,736
2026-05-23T02:18:35.2130000,735
2026-05-23T02:18:36.2540000,742
2026-05-23T02:18:37.2950000,747
2026-05-23T02:18:38.3350000,748
2026-05-23T02:18:39.3760000,743
2026-05-23T02:18:40.4170000,737
2026-05-23T02:18:41.4580000,743
2026-05-23T02:18:42.4980000,745
2026-05-23T02:18:43.5490000,761
2026-05-23T02:18:44.5900000,732
2026-05-23T02:18:45.6310000,744
2026-05-23T02:18:46.6720000,742
2026-05-23T02:18:47.7130000,735
2026-05-23T02:18:48.7570000,742
2026-05-23T02:18:49.7970000,740
2026-05-23T02:18:50.8380000,737
2026-05-23T02:18:51.8790000,748
2026-05-23T02:18:52.9200000,753
2026-05-23T02:18:53.9600000,741
2026-05-23T02:18:55.0010000,751
2026-05-23T02:18:56.0520000,753
2026-05-23T02:18:57.0930000,746
2026-05-23T02:18:58.1340000,743
2026-05-23T02:18:59.1750000,751
2026-05-23T02:19:00.2150000,759
2026-05-23T02:19:01.2560000,769
2026-05-23T02:19:02.2970000,759
2026-05-23T02:19:03.3410000,750
2026-05-23T02:19:04.3820000,756
2026-05-23T02:19:05.4230000,751
2026-05-23T02:19:06.4630000,751
2026-05-23T02:19:07.5150000,772
2026-05-23T02:19:08.5550000,745
2026-05-23T02:19:09.5960000,752
2026-05-23T02:19:10.6370000,757
2026-05-23T02:19:11.6770000,739
2026-05-23T02:19:12.7180000,762
2026-05-23T02:19:13.7590000,761
2026-05-23T02:19:14.8000000,764
2026-05-23T02:19:15.8410000,757
2026-05-23T02:19:16.8850000,758
2026-05-23T02:19:17.9260000,762
2026-05-23T02:19:18.9770000,759
2026-05-23T02:19:20.0180000,777
2026-05-23T02:19:21.0590000,764
2026-05-23T02:19:22.0990000,776
2026-05-23T02:19:23.1400000,770
2026-05-23T02:19:24.1810000,762
2026-05-23T02:19:25.2210000,762
2026-05-23T02:19:26.2620000,774
2026-05-23T02:19:27.3030000,772
2026-05-23T02:19:28.3540000,774
2026-05-23T02:19:29.3950000,774
2026-05-23T02:19:30.4350000,760
2026-05-23T02:19:31.4760000,768
2026-05-23T02:19:32.5170000,767
2026-05-23T02:19:33.5580000,777
2026-05-23T02:19:34.5980000,753
2026-05-23T02:19:35.6390000,769
2026-05-23T02:19:36.6800000,758
2026-05-23T02:19:37.7310000,756
2026-05-23T02:19:38.7720000,777
2026-05-23T02:19:39.8130000,771
2026-05-23T02:19:40.8540000,760
2026-05-23T02:19:41.8940000,764
2026-05-23T02:19:42.9350000,756
2026-05-23T02:19:43.9760000,781
2026-05-23T02:19:45.0240000,774
2026-05-23T02:19:46.0640000,777
2026-05-23T02:19:47.1050000,766
2026-05-23T02:19:48.1460000,759
2026-05-23T02:19:49.1870000,774
2026-05-23T02:19:50.2270000,767
2026-05-23T02:19:51.2680000,770
2026-05-23T02:19:52.3190000,774
2026-05-23T02:19:53.3600000,767
2026-05-23T02:19:54.4010000,766
2026-05-23T02:19:55.4420000,763
2026-05-23T02:19:56.4830000,763
2026-05-23T02:19:57.5230000,754
2026-05-23T02:19:58.5640000,749
2026-05-23T02:19:59.6050000,757
2026-05-23T02:20:00.6460000,772
2026-05-23T02:20:01.6860000,744
2026-05-23T02:20:02.7380000,743
2026-05-23T02:20:03.7780000,752
2026-05-23T02:20:04.8190000,751
2026-05-23T02:20:05.8600000,759
2026-05-23T02:20:06.9010000,756
2026-05-23T02:20:07.9410000,754
2026-05-23T02:20:08.9820000,761
2026-05-23T02:20:10.0230000,756
2026-05-23T02:20:11.0740000,748
2026-05-23T02:20:12.1150000,748
2026-05-23T02:20:13.1490000,759
2026-05-23T02:20:14.2000000,752
2026-05-23T02:20:15.2410000,765
2026-05-23T02:20:16.2810000,747
2026-05-23T02:20:17.3220000,754
2026-05-23T02:20:18.3630000,757
2026-05-23T02:20:19.4030000,768
2026-05-23T02:20:20.4440000,768
2026-05-23T02:20:21.4850000,755
2026-05-23T02:20:22.5260000,766
2026-05-23T02:20:23.5770000,757
2026-05-23T02:20:24.6180000,755
2026-05-23T02:20:25.6590000,768
2026-05-23T02:20:26.6920000,758
2026-05-23T02:20:27.7440000,756
2026-05-23T02:20:28.7840000,739
2026-05-23T02:20:29.8250000,761
2026-05-23T02:20:30.8660000,753
2026-05-23T02:20:31.9070000,757
2026-05-23T02:20:32.9470000,774
2026-05-23T02:20:33.9880000,743
2026-05-23T02:20:35.0290000,755
2026-05-23T02:20:36.0800000,784
2026-05-23T02:20:37.1210000,751
2026-05-23T02:20:38.1610000,765
2026-05-23T02:20:39.2020000,759
2026-05-23T02:20:40.2430000,752
2026-05-23T02:20:41.2830000,760
2026-05-23T02:20:42.3240000,752
2026-05-23T02:20:43.3650000,751
2026-05-23T02:20:44.4060000,749
2026-05-23T02:20:45.4570000,742
2026-05-23T02:20:46.4980000,746
2026-05-23T02:20:47.5390000,735
2026-05-23T02:20:48.5790000,749
2026-05-23T02:20:49.6200000,757
2026-05-23T02:20:50.6610000,748
2026-05-23T02:20:51.7020000,757
2026-05-23T02:20:52.7430000,752
2026-05-23T02:20:53.7830000,750
2026-05-23T02:20:54.8270000,749
2026-05-23T02:20:55.8680000,760
2026-05-23T02:20:56.9090000,757
2026-05-23T02:20:57.9600000,746
2026-05-23T02:20:59.0010000,773
2026-05-23T02:21:00.0420000,749
2026-05-23T02:21:01.0820000,760
2026-05-23T02:21:02.1230000,760
2026-05-23T02:21:03.1640000,764
2026-05-23T02:21:04.2070000,773
2026-05-23T02:21:05.2480000,758
2026-05-23T02:21:06.2890000,766
2026-05-23T02:21:07.3290000,765
2026-05-23T02:21:08.3800000,746
2026-05-23T02:21:09.4210000,754
2026-05-23T02:21:10.4620000,757
2026-05-23T02:21:11.5030000,764
2026-05-23T02:21:12.5430000,765
2026-05-23T02:21:13.5840000,765
2026-05-23T02:21:14.6250000,766
2026-05-23T02:21:15.6660000,778
2026-05-23T02:21:16.7070000,782
2026-05-23T02:21:17.7480000,764
2026-05-23T02:21:18.7990000,763
2026-05-23T02:21:19.8400000,766
2026-05-23T02:21:20.8800000,784
2026-05-23T02:21:21.9210000,787
2026-05-23T02:21:22.9650000,776
2026-05-23T02:21:24.0060000,771
2026-05-23T02:21:25.0470000,767
2026-05-23T02:21:26.0880000,770
2026-05-23T02:21:27.1280000,770
2026-05-23T02:21:28.1690000,769
2026-05-23T02:21:29.2100000,769
2026-05-23T02:21:30.2610000,788
2026-05-23T02:21:31.3020000,776
2026-05-23T02:21:32.3420000,790
2026-05-23T02:21:33.3830000,784
2026-05-23T02:21:34.4240000,776
2026-05-23T02:21:35.4650000,773
2026-05-23T02:21:36.5090000,764
2026-05-23T02:21:37.5490000,774
2026-05-23T02:21:38.5900000,787
2026-05-23T02:21:39.6310000,761
2026-05-23T02:21:40.6720000,772
2026-05-23T02:21:41.7230000,757
2026-05-23T02:21:42.7640000,759
2026-05-23T02:21:43.8040000,782
2026-05-23T02:21:44.8450000,790
2026-05-23T02:21:45.8860000,782
2026-05-23T02:21:46.9260000,776
2026-05-23T02:21:47.9670000,768
2026-05-23T02:21:49.0080000,777
2026-05-23T02:21:50.0480000,754
2026-05-23T02:21:51.1000000,794
2026-05-23T02:21:52.1400000,778
2026-05-23T02:21:53.1810000,771
2026-05-23T02:21:54.2220000,776
2026-05-23T02:21:55.2620000,790
2026-05-23T02:21:56.3030000,768
2026-05-23T02:21:57.3440000,772
2026-05-23T02:21:58.3850000,779
2026-05-23T02:21:59.4260000,774
2026-05-23T02:22:00.4770000,770
2026-05-23T02:22:01.5180000,761
2026-05-23T02:22:02.5580000,763
2026-05-23T02:22:03.5990000,771
2026-05-23T02:22:04.6430000,782
2026-05-23T02:22:05.6840000,760
2026-05-23T02:22:06.7250000,776
2026-05-23T02:22:07.7660000,781
2026-05-23T02:22:08.8060000,770
2026-05-23T02:22:09.8470000,778
2026-05-23T02:22:10.8880000,774
2026-05-23T02:22:11.9390000,773
2026-05-23T02:22:12.9800000,769
2026-05-23T02:22:14.0200000,769
2026-05-23T02:22:15.0610000,768
2026-05-23T02:22:16.1020000,755
2026-05-23T02:22:17.1420000,764
2026-05-23T02:22:18.1830000,783
2026-05-23T02:22:19.2240000,770
2026-05-23T02:22:20.2750000,760
2026-05-23T02:22:21.3160000,766
2026-05-23T02:22:22.3560000,751
2026-05-23T02:22:23.3970000,762
2026-05-23T02:22:24.4380000,751
2026-05-23T02:22:25.4790000,764
2026-05-23T02:22:26.5190000,765
2026-05-23T02:22:27.5600000,762
2026-05-23T02:22:28.6010000,770
2026-05-23T02:22:29.6520000,764
2026-05-23T02:22:30.6930000,765
2026-05-23T02:22:31.7270000,761
2026-05-23T02:22:32.7710000,760
2026-05-23T02:22:33.8110000,759
2026-05-23T02:22:34.8520000,770
2026-05-23T02:22:35.9030000,772
2026-05-23T02:22:36.9440000,773
2026-05-23T02:22:37.9850000,758
2026-05-23T02:22:39.0260000,770
2026-05-23T02:22:40.0660000,750
2026-05-23T02:22:41.1070000,755
2026-05-23T02:22:42.1480000,760
2026-05-23T02:22:43.1880000,751
2026-05-23T02:22:44.2400000,752
2026-05-23T02:22:45.2800000,751
2026-05-23T02:22:46.3210000,779
2026-05-23T02:22:47.3620000,756
2026-05-23T02:22:48.4030000,782
2026-05-23T02:22:49.4440000,770
2026-05-23T02:22:50.4840000,760
2026-05-23T02:22:51.5250000,773
2026-05-23T02:22:52.5760000,751
2026-05-23T02:22:53.6170000,765
2026-05-23T02:22:54.6580000,759
2026-05-23T02:22:55.6990000,764
2026-05-23T02:22:56.7400000,767
2026-05-23T02:22:57.7800000,742
2026-05-23T02:22:58.8210000,749
2026-05-23T02:22:59.8650000,752
2026-05-23T02:23:00.9060000,750
2026-05-23T02:23:01.9470000,753
2026-05-23T02:23:02.9870000,734
2026-05-23T02:23:04.0280000,755
2026-05-23T02:23:05.0690000,747
2026-05-23T02:23:06.1200000,760
2026-05-23T02:23:07.1610000,755
2026-05-23T02:23:08.2020000,718
2026-05-23T02:23:09.2420000,752
2026-05-23T02:23:10.2830000,744
2026-05-23T02:23:11.3240000,747
2026-05-23T02:23:12.3650000,759
2026-05-23T02:23:13.4050000,746
2026-05-23T02:23:14.4460000,765
2026-05-23T02:23:15.4980000,750
2026-05-23T02:23:16.5380000,744
2026-05-23T02:23:17.5790000,752
2026-05-23T02:23:18.6200000,756
2026-05-23T02:23:19.6610000,752
2026-05-23T02:23:20.7010000,750
2026-05-23T02:23:21.7420000,755
2026-05-23T02:23:22.7830000,762
2026-05-23T02:23:23.8240000,752
2026-05-23T02:23:24.8750000,765
2026-05-23T02:23:25.9150000,751
2026-05-23T02:23:26.9560000,759
2026-05-23T02:23:27.9970000,754
2026-05-23T02:23:29.0370000,764
2026-05-23T02:23:30.0780000,751
2026-05-23T02:23:31.1190000,759
2026-05-23T02:23:32.1600000,770
2026-05-23T02:23:33.2000000,766
2026-05-23T02:23:34.2520000,759
2026-05-23T02:23:35.2920000,747
2026-05-23T02:23:36.3330000,758
2026-05-23T02:23:37.3740000,755
2026-05-23T02:23:38.4150000,772
2026-05-23T02:23:39.4550000,761
2026-05-23T02:23:40.4960000,750
2026-05-23T02:23:41.5370000,755
2026-05-23T02:23:42.5780000,767
2026-05-23T02:23:43.6290000,764
2026-05-23T02:23:44.6690000,762
2026-05-23T02:23:45.7100000,771
2026-05-23T02:23:46.7510000,771
2026-05-23T02:23:47.7920000,751
2026-05-23T02:23:48.8320000,772
2026-05-23T02:23:49.8730000,768
2026-05-23T02:23:50.9140000,781
2026-05-23T02:23:51.9550000,771
2026-05-23T02:23:53.0060000,771
2026-05-23T02:23:54.0460000,771
2026-05-23T02:23:55.0870000,766
2026-05-23T02:23:56.1310000,771
2026-05-23T02:23:57.1720000,779
2026-05-23T02:23:58.2130000,778
2026-05-23T02:23:59.2540000,778
2026-05-23T02:24:00.2940000,778
2026-05-23T02:24:01.3350000,767
2026-05-23T02:24:02.3760000,754
2026-05-23T02:24:03.4170000,766
2026-05-23T02:24:04.4680000,771
2026-05-23T02:24:05.5090000,773
2026-05-23T02:24:06.5500000,759
2026-05-23T02:24:07.5900000,780
2026-05-23T02:24:08.6310000,760
2026-05-23T02:24:09.6720000,760
2026-05-23T02:24:10.7120000,752
2026-05-23T02:24:11.7530000,765
2026-05-23T02:24:12.7940000,765
2026-05-23T02:24:13.8450000,761
2026-05-23T02:24:14.8860000,763
2026-05-23T02:24:15.9270000,752
2026-05-23T02:24:16.9670000,754
2026-05-23T02:24:18.0080000,744
2026-05-23T02:24:19.0490000,757
2026-05-23T02:24:20.0890000,755
2026-05-23T02:24:21.1300000,764
2026-05-23T02:24:22.1810000,749
2026-05-23T02:24:23.2150000,757
2026-05-23T02:24:24.2590000,757
2026-05-23T02:24:25.3000000,752
2026-05-23T02:24:26.3410000,759
2026-05-23T02:24:27.3810000,757
2026-05-23T02:24:28.4330000,749
2026-05-23T02:24:29.4740000,761
2026-05-23T02:24:30.5140000,764
2026-05-23T02:24:31.5550000,757
2026-05-23T02:24:32.5960000,754
2026-05-23T02:24:33.6370000,743
2026-05-23T02:24:34.6770000,766
2026-05-23T02:24:35.7180000,754
2026-05-23T02:24:36.7590000,760
2026-05-23T02:24:37.8100000,752
2026-05-23T02:24:38.8510000,736
2026-05-23T02:24:39.8920000,766
2026-05-23T02:24:40.9320000,775
2026-05-23T02:24:41.9730000,757
2026-05-23T02:24:43.0130000,743
2026-05-23T02:24:44.0540000,753
2026-05-23T02:24:45.0950000,753
2026-05-23T02:24:46.1460000,758
2026-05-23T02:24:47.1870000,757
2026-05-23T02:24:48.2280000,766
2026-05-23T02:24:49.2690000,752
2026-05-23T02:24:50.3100000,757
2026-05-23T02:24:51.3510000,753
2026-05-23T02:24:52.3910000,740
2026-05-23T02:24:53.4320000,758
2026-05-23T02:24:54.4740000,749
2026-05-23T02:24:55.5140000,756
2026-05-23T02:24:56.5650000,762
2026-05-23T02:24:57.6060000,745
2026-05-23T02:24:58.6470000,761
2026-05-23T02:24:59.6880000,757
2026-05-23T02:25:00.7280000,770
2026-05-23T02:25:01.7690000,766
2026-05-23T02:25:02.8100000,751
2026-05-23T02:25:03.8500000,771
2026-05-23T02:25:04.9010000,771
2026-05-23T02:25:05.9350000,754
2026-05-23T02:25:06.9760000,758
2026-05-23T02:25:08.0270000,754
2026-05-23T02:25:09.0680000,753
2026-05-23T02:25:10.1090000,767
2026-05-23T02:25:11.1500000,758
2026-05-23T02:25:12.1900000,762
2026-05-23T02:25:13.2310000,753
2026-05-23T02:25:14.2720000,759
2026-05-23T02:25:15.3130000,754
2026-05-23T02:25:16.3540000,763
2026-05-23T02:25:17.4050000,764
2026-05-23T02:25:18.4460000,761
2026-05-23T02:25:19.4790000,745
2026-05-23T02:25:20.5300000,747
2026-05-23T02:25:21.5710000,759
2026-05-23T02:25:22.6120000,754
2026-05-23T02:25:23.6530000,749
2026-05-23T02:25:24.6930000,761
2026-05-23T02:25:25.7340000,776
2026-05-23T02:25:26.7750000,760
2026-05-23T02:25:27.8150000,764
2026-05-23T02:25:28.8560000,756
2026-05-23T02:25:29.9070000,746
2026-05-23T02:25:30.9480000,742
2026-05-23T02:25:31.9890000,758
2026-05-23T02:25:33.0330000,751
2026-05-23T02:25:34.0730000,736
2026-05-23T02:25:35.1140000,767
2026-05-23T02:25:36.1550000,759
2026-05-23T02:25:37.1960000,758
2026-05-23T02:25:38.2360000,750
2026-05-23T02:25:39.2770000,753
2026-05-23T02:25:40.3180000,750
2026-05-23T02:25:41.3590000,760
2026-05-23T02:25:42.4100000,748
2026-05-23T02:25:43.4510000,775
2026-05-23T02:25:44.4920000,760
2026-05-23T02:25:45.5330000,752
2026-05-23T02:25:46.5730000,753
2026-05-23T02:25:47.6100000,750
2026-05-23T02:25:48.6620000,769
2026-05-23T02:25:49.7020000,751
2026-05-23T02:25:50.7430000,760
2026-05-23T02:25:51.7840000,754
2026-05-23T02:25:52.8240000,756
2026-05-23T02:25:53.8650000,773
2026-05-23T02:25:54.9060000,766
2026-05-23T02:25:55.9470000,745
2026-05-23T02:25:56.9870000,759
2026-05-23T02:25:58.0390000,764
2026-05-23T02:25:59.0790000,771
2026-05-23T02:26:00.1200000,762
2026-05-23T02:26:01.1640000,764
2026-05-23T02:26:02.2050000,755
2026-05-23T02:26:03.2460000,751
2026-05-23T02:26:04.2870000,776
2026-05-23T02:26:05.3270000,750
2026-05-23T02:26:06.3680000,774
2026-05-23T02:26:07.4090000,765
2026-05-23T02:26:08.4500000,758
2026-05-23T02:26:09.4900000,767
2026-05-23T02:26:10.5420000,753
2026-05-23T02:26:11.5820000,746
2026-05-23T02:26:12.6230000,759
2026-05-23T02:26:13.6640000,756
2026-05-23T02:26:14.7050000,767
2026-05-23T02:26:15.7490000,746
2026-05-23T02:26:16.7900000,765
2026-05-23T02:26:17.8310000,751
2026-05-23T02:26:18.8710000,738
2026-05-23T02:26:19.9120000,766
2026-05-23T02:26:20.9530000,750
2026-05-23T02:26:21.9940000,750
2026-05-23T02:26:23.0450000,750
2026-05-23T02:26:24.0860000,742
2026-05-23T02:26:25.1260000,759
2026-05-23T02:26:26.1670000,742
2026-05-23T02:26:27.2080000,750
2026-05-23T02:26:28.2490000,744
2026-05-23T02:26:29.2930000,752
2026-05-23T02:26:30.3340000,760
2026-05-23T02:26:31.3740000,748
2026-05-23T02:26:32.4150000,743
2026-05-23T02:26:33.4560000,745
2026-05-23T02:26:34.4970000,758
2026-05-23T02:26:35.5480000,761
2026-05-23T02:26:36.5890000,748
2026-05-23T02:26:37.6290000,746
2026-05-23T02:26:38.6700000,760
2026-05-23T02:26:39.7110000,736
2026-05-23T02:26:40.7510000,756
2026-05-23T02:26:41.7920000,750
2026-05-23T02:26:42.8330000,761
2026-05-23T02:26:43.8770000,752
2026-05-23T02:26:44.9180000,742
2026-05-23T02:26:45.9580000,746
2026-05-23T02:26:47.0100000,750
2026-05-23T02:26:48.0500000,756
2026-05-23T02:26:49.0910000,752
2026-05-23T02:26:50.1320000,756
2026-05-23T02:26:51.1730000,748
2026-05-23T02:26:52.2140000,750
2026-05-23T02:26:53.2550000,748
2026-05-23T02:26:54.2950000,755
2026-05-23T02:26:55.3360000,748
2026-05-23T02:26:56.3770000,748
2026-05-23T02:26:57.4280000,736
2026-05-23T02:26:58.4690000,745
2026-05-23T02:26:59.5090000,752
2026-05-23T02:27:00.5500000,757
2026-05-23T02:27:01.5910000,756
2026-05-23T02:27:02.6320000,733
2026-05-23T02:27:03.6720000,739
2026-05-23T02:27:04.7130000,746
2026-05-23T02:27:05.7650000,741
2026-05-23T02:27:06.8050000,763
2026-05-23T02:27:07.8460000,742
2026-05-23T02:27:08.8870000,756
2026-05-23T02:27:09.9280000,744
2026-05-23T02:27:10.9690000,755
2026-05-23T02:27:12.0090000,754
2026-05-23T02:27:13.0500000,749
2026-05-23T02:27:14.0910000,747
2026-05-23T02:27:15.1420000,753
2026-05-23T02:27:16.1830000,761
2026-05-23T02:27:17.2240000,766
2026-05-23T02:27:18.2640000,752
2026-05-23T02:27:19.3050000,749
2026-05-23T02:27:20.3460000,757
2026-05-23T02:27:21.3860000,765
2026-05-23T02:27:22.4270000,751
2026-05-23T02:27:23.4680000,751
2026-05-23T02:27:24.5090000,748
2026-05-23T02:27:25.5570000,763
2026-05-23T02:27:26.5970000,766
2026-05-23T02:27:27.6380000,765
2026-05-23T02:27:28.6790000,746
2026-05-23T02:27:29.7200000,763
2026-05-23T02:27:30.7600000,771
2026-05-23T02:27:31.8110000,774
2026-05-23T02:27:32.8520000,766
2026-05-23T02:27:33.8930000,765
2026-05-23T02:27:34.9340000,760
2026-05-23T02:27:35.9750000,741
2026-05-23T02:27:37.0160000,774
2026-05-23T02:27:38.0560000,761
2026-05-23T02:27:39.0970000,757
2026-05-23T02:27:40.1380000,784
2026-05-23T02:27:41.1790000,772
2026-05-23T02:27:42.2300000,769
2026-05-23T02:27:43.2710000,760
2026-05-23T02:27:44.3120000,756
2026-05-23T02:27:45.3520000,755
2026-05-23T02:27:46.3930000,773
2026-05-23T02:27:47.4340000,768
2026-05-23T02:27:48.4750000,769
2026-05-23T02:27:49.5150000,771
2026-05-23T02:27:50.5560000,773
2026-05-23T02:27:51.6070000,764
2026-05-23T02:27:52.6480000,775
2026-05-23T02:27:53.6890000,774
2026-05-23T02:27:54.7300000,763
2026-05-23T02:27:55.7710000,773
2026-05-23T02:27:56.8120000,771
2026-05-23T02:27:57.8520000,768
2026-05-23T02:27:58.8930000,762
2026-05-23T02:27:59.9340000,764
2026-05-23T02:28:00.9850000,750
2026-05-23T02:28:02.0260000,759
2026-05-23T02:28:03.0670000,756
2026-05-23T02:28:04.1070000,763
2026-05-23T02:28:05.1480000,751
2026-05-23T02:28:06.1890000,755
2026-05-23T02:28:07.2330000,758
2026-05-23T02:28:08.2740000,765
2026-05-23T02:28:09.3140000,756
2026-05-23T02:28:10.3550000,761
2026-05-23T02:28:11.3960000,745
2026-05-23T02:28:12.4370000,751
2026-05-23T02:28:13.4880000,753
2026-05-23T02:28:14.5280000,745
2026-05-23T02:28:15.5690000,739
2026-05-23T02:28:16.6100000,746
2026-05-23T02:28:17.6500000,759
2026-05-23T02:28:18.6910000,739
2026-05-23T02:28:19.7320000,765
2026-05-23T02:28:20.7760000,739
2026-05-23T02:28:21.8170000,748
2026-05-23T02:28:22.8580000,740
2026-05-23T02:28:23.8990000,749
2026-05-23T02:28:24.9390000,754
2026-05-23T02:28:25.9910000,747
2026-05-23T02:28:27.0310000,742
2026-05-23T02:28:28.0720000,747
2026-05-23T02:28:29.1130000,751
2026-05-23T02:28:30.1540000,755
2026-05-23T02:28:31.1940000,742
2026-05-23T02:28:32.2350000,743
2026-05-23T02:28:33.2760000,753
2026-05-23T02:28:34.3160000,743
2026-05-23T02:28:35.3610000,758
2026-05-23T02:28:36.4010000,749
2026-05-23T02:28:37.4420000,759
2026-05-23T02:28:38.4930000,751
2026-05-23T02:28:39.5340000,749
2026-05-23T02:28:40.5750000,752
2026-05-23T02:28:41.6150000,744
2026-05-23T02:28:42.6560000,755
2026-05-23T02:28:43.6970000,748
2026-05-23T02:28:44.7370000,720
2026-05-23T02:28:45.7780000,746
2026-05-23T02:28:46.8190000,734
2026-05-23T02:28:47.8700000,752
2026-05-23T02:28:48.9110000,744
2026-05-23T02:28:49.9520000,758
2026-05-23T02:28:50.9930000,753
2026-05-23T02:28:52.0330000,753
2026-05-23T02:28:53.0740000,741
2026-05-23T02:28:54.1150000,758
2026-05-23T02:28:55.1560000,736
2026-05-23T02:28:56.1960000,748
2026-05-23T02:28:57.2370000,736
2026-05-23T02:28:58.2880000,745
2026-05-23T02:28:59.3290000,748
2026-05-23T02:29:00.3700000,748
2026-05-23T02:29:01.4100000,756
2026-05-23T02:29:02.4550000,759
2026-05-23T02:29:03.4950000,745
2026-05-23T02:29:04.5390000,760
2026-05-23T02:29:05.5790000,752
2026-05-23T02:29:06.6200000,757
2026-05-23T02:29:07.6610000,763
2026-05-23T02:29:08.7020000,752
2026-05-23T02:29:09.7420000,768
2026-05-23T02:29:10.7830000,755
2026-05-23T02:29:11.8240000,783
2026-05-23T02:29:12.8750000,755
2026-05-23T02:29:13.9160000,761
2026-05-23T02:29:14.9570000,768
2026-05-23T02:29:15.9970000,756
2026-05-23T02:29:17.0380000,757
2026-05-23T02:29:18.0790000,759
2026-05-23T02:29:19.1200000,776
2026-05-23T02:29:20.1600000,761
2026-05-23T02:29:21.2010000,769
2026-05-23T02:29:22.2520000,765
2026-05-23T02:29:23.2930000,755
2026-05-23T02:29:24.3340000,766
2026-05-23T02:29:25.3740000,753
2026-05-23T02:29:26.4150000,769
2026-05-23T02:29:27.4560000,751
2026-05-23T02:29:28.4960000,763
2026-05-23T02:29:29.5370000,761
2026-05-23T02:29:30.5810000,762
2026-05-23T02:29:31.6220000,766
2026-05-23T02:29:32.6630000,769
2026-05-23T02:29:33.7040000,755
2026-05-23T02:29:34.7550000,746
2026-05-23T02:29:35.7960000,735
2026-05-23T02:29:36.8370000,777
2026-05-23T02:29:37.8770000,774
2026-05-23T02:29:38.9180000,775
2026-05-23T02:29:39.9590000,748
2026-05-23T02:29:40.9990000,774
2026-05-23T02:29:42.0400000,768
2026-05-23T02:29:43.0810000,779
2026-05-23T02:29:44.1320000,771
2026-05-23T02:29:45.1660000,774
2026-05-23T02:29:46.2070000,767
2026-05-23T02:29:47.2580000,782
2026-05-23T02:29:48.2990000,760
2026-05-23T02:29:49.3390000,758
2026-05-23T02:29:50.3800000,750
2026-05-23T02:29:51.4210000,753
2026-05-23T02:29:52.4610000,764
2026-05-23T02:29:53.5020000,765
2026-05-23T02:29:54.5430000,760
2026-05-23T02:29:55.5940000,771
2026-05-23T02:29:56.6350000,765
2026-05-23T02:29:57.6760000,769
2026-05-23T02:29:58.7200000,769
2026-05-23T02:29:59.7610000,756
2026-05-23T02:30:00.8020000,770
2026-05-23T02:30:01.8420000,756
2026-05-23T02:30:02.8830000,775
2026-05-23T02:30:03.9240000,762
2026-05-23T02:30:04.9650000,764
2026-05-23T02:30:06.0060000,766
2026-05-23T02:30:07.0460000,778
2026-05-23T02:30:08.0980000,775
2026-05-23T02:30:09.1380000,764
2026-05-23T02:30:10.1790000,762
2026-05-23T02:30:11.2200000,776
2026-05-23T02:30:12.2640000,775
2026-05-23T02:30:13.3050000,754
2026-05-23T02:30:14.3450000,774
2026-05-23T02:30:15.3860000,760
2026-05-23T02:30:16.4270000,768
2026-05-23T02:30:17.4670000,762
2026-05-23T02:30:19.5590000,772
2026-05-23T02:30:20.6000000,763
2026-05-23T02:30:21.6410000,776
2026-05-23T02:30:22.6810000,769
2026-05-23T02:30:23.7220000,754
2026-05-23T02:30:24.7630000,768
2026-05-23T02:30:25.8040000,768
2026-05-23T02:30:26.8480000,776
2026-05-23T02:30:27.8890000,765
2026-05-23T02:30:28.9300000,771
2026-05-23T02:30:29.9700000,777
2026-05-23T02:30:31.0110000,759
2026-05-23T02:30:32.0620000,752
2026-05-23T02:30:33.1030000,756
2026-05-23T02:30:34.1440000,757
2026-05-23T02:30:35.1840000,773
2026-05-23T02:30:36.2250000,750
2026-05-23T02:30:37.2660000,769
2026-05-23T02:30:38.3070000,755
2026-05-23T02:30:39.3470000,765
2026-05-23T02:30:40.3910000,754
2026-05-23T02:30:41.4320000,733
2026-05-23T02:30:42.4730000,743
2026-05-23T02:30:43.5240000,764
2026-05-23T02:30:44.5650000,764
2026-05-23T02:30:45.6060000,758
2026-05-23T02:30:46.6460000,752
2026-05-23T02:30:47.6870000,758
2026-05-23T02:30:48.7280000,757
2026-05-23T02:30:49.7690000,751
2026-05-23T02:30:50.8100000,757
2026-05-23T02:30:51.8500000,746
2026-05-23T02:30:52.8910000,750
2026-05-23T02:30:53.9420000,747
2026-05-23T02:30:54.9800000,754
2026-05-23T02:30:56.0200000,742
2026-05-23T02:30:57.0610000,748
2026-05-23T02:30:58.1020000,745
2026-05-23T02:30:59.1530000,725
2026-05-23T02:31:00.1940000,720
2026-05-23T02:31:01.2350000,745
2026-05-23T02:31:02.2750000,728
2026-05-23T02:31:03.3160000,745
2026-05-23T02:31:04.3570000,734
2026-05-23T02:31:05.3970000,717
2026-05-23T02:31:06.4380000,750
2026-05-23T02:31:07.4790000,731
2026-05-23T02:31:08.5230000,748
2026-05-23T02:31:09.5640000,739
2026-05-23T02:31:10.6050000,743
2026-05-23T02:31:11.6560000,742
2026-05-23T02:31:12.6970000,732
2026-05-23T02:31:13.7380000,743
2026-05-23T02:31:14.7780000,746
2026-05-23T02:31:15.8190000,735
2026-05-23T02:31:16.8600000,746
2026-05-23T02:31:17.9010000,739
2026-05-23T02:31:18.9420000,748
2026-05-23T02:31:19.9930000,753
2026-05-23T02:31:21.0340000,743
2026-05-23T02:31:22.0670000,741
2026-05-23T02:31:23.1180000,733
2026-05-23T02:31:24.1590000,724
2026-05-23T02:31:25.2000000,738
2026-05-23T02:31:26.2410000,760
2026-05-23T02:31:27.2810000,742
2026-05-23T02:31:28.3220000,754
2026-05-23T02:31:29.3630000,733
2026-05-23T02:31:30.4030000,734
2026-05-23T02:31:31.4550000,745
2026-05-23T02:31:32.4960000,763
2026-05-23T02:31:33.5360000,744
2026-05-23T02:31:34.5770000,768
2026-05-23T02:31:35.6180000,751
2026-05-23T02:31:36.6620000,736
2026-05-23T02:31:37.7030000,749
2026-05-23T02:31:38.7440000,750
2026-05-23T02:31:39.7850000,738
2026-05-23T02:31:40.8250000,750
2026-05-23T02:31:41.8660000,732
2026-05-23T02:31:42.9070000,743
2026-05-23T02:31:43.9580000,740
2026-05-23T02:31:44.9990000,756
2026-05-23T02:31:46.0400000,749
2026-05-23T02:31:47.0810000,742
2026-05-23T02:31:48.1210000,759
2026-05-23T02:31:49.1620000,741
2026-05-23T02:31:50.2060000,756
2026-05-23T02:31:51.2470000,768
2026-05-23T02:31:52.2880000,763
2026-05-23T02:31:53.3290000,757
2026-05-23T02:31:54.3690000,752
2026-05-23T02:31:55.4210000,746
2026-05-23T02:31:56.4620000,746
2026-05-23T02:31:57.5020000,742
2026-05-23T02:31:58.5430000,767
2026-05-23T02:31:59.5840000,752
2026-05-23T02:32:00.6250000,752
2026-05-23T02:32:01.6660000,760
2026-05-23T02:32:02.7060000,751
2026-05-23T02:32:03.7470000,762
2026-05-23T02:32:04.7920000,757
2026-05-23T02:32:05.8320000,762
2026-05-23T02:32:06.8730000,752
2026-05-23T02:32:07.9240000,765
2026-05-23T02:32:08.9650000,768
2026-05-23T02:32:10.0060000,745
2026-05-23T02:32:11.0460000,759
2026-05-23T02:32:12.0870000,759
2026-05-23T02:32:13.1280000,763
2026-05-23T02:32:14.1690000,757
2026-05-23T02:32:15.2090000,764
2026-05-23T02:32:16.2500000,745
2026-05-23T02:32:17.3010000,753
2026-05-23T02:32:18.3350000,746
2026-05-23T02:32:19.3760000,757
2026-05-23T02:32:20.4270000,767
2026-05-23T02:32:21.4680000,754
2026-05-23T02:32:22.5090000,748
2026-05-23T02:32:23.5490000,768
2026-05-23T02:32:24.5900000,759
2026-05-23T02:32:25.6310000,762
2026-05-23T02:32:26.6720000,769
2026-05-23T02:32:27.7130000,746
2026-05-23T02:32:28.7530000,767
2026-05-23T02:32:29.8050000,763
2026-05-23T02:32:30.8450000,760
2026-05-23T02:32:31.8790000,775
2026-05-23T02:32:32.9300000,748
2026-05-23T02:32:33.9710000,756
2026-05-23T02:32:35.0120000,762
2026-05-23T02:32:36.0530000,762
2026-05-23T02:32:37.0930000,755
2026-05-23T02:32:38.1340000,747
2026-05-23T02:32:39.1750000,758
2026-05-23T02:32:40.2150000,764
2026-05-23T02:32:41.2670000,759
2026-05-23T02:32:42.3070000,753
2026-05-23T02:32:43.3480000,762
2026-05-23T02:32:44.3890000,768
2026-05-23T02:32:45.4300000,754
2026-05-23T02:32:46.4670000,751
2026-05-23T02:32:47.5180000,746
2026-05-23T02:32:48.5590000,748
2026-05-23T02:32:49.6000000,756
2026-05-23T02:32:50.6410000,758
2026-05-23T02:32:51.6820000,746
2026-05-23T02:32:52.7220000,768
2026-05-23T02:32:53.7630000,740
2026-05-23T02:32:54.8040000,766
2026-05-23T02:32:55.8550000,770
2026-05-23T02:32:56.8960000,759
2026-05-23T02:32:57.9370000,760
2026-05-23T02:32:58.9770000,759
2026-05-23T02:33:00.0180000,769
2026-05-23T02:33:01.0590000,777
2026-05-23T02:33:02.0990000,766
2026-05-23T02:33:03.1400000,755
2026-05-23T02:33:04.1810000,779
2026-05-23T02:33:05.2320000,760
2026-05-23T02:33:06.2730000,777
2026-05-23T02:33:07.3140000,763
2026-05-23T02:33:08.3540000,776
2026-05-23T02:33:09.3950000,746
2026-05-23T02:33:10.4360000,777
2026-05-23T02:33:11.4770000,762
2026-05-23T02:33:12.5180000,762
2026-05-23T02:33:13.5580000,777
2026-05-23T02:33:14.6030000,769
2026-05-23T02:33:15.6440000,753
2026-05-23T02:33:16.6840000,763
2026-05-23T02:33:17.7360000,757
2026-05-23T02:33:18.7760000,758
2026-05-23T02:33:19.8170000,754
2026-05-23T02:33:20.8580000,759
2026-05-23T02:33:21.8980000,760
2026-05-23T02:33:22.9390000,748
2026-05-23T02:33:23.9800000,740
2026-05-23T02:33:25.0210000,748
2026-05-23T02:33:26.0720000,743
2026-05-23T02:33:27.1130000,745
2026-05-23T02:33:28.1460000,757
2026-05-23T02:33:29.1970000,753
2026-05-23T02:33:30.2380000,751
2026-05-23T02:33:31.2790000,745
2026-05-23T02:33:32.3200000,759
2026-05-23T02:33:33.3610000,757
2026-05-23T02:33:34.4010000,756
2026-05-23T02:33:35.4420000,760
2026-05-23T02:33:36.4830000,757
2026-05-23T02:33:37.5340000,774
2026-05-23T02:33:38.5750000,750
2026-05-23T02:33:39.6160000,750
2026-05-23T02:33:40.6560000,765
2026-05-23T02:33:41.7010000,770
2026-05-23T02:33:42.7410000,767
2026-05-23T02:33:43.7820000,770
2026-05-23T02:33:44.8230000,765
2026-05-23T02:33:45.8640000,759
2026-05-23T02:33:46.9050000,765
2026-05-23T02:33:47.9450000,764
2026-05-23T02:33:48.9970000,759
2026-05-23T02:33:50.0370000,755
2026-05-23T02:33:51.0780000,762
2026-05-23T02:33:52.1190000,759
2026-05-23T02:33:53.1590000,770
2026-05-23T02:33:54.2000000,761
2026-05-23T02:33:55.2410000,757
2026-05-23T02:33:56.2850000,765
2026-05-23T02:33:57.3260000,757
2026-05-23T02:33:58.3670000,759
2026-05-23T02:33:59.4080000,762
2026-05-23T02:34:00.4590000,773
2026-05-23T02:34:01.5000000,750
2026-05-23T02:34:02.5400000,756
2026-05-23T02:34:03.5810000,777
2026-05-23T02:34:04.6220000,740
2026-05-23T02:34:05.6630000,766
2026-05-23T02:34:06.7030000,772
2026-05-23T02:34:07.7440000,742
2026-05-23T02:34:08.7850000,762
2026-05-23T02:34:09.8290000,756
2026-05-23T02:34:10.8700000,753
2026-05-23T02:34:11.9110000,749
2026-05-23T02:34:12.9620000,769
2026-05-23T02:34:14.0030000,756
2026-05-23T02:34:15.0440000,740
2026-05-23T02:34:17.1250000,742
2026-05-23T02:34:18.1660000,759
2026-05-23T02:34:19.2070000,751
2026-05-23T02:34:20.2470000,754
2026-05-23T02:34:21.2880000,764
2026-05-23T02:34:22.3400000,767
2026-05-23T02:34:23.3800000,754
2026-05-23T02:34:24.4250000,757
2026-05-23T02:34:25.4650000,758
2026-05-23T02:34:26.5060000,754
2026-05-23T02:34:27.5470000,757
2026-05-23T02:34:28.5880000,757
2026-05-23T02:34:29.6280000,763
2026-05-23T02:34:30.6690000,761
2026-05-23T02:34:31.7100000,766
2026-05-23T02:34:32.7510000,756
2026-05-23T02:34:33.8020000,768
2026-05-23T02:34:34.8430000,760
2026-05-23T02:34:35.8840000,750
2026-05-23T02:34:36.9240000,742
2026-05-23T02:34:37.9680000,742
2026-05-23T02:34:39.0090000,749
2026-05-23T02:34:40.0500000,762
2026-05-23T02:34:41.0910000,749
2026-05-23T02:34:42.1310000,749
2026-05-23T02:34:43.1720000,763
2026-05-23T02:34:44.2130000,753
2026-05-23T02:34:45.2540000,751
2026-05-23T02:34:46.3050000,745
2026-05-23T02:34:47.3460000,747
2026-05-23T02:34:48.3870000,750
2026-05-23T02:34:49.4280000,741
2026-05-23T02:34:50.4680000,750
2026-05-23T02:34:51.5130000,746
2026-05-23T02:34:52.5530000,737
2026-05-23T02:34:53.5940000,745
2026-05-23T02:34:54.6350000,743
2026-05-23T02:34:55.6760000,758
2026-05-23T02:34:56.7160000,760
2026-05-23T02:34:57.7570000,764
2026-05-23T02:34:58.8080000,743
2026-05-23T02:34:59.8490000,760
2026-05-23T02:35:00.8900000,767
2026-05-23T02:35:01.9300000,753
2026-05-23T02:35:02.9710000,759
2026-05-23T02:35:04.0120000,743
2026-05-23T02:35:05.0530000,764
2026-05-23T02:35:06.0970000,749
2026-05-23T02:35:07.1380000,746
2026-05-23T02:35:08.1790000,756
2026-05-23T02:35:09.2200000,738
2026-05-23T02:35:10.2710000,749
2026-05-23T02:35:11.3110000,751
2026-05-23T02:35:12.3520000,753
2026-05-23T02:35:13.3930000,754
2026-05-23T02:35:14.4340000,773
2026-05-23T02:35:15.4750000,756
2026-05-23T02:35:16.5150000,763
2026-05-23T02:35:17.5560000,768
2026-05-23T02:35:18.5970000,746
2026-05-23T02:35:19.6410000,760
2026-05-23T02:35:20.6820000,764
2026-05-23T02:35:21.7330000,755
2026-05-23T02:35:22.7740000,772
2026-05-23T02:35:23.8140000,781
2026-05-23T02:35:24.8550000,752
2026-05-23T02:35:25.8960000,757
2026-05-23T02:35:26.9360000,764
2026-05-23T02:35:27.9770000,765
2026-05-23T02:35:29.0180000,750
2026-05-23T02:35:30.0690000,765
2026-05-23T02:35:31.1100000,769
2026-05-23T02:35:32.1510000,767
2026-05-23T02:35:33.1920000,776
2026-05-23T02:35:34.2360000,749
2026-05-23T02:35:35.2770000,763
2026-05-23T02:35:36.3170000,762
2026-05-23T02:35:37.3580000,779
2026-05-23T02:35:38.3990000,754
2026-05-23T02:35:39.4400000,769
2026-05-23T02:35:40.4800000,773
2026-05-23T02:35:41.5210000,763
2026-05-23T02:35:42.5720000,786
2026-05-23T02:35:43.6130000,765
2026-05-23T02:35:44.6540000,767
2026-05-23T02:35:45.6950000,769
2026-05-23T02:35:46.7350000,769
2026-05-23T02:35:47.7730000,777
2026-05-23T02:35:48.8240000,755
2026-05-23T02:35:49.8640000,762
2026-05-23T02:35:50.9050000,782
2026-05-23T02:35:51.9460000,762
2026-05-23T02:35:52.9860000,777
2026-05-23T02:35:54.0270000,755
2026-05-23T02:35:55.0680000,769
2026-05-23T02:35:56.1090000,751
2026-05-23T02:35:57.1500000,775
2026-05-23T02:35:58.2010000,760
2026-05-23T02:35:59.2420000,761
2026-05-23T02:36:00.2830000,770
2026-05-23T02:36:01.3270000,742
2026-05-23T02:36:02.3680000,770
2026-05-23T02:36:03.4080000,761
2026-05-23T02:36:04.4490000,757
2026-05-23T02:36:05.4900000,748
2026-05-23T02:36:06.5300000,752
2026-05-23T02:36:07.5710000,754
2026-05-23T02:36:08.6120000,766
2026-05-23T02:36:09.6630000,746
2026-05-23T02:36:10.7040000,759
2026-05-23T02:36:11.7450000,753
2026-05-23T02:36:12.7850000,756
2026-05-23T02:36:13.8260000,760
2026-05-23T02:36:14.8670000,748
2026-05-23T02:36:15.9140000,750
2026-05-23T02:36:16.9550000,756
2026-05-23T02:36:17.9950000,747
2026-05-23T02:36:19.0360000,766
2026-05-23T02:36:20.0770000,739
2026-05-23T02:36:21.1180000,746
2026-05-23T02:36:22.1580000,760
2026-05-23T02:36:23.1990000,766
2026-05-23T02:36:24.2500000,759
2026-05-23T02:36:25.2910000,762
2026-05-23T02:36:26.3320000,758
2026-05-23T02:36:27.3730000,761
2026-05-23T02:36:28.4130000,754
2026-05-23T02:36:29.4580000,762
2026-05-23T02:36:30.4980000,760
2026-05-23T02:36:31.5390000,773
2026-05-23T02:36:32.5800000,756
2026-05-23T02:36:33.6210000,739
2026-05-23T02:36:34.6610000,766
2026-05-23T02:36:35.7020000,748
2026-05-23T02:36:36.7430000,776
2026-05-23T02:36:37.7940000,758
2026-05-23T02:36:38.8350000,758
2026-05-23T02:36:39.8750000,764
2026-05-23T02:36:40.9160000,763
2026-05-23T02:36:41.9570000,755
2026-05-23T02:36:42.9980000,752
2026-05-23T02:36:44.0450000,754
2026-05-23T02:36:45.0860000,771
2026-05-23T02:36:46.1270000,757
2026-05-23T02:36:47.1680000,753
2026-05-23T02:36:48.2080000,763
2026-05-23T02:36:49.2490000,750
2026-05-23T02:36:50.2900000,762
2026-05-23T02:36:51.3310000,740
2026-05-23T02:36:52.3720000,761
2026-05-23T02:36:53.4230000,753
2026-05-23T02:36:54.4630000,749
2026-05-23T02:36:55.5040000,759
2026-05-23T02:36:56.5450000,748
2026-05-23T02:36:57.5890000,767
2026-05-23T02:36:58.6300000,731
2026-05-23T02:36:59.6710000,745
2026-05-23T02:37:00.7110000,769
2026-05-23T02:37:01.7520000,757
2026-05-23T02:37:02.7930000,749
2026-05-23T02:37:03.8330000,767
2026-05-23T02:37:04.8740000,758
2026-05-23T02:37:05.9150000,756
2026-05-23T02:37:06.9660000,758
2026-05-23T02:37:08.0070000,760
2026-05-23T02:37:09.0480000,769
2026-05-23T02:37:10.0890000,772
2026-05-23T02:37:11.1290000,762
2026-05-23T02:37:12.1660000,758
2026-05-23T02:37:13.2180000,756
2026-05-23T02:37:14.2580000,756
2026-05-23T02:37:15.2990000,765
2026-05-23T02:37:16.3400000,768
2026-05-23T02:37:17.3810000,756
2026-05-23T02:37:18.4210000,772
2026-05-23T02:37:19.4620000,754
2026-05-23T02:37:20.5030000,770
2026-05-23T02:37:21.5440000,767
2026-05-23T02:37:23.6360000,754
2026-05-23T02:37:24.6760000,768
2026-05-23T02:37:25.7100000,766
2026-05-23T02:37:26.7610000,772
2026-05-23T02:37:27.8020000,761
2026-05-23T02:37:28.8430000,769
2026-05-23T02:37:29.8840000,779
2026-05-23T02:37:30.9240000,766
2026-05-23T02:37:31.9650000,777
2026-05-23T02:37:33.0060000,765
2026-05-23T02:37:34.0470000,773
2026-05-23T02:37:35.0870000,762
2026-05-23T02:37:36.1390000,772
2026-05-23T02:37:37.1790000,770
2026-05-23T02:37:38.2200000,761
2026-05-23T02:37:39.2640000,773
2026-05-23T02:37:40.3050000,780
2026-05-23T02:37:41.3460000,769
2026-05-23T02:37:42.3860000,775
2026-05-23T02:37:43.4270000,770
2026-05-23T02:37:44.4680000,789
2026-05-23T02:37:45.5090000,759
2026-05-23T02:37:46.5490000,767
2026-05-23T02:37:47.5900000,778
2026-05-23T02:37:48.6410000,763
2026-05-23T02:37:49.6820000,770
2026-05-23T02:37:50.7230000,766
2026-05-23T02:37:51.7630000,763
2026-05-23T02:37:52.8040000,770
2026-05-23T02:37:53.8410000,758
2026-05-23T02:37:54.8950000,752
2026-05-23T02:37:55.9260000,772
2026-05-23T02:37:56.9660000,768
2026-05-23T02:37:58.0180000,778
2026-05-23T02:37:59.0590000,757
2026-05-23T02:38:00.0990000,758
2026-05-23T02:38:01.1400000,762
2026-05-23T02:38:02.1810000,758
2026-05-23T02:38:03.2220000,766
2026-05-23T02:38:04.2630000,757
2026-05-23T02:38:05.3040000,770
2026-05-23T02:38:06.3440000,762
2026-05-23T02:38:07.3850000,756
2026-05-23T02:38:08.4360000,765
2026-05-23T02:38:09.4770000,753
2026-05-23T02:38:10.5170000,754
2026-05-23T02:38:11.5580000,758
2026-05-23T02:38:12.5990000,750
2026-05-23T02:38:13.6400000,747
2026-05-23T02:38:14.6800000,756
2026-05-23T02:38:15.7210000,745
2026-05-23T02:38:16.7720000,749
2026-05-23T02:38:17.8130000,757
2026-05-23T02:38:18.8530000,754
2026-05-23T02:38:19.8940000,749
2026-05-23T02:38:20.9350000,754
2026-05-23T02:38:21.9720000,736
2026-05-23T02:38:23.0230000,741
2026-05-23T02:38:24.0640000,743
2026-05-23T02:38:25.1050000,734
2026-05-23T02:38:26.1460000,752
2026-05-23T02:38:27.1870000,748
2026-05-23T02:38:28.2280000,739
2026-05-23T02:38:29.2680000,743
2026-05-23T02:38:30.3090000,735
2026-05-23T02:38:31.3500000,740
2026-05-23T02:38:32.4010000,748
2026-05-23T02:38:33.4420000,745
2026-05-23T02:38:34.4820000,762
2026-05-23T02:38:35.5270000,748
2026-05-23T02:38:36.5670000,743
2026-05-23T02:38:37.6080000,730
2026-05-23T02:38:38.6490000,721
2026-05-23T02:38:39.6890000,753
2026-05-23T02:38:40.7300000,717
2026-05-23T02:38:41.7710000,724
2026-05-23T02:38:42.8110000,748
2026-05-23T02:38:43.8520000,738
2026-05-23T02:38:44.9030000,737
2026-05-23T02:38:45.9440000,744
2026-05-23T02:38:46.9850000,742
2026-05-23T02:38:48.0260000,739
2026-05-23T02:38:49.0670000,748
2026-05-23T02:38:50.1140000,740
2026-05-23T02:38:51.1550000,749
2026-05-23T02:38:52.1960000,748
2026-05-23T02:38:53.2370000,745
2026-05-23T02:38:54.2770000,737
2026-05-23T02:38:55.3180000,740
2026-05-23T02:38:56.3590000,734
2026-05-23T02:38:57.4000000,726
2026-05-23T02:38:58.4410000,751
2026-05-23T02:38:59.4920000,739
2026-05-23T02:39:00.5320000,747
2026-05-23T02:39:01.5730000,742
2026-05-23T02:39:02.6140000,740
2026-05-23T02:39:03.6580000,753
2026-05-23T02:39:04.6990000,741
2026-05-23T02:39:05.7400000,755
2026-05-23T02:39:06.7800000,746
2026-05-23T02:39:07.8210000,735
2026-05-23T02:39:08.8620000,738
2026-05-23T02:39:09.9030000,743
2026-05-23T02:39:10.9540000,751
2026-05-23T02:39:11.9950000,726
2026-05-23T02:39:13.0360000,736
2026-05-23T02:39:14.0760000,724
2026-05-23T02:39:15.1170000,745
2026-05-23T02:39:16.1580000,752
2026-05-23T02:39:17.2020000,726
2026-05-23T02:39:18.2430000,749
2026-05-23T02:39:19.2840000,741
2026-05-23T02:39:20.3240000,741
2026-05-23T02:39:21.3650000,753
2026-05-23T02:39:22.4160000,752
2026-05-23T02:39:23.4570000,756
2026-05-23T02:39:24.4980000,749
2026-05-23T02:39:25.5380000,747
2026-05-23T02:39:26.5790000,756
2026-05-23T02:39:27.6200000,753
2026-05-23T02:39:28.6600000,742
2026-05-23T02:39:29.7010000,742
2026-05-23T02:39:30.7520000,761
2026-05-23T02:39:31.7860000,759
2026-05-23T02:39:32.8270000,754
2026-05-23T02:39:33.8780000,740
2026-05-23T02:39:34.9190000,754
2026-05-23T02:39:35.9600000,745
2026-05-23T02:39:37.0010000,758
2026-05-23T02:39:38.0420000,755
2026-05-23T02:39:39.0820000,771
2026-05-23T02:39:40.1230000,757
2026-05-23T02:39:41.1640000,748
2026-05-23T02:39:42.2050000,756
2026-05-23T02:39:43.2560000,746
2026-05-23T02:39:44.2970000,779
2026-05-23T02:39:45.3310000,760
2026-05-23T02:39:46.3710000,757
2026-05-23T02:39:47.4230000,770
2026-05-23T02:39:48.4630000,754
2026-05-23T02:39:49.5040000,754
2026-05-23T02:39:50.5450000,752
2026-05-23T02:39:51.5850000,758
2026-05-23T02:39:52.6260000,767
2026-05-23T02:39:53.6670000,761
2026-05-23T02:39:54.7080000,781
2026-05-23T02:39:55.7590000,765
2026-05-23T02:39:56.8000000,770
2026-05-23T02:39:57.8410000,756
2026-05-23T02:39:58.8820000,757
2026-05-23T02:39:59.9260000,758
2026-05-23T02:40:00.9660000,750
2026-05-23T02:40:02.0070000,747
2026-05-23T02:40:03.0480000,771
2026-05-23T02:40:04.0890000,755
2026-05-23T02:40:05.1300000,750
2026-05-23T02:40:06.1700000,762
2026-05-23T02:40:07.2110000,773
2026-05-23T02:40:08.2620000,772
2026-05-23T02:40:09.3030000,767
2026-05-23T02:40:10.3440000,777
2026-05-23T02:40:11.3840000,766
2026-05-23T02:40:12.4250000,750
2026-05-23T02:40:13.4690000,776
2026-05-23T02:40:14.5100000,761
2026-05-23T02:40:15.5510000,757
2026-05-23T02:40:16.5920000,754
2026-05-23T02:40:17.6320000,746
2026-05-23T02:40:18.6730000,770
2026-05-23T02:40:19.7140000,754
2026-05-23T02:40:20.7550000,759
2026-05-23T02:40:21.8060000,757
2026-05-23T02:40:22.8470000,758
2026-05-23T02:40:23.8880000,762
2026-05-23T02:40:24.9280000,758
2026-05-23T02:40:25.9690000,758
2026-05-23T02:40:27.0100000,754
2026-05-23T02:40:28.0510000,750
2026-05-23T02:40:29.0920000,761
2026-05-23T02:40:30.1320000,761
2026-05-23T02:40:31.1840000,756
2026-05-23T02:40:32.2240000,754
2026-05-23T02:40:33.2650000,746
2026-05-23T02:40:34.3060000,768
2026-05-23T02:40:35.3460000,764
2026-05-23T02:40:36.3870000,749
2026-05-23T02:40:37.4280000,763
2026-05-23T02:40:38.4680000,748
2026-05-23T02:40:39.5090000,755
2026-05-23T02:40:40.5610000,747
2026-05-23T02:40:41.5980000,760
2026-05-23T02:40:42.6390000,765
2026-05-23T02:40:43.6790000,766
2026-05-23T02:40:44.7200000,766
2026-05-23T02:40:45.7610000,767
2026-05-23T02:40:46.8120000,743
2026-05-23T02:40:47.8530000,765
2026-05-23T02:40:48.8940000,757
2026-05-23T02:40:49.9350000,765
2026-05-23T02:40:50.9760000,750
2026-05-23T02:40:52.0160000,764
2026-05-23T02:40:53.0570000,772
2026-05-23T02:40:54.0980000,760
2026-05-23T02:40:55.1390000,755
2026-05-23T02:40:56.1790000,756
2026-05-23T02:40:57.2310000,762
2026-05-23T02:40:58.2710000,766
2026-05-23T02:40:59.3120000,751
2026-05-23T02:41:00.3530000,759
2026-05-23T02:41:01.3940000,754
2026-05-23T02:41:02.4340000,754
2026-05-23T02:41:03.4750000,762
2026-05-23T02:41:04.5160000,756
2026-05-23T02:41:05.5670000,759
2026-05-23T02:41:06.6080000,746
2026-05-23T02:41:07.6490000,758
2026-05-23T02:41:08.6890000,756
2026-05-23T02:41:09.7270000,739
2026-05-23T02:41:10.7670000,757
2026-05-23T02:41:11.8190000,751
2026-05-23T02:41:12.8590000,762
2026-05-23T02:41:13.9000000,739
2026-05-23T02:41:14.9410000,749
2026-05-23T02:41:15.9820000,768
2026-05-23T02:41:17.0230000,749
2026-05-23T02:41:18.0630000,759
2026-05-23T02:41:19.1040000,772
2026-05-23T02:41:20.1450000,762
2026-05-23T02:41:21.1960000,760
2026-05-23T02:41:23.2770000,755
2026-05-23T02:41:24.3180000,761
2026-05-23T02:41:25.3590000,765
2026-05-23T02:41:26.3990000,776
2026-05-23T02:41:27.4400000,759
2026-05-23T02:41:28.4810000,766
2026-05-23T02:41:29.5320000,788
2026-05-23T02:41:30.5730000,777
2026-05-23T02:41:31.6140000,765
2026-05-23T02:41:32.6550000,768
2026-05-23T02:41:33.6950000,767
2026-05-23T02:41:34.7360000,779
2026-05-23T02:41:35.7770000,778
2026-05-23T02:41:36.8210000,760
2026-05-23T02:41:37.8620000,772
2026-05-23T02:41:38.9030000,757
2026-05-23T02:41:39.9440000,766
2026-05-23T02:41:40.9840000,750
2026-05-23T02:41:42.0250000,761
2026-05-23T02:41:43.0770000,759
2026-05-23T02:41:44.1170000,766
2026-05-23T02:41:45.1580000,780
2026-05-23T02:41:46.1990000,755
2026-05-23T02:41:47.2400000,768
2026-05-23T02:41:48.2800000,758
2026-05-23T02:41:49.3210000,757
2026-05-23T02:41:50.3620000,754
2026-05-23T02:41:51.4090000,764
2026-05-23T02:41:52.4500000,760
2026-05-23T02:41:53.4910000,757
2026-05-23T02:41:54.5320000,778
2026-05-23T02:41:55.5730000,754
2026-05-23T02:41:56.6140000,759
2026-05-23T02:41:57.6650000,770
2026-05-23T02:41:58.7060000,759
2026-05-23T02:41:59.7470000,750
2026-05-23T02:42:00.7880000,753
2026-05-23T02:42:01.8280000,759
2026-05-23T02:42:02.8690000,765
2026-05-23T02:42:03.9100000,741
2026-05-23T02:42:04.9510000,756
2026-05-23T02:42:05.9910000,760
2026-05-23T02:42:07.0320000,751
2026-05-23T02:42:08.0830000,762
2026-05-23T02:42:09.1240000,756
2026-05-23T02:42:10.1650000,757
2026-05-23T02:42:11.2050000,755
2026-05-23T02:42:12.2460000,767
2026-05-23T02:42:13.2870000,760
2026-05-23T02:42:14.3270000,745
2026-05-23T02:42:15.3690000,748
2026-05-23T02:42:16.4090000,759
2026-05-23T02:42:17.4610000,742
2026-05-23T02:42:18.5010000,760
2026-05-23T02:42:19.5390000,754
2026-05-23T02:42:20.5790000,735
2026-05-23T02:42:21.6200000,750
2026-05-23T02:42:22.6610000,755
2026-05-23T02:42:23.7120000,758
2026-05-23T02:42:24.7530000,738
2026-05-23T02:42:25.7940000,749
2026-05-23T02:42:26.8350000,741
2026-05-23T02:42:27.8750000,749
2026-05-23T02:42:28.9160000,749
2026-05-23T02:42:29.9570000,748
2026-05-23T02:42:30.9980000,751
2026-05-23T02:42:32.0380000,757
2026-05-23T02:42:33.0830000,742
2026-05-23T02:42:34.1230000,761
2026-05-23T02:42:35.1650000,753
2026-05-23T02:42:36.2160000,745
2026-05-23T02:42:37.2570000,752
2026-05-23T02:42:38.2970000,761
2026-05-23T02:42:39.3380000,762
2026-05-23T02:42:40.3790000,754
2026-05-23T02:42:41.4200000,744
2026-05-23T02:42:42.4600000,746
2026-05-23T02:42:43.5010000,740
2026-05-23T02:42:44.5420000,744
2026-05-23T02:42:45.5930000,751
2026-05-23T02:42:46.6340000,731
2026-05-23T02:42:47.6750000,732
2026-05-23T02:42:48.7160000,754
2026-05-23T02:42:49.7560000,754
2026-05-23T02:42:50.7970000,726
2026-05-23T02:42:51.8380000,756
2026-05-23T02:42:52.8790000,744
2026-05-23T02:42:53.9190000,742
2026-05-23T02:42:54.9710000,739
2026-05-23T02:42:56.0120000,744
2026-05-23T02:42:57.0520000,754
2026-05-23T02:42:58.0930000,754
2026-05-23T02:42:59.1340000,748
2026-05-23T02:43:00.1740000,749
2026-05-23T02:43:01.2220000,757
2026-05-23T02:43:02.2630000,761
2026-05-23T02:43:03.3030000,754
2026-05-23T02:43:04.3440000,745
2026-05-23T02:43:05.3850000,739
2026-05-23T02:43:06.4260000,746
2026-05-23T02:43:07.4660000,742
2026-05-23T02:43:08.5070000,757
2026-05-23T02:43:09.5480000,751
2026-05-23T02:43:10.5890000,749
2026-05-23T02:43:11.6400000,735
2026-05-23T02:43:12.6810000,744
2026-05-23T02:43:13.7220000,760
2026-05-23T02:43:14.7660000,748
2026-05-23T02:43:15.8070000,755
2026-05-23T02:43:16.8480000,757
2026-05-23T02:43:17.8880000,759
2026-05-23T02:43:18.9290000,748
2026-05-23T02:43:19.9700000,745
2026-05-23T02:43:21.0110000,752
2026-05-23T02:43:22.0510000,755
2026-05-23T02:43:23.0920000,764
2026-05-23T02:43:24.1430000,751
2026-05-23T02:43:25.1850000,756
2026-05-23T02:43:26.2250000,781
2026-05-23T02:43:27.2660000,756
2026-05-23T02:43:28.3070000,752
2026-05-23T02:43:29.3510000,756
2026-05-23T02:43:30.3920000,764
2026-05-23T02:43:31.4330000,763
2026-05-23T02:43:32.4730000,761
2026-05-23T02:43:33.5140000,765
2026-05-23T02:43:34.5550000,748
2026-05-23T02:43:35.5960000,769
2026-05-23T02:43:36.6370000,768
2026-05-23T02:43:37.6880000,779
2026-05-23T02:43:38.7290000,755
2026-05-23T02:43:39.7700000,765
2026-05-23T02:43:40.8100000,765
2026-05-23T02:43:41.8510000,774
2026-05-23T02:43:42.8950000,759
2026-05-23T02:43:43.9360000,765
2026-05-23T02:43:44.9770000,745
2026-05-23T02:43:46.0170000,764
2026-05-23T02:43:47.0580000,765
2026-05-23T02:43:48.0990000,764
2026-05-23T02:43:49.1390000,784
2026-05-23T02:43:50.1910000,771
2026-05-23T02:43:51.2320000,765
2026-05-23T02:43:52.2720000,763
2026-05-23T02:43:53.3130000,746
2026-05-23T02:43:54.3540000,764
2026-05-23T02:43:55.3950000,761
2026-05-23T02:43:56.4360000,767
2026-05-23T02:43:57.4800000,765
2026-05-23T02:43:58.5210000,761
2026-05-23T02:43:59.5620000,761
2026-05-23T02:44:00.6020000,755
2026-05-23T02:44:01.6430000,755
2026-05-23T02:44:02.6950000,762
2026-05-23T02:44:03.7350000,750
2026-05-23T02:44:04.7760000,762
2026-05-23T02:44:05.8170000,770
2026-05-23T02:44:06.8580000,745
2026-05-23T02:44:07.8980000,762
2026-05-23T02:44:08.9390000,762
2026-05-23T02:44:09.9800000,763
2026-05-23T02:44:11.0240000,756
2026-05-23T02:44:12.0650000,756
2026-05-23T02:44:13.1050000,759
2026-05-23T02:44:14.1460000,740
2026-05-23T02:44:15.1980000,756
2026-05-23T02:44:16.2380000,761
2026-05-23T02:44:17.2790000,757
2026-05-23T02:44:18.3200000,773
2026-05-23T02:44:19.3610000,771
2026-05-23T02:44:20.4020000,765
2026-05-23T02:44:21.4420000,765
2026-05-23T02:44:22.4830000,747
2026-05-23T02:44:23.5240000,756
2026-05-23T02:44:24.5680000,764
2026-05-23T02:44:25.6090000,759
2026-05-23T02:44:26.6500000,765
2026-05-23T02:44:27.7010000,759
2026-05-23T02:44:28.7420000,763
2026-05-23T02:44:29.7820000,759
2026-05-23T02:44:30.8230000,773
2026-05-23T02:44:31.8640000,766
2026-05-23T02:44:32.9050000,747
2026-05-23T02:44:33.9450000,764
2026-05-23T02:44:34.9860000,741
2026-05-23T02:44:36.0270000,759
2026-05-23T02:44:37.0780000,762
2026-05-23T02:44:38.1190000,767
2026-05-23T02:44:39.1520000,769
2026-05-23T02:44:40.2040000,762
2026-05-23T02:44:41.2440000,759
2026-05-23T02:44:42.2850000,760
2026-05-23T02:44:43.3260000,764
2026-05-23T02:44:44.3670000,753
2026-05-23T02:44:45.4080000,764
2026-05-23T02:44:46.4480000,753
2026-05-23T02:44:47.4890000,746
2026-05-23T02:44:48.5300000,757
2026-05-23T02:44:49.5710000,766
2026-05-23T02:44:50.6220000,773
2026-05-23T02:44:51.6630000,761
2026-05-23T02:44:52.6970000,761
2026-05-23T02:44:53.7480000,760
2026-05-23T02:44:54.7890000,759
2026-05-23T02:44:55.8290000,757
2026-05-23T02:44:56.8700000,746
2026-05-23T02:44:57.9110000,745
2026-05-23T02:44:58.9520000,757
2026-05-23T02:44:59.9920000,766
2026-05-23T02:45:01.0330000,758
2026-05-23T02:45:02.0740000,755
2026-05-23T02:45:03.1250000,770
2026-05-23T02:45:04.1660000,759
2026-05-23T02:45:05.2060000,757
2026-05-23T02:45:06.2470000,752
2026-05-23T02:45:07.2910000,751
2026-05-23T02:45:08.3320000,755
2026-05-23T02:45:09.3730000,752
2026-05-23T02:45:10.4140000,753
2026-05-23T02:45:11.4550000,763
2026-05-23T02:45:12.4950000,768
2026-05-23T02:45:13.5360000,752
2026-05-23T02:45:14.5770000,757
2026-05-23T02:45:15.6180000,765
2026-05-23T02:45:16.6590000,754
2026-05-23T02:45:17.7100000,758
2026-05-23T02:45:18.7510000,753
2026-05-23T02:45:19.7920000,749
2026-05-23T02:45:20.8320000,765
2026-05-23T02:45:21.8730000,761
2026-05-23T02:45:22.9140000,760
2026-05-23T02:45:23.9540000,757
2026-05-23T02:45:24.9950000,757
2026-05-23T02:45:26.0360000,762
2026-05-23T02:45:27.0760000,771
2026-05-23T02:45:28.1280000,757
2026-05-23T02:45:29.1680000,765
2026-05-23T02:45:30.2090000,761
2026-05-23T02:45:31.2500000,766
2026-05-23T02:45:32.2910000,752
2026-05-23T02:45:33.3310000,758
2026-05-23T02:45:34.3760000,742
2026-05-23T02:45:35.4170000,760
2026-05-23T02:45:36.4580000,779
2026-05-23T02:45:37.4990000,753
2026-05-23T02:45:38.5390000,761
2026-05-23T02:45:39.5800000,761
2026-05-23T02:45:40.6210000,752
2026-05-23T02:45:41.6620000,754
2026-05-23T02:45:42.7130000,745
2026-05-23T02:45:43.7540000,752
2026-05-23T02:45:44.7940000,754
2026-05-23T02:45:45.8350000,758
2026-05-23T02:45:46.8760000,761
2026-05-23T02:45:47.9160000,745
2026-05-23T02:45:48.9570000,748
2026-05-23T02:45:49.9980000,753
2026-05-23T02:45:51.0390000,747
2026-05-23T02:45:52.0790000,776
2026-05-23T02:45:53.1310000,742
2026-05-23T02:45:54.1720000,728
2026-05-23T02:45:55.2120000,744
2026-05-23T02:45:56.2530000,734
2026-05-23T02:45:57.2940000,753
2026-05-23T02:45:58.3350000,758
2026-05-23T02:45:59.3760000,746
2026-05-23T02:46:00.4160000,752
2026-05-23T02:46:01.4570000,750
2026-05-23T02:46:02.4980000,750
2026-05-23T02:46:03.5390000,743
2026-05-23T02:46:04.5900000,732
2026-05-23T02:46:05.6310000,752
2026-05-23T02:46:06.6710000,749
2026-05-23T02:46:07.7120000,745
2026-05-23T02:46:08.7530000,738
2026-05-23T02:46:09.7940000,739
2026-05-23T02:46:10.8340000,750
2026-05-23T02:46:11.8750000,746
2026-05-23T02:46:12.9160000,746
2026-05-23T02:46:13.9670000,738
2026-05-23T02:46:15.0080000,746
2026-05-23T02:46:16.0480000,761
2026-05-23T02:46:17.0820000,744
2026-05-23T02:46:18.1330000,750
2026-05-23T02:46:19.1740000,750
2026-05-23T02:46:20.2150000,753
2026-05-23T02:46:21.2560000,733
2026-05-23T02:46:22.2970000,738
2026-05-23T02:46:23.3370000,743
2026-05-23T02:46:24.3780000,749
2026-05-23T02:46:25.4190000,738
2026-05-23T02:46:26.4600000,758
2026-05-23T02:46:27.5110000,743
2026-05-23T02:46:28.5520000,752
2026-05-23T02:46:29.5920000,733
2026-05-23T02:46:30.6360000,749
2026-05-23T02:46:31.6770000,739
2026-05-23T02:46:32.7180000,740
2026-05-23T02:46:33.7590000,747
2026-05-23T02:46:34.7990000,746
2026-05-23T02:46:35.8400000,763
2026-05-23T02:46:36.8810000,746
2026-05-23T02:46:37.9210000,739
2026-05-23T02:46:38.9620000,747
2026-05-23T02:46:40.0030000,752
2026-05-23T02:46:41.0540000,752
2026-05-23T02:46:42.0950000,759
2026-05-23T02:46:43.1360000,741
2026-05-23T02:46:44.1770000,759
2026-05-23T02:46:45.2170000,746
2026-05-23T02:46:46.2580000,754
2026-05-23T02:46:47.2990000,762
2026-05-23T02:46:48.3400000,761
2026-05-23T02:46:49.3800000,746
2026-05-23T02:46:50.4320000,741
2026-05-23T02:46:51.4730000,742
2026-05-23T02:46:52.5130000,743
2026-05-23T02:46:53.5540000,762
2026-05-23T02:46:54.5950000,745
2026-05-23T02:46:55.6360000,743
2026-05-23T02:46:56.6760000,765
2026-05-23T02:46:57.7170000,746
2026-05-23T02:46:58.7610000,745
2026-05-23T02:46:59.8020000,756
2026-05-23T02:47:00.8430000,750
2026-05-23T02:47:01.8830000,750
2026-05-23T02:47:02.9240000,739
2026-05-23T02:47:03.9750000,735
2026-05-23T02:47:05.0160000,753
2026-05-23T02:47:06.0570000,750
2026-05-23T02:47:07.0980000,756
2026-05-23T02:47:08.1380000,739
2026-05-23T02:47:09.1790000,756
2026-05-23T02:47:10.2200000,770
2026-05-23T02:47:11.2610000,734
2026-05-23T02:47:12.3020000,757
2026-05-23T02:47:13.3420000,752
2026-05-23T02:47:14.3940000,766
2026-05-23T02:47:15.4340000,755
2026-05-23T02:47:16.4750000,755
2026-05-23T02:47:17.5160000,752
2026-05-23T02:47:18.5570000,761
2026-05-23T02:47:19.5970000,758
2026-05-23T02:47:20.6380000,756
2026-05-23T02:47:21.6790000,754
2026-05-23T02:47:22.7200000,755
2026-05-23T02:47:23.7600000,762
2026-05-23T02:47:24.8120000,761
2026-05-23T02:47:25.8520000,768
2026-05-23T02:47:26.8860000,753
2026-05-23T02:47:27.9370000,763
2026-05-23T02:47:28.9780000,753
2026-05-23T02:47:30.0190000,766
2026-05-23T02:47:31.0600000,753
2026-05-23T02:47:32.1010000,767
2026-05-23T02:47:33.1410000,777
2026-05-23T02:47:34.1820000,764
2026-05-23T02:47:35.2230000,779
2026-05-23T02:47:36.2640000,766
2026-05-23T02:47:37.3050000,773
2026-05-23T02:47:38.3560000,780
2026-05-23T02:47:39.3970000,771
2026-05-23T02:47:40.4370000,771
2026-05-23T02:47:41.4780000,776
2026-05-23T02:47:42.5190000,768
2026-05-23T02:47:43.5590000,759
2026-05-23T02:47:44.6000000,764
2026-05-23T02:47:45.6410000,760
2026-05-23T02:47:46.6820000,750
2026-05-23T02:47:47.7330000,771
2026-05-23T02:47:48.7740000,780
2026-05-23T02:47:49.8140000,766
2026-05-23T02:47:50.8550000,756
2026-05-23T02:47:51.8950000,766
2026-05-23T02:47:52.9360000,773
2026-05-23T02:47:53.9800000,759
2026-05-23T02:47:55.0210000,744
2026-05-23T02:47:56.0620000,775
2026-05-23T02:47:57.1030000,769
2026-05-23T02:47:58.1430000,773
2026-05-23T02:47:59.1840000,767
2026-05-23T02:48:00.2250000,776
2026-05-23T02:48:01.2660000,756
2026-05-23T02:48:02.3170000,772
2026-05-23T02:48:03.3580000,767
2026-05-23T02:48:04.3990000,766
2026-05-23T02:48:05.4400000,764
2026-05-23T02:48:06.4810000,756
2026-05-23T02:48:08.5650000,751
2026-05-23T02:48:09.6060000,758
2026-05-23T02:48:10.6470000,759
2026-05-23T02:48:11.6880000,759
2026-05-23T02:48:12.7280000,760
2026-05-23T02:48:13.7690000,754
2026-05-23T02:48:14.8100000,766
2026-05-23T02:48:15.8610000,766
2026-05-23T02:48:16.9020000,754
2026-05-23T02:48:17.9420000,762
2026-05-23T02:48:18.9830000,760
2026-05-23T02:48:20.0240000,763
2026-05-23T02:48:21.0650000,763
2026-05-23T02:48:22.1090000,767
2026-05-23T02:48:23.1500000,767
2026-05-23T02:48:24.1910000,774
2026-05-23T02:48:25.2310000,743
2026-05-23T02:48:26.2720000,762
2026-05-23T02:48:27.3130000,767
2026-05-23T02:48:28.3540000,766
2026-05-23T02:48:29.3940000,748
2026-05-23T02:48:30.4350000,754
2026-05-23T02:48:31.4860000,767
2026-05-23T02:48:32.5270000,745
2026-05-23T02:48:33.5680000,767
2026-05-23T02:48:34.6090000,770
2026-05-23T02:48:35.6490000,759
2026-05-23T02:48:36.6900000,755
2026-05-23T02:48:37.7310000,749
2026-05-23T02:48:38.7710000,752
2026-05-23T02:48:39.8120000,758
2026-05-23T02:48:40.8530000,773
2026-05-23T02:48:41.9040000,767
2026-05-23T02:48:42.9450000,761
2026-05-23T02:48:43.9860000,764
2026-05-23T02:48:45.0270000,766
2026-05-23T02:48:46.0670000,764
2026-05-23T02:48:47.1080000,742
2026-05-23T02:48:48.1490000,757
2026-05-23T02:48:49.1900000,744
2026-05-23T02:48:50.2300000,748
2026-05-23T02:48:51.2710000,749
2026-05-23T02:48:52.3120000,751
2026-05-23T02:48:53.3530000,748
2026-05-23T02:48:54.4040000,759
2026-05-23T02:48:55.4450000,752
2026-05-23T02:48:56.4850000,748
2026-05-23T02:48:57.5260000,767
2026-05-23T02:48:58.5670000,755
2026-05-23T02:48:59.6080000,746
2026-05-23T02:49:00.6480000,747
2026-05-23T02:49:01.6890000,737
2026-05-23T02:49:02.7300000,752
2026-05-23T02:49:03.7810000,737
2026-05-23T02:49:04.8210000,765
2026-05-23T02:49:05.8620000,728
2026-05-23T02:49:06.9030000,752
2026-05-23T02:49:07.9440000,754
2026-05-23T02:49:08.9850000,745
2026-05-23T02:49:10.0250000,764
2026-05-23T02:49:11.0660000,757
2026-05-23T02:49:12.1070000,745
2026-05-23T02:49:13.1480000,767
2026-05-23T02:49:14.1890000,755
2026-05-23T02:49:15.2400000,759
2026-05-23T02:49:16.2810000,754
2026-05-23T02:49:17.3210000,764
2026-05-23T02:49:18.3620000,756
2026-05-23T02:49:19.4030000,772
2026-05-23T02:49:20.4440000,770
2026-05-23T02:49:21.4840000,761
2026-05-23T02:49:22.5250000,759
2026-05-23T02:49:23.5660000,764
2026-05-23T02:49:24.6170000,753
2026-05-23T02:49:25.6580000,765
2026-05-23T02:49:26.6990000,757
2026-05-23T02:49:27.7390000,769
2026-05-23T02:49:28.7800000,771
2026-05-23T02:49:29.8210000,778
2026-05-23T02:49:30.8620000,762
2026-05-23T02:49:31.9030000,762
2026-05-23T02:49:32.9430000,765
2026-05-23T02:49:33.9840000,754
2026-05-23T02:49:35.0350000,764
2026-05-23T02:49:36.0760000,756
2026-05-23T02:49:37.1170000,761
2026-05-23T02:49:38.1580000,769
2026-05-23T02:49:39.1990000,750
2026-05-23T02:49:40.2390000,765
2026-05-23T02:49:41.2800000,764
2026-05-23T02:49:42.3210000,762
2026-05-23T02:49:43.3610000,756
2026-05-23T02:49:44.4130000,766
2026-05-23T02:49:45.4540000,755
2026-05-23T02:49:46.4870000,757
2026-05-23T02:49:47.5280000,761
2026-05-23T02:49:48.5790000,767
2026-05-23T02:49:49.6200000,777
2026-05-23T02:49:50.6610000,758
2026-05-23T02:49:51.7010000,779
2026-05-23T02:49:52.7420000,746
2026-05-23T02:49:53.7830000,779
2026-05-23T02:49:54.8230000,770
2026-05-23T02:49:55.8640000,756
2026-05-23T02:49:56.9050000,769
2026-05-23T02:49:57.9560000,770
2026-05-23T02:49:58.9970000,770
2026-05-23T02:50:00.0340000,746
2026-05-23T02:50:01.0750000,765
2026-05-23T02:50:02.1160000,774
2026-05-23T02:50:03.1570000,748
2026-05-23T02:50:04.2080000,778
2026-05-23T02:50:05.2490000,780
2026-05-23T02:50:06.2900000,762
2026-05-23T02:50:07.3300000,773
2026-05-23T02:50:08.3710000,758
2026-05-23T02:50:09.4120000,759
2026-05-23T02:50:10.4520000,764
2026-05-23T02:50:11.4930000,777
2026-05-23T02:50:12.5340000,755
2026-05-23T02:50:13.5850000,744
2026-05-23T02:50:14.6260000,757
2026-05-23T02:50:15.6670000,764
2026-05-23T02:50:16.7080000,766
2026-05-23T02:50:17.7480000,765
2026-05-23T02:50:18.7890000,755
2026-05-23T02:50:19.8300000,755
2026-05-23T02:50:20.8710000,750
2026-05-23T02:50:21.9120000,745
2026-05-23T02:50:22.9520000,760
2026-05-23T02:50:24.0040000,757
2026-05-23T02:50:25.0440000,764
2026-05-23T02:50:26.0850000,766
2026-05-23T02:50:27.1260000,751
2026-05-23T02:50:28.1670000,780
2026-05-23T02:50:29.2080000,754
2026-05-23T02:50:30.2480000,746
2026-05-23T02:50:31.2890000,757
2026-05-23T02:50:32.3300000,743
2026-05-23T02:50:33.3810000,776
2026-05-23T02:50:34.4220000,738
2026-05-23T02:50:35.4630000,756
2026-05-23T02:50:36.5030000,757
2026-05-23T02:50:37.5440000,762
2026-05-23T02:50:38.5850000,763
2026-05-23T02:50:39.6260000,744
2026-05-23T02:50:40.6660000,760
2026-05-23T02:50:41.7140000,759
2026-05-23T02:50:42.7550000,745
2026-05-23T02:50:43.7960000,745
2026-05-23T02:50:44.8370000,745
2026-05-23T02:50:45.8780000,751
2026-05-23T02:50:46.9180000,753
2026-05-23T02:50:47.9590000,754
2026-05-23T02:50:49.0000000,755
2026-05-23T02:50:50.0510000,754
2026-05-23T02:50:51.0920000,765
2026-05-23T02:50:52.1330000,728
2026-05-23T02:50:53.1740000,742
2026-05-23T02:50:54.2140000,740
2026-05-23T02:50:55.2520000,739
2026-05-23T02:50:56.3030000,745
2026-05-23T02:50:57.3440000,739
2026-05-23T02:50:58.3840000,731
2026-05-23T02:50:59.4250000,741
2026-05-23T02:51:00.4660000,734
2026-05-23T02:51:01.5060000,749
2026-05-23T02:51:02.5470000,724
2026-05-23T02:51:03.5880000,732
2026-05-23T02:51:04.6290000,752
2026-05-23T02:51:05.6700000,744
2026-05-23T02:51:06.7210000,743
2026-05-23T02:51:07.7620000,756
2026-05-23T02:51:08.8020000,743
2026-05-23T02:51:09.8430000,744
2026-05-23T02:51:10.8840000,732
2026-05-23T02:51:11.9250000,748
2026-05-23T02:51:12.9650000,728
2026-05-23T02:51:14.0060000,752
2026-05-23T02:51:15.0470000,757
2026-05-23T02:51:16.0980000,757
2026-05-23T02:51:17.1390000,755
2026-05-23T02:51:18.1800000,750
2026-05-23T02:51:19.2200000,748
2026-05-23T02:51:20.2610000,752
2026-05-23T02:51:21.3020000,732
2026-05-23T02:51:22.3430000,752
2026-05-23T02:51:23.3830000,731
2026-05-23T02:51:24.4240000,725
2026-05-23T02:51:25.4760000,749
2026-05-23T02:51:26.5170000,747
2026-05-23T02:51:27.5570000,734
2026-05-23T02:51:28.5980000,734
2026-05-23T02:51:29.6390000,753
2026-05-23T02:51:30.6800000,735
2026-05-23T02:51:31.7200000,730
2026-05-23T02:51:32.7610000,742
2026-05-23T02:51:33.8020000,748
2026-05-23T02:51:34.8530000,748
2026-05-23T02:51:35.8940000,765
2026-05-23T02:51:36.9310000,728
2026-05-23T02:51:37.9720000,742
2026-05-23T02:51:39.0130000,757
2026-05-23T02:51:40.0540000,751
2026-05-23T02:51:41.0940000,757
2026-05-23T02:51:42.1460000,756
2026-05-23T02:51:43.1860000,748
2026-05-23T02:51:44.2270000,757
2026-05-23T02:51:45.2680000,753
2026-05-23T02:51:46.3080000,749
2026-05-23T02:51:47.3490000,753
2026-05-23T02:51:48.3900000,749
2026-05-23T02:51:49.4300000,734
2026-05-23T02:51:50.4710000,757
2026-05-23T02:51:51.5120000,755
2026-05-23T02:51:52.5630000,752
2026-05-23T02:51:53.6040000,754
2026-05-23T02:51:54.6450000,761
2026-05-23T02:51:55.6860000,762
2026-05-23T02:51:56.7260000,761
2026-05-23T02:51:57.7670000,748
2026-05-23T02:51:58.8080000,763
2026-05-23T02:51:59.8490000,755
2026-05-23T02:52:00.8890000,766
2026-05-23T02:52:01.9300000,768
2026-05-23T02:52:02.9810000,759
2026-05-23T02:52:04.0220000,777
2026-05-23T02:52:05.0630000,744
2026-05-23T02:52:06.1040000,759
2026-05-23T02:52:07.1440000,780
2026-05-23T02:52:08.1850000,765
2026-05-23T02:52:09.2260000,763
2026-05-23T02:52:10.2660000,762
2026-05-23T02:52:11.3180000,781
2026-05-23T02:52:12.3580000,778
2026-05-23T02:52:13.3990000,753
2026-05-23T02:52:14.4400000,762
2026-05-23T02:52:15.4830000,765
2026-05-23T02:52:16.5240000,770
2026-05-23T02:52:17.5640000,778
2026-05-23T02:52:18.6020000,776
2026-05-23T02:52:19.6530000,769
2026-05-23T02:52:20.6940000,772
2026-05-23T02:52:21.7340000,774
2026-05-23T02:52:22.7750000,771
2026-05-23T02:52:23.8160000,760
2026-05-23T02:52:24.8570000,774
2026-05-23T02:52:25.8980000,761
2026-05-23T02:52:26.9390000,776
2026-05-23T02:52:27.9790000,773
2026-05-23T02:52:29.0200000,755
2026-05-23T02:52:30.0610000,771
2026-05-23T02:52:31.1120000,766
2026-05-23T02:52:32.1530000,740
2026-05-23T02:52:33.1940000,772
2026-05-23T02:52:34.2340000,766
2026-05-23T02:52:35.2750000,781
2026-05-23T02:52:36.3160000,751
2026-05-23T02:52:37.3570000,758
2026-05-23T02:52:38.3970000,753
2026-05-23T02:52:39.4380000,765
2026-05-23T02:52:40.4890000,772
2026-05-23T02:52:41.5300000,768
2026-05-23T02:52:42.5710000,759
2026-05-23T02:52:43.6120000,765
2026-05-23T02:52:44.6520000,753
2026-05-23T02:52:45.6930000,768
2026-05-23T02:52:46.7340000,761
2026-05-23T02:52:47.7750000,758
2026-05-23T02:52:48.8160000,757
2026-05-23T02:52:49.8570000,755
2026-05-23T02:52:50.9080000,762
2026-05-23T02:52:51.9490000,748
2026-05-23T02:52:52.9890000,762
2026-05-23T02:52:54.0300000,760
2026-05-23T02:52:55.0710000,765
2026-05-23T02:52:56.1120000,766
2026-05-23T02:52:57.1520000,773
2026-05-23T02:52:58.1930000,778
2026-05-23T02:52:59.2340000,789
2026-05-23T02:53:00.2850000,763
2026-05-23T02:53:01.3250000,769
2026-05-23T02:53:02.3660000,754
2026-05-23T02:53:03.4070000,754
2026-05-23T02:53:04.4480000,774
2026-05-23T02:53:05.4890000,762
2026-05-23T02:53:06.5300000,759
2026-05-23T02:53:07.5700000,777
2026-05-23T02:53:08.6110000,759
2026-05-23T02:53:09.6620000,777
2026-05-23T02:53:10.7030000,768
2026-05-23T02:53:11.7440000,777
2026-05-23T02:53:12.7850000,769
2026-05-23T02:53:13.8250000,754
2026-05-23T02:53:14.8660000,765
2026-05-23T02:53:15.9070000,739
2026-05-23T02:53:16.9480000,760
2026-05-23T02:53:17.9880000,768
2026-05-23T02:53:19.0290000,751
2026-05-23T02:53:20.0800000,758
2026-05-23T02:53:21.1210000,750
2026-05-23T02:53:23.2030000,768
2026-05-23T02:53:24.2430000,760
2026-05-23T02:53:25.2840000,758
2026-05-23T02:53:26.3250000,767
2026-05-23T02:53:27.3650000,760
2026-05-23T02:53:28.4060000,747
2026-05-23T02:53:29.4470000,747
2026-05-23T02:53:30.4980000,761
2026-05-23T02:53:31.5390000,751
2026-05-23T02:53:32.5800000,754
2026-05-23T02:53:33.6200000,752
2026-05-23T02:53:34.6610000,760
2026-05-23T02:53:35.7020000,755
2026-05-23T02:53:36.7430000,736
2026-05-23T02:53:37.7840000,772
2026-05-23T02:53:38.8240000,765
2026-05-23T02:53:39.8650000,745
2026-05-23T02:53:40.9160000,764
2026-05-23T02:53:41.9570000,753
2026-05-23T02:53:42.9910000,763
2026-05-23T02:53:44.0420000,754
2026-05-23T02:53:45.0830000,764
2026-05-23T02:53:46.1230000,764
2026-05-23T02:53:47.1640000,753
2026-05-23T02:53:48.2050000,766
2026-05-23T02:53:49.2450000,745
2026-05-23T02:53:50.2860000,771
2026-05-23T02:53:51.3270000,769
2026-05-23T02:53:52.3670000,770
2026-05-23T02:53:53.4190000,772
2026-05-23T02:53:54.4590000,759
2026-05-23T02:53:55.5000000,770
2026-05-23T02:53:56.5410000,775
2026-05-23T02:53:57.5810000,759
2026-05-23T02:53:58.6220000,761
2026-05-23T02:53:59.6630000,768
2026-05-23T02:54:00.7040000,763
2026-05-23T02:54:01.7440000,769
2026-05-23T02:54:02.7850000,765
2026-05-23T02:54:03.8370000,747
2026-05-23T02:54:04.8770000,779
2026-05-23T02:54:05.9180000,765
2026-05-23T02:54:06.9590000,776
2026-05-23T02:54:08.0000000,771
2026-05-23T02:54:09.0400000,783
2026-05-23T02:54:10.0810000,757
2026-05-23T02:54:11.1250000,770
2026-05-23T02:54:12.1660000,764
2026-05-23T02:54:13.2070000,768
2026-05-23T02:54:14.2470000,786
2026-05-23T02:54:15.2880000,773
2026-05-23T02:54:16.3290000,781
2026-05-23T02:54:17.3800000,765
2026-05-23T02:54:18.4210000,763
2026-05-23T02:54:19.4610000,779
2026-05-23T02:54:20.5020000,753
2026-05-23T02:54:21.5430000,774
2026-05-23T02:54:22.5840000,770
2026-05-23T02:54:23.6240000,759
2026-05-23T02:54:24.6650000,765
2026-05-23T02:54:25.7060000,760
2026-05-23T02:54:26.7470000,771
2026-05-23T02:54:27.7880000,778
2026-05-23T02:54:28.8390000,754
2026-05-23T02:54:29.8800000,748
2026-05-23T02:54:30.9200000,759
2026-05-23T02:54:31.9610000,773
2026-05-23T02:54:33.0020000,773
2026-05-23T02:54:34.0420000,751
2026-05-23T02:54:35.0830000,765
2026-05-23T02:54:36.1240000,727
2026-05-23T02:54:37.1650000,739
2026-05-23T02:54:39.2570000,744
2026-05-23T02:54:40.2970000,754
2026-05-23T02:54:41.3380000,768
2026-05-23T02:54:42.3790000,769
2026-05-23T02:54:43.4200000,759
2026-05-23T02:54:44.4600000,761
2026-05-23T02:54:45.5010000,767
2026-05-23T02:54:46.5420000,763
2026-05-23T02:54:47.5830000,771
2026-05-23T02:54:48.6340000,774
2026-05-23T02:54:49.6740000,758
2026-05-23T02:54:50.7150000,769
2026-05-23T02:54:51.7560000,754
2026-05-23T02:54:52.7970000,758
2026-05-23T02:54:53.8370000,773
2026-05-23T02:54:54.8780000,760
2026-05-23T02:54:55.9190000,773
2026-05-23T02:54:56.9600000,763
2026-05-23T02:54:58.0000000,753
2026-05-23T02:54:59.0510000,740
2026-05-23T02:55:00.0920000,745
2026-05-23T02:55:01.1330000,748
2026-05-23T02:55:02.1740000,749
2026-05-23T02:55:03.2140000,761
2026-05-23T02:55:04.2550000,752
2026-05-23T02:55:05.2960000,743
2026-05-23T02:55:06.3370000,750
2026-05-23T02:55:07.3770000,733
2026-05-23T02:55:08.4290000,736
2026-05-23T02:55:09.4690000,752
2026-05-23T02:55:10.5100000,742
2026-05-23T02:55:11.5510000,748
2026-05-23T02:55:12.5920000,756
2026-05-23T02:55:13.6320000,745
2026-05-23T02:55:14.6730000,757
2026-05-23T02:55:15.7140000,747
2026-05-23T02:55:16.7550000,754
2026-05-23T02:55:17.7950000,731
2026-05-23T02:55:18.8470000,729
2026-05-23T02:55:19.8800000,746
2026-05-23T02:55:20.9210000,749
2026-05-23T02:55:21.9720000,751
2026-05-23T02:55:23.0130000,769
2026-05-23T02:55:24.0540000,747
2026-05-23T02:55:25.0940000,759
2026-05-23T02:55:26.1350000,758
2026-05-23T02:55:27.1760000,756
2026-05-23T02:55:28.2170000,752
2026-05-23T02:55:29.2580000,735
2026-05-23T02:55:30.2990000,764
2026-05-23T02:55:31.3390000,751
2026-05-23T02:55:32.3910000,765
2026-05-23T02:55:33.4310000,749
2026-05-23T02:55:34.4720000,751
2026-05-23T02:55:35.5130000,750
2026-05-23T02:55:36.5540000,748
2026-05-23T02:55:37.5950000,750
2026-05-23T02:55:38.6350000,743
2026-05-23T02:55:39.6760000,747
2026-05-23T02:55:40.7170000,755
2026-05-23T02:55:41.7680000,748
2026-05-23T02:55:42.8090000,745
2026-05-23T02:55:43.8490000,748
2026-05-23T02:55:44.8900000,750
2026-05-23T02:55:45.9310000,756
2026-05-23T02:55:46.9720000,734
2026-05-23T02:55:48.0120000,756
2026-05-23T02:55:49.0530000,756
2026-05-23T02:55:50.0930000,734
2026-05-23T02:55:51.1450000,756
2026-05-23T02:55:52.1850000,740
2026-05-23T02:55:53.2260000,758
2026-05-23T02:55:54.2670000,749
2026-05-23T02:55:55.3080000,747
2026-05-23T02:55:56.3490000,764
2026-05-23T02:55:57.3890000,749
2026-05-23T02:55:58.4300000,755
2026-05-23T02:55:59.4710000,749
2026-05-23T02:56:00.5220000,755
2026-05-23T02:56:01.5630000,751
2026-05-23T02:56:02.5970000,755
2026-05-23T02:56:03.6480000,752
2026-05-23T02:56:04.6890000,744
2026-05-23T02:56:05.7290000,757
2026-05-23T02:56:06.7700000,761
2026-05-23T02:56:07.8110000,752
2026-05-23T02:56:08.8510000,761
2026-05-23T02:56:09.8920000,739
2026-05-23T02:56:10.9330000,756
2026-05-23T02:56:11.9740000,774
2026-05-23T02:56:13.0250000,766
2026-05-23T02:56:14.0650000,761
2026-05-23T02:56:15.1060000,756
2026-05-23T02:56:16.1480000,767
2026-05-23T02:56:17.1880000,762
2026-05-23T02:56:18.2290000,757
2026-05-23T02:56:19.2700000,747
2026-05-23T02:56:20.3110000,767
2026-05-23T02:56:21.3520000,762
2026-05-23T02:56:22.4030000,766
2026-05-23T02:56:23.4440000,750
2026-05-23T02:56:24.4840000,761
2026-05-23T02:56:25.5250000,763
2026-05-23T02:56:26.5660000,756
2026-05-23T02:56:27.6070000,787
2026-05-23T02:56:28.6470000,756
2026-05-23T02:56:29.6880000,774
2026-05-23T02:56:30.7290000,759
2026-05-23T02:56:31.7800000,770
2026-05-23T02:56:32.8200000,773
2026-05-23T02:56:33.8610000,762
2026-05-23T02:56:34.9020000,767
2026-05-23T02:56:35.9430000,772
2026-05-23T02:56:36.9840000,791
2026-05-23T02:56:38.0240000,775
2026-05-23T02:56:39.0650000,757
2026-05-23T02:56:40.1060000,774
2026-05-23T02:56:41.1470000,779
2026-05-23T02:56:42.1980000,760
2026-05-23T02:56:43.2390000,768
2026-05-23T02:56:44.2790000,765
2026-05-23T02:56:45.3200000,773
2026-05-23T02:56:46.3610000,760
2026-05-23T02:56:47.4020000,777
2026-05-23T02:56:48.4430000,771
2026-05-23T02:56:49.4830000,767
2026-05-23T02:56:50.5240000,768
2026-05-23T02:56:51.5650000,770
2026-05-23T02:56:52.6160000,780
2026-05-23T02:56:53.6570000,763
2026-05-23T02:56:54.6980000,766
2026-05-23T02:56:55.7390000,753
2026-05-23T02:56:56.7800000,764
2026-05-23T02:56:57.8240000,764
2026-05-23T02:56:58.8640000,773
2026-05-23T02:56:59.9050000,737
2026-05-23T02:57:00.9460000,768
2026-05-23T02:57:01.9860000,773
2026-05-23T02:57:03.0270000,779
2026-05-23T02:57:04.0680000,771
2026-05-23T02:57:05.1090000,756
2026-05-23T02:57:06.1600000,769
2026-05-23T02:57:07.2010000,758
2026-05-23T02:57:08.2420000,774
2026-05-23T02:57:09.2820000,756
2026-05-23T02:57:10.3230000,760
2026-05-23T02:57:11.3640000,774
2026-05-23T02:57:12.4080000,746
2026-05-23T02:57:13.4490000,771
2026-05-23T02:57:14.4900000,775
2026-05-23T02:57:15.5310000,760
2026-05-23T02:57:16.5710000,768
2026-05-23T02:57:17.6120000,764
2026-05-23T02:57:18.6530000,761
2026-05-23T02:57:19.6930000,774
2026-05-23T02:57:20.7450000,754
2026-05-23T02:57:21.7850000,788
2026-05-23T02:57:22.8260000,766
2026-05-23T02:57:23.8670000,777
2026-05-23T02:57:24.9070000,776
2026-05-23T02:57:25.9480000,773
2026-05-23T02:57:26.9890000,759
2026-05-23T02:57:28.0300000,772
2026-05-23T02:57:29.0710000,775
2026-05-23T02:57:30.1110000,788
2026-05-23T02:57:31.1630000,771
2026-05-23T02:57:32.2030000,796
2026-05-23T02:57:33.2440000,771
2026-05-23T02:57:34.2850000,781
2026-05-23T02:57:35.3260000,786
2026-05-23T02:57:36.3670000,776
2026-05-23T02:57:37.4070000,788
2026-05-23T02:57:38.4480000,787
2026-05-23T02:57:39.4890000,778
2026-05-23T02:57:40.5290000,785
2026-05-23T02:57:41.5810000,784
2026-05-23T02:57:42.6210000,774
2026-05-23T02:57:43.6620000,776
2026-05-23T02:57:44.7030000,776
2026-05-23T02:57:45.7440000,776
2026-05-23T02:57:46.7840000,781
2026-05-23T02:57:47.8250000,780
2026-05-23T02:57:48.8660000,778
2026-05-23T02:57:49.9060000,762
2026-05-23T02:57:50.9580000,790
2026-05-23T02:57:51.9980000,777
2026-05-23T02:57:53.0390000,764
2026-05-23T02:57:54.0730000,784
2026-05-23T02:57:55.1240000,778
2026-05-23T02:57:56.1650000,775
2026-05-23T02:57:57.2060000,783
2026-05-23T02:57:58.2470000,781
2026-05-23T02:57:59.2870000,794
2026-05-23T02:58:00.3280000,785
2026-05-23T02:58:01.3690000,778
2026-05-23T02:58:02.4100000,781
2026-05-23T02:58:03.4510000,769
2026-05-23T02:58:04.4910000,777
2026-05-23T02:58:05.5430000,777
2026-05-23T02:58:06.5830000,776
2026-05-23T02:58:07.6210000,764
2026-05-23T02:58:08.6610000,774
2026-05-23T02:58:09.7020000,778
2026-05-23T02:58:10.7430000,788
2026-05-23T02:58:11.7940000,788
2026-05-23T02:58:12.8350000,768
2026-05-23T02:58:13.8750000,798
2026-05-23T02:58:14.9160000,779
2026-05-23T02:58:15.9570000,770
2026-05-23T02:58:16.9980000,766
2026-05-23T02:58:18.0380000,775
2026-05-23T02:58:19.0790000,766
2026-05-23T02:58:20.1200000,766
2026-05-23T02:58:21.1610000,768
2026-05-23T02:58:22.2050000,781
2026-05-23T02:58:23.2460000,776
2026-05-23T02:58:24.2860000,763
2026-05-23T02:58:25.3370000,775
2026-05-23T02:58:26.3780000,778
2026-05-23T02:58:27.4190000,773
2026-05-23T02:58:28.4600000,779
2026-05-23T02:58:29.5000000,770
2026-05-23T02:58:30.5410000,763
2026-05-23T02:58:31.5820000,787
2026-05-23T02:58:32.6230000,781
2026-05-23T02:58:33.6630000,785
2026-05-23T02:58:34.7140000,765
2026-05-23T02:58:35.7550000,790
2026-05-23T02:58:36.7960000,785
2026-05-23T02:58:37.8370000,790
2026-05-23T02:58:38.8770000,778
2026-05-23T02:58:39.9180000,777
2026-05-23T02:58:40.9590000,786
2026-05-23T02:58:42.0000000,765
2026-05-23T02:58:43.0400000,786
2026-05-23T02:58:44.0810000,776
2026-05-23T02:58:45.1320000,767
2026-05-23T02:58:46.1730000,754
2026-05-23T02:58:47.2140000,786
2026-05-23T02:58:48.2550000,767
2026-05-23T02:58:49.2960000,760
2026-05-23T02:58:50.3360000,761
2026-05-23T02:58:51.3770000,755
2026-05-23T02:58:52.4180000,744
2026-05-23T02:58:53.4590000,755
2026-05-23T02:58:54.4990000,757
2026-05-23T02:58:55.5510000,753
2026-05-23T02:58:56.5910000,751
2026-05-23T02:58:57.6320000,749
2026-05-23T02:58:58.6730000,779
2026-05-23T02:58:59.7130000,743
2026-05-23T02:59:00.7540000,756
2026-05-23T02:59:01.7950000,757
2026-05-23T02:59:02.8360000,762
2026-05-23T02:59:03.8760000,754
2026-05-23T02:59:04.9280000,755
2026-05-23T02:59:05.9680000,769
2026-05-23T02:59:07.0090000,758
2026-05-23T02:59:08.0500000,763
2026-05-23T02:59:09.0900000,749
2026-05-23T02:59:10.1310000,751
2026-05-23T02:59:11.1720000,730
2026-05-23T02:59:12.2130000,755
2026-05-23T02:59:13.2540000,772
2026-05-23T02:59:14.3050000,764
2026-05-23T02:59:15.3450000,753
2026-05-23T02:59:16.3860000,750
2026-05-23T02:59:17.4270000,748
2026-05-23T02:59:18.4680000,752
2026-05-23T02:59:19.5080000,753
2026-05-23T02:59:20.5490000,745
2026-05-23T02:59:21.5900000,751
2026-05-23T02:59:22.6300000,756
2026-05-23T02:59:23.6820000,744
2026-05-23T02:59:24.7220000,760
2026-05-23T02:59:25.7630000,756
2026-05-23T02:59:26.8040000,759
2026-05-23T02:59:27.8450000,760
2026-05-23T02:59:28.8850000,747
2026-05-23T02:59:29.9260000,761
2026-05-23T02:59:30.9670000,763
2026-05-23T02:59:32.0080000,758
2026-05-23T02:59:33.0480000,743
2026-05-23T02:59:34.1000000,760
2026-05-23T02:59:35.1400000,756
2026-05-23T02:59:36.1810000,746
2026-05-23T02:59:37.2220000,768
2026-05-23T02:59:38.2630000,752
2026-05-23T02:59:39.3040000,758
2026-05-23T02:59:40.3440000,760
2026-05-23T02:59:41.3850000,752
2026-05-23T02:59:42.4260000,751
2026-05-23T02:59:43.4770000,732
2026-05-23T02:59:44.5180000,762
2026-05-23T02:59:45.5590000,760
2026-05-23T02:59:46.5990000,755
2026-05-23T02:59:47.6400000,766
2026-05-23T02:59:48.6810000,740
2026-05-23T02:59:49.7210000,763
2026-05-23T02:59:50.7620000,752
2026-05-23T02:59:51.8030000,760
2026-05-23T02:59:52.8440000,772
2026-05-23T02:59:53.8950000,738
2026-05-23T02:59:54.9360000,731
2026-05-23T02:59:55.9770000,753
2026-05-23T02:59:57.0180000,748
2026-05-23T02:59:58.0580000,757
2026-05-23T02:59:59.0990000,759
2026-05-23T03:00:00.1400000,742
2026-05-23T03:00:01.1810000,754
2026-05-23T03:00:02.2210000,744
2026-05-23T03:00:03.2620000,746
2026-05-23T03:00:04.3130000,748
2026-05-23T03:00:05.3540000,754
2026-05-23T03:00:06.3950000,762
2026-05-23T03:00:07.4350000,750
2026-05-23T03:00:08.4760000,737
2026-05-23T03:00:09.5170000,757
2026-05-23T03:00:10.5580000,743
2026-05-23T03:00:11.5980000,750
2026-05-23T03:00:12.6390000,744
2026-05-23T03:00:13.6900000,766
2026-05-23T03:00:14.7310000,738
2026-05-23T03:00:15.7720000,753
2026-05-23T03:00:16.8120000,749
2026-05-23T03:00:17.8530000,739
2026-05-23T03:00:18.8940000,767
2026-05-23T03:00:19.9350000,752
2026-05-23T03:00:20.9760000,755
2026-05-23T03:00:22.0160000,771
2026-05-23T03:00:23.0570000,739
2026-05-23T03:00:24.0980000,741
2026-05-23T03:00:25.1490000,739
2026-05-23T03:00:26.1900000,745
2026-05-23T03:00:27.2310000,756
2026-05-23T03:00:28.2710000,763
2026-05-23T03:00:29.3120000,769
2026-05-23T03:00:30.3530000,762
2026-05-23T03:00:31.3940000,751
2026-05-23T03:00:32.4340000,780
2026-05-23T03:00:33.4750000,741
2026-05-23T03:00:34.5260000,761
2026-05-23T03:00:35.5670000,754
2026-05-23T03:00:36.6080000,750
2026-05-23T03:00:37.6480000,781
2026-05-23T03:00:38.6890000,757
2026-05-23T03:00:39.7300000,754
2026-05-23T03:00:40.7670000,762
2026-05-23T03:00:41.8190000,768
2026-05-23T03:00:42.8590000,760
2026-05-23T03:00:43.9000000,766
2026-05-23T03:00:44.9410000,759
2026-05-23T03:00:45.9820000,763
2026-05-23T03:00:47.0230000,774
2026-05-23T03:00:48.0630000,774
2026-05-23T03:00:49.1040000,767
2026-05-23T03:00:50.1450000,770
2026-05-23T03:00:51.1860000,788
2026-05-23T03:00:52.2370000,763
2026-05-23T03:00:53.2780000,785
2026-05-23T03:00:54.3180000,771
2026-05-23T03:00:55.3590000,765
2026-05-23T03:00:56.4000000,760
2026-05-23T03:00:57.4400000,775
2026-05-23T03:00:58.4810000,765
2026-05-23T03:00:59.5220000,771
2026-05-23T03:01:00.5630000,762
2026-05-23T03:01:01.6140000,770
2026-05-23T03:01:02.6540000,755
2026-05-23T03:01:03.6950000,756
2026-05-23T03:01:04.7360000,775
2026-05-23T03:01:05.7770000,763
2026-05-23T03:01:06.8180000,759
2026-05-23T03:01:07.8580000,765
2026-05-23T03:01:08.8990000,779
2026-05-23T03:01:09.9400000,773
2026-05-23T03:01:10.9910000,771
2026-05-23T03:01:12.0320000,783
2026-05-23T03:01:13.0730000,772
2026-05-23T03:01:14.1140000,763
2026-05-23T03:01:15.1540000,772
2026-05-23T03:01:16.1950000,767
2026-05-23T03:01:17.2360000,758
2026-05-23T03:01:18.2770000,768
2026-05-23T03:01:19.3170000,779
2026-05-23T03:01:20.3580000,757
2026-05-23T03:01:21.4090000,759
2026-05-23T03:01:22.4500000,762
2026-05-23T03:01:23.4910000,763
2026-05-23T03:01:24.5310000,767
2026-05-23T03:01:25.5720000,758
2026-05-23T03:01:26.6130000,756
2026-05-23T03:01:27.6540000,780
2026-05-23T03:01:28.6950000,765
2026-05-23T03:01:29.7350000,769
2026-05-23T03:01:30.7760000,767
2026-05-23T03:01:31.8270000,763
2026-05-23T03:01:32.8680000,751
2026-05-23T03:01:33.9090000,757
2026-05-23T03:01:34.9500000,763
2026-05-23T03:01:35.9910000,761
2026-05-23T03:01:37.0310000,762
2026-05-23T03:01:38.0720000,781
2026-05-23T03:01:39.1130000,765
2026-05-23T03:01:40.1540000,764
2026-05-23T03:01:41.2050000,750
2026-05-23T03:01:42.2450000,765
2026-05-23T03:01:43.2860000,754
2026-05-23T03:01:44.3270000,762
2026-05-23T03:01:45.3680000,763
2026-05-23T03:01:46.4110000,773
2026-05-23T03:01:47.4520000,778
2026-05-23T03:01:48.4920000,760
2026-05-23T03:01:49.5330000,761
2026-05-23T03:01:50.5810000,765
2026-05-23T03:01:51.6220000,758
2026-05-23T03:01:52.6620000,777
2026-05-23T03:01:53.7030000,775
2026-05-23T03:01:54.7440000,779
2026-05-23T03:01:55.7850000,781
2026-05-23T03:01:56.8260000,763
2026-05-23T03:01:57.8660000,765
2026-05-23T03:01:58.9070000,762
2026-05-23T03:01:59.9580000,761
2026-05-23T03:02:00.9990000,756
2026-05-23T03:02:02.0400000,747
2026-05-23T03:02:03.0810000,759
2026-05-23T03:02:04.1210000,750
2026-05-23T03:02:05.1620000,754
2026-05-23T03:02:06.2030000,760
2026-05-23T03:02:07.2440000,752
2026-05-23T03:02:08.2850000,773
2026-05-23T03:02:09.3250000,756
2026-05-23T03:02:10.3760000,752
2026-05-23T03:02:11.4170000,758
2026-05-23T03:02:12.4580000,764
2026-05-23T03:02:13.4980000,740
2026-05-23T03:02:14.5390000,742
2026-05-23T03:02:15.5800000,755
2026-05-23T03:02:16.6210000,758
2026-05-23T03:02:17.6610000,743
2026-05-23T03:02:18.7060000,764
2026-05-23T03:02:19.7460000,754
2026-05-23T03:02:20.7870000,758
2026-05-23T03:02:21.8280000,756
2026-05-23T03:02:22.8690000,739
2026-05-23T03:02:23.9100000,746
2026-05-23T03:02:24.9510000,756
2026-05-23T03:02:26.0020000,751
2026-05-23T03:02:27.0430000,765
2026-05-23T03:02:28.0830000,737
2026-05-23T03:02:29.1240000,760
2026-05-23T03:02:30.1650000,735
2026-05-23T03:02:31.2060000,758
2026-05-23T03:02:32.2460000,772
2026-05-23T03:02:33.2870000,761
2026-05-23T03:02:34.3280000,772
2026-05-23T03:02:35.3790000,769
2026-05-23T03:02:36.4200000,761
2026-05-23T03:02:37.4610000,776
2026-05-23T03:02:38.5010000,754
2026-05-23T03:02:39.5420000,765
2026-05-23T03:02:40.5830000,750
2026-05-23T03:02:41.6240000,763
2026-05-23T03:02:42.6650000,759
2026-05-23T03:02:43.7050000,751
2026-05-23T03:02:44.7460000,752
2026-05-23T03:02:45.7970000,771
2026-05-23T03:02:46.8310000,761
2026-05-23T03:02:47.8720000,767
2026-05-23T03:02:48.9230000,759
2026-05-23T03:02:49.9640000,753
2026-05-23T03:02:51.0050000,769
2026-05-23T03:02:52.0460000,757
2026-05-23T03:02:53.0870000,763
2026-05-23T03:02:54.1270000,773
2026-05-23T03:02:55.1680000,757
2026-05-23T03:02:56.2090000,755
2026-05-23T03:02:57.2500000,763
2026-05-23T03:02:58.2900000,763
2026-05-23T03:02:59.3420000,764
2026-05-23T03:03:00.3820000,766
2026-05-23T03:03:01.4230000,753
2026-05-23T03:03:02.4640000,770
2026-05-23T03:03:03.5040000,759
2026-05-23T03:03:04.5450000,761
2026-05-23T03:03:05.5860000,756
2026-05-23T03:03:06.6270000,760
2026-05-23T03:03:07.6680000,764
2026-05-23T03:03:08.7080000,778
2026-05-23T03:03:09.7600000,762
2026-05-23T03:03:10.8000000,758
2026-05-23T03:03:11.8410000,778
2026-05-23T03:03:12.8820000,764
2026-05-23T03:03:13.9230000,779
2026-05-23T03:03:14.9630000,762
2026-05-23T03:03:16.0040000,774
2026-05-23T03:03:17.0450000,774
2026-05-23T03:03:18.0860000,754
2026-05-23T03:03:19.1260000,765
2026-05-23T03:03:20.1770000,756
2026-05-23T03:03:21.2180000,777
2026-05-23T03:03:22.2590000,756
2026-05-23T03:03:23.3000000,755
2026-05-23T03:03:24.3400000,764
2026-05-23T03:03:25.3810000,761
2026-05-23T03:03:26.4220000,770
2026-05-23T03:03:27.4630000,763
2026-05-23T03:03:28.5040000,756
2026-05-23T03:03:29.5440000,761
2026-05-23T03:03:30.5960000,768
2026-05-23T03:03:31.6370000,756
2026-05-23T03:03:32.6770000,775
2026-05-23T03:03:33.7180000,746
2026-05-23T03:03:34.7590000,752
2026-05-23T03:03:35.8000000,770
2026-05-23T03:03:36.8410000,744
2026-05-23T03:03:37.8810000,748
2026-05-23T03:03:38.9220000,752
2026-05-23T03:03:39.9630000,761
2026-05-23T03:03:41.0140000,748
2026-05-23T03:03:42.0550000,770
2026-05-23T03:03:43.0960000,749
2026-05-23T03:03:44.1360000,752
2026-05-23T03:03:45.1770000,763
2026-05-23T03:03:46.2180000,738
2026-05-23T03:03:47.2590000,744
2026-05-23T03:03:48.3000000,769
2026-05-23T03:03:49.3400000,741
2026-05-23T03:03:50.3810000,753
2026-05-23T03:03:51.4320000,742
2026-05-23T03:03:52.4730000,748
2026-05-23T03:03:53.5140000,762
2026-05-23T03:03:54.5550000,743
2026-05-23T03:03:55.5960000,749
2026-05-23T03:03:56.6400000,731
2026-05-23T03:03:57.6800000,738
2026-05-23T03:03:58.7210000,739
2026-05-23T03:03:59.7620000,754
2026-05-23T03:04:00.8030000,745
2026-05-23T03:04:01.8440000,750
2026-05-23T03:04:02.8850000,742
2026-05-23T03:04:03.9250000,739
2026-05-23T03:04:04.9760000,752
2026-05-23T03:04:06.0170000,753
2026-05-23T03:04:07.0580000,767
2026-05-23T03:04:08.0990000,752
2026-05-23T03:04:09.1390000,757
2026-05-23T03:04:10.1800000,744
2026-05-23T03:04:11.2210000,761
2026-05-23T03:04:12.2620000,762
2026-05-23T03:04:13.3130000,770
2026-05-23T03:04:14.3530000,745
2026-05-23T03:04:15.3940000,753
2026-05-23T03:04:16.4360000,759
2026-05-23T03:04:17.4760000,735
2026-05-23T03:04:18.5170000,747
2026-05-23T03:04:19.5580000,747
2026-05-23T03:04:20.5990000,755
2026-05-23T03:04:21.6400000,757
2026-05-23T03:04:22.6800000,735
2026-05-23T03:04:23.7280000,740
2026-05-23T03:04:24.7690000,746
2026-05-23T03:04:25.8100000,740
2026-05-23T03:04:26.8510000,774
2026-05-23T03:04:27.8910000,748
2026-05-23T03:04:28.9320000,751
2026-05-23T03:04:29.9730000,743
2026-05-23T03:04:31.0240000,746
2026-05-23T03:04:32.0650000,758
2026-05-23T03:04:33.1060000,733
2026-05-23T03:04:34.1460000,761
2026-05-23T03:04:35.1870000,752
2026-05-23T03:04:36.2280000,750
2026-05-23T03:04:37.2690000,750
2026-05-23T03:04:38.3130000,752
2026-05-23T03:04:39.3540000,746
2026-05-23T03:04:40.3950000,757
2026-05-23T03:04:41.4350000,744
2026-05-23T03:04:42.4760000,750
2026-05-23T03:04:43.5170000,738
2026-05-23T03:04:44.5580000,749
2026-05-23T03:04:45.6090000,735
2026-05-23T03:04:46.6500000,746
2026-05-23T03:04:47.6910000,753
2026-05-23T03:04:48.7310000,742
2026-05-23T03:04:49.7720000,761
2026-05-23T03:04:50.8130000,761
2026-05-23T03:04:51.8540000,767
2026-05-23T03:04:52.8940000,758
2026-05-23T03:04:53.9350000,766
2026-05-23T03:04:54.9760000,754
2026-05-23T03:04:56.0270000,766
2026-05-23T03:04:57.0680000,778
2026-05-23T03:04:58.1090000,764
2026-05-23T03:04:59.1490000,759
2026-05-23T03:05:00.1900000,775
2026-05-23T03:05:01.2310000,757
2026-05-23T03:05:02.2710000,766
2026-05-23T03:05:03.3120000,758
2026-05-23T03:05:04.3530000,764
2026-05-23T03:05:05.4040000,780
2026-05-23T03:05:06.4450000,764
2026-05-23T03:05:07.4860000,774
2026-05-23T03:05:08.5270000,771
2026-05-23T03:05:09.5680000,748
2026-05-23T03:05:10.6080000,774
2026-05-23T03:05:11.6490000,770
2026-05-23T03:05:12.6900000,760
2026-05-23T03:05:13.7310000,768
2026-05-23T03:05:14.7720000,746
2026-05-23T03:05:15.8120000,760
2026-05-23T03:05:16.8640000,763
2026-05-23T03:05:17.9040000,761
2026-05-23T03:05:18.9450000,763
2026-05-23T03:05:19.9860000,768
2026-05-23T03:05:21.0270000,758
2026-05-23T03:05:22.0670000,779
2026-05-23T03:05:23.1080000,773
2026-05-23T03:05:24.1490000,777
2026-05-23T03:05:25.1890000,768
2026-05-23T03:05:26.2410000,767
2026-05-23T03:05:27.2810000,764
2026-05-23T03:05:28.3220000,763
2026-05-23T03:05:29.3630000,764
2026-05-23T03:05:30.4040000,759
2026-05-23T03:05:31.4450000,765
2026-05-23T03:05:32.4850000,763
2026-05-23T03:05:33.5260000,766
2026-05-23T03:05:34.5670000,754
2026-05-23T03:05:35.6080000,761
2026-05-23T03:05:36.6480000,763
2026-05-23T03:05:37.7000000,754
2026-05-23T03:05:38.7410000,762
2026-05-23T03:05:39.7810000,748
2026-05-23T03:05:40.8220000,753
2026-05-23T03:05:41.8630000,757
2026-05-23T03:05:42.9040000,757
2026-05-23T03:05:43.9440000,754
2026-05-23T03:05:44.9850000,765
2026-05-23T03:05:46.0260000,757
2026-05-23T03:05:47.0670000,755
2026-05-23T03:05:48.1110000,725
2026-05-23T03:05:49.1510000,752
2026-05-23T03:05:50.1920000,748
2026-05-23T03:05:51.2430000,759
2026-05-23T03:05:52.2840000,767
2026-05-23T03:05:53.3250000,772
2026-05-23T03:05:54.3660000,762
2026-05-23T03:05:55.4070000,760
2026-05-23T03:05:56.4470000,764
2026-05-23T03:05:57.4880000,770
2026-05-23T03:05:58.5290000,773
2026-05-23T03:05:59.5700000,775
2026-05-23T03:06:00.6110000,768
2026-05-23T03:06:01.6510000,771
2026-05-23T03:06:02.7030000,773
2026-05-23T03:06:03.7430000,765
2026-05-23T03:06:04.7840000,751
2026-05-23T03:06:05.8250000,771
2026-05-23T03:06:06.8650000,757
2026-05-23T03:06:07.9060000,757
2026-05-23T03:06:08.9470000,758
2026-05-23T03:06:09.9880000,755
2026-05-23T03:06:11.0280000,767
2026-05-23T03:06:12.0690000,761
2026-05-23T03:06:13.1200000,762
2026-05-23T03:06:14.1610000,751
2026-05-23T03:06:15.2020000,757
2026-05-23T03:06:16.2430000,761
2026-05-23T03:06:17.2840000,768
2026-05-23T03:06:18.3240000,765
2026-05-23T03:06:19.3650000,769
2026-05-23T03:06:20.4060000,756
2026-05-23T03:06:21.4470000,765
2026-05-23T03:06:22.4880000,757
2026-05-23T03:06:23.5290000,767
2026-05-23T03:06:24.5800000,748
2026-05-23T03:06:25.6210000,757
2026-05-23T03:06:26.6620000,758
2026-05-23T03:06:27.7020000,759
2026-05-23T03:06:28.7430000,771
2026-05-23T03:06:29.7800000,754
2026-05-23T03:06:30.8320000,756
2026-05-23T03:06:31.8720000,747
2026-05-23T03:06:32.9130000,756
2026-05-23T03:06:33.9540000,756
2026-05-23T03:06:34.9950000,771
2026-05-23T03:06:36.0350000,754
2026-05-23T03:06:37.0760000,758
2026-05-23T03:06:38.1170000,745
2026-05-23T03:06:39.1570000,752
2026-05-23T03:06:40.2090000,737
2026-05-23T03:06:41.2490000,752
2026-05-23T03:06:42.2900000,748
2026-05-23T03:06:43.3340000,760
2026-05-23T03:06:44.3750000,745
2026-05-23T03:06:45.4160000,736
2026-05-23T03:06:46.4570000,754
2026-05-23T03:06:47.4980000,759
2026-05-23T03:06:48.5390000,760
2026-05-23T03:06:49.5800000,764
2026-05-23T03:06:50.6200000,759
2026-05-23T03:06:51.6610000,746
2026-05-23T03:06:52.7020000,764
2026-05-23T03:06:53.7530000,753
2026-05-23T03:06:54.7940000,765
2026-05-23T03:06:55.8350000,757
2026-05-23T03:06:56.8750000,754
2026-05-23T03:06:57.9190000,732
2026-05-23T03:06:58.9600000,746
2026-05-23T03:07:00.0010000,772
2026-05-23T03:07:01.0410000,759
2026-05-23T03:07:02.0820000,767
2026-05-23T03:07:03.1230000,763
2026-05-23T03:07:04.1640000,757
2026-05-23T03:07:05.2050000,761
2026-05-23T03:07:06.2560000,756
2026-05-23T03:07:07.2970000,756
2026-05-23T03:07:08.3380000,763
2026-05-23T03:07:09.3780000,750
2026-05-23T03:07:10.4190000,762
2026-05-23T03:07:11.4600000,763
2026-05-23T03:07:12.5010000,761
2026-05-23T03:07:13.5420000,763
2026-05-23T03:07:14.5820000,742
2026-05-23T03:07:15.6330000,755
2026-05-23T03:07:16.6740000,746
2026-05-23T03:07:17.7150000,749
2026-05-23T03:07:18.7560000,759
2026-05-23T03:07:19.7960000,751
2026-05-23T03:07:20.8370000,764
2026-05-23T03:07:21.8780000,759
2026-05-23T03:07:22.9190000,749
2026-05-23T03:07:23.9590000,760
2026-05-23T03:07:25.0110000,752
2026-05-23T03:07:26.0510000,738
2026-05-23T03:07:27.0920000,746
2026-05-23T03:07:28.1330000,746
2026-05-23T03:07:29.1740000,753
2026-05-23T03:07:30.2140000,756
2026-05-23T03:07:31.2550000,768
2026-05-23T03:07:32.2960000,766
2026-05-23T03:07:33.3370000,748
2026-05-23T03:07:34.3880000,777
2026-05-23T03:07:35.4290000,748
2026-05-23T03:07:36.4700000,759
2026-05-23T03:07:37.5100000,757
2026-05-23T03:07:38.5510000,741
2026-05-23T03:07:39.5950000,753
2026-05-23T03:07:40.6360000,746
2026-05-23T03:07:41.6770000,752
2026-05-23T03:07:42.7170000,742
2026-05-23T03:07:43.7580000,753
2026-05-23T03:07:44.7990000,763
2026-05-23T03:07:45.8400000,747
2026-05-23T03:07:46.8910000,750
2026-05-23T03:07:47.9320000,760
2026-05-23T03:07:48.9720000,761
2026-05-23T03:07:50.0130000,750
2026-05-23T03:07:51.0540000,760
2026-05-23T03:07:52.0950000,752
2026-05-23T03:07:53.1360000,758
2026-05-23T03:07:54.1760000,755
2026-05-23T03:07:55.2170000,753
2026-05-23T03:07:56.2690000,743
2026-05-23T03:07:57.3100000,755
2026-05-23T03:07:58.3510000,745
2026-05-23T03:07:59.3910000,748
2026-05-23T03:08:00.4320000,754
2026-05-23T03:08:01.4730000,745
2026-05-23T03:08:02.5140000,750
2026-05-23T03:08:03.5550000,740
2026-05-23T03:08:04.5950000,748
2026-05-23T03:08:05.6460000,750
2026-05-23T03:08:06.6870000,734
2026-05-23T03:08:07.7280000,746
2026-05-23T03:08:08.7690000,751
2026-05-23T03:08:09.8090000,762
2026-05-23T03:08:10.8500000,748
2026-05-23T03:08:11.8910000,720
2026-05-23T03:08:12.9320000,753
2026-05-23T03:08:13.9720000,758
2026-05-23T03:08:15.0240000,763
2026-05-23T03:08:16.0640000,755
2026-05-23T03:08:17.1050000,736
2026-05-23T03:08:18.1460000,750
2026-05-23T03:08:19.1870000,744
2026-05-23T03:08:20.2280000,738
2026-05-23T03:08:21.2720000,744
2026-05-23T03:08:22.3130000,743
2026-05-23T03:08:23.3540000,738
2026-05-23T03:08:24.3940000,739
2026-05-23T03:08:25.4350000,726
2026-05-23T03:08:26.4760000,739
2026-05-23T03:08:27.5170000,739
2026-05-23T03:08:28.5680000,731
2026-05-23T03:08:29.6090000,747
2026-05-23T03:08:30.6490000,729
2026-05-23T03:08:31.6900000,740
2026-05-23T03:08:32.7310000,729
2026-05-23T03:08:33.7720000,758
2026-05-23T03:08:34.8160000,740
2026-05-23T03:08:35.8560000,742
2026-05-23T03:08:36.8970000,743
2026-05-23T03:08:37.9380000,745
2026-05-23T03:08:38.9790000,742
2026-05-23T03:08:40.0190000,737
2026-05-23T03:08:41.0600000,749
2026-05-23T03:08:42.1110000,750
2026-05-23T03:08:43.1520000,747
2026-05-23T03:08:44.1930000,743
2026-05-23T03:08:45.2340000,735
2026-05-23T03:08:46.2750000,744
2026-05-23T03:08:47.3160000,744
2026-05-23T03:08:48.3560000,749
2026-05-23T03:08:49.4010000,745
2026-05-23T03:08:50.4410000,743
2026-05-23T03:08:51.4820000,729
2026-05-23T03:08:52.5230000,752
2026-05-23T03:08:53.5640000,748
2026-05-23T03:08:54.6040000,749
2026-05-23T03:08:55.6560000,736
2026-05-23T03:08:56.6960000,745
2026-05-23T03:08:57.7370000,744
2026-05-23T03:08:58.7780000,743
2026-05-23T03:08:59.8180000,741
2026-05-23T03:09:00.8590000,725
2026-05-23T03:09:01.9000000,740
2026-05-23T03:09:02.9440000,741
2026-05-23T03:09:03.9850000,743
2026-05-23T03:09:05.0260000,733
2026-05-23T03:09:06.0670000,761
2026-05-23T03:09:07.1070000,745
2026-05-23T03:09:08.1480000,746
2026-05-23T03:09:09.1990000,752
2026-05-23T03:09:10.2400000,753
2026-05-23T03:09:11.2810000,741
2026-05-23T03:09:12.3220000,744
2026-05-23T03:09:13.3620000,747
2026-05-23T03:09:14.4030000,748
2026-05-23T03:09:15.4440000,747
2026-05-23T03:09:16.4850000,751
2026-05-23T03:09:17.5250000,749
2026-05-23T03:09:18.5770000,761
2026-05-23T03:09:19.6170000,764
2026-05-23T03:09:20.6580000,757
2026-05-23T03:09:21.6990000,767
2026-05-23T03:09:22.7390000,758
2026-05-23T03:09:23.7800000,754
2026-05-23T03:09:24.8210000,750
2026-05-23T03:09:25.8610000,761
2026-05-23T03:09:26.9020000,752
2026-05-23T03:09:27.9430000,754
2026-05-23T03:09:28.9940000,755
2026-05-23T03:09:30.0350000,771
2026-05-23T03:09:31.0690000,768
2026-05-23T03:09:32.1200000,766
2026-05-23T03:09:33.1610000,772
2026-05-23T03:09:34.2020000,764
2026-05-23T03:09:35.2420000,761
2026-05-23T03:09:36.2830000,761
2026-05-23T03:09:37.3240000,764
2026-05-23T03:09:38.3650000,768
2026-05-23T03:09:39.4060000,763
2026-05-23T03:09:40.4460000,769
2026-05-23T03:09:41.4870000,755
2026-05-23T03:09:42.5380000,757
2026-05-23T03:09:43.5790000,768
2026-05-23T03:09:44.6200000,771
2026-05-23T03:09:45.6600000,782
2026-05-23T03:09:46.7020000,762
2026-05-23T03:09:47.7420000,750
2026-05-23T03:09:48.7830000,767
2026-05-23T03:09:49.8240000,774
2026-05-23T03:09:50.8640000,770
2026-05-23T03:09:51.9050000,766
2026-05-23T03:09:52.9460000,770
2026-05-23T03:09:53.9970000,780
2026-05-23T03:09:55.0380000,780
2026-05-23T03:09:56.0790000,766
2026-05-23T03:09:57.1200000,760
2026-05-23T03:09:58.1610000,754
2026-05-23T03:09:59.2050000,755
2026-05-23T03:10:00.2460000,771
2026-05-23T03:10:01.2860000,772
2026-05-23T03:10:02.3270000,770
2026-05-23T03:10:03.3680000,775
2026-05-23T03:10:04.4090000,758
2026-05-23T03:10:05.4490000,769
2026-05-23T03:10:06.4900000,768
2026-05-23T03:10:07.5410000,772
2026-05-23T03:10:08.5820000,767
2026-05-23T03:10:09.6230000,764
2026-05-23T03:10:10.6630000,770
2026-05-23T03:10:11.7040000,774
2026-05-23T03:10:12.7450000,765
2026-05-23T03:10:13.7850000,755
2026-05-23T03:10:14.8260000,773
2026-05-23T03:10:15.8670000,763
2026-05-23T03:10:16.9180000,756
2026-05-23T03:10:17.9590000,767
2026-05-23T03:10:19.0000000,777
2026-05-23T03:10:20.0410000,751
2026-05-23T03:10:21.0810000,773
2026-05-23T03:10:22.1220000,762
2026-05-23T03:10:23.1630000,751
2026-05-23T03:10:24.2040000,754
2026-05-23T03:10:25.2450000,768
2026-05-23T03:10:26.2850000,766
2026-05-23T03:10:27.3370000,772
2026-05-23T03:10:28.3770000,743
2026-05-23T03:10:29.4180000,760
2026-05-23T03:10:30.4590000,757
2026-05-23T03:10:31.5000000,755
2026-05-23T03:10:32.5400000,762
2026-05-23T03:10:33.5810000,767
2026-05-23T03:10:34.6220000,770
2026-05-23T03:10:35.6620000,767
2026-05-23T03:10:36.7140000,765
2026-05-23T03:10:37.7540000,771
2026-05-23T03:10:38.7950000,759
2026-05-23T03:10:39.8360000,759
2026-05-23T03:10:40.8760000,751
2026-05-23T03:10:41.9170000,758
2026-05-23T03:10:42.9580000,766
2026-05-23T03:10:43.9990000,766
2026-05-23T03:10:45.0400000,764
2026-05-23T03:10:46.0800000,750
2026-05-23T03:10:47.1320000,767
2026-05-23T03:10:48.1720000,755
2026-05-23T03:10:49.2130000,772
2026-05-23T03:10:50.2540000,769
2026-05-23T03:10:51.2950000,768
2026-05-23T03:10:52.3360000,772
2026-05-23T03:10:53.3760000,773
2026-05-23T03:10:54.4210000,760
2026-05-23T03:10:55.4610000,759
2026-05-23T03:10:56.5020000,774
2026-05-23T03:10:57.5430000,777
2026-05-23T03:10:58.5830000,759
2026-05-23T03:10:59.6350000,754
2026-05-23T03:11:00.6750000,734
2026-05-23T03:11:01.7160000,750
2026-05-23T03:11:02.7570000,767
2026-05-23T03:11:03.7970000,760
2026-05-23T03:11:04.8380000,766
2026-05-23T03:11:05.8790000,757
2026-05-23T03:11:06.9200000,749
2026-05-23T03:11:07.9610000,758
2026-05-23T03:11:09.0010000,770
2026-05-23T03:11:10.0530000,747
2026-05-23T03:11:11.0930000,756
2026-05-23T03:11:12.1340000,763
2026-05-23T03:11:13.1750000,766
2026-05-23T03:11:14.2160000,755
2026-05-23T03:11:15.2570000,767
2026-05-23T03:11:16.2970000,754
2026-05-23T03:11:17.3380000,751
2026-05-23T03:11:18.3790000,768
2026-05-23T03:11:19.4300000,773
2026-05-23T03:11:20.4710000,768
2026-05-23T03:11:21.5110000,775
2026-05-23T03:11:22.5520000,753
2026-05-23T03:11:23.5930000,769
2026-05-23T03:11:24.6330000,765
2026-05-23T03:11:25.6740000,774
2026-05-23T03:11:26.7150000,774
2026-05-23T03:11:27.7560000,775
2026-05-23T03:11:28.7970000,775
2026-05-23T03:11:29.8480000,781
2026-05-23T03:11:30.8890000,783
2026-05-23T03:11:31.9300000,770
2026-05-23T03:11:32.9700000,780
2026-05-23T03:11:34.0110000,770
2026-05-23T03:11:35.0520000,770
2026-05-23T03:11:36.0930000,776
2026-05-23T03:11:37.1340000,772
2026-05-23T03:11:38.1740000,768
2026-05-23T03:11:39.2150000,762
2026-05-23T03:11:40.2660000,762
2026-05-23T03:11:41.3070000,769
2026-05-23T03:11:42.3480000,744
2026-05-23T03:11:43.3880000,769
2026-05-23T03:11:44.4290000,770
2026-05-23T03:11:45.4700000,778
2026-05-23T03:11:46.5110000,763
2026-05-23T03:11:47.5510000,774
2026-05-23T03:11:48.5920000,781
2026-05-23T03:11:49.6330000,772
2026-05-23T03:11:50.6770000,759
2026-05-23T03:11:51.7180000,780
2026-05-23T03:11:52.7590000,764
2026-05-23T03:11:53.8100000,763
2026-05-23T03:11:54.8510000,774
2026-05-23T03:11:55.8910000,762
2026-05-23T03:11:56.9320000,769
2026-05-23T03:11:57.9730000,773
2026-05-23T03:11:59.0140000,750
2026-05-23T03:12:00.0550000,768
2026-05-23T03:12:01.0950000,757
2026-05-23T03:12:02.1360000,759
2026-05-23T03:12:03.1770000,754
2026-05-23T03:12:04.2280000,773
2026-05-23T03:12:05.2690000,766
2026-05-23T03:12:06.3100000,751
2026-05-23T03:12:07.3500000,751
2026-05-23T03:12:08.3910000,743
2026-05-23T03:12:09.4320000,757
2026-05-23T03:12:11.5130000,744
2026-05-23T03:12:12.5540000,748
2026-05-23T03:12:13.5950000,755
2026-05-23T03:12:14.6460000,752
2026-05-23T03:12:15.6870000,752
2026-05-23T03:12:16.7270000,736
2026-05-23T03:12:17.7680000,761
2026-05-23T03:12:18.8090000,752
2026-05-23T03:12:19.8500000,746
2026-05-23T03:12:20.8900000,764
2026-05-23T03:12:21.9310000,755
2026-05-23T03:12:22.9720000,746
2026-05-23T03:12:24.0130000,751
2026-05-23T03:12:25.0640000,757
2026-05-23T03:12:26.1050000,763
2026-05-23T03:12:28.1860000,762
2026-05-23T03:12:29.2270000,777
2026-05-23T03:12:30.2680000,765
2026-05-23T03:12:31.3080000,765
2026-05-23T03:12:32.3530000,755
2026-05-23T03:12:33.3930000,751
2026-05-23T03:12:34.4340000,746
2026-05-23T03:12:35.4750000,746
2026-05-23T03:12:36.5160000,753
2026-05-23T03:12:37.5570000,734
2026-05-23T03:12:38.5970000,752
2026-05-23T03:12:39.6490000,753
2026-05-23T03:12:40.6890000,752
2026-05-23T03:12:41.7300000,757
2026-05-23T03:12:42.7710000,753
2026-05-23T03:12:43.8120000,742
2026-05-23T03:12:44.8520000,756
2026-05-23T03:12:45.8930000,756
2026-05-23T03:12:46.9340000,758
2026-05-23T03:12:47.9750000,761
2026-05-23T03:12:49.0150000,766
2026-05-23T03:12:50.0670000,766
2026-05-23T03:12:51.1070000,756
2026-05-23T03:12:52.1480000,761
2026-05-23T03:12:53.1890000,764
2026-05-23T03:12:54.2290000,748
2026-05-23T03:12:55.2700000,747
2026-05-23T03:12:56.3110000,751
2026-05-23T03:12:57.3520000,762
2026-05-23T03:12:58.3920000,748
2026-05-23T03:12:59.4430000,755
2026-05-23T03:13:00.4770000,752
2026-05-23T03:13:01.5180000,738
2026-05-23T03:13:02.5690000,752
2026-05-23T03:13:03.6100000,742
2026-05-23T03:13:04.6500000,736
2026-05-23T03:13:05.6910000,738
2026-05-23T03:13:06.7320000,750
2026-05-23T03:13:07.7730000,763
2026-05-23T03:13:08.8140000,737
2026-05-23T03:13:09.8540000,741
2026-05-23T03:13:10.8950000,747
2026-05-23T03:13:11.9360000,748
2026-05-23T03:13:12.9870000,748
2026-05-23T03:13:14.0210000,756
2026-05-23T03:13:15.0620000,762
2026-05-23T03:13:16.1020000,750
2026-05-23T03:13:17.1540000,753
2026-05-23T03:13:18.1940000,754
2026-05-23T03:13:19.2350000,759
2026-05-23T03:13:20.2760000,754
2026-05-23T03:13:21.3160000,757
2026-05-23T03:13:22.3570000,759
2026-05-23T03:13:23.3980000,757
2026-05-23T03:13:24.4390000,753
2026-05-23T03:13:25.4790000,759
2026-05-23T03:13:26.5310000,760
2026-05-23T03:13:27.5710000,761
2026-05-23T03:13:28.6050000,747
2026-05-23T03:13:29.6560000,745
2026-05-23T03:13:30.6970000,753
2026-05-23T03:13:31.7380000,767
2026-05-23T03:13:32.7790000,758
2026-05-23T03:13:33.8190000,758
2026-05-23T03:13:34.8600000,742
2026-05-23T03:13:35.9010000,765
2026-05-23T03:13:36.9420000,754
2026-05-23T03:13:37.9820000,745
2026-05-23T03:13:39.0230000,748
2026-05-23T03:13:40.0640000,755
2026-05-23T03:13:41.1150000,765
2026-05-23T03:13:42.1490000,749
2026-05-23T03:13:43.1890000,771
2026-05-23T03:13:44.2410000,767
2026-05-23T03:13:45.2810000,752
2026-05-23T03:13:46.3220000,758
2026-05-23T03:13:47.3630000,756
2026-05-23T03:13:48.4030000,764
2026-05-23T03:13:49.4440000,767
2026-05-23T03:13:50.4850000,751
2026-05-23T03:13:51.5260000,761
2026-05-23T03:13:52.5660000,770
2026-05-23T03:13:53.6070000,766
2026-05-23T03:13:54.6580000,762
2026-05-23T03:13:55.6920000,759
2026-05-23T03:13:56.7370000,775
2026-05-23T03:13:57.7770000,772
2026-05-23T03:13:58.8180000,768
2026-05-23T03:13:59.8590000,754
2026-05-23T03:14:00.9000000,759
2026-05-23T03:14:01.9510000,777
2026-05-23T03:14:02.9920000,759
2026-05-23T03:14:04.0320000,766
2026-05-23T03:14:05.0730000,772
2026-05-23T03:14:06.1140000,771
2026-05-23T03:14:07.1550000,761
2026-05-23T03:14:08.1950000,766
2026-05-23T03:14:09.2360000,768
2026-05-23T03:14:10.2800000,771
2026-05-23T03:14:11.3210000,755
2026-05-23T03:14:12.3610000,774
2026-05-23T03:14:13.4020000,767
2026-05-23T03:14:14.4430000,779
2026-05-23T03:14:15.4940000,764
2026-05-23T03:14:16.5350000,755
2026-05-23T03:14:17.5760000,760
2026-05-23T03:14:18.6160000,754
2026-05-23T03:14:19.6570000,762
2026-05-23T03:14:20.6980000,773
2026-05-23T03:14:21.7390000,752
2026-05-23T03:14:22.7800000,754
2026-05-23T03:14:23.8240000,775
2026-05-23T03:14:24.8650000,757
2026-05-23T03:14:25.9060000,758
2026-05-23T03:14:26.9460000,766
2026-05-23T03:14:27.9870000,777
2026-05-23T03:14:29.0280000,770
2026-05-23T03:14:30.0790000,763
2026-05-23T03:14:31.1200000,759
2026-05-23T03:14:32.1600000,746
2026-05-23T03:14:33.2010000,767
2026-05-23T03:14:34.2420000,762
2026-05-23T03:14:35.2830000,755
2026-05-23T03:14:36.3230000,769
2026-05-23T03:14:37.3640000,768
2026-05-23T03:14:38.4080000,769
2026-05-23T03:14:39.4490000,779
2026-05-23T03:14:40.4900000,758
2026-05-23T03:14:41.5300000,771
2026-05-23T03:14:42.5820000,775
2026-05-23T03:14:43.6220000,774
2026-05-23T03:14:44.6630000,781
2026-05-23T03:14:45.7040000,761
2026-05-23T03:14:46.7450000,769
2026-05-23T03:14:47.7850000,771
2026-05-23T03:14:48.8260000,777
2026-05-23T03:14:49.8670000,762
2026-05-23T03:14:50.9080000,763
2026-05-23T03:14:51.9520000,762
2026-05-23T03:14:52.9920000,755
2026-05-23T03:14:54.0330000,764
2026-05-23T03:14:55.0740000,755
2026-05-23T03:14:56.1150000,750
2026-05-23T03:14:57.1660000,754
2026-05-23T03:14:58.2070000,742
2026-05-23T03:14:59.2470000,758
2026-05-23T03:15:00.2880000,761
2026-05-23T03:15:01.3290000,755
2026-05-23T03:15:02.3690000,770
2026-05-23T03:15:03.4100000,757
2026-05-23T03:15:04.4510000,755
2026-05-23T03:15:05.4920000,762
2026-05-23T03:15:06.5360000,745
2026-05-23T03:15:07.5770000,751
2026-05-23T03:15:08.6170000,753
2026-05-23T03:15:09.6580000,769
2026-05-23T03:15:10.6990000,748
2026-05-23T03:15:11.7500000,757
2026-05-23T03:15:12.7910000,750
2026-05-23T03:15:13.8320000,755
2026-05-23T03:15:14.8730000,748
2026-05-23T03:15:15.9130000,755
2026-05-23T03:15:16.9540000,746
2026-05-23T03:15:17.9950000,756
2026-05-23T03:15:19.0360000,749
2026-05-23T03:15:20.0760000,743
2026-05-23T03:15:21.1170000,736
2026-05-23T03:15:22.1680000,741
2026-05-23T03:15:23.2090000,748
2026-05-23T03:15:24.2490000,740
2026-05-23T03:15:25.2900000,734
2026-05-23T03:15:26.3310000,754
2026-05-23T03:15:27.3720000,758
2026-05-23T03:15:28.4120000,751
2026-05-23T03:15:29.4530000,731
2026-05-23T03:15:30.4940000,737
2026-05-23T03:15:31.5350000,740
2026-05-23T03:15:32.5860000,750
2026-05-23T03:15:33.6200000,758
2026-05-23T03:15:34.6600000,731
2026-05-23T03:15:35.7120000,762
2026-05-23T03:15:36.7530000,754
2026-05-23T03:15:37.7940000,761
2026-05-23T03:15:38.8340000,766
2026-05-23T03:15:39.8750000,758
2026-05-23T03:15:40.9160000,755
2026-05-23T03:15:41.9560000,762
2026-05-23T03:15:42.9970000,776
2026-05-23T03:15:44.0380000,767
2026-05-23T03:15:45.0790000,769
2026-05-23T03:15:46.1190000,783
2026-05-23T03:15:47.1710000,757
2026-05-23T03:15:48.2040000,768
2026-05-23T03:15:49.2450000,770
2026-05-23T03:15:50.2960000,769
2026-05-23T03:15:51.3370000,755
2026-05-23T03:15:52.3780000,760
2026-05-23T03:15:53.4180000,767
2026-05-23T03:15:54.4590000,769
2026-05-23T03:15:55.5000000,758
2026-05-23T03:15:56.5410000,779
2026-05-23T03:15:57.5820000,746
2026-05-23T03:15:58.6230000,747
2026-05-23T03:15:59.6630000,755
2026-05-23T03:16:00.7040000,758
2026-05-23T03:16:01.7550000,762
2026-05-23T03:16:02.7960000,755
2026-05-23T03:16:03.8370000,745
2026-05-23T03:16:04.8780000,759
2026-05-23T03:16:05.9180000,756
2026-05-23T03:16:06.9590000,745
2026-05-23T03:16:08.0000000,767
2026-05-23T03:16:09.0410000,738
2026-05-23T03:16:10.0810000,759
2026-05-23T03:16:11.1320000,752
2026-05-23T03:16:12.1730000,757
2026-05-23T03:16:13.2140000,750
2026-05-23T03:16:14.2550000,763
2026-05-23T03:16:15.2960000,763
2026-05-23T03:16:16.3330000,748
2026-05-23T03:16:17.3740000,751
2026-05-23T03:16:18.4250000,741
2026-05-23T03:16:19.4660000,746
2026-05-23T03:16:20.5060000,755
2026-05-23T03:16:21.5470000,742
2026-05-23T03:16:22.5880000,744
2026-05-23T03:16:23.6290000,752
2026-05-23T03:16:24.6690000,756
2026-05-23T03:16:25.7100000,755
2026-05-23T03:16:26.7510000,736
2026-05-23T03:16:27.7920000,759
2026-05-23T03:16:28.8330000,745
2026-05-23T03:16:29.8840000,736
2026-05-23T03:16:30.9240000,755
2026-05-23T03:16:31.9650000,743
2026-05-23T03:16:33.0060000,753
2026-05-23T03:16:34.0470000,759
2026-05-23T03:16:35.0870000,755
2026-05-23T03:16:36.1280000,752
2026-05-23T03:16:37.1690000,747
2026-05-23T03:16:38.2090000,753
2026-05-23T03:16:39.2610000,744
2026-05-23T03:16:40.3010000,735
2026-05-23T03:16:41.3420000,741
2026-05-23T03:16:42.3830000,729
2026-05-23T03:16:43.4240000,750
2026-05-23T03:16:44.4680000,745
2026-05-23T03:16:45.5090000,729
2026-05-23T03:16:46.5500000,744
2026-05-23T03:16:47.5910000,749
2026-05-23T03:16:48.6310000,742
2026-05-23T03:16:49.6720000,751
2026-05-23T03:16:50.7130000,751
2026-05-23T03:16:51.7640000,752
2026-05-23T03:16:52.8050000,743
2026-05-23T03:16:53.8460000,752
2026-05-23T03:16:54.8860000,750
2026-05-23T03:16:55.9270000,753
2026-05-23T03:16:56.9680000,745
2026-05-23T03:16:58.0120000,758
2026-05-23T03:16:59.0530000,748
2026-05-23T03:17:00.0930000,744
2026-05-23T03:17:01.1340000,753
2026-05-23T03:17:02.1750000,750
2026-05-23T03:17:03.2160000,737
2026-05-23T03:17:04.2560000,755
2026-05-23T03:17:05.3080000,735
2026-05-23T03:17:06.3480000,728
2026-05-23T03:17:07.3890000,752
2026-05-23T03:17:08.4300000,741
2026-05-23T03:17:09.4710000,733
2026-05-23T03:17:10.5110000,732
2026-05-23T03:17:11.5520000,743
2026-05-23T03:17:12.5930000,751
2026-05-23T03:17:13.6340000,746
2026-05-23T03:17:14.6850000,756
2026-05-23T03:17:15.7260000,728
2026-05-23T03:17:16.7670000,748
2026-05-23T03:17:17.8070000,743
2026-05-23T03:17:18.8480000,753
2026-05-23T03:17:19.8890000,741
2026-05-23T03:17:20.9290000,746
2026-05-23T03:17:21.9700000,747
2026-05-23T03:17:23.0110000,762
2026-05-23T03:17:24.0520000,745
2026-05-23T03:17:25.1030000,757
2026-05-23T03:17:26.1360000,760
2026-05-23T03:17:27.1770000,757
2026-05-23T03:17:28.2280000,757
2026-05-23T03:17:29.2690000,754
2026-05-23T03:17:30.3100000,748
2026-05-23T03:17:31.3510000,735
2026-05-23T03:17:32.3910000,771
2026-05-23T03:17:33.4320000,757
2026-05-23T03:17:34.4730000,751
2026-05-23T03:17:35.5140000,774
2026-05-23T03:17:36.5550000,755
2026-05-23T03:17:37.5950000,748
2026-05-23T03:17:38.6470000,759
2026-05-23T03:17:39.6870000,752
2026-05-23T03:17:40.7280000,763
2026-05-23T03:17:41.7690000,758
2026-05-23T03:17:42.8090000,753
2026-05-23T03:17:43.8500000,767
2026-05-23T03:17:44.8910000,757
2026-05-23T03:17:45.9310000,778
2026-05-23T03:17:46.9720000,758
2026-05-23T03:17:48.0130000,765
2026-05-23T03:17:49.0640000,773
2026-05-23T03:17:50.1050000,761
2026-05-23T03:17:51.1460000,772
2026-05-23T03:17:52.1860000,775
2026-05-23T03:17:53.2270000,747
2026-05-23T03:17:54.2710000,750
2026-05-23T03:17:55.3120000,772
2026-05-23T03:17:56.3530000,752
2026-05-23T03:17:57.3940000,764
2026-05-23T03:17:58.4340000,770
2026-05-23T03:17:59.4750000,775
2026-05-23T03:18:00.5160000,761
2026-05-23T03:18:01.5570000,778
2026-05-23T03:18:02.6080000,772
2026-05-23T03:18:03.6490000,753
2026-05-23T03:18:04.6900000,771
2026-05-23T03:18:05.7300000,763
2026-05-23T03:18:06.7710000,751
2026-05-23T03:18:07.8120000,744
2026-05-23T03:18:08.8530000,752
2026-05-23T03:18:09.8940000,768
2026-05-23T03:18:10.9340000,766
2026-05-23T03:18:11.9860000,753
2026-05-23T03:18:13.0260000,765
2026-05-23T03:18:14.0670000,766
2026-05-23T03:18:15.1080000,769
2026-05-23T03:18:16.1480000,767
2026-05-23T03:18:17.1890000,759
2026-05-23T03:18:18.2300000,743
2026-05-23T03:18:19.2710000,764
2026-05-23T03:18:20.3110000,766
2026-05-23T03:18:21.3560000,755
2026-05-23T03:18:22.3960000,760
2026-05-23T03:18:23.4370000,769
2026-05-23T03:18:24.4880000,761
2026-05-23T03:18:25.5290000,766
2026-05-23T03:18:26.5700000,767
2026-05-23T03:18:27.6110000,770
2026-05-23T03:18:28.6520000,770
2026-05-23T03:18:29.6930000,750
2026-05-23T03:18:30.7340000,771
2026-05-23T03:18:31.7740000,750
2026-05-23T03:18:32.8150000,766
2026-05-23T03:18:33.8560000,763
2026-05-23T03:18:34.9070000,755
2026-05-23T03:18:35.9410000,758
2026-05-23T03:18:36.9820000,755
2026-05-23T03:18:38.0330000,763
2026-05-23T03:18:39.0740000,760
2026-05-23T03:18:40.1140000,761
2026-05-23T03:18:41.1550000,763
2026-05-23T03:18:42.1960000,754
2026-05-23T03:18:43.2370000,740
2026-05-23T03:18:44.2780000,770
2026-05-23T03:18:45.3180000,759
2026-05-23T03:18:46.3590000,767
2026-05-23T03:18:47.4000000,768
2026-05-23T03:18:48.4510000,755
2026-05-23T03:18:49.4920000,758
2026-05-23T03:18:50.5320000,776
2026-05-23T03:18:51.5730000,775
2026-05-23T03:18:52.6140000,760
2026-05-23T03:18:53.6550000,754
2026-05-23T03:18:54.6950000,755
2026-05-23T03:18:55.7360000,764
2026-05-23T03:18:56.7770000,764
2026-05-23T03:18:57.8280000,750
2026-05-23T03:18:58.8690000,746
2026-05-23T03:18:59.9090000,742
2026-05-23T03:19:00.9500000,761
2026-05-23T03:19:01.9910000,759
2026-05-23T03:19:03.0310000,737
2026-05-23T03:19:04.0750000,750
2026-05-23T03:19:05.1160000,747
2026-05-23T03:19:06.1570000,757
2026-05-23T03:19:07.1980000,758
2026-05-23T03:19:08.2390000,760
2026-05-23T03:19:09.2790000,737
2026-05-23T03:19:10.3200000,755
2026-05-23T03:19:11.3710000,749
2026-05-23T03:19:12.4120000,758
2026-05-23T03:19:13.4530000,741
2026-05-23T03:19:14.4930000,763
2026-05-23T03:19:15.5340000,750
2026-05-23T03:19:16.5750000,763
2026-05-23T03:19:17.6160000,769
2026-05-23T03:19:18.6560000,756
2026-05-23T03:19:19.6970000,756
2026-05-23T03:19:20.7480000,776
2026-05-23T03:19:21.7890000,769
2026-05-23T03:19:22.8300000,778
2026-05-23T03:19:23.8700000,768
2026-05-23T03:19:24.9110000,764
2026-05-23T03:19:25.9520000,765
2026-05-23T03:19:26.9930000,769
2026-05-23T03:19:28.0340000,779
2026-05-23T03:19:29.0740000,760
2026-05-23T03:19:30.1150000,776
2026-05-23T03:19:31.1660000,767
2026-05-23T03:19:32.2070000,753
2026-05-23T03:19:33.2480000,756
2026-05-23T03:19:34.2890000,769
2026-05-23T03:19:35.3290000,757
2026-05-23T03:19:36.3700000,755
2026-05-23T03:19:37.4110000,764
2026-05-23T03:19:38.4520000,772
2026-05-23T03:19:39.4920000,768
2026-05-23T03:19:40.5440000,767
2026-05-23T03:19:41.5840000,754
2026-05-23T03:19:42.6250000,763
2026-05-23T03:19:43.6660000,772
2026-05-23T03:19:44.7060000,770
2026-05-23T03:19:45.7500000,769
2026-05-23T03:19:46.7910000,763
2026-05-23T03:19:47.8320000,776
2026-05-23T03:19:48.8720000,767
2026-05-23T03:19:49.9130000,754
2026-05-23T03:19:50.9540000,767
2026-05-23T03:19:51.9950000,774
2026-05-23T03:19:53.0360000,756
2026-05-23T03:19:54.0870000,767
2026-05-23T03:19:55.1280000,768
2026-05-23T03:19:56.1680000,763
2026-05-23T03:19:57.2090000,745
2026-05-23T03:19:58.2500000,772
2026-05-23T03:19:59.2910000,772
2026-05-23T03:20:00.3320000,759
2026-05-23T03:20:01.3720000,769
2026-05-23T03:20:02.4130000,771
2026-05-23T03:20:03.4540000,759
2026-05-23T03:20:04.5050000,766
2026-05-23T03:20:05.5460000,754
2026-05-23T03:20:06.5860000,751
2026-05-23T03:20:07.6270000,767
2026-05-23T03:20:08.6680000,758
2026-05-23T03:20:09.7090000,758
2026-05-23T03:20:10.7490000,748
2026-05-23T03:20:11.7900000,756
2026-05-23T03:20:12.8310000,749
2026-05-23T03:20:13.8750000,750
2026-05-23T03:20:14.9160000,754
2026-05-23T03:20:15.9560000,751
2026-05-23T03:20:16.9970000,739
2026-05-23T03:20:18.0480000,747
2026-05-23T03:20:19.0890000,753
2026-05-23T03:20:20.1300000,752
2026-05-23T03:20:21.1710000,738
2026-05-23T03:20:22.2120000,755
2026-05-23T03:20:23.2520000,749
2026-05-23T03:20:24.2930000,756
2026-05-23T03:20:25.3340000,749
2026-05-23T03:20:26.3740000,749
2026-05-23T03:20:27.4190000,760
2026-05-23T03:20:28.4590000,756
2026-05-23T03:20:29.5000000,752
2026-05-23T03:20:30.5510000,756
2026-05-23T03:20:31.5920000,733
2026-05-23T03:20:32.6330000,747
2026-05-23T03:20:33.6740000,746
2026-05-23T03:20:34.7140000,747
2026-05-23T03:20:35.7550000,750
2026-05-23T03:20:36.7960000,727
2026-05-23T03:20:37.8370000,742
2026-05-23T03:20:38.8780000,754
2026-05-23T03:20:39.9190000,742
2026-05-23T03:20:40.9630000,757
2026-05-23T03:20:42.0030000,750
2026-05-23T03:20:43.0440000,761
2026-05-23T03:20:44.0950000,737
2026-05-23T03:20:45.1360000,758
2026-05-23T03:20:46.1770000,729
2026-05-23T03:20:47.2180000,730
2026-05-23T03:20:48.2590000,754
2026-05-23T03:20:49.2990000,723
2026-05-23T03:20:50.3400000,745
2026-05-23T03:20:51.3810000,741
2026-05-23T03:20:52.4220000,725
2026-05-23T03:20:53.4730000,735
2026-05-23T03:20:54.5130000,738
2026-05-23T03:20:55.5510000,748
2026-05-23T03:20:56.5920000,744
2026-05-23T03:20:57.6320000,739
2026-05-23T03:20:58.6730000,737
2026-05-23T03:20:59.7240000,747
2026-05-23T03:21:00.7650000,735
2026-05-23T03:21:01.8060000,743
2026-05-23T03:21:02.8460000,748
2026-05-23T03:21:03.8870000,748
2026-05-23T03:21:04.9280000,747
2026-05-23T03:21:05.9690000,747
2026-05-23T03:21:07.0100000,739
2026-05-23T03:21:08.0510000,749
2026-05-23T03:21:09.0910000,755
2026-05-23T03:21:10.1430000,733
2026-05-23T03:21:11.1830000,734
2026-05-23T03:21:12.2240000,737
2026-05-23T03:21:13.2650000,753
2026-05-23T03:21:14.3060000,761
2026-05-23T03:21:15.3460000,742
2026-05-23T03:21:16.3870000,738
2026-05-23T03:21:17.4280000,754
2026-05-23T03:21:18.4690000,750
2026-05-23T03:21:20.5600000,747
2026-05-23T03:21:21.6010000,740
2026-05-23T03:21:22.6420000,751
2026-05-23T03:21:23.6790000,743
2026-05-23T03:21:24.7200000,760
2026-05-23T03:21:25.7600000,737
2026-05-23T03:21:26.8120000,751
2026-05-23T03:21:27.8530000,740
2026-05-23T03:21:28.8940000,740
2026-05-23T03:21:29.9340000,745
2026-05-23T03:21:30.9750000,762
2026-05-23T03:21:32.0160000,750
2026-05-23T03:21:33.0570000,752
2026-05-23T03:21:34.0980000,743
2026-05-23T03:21:35.1380000,745
2026-05-23T03:21:36.1790000,736
2026-05-23T03:21:37.2200000,764
2026-05-23T03:21:38.2720000,742
2026-05-23T03:21:39.3120000,744
2026-05-23T03:21:40.3530000,753
2026-05-23T03:21:41.3940000,760
2026-05-23T03:21:42.4340000,760
2026-05-23T03:21:43.4750000,750
2026-05-23T03:21:44.5160000,763
2026-05-23T03:21:45.5570000,756
2026-05-23T03:21:46.6080000,753
2026-05-23T03:21:47.6490000,768
2026-05-23T03:21:48.6890000,769
2026-05-23T03:21:49.7300000,763
2026-05-23T03:21:50.7740000,780
2026-05-23T03:21:51.8150000,767
2026-05-23T03:21:52.8560000,759
2026-05-23T03:21:53.8960000,773
2026-05-23T03:21:54.9370000,750
2026-05-23T03:21:55.9780000,773
2026-05-23T03:21:57.0190000,773
2026-05-23T03:21:58.0590000,750
2026-05-23T03:21:59.1000000,757
2026-05-23T03:22:00.1510000,754
2026-05-23T03:22:01.1920000,759
2026-05-23T03:22:02.2330000,773
2026-05-23T03:22:03.2740000,781
2026-05-23T03:22:04.3140000,765
2026-05-23T03:22:05.3550000,763
2026-05-23T03:22:06.3960000,779
2026-05-23T03:22:07.4360000,770
2026-05-23T03:22:08.4770000,778
2026-05-23T03:22:09.5280000,762
2026-05-23T03:22:10.5690000,778
2026-05-23T03:22:11.6100000,758
2026-05-23T03:22:12.6500000,776
2026-05-23T03:22:13.6910000,781
2026-05-23T03:22:14.7320000,781
2026-05-23T03:22:15.7730000,763
2026-05-23T03:22:16.8140000,759
2026-05-23T03:22:17.8550000,748
2026-05-23T03:22:18.8950000,771
2026-05-23T03:22:19.9470000,758
2026-05-23T03:22:20.9870000,769
2026-05-23T03:22:22.0280000,771
2026-05-23T03:22:23.0690000,771
2026-05-23T03:22:24.1100000,758
2026-05-23T03:22:25.1500000,771
2026-05-23T03:22:26.1910000,763
2026-05-23T03:22:27.2320000,774
2026-05-23T03:22:28.2730000,759
2026-05-23T03:22:29.3140000,767
2026-05-23T03:22:30.3540000,759
2026-05-23T03:22:31.4050000,758
2026-05-23T03:22:32.4460000,763
2026-05-23T03:22:33.4830000,757
2026-05-23T03:22:34.5240000,765
2026-05-23T03:22:35.5650000,767
2026-05-23T03:22:36.6050000,767
2026-05-23T03:22:37.6570000,766
2026-05-23T03:22:38.6970000,765
2026-05-23T03:22:39.7380000,768
2026-05-23T03:22:40.7790000,765
2026-05-23T03:22:41.8200000,755
2026-05-23T03:22:42.8600000,780
2026-05-23T03:22:43.9010000,767
2026-05-23T03:22:44.9420000,761
2026-05-23T03:22:45.9830000,768
2026-05-23T03:22:47.0240000,758
2026-05-23T03:22:48.0750000,754
2026-05-23T03:22:49.1160000,745
2026-05-23T03:22:50.1560000,749
2026-05-23T03:22:51.1970000,762
2026-05-23T03:22:52.2380000,745
2026-05-23T03:22:53.2790000,761
2026-05-23T03:22:54.3190000,762
2026-05-23T03:22:55.3600000,760
2026-05-23T03:22:56.4010000,784
2026-05-23T03:22:57.4410000,754
2026-05-23T03:22:58.4930000,757
2026-05-23T03:22:59.5340000,755
2026-05-23T03:23:00.5740000,743
2026-05-23T03:23:02.6560000,765
2026-05-23T03:23:03.6960000,759
2026-05-23T03:23:04.7370000,764
2026-05-23T03:23:05.7780000,768
2026-05-23T03:23:06.8190000,777
2026-05-23T03:23:07.8600000,760
2026-05-23T03:23:08.9010000,769
2026-05-23T03:23:09.9520000,769
2026-05-23T03:23:10.9930000,780
2026-05-23T03:23:12.0330000,767
2026-05-23T03:23:13.0740000,782
2026-05-23T03:23:14.1150000,779
2026-05-23T03:23:15.1590000,767
2026-05-23T03:23:16.2000000,771
2026-05-23T03:23:17.2410000,773
2026-05-23T03:23:18.2810000,759
2026-05-23T03:23:19.3220000,783
2026-05-23T03:23:20.3630000,775
2026-05-23T03:23:21.4030000,764
2026-05-23T03:23:22.4440000,761
2026-05-23T03:23:23.4950000,768
2026-05-23T03:23:24.5360000,763
2026-05-23T03:23:25.5770000,753
2026-05-23T03:23:26.6170000,767
2026-05-23T03:23:27.6580000,756
2026-05-23T03:23:28.7020000,760
2026-05-23T03:23:29.7430000,782
2026-05-23T03:23:30.7840000,763
2026-05-23T03:23:31.8250000,750
2026-05-23T03:23:32.8660000,774
2026-05-23T03:23:33.9060000,753
2026-05-23T03:23:34.9470000,756
2026-05-23T03:23:35.9880000,772
2026-05-23T03:23:37.0290000,763
2026-05-23T03:23:38.0800000,772
2026-05-23T03:23:39.1210000,763
2026-05-23T03:23:40.1620000,760
2026-05-23T03:23:41.2020000,770
2026-05-23T03:23:42.2430000,766
2026-05-23T03:23:43.2870000,768
2026-05-23T03:23:44.3280000,750
2026-05-23T03:23:45.3680000,758
2026-05-23T03:23:46.4090000,754
2026-05-23T03:23:47.4500000,780
2026-05-23T03:23:48.4910000,778
2026-05-23T03:23:49.5310000,755
2026-05-23T03:23:50.5830000,775
2026-05-23T03:23:51.6230000,772
2026-05-23T03:23:52.6640000,776
2026-05-23T03:23:53.7050000,771
2026-05-23T03:23:54.7460000,757
2026-05-23T03:23:55.7860000,765
2026-05-23T03:23:56.8270000,773
2026-05-23T03:23:57.8680000,774
2026-05-23T03:23:58.9080000,782
2026-05-23T03:23:59.9490000,750
2026-05-23T03:24:01.0010000,769
2026-05-23T03:24:02.0410000,771
2026-05-23T03:24:03.0820000,781
2026-05-23T03:24:04.1230000,783
2026-05-23T03:24:05.1640000,769
2026-05-23T03:24:06.2040000,758
2026-05-23T03:24:07.2450000,778
2026-05-23T03:24:08.2860000,758
2026-05-23T03:24:09.3270000,776
2026-05-23T03:24:10.3670000,769
2026-05-23T03:24:11.4120000,778
2026-05-23T03:24:12.4520000,767
2026-05-23T03:24:13.4930000,760
2026-05-23T03:24:14.5440000,773
2026-05-23T03:24:15.5850000,776
2026-05-23T03:24:16.6260000,767
2026-05-23T03:24:17.6670000,781
2026-05-23T03:24:18.7070000,780
2026-05-23T03:24:19.7480000,785
2026-05-23T03:24:20.7890000,776
2026-05-23T03:24:21.8300000,761
2026-05-23T03:24:22.8710000,764
2026-05-23T03:24:23.9110000,767
2026-05-23T03:24:24.9520000,773
2026-05-23T03:24:26.0040000,779
2026-05-23T03:24:27.0440000,764
2026-05-23T03:24:28.0850000,781
2026-05-23T03:24:29.1260000,770
2026-05-23T03:24:30.1670000,776
2026-05-23T03:24:31.2070000,768
2026-05-23T03:24:32.2480000,763
2026-05-23T03:24:33.2890000,754
2026-05-23T03:24:34.3290000,775
2026-05-23T03:24:35.3700000,778
2026-05-23T03:24:36.4210000,768
2026-05-23T03:24:37.4620000,764
2026-05-23T03:24:38.5030000,764
2026-05-23T03:24:39.5440000,773
2026-05-23T03:24:40.5840000,777
2026-05-23T03:24:41.6250000,768
2026-05-23T03:24:42.6660000,761
2026-05-23T03:24:43.7070000,760
2026-05-23T03:24:44.7480000,755
2026-05-23T03:24:45.7880000,768
2026-05-23T03:24:46.8400000,763
2026-05-23T03:24:47.8800000,745
2026-05-23T03:24:48.9210000,771
2026-05-23T03:24:49.9620000,756
2026-05-23T03:24:51.0030000,773
2026-05-23T03:24:52.0430000,757
2026-05-23T03:24:53.0840000,752
2026-05-23T03:24:54.1250000,760
2026-05-23T03:24:55.1650000,755
2026-05-23T03:24:56.2170000,751
2026-05-23T03:24:57.2570000,752
2026-05-23T03:24:58.2980000,742
2026-05-23T03:24:59.3390000,735
2026-05-23T03:25:00.3790000,749
2026-05-23T03:25:01.4200000,758
2026-05-23T03:25:02.4610000,747
2026-05-23T03:25:03.5020000,758
2026-05-23T03:25:04.5430000,761
2026-05-23T03:25:05.5830000,767
2026-05-23T03:25:06.6350000,764
2026-05-23T03:25:07.6750000,733
2026-05-23T03:25:08.7160000,743
2026-05-23T03:25:09.7570000,746
2026-05-23T03:25:10.7980000,760
2026-05-23T03:25:11.8390000,755
2026-05-23T03:25:12.8790000,755
2026-05-23T03:25:13.9200000,746
2026-05-23T03:25:14.9610000,752
2026-05-23T03:25:16.0120000,735
2026-05-23T03:25:17.0530000,762
2026-05-23T03:25:18.0940000,738
2026-05-23T03:25:19.1340000,752
2026-05-23T03:25:20.1750000,751
2026-05-23T03:25:21.2160000,743
2026-05-23T03:25:22.2560000,759
2026-05-23T03:25:23.2970000,744
2026-05-23T03:25:24.3380000,756
2026-05-23T03:25:25.3890000,746
2026-05-23T03:25:26.4300000,755
2026-05-23T03:25:27.4710000,764
2026-05-23T03:25:28.5110000,756
2026-05-23T03:25:29.5520000,752
2026-05-23T03:25:30.5930000,761
2026-05-23T03:25:31.6340000,756
2026-05-23T03:25:32.6750000,762
2026-05-23T03:25:33.7150000,753
2026-05-23T03:25:34.7560000,742
2026-05-23T03:25:35.8080000,759
2026-05-23T03:25:36.8500000,759
2026-05-23T03:25:37.8900000,756
2026-05-23T03:25:38.9310000,753
2026-05-23T03:25:39.9720000,754
2026-05-23T03:25:41.0120000,760
2026-05-23T03:25:42.0530000,739
2026-05-23T03:25:43.0940000,756
2026-05-23T03:25:44.1350000,733
2026-05-23T03:25:45.1750000,753
2026-05-23T03:25:46.2270000,749
2026-05-23T03:25:47.2670000,746
2026-05-23T03:25:48.3080000,755
2026-05-23T03:25:49.3490000,743
2026-05-23T03:25:50.3890000,750
2026-05-23T03:25:51.4300000,749
2026-05-23T03:25:52.4710000,736
2026-05-23T03:25:53.5120000,759
2026-05-23T03:25:54.5630000,740
2026-05-23T03:25:55.6040000,730
2026-05-23T03:25:56.6450000,736
2026-05-23T03:25:57.6850000,754
2026-05-23T03:25:58.7260000,757
2026-05-23T03:25:59.7670000,733
2026-05-23T03:26:00.8080000,751
2026-05-23T03:26:01.8490000,743
2026-05-23T03:26:02.8890000,749
2026-05-23T03:26:03.9410000,745
2026-05-23T03:26:04.9810000,760
2026-05-23T03:26:06.0220000,749
2026-05-23T03:26:07.0630000,751
2026-05-23T03:26:08.1030000,758
2026-05-23T03:26:09.1440000,758
2026-05-23T03:26:10.1850000,763
2026-05-23T03:26:11.2260000,747
2026-05-23T03:26:12.2660000,737
2026-05-23T03:26:13.3180000,753
2026-05-23T03:26:14.3580000,752
2026-05-23T03:26:15.3990000,752
2026-05-23T03:26:16.4400000,775
2026-05-23T03:26:17.4810000,767
2026-05-23T03:26:18.5220000,751
2026-05-23T03:26:19.5620000,781
2026-05-23T03:26:20.6030000,740
2026-05-23T03:26:21.6440000,756
2026-05-23T03:26:22.6850000,757
2026-05-23T03:26:23.7360000,760
2026-05-23T03:26:24.7770000,765
2026-05-23T03:26:25.8180000,757
2026-05-23T03:26:26.8580000,754
2026-05-23T03:26:27.8990000,765
2026-05-23T03:26:28.9400000,761
2026-05-23T03:26:29.9810000,761
2026-05-23T03:26:31.0210000,767
2026-05-23T03:26:32.0730000,767
2026-05-23T03:26:33.1130000,762
2026-05-23T03:26:34.1540000,767
2026-05-23T03:26:35.1950000,773
2026-05-23T03:26:36.2350000,756
2026-05-23T03:26:37.2770000,776
2026-05-23T03:26:38.3170000,780
2026-05-23T03:26:39.3580000,764
2026-05-23T03:26:40.3990000,789
2026-05-23T03:26:41.4400000,754
2026-05-23T03:26:42.4910000,762
2026-05-23T03:26:43.5320000,745
2026-05-23T03:26:44.5730000,785
2026-05-23T03:26:45.6130000,762
2026-05-23T03:26:46.6540000,761
2026-05-23T03:26:47.6950000,763
2026-05-23T03:26:48.7360000,778
2026-05-23T03:26:49.7770000,759
2026-05-23T03:26:50.8170000,766
2026-05-23T03:26:51.8580000,752
2026-05-23T03:26:52.9090000,762
2026-05-23T03:26:53.9500000,761
2026-05-23T03:26:54.9910000,753
2026-05-23T03:26:56.0310000,761
2026-05-23T03:26:57.0720000,734
2026-05-23T03:26:58.1130000,760
2026-05-23T03:26:59.1530000,758
2026-05-23T03:27:00.1940000,758
2026-05-23T03:27:01.2350000,767
2026-05-23T03:27:02.2860000,749
2026-05-23T03:27:03.3270000,762
2026-05-23T03:27:04.3680000,771
2026-05-23T03:27:05.4090000,762
2026-05-23T03:27:06.4490000,766
2026-05-23T03:27:07.4900000,756
2026-05-23T03:27:08.5310000,777
2026-05-23T03:27:09.5720000,758
2026-05-23T03:27:10.6120000,763
2026-05-23T03:27:11.6600000,780
2026-05-23T03:27:12.7010000,756
2026-05-23T03:27:13.7420000,761
2026-05-23T03:27:14.7820000,766
2026-05-23T03:27:15.8230000,757
2026-05-23T03:27:16.8640000,762
2026-05-23T03:27:17.9050000,762
2026-05-23T03:27:18.9560000,757
2026-05-23T03:27:19.9970000,772
2026-05-23T03:27:21.0370000,785
2026-05-23T03:27:22.0780000,783
2026-05-23T03:27:23.1190000,766
2026-05-23T03:27:24.1590000,782
2026-05-23T03:27:25.2000000,779
2026-05-23T03:27:26.2440000,776
2026-05-23T03:27:27.2860000,793
2026-05-23T03:27:28.3260000,771
2026-05-23T03:27:29.3670000,783
2026-05-23T03:27:30.4080000,761
2026-05-23T03:27:31.4590000,782
2026-05-23T03:27:32.5000000,789
2026-05-23T03:27:33.5410000,783
2026-05-23T03:27:34.5820000,770
2026-05-23T03:27:35.6220000,781
2026-05-23T03:27:36.6630000,785
2026-05-23T03:27:37.7040000,783
2026-05-23T03:27:38.7450000,772
2026-05-23T03:27:39.7920000,777
2026-05-23T03:27:40.8330000,783
2026-05-23T03:27:41.8740000,776
2026-05-23T03:27:42.9140000,776
2026-05-23T03:27:43.9550000,790
2026-05-23T03:27:44.9960000,797
2026-05-23T03:27:46.0360000,781
2026-05-23T03:27:47.0770000,791
2026-05-23T03:27:48.1180000,787
2026-05-23T03:27:49.1690000,784
2026-05-23T03:27:50.2100000,781
2026-05-23T03:27:51.2510000,790
2026-05-23T03:27:52.2910000,778
2026-05-23T03:27:53.3320000,793
2026-05-23T03:27:54.3730000,784
2026-05-23T03:27:55.4140000,772
2026-05-23T03:27:56.4550000,769
2026-05-23T03:27:57.4960000,763
2026-05-23T03:27:58.5360000,782
2026-05-23T03:27:59.5880000,759
2026-05-23T03:28:00.6290000,765
2026-05-23T03:28:01.6690000,759
2026-05-23T03:28:02.7100000,772
2026-05-23T03:28:03.7510000,769
2026-05-23T03:28:04.7920000,759
2026-05-23T03:28:05.8320000,776
2026-05-23T03:28:06.8730000,769
2026-05-23T03:28:07.9140000,760
2026-05-23T03:28:08.9650000,764
2026-05-23T03:28:10.0060000,761
2026-05-23T03:28:11.0460000,775
2026-05-23T03:28:12.0870000,752
2026-05-23T03:28:13.1280000,762
2026-05-23T03:28:14.1690000,762
2026-05-23T03:28:15.2090000,757
2026-05-23T03:28:16.2500000,752
2026-05-23T03:28:17.2910000,759
2026-05-23T03:28:18.3320000,753
2026-05-23T03:28:19.3830000,769
2026-05-23T03:28:20.4240000,760
2026-05-23T03:28:21.4650000,763
2026-05-23T03:28:22.5050000,751
2026-05-23T03:28:23.5460000,770
2026-05-23T03:28:24.5870000,761
2026-05-23T03:28:25.6280000,749
2026-05-23T03:28:26.6680000,750
2026-05-23T03:28:27.7090000,773
2026-05-23T03:28:28.7600000,769
2026-05-23T03:28:29.8010000,764
2026-05-23T03:28:30.8420000,752
2026-05-23T03:28:31.8820000,752
2026-05-23T03:28:32.9230000,764
2026-05-23T03:28:33.9640000,765
2026-05-23T03:28:35.0040000,775
2026-05-23T03:28:36.0490000,754
2026-05-23T03:28:37.0890000,760
2026-05-23T03:28:38.1300000,774
2026-05-23T03:28:39.1710000,756
2026-05-23T03:28:40.2120000,780
2026-05-23T03:28:41.2520000,759
2026-05-23T03:28:42.3040000,769
2026-05-23T03:28:43.3440000,771
2026-05-23T03:28:44.3850000,763
2026-05-23T03:28:45.4260000,765
2026-05-23T03:28:46.4670000,758
2026-05-23T03:28:47.5080000,754
2026-05-23T03:28:48.5490000,764
2026-05-23T03:28:49.5890000,761
2026-05-23T03:28:50.6300000,762
2026-05-23T03:28:51.6710000,761
2026-05-23T03:28:52.7220000,760
2026-05-23T03:28:53.7630000,766
2026-05-23T03:28:54.8040000,768
2026-05-23T03:28:55.8440000,772
2026-05-23T03:28:56.8850000,750
2026-05-23T03:28:57.9260000,769
2026-05-23T03:28:58.9670000,741
2026-05-23T03:29:00.0070000,756
2026-05-23T03:29:01.0480000,751
2026-05-23T03:29:02.0990000,747
2026-05-23T03:29:03.1400000,772
2026-05-23T03:29:04.1810000,756
2026-05-23T03:29:05.2220000,754
2026-05-23T03:29:06.2620000,764
2026-05-23T03:29:07.3030000,765
2026-05-23T03:29:08.3440000,742
2026-05-23T03:29:09.3850000,755
2026-05-23T03:29:10.4260000,761
2026-05-23T03:29:11.4660000,761
2026-05-23T03:29:12.5180000,769
2026-05-23T03:29:13.5580000,751
2026-05-23T03:29:14.5990000,770
2026-05-23T03:29:15.6400000,756
2026-05-23T03:29:16.6810000,752
2026-05-23T03:29:17.7250000,756
2026-05-23T03:29:18.7660000,750
2026-05-23T03:29:19.8060000,756
2026-05-23T03:29:20.8470000,746
2026-05-23T03:29:21.8880000,760
2026-05-23T03:29:22.9290000,764
2026-05-23T03:29:23.9690000,757
2026-05-23T03:29:25.0210000,754
2026-05-23T03:29:26.0610000,732
2026-05-23T03:29:27.1020000,755
2026-05-23T03:29:28.1430000,743
2026-05-23T03:29:29.1840000,754
2026-05-23T03:29:30.2240000,736
2026-05-23T03:29:31.2650000,750
2026-05-23T03:29:32.3060000,750
2026-05-23T03:29:33.3470000,732
2026-05-23T03:29:34.3870000,753
2026-05-23T03:29:35.4390000,744
2026-05-23T03:29:36.4790000,760
2026-05-23T03:29:37.5200000,756
2026-05-23T03:29:38.5610000,740
2026-05-23T03:29:39.6020000,750
2026-05-23T03:29:40.6420000,761
2026-05-23T03:29:41.6830000,734
2026-05-23T03:29:42.7240000,753
2026-05-23T03:29:43.7640000,745
2026-05-23T03:29:44.8050000,756
2026-05-23T03:29:45.8490000,746
2026-05-23T03:29:46.8900000,752
2026-05-23T03:29:47.9310000,756
2026-05-23T03:29:48.9820000,758
2026-05-23T03:29:50.0230000,756
2026-05-23T03:29:51.0630000,753
2026-05-23T03:29:52.1040000,740
2026-05-23T03:29:53.1450000,745
2026-05-23T03:29:54.1860000,744
2026-05-23T03:29:55.2260000,746
2026-05-23T03:29:56.2670000,757
2026-05-23T03:29:57.3080000,745
2026-05-23T03:29:58.3590000,751
2026-05-23T03:29:59.4000000,765
2026-05-23T03:30:00.4410000,759
2026-05-23T03:30:01.4820000,754
2026-05-23T03:30:02.5230000,756
2026-05-23T03:30:03.5630000,766
2026-05-23T03:30:04.6040000,757
2026-05-23T03:30:05.6450000,760
2026-05-23T03:30:06.6860000,742
2026-05-23T03:30:07.7260000,753
2026-05-23T03:30:08.7770000,772
2026-05-23T03:30:09.8180000,748
2026-05-23T03:30:10.8590000,768
2026-05-23T03:30:11.9000000,773
2026-05-23T03:30:12.9400000,758
2026-05-23T03:30:13.9810000,760
2026-05-23T03:30:15.0220000,743
2026-05-23T03:30:16.0630000,761
2026-05-23T03:30:17.1040000,749
2026-05-23T03:30:18.1440000,752
2026-05-23T03:30:19.1960000,771
2026-05-23T03:30:20.2360000,764
2026-05-23T03:30:21.2770000,760
2026-05-23T03:30:22.3180000,772
2026-05-23T03:30:23.3590000,750
2026-05-23T03:30:24.3990000,764
2026-05-23T03:30:25.4400000,771
2026-05-23T03:30:26.4810000,775
2026-05-23T03:30:27.5250000,773
2026-05-23T03:30:28.5660000,774
2026-05-23T03:30:29.6070000,761
2026-05-23T03:30:30.6470000,760
2026-05-23T03:30:31.6880000,774
2026-05-23T03:30:32.7390000,771
2026-05-23T03:30:33.7800000,773
2026-05-23T03:30:34.8210000,773
2026-05-23T03:30:35.8620000,764
2026-05-23T03:30:36.9020000,786
2026-05-23T03:30:37.9430000,769
2026-05-23T03:30:38.9840000,770
2026-05-23T03:30:40.0250000,769
2026-05-23T03:30:41.0650000,752
2026-05-23T03:30:42.1060000,782
2026-05-23T03:30:43.1570000,761
2026-05-23T03:30:44.1980000,772
2026-05-23T03:30:45.2390000,779
2026-05-23T03:30:46.2800000,774
2026-05-23T03:30:47.3210000,786
2026-05-23T03:30:48.3610000,771
2026-05-23T03:30:49.4020000,757
2026-05-23T03:30:50.4430000,778
2026-05-23T03:30:51.4840000,760
2026-05-23T03:30:52.5240000,780
2026-05-23T03:30:53.5650000,776
2026-05-23T03:30:54.6160000,769
2026-05-23T03:30:55.6570000,770
2026-05-23T03:30:56.6980000,771
2026-05-23T03:30:57.7390000,757
2026-05-23T03:30:58.7790000,771
2026-05-23T03:30:59.8200000,780
2026-05-23T03:31:00.8610000,780
2026-05-23T03:31:01.9020000,771
2026-05-23T03:31:02.9420000,762
2026-05-23T03:31:03.9830000,769
2026-05-23T03:31:05.0240000,758
2026-05-23T03:31:06.0750000,768
2026-05-23T03:31:07.1160000,756
2026-05-23T03:31:08.1570000,773
2026-05-23T03:31:09.1980000,770
2026-05-23T03:31:10.2380000,778
2026-05-23T03:31:11.2790000,776
2026-05-23T03:31:12.3200000,771
2026-05-23T03:31:13.3610000,777
2026-05-23T03:31:14.4010000,762
2026-05-23T03:31:15.4420000,768
2026-05-23T03:31:16.4930000,765
2026-05-23T03:31:17.5340000,756
2026-05-23T03:31:18.5750000,753
2026-05-23T03:31:19.6160000,758
2026-05-23T03:31:20.6560000,766
2026-05-23T03:31:21.6970000,763
2026-05-23T03:31:22.7340000,750
2026-05-23T03:31:23.7850000,767
2026-05-23T03:31:24.8260000,764
2026-05-23T03:31:25.8670000,784
2026-05-23T03:31:26.9080000,771
2026-05-23T03:31:27.9480000,751
2026-05-23T03:31:28.9890000,749
2026-05-23T03:31:30.0300000,766
2026-05-23T03:31:31.0710000,767
2026-05-23T03:31:32.1120000,766
2026-05-23T03:31:33.1520000,765
2026-05-23T03:31:34.2040000,762
2026-05-23T03:31:35.2440000,768
2026-05-23T03:31:36.2850000,775
2026-05-23T03:31:37.3260000,773
2026-05-23T03:31:38.3670000,758
2026-05-23T03:31:39.4070000,759
2026-05-23T03:31:40.4480000,765
2026-05-23T03:31:41.4890000,769
2026-05-23T03:31:42.5300000,764
2026-05-23T03:31:43.5700000,767
2026-05-23T03:31:44.6220000,763
2026-05-23T03:31:45.6620000,757
2026-05-23T03:31:46.7030000,775
2026-05-23T03:31:47.7440000,774
2026-05-23T03:31:48.7850000,766
2026-05-23T03:31:49.8260000,771
2026-05-23T03:31:50.8660000,752
2026-05-23T03:31:51.9070000,775
2026-05-23T03:31:52.9480000,770
2026-05-23T03:31:53.9890000,743
2026-05-23T03:31:55.0290000,763
2026-05-23T03:31:56.0810000,766
2026-05-23T03:31:57.1220000,781
2026-05-23T03:31:58.1630000,762
2026-05-23T03:31:59.2040000,760
2026-05-23T03:32:00.2440000,759
2026-05-23T03:32:01.2850000,775
2026-05-23T03:32:02.3260000,756
2026-05-23T03:32:03.3670000,773
2026-05-23T03:32:04.4140000,762
2026-05-23T03:32:05.4550000,765
2026-05-23T03:32:06.4960000,766
2026-05-23T03:32:07.5360000,758
2026-05-23T03:32:08.5770000,768
2026-05-23T03:32:09.6180000,750
2026-05-23T03:32:10.6590000,754
2026-05-23T03:32:11.6990000,772
2026-05-23T03:32:12.7400000,769
2026-05-23T03:32:13.7910000,755
2026-05-23T03:32:14.8320000,768
2026-05-23T03:32:15.8730000,786
2026-05-23T03:32:16.9140000,774
2026-05-23T03:32:17.9540000,762
2026-05-23T03:32:18.9990000,759
2026-05-23T03:32:20.0390000,762
2026-05-23T03:32:21.0800000,752
2026-05-23T03:32:22.1210000,776
2026-05-23T03:32:23.1620000,754
2026-05-23T03:32:24.2030000,771
2026-05-23T03:32:25.2430000,771
2026-05-23T03:32:26.2840000,785
2026-05-23T03:32:27.3250000,762
2026-05-23T03:32:28.3760000,779
2026-05-23T03:32:29.4170000,767
2026-05-23T03:32:30.4580000,771
2026-05-23T03:32:31.4990000,768
2026-05-23T03:32:32.5360000,767
2026-05-23T03:32:33.5760000,775
2026-05-23T03:32:34.6280000,780
2026-05-23T03:32:35.6680000,770
2026-05-23T03:32:36.7090000,775
2026-05-23T03:32:37.7500000,776
2026-05-23T03:32:38.7910000,750
2026-05-23T03:32:39.8320000,778
2026-05-23T03:32:40.8720000,763
2026-05-23T03:32:41.9130000,755
2026-05-23T03:32:42.9540000,749
2026-05-23T03:32:43.9950000,751
2026-05-23T03:32:45.0460000,758
2026-05-23T03:32:46.0830000,760
2026-05-23T03:32:47.1240000,783
2026-05-23T03:32:48.1650000,771
2026-05-23T03:32:49.2060000,748
2026-05-23T03:32:50.2460000,766
2026-05-23T03:32:51.2980000,766
2026-05-23T03:32:52.3380000,757
2026-05-23T03:32:53.3790000,773
2026-05-23T03:32:54.4200000,746
2026-05-23T03:32:55.4610000,763
2026-05-23T03:32:56.5010000,771
2026-05-23T03:32:57.5420000,750
2026-05-23T03:32:58.5830000,766
2026-05-23T03:32:59.6240000,758
2026-05-23T03:33:00.6680000,762
2026-05-23T03:33:01.7090000,747
2026-05-23T03:33:02.7490000,770
2026-05-23T03:33:03.7900000,749
2026-05-23T03:33:04.8410000,764
2026-05-23T03:33:05.8820000,778
2026-05-23T03:33:06.9230000,765
2026-05-23T03:33:07.9640000,782
2026-05-23T03:33:09.0050000,751
2026-05-23T03:33:10.0450000,747
2026-05-23T03:33:11.0860000,777
2026-05-23T03:33:12.1270000,757
2026-05-23T03:33:13.1680000,763
2026-05-23T03:33:14.2090000,767
2026-05-23T03:33:15.2600000,774
2026-05-23T03:33:16.3000000,769
2026-05-23T03:33:17.3410000,747
2026-05-23T03:33:18.3820000,752
2026-05-23T03:33:19.4230000,761
2026-05-23T03:33:20.4630000,767
2026-05-23T03:33:21.5040000,764
2026-05-23T03:33:22.5450000,754
2026-05-23T03:33:23.5850000,769
2026-05-23T03:33:24.6260000,750
2026-05-23T03:33:25.6770000,750
2026-05-23T03:33:26.7180000,753
2026-05-23T03:33:27.7590000,758
2026-05-23T03:33:28.7920000,755
2026-05-23T03:33:29.8440000,755
2026-05-23T03:33:30.8850000,754
2026-05-23T03:33:31.9250000,762
2026-05-23T03:33:32.9660000,754
2026-05-23T03:33:34.0070000,744
2026-05-23T03:33:35.0480000,756
2026-05-23T03:33:36.0880000,752
2026-05-23T03:33:37.1290000,751
2026-05-23T03:33:38.1700000,768
2026-05-23T03:33:39.2110000,760
2026-05-23T03:33:40.2620000,762
2026-05-23T03:33:41.3030000,745
2026-05-23T03:33:42.3360000,747
2026-05-23T03:33:43.3880000,732
2026-05-23T03:33:44.4280000,753
2026-05-23T03:33:45.4690000,740
2026-05-23T03:33:46.5100000,756
2026-05-23T03:33:47.5500000,769
2026-05-23T03:33:48.5910000,743
2026-05-23T03:33:49.6320000,753
2026-05-23T03:33:50.6730000,766
2026-05-23T03:33:51.7130000,742
2026-05-23T03:33:52.7540000,759
2026-05-23T03:33:53.7950000,743
2026-05-23T03:33:54.8460000,757
2026-05-23T03:33:55.8870000,743
2026-05-23T03:33:56.9280000,752
2026-05-23T03:33:57.9690000,750
2026-05-23T03:33:59.0100000,741
2026-05-23T03:34:00.0500000,745
2026-05-23T03:34:01.0910000,741
2026-05-23T03:34:02.1320000,742
2026-05-23T03:34:03.1730000,751
2026-05-23T03:34:04.2130000,728
2026-05-23T03:34:05.2650000,728
2026-05-23T03:34:06.3050000,759
2026-05-23T03:34:07.3460000,739
2026-05-23T03:34:08.3870000,751
2026-05-23T03:34:09.4280000,742
2026-05-23T03:34:10.4720000,742
2026-05-23T03:34:11.5130000,747
2026-05-23T03:34:12.5530000,744
2026-05-23T03:34:13.5940000,741
2026-05-23T03:34:14.6350000,739
2026-05-23T03:34:15.6760000,730
2026-05-23T03:34:16.7160000,729
2026-05-23T03:34:17.7570000,747
2026-05-23T03:34:18.8080000,741
2026-05-23T03:34:19.8490000,738
2026-05-23T03:34:20.8900000,745
2026-05-23T03:34:21.9310000,744
2026-05-23T03:34:22.9710000,754
2026-05-23T03:34:24.0120000,753
2026-05-23T03:34:25.0530000,738
2026-05-23T03:34:26.0940000,765
2026-05-23T03:34:27.1340000,749
2026-05-23T03:34:28.1750000,759
2026-05-23T03:34:29.2160000,761
2026-05-23T03:34:30.2670000,738
2026-05-23T03:34:31.3080000,743
2026-05-23T03:34:32.3490000,740
2026-05-23T03:34:33.3890000,736
2026-05-23T03:34:34.4300000,751
2026-05-23T03:34:35.4710000,749
2026-05-23T03:34:36.5110000,744
2026-05-23T03:34:37.5520000,752
2026-05-23T03:34:38.5930000,777
2026-05-23T03:34:39.6340000,751
2026-05-23T03:34:40.6850000,757
2026-05-23T03:34:41.7260000,766
2026-05-23T03:34:42.7670000,757
2026-05-23T03:34:43.8080000,770
2026-05-23T03:34:44.8480000,761
2026-05-23T03:34:45.8890000,755
2026-05-23T03:34:46.9300000,753
2026-05-23T03:34:47.9710000,751
2026-05-23T03:34:49.0120000,754
2026-05-23T03:34:50.0520000,784
2026-05-23T03:34:51.1040000,762
2026-05-23T03:34:52.1440000,753
2026-05-23T03:34:53.1850000,767
2026-05-23T03:34:54.2260000,751
2026-05-23T03:34:55.2660000,767
2026-05-23T03:34:56.3070000,771
2026-05-23T03:34:57.3480000,777
2026-05-23T03:34:58.3890000,780
2026-05-23T03:34:59.4290000,746
2026-05-23T03:35:00.4800000,772
2026-05-23T03:35:01.5210000,769
2026-05-23T03:35:02.5620000,758
2026-05-23T03:35:03.6030000,776
2026-05-23T03:35:04.6440000,764
2026-05-23T03:35:05.6880000,760
2026-05-23T03:35:06.7280000,762
2026-05-23T03:35:07.7720000,775
2026-05-23T03:35:08.8130000,769
2026-05-23T03:35:09.8530000,771
2026-05-23T03:35:10.8940000,765
2026-05-23T03:35:11.9350000,766
2026-05-23T03:35:12.9760000,757
2026-05-23T03:35:14.0160000,759
2026-05-23T03:35:15.0570000,754
2026-05-23T03:35:16.0980000,762
2026-05-23T03:35:17.1490000,754
2026-05-23T03:35:18.1900000,769
2026-05-23T03:35:19.2310000,765
2026-05-23T03:35:20.2680000,771
2026-05-23T03:35:21.3090000,770
2026-05-23T03:35:22.3490000,750
2026-05-23T03:35:23.3900000,768
2026-05-23T03:35:24.4410000,769
2026-05-23T03:35:25.4820000,757
2026-05-23T03:35:26.5230000,756
2026-05-23T03:35:27.5640000,757
2026-05-23T03:35:28.6050000,778
2026-05-23T03:35:29.6450000,773
2026-05-23T03:35:30.6860000,761
2026-05-23T03:35:31.7270000,767
2026-05-23T03:35:32.7680000,758
2026-05-23T03:35:33.8090000,765
2026-05-23T03:35:34.8600000,775
2026-05-23T03:35:35.9010000,751
2026-05-23T03:35:36.9410000,766
2026-05-23T03:35:37.9820000,754
2026-05-23T03:35:39.0230000,740
2026-05-23T03:35:40.0630000,754
2026-05-23T03:35:41.1040000,756
2026-05-23T03:35:42.1450000,761
2026-05-23T03:35:43.1860000,746
2026-05-23T03:35:44.2370000,761
2026-05-23T03:35:45.2780000,753
2026-05-23T03:35:46.3180000,762
2026-05-23T03:35:47.3590000,762
2026-05-23T03:35:48.4030000,755
2026-05-23T03:35:49.4440000,768
2026-05-23T03:35:50.4850000,756
2026-05-23T03:35:51.5260000,764
2026-05-23T03:35:52.5660000,756
2026-05-23T03:35:53.6070000,761
2026-05-23T03:35:54.6480000,752
2026-05-23T03:35:55.6890000,771
2026-05-23T03:35:56.7300000,758
2026-05-23T03:35:57.7710000,768
2026-05-23T03:35:58.8220000,770
2026-05-23T03:35:59.8630000,775
2026-05-23T03:36:00.9040000,775
2026-05-23T03:36:01.9440000,755
2026-05-23T03:36:02.9850000,776
2026-05-23T03:36:04.0260000,752
2026-05-23T03:36:05.0670000,759
2026-05-23T03:36:06.1070000,762
2026-05-23T03:36:07.1480000,766
2026-05-23T03:36:08.1890000,767
2026-05-23T03:36:09.2400000,754
2026-05-23T03:36:10.2810000,773
2026-05-23T03:36:11.3210000,759
2026-05-23T03:36:12.3620000,761
2026-05-23T03:36:13.4030000,762
2026-05-23T03:36:14.4430000,745
2026-05-23T03:36:15.4840000,757
2026-05-23T03:36:16.5250000,748
2026-05-23T03:36:17.5660000,749
2026-05-23T03:36:18.6170000,760
2026-05-23T03:36:19.6580000,761
2026-05-23T03:36:20.6990000,771
2026-05-23T03:36:21.7400000,762
2026-05-23T03:36:22.7800000,759
2026-05-23T03:36:23.8210000,764
2026-05-23T03:36:24.8620000,758
2026-05-23T03:36:25.9030000,762
2026-05-23T03:36:26.9430000,757
2026-05-23T03:36:27.9840000,749
2026-05-23T03:36:29.0350000,753
2026-05-23T03:36:30.0690000,758
2026-05-23T03:36:31.1100000,760
2026-05-23T03:36:32.1610000,760
2026-05-23T03:36:33.2020000,763
2026-05-23T03:36:34.2420000,773
2026-05-23T03:36:35.2830000,750
2026-05-23T03:36:36.3240000,768
2026-05-23T03:36:37.3640000,751
2026-05-23T03:36:38.4050000,771
2026-05-23T03:36:39.4460000,765
2026-05-23T03:36:40.4870000,762
2026-05-23T03:36:41.5280000,773
2026-05-23T03:36:42.5790000,756
2026-05-23T03:36:43.6200000,766
2026-05-23T03:36:44.6610000,773
2026-05-23T03:36:45.7010000,759
2026-05-23T03:36:46.7420000,768
2026-05-23T03:36:47.7830000,763
2026-05-23T03:36:48.8240000,742
2026-05-23T03:36:49.8640000,766
2026-05-23T03:36:50.9050000,756
2026-05-23T03:36:51.9560000,766
2026-05-23T03:36:52.9970000,771
2026-05-23T03:36:55.0780000,760
2026-05-23T03:36:56.1190000,751
2026-05-23T03:36:57.1600000,760
2026-05-23T03:36:58.2040000,771
2026-05-23T03:36:59.2450000,756
2026-05-23T03:37:00.2860000,763
2026-05-23T03:37:01.3260000,754
2026-05-23T03:37:02.3670000,773
2026-05-23T03:37:04.4490000,757
2026-05-23T03:37:05.5000000,759
2026-05-23T03:37:06.5410000,762
2026-05-23T03:37:07.5820000,759
2026-05-23T03:37:08.6220000,755
2026-05-23T03:37:09.6630000,746
2026-05-23T03:37:10.7040000,756
2026-05-23T03:37:11.7450000,751
2026-05-23T03:37:12.7860000,756
2026-05-23T03:37:13.8260000,749
2026-05-23T03:37:14.8670000,754
2026-05-23T03:37:15.9080000,771
2026-05-23T03:37:16.9590000,752
2026-05-23T03:37:18.0000000,762
2026-05-23T03:37:19.0400000,761
2026-05-23T03:37:20.0810000,760
2026-05-23T03:37:21.1220000,760
2026-05-23T03:37:22.1620000,762
2026-05-23T03:37:23.2030000,762
2026-05-23T03:37:24.2440000,755
2026-05-23T03:37:25.2850000,765
2026-05-23T03:37:26.3250000,769
2026-05-23T03:37:27.3770000,762
2026-05-23T03:37:28.4170000,757
2026-05-23T03:37:29.4580000,759
2026-05-23T03:37:30.4990000,751
2026-05-23T03:37:31.5400000,764
2026-05-23T03:37:32.5800000,752
2026-05-23T03:37:33.6210000,761
2026-05-23T03:37:34.6620000,750
2026-05-23T03:37:35.7030000,770
2026-05-23T03:37:36.7540000,768
2026-05-23T03:37:37.7950000,758
2026-05-23T03:37:38.8360000,758
2026-05-23T03:37:39.8800000,750
2026-05-23T03:37:40.9210000,743
2026-05-23T03:37:41.9610000,762
2026-05-23T03:37:43.0020000,754
2026-05-23T03:37:44.0430000,760
2026-05-23T03:37:45.0830000,765
2026-05-23T03:37:46.1240000,753
2026-05-23T03:37:47.1650000,753
2026-05-23T03:37:48.2060000,751
2026-05-23T03:37:49.2570000,754
2026-05-23T03:37:50.2980000,759
2026-05-23T03:37:51.3380000,732
2026-05-23T03:37:52.3790000,745
2026-05-23T03:37:53.4200000,723
2026-05-23T03:37:54.4610000,736
2026-05-23T03:37:55.5020000,730
2026-05-23T03:37:56.5420000,751
2026-05-23T03:37:57.5830000,757
2026-05-23T03:37:58.6350000,754
2026-05-23T03:37:59.6750000,737
2026-05-23T03:38:00.7160000,757
2026-05-23T03:38:01.7570000,752
2026-05-23T03:38:02.7980000,745
2026-05-23T03:38:03.8380000,746
2026-05-23T03:38:04.8790000,752
2026-05-23T03:38:05.9200000,735
2026-05-23T03:38:06.9610000,756
2026-05-23T03:38:08.0050000,762
2026-05-23T03:38:09.0460000,752
2026-05-23T03:38:10.0860000,746
2026-05-23T03:38:11.1380000,742
2026-05-23T03:38:12.1780000,738
2026-05-23T03:38:13.2190000,754
2026-05-23T03:38:14.2600000,734
2026-05-23T03:38:15.3010000,750
2026-05-23T03:38:16.3410000,731
2026-05-23T03:38:17.3820000,729
2026-05-23T03:38:18.4230000,746
2026-05-23T03:38:19.4640000,754
2026-05-23T03:38:20.5150000,732
2026-05-23T03:38:21.5560000,743
2026-05-23T03:38:23.6370000,742
2026-05-23T03:38:24.6780000,751
2026-05-23T03:38:25.7190000,752
2026-05-23T03:38:26.7590000,762
2026-05-23T03:38:27.8010000,745
2026-05-23T03:38:28.8410000,748
2026-05-23T03:38:29.8820000,737
2026-05-23T03:38:30.9330000,757
2026-05-23T03:38:31.9740000,759
2026-05-23T03:38:33.0150000,744
2026-05-23T03:38:34.0550000,753
2026-05-23T03:38:35.0960000,762
2026-05-23T03:38:36.1370000,744
2026-05-23T03:38:37.1780000,737
2026-05-23T03:38:38.2180000,745
2026-05-23T03:38:39.2590000,760
2026-05-23T03:38:40.3110000,743
2026-05-23T03:38:41.3510000,760
2026-05-23T03:38:42.3920000,748
2026-05-23T03:38:43.4330000,750
2026-05-23T03:38:44.4740000,758
2026-05-23T03:38:45.5150000,761
2026-05-23T03:38:46.5550000,766
2026-05-23T03:38:47.5960000,760
2026-05-23T03:38:48.6370000,755
2026-05-23T03:38:49.6810000,770
2026-05-23T03:38:50.7220000,762
2026-05-23T03:38:51.7630000,764
2026-05-23T03:38:52.8030000,769
2026-05-23T03:38:53.8550000,744
2026-05-23T03:38:54.8950000,764
2026-05-23T03:38:55.9360000,763
2026-05-23T03:38:56.9770000,752
2026-05-23T03:38:58.0180000,760
2026-05-23T03:38:59.0580000,764
2026-05-23T03:39:00.0990000,765
2026-05-23T03:39:01.1400000,764
2026-05-23T03:39:02.1810000,764
2026-05-23T03:39:03.2320000,771
2026-05-23T03:39:04.2720000,773
2026-05-23T03:39:05.3130000,766
2026-05-23T03:39:06.3540000,771
2026-05-23T03:39:07.3960000,760
2026-05-23T03:39:08.4370000,776
2026-05-23T03:39:09.4770000,777
2026-05-23T03:39:10.5180000,780
2026-05-23T03:39:11.5590000,772
2026-05-23T03:39:12.6000000,770
2026-05-23T03:39:13.6400000,762
2026-05-23T03:39:14.6920000,765
2026-05-23T03:39:15.7320000,771
2026-05-23T03:39:16.7730000,767
2026-05-23T03:39:17.8140000,761
2026-05-23T03:39:18.8550000,771
2026-05-23T03:39:19.8960000,768
2026-05-23T03:39:20.9360000,770
2026-05-23T03:39:21.9770000,763
2026-05-23T03:39:23.0180000,762
2026-05-23T03:39:24.0580000,763
2026-05-23T03:39:25.1100000,770
2026-05-23T03:39:26.1500000,761
2026-05-23T03:39:27.1910000,784
2026-05-23T03:39:28.2320000,771
2026-05-23T03:39:29.2730000,765
2026-05-23T03:39:30.3130000,753
2026-05-23T03:39:31.3580000,763
2026-05-23T03:39:32.3980000,748
2026-05-23T03:39:33.4390000,760
2026-05-23T03:39:34.4800000,776
2026-05-23T03:39:35.5210000,759
2026-05-23T03:39:36.5620000,780
2026-05-23T03:39:37.6030000,773
2026-05-23T03:39:38.6540000,749
2026-05-23T03:39:39.6950000,768
2026-05-23T03:39:40.7360000,760
2026-05-23T03:39:41.7760000,767
2026-05-23T03:39:42.8170000,753
2026-05-23T03:39:43.8580000,780
2026-05-23T03:39:44.8980000,775
2026-05-23T03:39:45.9390000,748
2026-05-23T03:39:46.9800000,753
2026-05-23T03:39:48.0200000,759
2026-05-23T03:39:49.0720000,760
2026-05-23T03:39:50.1130000,753
2026-05-23T03:39:51.1530000,751
2026-05-23T03:39:52.1940000,757
2026-05-23T03:39:53.2350000,769
2026-05-23T03:39:54.2760000,757
2026-05-23T03:39:55.3170000,763
2026-05-23T03:39:56.3570000,768
2026-05-23T03:39:57.3980000,760
2026-05-23T03:39:58.4390000,751
2026-05-23T03:39:59.4840000,772
2026-05-23T03:40:00.5240000,763
2026-05-23T03:40:01.5650000,779
2026-05-23T03:40:02.6160000,776
2026-05-23T03:40:03.6570000,747
2026-05-23T03:40:04.6980000,770
2026-05-23T03:40:05.7380000,775
2026-05-23T03:40:06.7790000,763
2026-05-23T03:40:07.8200000,780
2026-05-23T03:40:08.8610000,762
2026-05-23T03:40:09.9020000,757
2026-05-23T03:40:10.9420000,766
2026-05-23T03:40:11.9830000,767
2026-05-23T03:40:13.0340000,774
2026-05-23T03:40:14.0750000,775
2026-05-23T03:40:15.1160000,768
2026-05-23T03:40:16.1560000,780
2026-05-23T03:40:17.1970000,781
2026-05-23T03:40:18.2380000,784
2026-05-23T03:40:19.2790000,783
2026-05-23T03:40:20.3200000,774
2026-05-23T03:40:21.3610000,766
2026-05-23T03:40:22.4120000,765
2026-05-23T03:40:23.4530000,772
2026-05-23T03:40:24.4930000,763
2026-05-23T03:40:25.5340000,765
2026-05-23T03:40:26.5750000,765
2026-05-23T03:40:27.6150000,768
2026-05-23T03:40:28.6560000,780
2026-05-23T03:40:29.6970000,772
2026-05-23T03:40:30.7380000,756
2026-05-23T03:40:31.7890000,768
2026-05-23T03:40:32.8290000,768
2026-05-23T03:40:33.8700000,766
2026-05-23T03:40:34.9110000,762
2026-05-23T03:40:35.9520000,781
2026-05-23T03:40:36.9920000,764
2026-05-23T03:40:38.0330000,773
2026-05-23T03:40:39.0740000,781
2026-05-23T03:40:40.1150000,775
2026-05-23T03:40:41.1620000,770
2026-05-23T03:40:42.2030000,773
2026-05-23T03:40:43.2440000,765
2026-05-23T03:40:44.2850000,775
2026-05-23T03:40:45.3250000,766
2026-05-23T03:40:46.3660000,759
2026-05-23T03:40:47.4070000,775
2026-05-23T03:40:48.4580000,779
2026-05-23T03:40:49.4990000,768
2026-05-23T03:40:50.5400000,749
2026-05-23T03:40:51.5800000,757
2026-05-23T03:40:52.6210000,761
2026-05-23T03:40:53.6620000,768
2026-05-23T03:40:54.7020000,773
2026-05-23T03:40:55.7430000,764
2026-05-23T03:40:56.7840000,753
2026-05-23T03:40:57.8350000,759
2026-05-23T03:40:58.8760000,758
2026-05-23T03:40:59.9160000,770
2026-05-23T03:41:00.9570000,773
2026-05-23T03:41:01.9980000,786
2026-05-23T03:41:03.0390000,775
2026-05-23T03:41:04.0790000,760
2026-05-23T03:41:05.1200000,785
2026-05-23T03:41:06.1610000,755
2026-05-23T03:41:07.2020000,775
2026-05-23T03:41:08.2530000,764
2026-05-23T03:41:09.2870000,774
2026-05-23T03:41:10.3270000,770
2026-05-23T03:41:11.3790000,766
2026-05-23T03:41:12.4200000,765
2026-05-23T03:41:13.4600000,760
2026-05-23T03:41:14.5010000,773
2026-05-23T03:41:15.5420000,760
2026-05-23T03:41:16.5820000,746
2026-05-23T03:41:17.6230000,760
2026-05-23T03:41:18.6640000,758
2026-05-23T03:41:19.7050000,762
2026-05-23T03:41:20.7450000,771
2026-05-23T03:41:21.7970000,760
2026-05-23T03:41:22.8300000,759
2026-05-23T03:41:23.8710000,773
2026-05-23T03:41:24.9220000,748
2026-05-23T03:41:25.9630000,762
2026-05-23T03:41:27.0030000,763
2026-05-23T03:41:28.0440000,757
2026-05-23T03:41:29.0850000,749
2026-05-23T03:41:30.1260000,750
2026-05-23T03:41:31.1660000,773
2026-05-23T03:41:32.2070000,762
2026-05-23T03:41:33.2480000,768
2026-05-23T03:41:34.2890000,785
2026-05-23T03:41:35.3400000,762
2026-05-23T03:41:36.3810000,763
2026-05-23T03:41:37.4210000,765
2026-05-23T03:41:38.4620000,761
2026-05-23T03:41:39.5030000,773
2026-05-23T03:41:40.5440000,753
2026-05-23T03:41:41.5840000,767
2026-05-23T03:41:42.6250000,759
2026-05-23T03:41:43.6660000,763
2026-05-23T03:41:44.7170000,746
2026-05-23T03:41:45.7580000,768
2026-05-23T03:41:46.7990000,750
2026-05-23T03:41:47.8390000,749
2026-05-23T03:41:48.8800000,752
2026-05-23T03:41:49.9210000,767
2026-05-23T03:41:50.9580000,746
2026-05-23T03:41:52.0090000,758
2026-05-23T03:41:53.0500000,740
2026-05-23T03:41:54.0910000,752
2026-05-23T03:41:55.1320000,738
2026-05-23T03:41:56.1730000,755
2026-05-23T03:41:57.2130000,760
2026-05-23T03:41:58.2540000,753
2026-05-23T03:41:59.2950000,742
2026-05-23T03:42:00.3360000,747
2026-05-23T03:42:01.3870000,740
2026-05-23T03:42:02.4280000,767
2026-05-23T03:42:03.4680000,741
2026-05-23T03:42:04.5090000,749
2026-05-23T03:42:05.5500000,758
2026-05-23T03:42:06.5900000,748
2026-05-23T03:42:07.6310000,758
2026-05-23T03:42:08.6720000,747
2026-05-23T03:42:09.7130000,752
2026-05-23T03:42:10.7640000,767
2026-05-23T03:42:11.8050000,769
2026-05-23T03:42:12.8450000,760
2026-05-23T03:42:13.8860000,759
2026-05-23T03:42:14.9270000,743
2026-05-23T03:42:15.9680000,764
2026-05-23T03:42:17.0080000,746
2026-05-23T03:42:18.0490000,758
2026-05-23T03:42:19.0930000,752
2026-05-23T03:42:20.1340000,753
2026-05-23T03:42:21.1750000,740
2026-05-23T03:42:22.2160000,742
2026-05-23T03:42:23.2570000,743
2026-05-23T03:42:24.3080000,746
2026-05-23T03:42:25.3490000,745
2026-05-23T03:42:26.3890000,721
2026-05-23T03:42:27.4300000,742
2026-05-23T03:42:28.4710000,736
2026-05-23T03:42:29.5110000,742
2026-05-23T03:42:30.5520000,761
2026-05-23T03:42:31.5930000,730
2026-05-23T03:42:32.6370000,736
2026-05-23T03:42:33.6780000,751
2026-05-23T03:42:34.7190000,737
2026-05-23T03:42:35.7590000,745
2026-05-23T03:42:36.8110000,742
2026-05-23T03:42:37.8510000,731
2026-05-23T03:42:38.8920000,756
2026-05-23T03:42:39.9330000,755
2026-05-23T03:42:40.9740000,749
2026-05-23T03:42:42.0140000,748
2026-05-23T03:42:43.0550000,741
2026-05-23T03:42:44.0960000,761
2026-05-23T03:42:45.1370000,735
2026-05-23T03:42:46.1770000,744
2026-05-23T03:42:47.2220000,763
2026-05-23T03:42:48.2620000,735
2026-05-23T03:42:49.3030000,747
2026-05-23T03:42:50.3540000,750
2026-05-23T03:42:51.3950000,743
2026-05-23T03:42:52.4360000,735
2026-05-23T03:42:53.4770000,740
2026-05-23T03:42:54.5180000,742
2026-05-23T03:42:55.5580000,744
2026-05-23T03:42:56.5990000,732
2026-05-23T03:42:57.6400000,744
2026-05-23T03:42:58.6810000,741
2026-05-23T03:42:59.7210000,736
2026-05-23T03:43:00.7660000,731
2026-05-23T03:43:01.8060000,748
2026-05-23T03:43:02.8470000,739
2026-05-23T03:43:03.8880000,742
2026-05-23T03:43:04.9290000,748
2026-05-23T03:43:05.9800000,747
2026-05-23T03:43:07.0210000,738
2026-05-23T03:43:08.0620000,750
2026-05-23T03:43:09.1020000,747
2026-05-23T03:43:10.1430000,748
2026-05-23T03:43:11.1840000,744
2026-05-23T03:43:12.2250000,724
2026-05-23T03:43:13.2650000,743
2026-05-23T03:43:14.3090000,730
2026-05-23T03:43:15.3500000,749
2026-05-23T03:43:16.3910000,746
2026-05-23T03:43:17.4320000,733
2026-05-23T03:43:18.4720000,752
2026-05-23T03:43:19.5240000,764
2026-05-23T03:43:20.5640000,755
2026-05-23T03:43:21.6050000,752
2026-05-23T03:43:22.6460000,735
2026-05-23T03:43:23.6860000,750
2026-05-23T03:43:24.7270000,757
2026-05-23T03:43:25.7680000,766
2026-05-23T03:43:26.8090000,758
2026-05-23T03:43:27.8500000,752
2026-05-23T03:43:28.8940000,750
2026-05-23T03:43:29.9350000,742
2026-05-23T03:43:30.9750000,765
2026-05-23T03:43:32.0260000,769
2026-05-23T03:43:33.0670000,740
2026-05-23T03:43:34.1080000,755
2026-05-23T03:43:35.1490000,760
2026-05-23T03:43:36.1890000,755
2026-05-23T03:43:37.2300000,760
2026-05-23T03:43:38.2710000,756
2026-05-23T03:43:39.3120000,764
2026-05-23T03:43:40.3520000,765
2026-05-23T03:43:41.3930000,770
2026-05-23T03:43:42.4370000,755
2026-05-23T03:43:43.4780000,761
2026-05-23T03:43:44.5190000,748
2026-05-23T03:43:45.5700000,770
2026-05-23T03:43:46.6110000,762
2026-05-23T03:43:47.6520000,752
2026-05-23T03:43:48.6920000,783
2026-05-23T03:43:49.7330000,777
2026-05-23T03:43:50.7740000,765
2026-05-23T03:43:51.8150000,776
2026-05-23T03:43:52.8550000,764
2026-05-23T03:43:53.8960000,773
2026-05-23T03:43:54.9370000,759
2026-05-23T03:43:55.9880000,771
2026-05-23T03:43:57.0220000,774
2026-05-23T03:43:58.0630000,752
2026-05-23T03:43:59.1140000,770
2026-05-23T03:44:00.1550000,761
2026-05-23T03:44:01.1960000,763
2026-05-23T03:44:02.2360000,775
2026-05-23T03:44:03.2770000,761
2026-05-23T03:44:04.3180000,771
2026-05-23T03:44:05.3590000,761
2026-05-23T03:44:06.3990000,769
2026-05-23T03:44:07.4400000,769
2026-05-23T03:44:08.4810000,762
2026-05-23T03:44:09.5320000,759
2026-05-23T03:44:10.5730000,765
2026-05-23T03:44:11.6130000,752
2026-05-23T03:44:12.6540000,766
2026-05-23T03:44:13.6950000,770
2026-05-23T03:44:14.7360000,753
2026-05-23T03:44:15.7760000,769
2026-05-23T03:44:16.8170000,769
2026-05-23T03:44:17.8590000,759
2026-05-23T03:44:18.8990000,749
2026-05-23T03:44:19.9400000,762
2026-05-23T03:44:20.9910000,750
2026-05-23T03:44:22.0320000,769
2026-05-23T03:44:23.0730000,767
2026-05-23T03:44:24.1140000,749
2026-05-23T03:44:25.1540000,767
2026-05-23T03:44:26.1950000,771
2026-05-23T03:44:27.2360000,757
2026-05-23T03:44:28.2770000,761
2026-05-23T03:44:29.3170000,750
2026-05-23T03:44:30.3580000,745
2026-05-23T03:44:31.4090000,752
2026-05-23T03:44:32.4500000,761
2026-05-23T03:44:33.4910000,763
2026-05-23T03:44:34.5310000,755
2026-05-23T03:44:35.5720000,751
2026-05-23T03:44:36.6130000,771
2026-05-23T03:44:37.6540000,767
2026-05-23T03:44:38.7010000,769
2026-05-23T03:44:39.7420000,760
2026-05-23T03:44:40.7830000,775
2026-05-23T03:44:41.8240000,758
2026-05-23T03:44:42.8640000,767
2026-05-23T03:44:43.9050000,772
2026-05-23T03:44:44.9460000,765
2026-05-23T03:44:45.9870000,764
2026-05-23T03:44:47.0280000,770
2026-05-23T03:44:48.0790000,779
2026-05-23T03:44:49.1200000,780
2026-05-23T03:44:50.1600000,766
2026-05-23T03:44:51.2010000,765
2026-05-23T03:44:52.2420000,782
2026-05-23T03:44:53.2820000,767
2026-05-23T03:44:54.3230000,772
2026-05-23T03:44:55.3640000,775
2026-05-23T03:44:56.4050000,770
2026-05-23T03:44:57.4560000,768
2026-05-23T03:44:58.4960000,758
2026-05-23T03:44:59.5370000,784
2026-05-23T03:45:00.5780000,767
2026-05-23T03:45:01.6190000,779
2026-05-23T03:45:02.6590000,767
2026-05-23T03:45:03.7000000,761
2026-05-23T03:45:04.7410000,767
2026-05-23T03:45:05.7820000,753
2026-05-23T03:45:06.8260000,760
2026-05-23T03:45:07.8670000,773
2026-05-23T03:45:08.9080000,767
2026-05-23T03:45:09.9480000,769
2026-05-23T03:45:10.9890000,763
2026-05-23T03:45:12.0400000,777
2026-05-23T03:45:13.0810000,761
2026-05-23T03:45:14.1220000,779
2026-05-23T03:45:15.1630000,780
2026-05-23T03:45:16.2030000,763
2026-05-23T03:45:17.2440000,772
2026-05-23T03:45:18.2850000,776
2026-05-23T03:45:19.3250000,781
2026-05-23T03:45:20.3660000,784
2026-05-23T03:45:21.4170000,777
2026-05-23T03:45:22.4580000,795
2026-05-23T03:45:23.4990000,768
2026-05-23T03:45:24.5400000,767
2026-05-23T03:45:25.5800000,772
2026-05-23T03:45:26.6210000,777
2026-05-23T03:45:27.6620000,764
2026-05-23T03:45:28.7020000,758
2026-05-23T03:45:29.7430000,779
2026-05-23T03:45:30.7840000,770
2026-05-23T03:45:31.8350000,761
2026-05-23T03:45:32.8760000,777
2026-05-23T03:45:33.9170000,772
2026-05-23T03:45:34.9580000,767
2026-05-23T03:45:35.9980000,776
2026-05-23T03:45:37.0390000,784
2026-05-23T03:45:38.0800000,767
2026-05-23T03:45:39.1200000,779
2026-05-23T03:45:40.1610000,787
2026-05-23T03:45:41.2120000,789
2026-05-23T03:45:42.2530000,781
2026-05-23T03:45:43.2940000,782
2026-05-23T03:45:44.3350000,782
2026-05-23T03:45:45.3750000,780
2026-05-23T03:45:46.4160000,770
2026-05-23T03:45:47.4570000,767
2026-05-23T03:45:48.5010000,771
2026-05-23T03:45:49.5420000,763
2026-05-23T03:45:50.5820000,760
2026-05-23T03:45:51.6230000,772
2026-05-23T03:45:52.6640000,764
2026-05-23T03:45:53.7050000,767
2026-05-23T03:45:54.7460000,772
2026-05-23T03:45:55.7970000,757
2026-05-23T03:45:56.8380000,760
2026-05-23T03:45:57.8790000,753
2026-05-23T03:45:58.9190000,753
2026-05-23T03:45:59.9600000,751
2026-05-23T03:46:01.0010000,763
2026-05-23T03:46:02.0420000,772
2026-05-23T03:46:03.0820000,748
2026-05-23T03:46:04.1230000,752
2026-05-23T03:46:05.1640000,761
2026-05-23T03:46:06.2150000,756
2026-05-23T03:46:07.2560000,764
2026-05-23T03:46:08.2960000,756
2026-05-23T03:46:09.3370000,762
2026-05-23T03:46:10.3780000,749
2026-05-23T03:46:11.4190000,753
2026-05-23T03:46:12.4590000,767
2026-05-23T03:46:13.5000000,756
2026-05-23T03:46:14.5410000,767
2026-05-23T03:46:15.5920000,749
2026-05-23T03:46:16.6260000,751
2026-05-23T03:46:17.6670000,754
2026-05-23T03:46:18.7180000,741
2026-05-23T03:46:19.7590000,756
2026-05-23T03:46:20.7990000,754
2026-05-23T03:46:21.8400000,768
2026-05-23T03:46:22.8810000,756
2026-05-23T03:46:23.9220000,752
2026-05-23T03:46:24.9630000,774
2026-05-23T03:46:26.0030000,769
2026-05-23T03:46:27.0440000,767
2026-05-23T03:46:28.0850000,760
2026-05-23T03:46:29.1260000,760
2026-05-23T03:46:30.1770000,763
2026-05-23T03:46:31.2180000,749
2026-05-23T03:46:32.2580000,761
2026-05-23T03:46:33.2990000,767
2026-05-23T03:46:34.3400000,763
2026-05-23T03:46:35.3810000,769
2026-05-23T03:46:36.4210000,750
2026-05-23T03:46:37.4620000,756
2026-05-23T03:46:38.5030000,759
2026-05-23T03:46:39.5440000,752
2026-05-23T03:46:40.5950000,761
2026-05-23T03:46:41.6360000,763
2026-05-23T03:46:42.6760000,756
2026-05-23T03:46:43.7100000,763
2026-05-23T03:46:44.7610000,761
2026-05-23T03:46:45.8020000,750
2026-05-23T03:46:46.8430000,746
2026-05-23T03:46:47.8840000,745
2026-05-23T03:46:48.9240000,752
2026-05-23T03:46:49.9650000,734
2026-05-23T03:46:51.0060000,731
2026-05-23T03:46:52.0470000,741
2026-05-23T03:46:53.0870000,747
2026-05-23T03:46:54.1280000,752
2026-05-23T03:46:55.1790000,743
2026-05-23T03:46:56.2200000,738
2026-05-23T03:46:57.2610000,745
2026-05-23T03:46:58.3010000,751
2026-05-23T03:46:59.3420000,752
2026-05-23T03:47:00.3830000,758
2026-05-23T03:47:01.4230000,745
2026-05-23T03:47:02.4640000,755
2026-05-23T03:47:03.5050000,756
2026-05-23T03:47:04.5560000,741
2026-05-23T03:47:05.5970000,751
2026-05-23T03:47:06.6380000,753
2026-05-23T03:47:07.6780000,750
2026-05-23T03:47:08.7190000,757
2026-05-23T03:47:09.7600000,764
2026-05-23T03:47:10.8010000,756
2026-05-23T03:47:11.8450000,754
2026-05-23T03:47:12.8860000,760
2026-05-23T03:47:13.9260000,760
2026-05-23T03:47:14.9670000,747
2026-05-23T03:47:16.0080000,761
2026-05-23T03:47:17.0490000,742
2026-05-23T03:47:18.0900000,742
2026-05-23T03:47:19.1410000,751
2026-05-23T03:47:20.1820000,767
2026-05-23T03:47:21.2220000,749
2026-05-23T03:47:22.2630000,739
2026-05-23T03:47:23.3040000,748
2026-05-23T03:47:24.3450000,733
2026-05-23T03:47:25.3860000,757
2026-05-23T03:47:26.4260000,735
2026-05-23T03:47:27.4670000,753
2026-05-23T03:47:28.5180000,747
2026-05-23T03:47:29.5590000,744
2026-05-23T03:47:30.6000000,762
2026-05-23T03:47:31.6410000,753
2026-05-23T03:47:32.6820000,750
2026-05-23T03:47:33.7220000,764
2026-05-23T03:47:34.7630000,756
2026-05-23T03:47:35.8040000,766
2026-05-23T03:47:36.8450000,758
2026-05-23T03:47:37.8850000,768
2026-05-23T03:47:38.9370000,750
2026-05-23T03:47:39.9700000,759
2026-05-23T03:47:41.0110000,755
2026-05-23T03:47:42.0620000,754
2026-05-23T03:47:43.1030000,770
2026-05-23T03:47:44.1440000,762
2026-05-23T03:47:45.1850000,764
2026-05-23T03:47:46.2250000,756
2026-05-23T03:47:47.2660000,764
2026-05-23T03:47:48.3070000,752
2026-05-23T03:47:49.3480000,751
2026-05-23T03:47:50.3890000,762
2026-05-23T03:47:51.4290000,771
2026-05-23T03:47:52.4700000,756
2026-05-23T03:47:53.5220000,764
2026-05-23T03:47:54.5620000,761
2026-05-23T03:47:55.6030000,761
2026-05-23T03:47:56.6440000,758
2026-05-23T03:47:57.6850000,748
2026-05-23T03:47:58.7250000,766
2026-05-23T03:47:59.7660000,743
2026-05-23T03:48:00.8070000,766
2026-05-23T03:48:01.8480000,763
2026-05-23T03:48:02.8880000,761
2026-05-23T03:48:03.9400000,753
2026-05-23T03:48:04.9800000,762
2026-05-23T03:48:06.0210000,766
2026-05-23T03:48:07.0620000,765
2026-05-23T03:48:08.1060000,738
2026-05-23T03:48:09.1470000,756
2026-05-23T03:48:10.1880000,749
2026-05-23T03:48:11.2280000,773
2026-05-23T03:48:12.2690000,762
2026-05-23T03:48:13.3100000,769
2026-05-23T03:48:14.3510000,764
2026-05-23T03:48:15.3910000,773
2026-05-23T03:48:16.4320000,762
2026-05-23T03:48:17.4730000,759
2026-05-23T03:48:18.5240000,763
2026-05-23T03:48:19.5650000,752
2026-05-23T03:48:20.6060000,754
2026-05-23T03:48:21.6460000,750
2026-05-23T03:48:22.6870000,762
2026-05-23T03:48:23.7280000,763
2026-05-23T03:48:24.7690000,766
2026-05-23T03:48:25.8100000,753
2026-05-23T03:48:26.8500000,762
2026-05-23T03:48:27.8920000,765
2026-05-23T03:48:28.9430000,755
2026-05-23T03:48:29.9830000,759
2026-05-23T03:48:31.0240000,755
2026-05-23T03:48:32.0650000,744
2026-05-23T03:48:33.1060000,771
2026-05-23T03:48:34.1470000,748
2026-05-23T03:48:35.1870000,763
2026-05-23T03:48:36.2310000,753
2026-05-23T03:48:37.2720000,760
2026-05-23T03:48:38.3130000,757
2026-05-23T03:48:39.3540000,770
2026-05-23T03:48:40.3940000,751
2026-05-23T03:48:41.4350000,748
2026-05-23T03:48:42.4860000,758
2026-05-23T03:48:43.5270000,758
2026-05-23T03:48:44.5680000,763
2026-05-23T03:48:45.6090000,751
2026-05-23T03:48:46.6490000,751
2026-05-23T03:48:47.6900000,756
2026-05-23T03:48:48.7310000,763
2026-05-23T03:48:50.8120000,750
2026-05-23T03:48:51.8630000,756
2026-05-23T03:48:52.9040000,750
2026-05-23T03:48:53.9450000,755
2026-05-23T03:48:54.9860000,744
2026-05-23T03:48:56.0260000,750
2026-05-23T03:48:58.1080000,771
2026-05-23T03:48:59.1480000,765
2026-05-23T03:49:00.1890000,751
2026-05-23T03:49:01.2300000,753
2026-05-23T03:49:02.2810000,761
2026-05-23T03:49:03.3220000,755
2026-05-23T03:49:04.3630000,759
2026-05-23T03:49:05.4040000,743
2026-05-23T03:49:06.4440000,767
2026-05-23T03:49:07.4850000,758
2026-05-23T03:49:08.5260000,776
2026-05-23T03:49:09.5670000,769
2026-05-23T03:49:10.6080000,758
2026-05-23T03:49:11.6480000,759
2026-05-23T03:49:12.7000000,771
2026-05-23T03:49:13.7400000,752
2026-05-23T03:49:14.7810000,772
2026-05-23T03:49:15.8220000,763
2026-05-23T03:49:16.8620000,765
2026-05-23T03:49:17.9070000,769
2026-05-23T03:49:18.9470000,772
2026-05-23T03:49:19.9880000,777
2026-05-23T03:49:21.0290000,761
2026-05-23T03:49:22.0690000,764
2026-05-23T03:49:23.1100000,749
2026-05-23T03:49:24.1510000,774
2026-05-23T03:49:25.2020000,774
2026-05-23T03:49:26.2430000,755
2026-05-23T03:49:27.2830000,765
2026-05-23T03:49:28.3240000,752
2026-05-23T03:49:29.3650000,747
2026-05-23T03:49:30.4060000,759
2026-05-23T03:49:31.4470000,733
2026-05-23T03:49:32.4870000,747
2026-05-23T03:49:33.5280000,743
2026-05-23T03:49:34.5790000,744
2026-05-23T03:49:35.6200000,746
2026-05-23T03:49:36.6610000,745
2026-05-23T03:49:37.7020000,743
2026-05-23T03:49:38.7420000,744
2026-05-23T03:49:39.7830000,730
2026-05-23T03:49:40.8240000,754
2026-05-23T03:49:41.8640000,755
2026-05-23T03:49:42.9050000,751
2026-05-23T03:49:43.9460000,744
2026-05-23T03:49:44.9970000,751
2026-05-23T03:49:46.0340000,755
2026-05-23T03:49:47.0750000,746
2026-05-23T03:49:48.1160000,755
2026-05-23T03:49:49.1570000,741
2026-05-23T03:49:50.1980000,750
2026-05-23T03:49:51.2380000,758
2026-05-23T03:49:52.2900000,756
2026-05-23T03:49:53.3300000,758
2026-05-23T03:49:54.3710000,752
2026-05-23T03:49:55.4120000,772
2026-05-23T03:49:56.4530000,768
2026-05-23T03:49:57.4930000,744
2026-05-23T03:49:58.5340000,752
2026-05-23T03:49:59.5750000,759
2026-05-23T03:50:00.6160000,758
2026-05-23T03:50:01.6570000,766
2026-05-23T03:50:02.7080000,743
2026-05-23T03:50:03.7490000,744
2026-05-23T03:50:04.7890000,748
2026-05-23T03:50:05.8300000,745
2026-05-23T03:50:06.8710000,772
2026-05-23T03:50:07.9110000,754
2026-05-23T03:50:08.9520000,753
2026-05-23T03:50:09.9930000,744
2026-05-23T03:50:11.0340000,734
2026-05-23T03:50:12.0850000,754
2026-05-23T03:50:13.1250000,736
2026-05-23T03:50:14.1660000,741
2026-05-23T03:50:15.2070000,745
2026-05-23T03:50:16.2480000,741
2026-05-23T03:50:17.2880000,752
2026-05-23T03:50:18.3300000,747
2026-05-23T03:50:19.3710000,740
2026-05-23T03:50:20.4110000,734
2026-05-23T03:50:21.4520000,741
2026-05-23T03:50:22.4930000,743
2026-05-23T03:50:23.5440000,734
2026-05-23T03:50:24.5850000,753
2026-05-23T03:50:25.6260000,750
2026-05-23T03:50:26.6660000,742
2026-05-23T03:50:27.7100000,756
2026-05-23T03:50:28.7510000,761
2026-05-23T03:50:29.7920000,744
2026-05-23T03:50:30.8330000,759
2026-05-23T03:50:31.8730000,751
2026-05-23T03:50:32.9140000,762
2026-05-23T03:50:33.9550000,747
2026-05-23T03:50:34.9950000,743
2026-05-23T03:50:36.0360000,748
2026-05-23T03:50:37.0870000,744
2026-05-23T03:50:38.1290000,750
2026-05-23T03:50:39.1690000,749
2026-05-23T03:50:40.2100000,760
2026-05-23T03:50:41.2510000,733
2026-05-23T03:50:42.2920000,738
2026-05-23T03:50:43.3320000,740
2026-05-23T03:50:44.3730000,741
2026-05-23T03:50:45.4140000,737
2026-05-23T03:50:46.4540000,749
2026-05-23T03:50:47.5060000,739
2026-05-23T03:50:48.5460000,748
2026-05-23T03:50:49.5870000,726
2026-05-23T03:50:50.6280000,745
2026-05-23T03:50:51.6690000,744
2026-05-23T03:50:52.7090000,737
2026-05-23T03:50:53.7500000,748
2026-05-23T03:50:54.7910000,738
2026-05-23T03:50:55.8390000,725
2026-05-23T03:50:56.8790000,747
2026-05-23T03:50:57.9200000,738
2026-05-23T03:50:58.9610000,728
2026-05-23T03:51:00.0010000,726
2026-05-23T03:51:01.0420000,725
2026-05-23T03:51:02.0830000,735
2026-05-23T03:51:03.1240000,750
2026-05-23T03:51:04.1640000,736
2026-05-23T03:51:05.2160000,740
2026-05-23T03:51:06.2560000,741
2026-05-23T03:51:07.2970000,741
2026-05-23T03:51:08.3380000,734
2026-05-23T03:51:09.3790000,738
2026-05-23T03:51:10.4200000,735
2026-05-23T03:51:11.4600000,739
2026-05-23T03:51:12.5010000,728
2026-05-23T03:51:13.5420000,730
2026-05-23T03:51:14.5830000,739
2026-05-23T03:51:15.6340000,733
2026-05-23T03:51:16.6740000,741
2026-05-23T03:51:17.7150000,751
2026-05-23T03:51:18.7560000,744
2026-05-23T03:51:19.7970000,737
2026-05-23T03:51:20.8370000,730
2026-05-23T03:51:21.8780000,745
2026-05-23T03:51:22.9190000,733
2026-05-23T03:51:23.9660000,750
2026-05-23T03:51:25.0070000,742
2026-05-23T03:51:26.0480000,730
2026-05-23T03:51:27.0890000,721
2026-05-23T03:51:28.1290000,743
2026-05-23T03:51:29.1700000,742
2026-05-23T03:51:30.2110000,758
2026-05-23T03:51:31.2520000,729
2026-05-23T03:51:32.2930000,727
2026-05-23T03:51:33.3440000,725
2026-05-23T03:51:34.3850000,726
2026-05-23T03:51:35.4250000,741
2026-05-23T03:51:36.4660000,737
2026-05-23T03:51:37.5070000,724
2026-05-23T03:51:38.5480000,730
2026-05-23T03:51:39.5880000,720
2026-05-23T03:51:40.6290000,742
2026-05-23T03:51:41.6700000,727
2026-05-23T03:51:42.7100000,728
2026-05-23T03:51:43.7620000,741
2026-05-23T03:51:44.8020000,742
2026-05-23T03:51:45.8430000,734
2026-05-23T03:51:46.8840000,725
2026-05-23T03:51:47.9250000,744
2026-05-23T03:51:48.9650000,736
2026-05-23T03:51:50.0060000,741
2026-05-23T03:51:51.0470000,748
2026-05-23T03:51:52.0880000,736
2026-05-23T03:51:53.1290000,727
2026-05-23T03:51:54.1800000,739
2026-05-23T03:51:55.2200000,726
2026-05-23T03:51:56.2610000,745
2026-05-23T03:51:57.3020000,722
2026-05-23T03:51:58.3430000,748
2026-05-23T03:51:59.3840000,731
2026-05-23T03:52:00.4250000,740
2026-05-23T03:52:01.4650000,741
2026-05-23T03:52:02.5060000,751
2026-05-23T03:52:03.5470000,751
2026-05-23T03:52:04.5980000,756
2026-05-23T03:52:05.6350000,737
2026-05-23T03:52:06.6760000,769
2026-05-23T03:52:07.7170000,736
2026-05-23T03:52:08.7570000,742
2026-05-23T03:52:09.7980000,761
2026-05-23T03:52:10.8490000,744
2026-05-23T03:52:11.8900000,748
2026-05-23T03:52:12.9310000,755
2026-05-23T03:52:13.9720000,748
2026-05-23T03:52:15.0120000,740
2026-05-23T03:52:16.0530000,765
2026-05-23T03:52:17.0940000,760
2026-05-23T03:52:18.1350000,762
2026-05-23T03:52:19.1760000,744
2026-05-23T03:52:20.2160000,761
2026-05-23T03:52:21.2680000,756
2026-05-23T03:52:22.3080000,754
2026-05-23T03:52:23.3490000,749
2026-05-23T03:52:24.3900000,762
2026-05-23T03:52:25.4310000,768
2026-05-23T03:52:26.4710000,762
2026-05-23T03:52:27.5120000,759
2026-05-23T03:52:28.5530000,758
2026-05-23T03:52:29.5930000,761
2026-05-23T03:52:30.6340000,737
2026-05-23T03:52:31.6850000,758
2026-05-23T03:52:32.7260000,769
2026-05-23T03:52:33.7600000,759
2026-05-23T03:52:34.8110000,760
2026-05-23T03:52:35.8520000,778
2026-05-23T03:52:36.8920000,755
2026-05-23T03:52:37.9330000,758
2026-05-23T03:52:38.9740000,755
2026-05-23T03:52:40.0150000,761
2026-05-23T03:52:41.0560000,768
2026-05-23T03:52:42.0960000,762
2026-05-23T03:52:43.1370000,753
2026-05-23T03:52:44.1780000,757
2026-05-23T03:52:45.2290000,752
2026-05-23T03:52:46.2700000,764
2026-05-23T03:52:47.3110000,754
2026-05-23T03:52:48.3510000,751
2026-05-23T03:52:49.3920000,761
2026-05-23T03:52:50.4330000,749
2026-05-23T03:52:51.4730000,765
2026-05-23T03:52:52.5140000,744
2026-05-23T03:52:53.5550000,759
2026-05-23T03:52:54.6060000,756
2026-05-23T03:52:55.6470000,748
2026-05-23T03:52:56.6870000,763
2026-05-23T03:52:57.7280000,745
2026-05-23T03:52:58.7690000,766
2026-05-23T03:52:59.8090000,756
2026-05-23T03:53:00.8500000,756
2026-05-23T03:53:01.8910000,750
2026-05-23T03:53:02.9320000,749
2026-05-23T03:53:03.9830000,756
2026-05-23T03:53:05.0240000,733
2026-05-23T03:53:06.0640000,764
2026-05-23T03:53:07.1050000,758
2026-05-23T03:53:08.1460000,757
2026-05-23T03:53:09.1870000,761
2026-05-23T03:53:10.2280000,752
2026-05-23T03:53:11.2690000,765
2026-05-23T03:53:12.3090000,752
2026-05-23T03:53:13.3500000,754
2026-05-23T03:53:14.4010000,750
2026-05-23T03:53:15.4420000,755
2026-05-23T03:53:16.4830000,772
2026-05-23T03:53:17.5230000,755
2026-05-23T03:53:18.5640000,742
2026-05-23T03:53:19.6050000,762
2026-05-23T03:53:20.6460000,751
2026-05-23T03:53:21.6860000,759
2026-05-23T03:53:22.7380000,749
2026-05-23T03:53:23.7780000,748
2026-05-23T03:53:24.8190000,768
2026-05-23T03:53:25.8600000,749
2026-05-23T03:53:26.9000000,772
2026-05-23T03:53:27.9410000,768
2026-05-23T03:53:28.9820000,753
2026-05-23T03:53:30.0230000,757
2026-05-23T03:53:31.0630000,763
2026-05-23T03:53:32.1140000,772
2026-05-23T03:53:33.1550000,760
2026-05-23T03:53:34.1960000,758
2026-05-23T03:53:35.2370000,769
2026-05-23T03:53:36.2780000,759
2026-05-23T03:53:37.3180000,771
2026-05-23T03:53:38.3600000,748
2026-05-23T03:53:39.4000000,756
2026-05-23T03:53:40.4410000,772
2026-05-23T03:53:41.4920000,774
2026-05-23T03:53:42.5330000,755
2026-05-23T03:53:43.5740000,759
2026-05-23T03:53:44.6140000,753
2026-05-23T03:53:45.6550000,753
2026-05-23T03:53:46.6960000,761
2026-05-23T03:53:47.7360000,751
2026-05-23T03:53:48.7770000,752
2026-05-23T03:53:49.8180000,749
2026-05-23T03:53:50.8690000,768
2026-05-23T03:53:51.9100000,756
2026-05-23T03:53:52.9510000,756
2026-05-23T03:53:53.9910000,750
2026-05-23T03:53:55.0320000,742
2026-05-23T03:53:56.0730000,752
2026-05-23T03:53:57.1140000,751
2026-05-23T03:53:58.1550000,760
2026-05-23T03:53:59.1960000,751
2026-05-23T03:54:00.2470000,760
2026-05-23T03:54:01.2880000,766
2026-05-23T03:54:02.3290000,767
2026-05-23T03:54:03.3690000,746
2026-05-23T03:54:04.4100000,758
2026-05-23T03:54:05.4510000,768
2026-05-23T03:54:06.4910000,767
2026-05-23T03:54:07.5320000,736
2026-05-23T03:54:08.5730000,748
2026-05-23T03:54:09.6240000,757
2026-05-23T03:54:10.6650000,768
2026-05-23T03:54:11.7050000,770
2026-05-23T03:54:12.7460000,751
2026-05-23T03:54:13.7870000,764
2026-05-23T03:54:14.8280000,760
2026-05-23T03:54:15.8690000,759
2026-05-23T03:54:16.9090000,762
2026-05-23T03:54:17.9500000,764
2026-05-23T03:54:19.0020000,766
2026-05-23T03:54:20.0420000,752
2026-05-23T03:54:21.0830000,756
2026-05-23T03:54:22.1240000,774
2026-05-23T03:54:23.1650000,750
2026-05-23T03:54:24.2050000,759
2026-05-23T03:54:25.2460000,745
2026-05-23T03:54:26.2870000,761
2026-05-23T03:54:27.3280000,783
2026-05-23T03:54:28.3790000,751
2026-05-23T03:54:29.4200000,765
2026-05-23T03:54:30.4610000,762
2026-05-23T03:54:31.5010000,754
2026-05-23T03:54:32.5420000,780
2026-05-23T03:54:33.5830000,757
2026-05-23T03:54:34.6240000,762
2026-05-23T03:54:35.6640000,759
2026-05-23T03:54:36.7050000,754
2026-05-23T03:54:37.7560000,763
2026-05-23T03:54:38.7970000,767
2026-05-23T03:54:39.8380000,768
2026-05-23T03:54:40.8790000,756
2026-05-23T03:54:41.9190000,753
2026-05-23T03:54:42.9600000,767
2026-05-23T03:54:44.0010000,760
2026-05-23T03:54:45.0420000,759
2026-05-23T03:54:46.0820000,754
2026-05-23T03:54:47.1340000,774
2026-05-23T03:54:48.1750000,759
2026-05-23T03:54:49.2150000,776
2026-05-23T03:54:51.2970000,742
2026-05-23T03:54:52.3370000,758
2026-05-23T03:54:53.3780000,767
2026-05-23T03:54:54.4190000,745
2026-05-23T03:54:55.4600000,749
2026-05-23T03:54:56.5110000,763
2026-05-23T03:54:57.5510000,744
2026-05-23T03:54:58.5920000,749
2026-05-23T03:54:59.6330000,756
2026-05-23T03:55:00.6740000,766
2026-05-23T03:55:01.7140000,757
2026-05-23T03:55:02.7550000,744
2026-05-23T03:55:03.7960000,754
2026-05-23T03:55:04.8370000,752
2026-05-23T03:55:05.8880000,736
2026-05-23T03:55:06.9210000,761
2026-05-23T03:55:07.9620000,752
2026-05-23T03:55:09.0130000,758
2026-05-23T03:55:10.0540000,760
2026-05-23T03:55:11.0950000,757
2026-05-23T03:55:12.1360000,756
2026-05-23T03:55:13.1760000,755
2026-05-23T03:55:14.2170000,750
2026-05-23T03:55:15.2580000,757
2026-05-23T03:55:16.2990000,761
2026-05-23T03:55:17.3390000,756
2026-05-23T03:55:18.3900000,746
2026-05-23T03:55:19.4310000,746
2026-05-23T03:55:20.4720000,744
2026-05-23T03:55:21.5120000,758
2026-05-23T03:55:22.5530000,734
2026-05-23T03:55:23.5940000,741
2026-05-23T03:55:24.6350000,744
2026-05-23T03:55:25.6750000,748
2026-05-23T03:55:26.7160000,755
2026-05-23T03:55:28.8080000,747
2026-05-23T03:55:29.8490000,755
2026-05-23T03:55:30.8890000,748
2026-05-23T03:55:31.9300000,752
2026-05-23T03:55:32.9710000,726
2026-05-23T03:55:34.0120000,729
2026-05-23T03:55:35.0530000,739
2026-05-23T03:55:36.0930000,737
2026-05-23T03:55:37.1340000,743
2026-05-23T03:55:38.1860000,738
2026-05-23T03:55:39.2260000,734
2026-05-23T03:55:40.2670000,742
2026-05-23T03:55:41.3080000,742
2026-05-23T03:55:42.3480000,754
2026-05-23T03:55:43.3890000,729
2026-05-23T03:55:44.4300000,747
2026-05-23T03:55:45.4710000,746
2026-05-23T03:55:46.5110000,742
2026-05-23T03:55:47.5620000,744
2026-05-23T03:55:48.6050000,738
2026-05-23T03:55:49.6460000,742
2026-05-23T03:55:50.6870000,730
2026-05-23T03:55:51.7280000,729
2026-05-23T03:55:52.7680000,755
2026-05-23T03:55:53.8090000,745
2026-05-23T03:55:54.8500000,745
2026-05-23T03:55:55.8910000,752
2026-05-23T03:55:56.9310000,747
2026-05-23T03:55:57.9830000,748
2026-05-23T03:55:59.0230000,738
2026-05-23T03:56:00.0640000,730
2026-05-23T03:56:01.1050000,749
2026-05-23T03:56:02.1460000,741
2026-05-23T03:56:03.1860000,736
2026-05-23T03:56:04.2270000,720
2026-05-23T03:56:05.2680000,745
2026-05-23T03:56:06.3090000,739
2026-05-23T03:56:07.3600000,739
2026-05-23T03:56:08.4010000,747
2026-05-23T03:56:09.4410000,744
2026-05-23T03:56:10.4820000,739
2026-05-23T03:56:11.5230000,744
2026-05-23T03:56:12.5630000,759
2026-05-23T03:56:13.6040000,738
2026-05-23T03:56:14.6450000,746
2026-05-23T03:56:15.6860000,743
2026-05-23T03:56:16.7270000,759
2026-05-23T03:56:17.7780000,732
2026-05-23T03:56:18.8190000,736
2026-05-23T03:56:19.8600000,757
2026-05-23T03:56:20.9000000,761
2026-05-23T03:56:21.9410000,753
2026-05-23T03:56:22.9820000,737
2026-05-23T03:56:24.0230000,741
2026-05-23T03:56:25.0630000,747
2026-05-23T03:56:26.1040000,751
2026-05-23T03:56:27.1550000,748
2026-05-23T03:56:28.1960000,749
2026-05-23T03:56:29.2370000,750
2026-05-23T03:56:30.2770000,755
2026-05-23T03:56:31.3180000,748
2026-05-23T03:56:32.3590000,734
2026-05-23T03:56:33.4000000,765
2026-05-23T03:56:34.4400000,758
2026-05-23T03:56:35.4810000,762
2026-05-23T03:56:36.5320000,761
2026-05-23T03:56:37.5730000,773
2026-05-23T03:56:38.6140000,763
2026-05-23T03:56:39.6550000,754
2026-05-23T03:56:40.6950000,773
2026-05-23T03:56:41.7360000,759
2026-05-23T03:56:42.7770000,765
2026-05-23T03:56:43.8210000,767
2026-05-23T03:56:44.8620000,776
2026-05-23T03:56:45.9030000,756
2026-05-23T03:56:46.9440000,755
2026-05-23T03:56:47.9850000,767
2026-05-23T03:56:49.0250000,750
2026-05-23T03:56:50.0770000,767
2026-05-23T03:56:51.1170000,752
2026-05-23T03:56:52.1580000,763
2026-05-23T03:56:53.1990000,761
2026-05-23T03:56:54.2390000,762
2026-05-23T03:56:55.2800000,766
2026-05-23T03:56:56.3210000,756
2026-05-23T03:56:57.3610000,746
2026-05-23T03:56:58.4020000,758
2026-05-23T03:56:59.4430000,762
2026-05-23T03:57:00.4940000,762
2026-05-23T03:57:01.5350000,757
2026-05-23T03:57:02.5760000,771
2026-05-23T03:57:03.6160000,774
2026-05-23T03:57:04.6570000,746
2026-05-23T03:57:05.6980000,774
2026-05-23T03:57:06.7390000,778
2026-05-23T03:57:07.7790000,769
2026-05-23T03:57:08.8200000,773
2026-05-23T03:57:09.8710000,764
2026-05-23T03:57:10.9120000,760
2026-05-23T03:57:11.9460000,771
2026-05-23T03:57:12.9870000,770
2026-05-23T03:57:14.0380000,784
2026-05-23T03:57:15.0790000,755
2026-05-23T03:57:16.1190000,745
2026-05-23T03:57:17.1600000,775
2026-05-23T03:57:18.2010000,755
2026-05-23T03:57:19.2420000,766
2026-05-23T03:57:20.2820000,763
2026-05-23T03:57:21.3230000,765
2026-05-23T03:57:22.3640000,767
2026-05-23T03:57:23.4050000,774
2026-05-23T03:57:24.4560000,764
2026-05-23T03:57:25.4970000,752
2026-05-23T03:57:26.5370000,775
2026-05-23T03:57:27.5780000,771
2026-05-23T03:57:28.6190000,766
2026-05-23T03:57:29.6600000,783
2026-05-23T03:57:30.7010000,759
2026-05-23T03:57:31.7420000,753
2026-05-23T03:57:32.7820000,757
2026-05-23T03:57:33.8230000,749
2026-05-23T03:57:34.8740000,754
2026-05-23T03:57:35.9150000,754
2026-05-23T03:57:36.9560000,758
2026-05-23T03:57:37.9960000,762
2026-05-23T03:57:39.0370000,754
2026-05-23T03:57:40.0780000,750
2026-05-23T03:57:41.1190000,752
2026-05-23T03:57:42.1590000,756
2026-05-23T03:57:43.2000000,757
2026-05-23T03:57:44.2410000,767
2026-05-23T03:57:45.2920000,750
2026-05-23T03:57:46.3330000,749
2026-05-23T03:57:47.3730000,759
2026-05-23T03:57:48.4140000,740
2026-05-23T03:57:49.4550000,752
2026-05-23T03:57:50.4960000,762
2026-05-23T03:57:51.5370000,762
2026-05-23T03:57:52.5770000,755
2026-05-23T03:57:53.6180000,765
2026-05-23T03:57:54.6590000,763
2026-05-23T03:57:55.7100000,759
2026-05-23T03:57:56.7510000,740
2026-05-23T03:57:57.7920000,749
2026-05-23T03:57:58.8320000,755
2026-05-23T03:57:59.8730000,769
2026-05-23T03:58:00.9140000,776
2026-05-23T03:58:01.9550000,761
2026-05-23T03:58:02.9950000,753
2026-05-23T03:58:04.0360000,757
2026-05-23T03:58:05.0870000,761
2026-05-23T03:58:06.1280000,742
2026-05-23T03:58:07.1690000,754
2026-05-23T03:58:08.2130000,745
2026-05-23T03:58:09.2540000,733
2026-05-23T03:58:10.2940000,754
2026-05-23T03:58:11.3350000,760
2026-05-23T03:58:12.3760000,743
2026-05-23T03:58:13.4160000,753
2026-05-23T03:58:14.4570000,730
2026-05-23T03:58:15.4980000,755
2026-05-23T03:58:16.5390000,755
2026-05-23T03:58:17.5900000,758
2026-05-23T03:58:18.6310000,747
2026-05-23T03:58:19.6720000,757
2026-05-23T03:58:20.7120000,748
2026-05-23T03:58:21.7570000,756
2026-05-23T03:58:22.7970000,739
2026-05-23T03:58:23.8380000,740
2026-05-23T03:58:24.8790000,749
2026-05-23T03:58:25.9200000,752
2026-05-23T03:58:26.9600000,755
2026-05-23T03:58:28.0010000,761
2026-05-23T03:58:29.0420000,747
2026-05-23T03:58:30.0830000,764
2026-05-23T03:58:31.1340000,750
2026-05-23T03:58:32.1750000,754
2026-05-23T03:58:33.2150000,757
2026-05-23T03:58:34.2560000,755
2026-05-23T03:58:35.2970000,767
2026-05-23T03:58:36.3370000,773
2026-05-23T03:58:37.3780000,765
2026-05-23T03:58:38.4190000,750
2026-05-23T03:58:39.4600000,770
2026-05-23T03:58:40.5110000,766
2026-05-23T03:58:41.5520000,762
2026-05-23T03:58:42.5930000,770
2026-05-23T03:58:43.6330000,743
2026-05-23T03:58:44.6740000,751
2026-05-23T03:58:45.7150000,757
2026-05-23T03:58:46.7560000,766
2026-05-23T03:58:47.7960000,764
2026-05-23T03:58:48.8370000,754
2026-05-23T03:58:49.8880000,763
2026-05-23T03:58:50.9290000,779
2026-05-23T03:58:51.9700000,777
2026-05-23T03:58:53.0100000,771
2026-05-23T03:58:54.0510000,742
2026-05-23T03:58:55.0920000,746
2026-05-23T03:58:56.1330000,760
2026-05-23T03:58:57.1730000,750
2026-05-23T03:58:58.2140000,766
2026-05-23T03:58:59.2650000,769
2026-05-23T03:59:00.3060000,771
2026-05-23T03:59:01.3470000,766
2026-05-23T03:59:02.3870000,757
2026-05-23T03:59:03.4320000,766
2026-05-23T03:59:04.4730000,758
2026-05-23T03:59:05.5130000,764
2026-05-23T03:59:06.5540000,781
2026-05-23T03:59:07.5950000,775
2026-05-23T03:59:08.6360000,777
2026-05-23T03:59:09.6770000,764
2026-05-23T03:59:10.7180000,781
2026-05-23T03:59:11.7690000,761
2026-05-23T03:59:12.8100000,756
2026-05-23T03:59:13.8500000,771
2026-05-23T03:59:14.8910000,773
2026-05-23T03:59:15.9320000,755
2026-05-23T03:59:16.9730000,755
2026-05-23T03:59:18.0130000,753
2026-05-23T03:59:19.0540000,775
2026-05-23T03:59:20.0950000,744
2026-05-23T03:59:21.1360000,764
2026-05-23T03:59:22.1870000,768
2026-05-23T03:59:23.2280000,755
2026-05-23T03:59:24.2680000,770
2026-05-23T03:59:25.3090000,766
2026-05-23T03:59:26.3500000,773
2026-05-23T03:59:27.3910000,767
2026-05-23T03:59:28.4320000,765
2026-05-23T03:59:29.4720000,779
2026-05-23T03:59:30.5130000,761
2026-05-23T03:59:31.5570000,759
2026-05-23T03:59:32.5980000,764
2026-05-23T03:59:33.6390000,776
2026-05-23T03:59:34.6800000,770
2026-05-23T03:59:35.7310000,765
2026-05-23T03:59:36.7720000,766
2026-05-23T03:59:37.8120000,760
2026-05-23T03:59:38.8530000,756
2026-05-23T03:59:39.8940000,770
2026-05-23T03:59:40.9350000,768
2026-05-23T03:59:41.9750000,749
2026-05-23T03:59:43.0160000,752
2026-05-23T03:59:44.0570000,759
2026-05-23T03:59:45.1080000,773
2026-05-23T03:59:46.1490000,744
2026-05-23T03:59:47.1890000,757
2026-05-23T03:59:48.2300000,773
2026-05-23T03:59:49.2710000,761
2026-05-23T03:59:50.3120000,750
2026-05-23T03:59:51.3520000,760
2026-05-23T03:59:52.3930000,752
2026-05-23T03:59:53.4340000,747
2026-05-23T03:59:54.4850000,752
2026-05-23T03:59:55.5260000,749
2026-05-23T03:59:56.5660000,745
2026-05-23T03:59:57.6070000,756
2026-05-23T03:59:58.6480000,745
2026-05-23T03:59:59.6850000,743
2026-05-23T04:00:00.7360000,751
2026-05-23T04:00:01.7770000,730
2026-05-23T04:00:02.8180000,755
2026-05-23T04:00:03.8590000,737
2026-05-23T04:00:04.8990000,739
2026-05-23T04:00:05.9400000,743
2026-05-23T04:00:06.9810000,736
2026-05-23T04:00:08.0220000,740
2026-05-23T04:00:09.0620000,742
2026-05-23T04:00:10.1030000,749
2026-05-23T04:00:11.1540000,737
2026-05-23T04:00:12.1950000,714
2026-05-23T04:00:13.2360000,742
2026-05-23T04:00:14.2760000,731
2026-05-23T04:00:15.3170000,727
2026-05-23T04:00:16.3580000,755
2026-05-23T04:00:17.3990000,739
2026-05-23T04:00:18.4390000,754
2026-05-23T04:00:19.4800000,748
2026-05-23T04:00:20.5210000,739
2026-05-23T04:00:21.5720000,747
2026-05-23T04:00:22.6130000,741
2026-05-23T04:00:23.6540000,731
2026-05-23T04:00:24.6940000,745
2026-05-23T04:00:25.7350000,750
2026-05-23T04:00:26.7760000,739
2026-05-23T04:00:27.8200000,738
2026-05-23T04:00:28.8610000,747
2026-05-23T04:00:29.9010000,738
2026-05-23T04:00:30.9420000,743
2026-05-23T04:00:31.9830000,743
2026-05-23T04:00:33.0230000,733
2026-05-23T04:00:34.0750000,759
2026-05-23T04:00:35.1150000,727
2026-05-23T04:00:36.1560000,734
2026-05-23T04:00:37.1970000,738
2026-05-23T04:00:38.2370000,723
2026-05-23T04:00:39.2780000,730
2026-05-23T04:00:40.3190000,742
2026-05-23T04:00:41.3630000,744
2026-05-23T04:00:42.4040000,749
2026-05-23T04:00:43.4450000,744
2026-05-23T04:00:44.4860000,732
2026-05-23T04:00:45.5270000,759
2026-05-23T04:00:46.5670000,745
2026-05-23T04:00:47.6190000,741
2026-05-23T04:00:48.6590000,735
2026-05-23T04:00:49.7000000,760
2026-05-23T04:00:50.7410000,758
2026-05-23T04:00:51.7820000,741
2026-05-23T04:00:52.8220000,750
2026-05-23T04:00:53.8630000,750
2026-05-23T04:00:54.9070000,749
2026-05-23T04:00:55.9480000,751
2026-05-23T04:00:56.9890000,756
2026-05-23T04:00:58.0290000,768
2026-05-23T04:00:59.0700000,750
2026-05-23T04:01:00.1210000,760
2026-05-23T04:01:01.1620000,760
2026-05-23T04:01:02.2030000,761
2026-05-23T04:01:03.2440000,756
2026-05-23T04:01:04.2840000,752
2026-05-23T04:01:05.3250000,764
2026-05-23T04:01:06.3660000,748
2026-05-23T04:01:07.4070000,757
2026-05-23T04:01:08.4480000,759
2026-05-23T04:01:09.4920000,762
2026-05-23T04:01:10.5330000,761
2026-05-23T04:01:11.5740000,763
2026-05-23T04:01:12.6140000,761
2026-05-23T04:01:13.6550000,765
2026-05-23T04:01:14.7060000,762
2026-05-23T04:01:15.7470000,760
2026-05-23T04:01:16.7880000,760
2026-05-23T04:01:17.8290000,772
2026-05-23T04:01:18.8690000,759
2026-05-23T04:01:19.9100000,770
2026-05-23T04:01:20.9510000,752
2026-05-23T04:01:21.9910000,765
2026-05-23T04:01:23.0360000,763
2026-05-23T04:01:24.0760000,786
2026-05-23T04:01:25.1170000,770
2026-05-23T04:01:26.1580000,752
2026-05-23T04:01:27.1990000,759
2026-05-23T04:01:28.2390000,768
2026-05-23T04:01:29.2910000,763
2026-05-23T04:01:30.3310000,760
2026-05-23T04:01:31.3720000,760
2026-05-23T04:01:32.4130000,770
2026-05-23T04:01:33.4540000,777
2026-05-23T04:01:34.4950000,775
2026-05-23T04:01:35.5350000,757
2026-05-23T04:01:36.5760000,785
2026-05-23T04:01:37.6200000,761
2026-05-23T04:01:38.6610000,761
2026-05-23T04:01:39.7020000,761
2026-05-23T04:01:40.7430000,760
2026-05-23T04:01:41.7830000,760
2026-05-23T04:01:42.8340000,752
2026-05-23T04:01:43.8750000,752
2026-05-23T04:01:44.9160000,761
2026-05-23T04:01:45.9570000,749
2026-05-23T04:01:46.9970000,764
2026-05-23T04:01:48.0380000,749
2026-05-23T04:01:49.0790000,752
2026-05-23T04:01:50.1200000,753
2026-05-23T04:01:51.1640000,760
2026-05-23T04:01:52.2050000,764
2026-05-23T04:01:53.2450000,749
2026-05-23T04:01:54.2860000,754
2026-05-23T04:01:55.3270000,758
2026-05-23T04:01:56.3780000,749
2026-05-23T04:01:57.4190000,758
2026-05-23T04:01:58.4600000,757
2026-05-23T04:01:59.5010000,767
2026-05-23T04:02:00.5420000,747
2026-05-23T04:02:01.5820000,766
2026-05-23T04:02:02.6230000,747
2026-05-23T04:02:03.6640000,751
2026-05-23T04:02:04.7050000,747
2026-05-23T04:02:05.7490000,763
2026-05-23T04:02:06.7890000,750
2026-05-23T04:02:07.8300000,755
2026-05-23T04:02:08.8710000,762
2026-05-23T04:02:09.9220000,749
2026-05-23T04:02:10.9630000,758
2026-05-23T04:02:12.0030000,765
2026-05-23T04:02:13.0440000,764
2026-05-23T04:02:14.0850000,768
2026-05-23T04:02:15.1260000,766
2026-05-23T04:02:16.1660000,767
2026-05-23T04:02:17.2070000,780
2026-05-23T04:02:18.2480000,778
2026-05-23T04:02:19.2920000,771
2026-05-23T04:02:20.3330000,760
2026-05-23T04:02:21.3740000,757
2026-05-23T04:02:22.4150000,756
2026-05-23T04:02:23.4550000,752
2026-05-23T04:02:24.5070000,748
2026-05-23T04:02:25.5470000,747
2026-05-23T04:02:26.5880000,756
2026-05-23T04:02:27.6290000,732
2026-05-23T04:02:28.6700000,750
2026-05-23T04:02:29.7110000,752
2026-05-23T04:02:30.7520000,756
2026-05-23T04:02:31.7920000,763
2026-05-23T04:02:32.8360000,750
2026-05-23T04:02:33.8770000,767
2026-05-23T04:02:34.9180000,761
2026-05-23T04:02:35.9590000,748
2026-05-23T04:02:36.9990000,759
2026-05-23T04:02:38.0500000,755
2026-05-23T04:02:39.0910000,744
2026-05-23T04:02:40.1320000,746
2026-05-23T04:02:41.1730000,749
2026-05-23T04:02:42.2140000,759
2026-05-23T04:02:43.2540000,745
2026-05-23T04:02:44.2950000,768
2026-05-23T04:02:45.3360000,750
2026-05-23T04:02:46.3770000,744
2026-05-23T04:02:47.4240000,763
2026-05-23T04:02:48.4650000,747
2026-05-23T04:02:49.5060000,744
2026-05-23T04:02:50.5460000,763
2026-05-23T04:02:51.5870000,749
2026-05-23T04:02:52.6280000,758
2026-05-23T04:02:53.6680000,753
2026-05-23T04:02:54.7200000,765
2026-05-23T04:02:55.7600000,764
2026-05-23T04:02:56.8010000,767
2026-05-23T04:02:57.8420000,758
2026-05-23T04:02:58.8820000,754
2026-05-23T04:02:59.9230000,766
2026-05-23T04:03:00.9680000,763
2026-05-23T04:03:02.0080000,759
2026-05-23T04:03:03.0490000,753
2026-05-23T04:03:04.0900000,732
2026-05-23T04:03:05.1310000,746
2026-05-23T04:03:06.1710000,741
2026-05-23T04:03:07.2120000,772
2026-05-23T04:03:08.2630000,750
2026-05-23T04:03:09.3040000,745
2026-05-23T04:03:10.3450000,754
2026-05-23T04:03:11.3860000,766
2026-05-23T04:03:12.4260000,767
2026-05-23T04:03:13.4670000,751
2026-05-23T04:03:14.5080000,729
2026-05-23T04:03:15.5450000,749
2026-05-23T04:03:16.5960000,751
2026-05-23T04:03:17.6370000,753
2026-05-23T04:03:18.6780000,762
2026-05-23T04:03:19.7190000,739
2026-05-23T04:03:20.7590000,750
2026-05-23T04:03:21.8000000,757
2026-05-23T04:03:22.8410000,757
2026-05-23T04:03:23.8820000,775
2026-05-23T04:03:24.9220000,751
2026-05-23T04:03:25.9630000,749
2026-05-23T04:03:27.0140000,739
2026-05-23T04:03:28.0550000,745
2026-05-23T04:03:29.0890000,755
2026-05-23T04:03:30.1300000,744
2026-05-23T04:03:31.1810000,758
2026-05-23T04:03:32.2220000,764
2026-05-23T04:03:33.2620000,750
2026-05-23T04:03:34.3030000,753
2026-05-23T04:03:35.3440000,750
2026-05-23T04:03:36.3850000,758
2026-05-23T04:03:37.4250000,728
2026-05-23T04:03:38.4660000,753
2026-05-23T04:03:39.5070000,749
2026-05-23T04:03:40.5480000,732
2026-05-23T04:03:41.5990000,750
2026-05-23T04:03:42.6400000,751
2026-05-23T04:03:43.6770000,753
2026-05-23T04:03:44.7180000,760
2026-05-23T04:03:45.7580000,732
2026-05-23T04:03:46.7990000,751
2026-05-23T04:03:47.8400000,757
2026-05-23T04:03:48.8910000,760
2026-05-23T04:03:49.9320000,759
2026-05-23T04:03:50.9730000,747
2026-05-23T04:03:52.0140000,753
2026-05-23T04:03:53.0540000,753
2026-05-23T04:03:54.0950000,736
2026-05-23T04:03:55.1360000,752
2026-05-23T04:03:56.1770000,742
2026-05-23T04:03:57.2210000,731
2026-05-23T04:03:58.2620000,745
2026-05-23T04:03:59.3020000,746
2026-05-23T04:04:00.3430000,742
2026-05-23T04:04:01.3840000,735
2026-05-23T04:04:02.4250000,747
2026-05-23T04:04:03.4760000,742
2026-05-23T04:04:04.5170000,742
2026-05-23T04:04:05.5570000,752
2026-05-23T04:04:06.5980000,744
2026-05-23T04:04:07.6390000,752
2026-05-23T04:04:08.6800000,742
2026-05-23T04:04:09.7200000,749
2026-05-23T04:04:10.7610000,747
2026-05-23T04:04:11.8090000,745
2026-05-23T04:04:12.8500000,744
2026-05-23T04:04:13.8900000,743
2026-05-23T04:04:14.9310000,750
2026-05-23T04:04:15.9720000,760
2026-05-23T04:04:17.0130000,750
2026-05-23T04:04:18.0530000,750
2026-05-23T04:04:19.0940000,753
2026-05-23T04:04:20.1350000,733
2026-05-23T04:04:21.1760000,754
2026-05-23T04:04:22.2160000,735
2026-05-23T04:04:23.2680000,745
2026-05-23T04:04:24.3080000,734
2026-05-23T04:04:25.3420000,743
2026-05-23T04:04:26.3930000,759
2026-05-23T04:04:27.4340000,746
2026-05-23T04:04:28.4750000,750
2026-05-23T04:04:29.5160000,732
2026-05-23T04:04:30.5560000,753
2026-05-23T04:04:31.5970000,761
2026-05-23T04:04:32.6380000,761
2026-05-23T04:04:33.6780000,756
2026-05-23T04:04:34.7190000,761
2026-05-23T04:04:35.7600000,747
2026-05-23T04:04:36.8110000,768
2026-05-23T04:04:37.8520000,747
2026-05-23T04:04:38.8890000,771
2026-05-23T04:04:39.9300000,747
2026-05-23T04:04:40.9710000,762
2026-05-23T04:04:42.0110000,754
2026-05-23T04:04:43.0520000,746
2026-05-23T04:04:44.1030000,762
2026-05-23T04:04:45.1440000,756
2026-05-23T04:04:46.1850000,732
2026-05-23T04:04:47.2260000,739
2026-05-23T04:04:48.2670000,738
2026-05-23T04:04:49.3070000,756
2026-05-23T04:04:50.3480000,757
2026-05-23T04:04:51.3890000,749
2026-05-23T04:04:52.4290000,747
2026-05-23T04:04:53.4770000,737
2026-05-23T04:04:54.5180000,750
2026-05-23T04:04:55.5590000,756
2026-05-23T04:04:56.5990000,757
2026-05-23T04:04:57.6400000,738
2026-05-23T04:04:58.6810000,757
2026-05-23T04:04:59.7220000,753
2026-05-23T04:05:00.7620000,754
2026-05-23T04:05:01.8030000,758
2026-05-23T04:05:02.8550000,759
2026-05-23T04:05:03.8950000,752
2026-05-23T04:05:04.9360000,749
2026-05-23T04:05:05.9770000,750
2026-05-23T04:05:07.0210000,754
2026-05-23T04:05:08.0620000,758
2026-05-23T04:05:09.1030000,745
2026-05-23T04:05:10.1440000,742
2026-05-23T04:05:11.1840000,729
2026-05-23T04:05:12.2250000,746
2026-05-23T04:05:13.2660000,741
2026-05-23T04:05:14.3070000,743
2026-05-23T04:05:15.3470000,747
2026-05-23T04:05:16.3880000,726
2026-05-23T04:05:17.4390000,741
2026-05-23T04:05:18.4800000,745
2026-05-23T04:05:19.5210000,734
2026-05-23T04:05:20.5620000,736
2026-05-23T04:05:21.6060000,744
2026-05-23T04:05:22.6460000,732
2026-05-23T04:05:23.6870000,755
2026-05-23T04:05:24.7280000,730
2026-05-23T04:05:25.7680000,735
2026-05-23T04:05:26.8090000,736
2026-05-23T04:05:27.8500000,746
2026-05-23T04:05:28.8910000,754
2026-05-23T04:05:29.9320000,749
2026-05-23T04:05:30.9730000,744
2026-05-23T04:05:32.0130000,749
2026-05-23T04:05:33.0650000,742
2026-05-23T04:05:34.1060000,753
2026-05-23T04:05:35.1390000,738
2026-05-23T04:05:36.1900000,751
2026-05-23T04:05:37.2310000,751
2026-05-23T04:05:38.2720000,740
2026-05-23T04:05:39.3130000,745
2026-05-23T04:05:40.3530000,744
2026-05-23T04:05:41.3940000,753
2026-05-23T04:05:42.4350000,742
2026-05-23T04:05:43.4750000,755
2026-05-23T04:05:44.5160000,767
2026-05-23T04:05:45.5570000,760
2026-05-23T04:05:46.6080000,739
2026-05-23T04:05:47.6490000,749
2026-05-23T04:05:48.6900000,773
2026-05-23T04:05:49.7240000,753
2026-05-23T04:05:50.7650000,753
2026-05-23T04:05:51.8160000,777
2026-05-23T04:05:52.8570000,766
2026-05-23T04:05:53.8980000,751
2026-05-23T04:05:54.9380000,767
2026-05-23T04:05:55.9790000,763
2026-05-23T04:05:57.0200000,759
2026-05-23T04:05:58.0610000,759
2026-05-23T04:05:59.1020000,767
2026-05-23T04:06:00.1420000,775
2026-05-23T04:06:01.1830000,744
2026-05-23T04:06:02.2240000,753
2026-05-23T04:06:03.2680000,744
2026-05-23T04:06:04.3090000,774
2026-05-23T04:06:05.3500000,777
2026-05-23T04:06:06.4010000,760
2026-05-23T04:06:07.4420000,768
2026-05-23T04:06:08.4820000,766
2026-05-23T04:06:09.5230000,778
2026-05-23T04:06:10.5640000,768
2026-05-23T04:06:11.6040000,764
2026-05-23T04:06:12.6450000,778
2026-05-23T04:06:13.6860000,768
2026-05-23T04:06:14.7260000,751
2026-05-23T04:06:15.7670000,771
2026-05-23T04:06:16.8080000,755
2026-05-23T04:06:17.8560000,763
2026-05-23T04:06:18.8970000,787
2026-05-23T04:06:19.9380000,773
2026-05-23T04:06:20.9790000,773
2026-05-23T04:06:22.0200000,771
2026-05-23T04:06:23.0600000,767
2026-05-23T04:06:24.1010000,754
2026-05-23T04:06:25.1520000,755
2026-05-23T04:06:26.1930000,765
2026-05-23T04:06:27.2340000,762
2026-05-23T04:06:28.2750000,772
2026-05-23T04:06:29.3150000,762
2026-05-23T04:06:30.3560000,765
2026-05-23T04:06:31.4000000,769
2026-05-23T04:06:32.4410000,768
2026-05-23T04:06:33.4820000,775
2026-05-23T04:06:34.5220000,761
2026-05-23T04:06:35.5630000,767
2026-05-23T04:06:36.6040000,758
2026-05-23T04:06:37.6440000,769
2026-05-23T04:06:38.6850000,757
2026-05-23T04:06:39.7370000,747
2026-05-23T04:06:40.7770000,773
2026-05-23T04:06:41.8180000,766
2026-05-23T04:06:42.8590000,759
2026-05-23T04:06:43.9000000,770
2026-05-23T04:06:44.9400000,757
2026-05-23T04:06:45.9850000,753
2026-05-23T04:06:47.0250000,750
2026-05-23T04:06:48.0660000,752
2026-05-23T04:06:49.1070000,752
2026-05-23T04:06:50.1480000,767
2026-05-23T04:06:51.1880000,765
2026-05-23T04:06:52.2290000,765
2026-05-23T04:06:53.2800000,757
2026-05-23T04:06:54.3210000,766
2026-05-23T04:06:55.3620000,749
2026-05-23T04:06:56.4030000,761
2026-05-23T04:06:57.4430000,765
2026-05-23T04:06:58.4840000,765
2026-05-23T04:06:59.5250000,759
2026-05-23T04:07:00.5650000,770
2026-05-23T04:07:01.6060000,769
2026-05-23T04:07:02.6470000,781
2026-05-23T04:07:03.6980000,766
2026-05-23T04:07:04.7390000,782
2026-05-23T04:07:05.7800000,757
2026-05-23T04:07:06.8200000,783
2026-05-23T04:07:07.8610000,781
2026-05-23T04:07:08.9020000,755
2026-05-23T04:07:09.9430000,772
2026-05-23T04:07:10.9840000,778
2026-05-23T04:07:12.0250000,779
2026-05-23T04:07:13.0650000,775
2026-05-23T04:07:14.1060000,775
2026-05-23T04:07:15.1570000,772
2026-05-23T04:07:16.1980000,782
2026-05-23T04:07:17.2390000,767
2026-05-23T04:07:18.2790000,785
2026-05-23T04:07:19.3200000,779
2026-05-23T04:07:20.3610000,775
2026-05-23T04:07:21.4020000,783
2026-05-23T04:07:22.4420000,785
2026-05-23T04:07:23.4830000,783
2026-05-23T04:07:24.5240000,784
2026-05-23T04:07:25.5750000,781
2026-05-23T04:07:26.6160000,777
2026-05-23T04:07:27.6500000,787
2026-05-23T04:07:28.6910000,789
2026-05-23T04:07:29.7420000,763
2026-05-23T04:07:30.7830000,771
2026-05-23T04:07:31.8240000,767
2026-05-23T04:07:32.8640000,789
2026-05-23T04:07:33.9050000,772
2026-05-23T04:07:34.9460000,773
2026-05-23T04:07:35.9870000,765
2026-05-23T04:07:37.0280000,758
2026-05-23T04:07:38.0690000,754
2026-05-23T04:07:39.1090000,767
2026-05-23T04:07:40.1500000,768
2026-05-23T04:07:41.2010000,772
2026-05-23T04:07:42.2420000,764
2026-05-23T04:07:43.2830000,763
2026-05-23T04:07:44.3230000,762
2026-05-23T04:07:45.3640000,753
2026-05-23T04:07:46.4050000,756
2026-05-23T04:07:47.4450000,754
2026-05-23T04:07:48.4860000,763
2026-05-23T04:07:49.5270000,763
2026-05-23T04:07:50.5680000,766
2026-05-23T04:07:51.6080000,780
2026-05-23T04:07:52.6600000,763
2026-05-23T04:07:53.7010000,768
2026-05-23T04:07:54.7410000,761
2026-05-23T04:07:55.7750000,751
2026-05-23T04:07:56.8270000,763
2026-05-23T04:07:57.8670000,760
2026-05-23T04:07:58.9080000,762
2026-05-23T04:07:59.9490000,775
2026-05-23T04:08:00.9890000,768
2026-05-23T04:08:02.0300000,763
2026-05-23T04:08:03.0710000,763
2026-05-23T04:08:04.1120000,767
2026-05-23T04:08:05.1520000,758
2026-05-23T04:08:06.1930000,760
2026-05-23T04:08:07.2440000,777
2026-05-23T04:08:08.2850000,769
2026-05-23T04:08:09.3190000,753
2026-05-23T04:08:10.3600000,766
2026-05-23T04:08:11.4110000,763
2026-05-23T04:08:12.4520000,766
2026-05-23T04:08:13.4920000,754
2026-05-23T04:08:14.5330000,772
2026-05-23T04:08:15.5740000,765
2026-05-23T04:08:16.6150000,757
2026-05-23T04:08:17.6550000,779
2026-05-23T04:08:18.6960000,776
2026-05-23T04:08:19.7370000,765
2026-05-23T04:08:20.7780000,772
2026-05-23T04:08:21.8190000,771
2026-05-23T04:08:22.8700000,769
2026-05-23T04:08:23.9110000,764
2026-05-23T04:08:24.9520000,754
2026-05-23T04:08:25.9920000,778
2026-05-23T04:08:27.0330000,768
2026-05-23T04:08:28.0740000,768
2026-05-23T04:08:29.1150000,770
2026-05-23T04:08:30.1560000,753
2026-05-23T04:08:31.1970000,773
2026-05-23T04:08:32.2370000,768
2026-05-23T04:08:33.2890000,789
2026-05-23T04:08:34.3290000,763
2026-05-23T04:08:35.3700000,773
2026-05-23T04:08:36.4110000,784
2026-05-23T04:08:37.4480000,757
2026-05-23T04:08:38.4890000,759
2026-05-23T04:08:39.5300000,758
2026-05-23T04:08:40.5700000,780
2026-05-23T04:08:41.6220000,765
2026-05-23T04:08:42.6630000,767
2026-05-23T04:08:43.7030000,776
2026-05-23T04:08:44.7440000,777
2026-05-23T04:08:45.7850000,776
2026-05-23T04:08:46.8260000,772
2026-05-23T04:08:47.8670000,745
2026-05-23T04:08:48.9080000,775
2026-05-23T04:08:49.9490000,765
2026-05-23T04:08:50.9930000,772
2026-05-23T04:08:52.0340000,766
2026-05-23T04:08:53.0740000,755
2026-05-23T04:08:54.1150000,759
2026-05-23T04:08:55.1560000,743
2026-05-23T04:08:56.1970000,752
2026-05-23T04:08:57.2480000,766
2026-05-23T04:08:58.2890000,746
2026-05-23T04:08:59.3290000,768
2026-05-23T04:09:00.3700000,765
2026-05-23T04:09:01.4110000,752
2026-05-23T04:09:02.4510000,764
2026-05-23T04:09:03.4920000,725
2026-05-23T04:09:04.5330000,740
2026-05-23T04:09:05.5770000,749
2026-05-23T04:09:06.6180000,741
2026-05-23T04:09:07.6590000,754
2026-05-23T04:09:08.7000000,746
2026-05-23T04:09:09.7410000,760
2026-05-23T04:09:10.7820000,759
2026-05-23T04:09:11.8330000,755
2026-05-23T04:09:12.8740000,766
2026-05-23T04:09:13.9140000,758
2026-05-23T04:09:14.9550000,768
2026-05-23T04:09:15.9960000,758
2026-05-23T04:09:17.0360000,761
2026-05-23T04:09:18.0770000,762
2026-05-23T04:09:19.1220000,751
2026-05-23T04:09:20.1620000,754
2026-05-23T04:09:21.2030000,744
2026-05-23T04:09:22.2440000,750
2026-05-23T04:09:23.2840000,760
2026-05-23T04:09:24.3250000,755
2026-05-23T04:09:25.3660000,742
2026-05-23T04:09:26.4070000,742
2026-05-23T04:09:27.4580000,743
2026-05-23T04:09:28.4990000,749
2026-05-23T04:09:29.5400000,728
2026-05-23T04:09:30.5800000,742
2026-05-23T04:09:31.6210000,738
2026-05-23T04:09:32.6620000,744
2026-05-23T04:09:33.7060000,760
2026-05-23T04:09:34.7470000,733
2026-05-23T04:09:35.7880000,732
2026-05-23T04:09:36.8290000,740
2026-05-23T04:09:37.8690000,736
2026-05-23T04:09:38.9110000,735
2026-05-23T04:09:39.9510000,733
2026-05-23T04:09:40.9920000,731
2026-05-23T04:09:42.0330000,746
2026-05-23T04:09:43.0840000,728
2026-05-23T04:09:44.1250000,731
2026-05-23T04:09:45.1650000,734
2026-05-23T04:09:46.2060000,748
2026-05-23T04:09:47.2470000,738
2026-05-23T04:09:48.2880000,743
2026-05-23T04:09:49.3290000,742
2026-05-23T04:09:50.3690000,746
2026-05-23T04:09:51.4100000,738
2026-05-23T04:09:52.4510000,738
2026-05-23T04:09:53.4920000,761
2026-05-23T04:09:54.5430000,739
2026-05-23T04:09:55.5840000,741
2026-05-23T04:09:56.6240000,765
2026-05-23T04:09:57.6650000,738
2026-05-23T04:09:58.7060000,738
2026-05-23T04:09:59.7470000,757
2026-05-23T04:10:00.7870000,739
2026-05-23T04:10:01.8320000,766
2026-05-23T04:10:02.8720000,760
2026-05-23T04:10:03.9130000,747
2026-05-23T04:10:04.9540000,758
2026-05-23T04:10:05.9940000,752
2026-05-23T04:10:07.0350000,765
2026-05-23T04:10:08.0860000,748
2026-05-23T04:10:09.1270000,757
2026-05-23T04:10:10.1680000,777
2026-05-23T04:10:11.2080000,751
2026-05-23T04:10:12.2490000,753
2026-05-23T04:10:13.2900000,747
2026-05-23T04:10:14.3310000,768
2026-05-23T04:10:15.3750000,759
2026-05-23T04:10:16.4160000,763
2026-05-23T04:10:17.4570000,762
2026-05-23T04:10:18.4970000,743
2026-05-23T04:10:19.5380000,754
2026-05-23T04:10:20.5790000,768
2026-05-23T04:10:21.6200000,759
2026-05-23T04:10:22.6600000,759
2026-05-23T04:10:23.7120000,747
2026-05-23T04:10:24.7520000,776
2026-05-23T04:10:25.7930000,774
2026-05-23T04:10:26.8340000,764
2026-05-23T04:10:27.8750000,774
2026-05-23T04:10:28.9190000,762
2026-05-23T04:10:29.9600000,758
2026-05-23T04:10:31.0000000,773
2026-05-23T04:10:32.0410000,764
2026-05-23T04:10:33.0820000,765
2026-05-23T04:10:34.1220000,767
2026-05-23T04:10:35.1630000,758
2026-05-23T04:10:36.2040000,763
2026-05-23T04:10:37.2550000,762
2026-05-23T04:10:38.2960000,770
2026-05-23T04:10:39.3360000,753
2026-05-23T04:10:40.3770000,759
2026-05-23T04:10:41.4180000,769
2026-05-23T04:10:42.4590000,757
2026-05-23T04:10:43.5030000,760
2026-05-23T04:10:44.5440000,754
2026-05-23T04:10:45.5840000,757
2026-05-23T04:10:46.6250000,762
2026-05-23T04:10:47.6660000,760
2026-05-23T04:10:48.7070000,761
2026-05-23T04:10:49.7480000,767
2026-05-23T04:10:50.7890000,748
2026-05-23T04:10:51.8290000,762
2026-05-23T04:10:52.8810000,772
2026-05-23T04:10:53.9210000,756
2026-05-23T04:10:54.9620000,763
2026-05-23T04:10:56.0030000,764
2026-05-23T04:10:57.0470000,752
2026-05-23T04:10:58.0870000,754
2026-05-23T04:10:59.1280000,768
2026-05-23T04:11:00.1690000,747
2026-05-23T04:11:01.2100000,753
2026-05-23T04:11:02.2510000,764
2026-05-23T04:11:03.2910000,751
2026-05-23T04:11:04.3320000,758
2026-05-23T04:11:05.3730000,744
2026-05-23T04:11:06.4240000,754
2026-05-23T04:11:07.4650000,766
2026-05-23T04:11:08.5060000,742
2026-05-23T04:11:09.5460000,750
2026-05-23T04:11:10.5870000,767
2026-05-23T04:11:11.6310000,766
2026-05-23T04:11:12.6720000,777
2026-05-23T04:11:13.7130000,757
2026-05-23T04:11:14.7540000,763
2026-05-23T04:11:15.7940000,747
2026-05-23T04:11:16.8350000,767
2026-05-23T04:11:17.8760000,771
2026-05-23T04:11:18.9170000,760
2026-05-23T04:11:19.9680000,761
2026-05-23T04:11:21.0080000,759
2026-05-23T04:11:22.0490000,753
2026-05-23T04:11:23.0900000,760
2026-05-23T04:11:24.1310000,774
2026-05-23T04:11:25.1710000,758
2026-05-23T04:11:26.2120000,746
2026-05-23T04:11:27.2530000,767
2026-05-23T04:11:28.2940000,772
2026-05-23T04:11:29.3350000,774
2026-05-23T04:11:30.3750000,759
2026-05-23T04:11:31.4270000,772
2026-05-23T04:11:32.4670000,768
2026-05-23T04:11:33.5080000,774
2026-05-23T04:11:34.5490000,771
2026-05-23T04:11:35.5900000,771
2026-05-23T04:11:36.6300000,780
2026-05-23T04:11:37.6710000,784
2026-05-23T04:11:38.7120000,786
2026-05-23T04:11:39.7600000,771
2026-05-23T04:11:40.8000000,782
2026-05-23T04:11:41.8410000,765
2026-05-23T04:11:42.8820000,757
2026-05-23T04:11:43.9230000,779
2026-05-23T04:11:44.9630000,758
2026-05-23T04:11:46.0040000,776
2026-05-23T04:11:47.0450000,773
2026-05-23T04:11:48.0960000,761
2026-05-23T04:11:49.1360000,768
2026-05-23T04:11:50.1770000,762
2026-05-23T04:11:51.2180000,768
2026-05-23T04:11:52.2590000,767
2026-05-23T04:11:53.3000000,771
2026-05-23T04:11:54.3400000,759
2026-05-23T04:11:55.3810000,767
2026-05-23T04:11:56.4220000,779
2026-05-23T04:11:57.4620000,773
2026-05-23T04:11:58.5030000,764
2026-05-23T04:11:59.5540000,765
2026-05-23T04:12:00.5950000,759
2026-05-23T04:12:01.6360000,773
2026-05-23T04:12:02.6770000,772
2026-05-23T04:12:03.7170000,770
2026-05-23T04:12:04.7580000,772
2026-05-23T04:12:05.7990000,754
2026-05-23T04:12:06.8460000,758
2026-05-23T04:12:07.8870000,766
2026-05-23T04:12:08.9290000,751
2026-05-23T04:12:09.9690000,780
2026-05-23T04:12:11.0100000,748
2026-05-23T04:12:12.0510000,765
2026-05-23T04:12:13.0910000,753
2026-05-23T04:12:14.1320000,759
2026-05-23T04:12:15.1730000,775
2026-05-23T04:12:16.2130000,757
2026-05-23T04:12:17.2540000,762
2026-05-23T04:12:18.3060000,734
2026-05-23T04:12:19.3460000,746
2026-05-23T04:12:20.3870000,770
2026-05-23T04:12:21.4240000,765
2026-05-23T04:12:22.4650000,769
2026-05-23T04:12:23.5060000,757
2026-05-23T04:12:24.5470000,768
2026-05-23T04:12:25.5980000,750
2026-05-23T04:12:26.6390000,750
2026-05-23T04:12:27.6790000,756
2026-05-23T04:12:28.7200000,764
2026-05-23T04:12:29.7610000,761
2026-05-23T04:12:30.8020000,758
2026-05-23T04:12:31.8420000,750
2026-05-23T04:12:32.8830000,772
2026-05-23T04:12:33.9240000,748
2026-05-23T04:12:34.9680000,742
2026-05-23T04:12:36.0090000,763
2026-05-23T04:12:37.0490000,761
2026-05-23T04:12:38.0900000,752
2026-05-23T04:12:39.1310000,748
2026-05-23T04:12:40.1820000,746
2026-05-23T04:12:41.2230000,751
2026-05-23T04:12:42.2640000,751
2026-05-23T04:12:43.3050000,748
2026-05-23T04:12:44.3450000,754
2026-05-23T04:12:45.3860000,748
2026-05-23T04:12:46.4270000,752
2026-05-23T04:12:47.4680000,744
2026-05-23T04:12:48.5090000,754
2026-05-23T04:12:49.5560000,757
2026-05-23T04:12:50.5970000,743
2026-05-23T04:12:51.6380000,748
2026-05-23T04:12:52.6780000,734
2026-05-23T04:12:53.7190000,767
2026-05-23T04:12:54.7600000,749
2026-05-23T04:12:55.8010000,757
2026-05-23T04:12:56.8410000,758
2026-05-23T04:12:57.8920000,752
2026-05-23T04:12:58.9330000,747
2026-05-23T04:12:59.9740000,739
2026-05-23T04:13:01.0150000,737
2026-05-23T04:13:02.0550000,752
2026-05-23T04:13:03.0930000,733
2026-05-23T04:13:04.1330000,749
2026-05-23T04:13:05.1850000,737
2026-05-23T04:13:06.2250000,756
2026-05-23T04:13:07.2660000,769
2026-05-23T04:13:08.3070000,745
2026-05-23T04:13:09.3480000,746
2026-05-23T04:13:10.3890000,755
2026-05-23T04:13:11.4290000,745
2026-05-23T04:13:12.4700000,759
2026-05-23T04:13:13.5110000,736
2026-05-23T04:13:14.5520000,758
2026-05-23T04:13:15.6030000,748
2026-05-23T04:13:16.6440000,740
2026-05-23T04:13:17.6810000,750
2026-05-23T04:13:18.7220000,733
2026-05-23T04:13:19.7620000,727
2026-05-23T04:13:20.8030000,753
2026-05-23T04:13:21.8440000,743
2026-05-23T04:13:22.8950000,749
2026-05-23T04:13:23.9360000,748
2026-05-23T04:13:24.9760000,746
2026-05-23T04:13:26.0170000,756
2026-05-23T04:13:27.0580000,747
2026-05-23T04:13:28.0990000,741
2026-05-23T04:13:29.1400000,751
2026-05-23T04:13:30.1810000,755
2026-05-23T04:13:31.2280000,745
2026-05-23T04:13:32.2690000,725
2026-05-23T04:13:33.3100000,746
2026-05-23T04:13:34.3510000,733
2026-05-23T04:13:35.3910000,731
2026-05-23T04:13:36.4320000,724
2026-05-23T04:13:37.4730000,725
2026-05-23T04:13:38.5140000,746
2026-05-23T04:13:39.5540000,732
2026-05-23T04:13:40.6060000,748
2026-05-23T04:13:41.6460000,737
2026-05-23T04:13:42.6870000,723
2026-05-23T04:13:43.7280000,742
2026-05-23T04:13:44.7690000,736
2026-05-23T04:13:45.8060000,746
2026-05-23T04:13:46.8570000,752
2026-05-23T04:13:47.8970000,745
2026-05-23T04:13:48.9390000,753
2026-05-23T04:13:49.9790000,731
2026-05-23T04:13:51.0200000,756
2026-05-23T04:13:52.0610000,733
2026-05-23T04:13:53.1020000,743
2026-05-23T04:13:54.1430000,735
2026-05-23T04:13:55.1830000,732
2026-05-23T04:13:56.2240000,738
2026-05-23T04:13:57.2750000,746
2026-05-23T04:13:58.3160000,729
2026-05-23T04:13:59.3500000,741
2026-05-23T04:14:00.3910000,744
2026-05-23T04:14:01.4420000,748
2026-05-23T04:14:02.4830000,750
2026-05-23T04:14:03.5240000,742
2026-05-23T04:14:04.5650000,746
2026-05-23T04:14:05.6050000,729
2026-05-23T04:14:06.6460000,738
2026-05-23T04:14:07.6870000,739
2026-05-23T04:14:08.7280000,740
2026-05-23T04:14:09.7680000,728
2026-05-23T04:14:10.8090000,729
2026-05-23T04:14:11.8600000,736
2026-05-23T04:14:12.9010000,735
2026-05-23T04:14:13.9420000,738
2026-05-23T04:14:14.9830000,727
2026-05-23T04:14:16.0230000,742
2026-05-23T04:14:17.0640000,734
2026-05-23T04:14:18.1050000,721
2026-05-23T04:14:19.1460000,738
2026-05-23T04:14:20.1870000,741
2026-05-23T04:14:21.2270000,734
2026-05-23T04:14:22.2790000,734
2026-05-23T04:14:23.3190000,735
2026-05-23T04:14:24.3600000,724
2026-05-23T04:14:25.4010000,740
2026-05-23T04:14:26.4420000,735
2026-05-23T04:14:27.4790000,744
2026-05-23T04:14:28.5300000,743
2026-05-23T04:14:29.5710000,740
2026-05-23T04:14:30.6110000,742
2026-05-23T04:14:31.6520000,734
2026-05-23T04:14:32.6930000,732
2026-05-23T04:14:33.7340000,761
2026-05-23T04:14:34.7740000,748
2026-05-23T04:14:35.8150000,766
2026-05-23T04:14:36.8560000,747
2026-05-23T04:14:37.8960000,750
2026-05-23T04:14:38.9480000,762
2026-05-23T04:14:39.9880000,766
2026-05-23T04:14:41.0290000,765
2026-05-23T04:14:42.0700000,757
2026-05-23T04:14:43.1110000,749
2026-05-23T04:14:44.1510000,754
2026-05-23T04:14:45.1920000,753
2026-05-23T04:14:46.2330000,757
2026-05-23T04:14:47.2740000,754
2026-05-23T04:14:48.3150000,756
2026-05-23T04:14:49.3660000,743
2026-05-23T04:14:50.4060000,762
2026-05-23T04:14:51.4470000,760
2026-05-23T04:14:52.4880000,742
2026-05-23T04:14:53.5290000,770
2026-05-23T04:14:54.5690000,767
2026-05-23T04:14:55.6170000,769
2026-05-23T04:14:56.6580000,755
2026-05-23T04:14:57.6980000,764
2026-05-23T04:14:58.7390000,758
2026-05-23T04:14:59.7800000,753
2026-05-23T04:15:00.8210000,751
2026-05-23T04:15:01.8610000,756
2026-05-23T04:15:02.9020000,763
2026-05-23T04:15:03.9430000,777
2026-05-23T04:15:04.9840000,754
2026-05-23T04:15:06.0350000,757
2026-05-23T04:15:07.0760000,771
2026-05-23T04:15:08.1170000,758
2026-05-23T04:15:09.1570000,774
2026-05-23T04:15:10.1980000,780
2026-05-23T04:15:11.2390000,774
2026-05-23T04:15:12.2800000,762
2026-05-23T04:15:13.3200000,756
2026-05-23T04:15:14.3610000,764
2026-05-23T04:15:15.4020000,771
2026-05-23T04:15:16.4530000,762
2026-05-23T04:15:17.4940000,776
2026-05-23T04:15:18.5350000,757
2026-05-23T04:15:19.5750000,762
2026-05-23T04:15:20.6160000,761
2026-05-23T04:15:21.6570000,779
2026-05-23T04:15:22.6980000,762
2026-05-23T04:15:23.7450000,756
2026-05-23T04:15:24.7860000,771
2026-05-23T04:15:25.8270000,776
2026-05-23T04:15:26.8680000,753
2026-05-23T04:15:27.9080000,771
2026-05-23T04:15:28.9490000,762
2026-05-23T04:15:29.9900000,778
2026-05-23T04:15:31.0310000,756
2026-05-23T04:15:32.0710000,763
2026-05-23T04:15:33.1230000,770
2026-05-23T04:15:34.1630000,765
2026-05-23T04:15:35.2040000,750
2026-05-23T04:15:36.2450000,748
2026-05-23T04:15:37.2860000,761
2026-05-23T04:15:38.3260000,776
2026-05-23T04:15:39.3670000,765
2026-05-23T04:15:40.4080000,761
2026-05-23T04:15:41.4490000,764
2026-05-23T04:15:42.4890000,770
2026-05-23T04:15:43.5410000,762
2026-05-23T04:15:44.5810000,759
2026-05-23T04:15:45.6220000,763
2026-05-23T04:15:46.6630000,750
2026-05-23T04:15:47.7030000,760
2026-05-23T04:15:48.7440000,757
2026-05-23T04:15:49.7850000,761
2026-05-23T04:15:50.8260000,760
2026-05-23T04:15:51.8730000,765
2026-05-23T04:15:52.9140000,762
2026-05-23T04:15:53.9550000,765
2026-05-23T04:15:54.9960000,754
2026-05-23T04:15:56.0360000,767
2026-05-23T04:15:57.0770000,743
2026-05-23T04:15:58.1180000,748
2026-05-23T04:15:59.1590000,769
2026-05-23T04:16:00.1990000,754
2026-05-23T04:16:01.2400000,751
2026-05-23T04:16:02.2910000,754
2026-05-23T04:16:03.3320000,746
2026-05-23T04:16:04.3730000,754
2026-05-23T04:16:05.4130000,757
2026-05-23T04:16:06.4510000,777
2026-05-23T04:16:07.4910000,769
2026-05-23T04:16:08.5320000,750
2026-05-23T04:16:09.5830000,771
2026-05-23T04:16:10.6240000,760
2026-05-23T04:16:11.6650000,754
2026-05-23T04:16:12.7050000,762
2026-05-23T04:16:13.7460000,766
2026-05-23T04:16:14.7870000,768
2026-05-23T04:16:15.8280000,761
2026-05-23T04:16:16.8690000,764
2026-05-23T04:16:17.9100000,774
2026-05-23T04:16:18.9500000,777
2026-05-23T04:16:19.9950000,779
2026-05-23T04:16:21.0350000,776
2026-05-23T04:16:22.0760000,766
2026-05-23T04:16:23.1170000,768
2026-05-23T04:16:24.1680000,776
2026-05-23T04:16:25.2090000,782
2026-05-23T04:16:26.2500000,755
2026-05-23T04:16:27.2900000,775
2026-05-23T04:16:28.3310000,766
2026-05-23T04:16:29.3720000,757
2026-05-23T04:16:30.4130000,762
2026-05-23T04:16:31.4540000,758
2026-05-23T04:16:32.4940000,773
2026-05-23T04:16:33.5350000,753
2026-05-23T04:16:34.5830000,752
2026-05-23T04:16:35.6230000,758
2026-05-23T04:16:36.6640000,745
2026-05-23T04:16:37.7050000,745
2026-05-23T04:16:38.7460000,768
2026-05-23T04:16:39.7870000,770
2026-05-23T04:16:40.8280000,767
2026-05-23T04:16:41.8680000,741
2026-05-23T04:16:42.9200000,751
2026-05-23T04:16:43.9600000,758
2026-05-23T04:16:45.0010000,762
2026-05-23T04:16:46.0420000,780
2026-05-23T04:16:47.0830000,771
2026-05-23T04:16:48.1270000,781
2026-05-23T04:16:49.1680000,781
2026-05-23T04:16:50.2090000,773
2026-05-23T04:16:51.2490000,768
2026-05-23T04:16:52.2900000,772
2026-05-23T04:16:53.3310000,760
2026-05-23T04:16:54.3720000,780
2026-05-23T04:16:55.4120000,772
2026-05-23T04:16:56.4530000,779
2026-05-23T04:16:57.4940000,774
2026-05-23T04:16:58.5450000,784
2026-05-23T04:16:59.5850000,768
2026-05-23T04:17:00.6260000,769
2026-05-23T04:17:01.6630000,785
2026-05-23T04:17:02.7040000,775
2026-05-23T04:17:03.7450000,789
2026-05-23T04:17:04.7960000,786
2026-05-23T04:17:05.8370000,766
2026-05-23T04:17:06.8780000,787
2026-05-23T04:17:07.9190000,771
2026-05-23T04:17:08.9600000,781
2026-05-23T04:17:10.0000000,777
2026-05-23T04:17:11.0410000,767
2026-05-23T04:17:12.0820000,774
2026-05-23T04:17:13.1230000,768
2026-05-23T04:17:14.1640000,779
2026-05-23T04:17:15.2150000,780
2026-05-23T04:17:16.2520000,765
2026-05-23T04:17:17.2930000,785
2026-05-23T04:17:18.3330000,769
2026-05-23T04:17:19.3740000,781
2026-05-23T04:17:20.4150000,771
2026-05-23T04:17:21.4560000,760
2026-05-23T04:17:22.5070000,784
2026-05-23T04:17:23.5470000,783
2026-05-23T04:17:24.5880000,779
2026-05-23T04:17:25.6290000,779
2026-05-23T04:17:26.6700000,768
2026-05-23T04:17:27.7110000,771
2026-05-23T04:17:28.7510000,779
2026-05-23T04:17:29.7960000,789
2026-05-23T04:17:30.8360000,784
2026-05-23T04:17:31.8770000,784
2026-05-23T04:17:32.9180000,770
2026-05-23T04:17:33.9590000,760
2026-05-23T04:17:35.0000000,766
2026-05-23T04:17:36.0510000,769
2026-05-23T04:17:37.0920000,778
2026-05-23T04:17:38.1320000,777
2026-05-23T04:17:39.1730000,763
2026-05-23T04:17:40.2140000,764
2026-05-23T04:17:41.2540000,763
2026-05-23T04:17:42.2950000,769
2026-05-23T04:17:43.3360000,763
2026-05-23T04:17:44.3830000,758
2026-05-23T04:17:45.4240000,761
2026-05-23T04:17:46.4650000,752
2026-05-23T04:17:47.5050000,746
2026-05-23T04:17:48.5460000,754
2026-05-23T04:17:49.5870000,757
2026-05-23T04:17:50.6280000,755
2026-05-23T04:17:51.6790000,746
2026-05-23T04:17:52.7200000,739
2026-05-23T04:17:53.7610000,751
2026-05-23T04:17:54.8010000,738
2026-05-23T04:17:55.8420000,760
2026-05-23T04:17:56.8830000,755
2026-05-23T04:17:57.9270000,744
2026-05-23T04:17:58.9680000,748
2026-05-23T04:18:00.0090000,758
2026-05-23T04:18:01.0500000,758
2026-05-23T04:18:03.1310000,733
2026-05-23T04:18:04.1720000,752
2026-05-23T04:18:05.2230000,731
2026-05-23T04:18:06.2640000,742
2026-05-23T04:18:07.3040000,729
2026-05-23T04:18:08.3450000,741
2026-05-23T04:18:09.3860000,748
2026-05-23T04:18:10.4270000,733
2026-05-23T04:18:11.4680000,751
2026-05-23T04:18:13.5560000,734
2026-05-23T04:18:14.5970000,758
2026-05-23T04:18:15.6380000,747
2026-05-23T04:18:16.6790000,763
2026-05-23T04:18:17.7200000,750
2026-05-23T04:18:18.7600000,742
2026-05-23T04:18:19.8010000,742
2026-05-23T04:18:20.8420000,743
2026-05-23T04:18:21.8930000,741
2026-05-23T04:18:22.9340000,711
2026-05-23T04:18:23.9750000,746
2026-05-23T04:18:25.0160000,738
2026-05-23T04:18:26.0600000,733
2026-05-23T04:18:27.1010000,739
2026-05-23T04:18:28.1410000,743
2026-05-23T04:18:29.1820000,744
2026-05-23T04:18:30.2230000,748
2026-05-23T04:18:31.2640000,742
2026-05-23T04:18:32.3040000,745
2026-05-23T04:18:33.3450000,730
2026-05-23T04:18:34.3860000,733
2026-05-23T04:18:35.4370000,742
2026-05-23T04:18:36.4780000,728
2026-05-23T04:18:37.5190000,747
2026-05-23T04:18:38.5590000,726
2026-05-23T04:18:39.6000000,725
2026-05-23T04:18:40.6370000,728
2026-05-23T04:18:41.6890000,724
2026-05-23T04:18:42.7290000,729
2026-05-23T04:18:43.7700000,733
2026-05-23T04:18:44.8110000,735
2026-05-23T04:18:45.8520000,737
2026-05-23T04:18:46.8920000,723
2026-05-23T04:18:47.9330000,743
2026-05-23T04:18:48.9740000,730
2026-05-23T04:18:50.0150000,745
2026-05-23T04:18:51.0550000,736
2026-05-23T04:18:52.1070000,733
2026-05-23T04:18:53.1470000,749
2026-05-23T04:18:54.1810000,732
2026-05-23T04:18:55.2320000,756
2026-05-23T04:18:56.2730000,739
2026-05-23T04:18:57.3140000,728
2026-05-23T04:18:58.3540000,735
2026-05-23T04:18:59.3950000,718
2026-05-23T04:19:00.4360000,735
2026-05-23T04:19:01.4770000,730
2026-05-23T04:19:02.5170000,730
2026-05-23T04:19:03.5580000,725
2026-05-23T04:19:04.5990000,722
2026-05-23T04:19:05.6500000,735
2026-05-23T04:19:06.6910000,747
2026-05-23T04:19:07.7250000,739
2026-05-23T04:19:08.7690000,721
2026-05-23T04:19:09.8100000,739
2026-05-23T04:19:10.8500000,724
2026-05-23T04:19:11.8910000,735
2026-05-23T04:19:12.9430000,718
2026-05-23T04:19:13.9830000,749
2026-05-23T04:19:15.0240000,734
2026-05-23T04:19:16.0650000,722
2026-05-23T04:19:17.1050000,730
2026-05-23T04:19:18.1460000,738
2026-05-23T04:19:19.1870000,735
2026-05-23T04:19:20.2280000,748
2026-05-23T04:19:21.2690000,725
2026-05-23T04:19:22.3130000,738
2026-05-23T04:19:23.3530000,724
2026-05-23T04:19:24.3940000,739
2026-05-23T04:19:25.4350000,748
2026-05-23T04:19:26.4760000,730
2026-05-23T04:19:27.5270000,750
2026-05-23T04:19:28.5680000,717
2026-05-23T04:19:29.6090000,740
2026-05-23T04:19:30.6490000,746
2026-05-23T04:19:31.6900000,739
2026-05-23T04:19:32.7310000,752
2026-05-23T04:19:33.7720000,742
2026-05-23T04:19:34.8130000,757
2026-05-23T04:19:35.8570000,742
2026-05-23T04:19:36.8980000,742
2026-05-23T04:19:37.9380000,752
2026-05-23T04:19:38.9790000,735
2026-05-23T04:19:40.0200000,756
2026-05-23T04:19:41.0710000,751
2026-05-23T04:19:42.1120000,750
2026-05-23T04:19:43.1530000,761
2026-05-23T04:19:44.1930000,747
2026-05-23T04:19:45.2340000,741
2026-05-23T04:19:46.2750000,753
2026-05-23T04:19:47.3150000,761
2026-05-23T04:19:48.3560000,762
2026-05-23T04:19:49.3970000,757
2026-05-23T04:19:50.4410000,763
2026-05-23T04:19:51.4820000,765
2026-05-23T04:19:52.5230000,757
2026-05-23T04:19:53.5640000,762
2026-05-23T04:19:54.6150000,760
2026-05-23T04:19:55.6560000,775
2026-05-23T04:19:56.6970000,740
2026-05-23T04:19:57.7370000,765
2026-05-23T04:19:58.7780000,763
2026-05-23T04:19:59.8190000,756
2026-05-23T04:20:00.8600000,744
2026-05-23T04:20:01.9000000,758
2026-05-23T04:20:02.9410000,762
2026-05-23T04:20:03.9850000,768
2026-05-23T04:20:05.0260000,754
2026-05-23T04:20:06.0670000,769
2026-05-23T04:20:07.1080000,753
2026-05-23T04:20:08.1480000,762
2026-05-23T04:20:09.2000000,772
2026-05-23T04:20:10.2410000,753
2026-05-23T04:20:11.2810000,754
2026-05-23T04:20:12.3220000,776
2026-05-23T04:20:13.3630000,770
2026-05-23T04:20:14.4040000,758
2026-05-23T04:20:15.4440000,755
2026-05-23T04:20:16.4850000,759
2026-05-23T04:20:17.5260000,754
2026-05-23T04:20:18.5740000,752
2026-05-23T04:20:19.6170000,765
2026-05-23T04:20:20.6580000,754
2026-05-23T04:20:21.6990000,753
2026-05-23T04:20:22.7390000,756
2026-05-23T04:20:23.7800000,752
2026-05-23T04:20:24.8210000,754
2026-05-23T04:20:25.8620000,753
2026-05-23T04:20:26.9020000,747
2026-05-23T04:20:27.9430000,735
2026-05-23T04:20:28.9940000,739
2026-05-23T04:20:30.0350000,758
2026-05-23T04:20:31.0760000,750
2026-05-23T04:20:32.1160000,743
2026-05-23T04:20:33.1570000,749
2026-05-23T04:20:34.1980000,755
2026-05-23T04:20:35.2390000,759
2026-05-23T04:20:36.2790000,759
2026-05-23T04:20:37.3200000,761
2026-05-23T04:20:38.3710000,756
2026-05-23T04:20:39.4120000,752
2026-05-23T04:20:40.4530000,758
2026-05-23T04:20:41.4940000,748
2026-05-23T04:20:42.5350000,763
2026-05-23T04:20:43.5750000,742
2026-05-23T04:20:44.6160000,732
2026-05-23T04:20:45.6570000,764
2026-05-23T04:20:46.7010000,736
2026-05-23T04:20:47.7420000,739
2026-05-23T04:20:48.7830000,743
2026-05-23T04:20:49.8240000,744
2026-05-23T04:20:50.8650000,766
2026-05-23T04:20:51.9050000,739
2026-05-23T04:20:52.9560000,737
2026-05-23T04:20:53.9970000,747
2026-05-23T04:20:55.0380000,760
2026-05-23T04:20:56.0790000,766
2026-05-23T04:20:57.1190000,753
2026-05-23T04:20:58.1600000,766
2026-05-23T04:20:59.2010000,757
2026-05-23T04:21:00.2450000,762
2026-05-23T04:21:01.2860000,767
2026-05-23T04:21:02.3270000,749
2026-05-23T04:21:03.3680000,752
2026-05-23T04:21:04.4090000,745
2026-05-23T04:21:05.4490000,755
2026-05-23T04:21:06.5010000,744
2026-05-23T04:21:07.5420000,749
2026-05-23T04:21:08.5820000,754
2026-05-23T04:21:09.6230000,758
2026-05-23T04:21:10.6640000,733
2026-05-23T04:21:11.7050000,750
2026-05-23T04:21:12.7460000,730
2026-05-23T04:21:13.7860000,742
2026-05-23T04:21:14.8270000,737
2026-05-23T04:21:15.8680000,739
2026-05-23T04:21:16.9190000,749
2026-05-23T04:21:17.9600000,728
2026-05-23T04:21:19.0000000,732
2026-05-23T04:21:20.0410000,734
2026-05-23T04:21:21.0820000,738
2026-05-23T04:21:22.1230000,744
2026-05-23T04:21:23.1630000,726
2026-05-23T04:21:24.2040000,736
2026-05-23T04:21:25.2450000,741
2026-05-23T04:21:26.2960000,740
2026-05-23T04:21:27.3370000,753
2026-05-23T04:21:28.3700000,753
2026-05-23T04:21:29.4110000,764
2026-05-23T04:21:30.4630000,751
2026-05-23T04:21:31.5030000,737
2026-05-23T04:21:32.5440000,766
2026-05-23T04:21:33.5850000,744
2026-05-23T04:21:34.6260000,745
2026-05-23T04:21:35.6660000,754
2026-05-23T04:21:36.7070000,758
2026-05-23T04:21:37.7480000,760
2026-05-23T04:21:38.7890000,748
2026-05-23T04:21:39.8290000,749
2026-05-23T04:21:40.8810000,747
2026-05-23T04:21:41.9140000,756
2026-05-23T04:21:42.9550000,756
2026-05-23T04:21:44.0060000,734
2026-05-23T04:21:45.0470000,753
2026-05-23T04:21:46.0870000,746
2026-05-23T04:21:47.1280000,732
2026-05-23T04:21:48.1690000,760
2026-05-23T04:21:49.2100000,748
2026-05-23T04:21:50.2500000,756
2026-05-23T04:21:51.2910000,754
2026-05-23T04:21:52.3320000,742
2026-05-23T04:21:53.3730000,764
2026-05-23T04:21:54.4140000,758
2026-05-23T04:21:55.4650000,757
2026-05-23T04:21:56.5020000,765
2026-05-23T04:21:57.5430000,755
2026-05-23T04:21:58.5840000,764
2026-05-23T04:21:59.6240000,765
2026-05-23T04:22:00.6650000,752
2026-05-23T04:22:01.7160000,772
2026-05-23T04:22:02.7570000,757
2026-05-23T04:22:03.7980000,763
2026-05-23T04:22:04.8390000,758
2026-05-23T04:22:05.8790000,763
2026-05-23T04:22:06.9200000,776
2026-05-23T04:22:07.9610000,759
2026-05-23T04:22:09.0010000,755
2026-05-23T04:22:10.0490000,770
2026-05-23T04:22:11.0900000,756
2026-05-23T04:22:12.1300000,764
2026-05-23T04:22:13.1710000,772
2026-05-23T04:22:14.2120000,776
2026-05-23T04:22:15.2530000,781
2026-05-23T04:22:16.2930000,753
2026-05-23T04:22:17.3340000,772
2026-05-23T04:22:18.3750000,753
2026-05-23T04:22:19.4270000,769
2026-05-23T04:22:20.4670000,762
2026-05-23T04:22:21.5080000,754
2026-05-23T04:22:22.5490000,764
2026-05-23T04:22:23.5890000,764
2026-05-23T04:22:24.6270000,769
2026-05-23T04:22:25.6780000,754
2026-05-23T04:22:26.7190000,756
2026-05-23T04:22:27.7590000,743
2026-05-23T04:22:28.8000000,755
2026-05-23T04:22:29.8410000,745
2026-05-23T04:22:30.8820000,750
2026-05-23T04:22:31.9220000,752
2026-05-23T04:22:32.9630000,747
2026-05-23T04:22:34.0040000,755
2026-05-23T04:22:35.0440000,754
2026-05-23T04:22:36.0960000,738
2026-05-23T04:22:37.1360000,750
2026-05-23T04:22:38.1700000,745
2026-05-23T04:22:39.2220000,761
2026-05-23T04:22:40.2620000,752
2026-05-23T04:22:41.3030000,743
2026-05-23T04:22:42.3440000,760
2026-05-23T04:22:43.3850000,743
2026-05-23T04:22:44.4250000,736
2026-05-23T04:22:45.4660000,748
2026-05-23T04:22:46.5070000,723
2026-05-23T04:22:47.5480000,731
2026-05-23T04:22:48.5880000,744
2026-05-23T04:22:49.6400000,742
2026-05-23T04:22:50.6800000,737
2026-05-23T04:22:51.7140000,733
2026-05-23T04:22:52.7580000,738
2026-05-23T04:22:53.7990000,717
2026-05-23T04:22:54.8400000,746
2026-05-23T04:22:55.8910000,737
2026-05-23T04:22:56.9320000,720
2026-05-23T04:22:57.9720000,734
2026-05-23T04:22:59.0130000,730
2026-05-23T04:23:00.0540000,723
2026-05-23T04:23:01.0940000,734
2026-05-23T04:23:02.1350000,729
2026-05-23T04:23:03.1760000,732
2026-05-23T04:23:04.2160000,723
2026-05-23T04:23:05.2570000,709
2026-05-23T04:23:06.3050000,727
2026-05-23T04:23:07.3450000,724
2026-05-23T04:23:08.3860000,724
2026-05-23T04:23:09.4270000,726
2026-05-23T04:23:10.4680000,725
2026-05-23T04:23:11.5090000,715
2026-05-23T04:23:12.5600000,716
2026-05-23T04:23:13.6010000,714
2026-05-23T04:23:14.6410000,713
2026-05-23T04:23:15.6820000,721
2026-05-23T04:23:16.7230000,738
2026-05-23T04:23:17.7630000,726
2026-05-23T04:23:18.8040000,719
2026-05-23T04:23:19.8520000,743
2026-05-23T04:23:20.8920000,730
2026-05-23T04:23:21.9330000,737
2026-05-23T04:23:22.9740000,722
2026-05-23T04:23:24.0140000,725
2026-05-23T04:23:25.0550000,714
2026-05-23T04:23:26.0960000,730
2026-05-23T04:23:27.1370000,724
2026-05-23T04:23:28.1770000,735
2026-05-23T04:23:29.2180000,724
2026-05-23T04:23:30.2590000,733
2026-05-23T04:23:31.3100000,716
2026-05-23T04:23:32.3510000,731
2026-05-23T04:23:33.3920000,722
2026-05-23T04:23:34.4320000,722
2026-05-23T04:23:35.4730000,728
2026-05-23T04:23:36.5140000,716
2026-05-23T04:23:37.5550000,728
2026-05-23T04:23:38.5950000,722
2026-05-23T04:23:39.6360000,722
2026-05-23T04:23:40.6770000,726
2026-05-23T04:23:41.7280000,731
2026-05-23T04:23:42.7690000,722
2026-05-23T04:23:43.8090000,733
2026-05-23T04:23:44.8500000,727
2026-05-23T04:23:45.8910000,716
2026-05-23T04:23:46.9310000,736
2026-05-23T04:23:47.9690000,742
2026-05-23T04:23:49.0200000,725
2026-05-23T04:23:50.0610000,738
2026-05-23T04:23:51.1010000,731
2026-05-23T04:23:52.1420000,728
2026-05-23T04:23:53.1830000,733
2026-05-23T04:23:54.2240000,731
2026-05-23T04:23:55.2650000,736
2026-05-23T04:23:56.3060000,742
2026-05-23T04:23:57.3460000,739
2026-05-23T04:23:58.3870000,745
2026-05-23T04:23:59.4380000,721
2026-05-23T04:24:00.4790000,736
2026-05-23T04:24:01.5200000,740
2026-05-23T04:24:02.5570000,741
2026-05-23T04:24:03.5980000,738
2026-05-23T04:24:04.6380000,742
2026-05-23T04:24:05.6790000,748
2026-05-23T04:24:06.7300000,740
2026-05-23T04:24:07.7710000,748
2026-05-23T04:24:08.8120000,740
2026-05-23T04:24:09.8520000,735
2026-05-23T04:24:10.8930000,746
2026-05-23T04:24:11.9340000,755
2026-05-23T04:24:12.9740000,753
2026-05-23T04:24:14.0150000,757
2026-05-23T04:24:15.0560000,750
2026-05-23T04:24:16.1000000,748
2026-05-23T04:24:17.1410000,759
2026-05-23T04:24:18.1810000,749
2026-05-23T04:24:19.2220000,758
2026-05-23T04:24:20.2630000,753
2026-05-23T04:24:21.3140000,766
2026-05-23T04:24:22.3550000,737
2026-05-23T04:24:23.3960000,756
2026-05-23T04:24:24.4370000,738
2026-05-23T04:24:25.4770000,736
2026-05-23T04:24:26.5180000,750
2026-05-23T04:24:27.5590000,754
2026-05-23T04:24:28.6000000,756
2026-05-23T04:24:29.6400000,762
2026-05-23T04:24:30.6810000,748
2026-05-23T04:24:31.7320000,758
2026-05-23T04:24:32.7730000,736
2026-05-23T04:24:33.8140000,746
2026-05-23T04:24:34.8550000,753
2026-05-23T04:24:35.8950000,763
2026-05-23T04:24:36.9360000,757
2026-05-23T04:24:37.9770000,754
2026-05-23T04:24:39.0170000,739
2026-05-23T04:24:40.0580000,761
2026-05-23T04:24:41.0990000,752
2026-05-23T04:24:42.1500000,767
2026-05-23T04:24:43.1910000,753
2026-05-23T04:24:44.2280000,753
2026-05-23T04:24:45.2690000,751
2026-05-23T04:24:46.3100000,746
2026-05-23T04:24:47.3510000,752
2026-05-23T04:24:48.3920000,762
2026-05-23T04:24:49.4320000,758
2026-05-23T04:24:50.4840000,753
2026-05-23T04:24:51.5240000,761
2026-05-23T04:24:52.5650000,758
2026-05-23T04:24:53.6060000,753
2026-05-23T04:24:54.6470000,748
2026-05-23T04:24:55.6870000,749
2026-05-23T04:24:56.7280000,741
2026-05-23T04:24:57.7690000,740
2026-05-23T04:24:58.8170000,761
2026-05-23T04:24:59.8570000,730
2026-05-23T04:25:00.8980000,757
2026-05-23T04:25:01.9390000,740
2026-05-23T04:25:02.9790000,749
2026-05-23T04:25:04.0200000,744
2026-05-23T04:25:05.0610000,748
2026-05-23T04:25:06.1020000,746
2026-05-23T04:25:07.1420000,745
2026-05-23T04:25:08.1940000,735
2026-05-23T04:25:09.2340000,753
2026-05-23T04:25:10.2750000,744
2026-05-23T04:25:11.3160000,756
2026-05-23T04:25:12.3530000,736
2026-05-23T04:25:13.3940000,750
2026-05-23T04:25:14.4450000,762
2026-05-23T04:25:15.4860000,757
2026-05-23T04:25:16.5270000,745
2026-05-23T04:25:17.5670000,746
2026-05-23T04:25:18.6080000,763
2026-05-23T04:25:19.6490000,755
2026-05-23T04:25:20.6900000,758
2026-05-23T04:25:21.7300000,744
2026-05-23T04:25:22.7710000,744
2026-05-23T04:25:23.8120000,752
2026-05-23T04:25:24.8530000,761
2026-05-23T04:25:25.9040000,767
2026-05-23T04:25:26.9410000,754
2026-05-23T04:25:27.9820000,749
2026-05-23T04:25:29.0230000,753
2026-05-23T04:25:30.0640000,761
2026-05-23T04:25:31.1040000,755
2026-05-23T04:25:32.1450000,738
2026-05-23T04:25:33.1960000,740
2026-05-23T04:25:34.2370000,735
2026-05-23T04:25:35.2780000,736
2026-05-23T04:25:36.3190000,756
2026-05-23T04:25:37.3590000,754
2026-05-23T04:25:38.4000000,729
2026-05-23T04:25:39.4410000,742
2026-05-23T04:25:40.4850000,748
2026-05-23T04:25:41.5260000,739
2026-05-23T04:25:42.5660000,737
2026-05-23T04:25:43.6070000,750
2026-05-23T04:25:44.6480000,766
2026-05-23T04:25:45.6890000,744
2026-05-23T04:25:46.7400000,746
2026-05-23T04:25:47.7800000,754
2026-05-23T04:25:48.8210000,742
2026-05-23T04:25:49.8620000,738
2026-05-23T04:25:50.9030000,741
2026-05-23T04:25:51.9430000,738
2026-05-23T04:25:52.9840000,754
2026-05-23T04:25:54.0250000,736
2026-05-23T04:25:55.0730000,733
2026-05-23T04:25:56.1130000,745
2026-05-23T04:25:57.1540000,743
2026-05-23T04:25:58.1950000,758
2026-05-23T04:25:59.2360000,759
2026-05-23T04:26:00.2770000,744
2026-05-23T04:26:01.3170000,758
2026-05-23T04:26:02.3580000,755
2026-05-23T04:26:03.3990000,763
2026-05-23T04:26:04.4500000,754
2026-05-23T04:26:05.4910000,760
2026-05-23T04:26:06.5310000,756
2026-05-23T04:26:07.5720000,751
2026-05-23T04:26:08.6160000,756
2026-05-23T04:26:09.6570000,753
2026-05-23T04:26:10.6980000,756
2026-05-23T04:26:11.7380000,736
2026-05-23T04:26:12.7790000,741
2026-05-23T04:26:13.8200000,761
2026-05-23T04:26:14.8610000,736
2026-05-23T04:26:15.9020000,749
2026-05-23T04:26:16.9420000,752
2026-05-23T04:26:17.9940000,747
2026-05-23T04:26:19.0340000,741
2026-05-23T04:26:20.0750000,742
2026-05-23T04:26:21.1160000,737
2026-05-23T04:26:22.1570000,738
2026-05-23T04:26:23.2010000,749
2026-05-23T04:26:24.2420000,746
2026-05-23T04:26:25.2820000,745
2026-05-23T04:26:26.3230000,736
2026-05-23T04:26:27.3640000,738
2026-05-23T04:26:28.4050000,727
2026-05-23T04:26:29.4450000,742
2026-05-23T04:26:30.4860000,733
2026-05-23T04:26:31.5270000,734
2026-05-23T04:26:32.5780000,721
2026-05-23T04:26:33.6190000,733
2026-05-23T04:26:34.6600000,732
2026-05-23T04:26:35.7000000,734
2026-05-23T04:26:36.7440000,734
2026-05-23T04:26:37.7850000,723
2026-05-23T04:26:38.8260000,744
2026-05-23T04:26:39.8670000,744
2026-05-23T04:26:40.9080000,738
2026-05-23T04:26:41.9480000,735
2026-05-23T04:26:42.9890000,734
2026-05-23T04:26:44.0300000,746
2026-05-23T04:26:45.0710000,747
2026-05-23T04:26:46.1220000,727
2026-05-23T04:26:47.1630000,734
2026-05-23T04:26:48.2040000,729
2026-05-23T04:26:49.2440000,741
2026-05-23T04:26:50.2880000,738
2026-05-23T04:26:51.3290000,723
2026-05-23T04:26:52.3700000,734
2026-05-23T04:26:53.4110000,728
2026-05-23T04:26:54.4510000,737
2026-05-23T04:26:55.4920000,742
2026-05-23T04:26:56.5330000,731
2026-05-23T04:26:57.5740000,734
2026-05-23T04:26:58.6250000,727
2026-05-23T04:26:59.6660000,724
2026-05-23T04:27:00.7070000,730
2026-05-23T04:27:01.7470000,714
2026-05-23T04:27:02.7880000,734
2026-05-23T04:27:03.8290000,732
2026-05-23T04:27:04.8730000,727
2026-05-23T04:27:05.9140000,728
2026-05-23T04:27:06.9540000,727
2026-05-23T04:27:07.9950000,723
2026-05-23T04:27:09.0360000,720
2026-05-23T04:27:10.0770000,720
2026-05-23T04:27:11.1180000,720
2026-05-23T04:27:12.1580000,716
2026-05-23T04:27:13.2100000,742
2026-05-23T04:27:14.2500000,715
2026-05-23T04:27:15.2910000,717
2026-05-23T04:27:16.3320000,731
2026-05-23T04:27:17.3730000,724
2026-05-23T04:27:18.4170000,725
2026-05-23T04:27:19.4570000,721
2026-05-23T04:27:20.4980000,724
2026-05-23T04:27:21.5390000,721
2026-05-23T04:27:22.5800000,715
2026-05-23T04:27:23.6200000,714
2026-05-23T04:27:24.6610000,706
2026-05-23T04:27:25.7020000,714
2026-05-23T04:27:26.7530000,726
2026-05-23T04:27:27.7940000,713
2026-05-23T04:27:28.8350000,716
2026-05-23T04:27:29.8760000,722
2026-05-23T04:27:30.9160000,727
2026-05-23T04:27:31.9570000,721
2026-05-23T04:27:33.0010000,720
2026-05-23T04:27:34.0420000,733
2026-05-23T04:27:35.0830000,726
2026-05-23T04:27:36.1240000,723
2026-05-23T04:27:37.1640000,733
2026-05-23T04:27:38.2050000,725
2026-05-23T04:27:39.2460000,721
2026-05-23T04:27:40.2870000,715
2026-05-23T04:27:41.3380000,719
2026-05-23T04:27:42.3790000,726
2026-05-23T04:27:43.4190000,715
2026-05-23T04:27:44.4600000,722
2026-05-23T04:27:45.5010000,715
2026-05-23T04:27:46.5450000,721
2026-05-23T04:27:47.5860000,733
2026-05-23T04:27:48.6260000,715
2026-05-23T04:27:49.6670000,725
2026-05-23T04:27:50.7080000,725
2026-05-23T04:27:51.7490000,714
2026-05-23T04:27:52.7900000,734
2026-05-23T04:27:53.8310000,702
2026-05-23T04:27:54.8820000,713
2026-05-23T04:27:55.9230000,714
2026-05-23T04:27:56.9630000,705
2026-05-23T04:27:58.0040000,738
2026-05-23T04:27:59.0450000,720
2026-05-23T04:28:00.0860000,736
2026-05-23T04:28:01.1300000,740
2026-05-23T04:28:02.1710000,731
2026-05-23T04:28:03.2120000,729
2026-05-23T04:28:04.2520000,715
2026-05-23T04:28:05.2930000,727
2026-05-23T04:28:06.3340000,722
2026-05-23T04:28:07.3740000,750
2026-05-23T04:28:08.4260000,751
2026-05-23T04:28:09.4670000,712
2026-05-23T04:28:10.5070000,738
2026-05-23T04:28:11.5480000,744
2026-05-23T04:28:12.5890000,745
2026-05-23T04:28:13.6300000,737
2026-05-23T04:28:14.6740000,748
2026-05-23T04:28:15.7150000,748
2026-05-23T04:28:16.7550000,736
2026-05-23T04:28:17.7960000,742
2026-05-23T04:28:18.8370000,749
2026-05-23T04:28:19.8780000,747
2026-05-23T04:28:20.9190000,735
2026-05-23T04:28:21.9590000,742
2026-05-23T04:28:23.0000000,744
2026-05-23T04:28:24.0520000,768
2026-05-23T04:28:25.0920000,755
2026-05-23T04:28:26.1330000,745
2026-05-23T04:28:27.1740000,750
2026-05-23T04:28:28.2150000,745
2026-05-23T04:28:29.2550000,750
2026-05-23T04:28:30.2960000,743
2026-05-23T04:28:31.3370000,764
2026-05-23T04:28:32.3780000,744
2026-05-23T04:28:33.4180000,748
2026-05-23T04:28:34.4700000,754
2026-05-23T04:28:35.5100000,753
2026-05-23T04:28:36.5510000,752
2026-05-23T04:28:37.5920000,744
2026-05-23T04:28:38.6320000,763
2026-05-23T04:28:39.6730000,757
2026-05-23T04:28:40.7140000,748
2026-05-23T04:28:41.7550000,753
2026-05-23T04:28:42.7990000,747
2026-05-23T04:28:43.8400000,765
2026-05-23T04:28:44.8810000,749
2026-05-23T04:28:45.9210000,742
2026-05-23T04:28:46.9620000,749
2026-05-23T04:28:48.0030000,766
2026-05-23T04:28:49.0540000,758
2026-05-23T04:28:50.0950000,753
2026-05-23T04:28:51.1360000,746
2026-05-23T04:28:52.1770000,761
2026-05-23T04:28:53.2170000,745
2026-05-23T04:28:54.2580000,760
2026-05-23T04:28:55.2990000,751
2026-05-23T04:28:56.3430000,748
2026-05-23T04:28:57.3840000,772
2026-05-23T04:28:58.4240000,756
2026-05-23T04:28:59.4650000,759
2026-05-23T04:29:00.5060000,761
2026-05-23T04:29:01.5460000,761
2026-05-23T04:29:02.5980000,760
2026-05-23T04:29:03.6380000,752
2026-05-23T04:29:04.6790000,761
2026-05-23T04:29:05.7200000,762
2026-05-23T04:29:06.7610000,747
2026-05-23T04:29:07.8010000,751
2026-05-23T04:29:08.8420000,753
2026-05-23T04:29:09.8830000,756
2026-05-23T04:29:10.9310000,753
2026-05-23T04:29:11.9720000,751
2026-05-23T04:29:13.0120000,753
2026-05-23T04:29:14.0530000,742
2026-05-23T04:29:15.0940000,756
2026-05-23T04:29:16.1350000,757
2026-05-23T04:29:17.1750000,748
2026-05-23T04:29:18.2160000,744
2026-05-23T04:29:19.2570000,744
2026-05-23T04:29:20.3080000,749
2026-05-23T04:29:21.3490000,752
2026-05-23T04:29:22.3890000,748
2026-05-23T04:29:23.4300000,741
2026-05-23T04:29:24.4740000,751
2026-05-23T04:29:25.5150000,754
2026-05-23T04:29:26.5560000,742
2026-05-23T04:29:27.5970000,732
2026-05-23T04:29:28.6370000,752
2026-05-23T04:29:29.6790000,745
2026-05-23T04:29:30.7190000,749
2026-05-23T04:29:31.7600000,745
2026-05-23T04:29:32.8010000,743
2026-05-23T04:29:33.8520000,730
2026-05-23T04:29:34.8930000,748
2026-05-23T04:29:35.9340000,745
2026-05-23T04:29:36.9740000,752
2026-05-23T04:29:38.0150000,743
2026-05-23T04:29:39.0590000,758
2026-05-23T04:29:40.1000000,755
2026-05-23T04:29:41.1410000,741
2026-05-23T04:29:42.1810000,752
2026-05-23T04:29:43.2220000,759
2026-05-23T04:29:44.2630000,772
2026-05-23T04:29:45.3040000,755
2026-05-23T04:29:46.3440000,757
2026-05-23T04:29:47.3950000,763
2026-05-23T04:29:48.4360000,742
2026-05-23T04:29:49.4770000,754
2026-05-23T04:29:50.5180000,754
2026-05-23T04:29:51.5590000,744
2026-05-23T04:29:52.6030000,748
2026-05-23T04:29:53.6440000,738
2026-05-23T04:29:54.6840000,760
2026-05-23T04:29:55.7250000,758
2026-05-23T04:29:56.7660000,751
2026-05-23T04:29:57.8070000,745
2026-05-23T04:29:58.8470000,766
2026-05-23T04:29:59.8890000,757
2026-05-23T04:30:00.9400000,752
2026-05-23T04:30:01.9810000,760
2026-05-23T04:30:03.0210000,761
2026-05-23T04:30:04.0620000,738
2026-05-23T04:30:05.1030000,755
2026-05-23T04:30:06.1430000,759
2026-05-23T04:30:07.1840000,762
2026-05-23T04:30:08.2250000,761
2026-05-23T04:30:09.2650000,752
2026-05-23T04:30:10.3060000,745
2026-05-23T04:30:11.3570000,742
2026-05-23T04:30:12.3980000,735
2026-05-23T04:30:13.4390000,769
2026-05-23T04:30:14.4790000,749
2026-05-23T04:30:15.5200000,745
2026-05-23T04:30:16.5610000,741
2026-05-23T04:30:17.6020000,731
2026-05-23T04:30:18.6420000,748
2026-05-23T04:30:19.6830000,743
2026-05-23T04:30:20.7270000,740
2026-05-23T04:30:21.7680000,737
2026-05-23T04:30:22.8090000,753
2026-05-23T04:30:23.8500000,757
2026-05-23T04:30:24.9010000,742
2026-05-23T04:30:25.9420000,737
2026-05-23T04:30:26.9820000,746
2026-05-23T04:30:28.0230000,755
2026-05-23T04:30:29.0640000,758
2026-05-23T04:30:30.1050000,732
2026-05-23T04:30:31.1450000,750
2026-05-23T04:30:32.1860000,752
2026-05-23T04:30:33.2270000,738
2026-05-23T04:30:34.2780000,760
2026-05-23T04:30:35.3180000,741
2026-05-23T04:30:36.3590000,753
2026-05-23T04:30:37.4000000,731
2026-05-23T04:30:38.4410000,754
2026-05-23T04:30:39.4810000,759
2026-05-23T04:30:40.5220000,745
2026-05-23T04:30:41.5630000,751
2026-05-23T04:30:42.6040000,740
2026-05-23T04:30:43.6450000,750
2026-05-23T04:30:44.6960000,763
2026-05-23T04:30:45.7370000,743
2026-05-23T04:30:46.7780000,749
2026-05-23T04:30:47.8180000,748
2026-05-23T04:30:48.8630000,747
2026-05-23T04:30:49.9030000,749
2026-05-23T04:30:50.9440000,737
2026-05-23T04:30:51.9850000,739
2026-05-23T04:30:53.0260000,734
2026-05-23T04:30:54.0660000,740
2026-05-23T04:30:55.1070000,738
2026-05-23T04:30:56.1480000,738
2026-05-23T04:30:57.1880000,731
2026-05-23T04:30:58.2400000,743
2026-05-23T04:30:59.2800000,743
2026-05-23T04:31:00.3210000,736
2026-05-23T04:31:01.3620000,743
2026-05-23T04:31:02.4060000,741
2026-05-23T04:31:03.4470000,728
2026-05-23T04:31:04.4870000,732
2026-05-23T04:31:05.5280000,739
2026-05-23T04:31:06.5690000,718
2026-05-23T04:31:07.6100000,735
2026-05-23T04:31:08.6500000,740
2026-05-23T04:31:09.6910000,736
2026-05-23T04:31:10.7320000,736
2026-05-23T04:31:11.7830000,712
2026-05-23T04:31:12.8240000,743
2026-05-23T04:31:13.8650000,707
2026-05-23T04:31:14.9050000,736
2026-05-23T04:31:15.9460000,738
2026-05-23T04:31:16.9870000,718
2026-05-23T04:31:18.0280000,748
2026-05-23T04:31:19.0680000,709
2026-05-23T04:31:20.1090000,732
2026-05-23T04:31:21.1600000,733
2026-05-23T04:31:22.2010000,738
2026-05-23T04:31:23.2420000,749
2026-05-23T04:31:24.2820000,727
2026-05-23T04:31:25.3230000,747
2026-05-23T04:31:26.3640000,756
2026-05-23T04:31:27.4050000,734
2026-05-23T04:31:28.4450000,766
2026-05-23T04:31:29.4860000,750
2026-05-23T04:31:30.5340000,749
2026-05-23T04:31:31.5740000,759
2026-05-23T04:31:32.6150000,747
2026-05-23T04:31:33.6560000,759
2026-05-23T04:31:34.6970000,746
2026-05-23T04:31:35.7380000,754
2026-05-23T04:31:36.7780000,743
2026-05-23T04:31:37.8300000,741
2026-05-23T04:31:38.8700000,737
2026-05-23T04:31:39.9110000,735
2026-05-23T04:31:40.9520000,727
2026-05-23T04:31:41.9930000,739
2026-05-23T04:31:43.0340000,727
2026-05-23T04:31:44.0780000,732
2026-05-23T04:31:45.1190000,713
2026-05-23T04:31:46.1590000,738
2026-05-23T04:31:47.2000000,731
2026-05-23T04:31:48.2410000,717
2026-05-23T04:31:49.2810000,751
2026-05-23T04:31:50.3220000,734
2026-05-23T04:31:51.3730000,732
2026-05-23T04:31:52.4140000,738
2026-05-23T04:31:53.4550000,726
2026-05-23T04:31:54.4960000,718
2026-05-23T04:31:55.5360000,724
2026-05-23T04:31:56.5770000,716
2026-05-23T04:31:57.6180000,726
2026-05-23T04:31:58.6660000,707
2026-05-23T04:31:59.7070000,730
2026-05-23T04:32:00.7470000,729
2026-05-23T04:32:01.7880000,729
2026-05-23T04:32:02.8290000,724
2026-05-23T04:32:03.8700000,723
2026-05-23T04:32:04.9100000,728
2026-05-23T04:32:05.9510000,727
2026-05-23T04:32:06.9920000,726
2026-05-23T04:32:08.0430000,726
2026-05-23T04:32:09.0840000,715
2026-05-23T04:32:10.1250000,729
2026-05-23T04:32:11.1650000,720
2026-05-23T04:32:12.2100000,739
2026-05-23T04:32:13.2500000,735
2026-05-23T04:32:14.2910000,710
2026-05-23T04:32:15.3320000,724
2026-05-23T04:32:16.3730000,731
2026-05-23T04:32:17.4130000,730
2026-05-23T04:32:18.4540000,723
2026-05-23T04:32:19.4950000,734
2026-05-23T04:32:20.5360000,728
2026-05-23T04:32:21.5770000,723
2026-05-23T04:32:22.6280000,725
2026-05-23T04:32:23.6690000,729
2026-05-23T04:32:24.7090000,717
2026-05-23T04:32:25.7500000,728
2026-05-23T04:32:26.7870000,731
2026-05-23T04:32:27.8280000,721
2026-05-23T04:32:28.8790000,727
2026-05-23T04:32:29.9200000,727
2026-05-23T04:32:30.9610000,718
2026-05-23T04:32:32.0010000,722
2026-05-23T04:32:33.0420000,719
2026-05-23T04:32:34.0830000,718
2026-05-23T04:32:35.1230000,727
2026-05-23T04:32:36.1640000,702
2026-05-23T04:32:37.2050000,717
2026-05-23T04:32:38.2450000,726
2026-05-23T04:32:39.2970000,735
2026-05-23T04:32:40.3300000,716
2026-05-23T04:32:41.3710000,731
2026-05-23T04:32:42.4220000,724
2026-05-23T04:32:43.4630000,723
2026-05-23T04:32:44.5040000,727
2026-05-23T04:32:45.5450000,709
2026-05-23T04:32:46.5860000,733
2026-05-23T04:32:47.6260000,737
2026-05-23T04:32:48.6670000,724
2026-05-23T04:32:49.7080000,727
2026-05-23T04:32:50.7490000,728
2026-05-23T04:32:51.7900000,745
2026-05-23T04:32:52.8300000,732
2026-05-23T04:32:53.8820000,735
2026-05-23T04:32:54.9220000,740
2026-05-23T04:32:55.9630000,742
2026-05-23T04:32:57.0040000,724
2026-05-23T04:32:58.0450000,734
2026-05-23T04:32:59.0850000,722
2026-05-23T04:33:00.1260000,736
2026-05-23T04:33:01.1670000,738
2026-05-23T04:33:02.2080000,734
2026-05-23T04:33:03.2490000,740
2026-05-23T04:33:04.3000000,719
2026-05-23T04:33:05.3410000,746
2026-05-23T04:33:06.3820000,734
2026-05-23T04:33:07.4220000,754
2026-05-23T04:33:08.4630000,736
2026-05-23T04:33:09.5040000,733
2026-05-23T04:33:10.5450000,753
2026-05-23T04:33:11.5860000,736
2026-05-23T04:33:12.6270000,744
2026-05-23T04:33:13.6670000,746
2026-05-23T04:33:14.7190000,741
2026-05-23T04:33:15.7590000,741
2026-05-23T04:33:16.8000000,742
2026-05-23T04:33:17.8410000,743
2026-05-23T04:33:18.8820000,752
2026-05-23T04:33:19.9220000,765
2026-05-23T04:33:20.9630000,751
2026-05-23T04:33:22.0070000,743
2026-05-23T04:33:23.0480000,746
2026-05-23T04:33:24.0890000,743
2026-05-23T04:33:25.1300000,763
2026-05-23T04:33:26.1700000,760
2026-05-23T04:33:27.2110000,752
2026-05-23T04:33:28.2620000,744
2026-05-23T04:33:29.3030000,754
2026-05-23T04:33:30.3440000,739
2026-05-23T04:33:31.3850000,759
2026-05-23T04:33:32.4260000,739
2026-05-23T04:33:33.4660000,758
2026-05-23T04:33:34.5070000,763
2026-05-23T04:33:35.5480000,743
2026-05-23T04:33:36.5960000,759
2026-05-23T04:33:37.6360000,755
2026-05-23T04:33:38.6770000,750
2026-05-23T04:33:39.7180000,752
2026-05-23T04:33:40.7590000,755
2026-05-23T04:33:41.7990000,745
2026-05-23T04:33:42.8400000,755
2026-05-23T04:33:43.8810000,772
2026-05-23T04:33:44.9320000,747
2026-05-23T04:33:45.9730000,743
2026-05-23T04:33:47.0130000,753
2026-05-23T04:33:48.0540000,733
2026-05-23T04:33:49.0950000,756
2026-05-23T04:33:50.1400000,737
2026-05-23T04:33:51.1800000,739
2026-05-23T04:33:52.2210000,741
2026-05-23T04:33:53.2620000,738
2026-05-23T04:33:54.3030000,746
2026-05-23T04:33:55.3440000,747
2026-05-23T04:33:56.3840000,733
2026-05-23T04:33:57.4250000,740
2026-05-23T04:33:58.4660000,734
2026-05-23T04:33:59.5170000,745
2026-05-23T04:34:00.5580000,747
2026-05-23T04:34:01.5990000,758
2026-05-23T04:34:02.6390000,759
2026-05-23T04:34:03.6800000,743
2026-05-23T04:34:04.7170000,755
2026-05-23T04:34:05.7690000,733
2026-05-23T04:34:06.8090000,749
2026-05-23T04:34:07.8500000,750
2026-05-23T04:34:08.8910000,740
2026-05-23T04:34:09.9310000,737
2026-05-23T04:34:10.9720000,723
2026-05-23T04:34:12.0130000,756
2026-05-23T04:34:13.0530000,750
2026-05-23T04:34:14.0940000,753
2026-05-23T04:34:15.1350000,749
2026-05-23T04:34:16.1860000,757
2026-05-23T04:34:17.2270000,762
2026-05-23T04:34:18.2610000,750
2026-05-23T04:34:19.3120000,759
2026-05-23T04:34:20.3530000,752
2026-05-23T04:34:21.3940000,759
2026-05-23T04:34:22.4340000,755
2026-05-23T04:34:23.4750000,757
2026-05-23T04:34:24.5160000,753
2026-05-23T04:34:25.5570000,749
2026-05-23T04:34:26.5970000,751
2026-05-23T04:34:27.6380000,754
2026-05-23T04:34:28.6790000,753
2026-05-23T04:34:29.7300000,749
2026-05-23T04:34:30.7710000,750
2026-05-23T04:34:31.8120000,750
2026-05-23T04:34:32.8490000,748
2026-05-23T04:34:33.8890000,750
2026-05-23T04:34:34.9300000,753
2026-05-23T04:34:35.9710000,742
2026-05-23T04:34:37.0220000,744
2026-05-23T04:34:38.0630000,753
2026-05-23T04:34:39.1040000,748
2026-05-23T04:34:40.1440000,735
2026-05-23T04:34:41.1850000,755
2026-05-23T04:34:42.2260000,770
2026-05-23T04:34:43.2670000,745
2026-05-23T04:34:44.3080000,762
2026-05-23T04:34:45.3480000,750
2026-05-23T04:34:46.3930000,783
2026-05-23T04:34:47.4330000,754
2026-05-23T04:34:48.4740000,758
2026-05-23T04:34:49.5150000,761
2026-05-23T04:34:50.5560000,752
2026-05-23T04:34:51.6070000,739
2026-05-23T04:34:52.6470000,746
2026-05-23T04:34:53.6880000,749
2026-05-23T04:34:54.7290000,745
2026-05-23T04:34:55.7700000,748
2026-05-23T04:34:56.8100000,739
2026-05-23T04:34:57.8510000,751
2026-05-23T04:34:58.8920000,753
2026-05-23T04:34:59.9330000,757
2026-05-23T04:35:00.9800000,738
2026-05-23T04:35:02.0210000,742
2026-05-23T04:35:03.0620000,740
2026-05-23T04:35:04.1030000,740
2026-05-23T04:35:05.1430000,754
2026-05-23T04:35:06.1840000,755
2026-05-23T04:35:07.2250000,746
2026-05-23T04:35:08.2660000,744
2026-05-23T04:35:09.3170000,737
2026-05-23T04:35:10.3580000,750
2026-05-23T04:35:11.3980000,733
2026-05-23T04:35:12.4390000,756
2026-05-23T04:35:13.4800000,740
2026-05-23T04:35:14.5210000,719
2026-05-23T04:35:15.5610000,743
2026-05-23T04:35:16.6020000,736
2026-05-23T04:35:17.6430000,726
2026-05-23T04:35:18.6940000,720
2026-05-23T04:35:19.7350000,746
2026-05-23T04:35:20.7760000,737
2026-05-23T04:35:21.8160000,739
2026-05-23T04:35:22.8570000,739
2026-05-23T04:35:23.8980000,736
2026-05-23T04:35:24.9390000,738
2026-05-23T04:35:25.9790000,747
2026-05-23T04:35:27.0200000,729
2026-05-23T04:35:28.0650000,729
2026-05-23T04:35:29.1050000,733
2026-05-23T04:35:30.1460000,755
2026-05-23T04:35:31.1870000,728
2026-05-23T04:35:32.2280000,727
2026-05-23T04:35:33.2790000,726
2026-05-23T04:35:34.3200000,704
2026-05-23T04:35:35.3610000,723
2026-05-23T04:35:36.4010000,729
2026-05-23T04:35:37.4420000,723
2026-05-23T04:35:38.4830000,723
2026-05-23T04:35:39.5240000,733
2026-05-23T04:35:40.5640000,734
2026-05-23T04:35:41.6050000,731
2026-05-23T04:35:42.6530000,727
2026-05-23T04:35:43.6930000,740
2026-05-23T04:35:44.7340000,728
2026-05-23T04:35:45.7750000,736
2026-05-23T04:35:46.8160000,734
2026-05-23T04:35:47.8560000,729
2026-05-23T04:35:48.8970000,732
2026-05-23T04:35:49.9380000,717
2026-05-23T04:35:50.9900000,715
2026-05-23T04:35:52.0300000,733
2026-05-23T04:35:53.0710000,712
2026-05-23T04:35:54.1120000,723
2026-05-23T04:35:55.1530000,725
2026-05-23T04:35:56.1970000,729
2026-05-23T04:35:57.2380000,739
2026-05-23T04:35:58.2780000,715
2026-05-23T04:35:59.3190000,730
2026-05-23T04:36:00.3600000,731
2026-05-23T04:36:01.4010000,722
2026-05-23T04:36:02.4410000,722
2026-05-23T04:36:03.4820000,725
2026-05-23T04:36:04.5230000,721
2026-05-23T04:36:05.5740000,723
2026-05-23T04:36:06.6150000,714
2026-05-23T04:36:07.6550000,730
2026-05-23T04:36:08.6960000,719
2026-05-23T04:36:09.7370000,710
2026-05-23T04:36:10.7810000,723
2026-05-23T04:36:11.8220000,724
2026-05-23T04:36:12.8630000,710
2026-05-23T04:36:13.9040000,709
2026-05-23T04:36:14.9440000,719
2026-05-23T04:36:15.9850000,710
2026-05-23T04:36:17.0260000,710
2026-05-23T04:36:18.0670000,733
2026-05-23T04:36:19.1070000,714
2026-05-23T04:36:20.1480000,711
2026-05-23T04:36:21.2000000,716
2026-05-23T04:36:22.2400000,727
2026-05-23T04:36:23.2810000,733
2026-05-23T04:36:24.3260000,726
2026-05-23T04:36:25.3660000,715
2026-05-23T04:36:26.4070000,707
2026-05-23T04:36:27.4480000,730
2026-05-23T04:36:28.4880000,722
2026-05-23T04:36:29.5290000,727
2026-05-23T04:36:30.5700000,725
2026-05-23T04:36:31.6100000,730
2026-05-23T04:36:32.6510000,715
2026-05-23T04:36:33.6920000,737
2026-05-23T04:36:34.7430000,728
2026-05-23T04:36:35.7840000,708
2026-05-23T04:36:36.8240000,719
2026-05-23T04:36:37.8650000,718
2026-05-23T04:36:38.9100000,726
2026-05-23T04:36:39.9510000,720
2026-05-23T04:36:40.9910000,711
2026-05-23T04:36:42.0320000,719
2026-05-23T04:36:43.0730000,718
2026-05-23T04:36:44.1140000,732
2026-05-23T04:36:45.1540000,712
2026-05-23T04:36:46.1950000,740
2026-05-23T04:36:47.2360000,719
2026-05-23T04:36:48.2770000,722
2026-05-23T04:36:49.3280000,725
2026-05-23T04:36:50.3690000,711
2026-05-23T04:36:51.4090000,726
2026-05-23T04:36:52.4430000,726
2026-05-23T04:36:53.4940000,729
2026-05-23T04:36:54.5350000,735
2026-05-23T04:36:55.5760000,736
2026-05-23T04:36:56.6170000,738
2026-05-23T04:36:57.6570000,748
2026-05-23T04:36:58.6980000,741
2026-05-23T04:36:59.7380000,751
2026-05-23T04:37:00.7790000,718
2026-05-23T04:37:01.8200000,733
2026-05-23T04:37:02.8610000,740
2026-05-23T04:37:03.9120000,742
2026-05-23T04:37:04.9530000,742
2026-05-23T04:37:05.9870000,745
2026-05-23T04:37:07.0380000,742
2026-05-23T04:37:08.0790000,744
2026-05-23T04:37:09.1200000,742
2026-05-23T04:37:10.1610000,747
2026-05-23T04:37:11.2010000,743
2026-05-23T04:37:12.2420000,754
2026-05-23T04:37:13.2830000,742
2026-05-23T04:37:14.3240000,747
2026-05-23T04:37:15.3640000,757
2026-05-23T04:37:16.4050000,743
2026-05-23T04:37:17.4460000,736
2026-05-23T04:37:18.4970000,758
2026-05-23T04:37:19.5380000,757
2026-05-23T04:37:20.5710000,748
2026-05-23T04:37:21.6230000,748
2026-05-23T04:37:22.6630000,759
2026-05-23T04:37:23.7040000,755
2026-05-23T04:37:24.7450000,748
2026-05-23T04:37:25.7850000,748
2026-05-23T04:37:26.8260000,759
2026-05-23T04:37:27.8670000,739
2026-05-23T04:37:28.9080000,749
2026-05-23T04:37:29.9490000,752
2026-05-23T04:37:30.9890000,754
2026-05-23T04:37:32.0410000,762
2026-05-23T04:37:33.0820000,745
2026-05-23T04:37:34.1150000,744
2026-05-23T04:37:35.1560000,758
2026-05-23T04:37:36.2070000,770
2026-05-23T04:37:37.2480000,751
2026-05-23T04:37:38.2890000,759
2026-05-23T04:37:39.3300000,744
2026-05-23T04:37:40.3710000,759
2026-05-23T04:37:41.4110000,772
2026-05-23T04:37:42.4520000,757
2026-05-23T04:37:43.4930000,756
2026-05-23T04:37:44.5330000,752
2026-05-23T04:37:45.5740000,744
2026-05-23T04:37:46.6150000,772
2026-05-23T04:37:47.6550000,751
2026-05-23T04:37:48.7000000,758
2026-05-23T04:37:49.7400000,731
2026-05-23T04:37:50.7810000,739
2026-05-23T04:37:51.8320000,760
2026-05-23T04:37:52.8730000,752
2026-05-23T04:37:53.9140000,747
2026-05-23T04:37:54.9550000,737
2026-05-23T04:37:55.9950000,762
2026-05-23T04:37:57.0360000,756
2026-05-23T04:37:58.0770000,758
2026-05-23T04:37:59.1180000,754
2026-05-23T04:38:00.1590000,738
2026-05-23T04:38:01.2000000,768
2026-05-23T04:38:02.2400000,750
2026-05-23T04:38:03.2920000,744
2026-05-23T04:38:04.3320000,780
2026-05-23T04:38:05.3730000,756
2026-05-23T04:38:06.4140000,762
2026-05-23T04:38:07.4550000,749
2026-05-23T04:38:08.4950000,741
2026-05-23T04:38:09.5360000,747
2026-05-23T04:38:10.5770000,744
2026-05-23T04:38:11.6170000,745
2026-05-23T04:38:12.6580000,760
2026-05-23T04:38:13.6990000,744
2026-05-23T04:38:14.7500000,768
2026-05-23T04:38:15.7910000,756
2026-05-23T04:38:16.8250000,744
2026-05-23T04:38:17.8760000,753
2026-05-23T04:38:18.9170000,736
2026-05-23T04:38:19.9580000,747
2026-05-23T04:38:20.9980000,740
2026-05-23T04:38:22.0390000,752
2026-05-23T04:38:23.0800000,747
2026-05-23T04:38:24.1210000,731
2026-05-23T04:38:25.1620000,724
2026-05-23T04:38:26.2020000,739
2026-05-23T04:38:27.2430000,751
2026-05-23T04:38:28.2840000,752
2026-05-23T04:38:29.3350000,752
2026-05-23T04:38:30.3760000,756
2026-05-23T04:38:31.4160000,731
2026-05-23T04:38:32.4570000,728
2026-05-23T04:38:33.4980000,746
2026-05-23T04:38:34.5390000,746
2026-05-23T04:38:35.5790000,744
2026-05-23T04:38:36.6200000,748
2026-05-23T04:38:37.6610000,743
2026-05-23T04:38:38.7020000,754
2026-05-23T04:38:39.7430000,743
2026-05-23T04:38:40.7940000,728
2026-05-23T04:38:41.8350000,744
2026-05-23T04:38:42.8750000,734
2026-05-23T04:38:43.9090000,747
2026-05-23T04:38:44.9600000,734
2026-05-23T04:38:46.0010000,760
2026-05-23T04:38:47.0420000,744
2026-05-23T04:38:48.0820000,744
2026-05-23T04:38:49.1230000,741
2026-05-23T04:38:50.1640000,737
2026-05-23T04:38:51.2050000,736
2026-05-23T04:38:52.2460000,723
2026-05-23T04:38:53.2860000,718
2026-05-23T04:38:54.3270000,744
2026-05-23T04:38:55.3780000,734
2026-05-23T04:38:56.4190000,745
2026-05-23T04:38:57.4600000,735
2026-05-23T04:38:58.4940000,730
2026-05-23T04:38:59.5450000,737
2026-05-23T04:39:00.5860000,744
2026-05-23T04:39:01.6260000,726
2026-05-23T04:39:02.6670000,733
2026-05-23T04:39:03.7080000,741
2026-05-23T04:39:04.7490000,751
2026-05-23T04:39:05.7890000,743
2026-05-23T04:39:06.8300000,738
2026-05-23T04:39:07.8710000,741
2026-05-23T04:39:08.9120000,732
2026-05-23T04:39:09.9530000,751
2026-05-23T04:39:11.0040000,737
2026-05-23T04:39:12.0450000,728
2026-05-23T04:39:13.0850000,726
2026-05-23T04:39:14.1260000,740
2026-05-23T04:39:15.1670000,753
2026-05-23T04:39:16.2080000,731
2026-05-23T04:39:17.2480000,746
2026-05-23T04:39:18.2890000,728
2026-05-23T04:39:19.3300000,743
2026-05-23T04:39:20.3810000,744
2026-05-23T04:39:21.4220000,739
2026-05-23T04:39:22.4630000,758
2026-05-23T04:39:23.5030000,743
2026-05-23T04:39:24.5440000,724
2026-05-23T04:39:25.5850000,760
2026-05-23T04:39:26.6290000,746
2026-05-23T04:39:27.6700000,751
2026-05-23T04:39:28.7100000,749
2026-05-23T04:39:29.7510000,747
2026-05-23T04:39:30.7920000,761
2026-05-23T04:39:31.8330000,757
2026-05-23T04:39:32.8740000,756
2026-05-23T04:39:33.9140000,755
2026-05-23T04:39:34.9550000,755
2026-05-23T04:39:36.0070000,746
2026-05-23T04:39:37.0470000,742
2026-05-23T04:39:38.0880000,750
2026-05-23T04:39:39.1290000,762
2026-05-23T04:39:40.1700000,751
2026-05-23T04:39:41.2100000,769
2026-05-23T04:39:42.2510000,744
2026-05-23T04:39:43.2920000,764
2026-05-23T04:39:44.3320000,764
2026-05-23T04:39:45.3730000,748
2026-05-23T04:39:46.4250000,769
2026-05-23T04:39:47.4650000,749
2026-05-23T04:39:48.5060000,758
2026-05-23T04:39:49.5460000,756
2026-05-23T04:39:50.5870000,750
2026-05-23T04:39:51.6280000,762
2026-05-23T04:39:52.6690000,756
2026-05-23T04:39:53.7100000,762
2026-05-23T04:39:54.7570000,753
2026-05-23T04:39:55.7980000,763
2026-05-23T04:39:56.8390000,765
2026-05-23T04:39:57.8800000,740
2026-05-23T04:39:58.9200000,765
2026-05-23T04:39:59.9610000,762
2026-05-23T04:40:01.0020000,755
2026-05-23T04:40:02.0430000,757
2026-05-23T04:40:03.0940000,733
2026-05-23T04:40:04.1350000,744
2026-05-23T04:40:05.1750000,755
2026-05-23T04:40:06.2160000,746
2026-05-23T04:40:07.2570000,770
2026-05-23T04:40:08.3010000,752
2026-05-23T04:40:09.3420000,743
2026-05-23T04:40:10.3830000,754
2026-05-23T04:40:11.4230000,753
2026-05-23T04:40:12.4640000,754
2026-05-23T04:40:13.5050000,745
2026-05-23T04:40:14.5460000,740
2026-05-23T04:40:15.5860000,740
2026-05-23T04:40:16.6380000,743
2026-05-23T04:40:17.6790000,761
2026-05-23T04:40:18.7190000,736
2026-05-23T04:40:19.7600000,745
2026-05-23T04:40:20.8010000,756
2026-05-23T04:40:21.8420000,738
2026-05-23T04:40:22.8830000,750
2026-05-23T04:40:23.9230000,746
2026-05-23T04:40:24.9640000,760
2026-05-23T04:40:26.0050000,738
2026-05-23T04:40:27.0560000,742
2026-05-23T04:40:28.0970000,744
2026-05-23T04:40:29.1380000,739
2026-05-23T04:40:30.1790000,745
2026-05-23T04:40:31.2190000,747
2026-05-23T04:40:32.2600000,735
2026-05-23T04:40:33.3010000,742
2026-05-23T04:40:34.3420000,731
2026-05-23T04:40:35.3820000,746
2026-05-23T04:40:36.4260000,742
2026-05-23T04:40:37.4670000,727
2026-05-23T04:40:38.5080000,735
2026-05-23T04:40:39.5490000,728
2026-05-23T04:40:40.5890000,730
2026-05-23T04:40:41.6410000,729
2026-05-23T04:40:42.6810000,730
2026-05-23T04:40:43.7220000,746
2026-05-23T04:40:44.7630000,733
2026-05-23T04:40:45.8040000,730
2026-05-23T04:40:46.8450000,745
2026-05-23T04:40:47.8860000,735
2026-05-23T04:40:48.9260000,750
2026-05-23T04:40:49.9710000,739
2026-05-23T04:40:51.0110000,734
2026-05-23T04:40:52.0520000,737
2026-05-23T04:40:53.0930000,727
2026-05-23T04:40:54.1440000,742
2026-05-23T04:40:55.1850000,741
2026-05-23T04:40:56.2250000,733
2026-05-23T04:40:57.2660000,732
2026-05-23T04:40:58.3070000,728
2026-05-23T04:40:59.3470000,744
2026-05-23T04:41:00.3880000,741
2026-05-23T04:41:01.4290000,737
2026-05-23T04:41:02.4700000,727
2026-05-23T04:41:03.5210000,734
2026-05-23T04:41:04.5580000,742
2026-05-23T04:41:05.5990000,734
2026-05-23T04:41:06.6400000,744
2026-05-23T04:41:07.6810000,733
2026-05-23T04:41:08.7210000,735
2026-05-23T04:41:09.7730000,733
2026-05-23T04:41:10.8130000,719
2026-05-23T04:41:11.8540000,751
2026-05-23T04:41:12.8950000,740
2026-05-23T04:41:13.9360000,739
2026-05-23T04:41:14.9770000,743
2026-05-23T04:41:16.0170000,753
2026-05-23T04:41:17.0580000,736
2026-05-23T04:41:18.0990000,734
2026-05-23T04:41:19.1400000,724
2026-05-23T04:41:20.1810000,731
2026-05-23T04:41:21.2320000,719
2026-05-23T04:41:22.2720000,752
2026-05-23T04:41:23.3130000,720
2026-05-23T04:41:24.3540000,741
2026-05-23T04:41:25.3950000,746
2026-05-23T04:41:26.4360000,740
2026-05-23T04:41:27.4760000,727
2026-05-23T04:41:28.5170000,733
2026-05-23T04:41:29.5580000,721
2026-05-23T04:41:30.6090000,737
2026-05-23T04:41:31.6430000,738
2026-05-23T04:41:32.6840000,731
2026-05-23T04:41:33.7350000,734
2026-05-23T04:41:34.7760000,746
2026-05-23T04:41:35.8170000,755
2026-05-23T04:41:36.8570000,751
2026-05-23T04:41:37.8980000,737
2026-05-23T04:41:38.9390000,745
2026-05-23T04:41:39.9790000,717
2026-05-23T04:41:41.0200000,745
2026-05-23T04:41:42.0610000,739
2026-05-23T04:41:43.1120000,744
2026-05-23T04:41:44.1530000,746
2026-05-23T04:41:45.1930000,746
2026-05-23T04:41:46.2340000,753
2026-05-23T04:41:47.2750000,743
2026-05-23T04:41:48.3150000,757
2026-05-23T04:41:49.3560000,759
2026-05-23T04:41:50.3970000,741
2026-05-23T04:41:51.4370000,743
2026-05-23T04:41:52.4780000,739
2026-05-23T04:41:53.5300000,741
2026-05-23T04:41:54.5700000,742
2026-05-23T04:41:55.6110000,735
2026-05-23T04:41:56.6520000,751
2026-05-23T04:41:57.6930000,757
2026-05-23T04:41:58.7330000,751
2026-05-23T04:41:59.7780000,755
2026-05-23T04:42:00.8180000,738
2026-05-23T04:42:01.8590000,753
2026-05-23T04:42:02.9000000,751
2026-05-23T04:42:03.9410000,753
2026-05-23T04:42:04.9810000,745
2026-05-23T04:42:06.0330000,759
2026-05-23T04:42:07.0730000,770
2026-05-23T04:42:08.1140000,758
2026-05-23T04:42:09.1550000,752
2026-05-23T04:42:10.1960000,777
2026-05-23T04:42:11.2370000,753
2026-05-23T04:42:12.2770000,767
2026-05-23T04:42:13.3180000,754
2026-05-23T04:42:14.3620000,754
2026-05-23T04:42:16.4440000,761
2026-05-23T04:42:17.4850000,770
2026-05-23T04:42:18.5360000,751
2026-05-23T04:42:19.5760000,739
2026-05-23T04:42:20.6170000,758
2026-05-23T04:42:21.6580000,759
2026-05-23T04:42:22.6990000,770
2026-05-23T04:42:23.7400000,764
2026-05-23T04:42:24.7800000,749
2026-05-23T04:42:25.8210000,763
2026-05-23T04:42:26.8620000,762
2026-05-23T04:42:27.9020000,778
2026-05-23T04:42:28.9540000,762
2026-05-23T04:42:29.9950000,770
2026-05-23T04:42:31.0350000,765
2026-05-23T04:42:32.0760000,750
2026-05-23T04:42:33.1170000,767
2026-05-23T04:42:34.1580000,756
2026-05-23T04:42:35.1980000,758
2026-05-23T04:42:36.2390000,767
2026-05-23T04:42:37.2800000,757
2026-05-23T04:42:38.3310000,761
2026-05-23T04:42:39.3720000,756
2026-05-23T04:42:40.4120000,769
2026-05-23T04:42:41.4460000,759
2026-05-23T04:42:42.4900000,753
2026-05-23T04:42:43.5310000,765
2026-05-23T04:42:44.5720000,765
2026-05-23T04:42:45.6230000,767
2026-05-23T04:42:46.6640000,762
2026-05-23T04:42:47.7050000,756
2026-05-23T04:42:48.7450000,757
2026-05-23T04:42:49.7860000,738
2026-05-23T04:42:50.8270000,768
2026-05-23T04:42:51.8670000,746
2026-05-23T04:42:52.9080000,730
2026-05-23T04:42:53.9490000,754
2026-05-23T04:42:54.9890000,752
2026-05-23T04:42:56.0410000,748
2026-05-23T04:42:57.0810000,755
2026-05-23T04:42:58.1220000,750
2026-05-23T04:42:59.1630000,766
2026-05-23T04:43:00.2030000,748
2026-05-23T04:43:01.2440000,753
2026-05-23T04:43:02.2850000,739
2026-05-23T04:43:03.3260000,775
2026-05-23T04:43:04.3660000,745
2026-05-23T04:43:05.4070000,748
2026-05-23T04:43:06.4480000,754
2026-05-23T04:43:07.4990000,758
2026-05-23T04:43:08.5400000,760
2026-05-23T04:43:09.5740000,754
2026-05-23T04:43:10.6250000,750
2026-05-23T04:43:11.6650000,769
2026-05-23T04:43:12.7060000,744
2026-05-23T04:43:13.7470000,736
2026-05-23T04:43:14.7880000,753
2026-05-23T04:43:15.8280000,752
2026-05-23T04:43:16.8690000,752
2026-05-23T04:43:17.9100000,753
2026-05-23T04:43:18.9510000,763
2026-05-23T04:43:19.9910000,761
2026-05-23T04:43:21.0420000,745
2026-05-23T04:43:22.0830000,778
2026-05-23T04:43:23.1240000,761
2026-05-23T04:43:24.1680000,772
2026-05-23T04:43:25.2090000,768
2026-05-23T04:43:26.2490000,757
2026-05-23T04:43:27.2900000,762
2026-05-23T04:43:28.3310000,766
2026-05-23T04:43:29.3710000,754
2026-05-23T04:43:30.4120000,765
2026-05-23T04:43:31.4530000,770
2026-05-23T04:43:32.4940000,785
2026-05-23T04:43:33.5340000,777
2026-05-23T04:43:34.5860000,754
2026-05-23T04:43:35.6270000,766
2026-05-23T04:43:36.6670000,760
2026-05-23T04:43:37.7110000,759
2026-05-23T04:43:38.7520000,771
2026-05-23T04:43:39.7930000,762
2026-05-23T04:43:40.8330000,760
2026-05-23T04:43:41.8740000,760
2026-05-23T04:43:42.9150000,751
2026-05-23T04:43:43.9560000,752
2026-05-23T04:43:44.9960000,771
2026-05-23T04:43:46.0370000,756
2026-05-23T04:43:47.0780000,754
2026-05-23T04:43:48.1290000,765
2026-05-23T04:43:49.1690000,764
2026-05-23T04:43:50.2110000,749
2026-05-23T04:43:51.2510000,760
2026-05-23T04:43:52.2890000,752
2026-05-23T04:43:53.3300000,784
2026-05-23T04:43:54.3700000,747
2026-05-23T04:43:55.4220000,744
2026-05-23T04:43:56.4620000,767
2026-05-23T04:43:57.5030000,757
2026-05-23T04:43:58.5440000,768
2026-05-23T04:43:59.5850000,773
2026-05-23T04:44:00.6250000,777
2026-05-23T04:44:01.6660000,767
2026-05-23T04:44:02.7070000,772
2026-05-23T04:44:03.7480000,778
2026-05-23T04:44:04.7880000,765
2026-05-23T04:44:05.8320000,757
2026-05-23T04:44:06.8730000,776
2026-05-23T04:44:07.9140000,765
2026-05-23T04:44:08.9650000,764
2026-05-23T04:44:10.0060000,766
2026-05-23T04:44:11.0460000,757
2026-05-23T04:44:12.0870000,760
2026-05-23T04:44:13.1280000,774
2026-05-23T04:44:14.1690000,763
2026-05-23T04:44:15.2090000,772
2026-05-23T04:44:16.2500000,755
2026-05-23T04:44:17.2910000,772
2026-05-23T04:44:18.3420000,754
2026-05-23T04:44:19.3790000,765
2026-05-23T04:44:20.4200000,763
2026-05-23T04:44:21.4610000,754
2026-05-23T04:44:22.5020000,762
2026-05-23T04:44:23.5420000,771
2026-05-23T04:44:24.5830000,773
2026-05-23T04:44:25.6340000,767
2026-05-23T04:44:26.6750000,753
2026-05-23T04:44:27.7160000,768
2026-05-23T04:44:28.7570000,761
2026-05-23T04:44:29.7970000,752
2026-05-23T04:44:30.8380000,771
2026-05-23T04:44:31.8790000,761
2026-05-23T04:44:32.9190000,765
2026-05-23T04:44:33.9640000,752
2026-05-23T04:44:35.0040000,754
2026-05-23T04:44:36.0450000,767
2026-05-23T04:44:37.0860000,770
2026-05-23T04:44:38.1370000,748
2026-05-23T04:44:40.2180000,757
2026-05-23T04:44:41.2590000,767
2026-05-23T04:44:42.3000000,747
2026-05-23T04:44:43.3400000,765
2026-05-23T04:44:44.3810000,742
2026-05-23T04:44:45.4220000,768
2026-05-23T04:44:46.4630000,747
2026-05-23T04:44:47.5110000,747
2026-05-23T04:44:48.5510000,748
2026-05-23T04:44:49.5920000,753
2026-05-23T04:44:50.6330000,751
2026-05-23T04:44:51.6730000,750
2026-05-23T04:44:52.7140000,754
2026-05-23T04:44:53.7650000,751
2026-05-23T04:44:54.8060000,742
2026-05-23T04:44:55.8470000,755
2026-05-23T04:44:56.8870000,738
2026-05-23T04:44:57.9280000,751
2026-05-23T04:44:58.9690000,753
2026-05-23T04:45:00.0090000,746
2026-05-23T04:45:01.0500000,750
2026-05-23T04:45:02.0980000,734
2026-05-23T04:45:03.1390000,729
2026-05-23T04:45:04.1790000,754
2026-05-23T04:45:05.2200000,748
2026-05-23T04:45:06.2610000,734
2026-05-23T04:45:07.3020000,750
2026-05-23T04:45:08.3420000,759
2026-05-23T04:45:09.3830000,768
2026-05-23T04:45:10.4350000,767
2026-05-23T04:45:11.4750000,770
2026-05-23T04:45:12.5160000,749
2026-05-23T04:45:13.5570000,767
2026-05-23T04:45:14.5980000,750
2026-05-23T04:45:15.6420000,744
2026-05-23T04:45:16.6820000,745
2026-05-23T04:45:17.7230000,746
2026-05-23T04:45:18.7640000,754
2026-05-23T04:45:19.8050000,751
2026-05-23T04:45:20.8450000,745
2026-05-23T04:45:21.8860000,753
2026-05-23T04:45:22.9270000,765
2026-05-23T04:45:23.9780000,752
2026-05-23T04:45:25.0190000,751
2026-05-23T04:45:26.0600000,735
2026-05-23T04:45:27.1000000,749
2026-05-23T04:45:28.1410000,755
2026-05-23T04:45:29.1820000,754
2026-05-23T04:45:30.2290000,741
2026-05-23T04:45:31.2700000,756
2026-05-23T04:45:32.3110000,745
2026-05-23T04:45:33.3520000,750
2026-05-23T04:45:34.3920000,755
2026-05-23T04:45:35.4330000,742
2026-05-23T04:45:36.4740000,743
2026-05-23T04:45:37.5150000,744
2026-05-23T04:45:38.5550000,730
2026-05-23T04:45:39.6070000,734
2026-05-23T04:45:40.6470000,738
2026-05-23T04:45:41.6880000,742
2026-05-23T04:45:42.7290000,746
2026-05-23T04:45:43.7730000,743
2026-05-23T04:45:44.8140000,737
2026-05-23T04:45:45.8550000,748
2026-05-23T04:45:46.8950000,741
2026-05-23T04:45:47.9360000,747
2026-05-23T04:45:48.9770000,745
2026-05-23T04:45:50.0170000,733
2026-05-23T04:45:51.0580000,750
2026-05-23T04:45:52.1100000,730
2026-05-23T04:45:53.1500000,739
2026-05-23T04:45:54.1910000,729
2026-05-23T04:45:55.2320000,735
2026-05-23T04:45:56.2720000,740
2026-05-23T04:45:57.3130000,737
2026-05-23T04:45:58.3610000,720
2026-05-23T04:45:59.4020000,728
2026-05-23T04:46:00.4430000,729
2026-05-23T04:46:02.5240000,734
2026-05-23T04:46:03.5650000,738
2026-05-23T04:46:04.6060000,721
2026-05-23T04:46:05.6460000,728
2026-05-23T04:46:06.6870000,728
2026-05-23T04:46:07.7380000,729
2026-05-23T04:46:08.7790000,724
2026-05-23T04:46:09.8200000,721
2026-05-23T04:46:10.8600000,723
2026-05-23T04:46:11.9050000,734
2026-05-23T04:46:12.9450000,726
2026-05-23T04:46:13.9860000,734
2026-05-23T04:46:15.0270000,743
2026-05-23T04:46:16.0680000,742
2026-05-23T04:46:17.1080000,732
2026-05-23T04:46:18.1490000,741
2026-05-23T04:46:19.1900000,731
2026-05-23T04:46:20.2410000,727
2026-05-23T04:46:21.2820000,740
2026-05-23T04:46:22.3230000,747
2026-05-23T04:46:23.3630000,737
2026-05-23T04:46:24.4040000,754
2026-05-23T04:46:25.4480000,748
2026-05-23T04:46:26.4890000,744
2026-05-23T04:46:27.5300000,746
2026-05-23T04:46:28.5710000,746
2026-05-23T04:46:29.6110000,736
2026-05-23T04:46:30.6520000,754
2026-05-23T04:46:31.6930000,740
2026-05-23T04:46:32.7340000,747
2026-05-23T04:46:33.7850000,749
2026-05-23T04:46:34.8260000,753
2026-05-23T04:46:35.8660000,759
2026-05-23T04:46:36.9070000,751
2026-05-23T04:46:37.9480000,742
2026-05-23T04:46:38.9890000,742
2026-05-23T04:46:40.0260000,748
2026-05-23T04:46:41.0770000,757
2026-05-23T04:46:42.1180000,755
2026-05-23T04:46:43.1590000,756
2026-05-23T04:46:44.2000000,762
2026-05-23T04:46:45.2400000,756
2026-05-23T04:46:46.2810000,744
2026-05-23T04:46:47.3220000,754
2026-05-23T04:46:48.3630000,754
2026-05-23T04:46:49.4030000,751
2026-05-23T04:46:50.4450000,766
2026-05-23T04:46:51.4960000,744
2026-05-23T04:46:52.5370000,754
2026-05-23T04:46:53.5700000,753
2026-05-23T04:46:54.6110000,740
2026-05-23T04:46:55.6620000,764
2026-05-23T04:46:56.7030000,748
2026-05-23T04:46:57.7440000,753
2026-05-23T04:46:58.7840000,766
2026-05-23T04:46:59.8250000,743
2026-05-23T04:47:00.8660000,764
2026-05-23T04:47:01.9070000,755
2026-05-23T04:47:02.9470000,754
2026-05-23T04:47:03.9880000,764
2026-05-23T04:47:05.0390000,742
2026-05-23T04:47:06.0800000,752
2026-05-23T04:47:07.1210000,756
2026-05-23T04:47:08.1550000,758
2026-05-23T04:47:09.2060000,751
2026-05-23T04:47:10.2470000,760
2026-05-23T04:47:11.2870000,749
2026-05-23T04:47:12.3280000,746
2026-05-23T04:47:13.3690000,750
2026-05-23T04:47:14.4100000,770
2026-05-23T04:47:15.4500000,750
2026-05-23T04:47:16.4910000,761
2026-05-23T04:47:17.5320000,759
2026-05-23T04:47:18.5830000,755
2026-05-23T04:47:19.6240000,751
2026-05-23T04:47:20.6650000,770
2026-05-23T04:47:21.6990000,751
2026-05-23T04:47:22.7500000,753
2026-05-23T04:47:23.7900000,752
2026-05-23T04:47:24.8310000,756
2026-05-23T04:47:25.8720000,747
2026-05-23T04:47:26.9130000,760
2026-05-23T04:47:27.9540000,767
2026-05-23T04:47:28.9940000,753
2026-05-23T04:47:30.0350000,757
2026-05-23T04:47:31.0760000,748
2026-05-23T04:47:32.1170000,769
2026-05-23T04:47:33.1680000,753
2026-05-23T04:47:34.2090000,742
2026-05-23T04:47:35.2500000,761
2026-05-23T04:47:36.2940000,747
2026-05-23T04:47:37.3350000,749
2026-05-23T04:47:38.3750000,760
2026-05-23T04:47:39.4160000,746
2026-05-23T04:47:40.4570000,752
2026-05-23T04:47:41.4980000,746
2026-05-23T04:47:42.5390000,757
2026-05-23T04:47:43.5790000,758
2026-05-23T04:47:44.6200000,758
2026-05-23T04:47:45.6610000,758
2026-05-23T04:47:46.7120000,732
2026-05-23T04:47:47.7530000,762
2026-05-23T04:47:48.7940000,755
2026-05-23T04:47:49.8380000,760
2026-05-23T04:47:50.8790000,753
2026-05-23T04:47:51.9190000,779
2026-05-23T04:47:52.9600000,748
2026-05-23T04:47:54.0010000,764
2026-05-23T04:47:55.0420000,766
2026-05-23T04:47:56.0820000,773
2026-05-23T04:47:57.1230000,755
2026-05-23T04:47:58.1640000,779
2026-05-23T04:47:59.2050000,770
2026-05-23T04:48:00.2460000,778
2026-05-23T04:48:01.2970000,769
2026-05-23T04:48:02.3380000,749
2026-05-23T04:48:03.3720000,765
2026-05-23T04:48:04.4160000,756
2026-05-23T04:48:05.4570000,745
2026-05-23T04:48:06.4970000,766
2026-05-23T04:48:07.5490000,765
2026-05-23T04:48:08.5890000,763
2026-05-23T04:48:09.6300000,761
2026-05-23T04:48:10.6710000,764
2026-05-23T04:48:11.7120000,758
2026-05-23T04:48:12.7520000,753
2026-05-23T04:48:13.7930000,760
2026-05-23T04:48:14.8340000,759
2026-05-23T04:48:15.8750000,769
2026-05-23T04:48:16.9260000,773
2026-05-23T04:48:17.9600000,763
2026-05-23T04:48:19.0010000,765
2026-05-23T04:48:20.0410000,783
2026-05-23T04:48:21.0930000,766
2026-05-23T04:48:22.1330000,758
2026-05-23T04:48:23.1740000,767
2026-05-23T04:48:24.2150000,759
2026-05-23T04:48:25.2560000,749
2026-05-23T04:48:26.2960000,774
2026-05-23T04:48:27.3370000,772
2026-05-23T04:48:28.3780000,760
2026-05-23T04:48:29.4190000,775
2026-05-23T04:48:30.4700000,757
2026-05-23T04:48:31.5030000,762
2026-05-23T04:48:32.5440000,766
2026-05-23T04:48:33.5950000,764
2026-05-23T04:48:34.6360000,746
2026-05-23T04:48:35.6770000,740
2026-05-23T04:48:36.7180000,753
2026-05-23T04:48:37.7580000,762
2026-05-23T04:48:38.7990000,767
2026-05-23T04:48:39.8400000,765
2026-05-23T04:48:40.8800000,754
2026-05-23T04:48:41.9210000,751
2026-05-23T04:48:42.9720000,762
2026-05-23T04:48:44.0130000,766
2026-05-23T04:48:45.0540000,759
2026-05-23T04:48:46.0920000,770
2026-05-23T04:48:47.1320000,750
2026-05-23T04:48:48.1730000,753
2026-05-23T04:48:49.2140000,762
2026-05-23T04:48:50.2650000,748
2026-05-23T04:48:51.3060000,745
2026-05-23T04:48:52.3470000,752
2026-05-23T04:48:53.3870000,754
2026-05-23T04:48:54.4280000,753
2026-05-23T04:48:55.4690000,755
2026-05-23T04:48:56.5100000,748
2026-05-23T04:48:57.5500000,743
2026-05-23T04:48:58.5910000,759
2026-05-23T04:48:59.6390000,733
2026-05-23T04:49:00.6800000,739
2026-05-23T04:49:01.7200000,727
2026-05-23T04:49:02.7610000,736
2026-05-23T04:49:03.8020000,748
2026-05-23T04:49:04.8430000,729
2026-05-23T04:49:05.8840000,726
2026-05-23T04:49:06.9350000,735
2026-05-23T04:49:07.9760000,741
2026-05-23T04:49:09.0160000,756
2026-05-23T04:49:10.0570000,732
2026-05-23T04:49:11.0980000,737
2026-05-23T04:49:12.1390000,744
2026-05-23T04:49:13.1800000,752
2026-05-23T04:49:14.2270000,749
2026-05-23T04:49:15.2680000,754
2026-05-23T04:49:16.3090000,747
2026-05-23T04:49:17.3500000,754
2026-05-23T04:49:18.3910000,751
2026-05-23T04:49:19.4310000,760
2026-05-23T04:49:20.4720000,725
2026-05-23T04:49:21.5130000,747
2026-05-23T04:49:22.5540000,734
2026-05-23T04:49:23.6050000,741
2026-05-23T04:49:24.6450000,741
2026-05-23T04:49:25.6860000,750
2026-05-23T04:49:26.7270000,751
2026-05-23T04:49:27.7640000,746
2026-05-23T04:49:28.8050000,747
2026-05-23T04:49:29.8560000,747
2026-05-23T04:49:30.8970000,752
2026-05-23T04:49:31.9380000,732
2026-05-23T04:49:32.9790000,742
2026-05-23T04:49:34.0200000,732
2026-05-23T04:49:35.0610000,751
2026-05-23T04:49:36.1010000,733
2026-05-23T04:49:37.1420000,751
2026-05-23T04:49:38.1830000,727
2026-05-23T04:49:39.2340000,744
2026-05-23T04:49:40.2750000,745
2026-05-23T04:49:41.3160000,748
2026-05-23T04:49:42.3500000,755
2026-05-23T04:49:43.4010000,742
2026-05-23T04:49:44.4420000,731
2026-05-23T04:49:45.4820000,754
2026-05-23T04:49:46.5230000,752
2026-05-23T04:49:47.5640000,751
2026-05-23T04:49:48.6050000,747
2026-05-23T04:49:49.6460000,734
2026-05-23T04:49:50.6870000,752
2026-05-23T04:49:51.7280000,739
2026-05-23T04:49:52.7790000,748
2026-05-23T04:49:53.8200000,753
2026-05-23T04:49:54.8600000,734
2026-05-23T04:49:55.8980000,752
2026-05-23T04:49:56.9390000,732
2026-05-23T04:49:57.9790000,746
2026-05-23T04:49:59.0310000,735
2026-05-23T04:50:00.0710000,755
2026-05-23T04:50:01.1120000,756
2026-05-23T04:50:02.1530000,740
2026-05-23T04:50:03.1930000,741
2026-05-23T04:50:04.2340000,743
2026-05-23T04:50:05.2750000,746
2026-05-23T04:50:06.3160000,741
2026-05-23T04:50:07.3560000,746
2026-05-23T04:50:08.4080000,743
2026-05-23T04:50:09.4410000,738
2026-05-23T04:50:10.4860000,747
2026-05-23T04:50:11.5260000,750
2026-05-23T04:50:12.5670000,738
2026-05-23T04:50:13.6080000,748
2026-05-23T04:50:14.6590000,743
2026-05-23T04:50:15.7000000,739
2026-05-23T04:50:16.7410000,757
2026-05-23T04:50:17.7810000,744
2026-05-23T04:50:18.8220000,748
2026-05-23T04:50:19.8630000,731
2026-05-23T04:50:20.9040000,755
2026-05-23T04:50:21.9450000,760
2026-05-23T04:50:22.9860000,751
2026-05-23T04:50:24.0300000,751
2026-05-23T04:50:25.0710000,733
2026-05-23T04:50:26.1110000,742
2026-05-23T04:50:27.1520000,757
2026-05-23T04:50:28.2030000,739
2026-05-23T04:50:29.2440000,752
2026-05-23T04:50:30.2850000,729
2026-05-23T04:50:31.3260000,760
2026-05-23T04:50:32.3660000,752
2026-05-23T04:50:33.4070000,737
2026-05-23T04:50:34.4480000,751
2026-05-23T04:50:35.4890000,753
2026-05-23T04:50:36.5290000,759
2026-05-23T04:50:37.5740000,755
2026-05-23T04:50:38.6140000,747
2026-05-23T04:50:39.6550000,762
2026-05-23T04:50:40.6960000,766
2026-05-23T04:50:41.7480000,751
2026-05-23T04:50:42.7880000,769
2026-05-23T04:50:43.8290000,751
2026-05-23T04:50:44.8700000,746
2026-05-23T04:50:45.9110000,766
2026-05-23T04:50:46.9510000,752
2026-05-23T04:50:47.9920000,771
2026-05-23T04:50:49.0330000,762
2026-05-23T04:50:50.0740000,767
2026-05-23T04:50:51.1140000,761
2026-05-23T04:50:52.1620000,771
2026-05-23T04:50:53.2030000,764
2026-05-23T04:50:54.2440000,766
2026-05-23T04:50:55.2840000,770
2026-05-23T04:50:56.3250000,760
2026-05-23T04:50:57.3660000,774
2026-05-23T04:50:58.4170000,768
2026-05-23T04:50:59.4580000,761
2026-05-23T04:51:00.4990000,765
2026-05-23T04:51:01.5390000,765
2026-05-23T04:51:02.5800000,769
2026-05-23T04:51:03.6210000,769
2026-05-23T04:51:04.6620000,763
2026-05-23T04:51:05.7060000,771
2026-05-23T04:51:06.7470000,758
2026-05-23T04:51:07.7870000,751
2026-05-23T04:51:08.8280000,761
2026-05-23T04:51:09.8690000,762
2026-05-23T04:51:10.9100000,753
2026-05-23T04:51:11.9610000,769
2026-05-23T04:51:13.0020000,749
2026-05-23T04:51:14.0430000,767
2026-05-23T04:51:15.0830000,760
2026-05-23T04:51:16.1240000,756
2026-05-23T04:51:17.1650000,769
2026-05-23T04:51:18.2060000,752
2026-05-23T04:51:19.2460000,755
2026-05-23T04:51:20.2940000,757
2026-05-23T04:51:21.3350000,747
2026-05-23T04:51:22.3750000,760
2026-05-23T04:51:23.4160000,753
2026-05-23T04:51:24.4570000,762
2026-05-23T04:51:25.4980000,757
2026-05-23T04:51:26.5380000,740
2026-05-23T04:51:27.5900000,756
2026-05-23T04:51:28.6310000,751
2026-05-23T04:51:29.6710000,769
2026-05-23T04:51:30.7120000,755
2026-05-23T04:51:31.7530000,745
2026-05-23T04:51:32.7940000,766
2026-05-23T04:51:33.8420000,762
2026-05-23T04:51:34.8820000,766
2026-05-23T04:51:35.9230000,753
2026-05-23T04:51:36.9640000,766
2026-05-23T04:51:38.0050000,754
2026-05-23T04:51:39.0450000,764
2026-05-23T04:51:40.0860000,757
2026-05-23T04:51:41.1270000,757
2026-05-23T04:51:42.1680000,772
2026-05-23T04:51:43.2190000,758
2026-05-23T04:51:44.2600000,759
2026-05-23T04:51:45.3000000,770
2026-05-23T04:51:46.3410000,756
2026-05-23T04:51:47.3820000,758
2026-05-23T04:51:48.4260000,754
2026-05-23T04:51:49.4670000,768
2026-05-23T04:51:50.5080000,771
2026-05-23T04:51:51.5490000,751
2026-05-23T04:51:52.5890000,765
2026-05-23T04:51:53.6300000,767
2026-05-23T04:51:54.6710000,757
2026-05-23T04:51:55.7120000,766
2026-05-23T04:51:56.7630000,751
2026-05-23T04:51:57.8040000,772
2026-05-23T04:51:58.8450000,766
2026-05-23T04:51:59.8860000,750
2026-05-23T04:52:00.9260000,761
2026-05-23T04:52:01.9700000,758
2026-05-23T04:52:03.0110000,760
2026-05-23T04:52:04.0520000,749
2026-05-23T04:52:05.0930000,751
2026-05-23T04:52:06.1330000,771
2026-05-23T04:52:07.1740000,761
2026-05-23T04:52:08.2150000,748
2026-05-23T04:52:09.2660000,751
2026-05-23T04:52:10.3070000,767
2026-05-23T04:52:11.3470000,757
2026-05-23T04:52:12.3880000,764
2026-05-23T04:52:13.4290000,754
2026-05-23T04:52:14.4700000,774
2026-05-23T04:52:15.5180000,767
2026-05-23T04:52:16.5590000,772
2026-05-23T04:52:17.5990000,748
2026-05-23T04:52:18.6400000,756
2026-05-23T04:52:19.6810000,766
2026-05-23T04:52:20.7220000,760
2026-05-23T04:52:21.7620000,766
2026-05-23T04:52:22.8030000,781
2026-05-23T04:52:23.8440000,763
2026-05-23T04:52:24.8850000,761
2026-05-23T04:52:25.9360000,754
2026-05-23T04:52:26.9770000,764
2026-05-23T04:52:28.0170000,754
2026-05-23T04:52:29.0580000,761
2026-05-23T04:52:30.0950000,754
2026-05-23T04:52:31.1360000,770
2026-05-23T04:52:32.1870000,770
2026-05-23T04:52:33.2280000,762
2026-05-23T04:52:34.2690000,780
2026-05-23T04:52:35.3090000,769
2026-05-23T04:52:36.3500000,753
2026-05-23T04:52:37.3910000,755
2026-05-23T04:52:38.4320000,751
2026-05-23T04:52:39.4730000,777
2026-05-23T04:52:40.5130000,760
2026-05-23T04:52:41.5650000,751
2026-05-23T04:52:42.6050000,739
2026-05-23T04:52:43.6430000,769
2026-05-23T04:52:44.6840000,766
2026-05-23T04:52:45.7240000,762
2026-05-23T04:52:46.7650000,760
2026-05-23T04:52:47.8060000,753
2026-05-23T04:52:48.8570000,746
2026-05-23T04:52:49.8980000,745
2026-05-23T04:52:50.9390000,753
2026-05-23T04:52:51.9800000,751
2026-05-23T04:52:53.0200000,761
2026-05-23T04:52:54.0610000,760
2026-05-23T04:52:55.1020000,760
2026-05-23T04:52:56.1420000,744
2026-05-23T04:52:57.1830000,759
2026-05-23T04:52:58.2310000,753
2026-05-23T04:52:59.2710000,739
2026-05-23T04:53:00.3120000,753
2026-05-23T04:53:01.3530000,756
2026-05-23T04:53:02.3940000,752
2026-05-23T04:53:03.4340000,771
2026-05-23T04:53:04.4860000,751
2026-05-23T04:53:05.5260000,764
2026-05-23T04:53:06.5670000,755
2026-05-23T04:53:07.6080000,751
2026-05-23T04:53:08.6490000,765
2026-05-23T04:53:09.6900000,744
2026-05-23T04:53:10.7300000,745
2026-05-23T04:53:11.7750000,745
2026-05-23T04:53:12.8150000,752
2026-05-23T04:53:13.8560000,768
2026-05-23T04:53:14.8970000,762
2026-05-23T04:53:15.9380000,761
2026-05-23T04:53:16.9890000,762
2026-05-23T04:53:18.0300000,749
2026-05-23T04:53:19.0700000,763
2026-05-23T04:53:20.1110000,762
2026-05-23T04:53:21.1520000,749
2026-05-23T04:53:22.1930000,756
2026-05-23T04:53:23.2330000,749
2026-05-23T04:53:24.2740000,768
2026-05-23T04:53:25.3150000,745
2026-05-23T04:53:26.3620000,749
2026-05-23T04:53:27.4030000,774
2026-05-23T04:53:28.4440000,762
2026-05-23T04:53:29.4850000,761
2026-05-23T04:53:30.5260000,751
2026-05-23T04:53:31.5670000,758
2026-05-23T04:53:32.6070000,749
2026-05-23T04:53:33.6590000,750
2026-05-23T04:53:34.7000000,753
2026-05-23T04:53:35.7400000,743
2026-05-23T04:53:36.7810000,754
2026-05-23T04:53:37.8220000,750
2026-05-23T04:53:38.8630000,754
2026-05-23T04:53:39.9100000,764
2026-05-23T04:53:40.9510000,765
2026-05-23T04:53:41.9920000,767
2026-05-23T04:53:43.0330000,751
2026-05-23T04:53:44.0730000,745
2026-05-23T04:53:45.1140000,763
2026-05-23T04:53:46.1550000,749
2026-05-23T04:53:47.1950000,748
2026-05-23T04:53:48.2360000,743
2026-05-23T04:53:49.2880000,763
2026-05-23T04:53:50.3280000,769
2026-05-23T04:53:51.3690000,756
2026-05-23T04:53:52.4100000,751
2026-05-23T04:53:53.4510000,736
2026-05-23T04:53:54.4950000,752
2026-05-23T04:53:55.5360000,757
2026-05-23T04:53:56.5770000,739
2026-05-23T04:53:57.6180000,767
2026-05-23T04:53:58.6590000,738
2026-05-23T04:53:59.6990000,732
2026-05-23T04:54:00.7400000,738
2026-05-23T04:54:01.7810000,739
2026-05-23T04:54:02.8220000,756
2026-05-23T04:54:03.8730000,743
2026-05-23T04:54:04.9140000,754
2026-05-23T04:54:05.9550000,749
2026-05-23T04:54:06.9950000,743
2026-05-23T04:54:08.0390000,747
2026-05-23T04:54:09.0800000,747
2026-05-23T04:54:10.1210000,758
2026-05-23T04:54:11.1610000,761
2026-05-23T04:54:12.2020000,742
2026-05-23T04:54:13.2430000,760
2026-05-23T04:54:14.2840000,755
2026-05-23T04:54:15.3240000,756
2026-05-23T04:54:16.3760000,752
2026-05-23T04:54:17.4160000,754
2026-05-23T04:54:18.4570000,753
2026-05-23T04:54:19.4980000,744
2026-05-23T04:54:20.5390000,750
2026-05-23T04:54:21.5830000,754
2026-05-23T04:54:22.6240000,735
2026-05-23T04:54:23.6650000,757
2026-05-23T04:54:24.7060000,751
2026-05-23T04:54:25.7460000,737
2026-05-23T04:54:26.7870000,738
2026-05-23T04:54:27.8280000,733
2026-05-23T04:54:28.8790000,739
2026-05-23T04:54:29.9200000,732
2026-05-23T04:54:30.9610000,738
2026-05-23T04:54:32.0010000,746
2026-05-23T04:54:33.0420000,727
2026-05-23T04:54:34.0830000,732
2026-05-23T04:54:35.1230000,748
2026-05-23T04:54:36.1640000,748
2026-05-23T04:54:37.2050000,731
2026-05-23T04:54:38.2460000,737
2026-05-23T04:54:39.2970000,734
2026-05-23T04:54:40.3380000,736
2026-05-23T04:54:41.3780000,746
2026-05-23T04:54:42.4190000,748
2026-05-23T04:54:43.4600000,745
2026-05-23T04:54:44.5010000,751
2026-05-23T04:54:45.5410000,765
2026-05-23T04:54:46.5820000,748
2026-05-23T04:54:47.6230000,756
2026-05-23T04:54:48.6740000,744
2026-05-23T04:54:49.7080000,733
2026-05-23T04:54:50.7490000,744
2026-05-23T04:54:51.8000000,744
2026-05-23T04:54:52.8410000,755
2026-05-23T04:54:53.8810000,744
2026-05-23T04:54:54.9220000,748
2026-05-23T04:54:55.9630000,752
2026-05-23T04:54:57.0040000,766
2026-05-23T04:54:58.0440000,764
2026-05-23T04:54:59.0850000,753
2026-05-23T04:55:00.1260000,754
2026-05-23T04:55:01.1670000,748
2026-05-23T04:55:02.2180000,749
2026-05-23T04:55:03.2590000,754
2026-05-23T04:55:04.2920000,772
2026-05-23T04:55:05.3440000,753
2026-05-23T04:55:06.3840000,752
2026-05-23T04:55:07.4250000,743
2026-05-23T04:55:08.4660000,775
2026-05-23T04:55:09.5070000,756
2026-05-23T04:55:10.5480000,769
2026-05-23T04:55:11.5890000,758
2026-05-23T04:55:12.6290000,747
2026-05-23T04:55:13.6700000,758
2026-05-23T04:55:14.7210000,759
2026-05-23T04:55:15.7620000,763
2026-05-23T04:55:16.8030000,766
2026-05-23T04:55:17.8470000,752
2026-05-23T04:55:18.8880000,758
2026-05-23T04:55:19.9290000,750
2026-05-23T04:55:20.9700000,754
2026-05-23T04:55:22.0100000,768
2026-05-23T04:55:23.0510000,752
2026-05-23T04:55:24.0920000,771
2026-05-23T04:55:25.1330000,753
2026-05-23T04:55:26.1730000,759
2026-05-23T04:55:27.2140000,747
2026-05-23T04:55:28.2660000,745
2026-05-23T04:55:29.3060000,758
2026-05-23T04:55:30.3470000,760
2026-05-23T04:55:31.3880000,757
2026-05-23T04:55:32.4250000,764
2026-05-23T04:55:33.4660000,764
2026-05-23T04:55:34.5070000,767
2026-05-23T04:55:35.5580000,758
2026-05-23T04:55:36.5990000,756
2026-05-23T04:55:37.6400000,759
2026-05-23T04:55:38.6800000,767
2026-05-23T04:55:39.7210000,762
2026-05-23T04:55:40.7620000,757
2026-05-23T04:55:41.8030000,769
2026-05-23T04:55:42.8430000,760
2026-05-23T04:55:43.8840000,749
2026-05-23T04:55:44.9250000,764
2026-05-23T04:55:45.9690000,757
2026-05-23T04:55:47.0100000,757
2026-05-23T04:55:48.0510000,744
2026-05-23T04:55:49.1020000,744
2026-05-23T04:55:50.1430000,757
2026-05-23T04:55:51.1830000,759
2026-05-23T04:55:52.2240000,755
2026-05-23T04:55:53.2650000,750
2026-05-23T04:55:54.3060000,727
2026-05-23T04:55:55.3460000,753
2026-05-23T04:55:56.3870000,748
2026-05-23T04:55:57.4280000,750
2026-05-23T04:55:58.4690000,752
2026-05-23T04:55:59.5200000,739
2026-05-23T04:56:00.5610000,751
2026-05-23T04:56:01.6020000,749
2026-05-23T04:56:02.6420000,757
2026-05-23T04:56:03.6830000,769
2026-05-23T04:56:04.7240000,756
2026-05-23T04:56:05.7650000,753
2026-05-23T04:56:06.8050000,763
2026-05-23T04:56:07.8460000,766
2026-05-23T04:56:08.8870000,769
2026-05-23T04:56:09.9380000,774
2026-05-23T04:56:10.9790000,768
2026-05-23T04:56:12.0190000,750
2026-05-23T04:56:13.0600000,762
2026-05-23T04:56:14.1010000,774
2026-05-23T04:56:15.1420000,757
2026-05-23T04:56:16.1820000,750
2026-05-23T04:56:17.2230000,759
2026-05-23T04:56:18.2640000,760
2026-05-23T04:56:19.3050000,768
2026-05-23T04:56:20.3560000,752
2026-05-23T04:56:21.3970000,760
2026-05-23T04:56:22.4370000,745
2026-05-23T04:56:23.4780000,762
2026-05-23T04:56:24.5190000,763
2026-05-23T04:56:25.5600000,769
2026-05-23T04:56:26.6000000,758
2026-05-23T04:56:27.6440000,756
2026-05-23T04:56:28.6850000,746
2026-05-23T04:56:29.7260000,754
2026-05-23T04:56:30.7670000,746
2026-05-23T04:56:31.8070000,768
2026-05-23T04:56:32.8480000,748
2026-05-23T04:56:33.8990000,757
2026-05-23T04:56:34.9400000,754
2026-05-23T04:56:35.9810000,762
2026-05-23T04:56:37.0220000,759
2026-05-23T04:56:38.0620000,763
2026-05-23T04:56:39.1030000,767
2026-05-23T04:56:40.1440000,766
2026-05-23T04:56:41.1850000,750
2026-05-23T04:56:42.2320000,774
2026-05-23T04:56:43.2730000,768
2026-05-23T04:56:44.3140000,790
2026-05-23T04:56:45.3540000,766
2026-05-23T04:56:46.3950000,775
2026-05-23T04:56:47.4360000,770
2026-05-23T04:56:48.4770000,765
2026-05-23T04:56:49.5170000,781
2026-05-23T04:56:50.5710000,764
2026-05-23T04:56:51.6010000,764
2026-05-23T04:56:52.6530000,766
2026-05-23T04:56:53.6930000,766
2026-05-23T04:56:54.7340000,766
2026-05-23T04:56:55.7750000,756
2026-05-23T04:56:56.8150000,764
2026-05-23T04:56:57.8560000,785
2026-05-23T04:56:58.8970000,764
2026-05-23T04:56:59.9370000,762
2026-05-23T04:57:00.9780000,766
2026-05-23T04:57:02.0190000,769
2026-05-23T04:57:03.0700000,762
2026-05-23T04:57:04.1110000,764
2026-05-23T04:57:05.1520000,748
2026-05-23T04:57:06.1930000,757
2026-05-23T04:57:07.2330000,764
2026-05-23T04:57:08.2740000,760
2026-05-23T04:57:09.3150000,756
2026-05-23T04:57:10.3630000,779
2026-05-23T04:57:11.4030000,759
2026-05-23T04:57:12.4440000,756
2026-05-23T04:57:13.4850000,756
2026-05-23T04:57:14.5260000,738
2026-05-23T04:57:15.5660000,757
2026-05-23T04:57:16.6070000,760
2026-05-23T04:57:17.6480000,752
2026-05-23T04:57:18.6880000,782
2026-05-23T04:57:19.7400000,759
2026-05-23T04:57:20.7800000,770
2026-05-23T04:57:21.8210000,766
2026-05-23T04:57:22.8620000,757
2026-05-23T04:57:23.9060000,770
2026-05-23T04:57:24.9470000,759
2026-05-23T04:57:25.9880000,748
2026-05-23T04:57:27.0280000,764
2026-05-23T04:57:28.0690000,752
2026-05-23T04:57:29.1100000,756
2026-05-23T04:57:30.1510000,750
2026-05-23T04:57:31.1910000,782
2026-05-23T04:57:32.2320000,760
2026-05-23T04:57:33.2840000,755
2026-05-23T04:57:34.3240000,769
2026-05-23T04:57:35.3650000,769
2026-05-23T04:57:36.4060000,758
2026-05-23T04:57:37.4470000,761
2026-05-23T04:57:38.4910000,752
2026-05-23T04:57:39.5320000,764
2026-05-23T04:57:40.5720000,757
2026-05-23T04:57:41.6130000,759
2026-05-23T04:57:42.6540000,764
2026-05-23T04:57:43.6940000,760
2026-05-23T04:57:44.7350000,771
2026-05-23T04:57:45.7860000,768
2026-05-23T04:57:46.8270000,774
2026-05-23T04:57:47.8680000,779
2026-05-23T04:57:48.9090000,771
2026-05-23T04:57:49.9490000,750
2026-05-23T04:57:50.9900000,781
2026-05-23T04:57:52.0350000,768
2026-05-23T04:57:53.0750000,759
2026-05-23T04:57:54.1160000,754
2026-05-23T04:57:55.1570000,763
2026-05-23T04:57:56.1980000,755
2026-05-23T04:57:57.2390000,763
2026-05-23T04:57:58.2790000,759
2026-05-23T04:57:59.3200000,768
2026-05-23T04:58:00.3720000,771
2026-05-23T04:58:01.4120000,771
2026-05-23T04:58:02.4530000,773
2026-05-23T04:58:03.4940000,740
2026-05-23T04:58:04.5340000,754
2026-05-23T04:58:05.5790000,773
2026-05-23T04:58:06.6190000,770
2026-05-23T04:58:07.6600000,756
2026-05-23T04:58:08.7010000,742
2026-05-23T04:58:09.7420000,738
2026-05-23T04:58:10.7820000,740
2026-05-23T04:58:11.8230000,742
2026-05-23T04:58:12.8740000,743
2026-05-23T04:58:13.9150000,742
2026-05-23T04:58:14.9560000,748
2026-05-23T04:58:15.9970000,757
2026-05-23T04:58:17.0380000,742
2026-05-23T04:58:18.0780000,761
2026-05-23T04:58:19.1190000,752
2026-05-23T04:58:20.1600000,762
2026-05-23T04:58:21.2010000,752
2026-05-23T04:58:22.2420000,748
2026-05-23T04:58:23.2930000,759
2026-05-23T04:58:24.3340000,751
2026-05-23T04:58:25.3740000,742
2026-05-23T04:58:26.4150000,757
2026-05-23T04:58:27.4560000,737
2026-05-23T04:58:28.4970000,746
2026-05-23T04:58:29.5370000,735
2026-05-23T04:58:30.5780000,737
2026-05-23T04:58:31.6190000,746
2026-05-23T04:58:32.6700000,736
2026-05-23T04:58:33.7040000,755
2026-05-23T04:58:34.7440000,754
2026-05-23T04:58:35.7850000,743
2026-05-23T04:58:36.8370000,744
2026-05-23T04:58:37.8770000,744
2026-05-23T04:58:38.9180000,746
2026-05-23T04:58:39.9590000,724
2026-05-23T04:58:41.0000000,755
2026-05-23T04:58:42.0410000,744
2026-05-23T04:58:43.0810000,748
2026-05-23T04:58:44.1220000,759
2026-05-23T04:58:45.1630000,742
2026-05-23T04:58:46.2040000,743
2026-05-23T04:58:47.2550000,761
2026-05-23T04:58:48.2920000,758
2026-05-23T04:58:49.3330000,737
2026-05-23T04:58:50.3740000,745
2026-05-23T04:58:51.4150000,744
2026-05-23T04:58:52.4560000,755
2026-05-23T04:58:53.4960000,732
2026-05-23T04:58:54.5470000,748
2026-05-23T04:58:55.5880000,763
2026-05-23T04:58:56.6290000,739
2026-05-23T04:58:57.6700000,750
2026-05-23T04:58:58.7100000,750
2026-05-23T04:58:59.7510000,754
2026-05-23T04:59:00.7920000,756
2026-05-23T04:59:01.8320000,759
2026-05-23T04:59:02.8730000,754
2026-05-23T04:59:03.9140000,739
2026-05-23T04:59:04.9650000,756
2026-05-23T04:59:06.0060000,750
2026-05-23T04:59:07.0470000,762
2026-05-23T04:59:08.0880000,766
2026-05-23T04:59:09.1280000,757
2026-05-23T04:59:10.1690000,757
2026-05-23T04:59:11.2100000,741
2026-05-23T04:59:12.2510000,761
2026-05-23T04:59:13.2910000,750
2026-05-23T04:59:14.3320000,752
2026-05-23T04:59:15.3830000,754
2026-05-23T04:59:16.4170000,742
2026-05-23T04:59:17.4580000,757
2026-05-23T04:59:18.5090000,752
2026-05-23T04:59:19.5500000,753
2026-05-23T04:59:20.5900000,751
2026-05-23T04:59:21.6310000,759
2026-05-23T04:59:22.6720000,752
2026-05-23T04:59:23.7130000,756
2026-05-23T04:59:24.7530000,748
2026-05-23T04:59:25.7940000,759
2026-05-23T04:59:26.8350000,760
2026-05-23T04:59:27.8860000,761
2026-05-23T04:59:28.9270000,765
2026-05-23T04:59:29.9680000,769
2026-05-23T04:59:31.0090000,762
2026-05-23T04:59:32.0500000,750
2026-05-23T04:59:33.0900000,749
2026-05-23T04:59:34.1310000,757
2026-05-23T04:59:35.1720000,748
2026-05-23T04:59:36.2130000,758
2026-05-23T04:59:37.2530000,766
2026-05-23T04:59:38.2940000,755
2026-05-23T04:59:39.3450000,768
2026-05-23T04:59:40.3860000,757
2026-05-23T04:59:41.4270000,765
2026-05-23T04:59:42.4680000,765
2026-05-23T04:59:43.5080000,754
2026-05-23T04:59:44.5490000,759
2026-05-23T04:59:45.5900000,750
2026-05-23T04:59:46.6300000,748
2026-05-23T04:59:47.6710000,761
2026-05-23T04:59:48.7120000,761
2026-05-23T04:59:49.7630000,765
2026-05-23T04:59:50.8040000,752
2026-05-23T04:59:51.8450000,757
2026-05-23T04:59:52.8860000,758
2026-05-23T04:59:53.9260000,759
2026-05-23T04:59:54.9670000,761
2026-05-23T04:59:56.0080000,761
2026-05-23T04:59:57.0490000,743
2026-05-23T04:59:58.0930000,754
2026-05-23T04:59:59.1330000,748