time,ens_eco2_ppm
2026-05-25T11:59:30.1690000,486
2026-05-25T11:59:31.2090000,496
2026-05-25T11:59:32.2500000,483
2026-05-25T11:59:33.3010000,493
2026-05-25T11:59:34.3420000,493
2026-05-25T11:59:35.3830000,486
2026-05-25T11:59:36.4240000,494
2026-05-25T11:59:37.4650000,495
2026-05-25T11:59:38.5050000,502
2026-05-25T11:59:39.5500000,498
2026-05-25T11:59:40.5900000,493
2026-05-25T11:59:41.6420000,509
2026-05-25T11:59:42.6830000,488
2026-05-25T11:59:43.7230000,493
2026-05-25T11:59:44.7640000,491
2026-05-25T11:59:45.8050000,493
2026-05-25T11:59:46.8560000,496
2026-05-25T11:59:47.8970000,484
2026-05-25T11:59:48.9380000,480
2026-05-25T11:59:49.9780000,486
2026-05-25T11:59:51.0190000,488
2026-05-25T11:59:52.0700000,482
2026-05-25T11:59:53.1070000,496
2026-05-25T11:59:54.1480000,488
2026-05-25T11:59:55.1890000,491
2026-05-25T11:59:56.2400000,497
2026-05-25T11:59:57.2810000,494
2026-05-25T11:59:58.3220000,488
2026-05-25T11:59:59.3620000,496
2026-05-25T12:00:00.4030000,498
2026-05-25T12:00:01.4550000,489
2026-05-25T12:00:02.4950000,484
2026-05-25T12:00:03.5360000,487
2026-05-25T12:00:04.5770000,488
2026-05-25T12:00:05.6180000,484
2026-05-25T12:00:06.6590000,486
2026-05-25T12:00:07.7060000,491
2026-05-25T12:00:08.7470000,488
2026-05-25T12:00:09.7880000,497
2026-05-25T12:00:10.8390000,494
2026-05-25T12:00:11.8800000,502
2026-05-25T12:00:12.9210000,495
2026-05-25T12:00:13.9620000,493
2026-05-25T12:00:15.0020000,482
2026-05-25T12:00:16.0540000,498
2026-05-25T12:00:17.0940000,489
2026-05-25T12:00:18.1350000,483
2026-05-25T12:00:19.1760000,482
2026-05-25T12:00:20.2170000,497
2026-05-25T12:00:21.2610000,498
2026-05-25T12:00:22.3020000,499
2026-05-25T12:00:23.3530000,491
2026-05-25T12:00:24.3940000,502
2026-05-25T12:00:25.4350000,488
2026-05-25T12:00:26.4780000,499
2026-05-25T12:00:27.5190000,486
2026-05-25T12:00:28.5600000,503
2026-05-25T12:00:29.6010000,502
2026-05-25T12:00:30.6520000,490
2026-05-25T12:00:31.6930000,491
2026-05-25T12:00:32.7340000,484
2026-05-25T12:00:33.7740000,497
2026-05-25T12:00:34.8150000,494
2026-05-25T12:00:35.8560000,489
2026-05-25T12:00:36.9070000,497
2026-05-25T12:00:37.9480000,487
2026-05-25T12:00:38.9880000,490
2026-05-25T12:00:40.0290000,494
2026-05-25T12:00:41.0700000,492
2026-05-25T12:00:42.1210000,506
2026-05-25T12:00:43.1620000,488
2026-05-25T12:00:44.2030000,489
2026-05-25T12:00:45.2440000,486
2026-05-25T12:00:46.2840000,497
2026-05-25T12:00:47.3360000,496
2026-05-25T12:00:48.3690000,488
2026-05-25T12:00:49.4210000,482
2026-05-25T12:00:50.4610000,483
2026-05-25T12:00:51.5020000,488
2026-05-25T12:00:52.5430000,490
2026-05-25T12:00:53.5840000,493
2026-05-25T12:00:54.6350000,496
2026-05-25T12:00:55.6760000,497
2026-05-25T12:00:56.7170000,502
2026-05-25T12:00:57.7570000,489
2026-05-25T12:00:58.7980000,490
2026-05-25T12:00:59.8490000,493
2026-05-25T12:01:00.8900000,486
2026-05-25T12:01:01.9310000,507
2026-05-25T12:01:02.9680000,493
2026-05-25T12:01:04.0190000,483
2026-05-25T12:01:05.0600000,503
2026-05-25T12:01:06.1010000,489
2026-05-25T12:01:07.1420000,499
2026-05-25T12:01:08.1820000,481
2026-05-25T12:01:09.2340000,486
2026-05-25T12:01:10.2740000,489
2026-05-25T12:01:11.3150000,491
2026-05-25T12:01:12.3560000,487
2026-05-25T12:01:13.3970000,494
2026-05-25T12:01:14.4380000,485
2026-05-25T12:01:15.4890000,477
2026-05-25T12:01:16.5330000,480
2026-05-25T12:01:17.5740000,483
2026-05-25T12:01:18.6150000,496
2026-05-25T12:01:19.6560000,505
2026-05-25T12:01:20.6970000,486
2026-05-25T12:01:21.7370000,490
2026-05-25T12:01:22.7880000,489
2026-05-25T12:01:23.8290000,504
2026-05-25T12:01:24.8700000,487
2026-05-25T12:01:25.9100000,488
2026-05-25T12:01:26.9510000,488
2026-05-25T12:01:28.0020000,482
2026-05-25T12:01:29.0430000,494
2026-05-25T12:01:30.0870000,482
2026-05-25T12:01:31.1280000,482
2026-05-25T12:01:32.1690000,489
2026-05-25T12:01:33.2100000,492
2026-05-25T12:01:34.2510000,498
2026-05-25T12:01:35.2910000,492
2026-05-25T12:01:36.3430000,498
2026-05-25T12:01:37.3840000,481
2026-05-25T12:01:38.4250000,479
2026-05-25T12:01:39.4650000,510
2026-05-25T12:01:40.5060000,499
2026-05-25T12:01:41.5570000,485
2026-05-25T12:01:42.5980000,488
2026-05-25T12:01:43.6430000,486
2026-05-25T12:01:44.6830000,505
2026-05-25T12:01:45.7240000,497
2026-05-25T12:01:46.7650000,477
2026-05-25T12:01:47.8060000,495
2026-05-25T12:01:48.8460000,484
2026-05-25T12:01:49.8980000,486
2026-05-25T12:01:50.9380000,491
2026-05-25T12:01:51.9790000,478
2026-05-25T12:01:53.0200000,497
2026-05-25T12:01:54.0610000,482
2026-05-25T12:01:55.1120000,497
2026-05-25T12:01:56.1530000,488
2026-05-25T12:01:57.1940000,496
2026-05-25T12:01:58.2410000,490
2026-05-25T12:01:59.2820000,500
2026-05-25T12:02:00.3230000,485
2026-05-25T12:02:01.3640000,476
2026-05-25T12:02:02.4040000,490
2026-05-25T12:02:03.4450000,487
2026-05-25T12:02:04.4970000,480
2026-05-25T12:02:05.5370000,492
2026-05-25T12:02:06.5780000,481
2026-05-25T12:02:07.6190000,500
2026-05-25T12:02:08.6600000,491
2026-05-25T12:02:09.7110000,467
2026-05-25T12:02:10.7520000,482
2026-05-25T12:02:11.7920000,490
2026-05-25T12:02:12.8330000,493
2026-05-25T12:02:13.8740000,484
2026-05-25T12:02:14.9150000,500
2026-05-25T12:02:15.9660000,501
2026-05-25T12:02:17.0070000,494
2026-05-25T12:02:18.0480000,481
2026-05-25T12:02:19.0880000,490
2026-05-25T12:02:20.1290000,499
2026-05-25T12:02:21.1800000,503
2026-05-25T12:02:22.2210000,485
2026-05-25T12:02:23.2620000,481
2026-05-25T12:02:24.3030000,486
2026-05-25T12:02:25.3470000,490
2026-05-25T12:02:26.3880000,487
2026-05-25T12:02:27.4290000,493
2026-05-25T12:02:28.4800000,498
2026-05-25T12:02:29.5210000,496
2026-05-25T12:02:30.5620000,491
2026-05-25T12:02:31.6030000,488
2026-05-25T12:02:32.6440000,481
2026-05-25T12:02:33.6840000,480
2026-05-25T12:02:34.7350000,499
2026-05-25T12:02:35.7760000,495
2026-05-25T12:02:36.8170000,498
2026-05-25T12:02:37.8580000,502
2026-05-25T12:02:38.8980000,481
2026-05-25T12:02:39.9430000,494
2026-05-25T12:02:40.9830000,472
2026-05-25T12:02:42.0350000,495
2026-05-25T12:02:43.0750000,497
2026-05-25T12:02:44.1160000,484
2026-05-25T12:02:45.1570000,488
2026-05-25T12:02:46.1980000,474
2026-05-25T12:02:47.2490000,489
2026-05-25T12:02:48.2900000,487
2026-05-25T12:02:49.3310000,499
2026-05-25T12:02:50.3720000,482
2026-05-25T12:02:51.4120000,474
2026-05-25T12:02:52.4530000,494
2026-05-25T12:02:53.4980000,493
2026-05-25T12:02:54.5380000,488
2026-05-25T12:02:55.5900000,497
2026-05-25T12:02:56.6300000,477
2026-05-25T12:02:57.6710000,473
2026-05-25T12:02:58.7120000,491
2026-05-25T12:02:59.7530000,497
2026-05-25T12:03:00.8040000,478
2026-05-25T12:03:01.8450000,490
2026-05-25T12:03:02.8850000,516
2026-05-25T12:03:03.9260000,494
2026-05-25T12:03:04.9670000,481
2026-05-25T12:03:06.0180000,483
2026-05-25T12:03:07.0520000,485
2026-05-25T12:03:08.1030000,495
2026-05-25T12:03:09.1440000,500
2026-05-25T12:03:10.1850000,483
2026-05-25T12:03:11.2250000,496
2026-05-25T12:03:12.2660000,488
2026-05-25T12:03:13.3070000,475
2026-05-25T12:03:14.3580000,482
2026-05-25T12:03:15.3990000,480
2026-05-25T12:03:16.4400000,495
2026-05-25T12:03:17.4810000,495
2026-05-25T12:03:18.5220000,496
2026-05-25T12:03:19.5730000,493
2026-05-25T12:03:21.6570000,491
2026-05-25T12:03:22.6980000,490
2026-05-25T12:03:23.7390000,491
2026-05-25T12:03:24.7800000,491
2026-05-25T12:03:25.8200000,492
2026-05-25T12:03:26.8720000,490
2026-05-25T12:03:27.9120000,485
2026-05-25T12:03:28.9530000,496
2026-05-25T12:03:29.9940000,476
2026-05-25T12:03:31.0350000,475
2026-05-25T12:03:32.0760000,481
2026-05-25T12:03:33.1270000,484
2026-05-25T12:03:34.1680000,487
2026-05-25T12:03:35.2050000,481
2026-05-25T12:03:36.2560000,479
2026-05-25T12:03:37.2970000,477
2026-05-25T12:03:38.3380000,485
2026-05-25T12:03:39.3780000,497
2026-05-25T12:03:40.4190000,487
2026-05-25T12:03:41.4600000,485
2026-05-25T12:03:42.5110000,496
2026-05-25T12:03:43.5520000,475
2026-05-25T12:03:44.5930000,478
2026-05-25T12:03:45.6330000,481
2026-05-25T12:03:46.6740000,506
2026-05-25T12:03:47.7250000,492
2026-05-25T12:03:48.7660000,484
2026-05-25T12:03:49.8070000,488
2026-05-25T12:03:50.8470000,486
2026-05-25T12:03:51.8880000,484
2026-05-25T12:03:52.9390000,488
2026-05-25T12:03:53.9800000,482
2026-05-25T12:03:55.0210000,484
2026-05-25T12:03:56.0620000,477
2026-05-25T12:03:57.1020000,482
2026-05-25T12:03:58.1540000,480
2026-05-25T12:03:59.1940000,487
2026-05-25T12:04:00.2350000,497
2026-05-25T12:04:01.2760000,476
2026-05-25T12:04:02.3200000,478
2026-05-25T12:04:03.3610000,488
2026-05-25T12:04:04.4020000,493
2026-05-25T12:04:05.4430000,485
2026-05-25T12:04:06.4940000,484
2026-05-25T12:04:07.5350000,495
2026-05-25T12:04:08.5760000,492
2026-05-25T12:04:09.6160000,488
2026-05-25T12:04:10.6570000,491
2026-05-25T12:04:11.7080000,479
2026-05-25T12:04:12.7490000,497
2026-05-25T12:04:13.7900000,486
2026-05-25T12:04:14.8310000,489
2026-05-25T12:04:15.8750000,477
2026-05-25T12:04:16.9160000,496
2026-05-25T12:04:17.9560000,493
2026-05-25T12:04:19.0080000,471
2026-05-25T12:04:20.0490000,474
2026-05-25T12:04:21.0890000,491
2026-05-25T12:04:22.1300000,485
2026-05-25T12:04:23.1710000,486
2026-05-25T12:04:24.2120000,483
2026-05-25T12:04:25.2630000,486
2026-05-25T12:04:26.3040000,480
2026-05-25T12:04:27.3450000,481
2026-05-25T12:04:28.3850000,476
2026-05-25T12:04:29.4260000,481
2026-05-25T12:04:30.4700000,483
2026-05-25T12:04:31.5110000,483
2026-05-25T12:04:32.5620000,481
2026-05-25T12:04:33.6030000,495
2026-05-25T12:04:34.6440000,492
2026-05-25T12:04:35.6840000,482
2026-05-25T12:04:36.7250000,505
2026-05-25T12:04:37.7770000,489
2026-05-25T12:04:38.8170000,485
2026-05-25T12:04:39.8580000,482
2026-05-25T12:04:40.8990000,495
2026-05-25T12:04:41.9400000,493
2026-05-25T12:04:42.9910000,494
2026-05-25T12:04:44.0250000,479
2026-05-25T12:04:45.0760000,487
2026-05-25T12:04:46.1200000,504
2026-05-25T12:04:47.1600000,483
2026-05-25T12:04:48.2010000,495
2026-05-25T12:04:49.2420000,488
2026-05-25T12:04:50.2830000,494
2026-05-25T12:04:51.3240000,489
2026-05-25T12:04:52.3750000,493
2026-05-25T12:04:53.4160000,488
2026-05-25T12:04:54.4560000,494
2026-05-25T12:04:55.4970000,496
2026-05-25T12:04:56.5380000,492
2026-05-25T12:04:57.5860000,512
2026-05-25T12:04:58.6270000,479
2026-05-25T12:04:59.6670000,481
2026-05-25T12:05:00.7080000,501
2026-05-25T12:05:01.7590000,506
2026-05-25T12:05:02.8000000,521
2026-05-25T12:05:03.8410000,506
2026-05-25T12:05:04.8820000,498
2026-05-25T12:05:05.9220000,503
2026-05-25T12:05:06.9740000,496
2026-05-25T12:05:08.0150000,501
2026-05-25T12:05:09.0550000,497
2026-05-25T12:05:10.0960000,500
2026-05-25T12:05:11.1400000,498
2026-05-25T12:05:12.1810000,487
2026-05-25T12:05:13.2220000,496
2026-05-25T12:05:14.2630000,492
2026-05-25T12:05:15.3140000,504
2026-05-25T12:05:16.3550000,501
2026-05-25T12:05:17.3960000,503
2026-05-25T12:05:18.4360000,510
2026-05-25T12:05:19.4770000,496
2026-05-25T12:05:20.5280000,497
2026-05-25T12:05:21.5690000,502
2026-05-25T12:05:22.6100000,507
2026-05-25T12:05:23.6500000,499
2026-05-25T12:05:24.6910000,499
2026-05-25T12:05:25.7350000,500
2026-05-25T12:05:26.7760000,503
2026-05-25T12:05:27.8270000,502
2026-05-25T12:05:28.8680000,506
2026-05-25T12:05:29.9090000,492
2026-05-25T12:05:30.9500000,516
2026-05-25T12:05:31.9900000,501
2026-05-25T12:05:33.0420000,496
2026-05-25T12:05:34.0830000,495
2026-05-25T12:05:35.1230000,501
2026-05-25T12:05:36.1640000,491
2026-05-25T12:05:37.2050000,516
2026-05-25T12:05:38.2460000,505
2026-05-25T12:05:39.2900000,511
2026-05-25T12:05:40.3310000,502
2026-05-25T12:05:41.3820000,507
2026-05-25T12:05:42.4230000,507
2026-05-25T12:05:43.4640000,524
2026-05-25T12:05:44.5040000,502
2026-05-25T12:05:45.5450000,503
2026-05-25T12:05:46.5960000,492
2026-05-25T12:05:47.6370000,504
2026-05-25T12:05:48.6780000,487
2026-05-25T12:05:49.7190000,495
2026-05-25T12:05:50.7590000,498
2026-05-25T12:05:51.8110000,491
2026-05-25T12:05:52.8510000,499
2026-05-25T12:05:53.8920000,507
2026-05-25T12:05:54.9330000,511
2026-05-25T12:05:55.9740000,508
2026-05-25T12:05:57.0250000,512
2026-05-25T12:05:58.0660000,508
2026-05-25T12:05:59.1070000,504
2026-05-25T12:06:00.1470000,517
2026-05-25T12:06:01.1880000,501
2026-05-25T12:06:02.2290000,506
2026-05-25T12:06:03.2800000,506
2026-05-25T12:06:04.3210000,507
2026-05-25T12:06:05.3620000,496
2026-05-25T12:06:06.4060000,506
2026-05-25T12:06:07.4470000,499
2026-05-25T12:06:08.4870000,505
2026-05-25T12:06:09.5280000,497
2026-05-25T12:06:10.5800000,520
2026-05-25T12:06:11.6200000,513
2026-05-25T12:06:12.6610000,513
2026-05-25T12:06:13.7020000,516
2026-05-25T12:06:14.7420000,512
2026-05-25T12:06:15.7940000,504
2026-05-25T12:06:16.8350000,508
2026-05-25T12:06:17.8750000,509
2026-05-25T12:06:18.9160000,513
2026-05-25T12:06:19.9570000,516
2026-05-25T12:06:21.0010000,505
2026-05-25T12:06:22.0420000,513
2026-05-25T12:06:23.0930000,502
2026-05-25T12:06:24.1340000,506
2026-05-25T12:06:25.1750000,507
2026-05-25T12:06:26.2160000,507
2026-05-25T12:06:27.2560000,510
2026-05-25T12:06:28.3080000,521
2026-05-25T12:06:29.3480000,512
2026-05-25T12:06:30.3890000,513
2026-05-25T12:06:31.4300000,513
2026-05-25T12:06:32.4700000,516
2026-05-25T12:06:33.5220000,518
2026-05-25T12:06:34.5620000,505
2026-05-25T12:06:35.6030000,509
2026-05-25T12:06:36.6440000,512
2026-05-25T12:06:37.6850000,510
2026-05-25T12:06:38.7360000,509
2026-05-25T12:06:39.7760000,506
2026-05-25T12:06:40.8170000,504
2026-05-25T12:06:41.8580000,507
2026-05-25T12:06:42.8990000,520
2026-05-25T12:06:43.9500000,503
2026-05-25T12:06:44.9910000,507
2026-05-25T12:06:46.0320000,496
2026-05-25T12:06:47.0720000,507
2026-05-25T12:06:48.1170000,515
2026-05-25T12:06:49.1570000,504
2026-05-25T12:06:50.1980000,508
2026-05-25T12:06:51.2490000,513
2026-05-25T12:06:52.2900000,510
2026-05-25T12:06:53.3310000,509
2026-05-25T12:06:54.3710000,521
2026-05-25T12:06:55.4120000,495
2026-05-25T12:06:56.4640000,503
2026-05-25T12:06:57.5040000,521
2026-05-25T12:06:58.5450000,522
2026-05-25T12:06:59.5860000,503
2026-05-25T12:07:00.6270000,505
2026-05-25T12:07:01.6780000,511
2026-05-25T12:07:02.7190000,527
2026-05-25T12:07:03.7590000,508
2026-05-25T12:07:04.8000000,501
2026-05-25T12:07:05.8410000,507
2026-05-25T12:07:06.8920000,498
2026-05-25T12:07:07.9330000,516
2026-05-25T12:07:08.9740000,502
2026-05-25T12:07:10.0150000,489
2026-05-25T12:07:11.0560000,501
2026-05-25T12:07:12.1070000,493
2026-05-25T12:07:13.1480000,490
2026-05-25T12:07:14.1890000,497
2026-05-25T12:07:15.2290000,513
2026-05-25T12:07:16.2740000,495
2026-05-25T12:07:17.3150000,503
2026-05-25T12:07:18.3560000,501
2026-05-25T12:07:19.4070000,500
2026-05-25T12:07:20.4470000,516
2026-05-25T12:07:21.4880000,517
2026-05-25T12:07:22.5290000,501
2026-05-25T12:07:23.5700000,514
2026-05-25T12:07:24.6210000,493
2026-05-25T12:07:25.6620000,502
2026-05-25T12:07:26.7030000,505
2026-05-25T12:07:27.7440000,505
2026-05-25T12:07:28.7850000,495
2026-05-25T12:07:29.8250000,495
2026-05-25T12:07:30.8770000,517
2026-05-25T12:07:31.9180000,499
2026-05-25T12:07:32.9580000,496
2026-05-25T12:07:33.9990000,497
2026-05-25T12:07:35.0400000,513
2026-05-25T12:07:36.0910000,513
2026-05-25T12:07:37.1320000,492
2026-05-25T12:07:38.1730000,502
2026-05-25T12:07:39.2130000,512
2026-05-25T12:07:40.2540000,503
2026-05-25T12:07:41.3050000,492
2026-05-25T12:07:42.3460000,497
2026-05-25T12:07:43.3870000,497
2026-05-25T12:07:44.4270000,509
2026-05-25T12:07:45.4680000,496
2026-05-25T12:07:46.5200000,521
2026-05-25T12:07:47.5610000,509
2026-05-25T12:07:48.6020000,515
2026-05-25T12:07:49.6420000,506
2026-05-25T12:07:50.6830000,503
2026-05-25T12:07:51.7240000,502
2026-05-25T12:07:52.7750000,499
2026-05-25T12:07:53.8160000,503
2026-05-25T12:07:54.8560000,495
2026-05-25T12:07:55.8970000,506
2026-05-25T12:07:56.9380000,511
2026-05-25T12:07:57.9890000,500
2026-05-25T12:07:59.0300000,508
2026-05-25T12:08:00.0710000,506
2026-05-25T12:08:01.1120000,492
2026-05-25T12:08:02.1520000,502
2026-05-25T12:08:03.2030000,505
2026-05-25T12:08:04.2440000,499
2026-05-25T12:08:05.2850000,498
2026-05-25T12:08:06.3260000,499
2026-05-25T12:08:07.3670000,500
2026-05-25T12:08:08.4180000,499
2026-05-25T12:08:09.4590000,494
2026-05-25T12:08:10.5030000,498
2026-05-25T12:08:11.5440000,502
2026-05-25T12:08:12.5850000,487
2026-05-25T12:08:13.6250000,499
2026-05-25T12:08:14.6660000,501
2026-05-25T12:08:15.7170000,503
2026-05-25T12:08:16.7580000,500
2026-05-25T12:08:17.7990000,507
2026-05-25T12:08:18.8400000,499
2026-05-25T12:08:19.8800000,493
2026-05-25T12:08:20.9320000,497
2026-05-25T12:08:21.9730000,493
2026-05-25T12:08:23.0130000,496
2026-05-25T12:08:24.0540000,503
2026-05-25T12:08:25.0980000,496
2026-05-25T12:08:26.1390000,515
2026-05-25T12:08:27.1800000,490
2026-05-25T12:08:28.2310000,487
2026-05-25T12:08:29.2710000,496
2026-05-25T12:08:30.3120000,495
2026-05-25T12:08:31.3530000,519
2026-05-25T12:08:32.3940000,511
2026-05-25T12:08:33.4450000,480
2026-05-25T12:08:34.4860000,499
2026-05-25T12:08:35.5270000,487
2026-05-25T12:08:36.5670000,490
2026-05-25T12:08:37.6080000,510
2026-05-25T12:08:38.6590000,500
2026-05-25T12:08:39.7000000,494
2026-05-25T12:08:40.7410000,499
2026-05-25T12:08:41.7820000,494
2026-05-25T12:08:42.8230000,492
2026-05-25T12:08:43.8630000,506
2026-05-25T12:08:44.9150000,501
2026-05-25T12:08:45.9550000,495
2026-05-25T12:08:46.9960000,507
2026-05-25T12:08:48.0370000,497
2026-05-25T12:08:49.0780000,506
2026-05-25T12:08:50.1290000,495
2026-05-25T12:08:51.1690000,498
2026-05-25T12:08:52.2100000,504
2026-05-25T12:08:53.2510000,490
2026-05-25T12:08:54.2920000,497
2026-05-25T12:08:55.3430000,495
2026-05-25T12:08:56.3840000,496
2026-05-25T12:08:57.4250000,470
2026-05-25T12:08:58.4660000,490
2026-05-25T12:08:59.5060000,495
2026-05-25T12:09:00.5470000,491
2026-05-25T12:09:01.5980000,491
2026-05-25T12:09:02.6390000,511
2026-05-25T12:09:03.6800000,496
2026-05-25T12:09:04.7210000,486
2026-05-25T12:09:05.7650000,498
2026-05-25T12:09:06.8060000,488
2026-05-25T12:09:07.8470000,491
2026-05-25T12:09:08.8980000,479
2026-05-25T12:09:09.9390000,508
2026-05-25T12:09:10.9790000,489
2026-05-25T12:09:12.0200000,495
2026-05-25T12:09:13.0610000,495
2026-05-25T12:09:14.1120000,497
2026-05-25T12:09:15.1530000,497
2026-05-25T12:09:16.1930000,492
2026-05-25T12:09:17.2340000,488
2026-05-25T12:09:18.2750000,519
2026-05-25T12:09:19.3160000,481
2026-05-25T12:09:20.3600000,480
2026-05-25T12:09:21.4110000,495
2026-05-25T12:09:22.4520000,482
2026-05-25T12:09:23.4930000,494
2026-05-25T12:09:24.5340000,500
2026-05-25T12:09:25.5750000,493
2026-05-25T12:09:26.6150000,494
2026-05-25T12:09:27.6670000,486
2026-05-25T12:09:28.7070000,495
2026-05-25T12:09:29.7480000,490
2026-05-25T12:09:30.7890000,490
2026-05-25T12:09:31.8300000,481
2026-05-25T12:09:32.8810000,470
2026-05-25T12:09:33.9220000,492
2026-05-25T12:09:34.9630000,485
2026-05-25T12:09:36.0030000,487
2026-05-25T12:09:37.0440000,491
2026-05-25T12:09:38.0950000,467
2026-05-25T12:09:39.1360000,503
2026-05-25T12:09:40.1770000,488
2026-05-25T12:09:41.2180000,487
2026-05-25T12:09:42.2580000,491
2026-05-25T12:09:43.2990000,477
2026-05-25T12:09:44.3500000,492
2026-05-25T12:09:45.3910000,500
2026-05-25T12:09:46.4320000,484
2026-05-25T12:09:47.4770000,486
2026-05-25T12:09:48.5170000,480
2026-05-25T12:09:49.5580000,491
2026-05-25T12:09:50.5990000,487
2026-05-25T12:09:51.6500000,509
2026-05-25T12:09:52.6910000,493
2026-05-25T12:09:53.7320000,477
2026-05-25T12:09:54.7730000,513
2026-05-25T12:09:55.8130000,487
2026-05-25T12:09:56.8550000,485
2026-05-25T12:09:57.9060000,477
2026-05-25T12:09:58.9470000,479
2026-05-25T12:09:59.9880000,495
2026-05-25T12:10:01.0320000,489
2026-05-25T12:10:02.0730000,485
2026-05-25T12:10:03.1130000,489
2026-05-25T12:10:04.1540000,485
2026-05-25T12:10:05.2050000,496
2026-05-25T12:10:06.2460000,486
2026-05-25T12:10:07.2870000,487
2026-05-25T12:10:08.3270000,481
2026-05-25T12:10:09.3680000,497
2026-05-25T12:10:10.4200000,492
2026-05-25T12:10:11.4600000,475
2026-05-25T12:10:12.5010000,489
2026-05-25T12:10:13.5420000,492
2026-05-25T12:10:14.5830000,483
2026-05-25T12:10:15.6270000,478
2026-05-25T12:10:16.6680000,495
2026-05-25T12:10:17.7090000,478
2026-05-25T12:10:18.7600000,493
2026-05-25T12:10:19.8010000,468
2026-05-25T12:10:20.8420000,481
2026-05-25T12:10:21.8830000,489
2026-05-25T12:10:22.9230000,480
2026-05-25T12:10:23.9740000,494
2026-05-25T12:10:25.0150000,497
2026-05-25T12:10:26.0560000,492
2026-05-25T12:10:27.0970000,488
2026-05-25T12:10:28.1370000,481
2026-05-25T12:10:29.1880000,493
2026-05-25T12:10:30.2290000,489
2026-05-25T12:10:31.2700000,490
2026-05-25T12:10:32.3110000,486
2026-05-25T12:10:33.3510000,482
2026-05-25T12:10:34.4030000,484
2026-05-25T12:10:35.4430000,490
2026-05-25T12:10:36.4840000,488
2026-05-25T12:10:37.5250000,497
2026-05-25T12:10:38.5660000,488
2026-05-25T12:10:39.6070000,484
2026-05-25T12:10:40.6580000,482
2026-05-25T12:10:41.6990000,477
2026-05-25T12:10:42.7400000,476
2026-05-25T12:10:43.7810000,482
2026-05-25T12:10:44.8220000,496
2026-05-25T12:10:45.8730000,491
2026-05-25T12:10:46.9140000,495
2026-05-25T12:10:47.9540000,489
2026-05-25T12:10:48.9950000,484
2026-05-25T12:10:50.0360000,481
2026-05-25T12:10:51.0870000,477
2026-05-25T12:10:52.1280000,485
2026-05-25T12:10:53.1690000,494
2026-05-25T12:10:54.2090000,482
2026-05-25T12:10:55.2500000,488
2026-05-25T12:10:56.2940000,487
2026-05-25T12:10:57.3350000,471
2026-05-25T12:10:58.3860000,494
2026-05-25T12:10:59.4270000,479
2026-05-25T12:11:00.4680000,488
2026-05-25T12:11:01.5090000,485
2026-05-25T12:11:02.5490000,502
2026-05-25T12:11:03.6010000,482
2026-05-25T12:11:04.6420000,485
2026-05-25T12:11:05.6820000,480
2026-05-25T12:11:06.7230000,485
2026-05-25T12:11:07.7640000,501
2026-05-25T12:11:08.8150000,482
2026-05-25T12:11:09.8560000,482
2026-05-25T12:11:10.9000000,490
2026-05-25T12:11:11.9410000,491
2026-05-25T12:11:12.9820000,473
2026-05-25T12:11:14.0220000,478
2026-05-25T12:11:15.0630000,459
2026-05-25T12:11:16.1140000,478
2026-05-25T12:11:17.1550000,489
2026-05-25T12:11:18.1960000,487
2026-05-25T12:11:19.2370000,489
2026-05-25T12:11:20.2780000,499
2026-05-25T12:11:21.3190000,492
2026-05-25T12:11:22.3700000,492
2026-05-25T12:11:23.4110000,485
2026-05-25T12:11:24.4510000,474
2026-05-25T12:11:25.4920000,479
2026-05-25T12:11:26.5330000,486
2026-05-25T12:11:27.5850000,498
2026-05-25T12:11:28.6250000,495
2026-05-25T12:11:29.6660000,477
2026-05-25T12:11:30.7070000,493
2026-05-25T12:11:31.7480000,479
2026-05-25T12:11:32.7890000,485
2026-05-25T12:11:33.8400000,496
2026-05-25T12:11:34.8810000,484
2026-05-25T12:11:35.9210000,486
2026-05-25T12:11:36.9620000,492
2026-05-25T12:11:38.0030000,485
2026-05-25T12:11:39.0540000,478
2026-05-25T12:11:40.0950000,485
2026-05-25T12:11:41.1360000,494
2026-05-25T12:11:42.1760000,491
2026-05-25T12:11:43.2170000,481
2026-05-25T12:11:44.2680000,477
2026-05-25T12:11:45.3090000,488
2026-05-25T12:11:46.3500000,481
2026-05-25T12:11:47.3910000,468
2026-05-25T12:11:48.4320000,484
2026-05-25T12:11:49.4730000,466
2026-05-25T12:11:50.5240000,480
2026-05-25T12:11:51.5650000,477
2026-05-25T12:11:52.6050000,486
2026-05-25T12:11:53.6460000,481
2026-05-25T12:11:54.6870000,495
2026-05-25T12:11:55.7380000,472
2026-05-25T12:11:56.7790000,479
2026-05-25T12:11:57.8200000,481
2026-05-25T12:11:58.8610000,473
2026-05-25T12:11:59.9020000,484
2026-05-25T12:12:00.9530000,481
2026-05-25T12:12:01.9940000,489
2026-05-25T12:12:03.0340000,491
2026-05-25T12:12:04.0750000,491
2026-05-25T12:12:05.1160000,484
2026-05-25T12:12:06.1600000,485
2026-05-25T12:12:07.2110000,476
2026-05-25T12:12:08.2520000,486
2026-05-25T12:12:09.2930000,494
2026-05-25T12:12:10.3340000,485
2026-05-25T12:12:11.3750000,483
2026-05-25T12:12:12.4160000,485
2026-05-25T12:12:13.4670000,491
2026-05-25T12:12:14.5080000,467
2026-05-25T12:12:15.5490000,480
2026-05-25T12:12:16.5890000,479
2026-05-25T12:12:17.6300000,480
2026-05-25T12:12:18.6810000,489
2026-05-25T12:12:19.7260000,490
2026-05-25T12:12:20.7660000,478
2026-05-25T12:12:21.8070000,477
2026-05-25T12:12:22.8480000,463
2026-05-25T12:12:23.8890000,477
2026-05-25T12:12:24.9400000,493
2026-05-25T12:12:25.9810000,486
2026-05-25T12:12:27.0220000,472
2026-05-25T12:12:28.0630000,482
2026-05-25T12:12:29.1030000,487
2026-05-25T12:12:30.1440000,479
2026-05-25T12:12:31.1950000,481
2026-05-25T12:12:32.2360000,484
2026-05-25T12:12:33.2770000,457
2026-05-25T12:12:34.3180000,485
2026-05-25T12:12:35.3590000,474
2026-05-25T12:12:36.4100000,492
2026-05-25T12:12:37.4510000,474
2026-05-25T12:12:38.4920000,486
2026-05-25T12:12:39.5330000,477
2026-05-25T12:12:40.5730000,483
2026-05-25T12:12:41.6250000,483
2026-05-25T12:12:42.6660000,470
2026-05-25T12:12:43.7060000,482
2026-05-25T12:12:44.7470000,480
2026-05-25T12:12:45.7880000,480
2026-05-25T12:12:46.8320000,487
2026-05-25T12:12:47.8720000,470
2026-05-25T12:12:48.9240000,479
2026-05-25T12:12:49.9650000,485
2026-05-25T12:12:51.0050000,462
2026-05-25T12:12:52.0460000,471
2026-05-25T12:12:53.0870000,494
2026-05-25T12:12:54.1380000,480
2026-05-25T12:12:55.1790000,492
2026-05-25T12:12:56.2200000,492
2026-05-25T12:12:57.2610000,477
2026-05-25T12:12:58.3010000,471
2026-05-25T12:12:59.3530000,474
2026-05-25T12:13:00.3940000,482
2026-05-25T12:13:01.4340000,490
2026-05-25T12:13:02.4750000,493
2026-05-25T12:13:03.5160000,477
2026-05-25T12:13:04.5670000,494
2026-05-25T12:13:05.6080000,487
2026-05-25T12:13:06.6490000,478
2026-05-25T12:13:07.6900000,485
2026-05-25T12:13:08.7310000,492
2026-05-25T12:13:09.7820000,484
2026-05-25T12:13:10.8230000,481
2026-05-25T12:13:11.8640000,490
2026-05-25T12:13:12.9050000,484
2026-05-25T12:13:13.9450000,490
2026-05-25T12:13:14.9900000,481
2026-05-25T12:13:16.0300000,479
2026-05-25T12:13:17.0820000,468
2026-05-25T12:13:18.1220000,484
2026-05-25T12:13:19.1630000,475
2026-05-25T12:13:20.2040000,491
2026-05-25T12:13:21.2450000,485
2026-05-25T12:13:22.2960000,481
2026-05-25T12:13:23.3370000,488
2026-05-25T12:13:24.3780000,477
2026-05-25T12:13:25.4190000,479
2026-05-25T12:13:26.4590000,478
2026-05-25T12:13:27.5110000,489
2026-05-25T12:13:28.5450000,472
2026-05-25T12:13:29.5960000,489
2026-05-25T12:13:30.6370000,481
2026-05-25T12:13:31.6770000,479
2026-05-25T12:13:32.7180000,478
2026-05-25T12:13:33.7590000,484
2026-05-25T12:13:34.8100000,474
2026-05-25T12:13:35.8510000,468
2026-05-25T12:13:36.8920000,484
2026-05-25T12:13:37.9330000,485
2026-05-25T12:13:38.9730000,482
2026-05-25T12:13:40.0250000,486
2026-05-25T12:13:41.0650000,489
2026-05-25T12:13:42.1100000,482
2026-05-25T12:13:43.1510000,483
2026-05-25T12:13:44.1910000,489
2026-05-25T12:13:45.2320000,487
2026-05-25T12:13:46.2730000,475
2026-05-25T12:13:47.3240000,486
2026-05-25T12:13:48.3650000,488
2026-05-25T12:13:49.4060000,490
2026-05-25T12:13:50.4470000,464
2026-05-25T12:13:51.4880000,484
2026-05-25T12:13:52.5390000,486
2026-05-25T12:13:53.5800000,478
2026-05-25T12:13:54.6200000,485
2026-05-25T12:13:55.6610000,482
2026-05-25T12:13:56.7020000,474
2026-05-25T12:13:57.7530000,487
2026-05-25T12:13:58.7940000,483
2026-05-25T12:13:59.8340000,484
2026-05-25T12:14:00.8750000,478
2026-05-25T12:14:01.9160000,481
2026-05-25T12:14:02.9670000,478
2026-05-25T12:14:04.0080000,474
2026-05-25T12:14:05.0490000,489
2026-05-25T12:14:06.0890000,485
2026-05-25T12:14:07.1300000,472
2026-05-25T12:14:08.1820000,486
2026-05-25T12:14:09.2220000,476
2026-05-25T12:14:10.2600000,480
2026-05-25T12:14:11.3000000,467
2026-05-25T12:14:12.3520000,468
2026-05-25T12:14:13.3930000,481
2026-05-25T12:14:14.4330000,487
2026-05-25T12:14:15.4740000,480
2026-05-25T12:14:16.5150000,468
2026-05-25T12:14:17.5660000,468
2026-05-25T12:14:18.6070000,472
2026-05-25T12:14:19.6480000,466
2026-05-25T12:14:20.6880000,495
2026-05-25T12:14:21.7290000,471
2026-05-25T12:14:22.7800000,480
2026-05-25T12:14:23.8140000,477
2026-05-25T12:14:24.8650000,486
2026-05-25T12:14:25.9060000,465
2026-05-25T12:14:26.9470000,486
2026-05-25T12:14:27.9880000,480
2026-05-25T12:14:29.0290000,467
2026-05-25T12:14:30.0800000,484
2026-05-25T12:14:31.1210000,465
2026-05-25T12:14:32.1620000,480
2026-05-25T12:14:33.2020000,459
2026-05-25T12:14:34.2430000,478
2026-05-25T12:14:35.2950000,482
2026-05-25T12:14:36.3350000,475
2026-05-25T12:14:37.3760000,474
2026-05-25T12:14:38.4170000,464
2026-05-25T12:14:39.4580000,477
2026-05-25T12:14:40.5090000,475
2026-05-25T12:14:41.5500000,474
2026-05-25T12:14:42.5900000,474
2026-05-25T12:14:43.6310000,475
2026-05-25T12:14:44.6720000,472
2026-05-25T12:14:45.7230000,476
2026-05-25T12:14:46.7640000,480
2026-05-25T12:14:47.8050000,486
2026-05-25T12:14:48.8450000,477
2026-05-25T12:14:49.8860000,487
2026-05-25T12:14:50.9300000,462
2026-05-25T12:14:51.9710000,484
2026-05-25T12:14:53.0230000,487
2026-05-25T12:14:54.0630000,470
2026-05-25T12:14:55.1040000,480
2026-05-25T12:14:56.1450000,460
2026-05-25T12:14:57.1860000,472
2026-05-25T12:14:58.2370000,467
2026-05-25T12:14:59.2780000,473
2026-05-25T12:15:00.3190000,474
2026-05-25T12:15:01.3590000,477
2026-05-25T12:15:02.4000000,478
2026-05-25T12:15:03.4520000,455
2026-05-25T12:15:04.4920000,473
2026-05-25T12:15:05.5370000,477
2026-05-25T12:15:06.5770000,471
2026-05-25T12:15:07.6180000,472
2026-05-25T12:15:08.6590000,485
2026-05-25T12:15:09.7000000,458
2026-05-25T12:15:10.7510000,483
2026-05-25T12:15:11.7920000,456
2026-05-25T12:15:12.8320000,464
2026-05-25T12:15:13.8730000,466
2026-05-25T12:15:14.9140000,468
2026-05-25T12:15:15.9650000,472
2026-05-25T12:15:17.0060000,485
2026-05-25T12:15:18.0470000,478
2026-05-25T12:15:19.0910000,484
2026-05-25T12:15:20.1320000,470
2026-05-25T12:15:21.1730000,480
2026-05-25T12:15:22.2130000,480
2026-05-25T12:15:23.2650000,492
2026-05-25T12:15:24.3050000,484
2026-05-25T12:15:25.3460000,477
2026-05-25T12:15:26.3870000,473
2026-05-25T12:15:27.4280000,473
2026-05-25T12:15:28.4790000,493
2026-05-25T12:15:29.5200000,469
2026-05-25T12:15:30.5600000,479
2026-05-25T12:15:31.6010000,480
2026-05-25T12:15:32.6420000,469
2026-05-25T12:15:33.6830000,489
2026-05-25T12:15:34.7340000,484
2026-05-25T12:15:35.7750000,482
2026-05-25T12:15:36.8160000,468
2026-05-25T12:15:37.8570000,473
2026-05-25T12:15:38.8970000,468
2026-05-25T12:15:39.9490000,465
2026-05-25T12:15:40.9890000,487
2026-05-25T12:15:42.0300000,477
2026-05-25T12:15:43.0710000,484
2026-05-25T12:15:44.1120000,493
2026-05-25T12:15:45.1630000,475
2026-05-25T12:15:46.1970000,471
2026-05-25T12:15:47.2480000,473
2026-05-25T12:15:48.2890000,471
2026-05-25T12:15:49.3300000,481
2026-05-25T12:15:50.3700000,476
2026-05-25T12:15:51.4110000,470
2026-05-25T12:15:52.4620000,479
2026-05-25T12:15:53.5030000,460
2026-05-25T12:15:54.5440000,482
2026-05-25T12:15:55.5850000,475
2026-05-25T12:15:56.6260000,473
2026-05-25T12:15:57.6770000,479
2026-05-25T12:15:58.7180000,470
2026-05-25T12:15:59.7590000,475
2026-05-25T12:16:00.8030000,477
2026-05-25T12:16:01.8440000,471
2026-05-25T12:16:02.8840000,475
2026-05-25T12:16:03.9250000,482
2026-05-25T12:16:04.9770000,482
2026-05-25T12:16:06.0170000,481
2026-05-25T12:16:07.0580000,477
2026-05-25T12:16:08.0990000,468
2026-05-25T12:16:09.1400000,480
2026-05-25T12:16:10.1910000,462
2026-05-25T12:16:11.2320000,470
2026-05-25T12:16:12.2730000,479
2026-05-25T12:16:13.3140000,469
2026-05-25T12:16:14.3550000,462
2026-05-25T12:16:15.4060000,480
2026-05-25T12:16:16.4470000,468
2026-05-25T12:16:17.4870000,474
2026-05-25T12:16:18.5280000,480
2026-05-25T12:16:19.5690000,477
2026-05-25T12:16:20.6200000,470
2026-05-25T12:16:21.6610000,477
2026-05-25T12:16:22.7020000,462
2026-05-25T12:16:23.7430000,474
2026-05-25T12:16:24.7830000,481
2026-05-25T12:16:25.8350000,488
2026-05-25T12:16:26.8760000,470
2026-05-25T12:16:27.9200000,484
2026-05-25T12:16:28.9610000,470
2026-05-25T12:16:30.0010000,471
2026-05-25T12:16:31.0420000,496
2026-05-25T12:16:32.0830000,481
2026-05-25T12:16:33.1340000,486
2026-05-25T12:16:34.1750000,480
2026-05-25T12:16:35.2160000,471
2026-05-25T12:16:36.2570000,495
2026-05-25T12:16:37.2970000,480
2026-05-25T12:16:38.3490000,488
2026-05-25T12:16:39.3890000,482
2026-05-25T12:16:40.4300000,457
2026-05-25T12:16:41.4710000,479
2026-05-25T12:16:42.5110000,483
2026-05-25T12:16:43.5630000,462
2026-05-25T12:16:44.6030000,482
2026-05-25T12:16:45.6440000,466
2026-05-25T12:16:46.6850000,477
2026-05-25T12:16:47.7260000,475
2026-05-25T12:16:48.7770000,471
2026-05-25T12:16:49.8180000,467
2026-05-25T12:16:50.8590000,469
2026-05-25T12:16:51.8990000,487
2026-05-25T12:16:52.9400000,492
2026-05-25T12:16:53.9920000,471
2026-05-25T12:16:55.0320000,479
2026-05-25T12:16:56.0730000,470
2026-05-25T12:16:57.1150000,483
2026-05-25T12:16:58.1550000,488
2026-05-25T12:16:59.1960000,490
2026-05-25T12:17:00.2470000,484
2026-05-25T12:17:01.2880000,475
2026-05-25T12:17:02.3290000,482
2026-05-25T12:17:03.3700000,484
2026-05-25T12:17:04.4100000,480
2026-05-25T12:17:05.4620000,482
2026-05-25T12:17:06.5020000,492
2026-05-25T12:17:07.5430000,490
2026-05-25T12:17:08.5840000,483
2026-05-25T12:17:09.6280000,490
2026-05-25T12:17:10.6690000,479
2026-05-25T12:17:11.7200000,492
2026-05-25T12:17:12.7610000,484
2026-05-25T12:17:13.8020000,492
2026-05-25T12:17:14.8430000,485
2026-05-25T12:17:15.8830000,485
2026-05-25T12:17:16.9240000,491
2026-05-25T12:17:17.9750000,484
2026-05-25T12:17:19.0160000,498
2026-05-25T12:17:20.0570000,482
2026-05-25T12:17:21.0980000,481
2026-05-25T12:17:22.1380000,474
2026-05-25T12:17:23.1900000,487
2026-05-25T12:17:24.2310000,477
2026-05-25T12:17:25.2710000,488
2026-05-25T12:17:26.3120000,489
2026-05-25T12:17:27.3530000,488
2026-05-25T12:17:28.4040000,493
2026-05-25T12:17:29.4450000,497
2026-05-25T12:17:30.4850000,484
2026-05-25T12:17:31.5260000,491
2026-05-25T12:17:32.5670000,495
2026-05-25T12:17:33.6180000,490
2026-05-25T12:17:34.6590000,478
2026-05-25T12:17:35.7000000,486
2026-05-25T12:17:36.7410000,492
2026-05-25T12:17:37.7810000,485
2026-05-25T12:17:38.8330000,477
2026-05-25T12:17:39.8730000,481
2026-05-25T12:17:40.9140000,480
2026-05-25T12:17:41.9550000,495
2026-05-25T12:17:42.9960000,488
2026-05-25T12:17:44.0470000,499
2026-05-25T12:17:45.0880000,505
2026-05-25T12:17:46.1290000,498
2026-05-25T12:17:47.1700000,494
2026-05-25T12:17:48.2100000,483
2026-05-25T12:17:49.2620000,500
2026-05-25T12:17:50.2990000,498
2026-05-25T12:17:51.3390000,494
2026-05-25T12:17:52.3800000,487
2026-05-25T12:17:53.4310000,503
2026-05-25T12:17:54.4720000,501
2026-05-25T12:17:55.5130000,494
2026-05-25T12:17:56.5540000,475
2026-05-25T12:17:57.5950000,496
2026-05-25T12:17:58.6460000,498
2026-05-25T12:17:59.6870000,493
2026-05-25T12:18:00.7270000,491
2026-05-25T12:18:01.7680000,482
2026-05-25T12:18:02.8090000,478
2026-05-25T12:18:03.8600000,494
2026-05-25T12:18:04.9010000,495
2026-05-25T12:18:05.9420000,504
2026-05-25T12:18:06.9830000,494
2026-05-25T12:18:08.0240000,498
2026-05-25T12:18:09.0750000,498
2026-05-25T12:18:10.1160000,499
2026-05-25T12:18:11.1570000,508
2026-05-25T12:18:12.1980000,487
2026-05-25T12:18:13.2390000,498
2026-05-25T12:18:14.2900000,509
2026-05-25T12:18:15.3300000,494
2026-05-25T12:18:16.3710000,493
2026-05-25T12:18:17.4120000,495
2026-05-25T12:18:18.4520000,494
2026-05-25T12:18:19.5040000,506
2026-05-25T12:18:20.5440000,493
2026-05-25T12:18:21.5850000,499
2026-05-25T12:18:22.6260000,511
2026-05-25T12:18:23.6670000,503
2026-05-25T12:18:24.7180000,495
2026-05-25T12:18:25.7590000,501
2026-05-25T12:18:26.8000000,504
2026-05-25T12:18:27.8400000,504
2026-05-25T12:18:28.8810000,502
2026-05-25T12:18:29.9320000,508
2026-05-25T12:18:30.9730000,504
2026-05-25T12:18:32.0140000,501
2026-05-25T12:18:33.0550000,485
2026-05-25T12:18:34.0960000,504
2026-05-25T12:18:35.1470000,514
2026-05-25T12:18:36.1870000,517
2026-05-25T12:18:37.2280000,504
2026-05-25T12:18:38.2690000,497
2026-05-25T12:18:39.3100000,499
2026-05-25T12:18:40.3610000,501
2026-05-25T12:18:41.4020000,503
2026-05-25T12:18:42.4430000,490
2026-05-25T12:18:43.4830000,505
2026-05-25T12:18:44.5240000,499
2026-05-25T12:18:45.5720000,499
2026-05-25T12:18:46.6130000,503
2026-05-25T12:18:47.6540000,493
2026-05-25T12:18:48.6950000,474
2026-05-25T12:18:49.7460000,498
2026-05-25T12:18:50.7870000,504
2026-05-25T12:18:51.8270000,490
2026-05-25T12:18:52.8680000,486
2026-05-25T12:18:53.9090000,497
2026-05-25T12:18:54.9600000,499
2026-05-25T12:18:56.0010000,495
2026-05-25T12:18:57.0420000,509
2026-05-25T12:18:58.0830000,502
2026-05-25T12:18:59.1240000,492
2026-05-25T12:19:00.1750000,498
2026-05-25T12:19:01.2160000,486
2026-05-25T12:19:02.2560000,491
2026-05-25T12:19:03.2970000,492
2026-05-25T12:19:04.3380000,505
2026-05-25T12:19:05.3890000,489
2026-05-25T12:19:06.4300000,489
2026-05-25T12:19:07.4710000,485
2026-05-25T12:19:08.5110000,500
2026-05-25T12:19:09.5520000,503
2026-05-25T12:19:10.5930000,495
2026-05-25T12:19:11.6440000,497
2026-05-25T12:19:12.6850000,489
2026-05-25T12:19:13.7260000,499
2026-05-25T12:19:14.7670000,488
2026-05-25T12:19:15.8070000,503
2026-05-25T12:19:16.8590000,484
2026-05-25T12:19:17.9000000,506
2026-05-25T12:19:18.9410000,503
2026-05-25T12:19:19.9810000,511
2026-05-25T12:19:21.0220000,487
2026-05-25T12:19:22.0730000,503
2026-05-25T12:19:23.1140000,479
2026-05-25T12:19:24.1550000,497
2026-05-25T12:19:25.1960000,487
2026-05-25T12:19:26.2360000,495
2026-05-25T12:19:27.2870000,488
2026-05-25T12:19:28.3280000,508
2026-05-25T12:19:29.3690000,500
2026-05-25T12:19:30.4100000,496
2026-05-25T12:19:31.4510000,498
2026-05-25T12:19:32.4920000,489
2026-05-25T12:19:33.5430000,492
2026-05-25T12:19:34.5840000,489
2026-05-25T12:19:35.6240000,489
2026-05-25T12:19:36.6650000,499
2026-05-25T12:19:37.7060000,495
2026-05-25T12:19:38.7570000,481
2026-05-25T12:19:39.7980000,485
2026-05-25T12:19:40.8420000,488
2026-05-25T12:19:41.8830000,498
2026-05-25T12:19:42.9240000,487
2026-05-25T12:19:43.9640000,483
2026-05-25T12:19:45.0050000,493
2026-05-25T12:19:46.0560000,499
2026-05-25T12:19:47.0980000,493
2026-05-25T12:19:48.1380000,494
2026-05-25T12:19:49.1790000,483
2026-05-25T12:19:50.2200000,502
2026-05-25T12:19:51.2710000,499
2026-05-25T12:19:52.3120000,492
2026-05-25T12:19:53.3520000,496
2026-05-25T12:19:54.3930000,500
2026-05-25T12:19:55.4340000,500
2026-05-25T12:19:56.4750000,491
2026-05-25T12:19:57.5260000,503
2026-05-25T12:19:58.5670000,499
2026-05-25T12:19:59.6080000,482
2026-05-25T12:20:00.6480000,489
2026-05-25T12:20:01.6890000,504
2026-05-25T12:20:02.7410000,498
2026-05-25T12:20:03.7810000,493
2026-05-25T12:20:04.8220000,495
2026-05-25T12:20:05.8630000,485
2026-05-25T12:20:06.9040000,485
2026-05-25T12:20:07.9450000,488
2026-05-25T12:20:08.9960000,489
2026-05-25T12:20:10.0370000,491
2026-05-25T12:20:11.0770000,505
2026-05-25T12:20:12.1180000,510
2026-05-25T12:20:13.1590000,499
2026-05-25T12:20:14.2100000,494
2026-05-25T12:20:15.2510000,495
2026-05-25T12:20:16.2920000,493
2026-05-25T12:20:17.3320000,494
2026-05-25T12:20:18.3730000,501
2026-05-25T12:20:19.4240000,499
2026-05-25T12:20:20.4650000,492
2026-05-25T12:20:21.5060000,489
2026-05-25T12:20:22.5500000,507
2026-05-25T12:20:23.5910000,504
2026-05-25T12:20:24.6320000,496
2026-05-25T12:20:25.6830000,497
2026-05-25T12:20:26.7240000,498
2026-05-25T12:20:27.7650000,488
2026-05-25T12:20:28.8050000,510
2026-05-25T12:20:29.8460000,489
2026-05-25T12:20:30.8870000,492
2026-05-25T12:20:31.9380000,498
2026-05-25T12:20:32.9790000,495
2026-05-25T12:20:34.0200000,492
2026-05-25T12:20:35.0600000,489
2026-05-25T12:20:36.1010000,482
2026-05-25T12:20:37.1530000,484
2026-05-25T12:20:38.1930000,494
2026-05-25T12:20:39.2340000,493
2026-05-25T12:20:40.2750000,493
2026-05-25T12:20:41.3160000,484
2026-05-25T12:20:42.3670000,495
2026-05-25T12:20:43.4080000,502
2026-05-25T12:20:44.4480000,487
2026-05-25T12:20:45.4890000,483
2026-05-25T12:20:46.5300000,481
2026-05-25T12:20:47.5810000,493
2026-05-25T12:20:48.6220000,508
2026-05-25T12:20:49.6630000,492
2026-05-25T12:20:50.7040000,485
2026-05-25T12:20:51.7440000,493
2026-05-25T12:20:52.7960000,489
2026-05-25T12:20:53.8360000,486
2026-05-25T12:20:54.8770000,490
2026-05-25T12:20:55.9180000,477
2026-05-25T12:20:56.9590000,491
2026-05-25T12:20:58.0100000,491
2026-05-25T12:20:59.0510000,485
2026-05-25T12:21:00.0910000,489
2026-05-25T12:21:01.1320000,483
2026-05-25T12:21:02.1730000,475
2026-05-25T12:21:03.2240000,479
2026-05-25T12:21:04.2650000,477
2026-05-25T12:21:05.3060000,480
2026-05-25T12:21:06.3470000,491
2026-05-25T12:21:07.3870000,494
2026-05-25T12:21:08.4390000,473
2026-05-25T12:21:09.4790000,471
2026-05-25T12:21:10.5200000,485
2026-05-25T12:21:11.5610000,487
2026-05-25T12:21:12.6020000,500
2026-05-25T12:21:13.6420000,494
2026-05-25T12:21:14.6940000,477
2026-05-25T12:21:15.7340000,480
2026-05-25T12:21:16.7790000,493
2026-05-25T12:21:17.8190000,487
2026-05-25T12:21:18.8600000,477
2026-05-25T12:21:19.9010000,478
2026-05-25T12:21:20.9420000,490
2026-05-25T12:21:21.9930000,477
2026-05-25T12:21:23.0330000,484
2026-05-25T12:21:24.0740000,475
2026-05-25T12:21:25.1150000,476
2026-05-25T12:21:26.1560000,482
2026-05-25T12:21:27.2070000,483
2026-05-25T12:21:28.2480000,489
2026-05-25T12:21:29.2890000,474
2026-05-25T12:21:30.3290000,474
2026-05-25T12:21:31.3740000,479
2026-05-25T12:21:32.4140000,492
2026-05-25T12:21:33.4550000,490
2026-05-25T12:21:34.5070000,488
2026-05-25T12:21:35.5470000,486
2026-05-25T12:21:36.5880000,487
2026-05-25T12:21:37.6290000,472
2026-05-25T12:21:38.6700000,485
2026-05-25T12:21:39.7210000,481
2026-05-25T12:21:40.7620000,486
2026-05-25T12:21:41.8020000,484
2026-05-25T12:21:42.8430000,484
2026-05-25T12:21:43.8840000,475
2026-05-25T12:21:44.9350000,487
2026-05-25T12:21:45.9760000,488
2026-05-25T12:21:47.0170000,487
2026-05-25T12:21:48.0570000,468
2026-05-25T12:21:49.0980000,483
2026-05-25T12:21:50.1490000,474
2026-05-25T12:21:51.1900000,477
2026-05-25T12:21:52.2310000,485
2026-05-25T12:21:53.2720000,494
2026-05-25T12:21:54.3130000,486
2026-05-25T12:21:55.3640000,476
2026-05-25T12:21:56.4050000,490
2026-05-25T12:21:57.4460000,495
2026-05-25T12:21:58.4900000,483
2026-05-25T12:21:59.5310000,475
2026-05-25T12:22:00.5720000,478
2026-05-25T12:22:01.6120000,477
2026-05-25T12:22:02.6640000,486
2026-05-25T12:22:03.7050000,479
2026-05-25T12:22:04.7450000,503
2026-05-25T12:22:05.7860000,484
2026-05-25T12:22:06.8290000,461
2026-05-25T12:22:07.8700000,478
2026-05-25T12:22:08.9110000,478
2026-05-25T12:22:09.9620000,488
2026-05-25T12:22:11.0030000,474
2026-05-25T12:22:12.0400000,486
2026-05-25T12:22:13.0920000,479
2026-05-25T12:22:14.1320000,476
2026-05-25T12:22:15.1730000,477
2026-05-25T12:22:16.2140000,485
2026-05-25T12:22:17.2550000,472
2026-05-25T12:22:18.2960000,488
2026-05-25T12:22:19.3470000,481
2026-05-25T12:22:20.3880000,475
2026-05-25T12:22:21.4290000,476
2026-05-25T12:22:22.4690000,488
2026-05-25T12:22:23.5100000,479
2026-05-25T12:22:24.5610000,483
2026-05-25T12:22:25.6020000,484
2026-05-25T12:22:27.6870000,466
2026-05-25T12:22:28.7280000,484
2026-05-25T12:22:29.7690000,476
2026-05-25T12:22:30.8090000,479
2026-05-25T12:22:31.8610000,473
2026-05-25T12:22:32.9010000,486
2026-05-25T12:22:33.9420000,476
2026-05-25T12:22:34.9830000,485
2026-05-25T12:22:36.0240000,474
2026-05-25T12:22:37.0750000,468
2026-05-25T12:22:38.1160000,488
2026-05-25T12:22:39.1570000,485
2026-05-25T12:22:40.1980000,474
2026-05-25T12:22:41.2380000,495
2026-05-25T12:22:42.2790000,473
2026-05-25T12:22:43.3300000,487
2026-05-25T12:22:44.3710000,481
2026-05-25T12:22:45.4120000,489
2026-05-25T12:22:46.4530000,489
2026-05-25T12:22:47.4940000,488
2026-05-25T12:22:48.5450000,490
2026-05-25T12:22:49.5860000,479
2026-05-25T12:22:50.6260000,464
2026-05-25T12:22:51.6670000,475
2026-05-25T12:22:52.7080000,475
2026-05-25T12:22:53.7520000,481
2026-05-25T12:22:54.7930000,477
2026-05-25T12:22:55.8440000,484
2026-05-25T12:22:56.8850000,481
2026-05-25T12:22:57.9250000,472
2026-05-25T12:22:58.9660000,465
2026-05-25T12:23:00.0070000,483
2026-05-25T12:23:01.0580000,473
2026-05-25T12:23:02.0990000,477
2026-05-25T12:23:03.1400000,481
2026-05-25T12:23:04.1810000,470
2026-05-25T12:23:05.2210000,489
2026-05-25T12:23:06.2730000,469
2026-05-25T12:23:07.3070000,478
2026-05-25T12:23:08.3580000,483
2026-05-25T12:23:09.3990000,472
2026-05-25T12:23:10.4390000,470
2026-05-25T12:23:11.4800000,476
2026-05-25T12:23:12.5210000,468
2026-05-25T12:23:13.5720000,472
2026-05-25T12:23:14.6130000,459
2026-05-25T12:23:15.6540000,474
2026-05-25T12:23:16.6950000,471
2026-05-25T12:23:17.7350000,476
2026-05-25T12:23:18.7870000,464
2026-05-25T12:23:19.8270000,473
2026-05-25T12:23:20.8680000,478
2026-05-25T12:23:21.9120000,466
2026-05-25T12:23:22.9530000,466
2026-05-25T12:23:23.9940000,476
2026-05-25T12:23:25.0350000,465
2026-05-25T12:23:26.0860000,475
2026-05-25T12:23:27.1270000,480
2026-05-25T12:23:28.1680000,478
2026-05-25T12:23:29.2090000,481
2026-05-25T12:23:30.2500000,482
2026-05-25T12:23:31.3010000,477
2026-05-25T12:23:32.3420000,452
2026-05-25T12:23:33.3820000,476
2026-05-25T12:23:34.4230000,485
2026-05-25T12:23:35.4670000,465
2026-05-25T12:23:36.5080000,477
2026-05-25T12:23:37.5490000,480
2026-05-25T12:23:38.6000000,472
2026-05-25T12:23:39.6410000,481
2026-05-25T12:23:40.6820000,467
2026-05-25T12:23:41.7220000,478
2026-05-25T12:23:42.7630000,474
2026-05-25T12:23:43.8140000,465
2026-05-25T12:23:44.8550000,482
2026-05-25T12:23:45.8960000,493
2026-05-25T12:23:46.9360000,460
2026-05-25T12:23:47.9880000,485
2026-05-25T12:23:49.0210000,473
2026-05-25T12:23:50.0720000,467
2026-05-25T12:23:51.1130000,478
2026-05-25T12:23:52.1540000,474
2026-05-25T12:23:53.1950000,480
2026-05-25T12:23:54.2360000,479
2026-05-25T12:23:55.2870000,469
2026-05-25T12:23:56.3280000,472
2026-05-25T12:23:57.3690000,476
2026-05-25T12:23:58.4100000,464
2026-05-25T12:23:59.4500000,468
2026-05-25T12:24:00.5020000,490
2026-05-25T12:24:01.5420000,472
2026-05-25T12:24:02.5830000,471
2026-05-25T12:24:03.6240000,463
2026-05-25T12:24:04.6650000,481
2026-05-25T12:24:05.7160000,462
2026-05-25T12:24:06.7570000,486
2026-05-25T12:24:07.7970000,478
2026-05-25T12:24:08.8380000,473
2026-05-25T12:24:09.8790000,491
2026-05-25T12:24:10.9300000,478
2026-05-25T12:24:11.9710000,467
2026-05-25T12:24:13.0120000,478
2026-05-25T12:24:14.0520000,472
2026-05-25T12:24:15.0930000,473
2026-05-25T12:24:16.1440000,483
2026-05-25T12:24:17.1850000,473
2026-05-25T12:24:18.2260000,475
2026-05-25T12:24:19.2670000,478
2026-05-25T12:24:20.3080000,476
2026-05-25T12:24:21.3480000,469
2026-05-25T12:24:22.4000000,470
2026-05-25T12:24:23.4410000,478
2026-05-25T12:24:24.4810000,483
2026-05-25T12:24:25.5220000,474
2026-05-25T12:24:26.5630000,479
2026-05-25T12:24:27.6140000,482
2026-05-25T12:24:28.6550000,466
2026-05-25T12:24:29.6960000,462
2026-05-25T12:24:30.7400000,476
2026-05-25T12:24:31.7810000,473
2026-05-25T12:24:32.8210000,474
2026-05-25T12:24:33.8620000,481
2026-05-25T12:24:34.9130000,476
2026-05-25T12:24:35.9540000,463
2026-05-25T12:24:36.9950000,470
2026-05-25T12:24:38.0360000,463
2026-05-25T12:24:39.0770000,464
2026-05-25T12:24:40.1280000,471
2026-05-25T12:24:41.1690000,466
2026-05-25T12:24:42.2090000,465
2026-05-25T12:24:43.2500000,472
2026-05-25T12:24:44.2940000,469
2026-05-25T12:24:45.3350000,468
2026-05-25T12:24:46.3860000,472
2026-05-25T12:24:48.4680000,482
2026-05-25T12:24:49.5090000,477
2026-05-25T12:24:50.5500000,474
2026-05-25T12:24:51.5900000,460
2026-05-25T12:24:52.6420000,467
2026-05-25T12:24:53.6820000,455
2026-05-25T12:24:55.7640000,479
2026-05-25T12:24:56.8050000,475
2026-05-25T12:24:57.8490000,474
2026-05-25T12:24:58.8900000,459
2026-05-25T12:24:59.9410000,469
2026-05-25T12:25:00.9820000,480
2026-05-25T12:25:02.0220000,478
2026-05-25T12:25:03.0630000,471
2026-05-25T12:25:04.1040000,479
2026-05-25T12:25:05.1550000,473
2026-05-25T12:25:06.1960000,482
2026-05-25T12:25:07.2370000,464
2026-05-25T12:25:08.2780000,471
2026-05-25T12:25:09.3190000,471
2026-05-25T12:25:10.3700000,460
2026-05-25T12:25:11.4110000,485
2026-05-25T12:25:12.4520000,484
2026-05-25T12:25:13.4920000,462
2026-05-25T12:25:14.5330000,462
2026-05-25T12:25:15.5840000,463
2026-05-25T12:25:16.6250000,472
2026-05-25T12:25:17.6660000,461
2026-05-25T12:25:18.7060000,472
2026-05-25T12:25:19.7470000,465
2026-05-25T12:25:20.7980000,461
2026-05-25T12:25:21.8390000,456
2026-05-25T12:25:22.8800000,469
2026-05-25T12:25:23.9210000,480
2026-05-25T12:25:24.9610000,469
2026-05-25T12:25:26.0060000,467
2026-05-25T12:25:27.0470000,484
2026-05-25T12:25:28.0980000,483
2026-05-25T12:25:29.1390000,469
2026-05-25T12:25:30.1790000,458
2026-05-25T12:25:31.2200000,462
2026-05-25T12:25:32.2610000,464
2026-05-25T12:25:33.3120000,477
2026-05-25T12:25:34.3530000,467
2026-05-25T12:25:35.3940000,479
2026-05-25T12:25:36.4340000,476
2026-05-25T12:25:37.4760000,467
2026-05-25T12:25:38.5270000,470
2026-05-25T12:25:39.5710000,460
2026-05-25T12:25:40.6120000,468
2026-05-25T12:25:41.6520000,470
2026-05-25T12:25:42.6930000,474
2026-05-25T12:25:43.7340000,467
2026-05-25T12:25:44.7850000,462
2026-05-25T12:25:45.8260000,480
2026-05-25T12:25:46.8670000,473
2026-05-25T12:25:47.9080000,456
2026-05-25T12:25:48.9480000,470
2026-05-25T12:25:49.9890000,459
2026-05-25T12:25:51.0400000,470
2026-05-25T12:25:52.0810000,467
2026-05-25T12:25:53.1220000,461
2026-05-25T12:25:54.1630000,456
2026-05-25T12:25:55.2040000,470
2026-05-25T12:25:56.2550000,464
2026-05-25T12:25:57.2960000,468
2026-05-25T12:25:58.3360000,461
2026-05-25T12:25:59.3770000,456
2026-05-25T12:26:00.4180000,475
2026-05-25T12:26:01.4690000,468
2026-05-25T12:26:02.5100000,471
2026-05-25T12:26:03.5510000,472
2026-05-25T12:26:04.5910000,476
2026-05-25T12:26:05.6320000,476
2026-05-25T12:26:06.6830000,485
2026-05-25T12:26:07.7240000,468
2026-05-25T12:26:08.7650000,470
2026-05-25T12:26:09.8060000,467
2026-05-25T12:26:10.8460000,472
2026-05-25T12:26:11.8980000,467
2026-05-25T12:26:12.9380000,455
2026-05-25T12:26:13.9790000,483
2026-05-25T12:26:15.0200000,471
2026-05-25T12:26:16.0610000,468
2026-05-25T12:26:17.1120000,473
2026-05-25T12:26:18.1530000,463
2026-05-25T12:26:19.1930000,474
2026-05-25T12:26:20.2340000,487
2026-05-25T12:26:21.2790000,465
2026-05-25T12:26:22.3200000,458
2026-05-25T12:26:23.3600000,468
2026-05-25T12:26:24.4120000,476
2026-05-25T12:26:25.4520000,472
2026-05-25T12:26:26.4930000,481
2026-05-25T12:26:27.5340000,460
2026-05-25T12:26:28.5750000,467
2026-05-25T12:26:29.6160000,465
2026-05-25T12:26:30.6670000,460
2026-05-25T12:26:31.7070000,462
2026-05-25T12:26:32.7480000,473
2026-05-25T12:26:33.7890000,466
2026-05-25T12:26:34.8400000,471
2026-05-25T12:26:35.8810000,468
2026-05-25T12:26:36.9220000,481
2026-05-25T12:26:37.9620000,471
2026-05-25T12:26:39.0030000,456
2026-05-25T12:26:40.0440000,463
2026-05-25T12:26:41.0950000,470
2026-05-25T12:26:42.1360000,462
2026-05-25T12:26:43.1770000,473
2026-05-25T12:26:44.2180000,454
2026-05-25T12:26:45.2590000,445
2026-05-25T12:26:46.3100000,462
2026-05-25T12:26:47.3510000,463
2026-05-25T12:26:48.3910000,460
2026-05-25T12:26:49.4320000,475
2026-05-25T12:26:50.4720000,472
2026-05-25T12:26:51.5240000,469
2026-05-25T12:26:52.5640000,469
2026-05-25T12:26:53.6050000,468
2026-05-25T12:26:54.6460000,471
2026-05-25T12:26:55.6870000,478
2026-05-25T12:26:56.7380000,477
2026-05-25T12:26:57.7790000,466
2026-05-25T12:26:58.8200000,474
2026-05-25T12:26:59.8600000,463
2026-05-25T12:27:00.9010000,459
2026-05-25T12:27:01.9450000,482
2026-05-25T12:27:02.9860000,463
2026-05-25T12:27:04.0370000,462
2026-05-25T12:27:05.0780000,460
2026-05-25T12:27:06.1190000,459
2026-05-25T12:27:07.1600000,465
2026-05-25T12:27:08.2010000,471
2026-05-25T12:27:09.2410000,463
2026-05-25T12:27:10.2930000,462
2026-05-25T12:27:11.3330000,476
2026-05-25T12:27:12.3740000,474
2026-05-25T12:27:13.4150000,473
2026-05-25T12:27:14.4550000,470
2026-05-25T12:27:15.5070000,470
2026-05-25T12:27:16.5480000,469
2026-05-25T12:27:17.5880000,484
2026-05-25T12:27:18.6290000,468
2026-05-25T12:27:19.6700000,475
2026-05-25T12:27:20.7210000,464
2026-05-25T12:27:21.7620000,455
2026-05-25T12:27:22.8030000,475
2026-05-25T12:27:23.8440000,463
2026-05-25T12:27:24.8850000,470
2026-05-25T12:27:25.9260000,464
2026-05-25T12:27:26.9770000,469
2026-05-25T12:27:28.0180000,463
2026-05-25T12:27:29.0580000,474
2026-05-25T12:27:30.1030000,472
2026-05-25T12:27:31.1440000,455
2026-05-25T12:27:32.1840000,476
2026-05-25T12:27:33.2250000,480
2026-05-25T12:27:34.2770000,463
2026-05-25T12:27:35.3170000,474
2026-05-25T12:27:36.3580000,465
2026-05-25T12:27:37.3990000,456
2026-05-25T12:27:38.4400000,473
2026-05-25T12:27:39.4810000,464
2026-05-25T12:27:40.5320000,463
2026-05-25T12:27:41.5730000,474
2026-05-25T12:27:42.6130000,470
2026-05-25T12:27:43.6540000,467
2026-05-25T12:27:44.6950000,468
2026-05-25T12:27:45.7460000,465
2026-05-25T12:27:46.7870000,467
2026-05-25T12:27:47.8280000,477
2026-05-25T12:27:48.8680000,461
2026-05-25T12:27:49.9090000,458
2026-05-25T12:27:50.9500000,462
2026-05-25T12:27:52.0010000,471
2026-05-25T12:27:53.0420000,465
2026-05-25T12:27:54.0830000,462
2026-05-25T12:27:55.1240000,460
2026-05-25T12:27:56.1640000,451
2026-05-25T12:27:57.2090000,458
2026-05-25T12:27:58.2500000,469
2026-05-25T12:27:59.3010000,479
2026-05-25T12:28:00.3420000,468
2026-05-25T12:28:01.3820000,466
2026-05-25T12:28:02.4230000,466
2026-05-25T12:28:03.4640000,468
2026-05-25T12:28:04.5150000,450
2026-05-25T12:28:05.5550000,461
2026-05-25T12:28:06.5960000,458
2026-05-25T12:28:07.6370000,467
2026-05-25T12:28:08.6780000,472
2026-05-25T12:28:09.7290000,475
2026-05-25T12:28:10.7700000,462
2026-05-25T12:28:11.8110000,474
2026-05-25T12:28:12.8510000,465
2026-05-25T12:28:13.8920000,452
2026-05-25T12:28:14.9440000,484
2026-05-25T12:28:15.9840000,469
2026-05-25T12:28:17.0250000,481
2026-05-25T12:28:18.0660000,462
2026-05-25T12:28:19.1070000,463
2026-05-25T12:28:20.1480000,467
2026-05-25T12:28:21.1990000,454
2026-05-25T12:28:22.2400000,456
2026-05-25T12:28:23.2800000,466
2026-05-25T12:28:24.3210000,456
2026-05-25T12:28:25.3650000,461
2026-05-25T12:28:26.4060000,462
2026-05-25T12:28:27.4470000,457
2026-05-25T12:28:28.4990000,455
2026-05-25T12:28:29.5390000,464
2026-05-25T12:28:30.5800000,476
2026-05-25T12:28:31.6210000,446
2026-05-25T12:28:32.6620000,462
2026-05-25T12:28:33.7130000,462
2026-05-25T12:28:34.7540000,455
2026-05-25T12:28:35.7950000,464
2026-05-25T12:28:36.8350000,463
2026-05-25T12:28:37.8760000,464
2026-05-25T12:28:38.9280000,455
2026-05-25T12:28:39.9680000,467
2026-05-25T12:28:41.0090000,474
2026-05-25T12:28:42.0500000,466
2026-05-25T12:28:43.0910000,456
2026-05-25T12:28:44.1320000,467
2026-05-25T12:28:45.1830000,461
2026-05-25T12:28:46.2240000,470
2026-05-25T12:28:47.2640000,459
2026-05-25T12:28:48.3050000,459
2026-05-25T12:28:49.3460000,471
2026-05-25T12:28:50.3970000,458
2026-05-25T12:28:51.4380000,459
2026-05-25T12:28:52.4820000,462
2026-05-25T12:28:53.5230000,459
2026-05-25T12:28:54.5630000,471
2026-05-25T12:28:55.6040000,459
2026-05-25T12:28:56.6450000,460
2026-05-25T12:28:58.7370000,463
2026-05-25T12:28:59.7780000,456
2026-05-25T12:29:00.8190000,473
2026-05-25T12:29:01.8590000,462
2026-05-25T12:29:02.9110000,462
2026-05-25T12:29:03.9520000,472
2026-05-25T12:29:04.9920000,459
2026-05-25T12:29:06.0330000,461
2026-05-25T12:29:07.0740000,461
2026-05-25T12:29:08.1150000,449
2026-05-25T12:29:09.1660000,475
2026-05-25T12:29:10.2070000,471
2026-05-25T12:29:11.2470000,463
2026-05-25T12:29:12.2880000,471
2026-05-25T12:29:13.3290000,458
2026-05-25T12:29:14.3800000,462
2026-05-25T12:29:15.4210000,467
2026-05-25T12:29:16.4620000,463
2026-05-25T12:29:17.5030000,474
2026-05-25T12:29:18.5430000,466
2026-05-25T12:29:19.5950000,476
2026-05-25T12:29:20.6280000,472
2026-05-25T12:29:21.6800000,476
2026-05-25T12:29:22.7200000,470
2026-05-25T12:29:23.7610000,455
2026-05-25T12:29:24.8020000,469
2026-05-25T12:29:25.8430000,466
2026-05-25T12:29:26.8940000,459
2026-05-25T12:29:27.9350000,472
2026-05-25T12:29:28.9760000,457
2026-05-25T12:29:30.0160000,475
2026-05-25T12:29:31.0570000,457
2026-05-25T12:29:32.1080000,466
2026-05-25T12:29:33.1490000,461
2026-05-25T12:29:34.1930000,451
2026-05-25T12:29:35.2340000,475
2026-05-25T12:29:36.2750000,467
2026-05-25T12:29:37.3160000,479
2026-05-25T12:29:38.3570000,462
2026-05-25T12:29:39.3970000,457
2026-05-25T12:29:40.4490000,473
2026-05-25T12:29:41.4890000,468
2026-05-25T12:29:42.5300000,457
2026-05-25T12:29:43.5710000,480
2026-05-25T12:29:44.6120000,481
2026-05-25T12:29:45.6630000,485
2026-05-25T12:29:46.7040000,461
2026-05-25T12:29:47.7450000,466
2026-05-25T12:29:48.7860000,471
2026-05-25T12:29:49.8260000,475
2026-05-25T12:29:50.8770000,473
2026-05-25T12:29:51.9180000,467
2026-05-25T12:29:52.9590000,458
2026-05-25T12:29:54.0000000,461
2026-05-25T12:29:55.0410000,473
2026-05-25T12:29:56.0810000,459
2026-05-25T12:29:57.1320000,470
2026-05-25T12:29:58.1730000,467
2026-05-25T12:29:59.2140000,463
2026-05-25T12:30:00.2550000,478
2026-05-25T12:30:01.2950000,471
2026-05-25T12:30:02.3470000,476
2026-05-25T12:30:03.3870000,479
2026-05-25T12:30:04.4280000,477
2026-05-25T12:30:05.4690000,483
2026-05-25T12:30:06.5100000,475
2026-05-25T12:30:07.5610000,479
2026-05-25T12:30:08.6020000,478
2026-05-25T12:30:09.6430000,469
2026-05-25T12:30:10.6830000,475
2026-05-25T12:30:11.7240000,483
2026-05-25T12:30:12.7750000,481
2026-05-25T12:30:13.8160000,474
2026-05-25T12:30:14.8570000,487
2026-05-25T12:30:15.8980000,489
2026-05-25T12:30:16.9380000,476
2026-05-25T12:30:17.9900000,470
2026-05-25T12:30:19.0300000,475
2026-05-25T12:30:20.0710000,473
2026-05-25T12:30:21.1120000,484
2026-05-25T12:30:22.1520000,473
2026-05-25T12:30:23.1930000,476
2026-05-25T12:30:24.2440000,489
2026-05-25T12:30:25.2850000,486
2026-05-25T12:30:26.3260000,483
2026-05-25T12:30:27.3670000,472
2026-05-25T12:30:28.4080000,479
2026-05-25T12:30:29.4520000,485
2026-05-25T12:30:30.4930000,500
2026-05-25T12:30:31.5440000,482
2026-05-25T12:30:32.5850000,484
2026-05-25T12:30:33.6260000,481
2026-05-25T12:30:34.6660000,471
2026-05-25T12:30:35.7070000,483
2026-05-25T12:30:36.7580000,480
2026-05-25T12:30:37.7990000,472
2026-05-25T12:30:38.8400000,484
2026-05-25T12:30:39.8810000,475
2026-05-25T12:30:40.9220000,485
2026-05-25T12:30:41.9730000,479
2026-05-25T12:30:43.0140000,496
2026-05-25T12:30:44.0540000,480
2026-05-25T12:30:45.0950000,481
2026-05-25T12:30:46.1360000,484
2026-05-25T12:30:47.1870000,479
2026-05-25T12:30:48.2280000,480
2026-05-25T12:30:49.2690000,473
2026-05-25T12:30:50.3100000,483
2026-05-25T12:30:51.3500000,487
2026-05-25T12:30:52.4020000,484
2026-05-25T12:30:53.4420000,499
2026-05-25T12:30:54.4830000,479
2026-05-25T12:30:55.5240000,477
2026-05-25T12:30:56.5650000,489
2026-05-25T12:30:57.6060000,494
2026-05-25T12:30:58.6570000,476
2026-05-25T12:30:59.6980000,480
2026-05-25T12:31:00.7380000,483
2026-05-25T12:31:01.7790000,491
2026-05-25T12:31:02.8200000,497
2026-05-25T12:31:03.8710000,497
2026-05-25T12:31:04.9120000,490
2026-05-25T12:31:05.9530000,497
2026-05-25T12:31:06.9940000,490
2026-05-25T12:31:08.0350000,489
2026-05-25T12:31:09.0860000,491
2026-05-25T12:31:10.1190000,492
2026-05-25T12:31:11.1700000,494
2026-05-25T12:31:12.2110000,486
2026-05-25T12:31:13.2520000,490
2026-05-25T12:31:14.2930000,484
2026-05-25T12:31:15.3340000,483
2026-05-25T12:31:16.3850000,491
2026-05-25T12:31:17.4260000,475
2026-05-25T12:31:18.4670000,493
2026-05-25T12:31:19.5070000,486
2026-05-25T12:31:20.5480000,492
2026-05-25T12:31:21.5890000,488
2026-05-25T12:31:22.6400000,495
2026-05-25T12:31:23.6810000,488
2026-05-25T12:31:24.7220000,486
2026-05-25T12:31:25.7630000,493
2026-05-25T12:31:26.8030000,489
2026-05-25T12:31:27.8550000,496
2026-05-25T12:31:28.8960000,489
2026-05-25T12:31:29.9360000,488
2026-05-25T12:31:30.9770000,488
2026-05-25T12:31:32.0180000,491
2026-05-25T12:31:33.0590000,480
2026-05-25T12:31:34.1100000,471
2026-05-25T12:31:35.1510000,483
2026-05-25T12:31:36.1910000,492
2026-05-25T12:31:37.2320000,492
2026-05-25T12:31:38.2760000,483
2026-05-25T12:31:39.3170000,501
2026-05-25T12:31:40.3580000,501
2026-05-25T12:31:41.4090000,483
2026-05-25T12:31:42.4500000,489
2026-05-25T12:31:43.4910000,486
2026-05-25T12:31:44.5310000,487
2026-05-25T12:31:45.5720000,489
2026-05-25T12:31:46.6230000,489
2026-05-25T12:31:47.6640000,485
2026-05-25T12:31:48.7050000,490
2026-05-25T12:31:49.7460000,483
2026-05-25T12:31:50.7870000,487
2026-05-25T12:31:51.8380000,483
2026-05-25T12:31:52.8790000,477
2026-05-25T12:31:53.9190000,480
2026-05-25T12:31:54.9600000,486
2026-05-25T12:31:56.0010000,485
2026-05-25T12:31:57.0420000,481
2026-05-25T12:31:58.0930000,480
2026-05-25T12:31:59.1340000,495
2026-05-25T12:32:00.1740000,489
2026-05-25T12:32:01.2150000,473
2026-05-25T12:32:02.2560000,487
2026-05-25T12:32:03.3070000,463
2026-05-25T12:32:04.3480000,476
2026-05-25T12:32:05.3890000,485
2026-05-25T12:32:06.4290000,489
2026-05-25T12:32:07.4700000,474
2026-05-25T12:32:08.5210000,491
2026-05-25T12:32:09.5620000,482
2026-05-25T12:32:10.6030000,482
2026-05-25T12:32:11.6440000,490
2026-05-25T12:32:12.6850000,479
2026-05-25T12:32:13.7250000,490
2026-05-25T12:32:14.7770000,486
2026-05-25T12:32:15.8170000,472
2026-05-25T12:32:16.8580000,492
2026-05-25T12:32:17.8990000,485
2026-05-25T12:32:18.9400000,489
2026-05-25T12:32:19.9840000,491
2026-05-25T12:32:21.0250000,477
2026-05-25T12:32:22.0760000,482
2026-05-25T12:32:23.1170000,484
2026-05-25T12:32:24.1580000,484
2026-05-25T12:32:25.1980000,475
2026-05-25T12:32:26.2390000,486
2026-05-25T12:32:27.2910000,489
2026-05-25T12:32:28.3310000,484
2026-05-25T12:32:29.3720000,485
2026-05-25T12:32:30.4130000,472
2026-05-25T12:32:31.4540000,486
2026-05-25T12:32:32.5050000,486
2026-05-25T12:32:33.5460000,485
2026-05-25T12:32:34.5860000,484
2026-05-25T12:32:35.6270000,493
2026-05-25T12:32:36.6680000,486
2026-05-25T12:32:37.7090000,477
2026-05-25T12:32:38.7600000,490
2026-05-25T12:32:39.8010000,485
2026-05-25T12:32:40.8420000,476
2026-05-25T12:32:41.8830000,496
2026-05-25T12:32:42.9230000,495
2026-05-25T12:32:43.9750000,483
2026-05-25T12:32:45.0150000,480
2026-05-25T12:32:46.0560000,485
2026-05-25T12:32:47.1000000,489
2026-05-25T12:32:48.1410000,501
2026-05-25T12:32:49.1820000,488
2026-05-25T12:32:50.2230000,462
2026-05-25T12:32:51.2740000,500
2026-05-25T12:32:52.3150000,492
2026-05-25T12:32:53.3560000,477
2026-05-25T12:32:54.3970000,492
2026-05-25T12:32:55.4370000,483
2026-05-25T12:32:56.4780000,481
2026-05-25T12:32:57.5300000,494
2026-05-25T12:32:58.5700000,484
2026-05-25T12:32:59.6110000,470
2026-05-25T12:33:00.6520000,480
2026-05-25T12:33:01.6930000,474
2026-05-25T12:33:02.7440000,477
2026-05-25T12:33:03.7850000,476
2026-05-25T12:33:04.8250000,468
2026-05-25T12:33:05.8660000,467
2026-05-25T12:33:06.9070000,475
2026-05-25T12:33:07.9470000,475
2026-05-25T12:33:08.9980000,475
2026-05-25T12:33:10.0390000,480
2026-05-25T12:33:11.0800000,469
2026-05-25T12:33:12.1210000,488
2026-05-25T12:33:13.1620000,475
2026-05-25T12:33:14.2130000,480
2026-05-25T12:33:15.2570000,487
2026-05-25T12:33:16.2980000,466
2026-05-25T12:33:17.3390000,471
2026-05-25T12:33:18.3790000,473
2026-05-25T12:33:19.4200000,486
2026-05-25T12:33:20.4610000,475
2026-05-25T12:33:21.5120000,474
2026-05-25T12:33:22.5530000,473
2026-05-25T12:33:23.5940000,474
2026-05-25T12:33:24.6340000,474
2026-05-25T12:33:25.6750000,474
2026-05-25T12:33:26.7260000,478
2026-05-25T12:33:27.7670000,485
2026-05-25T12:33:28.8120000,470
2026-05-25T12:33:29.8530000,458
2026-05-25T12:33:30.8930000,476
2026-05-25T12:33:31.9340000,468
2026-05-25T12:33:32.9750000,482
2026-05-25T12:33:34.0160000,486
2026-05-25T12:33:35.0670000,472
2026-05-25T12:33:36.1080000,472
2026-05-25T12:33:37.1480000,483
2026-05-25T12:33:38.1890000,486
2026-05-25T12:33:39.2300000,483
2026-05-25T12:33:40.2810000,481
2026-05-25T12:33:41.3220000,481
2026-05-25T12:33:42.3630000,476
2026-05-25T12:33:43.4040000,475
2026-05-25T12:33:44.4450000,487
2026-05-25T12:33:45.4960000,456
2026-05-25T12:33:46.5370000,463
2026-05-25T12:33:47.5780000,488
2026-05-25T12:33:48.6190000,470
2026-05-25T12:33:49.6600000,467
2026-05-25T12:33:50.7000000,492
2026-05-25T12:33:51.7520000,479
2026-05-25T12:33:52.7920000,472
2026-05-25T12:33:53.8330000,483
2026-05-25T12:33:54.8740000,463
2026-05-25T12:33:55.9150000,477
2026-05-25T12:33:56.9660000,477
2026-05-25T12:33:58.0060000,465
2026-05-25T12:33:59.0470000,471
2026-05-25T12:34:00.0880000,490
2026-05-25T12:34:01.1290000,462
2026-05-25T12:34:02.1800000,480
2026-05-25T12:34:03.2210000,465
2026-05-25T12:34:04.2620000,475
2026-05-25T12:34:05.3030000,468
2026-05-25T12:34:06.3430000,466
2026-05-25T12:34:07.3950000,480
2026-05-25T12:34:08.4360000,472
2026-05-25T12:34:09.4760000,471
2026-05-25T12:34:10.5210000,477
2026-05-25T12:34:11.5610000,466
2026-05-25T12:34:12.6020000,470
2026-05-25T12:34:13.6430000,458
2026-05-25T12:34:14.6940000,480
2026-05-25T12:34:15.7350000,476
2026-05-25T12:34:16.7760000,469
2026-05-25T12:34:17.8160000,469
2026-05-25T12:34:18.8570000,454
2026-05-25T12:34:19.9080000,476
2026-05-25T12:34:20.9490000,466
2026-05-25T12:34:21.9900000,481
2026-05-25T12:34:23.0310000,456
2026-05-25T12:34:24.0750000,465
2026-05-25T12:34:25.1160000,478
2026-05-25T12:34:26.1570000,464
2026-05-25T12:34:27.1970000,460
2026-05-25T12:34:28.2490000,473
2026-05-25T12:34:29.2890000,480
2026-05-25T12:34:30.3300000,464
2026-05-25T12:34:31.3710000,472
2026-05-25T12:34:32.4120000,484
2026-05-25T12:34:33.4630000,467
2026-05-25T12:34:34.5040000,473
2026-05-25T12:34:35.5450000,456
2026-05-25T12:34:36.5850000,464
2026-05-25T12:34:37.6260000,476
2026-05-25T12:34:38.6670000,466
2026-05-25T12:34:39.7180000,456
2026-05-25T12:34:40.7590000,482
2026-05-25T12:34:41.8000000,469
2026-05-25T12:34:42.8400000,470
2026-05-25T12:34:43.8810000,466
2026-05-25T12:34:44.9330000,464
2026-05-25T12:34:45.9730000,483
2026-05-25T12:34:47.0140000,467
2026-05-25T12:34:48.0550000,467
2026-05-25T12:34:49.0960000,468
2026-05-25T12:34:50.1470000,465
2026-05-25T12:34:51.1880000,479
2026-05-25T12:34:52.2280000,463
2026-05-25T12:34:53.2690000,456
2026-05-25T12:34:54.3100000,465
2026-05-25T12:34:55.3610000,466
2026-05-25T12:34:56.4020000,494
2026-05-25T12:34:57.4430000,479
2026-05-25T12:34:58.4840000,472
2026-05-25T12:34:59.5240000,449
2026-05-25T12:35:00.5650000,461
2026-05-25T12:35:01.6160000,455
2026-05-25T12:35:02.6570000,474
2026-05-25T12:35:03.6980000,463
2026-05-25T12:35:04.7390000,454
2026-05-25T12:35:05.7830000,470
2026-05-25T12:35:06.8230000,470
2026-05-25T12:35:07.8640000,460
2026-05-25T12:35:08.9160000,470
2026-05-25T12:35:09.9560000,471
2026-05-25T12:35:10.9970000,464
2026-05-25T12:35:12.0380000,471
2026-05-25T12:35:13.0790000,476
2026-05-25T12:35:14.1300000,467
2026-05-25T12:35:15.1710000,471
2026-05-25T12:35:16.2110000,477
2026-05-25T12:35:17.2520000,456
2026-05-25T12:35:18.2930000,455
2026-05-25T12:35:19.3340000,462
2026-05-25T12:35:20.3850000,471
2026-05-25T12:35:21.4260000,465
2026-05-25T12:35:22.4660000,476
2026-05-25T12:35:23.5070000,472
2026-05-25T12:35:24.5480000,473
2026-05-25T12:35:25.5990000,468
2026-05-25T12:35:26.6400000,462
2026-05-25T12:35:27.6810000,465
2026-05-25T12:35:28.7210000,472
2026-05-25T12:35:29.7620000,471
2026-05-25T12:35:30.8130000,465
2026-05-25T12:35:31.8540000,474
2026-05-25T12:35:32.8950000,488
2026-05-25T12:35:33.9360000,462
2026-05-25T12:35:34.9760000,469
2026-05-25T12:35:36.0170000,473
2026-05-25T12:35:37.0680000,470
2026-05-25T12:35:38.1090000,466
2026-05-25T12:35:39.1500000,473
2026-05-25T12:35:40.1910000,454
2026-05-25T12:35:41.2310000,470
2026-05-25T12:35:42.2830000,473
2026-05-25T12:35:43.3230000,469
2026-05-25T12:35:44.3640000,468
2026-05-25T12:35:45.4050000,475
2026-05-25T12:35:46.4460000,469
2026-05-25T12:35:47.4870000,468
2026-05-25T12:35:48.5380000,455
2026-05-25T12:35:49.5790000,454
2026-05-25T12:35:50.6200000,468
2026-05-25T12:35:51.6610000,462
2026-05-25T12:35:52.7010000,471
2026-05-25T12:35:53.7530000,467
2026-05-25T12:35:54.7940000,467
2026-05-25T12:35:55.8340000,460
2026-05-25T12:35:56.8750000,463
2026-05-25T12:35:57.9160000,471
2026-05-25T12:35:58.9670000,462
2026-05-25T12:36:00.0040000,465
2026-05-25T12:36:01.0450000,461
2026-05-25T12:36:02.0860000,454
2026-05-25T12:36:03.1370000,463
2026-05-25T12:36:04.1780000,468
2026-05-25T12:36:05.2190000,475
2026-05-25T12:36:06.2600000,463
2026-05-25T12:36:07.3010000,461
2026-05-25T12:36:08.3410000,481
2026-05-25T12:36:09.3930000,474
2026-05-25T12:36:10.4330000,469
2026-05-25T12:36:11.4740000,456
2026-05-25T12:36:12.5150000,469
2026-05-25T12:36:13.5560000,453
2026-05-25T12:36:14.6000000,474
2026-05-25T12:36:15.6410000,459
2026-05-25T12:36:16.6920000,465
2026-05-25T12:36:17.7330000,458
2026-05-25T12:36:18.7740000,462
2026-05-25T12:36:19.8150000,464
2026-05-25T12:36:20.8560000,455
2026-05-25T12:36:21.8960000,467
2026-05-25T12:36:22.9470000,468
2026-05-25T12:36:23.9880000,460
2026-05-25T12:36:25.0290000,462
2026-05-25T12:36:26.0700000,465
2026-05-25T12:36:27.1110000,478
2026-05-25T12:36:28.1580000,460
2026-05-25T12:36:29.1990000,465
2026-05-25T12:36:30.2400000,454
2026-05-25T12:36:31.2810000,471
2026-05-25T12:36:32.3320000,463
2026-05-25T12:36:33.3730000,462
2026-05-25T12:36:34.4140000,467
2026-05-25T12:36:35.4540000,460
2026-05-25T12:36:36.4950000,474
2026-05-25T12:36:37.5360000,488
2026-05-25T12:36:38.5870000,471
2026-05-25T12:36:39.6280000,467
2026-05-25T12:36:40.6680000,466
2026-05-25T12:36:41.7090000,471
2026-05-25T12:36:42.7500000,481
2026-05-25T12:36:43.8010000,460
2026-05-25T12:36:44.8420000,469
2026-05-25T12:36:45.8830000,452
2026-05-25T12:36:46.9240000,458
2026-05-25T12:36:47.9660000,456
2026-05-25T12:36:49.0070000,454
2026-05-25T12:36:50.0580000,460
2026-05-25T12:36:51.0990000,461
2026-05-25T12:36:52.1400000,456
2026-05-25T12:36:53.1800000,463
2026-05-25T12:36:54.2210000,460
2026-05-25T12:36:55.2620000,462
2026-05-25T12:36:56.3130000,473
2026-05-25T12:36:57.3540000,452
2026-05-25T12:36:58.3950000,458
2026-05-25T12:36:59.4350000,460
2026-05-25T12:37:00.4760000,459
2026-05-25T12:37:01.5280000,467
2026-05-25T12:37:02.5680000,463
2026-05-25T12:37:03.6090000,475
2026-05-25T12:37:04.6500000,465
2026-05-25T12:37:05.6910000,458
2026-05-25T12:37:06.7420000,470
2026-05-25T12:37:07.7830000,468
2026-05-25T12:37:08.8240000,456
2026-05-25T12:37:09.8650000,467
2026-05-25T12:37:10.9050000,453
2026-05-25T12:37:11.9460000,471
2026-05-25T12:37:12.9970000,458
2026-05-25T12:37:14.0380000,451
2026-05-25T12:37:15.0790000,462
2026-05-25T12:37:17.1610000,457
2026-05-25T12:37:18.2120000,466
2026-05-25T12:37:19.2520000,466
2026-05-25T12:37:20.2930000,461
2026-05-25T12:37:21.3340000,457
2026-05-25T12:37:22.3750000,450
2026-05-25T12:37:23.4260000,466
2026-05-25T12:37:24.4670000,468
2026-05-25T12:37:25.5070000,449
2026-05-25T12:37:26.5480000,467
2026-05-25T12:37:27.5890000,476
2026-05-25T12:37:28.6300000,463
2026-05-25T12:37:29.6810000,455
2026-05-25T12:37:30.7220000,466
2026-05-25T12:37:31.7630000,443
2026-05-25T12:37:32.8030000,479
2026-05-25T12:37:33.8440000,455
2026-05-25T12:37:34.8950000,462
2026-05-25T12:37:35.9360000,456
2026-05-25T12:37:36.9770000,463
2026-05-25T12:37:38.0170000,456
2026-05-25T12:37:39.0580000,460
2026-05-25T12:37:40.1100000,467
2026-05-25T12:37:41.1500000,451
2026-05-25T12:37:42.1910000,455
2026-05-25T12:37:43.2320000,459
2026-05-25T12:37:44.2730000,459
2026-05-25T12:37:45.3130000,467
2026-05-25T12:37:46.3650000,463
2026-05-25T12:37:47.4050000,462
2026-05-25T12:37:48.4460000,469
2026-05-25T12:37:49.4870000,470
2026-05-25T12:37:50.5270000,458
2026-05-25T12:37:51.5790000,464
2026-05-25T12:37:52.6190000,443
2026-05-25T12:37:53.6600000,468
2026-05-25T12:37:54.7010000,442
2026-05-25T12:37:55.7420000,456
2026-05-25T12:37:56.7830000,450
2026-05-25T12:37:57.8340000,454
2026-05-25T12:37:58.8750000,460
2026-05-25T12:37:59.9160000,469
2026-05-25T12:38:00.9560000,462
2026-05-25T12:38:01.9970000,449
2026-05-25T12:38:03.0490000,467
2026-05-25T12:38:04.0860000,461
2026-05-25T12:38:05.1270000,463
2026-05-25T12:38:06.1670000,445
2026-05-25T12:38:07.2190000,461
2026-05-25T12:38:08.2590000,450
2026-05-25T12:38:09.3000000,458
2026-05-25T12:38:10.3410000,456
2026-05-25T12:38:11.3820000,449
2026-05-25T12:38:12.4330000,459
2026-05-25T12:38:13.4730000,459
2026-05-25T12:38:14.5140000,457
2026-05-25T12:38:15.5550000,454
2026-05-25T12:38:16.5960000,459
2026-05-25T12:38:17.6470000,467
2026-05-25T12:38:18.6810000,442
2026-05-25T12:38:19.7320000,450
2026-05-25T12:38:20.7730000,458
2026-05-25T12:38:21.8130000,457
2026-05-25T12:38:22.8540000,456
2026-05-25T12:38:23.8950000,457
2026-05-25T12:38:24.9460000,465
2026-05-25T12:38:25.9870000,449
2026-05-25T12:38:27.0280000,466
2026-05-25T12:38:28.0690000,462
2026-05-25T12:38:29.1090000,467
2026-05-25T12:38:30.1500000,464
2026-05-25T12:38:31.2010000,449
2026-05-25T12:38:32.2390000,463
2026-05-25T12:38:33.2790000,458
2026-05-25T12:38:34.3310000,455
2026-05-25T12:38:35.3720000,451
2026-05-25T12:38:36.4120000,456
2026-05-25T12:38:37.4530000,445
2026-05-25T12:38:38.4940000,465
2026-05-25T12:38:39.5450000,465
2026-05-25T12:38:40.5860000,459
2026-05-25T12:38:41.6270000,455
2026-05-25T12:38:42.6670000,446
2026-05-25T12:38:43.7080000,442
2026-05-25T12:38:44.7490000,456
2026-05-25T12:38:45.8000000,476
2026-05-25T12:38:46.8410000,445
2026-05-25T12:38:47.8820000,462
2026-05-25T12:38:48.9230000,447
2026-05-25T12:38:49.9640000,462
2026-05-25T12:38:51.0150000,465
2026-05-25T12:38:52.0560000,449
2026-05-25T12:38:53.0960000,464
2026-05-25T12:38:54.1370000,463
2026-05-25T12:38:55.1780000,456
2026-05-25T12:38:56.2190000,467
2026-05-25T12:38:57.2700000,473
2026-05-25T12:38:58.3110000,446
2026-05-25T12:38:59.3510000,447
2026-05-25T12:39:00.3920000,444
2026-05-25T12:39:01.4330000,465
2026-05-25T12:39:02.4840000,470
2026-05-25T12:39:03.5250000,462
2026-05-25T12:39:04.5660000,460
2026-05-25T12:39:05.6060000,462
2026-05-25T12:39:06.6470000,467
2026-05-25T12:39:07.6880000,462
2026-05-25T12:39:08.7390000,448
2026-05-25T12:39:09.7800000,460
2026-05-25T12:39:10.8210000,459
2026-05-25T12:39:11.8620000,474
2026-05-25T12:39:12.9020000,462
2026-05-25T12:39:13.9540000,449
2026-05-25T12:39:14.9940000,453
2026-05-25T12:39:16.0350000,459
2026-05-25T12:39:17.0760000,458
2026-05-25T12:39:18.1170000,468
2026-05-25T12:39:19.1680000,457
2026-05-25T12:39:20.2090000,463
2026-05-25T12:39:21.2490000,463
2026-05-25T12:39:22.2900000,461
2026-05-25T12:39:23.3310000,456
2026-05-25T12:39:24.3820000,461
2026-05-25T12:39:25.4230000,460
2026-05-25T12:39:26.4630000,458
2026-05-25T12:39:27.5040000,453
2026-05-25T12:39:28.5450000,460
2026-05-25T12:39:29.5960000,464
2026-05-25T12:39:30.6370000,471
2026-05-25T12:39:31.6780000,444
2026-05-25T12:39:32.7190000,456
2026-05-25T12:39:33.7600000,458
2026-05-25T12:39:34.8000000,467
2026-05-25T12:39:35.8520000,455
2026-05-25T12:39:36.8920000,459
2026-05-25T12:39:37.9340000,473
2026-05-25T12:39:38.9740000,462
2026-05-25T12:39:40.0150000,452
2026-05-25T12:39:41.0630000,454
2026-05-25T12:39:42.1040000,445
2026-05-25T12:39:43.1450000,457
2026-05-25T12:39:44.1850000,449
2026-05-25T12:39:45.2370000,451
2026-05-25T12:39:46.2770000,462
2026-05-25T12:39:47.3180000,480
2026-05-25T12:39:48.3590000,460
2026-05-25T12:39:49.4000000,466
2026-05-25T12:39:50.4510000,455
2026-05-25T12:39:51.4920000,462
2026-05-25T12:39:52.5330000,467
2026-05-25T12:39:53.5730000,477
2026-05-25T12:39:54.6140000,470
2026-05-25T12:39:55.6550000,461
2026-05-25T12:39:56.7060000,458
2026-05-25T12:39:57.7480000,447
2026-05-25T12:39:58.7880000,460
2026-05-25T12:39:59.8290000,460
2026-05-25T12:40:00.8700000,443
2026-05-25T12:40:01.9210000,466
2026-05-25T12:40:02.9620000,450
2026-05-25T12:40:04.0030000,463
2026-05-25T12:40:05.0440000,456
2026-05-25T12:40:06.0840000,467
2026-05-25T12:40:07.1360000,450
2026-05-25T12:40:08.1770000,437
2026-05-25T12:40:09.2170000,465
2026-05-25T12:40:10.2580000,467
2026-05-25T12:40:11.2990000,454
2026-05-25T12:40:12.3500000,464
2026-05-25T12:40:13.3910000,468
2026-05-25T12:40:14.4310000,464
2026-05-25T12:40:15.4720000,469
2026-05-25T12:40:16.5130000,461
2026-05-25T12:40:17.5640000,464
2026-05-25T12:40:18.6050000,468
2026-05-25T12:40:19.6460000,470
2026-05-25T12:40:20.6860000,468
2026-05-25T12:40:21.7270000,475
2026-05-25T12:40:22.7680000,462
2026-05-25T12:40:23.8190000,461
2026-05-25T12:40:24.8600000,455
2026-05-25T12:40:25.9010000,450
2026-05-25T12:40:26.9420000,459
2026-05-25T12:40:27.9830000,452
2026-05-25T12:40:29.0340000,464
2026-05-25T12:40:30.0750000,451
2026-05-25T12:40:31.1160000,458
2026-05-25T12:40:32.1560000,447
2026-05-25T12:40:33.1970000,462
2026-05-25T12:40:34.2480000,451
2026-05-25T12:40:35.2890000,457
2026-05-25T12:40:36.3300000,456
2026-05-25T12:40:37.3710000,459
2026-05-25T12:40:38.4110000,442
2026-05-25T12:40:39.4520000,452
2026-05-25T12:40:40.5030000,470
2026-05-25T12:40:41.5440000,460
2026-05-25T12:40:42.5850000,454
2026-05-25T12:40:43.6260000,456
2026-05-25T12:40:44.6670000,457
2026-05-25T12:40:45.7180000,464
2026-05-25T12:40:46.7590000,452
2026-05-25T12:40:47.8000000,449
2026-05-25T12:40:48.8400000,454
2026-05-25T12:40:49.8810000,456
2026-05-25T12:40:50.9330000,460
2026-05-25T12:40:51.9730000,449
2026-05-25T12:40:53.0140000,457
2026-05-25T12:40:54.0550000,460
2026-05-25T12:40:55.0960000,443
2026-05-25T12:40:56.1360000,449
2026-05-25T12:40:57.1880000,465
2026-05-25T12:40:58.2280000,467
2026-05-25T12:40:59.2690000,463
2026-05-25T12:41:00.3100000,446
2026-05-25T12:41:01.3510000,469
2026-05-25T12:41:02.4020000,455
2026-05-25T12:41:03.4430000,479
2026-05-25T12:41:04.4830000,456
2026-05-25T12:41:05.5240000,449
2026-05-25T12:41:06.5650000,471
2026-05-25T12:41:07.6170000,448
2026-05-25T12:41:08.6570000,445
2026-05-25T12:41:09.6980000,458
2026-05-25T12:41:10.7390000,454
2026-05-25T12:41:11.7800000,461
2026-05-25T12:41:12.8210000,449
2026-05-25T12:41:13.8720000,450
2026-05-25T12:41:14.9130000,462
2026-05-25T12:41:15.9540000,461
2026-05-25T12:41:16.9950000,449
2026-05-25T12:41:18.0360000,448
2026-05-25T12:41:19.0870000,460
2026-05-25T12:41:20.1280000,455
2026-05-25T12:41:21.1690000,451
2026-05-25T12:41:22.2090000,452
2026-05-25T12:41:23.2500000,463
2026-05-25T12:41:24.2910000,465
2026-05-25T12:41:25.3420000,447
2026-05-25T12:41:26.3830000,451
2026-05-25T12:41:27.4230000,449
2026-05-25T12:41:28.4640000,454
2026-05-25T12:41:29.5050000,462
2026-05-25T12:41:30.5560000,463
2026-05-25T12:41:31.5970000,465
2026-05-25T12:41:32.6380000,447
2026-05-25T12:41:33.6790000,460
2026-05-25T12:41:34.7200000,467
2026-05-25T12:41:35.7600000,447
2026-05-25T12:41:36.8120000,471
2026-05-25T12:41:37.8530000,448
2026-05-25T12:41:38.8940000,452
2026-05-25T12:41:39.9350000,456
2026-05-25T12:41:40.9760000,460
2026-05-25T12:41:42.0160000,461
2026-05-25T12:41:43.0670000,459
2026-05-25T12:41:44.1080000,459
2026-05-25T12:41:45.1490000,474
2026-05-25T12:41:46.1890000,455
2026-05-25T12:41:47.2300000,455
2026-05-25T12:41:48.2810000,453
2026-05-25T12:41:49.3220000,468
2026-05-25T12:41:50.3630000,459
2026-05-25T12:41:51.4040000,462
2026-05-25T12:41:52.4450000,448
2026-05-25T12:41:53.4960000,467
2026-05-25T12:41:54.5370000,466
2026-05-25T12:41:55.5780000,459
2026-05-25T12:41:56.6180000,457
2026-05-25T12:41:57.6590000,462
2026-05-25T12:41:58.7030000,449
2026-05-25T12:41:59.7440000,448
2026-05-25T12:42:00.7850000,461
2026-05-25T12:42:01.8360000,465
2026-05-25T12:42:02.8770000,473
2026-05-25T12:42:03.9180000,466
2026-05-25T12:42:04.9590000,453
2026-05-25T12:42:05.9990000,453
2026-05-25T12:42:07.0500000,465
2026-05-25T12:42:08.0920000,446
2026-05-25T12:42:09.1320000,462
2026-05-25T12:42:10.1730000,454
2026-05-25T12:42:11.2140000,459
2026-05-25T12:42:12.2650000,453
2026-05-25T12:42:13.3060000,470
2026-05-25T12:42:14.3470000,465
2026-05-25T12:42:15.3870000,468
2026-05-25T12:42:16.4280000,461
2026-05-25T12:42:17.4690000,448
2026-05-25T12:42:18.5200000,448
2026-05-25T12:42:19.5610000,485
2026-05-25T12:42:20.6020000,451
2026-05-25T12:42:21.6430000,459
2026-05-25T12:42:22.6840000,458
2026-05-25T12:42:23.7350000,468
2026-05-25T12:42:24.7760000,468
2026-05-25T12:42:25.8160000,452
2026-05-25T12:42:26.8610000,463
2026-05-25T12:42:27.9020000,467
2026-05-25T12:42:28.9420000,472
2026-05-25T12:42:29.9830000,472
2026-05-25T12:42:31.0340000,471
2026-05-25T12:42:32.0750000,463
2026-05-25T12:42:33.1160000,458
2026-05-25T12:42:34.1570000,449
2026-05-25T12:42:35.1970000,459
2026-05-25T12:42:36.2380000,455
2026-05-25T12:42:37.2890000,480
2026-05-25T12:42:38.3300000,463
2026-05-25T12:42:39.3710000,457
2026-05-25T12:42:40.4120000,468
2026-05-25T12:42:41.4530000,456
2026-05-25T12:42:42.5040000,468
2026-05-25T12:42:43.5450000,471
2026-05-25T12:42:44.5860000,467
2026-05-25T12:42:45.6270000,470
2026-05-25T12:42:46.6670000,466
2026-05-25T12:42:47.7080000,467
2026-05-25T12:42:48.7600000,471
2026-05-25T12:42:49.8000000,468
2026-05-25T12:42:50.8410000,467
2026-05-25T12:42:51.8820000,460
2026-05-25T12:42:52.9230000,472
2026-05-25T12:42:53.9630000,458
2026-05-25T12:42:55.0140000,476
2026-05-25T12:42:56.0550000,477
2026-05-25T12:42:57.0960000,473
2026-05-25T12:42:58.1370000,461
2026-05-25T12:42:59.1770000,478
2026-05-25T12:43:00.2290000,482
2026-05-25T12:43:01.2690000,477
2026-05-25T12:43:02.3100000,488
2026-05-25T12:43:03.3510000,472
2026-05-25T12:43:04.3920000,486
2026-05-25T12:43:05.4330000,470
2026-05-25T12:43:06.4840000,464
2026-05-25T12:43:07.5250000,488
2026-05-25T12:43:08.5660000,459
2026-05-25T12:43:09.6060000,479
2026-05-25T12:43:10.6470000,472
2026-05-25T12:43:11.6880000,481
2026-05-25T12:43:12.7390000,485
2026-05-25T12:43:13.7800000,469
2026-05-25T12:43:14.8210000,477
2026-05-25T12:43:15.8620000,463
2026-05-25T12:43:16.9030000,471
2026-05-25T12:43:17.9540000,476
2026-05-25T12:43:18.9950000,465
2026-05-25T12:43:20.0360000,465
2026-05-25T12:43:21.0760000,473
2026-05-25T12:43:22.1170000,470
2026-05-25T12:43:23.1580000,484
2026-05-25T12:43:24.2090000,470
2026-05-25T12:43:25.2500000,473
2026-05-25T12:43:26.2910000,473
2026-05-25T12:43:27.3310000,493
2026-05-25T12:43:28.3720000,467
2026-05-25T12:43:29.4240000,485
2026-05-25T12:43:30.4640000,478
2026-05-25T12:43:31.5050000,480
2026-05-25T12:43:32.5460000,486
2026-05-25T12:43:33.5870000,483
2026-05-25T12:43:34.6270000,484
2026-05-25T12:43:35.6720000,475
2026-05-25T12:43:36.7130000,472
2026-05-25T12:43:37.7640000,493
2026-05-25T12:43:38.8050000,474
2026-05-25T12:43:39.8460000,486
2026-05-25T12:43:40.8860000,487
2026-05-25T12:43:41.9270000,489
2026-05-25T12:43:42.9780000,497
2026-05-25T12:43:44.0190000,472
2026-05-25T12:43:45.0600000,479
2026-05-25T12:43:46.1010000,492
2026-05-25T12:43:47.1420000,488
2026-05-25T12:43:48.1830000,489
2026-05-25T12:43:49.2340000,485
2026-05-25T12:43:50.2750000,495
2026-05-25T12:43:51.3150000,489
2026-05-25T12:43:52.3560000,484
2026-05-25T12:43:53.3970000,491
2026-05-25T12:43:54.4380000,481
2026-05-25T12:43:55.4890000,479
2026-05-25T12:43:56.5300000,488
2026-05-25T12:43:57.5700000,493
2026-05-25T12:43:58.6110000,487
2026-05-25T12:43:59.6520000,491
2026-05-25T12:44:00.7030000,491
2026-05-25T12:44:01.7440000,487
2026-05-25T12:44:02.7850000,478
2026-05-25T12:44:03.8260000,491
2026-05-25T12:44:04.8660000,490
2026-05-25T12:44:05.9070000,492
2026-05-25T12:44:06.9580000,489
2026-05-25T12:44:07.9990000,479
2026-05-25T12:44:09.0400000,477
2026-05-25T12:44:10.0810000,481
2026-05-25T12:44:11.1210000,471
2026-05-25T12:44:12.1730000,487
2026-05-25T12:44:13.2130000,483
2026-05-25T12:44:14.2540000,472
2026-05-25T12:44:15.2950000,495
2026-05-25T12:44:16.3360000,485
2026-05-25T12:44:17.3800000,476
2026-05-25T12:44:18.4210000,484
2026-05-25T12:44:19.4620000,484
2026-05-25T12:44:20.5130000,488
2026-05-25T12:44:21.5540000,479
2026-05-25T12:44:22.5940000,477
2026-05-25T12:44:23.6350000,484
2026-05-25T12:44:24.6760000,489
2026-05-25T12:44:25.7170000,482
2026-05-25T12:44:26.7680000,485
2026-05-25T12:44:27.8090000,484
2026-05-25T12:44:28.8500000,480
2026-05-25T12:44:29.8900000,484
2026-05-25T12:44:30.9380000,479
2026-05-25T12:44:31.9790000,467
2026-05-25T12:44:33.0200000,477
2026-05-25T12:44:34.0610000,482
2026-05-25T12:44:35.1010000,464
2026-05-25T12:44:36.1530000,476
2026-05-25T12:44:37.1930000,463
2026-05-25T12:44:38.2340000,477
2026-05-25T12:44:39.2750000,468
2026-05-25T12:44:40.3160000,482
2026-05-25T12:44:41.3670000,478
2026-05-25T12:44:42.4080000,464
2026-05-25T12:44:43.4490000,485
2026-05-25T12:44:44.4930000,477
2026-05-25T12:44:45.5340000,482
2026-05-25T12:44:46.5740000,468
2026-05-25T12:44:47.6150000,481
2026-05-25T12:44:48.6560000,476
2026-05-25T12:44:49.7070000,465
2026-05-25T12:44:50.7480000,491
2026-05-25T12:44:51.7890000,486
2026-05-25T12:44:52.8290000,479
2026-05-25T12:44:53.8700000,479
2026-05-25T12:44:54.9210000,471
2026-05-25T12:44:55.9620000,467
2026-05-25T12:44:57.0030000,474
2026-05-25T12:44:58.0440000,479
2026-05-25T12:44:59.0840000,485
2026-05-25T12:45:00.1250000,462
2026-05-25T12:45:01.1770000,485
2026-05-25T12:45:02.2170000,480
2026-05-25T12:45:03.2580000,478
2026-05-25T12:45:04.2990000,480
2026-05-25T12:45:05.3400000,488
2026-05-25T12:45:06.3810000,471
2026-05-25T12:45:07.4320000,477
2026-05-25T12:45:08.4730000,477
2026-05-25T12:45:09.5130000,472
2026-05-25T12:45:10.5540000,473
2026-05-25T12:45:11.5950000,487
2026-05-25T12:45:12.6460000,486
2026-05-25T12:45:13.6870000,476
2026-05-25T12:45:14.7270000,478
2026-05-25T12:45:15.7680000,477
2026-05-25T12:45:16.8090000,470
2026-05-25T12:45:17.8500000,476
2026-05-25T12:45:18.9010000,472
2026-05-25T12:45:19.9420000,493
2026-05-25T12:45:20.9820000,478
2026-05-25T12:45:22.0230000,496
2026-05-25T12:45:23.0640000,473
2026-05-25T12:45:24.1150000,478
2026-05-25T12:45:25.1560000,485
2026-05-25T12:45:26.2000000,472
2026-05-25T12:45:27.2410000,465
2026-05-25T12:45:28.2820000,478
2026-05-25T12:45:29.3230000,480
2026-05-25T12:45:30.3630000,490
2026-05-25T12:45:31.4150000,476
2026-05-25T12:45:32.4550000,479
2026-05-25T12:45:33.4960000,477
2026-05-25T12:45:34.5370000,490
2026-05-25T12:45:35.5780000,470
2026-05-25T12:45:36.6180000,459
2026-05-25T12:45:37.6700000,480
2026-05-25T12:45:38.7100000,486
2026-05-25T12:45:39.7510000,473
2026-05-25T12:45:40.7920000,466
2026-05-25T12:45:41.8330000,473
2026-05-25T12:45:42.8840000,480
2026-05-25T12:45:43.9250000,478
2026-05-25T12:45:44.9650000,467
2026-05-25T12:45:46.0060000,464
2026-05-25T12:45:47.0470000,490
2026-05-25T12:45:48.0880000,486
2026-05-25T12:45:49.1390000,471
2026-05-25T12:45:50.1800000,486
2026-05-25T12:45:51.2210000,488
2026-05-25T12:45:52.2610000,473
2026-05-25T12:45:53.3020000,481
2026-05-25T12:45:54.3530000,470
2026-05-25T12:45:55.3940000,475
2026-05-25T12:45:56.4350000,473
2026-05-25T12:45:57.4760000,473
2026-05-25T12:45:58.5170000,472
2026-05-25T12:45:59.5580000,483
2026-05-25T12:46:00.6090000,475
2026-05-25T12:46:01.6500000,463
2026-05-25T12:46:02.6900000,474
2026-05-25T12:46:03.7310000,469
2026-05-25T12:46:04.7720000,466
2026-05-25T12:46:05.8230000,473
2026-05-25T12:46:06.8640000,460
2026-05-25T12:46:07.9040000,450
2026-05-25T12:46:08.9450000,482
2026-05-25T12:46:09.9860000,483
2026-05-25T12:46:11.0260000,470
2026-05-25T12:46:12.0780000,473
2026-05-25T12:46:13.1190000,465
2026-05-25T12:46:14.1590000,470
2026-05-25T12:46:15.2000000,479
2026-05-25T12:46:16.2410000,467
2026-05-25T12:46:17.2820000,476
2026-05-25T12:46:18.3330000,480
2026-05-25T12:46:19.3740000,478
2026-05-25T12:46:20.4150000,476
2026-05-25T12:46:21.4590000,476
2026-05-25T12:46:22.5000000,459
2026-05-25T12:46:23.5410000,476
2026-05-25T12:46:24.5810000,486
2026-05-25T12:46:25.6220000,462
2026-05-25T12:46:26.6730000,466
2026-05-25T12:46:27.7140000,471
2026-05-25T12:46:28.7550000,470
2026-05-25T12:46:29.7950000,492
2026-05-25T12:46:30.8360000,465
2026-05-25T12:46:31.8880000,470
2026-05-25T12:46:32.9280000,485
2026-05-25T12:46:33.9690000,458
2026-05-25T12:46:35.0100000,485
2026-05-25T12:46:36.0510000,471
2026-05-25T12:46:37.1020000,469
2026-05-25T12:46:38.1430000,461
2026-05-25T12:46:39.1830000,476
2026-05-25T12:46:40.2240000,476
2026-05-25T12:46:41.2650000,473
2026-05-25T12:46:42.3060000,462
2026-05-25T12:46:43.3570000,462
2026-05-25T12:46:44.3980000,448
2026-05-25T12:46:45.4380000,465
2026-05-25T12:46:46.4790000,466
2026-05-25T12:46:47.5200000,469
2026-05-25T12:46:48.5710000,468
2026-05-25T12:46:49.6120000,469
2026-05-25T12:46:50.6520000,467
2026-05-25T12:46:51.6930000,475
2026-05-25T12:46:52.7340000,461
2026-05-25T12:46:53.7850000,476
2026-05-25T12:46:54.8260000,450
2026-05-25T12:46:55.8670000,476
2026-05-25T12:46:56.9070000,472
2026-05-25T12:46:57.9480000,478
2026-05-25T12:46:58.9990000,463
2026-05-25T12:47:00.0400000,454
2026-05-25T12:47:01.0810000,475
2026-05-25T12:47:02.1250000,472
2026-05-25T12:47:03.1660000,478
2026-05-25T12:47:04.2070000,469
2026-05-25T12:47:05.2470000,465
2026-05-25T12:47:06.2880000,468
2026-05-25T12:47:07.3390000,460
2026-05-25T12:47:08.3810000,471
2026-05-25T12:47:09.4210000,455
2026-05-25T12:47:10.4620000,474
2026-05-25T12:47:11.5030000,451
2026-05-25T12:47:12.5540000,467
2026-05-25T12:47:13.5950000,451
2026-05-25T12:47:14.6360000,466
2026-05-25T12:47:15.6760000,462
2026-05-25T12:47:16.7170000,490
2026-05-25T12:47:17.7580000,468
2026-05-25T12:47:18.8090000,466
2026-05-25T12:47:19.8500000,456
2026-05-25T12:47:20.8910000,457
2026-05-25T12:47:21.9310000,472
2026-05-25T12:47:22.9720000,470
2026-05-25T12:47:24.0230000,466
2026-05-25T12:47:25.0640000,479
2026-05-25T12:47:26.1050000,454
2026-05-25T12:47:27.1460000,451
2026-05-25T12:47:28.1870000,462
2026-05-25T12:47:29.2270000,461
2026-05-25T12:47:30.2720000,461
2026-05-25T12:47:31.3230000,470
2026-05-25T12:47:32.3640000,481
2026-05-25T12:47:33.4050000,461
2026-05-25T12:47:34.4450000,462
2026-05-25T12:47:35.4860000,472
2026-05-25T12:47:36.5270000,466
2026-05-25T12:47:37.5780000,480
2026-05-25T12:47:38.6190000,477
2026-05-25T12:47:39.6590000,479
2026-05-25T12:47:40.7000000,481
2026-05-25T12:47:41.7410000,455
2026-05-25T12:47:42.7920000,478
2026-05-25T12:47:43.8330000,452
2026-05-25T12:47:44.8740000,462
2026-05-25T12:47:45.9140000,467
2026-05-25T12:47:46.9550000,470
2026-05-25T12:47:47.9960000,461
2026-05-25T12:47:49.0470000,461
2026-05-25T12:47:50.0880000,469
2026-05-25T12:47:51.1290000,471
2026-05-25T12:47:52.1700000,472
2026-05-25T12:47:53.2110000,466
2026-05-25T12:47:54.2620000,470
2026-05-25T12:47:55.3030000,458
2026-05-25T12:47:56.3430000,461
2026-05-25T12:47:57.3840000,467
2026-05-25T12:47:58.4280000,464
2026-05-25T12:47:59.4680000,478
2026-05-25T12:48:00.5090000,468
2026-05-25T12:48:01.5600000,462
2026-05-25T12:48:02.6010000,461
2026-05-25T12:48:03.6420000,461
2026-05-25T12:48:04.6830000,468
2026-05-25T12:48:05.7230000,473
2026-05-25T12:48:06.7640000,470
2026-05-25T12:48:07.8150000,458
2026-05-25T12:48:08.8560000,472
2026-05-25T12:48:09.8970000,464
2026-05-25T12:48:10.9380000,461
2026-05-25T12:48:11.9860000,448
2026-05-25T12:48:13.0270000,451
2026-05-25T12:48:14.0670000,462
2026-05-25T12:48:15.1080000,449
2026-05-25T12:48:16.1490000,456
2026-05-25T12:48:17.2000000,466
2026-05-25T12:48:18.2410000,465
2026-05-25T12:48:19.2820000,463
2026-05-25T12:48:20.3230000,468
2026-05-25T12:48:21.3640000,473
2026-05-25T12:48:22.4050000,470
2026-05-25T12:48:23.4560000,462
2026-05-25T12:48:24.4970000,456
2026-05-25T12:48:25.5370000,465
2026-05-25T12:48:26.5780000,463
2026-05-25T12:48:27.6190000,468
2026-05-25T12:48:28.6590000,473
2026-05-25T12:48:29.7110000,450
2026-05-25T12:48:30.7510000,461
2026-05-25T12:48:31.7920000,459
2026-05-25T12:48:32.8330000,465
2026-05-25T12:48:33.8740000,445
2026-05-25T12:48:34.9250000,460
2026-05-25T12:48:35.9660000,464
2026-05-25T12:48:37.0070000,456
2026-05-25T12:48:38.0480000,456
2026-05-25T12:48:39.0880000,452
2026-05-25T12:48:40.1290000,461
2026-05-25T12:48:41.1810000,453
2026-05-25T12:48:42.2210000,462
2026-05-25T12:48:43.2620000,467
2026-05-25T12:48:44.3030000,451
2026-05-25T12:48:45.3440000,469
2026-05-25T12:48:46.3840000,461
2026-05-25T12:48:47.4360000,458
2026-05-25T12:48:48.4760000,455
2026-05-25T12:48:49.5170000,476
2026-05-25T12:48:50.5580000,455
2026-05-25T12:48:51.5980000,459
2026-05-25T12:48:52.6430000,447
2026-05-25T12:48:53.6830000,456
2026-05-25T12:48:54.7350000,463
2026-05-25T12:48:55.7750000,464
2026-05-25T12:48:56.8160000,457
2026-05-25T12:48:57.8570000,470
2026-05-25T12:48:58.8980000,450
2026-05-25T12:48:59.9390000,456
2026-05-25T12:49:00.9900000,485
2026-05-25T12:49:02.0310000,454
2026-05-25T12:49:03.0720000,455
2026-05-25T12:49:04.1130000,467
2026-05-25T12:49:05.1530000,447
2026-05-25T12:49:06.1940000,461
2026-05-25T12:49:07.2450000,464
2026-05-25T12:49:08.2870000,469
2026-05-25T12:49:09.3270000,456
2026-05-25T12:49:10.3680000,467
2026-05-25T12:49:11.4080000,451
2026-05-25T12:49:12.4600000,462
2026-05-25T12:49:13.5000000,446
2026-05-25T12:49:14.5410000,450
2026-05-25T12:49:15.5820000,466
2026-05-25T12:49:16.6230000,455
2026-05-25T12:49:17.6740000,469
2026-05-25T12:49:18.7150000,462
2026-05-25T12:49:19.7560000,458
2026-05-25T12:49:20.8000000,470
2026-05-25T12:49:21.8410000,459
2026-05-25T12:49:22.8810000,461
2026-05-25T12:49:23.9220000,453
2026-05-25T12:49:24.9630000,461
2026-05-25T12:49:26.0140000,455
2026-05-25T12:49:27.0550000,470
2026-05-25T12:49:28.0960000,472
2026-05-25T12:49:29.1360000,472
2026-05-25T12:49:30.1770000,463
2026-05-25T12:49:31.2290000,456
2026-05-25T12:49:32.2690000,444
2026-05-25T12:49:33.3100000,469
2026-05-25T12:49:34.3510000,463
2026-05-25T12:49:35.3910000,462
2026-05-25T12:49:36.4420000,452
2026-05-25T12:49:37.4830000,471
2026-05-25T12:49:38.5240000,462
2026-05-25T12:49:40.6050000,469
2026-05-25T12:49:41.6460000,464
2026-05-25T12:49:42.6970000,481
2026-05-25T12:49:43.7380000,460
2026-05-25T12:49:44.7790000,467
2026-05-25T12:49:45.8200000,465
2026-05-25T12:49:46.8600000,457
2026-05-25T12:49:47.9050000,466
2026-05-25T12:49:48.9450000,449
2026-05-25T12:49:49.9970000,464
2026-05-25T12:49:51.0370000,461
2026-05-25T12:49:52.0780000,451
2026-05-25T12:49:53.1190000,464
2026-05-25T12:49:54.1600000,458
2026-05-25T12:49:55.2010000,465
2026-05-25T12:49:56.2520000,450
2026-05-25T12:49:57.2930000,452
2026-05-25T12:49:58.3330000,472
2026-05-25T12:49:59.3740000,468
2026-05-25T12:50:00.4150000,444
2026-05-25T12:50:01.4660000,461
2026-05-25T12:50:02.5000000,470
2026-05-25T12:50:03.5510000,456
2026-05-25T12:50:04.5920000,451
2026-05-25T12:50:05.6330000,465
2026-05-25T12:50:06.6730000,459
2026-05-25T12:50:07.7140000,453
2026-05-25T12:50:08.7550000,462
2026-05-25T12:50:09.8060000,451
2026-05-25T12:50:10.8470000,459
2026-05-25T12:50:11.8880000,464
2026-05-25T12:50:12.9280000,459
2026-05-25T12:50:13.9690000,464
2026-05-25T12:50:15.0200000,460
2026-05-25T12:50:16.0610000,451
2026-05-25T12:50:17.1020000,465
2026-05-25T12:50:18.1430000,473
2026-05-25T12:50:19.1840000,459
2026-05-25T12:50:20.2240000,472
2026-05-25T12:50:21.2760000,467
2026-05-25T12:50:22.3160000,456
2026-05-25T12:50:23.3570000,451
2026-05-25T12:50:24.3980000,458
2026-05-25T12:50:25.4380000,456
2026-05-25T12:50:26.4790000,456
2026-05-25T12:50:27.5300000,456
2026-05-25T12:50:28.5710000,459
2026-05-25T12:50:29.6150000,470
2026-05-25T12:50:30.6560000,466
2026-05-25T12:50:31.6970000,465
2026-05-25T12:50:32.7380000,450
2026-05-25T12:50:33.7790000,462
2026-05-25T12:50:34.8300000,471
2026-05-25T12:50:35.8710000,467
2026-05-25T12:50:36.9110000,470
2026-05-25T12:50:37.9520000,456
2026-05-25T12:50:38.9930000,466
2026-05-25T12:50:40.0340000,464
2026-05-25T12:50:41.0850000,451
2026-05-25T12:50:42.1260000,469
2026-05-25T12:50:43.1660000,461
2026-05-25T12:50:44.2070000,459
2026-05-25T12:50:45.2480000,466
2026-05-25T12:50:46.2990000,454
2026-05-25T12:50:47.3400000,458
2026-05-25T12:50:48.3810000,463
2026-05-25T12:50:49.4210000,452
2026-05-25T12:50:50.4620000,464
2026-05-25T12:50:51.5030000,449
2026-05-25T12:50:52.5540000,456
2026-05-25T12:50:53.5950000,463
2026-05-25T12:50:54.6360000,455
2026-05-25T12:50:55.6770000,463
2026-05-25T12:50:56.7180000,458
2026-05-25T12:50:57.7580000,459
2026-05-25T12:50:58.8100000,456
2026-05-25T12:50:59.8500000,463
2026-05-25T12:51:00.8910000,466
2026-05-25T12:51:01.9320000,456
2026-05-25T12:51:02.9730000,466
2026-05-25T12:51:04.0240000,454
2026-05-25T12:51:05.0650000,454
2026-05-25T12:51:06.1060000,456
2026-05-25T12:51:07.1470000,469
2026-05-25T12:51:08.1880000,456
2026-05-25T12:51:09.2280000,457
2026-05-25T12:51:10.2800000,456
2026-05-25T12:51:11.3200000,448
2026-05-25T12:51:12.3610000,465
2026-05-25T12:51:13.4020000,470
2026-05-25T12:51:14.4430000,454
2026-05-25T12:51:15.4830000,445
2026-05-25T12:51:16.5350000,456
2026-05-25T12:51:17.5750000,449
2026-05-25T12:51:18.6160000,464
2026-05-25T12:51:19.6570000,453
2026-05-25T12:51:20.6980000,467
2026-05-25T12:51:21.7380000,471
2026-05-25T12:51:22.7900000,456
2026-05-25T12:51:23.8300000,462
2026-05-25T12:51:24.8710000,459
2026-05-25T12:51:25.9120000,459
2026-05-25T12:51:26.9530000,464
2026-05-25T12:51:28.0040000,469
2026-05-25T12:51:29.0450000,449
2026-05-25T12:51:30.0850000,459
2026-05-25T12:51:31.1260000,460
2026-05-25T12:51:32.1670000,461
2026-05-25T12:51:33.2070000,444
2026-05-25T12:51:34.2590000,447
2026-05-25T12:51:35.2990000,455
2026-05-25T12:51:36.3400000,448
2026-05-25T12:51:37.3810000,460
2026-05-25T12:51:38.4220000,450
2026-05-25T12:51:39.4730000,463
2026-05-25T12:51:40.5140000,456
2026-05-25T12:51:41.5550000,465
2026-05-25T12:51:42.5960000,454
2026-05-25T12:51:43.6360000,463
2026-05-25T12:51:44.6770000,467
2026-05-25T12:51:45.7290000,458
2026-05-25T12:51:46.7690000,451
2026-05-25T12:51:47.8100000,452
2026-05-25T12:51:48.8510000,449
2026-05-25T12:51:49.8920000,461
2026-05-25T12:51:50.9330000,448
2026-05-25T12:51:51.9840000,440
2026-05-25T12:51:53.0250000,454
2026-05-25T12:51:54.0650000,460
2026-05-25T12:51:55.1060000,459
2026-05-25T12:51:56.1470000,457
2026-05-25T12:51:57.1980000,465
2026-05-25T12:51:58.2390000,453
2026-05-25T12:51:59.2800000,460
2026-05-25T12:52:00.3210000,461
2026-05-25T12:52:01.3610000,460
2026-05-25T12:52:02.4130000,457
2026-05-25T12:52:03.4530000,454
2026-05-25T12:52:04.4940000,462
2026-05-25T12:52:05.5350000,466
2026-05-25T12:52:06.5760000,450
2026-05-25T12:52:07.6160000,456
2026-05-25T12:52:08.6680000,469
2026-05-25T12:52:09.7080000,452
2026-05-25T12:52:10.7490000,475
2026-05-25T12:52:11.7900000,465
2026-05-25T12:52:12.8310000,461
2026-05-25T12:52:13.8820000,455
2026-05-25T12:52:14.9230000,462
2026-05-25T12:52:15.9630000,448
2026-05-25T12:52:17.0040000,453
2026-05-25T12:52:18.0450000,460
2026-05-25T12:52:19.0860000,460
2026-05-25T12:52:20.1370000,458
2026-05-25T12:52:21.1770000,466
2026-05-25T12:52:22.2180000,468
2026-05-25T12:52:23.2590000,465
2026-05-25T12:52:24.3000000,475
2026-05-25T12:52:25.3510000,454
2026-05-25T12:52:26.3920000,461
2026-05-25T12:52:27.4320000,472
2026-05-25T12:52:28.4740000,460
2026-05-25T12:52:29.5140000,473
2026-05-25T12:52:30.5550000,445
2026-05-25T12:52:31.6070000,451
2026-05-25T12:52:32.6470000,464
2026-05-25T12:52:33.6880000,441
2026-05-25T12:52:34.7290000,455
2026-05-25T12:52:35.7700000,469
2026-05-25T12:52:36.8100000,457
2026-05-25T12:52:37.8620000,455
2026-05-25T12:52:38.9020000,461
2026-05-25T12:52:39.9430000,459
2026-05-25T12:52:40.9840000,463
2026-05-25T12:52:42.0250000,459
2026-05-25T12:52:43.0760000,452
2026-05-25T12:52:44.1170000,454
2026-05-25T12:52:45.1570000,439
2026-05-25T12:52:46.1980000,445
2026-05-25T12:52:47.2390000,454
2026-05-25T12:52:48.2830000,453
2026-05-25T12:52:49.3240000,446
2026-05-25T12:52:50.3750000,473
2026-05-25T12:52:51.4160000,456
2026-05-25T12:52:52.4570000,442
2026-05-25T12:52:53.4970000,453
2026-05-25T12:52:54.5380000,458
2026-05-25T12:52:55.5790000,461
2026-05-25T12:52:56.6300000,453
2026-05-25T12:52:57.6710000,453
2026-05-25T12:52:58.7120000,443
2026-05-25T12:52:59.7520000,455
2026-05-25T12:53:00.7930000,465
2026-05-25T12:53:01.8440000,459
2026-05-25T12:53:02.8850000,467
2026-05-25T12:53:03.9260000,462
2026-05-25T12:53:04.9670000,452
2026-05-25T12:53:06.0070000,453
2026-05-25T12:53:07.0480000,446
2026-05-25T12:53:08.1020000,454
2026-05-25T12:53:09.1430000,455
2026-05-25T12:53:10.1830000,453
2026-05-25T12:53:11.2240000,461
2026-05-25T12:53:12.2650000,451
2026-05-25T12:53:13.3060000,463
2026-05-25T12:53:14.3460000,470
2026-05-25T12:53:15.3940000,456
2026-05-25T12:53:16.4350000,455
2026-05-25T12:53:17.4760000,447
2026-05-25T12:53:18.5270000,460
2026-05-25T12:53:19.5680000,445
2026-05-25T12:53:20.6090000,464
2026-05-25T12:53:21.6500000,463
2026-05-25T12:53:22.6900000,444
2026-05-25T12:53:23.7310000,437
2026-05-25T12:53:24.7820000,464
2026-05-25T12:53:25.8230000,456
2026-05-25T12:53:26.8640000,450
2026-05-25T12:53:27.9050000,456
2026-05-25T12:53:28.9450000,444
2026-05-25T12:53:29.9860000,453
2026-05-25T12:53:31.0370000,451
2026-05-25T12:53:32.0780000,455
2026-05-25T12:53:33.1190000,443
2026-05-25T12:53:34.1590000,449
2026-05-25T12:53:35.2000000,452
2026-05-25T12:53:36.2510000,435
2026-05-25T12:53:37.2920000,460
2026-05-25T12:53:38.3330000,448
2026-05-25T12:53:39.3740000,462
2026-05-25T12:53:40.4150000,443
2026-05-25T12:53:41.4550000,443
2026-05-25T12:53:42.5070000,444
2026-05-25T12:53:43.5470000,464
2026-05-25T12:53:44.5880000,440
2026-05-25T12:53:45.6290000,457
2026-05-25T12:53:46.6700000,460
2026-05-25T12:53:47.7100000,461
2026-05-25T12:53:48.7620000,454
2026-05-25T12:53:49.8030000,436
2026-05-25T12:53:50.8430000,459
2026-05-25T12:53:51.8840000,456
2026-05-25T12:53:52.9250000,466
2026-05-25T12:53:53.9760000,453
2026-05-25T12:53:55.0170000,453
2026-05-25T12:53:56.0580000,456
2026-05-25T12:53:57.0980000,458
2026-05-25T12:53:58.1410000,450
2026-05-25T12:53:59.1820000,448
2026-05-25T12:54:00.2230000,462
2026-05-25T12:54:01.2740000,450
2026-05-25T12:54:02.3150000,454
2026-05-25T12:54:03.3550000,454
2026-05-25T12:54:04.3960000,446
2026-05-25T12:54:05.4370000,456
2026-05-25T12:54:06.4780000,447
2026-05-25T12:54:07.5290000,445
2026-05-25T12:54:08.5700000,451
2026-05-25T12:54:09.6100000,446
2026-05-25T12:54:10.6480000,444
2026-05-25T12:54:11.6990000,458
2026-05-25T12:54:12.7400000,460
2026-05-25T12:54:13.7810000,456
2026-05-25T12:54:14.8210000,454
2026-05-25T12:54:15.8620000,433
2026-05-25T12:54:16.9030000,455
2026-05-25T12:54:17.9540000,447
2026-05-25T12:54:18.9950000,452
2026-05-25T12:54:20.0350000,456
2026-05-25T12:54:21.0760000,453
2026-05-25T12:54:22.1170000,446
2026-05-25T12:54:23.1580000,455
2026-05-25T12:54:24.2050000,458
2026-05-25T12:54:25.2460000,451
2026-05-25T12:54:26.2870000,451
2026-05-25T12:54:27.3380000,456
2026-05-25T12:54:28.3790000,465
2026-05-25T12:54:29.4190000,448
2026-05-25T12:54:30.4600000,456
2026-05-25T12:54:31.5010000,443
2026-05-25T12:54:32.5420000,452
2026-05-25T12:54:33.5930000,445
2026-05-25T12:54:34.6340000,467
2026-05-25T12:54:35.6740000,448
2026-05-25T12:54:36.7150000,465
2026-05-25T12:54:37.7560000,456
2026-05-25T12:54:38.8070000,449
2026-05-25T12:54:39.8480000,455
2026-05-25T12:54:40.8890000,453
2026-05-25T12:54:41.9290000,453
2026-05-25T12:54:42.9700000,452
2026-05-25T12:54:44.0110000,445
2026-05-25T12:54:45.0620000,450
2026-05-25T12:54:46.1030000,460
2026-05-25T12:54:47.1440000,449
2026-05-25T12:54:48.1850000,456
2026-05-25T12:54:49.2260000,442
2026-05-25T12:54:50.2660000,455
2026-05-25T12:54:51.3180000,458
2026-05-25T12:54:52.3580000,446
2026-05-25T12:54:53.3990000,459
2026-05-25T12:54:54.4400000,447
2026-05-25T12:54:55.4810000,453
2026-05-25T12:54:56.5220000,465
2026-05-25T12:54:57.5730000,439
2026-05-25T12:54:58.6140000,450
2026-05-25T12:54:59.6540000,440
2026-05-25T12:55:00.6950000,471
2026-05-25T12:55:01.7360000,441
2026-05-25T12:55:02.7870000,464
2026-05-25T12:55:03.8280000,433
2026-05-25T12:55:04.8690000,457
2026-05-25T12:55:05.9090000,464
2026-05-25T12:55:06.9500000,449
2026-05-25T12:55:07.9910000,434
2026-05-25T12:55:09.0420000,446
2026-05-25T12:55:10.0830000,454
2026-05-25T12:55:11.1240000,465
2026-05-25T12:55:12.1650000,448
2026-05-25T12:55:13.2050000,446
2026-05-25T12:55:14.2460000,453
2026-05-25T12:55:15.2970000,444
2026-05-25T12:55:16.3380000,453
2026-05-25T12:55:17.3790000,450
2026-05-25T12:55:18.4200000,466
2026-05-25T12:55:19.4600000,457
2026-05-25T12:55:20.5120000,452
2026-05-25T12:55:21.5520000,453
2026-05-25T12:55:22.5930000,446
2026-05-25T12:55:23.6340000,464
2026-05-25T12:55:24.6750000,467
2026-05-25T12:55:25.7160000,450
2026-05-25T12:55:26.7670000,465
2026-05-25T12:55:27.8070000,455
2026-05-25T12:55:28.8480000,455
2026-05-25T12:55:29.8890000,465
2026-05-25T12:55:30.9290000,469
2026-05-25T12:55:31.9810000,462
2026-05-25T12:55:33.0180000,463
2026-05-25T12:55:34.0590000,448
2026-05-25T12:55:35.0990000,462
2026-05-25T12:55:36.1510000,466
2026-05-25T12:55:37.1920000,470
2026-05-25T12:55:38.2320000,463
2026-05-25T12:55:39.2730000,466
2026-05-25T12:55:40.3140000,467
2026-05-25T12:55:41.3550000,452
2026-05-25T12:55:42.4060000,479
2026-05-25T12:55:43.4470000,470
2026-05-25T12:55:44.4870000,473
2026-05-25T12:55:45.5280000,470
2026-05-25T12:55:46.5690000,486
2026-05-25T12:55:47.6130000,465
2026-05-25T12:55:48.6540000,470
2026-05-25T12:55:49.7060000,474
2026-05-25T12:55:50.7460000,462
2026-05-25T12:55:51.7870000,475
2026-05-25T12:55:52.8280000,477
2026-05-25T12:55:53.8680000,468
2026-05-25T12:55:54.9090000,461
2026-05-25T12:55:55.9610000,481
2026-05-25T12:55:57.0010000,471
2026-05-25T12:55:58.0420000,492
2026-05-25T12:55:59.0830000,486
2026-05-25T12:56:00.1240000,472
2026-05-25T12:56:01.1650000,479
2026-05-25T12:56:02.2160000,481
2026-05-25T12:56:03.2570000,467
2026-05-25T12:56:04.2980000,461
2026-05-25T12:56:05.3380000,479
2026-05-25T12:56:06.3790000,476
2026-05-25T12:56:07.4200000,474
2026-05-25T12:56:08.4710000,482
2026-05-25T12:56:09.5120000,463
2026-05-25T12:56:10.5530000,480
2026-05-25T12:56:11.5930000,475
2026-05-25T12:56:12.6340000,483
2026-05-25T12:56:13.6750000,483
2026-05-25T12:56:14.7260000,471
2026-05-25T12:56:15.7670000,462
2026-05-25T12:56:16.8080000,469
2026-05-25T12:56:17.8480000,465
2026-05-25T12:56:18.8890000,475
2026-05-25T12:56:19.9400000,468
2026-05-25T12:56:20.9810000,464
2026-05-25T12:56:22.0220000,474
2026-05-25T12:56:23.0630000,470
2026-05-25T12:56:24.1030000,483
2026-05-25T12:56:25.1440000,476
2026-05-25T12:56:26.1960000,475
2026-05-25T12:56:27.2360000,467
2026-05-25T12:56:28.2800000,495
2026-05-25T12:56:29.3210000,475
2026-05-25T12:56:30.3620000,485
2026-05-25T12:56:31.4030000,478
2026-05-25T12:56:32.4440000,482
2026-05-25T12:56:33.4950000,476
2026-05-25T12:56:34.5360000,473
2026-05-25T12:56:35.5760000,473
2026-05-25T12:56:36.6170000,473
2026-05-25T12:56:37.6580000,478
2026-05-25T12:56:38.6990000,486
2026-05-25T12:56:39.7500000,481
2026-05-25T12:56:40.7910000,472
2026-05-25T12:56:41.8320000,486
2026-05-25T12:56:42.8760000,484
2026-05-25T12:56:43.9170000,465
2026-05-25T12:56:44.9570000,471
2026-05-25T12:56:45.9980000,482
2026-05-25T12:56:47.0390000,477
2026-05-25T12:56:48.0900000,478
2026-05-25T12:56:49.1310000,481
2026-05-25T12:56:50.1720000,489
2026-05-25T12:56:52.2530000,484
2026-05-25T12:56:53.3050000,486
2026-05-25T12:56:54.3450000,481
2026-05-25T12:56:55.3860000,485
2026-05-25T12:56:56.4310000,480
2026-05-25T12:56:57.4710000,471
2026-05-25T12:56:58.5120000,473
2026-05-25T12:56:59.5530000,464
2026-05-25T12:57:00.5940000,489
2026-05-25T12:57:01.6450000,473
2026-05-25T12:57:02.6850000,473
2026-05-25T12:57:03.7260000,474
2026-05-25T12:57:04.7670000,486
2026-05-25T12:57:05.8080000,464
2026-05-25T12:57:06.8590000,484
2026-05-25T12:57:07.9000000,477
2026-05-25T12:57:08.9410000,467
2026-05-25T12:57:09.9810000,476
2026-05-25T12:57:11.0220000,481
2026-05-25T12:57:12.0630000,456
2026-05-25T12:57:13.1140000,476
2026-05-25T12:57:14.1550000,483
2026-05-25T12:57:15.1960000,476
2026-05-25T12:57:16.2360000,481
2026-05-25T12:57:17.2770000,471
2026-05-25T12:57:18.3180000,476
2026-05-25T12:57:19.3690000,481
2026-05-25T12:57:20.4100000,486
2026-05-25T12:57:21.4510000,486
2026-05-25T12:57:22.4920000,480
2026-05-25T12:57:23.5360000,480
2026-05-25T12:57:24.5760000,478
2026-05-25T12:57:25.6170000,474
2026-05-25T12:57:26.6680000,480
2026-05-25T12:57:27.7090000,474
2026-05-25T12:57:28.7500000,463
2026-05-25T12:57:29.7910000,478
2026-05-25T12:57:30.8310000,466
2026-05-25T12:57:31.8720000,487
2026-05-25T12:57:32.9230000,489
2026-05-25T12:57:33.9640000,482
2026-05-25T12:57:35.0050000,471
2026-05-25T12:57:36.0460000,489
2026-05-25T12:57:37.0870000,486
2026-05-25T12:57:38.1310000,463
2026-05-25T12:57:39.1710000,480
2026-05-25T12:57:40.2230000,479
2026-05-25T12:57:41.2630000,477
2026-05-25T12:57:42.3040000,489
2026-05-25T12:57:43.3450000,480
2026-05-25T12:57:44.3860000,476
2026-05-25T12:57:45.4270000,476
2026-05-25T12:57:46.4780000,466
2026-05-25T12:57:47.5180000,490
2026-05-25T12:57:48.5600000,486
2026-05-25T12:57:49.6000000,477
2026-05-25T12:57:50.6410000,472
2026-05-25T12:57:51.6850000,475
2026-05-25T12:57:52.7260000,489
2026-05-25T12:57:53.7670000,480
2026-05-25T12:57:54.8180000,477
2026-05-25T12:57:55.8590000,485
2026-05-25T12:57:56.8990000,481
2026-05-25T12:57:57.9400000,481
2026-05-25T12:57:58.9810000,484
2026-05-25T12:58:00.0320000,473
2026-05-25T12:58:01.0730000,480
2026-05-25T12:58:02.1140000,483
2026-05-25T12:58:03.1550000,483
2026-05-25T12:58:04.1950000,485
2026-05-25T12:58:05.2400000,482
2026-05-25T12:58:06.2800000,478
2026-05-25T12:58:07.3210000,469
2026-05-25T12:58:08.3730000,474
2026-05-25T12:58:09.4130000,483
2026-05-25T12:58:10.4540000,480
2026-05-25T12:58:11.4950000,472
2026-05-25T12:58:12.5360000,475
2026-05-25T12:58:13.5870000,478
2026-05-25T12:58:14.6280000,474
2026-05-25T12:58:15.6680000,471
2026-05-25T12:58:16.7090000,477
2026-05-25T12:58:17.7500000,457
2026-05-25T12:58:18.7910000,475
2026-05-25T12:58:19.8350000,476
2026-05-25T12:58:20.8760000,480
2026-05-25T12:58:21.9270000,483
2026-05-25T12:58:22.9680000,483
2026-05-25T12:58:24.0090000,495
2026-05-25T12:58:25.0490000,467
2026-05-25T12:58:26.0900000,483
2026-05-25T12:58:27.1410000,477
2026-05-25T12:58:28.1820000,495
2026-05-25T12:58:29.2230000,487
2026-05-25T12:58:30.2640000,477
2026-05-25T12:58:31.3050000,473
2026-05-25T12:58:32.3450000,478
2026-05-25T12:58:33.3900000,478
2026-05-25T12:58:34.4300000,483
2026-05-25T12:58:35.4810000,465
2026-05-25T12:58:36.5220000,462
2026-05-25T12:58:37.5630000,472
2026-05-25T12:58:38.6040000,457
2026-05-25T12:58:39.6450000,462
2026-05-25T12:58:40.6850000,466
2026-05-25T12:58:41.7370000,466
2026-05-25T12:58:42.7780000,474
2026-05-25T12:58:43.8180000,448
2026-05-25T12:58:44.8590000,475
2026-05-25T12:58:45.9000000,456
2026-05-25T12:58:46.9510000,476
2026-05-25T12:58:47.9920000,479
2026-05-25T12:58:49.0330000,467
2026-05-25T12:58:50.0740000,469
2026-05-25T12:58:51.1140000,453
2026-05-25T12:58:52.1550000,480
2026-05-25T12:58:53.2070000,462
2026-05-25T12:58:54.2470000,482
2026-05-25T12:58:55.2880000,470
2026-05-25T12:58:56.3290000,452
2026-05-25T12:58:57.3700000,458
2026-05-25T12:58:58.4210000,467
2026-05-25T12:58:59.4620000,478
2026-05-25T12:59:00.5060000,461
2026-05-25T12:59:01.5460000,472
2026-05-25T12:59:02.5870000,462
2026-05-25T12:59:03.6280000,476
2026-05-25T12:59:04.6690000,466
2026-05-25T12:59:05.7090000,471
2026-05-25T12:59:06.7610000,467
2026-05-25T12:59:07.8010000,465
2026-05-25T12:59:08.8420000,474
2026-05-25T12:59:09.8830000,450
2026-05-25T12:59:10.9240000,463
2026-05-25T12:59:11.9750000,470
2026-05-25T12:59:13.0160000,464
2026-05-25T12:59:14.0570000,466
2026-05-25T12:59:15.0970000,468
2026-05-25T12:59:16.1380000,476
2026-05-25T12:59:17.1790000,456
2026-05-25T12:59:18.2300000,470
2026-05-25T12:59:19.2710000,458
2026-05-25T12:59:20.3120000,463
2026-05-25T12:59:21.3530000,469
2026-05-25T12:59:22.3930000,451
2026-05-25T12:59:23.4450000,461
2026-05-25T12:59:24.4850000,470
2026-05-25T12:59:25.5260000,468
2026-05-25T12:59:26.5670000,452
2026-05-25T12:59:27.6070000,452
2026-05-25T12:59:28.6520000,475
2026-05-25T12:59:29.6930000,465
2026-05-25T12:59:30.7330000,466
2026-05-25T12:59:31.7850000,473
2026-05-25T12:59:32.8250000,473
2026-05-25T12:59:33.8660000,476
2026-05-25T12:59:34.9070000,466
2026-05-25T12:59:35.9480000,456
2026-05-25T12:59:36.9890000,469
2026-05-25T12:59:38.0400000,464
2026-05-25T12:59:39.0810000,471
2026-05-25T12:59:40.1220000,461
2026-05-25T12:59:41.1620000,458
2026-05-25T12:59:42.2030000,449
2026-05-25T12:59:43.2540000,461
2026-05-25T12:59:44.2950000,469
2026-05-25T12:59:45.3360000,468
2026-05-25T12:59:46.3770000,442
2026-05-25T12:59:47.4170000,475
2026-05-25T12:59:48.4580000,482
2026-05-25T12:59:49.5090000,461
2026-05-25T12:59:50.5500000,472
2026-05-25T12:59:51.5910000,466
2026-05-25T12:59:52.6320000,450
2026-05-25T12:59:53.6720000,476
2026-05-25T12:59:54.7240000,468
2026-05-25T12:59:55.7640000,463
2026-05-25T12:59:56.8050000,461
2026-05-25T12:59:57.8460000,472
2026-05-25T12:59:58.8860000,470
2026-05-25T12:59:59.9380000,455
2026-05-25T13:00:00.9790000,473
2026-05-25T13:00:02.0190000,461
2026-05-25T13:00:03.0600000,464
2026-05-25T13:00:04.1010000,463
2026-05-25T13:00:05.1420000,465
2026-05-25T13:00:06.1930000,467
2026-05-25T13:00:07.2340000,472
2026-05-25T13:00:08.2750000,469
2026-05-25T13:00:09.3150000,468
2026-05-25T13:00:10.3560000,466
2026-05-25T13:00:11.3970000,468
2026-05-25T13:00:12.4480000,453
2026-05-25T13:00:13.4890000,479
2026-05-25T13:00:14.5290000,459
2026-05-25T13:00:15.5700000,474
2026-05-25T13:00:16.6110000,443
2026-05-25T13:00:17.6620000,456
2026-05-25T13:00:18.7030000,459
2026-05-25T13:00:19.7440000,459
2026-05-25T13:00:20.7850000,445
2026-05-25T13:00:21.8260000,456
2026-05-25T13:00:22.8670000,451
2026-05-25T13:00:23.9180000,454
2026-05-25T13:00:24.9590000,465
2026-05-25T13:00:26.0000000,453
2026-05-25T13:00:27.0400000,468
2026-05-25T13:00:28.0810000,459
2026-05-25T13:00:29.1220000,465