timestamp,substrate_temp_c
2026-05-24 00:00:04.450,22.375
2026-05-24 00:00:10.354,22.375
2026-05-24 00:00:16.258,22.375
2026-05-24 00:00:22.164,22.375
2026-05-24 00:00:28.070,22.375
2026-05-24 00:00:33.976,22.375
2026-05-24 00:00:39.883,22.4375
2026-05-24 00:00:45.787,22.4375
2026-05-24 00:00:51.690,22.375
2026-05-24 00:00:57.594,22.4375
2026-05-24 00:01:03.498,22.4375
2026-05-24 00:01:09.403,22.4375
2026-05-24 00:01:15.310,22.375
2026-05-24 00:01:21.216,22.375
2026-05-24 00:01:27.120,22.375
2026-05-24 00:01:33.023,22.375
2026-05-24 00:01:38.930,22.375
2026-05-24 00:01:44.833,22.375
2026-05-24 00:01:50.740,22.375
2026-05-24 00:01:56.643,22.375
2026-05-24 00:02:02.549,22.4375
2026-05-24 00:02:08.456,22.375
2026-05-24 00:02:14.362,22.375
2026-05-24 00:02:20.268,22.375
2026-05-24 00:02:26.173,22.375
2026-05-24 00:02:32.081,22.375
2026-05-24 00:02:37.988,22.375
2026-05-24 00:02:43.892,22.375
2026-05-24 00:02:49.795,22.375
2026-05-24 00:02:55.699,22.4375
2026-05-24 00:03:01.603,22.4375
2026-05-24 00:03:07.507,22.375
2026-05-24 00:03:13.411,22.4375
2026-05-24 00:03:19.316,22.375
2026-05-24 00:03:25.222,22.375
2026-05-24 00:03:31.129,22.375
2026-05-24 00:03:37.035,22.375
2026-05-24 00:03:42.939,22.375
2026-05-24 00:03:48.844,22.4375
2026-05-24 00:03:54.748,22.375
2026-05-24 00:04:00.653,22.375
2026-05-24 00:04:06.557,22.4375
2026-05-24 00:04:12.460,22.4375
2026-05-24 00:04:18.364,22.375
2026-05-24 00:04:24.270,22.375
2026-05-24 00:04:30.176,22.375
2026-05-24 00:04:36.082,22.375
2026-05-24 00:04:41.986,22.375
2026-05-24 00:04:47.892,22.4375
2026-05-24 00:04:53.798,22.4375
2026-05-24 00:04:59.704,22.375
2026-05-24 00:05:05.610,22.375
2026-05-24 00:05:11.516,22.375
2026-05-24 00:05:17.422,22.4375
2026-05-24 00:05:23.326,22.4375
2026-05-24 00:05:29.232,22.375
2026-05-24 00:05:35.138,22.375
2026-05-24 00:05:41.044,22.375
2026-05-24 00:05:46.948,22.375
2026-05-24 00:05:52.852,22.375
2026-05-24 00:05:58.756,22.375
2026-05-24 00:06:04.660,22.4375
2026-05-24 00:06:10.564,22.375
2026-05-24 00:06:16.468,22.375
2026-05-24 00:06:22.372,22.4375
2026-05-24 00:06:28.276,22.375
2026-05-24 00:06:34.182,22.375
2026-05-24 00:06:40.088,22.375
2026-05-24 00:06:45.994,22.375
2026-05-24 00:06:51.898,22.4375
2026-05-24 00:06:57.802,22.375
2026-05-24 00:07:03.708,22.375
2026-05-24 00:07:09.613,22.4375
2026-05-24 00:07:15.519,22.375
2026-05-24 00:07:21.425,22.375
2026-05-24 00:07:27.331,22.375
2026-05-24 00:07:33.237,22.375
2026-05-24 00:07:39.141,22.375
2026-05-24 00:07:45.046,22.4375
2026-05-24 00:07:50.954,22.375
2026-05-24 00:07:56.859,22.375
2026-05-24 00:08:02.763,22.375
2026-05-24 00:08:08.667,22.375
2026-05-24 00:08:14.570,22.375
2026-05-24 00:08:20.475,22.4375
2026-05-24 00:08:26.381,22.375
2026-05-24 00:08:32.287,22.375
2026-05-24 00:08:38.193,22.375
2026-05-24 00:08:44.096,22.4375
2026-05-24 00:08:50.001,22.4375
2026-05-24 00:08:55.905,22.375
2026-05-24 00:09:01.808,22.4375
2026-05-24 00:09:07.714,22.4375
2026-05-24 00:09:13.619,22.375
2026-05-24 00:09:19.525,22.375
2026-05-24 00:09:25.428,22.375
2026-05-24 00:09:31.334,22.375
2026-05-24 00:09:37.238,22.4375
2026-05-24 00:09:43.144,22.375
2026-05-24 00:09:49.050,22.375
2026-05-24 00:09:54.956,22.375
2026-05-24 00:10:00.860,22.375
2026-05-24 00:10:06.763,22.375
2026-05-24 00:10:12.668,22.375
2026-05-24 00:10:18.572,22.375
2026-05-24 00:10:24.475,22.4375
2026-05-24 00:10:30.379,22.375
2026-05-24 00:10:36.282,22.375
2026-05-24 00:10:42.187,22.375
2026-05-24 00:10:48.091,22.375
2026-05-24 00:10:53.994,22.375
2026-05-24 00:10:59.900,22.4375
2026-05-24 00:11:05.806,22.4375
2026-05-24 00:11:11.713,22.4375
2026-05-24 00:11:17.619,22.375
2026-05-24 00:11:23.524,22.4375
2026-05-24 00:11:29.428,22.4375
2026-05-24 00:11:35.332,22.375
2026-05-24 00:11:41.237,22.4375
2026-05-24 00:11:47.140,22.375
2026-05-24 00:11:53.046,22.375
2026-05-24 00:11:58.952,22.375
2026-05-24 00:12:04.859,22.375
2026-05-24 00:12:10.764,22.4375
2026-05-24 00:12:16.668,22.375
2026-05-24 00:12:22.572,22.375
2026-05-24 00:12:28.475,22.4375
2026-05-24 00:12:34.380,22.375
2026-05-24 00:12:40.283,22.375
2026-05-24 00:12:46.187,22.375
2026-05-24 00:12:52.091,22.375
2026-05-24 00:12:57.994,22.4375
2026-05-24 00:13:03.899,22.375
2026-05-24 00:13:09.803,22.4375
2026-05-24 00:13:15.706,22.375
2026-05-24 00:13:21.612,22.375
2026-05-24 00:13:27.518,22.4375
2026-05-24 00:13:33.424,22.375
2026-05-24 00:13:39.328,22.375
2026-05-24 00:13:45.232,22.4375
2026-05-24 00:13:51.136,22.375
2026-05-24 00:13:57.039,22.375
2026-05-24 00:14:02.944,22.375
2026-05-24 00:14:08.850,22.375
2026-05-24 00:14:14.753,22.375
2026-05-24 00:14:20.659,22.375
2026-05-24 00:14:26.565,22.375
2026-05-24 00:14:32.470,22.375
2026-05-24 00:14:38.373,22.375
2026-05-24 00:14:44.277,22.4375
2026-05-24 00:14:50.183,22.375
2026-05-24 00:14:56.089,22.4375
2026-05-24 00:15:01.995,22.375
2026-05-24 00:15:07.900,22.4375
2026-05-24 00:15:13.804,22.375
2026-05-24 00:15:19.708,22.375
2026-05-24 00:15:25.613,22.375
2026-05-24 00:15:31.516,22.375
2026-05-24 00:15:37.420,22.375
2026-05-24 00:15:43.326,22.375
2026-05-24 00:15:49.232,22.375
2026-05-24 00:15:55.138,22.375
2026-05-24 00:16:01.044,22.375
2026-05-24 00:16:06.948,22.375
2026-05-24 00:16:12.852,22.4375
2026-05-24 00:16:18.755,22.375
2026-05-24 00:16:24.660,22.375
2026-05-24 00:16:30.564,22.4375
2026-05-24 00:16:36.469,22.375
2026-05-24 00:16:42.375,22.375
2026-05-24 00:16:48.278,22.375
2026-05-24 00:16:54.185,22.375
2026-05-24 00:17:00.089,22.375
2026-05-24 00:17:05.992,22.4375
2026-05-24 00:17:11.898,22.375
2026-05-24 00:17:17.802,22.4375
2026-05-24 00:17:23.709,22.375
2026-05-24 00:17:29.615,22.375
2026-05-24 00:17:35.521,22.4375
2026-05-24 00:17:41.426,22.375
2026-05-24 00:17:47.332,22.4375
2026-05-24 00:17:53.239,22.375
2026-05-24 00:17:59.142,22.4375
2026-05-24 00:18:05.046,22.375
2026-05-24 00:18:10.950,22.375
2026-05-24 00:18:16.854,22.375
2026-05-24 00:18:22.758,22.4375
2026-05-24 00:18:28.664,22.375
2026-05-24 00:18:34.570,22.4375
2026-05-24 00:18:40.473,22.4375
2026-05-24 00:18:46.378,22.4375
2026-05-24 00:18:52.281,22.375
2026-05-24 00:18:58.185,22.375
2026-05-24 00:19:04.089,22.4375
2026-05-24 00:19:09.992,22.375
2026-05-24 00:19:15.897,22.375
2026-05-24 00:19:21.801,22.375
2026-05-24 00:19:27.704,22.375
2026-05-24 00:19:33.608,22.4375
2026-05-24 00:19:39.513,22.375
2026-05-24 00:19:45.418,22.375
2026-05-24 00:19:51.324,22.4375
2026-05-24 00:19:57.230,22.375
2026-05-24 00:20:03.133,22.375
2026-05-24 00:20:09.037,22.375
2026-05-24 00:20:14.941,22.4375
2026-05-24 00:20:20.848,22.4375
2026-05-24 00:20:26.751,22.4375
2026-05-24 00:20:32.656,22.375
2026-05-24 00:20:38.560,22.375
2026-05-24 00:20:44.465,22.375
2026-05-24 00:20:50.368,22.375
2026-05-24 00:20:56.274,22.4375
2026-05-24 00:21:02.180,22.375
2026-05-24 00:21:08.085,22.375
2026-05-24 00:21:13.991,22.375
2026-05-24 00:21:19.897,22.4375
2026-05-24 00:21:25.800,22.375
2026-05-24 00:21:31.704,22.4375
2026-05-24 00:21:37.611,22.375
2026-05-24 00:21:43.516,22.375
2026-05-24 00:21:49.422,22.4375
2026-05-24 00:21:55.328,22.4375
2026-05-24 00:22:01.234,22.4375
2026-05-24 00:22:07.141,22.4375
2026-05-24 00:22:13.047,22.4375
2026-05-24 00:22:18.952,22.375
2026-05-24 00:22:24.858,22.4375
2026-05-24 00:22:30.762,22.4375
2026-05-24 00:22:36.667,22.375
2026-05-24 00:22:42.570,22.4375
2026-05-24 00:22:48.476,22.375
2026-05-24 00:22:54.382,22.4375
2026-05-24 00:23:00.286,22.4375
2026-05-24 00:23:06.193,22.375
2026-05-24 00:23:12.098,22.375
2026-05-24 00:23:18.004,22.375
2026-05-24 00:23:23.910,22.375
2026-05-24 00:23:29.814,22.375
2026-05-24 00:23:35.718,22.375
2026-05-24 00:23:41.622,22.4375
2026-05-24 00:23:47.526,22.4375
2026-05-24 00:23:53.429,22.4375
2026-05-24 00:23:59.334,22.375
2026-05-24 00:24:05.238,22.375
2026-05-24 00:24:11.142,22.375
2026-05-24 00:24:17.047,22.375
2026-05-24 00:24:22.953,22.4375
2026-05-24 00:24:28.860,22.4375
2026-05-24 00:24:34.766,22.4375
2026-05-24 00:24:40.672,22.4375
2026-05-24 00:24:46.575,22.4375
2026-05-24 00:24:52.479,22.4375
2026-05-24 00:24:58.386,22.375
2026-05-24 00:25:04.292,22.4375
2026-05-24 00:25:10.197,22.4375
2026-05-24 00:25:16.101,22.4375
2026-05-24 00:25:22.006,22.4375
2026-05-24 00:25:27.911,22.375
2026-05-24 00:25:33.815,22.4375
2026-05-24 00:25:39.718,22.375
2026-05-24 00:25:45.622,22.4375
2026-05-24 00:25:51.526,22.375
2026-05-24 00:25:57.430,22.4375
2026-05-24 00:26:03.336,22.4375
2026-05-24 00:26:09.242,22.4375
2026-05-24 00:26:15.147,22.4375
2026-05-24 00:26:21.053,22.4375
2026-05-24 00:26:26.960,22.4375
2026-05-24 00:26:32.864,22.4375
2026-05-24 00:26:38.767,22.4375
2026-05-24 00:26:44.671,22.4375
2026-05-24 00:26:50.575,22.4375
2026-05-24 00:26:56.479,22.4375
2026-05-24 00:27:02.383,22.4375
2026-05-24 00:27:08.287,22.4375
2026-05-24 00:27:14.190,22.4375
2026-05-24 00:27:20.095,22.375
2026-05-24 00:27:26.001,22.4375
2026-05-24 00:27:31.907,22.4375
2026-05-24 00:27:37.810,22.4375
2026-05-24 00:27:43.716,22.4375
2026-05-24 00:27:49.620,22.4375
2026-05-24 00:27:55.524,22.375
2026-05-24 00:28:01.428,22.4375
2026-05-24 00:28:07.331,22.4375
2026-05-24 00:28:13.237,22.375
2026-05-24 00:28:19.142,22.375
2026-05-24 00:28:25.048,22.4375
2026-05-24 00:28:30.954,22.4375
2026-05-24 00:28:36.857,22.4375
2026-05-24 00:28:42.763,22.375
2026-05-24 00:28:48.670,22.375
2026-05-24 00:28:54.573,22.375
2026-05-24 00:29:00.477,22.375
2026-05-24 00:29:06.381,22.4375
2026-05-24 00:29:12.284,22.4375
2026-05-24 00:29:18.189,22.4375
2026-05-24 00:29:24.093,22.4375
2026-05-24 00:29:29.999,22.375
2026-05-24 00:29:35.904,22.4375
2026-05-24 00:29:41.810,22.4375
2026-05-24 00:29:47.717,22.4375
2026-05-24 00:29:53.620,22.375
2026-05-24 00:29:59.524,22.4375
2026-05-24 00:30:05.427,22.375
2026-05-24 00:30:11.332,22.4375
2026-05-24 00:30:17.236,22.4375
2026-05-24 00:30:23.139,22.375
2026-05-24 00:30:29.043,22.4375
2026-05-24 00:30:34.948,22.4375
2026-05-24 00:30:40.855,22.375
2026-05-24 00:30:46.761,22.4375
2026-05-24 00:30:52.669,22.4375
2026-05-24 00:30:58.575,22.375
2026-05-24 00:31:04.478,22.4375
2026-05-24 00:31:10.383,22.375
2026-05-24 00:31:16.287,22.4375
2026-05-24 00:31:22.191,22.4375
2026-05-24 00:31:28.094,22.4375
2026-05-24 00:31:33.998,22.4375
2026-05-24 00:31:39.902,22.4375
2026-05-24 00:31:45.808,22.375
2026-05-24 00:31:51.714,22.375
2026-05-24 00:31:57.620,22.375
2026-05-24 00:32:03.524,22.375
2026-05-24 00:32:09.428,22.4375
2026-05-24 00:32:15.334,22.375
2026-05-24 00:32:21.240,22.375
2026-05-24 00:32:27.146,22.4375
2026-05-24 00:32:33.050,22.375
2026-05-24 00:32:38.954,22.375
2026-05-24 00:32:44.858,22.375
2026-05-24 00:32:50.762,22.375
2026-05-24 00:32:56.668,22.4375
2026-05-24 00:33:02.574,22.375
2026-05-24 00:33:08.480,22.4375
2026-05-24 00:33:14.383,22.4375
2026-05-24 00:33:20.287,22.4375
2026-05-24 00:33:26.191,22.4375
2026-05-24 00:33:32.097,22.375
2026-05-24 00:33:38.001,22.4375
2026-05-24 00:33:43.904,22.375
2026-05-24 00:33:49.808,22.375
2026-05-24 00:33:55.712,22.4375
2026-05-24 00:34:01.618,22.375
2026-05-24 00:34:07.522,22.4375
2026-05-24 00:34:13.428,22.4375
2026-05-24 00:34:19.334,22.4375
2026-05-24 00:34:25.237,22.5
2026-05-24 00:34:31.142,22.4375
2026-05-24 00:34:37.045,22.4375
2026-05-24 00:34:42.949,22.4375
2026-05-24 00:34:48.853,22.375
2026-05-24 00:34:54.758,22.4375
2026-05-24 00:35:00.665,22.375
2026-05-24 00:35:06.569,22.375
2026-05-24 00:35:12.474,22.375
2026-05-24 00:35:18.378,22.4375
2026-05-24 00:35:24.281,22.4375
2026-05-24 00:35:30.186,22.4375
2026-05-24 00:35:36.092,22.4375
2026-05-24 00:35:41.996,22.4375
2026-05-24 00:35:47.899,22.4375
2026-05-24 00:35:53.804,22.4375
2026-05-24 00:35:59.708,22.4375
2026-05-24 00:36:05.611,22.4375
2026-05-24 00:36:11.515,22.4375
2026-05-24 00:36:17.419,22.375
2026-05-24 00:36:23.323,22.4375
2026-05-24 00:36:29.227,22.4375
2026-05-24 00:36:35.130,22.4375
2026-05-24 00:36:41.034,22.4375
2026-05-24 00:36:46.938,22.4375
2026-05-24 00:36:52.842,22.4375
2026-05-24 00:36:58.746,22.4375
2026-05-24 00:37:04.650,22.375
2026-05-24 00:37:10.553,22.375
2026-05-24 00:37:16.459,22.4375
2026-05-24 00:37:22.366,22.4375
2026-05-24 00:37:28.270,22.4375
2026-05-24 00:37:34.174,22.4375
2026-05-24 00:37:40.077,22.4375
2026-05-24 00:37:45.981,22.4375
2026-05-24 00:37:51.888,22.375
2026-05-24 00:37:57.794,22.4375
2026-05-24 00:38:03.700,22.375
2026-05-24 00:38:09.603,22.375
2026-05-24 00:38:15.507,22.375
2026-05-24 00:38:21.412,22.375
2026-05-24 00:38:27.315,22.4375
2026-05-24 00:38:33.219,22.4375
2026-05-24 00:38:39.123,22.4375
2026-05-24 00:38:45.030,22.4375
2026-05-24 00:38:50.933,22.375
2026-05-24 00:38:56.837,22.375
2026-05-24 00:39:02.743,22.4375
2026-05-24 00:39:08.651,22.375
2026-05-24 00:39:14.557,22.4375
2026-05-24 00:39:20.461,22.4375
2026-05-24 00:39:26.365,22.4375
2026-05-24 00:39:32.269,22.4375
2026-05-24 00:39:38.174,22.375
2026-05-24 00:39:44.079,22.375
2026-05-24 00:39:49.985,22.375
2026-05-24 00:39:55.890,22.375
2026-05-24 00:40:01.798,22.375
2026-05-24 00:40:07.704,22.375
2026-05-24 00:40:13.609,22.375
2026-05-24 00:40:19.512,22.4375
2026-05-24 00:40:25.416,22.4375
2026-05-24 00:40:31.322,22.4375
2026-05-24 00:40:37.228,22.4375
2026-05-24 00:40:43.134,22.375
2026-05-24 00:40:49.038,22.4375
2026-05-24 00:40:54.942,22.375
2026-05-24 00:41:00.845,22.4375
2026-05-24 00:41:06.751,22.375
2026-05-24 00:41:12.658,22.375
2026-05-24 00:41:18.562,22.4375
2026-05-24 00:41:24.468,22.375
2026-05-24 00:41:30.375,22.375
2026-05-24 00:41:36.279,22.4375
2026-05-24 00:41:42.184,22.375
2026-05-24 00:41:48.087,22.375
2026-05-24 00:41:53.991,22.4375
2026-05-24 00:41:59.895,22.4375
2026-05-24 00:42:05.802,22.4375
2026-05-24 00:42:11.708,22.4375
2026-05-24 00:42:17.611,22.4375
2026-05-24 00:42:23.515,22.375
2026-05-24 00:42:29.419,22.4375
2026-05-24 00:42:35.323,22.4375
2026-05-24 00:42:41.229,22.375
2026-05-24 00:42:47.135,22.375
2026-05-24 00:42:53.039,22.375
2026-05-24 00:42:58.942,22.375
2026-05-24 00:43:04.849,22.375
2026-05-24 00:43:10.752,22.4375
2026-05-24 00:43:16.656,22.375
2026-05-24 00:43:22.562,22.375
2026-05-24 00:43:28.468,22.375
2026-05-24 00:43:34.375,22.375
2026-05-24 00:43:40.278,22.4375
2026-05-24 00:43:46.182,22.4375
2026-05-24 00:43:52.086,22.4375
2026-05-24 00:43:57.989,22.4375
2026-05-24 00:44:03.894,22.375
2026-05-24 00:44:09.800,22.4375
2026-05-24 00:44:15.705,22.4375
2026-05-24 00:44:21.611,22.4375
2026-05-24 00:44:27.515,22.4375
2026-05-24 00:44:33.422,22.4375
2026-05-24 00:44:39.327,22.4375
2026-05-24 00:44:45.233,22.375
2026-05-24 00:44:51.139,22.4375
2026-05-24 00:44:57.046,22.4375
2026-05-24 00:45:02.949,22.4375
2026-05-24 00:45:08.853,22.4375
2026-05-24 00:45:14.757,22.4375
2026-05-24 00:45:20.660,22.4375
2026-05-24 00:45:26.565,22.4375
2026-05-24 00:45:32.469,22.4375
2026-05-24 00:45:38.375,22.375
2026-05-24 00:45:44.280,22.375
2026-05-24 00:45:50.186,22.375
2026-05-24 00:45:56.091,22.4375
2026-05-24 00:46:01.996,22.4375
2026-05-24 00:46:07.900,22.4375
2026-05-24 00:46:13.803,22.4375
2026-05-24 00:46:19.707,22.4375
2026-05-24 00:46:25.612,22.4375
2026-05-24 00:46:31.518,22.4375
2026-05-24 00:46:37.424,22.375
2026-05-24 00:46:43.327,22.4375
2026-05-24 00:46:49.233,22.4375
2026-05-24 00:46:55.138,22.375
2026-05-24 00:47:01.044,22.4375
2026-05-24 00:47:06.950,22.4375
2026-05-24 00:47:12.857,22.4375
2026-05-24 00:47:18.762,22.4375
2026-05-24 00:47:24.667,22.4375
2026-05-24 00:47:30.571,22.4375
2026-05-24 00:47:36.477,22.4375
2026-05-24 00:47:42.382,22.375
2026-05-24 00:47:48.287,22.4375
2026-05-24 00:47:54.193,22.4375
2026-05-24 00:48:00.099,22.4375
2026-05-24 00:48:06.005,22.4375
2026-05-24 00:48:11.911,22.375
2026-05-24 00:48:17.815,22.375
2026-05-24 00:48:23.719,22.375
2026-05-24 00:48:29.625,22.375
2026-05-24 00:48:35.531,22.375
2026-05-24 00:48:41.436,22.4375
2026-05-24 00:48:47.343,22.375
2026-05-24 00:48:53.249,22.375
2026-05-24 00:48:59.155,22.375
2026-05-24 00:49:05.060,22.375
2026-05-24 00:49:10.966,22.375
2026-05-24 00:49:16.871,22.4375
2026-05-24 00:49:22.777,22.4375
2026-05-24 00:49:28.683,22.375
2026-05-24 00:49:34.588,22.375
2026-05-24 00:49:40.494,22.375
2026-05-24 00:49:46.401,22.4375
2026-05-24 00:49:52.307,22.375
2026-05-24 00:49:58.213,22.4375
2026-05-24 00:50:04.117,22.4375
2026-05-24 00:50:10.020,22.375
2026-05-24 00:50:15.927,22.4375
2026-05-24 00:50:21.831,22.375
2026-05-24 00:50:27.735,22.375
2026-05-24 00:50:33.638,22.375
2026-05-24 00:50:39.543,22.4375
2026-05-24 00:50:45.447,22.375
2026-05-24 00:50:51.353,22.4375
2026-05-24 00:50:57.258,22.375
2026-05-24 00:51:03.164,22.4375
2026-05-24 00:51:09.071,22.375
2026-05-24 00:51:14.977,22.375
2026-05-24 00:51:20.880,22.4375
2026-05-24 00:51:26.784,22.375
2026-05-24 00:51:32.687,22.375
2026-05-24 00:51:38.592,22.4375
2026-05-24 00:51:44.496,22.375
2026-05-24 00:51:50.399,22.4375
2026-05-24 00:51:56.303,22.375
2026-05-24 00:52:02.207,22.4375
2026-05-24 00:52:08.114,22.375
2026-05-24 00:52:14.017,22.4375
2026-05-24 00:52:19.923,22.375
2026-05-24 00:52:25.831,22.375
2026-05-24 00:52:31.736,22.375
2026-05-24 00:52:37.641,22.375
2026-05-24 00:52:43.545,22.375
2026-05-24 00:52:49.450,22.375
2026-05-24 00:52:55.356,22.375
2026-05-24 00:53:01.262,22.375
2026-05-24 00:53:07.167,22.375
2026-05-24 00:53:13.070,22.375
2026-05-24 00:53:18.978,22.4375
2026-05-24 00:53:24.882,22.4375
2026-05-24 00:53:30.789,22.375
2026-05-24 00:53:36.695,22.375
2026-05-24 00:53:42.600,22.375
2026-05-24 00:53:48.504,22.375
2026-05-24 00:53:54.410,22.4375
2026-05-24 00:54:00.315,22.375
2026-05-24 00:54:06.221,22.4375
2026-05-24 00:54:12.127,22.4375
2026-05-24 00:54:18.032,22.4375
2026-05-24 00:54:23.936,22.4375
2026-05-24 00:54:29.843,22.4375
2026-05-24 00:54:35.746,22.375
2026-05-24 00:54:41.650,22.375
2026-05-24 00:54:47.556,22.375
2026-05-24 00:54:53.462,22.4375
2026-05-24 00:54:59.369,22.4375
2026-05-24 00:55:05.274,22.375
2026-05-24 00:55:11.178,22.375
2026-05-24 00:55:17.081,22.375
2026-05-24 00:55:22.985,22.375
2026-05-24 00:55:28.890,22.4375
2026-05-24 00:55:34.793,22.4375
2026-05-24 00:55:40.697,22.4375
2026-05-24 00:55:46.603,22.4375
2026-05-24 00:55:52.509,22.4375
2026-05-24 00:55:58.416,22.4375
2026-05-24 00:56:04.322,22.375
2026-05-24 00:56:10.225,22.4375
2026-05-24 00:56:16.129,22.375
2026-05-24 00:56:22.033,22.375
2026-05-24 00:56:27.940,22.4375
2026-05-24 00:56:33.843,22.375
2026-05-24 00:56:39.747,22.4375
2026-05-24 00:56:45.650,22.375
2026-05-24 00:56:51.557,22.4375
2026-05-24 00:56:57.463,22.375
2026-05-24 00:57:03.369,22.375
2026-05-24 00:57:09.275,22.4375
2026-05-24 00:57:15.183,22.4375
2026-05-24 00:57:21.087,22.4375
2026-05-24 00:57:26.991,22.375
2026-05-24 00:57:32.894,22.4375
2026-05-24 00:57:38.798,22.375
2026-05-24 00:57:44.704,22.4375
2026-05-24 00:57:50.609,22.375
2026-05-24 00:57:56.514,22.375
2026-05-24 00:58:02.420,22.375
2026-05-24 00:58:08.326,22.375
2026-05-24 00:58:14.229,22.375
2026-05-24 00:58:20.136,22.375
2026-05-24 00:58:26.042,22.375
2026-05-24 00:58:31.948,22.375
2026-05-24 00:58:37.854,22.375
2026-05-24 00:58:43.759,22.375
2026-05-24 00:58:49.664,22.4375
2026-05-24 00:58:55.568,22.375
2026-05-24 00:59:01.471,22.375
2026-05-24 00:59:07.375,22.375
2026-05-24 00:59:13.279,22.375
2026-05-24 00:59:19.183,22.375
2026-05-24 00:59:25.087,22.4375
2026-05-24 00:59:30.993,22.4375
2026-05-24 00:59:36.898,22.375
2026-05-24 00:59:42.803,22.375
2026-05-24 00:59:48.708,22.375
2026-05-24 00:59:54.612,22.4375
2026-05-24 01:00:00.516,22.375
2026-05-24 01:00:06.419,22.375
2026-05-24 01:00:12.324,22.375
2026-05-24 01:00:18.228,22.375
2026-05-24 01:00:24.131,22.375
2026-05-24 01:00:30.037,22.375
2026-05-24 01:00:35.943,22.375
2026-05-24 01:00:41.850,22.4375
2026-05-24 01:00:47.756,22.375
2026-05-24 01:00:53.661,22.4375
2026-05-24 01:00:59.565,22.4375
2026-05-24 01:01:05.469,22.4375
2026-05-24 01:01:11.374,22.4375
2026-05-24 01:01:17.277,22.4375
2026-05-24 01:01:23.181,22.4375
2026-05-24 01:01:29.084,22.375
2026-05-24 01:01:34.990,22.4375
2026-05-24 01:01:40.899,22.4375
2026-05-24 01:01:46.805,22.375
2026-05-24 01:01:52.711,22.375
2026-05-24 01:01:58.617,22.4375
2026-05-24 01:02:04.520,22.4375
2026-05-24 01:02:10.425,22.4375
2026-05-24 01:02:16.329,22.375
2026-05-24 01:02:22.232,22.4375
2026-05-24 01:02:28.136,22.375
2026-05-24 01:02:34.041,22.4375
2026-05-24 01:02:39.946,22.4375
2026-05-24 01:02:45.852,22.4375
2026-05-24 01:02:51.758,22.4375
2026-05-24 01:02:57.664,22.375
2026-05-24 01:03:03.568,22.375
2026-05-24 01:03:09.472,22.4375
2026-05-24 01:03:15.376,22.4375
2026-05-24 01:03:21.281,22.375
2026-05-24 01:03:27.185,22.4375
2026-05-24 01:03:33.089,22.4375
2026-05-24 01:03:38.993,22.4375
2026-05-24 01:03:44.896,22.375
2026-05-24 01:03:50.802,22.4375
2026-05-24 01:03:56.708,22.375
2026-05-24 01:04:02.613,22.4375
2026-05-24 01:04:08.517,22.4375
2026-05-24 01:04:14.422,22.375
2026-05-24 01:04:20.328,22.375
2026-05-24 01:04:26.234,22.4375
2026-05-24 01:04:32.139,22.4375
2026-05-24 01:04:38.042,22.375
2026-05-24 01:04:43.946,22.375
2026-05-24 01:04:49.850,22.375
2026-05-24 01:04:55.753,22.375
2026-05-24 01:05:01.658,22.4375
2026-05-24 01:05:07.562,22.375
2026-05-24 01:05:13.468,22.4375
2026-05-24 01:05:19.371,22.4375
2026-05-24 01:05:25.278,22.375
2026-05-24 01:05:31.184,22.375
2026-05-24 01:05:37.088,22.375
2026-05-24 01:05:42.995,22.4375
2026-05-24 01:05:48.901,22.4375
2026-05-24 01:05:54.806,22.4375
2026-05-24 01:06:00.709,22.375
2026-05-24 01:06:06.613,22.4375
2026-05-24 01:06:12.517,22.4375
2026-05-24 01:06:18.420,22.375
2026-05-24 01:06:24.327,22.4375
2026-05-24 01:06:30.232,22.4375
2026-05-24 01:06:36.139,22.375
2026-05-24 01:06:42.044,22.375
2026-05-24 01:06:47.950,22.4375
2026-05-24 01:06:53.854,22.4375
2026-05-24 01:06:59.760,22.4375
2026-05-24 01:07:05.664,22.375
2026-05-24 01:07:11.568,22.375
2026-05-24 01:07:17.471,22.375
2026-05-24 01:07:23.378,22.375
2026-05-24 01:07:29.281,22.375
2026-05-24 01:07:35.185,22.375
2026-05-24 01:07:41.091,22.375
2026-05-24 01:07:46.996,22.375
2026-05-24 01:07:52.903,22.375
2026-05-24 01:07:58.809,22.375
2026-05-24 01:08:04.714,22.375
2026-05-24 01:08:10.620,22.375
2026-05-24 01:08:16.527,22.375
2026-05-24 01:08:22.433,22.4375
2026-05-24 01:08:28.337,22.375
2026-05-24 01:08:34.240,22.375
2026-05-24 01:08:40.146,22.375
2026-05-24 01:08:46.053,22.4375
2026-05-24 01:08:51.960,22.375
2026-05-24 01:08:57.868,22.375
2026-05-24 01:09:03.774,22.4375
2026-05-24 01:09:09.677,22.375
2026-05-24 01:09:15.582,22.375
2026-05-24 01:09:21.486,22.375
2026-05-24 01:09:27.389,22.375
2026-05-24 01:09:33.293,22.375
2026-05-24 01:09:39.196,22.4375
2026-05-24 01:09:45.101,22.375
2026-05-24 01:09:51.005,22.375
2026-05-24 01:09:56.908,22.375
2026-05-24 01:10:02.812,22.4375
2026-05-24 01:10:08.716,22.375
2026-05-24 01:10:14.622,22.4375
2026-05-24 01:10:20.526,22.375
2026-05-24 01:10:26.429,22.4375
2026-05-24 01:10:32.335,22.4375
2026-05-24 01:10:38.241,22.4375
2026-05-24 01:10:44.148,22.4375
2026-05-24 01:10:50.052,22.4375
2026-05-24 01:10:55.958,22.4375
2026-05-24 01:11:01.863,22.375
2026-05-24 01:11:07.769,22.375
2026-05-24 01:11:13.676,22.375
2026-05-24 01:11:19.582,22.375
2026-05-24 01:11:25.485,22.375
2026-05-24 01:11:31.389,22.4375
2026-05-24 01:11:37.294,22.375
2026-05-24 01:11:43.197,22.4375
2026-05-24 01:11:49.101,22.4375
2026-05-24 01:11:55.007,22.375
2026-05-24 01:12:00.912,22.375
2026-05-24 01:12:06.819,22.4375
2026-05-24 01:12:12.725,22.4375
2026-05-24 01:12:18.631,22.375
2026-05-24 01:12:24.537,22.375
2026-05-24 01:12:30.443,22.4375
2026-05-24 01:12:36.347,22.375
2026-05-24 01:12:42.251,22.375
2026-05-24 01:12:48.155,22.4375
2026-05-24 01:12:54.058,22.375
2026-05-24 01:12:59.964,22.4375
2026-05-24 01:13:05.871,22.375
2026-05-24 01:13:11.777,22.4375
2026-05-24 01:13:17.683,22.4375
2026-05-24 01:13:23.588,22.4375
2026-05-24 01:13:29.494,22.375
2026-05-24 01:13:35.401,22.4375
2026-05-24 01:13:41.307,22.4375
2026-05-24 01:13:47.213,22.375
2026-05-24 01:13:53.119,22.375
2026-05-24 01:13:59.022,22.375
2026-05-24 01:14:04.927,22.4375
2026-05-24 01:14:10.830,22.375
2026-05-24 01:14:16.734,22.375
2026-05-24 01:14:22.638,22.375
2026-05-24 01:14:28.543,22.375
2026-05-24 01:14:34.446,22.375
2026-05-24 01:14:40.352,22.4375
2026-05-24 01:14:46.258,22.375
2026-05-24 01:14:52.162,22.375
2026-05-24 01:14:58.068,22.375
2026-05-24 01:15:03.972,22.375
2026-05-24 01:15:09.877,22.4375
2026-05-24 01:15:15.781,22.4375
2026-05-24 01:15:21.687,22.375
2026-05-24 01:15:27.594,22.375
2026-05-24 01:15:33.500,22.4375
2026-05-24 01:15:39.403,22.375
2026-05-24 01:15:45.309,22.4375
2026-05-24 01:15:51.213,22.4375
2026-05-24 01:15:57.120,22.375
2026-05-24 01:16:03.025,22.4375
2026-05-24 01:16:08.931,22.375
2026-05-24 01:16:14.837,22.375
2026-05-24 01:16:20.743,22.375
2026-05-24 01:16:26.650,22.375
2026-05-24 01:16:32.555,22.375
2026-05-24 01:16:38.461,22.4375
2026-05-24 01:16:44.365,22.375
2026-05-24 01:16:50.268,22.375
2026-05-24 01:16:56.173,22.375
2026-05-24 01:17:02.076,22.375
2026-05-24 01:17:07.980,22.375
2026-05-24 01:17:13.884,22.375
2026-05-24 01:17:19.788,22.375
2026-05-24 01:17:25.692,22.375
2026-05-24 01:17:31.596,22.375
2026-05-24 01:17:37.500,22.375
2026-05-24 01:17:43.405,22.4375
2026-05-24 01:17:49.312,22.4375
2026-05-24 01:17:55.218,22.4375
2026-05-24 01:18:01.123,22.375
2026-05-24 01:18:07.027,22.375
2026-05-24 01:18:12.931,22.375
2026-05-24 01:18:18.835,22.375
2026-05-24 01:18:24.739,22.375
2026-05-24 01:18:30.645,22.375
2026-05-24 01:18:36.549,22.375
2026-05-24 01:18:42.455,22.4375
2026-05-24 01:18:48.361,22.375
2026-05-24 01:18:54.265,22.375
2026-05-24 01:19:00.168,22.375
2026-05-24 01:19:06.072,22.375
2026-05-24 01:19:11.976,22.4375
2026-05-24 01:19:17.880,22.375
2026-05-24 01:19:23.784,22.375
2026-05-24 01:19:29.690,22.375
2026-05-24 01:19:35.596,22.4375
2026-05-24 01:19:41.502,22.4375
2026-05-24 01:19:47.406,22.4375
2026-05-24 01:19:53.310,22.4375
2026-05-24 01:19:59.213,22.4375
2026-05-24 01:20:05.117,22.4375
2026-05-24 01:20:11.022,22.4375
2026-05-24 01:20:16.927,22.375
2026-05-24 01:20:22.831,22.375
2026-05-24 01:20:28.737,22.4375
2026-05-24 01:20:34.643,22.375
2026-05-24 01:20:40.547,22.4375
2026-05-24 01:20:46.451,22.375
2026-05-24 01:20:52.355,22.4375
2026-05-24 01:20:58.258,22.375
2026-05-24 01:21:04.164,22.375
2026-05-24 01:21:10.071,22.4375
2026-05-24 01:21:15.977,22.4375
2026-05-24 01:21:21.883,22.4375
2026-05-24 01:21:27.789,22.4375
2026-05-24 01:21:33.692,22.4375
2026-05-24 01:21:39.597,22.4375
2026-05-24 01:21:45.500,22.4375
2026-05-24 01:21:51.404,22.4375
2026-05-24 01:21:57.309,22.375
2026-05-24 01:22:03.215,22.4375
2026-05-24 01:22:09.120,22.4375
2026-05-24 01:22:15.026,22.4375
2026-05-24 01:22:20.931,22.375
2026-05-24 01:22:26.835,22.375
2026-05-24 01:22:32.739,22.4375
2026-05-24 01:22:38.644,22.4375
2026-05-24 01:22:44.547,22.375
2026-05-24 01:22:50.451,22.375
2026-05-24 01:22:56.357,22.4375
2026-05-24 01:23:02.261,22.375
2026-05-24 01:23:08.167,22.4375
2026-05-24 01:23:14.073,22.375
2026-05-24 01:23:19.979,22.375
2026-05-24 01:23:25.883,22.375
2026-05-24 01:23:31.787,22.375
2026-05-24 01:23:37.693,22.4375
2026-05-24 01:23:43.599,22.375
2026-05-24 01:23:49.505,22.4375
2026-05-24 01:23:55.408,22.375
2026-05-24 01:24:01.313,22.375
2026-05-24 01:24:07.217,22.4375
2026-05-24 01:24:13.123,22.375
2026-05-24 01:24:19.028,22.375
2026-05-24 01:24:24.934,22.375
2026-05-24 01:24:30.841,22.375
2026-05-24 01:24:36.745,22.375
2026-05-24 01:24:42.651,22.375
2026-05-24 01:24:48.556,22.4375
2026-05-24 01:24:54.462,22.4375
2026-05-24 01:25:00.367,22.375
2026-05-24 01:25:06.270,22.375
2026-05-24 01:25:12.174,22.375
2026-05-24 01:25:18.080,22.375
2026-05-24 01:25:23.984,22.4375
2026-05-24 01:25:29.890,22.375
2026-05-24 01:25:35.794,22.375
2026-05-24 01:25:41.700,22.375
2026-05-24 01:25:47.604,22.375
2026-05-24 01:25:53.507,22.375
2026-05-24 01:25:59.412,22.375
2026-05-24 01:26:05.315,22.375
2026-05-24 01:26:11.221,22.375
2026-05-24 01:26:17.125,22.4375
2026-05-24 01:26:23.032,22.4375
2026-05-24 01:26:28.936,22.375
2026-05-24 01:26:34.841,22.375
2026-05-24 01:26:40.745,22.375
2026-05-24 01:26:46.649,22.375
2026-05-24 01:26:52.553,22.375
2026-05-24 01:26:58.459,22.375
2026-05-24 01:27:04.365,22.4375
2026-05-24 01:27:10.271,22.375
2026-05-24 01:27:16.174,22.4375
2026-05-24 01:27:22.079,22.375
2026-05-24 01:27:27.985,22.375
2026-05-24 01:27:33.891,22.375
2026-05-24 01:27:39.797,22.375
2026-05-24 01:27:45.703,22.4375
2026-05-24 01:27:51.610,22.375
2026-05-24 01:27:57.515,22.375
2026-05-24 01:28:03.419,22.375
2026-05-24 01:28:09.322,22.375
2026-05-24 01:28:15.226,22.375
2026-05-24 01:28:21.130,22.375
2026-05-24 01:28:27.036,22.375
2026-05-24 01:28:32.942,22.375
2026-05-24 01:28:38.848,22.4375
2026-05-24 01:28:44.752,22.375
2026-05-24 01:28:50.656,22.375
2026-05-24 01:28:56.560,22.375
2026-05-24 01:29:02.464,22.375
2026-05-24 01:29:08.370,22.4375
2026-05-24 01:29:14.274,22.375
2026-05-24 01:29:20.180,22.375
2026-05-24 01:29:26.085,22.375
2026-05-24 01:29:31.989,22.375
2026-05-24 01:29:37.893,22.375
2026-05-24 01:29:43.797,22.375
2026-05-24 01:29:49.701,22.375
2026-05-24 01:29:55.607,22.4375
2026-05-24 01:30:01.513,22.4375
2026-05-24 01:30:07.416,22.375
2026-05-24 01:30:13.321,22.4375
2026-05-24 01:30:19.225,22.4375
2026-05-24 01:30:25.128,22.375
2026-05-24 01:30:31.032,22.375
2026-05-24 01:30:36.935,22.4375
2026-05-24 01:30:42.840,22.4375
2026-05-24 01:30:48.744,22.375
2026-05-24 01:30:54.647,22.375
2026-05-24 01:31:00.553,22.4375
2026-05-24 01:31:06.457,22.375
2026-05-24 01:31:12.362,22.4375
2026-05-24 01:31:18.265,22.4375
2026-05-24 01:31:24.169,22.375
2026-05-24 01:31:30.072,22.375
2026-05-24 01:31:35.978,22.375
2026-05-24 01:31:41.885,22.375
2026-05-24 01:31:47.788,22.375
2026-05-24 01:31:53.692,22.4375
2026-05-24 01:31:59.598,22.375
2026-05-24 01:32:05.502,22.375
2026-05-24 01:32:11.406,22.4375
2026-05-24 01:32:17.312,22.4375
2026-05-24 01:32:23.218,22.375
2026-05-24 01:32:29.121,22.4375
2026-05-24 01:32:35.028,22.4375
2026-05-24 01:32:40.932,22.4375
2026-05-24 01:32:46.838,22.4375
2026-05-24 01:32:52.744,22.375
2026-05-24 01:32:58.650,22.375
2026-05-24 01:33:04.554,22.4375
2026-05-24 01:33:10.458,22.4375
2026-05-24 01:33:16.363,22.4375
2026-05-24 01:33:22.269,22.375
2026-05-24 01:33:28.175,22.375
2026-05-24 01:33:34.080,22.375
2026-05-24 01:33:39.984,22.375
2026-05-24 01:33:45.889,22.375
2026-05-24 01:33:51.795,22.375
2026-05-24 01:33:57.701,22.4375
2026-05-24 01:34:03.608,22.375
2026-05-24 01:34:09.514,22.375
2026-05-24 01:34:15.418,22.375
2026-05-24 01:34:21.321,22.4375
2026-05-24 01:34:27.227,22.375
2026-05-24 01:34:33.134,22.375
2026-05-24 01:34:39.037,22.4375
2026-05-24 01:34:44.941,22.375
2026-05-24 01:34:50.847,22.375
2026-05-24 01:34:56.751,22.4375
2026-05-24 01:35:02.655,22.375
2026-05-24 01:35:08.559,22.375
2026-05-24 01:35:14.462,22.375
2026-05-24 01:35:20.366,22.375
2026-05-24 01:35:26.271,22.375
2026-05-24 01:35:32.177,22.375
2026-05-24 01:35:38.082,22.375
2026-05-24 01:35:43.988,22.375
2026-05-24 01:35:49.891,22.375
2026-05-24 01:35:55.796,22.375
2026-05-24 01:36:01.700,22.375
2026-05-24 01:36:07.604,22.375
2026-05-24 01:36:13.507,22.375
2026-05-24 01:36:19.411,22.375
2026-05-24 01:36:25.318,22.375
2026-05-24 01:36:31.224,22.4375
2026-05-24 01:36:37.127,22.375
2026-05-24 01:36:43.031,22.375
2026-05-24 01:36:48.934,22.375
2026-05-24 01:36:54.839,22.375
2026-05-24 01:37:00.745,22.375
2026-05-24 01:37:06.651,22.375
2026-05-24 01:37:12.557,22.375
2026-05-24 01:37:18.464,22.375
2026-05-24 01:37:24.371,22.375
2026-05-24 01:37:30.277,22.375
2026-05-24 01:37:36.182,22.375
2026-05-24 01:37:42.088,22.375
2026-05-24 01:37:47.993,22.375
2026-05-24 01:37:53.897,22.4375
2026-05-24 01:37:59.800,22.375
2026-05-24 01:38:05.704,22.375
2026-05-24 01:38:11.608,22.375
2026-05-24 01:38:17.515,22.375
2026-05-24 01:38:23.421,22.375
2026-05-24 01:38:29.324,22.375
2026-05-24 01:38:35.228,22.375
2026-05-24 01:38:41.134,22.4375
2026-05-24 01:38:47.038,22.4375
2026-05-24 01:38:52.942,22.375
2026-05-24 01:38:58.848,22.375
2026-05-24 01:39:04.754,22.375
2026-05-24 01:39:10.659,22.375
2026-05-24 01:39:16.564,22.375
2026-05-24 01:39:22.468,22.375
2026-05-24 01:39:28.371,22.375
2026-05-24 01:39:34.275,22.375
2026-05-24 01:39:40.181,22.4375
2026-05-24 01:39:46.088,22.375
2026-05-24 01:39:51.994,22.4375
2026-05-24 01:39:57.899,22.4375
2026-05-24 01:40:03.803,22.375
2026-05-24 01:40:09.709,22.4375
2026-05-24 01:40:15.616,22.375
2026-05-24 01:40:21.521,22.375
2026-05-24 01:40:27.427,22.375
2026-05-24 01:40:33.333,22.375
2026-05-24 01:40:39.237,22.375
2026-05-24 01:40:45.141,22.375
2026-05-24 01:40:51.047,22.4375
2026-05-24 01:40:56.953,22.375
2026-05-24 01:41:02.857,22.375
2026-05-24 01:41:08.763,22.4375
2026-05-24 01:41:14.667,22.4375
2026-05-24 01:41:20.570,22.4375
2026-05-24 01:41:26.474,22.4375
2026-05-24 01:41:32.377,22.4375
2026-05-24 01:41:38.282,22.4375
2026-05-24 01:41:44.186,22.375
2026-05-24 01:41:50.089,22.375
2026-05-24 01:41:55.993,22.375
2026-05-24 01:42:01.897,22.4375
2026-05-24 01:42:07.802,22.4375
2026-05-24 01:42:13.705,22.4375
2026-05-24 01:42:19.609,22.375
2026-05-24 01:42:25.512,22.4375
2026-05-24 01:42:31.418,22.375
2026-05-24 01:42:37.323,22.4375
2026-05-24 01:42:43.227,22.375
2026-05-24 01:42:49.130,22.375
2026-05-24 01:42:55.034,22.375
2026-05-24 01:43:00.937,22.375
2026-05-24 01:43:06.844,22.375
2026-05-24 01:43:12.750,22.4375
2026-05-24 01:43:18.656,22.375
2026-05-24 01:43:24.562,22.375
2026-05-24 01:43:30.466,22.375
2026-05-24 01:43:36.372,22.375
2026-05-24 01:43:42.278,22.375
2026-05-24 01:43:48.184,22.375
2026-05-24 01:43:54.090,22.375
2026-05-24 01:43:59.997,22.375
2026-05-24 01:44:05.901,22.375
2026-05-24 01:44:11.804,22.375
2026-05-24 01:44:17.708,22.375
2026-05-24 01:44:23.612,22.375
2026-05-24 01:44:29.516,22.375
2026-05-24 01:44:35.420,22.375
2026-05-24 01:44:41.323,22.375
2026-05-24 01:44:47.229,22.375
2026-05-24 01:44:53.134,22.375
2026-05-24 01:44:59.039,22.375
2026-05-24 01:45:04.942,22.375
2026-05-24 01:45:10.846,22.375
2026-05-24 01:45:16.750,22.375
2026-05-24 01:45:22.654,22.375
2026-05-24 01:45:28.561,22.375
2026-05-24 01:45:34.466,22.4375
2026-05-24 01:45:40.372,22.375
2026-05-24 01:45:46.278,22.375
2026-05-24 01:45:52.181,22.375
2026-05-24 01:45:58.086,22.375
2026-05-24 01:46:03.992,22.375
2026-05-24 01:46:09.898,22.375
2026-05-24 01:46:15.803,22.375
2026-05-24 01:46:21.707,22.375
2026-05-24 01:46:27.612,22.375
2026-05-24 01:46:33.515,22.4375
2026-05-24 01:46:39.419,22.375
2026-05-24 01:46:45.323,22.375
2026-05-24 01:46:51.227,22.375
2026-05-24 01:46:57.133,22.375
2026-05-24 01:47:03.036,22.375
2026-05-24 01:47:08.942,22.4375
2026-05-24 01:47:14.848,22.375
2026-05-24 01:47:20.755,22.4375
2026-05-24 01:47:26.659,22.375
2026-05-24 01:47:32.562,22.375
2026-05-24 01:47:38.468,22.375
2026-05-24 01:47:44.371,22.375
2026-05-24 01:47:50.276,22.375
2026-05-24 01:47:56.179,22.375
2026-05-24 01:48:02.086,22.375
2026-05-24 01:48:07.991,22.375
2026-05-24 01:48:13.895,22.375
2026-05-24 01:48:19.800,22.375
2026-05-24 01:48:25.705,22.375
2026-05-24 01:48:31.611,22.375
2026-05-24 01:48:37.517,22.375
2026-05-24 01:48:43.421,22.375
2026-05-24 01:48:49.328,22.375
2026-05-24 01:48:55.231,22.4375
2026-05-24 01:49:01.135,22.375
2026-05-24 01:49:07.039,22.375
2026-05-24 01:49:12.942,22.375
2026-05-24 01:49:18.849,22.375
2026-05-24 01:49:24.752,22.375
2026-05-24 01:49:30.658,22.375
2026-05-24 01:49:36.564,22.375
2026-05-24 01:49:42.471,22.375
2026-05-24 01:49:48.377,22.375
2026-05-24 01:49:54.283,22.375
2026-05-24 01:50:00.188,22.375
2026-05-24 01:50:06.094,22.375
2026-05-24 01:50:12.001,22.375
2026-05-24 01:50:17.906,22.4375
2026-05-24 01:50:23.812,22.4375
2026-05-24 01:50:29.716,22.375
2026-05-24 01:50:35.619,22.4375
2026-05-24 01:50:41.526,22.4375
2026-05-24 01:50:47.430,22.375
2026-05-24 01:50:53.334,22.4375
2026-05-24 01:50:59.239,22.375
2026-05-24 01:51:05.143,22.375
2026-05-24 01:51:11.050,22.375
2026-05-24 01:51:16.956,22.375
2026-05-24 01:51:22.861,22.375
2026-05-24 01:51:28.767,22.375
2026-05-24 01:51:34.671,22.4375
2026-05-24 01:51:40.578,22.375
2026-05-24 01:51:46.481,22.375
2026-05-24 01:51:52.385,22.375
2026-05-24 01:51:58.289,22.375
2026-05-24 01:52:04.195,22.375
2026-05-24 01:52:10.101,22.375
2026-05-24 01:52:16.007,22.375
2026-05-24 01:52:21.913,22.375
2026-05-24 01:52:27.817,22.375
2026-05-24 01:52:33.721,22.375
2026-05-24 01:52:39.627,22.375
2026-05-24 01:52:45.533,22.375
2026-05-24 01:52:51.439,22.375
2026-05-24 01:52:57.342,22.375
2026-05-24 01:53:03.247,22.375
2026-05-24 01:53:09.152,22.375
2026-05-24 01:53:15.056,22.375
2026-05-24 01:53:20.962,22.375
2026-05-24 01:53:26.868,22.375
2026-05-24 01:53:32.776,22.375
2026-05-24 01:53:38.680,22.375
2026-05-24 01:53:44.583,22.375
2026-05-24 01:53:50.487,22.375
2026-05-24 01:53:56.391,22.375
2026-05-24 01:54:02.298,22.375
2026-05-24 01:54:08.204,22.375
2026-05-24 01:54:14.109,22.375
2026-05-24 01:54:20.013,22.375
2026-05-24 01:54:25.919,22.4375
2026-05-24 01:54:31.825,22.375
2026-05-24 01:54:37.729,22.375
2026-05-24 01:54:43.632,22.375
2026-05-24 01:54:49.536,22.375
2026-05-24 01:54:55.440,22.375
2026-05-24 01:55:01.347,22.375
2026-05-24 01:55:07.252,22.375
2026-05-24 01:55:13.156,22.375
2026-05-24 01:55:19.062,22.4375
2026-05-24 01:55:24.965,22.375
2026-05-24 01:55:30.870,22.375
2026-05-24 01:55:36.775,22.375
2026-05-24 01:55:42.681,22.375
2026-05-24 01:55:48.585,22.375
2026-05-24 01:55:54.491,22.375
2026-05-24 01:56:00.397,22.375
2026-05-24 01:56:06.303,22.375
2026-05-24 01:56:12.207,22.375
2026-05-24 01:56:18.110,22.375
2026-05-24 01:56:24.015,22.375
2026-05-24 01:56:29.919,22.375
2026-05-24 01:56:35.822,22.375
2026-05-24 01:56:41.726,22.375
2026-05-24 01:56:47.630,22.375
2026-05-24 01:56:53.534,22.375
2026-05-24 01:56:59.442,22.375
2026-05-24 01:57:05.348,22.375
2026-05-24 01:57:11.254,22.375
2026-05-24 01:57:17.160,22.375
2026-05-24 01:57:23.064,22.375
2026-05-24 01:57:28.968,22.375
2026-05-24 01:57:34.871,22.375
2026-05-24 01:57:40.775,22.375
2026-05-24 01:57:46.678,22.375
2026-05-24 01:57:52.583,22.375
2026-05-24 01:57:58.487,22.375
2026-05-24 01:58:04.393,22.375
2026-05-24 01:58:10.298,22.4375
2026-05-24 01:58:16.204,22.4375
2026-05-24 01:58:22.111,22.375
2026-05-24 01:58:28.015,22.375
2026-05-24 01:58:33.918,22.375
2026-05-24 01:58:39.822,22.375
2026-05-24 01:58:45.726,22.375
2026-05-24 01:58:51.630,22.375
2026-05-24 01:58:57.534,22.4375
2026-05-24 01:59:03.437,22.4375
2026-05-24 01:59:09.343,22.4375
2026-05-24 01:59:15.250,22.375
2026-05-24 01:59:21.154,22.4375
2026-05-24 01:59:27.057,22.375
2026-05-24 01:59:32.961,22.375
2026-05-24 01:59:38.865,22.375
2026-05-24 01:59:44.769,22.375
2026-05-24 01:59:50.673,22.375
2026-05-24 01:59:56.576,22.4375
2026-05-24 02:00:02.480,22.375
2026-05-24 02:00:08.386,22.375
2026-05-24 02:00:14.291,22.4375
2026-05-24 02:00:20.196,22.375
2026-05-24 02:00:26.104,22.375
2026-05-24 02:00:32.008,22.375
2026-05-24 02:00:37.911,22.375
2026-05-24 02:00:43.816,22.375
2026-05-24 02:00:49.720,22.375
2026-05-24 02:00:55.625,22.375
2026-05-24 02:01:01.529,22.375
2026-05-24 02:01:07.433,22.4375
2026-05-24 02:01:13.337,22.375
2026-05-24 02:01:19.241,22.375
2026-05-24 02:01:25.145,22.375
2026-05-24 02:01:31.050,22.4375
2026-05-24 02:01:36.957,22.4375
2026-05-24 02:01:42.863,22.375
2026-05-24 02:01:48.767,22.375
2026-05-24 02:01:54.671,22.4375
2026-05-24 02:02:00.574,22.375
2026-05-24 02:02:06.479,22.375
2026-05-24 02:02:12.383,22.375
2026-05-24 02:02:18.286,22.375
2026-05-24 02:02:24.190,22.375
2026-05-24 02:02:30.097,22.375
2026-05-24 02:02:36.004,22.375
2026-05-24 02:02:41.910,22.375
2026-05-24 02:02:47.816,22.375
2026-05-24 02:02:53.722,22.375
2026-05-24 02:02:59.628,22.375
2026-05-24 02:03:05.534,22.375
2026-05-24 02:03:11.440,22.375
2026-05-24 02:03:17.344,22.375
2026-05-24 02:03:23.248,22.375
2026-05-24 02:03:29.151,22.375
2026-05-24 02:03:35.056,22.375
2026-05-24 02:03:40.959,22.375
2026-05-24 02:03:46.865,22.375
2026-05-24 02:03:52.771,22.375
2026-05-24 02:03:58.677,22.375
2026-05-24 02:04:04.583,22.375
2026-05-24 02:04:10.487,22.375
2026-05-24 02:04:16.390,22.375
2026-05-24 02:04:22.296,22.375
2026-05-24 02:04:28.201,22.375
2026-05-24 02:04:34.107,22.375
2026-05-24 02:04:40.013,22.375
2026-05-24 02:04:45.918,22.375
2026-05-24 02:04:51.822,22.375
2026-05-24 02:04:57.727,22.375
2026-05-24 02:05:03.630,22.375
2026-05-24 02:05:09.534,22.375
2026-05-24 02:05:15.439,22.375
2026-05-24 02:05:21.345,22.375
2026-05-24 02:05:27.250,22.375
2026-05-24 02:05:33.154,22.375
2026-05-24 02:05:39.057,22.375
2026-05-24 02:05:44.961,22.375
2026-05-24 02:05:50.866,22.375
2026-05-24 02:05:56.771,22.375
2026-05-24 02:06:02.675,22.375
2026-05-24 02:06:08.578,22.375
2026-05-24 02:06:14.482,22.375
2026-05-24 02:06:20.385,22.375
2026-05-24 02:06:26.290,22.375
2026-05-24 02:06:32.196,22.375
2026-05-24 02:06:38.101,22.375
2026-05-24 02:06:44.005,22.375
2026-05-24 02:06:49.910,22.375
2026-05-24 02:06:55.817,22.375
2026-05-24 02:07:01.723,22.375
2026-05-24 02:07:07.629,22.375
2026-05-24 02:07:13.535,22.375
2026-05-24 02:07:19.442,22.375
2026-05-24 02:07:25.348,22.375
2026-05-24 02:07:31.254,22.375
2026-05-24 02:07:37.157,22.375
2026-05-24 02:07:43.063,22.375
2026-05-24 02:07:48.967,22.375
2026-05-24 02:07:54.873,22.375
2026-05-24 02:08:00.777,22.375
2026-05-24 02:08:06.683,22.375
2026-05-24 02:08:12.586,22.375
2026-05-24 02:08:18.493,22.375
2026-05-24 02:08:24.399,22.375
2026-05-24 02:08:30.305,22.4375
2026-05-24 02:08:36.211,22.375
2026-05-24 02:08:42.114,22.375
2026-05-24 02:08:48.019,22.375
2026-05-24 02:08:53.923,22.375
2026-05-24 02:08:59.826,22.375
2026-05-24 02:09:05.730,22.375
2026-05-24 02:09:11.636,22.375
2026-05-24 02:09:17.541,22.375
2026-05-24 02:09:23.447,22.375
2026-05-24 02:09:29.350,22.375
2026-05-24 02:09:35.254,22.375
2026-05-24 02:09:41.159,22.4375
2026-05-24 02:09:47.066,22.375
2026-05-24 02:09:52.972,22.375
2026-05-24 02:09:58.878,22.375
2026-05-24 02:10:04.781,22.375
2026-05-24 02:10:10.685,22.375
2026-05-24 02:10:16.590,22.375
2026-05-24 02:10:22.493,22.375
2026-05-24 02:10:28.397,22.375
2026-05-24 02:10:34.301,22.375
2026-05-24 02:10:40.208,22.375
2026-05-24 02:10:46.111,22.375
2026-05-24 02:10:52.017,22.375
2026-05-24 02:10:57.923,22.375
2026-05-24 02:11:03.827,22.375
2026-05-24 02:11:09.734,22.375
2026-05-24 02:11:15.639,22.375
2026-05-24 02:11:21.543,22.375
2026-05-24 02:11:27.447,22.375
2026-05-24 02:11:33.351,22.375
2026-05-24 02:11:39.255,22.375
2026-05-24 02:11:45.159,22.375
2026-05-24 02:11:51.063,22.375
2026-05-24 02:11:56.969,22.375
2026-05-24 02:12:02.875,22.375
2026-05-24 02:12:08.781,22.375
2026-05-24 02:12:14.685,22.375
2026-05-24 02:12:20.589,22.375
2026-05-24 02:12:26.492,22.375
2026-05-24 02:12:32.396,22.375
2026-05-24 02:12:38.303,22.375
2026-05-24 02:12:44.207,22.375
2026-05-24 02:12:50.113,22.375
2026-05-24 02:12:56.016,22.4375
2026-05-24 02:13:01.920,22.375
2026-05-24 02:13:07.825,22.375
2026-05-24 02:13:13.728,22.375
2026-05-24 02:13:19.634,22.375
2026-05-24 02:13:25.540,22.375
2026-05-24 02:13:31.445,22.375
2026-05-24 02:13:37.349,22.375
2026-05-24 02:13:43.252,22.375
2026-05-24 02:13:49.156,22.4375
2026-05-24 02:13:55.060,22.375
2026-05-24 02:14:00.964,22.375
2026-05-24 02:14:06.868,22.375
2026-05-24 02:14:12.774,22.375
2026-05-24 02:14:18.677,22.375
2026-05-24 02:14:24.583,22.375
2026-05-24 02:14:30.488,22.375
2026-05-24 02:14:36.394,22.375
2026-05-24 02:14:42.297,22.375
2026-05-24 02:14:48.203,22.375
2026-05-24 02:14:54.109,22.375
2026-05-24 02:15:00.014,22.375
2026-05-24 02:15:05.918,22.375
2026-05-24 02:15:11.823,22.375
2026-05-24 02:15:17.729,22.4375
2026-05-24 02:15:23.632,22.375
2026-05-24 02:15:29.539,22.375
2026-05-24 02:15:35.445,22.375
2026-05-24 02:15:41.351,22.4375
2026-05-24 02:15:47.255,22.4375
2026-05-24 02:15:53.158,22.375
2026-05-24 02:15:59.063,22.375
2026-05-24 02:16:04.967,22.375
2026-05-24 02:16:10.872,22.375
2026-05-24 02:16:16.776,22.375
2026-05-24 02:16:22.681,22.4375
2026-05-24 02:16:28.584,22.375
2026-05-24 02:16:34.488,22.4375
2026-05-24 02:16:40.392,22.4375
2026-05-24 02:16:46.296,22.375
2026-05-24 02:16:52.203,22.375
2026-05-24 02:16:58.108,22.375
2026-05-24 02:17:04.014,22.375
2026-05-24 02:17:09.920,22.375
2026-05-24 02:17:15.823,22.375
2026-05-24 02:17:21.728,22.4375
2026-05-24 02:17:27.634,22.375
2026-05-24 02:17:33.537,22.375
2026-05-24 02:17:39.441,22.375
2026-05-24 02:17:45.346,22.375
2026-05-24 02:17:51.253,22.4375
2026-05-24 02:17:57.157,22.375
2026-05-24 02:18:03.063,22.375
2026-05-24 02:18:08.969,22.375
2026-05-24 02:18:14.875,22.375
2026-05-24 02:18:20.781,22.375
2026-05-24 02:18:26.685,22.375
2026-05-24 02:18:32.588,22.375
2026-05-24 02:18:38.494,22.375
2026-05-24 02:18:44.398,22.375
2026-05-24 02:18:50.305,22.375
2026-05-24 02:18:56.209,22.375
2026-05-24 02:19:02.112,22.375
2026-05-24 02:19:08.016,22.375
2026-05-24 02:19:13.921,22.375
2026-05-24 02:19:19.824,22.375
2026-05-24 02:19:25.730,22.375
2026-05-24 02:19:31.634,22.375
2026-05-24 02:19:37.537,22.4375
2026-05-24 02:19:43.444,22.375
2026-05-24 02:19:49.350,22.375
2026-05-24 02:19:55.256,22.375
2026-05-24 02:20:01.160,22.4375
2026-05-24 02:20:07.063,22.375
2026-05-24 02:20:12.968,22.375
2026-05-24 02:20:18.874,22.375
2026-05-24 02:20:24.780,22.375
2026-05-24 02:20:30.684,22.375
2026-05-24 02:20:36.589,22.375
2026-05-24 02:20:42.496,22.375
2026-05-24 02:20:48.400,22.375
2026-05-24 02:20:54.304,22.375
2026-05-24 02:21:00.207,22.375
2026-05-24 02:21:06.111,22.375
2026-05-24 02:21:12.016,22.375
2026-05-24 02:21:17.919,22.375
2026-05-24 02:21:23.823,22.375
2026-05-24 02:21:29.729,22.375
2026-05-24 02:21:35.634,22.375
2026-05-24 02:21:41.539,22.375
2026-05-24 02:21:47.445,22.375
2026-05-24 02:21:53.349,22.375
2026-05-24 02:21:59.252,22.375
2026-05-24 02:22:05.157,22.375
2026-05-24 02:22:11.061,22.4375
2026-05-24 02:22:16.965,22.375
2026-05-24 02:22:22.870,22.375
2026-05-24 02:22:28.776,22.375
2026-05-24 02:22:34.685,22.375
2026-05-24 02:22:40.591,22.375
2026-05-24 02:22:46.494,22.375
2026-05-24 02:22:52.398,22.375
2026-05-24 02:22:58.303,22.375
2026-05-24 02:23:04.210,22.375
2026-05-24 02:23:10.116,22.375
2026-05-24 02:23:16.020,22.375
2026-05-24 02:23:21.923,22.375
2026-05-24 02:23:27.829,22.375
2026-05-24 02:23:33.736,22.375
2026-05-24 02:23:39.642,22.375
2026-05-24 02:23:45.548,22.375
2026-05-24 02:23:51.451,22.375
2026-05-24 02:23:57.355,22.375
2026-05-24 02:24:03.262,22.375
2026-05-24 02:24:09.168,22.375
2026-05-24 02:24:15.074,22.375
2026-05-24 02:24:20.980,22.375
2026-05-24 02:24:26.886,22.375
2026-05-24 02:24:32.790,22.375
2026-05-24 02:24:38.696,22.375
2026-05-24 02:24:44.600,22.375
2026-05-24 02:24:50.503,22.375
2026-05-24 02:24:56.407,22.375
2026-05-24 02:25:02.314,22.4375
2026-05-24 02:25:08.220,22.375
2026-05-24 02:25:14.123,22.375
2026-05-24 02:25:20.027,22.4375
2026-05-24 02:25:25.931,22.375
2026-05-24 02:25:31.837,22.375
2026-05-24 02:25:37.743,22.4375
2026-05-24 02:25:43.649,22.375
2026-05-24 02:25:49.553,22.4375
2026-05-24 02:25:55.460,22.375
2026-05-24 02:26:01.363,22.375
2026-05-24 02:26:07.269,22.4375
2026-05-24 02:26:13.173,22.4375
2026-05-24 02:26:19.076,22.375
2026-05-24 02:26:24.981,22.375
2026-05-24 02:26:30.885,22.4375
2026-05-24 02:26:36.790,22.375
2026-05-24 02:26:42.694,22.375
2026-05-24 02:26:48.598,22.375
2026-05-24 02:26:54.502,22.4375
2026-05-24 02:27:00.406,22.375
2026-05-24 02:27:06.310,22.375
2026-05-24 02:27:12.213,22.4375
2026-05-24 02:27:18.117,22.375
2026-05-24 02:27:24.022,22.4375
2026-05-24 02:27:29.925,22.4375
2026-05-24 02:27:35.831,22.375
2026-05-24 02:27:41.735,22.4375
2026-05-24 02:27:47.639,22.375
2026-05-24 02:27:53.543,22.375
2026-05-24 02:27:59.447,22.375
2026-05-24 02:28:05.351,22.375
2026-05-24 02:28:11.254,22.375
2026-05-24 02:28:17.161,22.375
2026-05-24 02:28:23.065,22.375
2026-05-24 02:28:28.968,22.375
2026-05-24 02:28:34.872,22.4375
2026-05-24 02:28:40.775,22.4375
2026-05-24 02:28:46.682,22.375
2026-05-24 02:28:52.588,22.4375
2026-05-24 02:28:58.494,22.375
2026-05-24 02:29:04.399,22.375
2026-05-24 02:29:10.305,22.375
2026-05-24 02:29:16.210,22.375
2026-05-24 02:29:22.113,22.375
2026-05-24 02:29:28.017,22.375
2026-05-24 02:29:33.921,22.375
2026-05-24 02:29:39.824,22.375
2026-05-24 02:29:45.731,22.375
2026-05-24 02:29:51.635,22.375
2026-05-24 02:29:57.539,22.375
2026-05-24 02:30:03.442,22.375
2026-05-24 02:30:09.348,22.375
2026-05-24 02:30:15.255,22.375
2026-05-24 02:30:21.161,22.375
2026-05-24 02:30:27.067,22.375
2026-05-24 02:30:32.970,22.375
2026-05-24 02:30:38.874,22.375
2026-05-24 02:30:44.778,22.375
2026-05-24 02:30:50.682,22.375
2026-05-24 02:30:56.588,22.375
2026-05-24 02:31:02.494,22.4375
2026-05-24 02:31:08.401,22.375
2026-05-24 02:31:14.304,22.375
2026-05-24 02:31:20.210,22.4375
2026-05-24 02:31:26.116,22.375
2026-05-24 02:31:32.020,22.375
2026-05-24 02:31:37.924,22.375
2026-05-24 02:31:43.828,22.375
2026-05-24 02:31:49.733,22.375
2026-05-24 02:31:55.637,22.375
2026-05-24 02:32:01.542,22.375
2026-05-24 02:32:07.449,22.375
2026-05-24 02:32:13.355,22.375
2026-05-24 02:32:19.261,22.375
2026-05-24 02:32:25.167,22.375
2026-05-24 02:32:31.070,22.375
2026-05-24 02:32:36.975,22.375
2026-05-24 02:32:42.879,22.375
2026-05-24 02:32:48.782,22.375
2026-05-24 02:32:54.686,22.375
2026-05-24 02:33:00.592,22.375
2026-05-24 02:33:06.496,22.375
2026-05-24 02:33:12.402,22.375
2026-05-24 02:33:18.308,22.375
2026-05-24 02:33:24.212,22.375
2026-05-24 02:33:30.115,22.375
2026-05-24 02:33:36.020,22.375
2026-05-24 02:33:41.924,22.375
2026-05-24 02:33:47.827,22.375
2026-05-24 02:33:53.733,22.375
2026-05-24 02:33:59.640,22.375
2026-05-24 02:34:05.543,22.4375
2026-05-24 02:34:11.447,22.375
2026-05-24 02:34:17.351,22.375
2026-05-24 02:34:23.257,22.375
2026-05-24 02:34:29.163,22.4375
2026-05-24 02:34:35.069,22.375
2026-05-24 02:34:40.973,22.4375
2026-05-24 02:34:46.877,22.4375
2026-05-24 02:34:52.780,22.375
2026-05-24 02:34:58.685,22.4375
2026-05-24 02:35:04.588,22.375
2026-05-24 02:35:10.492,22.4375
2026-05-24 02:35:16.396,22.4375
2026-05-24 02:35:22.302,22.4375
2026-05-24 02:35:28.209,22.375
2026-05-24 02:35:34.115,22.4375
2026-05-24 02:35:40.020,22.375
2026-05-24 02:35:45.926,22.4375
2026-05-24 02:35:51.830,22.375
2026-05-24 02:35:57.735,22.375
2026-05-24 02:36:03.638,22.375
2026-05-24 02:36:09.542,22.4375
2026-05-24 02:36:15.445,22.4375
2026-05-24 02:36:21.351,22.4375
2026-05-24 02:36:27.256,22.375
2026-05-24 02:36:33.162,22.375
2026-05-24 02:36:39.067,22.375
2026-05-24 02:36:44.970,22.375
2026-05-24 02:36:50.875,22.4375
2026-05-24 02:36:56.779,22.375
2026-05-24 02:37:02.683,22.375
2026-05-24 02:37:08.586,22.375
2026-05-24 02:37:14.490,22.375
2026-05-24 02:37:20.397,22.375
2026-05-24 02:37:26.302,22.375
2026-05-24 02:37:32.208,22.375
2026-05-24 02:37:38.112,22.375
2026-05-24 02:37:44.017,22.375
2026-05-24 02:37:49.922,22.375
2026-05-24 02:37:55.826,22.4375
2026-05-24 02:38:01.731,22.4375
2026-05-24 02:38:07.637,22.375
2026-05-24 02:38:13.543,22.4375
2026-05-24 02:38:19.450,22.375
2026-05-24 02:38:25.356,22.375
2026-05-24 02:38:31.262,22.4375
2026-05-24 02:38:37.168,22.375
2026-05-24 02:38:43.071,22.4375
2026-05-24 02:38:48.978,22.375
2026-05-24 02:38:54.883,22.375
2026-05-24 02:39:00.787,22.375
2026-05-24 02:39:06.690,22.375
2026-05-24 02:39:12.594,22.4375
2026-05-24 02:39:18.501,22.375
2026-05-24 02:39:24.407,22.375
2026-05-24 02:39:30.310,22.375
2026-05-24 02:39:36.214,22.375
2026-05-24 02:39:42.118,22.375
2026-05-24 02:39:48.022,22.375
2026-05-24 02:39:53.928,22.375
2026-05-24 02:39:59.834,22.375
2026-05-24 02:40:05.737,22.375
2026-05-24 02:40:11.642,22.375
2026-05-24 02:40:17.546,22.375
2026-05-24 02:40:23.450,22.375
2026-05-24 02:40:29.355,22.375
2026-05-24 02:40:35.259,22.375
2026-05-24 02:40:41.166,22.375
2026-05-24 02:40:47.072,22.375
2026-05-24 02:40:52.975,22.4375
2026-05-24 02:40:58.879,22.375
2026-05-24 02:41:04.782,22.375
2026-05-24 02:41:10.687,22.375
2026-05-24 02:41:16.591,22.4375
2026-05-24 02:41:22.497,22.375
2026-05-24 02:41:28.402,22.4375
2026-05-24 02:41:34.308,22.4375
2026-05-24 02:41:40.215,22.375
2026-05-24 02:41:46.121,22.375
2026-05-24 02:41:52.024,22.4375
2026-05-24 02:41:57.928,22.375
2026-05-24 02:42:03.832,22.4375
2026-05-24 02:42:09.736,22.375
2026-05-24 02:42:15.642,22.4375
2026-05-24 02:42:21.548,22.4375
2026-05-24 02:42:27.452,22.375
2026-05-24 02:42:33.355,22.4375
2026-05-24 02:42:39.260,22.4375
2026-05-24 02:42:45.163,22.375
2026-05-24 02:42:51.067,22.375
2026-05-24 02:42:56.973,22.4375
2026-05-24 02:43:02.880,22.375
2026-05-24 02:43:08.786,22.4375
2026-05-24 02:43:14.689,22.375
2026-05-24 02:43:20.593,22.375
2026-05-24 02:43:26.496,22.4375
2026-05-24 02:43:32.401,22.375
2026-05-24 02:43:38.307,22.375
2026-05-24 02:43:44.213,22.375
2026-05-24 02:43:50.116,22.375
2026-05-24 02:43:56.020,22.375
2026-05-24 02:44:01.925,22.375
2026-05-24 02:44:07.831,22.375
2026-05-24 02:44:13.734,22.375
2026-05-24 02:44:19.638,22.375
2026-05-24 02:44:25.541,22.375
2026-05-24 02:44:31.446,22.375
2026-05-24 02:44:37.350,22.375
2026-05-24 02:44:43.253,22.375
2026-05-24 02:44:49.157,22.375
2026-05-24 02:44:55.061,22.375
2026-05-24 02:45:00.968,22.375
2026-05-24 02:45:06.871,22.4375
2026-05-24 02:45:12.777,22.375
2026-05-24 02:45:18.682,22.375
2026-05-24 02:45:24.588,22.375
2026-05-24 02:45:30.497,22.4375
2026-05-24 02:45:36.401,22.375
2026-05-24 02:45:42.307,22.4375
2026-05-24 02:45:48.213,22.4375
2026-05-24 02:45:54.117,22.375
2026-05-24 02:46:00.023,22.4375
2026-05-24 02:46:05.927,22.375
2026-05-24 02:46:11.832,22.4375
2026-05-24 02:46:17.736,22.375
2026-05-24 02:46:23.641,22.4375
2026-05-24 02:46:29.546,22.375
2026-05-24 02:46:35.450,22.375
2026-05-24 02:46:41.353,22.375
2026-05-24 02:46:47.259,22.375
2026-05-24 02:46:53.166,22.375
2026-05-24 02:46:59.070,22.375
2026-05-24 02:47:04.976,22.375
2026-05-24 02:47:10.879,22.375
2026-05-24 02:47:16.785,22.375
2026-05-24 02:47:22.692,22.375
2026-05-24 02:47:28.598,22.375
2026-05-24 02:47:34.501,22.4375
2026-05-24 02:47:40.407,22.375
2026-05-24 02:47:46.311,22.375
2026-05-24 02:47:52.215,22.375
2026-05-24 02:47:58.121,22.375
2026-05-24 02:48:04.024,22.375
2026-05-24 02:48:09.932,22.375
2026-05-24 02:48:15.836,22.375
2026-05-24 02:48:21.740,22.375
2026-05-24 02:48:27.644,22.375
2026-05-24 02:48:33.547,22.375
2026-05-24 02:48:39.451,22.375
2026-05-24 02:48:45.356,22.375
2026-05-24 02:48:51.262,22.375
2026-05-24 02:48:57.167,22.375
2026-05-24 02:49:03.073,22.375
2026-05-24 02:49:08.977,22.375
2026-05-24 02:49:14.882,22.375
2026-05-24 02:49:20.785,22.375
2026-05-24 02:49:26.689,22.4375
2026-05-24 02:49:32.593,22.375
2026-05-24 02:49:38.499,22.375
2026-05-24 02:49:44.403,22.4375
2026-05-24 02:49:50.309,22.375
2026-05-24 02:49:56.215,22.375
2026-05-24 02:50:02.121,22.375
2026-05-24 02:50:08.027,22.375
2026-05-24 02:50:13.931,22.375
2026-05-24 02:50:19.835,22.375
2026-05-24 02:50:25.740,22.375
2026-05-24 02:50:31.646,22.4375
2026-05-24 02:50:37.552,22.4375
2026-05-24 02:50:43.458,22.375
2026-05-24 02:50:49.362,22.375
2026-05-24 02:50:55.268,22.375
2026-05-24 02:51:01.174,22.375
2026-05-24 02:51:07.079,22.375
2026-05-24 02:51:12.984,22.4375
2026-05-24 02:51:18.887,22.375
2026-05-24 02:51:24.791,22.375
2026-05-24 02:51:30.696,22.375
2026-05-24 02:51:36.602,22.375
2026-05-24 02:51:42.509,22.375
2026-05-24 02:51:48.413,22.4375
2026-05-24 02:51:54.317,22.375
2026-05-24 02:52:00.220,22.375
2026-05-24 02:52:06.125,22.375
2026-05-24 02:52:12.028,22.375
2026-05-24 02:52:17.934,22.375
2026-05-24 02:52:23.840,22.4375
2026-05-24 02:52:29.746,22.375
2026-05-24 02:52:35.653,22.375
2026-05-24 02:52:41.559,22.375
2026-05-24 02:52:47.462,22.375
2026-05-24 02:52:53.366,22.375
2026-05-24 02:52:59.269,22.375
2026-05-24 02:53:05.174,22.4375
2026-05-24 02:53:11.078,22.4375
2026-05-24 02:53:16.981,22.375
2026-05-24 02:53:22.885,22.4375
2026-05-24 02:53:28.791,22.375
2026-05-24 02:53:34.696,22.375
2026-05-24 02:53:40.602,22.375
2026-05-24 02:53:46.507,22.375
2026-05-24 02:53:52.411,22.4375
2026-05-24 02:53:58.315,22.4375
2026-05-24 02:54:04.219,22.375
2026-05-24 02:54:10.125,22.375
2026-05-24 02:54:16.031,22.375
2026-05-24 02:54:21.935,22.375
2026-05-24 02:54:27.841,22.4375
2026-05-24 02:54:33.748,22.4375
2026-05-24 02:54:39.653,22.4375
2026-05-24 02:54:45.557,22.375
2026-05-24 02:54:51.462,22.4375
2026-05-24 02:54:57.367,22.4375
2026-05-24 02:55:03.273,22.375
2026-05-24 02:55:09.179,22.375
2026-05-24 02:55:15.084,22.375
2026-05-24 02:55:20.990,22.4375
2026-05-24 02:55:26.897,22.4375
2026-05-24 02:55:32.801,22.4375
2026-05-24 02:55:38.705,22.375
2026-05-24 02:55:44.608,22.4375
2026-05-24 02:55:50.512,22.375
2026-05-24 02:55:56.417,22.375
2026-05-24 02:56:02.320,22.375
2026-05-24 02:56:08.224,22.4375
2026-05-24 02:56:14.130,22.375
2026-05-24 02:56:20.036,22.375
2026-05-24 02:56:25.943,22.4375
2026-05-24 02:56:31.848,22.375
2026-05-24 02:56:37.754,22.4375
2026-05-24 02:56:43.658,22.375
2026-05-24 02:56:49.564,22.4375
2026-05-24 02:56:55.468,22.375
2026-05-24 02:57:01.374,22.375
2026-05-24 02:57:07.280,22.375
2026-05-24 02:57:13.187,22.4375
2026-05-24 02:57:19.093,22.4375
2026-05-24 02:57:24.997,22.375
2026-05-24 02:57:30.903,22.375
2026-05-24 02:57:36.810,22.375
2026-05-24 02:57:42.718,22.4375
2026-05-24 02:57:48.625,22.4375
2026-05-24 02:57:54.530,22.375
2026-05-24 02:58:00.434,22.375
2026-05-24 02:58:06.338,22.375
2026-05-24 02:58:12.241,22.375
2026-05-24 02:58:18.146,22.375
2026-05-24 02:58:24.050,22.375
2026-05-24 02:58:29.953,22.375
2026-05-24 02:58:35.857,22.375
2026-05-24 02:58:41.761,22.375
2026-05-24 02:58:47.668,22.375
2026-05-24 02:58:53.574,22.4375
2026-05-24 02:58:59.480,22.375
2026-05-24 02:59:05.385,22.375
2026-05-24 02:59:11.290,22.375
2026-05-24 02:59:17.197,22.375
2026-05-24 02:59:23.101,22.375
2026-05-24 02:59:29.004,22.375
2026-05-24 02:59:34.908,22.375
2026-05-24 02:59:40.812,22.4375
2026-05-24 02:59:46.718,22.375
2026-05-24 02:59:52.622,22.4375
2026-05-24 02:59:58.526,22.375
2026-05-24 03:00:04.429,22.375
2026-05-24 03:00:10.333,22.375
2026-05-24 03:00:16.238,22.375
2026-05-24 03:00:22.141,22.375
2026-05-24 03:00:28.045,22.375
2026-05-24 03:00:33.949,22.375
2026-05-24 03:00:39.854,22.375
2026-05-24 03:00:45.760,22.375
2026-05-24 03:00:51.665,22.375
2026-05-24 03:00:57.571,22.375
2026-05-24 03:01:03.477,22.375
2026-05-24 03:01:09.381,22.375
2026-05-24 03:01:15.285,22.375
2026-05-24 03:01:21.189,22.375
2026-05-24 03:01:27.095,22.375
2026-05-24 03:01:33.001,22.375
2026-05-24 03:01:38.905,22.4375
2026-05-24 03:01:44.811,22.375
2026-05-24 03:01:50.715,22.375
2026-05-24 03:01:56.618,22.375
2026-05-24 03:02:02.524,22.375
2026-05-24 03:02:08.431,22.4375
2026-05-24 03:02:14.337,22.375
2026-05-24 03:02:20.243,22.375
2026-05-24 03:02:26.146,22.375
2026-05-24 03:02:32.052,22.375
2026-05-24 03:02:37.957,22.375
2026-05-24 03:02:43.863,22.375
2026-05-24 03:02:49.767,22.375
2026-05-24 03:02:55.672,22.375
2026-05-24 03:03:01.576,22.375
2026-05-24 03:03:07.481,22.4375
2026-05-24 03:03:13.384,22.375
2026-05-24 03:03:19.288,22.375
2026-05-24 03:03:25.192,22.375
2026-05-24 03:03:31.096,22.4375
2026-05-24 03:03:37.002,22.375
2026-05-24 03:03:42.906,22.375
2026-05-24 03:03:48.812,22.375
2026-05-24 03:03:54.715,22.375
2026-05-24 03:04:00.622,22.375
2026-05-24 03:04:06.528,22.375
2026-05-24 03:04:12.432,22.375
2026-05-24 03:04:18.338,22.375
2026-05-24 03:04:24.241,22.375
2026-05-24 03:04:30.146,22.375
2026-05-24 03:04:36.052,22.375
2026-05-24 03:04:41.956,22.375
2026-05-24 03:04:47.859,22.375
2026-05-24 03:04:53.763,22.375
2026-05-24 03:04:59.667,22.375
2026-05-24 03:05:05.571,22.375
2026-05-24 03:05:11.475,22.4375
2026-05-24 03:05:17.378,22.375
2026-05-24 03:05:23.282,22.375
2026-05-24 03:05:29.187,22.375
2026-05-24 03:05:35.091,22.375
2026-05-24 03:05:40.994,22.4375
2026-05-24 03:05:46.898,22.375
2026-05-24 03:05:52.802,22.375
2026-05-24 03:05:58.706,22.375
2026-05-24 03:06:04.610,22.375
2026-05-24 03:06:10.514,22.375
2026-05-24 03:06:16.417,22.4375
2026-05-24 03:06:22.323,22.4375
2026-05-24 03:06:28.230,22.4375
2026-05-24 03:06:34.136,22.375
2026-05-24 03:06:40.042,22.375
2026-05-24 03:06:45.947,22.375
2026-05-24 03:06:51.852,22.375
2026-05-24 03:06:57.756,22.375
2026-05-24 03:07:03.662,22.375
2026-05-24 03:07:09.565,22.4375
2026-05-24 03:07:15.469,22.375
2026-05-24 03:07:21.374,22.375
2026-05-24 03:07:27.277,22.375
2026-05-24 03:07:33.181,22.375
2026-05-24 03:07:39.085,22.375
2026-05-24 03:07:44.988,22.375
2026-05-24 03:07:50.893,22.375
2026-05-24 03:07:56.799,22.4375
2026-05-24 03:08:02.705,22.4375
2026-05-24 03:08:08.609,22.375
2026-05-24 03:08:14.512,22.375
2026-05-24 03:08:20.417,22.4375
2026-05-24 03:08:26.321,22.4375
2026-05-24 03:08:32.224,22.4375
2026-05-24 03:08:38.130,22.375
2026-05-24 03:08:44.036,22.375
2026-05-24 03:08:49.940,22.375
2026-05-24 03:08:55.844,22.375
2026-05-24 03:09:01.748,22.4375
2026-05-24 03:09:07.653,22.375
2026-05-24 03:09:13.559,22.375
2026-05-24 03:09:19.466,22.4375
2026-05-24 03:09:25.372,22.375
2026-05-24 03:09:31.277,22.375
2026-05-24 03:09:37.183,22.375
2026-05-24 03:09:43.090,22.375
2026-05-24 03:09:48.996,22.375
2026-05-24 03:09:54.902,22.375
2026-05-24 03:10:00.808,22.375
2026-05-24 03:10:06.711,22.375
2026-05-24 03:10:12.616,22.375
2026-05-24 03:10:18.520,22.4375
2026-05-24 03:10:24.423,22.375
2026-05-24 03:10:30.329,22.375
2026-05-24 03:10:36.232,22.375
2026-05-24 03:10:42.137,22.4375
2026-05-24 03:10:48.042,22.375
2026-05-24 03:10:53.946,22.4375
2026-05-24 03:10:59.852,22.375
2026-05-24 03:11:05.758,22.375
2026-05-24 03:11:11.664,22.375
2026-05-24 03:11:17.571,22.375
2026-05-24 03:11:23.476,22.4375
2026-05-24 03:11:29.380,22.375
2026-05-24 03:11:35.283,22.375
2026-05-24 03:11:41.188,22.375
2026-05-24 03:11:47.096,22.375
2026-05-24 03:11:53.002,22.375
2026-05-24 03:11:58.908,22.375
2026-05-24 03:12:04.811,22.375
2026-05-24 03:12:10.716,22.375
2026-05-24 03:12:16.620,22.375
2026-05-24 03:12:22.523,22.4375
2026-05-24 03:12:28.427,22.375
2026-05-24 03:12:34.332,22.4375
2026-05-24 03:12:40.237,22.4375
2026-05-24 03:12:46.143,22.375
2026-05-24 03:12:52.049,22.375
2026-05-24 03:12:57.955,22.375
2026-05-24 03:13:03.862,22.375
2026-05-24 03:13:09.768,22.375
2026-05-24 03:13:15.671,22.375
2026-05-24 03:13:21.575,22.4375
2026-05-24 03:13:27.479,22.375
2026-05-24 03:13:33.383,22.375
2026-05-24 03:13:39.287,22.4375
2026-05-24 03:13:45.193,22.375
2026-05-24 03:13:51.099,22.375
2026-05-24 03:13:57.005,22.375
2026-05-24 03:14:02.912,22.4375
2026-05-24 03:14:08.815,22.375
2026-05-24 03:14:14.719,22.375
2026-05-24 03:14:20.623,22.375
2026-05-24 03:14:26.526,22.375
2026-05-24 03:14:32.431,22.375
2026-05-24 03:14:38.336,22.375
2026-05-24 03:14:44.242,22.375
2026-05-24 03:14:50.148,22.375
2026-05-24 03:14:56.054,22.375
2026-05-24 03:15:01.959,22.4375
2026-05-24 03:15:07.862,22.375
2026-05-24 03:15:13.766,22.375
2026-05-24 03:15:19.672,22.375
2026-05-24 03:15:25.579,22.375
2026-05-24 03:15:31.485,22.375
2026-05-24 03:15:37.388,22.375
2026-05-24 03:15:43.294,22.375
2026-05-24 03:15:49.198,22.4375
2026-05-24 03:15:55.102,22.375
2026-05-24 03:16:01.006,22.375
2026-05-24 03:16:06.912,22.375
2026-05-24 03:16:12.816,22.375
2026-05-24 03:16:18.721,22.375
2026-05-24 03:16:24.626,22.375
2026-05-24 03:16:30.532,22.375
2026-05-24 03:16:36.437,22.375
2026-05-24 03:16:42.343,22.375
2026-05-24 03:16:48.249,22.375
2026-05-24 03:16:54.153,22.3125
2026-05-24 03:17:00.057,22.375
2026-05-24 03:17:05.961,22.375
2026-05-24 03:17:11.864,22.375
2026-05-24 03:17:17.770,22.375
2026-05-24 03:17:23.674,22.375
2026-05-24 03:17:29.578,22.375
2026-05-24 03:17:35.484,22.375
2026-05-24 03:17:41.388,22.375
2026-05-24 03:17:47.291,22.375
2026-05-24 03:17:53.196,22.375
2026-05-24 03:17:59.100,22.375
2026-05-24 03:18:05.003,22.375
2026-05-24 03:18:10.907,22.375
2026-05-24 03:18:16.812,22.375
2026-05-24 03:18:22.715,22.375
2026-05-24 03:18:28.621,22.375
2026-05-24 03:18:34.524,22.375
2026-05-24 03:18:40.430,22.375
2026-05-24 03:18:46.337,22.4375
2026-05-24 03:18:52.243,22.375
2026-05-24 03:18:58.147,22.375
2026-05-24 03:19:04.050,22.375
2026-05-24 03:19:09.956,22.375
2026-05-24 03:19:15.861,22.375
2026-05-24 03:19:21.765,22.375
2026-05-24 03:19:27.668,22.375
2026-05-24 03:19:33.574,22.375
2026-05-24 03:19:39.478,22.375
2026-05-24 03:19:45.382,22.375
2026-05-24 03:19:51.288,22.375
2026-05-24 03:19:57.194,22.4375
2026-05-24 03:20:03.099,22.375
2026-05-24 03:20:09.005,22.375
2026-05-24 03:20:14.912,22.375
2026-05-24 03:20:20.818,22.375
2026-05-24 03:20:26.721,22.375
2026-05-24 03:20:32.625,22.375
2026-05-24 03:20:38.528,22.375
2026-05-24 03:20:44.435,22.375
2026-05-24 03:20:50.340,22.375
2026-05-24 03:20:56.246,22.375
2026-05-24 03:21:02.152,22.375
2026-05-24 03:21:08.058,22.375
2026-05-24 03:21:13.965,22.375
2026-05-24 03:21:19.871,22.375
2026-05-24 03:21:25.774,22.375
2026-05-24 03:21:31.682,22.375
2026-05-24 03:21:37.586,22.4375
2026-05-24 03:21:43.490,22.4375
2026-05-24 03:21:49.395,22.375
2026-05-24 03:21:55.301,22.375
2026-05-24 03:22:01.207,22.375
2026-05-24 03:22:07.114,22.375
2026-05-24 03:22:13.020,22.375
2026-05-24 03:22:18.923,22.375
2026-05-24 03:22:24.827,22.375
2026-05-24 03:22:30.731,22.375
2026-05-24 03:22:36.637,22.375
2026-05-24 03:22:42.541,22.375
2026-05-24 03:22:48.445,22.375
2026-05-24 03:22:54.349,22.375
2026-05-24 03:23:00.252,22.375
2026-05-24 03:23:06.157,22.375
2026-05-24 03:23:12.060,22.375
2026-05-24 03:23:17.964,22.375
2026-05-24 03:23:23.868,22.4375
2026-05-24 03:23:29.771,22.375
2026-05-24 03:23:35.676,22.375
2026-05-24 03:23:41.582,22.375
2026-05-24 03:23:47.485,22.375
2026-05-24 03:23:53.391,22.375
2026-05-24 03:23:59.297,22.375
2026-05-24 03:24:05.204,22.375
2026-05-24 03:24:11.107,22.375
2026-05-24 03:24:17.011,22.375
2026-05-24 03:24:22.917,22.375
2026-05-24 03:24:28.821,22.375
2026-05-24 03:24:34.727,22.375
2026-05-24 03:24:40.631,22.375
2026-05-24 03:24:46.534,22.375
2026-05-24 03:24:52.438,22.375
2026-05-24 03:24:58.343,22.375
2026-05-24 03:25:04.249,22.375
2026-05-24 03:25:10.155,22.375
2026-05-24 03:25:16.061,22.375
2026-05-24 03:25:21.964,22.375
2026-05-24 03:25:27.871,22.375
2026-05-24 03:25:33.776,22.375
2026-05-24 03:25:39.680,22.375
2026-05-24 03:25:45.584,22.375
2026-05-24 03:25:51.487,22.4375
2026-05-24 03:25:57.392,22.375
2026-05-24 03:26:03.298,22.375
2026-05-24 03:26:09.204,22.4375
2026-05-24 03:26:15.110,22.375
2026-05-24 03:26:21.016,22.4375
2026-05-24 03:26:26.920,22.375
2026-05-24 03:26:32.824,22.375
2026-05-24 03:26:38.730,22.375
2026-05-24 03:26:44.633,22.375
2026-05-24 03:26:50.537,22.375
2026-05-24 03:26:56.444,22.375
2026-05-24 03:27:02.350,22.375
2026-05-24 03:27:08.255,22.375
2026-05-24 03:27:14.161,22.375
2026-05-24 03:27:20.065,22.375
2026-05-24 03:27:25.969,22.4375
2026-05-24 03:27:31.874,22.375
2026-05-24 03:27:37.780,22.375
2026-05-24 03:27:43.686,22.375
2026-05-24 03:27:49.593,22.4375
2026-05-24 03:27:55.499,22.375
2026-05-24 03:28:01.402,22.375
2026-05-24 03:28:07.306,22.4375
2026-05-24 03:28:13.210,22.375
2026-05-24 03:28:19.114,22.375
2026-05-24 03:28:25.020,22.375
2026-05-24 03:28:30.923,22.375
2026-05-24 03:28:36.827,22.4375
2026-05-24 03:28:42.731,22.375
2026-05-24 03:28:48.635,22.375
2026-05-24 03:28:54.539,22.4375
2026-05-24 03:29:00.443,22.375
2026-05-24 03:29:06.346,22.375
2026-05-24 03:29:12.252,22.4375
2026-05-24 03:29:18.157,22.375
2026-05-24 03:29:24.063,22.4375
2026-05-24 03:29:29.966,22.4375
2026-05-24 03:29:35.870,22.375
2026-05-24 03:29:41.774,22.375
2026-05-24 03:29:47.678,22.4375
2026-05-24 03:29:53.582,22.4375
2026-05-24 03:29:59.486,22.4375
2026-05-24 03:30:05.392,22.4375
2026-05-24 03:30:11.296,22.4375
2026-05-24 03:30:17.202,22.4375
2026-05-24 03:30:23.108,22.375
2026-05-24 03:30:29.011,22.375
2026-05-24 03:30:34.915,22.4375
2026-05-24 03:30:40.819,22.375
2026-05-24 03:30:46.725,22.375
2026-05-24 03:30:52.631,22.375
2026-05-24 03:30:58.537,22.375
2026-05-24 03:31:04.441,22.375
2026-05-24 03:31:10.345,22.375
2026-05-24 03:31:16.249,22.375
2026-05-24 03:31:22.152,22.4375
2026-05-24 03:31:28.056,22.375
2026-05-24 03:31:33.962,22.375
2026-05-24 03:31:39.866,22.375
2026-05-24 03:31:45.772,22.375
2026-05-24 03:31:51.680,22.4375
2026-05-24 03:31:57.585,22.375
2026-05-24 03:32:03.489,22.4375
2026-05-24 03:32:09.394,22.375
2026-05-24 03:32:15.298,22.375
2026-05-24 03:32:21.203,22.375
2026-05-24 03:32:27.109,22.4375
2026-05-24 03:32:33.013,22.4375
2026-05-24 03:32:38.920,22.375
2026-05-24 03:32:44.826,22.4375
2026-05-24 03:32:50.732,22.375
2026-05-24 03:32:56.635,22.375
2026-05-24 03:33:02.540,22.375
2026-05-24 03:33:08.443,22.4375
2026-05-24 03:33:14.347,22.375
2026-05-24 03:33:20.251,22.375
2026-05-24 03:33:26.154,22.375
2026-05-24 03:33:32.061,22.375
2026-05-24 03:33:37.964,22.375
2026-05-24 03:33:43.868,22.4375
2026-05-24 03:33:49.772,22.375
2026-05-24 03:33:55.678,22.375
2026-05-24 03:34:01.585,22.375
2026-05-24 03:34:07.490,22.375
2026-05-24 03:34:13.396,22.375
2026-05-24 03:34:19.302,22.375
2026-05-24 03:34:25.208,22.375
2026-05-24 03:34:31.113,22.375
2026-05-24 03:34:37.016,22.375
2026-05-24 03:34:42.920,22.4375
2026-05-24 03:34:48.826,22.375
2026-05-24 03:34:54.732,22.4375
2026-05-24 03:35:00.639,22.375
2026-05-24 03:35:06.544,22.375
2026-05-24 03:35:12.450,22.375
2026-05-24 03:35:18.354,22.375
2026-05-24 03:35:24.260,22.375
2026-05-24 03:35:30.167,22.375
2026-05-24 03:35:36.072,22.375
2026-05-24 03:35:41.978,22.375
2026-05-24 03:35:47.882,22.375
2026-05-24 03:35:53.785,22.375
2026-05-24 03:35:59.690,22.375
2026-05-24 03:36:05.594,22.4375
2026-05-24 03:36:11.497,22.375
2026-05-24 03:36:17.401,22.375
2026-05-24 03:36:23.306,22.4375
2026-05-24 03:36:29.211,22.375
2026-05-24 03:36:35.115,22.375
2026-05-24 03:36:41.021,22.375
2026-05-24 03:36:46.926,22.375
2026-05-24 03:36:52.831,22.375
2026-05-24 03:36:58.734,22.375
2026-05-24 03:37:04.640,22.375
2026-05-24 03:37:10.546,22.375
2026-05-24 03:37:16.452,22.375
2026-05-24 03:37:22.358,22.4375
2026-05-24 03:37:28.262,22.375
2026-05-24 03:37:34.166,22.375
2026-05-24 03:37:40.069,22.375
2026-05-24 03:37:45.973,22.4375
2026-05-24 03:37:51.880,22.4375
2026-05-24 03:37:57.786,22.375
2026-05-24 03:38:03.691,22.375
2026-05-24 03:38:09.595,22.375
2026-05-24 03:38:15.499,22.375
2026-05-24 03:38:21.403,22.375
2026-05-24 03:38:27.307,22.375
2026-05-24 03:38:33.213,22.375
2026-05-24 03:38:39.117,22.375
2026-05-24 03:38:45.020,22.375
2026-05-24 03:38:50.925,22.375
2026-05-24 03:38:56.831,22.4375
2026-05-24 03:39:02.736,22.4375
2026-05-24 03:39:08.642,22.4375
2026-05-24 03:39:14.547,22.4375
2026-05-24 03:39:20.453,22.4375
2026-05-24 03:39:26.357,22.4375
2026-05-24 03:39:32.260,22.4375
2026-05-24 03:39:38.164,22.4375
2026-05-24 03:39:44.071,22.375
2026-05-24 03:39:49.976,22.375
2026-05-24 03:39:55.882,22.375
2026-05-24 03:40:01.788,22.4375
2026-05-24 03:40:07.692,22.4375
2026-05-24 03:40:13.596,22.4375
2026-05-24 03:40:19.500,22.4375
2026-05-24 03:40:25.404,22.4375
2026-05-24 03:40:31.309,22.4375
2026-05-24 03:40:37.213,22.375
2026-05-24 03:40:43.120,22.375
2026-05-24 03:40:49.023,22.4375
2026-05-24 03:40:54.927,22.4375
2026-05-24 03:41:00.831,22.375
2026-05-24 03:41:06.734,22.375
2026-05-24 03:41:12.641,22.375
2026-05-24 03:41:18.547,22.375
2026-05-24 03:41:24.451,22.375
2026-05-24 03:41:30.354,22.4375
2026-05-24 03:41:36.258,22.375
2026-05-24 03:41:42.163,22.375
2026-05-24 03:41:48.069,22.4375
2026-05-24 03:41:53.974,22.375
2026-05-24 03:41:59.880,22.375
2026-05-24 03:42:05.787,22.4375
2026-05-24 03:42:11.693,22.375
2026-05-24 03:42:17.598,22.375
2026-05-24 03:42:23.502,22.4375
2026-05-24 03:42:29.405,22.4375
2026-05-24 03:42:35.310,22.375
2026-05-24 03:42:41.214,22.4375
2026-05-24 03:42:47.117,22.375
2026-05-24 03:42:53.021,22.375
2026-05-24 03:42:58.927,22.375
2026-05-24 03:43:04.832,22.375
2026-05-24 03:43:10.735,22.375
2026-05-24 03:43:16.641,22.375
2026-05-24 03:43:22.549,22.4375
2026-05-24 03:43:28.455,22.375
2026-05-24 03:43:34.359,22.375
2026-05-24 03:43:40.265,22.375
2026-05-24 03:43:46.171,22.4375
2026-05-24 03:43:52.076,22.4375
2026-05-24 03:43:57.982,22.4375
2026-05-24 03:44:03.889,22.375
2026-05-24 03:44:09.793,22.375
2026-05-24 03:44:15.696,22.4375
2026-05-24 03:44:21.600,22.4375
2026-05-24 03:44:27.504,22.4375
2026-05-24 03:44:33.411,22.375
2026-05-24 03:44:39.316,22.375
2026-05-24 03:44:45.222,22.4375
2026-05-24 03:44:51.128,22.375
2026-05-24 03:44:57.033,22.375
2026-05-24 03:45:02.939,22.375
2026-05-24 03:45:08.842,22.4375
2026-05-24 03:45:14.746,22.375
2026-05-24 03:45:20.649,22.4375
2026-05-24 03:45:26.556,22.375
2026-05-24 03:45:32.462,22.375
2026-05-24 03:45:38.368,22.375
2026-05-24 03:45:44.274,22.375
2026-05-24 03:45:50.180,22.4375
2026-05-24 03:45:56.086,22.375
2026-05-24 03:46:01.992,22.4375
2026-05-24 03:46:07.896,22.375
2026-05-24 03:46:13.799,22.375
2026-05-24 03:46:19.703,22.375
2026-05-24 03:46:25.608,22.375
2026-05-24 03:46:31.513,22.375
2026-05-24 03:46:37.417,22.375
2026-05-24 03:46:43.322,22.375
2026-05-24 03:46:49.228,22.375
2026-05-24 03:46:55.133,22.375
2026-05-24 03:47:01.037,22.375
2026-05-24 03:47:06.940,22.375
2026-05-24 03:47:12.844,22.375
2026-05-24 03:47:18.748,22.375
2026-05-24 03:47:24.655,22.375
2026-05-24 03:47:30.558,22.4375
2026-05-24 03:47:36.464,22.375
2026-05-24 03:47:42.368,22.4375
2026-05-24 03:47:48.272,22.375
2026-05-24 03:47:54.176,22.375
2026-05-24 03:48:00.079,22.375
2026-05-24 03:48:05.983,22.375
2026-05-24 03:48:11.889,22.4375
2026-05-24 03:48:17.794,22.375
2026-05-24 03:48:23.697,22.375
2026-05-24 03:48:29.603,22.375
2026-05-24 03:48:35.507,22.375
2026-05-24 03:48:41.410,22.375
2026-05-24 03:48:47.315,22.4375
2026-05-24 03:48:53.221,22.375
2026-05-24 03:48:59.127,22.4375
2026-05-24 03:49:05.032,22.375
2026-05-24 03:49:10.936,22.375
2026-05-24 03:49:16.840,22.4375
2026-05-24 03:49:22.746,22.375
2026-05-24 03:49:28.652,22.375
2026-05-24 03:49:34.556,22.4375
2026-05-24 03:49:40.462,22.375
2026-05-24 03:49:46.368,22.4375
2026-05-24 03:49:52.274,22.4375
2026-05-24 03:49:58.178,22.4375
2026-05-24 03:50:04.084,22.375
2026-05-24 03:50:09.987,22.375
2026-05-24 03:50:15.892,22.4375
2026-05-24 03:50:21.797,22.4375
2026-05-24 03:50:27.703,22.375
2026-05-24 03:50:33.609,22.4375
2026-05-24 03:50:39.513,22.4375
2026-05-24 03:50:45.418,22.4375
2026-05-24 03:50:51.321,22.4375
2026-05-24 03:50:57.225,22.375
2026-05-24 03:51:03.129,22.4375
2026-05-24 03:51:09.033,22.4375
2026-05-24 03:51:14.939,22.375
2026-05-24 03:51:20.845,22.375
2026-05-24 03:51:26.751,22.4375
2026-05-24 03:51:32.654,22.375
2026-05-24 03:51:38.559,22.375
2026-05-24 03:51:44.463,22.375
2026-05-24 03:51:50.367,22.375
2026-05-24 03:51:56.272,22.375
2026-05-24 03:52:02.176,22.375
2026-05-24 03:52:08.083,22.375
2026-05-24 03:52:13.989,22.375
2026-05-24 03:52:19.894,22.375
2026-05-24 03:52:25.800,22.375
2026-05-24 03:52:31.704,22.4375
2026-05-24 03:52:37.611,22.4375
2026-05-24 03:52:43.516,22.375
2026-05-24 03:52:49.420,22.4375
2026-05-24 03:52:55.324,22.375
2026-05-24 03:53:01.227,22.375
2026-05-24 03:53:07.132,22.375
2026-05-24 03:53:13.036,22.375
2026-05-24 03:53:18.939,22.4375
2026-05-24 03:53:24.843,22.375
2026-05-24 03:53:30.749,22.375
2026-05-24 03:53:36.656,22.375
2026-05-24 03:53:42.559,22.375
2026-05-24 03:53:48.463,22.375
2026-05-24 03:53:54.369,22.375
2026-05-24 03:54:00.276,22.4375
2026-05-24 03:54:06.182,22.375
2026-05-24 03:54:12.088,22.375
2026-05-24 03:54:17.991,22.4375
2026-05-24 03:54:23.897,22.375
2026-05-24 03:54:29.804,22.375
2026-05-24 03:54:35.707,22.375
2026-05-24 03:54:41.611,22.375
2026-05-24 03:54:47.515,22.375
2026-05-24 03:54:53.421,22.375
2026-05-24 03:54:59.328,22.375
2026-05-24 03:55:05.234,22.375
2026-05-24 03:55:11.137,22.375
2026-05-24 03:55:17.043,22.375
2026-05-24 03:55:22.949,22.375
2026-05-24 03:55:28.856,22.375
2026-05-24 03:55:34.760,22.375
2026-05-24 03:55:40.663,22.375
2026-05-24 03:55:46.567,22.375
2026-05-24 03:55:52.471,22.375
2026-05-24 03:55:58.375,22.375
2026-05-24 03:56:04.279,22.375
2026-05-24 03:56:10.183,22.4375
2026-05-24 03:56:16.087,22.375
2026-05-24 03:56:21.992,22.4375
2026-05-24 03:56:27.899,22.375
2026-05-24 03:56:33.805,22.375
2026-05-24 03:56:39.709,22.4375
2026-05-24 03:56:45.612,22.375
2026-05-24 03:56:51.517,22.4375
2026-05-24 03:56:57.421,22.375
2026-05-24 03:57:03.327,22.375
2026-05-24 03:57:09.233,22.4375
2026-05-24 03:57:15.138,22.375
2026-05-24 03:57:21.045,22.375
2026-05-24 03:57:26.949,22.375
2026-05-24 03:57:32.852,22.375
2026-05-24 03:57:38.756,22.4375
2026-05-24 03:57:44.660,22.375
2026-05-24 03:57:50.564,22.4375
2026-05-24 03:57:56.468,22.4375
2026-05-24 03:58:02.372,22.375
2026-05-24 03:58:08.276,22.375
2026-05-24 03:58:14.182,22.375
2026-05-24 03:58:20.086,22.4375
2026-05-24 03:58:25.990,22.375
2026-05-24 03:58:31.893,22.4375
2026-05-24 03:58:37.799,22.375
2026-05-24 03:58:43.702,22.375
2026-05-24 03:58:49.609,22.375
2026-05-24 03:58:55.515,22.4375
2026-05-24 03:59:01.421,22.4375
2026-05-24 03:59:07.325,22.375
2026-05-24 03:59:13.228,22.4375
2026-05-24 03:59:19.133,22.4375
2026-05-24 03:59:25.037,22.375
2026-05-24 03:59:30.940,22.4375
2026-05-24 03:59:36.846,22.375
2026-05-24 03:59:42.753,22.375
2026-05-24 03:59:48.659,22.4375
2026-05-24 03:59:54.565,22.4375
2026-05-24 04:00:00.470,22.4375
2026-05-24 04:00:06.376,22.375
2026-05-24 04:00:12.283,22.375
2026-05-24 04:00:18.189,22.375
2026-05-24 04:00:24.095,22.375
2026-05-24 04:00:29.998,22.4375
2026-05-24 04:00:35.902,22.375
2026-05-24 04:00:41.807,22.375
2026-05-24 04:00:47.710,22.375
2026-05-24 04:00:53.614,22.375
2026-05-24 04:00:59.520,22.375
2026-05-24 04:01:05.426,22.375
2026-05-24 04:01:11.332,22.375
2026-05-24 04:01:17.238,22.4375
2026-05-24 04:01:23.144,22.4375
2026-05-24 04:01:29.050,22.4375
2026-05-24 04:01:34.956,22.375
2026-05-24 04:01:40.862,22.4375
2026-05-24 04:01:46.768,22.375
2026-05-24 04:01:52.672,22.375
2026-05-24 04:01:58.576,22.375
2026-05-24 04:02:04.479,22.375
2026-05-24 04:02:10.384,22.375
2026-05-24 04:02:16.287,22.375
2026-05-24 04:02:22.191,22.375
2026-05-24 04:02:28.095,22.375
2026-05-24 04:02:33.999,22.375
2026-05-24 04:02:39.903,22.375
2026-05-24 04:02:45.809,22.375
2026-05-24 04:02:51.715,22.375
2026-05-24 04:02:57.621,22.375
2026-05-24 04:03:03.525,22.375
2026-05-24 04:03:09.429,22.375
2026-05-24 04:03:15.333,22.375
2026-05-24 04:03:21.236,22.375
2026-05-24 04:03:27.140,22.375
2026-05-24 04:03:33.045,22.375
2026-05-24 04:03:38.948,22.4375
2026-05-24 04:03:44.852,22.375
2026-05-24 04:03:50.758,22.375
2026-05-24 04:03:56.664,22.375
2026-05-24 04:04:02.570,22.4375
2026-05-24 04:04:08.476,22.375
2026-05-24 04:04:14.382,22.375
2026-05-24 04:04:20.286,22.375
2026-05-24 04:04:26.189,22.375
2026-05-24 04:04:32.094,22.375
2026-05-24 04:04:37.998,22.375
2026-05-24 04:04:43.901,22.375
2026-05-24 04:04:49.805,22.375
2026-05-24 04:04:55.709,22.4375
2026-05-24 04:05:01.613,22.375
2026-05-24 04:05:07.517,22.375
2026-05-24 04:05:13.421,22.375
2026-05-24 04:05:19.324,22.375
2026-05-24 04:05:25.228,22.375
2026-05-24 04:05:31.132,22.4375
2026-05-24 04:05:37.036,22.375
2026-05-24 04:05:42.940,22.375
2026-05-24 04:05:48.843,22.375
2026-05-24 04:05:54.750,22.375
2026-05-24 04:06:00.656,22.375
2026-05-24 04:06:06.562,22.375
2026-05-24 04:06:12.467,22.375
2026-05-24 04:06:18.371,22.375
2026-05-24 04:06:24.276,22.375
2026-05-24 04:06:30.180,22.375
2026-05-24 04:06:36.083,22.375
2026-05-24 04:06:41.987,22.375
2026-05-24 04:06:47.893,22.375
2026-05-24 04:06:53.797,22.375
2026-05-24 04:06:59.701,22.4375
2026-05-24 04:07:05.607,22.375
2026-05-24 04:07:11.510,22.375
2026-05-24 04:07:17.416,22.375
2026-05-24 04:07:23.321,22.375
2026-05-24 04:07:29.225,22.375
2026-05-24 04:07:35.128,22.375
2026-05-24 04:07:41.034,22.375
2026-05-24 04:07:46.938,22.375
2026-05-24 04:07:52.845,22.375
2026-05-24 04:07:58.751,22.375
2026-05-24 04:08:04.656,22.375
2026-05-24 04:08:10.562,22.375
2026-05-24 04:08:16.468,22.375
2026-05-24 04:08:22.373,22.375
2026-05-24 04:08:28.276,22.375
2026-05-24 04:08:34.180,22.375
2026-05-24 04:08:40.084,22.375
2026-05-24 04:08:45.988,22.375
2026-05-24 04:08:51.892,22.375
2026-05-24 04:08:57.798,22.4375
2026-05-24 04:09:03.702,22.375
2026-05-24 04:09:09.607,22.375
2026-05-24 04:09:15.514,22.375
2026-05-24 04:09:21.420,22.375
2026-05-24 04:09:27.325,22.375
2026-05-24 04:09:33.229,22.375
2026-05-24 04:09:39.135,22.375
2026-05-24 04:09:45.040,22.375
2026-05-24 04:09:50.943,22.375
2026-05-24 04:09:56.847,22.375
2026-05-24 04:10:02.753,22.375
2026-05-24 04:10:08.659,22.375
2026-05-24 04:10:14.566,22.375
2026-05-24 04:10:20.469,22.375
2026-05-24 04:10:26.373,22.375
2026-05-24 04:10:32.276,22.375
2026-05-24 04:10:38.180,22.375
2026-05-24 04:10:44.085,22.375
2026-05-24 04:10:49.988,22.375
2026-05-24 04:10:55.896,22.375
2026-05-24 04:11:01.802,22.375
2026-05-24 04:11:07.707,22.375
2026-05-24 04:11:13.614,22.375
2026-05-24 04:11:19.518,22.375
2026-05-24 04:11:25.421,22.375
2026-05-24 04:11:31.325,22.3125
2026-05-24 04:11:37.229,22.375
2026-05-24 04:11:43.133,22.375
2026-05-24 04:11:49.039,22.375
2026-05-24 04:11:54.945,22.375
2026-05-24 04:12:00.848,22.375
2026-05-24 04:12:06.755,22.375
2026-05-24 04:12:12.661,22.375
2026-05-24 04:12:18.567,22.375
2026-05-24 04:12:24.470,22.3125
2026-05-24 04:12:30.374,22.375
2026-05-24 04:12:36.279,22.375
2026-05-24 04:12:42.182,22.375
2026-05-24 04:12:48.086,22.375
2026-05-24 04:12:53.992,22.375
2026-05-24 04:12:59.898,22.375
2026-05-24 04:13:05.805,22.375
2026-05-24 04:13:11.708,22.375
2026-05-24 04:13:17.614,22.375
2026-05-24 04:13:23.520,22.375
2026-05-24 04:13:29.426,22.375
2026-05-24 04:13:35.333,22.375
2026-05-24 04:13:41.238,22.375
2026-05-24 04:13:47.144,22.375
2026-05-24 04:13:53.048,22.375
2026-05-24 04:13:58.951,22.375
2026-05-24 04:14:04.856,22.375
2026-05-24 04:14:10.760,22.375
2026-05-24 04:14:16.666,22.375
2026-05-24 04:14:22.571,22.375
2026-05-24 04:14:28.478,22.375
2026-05-24 04:14:34.384,22.375
2026-05-24 04:14:40.289,22.375
2026-05-24 04:14:46.193,22.375
2026-05-24 04:14:52.096,22.375
2026-05-24 04:14:58.003,22.4375
2026-05-24 04:15:03.909,22.375
2026-05-24 04:15:09.815,22.375
2026-05-24 04:15:15.721,22.375
2026-05-24 04:15:21.627,22.4375
2026-05-24 04:15:27.531,22.375
2026-05-24 04:15:33.435,22.4375
2026-05-24 04:15:39.339,22.375
2026-05-24 04:15:45.245,22.375
2026-05-24 04:15:51.148,22.375
2026-05-24 04:15:57.055,22.375
2026-05-24 04:16:02.960,22.375
2026-05-24 04:16:08.866,22.375
2026-05-24 04:16:14.769,22.375
2026-05-24 04:16:20.675,22.375
2026-05-24 04:16:26.582,22.375
2026-05-24 04:16:32.488,22.375
2026-05-24 04:16:38.393,22.375
2026-05-24 04:16:44.297,22.4375
2026-05-24 04:16:50.201,22.375
2026-05-24 04:16:56.105,22.375
2026-05-24 04:17:02.009,22.375
2026-05-24 04:17:07.915,22.375
2026-05-24 04:17:13.821,22.375
2026-05-24 04:17:19.725,22.375
2026-05-24 04:17:25.631,22.375
2026-05-24 04:17:31.537,22.375
2026-05-24 04:17:37.443,22.375
2026-05-24 04:17:43.349,22.375
2026-05-24 04:17:49.253,22.375
2026-05-24 04:17:55.157,22.375
2026-05-24 04:18:01.063,22.375
2026-05-24 04:18:06.966,22.375
2026-05-24 04:18:12.872,22.375
2026-05-24 04:18:18.777,22.375
2026-05-24 04:18:24.681,22.4375
2026-05-24 04:18:30.584,22.375
2026-05-24 04:18:36.490,22.375
2026-05-24 04:18:42.394,22.375
2026-05-24 04:18:48.300,22.375
2026-05-24 04:18:54.204,22.375
2026-05-24 04:19:00.107,22.375
2026-05-24 04:19:06.013,22.375
2026-05-24 04:19:11.919,22.375
2026-05-24 04:19:17.825,22.375
2026-05-24 04:19:23.731,22.375
2026-05-24 04:19:29.637,22.375
2026-05-24 04:19:35.543,22.375
2026-05-24 04:19:41.449,22.375
2026-05-24 04:19:47.353,22.375
2026-05-24 04:19:53.257,22.375
2026-05-24 04:19:59.161,22.375
2026-05-24 04:20:05.064,22.375
2026-05-24 04:20:10.968,22.375
2026-05-24 04:20:16.873,22.375
2026-05-24 04:20:22.776,22.375
2026-05-24 04:20:28.680,22.375
2026-05-24 04:20:34.583,22.375
2026-05-24 04:20:40.488,22.375
2026-05-24 04:20:46.392,22.375
2026-05-24 04:20:52.298,22.375
2026-05-24 04:20:58.203,22.375
2026-05-24 04:21:04.109,22.375
2026-05-24 04:21:10.016,22.375
2026-05-24 04:21:15.922,22.375
2026-05-24 04:21:21.825,22.375
2026-05-24 04:21:27.729,22.375
2026-05-24 04:21:33.632,22.375
2026-05-24 04:21:39.539,22.375
2026-05-24 04:21:45.445,22.375
2026-05-24 04:21:51.348,22.375
2026-05-24 04:21:57.252,22.375
2026-05-24 04:22:03.156,22.375
2026-05-24 04:22:09.060,22.375
2026-05-24 04:22:14.966,22.375
2026-05-24 04:22:20.870,22.375
2026-05-24 04:22:26.775,22.375
2026-05-24 04:22:32.681,22.375
2026-05-24 04:22:38.588,22.375
2026-05-24 04:22:44.491,22.375
2026-05-24 04:22:50.395,22.375
2026-05-24 04:22:56.299,22.375
2026-05-24 04:23:02.204,22.375
2026-05-24 04:23:08.109,22.375
2026-05-24 04:23:14.012,22.375
2026-05-24 04:23:19.916,22.375
2026-05-24 04:23:25.822,22.375
2026-05-24 04:23:31.729,22.375
2026-05-24 04:23:37.635,22.3125
2026-05-24 04:23:43.541,22.375
2026-05-24 04:23:49.447,22.375
2026-05-24 04:23:55.350,22.375
2026-05-24 04:24:01.255,22.375
2026-05-24 04:24:07.161,22.375
2026-05-24 04:24:13.068,22.375
2026-05-24 04:24:18.974,22.375
2026-05-24 04:24:24.880,22.375
2026-05-24 04:24:30.787,22.4375
2026-05-24 04:24:36.690,22.375
2026-05-24 04:24:42.594,22.375
2026-05-24 04:24:48.498,22.375
2026-05-24 04:24:54.401,22.375
2026-05-24 04:25:00.308,22.375
2026-05-24 04:25:06.213,22.375
2026-05-24 04:25:12.117,22.375
2026-05-24 04:25:18.023,22.375
2026-05-24 04:25:23.926,22.375
2026-05-24 04:25:29.833,22.375
2026-05-24 04:25:35.737,22.375
2026-05-24 04:25:41.640,22.375
2026-05-24 04:25:47.546,22.375
2026-05-24 04:25:53.452,22.375
2026-05-24 04:25:59.359,22.375
2026-05-24 04:26:05.262,22.375
2026-05-24 04:26:11.166,22.375
2026-05-24 04:26:17.070,22.375
2026-05-24 04:26:22.974,22.4375
2026-05-24 04:26:28.880,22.375
2026-05-24 04:26:34.786,22.375
2026-05-24 04:26:40.690,22.375
2026-05-24 04:26:46.593,22.375
2026-05-24 04:26:52.498,22.3125
2026-05-24 04:26:58.406,22.375
2026-05-24 04:27:04.311,22.375
2026-05-24 04:27:10.215,22.375
2026-05-24 04:27:16.121,22.375
2026-05-24 04:27:22.026,22.3125
2026-05-24 04:27:27.929,22.375
2026-05-24 04:27:33.833,22.375
2026-05-24 04:27:39.737,22.375
2026-05-24 04:27:45.643,22.375
2026-05-24 04:27:51.547,22.375
2026-05-24 04:27:57.453,22.375
2026-05-24 04:28:03.359,22.375
2026-05-24 04:28:09.263,22.375
2026-05-24 04:28:15.166,22.3125
2026-05-24 04:28:21.073,22.375
2026-05-24 04:28:26.979,22.3125
2026-05-24 04:28:32.885,22.375
2026-05-24 04:28:38.789,22.375
2026-05-24 04:28:44.692,22.3125
2026-05-24 04:28:50.597,22.375
2026-05-24 04:28:56.503,22.375
2026-05-24 04:29:02.408,22.375
2026-05-24 04:29:08.312,22.3125
2026-05-24 04:29:14.217,22.375
2026-05-24 04:29:20.121,22.3125
2026-05-24 04:29:26.027,22.3125
2026-05-24 04:29:31.932,22.375
2026-05-24 04:29:37.838,22.3125
2026-05-24 04:29:43.745,22.3125
2026-05-24 04:29:49.649,22.3125
2026-05-24 04:29:55.553,22.375
2026-05-24 04:30:01.458,22.375
2026-05-24 04:30:07.363,22.375
2026-05-24 04:30:13.270,22.375
2026-05-24 04:30:19.174,22.375
2026-05-24 04:30:25.078,22.375
2026-05-24 04:30:30.981,22.3125
2026-05-24 04:30:36.885,22.375
2026-05-24 04:30:42.790,22.375
2026-05-24 04:30:48.694,22.375
2026-05-24 04:30:54.597,22.375
2026-05-24 04:31:00.501,22.3125
2026-05-24 04:31:06.404,22.375
2026-05-24 04:31:12.309,22.375
2026-05-24 04:31:18.213,22.3125
2026-05-24 04:31:24.117,22.375
2026-05-24 04:31:30.023,22.3125
2026-05-24 04:31:35.926,22.375
2026-05-24 04:31:41.833,22.375
2026-05-24 04:31:47.738,22.375
2026-05-24 04:31:53.642,22.375
2026-05-24 04:31:59.546,22.375
2026-05-24 04:32:05.453,22.375
2026-05-24 04:32:11.359,22.375
2026-05-24 04:32:17.262,22.375
2026-05-24 04:32:23.166,22.375
2026-05-24 04:32:29.072,22.375
2026-05-24 04:32:34.979,22.375
2026-05-24 04:32:40.885,22.3125
2026-05-24 04:32:46.790,22.375
2026-05-24 04:32:52.694,22.375
2026-05-24 04:32:58.598,22.375
2026-05-24 04:33:04.502,22.3125
2026-05-24 04:33:10.406,22.375
2026-05-24 04:33:16.312,22.375
2026-05-24 04:33:22.218,22.375
2026-05-24 04:33:28.123,22.375
2026-05-24 04:33:34.031,22.375
2026-05-24 04:33:39.936,22.375
2026-05-24 04:33:45.840,22.375
2026-05-24 04:33:51.744,22.375
2026-05-24 04:33:57.647,22.375
2026-05-24 04:34:03.552,22.375
2026-05-24 04:34:09.456,22.375
2026-05-24 04:34:15.359,22.375
2026-05-24 04:34:21.263,22.375
2026-05-24 04:34:27.167,22.3125
2026-05-24 04:34:33.074,22.4375
2026-05-24 04:34:38.980,22.375
2026-05-24 04:34:44.885,22.375
2026-05-24 04:34:50.791,22.375
2026-05-24 04:34:56.697,22.375
2026-05-24 04:35:02.603,22.375
2026-05-24 04:35:08.507,22.375
2026-05-24 04:35:14.411,22.375
2026-05-24 04:35:20.314,22.375
2026-05-24 04:35:26.221,22.375
2026-05-24 04:35:32.127,22.4375
2026-05-24 04:35:38.032,22.375
2026-05-24 04:35:43.938,22.3125
2026-05-24 04:35:49.844,22.375
2026-05-24 04:35:55.750,22.375
2026-05-24 04:36:01.654,22.375
2026-05-24 04:36:07.558,22.375
2026-05-24 04:36:13.461,22.4375
2026-05-24 04:36:19.365,22.375
2026-05-24 04:36:25.269,22.375
2026-05-24 04:36:31.173,22.375
2026-05-24 04:36:37.077,22.375
2026-05-24 04:36:42.980,22.375
2026-05-24 04:36:48.886,22.375
2026-05-24 04:36:54.791,22.375
2026-05-24 04:37:00.695,22.375
2026-05-24 04:37:06.600,22.375
2026-05-24 04:37:12.506,22.375
2026-05-24 04:37:18.412,22.375
2026-05-24 04:37:24.319,22.375
2026-05-24 04:37:30.223,22.375
2026-05-24 04:37:36.126,22.375
2026-05-24 04:37:42.030,22.3125
2026-05-24 04:37:47.934,22.375
2026-05-24 04:37:53.839,22.3125
2026-05-24 04:37:59.742,22.3125
2026-05-24 04:38:05.648,22.375
2026-05-24 04:38:11.554,22.375
2026-05-24 04:38:17.461,22.375
2026-05-24 04:38:23.364,22.375
2026-05-24 04:38:29.268,22.375
2026-05-24 04:38:35.174,22.3125
2026-05-24 04:38:41.080,22.3125
2026-05-24 04:38:46.987,22.375
2026-05-24 04:38:52.892,22.3125
2026-05-24 04:38:58.798,22.375
2026-05-24 04:39:04.702,22.375
2026-05-24 04:39:10.606,22.3125
2026-05-24 04:39:16.511,22.375
2026-05-24 04:39:22.414,22.375
2026-05-24 04:39:28.318,22.375
2026-05-24 04:39:34.222,22.375
2026-05-24 04:39:40.128,22.375
2026-05-24 04:39:46.032,22.375
2026-05-24 04:39:51.936,22.375
2026-05-24 04:39:57.842,22.375
2026-05-24 04:40:03.745,22.375
2026-05-24 04:40:09.649,22.3125
2026-05-24 04:40:15.554,22.3125
2026-05-24 04:40:21.457,22.375
2026-05-24 04:40:27.363,22.375
2026-05-24 04:40:33.269,22.3125
2026-05-24 04:40:39.173,22.375
2026-05-24 04:40:45.077,22.375
2026-05-24 04:40:50.981,22.375
2026-05-24 04:40:56.885,22.375
2026-05-24 04:41:02.790,22.375
2026-05-24 04:41:08.695,22.375
2026-05-24 04:41:14.601,22.3125
2026-05-24 04:41:20.507,22.375
2026-05-24 04:41:26.410,22.375
2026-05-24 04:41:32.316,22.375
2026-05-24 04:41:38.223,22.375
2026-05-24 04:41:44.126,22.375
2026-05-24 04:41:50.030,22.375
2026-05-24 04:41:55.934,22.375
2026-05-24 04:42:01.839,22.375
2026-05-24 04:42:07.746,22.375
2026-05-24 04:42:13.652,22.375
2026-05-24 04:42:19.556,22.375
2026-05-24 04:42:25.462,22.375
2026-05-24 04:42:31.365,22.375
2026-05-24 04:42:37.270,22.375
2026-05-24 04:42:43.175,22.3125
2026-05-24 04:42:49.079,22.3125
2026-05-24 04:42:54.984,22.375
2026-05-24 04:43:00.890,22.375
2026-05-24 04:43:06.795,22.375
2026-05-24 04:43:12.701,22.375
2026-05-24 04:43:18.605,22.375
2026-05-24 04:43:24.508,22.375
2026-05-24 04:43:30.412,22.375
2026-05-24 04:43:36.319,22.375
2026-05-24 04:43:42.222,22.375
2026-05-24 04:43:48.126,22.3125
2026-05-24 04:43:54.030,22.375
2026-05-24 04:43:59.934,22.375
2026-05-24 04:44:05.840,22.375
2026-05-24 04:44:11.744,22.375
2026-05-24 04:44:17.647,22.3125
2026-05-24 04:44:23.551,22.375
2026-05-24 04:44:29.455,22.375
2026-05-24 04:44:35.359,22.375
2026-05-24 04:44:41.263,22.375
2026-05-24 04:44:47.166,22.375
2026-05-24 04:44:53.070,22.375
2026-05-24 04:44:58.975,22.375
2026-05-24 04:45:04.880,22.375
2026-05-24 04:45:10.786,22.375
2026-05-24 04:45:16.692,22.375
2026-05-24 04:45:22.595,22.375
2026-05-24 04:45:28.500,22.375
2026-05-24 04:45:34.404,22.375
2026-05-24 04:45:40.307,22.375
2026-05-24 04:45:46.211,22.375
2026-05-24 04:45:52.115,22.375
2026-05-24 04:45:58.022,22.375
2026-05-24 04:46:03.925,22.375
2026-05-24 04:46:09.831,22.3125
2026-05-24 04:46:15.737,22.375
2026-05-24 04:46:21.643,22.375
2026-05-24 04:46:27.547,22.375
2026-05-24 04:46:33.453,22.375
2026-05-24 04:46:39.358,22.375
2026-05-24 04:46:45.264,22.375
2026-05-24 04:46:51.169,22.375
2026-05-24 04:46:57.072,22.375
2026-05-24 04:47:02.976,22.375
2026-05-24 04:47:08.882,22.375
2026-05-24 04:47:14.787,22.375
2026-05-24 04:47:20.694,22.375
2026-05-24 04:47:26.598,22.375
2026-05-24 04:47:32.502,22.375
2026-05-24 04:47:38.405,22.375
2026-05-24 04:47:44.311,22.375
2026-05-24 04:47:50.220,22.375
2026-05-24 04:47:56.126,22.3125
2026-05-24 04:48:02.032,22.3125
2026-05-24 04:48:07.935,22.3125
2026-05-24 04:48:13.841,22.375
2026-05-24 04:48:19.746,22.3125
2026-05-24 04:48:25.649,22.375
2026-05-24 04:48:31.553,22.3125
2026-05-24 04:48:37.457,22.375
2026-05-24 04:48:43.360,22.3125
2026-05-24 04:48:49.267,22.375
2026-05-24 04:48:55.173,22.3125
2026-05-24 04:49:01.079,22.375
2026-05-24 04:49:06.983,22.375
2026-05-24 04:49:12.887,22.375
2026-05-24 04:49:18.791,22.375
2026-05-24 04:49:24.695,22.375
2026-05-24 04:49:30.601,22.375
2026-05-24 04:49:36.507,22.375
2026-05-24 04:49:42.412,22.3125
2026-05-24 04:49:48.319,22.375
2026-05-24 04:49:54.225,22.375
2026-05-24 04:50:00.130,22.375
2026-05-24 04:50:06.034,22.375
2026-05-24 04:50:11.939,22.375
2026-05-24 04:50:17.842,22.375
2026-05-24 04:50:23.746,22.375
2026-05-24 04:50:29.650,22.375
2026-05-24 04:50:35.555,22.375
2026-05-24 04:50:41.462,22.375
2026-05-24 04:50:47.366,22.375
2026-05-24 04:50:53.272,22.375
2026-05-24 04:50:59.178,22.375
2026-05-24 04:51:05.083,22.375
2026-05-24 04:51:10.990,22.375
2026-05-24 04:51:16.896,22.375
2026-05-24 04:51:22.800,22.375
2026-05-24 04:51:28.703,22.375
2026-05-24 04:51:34.607,22.375
2026-05-24 04:51:40.511,22.375
2026-05-24 04:51:46.415,22.375
2026-05-24 04:51:52.321,22.375
2026-05-24 04:51:58.224,22.375
2026-05-24 04:52:04.131,22.375
2026-05-24 04:52:10.035,22.375
2026-05-24 04:52:15.941,22.375
2026-05-24 04:52:21.847,22.375
2026-05-24 04:52:27.753,22.375
2026-05-24 04:52:33.659,22.375
2026-05-24 04:52:39.565,22.375
2026-05-24 04:52:45.471,22.375
2026-05-24 04:52:51.377,22.375
2026-05-24 04:52:57.283,22.375
2026-05-24 04:53:03.188,22.375
2026-05-24 04:53:09.091,22.375
2026-05-24 04:53:14.997,22.4375
2026-05-24 04:53:20.900,22.375
2026-05-24 04:53:26.804,22.4375
2026-05-24 04:53:32.709,22.4375
2026-05-24 04:53:38.614,22.375
2026-05-24 04:53:44.520,22.375
2026-05-24 04:53:50.428,22.375
2026-05-24 04:53:56.334,22.375
2026-05-24 04:54:02.238,22.375
2026-05-24 04:54:08.142,22.375
2026-05-24 04:54:14.046,22.375
2026-05-24 04:54:19.949,22.375
2026-05-24 04:54:25.853,22.375
2026-05-24 04:54:31.759,22.375
2026-05-24 04:54:37.665,22.375
2026-05-24 04:54:43.571,22.375
2026-05-24 04:54:49.477,22.375
2026-05-24 04:54:55.383,22.375
2026-05-24 04:55:01.290,22.4375
2026-05-24 04:55:07.194,22.375
2026-05-24 04:55:13.099,22.375
2026-05-24 04:55:19.005,22.375
2026-05-24 04:55:24.909,22.375
2026-05-24 04:55:30.813,22.375
2026-05-24 04:55:36.717,22.3125
2026-05-24 04:55:42.621,22.375
2026-05-24 04:55:48.524,22.375
2026-05-24 04:55:54.431,22.375
2026-05-24 04:56:00.337,22.375
2026-05-24 04:56:06.243,22.375
2026-05-24 04:56:12.146,22.375
2026-05-24 04:56:18.052,22.375
2026-05-24 04:56:23.959,22.375
2026-05-24 04:56:29.862,22.375
2026-05-24 04:56:35.766,22.375
2026-05-24 04:56:41.669,22.375
2026-05-24 04:56:47.573,22.375
2026-05-24 04:56:53.480,22.375
2026-05-24 04:56:59.386,22.375
2026-05-24 04:57:05.292,22.375
2026-05-24 04:57:11.195,22.375
2026-05-24 04:57:17.101,22.375
2026-05-24 04:57:23.008,22.375
2026-05-24 04:57:28.914,22.375
2026-05-24 04:57:34.820,22.375
2026-05-24 04:57:40.726,22.375
2026-05-24 04:57:46.631,22.375
2026-05-24 04:57:52.538,22.375
2026-05-24 04:57:58.443,22.375
2026-05-24 04:58:04.350,22.375
2026-05-24 04:58:10.256,22.375
2026-05-24 04:58:16.161,22.375
2026-05-24 04:58:22.065,22.375
2026-05-24 04:58:27.969,22.375
2026-05-24 04:58:33.873,22.375
2026-05-24 04:58:39.776,22.375
2026-05-24 04:58:45.681,22.375
2026-05-24 04:58:51.586,22.375
2026-05-24 04:58:57.490,22.375
2026-05-24 04:59:03.396,22.375
2026-05-24 04:59:09.300,22.375
2026-05-24 04:59:15.206,22.375
2026-05-24 04:59:21.110,22.375
2026-05-24 04:59:27.014,22.375
2026-05-24 04:59:32.917,22.375
2026-05-24 04:59:38.821,22.375
2026-05-24 04:59:44.728,22.375
2026-05-24 04:59:50.634,22.375
2026-05-24 04:59:56.537,22.4375
2026-05-24 05:00:02.443,22.375
2026-05-24 05:00:08.349,22.375
2026-05-24 05:00:14.253,22.375
2026-05-24 05:00:20.157,22.4375
2026-05-24 05:00:26.061,22.375
2026-05-24 05:00:31.964,22.375
2026-05-24 05:00:37.870,22.375
2026-05-24 05:00:43.777,22.375
2026-05-24 05:00:49.683,22.375
2026-05-24 05:00:55.588,22.375
2026-05-24 05:01:01.492,22.375
2026-05-24 05:01:07.398,22.375
2026-05-24 05:01:13.302,22.375
2026-05-24 05:01:19.208,22.375
2026-05-24 05:01:25.114,22.375
2026-05-24 05:01:31.017,22.375
2026-05-24 05:01:36.922,22.375
2026-05-24 05:01:42.828,22.375
2026-05-24 05:01:48.731,22.375
2026-05-24 05:01:54.635,22.375
2026-05-24 05:02:00.538,22.375
2026-05-24 05:02:06.445,22.375
2026-05-24 05:02:12.351,22.375
2026-05-24 05:02:18.257,22.375
2026-05-24 05:02:24.162,22.375
2026-05-24 05:02:30.066,22.375
2026-05-24 05:02:35.971,22.4375
2026-05-24 05:02:41.874,22.4375
2026-05-24 05:02:47.778,22.375
2026-05-24 05:02:53.681,22.375
2026-05-24 05:02:59.588,22.4375
2026-05-24 05:03:05.494,22.375
2026-05-24 05:03:11.400,22.375
2026-05-24 05:03:17.304,22.375
2026-05-24 05:03:23.207,22.375
2026-05-24 05:03:29.111,22.375
2026-05-24 05:03:35.018,22.375
2026-05-24 05:03:40.922,22.375
2026-05-24 05:03:46.828,22.4375
2026-05-24 05:03:52.733,22.375
2026-05-24 05:03:58.639,22.375
2026-05-24 05:04:04.546,22.375
2026-05-24 05:04:10.452,22.375
2026-05-24 05:04:16.356,22.4375
2026-05-24 05:04:22.261,22.4375
2026-05-24 05:04:28.165,22.4375
2026-05-24 05:04:34.069,22.375
2026-05-24 05:04:39.973,22.375
2026-05-24 05:04:45.877,22.375
2026-05-24 05:04:51.782,22.4375
2026-05-24 05:04:57.689,22.4375
2026-05-24 05:05:03.595,22.375
2026-05-24 05:05:09.498,22.375
2026-05-24 05:05:15.404,22.375
2026-05-24 05:05:21.308,22.375
2026-05-24 05:05:27.212,22.4375
2026-05-24 05:05:33.118,22.375
2026-05-24 05:05:39.024,22.4375
2026-05-24 05:05:44.928,22.375
2026-05-24 05:05:50.833,22.375
2026-05-24 05:05:56.740,22.4375
2026-05-24 05:06:02.644,22.375
2026-05-24 05:06:08.547,22.375
2026-05-24 05:06:14.451,22.375
2026-05-24 05:06:20.355,22.375
2026-05-24 05:06:26.259,22.375
2026-05-24 05:06:32.165,22.375
2026-05-24 05:06:38.069,22.375
2026-05-24 05:06:43.975,22.375
2026-05-24 05:06:49.878,22.375
2026-05-24 05:06:55.785,22.375
2026-05-24 05:07:01.690,22.4375
2026-05-24 05:07:07.594,22.375
2026-05-24 05:07:13.498,22.4375
2026-05-24 05:07:19.401,22.375
2026-05-24 05:07:25.308,22.375
2026-05-24 05:07:31.212,22.4375
2026-05-24 05:07:37.118,22.375
2026-05-24 05:07:43.021,22.375
2026-05-24 05:07:48.926,22.375
2026-05-24 05:07:54.830,22.375
2026-05-24 05:08:00.736,22.4375
2026-05-24 05:08:06.642,22.375
2026-05-24 05:08:12.547,22.375
2026-05-24 05:08:18.454,22.375
2026-05-24 05:08:24.360,22.375
2026-05-24 05:08:30.266,22.375
2026-05-24 05:08:36.171,22.375
2026-05-24 05:08:42.075,22.375
2026-05-24 05:08:47.979,22.375
2026-05-24 05:08:53.883,22.375
2026-05-24 05:08:59.787,22.375
2026-05-24 05:09:05.690,22.375
2026-05-24 05:09:11.594,22.375
2026-05-24 05:09:17.499,22.375
2026-05-24 05:09:23.402,22.375
2026-05-24 05:09:29.308,22.375
2026-05-24 05:09:35.215,22.375
2026-05-24 05:09:41.120,22.375
2026-05-24 05:09:47.027,22.375
2026-05-24 05:09:52.933,22.4375
2026-05-24 05:09:58.836,22.375
2026-05-24 05:10:04.740,22.375
2026-05-24 05:10:10.643,22.375
2026-05-24 05:10:16.548,22.3125
2026-05-24 05:10:22.452,22.375
2026-05-24 05:10:28.355,22.375
2026-05-24 05:10:34.261,22.375
2026-05-24 05:10:40.166,22.375
2026-05-24 05:10:46.070,22.3125
2026-05-24 05:10:51.973,22.375
2026-05-24 05:10:57.877,22.375
2026-05-24 05:11:03.780,22.375
2026-05-24 05:11:09.685,22.3125
2026-05-24 05:11:15.589,22.375
2026-05-24 05:11:21.497,22.375
2026-05-24 05:11:27.403,22.375
2026-05-24 05:11:33.309,22.375
2026-05-24 05:11:39.216,22.375
2026-05-24 05:11:45.119,22.375
2026-05-24 05:11:51.025,22.375
2026-05-24 05:11:56.929,22.375
2026-05-24 05:12:02.835,22.375
2026-05-24 05:12:08.739,22.4375
2026-05-24 05:12:14.645,22.375
2026-05-24 05:12:20.549,22.375
2026-05-24 05:12:26.455,22.4375
2026-05-24 05:12:32.360,22.375
2026-05-24 05:12:38.267,22.375
2026-05-24 05:12:44.171,22.375
2026-05-24 05:12:50.075,22.4375
2026-05-24 05:12:55.981,22.375
2026-05-24 05:13:01.884,22.4375
2026-05-24 05:13:07.789,22.375
2026-05-24 05:13:13.693,22.4375
2026-05-24 05:13:19.599,22.375
2026-05-24 05:13:25.505,22.375
2026-05-24 05:13:31.409,22.375
2026-05-24 05:13:37.313,22.375
2026-05-24 05:13:43.217,22.375
2026-05-24 05:13:49.120,22.375
2026-05-24 05:13:55.024,22.375
2026-05-24 05:14:00.931,22.375
2026-05-24 05:14:06.837,22.375
2026-05-24 05:14:12.742,22.4375
2026-05-24 05:14:18.648,22.375
2026-05-24 05:14:24.554,22.375
2026-05-24 05:14:30.458,22.375
2026-05-24 05:14:36.362,22.375
2026-05-24 05:14:42.266,22.375
2026-05-24 05:14:48.169,22.375
2026-05-24 05:14:54.075,22.375
2026-05-24 05:14:59.982,22.375
2026-05-24 05:15:05.888,22.375
2026-05-24 05:15:11.794,22.375
2026-05-24 05:15:17.697,22.375
2026-05-24 05:15:23.601,22.375
2026-05-24 05:15:29.508,22.375
2026-05-24 05:15:35.411,22.375
2026-05-24 05:15:41.315,22.375
2026-05-24 05:15:47.220,22.375
2026-05-24 05:15:53.126,22.375
2026-05-24 05:15:59.033,22.375
2026-05-24 05:16:04.939,22.375
2026-05-24 05:16:10.845,22.375
2026-05-24 05:16:16.750,22.4375
2026-05-24 05:16:22.655,22.375
2026-05-24 05:16:28.559,22.375
2026-05-24 05:16:34.465,22.375
2026-05-24 05:16:40.371,22.375
2026-05-24 05:16:46.277,22.375
2026-05-24 05:16:52.183,22.375
2026-05-24 05:16:58.089,22.375
2026-05-24 05:17:03.993,22.375
2026-05-24 05:17:09.897,22.375
2026-05-24 05:17:15.802,22.375
2026-05-24 05:17:21.707,22.375
2026-05-24 05:17:27.613,22.375
2026-05-24 05:17:33.519,22.375
2026-05-24 05:17:39.422,22.375
2026-05-24 05:17:45.326,22.375
2026-05-24 05:17:51.231,22.375
2026-05-24 05:17:57.137,22.375
2026-05-24 05:18:03.040,22.375
2026-05-24 05:18:08.946,22.375
2026-05-24 05:18:14.850,22.375
2026-05-24 05:18:20.757,22.375
2026-05-24 05:18:26.663,22.375
2026-05-24 05:18:32.568,22.4375
2026-05-24 05:18:38.474,22.375
2026-05-24 05:18:44.378,22.375
2026-05-24 05:18:50.283,22.375
2026-05-24 05:18:56.186,22.375
2026-05-24 05:19:02.090,22.375
2026-05-24 05:19:07.994,22.3125
2026-05-24 05:19:13.897,22.375
2026-05-24 05:19:19.804,22.375
2026-05-24 05:19:25.710,22.375
2026-05-24 05:19:31.616,22.375
2026-05-24 05:19:37.522,22.4375
2026-05-24 05:19:43.429,22.375
2026-05-24 05:19:49.333,22.375
2026-05-24 05:19:55.236,22.375
2026-05-24 05:20:01.140,22.375
2026-05-24 05:20:07.045,22.375
2026-05-24 05:20:12.952,22.375
2026-05-24 05:20:18.858,22.375
2026-05-24 05:20:24.764,22.375
2026-05-24 05:20:30.670,22.375
2026-05-24 05:20:36.574,22.3125
2026-05-24 05:20:42.478,22.375
2026-05-24 05:20:48.382,22.4375
2026-05-24 05:20:54.288,22.4375
2026-05-24 05:21:00.194,22.375
2026-05-24 05:21:06.100,22.375
2026-05-24 05:21:12.006,22.4375
2026-05-24 05:21:17.910,22.4375
2026-05-24 05:21:23.816,22.375
2026-05-24 05:21:29.720,22.375
2026-05-24 05:21:35.623,22.375
2026-05-24 05:21:41.528,22.375
2026-05-24 05:21:47.432,22.375
2026-05-24 05:21:53.335,22.375
2026-05-24 05:21:59.239,22.375
2026-05-24 05:22:05.143,22.375
2026-05-24 05:22:11.047,22.375
2026-05-24 05:22:16.951,22.375
2026-05-24 05:22:22.855,22.4375
2026-05-24 05:22:28.759,22.375
2026-05-24 05:22:34.663,22.375
2026-05-24 05:22:40.569,22.375
2026-05-24 05:22:46.475,22.375
2026-05-24 05:22:52.379,22.4375
2026-05-24 05:22:58.282,22.375
2026-05-24 05:23:04.189,22.375
2026-05-24 05:23:10.095,22.4375
2026-05-24 05:23:15.999,22.375
2026-05-24 05:23:21.906,22.4375
2026-05-24 05:23:27.810,22.4375
2026-05-24 05:23:33.715,22.4375
2026-05-24 05:23:39.618,22.4375
2026-05-24 05:23:45.522,22.4375
2026-05-24 05:23:51.426,22.375
2026-05-24 05:23:57.332,22.375
2026-05-24 05:24:03.239,22.4375
2026-05-24 05:24:09.142,22.4375
2026-05-24 05:24:15.048,22.4375
2026-05-24 05:24:20.954,22.4375
2026-05-24 05:24:26.858,22.375
2026-05-24 05:24:32.762,22.375
2026-05-24 05:24:38.668,22.375
2026-05-24 05:24:44.574,22.375
2026-05-24 05:24:50.480,22.4375
2026-05-24 05:24:56.383,22.375
2026-05-24 05:25:02.288,22.375
2026-05-24 05:25:08.192,22.375
2026-05-24 05:25:14.098,22.4375
2026-05-24 05:25:20.004,22.4375
2026-05-24 05:25:25.908,22.375
2026-05-24 05:25:31.812,22.375
2026-05-24 05:25:37.716,22.375
2026-05-24 05:25:43.619,22.375
2026-05-24 05:25:49.525,22.375
2026-05-24 05:25:55.432,22.375
2026-05-24 05:26:01.338,22.375
2026-05-24 05:26:07.244,22.375
2026-05-24 05:26:13.150,22.375
2026-05-24 05:26:19.056,22.375
2026-05-24 05:26:24.960,22.375
2026-05-24 05:26:30.866,22.375
2026-05-24 05:26:36.772,22.375
2026-05-24 05:26:42.675,22.375
2026-05-24 05:26:48.579,22.4375
2026-05-24 05:26:54.484,22.375
2026-05-24 05:27:00.390,22.375
2026-05-24 05:27:06.296,22.375
2026-05-24 05:27:12.199,22.375
2026-05-24 05:27:18.103,22.375
2026-05-24 05:27:24.007,22.375
2026-05-24 05:27:29.911,22.375
2026-05-24 05:27:35.817,22.375
2026-05-24 05:27:41.723,22.375
2026-05-24 05:27:47.629,22.375
2026-05-24 05:27:53.533,22.375
2026-05-24 05:27:59.437,22.4375
2026-05-24 05:28:05.343,22.375
2026-05-24 05:28:11.248,22.375
2026-05-24 05:28:17.153,22.375
2026-05-24 05:28:23.057,22.375
2026-05-24 05:28:28.963,22.375
2026-05-24 05:28:34.866,22.375
2026-05-24 05:28:40.770,22.375
2026-05-24 05:28:46.674,22.375
2026-05-24 05:28:52.580,22.375
2026-05-24 05:28:58.486,22.375
2026-05-24 05:29:04.392,22.375
2026-05-24 05:29:10.297,22.375
2026-05-24 05:29:16.204,22.375
2026-05-24 05:29:22.107,22.375
2026-05-24 05:29:28.011,22.375
2026-05-24 05:29:33.915,22.375
2026-05-24 05:29:39.819,22.375
2026-05-24 05:29:45.726,22.375
2026-05-24 05:29:51.631,22.4375
2026-05-24 05:29:57.537,22.375
2026-05-24 05:30:03.443,22.375
2026-05-24 05:30:09.349,22.375
2026-05-24 05:30:15.256,22.375
2026-05-24 05:30:21.160,22.375
2026-05-24 05:30:27.063,22.375
2026-05-24 05:30:32.969,22.375
2026-05-24 05:30:38.875,22.375
2026-05-24 05:30:44.782,22.375
2026-05-24 05:30:50.688,22.375
2026-05-24 05:30:56.593,22.375
2026-05-24 05:31:02.497,22.375
2026-05-24 05:31:08.401,22.375
2026-05-24 05:31:14.305,22.375
2026-05-24 05:31:20.209,22.375
2026-05-24 05:31:26.115,22.375
2026-05-24 05:31:32.020,22.375
2026-05-24 05:31:37.927,22.375
2026-05-24 05:31:43.833,22.375
2026-05-24 05:31:49.739,22.375
2026-05-24 05:31:55.642,22.375
2026-05-24 05:32:01.546,22.375
2026-05-24 05:32:07.451,22.375
2026-05-24 05:32:13.356,22.4375
2026-05-24 05:32:19.262,22.375
2026-05-24 05:32:25.168,22.375
2026-05-24 05:32:31.074,22.4375
2026-05-24 05:32:36.978,22.375
2026-05-24 05:32:42.884,22.375
2026-05-24 05:32:48.788,22.375
2026-05-24 05:32:54.692,22.375
2026-05-24 05:33:00.595,22.375
2026-05-24 05:33:06.500,22.4375
2026-05-24 05:33:12.403,22.4375
2026-05-24 05:33:18.309,22.375
2026-05-24 05:33:24.215,22.375
2026-05-24 05:33:30.119,22.375
2026-05-24 05:33:36.023,22.375
2026-05-24 05:33:41.927,22.375
2026-05-24 05:33:47.833,22.375
2026-05-24 05:33:53.739,22.375
2026-05-24 05:33:59.642,22.375
2026-05-24 05:34:05.549,22.375
2026-05-24 05:34:11.453,22.375
2026-05-24 05:34:17.357,22.375
2026-05-24 05:34:23.260,22.375
2026-05-24 05:34:29.167,22.4375
2026-05-24 05:34:35.073,22.375
2026-05-24 05:34:40.976,22.375
2026-05-24 05:34:46.880,22.375
2026-05-24 05:34:52.784,22.375
2026-05-24 05:34:58.688,22.375
2026-05-24 05:35:04.592,22.375
2026-05-24 05:35:10.496,22.375
2026-05-24 05:35:16.399,22.375
2026-05-24 05:35:22.303,22.375
2026-05-24 05:35:28.208,22.375
2026-05-24 05:35:34.111,22.375
2026-05-24 05:35:40.015,22.375
2026-05-24 05:35:45.921,22.375
2026-05-24 05:35:51.826,22.375
2026-05-24 05:35:57.733,22.375
2026-05-24 05:36:03.641,22.375
2026-05-24 05:36:09.547,22.375
2026-05-24 05:36:15.452,22.375
2026-05-24 05:36:21.356,22.375
2026-05-24 05:36:27.261,22.375
2026-05-24 05:36:33.164,22.3125
2026-05-24 05:36:39.068,22.3125
2026-05-24 05:36:44.972,22.375
2026-05-24 05:36:50.878,22.375
2026-05-24 05:36:56.784,22.375
2026-05-24 05:37:02.688,22.375
2026-05-24 05:37:08.594,22.3125
2026-05-24 05:37:14.498,22.3125
2026-05-24 05:37:20.402,22.3125
2026-05-24 05:37:26.306,22.375
2026-05-24 05:37:32.210,22.375
2026-05-24 05:37:38.113,22.375
2026-05-24 05:37:44.017,22.3125
2026-05-24 05:37:49.922,22.375
2026-05-24 05:37:55.825,22.375
2026-05-24 05:38:01.729,22.375
2026-05-24 05:38:07.632,22.375
2026-05-24 05:38:13.536,22.3125
2026-05-24 05:38:19.441,22.375
2026-05-24 05:38:25.345,22.375
2026-05-24 05:38:31.248,22.375
2026-05-24 05:38:37.152,22.375
2026-05-24 05:38:43.055,22.375
2026-05-24 05:38:48.962,22.375
2026-05-24 05:38:54.866,22.375
2026-05-24 05:39:00.772,22.375
2026-05-24 05:39:06.678,22.4375
2026-05-24 05:39:12.583,22.375
2026-05-24 05:39:18.490,22.375
2026-05-24 05:39:24.396,22.375
2026-05-24 05:39:30.299,22.375
2026-05-24 05:39:36.203,22.4375
2026-05-24 05:39:42.107,22.375
2026-05-24 05:39:48.013,22.375
2026-05-24 05:39:53.919,22.375
2026-05-24 05:39:59.825,22.375
2026-05-24 05:40:05.729,22.375
2026-05-24 05:40:11.633,22.375
2026-05-24 05:40:17.537,22.375
2026-05-24 05:40:23.443,22.4375
2026-05-24 05:40:29.349,22.375
2026-05-24 05:40:35.252,22.375
2026-05-24 05:40:41.159,22.375
2026-05-24 05:40:47.065,22.375
2026-05-24 05:40:52.969,22.375
2026-05-24 05:40:58.875,22.375
2026-05-24 05:41:04.778,22.375
2026-05-24 05:41:10.683,22.4375
2026-05-24 05:41:16.589,22.375
2026-05-24 05:41:22.494,22.375
2026-05-24 05:41:28.400,22.375
2026-05-24 05:41:34.306,22.375
2026-05-24 05:41:40.211,22.375
2026-05-24 05:41:46.114,22.375
2026-05-24 05:41:52.018,22.375
2026-05-24 05:41:57.923,22.375
2026-05-24 05:42:03.829,22.375
2026-05-24 05:42:09.736,22.375
2026-05-24 05:42:15.640,22.375
2026-05-24 05:42:21.546,22.375
2026-05-24 05:42:27.452,22.4375
2026-05-24 05:42:33.355,22.4375
2026-05-24 05:42:39.260,22.375
2026-05-24 05:42:45.164,22.375
2026-05-24 05:42:51.069,22.375
2026-05-24 05:42:56.975,22.375
2026-05-24 05:43:02.882,22.375
2026-05-24 05:43:08.785,22.375
2026-05-24 05:43:14.689,22.375
2026-05-24 05:43:20.592,22.375
2026-05-24 05:43:26.498,22.4375
2026-05-24 05:43:32.405,22.375
2026-05-24 05:43:38.311,22.375
2026-05-24 05:43:44.214,22.375
2026-05-24 05:43:50.120,22.4375
2026-05-24 05:43:56.026,22.375
2026-05-24 05:44:01.930,22.375
2026-05-24 05:44:07.834,22.375
2026-05-24 05:44:13.737,22.375
2026-05-24 05:44:19.643,22.375
2026-05-24 05:44:25.549,22.375
2026-05-24 05:44:31.456,22.375
2026-05-24 05:44:37.360,22.375
2026-05-24 05:44:43.263,22.375
2026-05-24 05:44:49.167,22.375
2026-05-24 05:44:55.071,22.375
2026-05-24 05:45:00.975,22.375
2026-05-24 05:45:06.879,22.375
2026-05-24 05:45:12.782,22.375
2026-05-24 05:45:18.688,22.375
2026-05-24 05:45:24.594,22.375
2026-05-24 05:45:30.501,22.375
2026-05-24 05:45:36.407,22.375
2026-05-24 05:45:42.310,22.375
2026-05-24 05:45:48.214,22.375
2026-05-24 05:45:54.118,22.375
2026-05-24 05:46:00.025,22.375
2026-05-24 05:46:05.931,22.375
2026-05-24 05:46:11.834,22.375
2026-05-24 05:46:17.738,22.375
2026-05-24 05:46:23.644,22.375
2026-05-24 05:46:29.548,22.375
2026-05-24 05:46:35.452,22.375
2026-05-24 05:46:41.356,22.375
2026-05-24 05:46:47.259,22.375
2026-05-24 05:46:53.164,22.375
2026-05-24 05:46:59.067,22.4375
2026-05-24 05:47:04.973,22.375
2026-05-24 05:47:10.879,22.375
2026-05-24 05:47:16.783,22.375
2026-05-24 05:47:22.687,22.4375
2026-05-24 05:47:28.593,22.375
2026-05-24 05:47:34.499,22.375
2026-05-24 05:47:40.402,22.375
2026-05-24 05:47:46.306,22.375
2026-05-24 05:47:52.213,22.375
2026-05-24 05:47:58.118,22.4375
2026-05-24 05:48:04.024,22.375
2026-05-24 05:48:09.930,22.375
2026-05-24 05:48:15.836,22.4375
2026-05-24 05:48:21.743,22.375
2026-05-24 05:48:27.649,22.375
2026-05-24 05:48:33.554,22.375
2026-05-24 05:48:39.460,22.375
2026-05-24 05:48:45.364,22.375
2026-05-24 05:48:51.269,22.375
2026-05-24 05:48:57.172,22.375
2026-05-24 05:49:03.076,22.375
2026-05-24 05:49:08.979,22.375
2026-05-24 05:49:14.886,22.375
2026-05-24 05:49:20.792,22.4375
2026-05-24 05:49:26.698,22.375
2026-05-24 05:49:32.604,22.375
2026-05-24 05:49:38.510,22.375
2026-05-24 05:49:44.417,22.375
2026-05-24 05:49:50.320,22.375
2026-05-24 05:49:56.224,22.375
2026-05-24 05:50:02.127,22.375
2026-05-24 05:50:08.031,22.4375
2026-05-24 05:50:13.938,22.375
2026-05-24 05:50:19.844,22.375
2026-05-24 05:50:25.747,22.375
2026-05-24 05:50:31.653,22.375
2026-05-24 05:50:37.557,22.375
2026-05-24 05:50:43.463,22.375
2026-05-24 05:50:49.367,22.375
2026-05-24 05:50:55.270,22.4375
2026-05-24 05:51:01.174,22.375
2026-05-24 05:51:07.078,22.375
2026-05-24 05:51:12.982,22.375
2026-05-24 05:51:18.886,22.375
2026-05-24 05:51:24.790,22.375
2026-05-24 05:51:30.693,22.375
2026-05-24 05:51:36.599,22.375
2026-05-24 05:51:42.505,22.375
2026-05-24 05:51:48.409,22.375
2026-05-24 05:51:54.317,22.4375
2026-05-24 05:52:00.220,22.4375
2026-05-24 05:52:06.125,22.4375
2026-05-24 05:52:12.029,22.375
2026-05-24 05:52:17.932,22.375
2026-05-24 05:52:23.838,22.375
2026-05-24 05:52:29.742,22.375
2026-05-24 05:52:35.649,22.375
2026-05-24 05:52:41.555,22.375
2026-05-24 05:52:47.460,22.375
2026-05-24 05:52:53.366,22.4375
2026-05-24 05:52:59.272,22.4375
2026-05-24 05:53:05.177,22.375
2026-05-24 05:53:11.081,22.375
2026-05-24 05:53:16.987,22.375
2026-05-24 05:53:22.893,22.375
2026-05-24 05:53:28.798,22.375
2026-05-24 05:53:34.705,22.375
2026-05-24 05:53:40.609,22.375
2026-05-24 05:53:46.515,22.375
2026-05-24 05:53:52.418,22.375
2026-05-24 05:53:58.324,22.375
2026-05-24 05:54:04.231,22.375
2026-05-24 05:54:10.137,22.375
2026-05-24 05:54:16.043,22.375
2026-05-24 05:54:21.946,22.375
2026-05-24 05:54:27.850,22.375
2026-05-24 05:54:33.754,22.375
2026-05-24 05:54:39.660,22.375
2026-05-24 05:54:45.566,22.375
2026-05-24 05:54:51.470,22.375
2026-05-24 05:54:57.377,22.375
2026-05-24 05:55:03.284,22.375
2026-05-24 05:55:09.188,22.375
2026-05-24 05:55:15.092,22.375
2026-05-24 05:55:20.996,22.375
2026-05-24 05:55:26.900,22.375
2026-05-24 05:55:32.804,22.375
2026-05-24 05:55:38.708,22.375
2026-05-24 05:55:44.614,22.375
2026-05-24 05:55:50.519,22.375
2026-05-24 05:55:56.428,22.375
2026-05-24 05:56:02.334,22.375
2026-05-24 05:56:08.237,22.375
2026-05-24 05:56:14.141,22.375
2026-05-24 05:56:20.047,22.375
2026-05-24 05:56:25.951,22.375
2026-05-24 05:56:31.855,22.375
2026-05-24 05:56:37.761,22.375
2026-05-24 05:56:43.667,22.375
2026-05-24 05:56:49.570,22.375
2026-05-24 05:56:55.477,22.375
2026-05-24 05:57:01.383,22.375
2026-05-24 05:57:07.289,22.375
2026-05-24 05:57:13.193,22.375
2026-05-24 05:57:19.099,22.375
2026-05-24 05:57:25.005,22.375
2026-05-24 05:57:30.911,22.375
2026-05-24 05:57:36.815,22.375
2026-05-24 05:57:42.721,22.375
2026-05-24 05:57:48.625,22.375
2026-05-24 05:57:54.529,22.375
2026-05-24 05:58:00.433,22.375
2026-05-24 05:58:06.336,22.375
2026-05-24 05:58:12.242,22.375
2026-05-24 05:58:18.149,22.375
2026-05-24 05:58:24.054,22.375
2026-05-24 05:58:29.960,22.375
2026-05-24 05:58:35.865,22.3125
2026-05-24 05:58:41.769,22.4375
2026-05-24 05:58:47.674,22.375
2026-05-24 05:58:53.578,22.375
2026-05-24 05:58:59.481,22.375
2026-05-24 05:59:05.385,22.375
2026-05-24 05:59:11.291,22.4375
2026-05-24 05:59:17.198,22.3125
2026-05-24 05:59:23.103,22.375
2026-05-24 05:59:29.007,22.375
2026-05-24 05:59:34.913,22.375
2026-05-24 05:59:40.816,22.375
2026-05-24 05:59:46.721,22.375
2026-05-24 05:59:52.625,22.375
2026-05-24 05:59:58.530,22.375
2026-05-24 06:00:04.436,22.375
2026-05-24 06:00:10.342,22.375
2026-05-24 06:00:16.249,22.4375
2026-05-24 06:00:22.152,22.4375
2026-05-24 06:00:28.056,22.375
2026-05-24 06:00:33.962,22.375
2026-05-24 06:00:39.868,22.375
2026-05-24 06:00:45.775,22.4375
2026-05-24 06:00:51.681,22.375
2026-05-24 06:00:57.584,22.375
2026-05-24 06:01:03.488,22.375
2026-05-24 06:01:09.392,22.375
2026-05-24 06:01:15.298,22.375
2026-05-24 06:01:21.204,22.375
2026-05-24 06:01:27.110,22.375
2026-05-24 06:01:33.016,22.375
2026-05-24 06:01:38.920,22.375
2026-05-24 06:01:44.824,22.375
2026-05-24 06:01:50.730,22.375
2026-05-24 06:01:56.633,22.375
2026-05-24 06:02:02.539,22.4375
2026-05-24 06:02:08.446,22.375
2026-05-24 06:02:14.349,22.375
2026-05-24 06:02:20.253,22.375
2026-05-24 06:02:26.157,22.375
2026-05-24 06:02:32.061,22.375
2026-05-24 06:02:37.968,22.375
2026-05-24 06:02:43.873,22.4375
2026-05-24 06:02:49.779,22.4375
2026-05-24 06:02:55.683,22.375
2026-05-24 06:03:01.587,22.375
2026-05-24 06:03:07.491,22.375
2026-05-24 06:03:13.395,22.375
2026-05-24 06:03:19.298,22.375
2026-05-24 06:03:25.204,22.375
2026-05-24 06:03:31.108,22.375
2026-05-24 06:03:37.015,22.375
2026-05-24 06:03:42.920,22.375
2026-05-24 06:03:48.826,22.4375
2026-05-24 06:03:54.730,22.375
2026-05-24 06:04:00.636,22.375
2026-05-24 06:04:06.540,22.375
2026-05-24 06:04:12.444,22.4375
2026-05-24 06:04:18.347,22.375
2026-05-24 06:04:24.251,22.375
2026-05-24 06:04:30.156,22.375
2026-05-24 06:04:36.059,22.375
2026-05-24 06:04:41.963,22.375
2026-05-24 06:04:47.867,22.375
2026-05-24 06:04:53.770,22.375
2026-05-24 06:04:59.677,22.375
2026-05-24 06:05:05.580,22.375
2026-05-24 06:05:11.484,22.375
2026-05-24 06:05:17.389,22.375
2026-05-24 06:05:23.295,22.375
2026-05-24 06:05:29.200,22.375
2026-05-24 06:05:35.106,22.375
2026-05-24 06:05:41.009,22.375
2026-05-24 06:05:46.915,22.375
2026-05-24 06:05:52.819,22.375
2026-05-24 06:05:58.723,22.375
2026-05-24 06:06:04.629,22.375
2026-05-24 06:06:10.535,22.4375
2026-05-24 06:06:16.441,22.375
2026-05-24 06:06:22.347,22.375
2026-05-24 06:06:28.253,22.375
2026-05-24 06:06:34.159,22.375
2026-05-24 06:06:40.065,22.375
2026-05-24 06:06:45.971,22.375
2026-05-24 06:06:51.877,22.375
2026-05-24 06:06:57.781,22.4375
2026-05-24 06:07:03.685,22.375
2026-05-24 06:07:09.588,22.4375
2026-05-24 06:07:15.492,22.375
2026-05-24 06:07:21.397,22.375
2026-05-24 06:07:27.300,22.375
2026-05-24 06:07:33.204,22.375
2026-05-24 06:07:39.110,22.375
2026-05-24 06:07:45.013,22.375
2026-05-24 06:07:50.920,22.375
2026-05-24 06:07:56.824,22.375
2026-05-24 06:08:02.730,22.4375
2026-05-24 06:08:08.635,22.375
2026-05-24 06:08:14.539,22.375
2026-05-24 06:08:20.446,22.375
2026-05-24 06:08:26.349,22.4375
2026-05-24 06:08:32.253,22.375
2026-05-24 06:08:38.157,22.375
2026-05-24 06:08:44.060,22.375
2026-05-24 06:08:49.965,22.375
2026-05-24 06:08:55.869,22.4375
2026-05-24 06:09:01.775,22.375
2026-05-24 06:09:07.680,22.4375
2026-05-24 06:09:13.586,22.375
2026-05-24 06:09:19.490,22.375
2026-05-24 06:09:25.396,22.375
2026-05-24 06:09:31.300,22.375
2026-05-24 06:09:37.203,22.375
2026-05-24 06:09:43.108,22.375
2026-05-24 06:09:49.012,22.4375
2026-05-24 06:09:54.915,22.375
2026-05-24 06:10:00.819,22.4375
2026-05-24 06:10:06.725,22.4375
2026-05-24 06:10:12.629,22.375
2026-05-24 06:10:18.537,22.375
2026-05-24 06:10:24.443,22.375
2026-05-24 06:10:30.349,22.4375
2026-05-24 06:10:36.255,22.4375
2026-05-24 06:10:42.161,22.375
2026-05-24 06:10:48.065,22.375
2026-05-24 06:10:53.969,22.375
2026-05-24 06:10:59.872,22.375
2026-05-24 06:11:05.778,22.4375
2026-05-24 06:11:11.683,22.375
2026-05-24 06:11:17.586,22.375
2026-05-24 06:11:23.490,22.4375
2026-05-24 06:11:29.394,22.375
2026-05-24 06:11:35.300,22.4375
2026-05-24 06:11:41.207,22.4375
2026-05-24 06:11:47.110,22.375
2026-05-24 06:11:53.016,22.375
2026-05-24 06:11:58.922,22.375
2026-05-24 06:12:04.827,22.375
2026-05-24 06:12:10.732,22.375
2026-05-24 06:12:16.636,22.375
2026-05-24 06:12:22.542,22.375
2026-05-24 06:12:28.448,22.375
2026-05-24 06:12:34.354,22.4375
2026-05-24 06:12:40.260,22.375
2026-05-24 06:12:46.166,22.375
2026-05-24 06:12:52.069,22.375
2026-05-24 06:12:57.973,22.4375
2026-05-24 06:13:03.878,22.375
2026-05-24 06:13:09.781,22.375
2026-05-24 06:13:15.685,22.375
2026-05-24 06:13:21.591,22.375
2026-05-24 06:13:27.497,22.375
2026-05-24 06:13:33.404,22.375
2026-05-24 06:13:39.307,22.375
2026-05-24 06:13:45.213,22.4375
2026-05-24 06:13:51.119,22.4375
2026-05-24 06:13:57.025,22.4375
2026-05-24 06:14:02.929,22.375
2026-05-24 06:14:08.833,22.4375
2026-05-24 06:14:14.739,22.375
2026-05-24 06:14:20.645,22.375
2026-05-24 06:14:26.551,22.375
2026-05-24 06:14:32.458,22.4375
2026-05-24 06:14:38.363,22.375
2026-05-24 06:14:44.269,22.375
2026-05-24 06:14:50.173,22.375
2026-05-24 06:14:56.077,22.375
2026-05-24 06:15:01.981,22.375
2026-05-24 06:15:07.885,22.375
2026-05-24 06:15:13.791,22.4375
2026-05-24 06:15:19.697,22.375
2026-05-24 06:15:25.600,22.375
2026-05-24 06:15:31.505,22.4375
2026-05-24 06:15:37.409,22.375
2026-05-24 06:15:43.312,22.375
2026-05-24 06:15:49.216,22.4375
2026-05-24 06:15:55.123,22.375
2026-05-24 06:16:01.029,22.375
2026-05-24 06:16:06.935,22.375
2026-05-24 06:16:12.838,22.375
2026-05-24 06:16:18.742,22.375
2026-05-24 06:16:24.646,22.375
2026-05-24 06:16:30.552,22.4375
2026-05-24 06:16:36.458,22.375
2026-05-24 06:16:42.362,22.4375
2026-05-24 06:16:48.265,22.4375
2026-05-24 06:16:54.170,22.4375
2026-05-24 06:17:00.074,22.375
2026-05-24 06:17:05.979,22.375
2026-05-24 06:17:11.885,22.375
2026-05-24 06:17:17.789,22.375
2026-05-24 06:17:23.696,22.375
2026-05-24 06:17:29.599,22.4375
2026-05-24 06:17:35.505,22.375
2026-05-24 06:17:41.411,22.375
2026-05-24 06:17:47.314,22.375
2026-05-24 06:17:53.219,22.4375
2026-05-24 06:17:59.122,22.375
2026-05-24 06:18:05.028,22.4375
2026-05-24 06:18:10.934,22.375
2026-05-24 06:18:16.840,22.4375
2026-05-24 06:18:22.745,22.4375
2026-05-24 06:18:28.648,22.375
2026-05-24 06:18:34.552,22.375
2026-05-24 06:18:40.456,22.375
2026-05-24 06:18:46.361,22.4375
2026-05-24 06:18:52.267,22.375
2026-05-24 06:18:58.172,22.375
2026-05-24 06:19:04.078,22.375
2026-05-24 06:19:09.984,22.4375
2026-05-24 06:19:15.891,22.375
2026-05-24 06:19:21.795,22.375
2026-05-24 06:19:27.700,22.375
2026-05-24 06:19:33.604,22.375
2026-05-24 06:19:39.507,22.375
2026-05-24 06:19:45.412,22.375
2026-05-24 06:19:51.318,22.4375
2026-05-24 06:19:57.221,22.4375
2026-05-24 06:20:03.127,22.4375
2026-05-24 06:20:09.033,22.375
2026-05-24 06:20:14.940,22.4375
2026-05-24 06:20:20.846,22.375
2026-05-24 06:20:26.751,22.375
2026-05-24 06:20:32.657,22.4375
2026-05-24 06:20:38.563,22.375
2026-05-24 06:20:44.470,22.4375
2026-05-24 06:20:50.376,22.4375
2026-05-24 06:20:56.280,22.375
2026-05-24 06:21:02.183,22.375
2026-05-24 06:21:08.089,22.4375
2026-05-24 06:21:13.996,22.375
2026-05-24 06:21:19.902,22.4375
2026-05-24 06:21:25.808,22.4375
2026-05-24 06:21:31.713,22.375
2026-05-24 06:21:37.618,22.375
2026-05-24 06:21:43.521,22.375
2026-05-24 06:21:49.425,22.375
2026-05-24 06:21:55.331,22.4375
2026-05-24 06:22:01.237,22.375
2026-05-24 06:22:07.144,22.4375
2026-05-24 06:22:13.047,22.375
2026-05-24 06:22:18.953,22.4375
2026-05-24 06:22:24.859,22.375
2026-05-24 06:22:30.762,22.4375
2026-05-24 06:22:36.669,22.375
2026-05-24 06:22:42.575,22.4375
2026-05-24 06:22:48.481,22.375
2026-05-24 06:22:54.384,22.375
2026-05-24 06:23:00.288,22.4375
2026-05-24 06:23:06.193,22.375
2026-05-24 06:23:12.096,22.4375
2026-05-24 06:23:18.000,22.375
2026-05-24 06:23:23.906,22.375
2026-05-24 06:23:29.809,22.4375
2026-05-24 06:23:35.716,22.4375
2026-05-24 06:23:41.619,22.4375
2026-05-24 06:23:47.525,22.375
2026-05-24 06:23:53.431,22.4375
2026-05-24 06:23:59.337,22.4375
2026-05-24 06:24:05.243,22.375
2026-05-24 06:24:11.149,22.375
2026-05-24 06:24:17.055,22.4375
2026-05-24 06:24:22.961,22.375
2026-05-24 06:24:28.866,22.375
2026-05-24 06:24:34.769,22.375
2026-05-24 06:24:40.675,22.375
2026-05-24 06:24:46.581,22.4375
2026-05-24 06:24:52.486,22.375
2026-05-24 06:24:58.393,22.4375
2026-05-24 06:25:04.297,22.375
2026-05-24 06:25:10.201,22.375
2026-05-24 06:25:16.104,22.375
2026-05-24 06:25:22.008,22.375
2026-05-24 06:25:27.912,22.4375
2026-05-24 06:25:33.818,22.375
2026-05-24 06:25:39.722,22.375
2026-05-24 06:25:45.625,22.375
2026-05-24 06:25:51.529,22.4375
2026-05-24 06:25:57.434,22.375
2026-05-24 06:26:03.337,22.375
2026-05-24 06:26:09.243,22.4375
2026-05-24 06:26:15.149,22.4375
2026-05-24 06:26:21.053,22.375
2026-05-24 06:26:26.957,22.4375
2026-05-24 06:26:32.861,22.4375
2026-05-24 06:26:38.767,22.375
2026-05-24 06:26:44.675,22.375
2026-05-24 06:26:50.580,22.4375
2026-05-24 06:26:56.487,22.375
2026-05-24 06:27:02.393,22.4375
2026-05-24 06:27:08.296,22.4375
2026-05-24 06:27:14.200,22.4375
2026-05-24 06:27:20.105,22.4375
2026-05-24 06:27:26.008,22.375
2026-05-24 06:27:31.914,22.375
2026-05-24 06:27:37.820,22.4375
2026-05-24 06:27:43.726,22.4375
2026-05-24 06:27:49.630,22.375
2026-05-24 06:27:55.534,22.375
2026-05-24 06:28:01.438,22.4375
2026-05-24 06:28:07.341,22.4375
2026-05-24 06:28:13.245,22.4375
2026-05-24 06:28:19.149,22.4375
2026-05-24 06:28:25.053,22.4375
2026-05-24 06:28:30.959,22.375
2026-05-24 06:28:36.865,22.4375
2026-05-24 06:28:42.771,22.4375
2026-05-24 06:28:48.677,22.375
2026-05-24 06:28:54.583,22.375
2026-05-24 06:29:00.489,22.375
2026-05-24 06:29:06.393,22.4375
2026-05-24 06:29:12.296,22.4375
2026-05-24 06:29:18.201,22.4375
2026-05-24 06:29:24.104,22.4375
2026-05-24 06:29:30.008,22.375
2026-05-24 06:29:35.912,22.375
2026-05-24 06:29:41.815,22.375
2026-05-24 06:29:47.722,22.4375
2026-05-24 06:29:53.628,22.4375
2026-05-24 06:29:59.534,22.4375
2026-05-24 06:30:05.440,22.4375
2026-05-24 06:30:11.346,22.4375
2026-05-24 06:30:17.250,22.4375
2026-05-24 06:30:23.154,22.4375
2026-05-24 06:30:29.060,22.4375
2026-05-24 06:30:34.965,22.375
2026-05-24 06:30:40.870,22.4375
2026-05-24 06:30:46.773,22.4375
2026-05-24 06:30:52.677,22.4375
2026-05-24 06:30:58.583,22.4375
2026-05-24 06:31:04.489,22.4375
2026-05-24 06:31:10.393,22.4375
2026-05-24 06:31:16.297,22.4375
2026-05-24 06:31:22.201,22.4375
2026-05-24 06:31:28.106,22.4375
2026-05-24 06:31:34.010,22.4375
2026-05-24 06:31:39.914,22.4375
2026-05-24 06:31:45.819,22.4375
2026-05-24 06:31:51.725,22.4375
2026-05-24 06:31:57.628,22.4375
2026-05-24 06:32:03.532,22.4375
2026-05-24 06:32:09.436,22.4375
2026-05-24 06:32:15.340,22.4375
2026-05-24 06:32:21.244,22.4375
2026-05-24 06:32:27.147,22.4375
2026-05-24 06:32:33.051,22.4375
2026-05-24 06:32:38.957,22.4375
2026-05-24 06:32:44.863,22.4375
2026-05-24 06:32:50.769,22.4375
2026-05-24 06:32:56.675,22.375
2026-05-24 06:33:02.580,22.4375
2026-05-24 06:33:08.485,22.4375
2026-05-24 06:33:14.389,22.4375
2026-05-24 06:33:20.292,22.4375
2026-05-24 06:33:26.196,22.4375
2026-05-24 06:33:32.101,22.4375
2026-05-24 06:33:38.006,22.4375
2026-05-24 06:33:43.910,22.375
2026-05-24 06:33:49.814,22.4375
2026-05-24 06:33:55.720,22.4375
2026-05-24 06:34:01.624,22.4375
2026-05-24 06:34:07.530,22.4375
2026-05-24 06:34:13.436,22.4375
2026-05-24 06:34:19.342,22.375
2026-05-24 06:34:25.245,22.4375
2026-05-24 06:34:31.150,22.4375
2026-05-24 06:34:37.054,22.4375
2026-05-24 06:34:42.957,22.4375
2026-05-24 06:34:48.861,22.375
2026-05-24 06:34:54.766,22.4375
2026-05-24 06:35:00.673,22.4375
2026-05-24 06:35:06.577,22.4375
2026-05-24 06:35:12.483,22.4375
2026-05-24 06:35:18.388,22.4375
2026-05-24 06:35:24.292,22.4375
2026-05-24 06:35:30.197,22.375
2026-05-24 06:35:36.100,22.375
2026-05-24 06:35:42.006,22.4375
2026-05-24 06:35:47.909,22.4375
2026-05-24 06:35:53.815,22.4375
2026-05-24 06:35:59.722,22.4375
2026-05-24 06:36:05.626,22.4375
2026-05-24 06:36:11.529,22.4375
2026-05-24 06:36:17.433,22.5
2026-05-24 06:36:23.338,22.4375
2026-05-24 06:36:29.241,22.4375
2026-05-24 06:36:35.147,22.375
2026-05-24 06:36:41.053,22.4375
2026-05-24 06:36:46.957,22.4375
2026-05-24 06:36:52.864,22.375
2026-05-24 06:36:58.769,22.4375
2026-05-24 06:37:04.672,22.375
2026-05-24 06:37:10.576,22.375
2026-05-24 06:37:16.480,22.4375
2026-05-24 06:37:22.385,22.4375
2026-05-24 06:37:28.288,22.4375
2026-05-24 06:37:34.192,22.4375
2026-05-24 06:37:40.095,22.4375
2026-05-24 06:37:45.999,22.4375
2026-05-24 06:37:51.906,22.4375
2026-05-24 06:37:57.812,22.4375
2026-05-24 06:38:03.720,22.4375
2026-05-24 06:38:09.623,22.4375
2026-05-24 06:38:15.527,22.375
2026-05-24 06:38:21.432,22.4375
2026-05-24 06:38:27.335,22.4375
2026-05-24 06:38:33.241,22.4375
2026-05-24 06:38:39.147,22.375
2026-05-24 06:38:45.053,22.4375
2026-05-24 06:38:50.959,22.4375
2026-05-24 06:38:56.865,22.4375
2026-05-24 06:39:02.769,22.4375
2026-05-24 06:39:08.672,22.4375
2026-05-24 06:39:14.577,22.4375
2026-05-24 06:39:20.483,22.5
2026-05-24 06:39:26.387,22.4375
2026-05-24 06:39:32.292,22.4375
2026-05-24 06:39:38.198,22.375
2026-05-24 06:39:44.107,22.4375
2026-05-24 06:39:50.013,22.4375
2026-05-24 06:39:55.920,22.4375
2026-05-24 06:40:01.825,22.4375
2026-05-24 06:40:07.729,22.4375
2026-05-24 06:40:13.634,22.4375
2026-05-24 06:40:19.537,22.4375
2026-05-24 06:40:25.441,22.4375
2026-05-24 06:40:31.345,22.4375
2026-05-24 06:40:37.249,22.4375
2026-05-24 06:40:43.153,22.4375
2026-05-24 06:40:49.057,22.4375
2026-05-24 06:40:54.963,22.4375
2026-05-24 06:41:00.866,22.4375
2026-05-24 06:41:06.773,22.4375
2026-05-24 06:41:12.679,22.4375
2026-05-24 06:41:18.585,22.4375
2026-05-24 06:41:24.491,22.4375
2026-05-24 06:41:30.394,22.375
2026-05-24 06:41:36.298,22.4375
2026-05-24 06:41:42.203,22.4375
2026-05-24 06:41:48.106,22.4375
2026-05-24 06:41:54.010,22.4375
2026-05-24 06:41:59.916,22.4375
2026-05-24 06:42:05.820,22.4375
2026-05-24 06:42:11.724,22.4375
2026-05-24 06:42:17.630,22.4375
2026-05-24 06:42:23.533,22.4375
2026-05-24 06:42:29.441,22.4375
2026-05-24 06:42:35.346,22.4375
2026-05-24 06:42:41.251,22.4375
2026-05-24 06:42:47.155,22.4375
2026-05-24 06:42:53.058,22.4375
2026-05-24 06:42:58.962,22.4375
2026-05-24 06:43:04.867,22.4375
2026-05-24 06:43:10.770,22.4375
2026-05-24 06:43:16.674,22.4375
2026-05-24 06:43:22.578,22.4375
2026-05-24 06:43:28.484,22.4375
2026-05-24 06:43:34.388,22.4375
2026-05-24 06:43:40.294,22.4375
2026-05-24 06:43:46.200,22.4375
2026-05-24 06:43:52.106,22.4375
2026-05-24 06:43:58.009,22.4375
2026-05-24 06:44:03.916,22.4375
2026-05-24 06:44:09.820,22.4375
2026-05-24 06:44:15.726,22.4375
2026-05-24 06:44:21.630,22.4375
2026-05-24 06:44:27.535,22.4375
2026-05-24 06:44:33.440,22.4375
2026-05-24 06:44:39.345,22.4375
2026-05-24 06:44:45.251,22.4375
2026-05-24 06:44:51.154,22.4375
2026-05-24 06:44:57.058,22.4375
2026-05-24 06:45:02.965,22.4375
2026-05-24 06:45:08.871,22.4375
2026-05-24 06:45:14.777,22.4375
2026-05-24 06:45:20.683,22.375
2026-05-24 06:45:26.587,22.4375
2026-05-24 06:45:32.491,22.4375
2026-05-24 06:45:38.394,22.375
2026-05-24 06:45:44.300,22.4375
2026-05-24 06:45:50.206,22.4375
2026-05-24 06:45:56.110,22.4375
2026-05-24 06:46:02.014,22.4375
2026-05-24 06:46:07.920,22.4375
2026-05-24 06:46:13.825,22.375
2026-05-24 06:46:19.731,22.4375
2026-05-24 06:46:25.638,22.4375
2026-05-24 06:46:31.544,22.4375
2026-05-24 06:46:37.452,22.4375
2026-05-24 06:46:43.357,22.4375
2026-05-24 06:46:49.263,22.4375
2026-05-24 06:46:55.170,22.375
2026-05-24 06:47:01.073,22.4375
2026-05-24 06:47:06.977,22.4375
2026-05-24 06:47:12.883,22.4375
2026-05-24 06:47:18.789,22.375
2026-05-24 06:47:24.694,22.4375
2026-05-24 06:47:30.600,22.4375
2026-05-24 06:47:36.503,22.4375
2026-05-24 06:47:42.407,22.4375
2026-05-24 06:47:48.311,22.4375
2026-05-24 06:47:54.215,22.4375
2026-05-24 06:48:00.119,22.4375
2026-05-24 06:48:06.023,22.4375
2026-05-24 06:48:11.929,22.4375
2026-05-24 06:48:17.835,22.4375
2026-05-24 06:48:23.739,22.4375
2026-05-24 06:48:29.645,22.4375
2026-05-24 06:48:35.551,22.4375
2026-05-24 06:48:41.454,22.4375
2026-05-24 06:48:47.361,22.4375
2026-05-24 06:48:53.265,22.4375
2026-05-24 06:48:59.168,22.4375
2026-05-24 06:49:05.072,22.4375
2026-05-24 06:49:10.978,22.4375
2026-05-24 06:49:16.885,22.4375
2026-05-24 06:49:22.788,22.4375
2026-05-24 06:49:28.692,22.4375
2026-05-24 06:49:34.596,22.4375
2026-05-24 06:49:40.500,22.375
2026-05-24 06:49:46.404,22.4375
2026-05-24 06:49:52.308,22.4375
2026-05-24 06:49:58.212,22.4375
2026-05-24 06:50:04.115,22.4375
2026-05-24 06:50:10.021,22.4375
2026-05-24 06:50:15.926,22.4375
2026-05-24 06:50:21.832,22.4375
2026-05-24 06:50:27.737,22.4375
2026-05-24 06:50:33.643,22.4375
2026-05-24 06:50:39.549,22.375
2026-05-24 06:50:45.458,22.4375
2026-05-24 06:50:51.364,22.4375
2026-05-24 06:50:57.270,22.4375
2026-05-24 06:51:03.175,22.4375
2026-05-24 06:51:09.080,22.4375
2026-05-24 06:51:14.984,22.4375
2026-05-24 06:51:20.887,22.4375
2026-05-24 06:51:26.791,22.4375
2026-05-24 06:51:32.694,22.4375
2026-05-24 06:51:38.599,22.4375
2026-05-24 06:51:44.505,22.4375
2026-05-24 06:51:50.411,22.4375
2026-05-24 06:51:56.317,22.4375
2026-05-24 06:52:02.223,22.4375
2026-05-24 06:52:08.130,22.4375
2026-05-24 06:52:14.035,22.4375
2026-05-24 06:52:19.939,22.4375
2026-05-24 06:52:25.845,22.4375
2026-05-24 06:52:31.749,22.4375
2026-05-24 06:52:37.656,22.4375
2026-05-24 06:52:43.561,22.4375
2026-05-24 06:52:49.465,22.4375
2026-05-24 06:52:55.369,22.4375
2026-05-24 06:53:01.272,22.4375
2026-05-24 06:53:07.177,22.4375
2026-05-24 06:53:13.081,22.4375
2026-05-24 06:53:18.984,22.4375
2026-05-24 06:53:24.888,22.4375
2026-05-24 06:53:30.792,22.4375
2026-05-24 06:53:36.696,22.4375
2026-05-24 06:53:42.600,22.4375
2026-05-24 06:53:48.504,22.4375
2026-05-24 06:53:54.410,22.4375
2026-05-24 06:54:00.317,22.4375
2026-05-24 06:54:06.222,22.4375
2026-05-24 06:54:12.126,22.375
2026-05-24 06:54:18.032,22.4375
2026-05-24 06:54:23.938,22.4375
2026-05-24 06:54:29.845,22.4375
2026-05-24 06:54:35.751,22.4375
2026-05-24 06:54:41.654,22.4375
2026-05-24 06:54:47.558,22.4375
2026-05-24 06:54:53.461,22.4375
2026-05-24 06:54:59.366,22.4375
2026-05-24 06:55:05.272,22.4375
2026-05-24 06:55:11.176,22.4375
2026-05-24 06:55:17.079,22.4375
2026-05-24 06:55:22.983,22.375
2026-05-24 06:55:28.888,22.4375
2026-05-24 06:55:34.791,22.4375
2026-05-24 06:55:40.695,22.4375
2026-05-24 06:55:46.599,22.4375
2026-05-24 06:55:52.502,22.4375
2026-05-24 06:55:58.407,22.4375
2026-05-24 06:56:04.313,22.4375
2026-05-24 06:56:10.219,22.4375
2026-05-24 06:56:16.122,22.4375
2026-05-24 06:56:22.026,22.375
2026-05-24 06:56:27.931,22.4375
2026-05-24 06:56:33.834,22.4375
2026-05-24 06:56:39.740,22.4375
2026-05-24 06:56:45.643,22.4375
2026-05-24 06:56:51.550,22.4375
2026-05-24 06:56:57.456,22.4375
2026-05-24 06:57:03.362,22.4375
2026-05-24 06:57:09.268,22.4375
2026-05-24 06:57:15.173,22.4375
2026-05-24 06:57:21.080,22.4375
2026-05-24 06:57:26.986,22.4375
2026-05-24 06:57:32.892,22.4375
2026-05-24 06:57:38.795,22.4375
2026-05-24 06:57:44.701,22.4375
2026-05-24 06:57:50.607,22.5
2026-05-24 06:57:56.510,22.4375
2026-05-24 06:58:02.414,22.5
2026-05-24 06:58:08.318,22.4375
2026-05-24 06:58:14.224,22.4375
2026-05-24 06:58:20.131,22.5
2026-05-24 06:58:26.037,22.5
2026-05-24 06:58:31.942,22.4375
2026-05-24 06:58:37.848,22.5
2026-05-24 06:58:43.752,22.4375
2026-05-24 06:58:49.657,22.4375
2026-05-24 06:58:55.560,22.4375
2026-05-24 06:59:01.464,22.4375
2026-05-24 06:59:07.368,22.4375
2026-05-24 06:59:13.271,22.4375
2026-05-24 06:59:19.178,22.4375
2026-05-24 06:59:25.084,22.4375
2026-05-24 06:59:30.990,22.5
2026-05-24 06:59:36.895,22.4375
2026-05-24 06:59:42.801,22.5
2026-05-24 06:59:48.708,22.4375
2026-05-24 06:59:54.611,22.4375
2026-05-24 07:00:00.515,22.4375
2026-05-24 07:00:06.421,22.5
2026-05-24 07:00:12.328,22.4375
2026-05-24 07:00:18.234,22.4375
2026-05-24 07:00:24.139,22.4375
2026-05-24 07:00:30.045,22.4375
2026-05-24 07:00:35.951,22.5
2026-05-24 07:00:41.856,22.4375
2026-05-24 07:00:47.760,22.4375
2026-05-24 07:00:53.663,22.4375
2026-05-24 07:00:59.567,22.4375
2026-05-24 07:01:05.471,22.4375
2026-05-24 07:01:11.375,22.4375
2026-05-24 07:01:17.279,22.5
2026-05-24 07:01:23.185,22.5
2026-05-24 07:01:29.091,22.4375
2026-05-24 07:01:34.994,22.4375
2026-05-24 07:01:40.899,22.5
2026-05-24 07:01:46.803,22.5
2026-05-24 07:01:52.709,22.4375
2026-05-24 07:01:58.615,22.4375
2026-05-24 07:02:04.520,22.5
2026-05-24 07:02:10.425,22.5
2026-05-24 07:02:16.329,22.5
2026-05-24 07:02:22.232,22.4375
2026-05-24 07:02:28.136,22.4375
2026-05-24 07:02:34.040,22.4375
2026-05-24 07:02:39.944,22.5
2026-05-24 07:02:45.848,22.5
2026-05-24 07:02:51.753,22.4375
2026-05-24 07:02:57.657,22.4375
2026-05-24 07:03:03.562,22.4375
2026-05-24 07:03:09.465,22.4375
2026-05-24 07:03:15.371,22.5
2026-05-24 07:03:21.277,22.5
2026-05-24 07:03:27.183,22.5
2026-05-24 07:03:33.090,22.4375
2026-05-24 07:03:38.993,22.4375
2026-05-24 07:03:44.899,22.4375
2026-05-24 07:03:50.805,22.4375
2026-05-24 07:03:56.709,22.4375
2026-05-24 07:04:02.613,22.4375
2026-05-24 07:04:08.517,22.4375
2026-05-24 07:04:14.421,22.4375
2026-05-24 07:04:20.324,22.4375
2026-05-24 07:04:26.230,22.4375
2026-05-24 07:04:32.137,22.4375
2026-05-24 07:04:38.041,22.4375
2026-05-24 07:04:43.947,22.5
2026-05-24 07:04:49.850,22.4375
2026-05-24 07:04:55.754,22.4375
2026-05-24 07:05:01.659,22.4375
2026-05-24 07:05:07.562,22.4375
2026-05-24 07:05:13.468,22.5
2026-05-24 07:05:19.374,22.4375
2026-05-24 07:05:25.280,22.4375
2026-05-24 07:05:31.187,22.4375
2026-05-24 07:05:37.093,22.4375
2026-05-24 07:05:42.999,22.4375
2026-05-24 07:05:48.902,22.5
2026-05-24 07:05:54.807,22.4375
2026-05-24 07:06:00.710,22.5
2026-05-24 07:06:06.614,22.4375
2026-05-24 07:06:12.520,22.5
2026-05-24 07:06:18.423,22.4375
2026-05-24 07:06:24.328,22.4375
2026-05-24 07:06:30.232,22.4375
2026-05-24 07:06:36.135,22.4375
2026-05-24 07:06:42.039,22.4375
2026-05-24 07:06:47.942,22.4375
2026-05-24 07:06:53.847,22.4375
2026-05-24 07:06:59.753,22.4375
2026-05-24 07:07:05.659,22.4375
2026-05-24 07:07:11.563,22.4375
2026-05-24 07:07:17.469,22.4375
2026-05-24 07:07:23.373,22.4375
2026-05-24 07:07:29.277,22.4375
2026-05-24 07:07:35.180,22.5
2026-05-24 07:07:41.084,22.4375
2026-05-24 07:07:46.989,22.4375
2026-05-24 07:07:52.894,22.4375
2026-05-24 07:07:58.800,22.4375
2026-05-24 07:08:04.705,22.4375
2026-05-24 07:08:10.611,22.4375
2026-05-24 07:08:16.515,22.4375
2026-05-24 07:08:22.420,22.4375
2026-05-24 07:08:28.323,22.4375
2026-05-24 07:08:34.227,22.4375
2026-05-24 07:08:40.131,22.4375
2026-05-24 07:08:46.038,22.4375
2026-05-24 07:08:51.943,22.5
2026-05-24 07:08:57.847,22.4375
2026-05-24 07:09:03.752,22.5
2026-05-24 07:09:09.656,22.4375
2026-05-24 07:09:15.561,22.4375
2026-05-24 07:09:21.464,22.5
2026-05-24 07:09:27.368,22.5
2026-05-24 07:09:33.274,22.5
2026-05-24 07:09:39.180,22.5
2026-05-24 07:09:45.087,22.5
2026-05-24 07:09:50.993,22.5
2026-05-24 07:09:56.896,22.4375
2026-05-24 07:10:02.800,22.4375
2026-05-24 07:10:08.703,22.5
2026-05-24 07:10:14.610,22.5
2026-05-24 07:10:20.516,22.5
2026-05-24 07:10:26.420,22.4375
2026-05-24 07:10:32.325,22.5
2026-05-24 07:10:38.229,22.5
2026-05-24 07:10:44.134,22.5
2026-05-24 07:10:50.037,22.5
2026-05-24 07:10:55.945,22.5
2026-05-24 07:11:01.849,22.5
2026-05-24 07:11:07.752,22.4375
2026-05-24 07:11:13.659,22.5
2026-05-24 07:11:19.562,22.5
2026-05-24 07:11:25.466,22.5
2026-05-24 07:11:31.370,22.5
2026-05-24 07:11:37.274,22.5
2026-05-24 07:11:43.178,22.5
2026-05-24 07:11:49.081,22.4375
2026-05-24 07:11:54.987,22.5
2026-05-24 07:12:00.891,22.5
2026-05-24 07:12:06.797,22.5
2026-05-24 07:12:12.701,22.5
2026-05-24 07:12:18.605,22.5
2026-05-24 07:12:24.510,22.5
2026-05-24 07:12:30.416,22.5
2026-05-24 07:12:36.320,22.5
2026-05-24 07:12:42.224,22.5
2026-05-24 07:12:48.128,22.4375
2026-05-24 07:12:54.031,22.4375
2026-05-24 07:12:59.937,22.5
2026-05-24 07:13:05.844,22.5
2026-05-24 07:13:11.750,22.4375
2026-05-24 07:13:17.656,22.5
2026-05-24 07:13:23.559,22.5
2026-05-24 07:13:29.463,22.5
2026-05-24 07:13:35.367,22.5
2026-05-24 07:13:41.273,22.4375
2026-05-24 07:13:47.179,22.5
2026-05-24 07:13:53.083,22.5
2026-05-24 07:13:58.986,22.5
2026-05-24 07:14:04.893,22.4375
2026-05-24 07:14:10.797,22.4375
2026-05-24 07:14:16.700,22.4375
2026-05-24 07:14:22.604,22.4375
2026-05-24 07:14:28.508,22.4375
2026-05-24 07:14:34.414,22.4375
2026-05-24 07:14:40.320,22.4375
2026-05-24 07:14:46.226,22.4375
2026-05-24 07:14:52.129,22.5
2026-05-24 07:14:58.036,22.5
2026-05-24 07:15:03.940,22.5
2026-05-24 07:15:09.843,22.4375
2026-05-24 07:15:15.747,22.4375
2026-05-24 07:15:21.651,22.5
2026-05-24 07:15:27.555,22.5
2026-05-24 07:15:33.461,22.4375
2026-05-24 07:15:39.365,22.5
2026-05-24 07:15:45.268,22.4375
2026-05-24 07:15:51.172,22.4375
2026-05-24 07:15:57.079,22.4375
2026-05-24 07:16:02.985,22.4375
2026-05-24 07:16:08.891,22.4375
2026-05-24 07:16:14.794,22.5
2026-05-24 07:16:20.698,22.5
2026-05-24 07:16:26.603,22.4375
2026-05-24 07:16:32.506,22.4375
2026-05-24 07:16:38.410,22.5
2026-05-24 07:16:44.313,22.4375
2026-05-24 07:16:50.217,22.4375
2026-05-24 07:16:56.124,22.4375
2026-05-24 07:17:02.030,22.5
2026-05-24 07:17:07.933,22.4375
2026-05-24 07:17:13.837,22.4375
2026-05-24 07:17:19.740,22.5
2026-05-24 07:17:25.645,22.4375
2026-05-24 07:17:31.549,22.4375
2026-05-24 07:17:37.452,22.4375
2026-05-24 07:17:43.358,22.5
2026-05-24 07:17:49.262,22.5
2026-05-24 07:17:55.166,22.4375
2026-05-24 07:18:01.070,22.5
2026-05-24 07:18:06.976,22.4375
2026-05-24 07:18:12.879,22.5
2026-05-24 07:18:18.784,22.4375
2026-05-24 07:18:24.687,22.4375
2026-05-24 07:18:30.591,22.5
2026-05-24 07:18:36.497,22.5
2026-05-24 07:18:42.403,22.5
2026-05-24 07:18:48.310,22.5
2026-05-24 07:18:54.215,22.4375
2026-05-24 07:19:00.118,22.5
2026-05-24 07:19:06.024,22.5
2026-05-24 07:19:11.928,22.4375
2026-05-24 07:19:17.834,22.5
2026-05-24 07:19:23.740,22.4375
2026-05-24 07:19:29.646,22.4375
2026-05-24 07:19:35.552,22.5
2026-05-24 07:19:41.455,22.5
2026-05-24 07:19:47.362,22.5
2026-05-24 07:19:53.266,22.5
2026-05-24 07:19:59.169,22.5
2026-05-24 07:20:05.073,22.5
2026-05-24 07:20:10.977,22.5
2026-05-24 07:20:16.881,22.5
2026-05-24 07:20:22.787,22.5
2026-05-24 07:20:28.693,22.5
2026-05-24 07:20:34.597,22.5
2026-05-24 07:20:40.501,22.5
2026-05-24 07:20:46.405,22.5
2026-05-24 07:20:52.311,22.5
2026-05-24 07:20:58.217,22.5
2026-05-24 07:21:04.122,22.5
2026-05-24 07:21:10.027,22.5
2026-05-24 07:21:15.931,22.5
2026-05-24 07:21:21.834,22.5
2026-05-24 07:21:27.738,22.5
2026-05-24 07:21:33.644,22.5
2026-05-24 07:21:39.548,22.5
2026-05-24 07:21:45.452,22.5
2026-05-24 07:21:51.358,22.5
2026-05-24 07:21:57.264,22.5
2026-05-24 07:22:03.170,22.5
2026-05-24 07:22:09.077,22.5
2026-05-24 07:22:14.982,22.5
2026-05-24 07:22:20.886,22.5
2026-05-24 07:22:26.792,22.5
2026-05-24 07:22:32.695,22.5
2026-05-24 07:22:38.600,22.5625
2026-05-24 07:22:44.506,22.5
2026-05-24 07:22:50.410,22.5
2026-05-24 07:22:56.315,22.5
2026-05-24 07:23:02.221,22.5
2026-05-24 07:23:08.126,22.5
2026-05-24 07:23:14.029,22.5
2026-05-24 07:23:19.935,22.5
2026-05-24 07:23:25.841,22.5
2026-05-24 07:23:31.748,22.5
2026-05-24 07:23:37.654,22.5
2026-05-24 07:23:43.558,22.5
2026-05-24 07:23:49.461,22.5
2026-05-24 07:23:55.365,22.5
2026-05-24 07:24:01.269,22.5
2026-05-24 07:24:07.173,22.5
2026-05-24 07:24:13.077,22.5
2026-05-24 07:24:18.980,22.5
2026-05-24 07:24:24.886,22.5
2026-05-24 07:24:30.793,22.5
2026-05-24 07:24:36.699,22.5
2026-05-24 07:24:42.602,22.5
2026-05-24 07:24:48.506,22.5
2026-05-24 07:24:54.410,22.5
2026-05-24 07:25:00.317,22.5
2026-05-24 07:25:06.223,22.5
2026-05-24 07:25:12.126,22.5
2026-05-24 07:25:18.032,22.5
2026-05-24 07:25:23.938,22.5
2026-05-24 07:25:29.843,22.5
2026-05-24 07:25:35.748,22.5
2026-05-24 07:25:41.655,22.5
2026-05-24 07:25:47.560,22.5
2026-05-24 07:25:53.466,22.5
2026-05-24 07:25:59.371,22.5
2026-05-24 07:26:05.277,22.5
2026-05-24 07:26:11.183,22.5
2026-05-24 07:26:17.086,22.5
2026-05-24 07:26:22.993,22.5
2026-05-24 07:26:28.899,22.5
2026-05-24 07:26:34.802,22.5625
2026-05-24 07:26:40.706,22.5625
2026-05-24 07:26:46.612,22.5
2026-05-24 07:26:52.516,22.5
2026-05-24 07:26:58.422,22.5
2026-05-24 07:27:04.328,22.5
2026-05-24 07:27:10.232,22.5625
2026-05-24 07:27:16.136,22.5
2026-05-24 07:27:22.043,22.5625
2026-05-24 07:27:27.949,22.5
2026-05-24 07:27:33.852,22.5
2026-05-24 07:27:39.758,22.5
2026-05-24 07:27:45.662,22.5625
2026-05-24 07:27:51.568,22.5625
2026-05-24 07:27:57.474,22.5625
2026-05-24 07:28:03.378,22.5
2026-05-24 07:28:09.281,22.5
2026-05-24 07:28:15.185,22.5
2026-05-24 07:28:21.090,22.5
2026-05-24 07:28:26.996,22.5625
2026-05-24 07:28:32.901,22.5625
2026-05-24 07:28:38.805,22.5
2026-05-24 07:28:44.711,22.5
2026-05-24 07:28:50.615,22.5
2026-05-24 07:28:56.521,22.5625
2026-05-24 07:29:02.427,22.5625
2026-05-24 07:29:08.333,22.5
2026-05-24 07:29:14.239,22.5625
2026-05-24 07:29:20.143,22.5625
2026-05-24 07:29:26.047,22.5625
2026-05-24 07:29:31.955,22.5
2026-05-24 07:29:37.861,22.5
2026-05-24 07:29:43.765,22.5
2026-05-24 07:29:49.669,22.5
2026-05-24 07:29:55.573,22.5625
2026-05-24 07:30:01.479,22.5625
2026-05-24 07:30:07.384,22.5625
2026-05-24 07:30:13.289,22.5625
2026-05-24 07:30:19.192,22.5625
2026-05-24 07:30:25.096,22.5
2026-05-24 07:30:31.002,22.5625
2026-05-24 07:30:36.906,22.5625
2026-05-24 07:30:42.811,22.5625
2026-05-24 07:30:48.714,22.5625
2026-05-24 07:30:54.620,22.5
2026-05-24 07:31:00.526,22.5625
2026-05-24 07:31:06.430,22.5
2026-05-24 07:31:12.337,22.5625
2026-05-24 07:31:18.240,22.5625
2026-05-24 07:31:24.144,22.5
2026-05-24 07:31:30.047,22.5
2026-05-24 07:31:35.953,22.5
2026-05-24 07:31:41.858,22.5625
2026-05-24 07:31:47.763,22.5
2026-05-24 07:31:53.669,22.5625
2026-05-24 07:31:59.573,22.5625
2026-05-24 07:32:05.476,22.5625
2026-05-24 07:32:11.383,22.5625
2026-05-24 07:32:17.289,22.5625
2026-05-24 07:32:23.195,22.5625
2026-05-24 07:32:29.099,22.5625
2026-05-24 07:32:35.003,22.5625
2026-05-24 07:32:40.907,22.5625
2026-05-24 07:32:46.811,22.5625
2026-05-24 07:32:52.714,22.5625
2026-05-24 07:32:58.618,22.5625
2026-05-24 07:33:04.525,22.5625
2026-05-24 07:33:10.431,22.5625
2026-05-24 07:33:16.337,22.5
2026-05-24 07:33:22.240,22.5625
2026-05-24 07:33:28.144,22.5
2026-05-24 07:33:34.049,22.5625
2026-05-24 07:33:39.954,22.5625
2026-05-24 07:33:45.860,22.5625
2026-05-24 07:33:51.766,22.5625
2026-05-24 07:33:57.672,22.5625
2026-05-24 07:34:03.577,22.5625
2026-05-24 07:34:09.480,22.5625
2026-05-24 07:34:15.384,22.5
2026-05-24 07:34:21.290,22.5625
2026-05-24 07:34:27.195,22.5625
2026-05-24 07:34:33.100,22.5625
2026-05-24 07:34:39.006,22.5625
2026-05-24 07:34:44.910,22.5625
2026-05-24 07:34:50.813,22.5625
2026-05-24 07:34:56.717,22.5625
2026-05-24 07:35:02.622,22.5625
2026-05-24 07:35:08.525,22.5625
2026-05-24 07:35:14.431,22.5625
2026-05-24 07:35:20.336,22.5625
2026-05-24 07:35:26.243,22.5625
2026-05-24 07:35:32.151,22.5625
2026-05-24 07:35:38.056,22.5625
2026-05-24 07:35:43.962,22.5
2026-05-24 07:35:49.866,22.5625
2026-05-24 07:35:55.771,22.5625
2026-05-24 07:36:01.674,22.5625
2026-05-24 07:36:07.578,22.5625
2026-05-24 07:36:13.484,22.5625
2026-05-24 07:36:19.390,22.5
2026-05-24 07:36:25.297,22.5625
2026-05-24 07:36:31.202,22.5625
2026-05-24 07:36:37.106,22.5625
2026-05-24 07:36:43.009,22.5625
2026-05-24 07:36:48.913,22.5625
2026-05-24 07:36:54.818,22.5625
2026-05-24 07:37:00.724,22.5625
2026-05-24 07:37:06.630,22.5625
2026-05-24 07:37:12.535,22.5625
2026-05-24 07:37:18.441,22.5625
2026-05-24 07:37:24.346,22.5625
2026-05-24 07:37:30.249,22.5625
2026-05-24 07:37:36.155,22.5625
2026-05-24 07:37:42.059,22.5625
2026-05-24 07:37:47.963,22.5625
2026-05-24 07:37:53.869,22.5625
2026-05-24 07:37:59.773,22.5625
2026-05-24 07:38:05.677,22.5625
2026-05-24 07:38:11.580,22.5625
2026-05-24 07:38:17.485,22.5625
2026-05-24 07:38:23.391,22.5625
2026-05-24 07:38:29.297,22.5625
2026-05-24 07:38:35.203,22.5625
2026-05-24 07:38:41.109,22.5625
2026-05-24 07:38:47.015,22.5625
2026-05-24 07:38:52.919,22.5625
2026-05-24 07:38:58.825,22.5625
2026-05-24 07:39:04.728,22.5625
2026-05-24 07:39:10.634,22.5625
2026-05-24 07:39:16.541,22.5
2026-05-24 07:39:22.444,22.5625
2026-05-24 07:39:28.350,22.5625
2026-05-24 07:39:34.254,22.625
2026-05-24 07:39:40.159,22.625
2026-05-24 07:39:46.064,22.5625
2026-05-24 07:39:51.968,22.5625
2026-05-24 07:39:57.871,22.5625
2026-05-24 07:40:03.777,22.5625
2026-05-24 07:40:09.681,22.5625
2026-05-24 07:40:15.586,22.5625
2026-05-24 07:40:21.489,22.5625
2026-05-24 07:40:27.395,22.5625
2026-05-24 07:40:33.301,22.5625
2026-05-24 07:40:39.207,22.5625
2026-05-24 07:40:45.114,22.5625
2026-05-24 07:40:51.017,22.5625
2026-05-24 07:40:56.921,22.5625
2026-05-24 07:41:02.826,22.5625
2026-05-24 07:41:08.733,22.5625
2026-05-24 07:41:14.641,22.5625
2026-05-24 07:41:20.548,22.5625
2026-05-24 07:41:26.452,22.5625
2026-05-24 07:41:32.355,22.5625
2026-05-24 07:41:38.260,22.5625
2026-05-24 07:41:44.166,22.5625
2026-05-24 07:41:50.072,22.5625
2026-05-24 07:41:55.978,22.5625
2026-05-24 07:42:01.881,22.5625
2026-05-24 07:42:07.786,22.5625
2026-05-24 07:42:13.690,22.5625
2026-05-24 07:42:19.596,22.5625
2026-05-24 07:42:25.502,22.5625
2026-05-24 07:42:31.405,22.625
2026-05-24 07:42:37.312,22.5625
2026-05-24 07:42:43.215,22.5625
2026-05-24 07:42:49.119,22.5625
2026-05-24 07:42:55.023,22.5625
2026-05-24 07:43:00.926,22.5625
2026-05-24 07:43:06.831,22.5625
2026-05-24 07:43:12.737,22.5625
2026-05-24 07:43:18.643,22.5625
2026-05-24 07:43:24.548,22.5625
2026-05-24 07:43:30.454,22.5625
2026-05-24 07:43:36.361,22.5625
2026-05-24 07:43:42.265,22.5625
2026-05-24 07:43:48.168,22.625
2026-05-24 07:43:54.072,22.5625
2026-05-24 07:43:59.976,22.5625
2026-05-24 07:44:05.883,22.625
2026-05-24 07:44:11.789,22.625
2026-05-24 07:44:17.694,22.625
2026-05-24 07:44:23.598,22.625
2026-05-24 07:44:29.503,22.625
2026-05-24 07:44:35.406,22.625
2026-05-24 07:44:41.310,22.625
2026-05-24 07:44:47.214,22.5625
2026-05-24 07:44:53.117,22.5625
2026-05-24 07:44:59.024,22.5625
2026-05-24 07:45:04.928,22.5625
2026-05-24 07:45:10.832,22.625
2026-05-24 07:45:16.738,22.5625
2026-05-24 07:45:22.643,22.625
2026-05-24 07:45:28.550,22.625
2026-05-24 07:45:34.456,22.625
2026-05-24 07:45:40.362,22.5625
2026-05-24 07:45:46.266,22.625
2026-05-24 07:45:52.169,22.625
2026-05-24 07:45:58.076,22.625
2026-05-24 07:46:03.982,22.625
2026-05-24 07:46:09.888,22.625
2026-05-24 07:46:15.794,22.625
2026-05-24 07:46:21.697,22.625
2026-05-24 07:46:27.604,22.625
2026-05-24 07:46:33.508,22.625
2026-05-24 07:46:39.411,22.625
2026-05-24 07:46:45.315,22.5625
2026-05-24 07:46:51.219,22.5625
2026-05-24 07:46:57.126,22.625
2026-05-24 07:47:03.032,22.625
2026-05-24 07:47:08.935,22.5625
2026-05-24 07:47:14.839,22.625
2026-05-24 07:47:20.744,22.625
2026-05-24 07:47:26.647,22.5625
2026-05-24 07:47:32.553,22.5625
2026-05-24 07:47:38.458,22.5625
2026-05-24 07:47:44.365,22.5625
2026-05-24 07:47:50.271,22.5625
2026-05-24 07:47:56.175,22.5625
2026-05-24 07:48:02.080,22.5625
2026-05-24 07:48:07.986,22.5625
2026-05-24 07:48:13.890,22.5625
2026-05-24 07:48:19.794,22.5625
2026-05-24 07:48:25.698,22.625
2026-05-24 07:48:31.602,22.625
2026-05-24 07:48:37.505,22.5625
2026-05-24 07:48:43.409,22.5625
2026-05-24 07:48:49.314,22.5625
2026-05-24 07:48:55.217,22.5625
2026-05-24 07:49:01.123,22.5625
2026-05-24 07:49:07.029,22.5625
2026-05-24 07:49:12.933,22.5625
2026-05-24 07:49:18.839,22.5625
2026-05-24 07:49:24.746,22.625
2026-05-24 07:49:30.651,22.5625
2026-05-24 07:49:36.554,22.5625
2026-05-24 07:49:42.458,22.625
2026-05-24 07:49:48.363,22.5625
2026-05-24 07:49:54.266,22.5625
2026-05-24 07:50:00.170,22.5625
2026-05-24 07:50:06.074,22.5625
2026-05-24 07:50:11.981,22.5625
2026-05-24 07:50:17.886,22.625
2026-05-24 07:50:23.792,22.5625
2026-05-24 07:50:29.696,22.5625
2026-05-24 07:50:35.599,22.625
2026-05-24 07:50:41.504,22.625
2026-05-24 07:50:47.408,22.5625
2026-05-24 07:50:53.311,22.5625
2026-05-24 07:50:59.215,22.625
2026-05-24 07:51:05.121,22.625
2026-05-24 07:51:11.028,22.625
2026-05-24 07:51:16.933,22.5625
2026-05-24 07:51:22.839,22.625
2026-05-24 07:51:28.745,22.625
2026-05-24 07:51:34.651,22.625
2026-05-24 07:51:40.557,22.5625
2026-05-24 07:51:46.461,22.5625
2026-05-24 07:51:52.365,22.625
2026-05-24 07:51:58.268,22.625
2026-05-24 07:52:04.172,22.625
2026-05-24 07:52:10.077,22.625
2026-05-24 07:52:15.982,22.625
2026-05-24 07:52:21.888,22.625
2026-05-24 07:52:27.792,22.625
2026-05-24 07:52:33.698,22.625
2026-05-24 07:52:39.604,22.625
2026-05-24 07:52:45.510,22.5625
2026-05-24 07:52:51.416,22.625
2026-05-24 07:52:57.322,22.625
2026-05-24 07:53:03.226,22.625
2026-05-24 07:53:09.130,22.625
2026-05-24 07:53:15.034,22.625
2026-05-24 07:53:20.937,22.625
2026-05-24 07:53:26.843,22.625
2026-05-24 07:53:32.750,22.625
2026-05-24 07:53:38.656,22.625
2026-05-24 07:53:44.562,22.625
2026-05-24 07:53:50.467,22.625
2026-05-24 07:53:56.371,22.625
2026-05-24 07:54:02.276,22.625
2026-05-24 07:54:08.179,22.625
2026-05-24 07:54:14.083,22.5625
2026-05-24 07:54:19.987,22.625
2026-05-24 07:54:25.890,22.625
2026-05-24 07:54:31.795,22.625
2026-05-24 07:54:37.699,22.625
2026-05-24 07:54:43.604,22.625
2026-05-24 07:54:49.510,22.625
2026-05-24 07:54:55.414,22.625
2026-05-24 07:55:01.321,22.5625
2026-05-24 07:55:07.227,22.625
2026-05-24 07:55:13.130,22.625
2026-05-24 07:55:19.034,22.625
2026-05-24 07:55:24.937,22.625
2026-05-24 07:55:30.844,22.625
2026-05-24 07:55:36.750,22.625
2026-05-24 07:55:42.656,22.625
2026-05-24 07:55:48.559,22.625
2026-05-24 07:55:54.466,22.625
2026-05-24 07:56:00.370,22.625
2026-05-24 07:56:06.273,22.625
2026-05-24 07:56:12.177,22.625
2026-05-24 07:56:18.081,22.625
2026-05-24 07:56:23.985,22.625
2026-05-24 07:56:29.889,22.625
2026-05-24 07:56:35.793,22.625
2026-05-24 07:56:41.696,22.625
2026-05-24 07:56:47.600,22.625
2026-05-24 07:56:53.504,22.625
2026-05-24 07:56:59.408,22.625
2026-05-24 07:57:05.314,22.625
2026-05-24 07:57:11.220,22.625
2026-05-24 07:57:17.125,22.625
2026-05-24 07:57:23.030,22.6875
2026-05-24 07:57:28.936,22.625
2026-05-24 07:57:34.839,22.625
2026-05-24 07:57:40.743,22.625
2026-05-24 07:57:46.646,22.625
2026-05-24 07:57:52.551,22.625
2026-05-24 07:57:58.457,22.625
2026-05-24 07:58:04.363,22.625
2026-05-24 07:58:10.266,22.625
2026-05-24 07:58:16.174,22.625
2026-05-24 07:58:22.078,22.625
2026-05-24 07:58:27.982,22.625
2026-05-24 07:58:33.888,22.625
2026-05-24 07:58:39.794,22.625
2026-05-24 07:58:45.700,22.625
2026-05-24 07:58:51.607,22.625
2026-05-24 07:58:57.513,22.625
2026-05-24 07:59:03.418,22.625
2026-05-24 07:59:09.322,22.625
2026-05-24 07:59:15.227,22.625
2026-05-24 07:59:21.133,22.625
2026-05-24 07:59:27.038,22.625
2026-05-24 07:59:32.942,22.625
2026-05-24 07:59:38.848,22.625
2026-05-24 07:59:44.755,22.625
2026-05-24 07:59:50.658,22.625
2026-05-24 07:59:56.564,22.625
2026-05-24 08:00:02.470,22.625
2026-05-24 08:00:08.376,22.625
2026-05-24 08:00:14.283,22.625
2026-05-24 08:00:20.188,22.625
2026-05-24 08:00:26.094,22.625
2026-05-24 08:00:31.998,22.625
2026-05-24 08:00:37.901,22.625
2026-05-24 08:00:43.806,22.625
2026-05-24 08:00:49.709,22.625
2026-05-24 08:00:55.613,22.625
2026-05-24 08:01:01.517,22.625
2026-05-24 08:01:07.420,22.625
2026-05-24 08:01:13.325,22.625
2026-05-24 08:01:19.229,22.625
2026-05-24 08:01:25.132,22.625
2026-05-24 08:01:31.036,22.625
2026-05-24 08:01:36.942,22.625
2026-05-24 08:01:42.850,22.625
2026-05-24 08:01:48.754,22.625
2026-05-24 08:01:54.658,22.625
2026-05-24 08:02:00.561,22.625
2026-05-24 08:02:06.466,22.625
2026-05-24 08:02:12.370,22.6875
2026-05-24 08:02:18.273,22.625
2026-05-24 08:02:24.177,22.625
2026-05-24 08:02:30.083,22.625
2026-05-24 08:02:35.990,22.625
2026-05-24 08:02:41.893,22.6875
2026-05-24 08:02:47.799,22.625
2026-05-24 08:02:53.705,22.625
2026-05-24 08:02:59.608,22.625
2026-05-24 08:03:05.513,22.6875
2026-05-24 08:03:11.417,22.6875
2026-05-24 08:03:17.323,22.6875
2026-05-24 08:03:23.229,22.6875
2026-05-24 08:03:29.134,22.625
2026-05-24 08:03:35.041,22.625
2026-05-24 08:03:40.947,22.6875
2026-05-24 08:03:46.853,22.6875
2026-05-24 08:03:52.759,22.625
2026-05-24 08:03:58.666,22.625
2026-05-24 08:04:04.571,22.6875
2026-05-24 08:04:10.474,22.625
2026-05-24 08:04:16.378,22.625
2026-05-24 08:04:22.282,22.6875
2026-05-24 08:04:28.186,22.625
2026-05-24 08:04:34.092,22.625
2026-05-24 08:04:39.996,22.625
2026-05-24 08:04:45.899,22.6875
2026-05-24 08:04:51.803,22.625
2026-05-24 08:04:57.708,22.6875
2026-05-24 08:05:03.611,22.625
2026-05-24 08:05:09.517,22.625
2026-05-24 08:05:15.423,22.6875
2026-05-24 08:05:21.329,22.6875
2026-05-24 08:05:27.236,22.625
2026-05-24 08:05:33.139,22.625
2026-05-24 08:05:39.043,22.625
2026-05-24 08:05:44.947,22.625
2026-05-24 08:05:50.850,22.625
2026-05-24 08:05:56.755,22.6875
2026-05-24 08:06:02.662,22.625
2026-05-24 08:06:08.568,22.625
2026-05-24 08:06:14.472,22.6875
2026-05-24 08:06:20.375,22.6875
2026-05-24 08:06:26.280,22.625
2026-05-24 08:06:32.184,22.625
2026-05-24 08:06:38.090,22.625
2026-05-24 08:06:43.995,22.625
2026-05-24 08:06:49.901,22.625
2026-05-24 08:06:55.808,22.6875
2026-05-24 08:07:01.714,22.625
2026-05-24 08:07:07.620,22.6875
2026-05-24 08:07:13.526,22.6875
2026-05-24 08:07:19.429,22.625
2026-05-24 08:07:25.334,22.6875
2026-05-24 08:07:31.237,22.625
2026-05-24 08:07:37.143,22.6875
2026-05-24 08:07:43.049,22.625
2026-05-24 08:07:48.955,22.625
2026-05-24 08:07:54.861,22.6875
2026-05-24 08:08:00.767,22.6875
2026-05-24 08:08:06.671,22.625
2026-05-24 08:08:12.574,22.625
2026-05-24 08:08:18.481,22.6875
2026-05-24 08:08:24.385,22.6875
2026-05-24 08:08:30.290,22.6875
2026-05-24 08:08:36.196,22.6875
2026-05-24 08:08:42.102,22.6875
2026-05-24 08:08:48.007,22.625
2026-05-24 08:08:53.913,22.6875
2026-05-24 08:08:59.818,22.625
2026-05-24 08:09:05.722,22.625
2026-05-24 08:09:11.628,22.625
2026-05-24 08:09:17.532,22.625
2026-05-24 08:09:23.438,22.6875
2026-05-24 08:09:29.344,22.625
2026-05-24 08:09:35.250,22.625
2026-05-24 08:09:41.153,22.6875
2026-05-24 08:09:47.058,22.625
2026-05-24 08:09:52.964,22.6875
2026-05-24 08:09:58.869,22.625
2026-05-24 08:10:04.773,22.625
2026-05-24 08:10:10.676,22.625
2026-05-24 08:10:16.581,22.625
2026-05-24 08:10:22.485,22.625
2026-05-24 08:10:28.390,22.625
2026-05-24 08:10:34.296,22.625
2026-05-24 08:10:40.203,22.625
2026-05-24 08:10:46.108,22.6875
2026-05-24 08:10:52.014,22.625
2026-05-24 08:10:57.920,22.625
2026-05-24 08:11:03.824,22.625
2026-05-24 08:11:09.729,22.625
2026-05-24 08:11:15.632,22.625
2026-05-24 08:11:21.536,22.6875
2026-05-24 08:11:27.440,22.625
2026-05-24 08:11:33.346,22.625
2026-05-24 08:11:39.252,22.6875
2026-05-24 08:11:45.158,22.625
2026-05-24 08:11:51.062,22.6875
2026-05-24 08:11:56.965,22.625
2026-05-24 08:12:02.869,22.625
2026-05-24 08:12:08.776,22.625
2026-05-24 08:12:14.679,22.6875
2026-05-24 08:12:20.583,22.625
2026-05-24 08:12:26.486,22.6875
2026-05-24 08:12:32.392,22.625
2026-05-24 08:12:38.297,22.625
2026-05-24 08:12:44.203,22.6875
2026-05-24 08:12:50.109,22.6875
2026-05-24 08:12:56.015,22.6875
2026-05-24 08:13:01.918,22.6875
2026-05-24 08:13:07.825,22.625
2026-05-24 08:13:13.728,22.6875
2026-05-24 08:13:19.632,22.6875
2026-05-24 08:13:25.536,22.6875
2026-05-24 08:13:31.439,22.625
2026-05-24 08:13:37.344,22.625
2026-05-24 08:13:43.250,22.6875
2026-05-24 08:13:49.156,22.625
2026-05-24 08:13:55.062,22.625
2026-05-24 08:14:00.968,22.625
2026-05-24 08:14:06.871,22.6875
2026-05-24 08:14:12.775,22.6875
2026-05-24 08:14:18.681,22.625
2026-05-24 08:14:24.587,22.6875
2026-05-24 08:14:30.491,22.6875
2026-05-24 08:14:36.395,22.6875
2026-05-24 08:14:42.299,22.625
2026-05-24 08:14:48.203,22.6875
2026-05-24 08:14:54.106,22.6875
2026-05-24 08:15:00.011,22.6875
2026-05-24 08:15:05.915,22.6875
2026-05-24 08:15:11.818,22.625
2026-05-24 08:15:17.724,22.6875
2026-05-24 08:15:23.630,22.6875
2026-05-24 08:15:29.536,22.625
2026-05-24 08:15:35.442,22.6875
2026-05-24 08:15:41.348,22.625
2026-05-24 08:15:47.256,22.625
2026-05-24 08:15:53.159,22.6875
2026-05-24 08:15:59.066,22.6875
2026-05-24 08:16:04.970,22.6875
2026-05-24 08:16:10.876,22.6875
2026-05-24 08:16:16.782,22.6875
2026-05-24 08:16:22.685,22.625
2026-05-24 08:16:28.590,22.6875
2026-05-24 08:16:34.494,22.6875
2026-05-24 08:16:40.400,22.6875
2026-05-24 08:16:46.306,22.625
2026-05-24 08:16:52.212,22.6875
2026-05-24 08:16:58.118,22.625
2026-05-24 08:17:04.023,22.6875
2026-05-24 08:17:09.929,22.6875
2026-05-24 08:17:15.835,22.6875
2026-05-24 08:17:21.742,22.6875
2026-05-24 08:17:27.647,22.6875
2026-05-24 08:17:33.551,22.6875
2026-05-24 08:17:39.455,22.6875
2026-05-24 08:17:45.358,22.6875
2026-05-24 08:17:51.263,22.6875
2026-05-24 08:17:57.169,22.6875
2026-05-24 08:18:03.075,22.625
2026-05-24 08:18:08.980,22.6875
2026-05-24 08:18:14.886,22.6875
2026-05-24 08:18:20.793,22.6875
2026-05-24 08:18:26.697,22.6875
2026-05-24 08:18:32.600,22.6875
2026-05-24 08:18:38.506,22.625
2026-05-24 08:18:44.412,22.6875
2026-05-24 08:18:50.319,22.6875
2026-05-24 08:18:56.225,22.6875
2026-05-24 08:19:02.128,22.6875
2026-05-24 08:19:08.032,22.6875
2026-05-24 08:19:13.936,22.6875
2026-05-24 08:19:19.840,22.625
2026-05-24 08:19:25.744,22.625
2026-05-24 08:19:31.647,22.6875
2026-05-24 08:19:37.551,22.6875
2026-05-24 08:19:43.456,22.6875
2026-05-24 08:19:49.362,22.6875
2026-05-24 08:19:55.268,22.625
2026-05-24 08:20:01.173,22.6875
2026-05-24 08:20:07.077,22.6875
2026-05-24 08:20:12.982,22.6875
2026-05-24 08:20:18.885,22.6875
2026-05-24 08:20:24.789,22.625
2026-05-24 08:20:30.693,22.6875
2026-05-24 08:20:36.596,22.625
2026-05-24 08:20:42.503,22.6875
2026-05-24 08:20:48.411,22.6875
2026-05-24 08:20:54.315,22.6875
2026-05-24 08:21:00.221,22.6875
2026-05-24 08:21:06.124,22.6875
2026-05-24 08:21:12.029,22.6875
2026-05-24 08:21:17.933,22.6875
2026-05-24 08:21:23.838,22.6875
2026-05-24 08:21:29.744,22.6875
2026-05-24 08:21:35.648,22.6875
2026-05-24 08:21:41.555,22.6875
2026-05-24 08:21:47.461,22.6875
2026-05-24 08:21:53.366,22.6875
2026-05-24 08:21:59.272,22.6875
2026-05-24 08:22:05.178,22.6875
2026-05-24 08:22:11.085,22.6875
2026-05-24 08:22:16.988,22.6875
2026-05-24 08:22:22.896,22.625
2026-05-24 08:22:28.802,22.6875
2026-05-24 08:22:34.709,22.6875
2026-05-24 08:22:40.615,22.6875
2026-05-24 08:22:46.518,22.6875
2026-05-24 08:22:52.424,22.6875
2026-05-24 08:22:58.327,22.6875
2026-05-24 08:23:04.232,22.6875
2026-05-24 08:23:10.136,22.6875
2026-05-24 08:23:16.039,22.625
2026-05-24 08:23:21.943,22.6875
2026-05-24 08:23:27.849,22.6875
2026-05-24 08:23:33.756,22.6875
2026-05-24 08:23:39.659,22.6875
2026-05-24 08:23:45.563,22.6875
2026-05-24 08:23:51.467,22.6875
2026-05-24 08:23:57.370,22.6875
2026-05-24 08:24:03.275,22.6875
2026-05-24 08:24:09.179,22.75
2026-05-24 08:24:15.085,22.6875
2026-05-24 08:24:20.990,22.6875
2026-05-24 08:24:26.895,22.6875
2026-05-24 08:24:32.800,22.6875
2026-05-24 08:24:38.704,22.6875
2026-05-24 08:24:44.607,22.6875
2026-05-24 08:24:50.511,22.6875
2026-05-24 08:24:56.415,22.6875
2026-05-24 08:25:02.322,22.6875
2026-05-24 08:25:08.227,22.6875
2026-05-24 08:25:14.131,22.6875
2026-05-24 08:25:20.035,22.6875
2026-05-24 08:25:25.939,22.6875
2026-05-24 08:25:31.845,22.6875
2026-05-24 08:25:37.751,22.6875
2026-05-24 08:25:43.654,22.6875
2026-05-24 08:25:49.558,22.6875
2026-05-24 08:25:55.462,22.6875
2026-05-24 08:26:01.368,22.6875
2026-05-24 08:26:07.274,22.6875
2026-05-24 08:26:13.180,22.6875
2026-05-24 08:26:19.086,22.6875
2026-05-24 08:26:24.990,22.6875
2026-05-24 08:26:30.896,22.6875
2026-05-24 08:26:36.802,22.6875
2026-05-24 08:26:42.706,22.6875
2026-05-24 08:26:48.612,22.6875
2026-05-24 08:26:54.518,22.6875
2026-05-24 08:27:00.422,22.6875
2026-05-24 08:27:06.326,22.6875
2026-05-24 08:27:12.229,22.6875
2026-05-24 08:27:18.133,22.75
2026-05-24 08:27:24.038,22.6875
2026-05-24 08:27:29.941,22.6875
2026-05-24 08:27:35.845,22.6875
2026-05-24 08:27:41.749,22.6875
2026-05-24 08:27:47.652,22.75
2026-05-24 08:27:53.559,22.6875
2026-05-24 08:27:59.465,22.75
2026-05-24 08:28:05.371,22.6875
2026-05-24 08:28:11.277,22.6875
2026-05-24 08:28:17.183,22.6875
2026-05-24 08:28:23.087,22.6875
2026-05-24 08:28:28.991,22.6875
2026-05-24 08:28:34.897,22.6875
2026-05-24 08:28:40.800,22.75
2026-05-24 08:28:46.705,22.6875
2026-05-24 08:28:52.610,22.6875
2026-05-24 08:28:58.516,22.6875
2026-05-24 08:29:04.422,22.75
2026-05-24 08:29:10.325,22.6875
2026-05-24 08:29:16.230,22.6875
2026-05-24 08:29:22.134,22.75
2026-05-24 08:29:28.040,22.6875
2026-05-24 08:29:33.945,22.6875
2026-05-24 08:29:39.851,22.6875
2026-05-24 08:29:45.758,22.75
2026-05-24 08:29:51.662,22.6875
2026-05-24 08:29:57.566,22.75
2026-05-24 08:30:03.469,22.6875
2026-05-24 08:30:09.373,22.6875
2026-05-24 08:30:15.279,22.6875
2026-05-24 08:30:21.183,22.6875
2026-05-24 08:30:27.089,22.6875
2026-05-24 08:30:32.993,22.6875
2026-05-24 08:30:38.896,22.6875
2026-05-24 08:30:44.801,22.6875
2026-05-24 08:30:50.705,22.6875
2026-05-24 08:30:56.608,22.6875
2026-05-24 08:31:02.514,22.6875
2026-05-24 08:31:08.418,22.75
2026-05-24 08:31:14.325,22.6875
2026-05-24 08:31:20.231,22.6875
2026-05-24 08:31:26.136,22.6875
2026-05-24 08:31:32.042,22.6875
2026-05-24 08:31:37.947,22.6875
2026-05-24 08:31:43.851,22.6875
2026-05-24 08:31:49.754,22.6875
2026-05-24 08:31:55.660,22.6875
2026-05-24 08:32:01.566,22.6875
2026-05-24 08:32:07.473,22.6875
2026-05-24 08:32:13.379,22.6875
2026-05-24 08:32:19.282,22.6875
2026-05-24 08:32:25.186,22.6875
2026-05-24 08:32:31.092,22.6875
2026-05-24 08:32:36.996,22.75
2026-05-24 08:32:42.902,22.6875
2026-05-24 08:32:48.808,22.6875
2026-05-24 08:32:54.714,22.6875
2026-05-24 08:33:00.620,22.6875
2026-05-24 08:33:06.527,22.6875
2026-05-24 08:33:12.430,22.75
2026-05-24 08:33:18.336,22.75
2026-05-24 08:33:24.242,22.6875
2026-05-24 08:33:30.147,22.75
2026-05-24 08:33:36.054,22.6875
2026-05-24 08:33:41.958,22.75
2026-05-24 08:33:47.863,22.6875
2026-05-24 08:33:53.767,22.6875
2026-05-24 08:33:59.670,22.625
2026-05-24 08:34:05.577,22.75
2026-05-24 08:34:11.483,22.6875
2026-05-24 08:34:17.389,22.6875
2026-05-24 08:34:23.294,22.75
2026-05-24 08:34:29.199,22.75
2026-05-24 08:34:35.105,22.6875
2026-05-24 08:34:41.008,22.6875
2026-05-24 08:34:46.914,22.6875
2026-05-24 08:34:52.818,22.75
2026-05-24 08:34:58.725,22.6875
2026-05-24 08:35:04.630,22.6875
2026-05-24 08:35:10.536,22.75
2026-05-24 08:35:16.442,22.6875
2026-05-24 08:35:22.348,22.6875
2026-05-24 08:35:28.253,22.6875
2026-05-24 08:35:34.160,22.6875
2026-05-24 08:35:40.066,22.6875
2026-05-24 08:35:45.972,22.6875
2026-05-24 08:35:51.878,22.6875
2026-05-24 08:35:57.785,22.6875
2026-05-24 08:36:03.688,22.75
2026-05-24 08:36:09.594,22.6875
2026-05-24 08:36:15.500,22.6875
2026-05-24 08:36:21.406,22.75
2026-05-24 08:36:27.312,22.75
2026-05-24 08:36:33.218,22.6875
2026-05-24 08:36:39.124,22.75
2026-05-24 08:36:45.027,22.75
2026-05-24 08:36:50.931,22.6875
2026-05-24 08:36:56.836,22.75
2026-05-24 08:37:02.739,22.75
2026-05-24 08:37:08.643,22.75
2026-05-24 08:37:14.549,22.6875
2026-05-24 08:37:20.456,22.6875
2026-05-24 08:37:26.362,22.6875
2026-05-24 08:37:32.265,22.75
2026-05-24 08:37:38.169,22.75
2026-05-24 08:37:44.072,22.75
2026-05-24 08:37:49.979,22.75
2026-05-24 08:37:55.885,22.6875
2026-05-24 08:38:01.789,22.6875
2026-05-24 08:38:07.695,22.75
2026-05-24 08:38:13.600,22.75
2026-05-24 08:38:19.505,22.75
2026-05-24 08:38:25.409,22.75
2026-05-24 08:38:31.315,22.6875
2026-05-24 08:38:37.220,22.75
2026-05-24 08:38:43.124,22.75
2026-05-24 08:38:49.029,22.6875
2026-05-24 08:38:54.932,22.75
2026-05-24 08:39:00.838,22.75
2026-05-24 08:39:06.744,22.75
2026-05-24 08:39:12.650,22.75
2026-05-24 08:39:18.554,22.6875
2026-05-24 08:39:24.458,22.6875
2026-05-24 08:39:30.361,22.75
2026-05-24 08:39:36.265,22.75
2026-05-24 08:39:42.171,22.75
2026-05-24 08:39:48.078,22.6875
2026-05-24 08:39:53.984,22.75
2026-05-24 08:39:59.889,22.75
2026-05-24 08:40:05.795,22.6875
2026-05-24 08:40:11.699,22.6875
2026-05-24 08:40:17.603,22.6875
2026-05-24 08:40:23.507,22.75
2026-05-24 08:40:29.410,22.75
2026-05-24 08:40:35.316,22.6875
2026-05-24 08:40:41.222,22.6875
2026-05-24 08:40:47.126,22.75
2026-05-24 08:40:53.030,22.75
2026-05-24 08:40:58.933,22.6875
2026-05-24 08:41:04.839,22.75
2026-05-24 08:41:10.746,22.75
2026-05-24 08:41:16.652,22.75
2026-05-24 08:41:22.558,22.75
2026-05-24 08:41:28.461,22.6875
2026-05-24 08:41:34.365,22.6875
2026-05-24 08:41:40.271,22.6875
2026-05-24 08:41:46.175,22.6875
2026-05-24 08:41:52.081,22.6875
2026-05-24 08:41:57.985,22.75
2026-05-24 08:42:03.888,22.75
2026-05-24 08:42:09.795,22.75
2026-05-24 08:42:15.701,22.6875
2026-05-24 08:42:21.606,22.6875
2026-05-24 08:42:27.512,22.75
2026-05-24 08:42:33.418,22.75
2026-05-24 08:42:39.324,22.75
2026-05-24 08:42:45.228,22.6875
2026-05-24 08:42:51.132,22.6875
2026-05-24 08:42:57.035,22.6875
2026-05-24 08:43:02.939,22.75
2026-05-24 08:43:08.846,22.6875
2026-05-24 08:43:14.749,22.6875
2026-05-24 08:43:20.655,22.6875
2026-05-24 08:43:26.561,22.6875
2026-05-24 08:43:32.468,22.6875
2026-05-24 08:43:38.373,22.6875
2026-05-24 08:43:44.279,22.6875
2026-05-24 08:43:50.183,22.6875
2026-05-24 08:43:56.086,22.75
2026-05-24 08:44:01.991,22.75
2026-05-24 08:44:07.895,22.6875
2026-05-24 08:44:13.799,22.75
2026-05-24 08:44:19.704,22.75
2026-05-24 08:44:25.610,22.6875
2026-05-24 08:44:31.517,22.6875
2026-05-24 08:44:37.423,22.75
2026-05-24 08:44:43.326,22.6875
2026-05-24 08:44:49.232,22.75
2026-05-24 08:44:55.135,22.6875
2026-05-24 08:45:01.040,22.75
2026-05-24 08:45:06.944,22.75
2026-05-24 08:45:12.850,22.75
2026-05-24 08:45:18.756,22.75
2026-05-24 08:45:24.661,22.75
2026-05-24 08:45:30.566,22.6875
2026-05-24 08:45:36.472,22.75
2026-05-24 08:45:42.378,22.6875
2026-05-24 08:45:48.284,22.6875
2026-05-24 08:45:54.189,22.75
2026-05-24 08:46:00.094,22.6875
2026-05-24 08:46:06.000,22.75
2026-05-24 08:46:11.904,22.75
2026-05-24 08:46:17.810,22.6875
2026-05-24 08:46:23.716,22.6875
2026-05-24 08:46:29.622,22.75
2026-05-24 08:46:35.528,22.6875
2026-05-24 08:46:41.433,22.75
2026-05-24 08:46:47.337,22.75
2026-05-24 08:46:53.242,22.75
2026-05-24 08:46:59.145,22.6875
2026-05-24 08:47:05.051,22.6875
2026-05-24 08:47:10.957,22.75
2026-05-24 08:47:16.865,22.75
2026-05-24 08:47:22.769,22.6875
2026-05-24 08:47:28.675,22.75
2026-05-24 08:47:34.579,22.75
2026-05-24 08:47:40.482,22.75
2026-05-24 08:47:46.386,22.75
2026-05-24 08:47:52.291,22.75
2026-05-24 08:47:58.196,22.75
2026-05-24 08:48:04.102,22.75
2026-05-24 08:48:10.008,22.6875
2026-05-24 08:48:15.914,22.75
2026-05-24 08:48:21.821,22.75
2026-05-24 08:48:27.727,22.6875
2026-05-24 08:48:33.632,22.75
2026-05-24 08:48:39.538,22.75
2026-05-24 08:48:45.442,22.75
2026-05-24 08:48:51.348,22.75
2026-05-24 08:48:57.252,22.75
2026-05-24 08:49:03.155,22.75
2026-05-24 08:49:09.059,22.6875
2026-05-24 08:49:14.965,22.75
2026-05-24 08:49:20.871,22.6875
2026-05-24 08:49:26.775,22.75
2026-05-24 08:49:32.681,22.75
2026-05-24 08:49:38.585,22.6875
2026-05-24 08:49:44.491,22.6875
2026-05-24 08:49:50.397,22.75
2026-05-24 08:49:56.303,22.75
2026-05-24 08:50:02.209,22.75
2026-05-24 08:50:08.115,22.75
2026-05-24 08:50:14.021,22.75
2026-05-24 08:50:19.925,22.6875
2026-05-24 08:50:25.828,22.75
2026-05-24 08:50:31.732,22.75
2026-05-24 08:50:37.636,22.6875
2026-05-24 08:50:43.540,22.6875
2026-05-24 08:50:49.446,22.75
2026-05-24 08:50:55.352,22.75
2026-05-24 08:51:01.256,22.75
2026-05-24 08:51:07.159,22.75
2026-05-24 08:51:13.066,22.75
2026-05-24 08:51:18.972,22.6875
2026-05-24 08:51:24.876,22.75
2026-05-24 08:51:30.782,22.75
2026-05-24 08:51:36.688,22.75
2026-05-24 08:51:42.595,22.75
2026-05-24 08:51:48.498,22.75
2026-05-24 08:51:54.402,22.75
2026-05-24 08:52:00.306,22.6875
2026-05-24 08:52:06.210,22.6875
2026-05-24 08:52:12.116,22.75
2026-05-24 08:52:18.022,22.75
2026-05-24 08:52:23.928,22.75
2026-05-24 08:52:29.831,22.6875
2026-05-24 08:52:35.736,22.75
2026-05-24 08:52:41.640,22.75
2026-05-24 08:52:47.545,22.6875
2026-05-24 08:52:53.451,22.75
2026-05-24 08:52:59.357,22.6875
2026-05-24 08:53:05.264,22.75
2026-05-24 08:53:11.169,22.75
2026-05-24 08:53:17.076,22.6875
2026-05-24 08:53:22.979,22.6875
2026-05-24 08:53:28.883,22.75
2026-05-24 08:53:34.790,22.75
2026-05-24 08:53:40.693,22.6875
2026-05-24 08:53:46.599,22.75
2026-05-24 08:53:52.505,22.75
2026-05-24 08:53:58.411,22.75
2026-05-24 08:54:04.320,22.75
2026-05-24 08:54:10.223,22.75
2026-05-24 08:54:16.129,22.75
2026-05-24 08:54:22.035,22.75
2026-05-24 08:54:27.941,22.75
2026-05-24 08:54:33.846,22.75
2026-05-24 08:54:39.749,22.75
2026-05-24 08:54:45.653,22.75
2026-05-24 08:54:51.557,22.75
2026-05-24 08:54:57.463,22.75
2026-05-24 08:55:03.369,22.75
2026-05-24 08:55:09.273,22.75
2026-05-24 08:55:15.179,22.6875
2026-05-24 08:55:21.082,22.75
2026-05-24 08:55:26.987,22.75
2026-05-24 08:55:32.891,22.75
2026-05-24 08:55:38.797,22.6875
2026-05-24 08:55:44.702,22.75
2026-05-24 08:55:50.608,22.75
2026-05-24 08:55:56.515,22.75
2026-05-24 08:56:02.421,22.75
2026-05-24 08:56:08.327,22.75
2026-05-24 08:56:14.233,22.75
2026-05-24 08:56:20.138,22.6875
2026-05-24 08:56:26.045,22.75
2026-05-24 08:56:31.951,22.6875
2026-05-24 08:56:37.855,22.75
2026-05-24 08:56:43.759,22.6875
2026-05-24 08:56:49.662,22.6875
2026-05-24 08:56:55.567,22.75
2026-05-24 08:57:01.471,22.75
2026-05-24 08:57:07.374,22.75
2026-05-24 08:57:13.278,22.75
2026-05-24 08:57:19.181,22.6875
2026-05-24 08:57:25.086,22.75
2026-05-24 08:57:30.990,22.75
2026-05-24 08:57:36.896,22.75
2026-05-24 08:57:42.802,22.75
2026-05-24 08:57:48.707,22.75
2026-05-24 08:57:54.612,22.6875
2026-05-24 08:58:00.516,22.75
2026-05-24 08:58:06.419,22.75
2026-05-24 08:58:12.323,22.75
2026-05-24 08:58:18.228,22.75
2026-05-24 08:58:24.131,22.75
2026-05-24 08:58:30.035,22.75
2026-05-24 08:58:35.939,22.75
2026-05-24 08:58:41.843,22.75
2026-05-24 08:58:47.747,22.75
2026-05-24 08:58:53.651,22.75
2026-05-24 08:58:59.555,22.75
2026-05-24 08:59:05.460,22.75
2026-05-24 08:59:11.366,22.75
2026-05-24 08:59:17.273,22.75
2026-05-24 08:59:23.179,22.75
2026-05-24 08:59:29.083,22.75
2026-05-24 08:59:34.987,22.75
2026-05-24 08:59:40.890,22.75
2026-05-24 08:59:46.795,22.75
2026-05-24 08:59:52.698,22.75
2026-05-24 08:59:58.604,22.75
2026-05-24 09:00:04.510,22.75
2026-05-24 09:00:10.416,22.75
2026-05-24 09:00:16.323,22.75
2026-05-24 09:00:22.229,22.75
2026-05-24 09:00:28.135,22.75
2026-05-24 09:00:34.039,22.6875
2026-05-24 09:00:39.942,22.8125
2026-05-24 09:00:45.849,22.75
2026-05-24 09:00:51.753,22.75
2026-05-24 09:00:57.656,22.75
2026-05-24 09:01:03.562,22.6875
2026-05-24 09:01:09.469,22.75
2026-05-24 09:01:15.375,22.75
2026-05-24 09:01:21.281,22.75
2026-05-24 09:01:27.185,22.75
2026-05-24 09:01:33.088,22.75
2026-05-24 09:01:38.993,22.75
2026-05-24 09:01:44.897,22.75
2026-05-24 09:01:50.800,22.75
2026-05-24 09:01:56.704,22.75
2026-05-24 09:02:02.610,22.75
2026-05-24 09:02:08.517,22.75
2026-05-24 09:02:14.422,22.75
2026-05-24 09:02:20.328,22.75
2026-05-24 09:02:26.232,22.75
2026-05-24 09:02:32.136,22.75
2026-05-24 09:02:38.042,22.75
2026-05-24 09:02:43.948,22.75
2026-05-24 09:02:49.853,22.75
2026-05-24 09:02:55.757,22.75
2026-05-24 09:03:01.661,22.75
2026-05-24 09:03:07.565,22.75
2026-05-24 09:03:13.469,22.75
2026-05-24 09:03:19.373,22.75
2026-05-24 09:03:25.276,22.75
2026-05-24 09:03:31.182,22.75
2026-05-24 09:03:37.087,22.75
2026-05-24 09:03:42.993,22.75
2026-05-24 09:03:48.896,22.75
2026-05-24 09:03:54.802,22.75
2026-05-24 09:04:00.709,22.75
2026-05-24 09:04:06.615,22.75
2026-05-24 09:04:12.521,22.75
2026-05-24 09:04:18.426,22.75
2026-05-24 09:04:24.330,22.75
2026-05-24 09:04:30.234,22.75
2026-05-24 09:04:36.138,22.75
2026-05-24 09:04:42.044,22.75
2026-05-24 09:04:47.950,22.75
2026-05-24 09:04:53.856,22.75
2026-05-24 09:04:59.760,22.75
2026-05-24 09:05:05.666,22.75
2026-05-24 09:05:11.570,22.75
2026-05-24 09:05:17.473,22.75
2026-05-24 09:05:23.379,22.75
2026-05-24 09:05:29.286,22.75
2026-05-24 09:05:35.192,22.75
2026-05-24 09:05:41.098,22.75
2026-05-24 09:05:47.002,22.75
2026-05-24 09:05:52.905,22.75
2026-05-24 09:05:58.810,22.75
2026-05-24 09:06:04.714,22.75
2026-05-24 09:06:10.619,22.75
2026-05-24 09:06:16.523,22.75
2026-05-24 09:06:22.426,22.75
2026-05-24 09:06:28.331,22.75
2026-05-24 09:06:34.235,22.75
2026-05-24 09:06:40.141,22.75
2026-05-24 09:06:46.044,22.75
2026-05-24 09:06:51.951,22.75
2026-05-24 09:06:57.854,22.75
2026-05-24 09:07:03.758,22.75
2026-05-24 09:07:09.662,22.75
2026-05-24 09:07:15.565,22.75
2026-05-24 09:07:21.470,22.75
2026-05-24 09:07:27.374,22.75
2026-05-24 09:07:33.277,22.75
2026-05-24 09:07:39.181,22.75
2026-05-24 09:07:45.085,22.75
2026-05-24 09:07:50.989,22.75
2026-05-24 09:07:56.893,22.75
2026-05-24 09:08:02.797,22.75
2026-05-24 09:08:08.703,22.75
2026-05-24 09:08:14.609,22.75
2026-05-24 09:08:20.515,22.75
2026-05-24 09:08:26.421,22.6875
2026-05-24 09:08:32.325,22.75
2026-05-24 09:08:38.228,22.75
2026-05-24 09:08:44.132,22.75
2026-05-24 09:08:50.037,22.75
2026-05-24 09:08:55.940,22.75
2026-05-24 09:09:01.846,22.75
2026-05-24 09:09:07.754,22.8125
2026-05-24 09:09:13.660,22.75
2026-05-24 09:09:19.567,22.75
2026-05-24 09:09:25.472,22.75
2026-05-24 09:09:31.378,22.75
2026-05-24 09:09:37.282,22.75
2026-05-24 09:09:43.187,22.75
2026-05-24 09:09:49.090,22.75
2026-05-24 09:09:54.994,22.75
2026-05-24 09:10:00.898,22.8125
2026-05-24 09:10:06.803,22.75
2026-05-24 09:10:12.710,22.75
2026-05-24 09:10:18.614,22.75
2026-05-24 09:10:24.520,22.75
2026-05-24 09:10:30.423,22.75
2026-05-24 09:10:36.327,22.75
2026-05-24 09:10:42.232,22.75
2026-05-24 09:10:48.138,22.75
2026-05-24 09:10:54.043,22.75
2026-05-24 09:10:59.949,22.75
2026-05-24 09:11:05.853,22.75
2026-05-24 09:11:11.758,22.75
2026-05-24 09:11:17.661,22.75
2026-05-24 09:11:23.565,22.8125
2026-05-24 09:11:29.468,22.8125
2026-05-24 09:11:35.372,22.75
2026-05-24 09:11:41.277,22.8125
2026-05-24 09:11:47.181,22.8125
2026-05-24 09:11:53.084,22.75
2026-05-24 09:11:58.988,22.75
2026-05-24 09:12:04.892,22.75
2026-05-24 09:12:10.798,22.75
2026-05-24 09:12:16.702,22.75
2026-05-24 09:12:22.606,22.75
2026-05-24 09:12:28.509,22.75
2026-05-24 09:12:34.413,22.75
2026-05-24 09:12:40.317,22.75
2026-05-24 09:12:46.221,22.8125
2026-05-24 09:12:52.125,22.8125
2026-05-24 09:12:58.030,22.8125
2026-05-24 09:13:03.937,22.75
2026-05-24 09:13:09.843,22.75
2026-05-24 09:13:15.748,22.75
2026-05-24 09:13:21.654,22.8125
2026-05-24 09:13:27.557,22.75
2026-05-24 09:13:33.464,22.75
2026-05-24 09:13:39.370,22.75
2026-05-24 09:13:45.273,22.75
2026-05-24 09:13:51.177,22.8125
2026-05-24 09:13:57.083,22.75
2026-05-24 09:14:02.987,22.75
2026-05-24 09:14:08.893,22.75
2026-05-24 09:14:14.799,22.75
2026-05-24 09:14:20.705,22.75
2026-05-24 09:14:26.608,22.75
2026-05-24 09:14:32.515,22.75
2026-05-24 09:14:38.421,22.75
2026-05-24 09:14:44.326,22.75
2026-05-24 09:14:50.230,22.75
2026-05-24 09:14:56.134,22.75
2026-05-24 09:15:02.038,22.75
2026-05-24 09:15:07.944,22.8125
2026-05-24 09:15:13.848,22.75
2026-05-24 09:15:19.754,22.75
2026-05-24 09:15:25.657,22.75
2026-05-24 09:15:31.562,22.75
2026-05-24 09:15:37.466,22.75
2026-05-24 09:15:43.369,22.75
2026-05-24 09:15:49.275,22.75
2026-05-24 09:15:55.182,22.75
2026-05-24 09:16:01.086,22.75
2026-05-24 09:16:06.992,22.75
2026-05-24 09:16:12.898,22.75
2026-05-24 09:16:18.801,22.75
2026-05-24 09:16:24.706,22.8125
2026-05-24 09:16:30.612,22.75
2026-05-24 09:16:36.519,22.75
2026-05-24 09:16:42.423,22.75
2026-05-24 09:16:48.327,22.8125
2026-05-24 09:16:54.231,22.8125
2026-05-24 09:17:00.135,22.75
2026-05-24 09:17:06.039,22.75
2026-05-24 09:17:11.942,22.75
2026-05-24 09:17:17.848,22.75
2026-05-24 09:17:23.755,22.75
2026-05-24 09:17:29.659,22.75
2026-05-24 09:17:35.564,22.75
2026-05-24 09:17:41.468,22.75
2026-05-24 09:17:47.372,22.75
2026-05-24 09:17:53.276,22.75
2026-05-24 09:17:59.180,22.75
2026-05-24 09:18:05.083,22.75
2026-05-24 09:18:10.987,22.75
2026-05-24 09:18:16.893,22.8125
2026-05-24 09:18:22.800,22.8125
2026-05-24 09:18:28.706,22.75
2026-05-24 09:18:34.611,22.75
2026-05-24 09:18:40.517,22.8125
2026-05-24 09:18:46.424,22.75
2026-05-24 09:18:52.330,22.75
2026-05-24 09:18:58.234,22.75
2026-05-24 09:19:04.139,22.8125
2026-05-24 09:19:10.045,22.75
2026-05-24 09:19:15.950,22.75
2026-05-24 09:19:21.853,22.75
2026-05-24 09:19:27.761,22.75
2026-05-24 09:19:33.665,22.75
2026-05-24 09:19:39.568,22.8125
2026-05-24 09:19:45.473,22.8125
2026-05-24 09:19:51.376,22.75
2026-05-24 09:19:57.280,22.75
2026-05-24 09:20:03.186,22.75
2026-05-24 09:20:09.092,22.75
2026-05-24 09:20:14.998,22.75
2026-05-24 09:20:20.902,22.75
2026-05-24 09:20:26.807,22.75
2026-05-24 09:20:32.711,22.75
2026-05-24 09:20:38.617,22.8125
2026-05-24 09:20:44.521,22.8125
2026-05-24 09:20:50.427,22.75
2026-05-24 09:20:56.331,22.75
2026-05-24 09:21:02.235,22.8125
2026-05-24 09:21:08.138,22.75
2026-05-24 09:21:14.043,22.8125
2026-05-24 09:21:19.947,22.8125
2026-05-24 09:21:25.850,22.75
2026-05-24 09:21:31.754,22.8125
2026-05-24 09:21:37.661,22.8125
2026-05-24 09:21:43.567,22.8125
2026-05-24 09:21:49.472,22.75
2026-05-24 09:21:55.376,22.75
2026-05-24 09:22:01.284,22.8125
2026-05-24 09:22:07.188,22.75
2026-05-24 09:22:13.092,22.75
2026-05-24 09:22:18.998,22.8125
2026-05-24 09:22:24.904,22.8125
2026-05-24 09:22:30.809,22.8125
2026-05-24 09:22:36.714,22.75
2026-05-24 09:22:42.620,22.75
2026-05-24 09:22:48.525,22.8125
2026-05-24 09:22:54.429,22.8125
2026-05-24 09:23:00.335,22.75
2026-05-24 09:23:06.242,22.8125
2026-05-24 09:23:12.148,22.8125
2026-05-24 09:23:18.051,22.75
2026-05-24 09:23:23.955,22.75
2026-05-24 09:23:29.858,22.8125
2026-05-24 09:23:35.763,22.75
2026-05-24 09:23:41.667,22.8125
2026-05-24 09:23:47.570,22.8125
2026-05-24 09:23:53.474,22.8125
2026-05-24 09:23:59.378,22.8125
2026-05-24 09:24:05.282,22.8125
2026-05-24 09:24:11.188,22.8125
2026-05-24 09:24:17.091,22.8125
2026-05-24 09:24:22.997,22.8125
2026-05-24 09:24:28.904,22.8125
2026-05-24 09:24:34.810,22.8125
2026-05-24 09:24:40.716,22.75
2026-05-24 09:24:46.622,22.8125
2026-05-24 09:24:52.528,22.75
2026-05-24 09:24:58.434,22.8125
2026-05-24 09:25:04.338,22.8125
2026-05-24 09:25:10.241,22.8125
2026-05-24 09:25:16.145,22.8125
2026-05-24 09:25:22.048,22.8125
2026-05-24 09:25:27.955,22.8125
2026-05-24 09:25:33.861,22.75
2026-05-24 09:25:39.767,22.8125
2026-05-24 09:25:45.673,22.8125
2026-05-24 09:25:51.579,22.8125
2026-05-24 09:25:57.486,22.8125
2026-05-24 09:26:03.391,22.75
2026-05-24 09:26:09.297,22.8125
2026-05-24 09:26:15.201,22.8125
2026-05-24 09:26:21.104,22.8125
2026-05-24 09:26:27.011,22.8125
2026-05-24 09:26:32.915,22.75
2026-05-24 09:26:38.820,22.75
2026-05-24 09:26:44.726,22.8125
2026-05-24 09:26:50.632,22.75
2026-05-24 09:26:56.539,22.8125
2026-05-24 09:27:02.442,22.8125
2026-05-24 09:27:08.346,22.8125
2026-05-24 09:27:14.249,22.8125
2026-05-24 09:27:20.153,22.75
2026-05-24 09:27:26.058,22.8125
2026-05-24 09:27:31.961,22.8125
2026-05-24 09:27:37.867,22.8125
2026-05-24 09:27:43.773,22.8125
2026-05-24 09:27:49.680,22.75
2026-05-24 09:27:55.586,22.8125
2026-05-24 09:28:01.489,22.8125
2026-05-24 09:28:07.393,22.75
2026-05-24 09:28:13.296,22.75
2026-05-24 09:28:19.201,22.75
2026-05-24 09:28:25.105,22.8125
2026-05-24 09:28:31.011,22.8125
2026-05-24 09:28:36.916,22.75
2026-05-24 09:28:42.820,22.75
2026-05-24 09:28:48.727,22.8125
2026-05-24 09:28:54.633,22.8125
2026-05-24 09:29:00.538,22.75
2026-05-24 09:29:06.444,22.8125
2026-05-24 09:29:12.348,22.8125
2026-05-24 09:29:18.252,22.75
2026-05-24 09:29:24.156,22.75
2026-05-24 09:29:30.059,22.8125
2026-05-24 09:29:35.963,22.8125
2026-05-24 09:29:41.867,22.8125
2026-05-24 09:29:47.771,22.75
2026-05-24 09:29:53.675,22.8125
2026-05-24 09:29:59.580,22.75
2026-05-24 09:30:05.486,22.8125
2026-05-24 09:30:11.392,22.75
2026-05-24 09:30:17.296,22.8125
2026-05-24 09:30:23.202,22.75
2026-05-24 09:30:29.108,22.8125
2026-05-24 09:30:35.012,22.8125
2026-05-24 09:30:40.916,22.8125
2026-05-24 09:30:46.820,22.8125
2026-05-24 09:30:52.723,22.75
2026-05-24 09:30:58.627,22.75
2026-05-24 09:31:04.531,22.8125
2026-05-24 09:31:10.435,22.8125
2026-05-24 09:31:16.339,22.75
2026-05-24 09:31:22.243,22.8125
2026-05-24 09:31:28.146,22.8125
2026-05-24 09:31:34.052,22.75
2026-05-24 09:31:39.959,22.8125
2026-05-24 09:31:45.865,22.8125
2026-05-24 09:31:51.771,22.75
2026-05-24 09:31:57.677,22.8125
2026-05-24 09:32:03.582,22.8125
2026-05-24 09:32:09.489,22.8125
2026-05-24 09:32:15.392,22.75
2026-05-24 09:32:21.296,22.75
2026-05-24 09:32:27.200,22.8125
2026-05-24 09:32:33.103,22.8125
2026-05-24 09:32:39.010,22.75
2026-05-24 09:32:44.914,22.8125
2026-05-24 09:32:50.820,22.8125
2026-05-24 09:32:56.723,22.8125
2026-05-24 09:33:02.627,22.75
2026-05-24 09:33:08.532,22.8125
2026-05-24 09:33:14.435,22.75
2026-05-24 09:33:20.339,22.8125
2026-05-24 09:33:26.242,22.8125
2026-05-24 09:33:32.147,22.8125
2026-05-24 09:33:38.053,22.8125
2026-05-24 09:33:43.958,22.8125
2026-05-24 09:33:49.864,22.8125
2026-05-24 09:33:55.770,22.75
2026-05-24 09:34:01.677,22.8125
2026-05-24 09:34:07.583,22.75
2026-05-24 09:34:13.486,22.8125
2026-05-24 09:34:19.392,22.8125
2026-05-24 09:34:25.298,22.75
2026-05-24 09:34:31.205,22.8125
2026-05-24 09:34:37.111,22.75
2026-05-24 09:34:43.014,22.8125
2026-05-24 09:34:48.918,22.8125
2026-05-24 09:34:54.822,22.8125
2026-05-24 09:35:00.726,22.8125
2026-05-24 09:35:06.630,22.8125
2026-05-24 09:35:12.533,22.8125
2026-05-24 09:35:18.439,22.8125
2026-05-24 09:35:24.347,22.8125
2026-05-24 09:35:30.252,22.8125
2026-05-24 09:35:36.157,22.8125
2026-05-24 09:35:42.063,22.8125
2026-05-24 09:35:47.967,22.8125
2026-05-24 09:35:53.873,22.8125
2026-05-24 09:35:59.778,22.8125
2026-05-24 09:36:05.681,22.8125
2026-05-24 09:36:11.587,22.8125
2026-05-24 09:36:17.492,22.8125
2026-05-24 09:36:23.397,22.8125
2026-05-24 09:36:29.301,22.75
2026-05-24 09:36:35.207,22.8125
2026-05-24 09:36:41.110,22.8125
2026-05-24 09:36:47.014,22.8125
2026-05-24 09:36:52.919,22.8125
2026-05-24 09:36:58.822,22.8125
2026-05-24 09:37:04.726,22.8125
2026-05-24 09:37:10.629,22.8125
2026-05-24 09:37:16.533,22.8125
2026-05-24 09:37:22.440,22.8125
2026-05-24 09:37:28.344,22.75
2026-05-24 09:37:34.250,22.75
2026-05-24 09:37:40.153,22.75
2026-05-24 09:37:46.057,22.75
2026-05-24 09:37:51.961,22.75
2026-05-24 09:37:57.865,22.8125
2026-05-24 09:38:03.771,22.8125
2026-05-24 09:38:09.677,22.8125
2026-05-24 09:38:15.582,22.8125
2026-05-24 09:38:21.489,22.75
2026-05-24 09:38:27.395,22.75
2026-05-24 09:38:33.299,22.8125
2026-05-24 09:38:39.202,22.75
2026-05-24 09:38:45.106,22.8125
2026-05-24 09:38:51.013,22.8125
2026-05-24 09:38:56.920,22.75
2026-05-24 09:39:02.826,22.75
2026-05-24 09:39:08.730,22.75
2026-05-24 09:39:14.634,22.8125
2026-05-24 09:39:20.538,22.8125
2026-05-24 09:39:26.442,22.8125
2026-05-24 09:39:32.348,22.8125
2026-05-24 09:39:38.254,22.75
2026-05-24 09:39:44.160,22.75
2026-05-24 09:39:50.066,22.8125
2026-05-24 09:39:55.970,22.8125
2026-05-24 09:40:01.873,22.8125
2026-05-24 09:40:07.777,22.75
2026-05-24 09:40:13.684,22.8125
2026-05-24 09:40:19.590,22.75
2026-05-24 09:40:25.493,22.8125
2026-05-24 09:40:31.397,22.8125
2026-05-24 09:40:37.301,22.8125
2026-05-24 09:40:43.206,22.8125
2026-05-24 09:40:49.109,22.75
2026-05-24 09:40:55.015,22.8125
2026-05-24 09:41:00.921,22.8125
2026-05-24 09:41:06.827,22.75
2026-05-24 09:41:12.734,22.8125
2026-05-24 09:41:18.640,22.8125
2026-05-24 09:41:24.546,22.8125
2026-05-24 09:41:30.449,22.75
2026-05-24 09:41:36.353,22.75
2026-05-24 09:41:42.258,22.8125
2026-05-24 09:41:48.162,22.8125
2026-05-24 09:41:54.065,22.8125
2026-05-24 09:41:59.969,22.75
2026-05-24 09:42:05.875,22.8125
2026-05-24 09:42:11.782,22.8125
2026-05-24 09:42:17.685,22.8125
2026-05-24 09:42:23.589,22.8125
2026-05-24 09:42:29.493,22.8125
2026-05-24 09:42:35.397,22.8125
2026-05-24 09:42:41.303,22.8125
2026-05-24 09:42:47.209,22.75
2026-05-24 09:42:53.115,22.8125
2026-05-24 09:42:59.021,22.8125
2026-05-24 09:43:04.928,22.8125
2026-05-24 09:43:10.833,22.8125
2026-05-24 09:43:16.737,22.8125
2026-05-24 09:43:22.643,22.8125
2026-05-24 09:43:28.547,22.8125
2026-05-24 09:43:34.451,22.75
2026-05-24 09:43:40.355,22.75
2026-05-24 09:43:46.258,22.8125
2026-05-24 09:43:52.162,22.8125
2026-05-24 09:43:58.066,22.8125
2026-05-24 09:44:03.973,22.8125
2026-05-24 09:44:09.879,22.8125
2026-05-24 09:44:15.785,22.8125
2026-05-24 09:44:21.690,22.8125
2026-05-24 09:44:27.596,22.8125
2026-05-24 09:44:33.503,22.8125
2026-05-24 09:44:39.409,22.8125
2026-05-24 09:44:45.315,22.8125
2026-05-24 09:44:51.221,22.8125
2026-05-24 09:44:57.126,22.875
2026-05-24 09:45:03.033,22.8125
2026-05-24 09:45:08.936,22.8125
2026-05-24 09:45:14.842,22.8125
2026-05-24 09:45:20.747,22.8125
2026-05-24 09:45:26.654,22.8125
2026-05-24 09:45:32.560,22.8125
2026-05-24 09:45:38.466,22.8125
2026-05-24 09:45:44.372,22.8125
2026-05-24 09:45:50.276,22.8125
2026-05-24 09:45:56.180,22.8125
2026-05-24 09:46:02.084,22.8125
2026-05-24 09:46:07.988,22.8125
2026-05-24 09:46:13.891,22.875
2026-05-24 09:46:19.795,22.8125
2026-05-24 09:46:25.701,22.8125
2026-05-24 09:46:31.605,22.8125
2026-05-24 09:46:37.511,22.8125
2026-05-24 09:46:43.417,22.8125
2026-05-24 09:46:49.323,22.8125
2026-05-24 09:46:55.227,22.8125
2026-05-24 09:47:01.133,22.875
2026-05-24 09:47:07.039,22.8125
2026-05-24 09:47:12.945,22.8125
2026-05-24 09:47:18.851,22.8125
2026-05-24 09:47:24.756,22.8125
2026-05-24 09:47:30.659,22.8125
2026-05-24 09:47:36.563,22.875
2026-05-24 09:47:42.467,22.8125
2026-05-24 09:47:48.370,22.8125
2026-05-24 09:47:54.275,22.8125
2026-05-24 09:48:00.181,22.8125
2026-05-24 09:48:06.087,22.8125
2026-05-24 09:48:11.990,22.8125
2026-05-24 09:48:17.895,22.8125
2026-05-24 09:48:23.799,22.8125
2026-05-24 09:48:29.703,22.8125
2026-05-24 09:48:35.606,22.8125
2026-05-24 09:48:41.510,22.8125
2026-05-24 09:48:47.415,22.8125
2026-05-24 09:48:53.318,22.8125
2026-05-24 09:48:59.222,22.8125
2026-05-24 09:49:05.128,22.8125
2026-05-24 09:49:11.034,22.8125
2026-05-24 09:49:16.941,22.8125
2026-05-24 09:49:22.847,22.8125
2026-05-24 09:49:28.753,22.8125
2026-05-24 09:49:34.660,22.8125
2026-05-24 09:49:40.564,22.8125
2026-05-24 09:49:46.469,22.8125
2026-05-24 09:49:52.372,22.8125
2026-05-24 09:49:58.276,22.8125
2026-05-24 09:50:04.182,22.8125
2026-05-24 09:50:10.088,22.8125
2026-05-24 09:50:15.995,22.8125
2026-05-24 09:50:21.901,22.8125
2026-05-24 09:50:27.804,22.8125
2026-05-24 09:50:33.708,22.8125
2026-05-24 09:50:39.612,22.8125
2026-05-24 09:50:45.516,22.75
2026-05-24 09:50:51.422,22.8125
2026-05-24 09:50:57.328,22.75
2026-05-24 09:51:03.234,22.8125
2026-05-24 09:51:09.139,22.8125
2026-05-24 09:51:15.042,22.8125
2026-05-24 09:51:20.946,22.8125
2026-05-24 09:51:26.851,22.8125
2026-05-24 09:51:32.755,22.8125
2026-05-24 09:51:38.660,22.8125
2026-05-24 09:51:44.566,22.8125
2026-05-24 09:51:50.471,22.8125
2026-05-24 09:51:56.375,22.8125
2026-05-24 09:52:02.279,22.8125
2026-05-24 09:52:08.184,22.8125
2026-05-24 09:52:14.089,22.8125
2026-05-24 09:52:19.993,22.8125
2026-05-24 09:52:25.896,22.8125
2026-05-24 09:52:31.802,22.8125
2026-05-24 09:52:37.707,22.8125
2026-05-24 09:52:43.611,22.8125
2026-05-24 09:52:49.514,22.8125
2026-05-24 09:52:55.418,22.8125
2026-05-24 09:53:01.321,22.8125
2026-05-24 09:53:07.226,22.8125
2026-05-24 09:53:13.130,22.8125
2026-05-24 09:53:19.033,22.8125
2026-05-24 09:53:24.941,22.8125
2026-05-24 09:53:30.847,22.8125
2026-05-24 09:53:36.754,22.8125
2026-05-24 09:53:42.657,22.8125
2026-05-24 09:53:48.561,22.8125
2026-05-24 09:53:54.467,22.8125
2026-05-24 09:54:00.374,22.8125
2026-05-24 09:54:06.279,22.8125
2026-05-24 09:54:12.183,22.8125
2026-05-24 09:54:18.087,22.8125
2026-05-24 09:54:23.991,22.8125
2026-05-24 09:54:29.898,22.8125
2026-05-24 09:54:35.803,22.8125
2026-05-24 09:54:41.707,22.8125
2026-05-24 09:54:47.611,22.8125
2026-05-24 09:54:53.514,22.8125
2026-05-24 09:54:59.419,22.8125
2026-05-24 09:55:05.325,22.875
2026-05-24 09:55:11.231,22.8125
2026-05-24 09:55:17.134,22.8125
2026-05-24 09:55:23.040,22.8125
2026-05-24 09:55:28.947,22.8125
2026-05-24 09:55:34.853,22.8125
2026-05-24 09:55:40.759,22.8125
2026-05-24 09:55:46.664,22.8125
2026-05-24 09:55:52.568,22.8125
2026-05-24 09:55:58.475,22.8125
2026-05-24 09:56:04.379,22.8125
2026-05-24 09:56:10.285,22.8125
2026-05-24 09:56:16.190,22.8125
2026-05-24 09:56:22.098,22.8125
2026-05-24 09:56:28.005,22.8125
2026-05-24 09:56:33.909,22.8125
2026-05-24 09:56:39.812,22.875
2026-05-24 09:56:45.718,22.8125
2026-05-24 09:56:51.622,22.8125
2026-05-24 09:56:57.529,22.8125
2026-05-24 09:57:03.432,22.875
2026-05-24 09:57:09.336,22.8125
2026-05-24 09:57:15.241,22.8125
2026-05-24 09:57:21.148,22.8125
2026-05-24 09:57:27.054,22.8125
2026-05-24 09:57:32.960,22.8125
2026-05-24 09:57:38.866,22.8125
2026-05-24 09:57:44.772,22.8125
2026-05-24 09:57:50.677,22.8125
2026-05-24 09:57:56.580,22.8125
2026-05-24 09:58:02.484,22.875
2026-05-24 09:58:08.390,22.875
2026-05-24 09:58:14.293,22.875
2026-05-24 09:58:20.198,22.875
2026-05-24 09:58:26.102,22.8125
2026-05-24 09:58:32.005,22.8125
2026-05-24 09:58:37.909,22.8125
2026-05-24 09:58:43.813,22.875
2026-05-24 09:58:49.717,22.8125
2026-05-24 09:58:55.623,22.8125
2026-05-24 09:59:01.527,22.8125
2026-05-24 09:59:07.430,22.8125
2026-05-24 09:59:13.334,22.8125
2026-05-24 09:59:19.241,22.8125
2026-05-24 09:59:25.144,22.8125
2026-05-24 09:59:31.048,22.8125
2026-05-24 09:59:36.952,22.8125
2026-05-24 09:59:42.856,22.875
2026-05-24 09:59:48.763,22.875
2026-05-24 09:59:54.668,22.8125
2026-05-24 10:00:00.576,22.8125
2026-05-24 10:00:06.482,22.875
2026-05-24 10:00:12.389,22.875
2026-05-24 10:00:18.292,22.875
2026-05-24 10:00:24.196,22.8125
2026-05-24 10:00:30.099,22.875
2026-05-24 10:00:36.005,22.875
2026-05-24 10:00:41.912,22.8125
2026-05-24 10:00:47.818,22.8125
2026-05-24 10:00:53.721,22.8125
2026-05-24 10:00:59.625,22.8125
2026-05-24 10:01:05.529,22.8125
2026-05-24 10:01:11.433,22.875
2026-05-24 10:01:17.337,22.8125
2026-05-24 10:01:23.241,22.8125
2026-05-24 10:01:29.146,22.8125
2026-05-24 10:01:35.052,22.8125
2026-05-24 10:01:40.959,22.75
2026-05-24 10:01:46.865,22.8125
2026-05-24 10:01:52.773,22.8125
2026-05-24 10:01:58.678,22.8125
2026-05-24 10:02:04.584,22.8125
2026-05-24 10:02:10.491,22.875
2026-05-24 10:02:16.397,22.8125
2026-05-24 10:02:22.303,22.8125
2026-05-24 10:02:28.209,22.8125
2026-05-24 10:02:34.114,22.875
2026-05-24 10:02:40.019,22.8125
2026-05-24 10:02:45.925,22.8125
2026-05-24 10:02:51.831,22.8125
2026-05-24 10:02:57.734,22.8125
2026-05-24 10:03:03.641,22.8125
2026-05-24 10:03:09.545,22.8125
2026-05-24 10:03:15.449,22.8125
2026-05-24 10:03:21.352,22.8125
2026-05-24 10:03:27.256,22.8125
2026-05-24 10:03:33.160,22.8125
2026-05-24 10:03:39.064,22.8125
2026-05-24 10:03:44.970,22.8125
2026-05-24 10:03:50.876,22.8125
2026-05-24 10:03:56.781,22.8125
2026-05-24 10:04:02.688,22.8125
2026-05-24 10:04:08.594,22.8125
2026-05-24 10:04:14.499,22.8125
2026-05-24 10:04:20.403,22.8125
2026-05-24 10:04:26.307,22.8125
2026-05-24 10:04:32.211,22.8125
2026-05-24 10:04:38.117,22.875
2026-05-24 10:04:44.023,22.8125
2026-05-24 10:04:49.926,22.875
2026-05-24 10:04:55.832,22.8125
2026-05-24 10:05:01.741,22.875
2026-05-24 10:05:07.647,22.8125
2026-05-24 10:05:13.550,22.8125
2026-05-24 10:05:19.454,22.8125
2026-05-24 10:05:25.358,22.8125
2026-05-24 10:05:31.263,22.8125
2026-05-24 10:05:37.166,22.8125
2026-05-24 10:05:43.070,22.875
2026-05-24 10:05:48.976,22.8125
2026-05-24 10:05:54.883,22.8125
2026-05-24 10:06:00.788,22.875
2026-05-24 10:06:06.692,22.8125
2026-05-24 10:06:12.596,22.8125
2026-05-24 10:06:18.499,22.8125
2026-05-24 10:06:24.406,22.875
2026-05-24 10:06:30.314,22.8125
2026-05-24 10:06:36.220,22.8125
2026-05-24 10:06:42.126,22.8125
2026-05-24 10:06:48.031,22.875
2026-05-24 10:06:53.936,22.875
2026-05-24 10:06:59.841,22.875
2026-05-24 10:07:05.747,22.8125
2026-05-24 10:07:11.651,22.8125
2026-05-24 10:07:17.554,22.8125
2026-05-24 10:07:23.459,22.875
2026-05-24 10:07:29.363,22.8125
2026-05-24 10:07:35.269,22.8125
2026-05-24 10:07:41.174,22.875
2026-05-24 10:07:47.080,22.875
2026-05-24 10:07:52.987,22.875
2026-05-24 10:07:58.893,22.875
2026-05-24 10:08:04.799,22.875
2026-05-24 10:08:10.702,22.875
2026-05-24 10:08:16.606,22.8125
2026-05-24 10:08:22.511,22.8125
2026-05-24 10:08:28.414,22.875
2026-05-24 10:08:34.318,22.875
2026-05-24 10:08:40.222,22.875
2026-05-24 10:08:46.128,22.8125
2026-05-24 10:08:52.032,22.8125
2026-05-24 10:08:57.938,22.875
2026-05-24 10:09:03.844,22.8125
2026-05-24 10:09:09.747,22.875
2026-05-24 10:09:15.654,22.875
2026-05-24 10:09:21.557,22.875
2026-05-24 10:09:27.461,22.8125
2026-05-24 10:09:33.367,22.875
2026-05-24 10:09:39.273,22.875
2026-05-24 10:09:45.179,22.875
2026-05-24 10:09:51.083,22.8125
2026-05-24 10:09:56.989,22.8125
2026-05-24 10:10:02.895,22.875
2026-05-24 10:10:08.801,22.875
2026-05-24 10:10:14.707,22.8125
2026-05-24 10:10:20.611,22.875
2026-05-24 10:10:26.517,22.875
2026-05-24 10:10:32.423,22.8125
2026-05-24 10:10:38.326,22.875
2026-05-24 10:10:44.231,22.8125
2026-05-24 10:10:50.135,22.875
2026-05-24 10:10:56.038,22.875
2026-05-24 10:11:01.942,22.875
2026-05-24 10:11:07.846,22.8125
2026-05-24 10:11:13.750,22.875
2026-05-24 10:11:19.656,22.8125
2026-05-24 10:11:25.562,22.875
2026-05-24 10:11:31.468,22.8125
2026-05-24 10:11:37.372,22.875
2026-05-24 10:11:43.278,22.8125
2026-05-24 10:11:49.181,22.875
2026-05-24 10:11:55.085,22.875
2026-05-24 10:12:00.991,22.875
2026-05-24 10:12:06.898,22.875
2026-05-24 10:12:12.804,22.8125
2026-05-24 10:12:18.711,22.875
2026-05-24 10:12:24.617,22.875
2026-05-24 10:12:30.523,22.8125
2026-05-24 10:12:36.429,22.8125
2026-05-24 10:12:42.333,22.8125
2026-05-24 10:12:48.237,22.8125
2026-05-24 10:12:54.140,22.8125
2026-05-24 10:13:00.044,22.875
2026-05-24 10:13:05.949,22.8125
2026-05-24 10:13:11.855,22.875
2026-05-24 10:13:17.760,22.875
2026-05-24 10:13:23.664,22.8125
2026-05-24 10:13:29.570,22.875
2026-05-24 10:13:35.477,22.8125
2026-05-24 10:13:41.382,22.875
2026-05-24 10:13:47.288,22.8125
2026-05-24 10:13:53.194,22.8125
2026-05-24 10:13:59.097,22.875
2026-05-24 10:14:05.002,22.875
2026-05-24 10:14:10.905,22.875
2026-05-24 10:14:16.809,22.875
2026-05-24 10:14:22.713,22.8125
2026-05-24 10:14:28.616,22.8125
2026-05-24 10:14:34.523,22.875
2026-05-24 10:14:40.429,22.875
2026-05-24 10:14:46.333,22.875
2026-05-24 10:14:52.236,22.875
2026-05-24 10:14:58.141,22.8125
2026-05-24 10:15:04.045,22.8125
2026-05-24 10:15:09.951,22.8125
2026-05-24 10:15:15.856,22.875
2026-05-24 10:15:21.762,22.875
2026-05-24 10:15:27.669,22.875
2026-05-24 10:15:33.573,22.875
2026-05-24 10:15:39.476,22.8125
2026-05-24 10:15:45.380,22.8125
2026-05-24 10:15:51.285,22.8125
2026-05-24 10:15:57.192,22.875
2026-05-24 10:16:03.098,22.8125
2026-05-24 10:16:09.004,22.875
2026-05-24 10:16:14.910,22.8125
2026-05-24 10:16:20.813,22.875
2026-05-24 10:16:26.718,22.875
2026-05-24 10:16:32.622,22.875
2026-05-24 10:16:38.525,22.8125
2026-05-24 10:16:44.431,22.875
2026-05-24 10:16:50.337,22.8125
2026-05-24 10:16:56.244,22.8125
2026-05-24 10:17:02.150,22.875
2026-05-24 10:17:08.053,22.875
2026-05-24 10:17:13.959,22.875
2026-05-24 10:17:19.863,22.875
2026-05-24 10:17:25.767,22.8125
2026-05-24 10:17:31.673,22.875
2026-05-24 10:17:37.579,22.875
2026-05-24 10:17:43.485,22.875
2026-05-24 10:17:49.390,22.875
2026-05-24 10:17:55.295,22.875
2026-05-24 10:18:01.199,22.875
2026-05-24 10:18:07.103,22.875
2026-05-24 10:18:13.006,22.875
2026-05-24 10:18:18.911,22.875
2026-05-24 10:18:24.815,22.8125
2026-05-24 10:18:30.718,22.875
2026-05-24 10:18:36.622,22.875
2026-05-24 10:18:42.526,22.875
2026-05-24 10:18:48.430,22.875
2026-05-24 10:18:54.336,22.875
2026-05-24 10:19:00.242,22.875
2026-05-24 10:19:06.147,22.875
2026-05-24 10:19:12.053,22.875
2026-05-24 10:19:17.958,22.875
2026-05-24 10:19:23.862,22.875
2026-05-24 10:19:29.765,22.875
2026-05-24 10:19:35.669,22.875
2026-05-24 10:19:41.572,22.8125
2026-05-24 10:19:47.479,22.8125
2026-05-24 10:19:53.383,22.875
2026-05-24 10:19:59.288,22.875
2026-05-24 10:20:05.194,22.8125
2026-05-24 10:20:11.100,22.875
2026-05-24 10:20:17.005,22.875
2026-05-24 10:20:22.911,22.875
2026-05-24 10:20:28.816,22.875
2026-05-24 10:20:34.720,22.875
2026-05-24 10:20:40.624,22.875
2026-05-24 10:20:46.528,22.875
2026-05-24 10:20:52.434,22.875
2026-05-24 10:20:58.339,22.875
2026-05-24 10:21:04.243,22.875
2026-05-24 10:21:10.150,22.875
2026-05-24 10:21:16.054,22.875
2026-05-24 10:21:21.957,22.875
2026-05-24 10:21:27.861,22.875
2026-05-24 10:21:33.765,22.875
2026-05-24 10:21:39.669,22.8125
2026-05-24 10:21:45.575,22.875
2026-05-24 10:21:51.479,22.875
2026-05-24 10:21:57.384,22.875
2026-05-24 10:22:03.288,22.875
2026-05-24 10:22:09.193,22.875
2026-05-24 10:22:15.096,22.8125
2026-05-24 10:22:21.000,22.875
2026-05-24 10:22:26.906,22.875
2026-05-24 10:22:32.810,22.875
2026-05-24 10:22:38.717,22.875
2026-05-24 10:22:44.622,22.875
2026-05-24 10:22:50.528,22.875
2026-05-24 10:22:56.431,22.875
2026-05-24 10:23:02.335,22.8125
2026-05-24 10:23:08.240,22.875
2026-05-24 10:23:14.143,22.875
2026-05-24 10:23:20.047,22.875
2026-05-24 10:23:25.951,22.875
2026-05-24 10:23:31.855,22.875
2026-05-24 10:23:37.761,22.875
2026-05-24 10:23:43.665,22.875
2026-05-24 10:23:49.568,22.875
2026-05-24 10:23:55.472,22.875
2026-05-24 10:24:01.377,22.875
2026-05-24 10:24:07.280,22.875
2026-05-24 10:24:13.184,22.875
2026-05-24 10:24:19.090,22.875
2026-05-24 10:24:24.995,22.875
2026-05-24 10:24:30.902,22.8125
2026-05-24 10:24:36.808,22.875
2026-05-24 10:24:42.712,22.875
2026-05-24 10:24:48.618,22.875
2026-05-24 10:24:54.523,22.875
2026-05-24 10:25:00.428,22.875
2026-05-24 10:25:06.332,22.875
2026-05-24 10:25:12.238,22.875
2026-05-24 10:25:18.143,22.875
2026-05-24 10:25:24.049,22.875
2026-05-24 10:25:29.954,22.875
2026-05-24 10:25:35.859,22.875
2026-05-24 10:25:41.765,22.875
2026-05-24 10:25:47.673,22.875
2026-05-24 10:25:53.578,22.8125
2026-05-24 10:25:59.485,22.875
2026-05-24 10:26:05.391,22.875
2026-05-24 10:26:11.295,22.875
2026-05-24 10:26:17.198,22.875
2026-05-24 10:26:23.102,22.875
2026-05-24 10:26:29.007,22.875
2026-05-24 10:26:34.910,22.875
2026-05-24 10:26:40.814,22.875
2026-05-24 10:26:46.718,22.875
2026-05-24 10:26:52.622,22.875
2026-05-24 10:26:58.526,22.875
2026-05-24 10:27:04.430,22.875
2026-05-24 10:27:10.336,22.875
2026-05-24 10:27:16.241,22.875
2026-05-24 10:27:22.148,22.875
2026-05-24 10:27:28.054,22.875
2026-05-24 10:27:33.960,22.875
2026-05-24 10:27:39.864,22.875
2026-05-24 10:27:45.769,22.875
2026-05-24 10:27:51.674,22.875
2026-05-24 10:27:57.578,22.875
2026-05-24 10:28:03.481,22.875
2026-05-24 10:28:09.385,22.875
2026-05-24 10:28:15.291,22.875
2026-05-24 10:28:21.196,22.875
2026-05-24 10:28:27.101,22.875
2026-05-24 10:28:33.007,22.875
2026-05-24 10:28:38.913,22.9375
2026-05-24 10:28:44.819,22.875
2026-05-24 10:28:50.726,22.875
2026-05-24 10:28:56.632,22.875
2026-05-24 10:29:02.538,22.875
2026-05-24 10:29:08.443,22.875
2026-05-24 10:29:14.350,22.875
2026-05-24 10:29:20.254,22.875
2026-05-24 10:29:26.158,22.875
2026-05-24 10:29:32.061,22.875
2026-05-24 10:29:37.965,22.875
2026-05-24 10:29:43.870,22.875
2026-05-24 10:29:49.773,22.875
2026-05-24 10:29:55.677,22.875
2026-05-24 10:30:01.583,22.875
2026-05-24 10:30:07.489,22.875
2026-05-24 10:30:13.395,22.875
2026-05-24 10:30:19.299,22.875
2026-05-24 10:30:25.203,22.875
2026-05-24 10:30:31.106,22.875
2026-05-24 10:30:37.012,22.875
2026-05-24 10:30:42.919,22.875
2026-05-24 10:30:48.825,22.875
2026-05-24 10:30:54.728,22.875
2026-05-24 10:31:00.632,22.875
2026-05-24 10:31:06.536,22.875
2026-05-24 10:31:12.442,22.875
2026-05-24 10:31:18.348,22.875
2026-05-24 10:31:24.254,22.875
2026-05-24 10:31:30.160,22.875
2026-05-24 10:31:36.065,22.875
2026-05-24 10:31:41.970,22.875
2026-05-24 10:31:47.874,22.875
2026-05-24 10:31:53.777,22.875
2026-05-24 10:31:59.683,22.875
2026-05-24 10:32:05.589,22.875
2026-05-24 10:32:11.496,22.8125
2026-05-24 10:32:17.399,22.875
2026-05-24 10:32:23.305,22.875
2026-05-24 10:32:29.211,22.875
2026-05-24 10:32:35.116,22.875
2026-05-24 10:32:41.020,22.875
2026-05-24 10:32:46.925,22.875
2026-05-24 10:32:52.829,22.875
2026-05-24 10:32:58.735,22.875
2026-05-24 10:33:04.642,22.875
2026-05-24 10:33:10.545,22.875
2026-05-24 10:33:16.449,22.875
2026-05-24 10:33:22.353,22.875
2026-05-24 10:33:28.256,22.875
2026-05-24 10:33:34.163,22.875
2026-05-24 10:33:40.067,22.9375
2026-05-24 10:33:45.973,22.875
2026-05-24 10:33:51.876,22.875
2026-05-24 10:33:57.782,22.875
2026-05-24 10:34:03.689,22.875
2026-05-24 10:34:09.593,22.875
2026-05-24 10:34:15.499,22.8125
2026-05-24 10:34:21.405,22.875
2026-05-24 10:34:27.310,22.875
2026-05-24 10:34:33.217,22.875
2026-05-24 10:34:39.120,22.875
2026-05-24 10:34:45.024,22.8125
2026-05-24 10:34:50.928,22.8125
2026-05-24 10:34:56.833,22.875
2026-05-24 10:35:02.740,22.875
2026-05-24 10:35:08.646,22.875
2026-05-24 10:35:14.554,22.8125
2026-05-24 10:35:20.457,22.875
2026-05-24 10:35:26.362,22.875
2026-05-24 10:35:32.266,22.875
2026-05-24 10:35:38.169,22.875
2026-05-24 10:35:44.073,22.875
2026-05-24 10:35:49.977,22.8125
2026-05-24 10:35:55.883,22.875
2026-05-24 10:36:01.789,22.875
2026-05-24 10:36:07.693,22.8125
2026-05-24 10:36:13.597,22.875
2026-05-24 10:36:19.500,22.875
2026-05-24 10:36:25.405,22.8125
2026-05-24 10:36:31.309,22.875
2026-05-24 10:36:37.214,22.875
2026-05-24 10:36:43.120,22.875
2026-05-24 10:36:49.026,22.875
2026-05-24 10:36:54.933,22.875
2026-05-24 10:37:00.839,22.875
2026-05-24 10:37:06.742,22.8125
2026-05-24 10:37:12.646,22.875
2026-05-24 10:37:18.550,22.875
2026-05-24 10:37:24.454,22.875
2026-05-24 10:37:30.360,22.875
2026-05-24 10:37:36.266,22.8125
2026-05-24 10:37:42.172,22.875
2026-05-24 10:37:48.078,22.8125
2026-05-24 10:37:53.985,22.875
2026-05-24 10:37:59.891,22.875
2026-05-24 10:38:05.794,22.875
2026-05-24 10:38:11.698,22.875
2026-05-24 10:38:17.604,22.875
2026-05-24 10:38:23.508,22.875
2026-05-24 10:38:29.411,22.875
2026-05-24 10:38:35.315,22.875
2026-05-24 10:38:41.219,22.875
2026-05-24 10:38:47.123,22.875
2026-05-24 10:38:53.030,22.875
2026-05-24 10:38:58.935,22.875
2026-05-24 10:39:04.841,22.875
2026-05-24 10:39:10.747,22.875
2026-05-24 10:39:16.651,22.875
2026-05-24 10:39:22.555,22.875
2026-05-24 10:39:28.458,22.875
2026-05-24 10:39:34.362,22.875
2026-05-24 10:39:40.268,22.875
2026-05-24 10:39:46.175,22.875
2026-05-24 10:39:52.078,22.875
2026-05-24 10:39:57.984,22.875
2026-05-24 10:40:03.890,22.875
2026-05-24 10:40:09.796,22.875
2026-05-24 10:40:15.701,22.875
2026-05-24 10:40:21.604,22.875
2026-05-24 10:40:27.510,22.875
2026-05-24 10:40:33.416,22.875
2026-05-24 10:40:39.320,22.875
2026-05-24 10:40:45.227,22.875
2026-05-24 10:40:51.132,22.875
2026-05-24 10:40:57.038,22.8125
2026-05-24 10:41:02.944,22.875
2026-05-24 10:41:08.850,22.875
2026-05-24 10:41:14.756,22.8125
2026-05-24 10:41:20.660,22.875
2026-05-24 10:41:26.564,22.875
2026-05-24 10:41:32.467,22.875
2026-05-24 10:41:38.374,22.875
2026-05-24 10:41:44.280,22.875
2026-05-24 10:41:50.186,22.875
2026-05-24 10:41:56.092,22.875
2026-05-24 10:42:01.997,22.875
2026-05-24 10:42:07.904,22.875
2026-05-24 10:42:13.810,22.875
2026-05-24 10:42:19.715,22.875
2026-05-24 10:42:25.621,22.875
2026-05-24 10:42:31.527,22.875
2026-05-24 10:42:37.434,22.875
2026-05-24 10:42:43.338,22.875
2026-05-24 10:42:49.241,22.875
2026-05-24 10:42:55.145,22.875
2026-05-24 10:43:01.049,22.8125
2026-05-24 10:43:06.955,22.875
2026-05-24 10:43:12.861,22.875
2026-05-24 10:43:18.767,22.875
2026-05-24 10:43:24.670,22.875
2026-05-24 10:43:30.574,22.875
2026-05-24 10:43:36.479,22.875
2026-05-24 10:43:42.382,22.875
2026-05-24 10:43:48.286,22.875
2026-05-24 10:43:54.190,22.875
2026-05-24 10:44:00.096,22.875
2026-05-24 10:44:06.003,22.875
2026-05-24 10:44:11.909,22.875
2026-05-24 10:44:17.814,22.875
2026-05-24 10:44:23.718,22.875
2026-05-24 10:44:29.623,22.875
2026-05-24 10:44:35.526,22.875
2026-05-24 10:44:41.430,22.875
2026-05-24 10:44:47.333,22.875
2026-05-24 10:44:53.237,22.875
2026-05-24 10:44:59.142,22.875
2026-05-24 10:45:05.046,22.875
2026-05-24 10:45:10.949,22.875
2026-05-24 10:45:16.855,22.875
2026-05-24 10:45:22.759,22.875
2026-05-24 10:45:28.664,22.8125
2026-05-24 10:45:34.569,22.875
2026-05-24 10:45:40.473,22.875
2026-05-24 10:45:46.377,22.875
2026-05-24 10:45:52.282,22.875
2026-05-24 10:45:58.187,22.875
2026-05-24 10:46:04.093,22.875
2026-05-24 10:46:09.999,22.875
2026-05-24 10:46:15.904,22.9375
2026-05-24 10:46:21.808,22.875
2026-05-24 10:46:27.714,22.8125
2026-05-24 10:46:33.618,22.875
2026-05-24 10:46:39.522,22.875
2026-05-24 10:46:45.425,22.875
2026-05-24 10:46:51.331,22.875
2026-05-24 10:46:57.236,22.875
2026-05-24 10:47:03.142,22.875
2026-05-24 10:47:09.045,22.875
2026-05-24 10:47:14.949,22.875
2026-05-24 10:47:20.854,22.875
2026-05-24 10:47:26.757,22.875
2026-05-24 10:47:32.661,22.875
2026-05-24 10:47:38.565,22.875
2026-05-24 10:47:44.468,22.875
2026-05-24 10:47:50.373,22.875
2026-05-24 10:47:56.277,22.875
2026-05-24 10:48:02.180,22.875
2026-05-24 10:48:08.086,22.875
2026-05-24 10:48:13.990,22.875
2026-05-24 10:48:19.897,22.8125
2026-05-24 10:48:25.803,22.875
2026-05-24 10:48:31.708,22.875
2026-05-24 10:48:37.614,22.875
2026-05-24 10:48:43.518,22.875
2026-05-24 10:48:49.425,22.875
2026-05-24 10:48:55.331,22.875
2026-05-24 10:49:01.236,22.875
2026-05-24 10:49:07.140,22.875
2026-05-24 10:49:13.044,22.875
2026-05-24 10:49:18.948,22.875
2026-05-24 10:49:24.854,22.875
2026-05-24 10:49:30.757,22.875
2026-05-24 10:49:36.661,22.8125
2026-05-24 10:49:42.565,22.875
2026-05-24 10:49:48.470,22.875
2026-05-24 10:49:54.373,22.875
2026-05-24 10:50:00.277,22.875
2026-05-24 10:50:06.181,22.875
2026-05-24 10:50:12.087,22.875
2026-05-24 10:50:17.993,22.875
2026-05-24 10:50:23.899,22.875
2026-05-24 10:50:29.803,22.875
2026-05-24 10:50:35.706,22.875
2026-05-24 10:50:41.611,22.875
2026-05-24 10:50:47.517,22.875
2026-05-24 10:50:53.423,22.875
2026-05-24 10:50:59.327,22.875
2026-05-24 10:51:05.233,22.875
2026-05-24 10:51:11.137,22.875
2026-05-24 10:51:17.041,22.875
2026-05-24 10:51:22.945,22.875
2026-05-24 10:51:28.848,22.875
2026-05-24 10:51:34.752,22.875
2026-05-24 10:51:40.657,22.875
2026-05-24 10:51:46.560,22.875
2026-05-24 10:51:52.464,22.875
2026-05-24 10:51:58.370,22.875
2026-05-24 10:52:04.273,22.8125
2026-05-24 10:52:10.180,22.875
2026-05-24 10:52:16.086,22.875
2026-05-24 10:52:21.992,22.875
2026-05-24 10:52:27.896,22.875
2026-05-24 10:52:33.801,22.875
2026-05-24 10:52:39.708,22.875
2026-05-24 10:52:45.614,22.875
2026-05-24 10:52:51.518,22.875
2026-05-24 10:52:57.421,22.875
2026-05-24 10:53:03.325,22.875
2026-05-24 10:53:09.230,22.875
2026-05-24 10:53:15.136,22.875
2026-05-24 10:53:21.039,22.8125
2026-05-24 10:53:26.945,22.875
2026-05-24 10:53:32.852,22.875
2026-05-24 10:53:38.757,22.875
2026-05-24 10:53:44.661,22.875
2026-05-24 10:53:50.565,22.9375
2026-05-24 10:53:56.468,22.875
2026-05-24 10:54:02.373,22.875
2026-05-24 10:54:08.277,22.875
2026-05-24 10:54:14.180,22.875
2026-05-24 10:54:20.084,22.875
2026-05-24 10:54:25.988,22.875
2026-05-24 10:54:31.892,22.875
2026-05-24 10:54:37.798,22.875
2026-05-24 10:54:43.704,22.875
2026-05-24 10:54:49.610,22.9375
2026-05-24 10:54:55.514,22.875
2026-05-24 10:55:01.418,22.875
2026-05-24 10:55:07.322,22.875
2026-05-24 10:55:13.226,22.875
2026-05-24 10:55:19.129,22.875
2026-05-24 10:55:25.033,22.875
2026-05-24 10:55:30.937,22.875
2026-05-24 10:55:36.841,22.875
2026-05-24 10:55:42.745,22.875
2026-05-24 10:55:48.651,22.875
2026-05-24 10:55:54.557,22.875
2026-05-24 10:56:00.463,22.875
2026-05-24 10:56:06.369,22.875
2026-05-24 10:56:12.276,22.875
2026-05-24 10:56:18.182,22.875
2026-05-24 10:56:24.089,22.875
2026-05-24 10:56:29.992,22.875
2026-05-24 10:56:35.896,22.875
2026-05-24 10:56:41.800,22.875
2026-05-24 10:56:47.703,22.875
2026-05-24 10:56:53.608,22.875
2026-05-24 10:56:59.514,22.875
2026-05-24 10:57:05.420,22.875
2026-05-24 10:57:11.325,22.875
2026-05-24 10:57:17.231,22.875
2026-05-24 10:57:23.136,22.875
2026-05-24 10:57:29.039,22.875
2026-05-24 10:57:34.943,22.875
2026-05-24 10:57:40.849,22.9375
2026-05-24 10:57:46.755,22.875
2026-05-24 10:57:52.662,22.875
2026-05-24 10:57:58.566,22.875
2026-05-24 10:58:04.469,22.875
2026-05-24 10:58:10.373,22.875
2026-05-24 10:58:16.278,22.875
2026-05-24 10:58:22.183,22.875
2026-05-24 10:58:28.089,22.875
2026-05-24 10:58:33.995,22.875
2026-05-24 10:58:39.900,22.875
2026-05-24 10:58:45.806,22.875
2026-05-24 10:58:51.713,22.875
2026-05-24 10:58:57.618,22.875
2026-05-24 10:59:03.522,22.875
2026-05-24 10:59:09.426,22.875
2026-05-24 10:59:15.330,22.875
2026-05-24 10:59:21.236,22.875
2026-05-24 10:59:27.139,22.875
2026-05-24 10:59:33.043,22.875
2026-05-24 10:59:38.947,22.875
2026-05-24 10:59:44.851,22.875
2026-05-24 10:59:50.755,22.875
2026-05-24 10:59:56.658,22.875
2026-05-24 11:00:02.562,22.875
2026-05-24 11:00:08.466,22.875
2026-05-24 11:00:14.370,22.9375
2026-05-24 11:00:20.274,22.875
2026-05-24 11:00:26.180,22.875
2026-05-24 11:00:32.086,22.875
2026-05-24 11:00:37.992,22.875
2026-05-24 11:00:43.896,22.875
2026-05-24 11:00:49.800,22.875
2026-05-24 11:00:55.703,22.9375
2026-05-24 11:01:01.607,22.875
2026-05-24 11:01:07.511,22.875
2026-05-24 11:01:13.415,22.9375
2026-05-24 11:01:19.319,22.9375
2026-05-24 11:01:25.223,22.875
2026-05-24 11:01:31.128,22.875
2026-05-24 11:01:37.032,22.875
2026-05-24 11:01:42.939,22.875
2026-05-24 11:01:48.845,22.875
2026-05-24 11:01:54.748,22.875
2026-05-24 11:02:00.654,22.875
2026-05-24 11:02:06.558,22.875
2026-05-24 11:02:12.462,22.875
2026-05-24 11:02:18.368,22.8125
2026-05-24 11:02:24.272,22.875
2026-05-24 11:02:30.178,22.9375
2026-05-24 11:02:36.082,22.9375
2026-05-24 11:02:41.986,22.875
2026-05-24 11:02:47.891,22.875
2026-05-24 11:02:53.795,22.875
2026-05-24 11:02:59.699,22.875
2026-05-24 11:03:05.603,22.875
2026-05-24 11:03:11.507,22.875
2026-05-24 11:03:17.411,22.875
2026-05-24 11:03:23.314,22.875
2026-05-24 11:03:29.220,22.875
2026-05-24 11:03:35.129,22.875
2026-05-24 11:03:41.035,22.875
2026-05-24 11:03:46.938,22.875
2026-05-24 11:03:52.842,22.875
2026-05-24 11:03:58.746,22.875
2026-05-24 11:04:04.650,22.875
2026-05-24 11:04:10.554,22.875
2026-05-24 11:04:16.458,22.875
2026-05-24 11:04:22.361,22.875
2026-05-24 11:04:28.265,22.875
2026-05-24 11:04:34.170,22.875
2026-05-24 11:04:40.076,22.875
2026-05-24 11:04:45.983,22.875
2026-05-24 11:04:51.889,22.875
2026-05-24 11:04:57.796,22.875
2026-05-24 11:05:03.702,22.9375
2026-05-24 11:05:09.605,22.875
2026-05-24 11:05:15.509,22.875
2026-05-24 11:05:21.414,22.875
2026-05-24 11:05:27.321,22.875
2026-05-24 11:05:33.227,22.875
2026-05-24 11:05:39.130,22.875
2026-05-24 11:05:45.034,22.875
2026-05-24 11:05:50.940,22.9375
2026-05-24 11:05:56.846,22.9375
2026-05-24 11:06:02.752,22.875
2026-05-24 11:06:08.658,22.875
2026-05-24 11:06:14.564,22.875
2026-05-24 11:06:20.468,22.875
2026-05-24 11:06:26.372,22.875
2026-05-24 11:06:32.276,22.875
2026-05-24 11:06:38.180,22.875
2026-05-24 11:06:44.083,22.875
2026-05-24 11:06:49.987,22.875
2026-05-24 11:06:55.894,22.875
2026-05-24 11:07:01.800,22.9375
2026-05-24 11:07:07.705,22.875
2026-05-24 11:07:13.611,22.875
2026-05-24 11:07:19.517,22.875
2026-05-24 11:07:25.422,22.875
2026-05-24 11:07:31.326,22.875
2026-05-24 11:07:37.229,22.875
2026-05-24 11:07:43.133,22.875
2026-05-24 11:07:49.037,22.875
2026-05-24 11:07:54.944,22.875
2026-05-24 11:08:00.850,22.875
2026-05-24 11:08:06.756,22.875
2026-05-24 11:08:12.661,22.875
2026-05-24 11:08:18.568,22.875
2026-05-24 11:08:24.472,22.9375
2026-05-24 11:08:30.376,22.875
2026-05-24 11:08:36.281,22.875
2026-05-24 11:08:42.187,22.875
2026-05-24 11:08:48.094,22.875
2026-05-24 11:08:54.000,22.875
2026-05-24 11:08:59.903,22.875
2026-05-24 11:09:05.807,22.875
2026-05-24 11:09:11.711,22.875
2026-05-24 11:09:17.615,22.875
2026-05-24 11:09:23.519,22.875
2026-05-24 11:09:29.425,22.875
2026-05-24 11:09:35.331,22.875
2026-05-24 11:09:41.237,22.875
2026-05-24 11:09:47.144,22.875
2026-05-24 11:09:53.050,22.875
2026-05-24 11:09:58.953,22.875
2026-05-24 11:10:04.857,22.875
2026-05-24 11:10:10.761,22.875
2026-05-24 11:10:16.665,22.875
2026-05-24 11:10:22.571,22.875
2026-05-24 11:10:28.477,22.875
2026-05-24 11:10:34.383,22.875
2026-05-24 11:10:40.289,22.875
2026-05-24 11:10:46.193,22.875
2026-05-24 11:10:52.099,22.875
2026-05-24 11:10:58.003,22.875
2026-05-24 11:11:03.909,22.875
2026-05-24 11:11:09.815,22.875
2026-05-24 11:11:15.719,22.875
2026-05-24 11:11:21.622,22.875
2026-05-24 11:11:27.526,22.875
2026-05-24 11:11:33.430,22.875
2026-05-24 11:11:39.335,22.875
2026-05-24 11:11:45.238,22.875
2026-05-24 11:11:51.142,22.875
2026-05-24 11:11:57.048,22.875
2026-05-24 11:12:02.955,22.875
2026-05-24 11:12:08.860,22.875
2026-05-24 11:12:14.766,22.875
2026-05-24 11:12:20.672,22.875
2026-05-24 11:12:26.578,22.9375
2026-05-24 11:12:32.482,22.875
2026-05-24 11:12:38.386,22.875
2026-05-24 11:12:44.290,22.875
2026-05-24 11:12:50.194,22.875
2026-05-24 11:12:56.100,22.875
2026-05-24 11:13:02.003,22.9375
2026-05-24 11:13:07.908,22.875
2026-05-24 11:13:13.812,22.875
2026-05-24 11:13:19.718,22.875
2026-05-24 11:13:25.623,22.875
2026-05-24 11:13:31.529,22.875
2026-05-24 11:13:37.436,22.875
2026-05-24 11:13:43.340,22.875
2026-05-24 11:13:49.246,22.875
2026-05-24 11:13:55.152,22.875
2026-05-24 11:14:01.056,22.875
2026-05-24 11:14:06.960,22.875
2026-05-24 11:14:12.864,22.9375
2026-05-24 11:14:18.767,22.875
2026-05-24 11:14:24.671,22.875
2026-05-24 11:14:30.576,22.875
2026-05-24 11:14:36.479,22.875
2026-05-24 11:14:42.383,22.875
2026-05-24 11:14:48.287,22.875
2026-05-24 11:14:54.193,22.875
2026-05-24 11:15:00.100,22.875
2026-05-24 11:15:06.003,22.875
2026-05-24 11:15:11.907,22.875
2026-05-24 11:15:17.810,22.9375
2026-05-24 11:15:23.714,22.875
2026-05-24 11:15:29.621,22.875
2026-05-24 11:15:35.527,22.875
2026-05-24 11:15:41.433,22.875
2026-05-24 11:15:47.336,22.875
2026-05-24 11:15:53.240,22.875
2026-05-24 11:15:59.147,22.875
2026-05-24 11:16:05.051,22.875
2026-05-24 11:16:10.954,22.875
2026-05-24 11:16:16.858,22.875
2026-05-24 11:16:22.762,22.875
2026-05-24 11:16:28.669,22.875
2026-05-24 11:16:34.574,22.875
2026-05-24 11:16:40.480,22.875
2026-05-24 11:16:46.386,22.875
2026-05-24 11:16:52.293,22.9375
2026-05-24 11:16:58.199,22.9375
2026-05-24 11:17:04.105,22.875
2026-05-24 11:17:10.008,22.875
2026-05-24 11:17:15.914,22.9375
2026-05-24 11:17:21.821,22.875
2026-05-24 11:17:27.725,22.9375
2026-05-24 11:17:33.631,22.875
2026-05-24 11:17:39.534,22.875
2026-05-24 11:17:45.438,22.875
2026-05-24 11:17:51.343,22.875
2026-05-24 11:17:57.246,22.875
2026-05-24 11:18:03.150,22.875
2026-05-24 11:18:09.056,22.875
2026-05-24 11:18:14.962,22.875
2026-05-24 11:18:20.867,22.9375
2026-05-24 11:18:26.770,22.9375
2026-05-24 11:18:32.674,22.875
2026-05-24 11:18:38.578,22.875
2026-05-24 11:18:44.481,22.9375
2026-05-24 11:18:50.388,22.875
2026-05-24 11:18:56.294,22.875
2026-05-24 11:19:02.200,22.875
2026-05-24 11:19:08.104,22.875
2026-05-24 11:19:14.007,22.9375
2026-05-24 11:19:19.914,22.875
2026-05-24 11:19:25.817,22.9375
2026-05-24 11:19:31.721,22.875
2026-05-24 11:19:37.625,22.8125
2026-05-24 11:19:43.530,22.875
2026-05-24 11:19:49.433,22.875
2026-05-24 11:19:55.337,22.875
2026-05-24 11:20:01.241,22.875
2026-05-24 11:20:07.146,22.9375
2026-05-24 11:20:13.051,22.875
2026-05-24 11:20:18.955,22.875
2026-05-24 11:20:24.858,22.875
2026-05-24 11:20:30.764,22.875
2026-05-24 11:20:36.670,22.875
2026-05-24 11:20:42.577,22.875
2026-05-24 11:20:48.481,22.8125
2026-05-24 11:20:54.384,22.875
2026-05-24 11:21:00.288,22.875
2026-05-24 11:21:06.194,22.875
2026-05-24 11:21:12.101,22.875
2026-05-24 11:21:18.007,22.875
2026-05-24 11:21:23.910,22.875
2026-05-24 11:21:29.816,22.875
2026-05-24 11:21:35.719,22.875
2026-05-24 11:21:41.626,22.875
2026-05-24 11:21:47.532,22.875
2026-05-24 11:21:53.436,22.875
2026-05-24 11:21:59.342,22.875
2026-05-24 11:22:05.248,22.875
2026-05-24 11:22:11.152,22.875
2026-05-24 11:22:17.056,22.875
2026-05-24 11:22:22.962,22.875
2026-05-24 11:22:28.867,22.875
2026-05-24 11:22:34.773,22.875
2026-05-24 11:22:40.680,22.875
2026-05-24 11:22:46.586,22.875
2026-05-24 11:22:52.490,22.8125
2026-05-24 11:22:58.394,22.875
2026-05-24 11:23:04.298,22.875
2026-05-24 11:23:10.202,22.875
2026-05-24 11:23:16.108,22.875
2026-05-24 11:23:22.011,22.875
2026-05-24 11:23:27.917,22.875
2026-05-24 11:23:33.824,22.875
2026-05-24 11:23:39.730,22.875
2026-05-24 11:23:45.636,22.875
2026-05-24 11:23:51.541,22.875
2026-05-24 11:23:57.445,22.875
2026-05-24 11:24:03.350,22.875
2026-05-24 11:24:09.253,22.875
2026-05-24 11:24:15.157,22.8125
2026-05-24 11:24:21.061,22.8125
2026-05-24 11:24:26.967,22.875
2026-05-24 11:24:32.873,22.8125
2026-05-24 11:24:38.780,22.875
2026-05-24 11:24:44.683,22.875
2026-05-24 11:24:50.587,22.875
2026-05-24 11:24:56.490,22.875
2026-05-24 11:25:02.395,22.875
2026-05-24 11:25:08.301,22.875
2026-05-24 11:25:14.207,22.875
2026-05-24 11:25:20.113,22.875
2026-05-24 11:25:26.019,22.875
2026-05-24 11:25:31.924,22.875
2026-05-24 11:25:37.827,22.875
2026-05-24 11:25:43.731,22.875
2026-05-24 11:25:49.635,22.875
2026-05-24 11:25:55.539,22.875
2026-05-24 11:26:01.443,22.9375
2026-05-24 11:26:07.347,22.875
2026-05-24 11:26:13.250,22.875
2026-05-24 11:26:19.154,22.875
2026-05-24 11:26:25.061,22.875
2026-05-24 11:26:30.964,22.875
2026-05-24 11:26:36.870,22.875
2026-05-24 11:26:42.776,22.875
2026-05-24 11:26:48.680,22.875
2026-05-24 11:26:54.584,22.875
2026-05-24 11:27:00.488,22.875
2026-05-24 11:27:06.392,22.8125
2026-05-24 11:27:12.295,22.875
2026-05-24 11:27:18.199,22.875
2026-05-24 11:27:24.103,22.875
2026-05-24 11:27:30.007,22.875
2026-05-24 11:27:35.911,22.875
2026-05-24 11:27:41.816,22.875
2026-05-24 11:27:47.720,22.875
2026-05-24 11:27:53.625,22.875
2026-05-24 11:27:59.531,22.875
2026-05-24 11:28:05.434,22.875
2026-05-24 11:28:11.340,22.875
2026-05-24 11:28:17.246,22.875
2026-05-24 11:28:23.151,22.875
2026-05-24 11:28:29.054,22.875
2026-05-24 11:28:34.958,22.875
2026-05-24 11:28:40.861,22.9375
2026-05-24 11:28:46.768,22.875
2026-05-24 11:28:52.674,22.875
2026-05-24 11:28:58.580,22.9375
2026-05-24 11:29:04.483,22.875
2026-05-24 11:29:10.389,22.875
2026-05-24 11:29:16.296,22.875
2026-05-24 11:29:22.200,22.875
2026-05-24 11:29:28.103,22.875
2026-05-24 11:29:34.009,22.875
2026-05-24 11:29:39.914,22.875
2026-05-24 11:29:45.819,22.875
2026-05-24 11:29:51.723,22.875
2026-05-24 11:29:57.626,22.875
2026-05-24 11:30:03.533,22.875
2026-05-24 11:30:09.438,22.875
2026-05-24 11:30:15.343,22.875
2026-05-24 11:30:21.248,22.875
2026-05-24 11:30:27.154,22.875
2026-05-24 11:30:33.058,22.875
2026-05-24 11:30:38.961,22.875
2026-05-24 11:30:44.866,22.875
2026-05-24 11:30:50.770,22.8125
2026-05-24 11:30:56.675,22.8125
2026-05-24 11:31:02.579,22.875
2026-05-24 11:31:08.482,22.875
2026-05-24 11:31:14.387,22.875
2026-05-24 11:31:20.293,22.875
2026-05-24 11:31:26.199,22.875
2026-05-24 11:31:32.105,22.875
2026-05-24 11:31:38.012,22.875
2026-05-24 11:31:43.915,22.875
2026-05-24 11:31:49.823,22.875
2026-05-24 11:31:55.726,22.875
2026-05-24 11:32:01.630,22.875
2026-05-24 11:32:07.535,22.875
2026-05-24 11:32:13.438,22.9375
2026-05-24 11:32:19.344,22.875
2026-05-24 11:32:25.250,22.875
2026-05-24 11:32:31.155,22.875
2026-05-24 11:32:37.060,22.875
2026-05-24 11:32:42.963,22.875
2026-05-24 11:32:48.869,22.875
2026-05-24 11:32:54.773,22.875
2026-05-24 11:33:00.676,22.875
2026-05-24 11:33:06.581,22.875
2026-05-24 11:33:12.485,22.875
2026-05-24 11:33:18.391,22.875
2026-05-24 11:33:24.294,22.875
2026-05-24 11:33:30.200,22.875
2026-05-24 11:33:36.107,22.875
2026-05-24 11:33:42.013,22.875
2026-05-24 11:33:47.919,22.875
2026-05-24 11:33:53.825,22.875
2026-05-24 11:33:59.728,22.875
2026-05-24 11:34:05.633,22.875
2026-05-24 11:34:11.536,22.875
2026-05-24 11:34:17.440,22.875
2026-05-24 11:34:23.344,22.875
2026-05-24 11:34:29.251,22.875
2026-05-24 11:34:35.154,22.875
2026-05-24 11:34:41.058,22.875
2026-05-24 11:34:46.963,22.875
2026-05-24 11:34:52.869,22.875
2026-05-24 11:34:58.774,22.875
2026-05-24 11:35:04.680,22.875
2026-05-24 11:35:10.585,22.875
2026-05-24 11:35:16.489,22.875
2026-05-24 11:35:22.393,22.8125
2026-05-24 11:35:28.297,22.8125
2026-05-24 11:35:34.201,22.875
2026-05-24 11:35:40.107,22.875
2026-05-24 11:35:46.010,22.875
2026-05-24 11:35:51.916,22.875
2026-05-24 11:35:57.823,22.875
2026-05-24 11:36:03.728,22.875
2026-05-24 11:36:09.632,22.875
2026-05-24 11:36:15.538,22.875
2026-05-24 11:36:21.444,22.875
2026-05-24 11:36:27.350,22.875
2026-05-24 11:36:33.256,22.875
2026-05-24 11:36:39.162,22.875
2026-05-24 11:36:45.068,22.875
2026-05-24 11:36:50.974,22.875
2026-05-24 11:36:56.878,22.875
2026-05-24 11:37:02.782,22.875
2026-05-24 11:37:08.686,22.875
2026-05-24 11:37:14.589,22.875
2026-05-24 11:37:20.495,22.9375
2026-05-24 11:37:26.400,22.875
2026-05-24 11:37:32.303,22.875
2026-05-24 11:37:38.209,22.875
2026-05-24 11:37:44.115,22.875
2026-05-24 11:37:50.019,22.875
2026-05-24 11:37:55.923,22.875
2026-05-24 11:38:01.829,22.9375
2026-05-24 11:38:07.732,22.875
2026-05-24 11:38:13.636,22.9375
2026-05-24 11:38:19.541,22.875
2026-05-24 11:38:25.447,22.875
2026-05-24 11:38:31.353,22.875
2026-05-24 11:38:37.258,22.875
2026-05-24 11:38:43.162,22.875
2026-05-24 11:38:49.067,22.9375
2026-05-24 11:38:54.972,22.875
2026-05-24 11:39:00.876,22.875
2026-05-24 11:39:06.779,22.875
2026-05-24 11:39:12.685,22.875
2026-05-24 11:39:18.592,22.9375
2026-05-24 11:39:24.496,22.9375
2026-05-24 11:39:30.402,22.875
2026-05-24 11:39:36.308,22.875
2026-05-24 11:39:42.211,22.9375
2026-05-24 11:39:48.116,22.875
2026-05-24 11:39:54.019,22.9375
2026-05-24 11:39:59.923,22.875
2026-05-24 11:40:05.827,22.875
2026-05-24 11:40:11.730,22.875
2026-05-24 11:40:17.637,22.875
2026-05-24 11:40:23.543,22.875
2026-05-24 11:40:29.449,22.9375
2026-05-24 11:40:35.352,22.875
2026-05-24 11:40:41.259,22.875
2026-05-24 11:40:47.163,22.875
2026-05-24 11:40:53.069,22.9375
2026-05-24 11:40:58.973,22.875
2026-05-24 11:41:04.878,22.875
2026-05-24 11:41:10.785,22.875
2026-05-24 11:41:16.690,22.875
2026-05-24 11:41:22.596,22.9375
2026-05-24 11:41:28.502,22.875
2026-05-24 11:41:34.408,22.9375
2026-05-24 11:41:40.315,22.875
2026-05-24 11:41:46.220,22.875
2026-05-24 11:41:52.126,22.9375
2026-05-24 11:41:58.032,22.875
2026-05-24 11:42:03.938,22.875
2026-05-24 11:42:09.844,22.875
2026-05-24 11:42:15.750,22.875
2026-05-24 11:42:21.656,22.875
2026-05-24 11:42:27.559,22.875
2026-05-24 11:42:33.463,22.875
2026-05-24 11:42:39.370,22.875
2026-05-24 11:42:45.276,22.875
2026-05-24 11:42:51.182,22.875
2026-05-24 11:42:57.087,22.875
2026-05-24 11:43:02.991,22.875
2026-05-24 11:43:08.895,22.875
2026-05-24 11:43:14.799,22.875
2026-05-24 11:43:20.703,22.875
2026-05-24 11:43:26.609,22.875
2026-05-24 11:43:32.515,22.875
2026-05-24 11:43:38.419,22.875
2026-05-24 11:43:44.323,22.875
2026-05-24 11:43:50.226,22.875
2026-05-24 11:43:56.130,22.875
2026-05-24 11:44:02.034,22.875
2026-05-24 11:44:07.940,22.875
2026-05-24 11:44:13.846,22.875
2026-05-24 11:44:19.750,22.875
2026-05-24 11:44:25.656,22.875
2026-05-24 11:44:31.563,22.875
2026-05-24 11:44:37.468,22.875
2026-05-24 11:44:43.372,22.875
2026-05-24 11:44:49.276,22.875
2026-05-24 11:44:55.179,22.875
2026-05-24 11:45:01.086,22.875
2026-05-24 11:45:06.990,22.875
2026-05-24 11:45:12.893,22.875
2026-05-24 11:45:18.797,22.875
2026-05-24 11:45:24.703,22.875
2026-05-24 11:45:30.610,22.875
2026-05-24 11:45:36.516,22.875
2026-05-24 11:45:42.421,22.875
2026-05-24 11:45:48.325,22.875
2026-05-24 11:45:54.229,22.875
2026-05-24 11:46:00.133,22.875
2026-05-24 11:46:06.039,22.875
2026-05-24 11:46:11.943,22.875
2026-05-24 11:46:17.848,22.875
2026-05-24 11:46:23.753,22.875
2026-05-24 11:46:29.657,22.875
2026-05-24 11:46:35.560,22.875
2026-05-24 11:46:41.464,22.875
2026-05-24 11:46:47.367,22.875
2026-05-24 11:46:53.272,22.875
2026-05-24 11:46:59.176,22.875
2026-05-24 11:47:05.079,22.875
2026-05-24 11:47:10.985,22.875
2026-05-24 11:47:16.891,22.875
2026-05-24 11:47:22.798,22.9375
2026-05-24 11:47:28.704,22.875
2026-05-24 11:47:34.607,22.875
2026-05-24 11:47:40.511,22.875
2026-05-24 11:47:46.415,22.875
2026-05-24 11:47:52.319,22.875
2026-05-24 11:47:58.223,22.875
2026-05-24 11:48:04.129,22.875
2026-05-24 11:48:10.035,22.875
2026-05-24 11:48:15.941,22.875
2026-05-24 11:48:21.847,22.875
2026-05-24 11:48:27.753,22.875
2026-05-24 11:48:33.657,22.875
2026-05-24 11:48:39.560,22.875
2026-05-24 11:48:45.464,22.875
2026-05-24 11:48:51.369,22.875
2026-05-24 11:48:57.274,22.9375
2026-05-24 11:49:03.178,22.875
2026-05-24 11:49:09.084,22.875
2026-05-24 11:49:14.991,22.875
2026-05-24 11:49:20.896,22.875
2026-05-24 11:49:26.800,22.875
2026-05-24 11:49:32.703,22.875
2026-05-24 11:49:38.609,22.875
2026-05-24 11:49:44.516,22.875
2026-05-24 11:49:50.420,22.875
2026-05-24 11:49:56.326,22.875
2026-05-24 11:50:02.229,22.875
2026-05-24 11:50:08.133,22.875
2026-05-24 11:50:14.038,22.875
2026-05-24 11:50:19.941,22.875
2026-05-24 11:50:25.845,22.875
2026-05-24 11:50:31.751,22.875
2026-05-24 11:50:37.657,22.8125
2026-05-24 11:50:43.564,22.875
2026-05-24 11:50:49.469,22.875
2026-05-24 11:50:55.377,22.875
2026-05-24 11:51:01.283,22.875
2026-05-24 11:51:07.186,22.875
2026-05-24 11:51:13.093,22.875
2026-05-24 11:51:18.997,22.875
2026-05-24 11:51:24.900,22.875
2026-05-24 11:51:30.806,22.875
2026-05-24 11:51:36.712,22.875
2026-05-24 11:51:42.619,22.875
2026-05-24 11:51:48.525,22.875
2026-05-24 11:51:54.431,22.875
2026-05-24 11:52:00.334,22.875
2026-05-24 11:52:06.240,22.875
2026-05-24 11:52:12.145,22.875
2026-05-24 11:52:18.048,22.875
2026-05-24 11:52:23.952,22.875
2026-05-24 11:52:29.856,22.875
2026-05-24 11:52:35.763,22.8125
2026-05-24 11:52:41.668,22.875
2026-05-24 11:52:47.573,22.875
2026-05-24 11:52:53.481,22.875
2026-05-24 11:52:59.387,22.875
2026-05-24 11:53:05.291,22.875
2026-05-24 11:53:11.195,22.875
2026-05-24 11:53:17.099,22.875
2026-05-24 11:53:23.004,22.875
2026-05-24 11:53:28.910,22.875
2026-05-24 11:53:34.817,22.875
2026-05-24 11:53:40.720,22.875
2026-05-24 11:53:46.624,22.875
2026-05-24 11:53:52.528,22.8125
2026-05-24 11:53:58.431,22.875
2026-05-24 11:54:04.338,22.875
2026-05-24 11:54:10.244,22.875
2026-05-24 11:54:16.150,22.875
2026-05-24 11:54:22.056,22.875
2026-05-24 11:54:27.959,22.875
2026-05-24 11:54:33.866,22.875
2026-05-24 11:54:39.772,22.875
2026-05-24 11:54:45.677,22.875
2026-05-24 11:54:51.581,22.875
2026-05-24 11:54:57.485,22.875
2026-05-24 11:55:03.389,22.875
2026-05-24 11:55:09.293,22.875
2026-05-24 11:55:15.197,22.875
2026-05-24 11:55:21.100,22.875
2026-05-24 11:55:27.005,22.875
2026-05-24 11:55:32.911,22.875
2026-05-24 11:55:38.817,22.875
2026-05-24 11:55:44.723,22.875
2026-05-24 11:55:50.629,22.875
2026-05-24 11:55:56.534,22.875
2026-05-24 11:56:02.437,22.875
2026-05-24 11:56:08.341,22.875
2026-05-24 11:56:14.245,22.875
2026-05-24 11:56:20.148,22.875
2026-05-24 11:56:26.055,22.875
2026-05-24 11:56:31.961,22.875
2026-05-24 11:56:37.867,22.875
2026-05-24 11:56:43.773,22.875
2026-05-24 11:56:49.676,22.875
2026-05-24 11:56:55.581,22.875
2026-05-24 11:57:01.485,22.875
2026-05-24 11:57:07.388,22.875
2026-05-24 11:57:13.294,22.875
2026-05-24 11:57:19.198,22.875
2026-05-24 11:57:25.103,22.875
2026-05-24 11:57:31.006,22.875
2026-05-24 11:57:36.912,22.875
2026-05-24 11:57:42.818,22.875
2026-05-24 11:57:48.724,22.875
2026-05-24 11:57:54.631,22.8125
2026-05-24 11:58:00.536,22.875
2026-05-24 11:58:06.440,22.875
2026-05-24 11:58:12.346,22.875
2026-05-24 11:58:18.250,22.875
2026-05-24 11:58:24.154,22.875
2026-05-24 11:58:30.058,22.8125
2026-05-24 11:58:35.963,22.875
2026-05-24 11:58:41.869,22.875
2026-05-24 11:58:47.776,22.875
2026-05-24 11:58:53.682,22.875
2026-05-24 11:58:59.586,22.875
2026-05-24 11:59:05.489,22.875
2026-05-24 11:59:11.393,22.875
2026-05-24 11:59:17.300,22.875
2026-05-24 11:59:23.205,22.875
2026-05-24 11:59:29.111,22.875
2026-05-24 11:59:35.017,22.875
2026-05-24 11:59:40.920,22.8125
2026-05-24 11:59:46.825,22.875
2026-05-24 11:59:52.731,22.9375
2026-05-24 11:59:58.635,22.875
2026-05-24 12:00:04.538,22.875
2026-05-24 12:00:10.442,22.8125
2026-05-24 12:00:16.347,22.875
2026-05-24 12:00:22.250,22.875
2026-05-24 12:00:28.154,22.875
2026-05-24 12:00:34.060,22.875
2026-05-24 12:00:39.966,22.875
2026-05-24 12:00:45.873,22.875
2026-05-24 12:00:51.781,22.875
2026-05-24 12:00:57.686,22.8125
2026-05-24 12:01:03.592,22.875
2026-05-24 12:01:09.499,22.875
2026-05-24 12:01:15.403,22.875
2026-05-24 12:01:21.309,22.875
2026-05-24 12:01:27.215,22.875
2026-05-24 12:01:33.120,22.875
2026-05-24 12:01:39.027,22.875
2026-05-24 12:01:44.933,22.875
2026-05-24 12:01:50.837,22.9375
2026-05-24 12:01:56.741,22.9375
2026-05-24 12:02:02.644,22.875
2026-05-24 12:02:08.549,22.9375
2026-05-24 12:02:14.452,22.875
2026-05-24 12:02:20.356,22.875
2026-05-24 12:02:26.260,22.875
2026-05-24 12:02:32.166,22.875
2026-05-24 12:02:38.070,22.875
2026-05-24 12:02:43.974,22.875
2026-05-24 12:02:49.880,22.875
2026-05-24 12:02:55.786,22.875
2026-05-24 12:03:01.690,22.875
2026-05-24 12:03:07.594,22.875
2026-05-24 12:03:13.498,22.8125
2026-05-24 12:03:19.402,22.875
2026-05-24 12:03:25.305,22.875
2026-05-24 12:03:31.211,22.875
2026-05-24 12:03:37.118,22.875
2026-05-24 12:03:43.022,22.875
2026-05-24 12:03:48.925,22.875
2026-05-24 12:03:54.829,22.875
2026-05-24 12:04:00.734,22.875
2026-05-24 12:04:06.637,22.875
2026-05-24 12:04:12.541,22.875
2026-05-24 12:04:18.445,22.875
2026-05-24 12:04:24.348,22.875
2026-05-24 12:04:30.253,22.875
2026-05-24 12:04:36.157,22.875
2026-05-24 12:04:42.061,22.875
2026-05-24 12:04:47.964,22.875
2026-05-24 12:04:53.868,22.875
2026-05-24 12:04:59.773,22.875
2026-05-24 12:05:05.676,22.875
2026-05-24 12:05:11.582,22.875
2026-05-24 12:05:17.487,22.875
2026-05-24 12:05:23.393,22.875
2026-05-24 12:05:29.298,22.875
2026-05-24 12:05:35.204,22.875
2026-05-24 12:05:41.109,22.875
2026-05-24 12:05:47.015,22.875
2026-05-24 12:05:52.918,22.875
2026-05-24 12:05:58.823,22.875
2026-05-24 12:06:04.727,22.875
2026-05-24 12:06:10.631,22.875
2026-05-24 12:06:16.537,22.875
2026-05-24 12:06:22.442,22.875
2026-05-24 12:06:28.349,22.875
2026-05-24 12:06:34.255,22.875
2026-05-24 12:06:40.161,22.875
2026-05-24 12:06:46.067,22.875
2026-05-24 12:06:51.973,22.875
2026-05-24 12:06:57.880,22.875
2026-05-24 12:07:03.785,22.8125
2026-05-24 12:07:09.689,22.875
2026-05-24 12:07:15.592,22.875
2026-05-24 12:07:21.497,22.875
2026-05-24 12:07:27.403,22.875
2026-05-24 12:07:33.309,22.875
2026-05-24 12:07:39.212,22.875
2026-05-24 12:07:45.116,22.8125
2026-05-24 12:07:51.023,22.875
2026-05-24 12:07:56.929,22.875
2026-05-24 12:08:02.835,22.875
2026-05-24 12:08:08.741,22.875
2026-05-24 12:08:14.647,22.875
2026-05-24 12:08:20.551,22.875
2026-05-24 12:08:26.455,22.875
2026-05-24 12:08:32.358,22.875
2026-05-24 12:08:38.262,22.875
2026-05-24 12:08:44.166,22.875
2026-05-24 12:08:50.070,22.875
2026-05-24 12:08:55.974,22.875
2026-05-24 12:09:01.878,22.875
2026-05-24 12:09:07.781,22.875
2026-05-24 12:09:13.687,22.875
2026-05-24 12:09:19.594,22.875
2026-05-24 12:09:25.498,22.875
2026-05-24 12:09:31.401,22.875
2026-05-24 12:09:37.305,22.875
2026-05-24 12:09:43.208,22.875
2026-05-24 12:09:49.113,22.875
2026-05-24 12:09:55.017,22.875
2026-05-24 12:10:00.923,22.875
2026-05-24 12:10:06.829,22.875
2026-05-24 12:10:12.736,22.875
2026-05-24 12:10:18.641,22.875
2026-05-24 12:10:24.548,22.875
2026-05-24 12:10:30.453,22.875
2026-05-24 12:10:36.357,22.875
2026-05-24 12:10:42.264,22.875
2026-05-24 12:10:48.170,22.875
2026-05-24 12:10:54.076,22.875
2026-05-24 12:10:59.981,22.875
2026-05-24 12:11:05.887,22.875
2026-05-24 12:11:11.792,22.875
2026-05-24 12:11:17.697,22.875
2026-05-24 12:11:23.603,22.875
2026-05-24 12:11:29.507,22.875
2026-05-24 12:11:35.411,22.875
2026-05-24 12:11:41.315,22.875
2026-05-24 12:11:47.219,22.9375
2026-05-24 12:11:53.123,22.875
2026-05-24 12:11:59.027,22.875
2026-05-24 12:12:04.933,22.875
2026-05-24 12:12:10.837,22.875
2026-05-24 12:12:16.741,22.875
2026-05-24 12:12:22.647,22.875
2026-05-24 12:12:28.550,22.875
2026-05-24 12:12:34.456,22.875
2026-05-24 12:12:40.363,22.875
2026-05-24 12:12:46.267,22.875
2026-05-24 12:12:52.170,22.875
2026-05-24 12:12:58.074,22.875
2026-05-24 12:13:03.979,22.875
2026-05-24 12:13:09.882,22.875
2026-05-24 12:13:15.786,22.875
2026-05-24 12:13:21.689,22.875
2026-05-24 12:13:27.596,22.875
2026-05-24 12:13:33.500,22.875
2026-05-24 12:13:39.406,22.875
2026-05-24 12:13:45.312,22.875
2026-05-24 12:13:51.216,22.875
2026-05-24 12:13:57.122,22.875
2026-05-24 12:14:03.028,22.875
2026-05-24 12:14:08.932,22.875
2026-05-24 12:14:14.836,22.875
2026-05-24 12:14:20.739,22.875
2026-05-24 12:14:26.645,22.875
2026-05-24 12:14:32.552,22.875
2026-05-24 12:14:38.458,22.875
2026-05-24 12:14:44.364,22.875
2026-05-24 12:14:50.270,22.875
2026-05-24 12:14:56.176,22.875
2026-05-24 12:15:02.080,22.875
2026-05-24 12:15:07.984,22.875
2026-05-24 12:15:13.887,22.875
2026-05-24 12:15:19.791,22.875
2026-05-24 12:15:25.695,22.875
2026-05-24 12:15:31.601,22.875
2026-05-24 12:15:37.508,22.875
2026-05-24 12:15:43.413,22.875
2026-05-24 12:15:49.321,22.875
2026-05-24 12:15:55.228,22.875
2026-05-24 12:16:01.133,22.875
2026-05-24 12:16:07.037,22.875
2026-05-24 12:16:12.941,22.875
2026-05-24 12:16:18.844,22.875
2026-05-24 12:16:24.749,22.875
2026-05-24 12:16:30.655,22.875
2026-05-24 12:16:36.558,22.875
2026-05-24 12:16:42.464,22.875
2026-05-24 12:16:48.368,22.875
2026-05-24 12:16:54.273,22.875
2026-05-24 12:17:00.176,22.875
2026-05-24 12:17:06.080,22.875
2026-05-24 12:17:11.985,22.875
2026-05-24 12:17:17.889,22.875
2026-05-24 12:17:23.796,22.8125
2026-05-24 12:17:29.699,22.875
2026-05-24 12:17:35.603,22.875
2026-05-24 12:17:41.507,22.875
2026-05-24 12:17:47.410,22.875
2026-05-24 12:17:53.315,22.875
2026-05-24 12:17:59.221,22.875
2026-05-24 12:18:05.127,22.875
2026-05-24 12:18:11.032,22.875
2026-05-24 12:18:16.938,22.875
2026-05-24 12:18:22.843,22.875
2026-05-24 12:18:28.749,22.875
2026-05-24 12:18:34.655,22.875
2026-05-24 12:18:40.561,22.875
2026-05-24 12:18:46.465,22.875
2026-05-24 12:18:52.369,22.875
2026-05-24 12:18:58.272,22.875
2026-05-24 12:19:04.176,22.875
2026-05-24 12:19:10.080,22.875
2026-05-24 12:19:15.984,22.875
2026-05-24 12:19:21.888,22.875
2026-05-24 12:19:27.792,22.875
2026-05-24 12:19:33.698,22.875
2026-05-24 12:19:39.601,22.875
2026-05-24 12:19:45.506,22.875
2026-05-24 12:19:51.412,22.875
2026-05-24 12:19:57.318,22.875
2026-05-24 12:20:03.223,22.875
2026-05-24 12:20:09.130,22.875
2026-05-24 12:20:15.036,22.875
2026-05-24 12:20:20.940,22.875
2026-05-24 12:20:26.844,22.875
2026-05-24 12:20:32.749,22.875
2026-05-24 12:20:38.655,22.875
2026-05-24 12:20:44.562,22.875
2026-05-24 12:20:50.465,22.875
2026-05-24 12:20:56.369,22.875
2026-05-24 12:21:02.273,22.875
2026-05-24 12:21:08.176,22.875
2026-05-24 12:21:14.081,22.875
2026-05-24 12:21:19.986,22.875
2026-05-24 12:21:25.890,22.875
2026-05-24 12:21:31.794,22.875
2026-05-24 12:21:37.697,22.875
2026-05-24 12:21:43.604,22.875
2026-05-24 12:21:49.508,22.875
2026-05-24 12:21:55.414,22.875
2026-05-24 12:22:01.317,22.875
2026-05-24 12:22:07.224,22.875
2026-05-24 12:22:13.130,22.875
2026-05-24 12:22:19.036,22.875
2026-05-24 12:22:24.942,22.875
2026-05-24 12:22:30.846,22.8125
2026-05-24 12:22:36.750,22.875
2026-05-24 12:22:42.654,22.875
2026-05-24 12:22:48.559,22.875
2026-05-24 12:22:54.463,22.9375
2026-05-24 12:23:00.369,22.875
2026-05-24 12:23:06.273,22.9375
2026-05-24 12:23:12.177,22.875
2026-05-24 12:23:18.081,22.875
2026-05-24 12:23:23.984,22.875
2026-05-24 12:23:29.890,22.875
2026-05-24 12:23:35.794,22.875
2026-05-24 12:23:41.698,22.875
2026-05-24 12:23:47.602,22.9375
2026-05-24 12:23:53.505,22.875
2026-05-24 12:23:59.409,22.9375
2026-05-24 12:24:05.316,22.875
2026-05-24 12:24:11.222,22.875
2026-05-24 12:24:17.127,22.875
2026-05-24 12:24:23.033,22.9375
2026-05-24 12:24:28.937,22.875
2026-05-24 12:24:34.844,22.875
2026-05-24 12:24:40.750,22.9375
2026-05-24 12:24:46.655,22.875
2026-05-24 12:24:52.559,22.875
2026-05-24 12:24:58.466,22.875
2026-05-24 12:25:04.371,22.875
2026-05-24 12:25:10.275,22.875
2026-05-24 12:25:16.178,22.875
2026-05-24 12:25:22.084,22.875
2026-05-24 12:25:27.989,22.875
2026-05-24 12:25:33.892,22.9375
2026-05-24 12:25:39.796,22.9375
2026-05-24 12:25:45.700,22.9375
2026-05-24 12:25:51.603,22.9375
2026-05-24 12:25:57.508,22.875
2026-05-24 12:26:03.414,22.875
2026-05-24 12:26:09.317,22.875
2026-05-24 12:26:15.221,22.875
2026-05-24 12:26:21.127,22.875
2026-05-24 12:26:27.031,22.875
2026-05-24 12:26:32.935,22.9375
2026-05-24 12:26:38.839,22.875
2026-05-24 12:26:44.743,22.875
2026-05-24 12:26:50.646,22.875
2026-05-24 12:26:56.551,22.875
2026-05-24 12:27:02.457,22.875
2026-05-24 12:27:08.363,22.875
2026-05-24 12:27:14.269,22.9375
2026-05-24 12:27:20.172,22.875
2026-05-24 12:27:26.077,22.875
2026-05-24 12:27:31.980,22.875
2026-05-24 12:27:37.884,22.875
2026-05-24 12:27:43.787,22.875
2026-05-24 12:27:49.692,22.875
2026-05-24 12:27:55.596,22.875
2026-05-24 12:28:01.500,22.875
2026-05-24 12:28:07.403,22.875
2026-05-24 12:28:13.307,22.9375
2026-05-24 12:28:19.211,22.9375
2026-05-24 12:28:25.115,22.875
2026-05-24 12:28:31.019,22.875
2026-05-24 12:28:36.922,22.875
2026-05-24 12:28:42.826,22.9375
2026-05-24 12:28:48.733,22.875
2026-05-24 12:28:54.639,22.875
2026-05-24 12:29:00.544,22.875
2026-05-24 12:29:06.450,22.875
2026-05-24 12:29:12.353,22.875
2026-05-24 12:29:18.258,22.875
2026-05-24 12:29:24.164,22.875
2026-05-24 12:29:30.070,22.875
2026-05-24 12:29:35.975,22.875
2026-05-24 12:29:41.881,22.875
2026-05-24 12:29:47.787,22.875
2026-05-24 12:29:53.691,22.875
2026-05-24 12:29:59.597,22.875
2026-05-24 12:30:05.503,22.875
2026-05-24 12:30:11.408,22.875
2026-05-24 12:30:17.315,22.875
2026-05-24 12:30:23.218,22.875
2026-05-24 12:30:29.122,22.875
2026-05-24 12:30:35.026,22.9375
2026-05-24 12:30:40.930,22.875
2026-05-24 12:30:46.834,22.875
2026-05-24 12:30:52.738,22.875
2026-05-24 12:30:58.644,22.875
2026-05-24 12:31:04.549,22.875
2026-05-24 12:31:10.456,22.9375
2026-05-24 12:31:16.362,22.875
2026-05-24 12:31:22.266,22.875
2026-05-24 12:31:28.169,22.875
2026-05-24 12:31:34.073,22.875
2026-05-24 12:31:39.978,22.875
2026-05-24 12:31:45.881,22.875
2026-05-24 12:31:51.785,22.875
2026-05-24 12:31:57.688,22.875
2026-05-24 12:32:03.592,22.875
2026-05-24 12:32:09.499,22.9375
2026-05-24 12:32:15.402,22.9375
2026-05-24 12:32:21.308,22.875
2026-05-24 12:32:27.212,22.875
2026-05-24 12:32:33.115,22.875
2026-05-24 12:32:39.020,22.875
2026-05-24 12:32:44.926,22.875
2026-05-24 12:32:50.832,22.875
2026-05-24 12:32:56.738,22.875
2026-05-24 12:33:02.641,22.9375
2026-05-24 12:33:08.548,22.875
2026-05-24 12:33:14.454,22.875
2026-05-24 12:33:20.360,22.875
2026-05-24 12:33:26.263,22.875
2026-05-24 12:33:32.168,22.9375
2026-05-24 12:33:38.072,22.9375
2026-05-24 12:33:43.975,22.9375
2026-05-24 12:33:49.881,22.875
2026-05-24 12:33:55.787,22.875
2026-05-24 12:34:01.693,22.9375
2026-05-24 12:34:07.597,22.875
2026-05-24 12:34:13.503,22.9375
2026-05-24 12:34:19.406,22.875
2026-05-24 12:34:25.312,22.875
2026-05-24 12:34:31.219,22.875
2026-05-24 12:34:37.123,22.9375
2026-05-24 12:34:43.026,22.9375
2026-05-24 12:34:48.930,22.9375
2026-05-24 12:34:54.834,22.9375
2026-05-24 12:35:00.741,22.875
2026-05-24 12:35:06.644,22.875
2026-05-24 12:35:12.548,22.9375
2026-05-24 12:35:18.451,22.9375
2026-05-24 12:35:24.357,22.875
2026-05-24 12:35:30.264,22.875
2026-05-24 12:35:36.168,22.875
2026-05-24 12:35:42.071,22.9375
2026-05-24 12:35:47.977,22.9375
2026-05-24 12:35:53.883,22.875
2026-05-24 12:35:59.788,22.875
2026-05-24 12:36:05.692,22.875
2026-05-24 12:36:11.597,22.9375
2026-05-24 12:36:17.503,22.875
2026-05-24 12:36:23.409,22.875
2026-05-24 12:36:29.316,22.875
2026-05-24 12:36:35.222,22.9375
2026-05-24 12:36:41.125,22.9375
2026-05-24 12:36:47.029,22.875
2026-05-24 12:36:52.934,22.9375
2026-05-24 12:36:58.837,22.875
2026-05-24 12:37:04.741,22.875
2026-05-24 12:37:10.647,22.875
2026-05-24 12:37:16.553,22.875
2026-05-24 12:37:22.457,22.875
2026-05-24 12:37:28.361,22.875
2026-05-24 12:37:34.264,22.875
2026-05-24 12:37:40.168,22.875
2026-05-24 12:37:46.072,22.9375
2026-05-24 12:37:51.976,22.875
2026-05-24 12:37:57.880,22.9375
2026-05-24 12:38:03.784,22.875
2026-05-24 12:38:09.690,22.875
2026-05-24 12:38:15.596,22.875
2026-05-24 12:38:21.502,22.875
2026-05-24 12:38:27.406,22.875
2026-05-24 12:38:33.309,22.875
2026-05-24 12:38:39.213,22.875
2026-05-24 12:38:45.117,22.875
2026-05-24 12:38:51.021,22.875
2026-05-24 12:38:56.925,22.9375
2026-05-24 12:39:02.829,22.875
2026-05-24 12:39:08.734,22.9375
2026-05-24 12:39:14.640,22.875
2026-05-24 12:39:20.547,22.875
2026-05-24 12:39:26.453,22.875
2026-05-24 12:39:32.359,22.875
2026-05-24 12:39:38.264,22.9375
2026-05-24 12:39:44.171,22.875
2026-05-24 12:39:50.075,22.875
2026-05-24 12:39:55.981,22.9375
2026-05-24 12:40:01.884,22.875
2026-05-24 12:40:07.788,22.875
2026-05-24 12:40:13.693,22.875
2026-05-24 12:40:19.599,22.875
2026-05-24 12:40:25.504,22.875
2026-05-24 12:40:31.410,22.875
2026-05-24 12:40:37.316,22.9375
2026-05-24 12:40:43.223,22.875
2026-05-24 12:40:49.129,22.875
2026-05-24 12:40:55.032,22.875
2026-05-24 12:41:00.936,22.875
2026-05-24 12:41:06.840,22.875
2026-05-24 12:41:12.746,22.9375
2026-05-24 12:41:18.650,22.875
2026-05-24 12:41:24.554,22.875
2026-05-24 12:41:30.460,22.875
2026-05-24 12:41:36.363,22.875
2026-05-24 12:41:42.268,22.875
2026-05-24 12:41:48.174,22.875
2026-05-24 12:41:54.080,22.875
2026-05-24 12:41:59.983,22.875
2026-05-24 12:42:05.889,22.875
2026-05-24 12:42:11.793,22.875
2026-05-24 12:42:17.697,22.875
2026-05-24 12:42:23.601,22.875
2026-05-24 12:42:29.504,22.875
2026-05-24 12:42:35.409,22.875
2026-05-24 12:42:41.313,22.875
2026-05-24 12:42:47.218,22.875
2026-05-24 12:42:53.122,22.875
2026-05-24 12:42:59.025,22.9375
2026-05-24 12:43:04.930,22.9375
2026-05-24 12:43:10.834,22.875
2026-05-24 12:43:16.738,22.875
2026-05-24 12:43:22.641,22.875
2026-05-24 12:43:28.545,22.875
2026-05-24 12:43:34.450,22.8125
2026-05-24 12:43:40.355,22.875
2026-05-24 12:43:46.261,22.875
2026-05-24 12:43:52.167,22.875
2026-05-24 12:43:58.073,22.875
2026-05-24 12:44:03.980,22.875
2026-05-24 12:44:09.883,22.875
2026-05-24 12:44:15.787,22.9375
2026-05-24 12:44:21.691,22.9375
2026-05-24 12:44:27.595,22.9375
2026-05-24 12:44:33.499,22.9375
2026-05-24 12:44:39.405,22.875
2026-05-24 12:44:45.309,22.9375
2026-05-24 12:44:51.213,22.9375
2026-05-24 12:44:57.116,22.875
2026-05-24 12:45:03.021,22.9375
2026-05-24 12:45:08.927,22.9375
2026-05-24 12:45:14.830,22.9375
2026-05-24 12:45:20.734,22.875
2026-05-24 12:45:26.639,22.875
2026-05-24 12:45:32.543,22.9375
2026-05-24 12:45:38.446,22.875
2026-05-24 12:45:44.350,22.875
2026-05-24 12:45:50.254,22.875
2026-05-24 12:45:56.158,22.9375
2026-05-24 12:46:02.062,22.875
2026-05-24 12:46:07.966,22.9375
2026-05-24 12:46:13.869,22.875
2026-05-24 12:46:19.773,22.9375
2026-05-24 12:46:25.678,22.9375
2026-05-24 12:46:31.581,22.875
2026-05-24 12:46:37.485,22.875
2026-05-24 12:46:43.391,22.875
2026-05-24 12:46:49.297,22.9375
2026-05-24 12:46:55.203,22.9375
2026-05-24 12:47:01.109,22.9375
2026-05-24 12:47:07.015,22.875
2026-05-24 12:47:12.921,22.875
2026-05-24 12:47:18.827,22.9375
2026-05-24 12:47:24.733,22.9375
2026-05-24 12:47:30.637,22.9375
2026-05-24 12:47:36.540,22.875
2026-05-24 12:47:42.446,22.9375
2026-05-24 12:47:48.352,22.9375
2026-05-24 12:47:54.256,22.9375
2026-05-24 12:48:00.162,22.9375
2026-05-24 12:48:06.066,22.875
2026-05-24 12:48:11.970,22.875
2026-05-24 12:48:17.876,22.9375
2026-05-24 12:48:23.782,22.875
2026-05-24 12:48:29.688,22.9375
2026-05-24 12:48:35.594,22.875
2026-05-24 12:48:41.500,22.875
2026-05-24 12:48:47.405,22.875
2026-05-24 12:48:53.310,22.9375
2026-05-24 12:48:59.214,22.9375
2026-05-24 12:49:05.120,22.9375
2026-05-24 12:49:11.023,22.9375
2026-05-24 12:49:16.928,22.9375
2026-05-24 12:49:22.832,22.9375
2026-05-24 12:49:28.735,22.875
2026-05-24 12:49:34.639,22.9375
2026-05-24 12:49:40.545,22.875
2026-05-24 12:49:46.452,22.9375
2026-05-24 12:49:52.357,22.875
2026-05-24 12:49:58.261,22.875
2026-05-24 12:50:04.165,22.9375
2026-05-24 12:50:10.068,22.875
2026-05-24 12:50:15.973,22.875
2026-05-24 12:50:21.879,22.9375
2026-05-24 12:50:27.785,22.875
2026-05-24 12:50:33.690,22.875
2026-05-24 12:50:39.596,22.9375
2026-05-24 12:50:45.501,22.875
2026-05-24 12:50:51.405,22.875
2026-05-24 12:50:57.308,22.875
2026-05-24 12:51:03.212,22.9375
2026-05-24 12:51:09.118,22.875
2026-05-24 12:51:15.024,22.875
2026-05-24 12:51:20.928,22.875
2026-05-24 12:51:26.832,22.875
2026-05-24 12:51:32.735,22.9375
2026-05-24 12:51:38.640,22.9375
2026-05-24 12:51:44.544,22.875
2026-05-24 12:51:50.447,22.875
2026-05-24 12:51:56.351,22.9375
2026-05-24 12:52:02.255,22.875
2026-05-24 12:52:08.159,22.875
2026-05-24 12:52:14.065,22.875
2026-05-24 12:52:19.968,22.875
2026-05-24 12:52:25.872,22.875
2026-05-24 12:52:31.776,22.9375
2026-05-24 12:52:37.681,22.9375
2026-05-24 12:52:43.584,22.9375
2026-05-24 12:52:49.488,22.875
2026-05-24 12:52:55.392,22.875
2026-05-24 12:53:01.298,22.875
2026-05-24 12:53:07.206,22.875
2026-05-24 12:53:13.112,22.875
2026-05-24 12:53:19.018,22.875
2026-05-24 12:53:24.922,22.875
2026-05-24 12:53:30.825,22.875
2026-05-24 12:53:36.732,22.875
2026-05-24 12:53:42.636,22.875
2026-05-24 12:53:48.539,22.9375
2026-05-24 12:53:54.443,22.875
2026-05-24 12:54:00.347,22.9375
2026-05-24 12:54:06.251,22.875
2026-05-24 12:54:12.157,22.875
2026-05-24 12:54:18.063,22.9375
2026-05-24 12:54:23.969,22.9375
2026-05-24 12:54:29.876,22.875
2026-05-24 12:54:35.782,22.875
2026-05-24 12:54:41.688,22.9375
2026-05-24 12:54:47.593,22.875
2026-05-24 12:54:53.499,22.875
2026-05-24 12:54:59.403,22.9375
2026-05-24 12:55:05.307,22.875
2026-05-24 12:55:11.211,22.875
2026-05-24 12:55:17.114,22.875
2026-05-24 12:55:23.018,22.875
2026-05-24 12:55:28.923,22.875
2026-05-24 12:55:34.829,22.875
2026-05-24 12:55:40.734,22.875
2026-05-24 12:55:46.640,22.875
2026-05-24 12:55:52.546,22.875
2026-05-24 12:55:58.453,22.875
2026-05-24 12:56:04.357,22.9375
2026-05-24 12:56:10.260,22.9375
2026-05-24 12:56:16.164,22.875
2026-05-24 12:56:22.068,22.9375
2026-05-24 12:56:27.972,22.9375
2026-05-24 12:56:33.876,22.9375
2026-05-24 12:56:39.780,22.9375
2026-05-24 12:56:45.684,22.9375
2026-05-24 12:56:51.590,22.9375
2026-05-24 12:56:57.494,22.9375
2026-05-24 12:57:03.398,22.9375
2026-05-24 12:57:09.302,22.9375
2026-05-24 12:57:15.207,22.875
2026-05-24 12:57:21.112,22.875
2026-05-24 12:57:27.016,22.875
2026-05-24 12:57:32.919,22.875
2026-05-24 12:57:38.823,22.875
2026-05-24 12:57:44.727,22.875
2026-05-24 12:57:50.635,22.9375
2026-05-24 12:57:56.541,22.9375
2026-05-24 12:58:02.447,22.875
2026-05-24 12:58:08.351,22.9375
2026-05-24 12:58:14.256,22.9375
2026-05-24 12:58:20.161,22.9375
2026-05-24 12:58:26.064,22.9375
2026-05-24 12:58:31.968,22.9375
2026-05-24 12:58:37.873,22.9375
2026-05-24 12:58:43.779,22.875
2026-05-24 12:58:49.684,22.875
2026-05-24 12:58:55.590,22.9375
2026-05-24 12:59:01.496,22.9375
2026-05-24 12:59:07.401,22.9375
2026-05-24 12:59:13.305,22.875
2026-05-24 12:59:19.209,22.9375
2026-05-24 12:59:25.114,22.875
2026-05-24 12:59:31.019,22.9375
2026-05-24 12:59:36.923,22.9375
2026-05-24 12:59:42.826,22.9375
2026-05-24 12:59:48.733,22.9375
2026-05-24 12:59:54.639,22.9375
2026-05-24 13:00:00.545,22.9375
2026-05-24 13:00:06.451,22.9375
2026-05-24 13:00:12.355,22.9375
2026-05-24 13:00:18.261,22.9375
2026-05-24 13:00:24.165,22.875
2026-05-24 13:00:30.069,22.875
2026-05-24 13:00:35.972,22.9375
2026-05-24 13:00:41.877,22.9375
2026-05-24 13:00:47.783,22.875
2026-05-24 13:00:53.688,22.9375
2026-05-24 13:00:59.592,22.875
2026-05-24 13:01:05.498,22.875
2026-05-24 13:01:11.405,22.875
2026-05-24 13:01:17.308,22.9375
2026-05-24 13:01:23.212,22.875
2026-05-24 13:01:29.118,22.875
2026-05-24 13:01:35.024,22.875
2026-05-24 13:01:40.931,22.875
2026-05-24 13:01:46.837,22.875
2026-05-24 13:01:52.740,22.9375
2026-05-24 13:01:58.644,22.875
2026-05-24 13:02:04.548,22.875
2026-05-24 13:02:10.452,22.9375
2026-05-24 13:02:16.358,22.875
2026-05-24 13:02:22.264,22.875
2026-05-24 13:02:28.170,22.9375
2026-05-24 13:02:34.075,22.875
2026-05-24 13:02:39.980,22.9375
2026-05-24 13:02:45.883,22.875
2026-05-24 13:02:51.787,22.875
2026-05-24 13:02:57.690,22.875
2026-05-24 13:03:03.594,22.9375
2026-05-24 13:03:09.499,22.875
2026-05-24 13:03:15.403,22.9375
2026-05-24 13:03:21.309,22.875
2026-05-24 13:03:27.212,22.875
2026-05-24 13:03:33.117,22.875
2026-05-24 13:03:39.023,22.9375
2026-05-24 13:03:44.929,22.875
2026-05-24 13:03:50.832,22.875
2026-05-24 13:03:56.736,22.9375
2026-05-24 13:04:02.640,22.9375
2026-05-24 13:04:08.544,22.9375
2026-05-24 13:04:14.448,22.875
2026-05-24 13:04:20.351,22.9375
2026-05-24 13:04:26.255,22.9375
2026-05-24 13:04:32.160,22.875
2026-05-24 13:04:38.065,22.875
2026-05-24 13:04:43.969,22.9375
2026-05-24 13:04:49.873,22.9375
2026-05-24 13:04:55.779,22.9375
2026-05-24 13:05:01.683,22.9375
2026-05-24 13:05:07.589,22.9375
2026-05-24 13:05:13.493,22.9375
2026-05-24 13:05:19.399,22.9375
2026-05-24 13:05:25.305,22.9375
2026-05-24 13:05:31.211,22.9375
2026-05-24 13:05:37.115,22.875
2026-05-24 13:05:43.018,22.9375
2026-05-24 13:05:48.922,22.875
2026-05-24 13:05:54.826,22.9375
2026-05-24 13:06:00.730,22.875
2026-05-24 13:06:06.636,22.875
2026-05-24 13:06:12.542,22.9375
2026-05-24 13:06:18.447,22.875
2026-05-24 13:06:24.356,22.875
2026-05-24 13:06:30.262,22.875
2026-05-24 13:06:36.165,22.875
2026-05-24 13:06:42.069,22.9375
2026-05-24 13:06:47.975,22.875
2026-05-24 13:06:53.882,22.875
2026-05-24 13:06:59.787,22.875
2026-05-24 13:07:05.693,22.9375
2026-05-24 13:07:11.599,22.875
2026-05-24 13:07:17.503,22.9375
2026-05-24 13:07:23.407,22.875
2026-05-24 13:07:29.311,22.875
2026-05-24 13:07:35.215,22.875
2026-05-24 13:07:41.119,22.875
2026-05-24 13:07:47.023,22.9375
2026-05-24 13:07:52.927,22.9375
2026-05-24 13:07:58.833,22.875
2026-05-24 13:08:04.737,22.9375
2026-05-24 13:08:10.643,22.9375
2026-05-24 13:08:16.549,22.9375
2026-05-24 13:08:22.455,22.9375
2026-05-24 13:08:28.361,22.9375
2026-05-24 13:08:34.265,22.9375
2026-05-24 13:08:40.171,22.9375
2026-05-24 13:08:46.074,22.9375
2026-05-24 13:08:51.979,22.875
2026-05-24 13:08:57.883,22.875
2026-05-24 13:09:03.789,22.9375
2026-05-24 13:09:09.695,22.9375
2026-05-24 13:09:15.602,22.9375
2026-05-24 13:09:21.505,22.9375
2026-05-24 13:09:27.409,22.9375
2026-05-24 13:09:33.314,22.9375
2026-05-24 13:09:39.220,22.875
2026-05-24 13:09:45.125,22.9375
2026-05-24 13:09:51.031,22.9375
2026-05-24 13:09:56.934,22.9375
2026-05-24 13:10:02.838,22.875
2026-05-24 13:10:08.742,22.9375
2026-05-24 13:10:14.649,22.9375
2026-05-24 13:10:20.555,22.875
2026-05-24 13:10:26.461,22.9375
2026-05-24 13:10:32.366,22.9375
2026-05-24 13:10:38.270,22.9375
2026-05-24 13:10:44.175,22.875
2026-05-24 13:10:50.078,22.9375
2026-05-24 13:10:55.982,22.9375
2026-05-24 13:11:01.888,22.9375
2026-05-24 13:11:07.792,22.875
2026-05-24 13:11:13.698,22.9375
2026-05-24 13:11:19.604,22.875
2026-05-24 13:11:25.508,22.9375
2026-05-24 13:11:31.411,22.875
2026-05-24 13:11:37.317,22.9375
2026-05-24 13:11:43.222,22.9375
2026-05-24 13:11:49.125,22.9375
2026-05-24 13:11:55.031,22.9375
2026-05-24 13:12:00.934,22.9375
2026-05-24 13:12:06.841,22.9375
2026-05-24 13:12:12.747,22.9375
2026-05-24 13:12:18.650,22.9375
2026-05-24 13:12:24.554,22.9375
2026-05-24 13:12:30.460,22.9375
2026-05-24 13:12:36.367,22.9375
2026-05-24 13:12:42.272,22.9375
2026-05-24 13:12:48.177,22.9375
2026-05-24 13:12:54.081,22.875
2026-05-24 13:12:59.985,22.875
2026-05-24 13:13:05.889,22.9375
2026-05-24 13:13:11.793,22.875
2026-05-24 13:13:17.699,22.9375
2026-05-24 13:13:23.605,22.9375
2026-05-24 13:13:29.511,22.875
2026-05-24 13:13:35.415,22.9375
2026-05-24 13:13:41.319,22.9375
2026-05-24 13:13:47.225,22.9375
2026-05-24 13:13:53.130,22.9375
2026-05-24 13:13:59.034,22.9375
2026-05-24 13:14:04.939,22.9375
2026-05-24 13:14:10.842,22.875
2026-05-24 13:14:16.746,22.9375
2026-05-24 13:14:22.650,22.9375
2026-05-24 13:14:28.553,22.9375
2026-05-24 13:14:34.460,22.875
2026-05-24 13:14:40.366,22.875
2026-05-24 13:14:46.272,22.875
2026-05-24 13:14:52.175,22.875
2026-05-24 13:14:58.080,22.875
2026-05-24 13:15:03.984,22.875
2026-05-24 13:15:09.889,22.9375
2026-05-24 13:15:15.793,22.9375
2026-05-24 13:15:21.699,22.9375
2026-05-24 13:15:27.603,22.875
2026-05-24 13:15:33.509,22.875
2026-05-24 13:15:39.415,22.9375
2026-05-24 13:15:45.322,22.875
2026-05-24 13:15:51.228,22.875
2026-05-24 13:15:57.132,22.875
2026-05-24 13:16:03.036,22.9375
2026-05-24 13:16:08.939,22.875
2026-05-24 13:16:14.845,22.9375
2026-05-24 13:16:20.749,22.875
2026-05-24 13:16:26.656,22.9375
2026-05-24 13:16:32.559,22.9375
2026-05-24 13:16:38.463,22.875
2026-05-24 13:16:44.369,22.9375
2026-05-24 13:16:50.277,22.875
2026-05-24 13:16:56.183,22.9375
2026-05-24 13:17:02.089,22.875
2026-05-24 13:17:07.993,22.9375
2026-05-24 13:17:13.898,22.9375
2026-05-24 13:17:19.802,22.875
2026-05-24 13:17:25.707,22.875
2026-05-24 13:17:31.610,22.875
2026-05-24 13:17:37.516,22.9375
2026-05-24 13:17:43.419,22.9375
2026-05-24 13:17:49.323,22.875
2026-05-24 13:17:55.230,22.875
2026-05-24 13:18:01.136,22.9375
2026-05-24 13:18:07.043,22.875
2026-05-24 13:18:12.949,22.9375
2026-05-24 13:18:18.856,22.875
2026-05-24 13:18:24.761,22.9375
2026-05-24 13:18:30.665,22.875
2026-05-24 13:18:36.569,22.9375
2026-05-24 13:18:42.472,22.9375
2026-05-24 13:18:48.377,22.9375
2026-05-24 13:18:54.283,22.9375
2026-05-24 13:19:00.189,22.9375
2026-05-24 13:19:06.094,22.9375
2026-05-24 13:19:12.000,22.9375
2026-05-24 13:19:17.907,22.9375
2026-05-24 13:19:23.813,22.9375
2026-05-24 13:19:29.719,22.9375
2026-05-24 13:19:35.625,22.9375
2026-05-24 13:19:41.531,22.875
2026-05-24 13:19:47.437,22.875
2026-05-24 13:19:53.341,22.9375
2026-05-24 13:19:59.245,22.9375
2026-05-24 13:20:05.150,22.9375
2026-05-24 13:20:11.056,22.9375
2026-05-24 13:20:16.963,22.9375
2026-05-24 13:20:22.869,22.9375
2026-05-24 13:20:28.772,22.9375
2026-05-24 13:20:34.676,22.875
2026-05-24 13:20:40.580,22.875
2026-05-24 13:20:46.487,22.875
2026-05-24 13:20:52.393,22.875
2026-05-24 13:20:58.299,22.875
2026-05-24 13:21:04.202,22.875
2026-05-24 13:21:10.109,22.9375
2026-05-24 13:21:16.013,22.875
2026-05-24 13:21:21.917,22.9375
2026-05-24 13:21:27.821,22.9375
2026-05-24 13:21:33.724,22.9375
2026-05-24 13:21:39.629,22.875
2026-05-24 13:21:45.533,22.9375
2026-05-24 13:21:51.439,22.875
2026-05-24 13:21:57.344,22.9375
2026-05-24 13:22:03.248,22.875
2026-05-24 13:22:09.153,22.875
2026-05-24 13:22:15.056,22.875
2026-05-24 13:22:20.960,22.9375
2026-05-24 13:22:26.864,22.875
2026-05-24 13:22:32.767,22.875
2026-05-24 13:22:38.672,22.9375
2026-05-24 13:22:44.578,22.875
2026-05-24 13:22:50.484,22.9375
2026-05-24 13:22:56.389,22.875
2026-05-24 13:23:02.295,22.875
2026-05-24 13:23:08.202,22.875
2026-05-24 13:23:14.108,22.9375
2026-05-24 13:23:20.013,22.875
2026-05-24 13:23:25.917,22.875
2026-05-24 13:23:31.821,22.9375
2026-05-24 13:23:37.725,22.9375
2026-05-24 13:23:43.629,22.875
2026-05-24 13:23:49.533,22.9375
2026-05-24 13:23:55.436,22.875
2026-05-24 13:24:01.341,22.875
2026-05-24 13:24:07.247,22.9375
2026-05-24 13:24:13.151,22.875
2026-05-24 13:24:19.057,22.875
2026-05-24 13:24:24.960,22.875
2026-05-24 13:24:30.865,22.875
2026-05-24 13:24:36.769,22.875
2026-05-24 13:24:42.672,22.9375
2026-05-24 13:24:48.576,22.875
2026-05-24 13:24:54.482,22.875
2026-05-24 13:25:00.389,22.875
2026-05-24 13:25:06.295,22.875
2026-05-24 13:25:12.201,22.9375
2026-05-24 13:25:18.106,22.9375
2026-05-24 13:25:24.012,22.9375
2026-05-24 13:25:29.919,22.9375
2026-05-24 13:25:35.827,22.875
2026-05-24 13:25:41.733,22.875
2026-05-24 13:25:47.639,22.875
2026-05-24 13:25:53.542,22.875
2026-05-24 13:25:59.447,22.875
2026-05-24 13:26:05.351,22.875
2026-05-24 13:26:11.255,22.875
2026-05-24 13:26:17.158,22.875
2026-05-24 13:26:23.062,22.875
2026-05-24 13:26:28.967,22.875
2026-05-24 13:26:34.870,22.875
2026-05-24 13:26:40.774,22.875
2026-05-24 13:26:46.680,22.875
2026-05-24 13:26:52.584,22.875
2026-05-24 13:26:58.488,22.875
2026-05-24 13:27:04.392,22.875
2026-05-24 13:27:10.298,22.875
2026-05-24 13:27:16.203,22.875
2026-05-24 13:27:22.108,22.875
2026-05-24 13:27:28.012,22.875
2026-05-24 13:27:33.917,22.9375
2026-05-24 13:27:39.823,22.9375
2026-05-24 13:27:45.729,22.9375
2026-05-24 13:27:51.636,22.9375
2026-05-24 13:27:57.540,22.9375
2026-05-24 13:28:03.443,22.875
2026-05-24 13:28:09.347,22.9375
2026-05-24 13:28:15.251,22.9375
2026-05-24 13:28:21.158,22.875
2026-05-24 13:28:27.061,22.875
2026-05-24 13:28:32.965,22.9375
2026-05-24 13:28:38.869,22.875
2026-05-24 13:28:44.775,22.9375
2026-05-24 13:28:50.681,22.9375
2026-05-24 13:28:56.587,22.9375
2026-05-24 13:29:02.493,22.875
2026-05-24 13:29:08.397,22.9375
2026-05-24 13:29:14.300,22.9375
2026-05-24 13:29:20.205,22.875
2026-05-24 13:29:26.109,22.9375
2026-05-24 13:29:32.013,22.875
2026-05-24 13:29:37.916,22.875
2026-05-24 13:29:43.823,22.875
2026-05-24 13:29:49.729,22.875
2026-05-24 13:29:55.635,22.9375
2026-05-24 13:30:01.541,22.9375
2026-05-24 13:30:07.445,22.9375
2026-05-24 13:30:13.351,22.9375
2026-05-24 13:30:19.257,22.9375
2026-05-24 13:30:25.161,22.875
2026-05-24 13:30:31.066,22.9375
2026-05-24 13:30:36.970,22.875
2026-05-24 13:30:42.877,22.875
2026-05-24 13:30:48.783,22.875
2026-05-24 13:30:54.689,22.875
2026-05-24 13:31:00.594,22.875
2026-05-24 13:31:06.498,22.9375
2026-05-24 13:31:12.405,22.875
2026-05-24 13:31:18.308,22.9375
2026-05-24 13:31:24.212,22.9375
2026-05-24 13:31:30.116,22.9375
2026-05-24 13:31:36.022,22.9375
2026-05-24 13:31:41.928,22.875
2026-05-24 13:31:47.834,22.9375
2026-05-24 13:31:53.740,22.875
2026-05-24 13:31:59.643,22.875
2026-05-24 13:32:05.547,22.9375
2026-05-24 13:32:11.452,22.9375
2026-05-24 13:32:17.355,22.9375
2026-05-24 13:32:23.259,22.875
2026-05-24 13:32:29.165,22.875
2026-05-24 13:32:35.070,22.875
2026-05-24 13:32:40.975,22.875
2026-05-24 13:32:46.879,22.875
2026-05-24 13:32:52.782,22.9375
2026-05-24 13:32:58.686,22.875
2026-05-24 13:33:04.591,22.875
2026-05-24 13:33:10.494,22.875
2026-05-24 13:33:16.398,22.875
2026-05-24 13:33:22.304,22.875
2026-05-24 13:33:28.207,22.9375
2026-05-24 13:33:34.112,22.875
2026-05-24 13:33:40.016,22.875
2026-05-24 13:33:45.922,22.875
2026-05-24 13:33:51.825,22.875
2026-05-24 13:33:57.729,22.9375
2026-05-24 13:34:03.634,22.875
2026-05-24 13:34:09.537,22.875
2026-05-24 13:34:15.443,22.875
2026-05-24 13:34:21.346,22.875
2026-05-24 13:34:27.253,22.875
2026-05-24 13:34:33.159,22.875
2026-05-24 13:34:39.065,22.875
2026-05-24 13:34:44.971,22.875
2026-05-24 13:34:50.874,22.875
2026-05-24 13:34:56.778,22.875
2026-05-24 13:35:02.683,22.875
2026-05-24 13:35:08.589,22.875
2026-05-24 13:35:14.494,22.875
2026-05-24 13:35:20.400,22.875
2026-05-24 13:35:26.306,22.875
2026-05-24 13:35:32.213,22.9375
2026-05-24 13:35:38.117,22.875
2026-05-24 13:35:44.020,22.875
2026-05-24 13:35:49.924,22.875
2026-05-24 13:35:55.831,22.875
2026-05-24 13:36:01.737,22.9375
2026-05-24 13:36:07.642,22.875
2026-05-24 13:36:13.546,22.875
2026-05-24 13:36:19.450,22.875
2026-05-24 13:36:25.355,22.875
2026-05-24 13:36:31.258,22.875
2026-05-24 13:36:37.162,22.875
2026-05-24 13:36:43.068,22.9375
2026-05-24 13:36:48.971,22.9375
2026-05-24 13:36:54.876,22.875
2026-05-24 13:37:00.780,22.875
2026-05-24 13:37:06.683,22.875
2026-05-24 13:37:12.589,22.875
2026-05-24 13:37:18.495,22.875
2026-05-24 13:37:24.402,22.875
2026-05-24 13:37:30.308,22.875
2026-05-24 13:37:36.214,22.875
2026-05-24 13:37:42.120,22.875
2026-05-24 13:37:48.025,22.875
2026-05-24 13:37:53.932,22.9375
2026-05-24 13:37:59.838,22.875
2026-05-24 13:38:05.744,22.875
2026-05-24 13:38:11.648,22.875
2026-05-24 13:38:17.552,22.9375
2026-05-24 13:38:23.457,22.9375
2026-05-24 13:38:29.360,22.875
2026-05-24 13:38:35.264,22.875
2026-05-24 13:38:41.168,22.9375
2026-05-24 13:38:47.072,22.9375
2026-05-24 13:38:52.976,22.875
2026-05-24 13:38:58.880,22.875
2026-05-24 13:39:04.783,22.875
2026-05-24 13:39:10.689,22.9375
2026-05-24 13:39:16.596,22.875
2026-05-24 13:39:22.502,22.875
2026-05-24 13:39:28.407,22.9375
2026-05-24 13:39:34.311,22.9375
2026-05-24 13:39:40.215,22.875
2026-05-24 13:39:46.119,22.875
2026-05-24 13:39:52.023,22.875
2026-05-24 13:39:57.927,22.875
2026-05-24 13:40:03.830,22.875
2026-05-24 13:40:09.736,22.875
2026-05-24 13:40:15.641,22.875
2026-05-24 13:40:21.547,22.875
2026-05-24 13:40:27.453,22.9375
2026-05-24 13:40:33.357,22.875
2026-05-24 13:40:39.260,22.875
2026-05-24 13:40:45.165,22.9375
2026-05-24 13:40:51.069,22.9375
2026-05-24 13:40:56.972,22.9375
2026-05-24 13:41:02.876,22.875
2026-05-24 13:41:08.782,22.875
2026-05-24 13:41:14.689,22.875
2026-05-24 13:41:20.595,22.9375
2026-05-24 13:41:26.500,22.9375
2026-05-24 13:41:32.406,22.9375
2026-05-24 13:41:38.311,22.9375
2026-05-24 13:41:44.214,22.9375
2026-05-24 13:41:50.118,22.9375
2026-05-24 13:41:56.022,22.9375
2026-05-24 13:42:01.925,22.875
2026-05-24 13:42:07.832,22.9375
2026-05-24 13:42:13.736,22.9375
2026-05-24 13:42:19.639,22.9375
2026-05-24 13:42:25.545,22.875
2026-05-24 13:42:31.449,22.875
2026-05-24 13:42:37.353,22.9375
2026-05-24 13:42:43.257,22.9375
2026-05-24 13:42:49.163,22.9375
2026-05-24 13:42:55.069,22.9375
2026-05-24 13:43:00.975,22.9375
2026-05-24 13:43:06.881,22.875
2026-05-24 13:43:12.785,22.9375
2026-05-24 13:43:18.689,22.9375
2026-05-24 13:43:24.592,22.875
2026-05-24 13:43:30.498,22.875
2026-05-24 13:43:36.405,22.9375
2026-05-24 13:43:42.311,22.9375
2026-05-24 13:43:48.217,22.875
2026-05-24 13:43:54.123,22.9375
2026-05-24 13:44:00.029,22.9375
2026-05-24 13:44:05.933,22.9375
2026-05-24 13:44:11.839,22.9375
2026-05-24 13:44:17.745,22.9375
2026-05-24 13:44:23.648,22.875
2026-05-24 13:44:29.553,22.875
2026-05-24 13:44:35.459,22.9375
2026-05-24 13:44:41.365,22.875
2026-05-24 13:44:47.271,22.9375
2026-05-24 13:44:53.177,22.9375
2026-05-24 13:44:59.083,22.875
2026-05-24 13:45:04.989,22.875
2026-05-24 13:45:10.895,22.875
2026-05-24 13:45:16.801,22.875
2026-05-24 13:45:22.707,22.875
2026-05-24 13:45:28.612,22.875
2026-05-24 13:45:34.515,22.875
2026-05-24 13:45:40.419,22.9375
2026-05-24 13:45:46.323,22.9375
2026-05-24 13:45:52.226,22.9375
2026-05-24 13:45:58.131,22.9375
2026-05-24 13:46:04.035,22.875
2026-05-24 13:46:09.941,22.9375
2026-05-24 13:46:15.846,22.9375
2026-05-24 13:46:21.752,22.9375
2026-05-24 13:46:27.657,22.875
2026-05-24 13:46:33.560,22.875
2026-05-24 13:46:39.464,22.875
2026-05-24 13:46:45.368,22.875
2026-05-24 13:46:51.274,22.875
2026-05-24 13:46:57.181,22.9375
2026-05-24 13:47:03.086,22.9375
2026-05-24 13:47:08.993,22.9375
2026-05-24 13:47:14.896,22.875
2026-05-24 13:47:20.802,22.9375
2026-05-24 13:47:26.709,22.875
2026-05-24 13:47:32.615,22.9375
2026-05-24 13:47:38.521,22.9375
2026-05-24 13:47:44.426,22.875
2026-05-24 13:47:50.331,22.875
2026-05-24 13:47:56.234,22.875
2026-05-24 13:48:02.138,22.875
2026-05-24 13:48:08.042,22.875
2026-05-24 13:48:13.945,22.875
2026-05-24 13:48:19.852,22.9375
2026-05-24 13:48:25.758,22.9375
2026-05-24 13:48:31.664,22.875
2026-05-24 13:48:37.567,22.9375
2026-05-24 13:48:43.473,22.875
2026-05-24 13:48:49.380,22.875
2026-05-24 13:48:55.286,22.875
2026-05-24 13:49:01.190,22.875
2026-05-24 13:49:07.093,22.875
2026-05-24 13:49:12.997,22.875
2026-05-24 13:49:18.902,22.875
2026-05-24 13:49:24.807,22.9375
2026-05-24 13:49:30.713,22.875
2026-05-24 13:49:36.619,22.875
2026-05-24 13:49:42.525,22.875
2026-05-24 13:49:48.429,22.9375
2026-05-24 13:49:54.337,22.875
2026-05-24 13:50:00.243,22.9375
2026-05-24 13:50:06.148,22.875
2026-05-24 13:50:12.052,22.875
2026-05-24 13:50:17.957,22.9375
2026-05-24 13:50:23.860,22.875
2026-05-24 13:50:29.764,22.875
2026-05-24 13:50:35.669,22.875
2026-05-24 13:50:41.576,22.875
2026-05-24 13:50:47.482,22.9375
2026-05-24 13:50:53.388,22.875
2026-05-24 13:50:59.294,22.875
2026-05-24 13:51:05.200,22.875
2026-05-24 13:51:11.106,22.875
2026-05-24 13:51:17.012,22.875
2026-05-24 13:51:22.915,22.875
2026-05-24 13:51:28.819,22.875
2026-05-24 13:51:34.724,22.875
2026-05-24 13:51:40.632,22.9375
2026-05-24 13:51:46.535,22.875
2026-05-24 13:51:52.439,22.9375
2026-05-24 13:51:58.342,22.875
2026-05-24 13:52:04.248,22.875
2026-05-24 13:52:10.152,22.875
2026-05-24 13:52:16.058,22.875
2026-05-24 13:52:21.964,22.9375
2026-05-24 13:52:27.870,22.875
2026-05-24 13:52:33.775,22.875
2026-05-24 13:52:39.680,22.875
2026-05-24 13:52:45.583,22.875
2026-05-24 13:52:51.487,22.9375
2026-05-24 13:52:57.391,22.875
2026-05-24 13:53:03.294,22.875
2026-05-24 13:53:09.199,22.9375
2026-05-24 13:53:15.105,22.9375
2026-05-24 13:53:21.011,22.875
2026-05-24 13:53:26.916,22.875
2026-05-24 13:53:32.821,22.875
2026-05-24 13:53:38.724,22.9375
2026-05-24 13:53:44.628,22.875
2026-05-24 13:53:50.532,22.9375
2026-05-24 13:53:56.435,22.875
2026-05-24 13:54:02.342,22.875
2026-05-24 13:54:08.248,22.875
2026-05-24 13:54:14.153,22.9375
2026-05-24 13:54:20.059,22.9375
2026-05-24 13:54:25.963,22.875
2026-05-24 13:54:31.867,22.9375
2026-05-24 13:54:37.773,22.875
2026-05-24 13:54:43.679,22.875
2026-05-24 13:54:49.583,22.875
2026-05-24 13:54:55.487,22.9375
2026-05-24 13:55:01.391,22.9375
2026-05-24 13:55:07.297,22.9375
2026-05-24 13:55:13.201,22.9375
2026-05-24 13:55:19.104,22.9375
2026-05-24 13:55:25.008,22.875
2026-05-24 13:55:30.912,22.875
2026-05-24 13:55:36.816,22.9375
2026-05-24 13:55:42.722,22.875
2026-05-24 13:55:48.628,22.875
2026-05-24 13:55:54.533,22.875
2026-05-24 13:56:00.438,22.9375
2026-05-24 13:56:06.342,22.9375
2026-05-24 13:56:12.245,22.9375
2026-05-24 13:56:18.149,22.875
2026-05-24 13:56:24.053,22.9375
2026-05-24 13:56:29.957,22.9375
2026-05-24 13:56:35.861,22.9375
2026-05-24 13:56:41.766,22.9375
2026-05-24 13:56:47.672,22.9375
2026-05-24 13:56:53.577,22.9375
2026-05-24 13:56:59.483,22.9375
2026-05-24 13:57:05.386,22.9375
2026-05-24 13:57:11.292,22.875
2026-05-24 13:57:17.198,22.9375
2026-05-24 13:57:23.103,22.875
2026-05-24 13:57:29.009,22.9375
2026-05-24 13:57:34.916,22.875
2026-05-24 13:57:40.822,22.875
2026-05-24 13:57:46.728,22.9375
2026-05-24 13:57:52.635,22.875
2026-05-24 13:57:58.540,22.875
2026-05-24 13:58:04.443,22.875
2026-05-24 13:58:10.347,22.9375
2026-05-24 13:58:16.251,22.875
2026-05-24 13:58:22.156,22.875
2026-05-24 13:58:28.062,22.875
2026-05-24 13:58:33.967,22.9375
2026-05-24 13:58:39.873,22.875
2026-05-24 13:58:45.777,22.875
2026-05-24 13:58:51.682,22.875
2026-05-24 13:58:57.585,22.9375
2026-05-24 13:59:03.489,22.9375
2026-05-24 13:59:09.392,22.875
2026-05-24 13:59:15.297,22.9375
2026-05-24 13:59:21.201,22.9375
2026-05-24 13:59:27.104,22.9375
2026-05-24 13:59:33.008,22.875
2026-05-24 13:59:38.912,22.875
2026-05-24 13:59:44.816,22.875
2026-05-24 13:59:50.720,22.9375
2026-05-24 13:59:56.626,22.875
2026-05-24 14:00:02.529,22.875
2026-05-24 14:00:08.433,22.9375
2026-05-24 14:00:14.338,22.9375
2026-05-24 14:00:20.241,22.9375
2026-05-24 14:00:26.145,22.9375
2026-05-24 14:00:32.049,22.875
2026-05-24 14:00:37.952,22.875
2026-05-24 14:00:43.857,22.9375
2026-05-24 14:00:49.760,22.9375
2026-05-24 14:00:55.666,22.9375
2026-05-24 14:01:01.572,22.9375
2026-05-24 14:01:07.475,22.875
2026-05-24 14:01:13.380,22.9375
2026-05-24 14:01:19.283,22.9375
2026-05-24 14:01:25.187,22.9375
2026-05-24 14:01:31.093,22.9375
2026-05-24 14:01:36.999,22.9375
2026-05-24 14:01:42.903,22.875
2026-05-24 14:01:48.807,22.875
2026-05-24 14:01:54.713,22.9375
2026-05-24 14:02:00.619,22.875
2026-05-24 14:02:06.525,22.9375
2026-05-24 14:02:12.431,22.9375
2026-05-24 14:02:18.337,22.875
2026-05-24 14:02:24.241,22.875
2026-05-24 14:02:30.147,22.9375
2026-05-24 14:02:36.051,22.9375
2026-05-24 14:02:41.955,22.875
2026-05-24 14:02:47.859,22.875
2026-05-24 14:02:53.765,22.9375
2026-05-24 14:02:59.670,22.9375
2026-05-24 14:03:05.577,22.9375
2026-05-24 14:03:11.483,22.9375
2026-05-24 14:03:17.386,22.875
2026-05-24 14:03:23.290,22.9375
2026-05-24 14:03:29.196,22.9375
2026-05-24 14:03:35.100,22.875
2026-05-24 14:03:41.004,22.9375
2026-05-24 14:03:46.910,22.9375
2026-05-24 14:03:52.816,22.9375
2026-05-24 14:03:58.719,22.875
2026-05-24 14:04:04.624,22.9375
2026-05-24 14:04:10.528,22.9375
2026-05-24 14:04:16.432,22.9375
2026-05-24 14:04:22.337,22.9375
2026-05-24 14:04:28.243,22.9375
2026-05-24 14:04:34.148,22.9375
2026-05-24 14:04:40.051,22.9375
2026-05-24 14:04:45.957,22.9375
2026-05-24 14:04:51.863,22.9375
2026-05-24 14:04:57.766,22.9375
2026-05-24 14:05:03.673,22.9375
2026-05-24 14:05:09.578,22.9375
2026-05-24 14:05:15.482,22.9375
2026-05-24 14:05:21.385,22.9375
2026-05-24 14:05:27.290,22.9375
2026-05-24 14:05:33.194,22.9375
2026-05-24 14:05:39.097,22.9375
2026-05-24 14:05:45.001,22.9375
2026-05-24 14:05:50.904,22.9375
2026-05-24 14:05:56.811,22.9375
2026-05-24 14:06:02.717,22.9375
2026-05-24 14:06:08.623,22.9375
2026-05-24 14:06:14.529,22.9375
2026-05-24 14:06:20.435,22.9375
2026-05-24 14:06:26.341,22.875
2026-05-24 14:06:32.245,22.9375
2026-05-24 14:06:38.149,22.9375
2026-05-24 14:06:44.052,22.9375
2026-05-24 14:06:49.956,22.9375
2026-05-24 14:06:55.863,22.9375
2026-05-24 14:07:01.767,22.9375
2026-05-24 14:07:07.672,22.9375
2026-05-24 14:07:13.576,23.0
2026-05-24 14:07:19.482,22.9375
2026-05-24 14:07:25.386,22.9375
2026-05-24 14:07:31.290,22.9375
2026-05-24 14:07:37.194,23.0
2026-05-24 14:07:43.097,22.9375
2026-05-24 14:07:49.001,22.9375
2026-05-24 14:07:54.908,22.875
2026-05-24 14:08:00.812,22.9375
2026-05-24 14:08:06.715,22.9375
2026-05-24 14:08:12.621,22.9375
2026-05-24 14:08:18.525,22.9375
2026-05-24 14:08:24.429,22.9375
2026-05-24 14:08:30.333,22.9375
2026-05-24 14:08:36.238,22.9375
2026-05-24 14:08:42.144,22.9375
2026-05-24 14:08:48.048,22.9375
2026-05-24 14:08:53.954,22.875
2026-05-24 14:08:59.860,22.9375
2026-05-24 14:09:05.766,22.9375
2026-05-24 14:09:11.672,22.9375
2026-05-24 14:09:17.579,22.9375
2026-05-24 14:09:23.482,22.9375
2026-05-24 14:09:29.388,22.875
2026-05-24 14:09:35.292,22.9375
2026-05-24 14:09:41.196,22.9375
2026-05-24 14:09:47.100,22.9375
2026-05-24 14:09:53.004,22.9375
2026-05-24 14:09:58.908,22.9375
2026-05-24 14:10:04.811,22.9375
2026-05-24 14:10:10.717,22.9375
2026-05-24 14:10:16.624,22.875
2026-05-24 14:10:22.530,22.9375
2026-05-24 14:10:28.436,22.9375
2026-05-24 14:10:34.342,22.9375
2026-05-24 14:10:40.247,22.9375
2026-05-24 14:10:46.153,22.9375
2026-05-24 14:10:52.057,22.9375
2026-05-24 14:10:57.961,22.9375
2026-05-24 14:11:03.864,22.9375
2026-05-24 14:11:09.769,22.9375
2026-05-24 14:11:15.673,22.9375
2026-05-24 14:11:21.579,22.9375
2026-05-24 14:11:27.484,22.9375
2026-05-24 14:11:33.390,22.9375
2026-05-24 14:11:39.297,22.9375
2026-05-24 14:11:45.201,22.9375
2026-05-24 14:11:51.104,22.9375
2026-05-24 14:11:57.008,22.9375
2026-05-24 14:12:02.912,22.9375
2026-05-24 14:12:08.816,22.9375
2026-05-24 14:12:14.722,22.9375
2026-05-24 14:12:20.626,22.9375
2026-05-24 14:12:26.530,22.9375
2026-05-24 14:12:32.433,22.9375
2026-05-24 14:12:38.338,22.9375
2026-05-24 14:12:44.242,22.9375
2026-05-24 14:12:50.145,22.9375
2026-05-24 14:12:56.049,23.0
2026-05-24 14:13:01.953,22.9375
2026-05-24 14:13:07.857,22.9375
2026-05-24 14:13:13.763,22.9375
2026-05-24 14:13:19.669,22.9375
2026-05-24 14:13:25.573,22.9375
2026-05-24 14:13:31.477,22.9375
2026-05-24 14:13:37.385,22.9375
2026-05-24 14:13:43.291,22.9375
2026-05-24 14:13:49.195,22.875
2026-05-24 14:13:55.098,22.9375
2026-05-24 14:14:01.003,22.9375
2026-05-24 14:14:06.909,22.9375
2026-05-24 14:14:12.813,22.9375
2026-05-24 14:14:18.719,22.9375
2026-05-24 14:14:24.625,22.9375
2026-05-24 14:14:30.532,22.9375
2026-05-24 14:14:36.435,22.9375
2026-05-24 14:14:42.339,22.9375
2026-05-24 14:14:48.242,22.9375
2026-05-24 14:14:54.148,22.9375
2026-05-24 14:15:00.055,22.9375
2026-05-24 14:15:05.961,22.9375
2026-05-24 14:15:11.867,22.9375
2026-05-24 14:15:17.773,22.9375
2026-05-24 14:15:23.679,22.9375
2026-05-24 14:15:29.585,22.9375
2026-05-24 14:15:35.491,22.9375
2026-05-24 14:15:41.395,22.9375
2026-05-24 14:15:47.300,23.0
2026-05-24 14:15:53.204,22.9375
2026-05-24 14:15:59.109,23.0
2026-05-24 14:16:05.012,22.9375
2026-05-24 14:16:10.916,22.9375
2026-05-24 14:16:16.820,22.9375
2026-05-24 14:16:22.724,23.0
2026-05-24 14:16:28.628,22.9375
2026-05-24 14:16:34.532,22.9375
2026-05-24 14:16:40.436,22.9375
2026-05-24 14:16:46.339,22.9375
2026-05-24 14:16:52.245,22.9375
2026-05-24 14:16:58.149,22.9375
2026-05-24 14:17:04.055,22.9375
2026-05-24 14:17:09.961,22.9375
2026-05-24 14:17:15.865,22.9375
2026-05-24 14:17:21.770,22.9375
2026-05-24 14:17:27.675,22.9375
2026-05-24 14:17:33.579,22.9375
2026-05-24 14:17:39.482,22.9375
2026-05-24 14:17:45.386,22.9375
2026-05-24 14:17:51.291,22.9375
2026-05-24 14:17:57.195,22.9375
2026-05-24 14:18:03.098,22.9375
2026-05-24 14:18:09.002,23.0
2026-05-24 14:18:14.908,22.9375
2026-05-24 14:18:20.815,22.9375
2026-05-24 14:18:26.720,22.9375
2026-05-24 14:18:32.627,22.9375
2026-05-24 14:18:38.532,22.9375
2026-05-24 14:18:44.438,22.9375
2026-05-24 14:18:50.345,22.9375
2026-05-24 14:18:56.251,22.9375
2026-05-24 14:19:02.157,22.9375
2026-05-24 14:19:08.060,22.9375
2026-05-24 14:19:13.964,22.9375
2026-05-24 14:19:19.871,22.9375
2026-05-24 14:19:25.777,22.9375
2026-05-24 14:19:31.683,22.9375
2026-05-24 14:19:37.586,22.9375
2026-05-24 14:19:43.492,22.875
2026-05-24 14:19:49.396,22.9375
2026-05-24 14:19:55.302,22.9375
2026-05-24 14:20:01.208,22.9375
2026-05-24 14:20:07.114,22.9375
2026-05-24 14:20:13.018,22.9375
2026-05-24 14:20:18.922,22.9375
2026-05-24 14:20:24.828,22.9375
2026-05-24 14:20:30.732,22.9375
2026-05-24 14:20:36.638,22.9375
2026-05-24 14:20:42.544,22.9375
2026-05-24 14:20:48.450,22.9375
2026-05-24 14:20:54.354,22.9375
2026-05-24 14:21:00.257,22.9375
2026-05-24 14:21:06.161,22.875
2026-05-24 14:21:12.068,22.9375
2026-05-24 14:21:17.973,22.9375
2026-05-24 14:21:23.879,22.9375
2026-05-24 14:21:29.785,22.9375
2026-05-24 14:21:35.689,22.9375
2026-05-24 14:21:41.594,22.9375
2026-05-24 14:21:47.497,22.9375
2026-05-24 14:21:53.401,22.9375
2026-05-24 14:21:59.306,22.9375
2026-05-24 14:22:05.210,22.9375
2026-05-24 14:22:11.117,22.9375
2026-05-24 14:22:17.022,22.9375
2026-05-24 14:22:22.926,22.9375
2026-05-24 14:22:28.830,22.9375
2026-05-24 14:22:34.734,22.9375
2026-05-24 14:22:40.641,22.9375
2026-05-24 14:22:46.546,22.9375
2026-05-24 14:22:52.452,22.9375
2026-05-24 14:22:58.356,22.9375
2026-05-24 14:23:04.260,22.9375
2026-05-24 14:23:10.164,22.9375
2026-05-24 14:23:16.070,22.9375
2026-05-24 14:23:21.975,22.9375
2026-05-24 14:23:27.881,22.9375
2026-05-24 14:23:33.788,22.9375
2026-05-24 14:23:39.694,22.9375
2026-05-24 14:23:45.597,22.9375
2026-05-24 14:23:51.501,22.9375
2026-05-24 14:23:57.405,22.9375
2026-05-24 14:24:03.309,22.9375
2026-05-24 14:24:09.213,22.9375
2026-05-24 14:24:15.117,22.9375
2026-05-24 14:24:21.022,22.9375
2026-05-24 14:24:26.928,22.9375
2026-05-24 14:24:32.835,22.9375
2026-05-24 14:24:38.741,22.9375
2026-05-24 14:24:44.647,22.9375
2026-05-24 14:24:50.550,22.9375
2026-05-24 14:24:56.454,22.9375
2026-05-24 14:25:02.360,22.9375
2026-05-24 14:25:08.266,22.9375
2026-05-24 14:25:14.172,22.9375
2026-05-24 14:25:20.078,22.9375
2026-05-24 14:25:25.982,22.9375
2026-05-24 14:25:31.889,22.9375
2026-05-24 14:25:37.794,22.9375
2026-05-24 14:25:43.700,22.9375
2026-05-24 14:25:49.606,22.9375
2026-05-24 14:25:55.513,22.9375
2026-05-24 14:26:01.419,22.9375
2026-05-24 14:26:07.322,22.9375
2026-05-24 14:26:13.226,22.9375
2026-05-24 14:26:19.130,22.9375
2026-05-24 14:26:25.034,22.9375
2026-05-24 14:26:30.938,22.9375
2026-05-24 14:26:36.844,22.875
2026-05-24 14:26:42.747,22.9375
2026-05-24 14:26:48.653,22.9375
2026-05-24 14:26:54.560,22.9375
2026-05-24 14:27:00.464,22.9375
2026-05-24 14:27:06.367,22.9375
2026-05-24 14:27:12.271,22.9375
2026-05-24 14:27:18.177,22.9375
2026-05-24 14:27:24.084,22.9375
2026-05-24 14:27:29.989,22.9375
2026-05-24 14:27:35.895,22.9375
2026-05-24 14:27:41.801,22.9375
2026-05-24 14:27:47.705,22.9375
2026-05-24 14:27:53.611,22.9375
2026-05-24 14:27:59.517,22.9375
2026-05-24 14:28:05.423,22.9375
2026-05-24 14:28:11.329,22.9375
2026-05-24 14:28:17.232,22.9375
2026-05-24 14:28:23.137,22.9375
2026-05-24 14:28:29.041,23.0
2026-05-24 14:28:34.944,22.9375
2026-05-24 14:28:40.848,23.0
2026-05-24 14:28:46.753,22.9375
2026-05-24 14:28:52.658,22.9375
2026-05-24 14:28:58.564,22.9375
2026-05-24 14:29:04.470,22.9375
2026-05-24 14:29:10.376,22.9375
2026-05-24 14:29:16.283,22.9375
2026-05-24 14:29:22.186,22.9375
2026-05-24 14:29:28.092,22.9375
2026-05-24 14:29:33.996,22.9375
2026-05-24 14:29:39.900,22.9375
2026-05-24 14:29:45.804,23.0
2026-05-24 14:29:51.708,22.9375
2026-05-24 14:29:57.614,22.9375
2026-05-24 14:30:03.518,22.9375
2026-05-24 14:30:09.423,22.9375
2026-05-24 14:30:15.328,22.9375
2026-05-24 14:30:21.234,22.9375
2026-05-24 14:30:27.138,22.9375
2026-05-24 14:30:33.043,22.9375
2026-05-24 14:30:38.949,23.0
2026-05-24 14:30:44.856,22.9375
2026-05-24 14:30:50.761,22.9375
2026-05-24 14:30:56.665,23.0
2026-05-24 14:31:02.568,22.9375
2026-05-24 14:31:08.472,22.9375
2026-05-24 14:31:14.379,23.0
2026-05-24 14:31:20.285,23.0
2026-05-24 14:31:26.191,22.9375
2026-05-24 14:31:32.094,22.9375
2026-05-24 14:31:38.000,22.9375
2026-05-24 14:31:43.907,22.9375
2026-05-24 14:31:49.810,22.9375
2026-05-24 14:31:55.714,22.9375
2026-05-24 14:32:01.620,22.9375
2026-05-24 14:32:07.527,22.9375
2026-05-24 14:32:13.433,22.9375
2026-05-24 14:32:19.340,22.9375
2026-05-24 14:32:25.244,22.9375
2026-05-24 14:32:31.148,22.9375
2026-05-24 14:32:37.052,22.9375
2026-05-24 14:32:42.958,22.9375
2026-05-24 14:32:48.864,22.9375
2026-05-24 14:32:54.770,22.9375
2026-05-24 14:33:00.676,22.9375
2026-05-24 14:33:06.580,22.9375
2026-05-24 14:33:12.484,22.9375
2026-05-24 14:33:18.390,23.0
2026-05-24 14:33:24.296,22.9375
2026-05-24 14:33:30.202,22.9375
2026-05-24 14:33:36.106,22.9375
2026-05-24 14:33:42.012,22.9375
2026-05-24 14:33:47.916,22.9375
2026-05-24 14:33:53.819,22.9375
2026-05-24 14:33:59.723,22.9375
2026-05-24 14:34:05.630,22.9375
2026-05-24 14:34:11.533,23.0
2026-05-24 14:34:17.439,22.9375
2026-05-24 14:34:23.343,22.9375
2026-05-24 14:34:29.249,22.9375
2026-05-24 14:34:35.155,22.9375
2026-05-24 14:34:41.059,22.9375
2026-05-24 14:34:46.963,22.9375
2026-05-24 14:34:52.866,22.9375
2026-05-24 14:34:58.773,22.9375
2026-05-24 14:35:04.677,22.9375
2026-05-24 14:35:10.580,22.9375
2026-05-24 14:35:16.486,22.9375
2026-05-24 14:35:22.392,22.9375
2026-05-24 14:35:28.299,22.9375
2026-05-24 14:35:34.205,23.0
2026-05-24 14:35:40.112,22.9375
2026-05-24 14:35:46.018,22.9375
2026-05-24 14:35:51.922,22.9375
2026-05-24 14:35:57.826,22.9375
2026-05-24 14:36:03.730,23.0
2026-05-24 14:36:09.635,22.9375
2026-05-24 14:36:15.539,23.0
2026-05-24 14:36:21.443,23.0
2026-05-24 14:36:27.347,22.9375
2026-05-24 14:36:33.251,22.9375
2026-05-24 14:36:39.155,22.9375
2026-05-24 14:36:45.058,22.9375
2026-05-24 14:36:50.964,22.9375
2026-05-24 14:36:56.871,22.9375
2026-05-24 14:37:02.777,22.9375
2026-05-24 14:37:08.680,23.0
2026-05-24 14:37:14.584,22.9375
2026-05-24 14:37:20.490,23.0
2026-05-24 14:37:26.395,22.9375
2026-05-24 14:37:32.298,22.9375
2026-05-24 14:37:38.202,22.9375
2026-05-24 14:37:44.106,22.9375
2026-05-24 14:37:50.012,22.9375
2026-05-24 14:37:55.918,22.9375
2026-05-24 14:38:01.822,22.9375
2026-05-24 14:38:07.728,23.0
2026-05-24 14:38:13.634,23.0
2026-05-24 14:38:19.538,22.9375
2026-05-24 14:38:25.442,23.0
2026-05-24 14:38:31.346,22.9375
2026-05-24 14:38:37.249,23.0
2026-05-24 14:38:43.155,23.0
2026-05-24 14:38:49.062,22.9375
2026-05-24 14:38:54.968,23.0
2026-05-24 14:39:00.874,22.9375
2026-05-24 14:39:06.777,22.9375
2026-05-24 14:39:12.681,22.9375
2026-05-24 14:39:18.586,23.0
2026-05-24 14:39:24.489,23.0
2026-05-24 14:39:30.395,23.0
2026-05-24 14:39:36.301,22.9375
2026-05-24 14:39:42.207,23.0
2026-05-24 14:39:48.111,22.9375
2026-05-24 14:39:54.017,22.9375
2026-05-24 14:39:59.923,22.9375
2026-05-24 14:40:05.829,22.9375
2026-05-24 14:40:11.732,23.0
2026-05-24 14:40:17.637,22.9375
2026-05-24 14:40:23.541,23.0
2026-05-24 14:40:29.444,23.0
2026-05-24 14:40:35.348,23.0
2026-05-24 14:40:41.253,22.9375
2026-05-24 14:40:47.156,22.9375
2026-05-24 14:40:53.060,23.0
2026-05-24 14:40:58.963,22.9375
2026-05-24 14:41:04.867,23.0
2026-05-24 14:41:10.772,23.0
2026-05-24 14:41:16.677,23.0
2026-05-24 14:41:22.581,23.0
2026-05-24 14:41:28.487,23.0
2026-05-24 14:41:34.393,23.0
2026-05-24 14:41:40.299,23.0
2026-05-24 14:41:46.203,22.9375
2026-05-24 14:41:52.107,23.0
2026-05-24 14:41:58.010,23.0
2026-05-24 14:42:03.916,23.0
2026-05-24 14:42:09.823,22.9375
2026-05-24 14:42:15.727,22.9375
2026-05-24 14:42:21.632,23.0
2026-05-24 14:42:27.536,23.0
2026-05-24 14:42:33.439,23.0
2026-05-24 14:42:39.344,23.0
2026-05-24 14:42:45.248,23.0
2026-05-24 14:42:51.152,22.9375
2026-05-24 14:42:57.055,22.9375
2026-05-24 14:43:02.961,23.0
2026-05-24 14:43:08.867,23.0
2026-05-24 14:43:14.771,23.0
2026-05-24 14:43:20.675,23.0
2026-05-24 14:43:26.581,23.0
2026-05-24 14:43:32.485,22.9375
2026-05-24 14:43:38.389,22.9375
2026-05-24 14:43:44.292,23.0
2026-05-24 14:43:50.198,22.9375
2026-05-24 14:43:56.102,22.9375
2026-05-24 14:44:02.009,23.0
2026-05-24 14:44:07.915,22.9375
2026-05-24 14:44:13.818,23.0
2026-05-24 14:44:19.722,23.0
2026-05-24 14:44:25.628,22.9375
2026-05-24 14:44:31.532,22.9375
2026-05-24 14:44:37.438,22.9375
2026-05-24 14:44:43.344,22.9375
2026-05-24 14:44:49.249,22.9375
2026-05-24 14:44:55.155,22.9375
2026-05-24 14:45:01.062,22.9375
2026-05-24 14:45:06.968,22.9375
2026-05-24 14:45:12.872,22.9375
2026-05-24 14:45:18.775,22.9375
2026-05-24 14:45:24.679,23.0
2026-05-24 14:45:30.585,23.0
2026-05-24 14:45:36.491,22.9375
2026-05-24 14:45:42.395,22.9375
2026-05-24 14:45:48.298,23.0
2026-05-24 14:45:54.204,22.9375
2026-05-24 14:46:00.109,22.9375
2026-05-24 14:46:06.015,22.9375
2026-05-24 14:46:11.921,22.9375
2026-05-24 14:46:17.826,22.9375
2026-05-24 14:46:23.732,22.9375
2026-05-24 14:46:29.639,22.9375
2026-05-24 14:46:35.544,22.9375
2026-05-24 14:46:41.450,22.9375
2026-05-24 14:46:47.354,22.9375
2026-05-24 14:46:53.258,22.9375
2026-05-24 14:46:59.162,22.9375
2026-05-24 14:47:05.066,23.0
2026-05-24 14:47:10.972,22.9375
2026-05-24 14:47:16.875,22.9375
2026-05-24 14:47:22.780,22.9375
2026-05-24 14:47:28.683,22.9375
2026-05-24 14:47:34.587,22.9375
2026-05-24 14:47:40.491,22.9375
2026-05-24 14:47:46.394,22.9375
2026-05-24 14:47:52.299,22.9375
2026-05-24 14:47:58.203,22.9375
2026-05-24 14:48:04.106,22.9375
2026-05-24 14:48:10.012,22.9375
2026-05-24 14:48:15.918,22.9375
2026-05-24 14:48:21.823,22.9375
2026-05-24 14:48:27.726,22.9375
2026-05-24 14:48:33.630,22.9375
2026-05-24 14:48:39.533,22.9375
2026-05-24 14:48:45.437,22.9375
2026-05-24 14:48:51.342,23.0
2026-05-24 14:48:57.248,22.9375
2026-05-24 14:49:03.153,23.0
2026-05-24 14:49:09.057,23.0
2026-05-24 14:49:14.960,23.0
2026-05-24 14:49:20.865,22.9375
2026-05-24 14:49:26.769,23.0
2026-05-24 14:49:32.672,23.0
2026-05-24 14:49:38.576,23.0
2026-05-24 14:49:44.481,22.9375
2026-05-24 14:49:50.384,23.0
2026-05-24 14:49:56.288,23.0
2026-05-24 14:50:02.192,23.0
2026-05-24 14:50:08.095,23.0
2026-05-24 14:50:14.000,23.0
2026-05-24 14:50:19.906,23.0
2026-05-24 14:50:25.809,22.9375
2026-05-24 14:50:31.715,23.0
2026-05-24 14:50:37.621,22.9375
2026-05-24 14:50:43.528,22.9375
2026-05-24 14:50:49.434,22.9375
2026-05-24 14:50:55.339,23.0
2026-05-24 14:51:01.243,22.9375
2026-05-24 14:51:07.146,23.0
2026-05-24 14:51:13.053,22.9375
2026-05-24 14:51:18.959,22.9375
2026-05-24 14:51:24.865,23.0
2026-05-24 14:51:30.771,23.0
2026-05-24 14:51:36.675,23.0
2026-05-24 14:51:42.579,22.9375
2026-05-24 14:51:48.483,23.0
2026-05-24 14:51:54.386,23.0
2026-05-24 14:52:00.290,23.0
2026-05-24 14:52:06.194,23.0
2026-05-24 14:52:12.101,22.9375
2026-05-24 14:52:18.004,23.0
2026-05-24 14:52:23.910,22.9375
2026-05-24 14:52:29.816,23.0
2026-05-24 14:52:35.720,23.0
2026-05-24 14:52:41.628,23.0
2026-05-24 14:52:47.532,23.0
2026-05-24 14:52:53.435,22.9375
2026-05-24 14:52:59.339,23.0
2026-05-24 14:53:05.243,23.0
2026-05-24 14:53:11.147,23.0
2026-05-24 14:53:17.053,23.0
2026-05-24 14:53:22.957,23.0
2026-05-24 14:53:28.861,23.0
2026-05-24 14:53:34.765,23.0
2026-05-24 14:53:40.671,23.0
2026-05-24 14:53:46.577,23.0
2026-05-24 14:53:52.483,23.0
2026-05-24 14:53:58.386,22.9375
2026-05-24 14:54:04.293,23.0
2026-05-24 14:54:10.197,23.0625
2026-05-24 14:54:16.103,22.9375
2026-05-24 14:54:22.006,23.0
2026-05-24 14:54:27.910,23.0
2026-05-24 14:54:33.814,22.9375
2026-05-24 14:54:39.720,22.9375
2026-05-24 14:54:45.626,23.0
2026-05-24 14:54:51.532,22.9375
2026-05-24 14:54:57.436,22.9375
2026-05-24 14:55:03.340,22.9375
2026-05-24 14:55:09.246,22.9375
2026-05-24 14:55:15.152,22.9375
2026-05-24 14:55:21.055,23.0
2026-05-24 14:55:26.960,23.0
2026-05-24 14:55:32.864,23.0
2026-05-24 14:55:38.767,22.9375
2026-05-24 14:55:44.673,22.9375
2026-05-24 14:55:50.579,22.9375
2026-05-24 14:55:56.486,22.9375
2026-05-24 14:56:02.392,23.0
2026-05-24 14:56:08.298,23.0
2026-05-24 14:56:14.203,23.0
2026-05-24 14:56:20.107,23.0
2026-05-24 14:56:26.013,23.0
2026-05-24 14:56:31.917,23.0
2026-05-24 14:56:37.821,23.0
2026-05-24 14:56:43.724,23.0
2026-05-24 14:56:49.628,23.0
2026-05-24 14:56:55.535,22.9375
2026-05-24 14:57:01.441,22.9375
2026-05-24 14:57:07.346,22.9375
2026-05-24 14:57:13.252,23.0
2026-05-24 14:57:19.158,23.0
2026-05-24 14:57:25.062,23.0
2026-05-24 14:57:30.966,23.0
2026-05-24 14:57:36.870,23.0
2026-05-24 14:57:42.773,22.9375
2026-05-24 14:57:48.677,23.0
2026-05-24 14:57:54.584,22.9375
2026-05-24 14:58:00.487,23.0
2026-05-24 14:58:06.391,23.0
2026-05-24 14:58:12.299,23.0
2026-05-24 14:58:18.204,22.9375
2026-05-24 14:58:24.107,22.9375
2026-05-24 14:58:30.011,22.9375
2026-05-24 14:58:35.914,23.0
2026-05-24 14:58:41.820,23.0
2026-05-24 14:58:47.725,22.9375
2026-05-24 14:58:53.633,22.9375
2026-05-24 14:58:59.539,23.0
2026-05-24 14:59:05.442,23.0
2026-05-24 14:59:11.346,23.0
2026-05-24 14:59:17.251,22.9375
2026-05-24 14:59:23.154,23.0
2026-05-24 14:59:29.058,22.9375
2026-05-24 14:59:34.964,23.0
2026-05-24 14:59:40.870,23.0
2026-05-24 14:59:46.776,23.0
2026-05-24 14:59:52.682,23.0
2026-05-24 14:59:58.588,22.9375
2026-05-24 15:00:04.491,23.0
2026-05-24 15:00:10.395,23.0
2026-05-24 15:00:16.300,22.9375
2026-05-24 15:00:22.206,23.0
2026-05-24 15:00:28.112,23.0
2026-05-24 15:00:34.017,22.9375
2026-05-24 15:00:39.921,23.0
2026-05-24 15:00:45.826,22.9375
2026-05-24 15:00:51.729,23.0
2026-05-24 15:00:57.633,23.0
2026-05-24 15:01:03.537,23.0
2026-05-24 15:01:09.443,22.9375
2026-05-24 15:01:15.350,22.9375
2026-05-24 15:01:21.256,22.9375
2026-05-24 15:01:27.159,23.0
2026-05-24 15:01:33.063,22.9375
2026-05-24 15:01:38.967,22.9375
2026-05-24 15:01:44.871,23.0
2026-05-24 15:01:50.775,23.0
2026-05-24 15:01:56.678,23.0
2026-05-24 15:02:02.582,23.0
2026-05-24 15:02:08.489,23.0
2026-05-24 15:02:14.395,22.9375
2026-05-24 15:02:20.301,22.9375
2026-05-24 15:02:26.207,22.9375
2026-05-24 15:02:32.112,23.0
2026-05-24 15:02:38.019,23.0
2026-05-24 15:02:43.925,23.0
2026-05-24 15:02:49.831,23.0
2026-05-24 15:02:55.737,23.0
2026-05-24 15:03:01.640,23.0
2026-05-24 15:03:07.545,23.0
2026-05-24 15:03:13.449,23.0
2026-05-24 15:03:19.353,23.0
2026-05-24 15:03:25.256,23.0
2026-05-24 15:03:31.160,23.0
2026-05-24 15:03:37.067,23.0
2026-05-24 15:03:42.973,23.0
2026-05-24 15:03:48.878,23.0
2026-05-24 15:03:54.784,23.0
2026-05-24 15:04:00.690,23.0
2026-05-24 15:04:06.599,23.0
2026-05-24 15:04:12.502,23.0
2026-05-24 15:04:18.408,23.0
2026-05-24 15:04:24.312,23.0
2026-05-24 15:04:30.217,23.0
2026-05-24 15:04:36.120,23.0
2026-05-24 15:04:42.024,23.0
2026-05-24 15:04:47.930,23.0
2026-05-24 15:04:53.836,23.0
2026-05-24 15:04:59.743,23.0
2026-05-24 15:05:05.648,23.0
2026-05-24 15:05:11.552,23.0625
2026-05-24 15:05:17.457,22.9375
2026-05-24 15:05:23.361,23.0
2026-05-24 15:05:29.265,23.0
2026-05-24 15:05:35.169,23.0
2026-05-24 15:05:41.073,23.0
2026-05-24 15:05:46.977,23.0
2026-05-24 15:05:52.882,23.0
2026-05-24 15:05:58.789,23.0
2026-05-24 15:06:04.695,23.0
2026-05-24 15:06:10.601,23.0
2026-05-24 15:06:16.507,23.0
2026-05-24 15:06:22.410,23.0
2026-05-24 15:06:28.315,23.0
2026-05-24 15:06:34.219,23.0
2026-05-24 15:06:40.122,23.0
2026-05-24 15:06:46.028,23.0
2026-05-24 15:06:51.934,23.0
2026-05-24 15:06:57.841,23.0
2026-05-24 15:07:03.747,23.0
2026-05-24 15:07:09.651,23.0
2026-05-24 15:07:15.556,23.0
2026-05-24 15:07:21.461,23.0
2026-05-24 15:07:27.364,23.0
2026-05-24 15:07:33.268,22.9375
2026-05-24 15:07:39.173,23.0
2026-05-24 15:07:45.077,23.0
2026-05-24 15:07:50.982,23.0
2026-05-24 15:07:56.888,23.0
2026-05-24 15:08:02.793,23.0
2026-05-24 15:08:08.699,22.9375
2026-05-24 15:08:14.603,23.0
2026-05-24 15:08:20.509,23.0
2026-05-24 15:08:26.415,23.0
2026-05-24 15:08:32.319,22.9375
2026-05-24 15:08:38.223,23.0
2026-05-24 15:08:44.126,23.0
2026-05-24 15:08:50.033,23.0
2026-05-24 15:08:55.939,23.0
2026-05-24 15:09:01.845,23.0
2026-05-24 15:09:07.751,23.0
2026-05-24 15:09:13.654,23.0
2026-05-24 15:09:19.559,22.9375
2026-05-24 15:09:25.464,22.9375
2026-05-24 15:09:31.368,23.0
2026-05-24 15:09:37.272,22.9375
2026-05-24 15:09:43.175,23.0
2026-05-24 15:09:49.080,23.0
2026-05-24 15:09:54.986,22.9375
2026-05-24 15:10:00.890,23.0
2026-05-24 15:10:06.793,22.9375
2026-05-24 15:10:12.700,23.0
2026-05-24 15:10:18.606,22.9375
2026-05-24 15:10:24.512,23.0
2026-05-24 15:10:30.418,22.9375
2026-05-24 15:10:36.324,23.0
2026-05-24 15:10:42.231,23.0
2026-05-24 15:10:48.136,22.9375
2026-05-24 15:10:54.042,22.9375
2026-05-24 15:10:59.948,23.0
2026-05-24 15:11:05.854,23.0
2026-05-24 15:11:11.759,23.0
2026-05-24 15:11:17.662,23.0
2026-05-24 15:11:23.568,23.0
2026-05-24 15:11:29.474,22.9375
2026-05-24 15:11:35.379,22.9375
2026-05-24 15:11:41.286,23.0
2026-05-24 15:11:47.192,23.0
2026-05-24 15:11:53.095,23.0
2026-05-24 15:11:58.999,23.0
2026-05-24 15:12:04.903,22.9375
2026-05-24 15:12:10.809,23.0
2026-05-24 15:12:16.715,23.0
2026-05-24 15:12:22.621,22.9375
2026-05-24 15:12:28.527,23.0
2026-05-24 15:12:34.430,23.0
2026-05-24 15:12:40.337,22.9375
2026-05-24 15:12:46.243,23.0
2026-05-24 15:12:52.149,23.0
2026-05-24 15:12:58.052,23.0
2026-05-24 15:13:03.957,23.0
2026-05-24 15:13:09.861,23.0
2026-05-24 15:13:15.764,22.9375
2026-05-24 15:13:21.668,22.9375
2026-05-24 15:13:27.572,23.0
2026-05-24 15:13:33.478,23.0
2026-05-24 15:13:39.384,23.0
2026-05-24 15:13:45.290,23.0
2026-05-24 15:13:51.194,23.0
2026-05-24 15:13:57.097,23.0
2026-05-24 15:14:03.004,23.0
2026-05-24 15:14:08.910,23.0
2026-05-24 15:14:14.816,23.0
2026-05-24 15:14:20.722,22.9375
2026-05-24 15:14:26.625,23.0
2026-05-24 15:14:32.532,22.9375
2026-05-24 15:14:38.436,23.0
2026-05-24 15:14:44.339,23.0
2026-05-24 15:14:50.243,23.0
2026-05-24 15:14:56.147,23.0
2026-05-24 15:15:02.054,23.0
2026-05-24 15:15:07.957,23.0
2026-05-24 15:15:13.861,23.0
2026-05-24 15:15:19.765,23.0
2026-05-24 15:15:25.668,23.0
2026-05-24 15:15:31.573,23.0
2026-05-24 15:15:37.479,23.0
2026-05-24 15:15:43.385,23.0
2026-05-24 15:15:49.288,23.0
2026-05-24 15:15:55.194,22.9375
2026-05-24 15:16:01.101,23.0
2026-05-24 15:16:07.005,23.0
2026-05-24 15:16:12.908,23.0
2026-05-24 15:16:18.814,23.0
2026-05-24 15:16:24.718,23.0
2026-05-24 15:16:30.622,23.0
2026-05-24 15:16:36.526,23.0
2026-05-24 15:16:42.429,23.0
2026-05-24 15:16:48.333,23.0
2026-05-24 15:16:54.238,23.0
2026-05-24 15:17:00.141,23.0
2026-05-24 15:17:06.045,23.0
2026-05-24 15:17:11.949,23.0
2026-05-24 15:17:17.855,23.0
2026-05-24 15:17:23.761,23.0
2026-05-24 15:17:29.665,23.0
2026-05-24 15:17:35.569,23.0
2026-05-24 15:17:41.473,23.0
2026-05-24 15:17:47.376,23.0
2026-05-24 15:17:53.281,23.0
2026-05-24 15:17:59.187,23.0
2026-05-24 15:18:05.092,23.0
2026-05-24 15:18:10.996,22.9375
2026-05-24 15:18:16.902,23.0
2026-05-24 15:18:22.809,23.0
2026-05-24 15:18:28.712,23.0
2026-05-24 15:18:34.618,23.0
2026-05-24 15:18:40.522,23.0
2026-05-24 15:18:46.425,23.0
2026-05-24 15:18:52.330,23.0
2026-05-24 15:18:58.234,23.0
2026-05-24 15:19:04.137,23.0
2026-05-24 15:19:10.043,23.0
2026-05-24 15:19:15.950,23.0
2026-05-24 15:19:21.854,23.0
2026-05-24 15:19:27.757,23.0
2026-05-24 15:19:33.663,23.0
2026-05-24 15:19:39.569,23.0625
2026-05-24 15:19:45.476,23.0
2026-05-24 15:19:51.379,23.0625
2026-05-24 15:19:57.285,23.0
2026-05-24 15:20:03.191,23.0
2026-05-24 15:20:09.097,23.0
2026-05-24 15:20:15.004,23.0
2026-05-24 15:20:20.909,23.0
2026-05-24 15:20:26.815,23.0
2026-05-24 15:20:32.719,23.0
2026-05-24 15:20:38.622,23.0
2026-05-24 15:20:44.527,23.0
2026-05-24 15:20:50.433,23.0
2026-05-24 15:20:56.336,23.0
2026-05-24 15:21:02.240,23.0
2026-05-24 15:21:08.146,23.0
2026-05-24 15:21:14.052,23.0
2026-05-24 15:21:19.958,23.0
2026-05-24 15:21:25.864,23.0
2026-05-24 15:21:31.770,23.0
2026-05-24 15:21:37.676,23.0
2026-05-24 15:21:43.580,23.0
2026-05-24 15:21:49.484,23.0
2026-05-24 15:21:55.387,23.0
2026-05-24 15:22:01.291,23.0
2026-05-24 15:22:07.196,23.0
2026-05-24 15:22:13.099,23.0
2026-05-24 15:22:19.005,23.0
2026-05-24 15:22:24.911,23.0
2026-05-24 15:22:30.817,23.0
2026-05-24 15:22:36.721,23.0
2026-05-24 15:22:42.625,22.9375
2026-05-24 15:22:48.529,23.0
2026-05-24 15:22:54.432,23.0625
2026-05-24 15:23:00.336,23.0
2026-05-24 15:23:06.241,23.0
2026-05-24 15:23:12.147,23.0
2026-05-24 15:23:18.050,23.0
2026-05-24 15:23:23.956,23.0
2026-05-24 15:23:29.860,22.9375
2026-05-24 15:23:35.767,23.0
2026-05-24 15:23:41.670,23.0
2026-05-24 15:23:47.576,23.0
2026-05-24 15:23:53.480,23.0
2026-05-24 15:23:59.383,23.0
2026-05-24 15:24:05.288,23.0
2026-05-24 15:24:11.194,22.9375
2026-05-24 15:24:17.098,23.0
2026-05-24 15:24:23.001,23.0
2026-05-24 15:24:28.905,23.0
2026-05-24 15:24:34.809,23.0
2026-05-24 15:24:40.713,23.0
2026-05-24 15:24:46.619,23.0
2026-05-24 15:24:52.525,23.0
2026-05-24 15:24:58.431,23.0
2026-05-24 15:25:04.337,23.0
2026-05-24 15:25:10.241,23.0
2026-05-24 15:25:16.145,23.0
2026-05-24 15:25:22.048,23.0
2026-05-24 15:25:27.955,23.0
2026-05-24 15:25:33.859,23.0
2026-05-24 15:25:39.765,23.0625
2026-05-24 15:25:45.668,23.0
2026-05-24 15:25:51.574,23.0625
2026-05-24 15:25:57.479,23.0625
2026-05-24 15:26:03.384,23.0
2026-05-24 15:26:09.290,23.0
2026-05-24 15:26:15.196,23.0
2026-05-24 15:26:21.102,23.0
2026-05-24 15:26:27.007,23.0
2026-05-24 15:26:32.910,23.0
2026-05-24 15:26:38.816,23.0
2026-05-24 15:26:44.722,23.0
2026-05-24 15:26:50.628,23.0
2026-05-24 15:26:56.535,23.0
2026-05-24 15:27:02.442,23.0
2026-05-24 15:27:08.346,23.0
2026-05-24 15:27:14.250,23.0
2026-05-24 15:27:20.155,23.0
2026-05-24 15:27:26.062,23.0
2026-05-24 15:27:31.968,23.0
2026-05-24 15:27:37.874,23.0
2026-05-24 15:27:43.780,23.0
2026-05-24 15:27:49.687,23.0
2026-05-24 15:27:55.590,23.0
2026-05-24 15:28:01.494,23.0625
2026-05-24 15:28:07.398,23.0625
2026-05-24 15:28:13.303,23.0625
2026-05-24 15:28:19.208,23.0
2026-05-24 15:28:25.114,23.0
2026-05-24 15:28:31.020,23.0
2026-05-24 15:28:36.923,23.0
2026-05-24 15:28:42.829,23.0625
2026-05-24 15:28:48.736,23.0625
2026-05-24 15:28:54.639,23.0625
2026-05-24 15:29:00.543,23.0
2026-05-24 15:29:06.447,23.0
2026-05-24 15:29:12.350,23.0
2026-05-24 15:29:18.257,23.0
2026-05-24 15:29:24.161,23.0
2026-05-24 15:29:30.067,23.0
2026-05-24 15:29:35.972,23.0
2026-05-24 15:29:41.878,23.0
2026-05-24 15:29:47.785,23.0625
2026-05-24 15:29:53.689,23.0625
2026-05-24 15:29:59.595,23.0
2026-05-24 15:30:05.501,23.0625
2026-05-24 15:30:11.404,23.0
2026-05-24 15:30:17.309,23.0
2026-05-24 15:30:23.215,23.0625
2026-05-24 15:30:29.123,23.0
2026-05-24 15:30:35.028,23.0
2026-05-24 15:30:40.934,23.0
2026-05-24 15:30:46.839,23.0625
2026-05-24 15:30:52.742,23.0625
2026-05-24 15:30:58.646,23.0
2026-05-24 15:31:04.550,23.0
2026-05-24 15:31:10.454,23.0
2026-05-24 15:31:16.360,23.0
2026-05-24 15:31:22.266,23.0
2026-05-24 15:31:28.171,23.0
2026-05-24 15:31:34.075,23.0
2026-05-24 15:31:39.982,23.0625
2026-05-24 15:31:45.888,23.0625
2026-05-24 15:31:51.793,23.0
2026-05-24 15:31:57.697,23.0625
2026-05-24 15:32:03.600,23.0625
2026-05-24 15:32:09.507,23.0
2026-05-24 15:32:15.413,23.0
2026-05-24 15:32:21.319,23.0
2026-05-24 15:32:27.222,23.0
2026-05-24 15:32:33.128,23.0
2026-05-24 15:32:39.034,23.0
2026-05-24 15:32:44.940,23.0
2026-05-24 15:32:50.843,23.0
2026-05-24 15:32:56.747,23.0
2026-05-24 15:33:02.653,23.0
2026-05-24 15:33:08.557,23.0
2026-05-24 15:33:14.463,23.0625
2026-05-24 15:33:20.369,23.0
2026-05-24 15:33:26.273,23.0
2026-05-24 15:33:32.179,23.0625
2026-05-24 15:33:38.085,23.0
2026-05-24 15:33:43.989,23.0
2026-05-24 15:33:49.892,23.0
2026-05-24 15:33:55.796,23.0
2026-05-24 15:34:01.701,23.0
2026-05-24 15:34:07.604,23.0
2026-05-24 15:34:13.510,23.0
2026-05-24 15:34:19.416,23.0
2026-05-24 15:34:25.321,23.0625
2026-05-24 15:34:31.228,23.0
2026-05-24 15:34:37.134,23.0
2026-05-24 15:34:43.040,23.0625
2026-05-24 15:34:48.944,23.0
2026-05-24 15:34:54.847,23.0625
2026-05-24 15:35:00.754,23.0
2026-05-24 15:35:06.660,23.0
2026-05-24 15:35:12.566,23.0
2026-05-24 15:35:18.471,23.0
2026-05-24 15:35:24.375,23.0
2026-05-24 15:35:30.279,23.0
2026-05-24 15:35:36.183,23.0
2026-05-24 15:35:42.087,23.0
2026-05-24 15:35:47.993,23.0
2026-05-24 15:35:53.898,23.0
2026-05-24 15:35:59.805,23.0
2026-05-24 15:36:05.711,23.0
2026-05-24 15:36:11.617,23.0
2026-05-24 15:36:17.520,23.0
2026-05-24 15:36:23.424,23.0
2026-05-24 15:36:29.329,23.0625
2026-05-24 15:36:35.234,23.0625
2026-05-24 15:36:41.140,23.0
2026-05-24 15:36:47.043,23.0
2026-05-24 15:36:52.950,23.0
2026-05-24 15:36:58.856,23.0
2026-05-24 15:37:04.761,23.0625
2026-05-24 15:37:10.667,23.0
2026-05-24 15:37:16.571,23.0625
2026-05-24 15:37:22.476,23.0
2026-05-24 15:37:28.379,23.0
2026-05-24 15:37:34.285,23.0
2026-05-24 15:37:40.191,23.0
2026-05-24 15:37:46.096,23.0625
2026-05-24 15:37:52.001,23.0
2026-05-24 15:37:57.905,23.0
2026-05-24 15:38:03.809,23.0625
2026-05-24 15:38:09.712,23.0625
2026-05-24 15:38:15.616,23.0625
2026-05-24 15:38:21.521,23.0
2026-05-24 15:38:27.427,23.0625
2026-05-24 15:38:33.332,23.0
2026-05-24 15:38:39.236,23.0625
2026-05-24 15:38:45.142,23.0
2026-05-24 15:38:51.049,23.0
2026-05-24 15:38:56.955,23.0
2026-05-24 15:39:02.861,23.0
2026-05-24 15:39:08.764,23.0625
2026-05-24 15:39:14.668,23.0
2026-05-24 15:39:20.575,23.0
2026-05-24 15:39:26.478,23.0
2026-05-24 15:39:32.385,23.0
2026-05-24 15:39:38.290,23.0
2026-05-24 15:39:44.195,23.0
2026-05-24 15:39:50.099,23.0625
2026-05-24 15:39:56.002,23.0
2026-05-24 15:40:01.906,23.0
2026-05-24 15:40:07.812,23.0
2026-05-24 15:40:13.718,23.0625
2026-05-24 15:40:19.624,23.0625
2026-05-24 15:40:25.527,23.0
2026-05-24 15:40:31.433,23.0625
2026-05-24 15:40:37.337,23.0625
2026-05-24 15:40:43.242,23.0
2026-05-24 15:40:49.145,23.0625
2026-05-24 15:40:55.049,23.0625
2026-05-24 15:41:00.953,23.0
2026-05-24 15:41:06.856,23.0625
2026-05-24 15:41:12.763,23.0
2026-05-24 15:41:18.667,23.0
2026-05-24 15:41:24.573,23.0625
2026-05-24 15:41:30.479,23.0
2026-05-24 15:41:36.385,23.0625
2026-05-24 15:41:42.292,23.0
2026-05-24 15:41:48.198,23.0
2026-05-24 15:41:54.101,23.0
2026-05-24 15:42:00.005,23.0
2026-05-24 15:42:05.908,23.0625
2026-05-24 15:42:11.813,23.0
2026-05-24 15:42:17.717,23.0
2026-05-24 15:42:23.621,23.0
2026-05-24 15:42:29.524,23.0
2026-05-24 15:42:35.431,23.0
2026-05-24 15:42:41.337,23.0
2026-05-24 15:42:47.242,23.0
2026-05-24 15:42:53.148,23.0
2026-05-24 15:42:59.052,23.0
2026-05-24 15:43:04.958,23.0
2026-05-24 15:43:10.862,23.0625
2026-05-24 15:43:16.768,23.0
2026-05-24 15:43:22.676,23.0625
2026-05-24 15:43:28.582,23.0
2026-05-24 15:43:34.486,23.0
2026-05-24 15:43:40.390,23.0
2026-05-24 15:43:46.294,23.0
2026-05-24 15:43:52.197,23.0
2026-05-24 15:43:58.101,23.0625
2026-05-24 15:44:04.006,23.0
2026-05-24 15:44:09.909,23.0
2026-05-24 15:44:15.813,23.0
2026-05-24 15:44:21.717,23.0
2026-05-24 15:44:27.623,23.0
2026-05-24 15:44:33.529,23.0
2026-05-24 15:44:39.435,23.0
2026-05-24 15:44:45.341,23.0
2026-05-24 15:44:51.245,23.0
2026-05-24 15:44:57.148,23.0
2026-05-24 15:45:03.053,23.0
2026-05-24 15:45:08.957,23.0
2026-05-24 15:45:14.863,23.0
2026-05-24 15:45:20.768,23.0
2026-05-24 15:45:26.674,23.0
2026-05-24 15:45:32.579,23.0
2026-05-24 15:45:38.485,23.0
2026-05-24 15:45:44.389,23.0
2026-05-24 15:45:50.294,23.0
2026-05-24 15:45:56.199,23.0
2026-05-24 15:46:02.102,23.0
2026-05-24 15:46:08.006,23.0
2026-05-24 15:46:13.910,23.0
2026-05-24 15:46:19.816,23.0
2026-05-24 15:46:25.720,23.0
2026-05-24 15:46:31.624,23.0
2026-05-24 15:46:37.528,23.0
2026-05-24 15:46:43.433,23.0625
2026-05-24 15:46:49.339,23.0
2026-05-24 15:46:55.246,23.0
2026-05-24 15:47:01.152,23.0
2026-05-24 15:47:07.055,23.0
2026-05-24 15:47:12.959,23.0
2026-05-24 15:47:18.863,23.0
2026-05-24 15:47:24.770,23.0
2026-05-24 15:47:30.676,23.0
2026-05-24 15:47:36.582,23.0625
2026-05-24 15:47:42.488,23.0
2026-05-24 15:47:48.393,23.0
2026-05-24 15:47:54.298,23.0
2026-05-24 15:48:00.202,23.0
2026-05-24 15:48:06.105,23.0
2026-05-24 15:48:12.009,23.0
2026-05-24 15:48:17.915,23.0
2026-05-24 15:48:23.822,23.0
2026-05-24 15:48:29.728,23.0625
2026-05-24 15:48:35.633,23.0625
2026-05-24 15:48:41.539,23.0
2026-05-24 15:48:47.446,23.0
2026-05-24 15:48:53.352,23.0
2026-05-24 15:48:59.257,23.0
2026-05-24 15:49:05.161,23.0625
2026-05-24 15:49:11.064,23.0
2026-05-24 15:49:16.969,23.0
2026-05-24 15:49:22.873,23.0
2026-05-24 15:49:28.778,23.0
2026-05-24 15:49:34.684,23.0
2026-05-24 15:49:40.592,23.0
2026-05-24 15:49:46.499,23.0
2026-05-24 15:49:52.405,23.0
2026-05-24 15:49:58.311,23.0
2026-05-24 15:50:04.216,23.0
2026-05-24 15:50:10.122,23.0
2026-05-24 15:50:16.027,23.0625
2026-05-24 15:50:21.931,23.0625
2026-05-24 15:50:27.834,23.0
2026-05-24 15:50:33.738,23.0
2026-05-24 15:50:39.642,23.0625
2026-05-24 15:50:45.546,23.0
2026-05-24 15:50:51.452,23.0625
2026-05-24 15:50:57.358,23.0
2026-05-24 15:51:03.261,23.0625
2026-05-24 15:51:09.165,23.0625
2026-05-24 15:51:15.070,23.0
2026-05-24 15:51:20.976,23.0
2026-05-24 15:51:26.882,23.0625
2026-05-24 15:51:32.787,23.0
2026-05-24 15:51:38.694,23.0
2026-05-24 15:51:44.600,23.0625
2026-05-24 15:51:50.506,23.0
2026-05-24 15:51:56.410,23.0
2026-05-24 15:52:02.313,23.0
2026-05-24 15:52:08.218,23.125
2026-05-24 15:52:14.122,23.0
2026-05-24 15:52:20.025,23.0625
2026-05-24 15:52:25.929,23.0625
2026-05-24 15:52:31.833,23.0
2026-05-24 15:52:37.740,23.0625
2026-05-24 15:52:43.643,23.0625
2026-05-24 15:52:49.549,23.0625
2026-05-24 15:52:55.455,23.0625
2026-05-24 15:53:01.361,23.0
2026-05-24 15:53:07.267,23.0
2026-05-24 15:53:13.173,23.0625
2026-05-24 15:53:19.076,23.0
2026-05-24 15:53:24.982,23.0625
2026-05-24 15:53:30.888,23.0625
2026-05-24 15:53:36.793,23.0625
2026-05-24 15:53:42.696,23.0625
2026-05-24 15:53:48.602,23.0
2026-05-24 15:53:54.506,23.0
2026-05-24 15:54:00.410,23.0
2026-05-24 15:54:06.314,23.0
2026-05-24 15:54:12.218,23.0
2026-05-24 15:54:18.123,23.0
2026-05-24 15:54:24.027,23.0
2026-05-24 15:54:29.932,23.0
2026-05-24 15:54:35.836,23.0
2026-05-24 15:54:41.739,23.0
2026-05-24 15:54:47.643,23.0
2026-05-24 15:54:53.546,23.0
2026-05-24 15:54:59.451,23.0625
2026-05-24 15:55:05.355,23.0
2026-05-24 15:55:11.261,23.0
2026-05-24 15:55:17.164,23.0625
2026-05-24 15:55:23.070,23.0
2026-05-24 15:55:28.974,23.0
2026-05-24 15:55:34.878,23.0
2026-05-24 15:55:40.784,23.0
2026-05-24 15:55:46.690,23.0
2026-05-24 15:55:52.595,23.0625
2026-05-24 15:55:58.500,23.0625
2026-05-24 15:56:04.404,23.0
2026-05-24 15:56:10.307,23.0625
2026-05-24 15:56:16.213,23.0
2026-05-24 15:56:22.119,23.0625
2026-05-24 15:56:28.024,23.0
2026-05-24 15:56:33.927,23.0625
2026-05-24 15:56:39.831,23.0625
2026-05-24 15:56:45.737,23.0625
2026-05-24 15:56:51.643,23.0
2026-05-24 15:56:57.547,23.0
2026-05-24 15:57:03.453,23.0
2026-05-24 15:57:09.357,23.0
2026-05-24 15:57:15.260,22.9375
2026-05-24 15:57:21.165,23.0
2026-05-24 15:57:27.069,23.0
2026-05-24 15:57:32.972,23.0
2026-05-24 15:57:38.878,23.0
2026-05-24 15:57:44.784,23.0
2026-05-24 15:57:50.691,23.0
2026-05-24 15:57:56.595,23.0
2026-05-24 15:58:02.498,23.0
2026-05-24 15:58:08.402,23.0625
2026-05-24 15:58:14.306,23.0
2026-05-24 15:58:20.212,23.0
2026-05-24 15:58:26.116,23.0
2026-05-24 15:58:32.022,23.0
2026-05-24 15:58:37.928,23.0
2026-05-24 15:58:43.834,23.0
2026-05-24 15:58:49.738,23.0
2026-05-24 15:58:55.642,23.0
2026-05-24 15:59:01.545,23.0
2026-05-24 15:59:07.449,23.0
2026-05-24 15:59:13.353,23.0
2026-05-24 15:59:19.257,23.0
2026-05-24 15:59:25.161,23.0625
2026-05-24 15:59:31.065,23.0
2026-05-24 15:59:36.971,23.0
2026-05-24 15:59:42.874,23.0
2026-05-24 15:59:48.781,23.0625
2026-05-24 15:59:54.687,23.0
2026-05-24 16:00:00.590,23.0
2026-05-24 16:00:06.494,23.0
2026-05-24 16:00:12.398,23.0625
2026-05-24 16:00:18.305,23.0625
2026-05-24 16:00:24.212,23.0
2026-05-24 16:00:30.118,23.0
2026-05-24 16:00:36.024,23.0625
2026-05-24 16:00:41.931,23.0
2026-05-24 16:00:47.835,23.0
2026-05-24 16:00:53.740,23.0
2026-05-24 16:00:59.644,23.0625
2026-05-24 16:01:05.548,23.0625
2026-05-24 16:01:11.452,23.0
2026-05-24 16:01:17.356,23.0625
2026-05-24 16:01:23.259,23.0625
2026-05-24 16:01:29.163,23.0
2026-05-24 16:01:35.069,23.0625
2026-05-24 16:01:40.976,23.0625
2026-05-24 16:01:46.882,23.0
2026-05-24 16:01:52.785,23.0
2026-05-24 16:01:58.689,23.0625
2026-05-24 16:02:04.593,23.0625
2026-05-24 16:02:10.497,23.0625
2026-05-24 16:02:16.404,23.0625
2026-05-24 16:02:22.310,23.0
2026-05-24 16:02:28.216,23.0
2026-05-24 16:02:34.119,23.0625
2026-05-24 16:02:40.024,23.0625
2026-05-24 16:02:45.928,23.0625
2026-05-24 16:02:51.832,23.0625
2026-05-24 16:02:57.735,23.0625
2026-05-24 16:03:03.641,23.0
2026-05-24 16:03:09.547,23.0625
2026-05-24 16:03:15.453,23.0
2026-05-24 16:03:21.359,23.0625
2026-05-24 16:03:27.263,23.0
2026-05-24 16:03:33.168,23.0
2026-05-24 16:03:39.073,23.0
2026-05-24 16:03:44.979,23.0625
2026-05-24 16:03:50.885,23.0625
2026-05-24 16:03:56.789,23.0625
2026-05-24 16:04:02.694,23.0625
2026-05-24 16:04:08.597,23.0625
2026-05-24 16:04:14.503,23.0625
2026-05-24 16:04:20.408,23.0
2026-05-24 16:04:26.314,23.0
2026-05-24 16:04:32.219,23.0625
2026-05-24 16:04:38.124,23.0625
2026-05-24 16:04:44.028,23.0625
2026-05-24 16:04:49.932,23.0625
2026-05-24 16:04:55.835,23.0625
2026-05-24 16:05:01.742,23.0625
2026-05-24 16:05:07.645,23.0
2026-05-24 16:05:13.551,23.0625
2026-05-24 16:05:19.457,23.0625
2026-05-24 16:05:25.361,23.0
2026-05-24 16:05:31.268,23.0625
2026-05-24 16:05:37.174,23.0625
2026-05-24 16:05:43.080,23.0
2026-05-24 16:05:48.985,23.0
2026-05-24 16:05:54.889,23.0
2026-05-24 16:06:00.796,23.0625
2026-05-24 16:06:06.702,23.0625
2026-05-24 16:06:12.605,23.0625
2026-05-24 16:06:18.509,23.0
2026-05-24 16:06:24.414,23.0625
2026-05-24 16:06:30.317,23.0625
2026-05-24 16:06:36.221,23.0
2026-05-24 16:06:42.127,23.0
2026-05-24 16:06:48.033,23.0625
2026-05-24 16:06:53.939,23.0625
2026-05-24 16:06:59.845,23.0
2026-05-24 16:07:05.751,23.0
2026-05-24 16:07:11.655,23.0
2026-05-24 16:07:17.558,23.0625
2026-05-24 16:07:23.463,23.0
2026-05-24 16:07:29.367,23.0
2026-05-24 16:07:35.270,23.0
2026-05-24 16:07:41.176,23.0625
2026-05-24 16:07:47.082,23.0
2026-05-24 16:07:52.989,23.0625
2026-05-24 16:07:58.895,23.0625
2026-05-24 16:08:04.801,23.0
2026-05-24 16:08:10.706,23.0
2026-05-24 16:08:16.610,23.0
2026-05-24 16:08:22.515,23.0625
2026-05-24 16:08:28.420,23.0
2026-05-24 16:08:34.326,23.0
2026-05-24 16:08:40.232,23.0625
2026-05-24 16:08:46.138,23.0625
2026-05-24 16:08:52.045,23.0625
2026-05-24 16:08:57.951,23.0625
2026-05-24 16:09:03.856,23.0625
2026-05-24 16:09:09.760,23.0625
2026-05-24 16:09:15.665,23.0
2026-05-24 16:09:21.570,23.0
2026-05-24 16:09:27.474,23.0
2026-05-24 16:09:33.378,23.0625
2026-05-24 16:09:39.281,23.0
2026-05-24 16:09:45.190,23.0625
2026-05-24 16:09:51.095,23.0625
2026-05-24 16:09:57.001,23.0
2026-05-24 16:10:02.907,23.0625
2026-05-24 16:10:08.813,23.0
2026-05-24 16:10:14.719,23.0625
2026-05-24 16:10:20.625,23.0625
2026-05-24 16:10:26.531,23.0625
2026-05-24 16:10:32.437,23.0
2026-05-24 16:10:38.343,23.0625
2026-05-24 16:10:44.247,23.0
2026-05-24 16:10:50.151,23.0
2026-05-24 16:10:56.059,23.0
2026-05-24 16:11:01.965,23.0
2026-05-24 16:11:07.868,23.0
2026-05-24 16:11:13.775,23.0
2026-05-24 16:11:19.681,23.0
2026-05-24 16:11:25.587,23.0625
2026-05-24 16:11:31.493,23.0
2026-05-24 16:11:37.396,23.0
2026-05-24 16:11:43.301,23.0
2026-05-24 16:11:49.204,23.0625
2026-05-24 16:11:55.108,23.0625
2026-05-24 16:12:01.012,23.0
2026-05-24 16:12:06.916,23.0625
2026-05-24 16:12:12.820,23.0625
2026-05-24 16:12:18.724,23.0625
2026-05-24 16:12:24.627,23.0625
2026-05-24 16:12:30.533,23.0625
2026-05-24 16:12:36.440,23.0625
2026-05-24 16:12:42.346,23.0625
2026-05-24 16:12:48.252,23.0625
2026-05-24 16:12:54.157,23.0625
2026-05-24 16:13:00.063,23.0625
2026-05-24 16:13:05.970,23.0625
2026-05-24 16:13:11.874,23.0625
2026-05-24 16:13:17.780,23.0625
2026-05-24 16:13:23.683,23.0625
2026-05-24 16:13:29.589,23.0625
2026-05-24 16:13:35.495,23.0625
2026-05-24 16:13:41.399,23.0625
2026-05-24 16:13:47.303,23.0625
2026-05-24 16:13:53.206,23.0625
2026-05-24 16:13:59.110,23.0625
2026-05-24 16:14:05.017,23.0625
2026-05-24 16:14:10.923,23.0625
2026-05-24 16:14:16.828,23.0625
2026-05-24 16:14:22.734,23.0625
2026-05-24 16:14:28.640,23.0
2026-05-24 16:14:34.547,23.0625
2026-05-24 16:14:40.453,23.0625
2026-05-24 16:14:46.356,23.125
2026-05-24 16:14:52.260,23.0625
2026-05-24 16:14:58.164,23.0625
2026-05-24 16:15:04.068,23.0625
2026-05-24 16:15:09.974,23.0625
2026-05-24 16:15:15.877,23.0625
2026-05-24 16:15:21.781,23.0625
2026-05-24 16:15:27.688,23.0625
2026-05-24 16:15:33.594,23.0625
2026-05-24 16:15:39.497,23.0625
2026-05-24 16:15:45.401,23.0
2026-05-24 16:15:51.304,23.0625
2026-05-24 16:15:57.209,23.0
2026-05-24 16:16:03.115,23.0625
2026-05-24 16:16:09.021,23.0
2026-05-24 16:16:14.927,23.0625
2026-05-24 16:16:20.830,23.0625
2026-05-24 16:16:26.735,23.0
2026-05-24 16:16:32.640,23.125
2026-05-24 16:16:38.546,23.0625
2026-05-24 16:16:44.452,23.0625
2026-05-24 16:16:50.358,23.0625
2026-05-24 16:16:56.265,23.0625
2026-05-24 16:17:02.170,23.0625
2026-05-24 16:17:08.074,23.0625
2026-05-24 16:17:13.978,23.0625
2026-05-24 16:17:19.881,23.0625
2026-05-24 16:17:25.786,23.0
2026-05-24 16:17:31.689,23.0625
2026-05-24 16:17:37.593,23.0625
2026-05-24 16:17:43.496,23.0625
2026-05-24 16:17:49.400,23.0625
2026-05-24 16:17:55.306,23.0625
2026-05-24 16:18:01.210,23.0625
2026-05-24 16:18:07.116,23.0625
2026-05-24 16:18:13.024,23.0625
2026-05-24 16:18:18.931,23.0625
2026-05-24 16:18:24.834,23.0625
2026-05-24 16:18:30.740,23.0
2026-05-24 16:18:36.643,23.0625
2026-05-24 16:18:42.547,23.0625
2026-05-24 16:18:48.452,23.0625
2026-05-24 16:18:54.358,23.0
2026-05-24 16:19:00.263,23.125
2026-05-24 16:19:06.167,23.0
2026-05-24 16:19:12.071,23.0625
2026-05-24 16:19:17.975,23.0625
2026-05-24 16:19:23.879,23.0625
2026-05-24 16:19:29.785,23.0625
2026-05-24 16:19:35.691,23.0
2026-05-24 16:19:41.597,23.0625
2026-05-24 16:19:47.504,23.0625
2026-05-24 16:19:53.407,23.0
2026-05-24 16:19:59.311,23.0625
2026-05-24 16:20:05.216,23.0
2026-05-24 16:20:11.120,23.0625
2026-05-24 16:20:17.025,23.0625
2026-05-24 16:20:22.928,23.0625
2026-05-24 16:20:28.832,23.0
2026-05-24 16:20:34.736,23.0625
2026-05-24 16:20:40.639,23.0625
2026-05-24 16:20:46.544,23.0625
2026-05-24 16:20:52.448,23.0625
2026-05-24 16:20:58.351,23.0625
2026-05-24 16:21:04.255,23.0
2026-05-24 16:21:10.160,23.0625
2026-05-24 16:21:16.063,23.0625
2026-05-24 16:21:21.967,23.0625
2026-05-24 16:21:27.871,23.0625
2026-05-24 16:21:33.776,23.0625
2026-05-24 16:21:39.683,23.0
2026-05-24 16:21:45.589,23.0625
2026-05-24 16:21:51.495,23.0
2026-05-24 16:21:57.398,23.0625
2026-05-24 16:22:03.302,23.0
2026-05-24 16:22:09.206,23.0625
2026-05-24 16:22:15.110,23.0625
2026-05-24 16:22:21.014,23.0625
2026-05-24 16:22:26.920,23.0625
2026-05-24 16:22:32.826,23.0
2026-05-24 16:22:38.732,23.0625
2026-05-24 16:22:44.635,23.0625
2026-05-24 16:22:50.539,23.0625
2026-05-24 16:22:56.443,23.0625
2026-05-24 16:23:02.346,23.0
2026-05-24 16:23:08.251,23.0625
2026-05-24 16:23:14.155,23.0625
2026-05-24 16:23:20.060,23.0625
2026-05-24 16:23:25.965,23.0625
2026-05-24 16:23:31.869,23.0625
2026-05-24 16:23:37.776,23.0625
2026-05-24 16:23:43.680,23.0625
2026-05-24 16:23:49.586,23.0625
2026-05-24 16:23:55.489,23.0625
2026-05-24 16:24:01.396,23.0625
2026-05-24 16:24:07.300,23.125
2026-05-24 16:24:13.205,23.0625
2026-05-24 16:24:19.111,23.0625
2026-05-24 16:24:25.014,23.0625
2026-05-24 16:24:30.921,23.0625
2026-05-24 16:24:36.825,23.0625
2026-05-24 16:24:42.728,23.0
2026-05-24 16:24:48.632,23.0625
2026-05-24 16:24:54.535,23.0
2026-05-24 16:25:00.440,23.0625
2026-05-24 16:25:06.344,23.0625
2026-05-24 16:25:12.247,23.0
2026-05-24 16:25:18.151,23.0625
2026-05-24 16:25:24.055,23.0625
2026-05-24 16:25:29.959,23.0
2026-05-24 16:25:35.865,23.0
2026-05-24 16:25:41.769,23.0625
2026-05-24 16:25:47.675,23.0625
2026-05-24 16:25:53.580,23.0625
2026-05-24 16:25:59.485,23.0625
2026-05-24 16:26:05.390,23.0625
2026-05-24 16:26:11.294,23.0625
2026-05-24 16:26:17.198,23.0625
2026-05-24 16:26:23.102,23.0625
2026-05-24 16:26:29.006,23.0625
2026-05-24 16:26:34.910,23.0625
2026-05-24 16:26:40.813,23.0625
2026-05-24 16:26:46.717,23.0625
2026-05-24 16:26:52.624,23.0625
2026-05-24 16:26:58.530,23.0625
2026-05-24 16:27:04.435,23.0625
2026-05-24 16:27:10.343,23.0625
2026-05-24 16:27:16.246,23.0625
2026-05-24 16:27:22.153,23.0625
2026-05-24 16:27:28.059,23.0625
2026-05-24 16:27:33.963,23.0625
2026-05-24 16:27:39.867,23.0625
2026-05-24 16:27:45.770,23.0625
2026-05-24 16:27:51.675,23.0625
2026-05-24 16:27:57.579,23.0625
2026-05-24 16:28:03.482,23.0625
2026-05-24 16:28:09.386,23.0
2026-05-24 16:28:15.290,23.0625
2026-05-24 16:28:21.194,23.0625
2026-05-24 16:28:27.098,23.0625
2026-05-24 16:28:33.004,23.0625
2026-05-24 16:28:38.910,23.0625
2026-05-24 16:28:44.815,23.0625
2026-05-24 16:28:50.722,23.0625
2026-05-24 16:28:56.628,23.0625
2026-05-24 16:29:02.534,23.0625
2026-05-24 16:29:08.438,23.0625
2026-05-24 16:29:14.341,23.0625
2026-05-24 16:29:20.246,23.0625
2026-05-24 16:29:26.152,23.125
2026-05-24 16:29:32.058,23.125
2026-05-24 16:29:37.961,23.0625
2026-05-24 16:29:43.865,23.0625
2026-05-24 16:29:49.770,23.0625
2026-05-24 16:29:55.676,23.0625
2026-05-24 16:30:01.579,23.125
2026-05-24 16:30:07.483,23.125
2026-05-24 16:30:13.388,23.0625
2026-05-24 16:30:19.291,23.0625
2026-05-24 16:30:25.197,23.0625
2026-05-24 16:30:31.103,23.125
2026-05-24 16:30:37.009,23.0625
2026-05-24 16:30:42.913,23.0625
2026-05-24 16:30:48.817,23.0625
2026-05-24 16:30:54.720,23.0625
2026-05-24 16:31:00.624,23.0625
2026-05-24 16:31:06.528,23.0625
2026-05-24 16:31:12.435,23.0625
2026-05-24 16:31:18.341,23.0625
2026-05-24 16:31:24.246,23.0625
2026-05-24 16:31:30.150,23.0625
2026-05-24 16:31:36.054,23.0625
2026-05-24 16:31:41.958,23.0625
2026-05-24 16:31:47.862,23.0625
2026-05-24 16:31:53.766,23.0625
2026-05-24 16:31:59.669,23.0625
2026-05-24 16:32:05.573,23.0625
2026-05-24 16:32:11.478,23.0625
2026-05-24 16:32:17.384,23.0
2026-05-24 16:32:23.289,23.0625
2026-05-24 16:32:29.195,23.0
2026-05-24 16:32:35.101,23.0625
2026-05-24 16:32:41.005,23.0625
2026-05-24 16:32:46.909,23.0
2026-05-24 16:32:52.813,23.0625
2026-05-24 16:32:58.717,23.0625
2026-05-24 16:33:04.621,23.0625
2026-05-24 16:33:10.525,23.0625
2026-05-24 16:33:16.428,23.0625
2026-05-24 16:33:22.332,23.0625
2026-05-24 16:33:28.238,23.0
2026-05-24 16:33:34.145,23.0625
2026-05-24 16:33:40.049,23.0625
2026-05-24 16:33:45.955,23.0625
2026-05-24 16:33:51.860,23.0
2026-05-24 16:33:57.766,23.0625
2026-05-24 16:34:03.673,23.0625
2026-05-24 16:34:09.577,23.0625
2026-05-24 16:34:15.480,23.0625
2026-05-24 16:34:21.384,23.0
2026-05-24 16:34:27.290,23.0
2026-05-24 16:34:33.197,23.0
2026-05-24 16:34:39.100,23.0625
2026-05-24 16:34:45.004,23.0625
2026-05-24 16:34:50.910,23.0
2026-05-24 16:34:56.813,23.0625
2026-05-24 16:35:02.718,23.0
2026-05-24 16:35:08.622,23.0
2026-05-24 16:35:14.525,23.0625
2026-05-24 16:35:20.429,23.0
2026-05-24 16:35:26.333,23.0
2026-05-24 16:35:32.240,23.0625
2026-05-24 16:35:38.146,23.0
2026-05-24 16:35:44.051,23.0625
2026-05-24 16:35:49.957,23.0
2026-05-24 16:35:55.864,23.0
2026-05-24 16:36:01.770,23.0625
2026-05-24 16:36:07.674,23.0
2026-05-24 16:36:13.577,23.0
2026-05-24 16:36:19.481,23.0625
2026-05-24 16:36:25.386,23.0625
2026-05-24 16:36:31.289,23.0
2026-05-24 16:36:37.193,23.0625
2026-05-24 16:36:43.099,23.0625
2026-05-24 16:36:49.003,23.0625
2026-05-24 16:36:54.907,23.0
2026-05-24 16:37:00.811,23.0625
2026-05-24 16:37:06.714,23.0625
2026-05-24 16:37:12.618,23.0625
2026-05-24 16:37:18.522,23.0
2026-05-24 16:37:24.427,23.0625
2026-05-24 16:37:30.332,23.0
2026-05-24 16:37:36.236,23.0625
2026-05-24 16:37:42.142,23.0625
2026-05-24 16:37:48.048,23.0
2026-05-24 16:37:53.954,23.0625
2026-05-24 16:37:59.860,23.0625
2026-05-24 16:38:05.764,23.0625
2026-05-24 16:38:11.667,23.0625
2026-05-24 16:38:17.571,23.0625
2026-05-24 16:38:23.476,23.0625
2026-05-24 16:38:29.379,23.0625
2026-05-24 16:38:35.283,23.0625
2026-05-24 16:38:41.187,23.0625
2026-05-24 16:38:47.093,23.0625
2026-05-24 16:38:52.999,23.0625
2026-05-24 16:38:58.903,23.0625
2026-05-24 16:39:04.808,23.0625
2026-05-24 16:39:10.714,23.0625
2026-05-24 16:39:16.619,23.0625
2026-05-24 16:39:22.523,23.0625
2026-05-24 16:39:28.426,23.0625
2026-05-24 16:39:34.330,23.0625
2026-05-24 16:39:40.236,23.0625
2026-05-24 16:39:46.143,23.0625
2026-05-24 16:39:52.049,23.0
2026-05-24 16:39:57.954,23.0625
2026-05-24 16:40:03.858,23.0
2026-05-24 16:40:09.762,23.0625
2026-05-24 16:40:15.666,23.0625
2026-05-24 16:40:21.570,23.0625
2026-05-24 16:40:27.476,23.0
2026-05-24 16:40:33.382,23.0
2026-05-24 16:40:39.288,23.0625
2026-05-24 16:40:45.192,23.0625
2026-05-24 16:40:51.096,23.0625
2026-05-24 16:40:57.002,23.0625
2026-05-24 16:41:02.908,23.0625
2026-05-24 16:41:08.814,23.0625
2026-05-24 16:41:14.720,23.0625
2026-05-24 16:41:20.626,23.0625
2026-05-24 16:41:26.534,23.0625
2026-05-24 16:41:32.440,23.0625
2026-05-24 16:41:38.344,23.0625
2026-05-24 16:41:44.250,23.0625
2026-05-24 16:41:50.156,23.0
2026-05-24 16:41:56.062,23.0
2026-05-24 16:42:01.968,23.0625
2026-05-24 16:42:07.874,23.0625
2026-05-24 16:42:13.779,23.0625
2026-05-24 16:42:19.683,23.0625
2026-05-24 16:42:25.587,23.0625
2026-05-24 16:42:31.493,23.0625
2026-05-24 16:42:37.398,23.0625
2026-05-24 16:42:43.301,23.0625
2026-05-24 16:42:49.205,23.0625
2026-05-24 16:42:55.108,23.0625
2026-05-24 16:43:01.012,23.0
2026-05-24 16:43:06.918,23.0625
2026-05-24 16:43:12.824,23.0625
2026-05-24 16:43:18.730,23.0625
2026-05-24 16:43:24.636,23.0625
2026-05-24 16:43:30.539,23.0625
2026-05-24 16:43:36.446,23.0625
2026-05-24 16:43:42.352,23.0625
2026-05-24 16:43:48.256,23.0625
2026-05-24 16:43:54.159,23.0625
2026-05-24 16:44:00.063,23.0
2026-05-24 16:44:05.968,23.0
2026-05-24 16:44:11.871,23.0
2026-05-24 16:44:17.775,23.0625
2026-05-24 16:44:23.681,23.0
2026-05-24 16:44:29.586,23.0625
2026-05-24 16:44:35.491,23.0625
2026-05-24 16:44:41.394,23.0625
2026-05-24 16:44:47.298,23.0625
2026-05-24 16:44:53.204,23.0
2026-05-24 16:44:59.111,23.0625
2026-05-24 16:45:05.017,23.0625
2026-05-24 16:45:10.922,23.0625
2026-05-24 16:45:16.828,23.0625
2026-05-24 16:45:22.732,23.0625
2026-05-24 16:45:28.639,23.0625
2026-05-24 16:45:34.544,23.0
2026-05-24 16:45:40.448,23.0625
2026-05-24 16:45:46.352,23.0625
2026-05-24 16:45:52.256,23.0625
2026-05-24 16:45:58.160,23.0625
2026-05-24 16:46:04.066,23.0625
2026-05-24 16:46:09.969,23.0625
2026-05-24 16:46:15.875,23.0625
2026-05-24 16:46:21.781,23.0625
2026-05-24 16:46:27.688,23.0625
2026-05-24 16:46:33.594,23.0625
2026-05-24 16:46:39.497,23.0625
2026-05-24 16:46:45.403,23.0
2026-05-24 16:46:51.309,23.0625
2026-05-24 16:46:57.214,23.0625
2026-05-24 16:47:03.120,23.0625
2026-05-24 16:47:09.023,23.0625
2026-05-24 16:47:14.927,23.0625
2026-05-24 16:47:20.831,23.0
2026-05-24 16:47:26.735,23.0
2026-05-24 16:47:32.639,23.0625
2026-05-24 16:47:38.543,23.0625
2026-05-24 16:47:44.446,23.0
2026-05-24 16:47:50.351,23.0
2026-05-24 16:47:56.255,23.0625
2026-05-24 16:48:02.160,23.0625
2026-05-24 16:48:08.065,23.0
2026-05-24 16:48:13.968,23.0
2026-05-24 16:48:19.873,23.0625
2026-05-24 16:48:25.776,23.0
2026-05-24 16:48:31.682,23.0625
2026-05-24 16:48:37.588,23.0625
2026-05-24 16:48:43.494,23.0625
2026-05-24 16:48:49.400,23.0
2026-05-24 16:48:55.304,23.0625
2026-05-24 16:49:01.208,23.0625
2026-05-24 16:49:07.112,23.0625
2026-05-24 16:49:13.015,23.0625
2026-05-24 16:49:18.922,23.0625
2026-05-24 16:49:24.828,23.0625
2026-05-24 16:49:30.734,23.0
2026-05-24 16:49:36.640,23.0625
2026-05-24 16:49:42.543,23.0
2026-05-24 16:49:48.448,23.0
2026-05-24 16:49:54.354,23.0625
2026-05-24 16:50:00.260,23.0625
2026-05-24 16:50:06.165,23.0625
2026-05-24 16:50:12.071,23.0625
2026-05-24 16:50:17.978,23.0
2026-05-24 16:50:23.883,23.0
2026-05-24 16:50:29.789,23.0625
2026-05-24 16:50:35.695,23.0
2026-05-24 16:50:41.602,23.0625
2026-05-24 16:50:47.508,23.0625
2026-05-24 16:50:53.414,23.0625
2026-05-24 16:50:59.319,23.0625
2026-05-24 16:51:05.227,23.0
2026-05-24 16:51:11.134,23.0
2026-05-24 16:51:17.038,23.0625
2026-05-24 16:51:22.941,23.0625
2026-05-24 16:51:28.845,23.0625
2026-05-24 16:51:34.748,23.125
2026-05-24 16:51:40.655,23.0625
2026-05-24 16:51:46.561,23.0
2026-05-24 16:51:52.467,23.0625
2026-05-24 16:51:58.373,23.0625
2026-05-24 16:52:04.277,23.0625
2026-05-24 16:52:10.181,23.0625
2026-05-24 16:52:16.085,23.0625
2026-05-24 16:52:21.988,23.0625
2026-05-24 16:52:27.894,23.0625
2026-05-24 16:52:33.800,23.0625
2026-05-24 16:52:39.707,23.0625
2026-05-24 16:52:45.613,23.0625
2026-05-24 16:52:51.517,23.0625
2026-05-24 16:52:57.420,23.0625
2026-05-24 16:53:03.324,23.0625
2026-05-24 16:53:09.228,23.0625
2026-05-24 16:53:15.132,23.0625
2026-05-24 16:53:21.036,23.0625
2026-05-24 16:53:26.942,23.0625
2026-05-24 16:53:32.848,23.0
2026-05-24 16:53:38.754,23.0625
2026-05-24 16:53:44.660,23.0625
2026-05-24 16:53:50.566,23.0625
2026-05-24 16:53:56.469,23.0
2026-05-24 16:54:02.376,23.0625
2026-05-24 16:54:08.280,23.0625
2026-05-24 16:54:14.184,23.0625
2026-05-24 16:54:20.087,23.0625
2026-05-24 16:54:25.993,23.0625
2026-05-24 16:54:31.900,23.0
2026-05-24 16:54:37.806,23.0625
2026-05-24 16:54:43.713,23.0625
2026-05-24 16:54:49.619,23.0625
2026-05-24 16:54:55.523,23.0
2026-05-24 16:55:01.428,23.0
2026-05-24 16:55:07.331,23.0625
2026-05-24 16:55:13.235,23.0
2026-05-24 16:55:19.141,23.0625
2026-05-24 16:55:25.047,23.0625
2026-05-24 16:55:30.955,23.0625
2026-05-24 16:55:36.863,23.0625
2026-05-24 16:55:42.769,23.0625
2026-05-24 16:55:48.672,23.0625
2026-05-24 16:55:54.576,23.0
2026-05-24 16:56:00.481,23.0625
2026-05-24 16:56:06.384,23.0625
2026-05-24 16:56:12.290,23.0
2026-05-24 16:56:18.196,23.0625
2026-05-24 16:56:24.102,23.0625
2026-05-24 16:56:30.009,23.0625
2026-05-24 16:56:35.915,23.0625
2026-05-24 16:56:41.820,23.0
2026-05-24 16:56:47.724,23.0
2026-05-24 16:56:53.629,23.0625
2026-05-24 16:56:59.532,23.0625
2026-05-24 16:57:05.436,23.0625
2026-05-24 16:57:11.342,23.0625
2026-05-24 16:57:17.248,23.0625
2026-05-24 16:57:23.152,23.0625
2026-05-24 16:57:29.058,23.0625
2026-05-24 16:57:34.962,23.0625
2026-05-24 16:57:40.866,23.0625
2026-05-24 16:57:46.771,23.0625
2026-05-24 16:57:52.676,23.0625
2026-05-24 16:57:58.580,23.0625
2026-05-24 16:58:04.483,23.0625
2026-05-24 16:58:10.387,23.0625
2026-05-24 16:58:16.291,23.0
2026-05-24 16:58:22.195,23.0625
2026-05-24 16:58:28.101,23.0625
2026-05-24 16:58:34.007,23.0
2026-05-24 16:58:39.913,23.0625
2026-05-24 16:58:45.816,23.0
2026-05-24 16:58:51.721,23.0
2026-05-24 16:58:57.625,23.0
2026-05-24 16:59:03.529,23.0625
2026-05-24 16:59:09.432,23.0
2026-05-24 16:59:15.336,23.0625
2026-05-24 16:59:21.243,23.0
2026-05-24 16:59:27.146,23.0625
2026-05-24 16:59:33.052,23.0625
2026-05-24 16:59:38.956,23.0625
2026-05-24 16:59:44.862,23.0625
2026-05-24 16:59:50.768,23.0625
2026-05-24 16:59:56.671,23.0625
2026-05-24 17:00:02.577,23.0625
2026-05-24 17:00:08.483,23.0625
2026-05-24 17:00:14.388,23.0625
2026-05-24 17:00:20.291,23.0625
2026-05-24 17:00:26.195,23.0
2026-05-24 17:00:32.101,23.0625
2026-05-24 17:00:38.004,23.0625
2026-05-24 17:00:43.909,23.0625
2026-05-24 17:00:49.813,23.0
2026-05-24 17:00:55.719,23.0625
2026-05-24 17:01:01.624,23.0625
2026-05-24 17:01:07.528,23.0
2026-05-24 17:01:13.434,23.0625
2026-05-24 17:01:19.338,23.0625
2026-05-24 17:01:25.242,23.0625
2026-05-24 17:01:31.145,23.0
2026-05-24 17:01:37.049,23.0625
2026-05-24 17:01:42.954,23.0625
2026-05-24 17:01:48.860,23.0625
2026-05-24 17:01:54.763,23.0625
2026-05-24 17:02:00.669,23.0625
2026-05-24 17:02:06.572,23.0
2026-05-24 17:02:12.479,23.0625
2026-05-24 17:02:18.385,23.0625
2026-05-24 17:02:24.291,23.0625
2026-05-24 17:02:30.194,23.0
2026-05-24 17:02:36.099,23.0625
2026-05-24 17:02:42.002,23.0625
2026-05-24 17:02:47.906,23.0625
2026-05-24 17:02:53.810,23.0625
2026-05-24 17:02:59.713,23.0625
2026-05-24 17:03:05.618,23.0625
2026-05-24 17:03:11.522,23.0625
2026-05-24 17:03:17.425,23.0625
2026-05-24 17:03:23.329,23.0625
2026-05-24 17:03:29.235,23.0
2026-05-24 17:03:35.142,23.0625
2026-05-24 17:03:41.047,23.0625
2026-05-24 17:03:46.953,23.0625
2026-05-24 17:03:52.857,23.0625
2026-05-24 17:03:58.761,23.0625
2026-05-24 17:04:04.665,23.0625
2026-05-24 17:04:10.571,23.0625
2026-05-24 17:04:16.476,23.0
2026-05-24 17:04:22.383,23.0625
2026-05-24 17:04:28.288,23.0
2026-05-24 17:04:34.195,23.0625
2026-05-24 17:04:40.099,23.0625
2026-05-24 17:04:46.005,23.0625
2026-05-24 17:04:51.910,23.0
2026-05-24 17:04:57.814,23.0625
2026-05-24 17:05:03.719,23.0625
2026-05-24 17:05:09.623,23.0625
2026-05-24 17:05:15.526,23.0625
2026-05-24 17:05:21.430,23.125
2026-05-24 17:05:27.337,23.0625
2026-05-24 17:05:33.241,23.0
2026-05-24 17:05:39.144,23.0625
2026-05-24 17:05:45.048,23.0625
2026-05-24 17:05:50.951,23.0625
2026-05-24 17:05:56.856,23.0625
2026-05-24 17:06:02.760,23.0625
2026-05-24 17:06:08.665,23.0625
2026-05-24 17:06:14.571,23.0625
2026-05-24 17:06:20.477,23.0625
2026-05-24 17:06:26.381,23.0625
2026-05-24 17:06:32.287,23.0625
2026-05-24 17:06:38.191,23.0625
2026-05-24 17:06:44.094,23.0625
2026-05-24 17:06:49.998,23.0625
2026-05-24 17:06:55.903,23.0625
2026-05-24 17:07:01.808,23.0625
2026-05-24 17:07:07.714,23.0625
2026-05-24 17:07:13.618,23.0625
2026-05-24 17:07:19.523,23.0625
2026-05-24 17:07:25.428,23.0625
2026-05-24 17:07:31.332,23.0625
2026-05-24 17:07:37.235,23.0625
2026-05-24 17:07:43.141,23.0625
2026-05-24 17:07:49.045,23.0625
2026-05-24 17:07:54.949,23.0625
2026-05-24 17:08:00.853,23.0625
2026-05-24 17:08:06.756,23.0625
2026-05-24 17:08:12.660,23.0
2026-05-24 17:08:18.565,23.0625
2026-05-24 17:08:24.471,23.0625
2026-05-24 17:08:30.376,23.0625
2026-05-24 17:08:36.282,23.0625
2026-05-24 17:08:42.186,23.0625
2026-05-24 17:08:48.091,23.0625
2026-05-24 17:08:53.997,23.0625
2026-05-24 17:08:59.902,23.0625
2026-05-24 17:09:05.808,23.0625
2026-05-24 17:09:11.711,23.0625
2026-05-24 17:09:17.618,23.0625
2026-05-24 17:09:23.522,23.0625
2026-05-24 17:09:29.427,23.0625
2026-05-24 17:09:35.333,23.0625
2026-05-24 17:09:41.239,23.0625
2026-05-24 17:09:47.144,23.0
2026-05-24 17:09:53.049,23.0625
2026-05-24 17:09:58.953,23.0625
2026-05-24 17:10:04.856,23.0
2026-05-24 17:10:10.760,23.0625
2026-05-24 17:10:16.667,23.0625
2026-05-24 17:10:22.571,23.0625
2026-05-24 17:10:28.474,23.0625
2026-05-24 17:10:34.378,23.0
2026-05-24 17:10:40.281,23.0625
2026-05-24 17:10:46.188,23.0625
2026-05-24 17:10:52.094,23.0625
2026-05-24 17:10:58.000,23.0625
2026-05-24 17:11:03.904,23.0625
2026-05-24 17:11:09.810,23.0625
2026-05-24 17:11:15.716,23.0625
2026-05-24 17:11:21.620,23.0625
2026-05-24 17:11:27.526,23.0
2026-05-24 17:11:33.430,23.0625
2026-05-24 17:11:39.336,23.0625
2026-05-24 17:11:45.242,23.0625
2026-05-24 17:11:51.147,23.0625
2026-05-24 17:11:57.051,23.0625
2026-05-24 17:12:02.954,23.0625
2026-05-24 17:12:08.859,23.0625
2026-05-24 17:12:14.765,23.0625
2026-05-24 17:12:20.670,23.0625
2026-05-24 17:12:26.576,23.0625
2026-05-24 17:12:32.482,23.0625
2026-05-24 17:12:38.387,23.0625
2026-05-24 17:12:44.290,23.0625
2026-05-24 17:12:50.198,23.0625
2026-05-24 17:12:56.102,23.0625
2026-05-24 17:13:02.007,23.0625
2026-05-24 17:13:07.916,23.0625
2026-05-24 17:13:13.822,23.0625
2026-05-24 17:13:19.726,23.0625
2026-05-24 17:13:25.629,23.0625
2026-05-24 17:13:31.533,23.0625
2026-05-24 17:13:37.438,23.0
2026-05-24 17:13:43.341,23.0625
2026-05-24 17:13:49.245,23.0625
2026-05-24 17:13:55.149,23.0
2026-05-24 17:14:01.052,23.0
2026-05-24 17:14:06.957,23.0625
2026-05-24 17:14:12.861,23.0625
2026-05-24 17:14:18.764,23.0625
2026-05-24 17:14:24.670,23.0625
2026-05-24 17:14:30.577,23.0625
2026-05-24 17:14:36.482,23.0
2026-05-24 17:14:42.388,23.0625
2026-05-24 17:14:48.294,23.0625
2026-05-24 17:14:54.200,23.0625
2026-05-24 17:15:00.105,23.0625
2026-05-24 17:15:06.008,23.0625
2026-05-24 17:15:11.912,23.0625
2026-05-24 17:15:17.816,23.0625
2026-05-24 17:15:23.720,23.0
2026-05-24 17:15:29.624,23.0625
2026-05-24 17:15:35.528,23.125
2026-05-24 17:15:41.434,23.0625
2026-05-24 17:15:47.337,23.0625
2026-05-24 17:15:53.243,23.0625
2026-05-24 17:15:59.150,23.0625
2026-05-24 17:16:05.056,23.0625
2026-05-24 17:16:10.959,23.0625
2026-05-24 17:16:16.863,23.0625
2026-05-24 17:16:22.769,23.125
2026-05-24 17:16:28.676,23.0625
2026-05-24 17:16:34.581,23.0625
2026-05-24 17:16:40.485,23.0625
2026-05-24 17:16:46.388,23.0625
2026-05-24 17:16:52.292,23.125
2026-05-24 17:16:58.197,23.0625
2026-05-24 17:17:04.103,23.0625
2026-05-24 17:17:10.009,23.0625
2026-05-24 17:17:15.914,23.0625
2026-05-24 17:17:21.819,23.0625
2026-05-24 17:17:27.723,23.0625
2026-05-24 17:17:33.626,23.0
2026-05-24 17:17:39.530,23.0625
2026-05-24 17:17:45.434,23.0625
2026-05-24 17:17:51.338,23.0625
2026-05-24 17:17:57.242,23.0625
2026-05-24 17:18:03.148,23.0625
2026-05-24 17:18:09.053,23.0625
2026-05-24 17:18:14.959,23.0625
2026-05-24 17:18:20.866,23.0625
2026-05-24 17:18:26.770,23.0
2026-05-24 17:18:32.673,23.0625
2026-05-24 17:18:38.577,23.0625
2026-05-24 17:18:44.483,23.0625
2026-05-24 17:18:50.390,23.0625
2026-05-24 17:18:56.293,23.0625
2026-05-24 17:19:02.197,23.0625
2026-05-24 17:19:08.101,23.0625
2026-05-24 17:19:14.006,23.0625
2026-05-24 17:19:19.913,23.0625
2026-05-24 17:19:25.817,23.0625
2026-05-24 17:19:31.720,23.0625
2026-05-24 17:19:37.626,23.0625
2026-05-24 17:19:43.529,23.0625
2026-05-24 17:19:49.434,23.0625
2026-05-24 17:19:55.338,23.0625
2026-05-24 17:20:01.241,23.0625
2026-05-24 17:20:07.147,23.0
2026-05-24 17:20:13.054,23.0625
2026-05-24 17:20:18.960,23.0625
2026-05-24 17:20:24.865,23.0625
2026-05-24 17:20:30.773,23.0625
2026-05-24 17:20:36.678,23.0
2026-05-24 17:20:42.583,23.0625
2026-05-24 17:20:48.487,23.0625
2026-05-24 17:20:54.391,23.0625
2026-05-24 17:21:00.294,23.0
2026-05-24 17:21:06.200,23.0625
2026-05-24 17:21:12.107,23.0625
2026-05-24 17:21:18.013,23.0
2026-05-24 17:21:23.919,23.0625
2026-05-24 17:21:29.822,23.0625
2026-05-24 17:21:35.728,23.0625
2026-05-24 17:21:41.635,23.0625
2026-05-24 17:21:47.539,23.0625
2026-05-24 17:21:53.442,23.0625
2026-05-24 17:21:59.346,23.0625
2026-05-24 17:22:05.250,23.0625
2026-05-24 17:22:11.157,23.0625
2026-05-24 17:22:17.060,23.0625
2026-05-24 17:22:22.966,23.0625
2026-05-24 17:22:28.872,23.0625
2026-05-24 17:22:34.778,23.0
2026-05-24 17:22:40.685,23.0
2026-05-24 17:22:46.591,23.0
2026-05-24 17:22:52.496,23.0625
2026-05-24 17:22:58.400,23.0625
2026-05-24 17:23:04.307,23.0625
2026-05-24 17:23:10.213,23.0625
2026-05-24 17:23:16.118,23.0625
2026-05-24 17:23:22.024,23.0625
2026-05-24 17:23:27.930,23.0625
2026-05-24 17:23:33.837,23.0625
2026-05-24 17:23:39.743,23.0625
2026-05-24 17:23:45.651,23.0625
2026-05-24 17:23:51.556,23.0625
2026-05-24 17:23:57.460,23.0625
2026-05-24 17:24:03.366,23.0625
2026-05-24 17:24:09.270,23.0625
2026-05-24 17:24:15.174,23.0625
2026-05-24 17:24:21.077,23.0625
2026-05-24 17:24:26.983,23.0625
2026-05-24 17:24:32.890,23.0625
2026-05-24 17:24:38.794,23.0625
2026-05-24 17:24:44.700,23.0625
2026-05-24 17:24:50.603,23.0625
2026-05-24 17:24:56.507,23.0625
2026-05-24 17:25:02.411,23.0625
2026-05-24 17:25:08.315,23.0625
2026-05-24 17:25:14.221,23.0625
2026-05-24 17:25:20.125,23.0625
2026-05-24 17:25:26.028,23.0625
2026-05-24 17:25:31.935,23.0625
2026-05-24 17:25:37.838,23.0625
2026-05-24 17:25:43.742,23.0625
2026-05-24 17:25:49.646,23.0625
2026-05-24 17:25:55.552,23.0625
2026-05-24 17:26:01.458,23.0625
2026-05-24 17:26:07.363,23.0625
2026-05-24 17:26:13.267,23.0625
2026-05-24 17:26:19.171,23.0625
2026-05-24 17:26:25.076,23.0625
2026-05-24 17:26:30.979,23.0625
2026-05-24 17:26:36.883,23.0625
2026-05-24 17:26:42.787,23.0625
2026-05-24 17:26:48.690,23.0625
2026-05-24 17:26:54.595,23.0625
2026-05-24 17:27:00.501,23.0625
2026-05-24 17:27:06.407,23.0625
2026-05-24 17:27:12.312,23.0625
2026-05-24 17:27:18.216,23.0
2026-05-24 17:27:24.121,23.0625
2026-05-24 17:27:30.025,23.0625
2026-05-24 17:27:35.929,23.0625
2026-05-24 17:27:41.832,23.0625
2026-05-24 17:27:47.736,23.125
2026-05-24 17:27:53.643,23.0625
2026-05-24 17:27:59.546,23.0625
2026-05-24 17:28:05.453,23.0625
2026-05-24 17:28:11.356,23.0
2026-05-24 17:28:17.260,23.0625
2026-05-24 17:28:23.164,23.0625
2026-05-24 17:28:29.070,23.0625
2026-05-24 17:28:34.976,23.0625
2026-05-24 17:28:40.880,23.0625
2026-05-24 17:28:46.783,23.0625
2026-05-24 17:28:52.688,23.0625
2026-05-24 17:28:58.592,23.0625
2026-05-24 17:29:04.497,23.0625
2026-05-24 17:29:10.401,23.0625
2026-05-24 17:29:16.306,23.0625
2026-05-24 17:29:22.212,23.125
2026-05-24 17:29:28.117,23.0625
2026-05-24 17:29:34.023,23.0625
2026-05-24 17:29:39.929,23.125
2026-05-24 17:29:45.836,23.0625
2026-05-24 17:29:51.742,23.125
2026-05-24 17:29:57.647,23.0625
2026-05-24 17:30:03.551,23.0625
2026-05-24 17:30:09.455,23.0625
2026-05-24 17:30:15.361,23.0625
2026-05-24 17:30:21.267,23.125
2026-05-24 17:30:27.170,23.0625
2026-05-24 17:30:33.074,23.0625
2026-05-24 17:30:38.978,23.125
2026-05-24 17:30:44.885,23.0625
2026-05-24 17:30:50.791,23.125
2026-05-24 17:30:56.696,23.125
2026-05-24 17:31:02.602,23.0625
2026-05-24 17:31:08.508,23.0625
2026-05-24 17:31:14.415,23.0625
2026-05-24 17:31:20.321,23.125
2026-05-24 17:31:26.224,23.0
2026-05-24 17:31:32.128,23.0625
2026-05-24 17:31:38.032,23.0625
2026-05-24 17:31:43.939,23.0625
2026-05-24 17:31:49.845,23.0625
2026-05-24 17:31:55.750,23.0625
2026-05-24 17:32:01.656,23.0625
2026-05-24 17:32:07.563,23.0625
2026-05-24 17:32:13.469,23.0
2026-05-24 17:32:19.375,23.0625
2026-05-24 17:32:25.280,23.0
2026-05-24 17:32:31.184,23.0625
2026-05-24 17:32:37.088,23.0625
2026-05-24 17:32:42.992,23.0625
2026-05-24 17:32:48.898,23.0625
2026-05-24 17:32:54.801,23.0625
2026-05-24 17:33:00.705,23.0625
2026-05-24 17:33:06.612,23.0625
2026-05-24 17:33:12.517,23.0625
2026-05-24 17:33:18.423,23.0625
2026-05-24 17:33:24.329,23.0625
2026-05-24 17:33:30.232,23.0625
2026-05-24 17:33:36.137,23.0625
2026-05-24 17:33:42.041,23.0625
2026-05-24 17:33:47.947,23.0
2026-05-24 17:33:53.850,23.0625
2026-05-24 17:33:59.756,23.0625
2026-05-24 17:34:05.663,23.0625
2026-05-24 17:34:11.569,23.0625
2026-05-24 17:34:17.472,23.0625
2026-05-24 17:34:23.376,23.0625
2026-05-24 17:34:29.280,23.0625
2026-05-24 17:34:35.187,23.0625
2026-05-24 17:34:41.093,23.0625
2026-05-24 17:34:46.998,23.0625
2026-05-24 17:34:52.902,23.0625
2026-05-24 17:34:58.807,23.0625
2026-05-24 17:35:04.711,23.0625
2026-05-24 17:35:10.616,23.0625
2026-05-24 17:35:16.520,23.0625
2026-05-24 17:35:22.423,23.0625
2026-05-24 17:35:28.328,23.0625
2026-05-24 17:35:34.232,23.0625
2026-05-24 17:35:40.138,23.0625
2026-05-24 17:35:46.041,23.0625
2026-05-24 17:35:51.947,23.0625
2026-05-24 17:35:57.854,23.0625
2026-05-24 17:36:03.757,23.0625
2026-05-24 17:36:09.661,23.0625
2026-05-24 17:36:15.564,23.0625
2026-05-24 17:36:21.468,23.0625
2026-05-24 17:36:27.373,23.0625
2026-05-24 17:36:33.276,23.0625
2026-05-24 17:36:39.182,23.0625
2026-05-24 17:36:45.088,23.0
2026-05-24 17:36:50.994,23.125
2026-05-24 17:36:56.899,23.0625
2026-05-24 17:37:02.802,23.0625
2026-05-24 17:37:08.706,23.0625
2026-05-24 17:37:14.610,23.0625
2026-05-24 17:37:20.516,23.0625
2026-05-24 17:37:26.423,23.0625
2026-05-24 17:37:32.328,23.0625
2026-05-24 17:37:38.234,23.0625
2026-05-24 17:37:44.140,23.0625
2026-05-24 17:37:50.047,23.0625
2026-05-24 17:37:55.951,23.0625
2026-05-24 17:38:01.856,23.0625
2026-05-24 17:38:07.760,23.0625
2026-05-24 17:38:13.664,23.0625
2026-05-24 17:38:19.568,23.0625
2026-05-24 17:38:25.472,23.0625
2026-05-24 17:38:31.376,23.0625
2026-05-24 17:38:37.279,23.0625
2026-05-24 17:38:43.186,23.0625
2026-05-24 17:38:49.090,23.0625
2026-05-24 17:38:54.994,23.0625
2026-05-24 17:39:00.900,23.0625
2026-05-24 17:39:06.805,23.125
2026-05-24 17:39:12.711,23.125
2026-05-24 17:39:18.616,23.0625
2026-05-24 17:39:24.520,23.0625
2026-05-24 17:39:30.425,23.125
2026-05-24 17:39:36.331,23.0625
2026-05-24 17:39:42.235,23.0625
2026-05-24 17:39:48.140,23.0625
2026-05-24 17:39:54.046,23.0625
2026-05-24 17:39:59.951,23.0625
2026-05-24 17:40:05.857,23.125
2026-05-24 17:40:11.763,23.0625
2026-05-24 17:40:17.668,23.0625
2026-05-24 17:40:23.571,23.0625
2026-05-24 17:40:29.475,23.0625
2026-05-24 17:40:35.378,23.125
2026-05-24 17:40:41.284,23.0625
2026-05-24 17:40:47.191,23.0625
2026-05-24 17:40:53.097,23.0625
2026-05-24 17:40:59.003,23.0625
2026-05-24 17:41:04.907,23.0625
2026-05-24 17:41:10.811,23.0625
2026-05-24 17:41:16.715,23.125
2026-05-24 17:41:22.618,23.0625
2026-05-24 17:41:28.524,23.125
2026-05-24 17:41:34.428,23.125
2026-05-24 17:41:40.335,23.125
2026-05-24 17:41:46.239,23.125
2026-05-24 17:41:52.142,23.125
2026-05-24 17:41:58.046,23.0625
2026-05-24 17:42:03.952,23.125
2026-05-24 17:42:09.859,23.125
2026-05-24 17:42:15.766,23.0625
2026-05-24 17:42:21.672,23.125
2026-05-24 17:42:27.579,23.125
2026-05-24 17:42:33.487,23.125
2026-05-24 17:42:39.392,23.0625
2026-05-24 17:42:45.297,23.125
2026-05-24 17:42:51.201,23.125
2026-05-24 17:42:57.104,23.0625
2026-05-24 17:43:03.008,23.0625
2026-05-24 17:43:08.913,23.0625
2026-05-24 17:43:14.818,23.0625
2026-05-24 17:43:20.724,23.0625
2026-05-24 17:43:26.630,23.0625
2026-05-24 17:43:32.536,23.0625
2026-05-24 17:43:38.440,23.125
2026-05-24 17:43:44.344,23.0625
2026-05-24 17:43:50.248,23.0625
2026-05-24 17:43:56.154,23.125
2026-05-24 17:44:02.060,23.0625
2026-05-24 17:44:07.964,23.125
2026-05-24 17:44:13.870,23.0625
2026-05-24 17:44:19.775,23.125
2026-05-24 17:44:25.679,23.0625
2026-05-24 17:44:31.584,23.125
2026-05-24 17:44:37.487,23.125
2026-05-24 17:44:43.393,23.125
2026-05-24 17:44:49.299,23.0625
2026-05-24 17:44:55.204,23.0625
2026-05-24 17:45:01.109,23.0625
2026-05-24 17:45:07.012,23.0625
2026-05-24 17:45:12.916,23.0625
2026-05-24 17:45:18.820,23.0625
2026-05-24 17:45:24.723,23.0625
2026-05-24 17:45:30.628,23.0625
2026-05-24 17:45:36.532,23.0625
2026-05-24 17:45:42.438,23.0625
2026-05-24 17:45:48.344,23.0625
2026-05-24 17:45:54.249,23.0625
2026-05-24 17:46:00.156,23.0625
2026-05-24 17:46:06.060,23.0625
2026-05-24 17:46:11.963,23.0625
2026-05-24 17:46:17.869,23.0625
2026-05-24 17:46:23.775,23.0625
2026-05-24 17:46:29.680,23.0625
2026-05-24 17:46:35.586,23.0625
2026-05-24 17:46:41.489,23.0625
2026-05-24 17:46:47.395,23.0625
2026-05-24 17:46:53.300,23.0625
2026-05-24 17:46:59.203,23.0
2026-05-24 17:47:05.107,23.0625
2026-05-24 17:47:11.011,23.0625
2026-05-24 17:47:16.914,23.0625
2026-05-24 17:47:22.819,23.0625
2026-05-24 17:47:28.723,23.0625
2026-05-24 17:47:34.626,23.0625
2026-05-24 17:47:40.530,23.0625
2026-05-24 17:47:46.433,23.0625
2026-05-24 17:47:52.340,23.0625
2026-05-24 17:47:58.246,23.125
2026-05-24 17:48:04.152,23.0625
2026-05-24 17:48:10.057,23.0625
2026-05-24 17:48:15.961,23.0625
2026-05-24 17:48:21.866,23.0625
2026-05-24 17:48:27.770,23.0625
2026-05-24 17:48:33.675,23.0625
2026-05-24 17:48:39.581,23.0625
2026-05-24 17:48:45.486,23.0625
2026-05-24 17:48:51.391,23.0625
2026-05-24 17:48:57.295,23.0625
2026-05-24 17:49:03.198,23.125
2026-05-24 17:49:09.102,23.0625
2026-05-24 17:49:15.006,23.125
2026-05-24 17:49:20.910,23.0625
2026-05-24 17:49:26.816,23.0625
2026-05-24 17:49:32.722,23.0625
2026-05-24 17:49:38.630,23.125
2026-05-24 17:49:44.534,23.0625
2026-05-24 17:49:50.438,23.0625
2026-05-24 17:49:56.342,23.0625
2026-05-24 17:50:02.247,23.0625
2026-05-24 17:50:08.153,23.0625
2026-05-24 17:50:14.057,23.125
2026-05-24 17:50:19.961,23.0625
2026-05-24 17:50:25.864,23.0625
2026-05-24 17:50:31.768,23.0625
2026-05-24 17:50:37.672,23.0625
2026-05-24 17:50:43.579,23.0625
2026-05-24 17:50:49.484,23.0625
2026-05-24 17:50:55.390,23.0
2026-05-24 17:51:01.296,23.0625
2026-05-24 17:51:07.202,23.0625
2026-05-24 17:51:13.109,23.0625
2026-05-24 17:51:19.012,23.0625
2026-05-24 17:51:24.918,23.0625
2026-05-24 17:51:30.822,23.0625
2026-05-24 17:51:36.725,23.0625
2026-05-24 17:51:42.630,23.0625
2026-05-24 17:51:48.536,23.0625
2026-05-24 17:51:54.442,23.0625
2026-05-24 17:52:00.347,23.0625
2026-05-24 17:52:06.251,23.0625
2026-05-24 17:52:12.155,23.0625
2026-05-24 17:52:18.060,23.0625
2026-05-24 17:52:23.966,23.0625
2026-05-24 17:52:29.869,23.0625
2026-05-24 17:52:35.774,23.125
2026-05-24 17:52:41.677,23.0625
2026-05-24 17:52:47.581,23.125
2026-05-24 17:52:53.485,23.0625
2026-05-24 17:52:59.388,23.0625
2026-05-24 17:53:05.297,23.0625
2026-05-24 17:53:11.200,23.0625
2026-05-24 17:53:17.104,23.0625
2026-05-24 17:53:23.010,23.0625
2026-05-24 17:53:28.916,23.125
2026-05-24 17:53:34.823,23.125
2026-05-24 17:53:40.726,23.0625
2026-05-24 17:53:46.630,23.0625
2026-05-24 17:53:52.533,23.0625
2026-05-24 17:53:58.437,23.125
2026-05-24 17:54:04.344,23.125
2026-05-24 17:54:10.248,23.0625
2026-05-24 17:54:16.151,23.0625
2026-05-24 17:54:22.057,23.0625
2026-05-24 17:54:27.963,23.125
2026-05-24 17:54:33.868,23.0625
2026-05-24 17:54:39.773,23.125
2026-05-24 17:54:45.677,23.0625
2026-05-24 17:54:51.580,23.0625
2026-05-24 17:54:57.486,23.125
2026-05-24 17:55:03.395,23.0625
2026-05-24 17:55:09.301,23.0625
2026-05-24 17:55:15.204,23.0625
2026-05-24 17:55:21.110,23.0625
2026-05-24 17:55:27.016,23.0625
2026-05-24 17:55:32.921,23.125
2026-05-24 17:55:38.824,23.0625
2026-05-24 17:55:44.728,23.0625
2026-05-24 17:55:50.632,23.0625
2026-05-24 17:55:56.539,23.0625
2026-05-24 17:56:02.444,23.125
2026-05-24 17:56:08.350,23.125
2026-05-24 17:56:14.254,23.0625
2026-05-24 17:56:20.157,23.0625
2026-05-24 17:56:26.062,23.125
2026-05-24 17:56:31.966,23.125
2026-05-24 17:56:37.869,23.125
2026-05-24 17:56:43.775,23.125
2026-05-24 17:56:49.681,23.0625
2026-05-24 17:56:55.588,23.0625
2026-05-24 17:57:01.494,23.125
2026-05-24 17:57:07.400,23.0625
2026-05-24 17:57:13.305,23.0625
2026-05-24 17:57:19.211,23.0625
2026-05-24 17:57:25.116,23.0625
2026-05-24 17:57:31.019,23.0625
2026-05-24 17:57:36.923,23.0625
2026-05-24 17:57:42.827,23.125
2026-05-24 17:57:48.733,23.0625
2026-05-24 17:57:54.637,23.125
2026-05-24 17:58:00.543,23.0625
2026-05-24 17:58:06.449,23.0625
2026-05-24 17:58:12.353,23.0625
2026-05-24 17:58:18.259,23.0625
2026-05-24 17:58:24.163,23.0
2026-05-24 17:58:30.067,23.0625
2026-05-24 17:58:35.970,23.0625
2026-05-24 17:58:41.874,23.125
2026-05-24 17:58:47.781,23.0625
2026-05-24 17:58:53.687,23.125
2026-05-24 17:58:59.593,23.0625
2026-05-24 17:59:05.499,23.0625
2026-05-24 17:59:11.402,23.0625
2026-05-24 17:59:17.309,23.0625
2026-05-24 17:59:23.213,23.0625
2026-05-24 17:59:29.119,23.0625
2026-05-24 17:59:35.025,23.0625
2026-05-24 17:59:40.928,23.0625
2026-05-24 17:59:46.833,23.0625
2026-05-24 17:59:52.737,23.0625
2026-05-24 17:59:58.640,23.0625
2026-05-24 18:00:04.544,23.0625
2026-05-24 18:00:10.448,23.0625
2026-05-24 18:00:16.355,23.0625
2026-05-24 18:00:22.260,23.0625
2026-05-24 18:00:28.166,23.0625
2026-05-24 18:00:34.070,23.0625
2026-05-24 18:00:39.974,23.125
2026-05-24 18:00:45.879,23.0625
2026-05-24 18:00:51.782,23.0625
2026-05-24 18:00:57.688,23.0625
2026-05-24 18:01:03.594,23.0625
2026-05-24 18:01:09.500,23.0625
2026-05-24 18:01:15.407,23.0625
2026-05-24 18:01:21.311,23.0625
2026-05-24 18:01:27.214,23.0625
2026-05-24 18:01:33.120,23.0
2026-05-24 18:01:39.027,23.0625
2026-05-24 18:01:44.931,23.0625
2026-05-24 18:01:50.834,23.0625
2026-05-24 18:01:56.738,23.0625
2026-05-24 18:02:02.642,23.125
2026-05-24 18:02:08.547,23.0625
2026-05-24 18:02:14.450,23.0625
2026-05-24 18:02:20.354,23.0625
2026-05-24 18:02:26.260,23.0625
2026-05-24 18:02:32.166,23.125
2026-05-24 18:02:38.070,23.0625
2026-05-24 18:02:43.976,23.0625
2026-05-24 18:02:49.882,23.0625
2026-05-24 18:02:55.788,23.0625
2026-05-24 18:03:01.692,23.125
2026-05-24 18:03:07.596,23.0625
2026-05-24 18:03:13.502,23.0625
2026-05-24 18:03:19.408,23.0625
2026-05-24 18:03:25.314,23.0625
2026-05-24 18:03:31.220,23.0625
2026-05-24 18:03:37.124,23.0625
2026-05-24 18:03:43.028,23.0625
2026-05-24 18:03:48.932,23.0625
2026-05-24 18:03:54.838,23.0625
2026-05-24 18:04:00.741,23.125
2026-05-24 18:04:06.648,23.125
2026-05-24 18:04:12.552,23.0625
2026-05-24 18:04:18.455,23.0625
2026-05-24 18:04:24.359,23.0625
2026-05-24 18:04:30.264,23.125
2026-05-24 18:04:36.170,23.0625
2026-05-24 18:04:42.076,23.125
2026-05-24 18:04:47.982,23.0625
2026-05-24 18:04:53.887,23.0625
2026-05-24 18:04:59.794,23.0625
2026-05-24 18:05:05.700,23.0625
2026-05-24 18:05:11.604,23.0625
2026-05-24 18:05:17.507,23.125
2026-05-24 18:05:23.411,23.125
2026-05-24 18:05:29.316,23.0625
2026-05-24 18:05:35.219,23.0625
2026-05-24 18:05:41.123,23.125
2026-05-24 18:05:47.029,23.125
2026-05-24 18:05:52.935,23.0625
2026-05-24 18:05:58.842,23.0625
2026-05-24 18:06:04.745,23.125
2026-05-24 18:06:10.649,23.125
2026-05-24 18:06:16.553,23.0625
2026-05-24 18:06:22.458,23.125
2026-05-24 18:06:28.365,23.0625
2026-05-24 18:06:34.271,23.0625
2026-05-24 18:06:40.177,23.125
2026-05-24 18:06:46.081,23.125
2026-05-24 18:06:51.987,23.125
2026-05-24 18:06:57.891,23.125
2026-05-24 18:07:03.795,23.125
2026-05-24 18:07:09.700,23.0625
2026-05-24 18:07:15.606,23.125
2026-05-24 18:07:21.513,23.125
2026-05-24 18:07:27.416,23.125
2026-05-24 18:07:33.320,23.125
2026-05-24 18:07:39.224,23.0625
2026-05-24 18:07:45.127,23.125
2026-05-24 18:07:51.032,23.125
2026-05-24 18:07:56.938,23.0625
2026-05-24 18:08:02.843,23.0625
2026-05-24 18:08:08.750,23.125
2026-05-24 18:08:14.653,23.125
2026-05-24 18:08:20.558,23.125
2026-05-24 18:08:26.461,23.125
2026-05-24 18:08:32.367,23.0625
2026-05-24 18:08:38.271,23.125
2026-05-24 18:08:44.177,23.125
2026-05-24 18:08:50.084,23.0625
2026-05-24 18:08:55.990,23.125
2026-05-24 18:09:01.895,23.125
2026-05-24 18:09:07.799,23.125
2026-05-24 18:09:13.705,23.0625
2026-05-24 18:09:19.609,23.125
2026-05-24 18:09:25.515,23.0625
2026-05-24 18:09:31.419,23.125
2026-05-24 18:09:37.325,23.0625
2026-05-24 18:09:43.230,23.125
2026-05-24 18:09:49.135,23.0625
2026-05-24 18:09:55.038,23.125
2026-05-24 18:10:00.942,23.125
2026-05-24 18:10:06.848,23.0625
2026-05-24 18:10:12.754,23.125
2026-05-24 18:10:18.661,23.0625
2026-05-24 18:10:24.567,23.0625
2026-05-24 18:10:30.473,23.125
2026-05-24 18:10:36.376,23.0625
2026-05-24 18:10:42.283,23.125
2026-05-24 18:10:48.187,23.125
2026-05-24 18:10:54.090,23.0625
2026-05-24 18:10:59.994,23.0625
2026-05-24 18:11:05.899,23.0625
2026-05-24 18:11:11.804,23.0625
2026-05-24 18:11:17.710,23.0625
2026-05-24 18:11:23.614,23.0625
2026-05-24 18:11:29.520,23.0625
2026-05-24 18:11:35.423,23.0625
2026-05-24 18:11:41.328,23.0625
2026-05-24 18:11:47.232,23.0625
2026-05-24 18:11:53.138,23.125
2026-05-24 18:11:59.044,23.0625
2026-05-24 18:12:04.947,23.125
2026-05-24 18:12:10.852,23.0625
2026-05-24 18:12:16.758,23.125
2026-05-24 18:12:22.664,23.0625
2026-05-24 18:12:28.570,23.125
2026-05-24 18:12:34.475,23.125
2026-05-24 18:12:40.382,23.0625
2026-05-24 18:12:46.288,23.0625
2026-05-24 18:12:52.194,23.0625
2026-05-24 18:12:58.100,23.0625
2026-05-24 18:13:04.006,23.125
2026-05-24 18:13:09.910,23.0625
2026-05-24 18:13:15.814,23.0625
2026-05-24 18:13:21.717,23.0625
2026-05-24 18:13:27.621,23.0625
2026-05-24 18:13:33.526,23.0625
2026-05-24 18:13:39.429,23.0625
2026-05-24 18:13:45.333,23.125
2026-05-24 18:13:51.239,23.125
2026-05-24 18:13:57.145,23.0625
2026-05-24 18:14:03.052,23.0625
2026-05-24 18:14:08.957,23.125
2026-05-24 18:14:14.861,23.0625
2026-05-24 18:14:20.765,23.0625
2026-05-24 18:14:26.668,23.125
2026-05-24 18:14:32.575,23.125
2026-05-24 18:14:38.481,23.125
2026-05-24 18:14:44.384,23.0625
2026-05-24 18:14:50.288,23.0625
2026-05-24 18:14:56.191,23.0625
2026-05-24 18:15:02.096,23.125
2026-05-24 18:15:08.000,23.125
2026-05-24 18:15:13.903,23.0625
2026-05-24 18:15:19.807,23.0625
2026-05-24 18:15:25.710,23.0625
2026-05-24 18:15:31.618,23.125
2026-05-24 18:15:37.521,23.0625
2026-05-24 18:15:43.427,23.0625
2026-05-24 18:15:49.331,23.125
2026-05-24 18:15:55.234,23.0625
2026-05-24 18:16:01.139,23.125
2026-05-24 18:16:07.045,23.125
2026-05-24 18:16:12.951,23.0625
2026-05-24 18:16:18.854,23.0625
2026-05-24 18:16:24.759,23.125
2026-05-24 18:16:30.663,23.0625
2026-05-24 18:16:36.568,23.125
2026-05-24 18:16:42.472,23.125
2026-05-24 18:16:48.376,23.125
2026-05-24 18:16:54.280,23.125
2026-05-24 18:17:00.186,23.125
2026-05-24 18:17:06.089,23.0625
2026-05-24 18:17:11.993,23.125
2026-05-24 18:17:17.897,23.125
2026-05-24 18:17:23.802,23.125
2026-05-24 18:17:29.705,23.125
2026-05-24 18:17:35.609,23.0625
2026-05-24 18:17:41.513,23.0625
2026-05-24 18:17:47.416,23.125
2026-05-24 18:17:53.321,23.0625
2026-05-24 18:17:59.227,23.125
2026-05-24 18:18:05.131,23.125
2026-05-24 18:18:11.036,23.0625
2026-05-24 18:18:16.940,23.125
2026-05-24 18:18:22.847,23.0625
2026-05-24 18:18:28.751,23.125
2026-05-24 18:18:34.654,23.125
2026-05-24 18:18:40.558,23.125
2026-05-24 18:18:46.461,23.125
2026-05-24 18:18:52.366,23.125
2026-05-24 18:18:58.270,23.125
2026-05-24 18:19:04.176,23.125
2026-05-24 18:19:10.082,23.125
2026-05-24 18:19:15.988,23.125
2026-05-24 18:19:21.894,23.0625
2026-05-24 18:19:27.798,23.0625
2026-05-24 18:19:33.702,23.0625
2026-05-24 18:19:39.605,23.125
2026-05-24 18:19:45.510,23.125
2026-05-24 18:19:51.413,23.125
2026-05-24 18:19:57.317,23.125
2026-05-24 18:20:03.223,23.125
2026-05-24 18:20:09.127,23.125
2026-05-24 18:20:15.034,23.0625
2026-05-24 18:20:20.939,23.125
2026-05-24 18:20:26.843,23.125
2026-05-24 18:20:32.746,23.0625
2026-05-24 18:20:38.650,23.0625
2026-05-24 18:20:44.555,23.0625
2026-05-24 18:20:50.458,23.125
2026-05-24 18:20:56.364,23.0625
2026-05-24 18:21:02.270,23.125
2026-05-24 18:21:08.176,23.125
2026-05-24 18:21:14.081,23.125
2026-05-24 18:21:19.984,23.0625
2026-05-24 18:21:25.888,23.0625
2026-05-24 18:21:31.792,23.125
2026-05-24 18:21:37.695,23.125
2026-05-24 18:21:43.602,23.125
2026-05-24 18:21:49.508,23.125
2026-05-24 18:21:55.413,23.0625
2026-05-24 18:22:01.319,23.0625
2026-05-24 18:22:07.224,23.0625
2026-05-24 18:22:13.127,23.0625
2026-05-24 18:22:19.031,23.125
2026-05-24 18:22:24.935,23.0625
2026-05-24 18:22:30.838,23.125
2026-05-24 18:22:36.745,23.0625
2026-05-24 18:22:42.651,23.0625
2026-05-24 18:22:48.557,23.0625
2026-05-24 18:22:54.463,23.125
2026-05-24 18:23:00.368,23.125
2026-05-24 18:23:06.275,23.0625
2026-05-24 18:23:12.179,23.0625
2026-05-24 18:23:18.084,23.125
2026-05-24 18:23:23.988,23.0625
2026-05-24 18:23:29.891,23.0625
2026-05-24 18:23:35.796,23.125
2026-05-24 18:23:41.702,23.0625
2026-05-24 18:23:47.605,23.0625
2026-05-24 18:23:53.512,23.125
2026-05-24 18:23:59.417,23.125
2026-05-24 18:24:05.324,23.0625
2026-05-24 18:24:11.227,23.125
2026-05-24 18:24:17.135,23.0625
2026-05-24 18:24:23.039,23.0625
2026-05-24 18:24:28.948,23.0625
2026-05-24 18:24:34.852,23.0625
2026-05-24 18:24:40.756,23.125
2026-05-24 18:24:46.659,23.0625
2026-05-24 18:24:52.565,23.0625
2026-05-24 18:24:58.469,23.0625
2026-05-24 18:25:04.376,23.0625
2026-05-24 18:25:10.282,23.125
2026-05-24 18:25:16.185,23.0625
2026-05-24 18:25:22.089,23.125
2026-05-24 18:25:27.993,23.125
2026-05-24 18:25:33.897,23.0625
2026-05-24 18:25:39.801,23.0625
2026-05-24 18:25:45.707,23.125
2026-05-24 18:25:51.613,23.125
2026-05-24 18:25:57.517,23.0625
2026-05-24 18:26:03.421,23.0625
2026-05-24 18:26:09.327,23.125
2026-05-24 18:26:15.230,23.125
2026-05-24 18:26:21.134,23.0625
2026-05-24 18:26:27.039,23.125
2026-05-24 18:26:32.942,23.0625
2026-05-24 18:26:38.846,23.0625
2026-05-24 18:26:44.750,23.0625
2026-05-24 18:26:50.656,23.125
2026-05-24 18:26:56.562,23.0625
2026-05-24 18:27:02.468,23.125
2026-05-24 18:27:08.372,23.125
2026-05-24 18:27:14.276,23.125
2026-05-24 18:27:20.181,23.125
2026-05-24 18:27:26.088,23.0625
2026-05-24 18:27:31.994,23.125
2026-05-24 18:27:37.900,23.0625
2026-05-24 18:27:43.804,23.125
2026-05-24 18:27:49.710,23.125
2026-05-24 18:27:55.616,23.125
2026-05-24 18:28:01.522,23.125
2026-05-24 18:28:07.428,23.0625
2026-05-24 18:28:13.334,23.125
2026-05-24 18:28:19.241,23.125
2026-05-24 18:28:25.144,23.125
2026-05-24 18:28:31.050,23.125
2026-05-24 18:28:36.956,23.125
2026-05-24 18:28:42.862,23.0625
2026-05-24 18:28:48.769,23.125
2026-05-24 18:28:54.674,23.125
2026-05-24 18:29:00.578,23.125
2026-05-24 18:29:06.482,23.125
2026-05-24 18:29:12.385,23.125
2026-05-24 18:29:18.290,23.0625
2026-05-24 18:29:24.196,23.125
2026-05-24 18:29:30.102,23.125
2026-05-24 18:29:36.005,23.125
2026-05-24 18:29:41.911,23.125
2026-05-24 18:29:47.818,23.125
2026-05-24 18:29:53.724,23.125
2026-05-24 18:29:59.630,23.125
2026-05-24 18:30:05.535,23.125
2026-05-24 18:30:11.441,23.125
2026-05-24 18:30:17.348,23.125
2026-05-24 18:30:23.254,23.125
2026-05-24 18:30:29.157,23.0625
2026-05-24 18:30:35.061,23.125
2026-05-24 18:30:40.967,23.125
2026-05-24 18:30:46.873,23.125
2026-05-24 18:30:52.777,23.125
2026-05-24 18:30:58.683,23.125
2026-05-24 18:31:04.586,23.0625
2026-05-24 18:31:10.493,23.125
2026-05-24 18:31:16.399,23.0625
2026-05-24 18:31:22.304,23.125
2026-05-24 18:31:28.210,23.125
2026-05-24 18:31:34.114,23.125
2026-05-24 18:31:40.019,23.0625
2026-05-24 18:31:45.922,23.125
2026-05-24 18:31:51.828,23.0625
2026-05-24 18:31:57.734,23.125
2026-05-24 18:32:03.638,23.125
2026-05-24 18:32:09.542,23.125
2026-05-24 18:32:15.448,23.125
2026-05-24 18:32:21.352,23.125
2026-05-24 18:32:27.258,23.125
2026-05-24 18:32:33.163,23.125
2026-05-24 18:32:39.068,23.125
2026-05-24 18:32:44.974,23.125
2026-05-24 18:32:50.878,23.125
2026-05-24 18:32:56.782,23.125
2026-05-24 18:33:02.685,23.125
2026-05-24 18:33:08.592,23.125
2026-05-24 18:33:14.498,23.0625
2026-05-24 18:33:20.404,23.0625
2026-05-24 18:33:26.310,23.125
2026-05-24 18:33:32.215,23.0625
2026-05-24 18:33:38.122,23.0625
2026-05-24 18:33:44.028,23.0625
2026-05-24 18:33:49.934,23.125
2026-05-24 18:33:55.838,23.0625
2026-05-24 18:34:01.742,23.125
2026-05-24 18:34:07.646,23.0625
2026-05-24 18:34:13.550,23.0625
2026-05-24 18:34:19.456,23.0625
2026-05-24 18:34:25.359,23.125
2026-05-24 18:34:31.266,23.0625
2026-05-24 18:34:37.172,23.0625
2026-05-24 18:34:43.075,23.125
2026-05-24 18:34:48.979,23.0625
2026-05-24 18:34:54.883,23.0625
2026-05-24 18:35:00.787,23.0625
2026-05-24 18:35:06.691,23.125
2026-05-24 18:35:12.595,23.125
2026-05-24 18:35:18.498,23.0625
2026-05-24 18:35:24.404,23.0625
2026-05-24 18:35:30.311,23.0625
2026-05-24 18:35:36.217,23.125
2026-05-24 18:35:42.122,23.125
2026-05-24 18:35:48.026,23.0625
2026-05-24 18:35:53.930,23.0625
2026-05-24 18:35:59.836,23.125
2026-05-24 18:36:05.740,23.125
2026-05-24 18:36:11.643,23.125
2026-05-24 18:36:17.549,23.125
2026-05-24 18:36:23.455,23.0625
2026-05-24 18:36:29.359,23.125
2026-05-24 18:36:35.265,23.125
2026-05-24 18:36:41.168,23.0625
2026-05-24 18:36:47.074,23.125
2026-05-24 18:36:52.981,23.0625
2026-05-24 18:36:58.887,23.125
2026-05-24 18:37:04.793,23.125
2026-05-24 18:37:10.696,23.0625
2026-05-24 18:37:16.600,23.125
2026-05-24 18:37:22.505,23.125
2026-05-24 18:37:28.408,23.125
2026-05-24 18:37:34.314,23.125
2026-05-24 18:37:40.218,23.125
2026-05-24 18:37:46.122,23.0625
2026-05-24 18:37:52.026,23.0625
2026-05-24 18:37:57.930,23.0625
2026-05-24 18:38:03.836,23.0625
2026-05-24 18:38:09.742,23.125
2026-05-24 18:38:15.647,23.0625
2026-05-24 18:38:21.552,23.125
2026-05-24 18:38:27.455,23.125
2026-05-24 18:38:33.359,23.125
2026-05-24 18:38:39.263,23.125
2026-05-24 18:38:45.166,23.125
2026-05-24 18:38:51.071,23.125
2026-05-24 18:38:56.974,23.0625
2026-05-24 18:39:02.878,23.125
2026-05-24 18:39:08.782,23.125
2026-05-24 18:39:14.686,23.125
2026-05-24 18:39:20.592,23.125
2026-05-24 18:39:26.498,23.0625
2026-05-24 18:39:32.404,23.0625
2026-05-24 18:39:38.308,23.125
2026-05-24 18:39:44.211,23.0625
2026-05-24 18:39:50.116,23.0625
2026-05-24 18:39:56.019,23.0625
2026-05-24 18:40:01.923,23.125
2026-05-24 18:40:07.827,23.0625
2026-05-24 18:40:13.733,23.125
2026-05-24 18:40:19.637,23.0625
2026-05-24 18:40:25.540,23.125
2026-05-24 18:40:31.444,23.0625
2026-05-24 18:40:37.348,23.125
2026-05-24 18:40:43.252,23.0625
2026-05-24 18:40:49.158,23.125
2026-05-24 18:40:55.061,23.0625
2026-05-24 18:41:00.965,23.125
2026-05-24 18:41:06.869,23.125
2026-05-24 18:41:12.775,23.0625
2026-05-24 18:41:18.679,23.0625
2026-05-24 18:41:24.583,23.125
2026-05-24 18:41:30.487,23.125
2026-05-24 18:41:36.393,23.125
2026-05-24 18:41:42.299,23.125
2026-05-24 18:41:48.205,23.125
2026-05-24 18:41:54.111,23.125
2026-05-24 18:42:00.017,23.125
2026-05-24 18:42:05.925,23.125
2026-05-24 18:42:11.831,23.125
2026-05-24 18:42:17.734,23.125
2026-05-24 18:42:23.638,23.125
2026-05-24 18:42:29.542,23.125
2026-05-24 18:42:35.445,23.125
2026-05-24 18:42:41.352,23.125
2026-05-24 18:42:47.258,23.0625
2026-05-24 18:42:53.164,23.0625
2026-05-24 18:42:59.072,23.125
2026-05-24 18:43:04.979,23.0625
2026-05-24 18:43:10.884,23.0625
2026-05-24 18:43:16.790,23.125
2026-05-24 18:43:22.696,23.125
2026-05-24 18:43:28.599,23.125
2026-05-24 18:43:34.504,23.125
2026-05-24 18:43:40.408,23.125
2026-05-24 18:43:46.312,23.125
2026-05-24 18:43:52.215,23.125
2026-05-24 18:43:58.119,23.125
2026-05-24 18:44:04.024,23.125
2026-05-24 18:44:09.927,23.125
2026-05-24 18:44:15.833,23.125
2026-05-24 18:44:21.739,23.125
2026-05-24 18:44:27.645,23.125
2026-05-24 18:44:33.552,23.0625
2026-05-24 18:44:39.458,23.125
2026-05-24 18:44:45.361,23.0625
2026-05-24 18:44:51.265,23.0625
2026-05-24 18:44:57.169,23.125
2026-05-24 18:45:03.074,23.0625
2026-05-24 18:45:08.978,23.0625
2026-05-24 18:45:14.881,23.125
2026-05-24 18:45:20.785,23.125
2026-05-24 18:45:26.691,23.125
2026-05-24 18:45:32.598,23.0625
2026-05-24 18:45:38.506,23.0625
2026-05-24 18:45:44.412,23.0625
2026-05-24 18:45:50.317,23.125
2026-05-24 18:45:56.222,23.125
2026-05-24 18:46:02.126,23.125
2026-05-24 18:46:08.031,23.125
2026-05-24 18:46:13.935,23.125
2026-05-24 18:46:19.839,23.0625
2026-05-24 18:46:25.744,23.125
2026-05-24 18:46:31.647,23.125
2026-05-24 18:46:37.551,23.0625
2026-05-24 18:46:43.455,23.0625
2026-05-24 18:46:49.360,23.125
2026-05-24 18:46:55.267,23.125
2026-05-24 18:47:01.173,23.125
2026-05-24 18:47:07.079,23.125
2026-05-24 18:47:12.985,23.0625
2026-05-24 18:47:18.889,23.125
2026-05-24 18:47:24.793,23.125
2026-05-24 18:47:30.697,23.0625
2026-05-24 18:47:36.601,23.0625
2026-05-24 18:47:42.504,23.0625
2026-05-24 18:47:48.408,23.0625
2026-05-24 18:47:54.313,23.0625
2026-05-24 18:48:00.216,23.125
2026-05-24 18:48:06.122,23.125
2026-05-24 18:48:12.030,23.125
2026-05-24 18:48:17.934,23.125
2026-05-24 18:48:23.840,23.0625
2026-05-24 18:48:29.746,23.0625
2026-05-24 18:48:35.650,23.0625
2026-05-24 18:48:41.555,23.0625
2026-05-24 18:48:47.460,23.125
2026-05-24 18:48:53.364,23.125
2026-05-24 18:48:59.267,23.0625
2026-05-24 18:49:05.171,23.0625
2026-05-24 18:49:11.075,23.125
2026-05-24 18:49:16.981,23.0625
2026-05-24 18:49:22.887,23.0625
2026-05-24 18:49:28.791,23.0625
2026-05-24 18:49:34.697,23.0625
2026-05-24 18:49:40.600,23.0625
2026-05-24 18:49:46.505,23.0625
2026-05-24 18:49:52.409,23.0625
2026-05-24 18:49:58.312,23.0625
2026-05-24 18:50:04.216,23.125
2026-05-24 18:50:10.120,23.0625
2026-05-24 18:50:16.024,23.0625
2026-05-24 18:50:21.928,23.0625
2026-05-24 18:50:27.832,23.0625
2026-05-24 18:50:33.735,23.0625
2026-05-24 18:50:39.641,23.0625
2026-05-24 18:50:45.548,23.0625
2026-05-24 18:50:51.452,23.0625
2026-05-24 18:50:57.358,23.0625
2026-05-24 18:51:03.264,23.0625
2026-05-24 18:51:09.170,23.0625
2026-05-24 18:51:15.077,23.125
2026-05-24 18:51:20.982,23.0625
2026-05-24 18:51:26.886,23.0625
2026-05-24 18:51:32.790,23.0625
2026-05-24 18:51:38.696,23.0625
2026-05-24 18:51:44.600,23.125
2026-05-24 18:51:50.506,23.0625
2026-05-24 18:51:56.412,23.0625
2026-05-24 18:52:02.317,23.125
2026-05-24 18:52:08.224,23.125
2026-05-24 18:52:14.128,23.125
2026-05-24 18:52:20.031,23.0625
2026-05-24 18:52:25.935,23.125
2026-05-24 18:52:31.840,23.0625
2026-05-24 18:52:37.747,23.0625
2026-05-24 18:52:43.651,23.0625
2026-05-24 18:52:49.557,23.0625
2026-05-24 18:52:55.461,23.125
2026-05-24 18:53:01.364,23.125
2026-05-24 18:53:07.269,23.125
2026-05-24 18:53:13.172,23.125
2026-05-24 18:53:19.076,23.0625
2026-05-24 18:53:24.980,23.0625
2026-05-24 18:53:30.884,23.125
2026-05-24 18:53:36.788,23.125
2026-05-24 18:53:42.692,23.125
2026-05-24 18:53:48.598,23.0625
2026-05-24 18:53:54.504,23.125
2026-05-24 18:54:00.410,23.125
2026-05-24 18:54:06.317,23.125
2026-05-24 18:54:12.220,23.125
2026-05-24 18:54:18.124,23.125
2026-05-24 18:54:24.030,23.0625
2026-05-24 18:54:29.935,23.125
2026-05-24 18:54:35.842,23.125
2026-05-24 18:54:41.746,23.125
2026-05-24 18:54:47.652,23.125
2026-05-24 18:54:53.558,23.125
2026-05-24 18:54:59.466,23.125
2026-05-24 18:55:05.372,23.125
2026-05-24 18:55:11.276,23.125
2026-05-24 18:55:17.179,23.125
2026-05-24 18:55:23.085,23.125
2026-05-24 18:55:28.989,23.125
2026-05-24 18:55:34.893,23.125
2026-05-24 18:55:40.797,23.125
2026-05-24 18:55:46.703,23.125
2026-05-24 18:55:52.606,23.125
2026-05-24 18:55:58.512,23.125
2026-05-24 18:56:04.415,23.125
2026-05-24 18:56:10.319,23.125
2026-05-24 18:56:16.225,23.125
2026-05-24 18:56:22.131,23.125
2026-05-24 18:56:28.035,23.125
2026-05-24 18:56:33.943,23.125
2026-05-24 18:56:39.849,23.0625
2026-05-24 18:56:45.755,23.0625
2026-05-24 18:56:51.660,23.125
2026-05-24 18:56:57.565,23.125
2026-05-24 18:57:03.471,23.125
2026-05-24 18:57:09.374,23.125
2026-05-24 18:57:15.278,23.125
2026-05-24 18:57:21.182,23.125
2026-05-24 18:57:27.086,23.0625
2026-05-24 18:57:32.990,23.0625
2026-05-24 18:57:38.896,23.0625
2026-05-24 18:57:44.802,23.125
2026-05-24 18:57:50.709,23.125
2026-05-24 18:57:56.615,23.125
2026-05-24 18:58:02.520,23.0625
2026-05-24 18:58:08.424,23.125
2026-05-24 18:58:14.328,23.125
2026-05-24 18:58:20.232,23.125
2026-05-24 18:58:26.136,23.0625
2026-05-24 18:58:32.040,23.125
2026-05-24 18:58:37.943,23.125
2026-05-24 18:58:43.849,23.0625
2026-05-24 18:58:49.756,23.0625
2026-05-24 18:58:55.662,23.125
2026-05-24 18:59:01.565,23.125
2026-05-24 18:59:07.471,23.0625
2026-05-24 18:59:13.375,23.125
2026-05-24 18:59:19.280,23.125
2026-05-24 18:59:25.186,23.0625
2026-05-24 18:59:31.091,23.0625
2026-05-24 18:59:36.995,23.0625
2026-05-24 18:59:42.901,23.125
2026-05-24 18:59:48.806,23.125
2026-05-24 18:59:54.710,23.0625
2026-05-24 19:00:00.613,23.125
2026-05-24 19:00:06.519,23.0625
2026-05-24 19:00:12.422,23.0625
2026-05-24 19:00:18.329,23.0625
2026-05-24 19:00:24.235,23.125
2026-05-24 19:00:30.139,23.125
2026-05-24 19:00:36.042,23.0625
2026-05-24 19:00:41.949,23.0625
2026-05-24 19:00:47.853,23.0625
2026-05-24 19:00:53.757,23.0625
2026-05-24 19:00:59.660,23.0625
2026-05-24 19:01:05.566,23.0625
2026-05-24 19:01:11.471,23.125
2026-05-24 19:01:17.376,23.0625
2026-05-24 19:01:23.280,23.0625
2026-05-24 19:01:29.186,23.0625
2026-05-24 19:01:35.090,23.0625
2026-05-24 19:01:40.994,23.0625
2026-05-24 19:01:46.898,23.0625
2026-05-24 19:01:52.803,23.0625
2026-05-24 19:01:58.707,23.0625
2026-05-24 19:02:04.613,23.0625
2026-05-24 19:02:10.520,23.0625
2026-05-24 19:02:16.426,23.0625
2026-05-24 19:02:22.331,23.125
2026-05-24 19:02:28.235,23.0625
2026-05-24 19:02:34.141,23.0625
2026-05-24 19:02:40.045,23.125
2026-05-24 19:02:45.949,23.0625
2026-05-24 19:02:51.852,23.0625
2026-05-24 19:02:57.756,23.0625
2026-05-24 19:03:03.662,23.125
2026-05-24 19:03:09.569,23.0625
2026-05-24 19:03:15.475,23.0625
2026-05-24 19:03:21.380,23.0625
2026-05-24 19:03:27.287,23.0625
2026-05-24 19:03:33.191,23.0625
2026-05-24 19:03:39.095,23.0625
2026-05-24 19:03:44.999,23.0625
2026-05-24 19:03:50.902,23.0625
2026-05-24 19:03:56.806,23.0625
2026-05-24 19:04:02.710,23.0625
2026-05-24 19:04:08.616,23.125
2026-05-24 19:04:14.522,23.125
2026-05-24 19:04:20.428,23.0625
2026-05-24 19:04:26.332,23.125
2026-05-24 19:04:32.236,23.125
2026-05-24 19:04:38.140,23.0625
2026-05-24 19:04:44.045,23.125
2026-05-24 19:04:49.951,23.0625
2026-05-24 19:04:55.854,23.125
2026-05-24 19:05:01.759,23.125
2026-05-24 19:05:07.665,23.0625
2026-05-24 19:05:13.573,23.0625
2026-05-24 19:05:19.476,23.125
2026-05-24 19:05:25.382,23.125
2026-05-24 19:05:31.289,23.0625
2026-05-24 19:05:37.192,23.0625
2026-05-24 19:05:43.098,23.125
2026-05-24 19:05:49.002,23.125
2026-05-24 19:05:54.906,23.125
2026-05-24 19:06:00.810,23.125
2026-05-24 19:06:06.714,23.0625
2026-05-24 19:06:12.618,23.0625
2026-05-24 19:06:18.521,23.125
2026-05-24 19:06:24.426,23.125
2026-05-24 19:06:30.330,23.125
2026-05-24 19:06:36.235,23.125
2026-05-24 19:06:42.139,23.125
2026-05-24 19:06:48.045,23.125
2026-05-24 19:06:53.952,23.125
2026-05-24 19:06:59.858,23.125
2026-05-24 19:07:05.764,23.0625
2026-05-24 19:07:11.671,23.125
2026-05-24 19:07:17.575,23.125
2026-05-24 19:07:23.480,23.125
2026-05-24 19:07:29.383,23.125
2026-05-24 19:07:35.287,23.125
2026-05-24 19:07:41.193,23.125
2026-05-24 19:07:47.097,23.125
2026-05-24 19:07:53.003,23.0625
2026-05-24 19:07:58.907,23.125
2026-05-24 19:08:04.813,23.125
2026-05-24 19:08:10.717,23.125
2026-05-24 19:08:16.620,23.0625
2026-05-24 19:08:22.525,23.125
2026-05-24 19:08:28.429,23.0625
2026-05-24 19:08:34.332,23.0625
2026-05-24 19:08:40.238,23.125
2026-05-24 19:08:46.144,23.125
2026-05-24 19:08:52.048,23.125
2026-05-24 19:08:57.954,23.125
2026-05-24 19:09:03.860,23.125
2026-05-24 19:09:09.766,23.125
2026-05-24 19:09:15.670,23.125
2026-05-24 19:09:21.576,23.0625
2026-05-24 19:09:27.482,23.0625
2026-05-24 19:09:33.388,23.125
2026-05-24 19:09:39.291,23.125
2026-05-24 19:09:45.196,23.125
2026-05-24 19:09:51.100,23.125
2026-05-24 19:09:57.003,23.125
2026-05-24 19:10:02.907,23.125
2026-05-24 19:10:08.811,23.125
2026-05-24 19:10:14.715,23.125
2026-05-24 19:10:20.619,23.125
2026-05-24 19:10:26.524,23.125
2026-05-24 19:10:32.428,23.125
2026-05-24 19:10:38.332,23.125
2026-05-24 19:10:44.241,23.125
2026-05-24 19:10:50.144,23.125
2026-05-24 19:10:56.052,23.125
2026-05-24 19:11:01.955,23.125
2026-05-24 19:11:07.859,23.0625
2026-05-24 19:11:13.764,23.0625
2026-05-24 19:11:19.668,23.125
2026-05-24 19:11:25.573,23.0625
2026-05-24 19:11:31.479,23.0625
2026-05-24 19:11:37.383,23.0625
2026-05-24 19:11:43.290,23.125
2026-05-24 19:11:49.193,23.125
2026-05-24 19:11:55.097,23.125
2026-05-24 19:12:01.001,23.125
2026-05-24 19:12:06.904,23.125
2026-05-24 19:12:12.811,23.125
2026-05-24 19:12:18.715,23.125
2026-05-24 19:12:24.619,23.125
2026-05-24 19:12:30.522,23.125
2026-05-24 19:12:36.427,23.125
2026-05-24 19:12:42.330,23.125
2026-05-24 19:12:48.234,23.125
2026-05-24 19:12:54.138,23.125
2026-05-24 19:13:00.044,23.125
2026-05-24 19:13:05.951,23.125
2026-05-24 19:13:11.856,23.0625
2026-05-24 19:13:17.760,23.0625
2026-05-24 19:13:23.663,23.0625
2026-05-24 19:13:29.567,23.125
2026-05-24 19:13:35.471,23.0625
2026-05-24 19:13:41.375,23.0625
2026-05-24 19:13:47.279,23.0625
2026-05-24 19:13:53.182,23.125
2026-05-24 19:13:59.088,23.0625
2026-05-24 19:14:04.995,23.125
2026-05-24 19:14:10.901,23.0625
2026-05-24 19:14:16.807,23.0625
2026-05-24 19:14:22.713,23.0625
2026-05-24 19:14:28.619,23.0625
2026-05-24 19:14:34.523,23.125
2026-05-24 19:14:40.427,23.125
2026-05-24 19:14:46.330,23.0625
2026-05-24 19:14:52.236,23.0625
2026-05-24 19:14:58.142,23.0625
2026-05-24 19:15:04.047,23.0625
2026-05-24 19:15:09.953,23.125
2026-05-24 19:15:15.858,23.125
2026-05-24 19:15:21.762,23.0625
2026-05-24 19:15:27.666,23.0625
2026-05-24 19:15:33.570,23.125
2026-05-24 19:15:39.475,23.0625
2026-05-24 19:15:45.381,23.0625
2026-05-24 19:15:51.287,23.0625
2026-05-24 19:15:57.194,23.0625
2026-05-24 19:16:03.097,23.0625
2026-05-24 19:16:09.003,23.0625
2026-05-24 19:16:14.909,23.0625
2026-05-24 19:16:20.812,23.0625
2026-05-24 19:16:26.719,23.0625
2026-05-24 19:16:32.624,23.0625
2026-05-24 19:16:38.530,23.125
2026-05-24 19:16:44.436,23.125
2026-05-24 19:16:50.340,23.0625
2026-05-24 19:16:56.244,23.0625
2026-05-24 19:17:02.148,23.0625
2026-05-24 19:17:08.054,23.0625
2026-05-24 19:17:13.960,23.0625
2026-05-24 19:17:19.866,23.0625
2026-05-24 19:17:25.772,23.125
2026-05-24 19:17:31.676,23.0625
2026-05-24 19:17:37.580,23.125
2026-05-24 19:17:43.483,23.0625
2026-05-24 19:17:49.387,23.0625
2026-05-24 19:17:55.292,23.0625
2026-05-24 19:18:01.195,23.0625
2026-05-24 19:18:07.099,23.125
2026-05-24 19:18:13.002,23.0625
2026-05-24 19:18:18.907,23.0625
2026-05-24 19:18:24.811,23.0625
2026-05-24 19:18:30.714,23.0625
2026-05-24 19:18:36.618,23.125
2026-05-24 19:18:42.524,23.125
2026-05-24 19:18:48.430,23.0625
2026-05-24 19:18:54.334,23.0625
2026-05-24 19:19:00.238,23.0625
2026-05-24 19:19:06.144,23.125
2026-05-24 19:19:12.049,23.0625
2026-05-24 19:19:17.956,23.0625
2026-05-24 19:19:23.862,23.0625
2026-05-24 19:19:29.767,23.0625
2026-05-24 19:19:35.673,23.125
2026-05-24 19:19:41.577,23.0625
2026-05-24 19:19:47.481,23.125
2026-05-24 19:19:53.385,23.125
2026-05-24 19:19:59.289,23.125
2026-05-24 19:20:05.193,23.125
2026-05-24 19:20:11.096,23.125
2026-05-24 19:20:17.001,23.125
2026-05-24 19:20:22.907,23.125
2026-05-24 19:20:28.810,23.125
2026-05-24 19:20:34.716,23.125
2026-05-24 19:20:40.622,23.125
2026-05-24 19:20:46.526,23.125
2026-05-24 19:20:52.430,23.0625
2026-05-24 19:20:58.334,23.125
2026-05-24 19:21:04.237,23.0625
2026-05-24 19:21:10.144,23.125
2026-05-24 19:21:16.050,23.125
2026-05-24 19:21:21.955,23.125
2026-05-24 19:21:27.861,23.0625
2026-05-24 19:21:33.765,23.125
2026-05-24 19:21:39.670,23.125
2026-05-24 19:21:45.573,23.125
2026-05-24 19:21:51.477,23.125
2026-05-24 19:21:57.381,23.0625
2026-05-24 19:22:03.284,23.0625
2026-05-24 19:22:09.189,23.0625
2026-05-24 19:22:15.093,23.125
2026-05-24 19:22:20.999,23.125
2026-05-24 19:22:26.905,23.125
2026-05-24 19:22:32.808,23.125
2026-05-24 19:22:38.713,23.0625
2026-05-24 19:22:44.618,23.0625
2026-05-24 19:22:50.524,23.0625
2026-05-24 19:22:56.428,23.0625
2026-05-24 19:23:02.333,23.0625
2026-05-24 19:23:08.240,23.0625
2026-05-24 19:23:14.146,23.0625
2026-05-24 19:23:20.050,23.0625
2026-05-24 19:23:25.954,23.125
2026-05-24 19:23:31.857,23.125
2026-05-24 19:23:37.762,23.0625
2026-05-24 19:23:43.668,23.0625
2026-05-24 19:23:49.574,23.0625
2026-05-24 19:23:55.477,23.0625
2026-05-24 19:24:01.383,23.125
2026-05-24 19:24:07.288,23.0625
2026-05-24 19:24:13.191,23.0
2026-05-24 19:24:19.095,23.0625
2026-05-24 19:24:25.001,23.0625
2026-05-24 19:24:30.906,23.125
2026-05-24 19:24:36.813,23.0625
2026-05-24 19:24:42.719,23.0625
2026-05-24 19:24:48.623,23.125
2026-05-24 19:24:54.526,23.0625
2026-05-24 19:25:00.431,23.0625
2026-05-24 19:25:06.335,23.0625
2026-05-24 19:25:12.238,23.0625
2026-05-24 19:25:18.144,23.0625
2026-05-24 19:25:24.048,23.125
2026-05-24 19:25:29.954,23.0625
2026-05-24 19:25:35.860,23.0625
2026-05-24 19:25:41.766,23.0625
2026-05-24 19:25:47.672,23.0625
2026-05-24 19:25:53.577,23.0625
2026-05-24 19:25:59.484,23.0625
2026-05-24 19:26:05.390,23.0625
2026-05-24 19:26:11.296,23.0625
2026-05-24 19:26:17.202,23.0625
2026-05-24 19:26:23.107,23.0625
2026-05-24 19:26:29.012,23.0625
2026-05-24 19:26:34.916,23.0625
2026-05-24 19:26:40.819,23.0625
2026-05-24 19:26:46.723,23.0625
2026-05-24 19:26:52.629,23.0625
2026-05-24 19:26:58.533,23.0625
2026-05-24 19:27:04.439,23.125
2026-05-24 19:27:10.345,23.125
2026-05-24 19:27:16.249,23.0625
2026-05-24 19:27:22.155,23.0625
2026-05-24 19:27:28.061,23.0625
2026-05-24 19:27:33.965,23.0
2026-05-24 19:27:39.869,23.0625
2026-05-24 19:27:45.772,23.0625
2026-05-24 19:27:51.677,23.0625
2026-05-24 19:27:57.580,23.0625
2026-05-24 19:28:03.484,23.0625
2026-05-24 19:28:09.390,23.0625
2026-05-24 19:28:15.296,23.0625
2026-05-24 19:28:21.201,23.0625
2026-05-24 19:28:27.104,23.0625
2026-05-24 19:28:33.008,23.0625
2026-05-24 19:28:38.911,23.0625
2026-05-24 19:28:44.817,23.0625
2026-05-24 19:28:50.724,23.0625
2026-05-24 19:28:56.628,23.125
2026-05-24 19:29:02.531,23.0625
2026-05-24 19:29:08.435,23.0625
2026-05-24 19:29:14.340,23.0625
2026-05-24 19:29:20.247,23.125
2026-05-24 19:29:26.153,23.0625
2026-05-24 19:29:32.059,23.0625
2026-05-24 19:29:37.965,23.0625
2026-05-24 19:29:43.870,23.0625
2026-05-24 19:29:49.777,23.125
2026-05-24 19:29:55.683,23.0625
2026-05-24 19:30:01.589,23.0625
2026-05-24 19:30:07.495,23.0
2026-05-24 19:30:13.402,23.0625
2026-05-24 19:30:19.305,23.0625
2026-05-24 19:30:25.209,23.125
2026-05-24 19:30:31.113,23.0625
2026-05-24 19:30:37.016,23.0625
2026-05-24 19:30:42.921,23.0625
2026-05-24 19:30:48.825,23.0625
2026-05-24 19:30:54.728,23.0625
2026-05-24 19:31:00.632,23.0625
2026-05-24 19:31:06.536,23.125
2026-05-24 19:31:12.443,23.0625
2026-05-24 19:31:18.349,23.0625
2026-05-24 19:31:24.255,23.125
2026-05-24 19:31:30.158,23.125
2026-05-24 19:31:36.064,23.0625
2026-05-24 19:31:41.971,23.0625
2026-05-24 19:31:47.879,23.125
2026-05-24 19:31:53.784,23.0625
2026-05-24 19:31:59.688,23.0625
2026-05-24 19:32:05.592,23.125
2026-05-24 19:32:11.496,23.0625
2026-05-24 19:32:17.400,23.125
2026-05-24 19:32:23.304,23.0625
2026-05-24 19:32:29.207,23.125
2026-05-24 19:32:35.111,23.125
2026-05-24 19:32:41.016,23.0625
2026-05-24 19:32:46.922,23.0625
2026-05-24 19:32:52.827,23.125
2026-05-24 19:32:58.731,23.0625
2026-05-24 19:33:04.638,23.0625
2026-05-24 19:33:10.542,23.125
2026-05-24 19:33:16.448,23.0625
2026-05-24 19:33:22.351,23.0625
2026-05-24 19:33:28.255,23.0625
2026-05-24 19:33:34.161,23.0625
2026-05-24 19:33:40.067,23.0625
2026-05-24 19:33:45.973,23.0625
2026-05-24 19:33:51.881,23.0625
2026-05-24 19:33:57.789,23.125
2026-05-24 19:34:03.693,23.0625
2026-05-24 19:34:09.597,23.125
2026-05-24 19:34:15.501,23.0625
2026-05-24 19:34:21.404,23.0625
2026-05-24 19:34:27.310,23.0625
2026-05-24 19:34:33.217,23.125
2026-05-24 19:34:39.120,23.125
2026-05-24 19:34:45.026,23.125
2026-05-24 19:34:50.932,23.0625
2026-05-24 19:34:56.836,23.0625
2026-05-24 19:35:02.741,23.0625
2026-05-24 19:35:08.644,23.0625
2026-05-24 19:35:14.548,23.125
2026-05-24 19:35:20.454,23.0625
2026-05-24 19:35:26.360,23.125
2026-05-24 19:35:32.266,23.0625
2026-05-24 19:35:38.170,23.0625
2026-05-24 19:35:44.076,23.125
2026-05-24 19:35:49.980,23.0625
2026-05-24 19:35:55.884,23.0625
2026-05-24 19:36:01.790,23.0625
2026-05-24 19:36:07.694,23.0625
2026-05-24 19:36:13.600,23.0625
2026-05-24 19:36:19.505,23.0625
2026-05-24 19:36:25.412,23.0625
2026-05-24 19:36:31.316,23.0625
2026-05-24 19:36:37.220,23.0625
2026-05-24 19:36:43.123,23.0625
2026-05-24 19:36:49.027,23.0625
2026-05-24 19:36:54.932,23.0625
2026-05-24 19:37:00.835,23.125
2026-05-24 19:37:06.743,23.0625
2026-05-24 19:37:12.649,23.0625
2026-05-24 19:37:18.552,23.125
2026-05-24 19:37:24.457,23.125
2026-05-24 19:37:30.361,23.0625
2026-05-24 19:37:36.264,23.0625
2026-05-24 19:37:42.168,23.0625
2026-05-24 19:37:48.072,23.0625
2026-05-24 19:37:53.978,23.0625
2026-05-24 19:37:59.882,23.0625
2026-05-24 19:38:05.786,23.0625
2026-05-24 19:38:11.692,23.0625
2026-05-24 19:38:17.597,23.0625
2026-05-24 19:38:23.504,23.0
2026-05-24 19:38:29.410,23.0625
2026-05-24 19:38:35.314,23.0625
2026-05-24 19:38:41.218,23.0625
2026-05-24 19:38:47.123,23.0625
2026-05-24 19:38:53.030,23.0625
2026-05-24 19:38:58.936,23.125
2026-05-24 19:39:04.840,23.0625
2026-05-24 19:39:10.746,23.0
2026-05-24 19:39:16.650,23.0625
2026-05-24 19:39:22.554,23.0625
2026-05-24 19:39:28.457,23.0625
2026-05-24 19:39:34.363,23.0625
2026-05-24 19:39:40.267,23.0625
2026-05-24 19:39:46.174,23.0625
2026-05-24 19:39:52.080,23.0625
2026-05-24 19:39:57.985,23.0625
2026-05-24 19:40:03.893,23.0625
2026-05-24 19:40:09.797,23.0625
2026-05-24 19:40:15.701,23.0625
2026-05-24 19:40:21.605,23.0
2026-05-24 19:40:27.511,23.0625
2026-05-24 19:40:33.417,23.125
2026-05-24 19:40:39.323,23.0625
2026-05-24 19:40:45.230,23.0625
2026-05-24 19:40:51.135,23.0625
2026-05-24 19:40:57.039,23.0625
2026-05-24 19:41:02.943,23.0625
2026-05-24 19:41:08.846,23.125
2026-05-24 19:41:14.751,23.0625
2026-05-24 19:41:20.655,23.0625
2026-05-24 19:41:26.560,23.0625
2026-05-24 19:41:32.466,23.0625
2026-05-24 19:41:38.372,23.0625
2026-05-24 19:41:44.277,23.0625
2026-05-24 19:41:50.181,23.0625
2026-05-24 19:41:56.084,23.0625
2026-05-24 19:42:01.988,23.0625
2026-05-24 19:42:07.893,23.0625
2026-05-24 19:42:13.796,23.125
2026-05-24 19:42:19.700,23.0625
2026-05-24 19:42:25.604,23.0625
2026-05-24 19:42:31.509,23.0625
2026-05-24 19:42:37.416,23.0625
2026-05-24 19:42:43.322,23.0625
2026-05-24 19:42:49.228,23.0625
2026-05-24 19:42:55.132,23.0625
2026-05-24 19:43:01.035,23.125
2026-05-24 19:43:06.940,23.0625
2026-05-24 19:43:12.844,23.125
2026-05-24 19:43:18.747,23.0625
2026-05-24 19:43:24.653,23.0625
2026-05-24 19:43:30.556,23.0625
2026-05-24 19:43:36.463,23.0625
2026-05-24 19:43:42.369,23.0625
2026-05-24 19:43:48.273,23.0625
2026-05-24 19:43:54.179,23.0625
2026-05-24 19:44:00.082,23.125
2026-05-24 19:44:05.987,23.0625
2026-05-24 19:44:11.891,23.125
2026-05-24 19:44:17.794,23.0625
2026-05-24 19:44:23.698,23.125
2026-05-24 19:44:29.602,23.125
2026-05-24 19:44:35.509,23.125
2026-05-24 19:44:41.415,23.125
2026-05-24 19:44:47.318,23.0625
2026-05-24 19:44:53.224,23.125
2026-05-24 19:44:59.128,23.125
2026-05-24 19:45:05.032,23.125
2026-05-24 19:45:10.935,23.125
2026-05-24 19:45:16.839,23.125
2026-05-24 19:45:22.743,23.0625
2026-05-24 19:45:28.647,23.125
2026-05-24 19:45:34.551,23.125
2026-05-24 19:45:40.455,23.0625
2026-05-24 19:45:46.361,23.125
2026-05-24 19:45:52.267,23.0625
2026-05-24 19:45:58.174,23.0625
2026-05-24 19:46:04.081,23.0625
2026-05-24 19:46:09.985,23.0625
2026-05-24 19:46:15.888,23.125
2026-05-24 19:46:21.792,23.0625
2026-05-24 19:46:27.699,23.125
2026-05-24 19:46:33.605,23.0625
2026-05-24 19:46:39.511,23.0625
2026-05-24 19:46:45.417,23.0625
2026-05-24 19:46:51.323,23.125
2026-05-24 19:46:57.229,23.125
2026-05-24 19:47:03.135,23.125
2026-05-24 19:47:09.041,23.125
2026-05-24 19:47:14.947,23.0625
2026-05-24 19:47:20.852,23.125
2026-05-24 19:47:26.756,23.0625
2026-05-24 19:47:32.660,23.0625
2026-05-24 19:47:38.566,23.0625
2026-05-24 19:47:44.470,23.0625
2026-05-24 19:47:50.377,23.125
2026-05-24 19:47:56.283,23.0625
2026-05-24 19:48:02.188,23.125
2026-05-24 19:48:08.094,23.125
2026-05-24 19:48:14.000,23.125
2026-05-24 19:48:19.907,23.125
2026-05-24 19:48:25.811,23.0625
2026-05-24 19:48:31.716,23.0625
2026-05-24 19:48:37.620,23.125
2026-05-24 19:48:43.523,23.0625
2026-05-24 19:48:49.428,23.0625
2026-05-24 19:48:55.332,23.125
2026-05-24 19:49:01.235,23.125
2026-05-24 19:49:07.139,23.125
2026-05-24 19:49:13.043,23.125
2026-05-24 19:49:18.950,23.125
2026-05-24 19:49:24.855,23.0625
2026-05-24 19:49:30.761,23.125
2026-05-24 19:49:36.665,23.125
2026-05-24 19:49:42.571,23.0625
2026-05-24 19:49:48.477,23.0625
2026-05-24 19:49:54.383,23.125
2026-05-24 19:50:00.289,23.0625
2026-05-24 19:50:06.195,23.0625
2026-05-24 19:50:12.101,23.0625
2026-05-24 19:50:18.008,23.125
2026-05-24 19:50:23.914,23.0625
2026-05-24 19:50:29.817,23.0625
2026-05-24 19:50:35.721,23.125
2026-05-24 19:50:41.626,23.0625
2026-05-24 19:50:47.529,23.125
2026-05-24 19:50:53.433,23.125
2026-05-24 19:50:59.337,23.0625
2026-05-24 19:51:05.240,23.0625
2026-05-24 19:51:11.145,23.0625
2026-05-24 19:51:17.051,23.125
2026-05-24 19:51:22.957,23.125
2026-05-24 19:51:28.864,23.0625
2026-05-24 19:51:34.768,23.125
2026-05-24 19:51:40.673,23.125
2026-05-24 19:51:46.576,23.125
2026-05-24 19:51:52.480,23.0625
2026-05-24 19:51:58.384,23.125
2026-05-24 19:52:04.287,23.0625
2026-05-24 19:52:10.192,23.0625
2026-05-24 19:52:16.098,23.0625
2026-05-24 19:52:22.004,23.125
2026-05-24 19:52:27.909,23.125
2026-05-24 19:52:33.813,23.0625
2026-05-24 19:52:39.718,23.125
2026-05-24 19:52:45.621,23.0625
2026-05-24 19:52:51.525,23.125
2026-05-24 19:52:57.429,23.0625
2026-05-24 19:53:03.332,23.125
2026-05-24 19:53:09.239,23.0625
2026-05-24 19:53:15.145,23.0625
2026-05-24 19:53:21.051,23.125
2026-05-24 19:53:26.954,23.125
2026-05-24 19:53:32.860,23.0625
2026-05-24 19:53:38.765,23.0625
2026-05-24 19:53:44.669,23.125
2026-05-24 19:53:50.575,23.125
2026-05-24 19:53:56.480,23.125
2026-05-24 19:54:02.387,23.125
2026-05-24 19:54:08.291,23.125
2026-05-24 19:54:14.197,23.125
2026-05-24 19:54:20.101,23.125
2026-05-24 19:54:26.004,23.125
2026-05-24 19:54:31.911,23.125
2026-05-24 19:54:37.817,23.0625
2026-05-24 19:54:43.723,23.125
2026-05-24 19:54:49.629,23.0625
2026-05-24 19:54:55.535,23.0625
2026-05-24 19:55:01.439,23.125
2026-05-24 19:55:07.343,23.125
2026-05-24 19:55:13.246,23.125
2026-05-24 19:55:19.150,23.125
2026-05-24 19:55:25.054,23.125
2026-05-24 19:55:30.958,23.125
2026-05-24 19:55:36.862,23.0625
2026-05-24 19:55:42.766,23.0625
2026-05-24 19:55:48.669,23.125
2026-05-24 19:55:54.575,23.125
2026-05-24 19:56:00.482,23.0625
2026-05-24 19:56:06.385,23.125
2026-05-24 19:56:12.289,23.125
2026-05-24 19:56:18.195,23.0625
2026-05-24 19:56:24.101,23.0625
2026-05-24 19:56:30.008,23.125
2026-05-24 19:56:35.911,23.125
2026-05-24 19:56:41.817,23.125
2026-05-24 19:56:47.720,23.0625
2026-05-24 19:56:53.627,23.125
2026-05-24 19:56:59.531,23.125
2026-05-24 19:57:05.435,23.125
2026-05-24 19:57:11.338,23.125
2026-05-24 19:57:17.242,23.0625
2026-05-24 19:57:23.149,23.125
2026-05-24 19:57:29.055,23.0625
2026-05-24 19:57:34.961,23.0625
2026-05-24 19:57:40.867,23.0625
2026-05-24 19:57:46.772,23.125
2026-05-24 19:57:52.677,23.125
2026-05-24 19:57:58.581,23.125
2026-05-24 19:58:04.484,23.0625
2026-05-24 19:58:10.390,23.125
2026-05-24 19:58:16.294,23.125
2026-05-24 19:58:22.201,23.125
2026-05-24 19:58:28.106,23.125
2026-05-24 19:58:34.012,23.125
2026-05-24 19:58:39.918,23.0625
2026-05-24 19:58:45.824,23.125
2026-05-24 19:58:51.731,23.125
2026-05-24 19:58:57.637,23.125
2026-05-24 19:59:03.542,23.0625
2026-05-24 19:59:09.448,23.0625
2026-05-24 19:59:15.352,23.125
2026-05-24 19:59:21.257,23.125
2026-05-24 19:59:27.162,23.125
2026-05-24 19:59:33.068,23.125
2026-05-24 19:59:38.974,23.125
2026-05-24 19:59:44.879,23.0625
2026-05-24 19:59:50.785,23.125
2026-05-24 19:59:56.691,23.125
2026-05-24 20:00:02.594,23.125
2026-05-24 20:00:08.500,23.125
2026-05-24 20:00:14.407,23.125
2026-05-24 20:00:20.313,23.0625
2026-05-24 20:00:26.219,23.0625
2026-05-24 20:00:32.124,23.125
2026-05-24 20:00:38.027,23.125
2026-05-24 20:00:43.932,23.0625
2026-05-24 20:00:49.836,23.0625
2026-05-24 20:00:55.741,23.125
2026-05-24 20:01:01.645,23.125
2026-05-24 20:01:07.549,23.0625
2026-05-24 20:01:13.455,23.0625
2026-05-24 20:01:19.361,23.0625
2026-05-24 20:01:25.265,23.125
2026-05-24 20:01:31.169,23.125
2026-05-24 20:01:37.072,23.125
2026-05-24 20:01:42.979,23.0625
2026-05-24 20:01:48.885,23.0625
2026-05-24 20:01:54.791,23.125
2026-05-24 20:02:00.697,23.0625
2026-05-24 20:02:06.605,23.0625
2026-05-24 20:02:12.509,23.0625
2026-05-24 20:02:18.415,23.0625
2026-05-24 20:02:24.320,23.0625
2026-05-24 20:02:30.224,23.0625
2026-05-24 20:02:36.129,23.0625
2026-05-24 20:02:42.032,23.0625
2026-05-24 20:02:47.936,23.0625
2026-05-24 20:02:53.842,23.0625
2026-05-24 20:02:59.748,23.0625
2026-05-24 20:03:05.654,23.0625
2026-05-24 20:03:11.560,23.125
2026-05-24 20:03:17.464,23.0625
2026-05-24 20:03:23.370,23.125
2026-05-24 20:03:29.275,23.0625
2026-05-24 20:03:35.180,23.0625
2026-05-24 20:03:41.084,23.0625
2026-05-24 20:03:46.987,23.0625
2026-05-24 20:03:52.891,23.0625
2026-05-24 20:03:58.797,23.0625
2026-05-24 20:04:04.704,23.0625
2026-05-24 20:04:10.607,23.0625
2026-05-24 20:04:16.515,23.125
2026-05-24 20:04:22.421,23.0625
2026-05-24 20:04:28.324,23.0625
2026-05-24 20:04:34.229,23.0625
2026-05-24 20:04:40.133,23.0625
2026-05-24 20:04:46.036,23.125
2026-05-24 20:04:51.940,23.0625
2026-05-24 20:04:57.846,23.0625
2026-05-24 20:05:03.753,23.0625
2026-05-24 20:05:09.659,23.0625
2026-05-24 20:05:15.562,23.125
2026-05-24 20:05:21.468,23.0625
2026-05-24 20:05:27.373,23.0625
2026-05-24 20:05:33.276,23.0625
2026-05-24 20:05:39.180,23.125
2026-05-24 20:05:45.086,23.0625
2026-05-24 20:05:50.991,23.0625
2026-05-24 20:05:56.898,23.125
2026-05-24 20:06:02.804,23.0625
2026-05-24 20:06:08.710,23.0625
2026-05-24 20:06:14.616,23.0625
2026-05-24 20:06:20.522,23.0625
2026-05-24 20:06:26.426,23.0625
2026-05-24 20:06:32.330,23.0625
2026-05-24 20:06:38.233,23.125
2026-05-24 20:06:44.139,23.0625
2026-05-24 20:06:50.045,23.0625
2026-05-24 20:06:55.951,23.0625
2026-05-24 20:07:01.857,23.0625
2026-05-24 20:07:07.763,23.125
2026-05-24 20:07:13.669,23.125
2026-05-24 20:07:19.575,23.125
2026-05-24 20:07:25.479,23.125
2026-05-24 20:07:31.383,23.0625
2026-05-24 20:07:37.287,23.125
2026-05-24 20:07:43.190,23.125
2026-05-24 20:07:49.094,23.0625
2026-05-24 20:07:55.001,23.125
2026-05-24 20:08:00.907,23.0625
2026-05-24 20:08:06.813,23.125
2026-05-24 20:08:12.718,23.0625
2026-05-24 20:08:18.624,23.0625
2026-05-24 20:08:24.531,23.125
2026-05-24 20:08:30.435,23.0625
2026-05-24 20:08:36.338,23.0625
2026-05-24 20:08:42.242,23.0625
2026-05-24 20:08:48.148,23.0625
2026-05-24 20:08:54.054,23.0625
2026-05-24 20:08:59.958,23.0625
2026-05-24 20:09:05.861,23.125
2026-05-24 20:09:11.767,23.0625
2026-05-24 20:09:17.672,23.125
2026-05-24 20:09:23.578,23.125
2026-05-24 20:09:29.484,23.125
2026-05-24 20:09:35.387,23.125
2026-05-24 20:09:41.293,23.125
2026-05-24 20:09:47.198,23.125
2026-05-24 20:09:53.101,23.125
2026-05-24 20:09:59.007,23.125
2026-05-24 20:10:04.913,23.125
2026-05-24 20:10:10.819,23.125
2026-05-24 20:10:16.726,23.0625
2026-05-24 20:10:22.632,23.125
2026-05-24 20:10:28.537,23.125
2026-05-24 20:10:34.441,23.125
2026-05-24 20:10:40.344,23.125
2026-05-24 20:10:46.251,23.125
2026-05-24 20:10:52.157,23.0625
2026-05-24 20:10:58.062,23.125
2026-05-24 20:11:03.966,23.0625
2026-05-24 20:11:09.872,23.125
2026-05-24 20:11:15.779,23.125
2026-05-24 20:11:21.685,23.125
2026-05-24 20:11:27.588,23.125
2026-05-24 20:11:33.494,23.125
2026-05-24 20:11:39.402,23.125
2026-05-24 20:11:45.306,23.125
2026-05-24 20:11:51.210,23.0625
2026-05-24 20:11:57.113,23.125
2026-05-24 20:12:03.017,23.125
2026-05-24 20:12:08.922,23.0625
2026-05-24 20:12:14.825,23.125
2026-05-24 20:12:20.731,23.0625
2026-05-24 20:12:26.635,23.125
2026-05-24 20:12:32.541,23.0625
2026-05-24 20:12:38.447,23.0625
2026-05-24 20:12:44.353,23.125
2026-05-24 20:12:50.259,23.0625
2026-05-24 20:12:56.163,23.125
2026-05-24 20:13:02.069,23.125
2026-05-24 20:13:07.973,23.0625
2026-05-24 20:13:13.879,23.125
2026-05-24 20:13:19.785,23.125
2026-05-24 20:13:25.688,23.125
2026-05-24 20:13:31.592,23.0625
2026-05-24 20:13:37.497,23.125
2026-05-24 20:13:43.402,23.125
2026-05-24 20:13:49.306,23.0625
2026-05-24 20:13:55.209,23.0625
2026-05-24 20:14:01.113,23.0625
2026-05-24 20:14:07.017,23.0625
2026-05-24 20:14:12.921,23.125
2026-05-24 20:14:18.825,23.125
2026-05-24 20:14:24.728,23.0625
2026-05-24 20:14:30.633,23.0625
2026-05-24 20:14:36.539,23.125
2026-05-24 20:14:42.445,23.125
2026-05-24 20:14:48.351,23.125
2026-05-24 20:14:54.254,23.125
2026-05-24 20:15:00.159,23.125
2026-05-24 20:15:06.063,23.0625
2026-05-24 20:15:11.966,23.125
2026-05-24 20:15:17.870,23.0625
2026-05-24 20:15:23.774,23.125
2026-05-24 20:15:29.679,23.125
2026-05-24 20:15:35.582,23.125
2026-05-24 20:15:41.486,23.0625
2026-05-24 20:15:47.389,23.125
2026-05-24 20:15:53.293,23.125
2026-05-24 20:15:59.198,23.125
2026-05-24 20:16:05.101,23.125
2026-05-24 20:16:11.005,23.125
2026-05-24 20:16:16.909,23.0625
2026-05-24 20:16:22.815,23.0625
2026-05-24 20:16:28.721,23.0625
2026-05-24 20:16:34.625,23.125
2026-05-24 20:16:40.531,23.125
2026-05-24 20:16:46.437,23.0625
2026-05-24 20:16:52.343,23.0625
2026-05-24 20:16:58.247,23.0625
2026-05-24 20:17:04.151,23.0625
2026-05-24 20:17:10.055,23.0625
2026-05-24 20:17:15.958,23.125
2026-05-24 20:17:21.863,23.125
2026-05-24 20:17:27.767,23.0625
2026-05-24 20:17:33.672,23.125
2026-05-24 20:17:39.578,23.125
2026-05-24 20:17:45.484,23.0625
2026-05-24 20:17:51.391,23.125
2026-05-24 20:17:57.297,23.125
2026-05-24 20:18:03.200,23.125
2026-05-24 20:18:09.104,23.125
2026-05-24 20:18:15.008,23.125
2026-05-24 20:18:20.912,23.0625
2026-05-24 20:18:26.818,23.125
2026-05-24 20:18:32.722,23.125
2026-05-24 20:18:38.628,23.125
2026-05-24 20:18:44.534,23.125
2026-05-24 20:18:50.441,23.125
2026-05-24 20:18:56.347,23.125
2026-05-24 20:19:02.253,23.125
2026-05-24 20:19:08.156,23.125
2026-05-24 20:19:14.060,23.125
2026-05-24 20:19:19.965,23.125
2026-05-24 20:19:25.868,23.125
2026-05-24 20:19:31.772,23.125
2026-05-24 20:19:37.676,23.125
2026-05-24 20:19:43.579,23.125
2026-05-24 20:19:49.486,23.125
2026-05-24 20:19:55.392,23.125
2026-05-24 20:20:01.296,23.125
2026-05-24 20:20:07.202,23.125
2026-05-24 20:20:13.108,23.0625
2026-05-24 20:20:19.014,23.125
2026-05-24 20:20:24.918,23.125
2026-05-24 20:20:30.824,23.125
2026-05-24 20:20:36.727,23.125
2026-05-24 20:20:42.632,23.125
2026-05-24 20:20:48.536,23.125
2026-05-24 20:20:54.439,23.125
2026-05-24 20:21:00.343,23.125
2026-05-24 20:21:06.247,23.0625
2026-05-24 20:21:12.151,23.0625
2026-05-24 20:21:18.057,23.0625
2026-05-24 20:21:23.961,23.125
2026-05-24 20:21:29.865,23.0625
2026-05-24 20:21:35.771,23.0625
2026-05-24 20:21:41.675,23.0625
2026-05-24 20:21:47.579,23.125
2026-05-24 20:21:53.482,23.0625
2026-05-24 20:21:59.388,23.125
2026-05-24 20:22:05.294,23.125
2026-05-24 20:22:11.201,23.125
2026-05-24 20:22:17.105,23.125
2026-05-24 20:22:23.008,23.125
2026-05-24 20:22:28.912,23.125
2026-05-24 20:22:34.816,23.0625
2026-05-24 20:22:40.720,23.125
2026-05-24 20:22:46.626,23.0625
2026-05-24 20:22:52.530,23.125
2026-05-24 20:22:58.433,23.125
2026-05-24 20:23:04.337,23.125
2026-05-24 20:23:10.246,23.125
2026-05-24 20:23:16.152,23.125
2026-05-24 20:23:22.057,23.125
2026-05-24 20:23:27.961,23.125
2026-05-24 20:23:33.866,23.125
2026-05-24 20:23:39.769,23.125
2026-05-24 20:23:45.673,23.125
2026-05-24 20:23:51.577,23.125
2026-05-24 20:23:57.481,23.125
2026-05-24 20:24:03.387,23.125
2026-05-24 20:24:09.291,23.125
2026-05-24 20:24:15.197,23.125
2026-05-24 20:24:21.102,23.125
2026-05-24 20:24:27.008,23.125
2026-05-24 20:24:32.913,23.125
2026-05-24 20:24:38.816,23.125
2026-05-24 20:24:44.720,23.125
2026-05-24 20:24:50.624,23.125
2026-05-24 20:24:56.528,23.125
2026-05-24 20:25:02.432,23.125
2026-05-24 20:25:08.336,23.125
2026-05-24 20:25:14.239,23.125
2026-05-24 20:25:20.143,23.125
2026-05-24 20:25:26.047,23.125
2026-05-24 20:25:31.951,23.125
2026-05-24 20:25:37.855,23.0625
2026-05-24 20:25:43.761,23.125
2026-05-24 20:25:49.665,23.125
2026-05-24 20:25:55.568,23.0625
2026-05-24 20:26:01.473,23.0625
2026-05-24 20:26:07.377,23.0625
2026-05-24 20:26:13.280,23.125
2026-05-24 20:26:19.184,23.125
2026-05-24 20:26:25.089,23.125
2026-05-24 20:26:30.993,23.0625
2026-05-24 20:26:36.896,23.0625
2026-05-24 20:26:42.800,23.125
2026-05-24 20:26:48.703,23.125
2026-05-24 20:26:54.608,23.0625
2026-05-24 20:27:00.514,23.125
2026-05-24 20:27:06.420,23.125
2026-05-24 20:27:12.323,23.125
2026-05-24 20:27:18.227,23.0625
2026-05-24 20:27:24.134,23.0625
2026-05-24 20:27:30.040,23.0625
2026-05-24 20:27:35.946,23.125
2026-05-24 20:27:41.849,23.125
2026-05-24 20:27:47.753,23.0625
2026-05-24 20:27:53.658,23.125
2026-05-24 20:27:59.561,23.125
2026-05-24 20:28:05.465,23.125
2026-05-24 20:28:11.368,23.125
2026-05-24 20:28:17.275,23.0625
2026-05-24 20:28:23.181,23.125
2026-05-24 20:28:29.087,23.125
2026-05-24 20:28:34.991,23.125
2026-05-24 20:28:40.896,23.125
2026-05-24 20:28:46.800,23.0625
2026-05-24 20:28:52.704,23.0625
2026-05-24 20:28:58.608,23.0625
2026-05-24 20:29:04.514,23.125
2026-05-24 20:29:10.418,23.125
2026-05-24 20:29:16.322,23.125
2026-05-24 20:29:22.226,23.125
2026-05-24 20:29:28.130,23.0625
2026-05-24 20:29:34.033,23.125
2026-05-24 20:29:39.937,23.0625
2026-05-24 20:29:45.842,23.0625
2026-05-24 20:29:51.745,23.0625
2026-05-24 20:29:57.651,23.125
2026-05-24 20:30:03.557,23.125
2026-05-24 20:30:09.463,23.0625
2026-05-24 20:30:15.370,23.125
2026-05-24 20:30:21.275,23.125
2026-05-24 20:30:27.181,23.125
2026-05-24 20:30:33.085,23.0625
2026-05-24 20:30:38.988,23.125
2026-05-24 20:30:44.895,23.125
2026-05-24 20:30:50.801,23.0625
2026-05-24 20:30:56.706,23.0625
2026-05-24 20:31:02.612,23.125
2026-05-24 20:31:08.518,23.125
2026-05-24 20:31:14.425,23.125
2026-05-24 20:31:20.329,23.125
2026-05-24 20:31:26.232,23.125
2026-05-24 20:31:32.138,23.125
2026-05-24 20:31:38.043,23.125
2026-05-24 20:31:43.948,23.0625
2026-05-24 20:31:49.854,23.0625
2026-05-24 20:31:55.760,23.0625
2026-05-24 20:32:01.663,23.125
2026-05-24 20:32:07.568,23.125
2026-05-24 20:32:13.472,23.0625
2026-05-24 20:32:19.375,23.125
2026-05-24 20:32:25.279,23.125
2026-05-24 20:32:31.184,23.125
2026-05-24 20:32:37.091,23.125
2026-05-24 20:32:42.995,23.125
2026-05-24 20:32:48.898,23.125
2026-05-24 20:32:54.804,23.125
2026-05-24 20:33:00.710,23.0625
2026-05-24 20:33:06.617,23.0625
2026-05-24 20:33:12.523,23.125
2026-05-24 20:33:18.429,23.125
2026-05-24 20:33:24.332,23.125
2026-05-24 20:33:30.238,23.125
2026-05-24 20:33:36.143,23.125
2026-05-24 20:33:42.046,23.125
2026-05-24 20:33:47.952,23.0625
2026-05-24 20:33:53.860,23.125
2026-05-24 20:33:59.766,23.125
2026-05-24 20:34:05.672,23.125
2026-05-24 20:34:11.576,23.125
2026-05-24 20:34:17.480,23.0625
2026-05-24 20:34:23.383,23.125
2026-05-24 20:34:29.289,23.125
2026-05-24 20:34:35.194,23.125
2026-05-24 20:34:41.101,23.125
2026-05-24 20:34:47.005,23.125
2026-05-24 20:34:52.909,23.125
2026-05-24 20:34:58.812,23.125
2026-05-24 20:35:04.717,23.125
2026-05-24 20:35:10.623,23.125
2026-05-24 20:35:16.529,23.125
2026-05-24 20:35:22.434,23.125
2026-05-24 20:35:28.339,23.125
2026-05-24 20:35:34.242,23.125
2026-05-24 20:35:40.146,23.125
2026-05-24 20:35:46.050,23.125
2026-05-24 20:35:51.954,23.125
2026-05-24 20:35:57.858,23.125
2026-05-24 20:36:03.762,23.125
2026-05-24 20:36:09.668,23.0625
2026-05-24 20:36:15.574,23.125
2026-05-24 20:36:21.479,23.125
2026-05-24 20:36:27.386,23.125
2026-05-24 20:36:33.290,23.0625
2026-05-24 20:36:39.193,23.125
2026-05-24 20:36:45.097,23.0625
2026-05-24 20:36:51.001,23.0625
2026-05-24 20:36:56.905,23.125
2026-05-24 20:37:02.809,23.125
2026-05-24 20:37:08.713,23.125
2026-05-24 20:37:14.616,23.125
2026-05-24 20:37:20.520,23.125
2026-05-24 20:37:26.425,23.0625
2026-05-24 20:37:32.328,23.125
2026-05-24 20:37:38.234,23.125
2026-05-24 20:37:44.138,23.125
2026-05-24 20:37:50.044,23.125
2026-05-24 20:37:55.949,23.125
2026-05-24 20:38:01.852,23.125
2026-05-24 20:38:07.756,23.125
2026-05-24 20:38:13.660,23.0625
2026-05-24 20:38:19.566,23.125
2026-05-24 20:38:25.470,23.0625
2026-05-24 20:38:31.376,23.125
2026-05-24 20:38:37.279,23.0625
2026-05-24 20:38:43.183,23.0625
2026-05-24 20:38:49.088,23.0625
2026-05-24 20:38:54.994,23.125
2026-05-24 20:39:00.900,23.125
2026-05-24 20:39:06.803,23.125
2026-05-24 20:39:12.707,23.0625
2026-05-24 20:39:18.611,23.125
2026-05-24 20:39:24.515,23.125
2026-05-24 20:39:30.419,23.125
2026-05-24 20:39:36.323,23.0625
2026-05-24 20:39:42.227,23.0625
2026-05-24 20:39:48.131,23.125
2026-05-24 20:39:54.035,23.125
2026-05-24 20:39:59.940,23.125
2026-05-24 20:40:05.846,23.0625
2026-05-24 20:40:11.752,23.125
2026-05-24 20:40:17.659,23.125
2026-05-24 20:40:23.565,23.0625
2026-05-24 20:40:29.471,23.0625
2026-05-24 20:40:35.377,23.125
2026-05-24 20:40:41.280,23.125
2026-05-24 20:40:47.185,23.125
2026-05-24 20:40:53.088,23.125
2026-05-24 20:40:58.994,23.125
2026-05-24 20:41:04.900,23.125
2026-05-24 20:41:10.807,23.125
2026-05-24 20:41:16.713,23.0625
2026-05-24 20:41:22.619,23.125
2026-05-24 20:41:28.522,23.125
2026-05-24 20:41:34.426,23.0625
2026-05-24 20:41:40.331,23.125
2026-05-24 20:41:46.234,23.0625
2026-05-24 20:41:52.140,23.125
2026-05-24 20:41:58.046,23.125
2026-05-24 20:42:03.952,23.0625
2026-05-24 20:42:09.859,23.125
2026-05-24 20:42:15.765,23.125
2026-05-24 20:42:21.668,23.0625
2026-05-24 20:42:27.572,23.0625
2026-05-24 20:42:33.476,23.125
2026-05-24 20:42:39.381,23.125
2026-05-24 20:42:45.287,23.0625
2026-05-24 20:42:51.193,23.125
2026-05-24 20:42:57.098,23.125
2026-05-24 20:43:03.002,23.125
2026-05-24 20:43:08.906,23.0625
2026-05-24 20:43:14.810,23.125
2026-05-24 20:43:20.714,23.0625
2026-05-24 20:43:26.617,23.0625
2026-05-24 20:43:32.521,23.125
2026-05-24 20:43:38.426,23.0625
2026-05-24 20:43:44.332,23.125
2026-05-24 20:43:50.238,23.125
2026-05-24 20:43:56.141,23.125
2026-05-24 20:44:02.046,23.125
2026-05-24 20:44:07.952,23.125
2026-05-24 20:44:13.855,23.125
2026-05-24 20:44:19.761,23.0625
2026-05-24 20:44:25.667,23.125
2026-05-24 20:44:31.574,23.125
2026-05-24 20:44:37.477,23.125
2026-05-24 20:44:43.381,23.125
2026-05-24 20:44:49.285,23.125
2026-05-24 20:44:55.188,23.125
2026-05-24 20:45:01.093,23.125
2026-05-24 20:45:06.997,23.125
2026-05-24 20:45:12.903,23.125
2026-05-24 20:45:18.808,23.125
2026-05-24 20:45:24.712,23.125
2026-05-24 20:45:30.617,23.0625
2026-05-24 20:45:36.523,23.125
2026-05-24 20:45:42.426,23.125
2026-05-24 20:45:48.330,23.125
2026-05-24 20:45:54.233,23.0625
2026-05-24 20:46:00.138,23.125
2026-05-24 20:46:06.042,23.125
2026-05-24 20:46:11.945,23.125
2026-05-24 20:46:17.849,23.125
2026-05-24 20:46:23.752,23.125
2026-05-24 20:46:29.660,23.125
2026-05-24 20:46:35.566,23.125
2026-05-24 20:46:41.469,23.125
2026-05-24 20:46:47.373,23.125
2026-05-24 20:46:53.277,23.125
2026-05-24 20:46:59.181,23.125
2026-05-24 20:47:05.087,23.125
2026-05-24 20:47:10.990,23.125
2026-05-24 20:47:16.896,23.125
2026-05-24 20:47:22.805,23.125
2026-05-24 20:47:28.708,23.125
2026-05-24 20:47:34.612,23.125
2026-05-24 20:47:40.516,23.125
2026-05-24 20:47:46.419,23.125
2026-05-24 20:47:52.324,23.125
2026-05-24 20:47:58.228,23.125
2026-05-24 20:48:04.131,23.125
2026-05-24 20:48:10.035,23.125
2026-05-24 20:48:15.939,23.125
2026-05-24 20:48:21.843,23.125
2026-05-24 20:48:27.747,23.125
2026-05-24 20:48:33.650,23.125
2026-05-24 20:48:39.554,23.125
2026-05-24 20:48:45.458,23.125
2026-05-24 20:48:51.365,23.125
2026-05-24 20:48:57.270,23.125
2026-05-24 20:49:03.176,23.125
2026-05-24 20:49:09.081,23.125
2026-05-24 20:49:14.985,23.125
2026-05-24 20:49:20.892,23.125
2026-05-24 20:49:26.798,23.125
2026-05-24 20:49:32.701,23.125
2026-05-24 20:49:38.605,23.125
2026-05-24 20:49:44.509,23.125
2026-05-24 20:49:50.413,23.125
2026-05-24 20:49:56.317,23.125
2026-05-24 20:50:02.223,23.125
2026-05-24 20:50:08.126,23.0625
2026-05-24 20:50:14.033,23.125
2026-05-24 20:50:19.937,23.0625
2026-05-24 20:50:25.840,23.125
2026-05-24 20:50:31.746,23.125
2026-05-24 20:50:37.652,23.125
2026-05-24 20:50:43.556,23.0625
2026-05-24 20:50:49.460,23.0625
2026-05-24 20:50:55.366,23.125
2026-05-24 20:51:01.272,23.125
2026-05-24 20:51:07.175,23.125
2026-05-24 20:51:13.080,23.125
2026-05-24 20:51:18.983,23.125
2026-05-24 20:51:24.887,23.125
2026-05-24 20:51:30.793,23.0625
2026-05-24 20:51:36.698,23.125
2026-05-24 20:51:42.605,23.125
2026-05-24 20:51:48.509,23.0625
2026-05-24 20:51:54.412,23.0625
2026-05-24 20:52:00.319,23.0625
2026-05-24 20:52:06.224,23.0625
2026-05-24 20:52:12.128,23.125
2026-05-24 20:52:18.034,23.0625
2026-05-24 20:52:23.942,23.0625
2026-05-24 20:52:29.847,23.125
2026-05-24 20:52:35.753,23.0625
2026-05-24 20:52:41.660,23.125
2026-05-24 20:52:47.566,23.125
2026-05-24 20:52:53.471,23.125
2026-05-24 20:52:59.375,23.0625
2026-05-24 20:53:05.280,23.125
2026-05-24 20:53:11.183,23.0625
2026-05-24 20:53:17.087,23.125
2026-05-24 20:53:22.990,23.125
2026-05-24 20:53:28.896,23.125
2026-05-24 20:53:34.803,23.125
2026-05-24 20:53:40.709,23.125
2026-05-24 20:53:46.613,23.125
2026-05-24 20:53:52.516,23.125
2026-05-24 20:53:58.420,23.125
2026-05-24 20:54:04.327,23.125
2026-05-24 20:54:10.233,23.0625
2026-05-24 20:54:16.138,23.125
2026-05-24 20:54:22.044,23.125
2026-05-24 20:54:27.950,23.125
2026-05-24 20:54:33.857,23.125
2026-05-24 20:54:39.760,23.125
2026-05-24 20:54:45.666,23.0625
2026-05-24 20:54:51.570,23.125
2026-05-24 20:54:57.473,23.125
2026-05-24 20:55:03.378,23.0625
2026-05-24 20:55:09.284,23.125
2026-05-24 20:55:15.190,23.125
2026-05-24 20:55:21.096,23.125
2026-05-24 20:55:27.001,23.0625
2026-05-24 20:55:32.906,23.125
2026-05-24 20:55:38.812,23.0625
2026-05-24 20:55:44.718,23.125
2026-05-24 20:55:50.624,23.125
2026-05-24 20:55:56.528,23.125
2026-05-24 20:56:02.434,23.125
2026-05-24 20:56:08.337,23.125
2026-05-24 20:56:14.241,23.0625
2026-05-24 20:56:20.147,23.125
2026-05-24 20:56:26.051,23.125
2026-05-24 20:56:31.955,23.125
2026-05-24 20:56:37.861,23.125
2026-05-24 20:56:43.767,23.125
2026-05-24 20:56:49.672,23.125
2026-05-24 20:56:55.579,23.125
2026-05-24 20:57:01.485,23.125
2026-05-24 20:57:07.389,23.125
2026-05-24 20:57:13.292,23.125
2026-05-24 20:57:19.198,23.125
2026-05-24 20:57:25.105,23.125
2026-05-24 20:57:31.011,23.125
2026-05-24 20:57:36.917,23.125
2026-05-24 20:57:42.820,23.125
2026-05-24 20:57:48.724,23.125
2026-05-24 20:57:54.628,23.0625
2026-05-24 20:58:00.532,23.125
2026-05-24 20:58:06.438,23.125
2026-05-24 20:58:12.344,23.0625
2026-05-24 20:58:18.247,23.0625
2026-05-24 20:58:24.152,23.0625
2026-05-24 20:58:30.056,23.125
2026-05-24 20:58:35.959,23.125
2026-05-24 20:58:41.863,23.125
2026-05-24 20:58:47.767,23.125
2026-05-24 20:58:53.671,23.125
2026-05-24 20:58:59.575,23.125
2026-05-24 20:59:05.481,23.125
2026-05-24 20:59:11.387,23.125
2026-05-24 20:59:17.293,23.125
2026-05-24 20:59:23.199,23.125
2026-05-24 20:59:29.103,23.125
2026-05-24 20:59:35.007,23.125
2026-05-24 20:59:40.910,23.125
2026-05-24 20:59:46.815,23.125
2026-05-24 20:59:52.721,23.125
2026-05-24 20:59:58.627,23.125
2026-05-24 21:00:04.532,23.125
2026-05-24 21:00:10.438,23.125
2026-05-24 21:00:16.343,23.125
2026-05-24 21:00:22.247,23.125
2026-05-24 21:00:28.150,23.125
2026-05-24 21:00:34.056,23.125
2026-05-24 21:00:39.962,23.125
2026-05-24 21:00:45.869,23.125
2026-05-24 21:00:51.773,23.125
2026-05-24 21:00:57.676,23.125
2026-05-24 21:01:03.580,23.125
2026-05-24 21:01:09.483,23.125
2026-05-24 21:01:15.391,23.125
2026-05-24 21:01:21.294,23.0625
2026-05-24 21:01:27.200,23.125
2026-05-24 21:01:33.104,23.125
2026-05-24 21:01:39.008,23.125
2026-05-24 21:01:44.913,23.125
2026-05-24 21:01:50.819,23.125
2026-05-24 21:01:56.722,23.0625
2026-05-24 21:02:02.626,23.125
2026-05-24 21:02:08.531,23.125
2026-05-24 21:02:14.437,23.125
2026-05-24 21:02:20.343,23.125
2026-05-24 21:02:26.248,23.125
2026-05-24 21:02:32.156,23.125
2026-05-24 21:02:38.061,23.125
2026-05-24 21:02:43.964,23.125
2026-05-24 21:02:49.870,23.0625
2026-05-24 21:02:55.774,23.125
2026-05-24 21:03:01.677,23.125
2026-05-24 21:03:07.582,23.0625
2026-05-24 21:03:13.486,23.0625
2026-05-24 21:03:19.389,23.125
2026-05-24 21:03:25.293,23.125
2026-05-24 21:03:31.197,23.125
2026-05-24 21:03:37.101,23.125
2026-05-24 21:03:43.005,23.0625
2026-05-24 21:03:48.911,23.125
2026-05-24 21:03:54.815,23.125
2026-05-24 21:04:00.721,23.0625
2026-05-24 21:04:06.625,23.0625
2026-05-24 21:04:12.529,23.0625
2026-05-24 21:04:18.434,23.125
2026-05-24 21:04:24.338,23.0625
2026-05-24 21:04:30.244,23.0625
2026-05-24 21:04:36.151,23.125
2026-05-24 21:04:42.056,23.0625
2026-05-24 21:04:47.960,23.0625
2026-05-24 21:04:53.866,23.0625
2026-05-24 21:04:59.770,23.125
2026-05-24 21:05:05.677,23.0625
2026-05-24 21:05:11.582,23.125
2026-05-24 21:05:17.486,23.125
2026-05-24 21:05:23.390,23.125
2026-05-24 21:05:29.294,23.125
2026-05-24 21:05:35.198,23.125
2026-05-24 21:05:41.102,23.0625
2026-05-24 21:05:47.005,23.125
2026-05-24 21:05:52.909,23.125
2026-05-24 21:05:58.815,23.0625
2026-05-24 21:06:04.721,23.0625
2026-05-24 21:06:10.629,23.125
2026-05-24 21:06:16.533,23.0625
2026-05-24 21:06:22.439,23.0625
2026-05-24 21:06:28.343,23.0625
2026-05-24 21:06:34.247,23.125
2026-05-24 21:06:40.153,23.125
2026-05-24 21:06:46.059,23.0625
2026-05-24 21:06:51.965,23.125
2026-05-24 21:06:57.869,23.125
2026-05-24 21:07:03.775,23.125
2026-05-24 21:07:09.679,23.0625
2026-05-24 21:07:15.582,23.125
2026-05-24 21:07:21.486,23.0625
2026-05-24 21:07:27.393,23.0625
2026-05-24 21:07:33.299,23.125
2026-05-24 21:07:39.205,23.125
2026-05-24 21:07:45.111,23.0625
2026-05-24 21:07:51.015,23.125
2026-05-24 21:07:56.921,23.125
2026-05-24 21:08:02.827,23.0625
2026-05-24 21:08:08.730,23.125
2026-05-24 21:08:14.634,23.125
2026-05-24 21:08:20.541,23.125
2026-05-24 21:08:26.446,23.0625
2026-05-24 21:08:32.352,23.125
2026-05-24 21:08:38.256,23.125
2026-05-24 21:08:44.160,23.125
2026-05-24 21:08:50.064,23.125
2026-05-24 21:08:55.968,23.0625
2026-05-24 21:09:01.874,23.125
2026-05-24 21:09:07.779,23.0625
2026-05-24 21:09:13.685,23.0625
2026-05-24 21:09:19.592,23.125
2026-05-24 21:09:25.498,23.125
2026-05-24 21:09:31.404,23.125
2026-05-24 21:09:37.308,23.0625
2026-05-24 21:09:43.211,23.0625
2026-05-24 21:09:49.116,23.125
2026-05-24 21:09:55.020,23.125
2026-05-24 21:10:00.925,23.0625
2026-05-24 21:10:06.831,23.125
2026-05-24 21:10:12.737,23.0625
2026-05-24 21:10:18.642,23.125
2026-05-24 21:10:24.548,23.125
2026-05-24 21:10:30.451,23.125
2026-05-24 21:10:36.355,23.125
2026-05-24 21:10:42.259,23.0625
2026-05-24 21:10:48.163,23.125
2026-05-24 21:10:54.067,23.125
2026-05-24 21:10:59.970,23.0625
2026-05-24 21:11:05.874,23.125
2026-05-24 21:11:11.779,23.125
2026-05-24 21:11:17.685,23.125
2026-05-24 21:11:23.591,23.125
2026-05-24 21:11:29.496,23.125
2026-05-24 21:11:35.402,23.125
2026-05-24 21:11:41.309,23.125
2026-05-24 21:11:47.213,23.125
2026-05-24 21:11:53.117,23.125
2026-05-24 21:11:59.020,23.125
2026-05-24 21:12:04.924,23.125
2026-05-24 21:12:10.829,23.125
2026-05-24 21:12:16.735,23.125
2026-05-24 21:12:22.640,23.125
2026-05-24 21:12:28.544,23.125
2026-05-24 21:12:34.450,23.125
2026-05-24 21:12:40.357,23.125
2026-05-24 21:12:46.260,23.125
2026-05-24 21:12:52.164,23.125
2026-05-24 21:12:58.068,23.125
2026-05-24 21:13:03.971,23.125
2026-05-24 21:13:09.876,23.125
2026-05-24 21:13:15.780,23.125
2026-05-24 21:13:21.686,23.125
2026-05-24 21:13:27.591,23.0625
2026-05-24 21:13:33.496,23.125
2026-05-24 21:13:39.400,23.125
2026-05-24 21:13:45.304,23.125
2026-05-24 21:13:51.207,23.125
2026-05-24 21:13:57.113,23.125
2026-05-24 21:14:03.020,23.125
2026-05-24 21:14:08.926,23.125
2026-05-24 21:14:14.831,23.125
2026-05-24 21:14:20.735,23.0625
2026-05-24 21:14:26.641,23.0625
2026-05-24 21:14:32.548,23.125
2026-05-24 21:14:38.454,23.0625
2026-05-24 21:14:44.359,23.0625
2026-05-24 21:14:50.263,23.125
2026-05-24 21:14:56.169,23.0625
2026-05-24 21:15:02.076,23.125
2026-05-24 21:15:07.979,23.125
2026-05-24 21:15:13.883,23.125
2026-05-24 21:15:19.787,23.0625
2026-05-24 21:15:25.690,23.0625
2026-05-24 21:15:31.595,23.0625
2026-05-24 21:15:37.499,23.125
2026-05-24 21:15:43.404,23.125
2026-05-24 21:15:49.308,23.125
2026-05-24 21:15:55.212,23.0625
2026-05-24 21:16:01.117,23.0625
2026-05-24 21:16:07.020,23.0625
2026-05-24 21:16:12.926,23.0625
2026-05-24 21:16:18.829,23.0625
2026-05-24 21:16:24.736,23.125
2026-05-24 21:16:30.642,23.0625
2026-05-24 21:16:36.548,23.125
2026-05-24 21:16:42.451,23.125
2026-05-24 21:16:48.355,23.0625
2026-05-24 21:16:54.260,23.125
2026-05-24 21:17:00.163,23.0625
2026-05-24 21:17:06.067,23.0625
2026-05-24 21:17:11.970,23.125
2026-05-24 21:17:17.876,23.0625
2026-05-24 21:17:23.783,23.0625
2026-05-24 21:17:29.689,23.0625
2026-05-24 21:17:35.593,23.0625
2026-05-24 21:17:41.497,23.125
2026-05-24 21:17:47.400,23.0625
2026-05-24 21:17:53.305,23.0625
2026-05-24 21:17:59.211,23.0625
2026-05-24 21:18:05.114,23.0625
2026-05-24 21:18:11.020,23.125
2026-05-24 21:18:16.926,23.125
2026-05-24 21:18:22.831,23.0625
2026-05-24 21:18:28.737,23.0625
2026-05-24 21:18:34.640,23.125
2026-05-24 21:18:40.544,23.0625
2026-05-24 21:18:46.448,23.0625
2026-05-24 21:18:52.352,23.0625
2026-05-24 21:18:58.256,23.0625
2026-05-24 21:19:04.160,23.125
2026-05-24 21:19:10.063,23.125
2026-05-24 21:19:15.967,23.0625
2026-05-24 21:19:21.872,23.125
2026-05-24 21:19:27.777,23.0625
2026-05-24 21:19:33.681,23.0625
2026-05-24 21:19:39.587,23.125
2026-05-24 21:19:45.494,23.0625
2026-05-24 21:19:51.402,23.0625
2026-05-24 21:19:57.307,23.125
2026-05-24 21:20:03.211,23.125
2026-05-24 21:20:09.114,23.0625
2026-05-24 21:20:15.021,23.0625
2026-05-24 21:20:20.927,23.0625
2026-05-24 21:20:26.831,23.0625
2026-05-24 21:20:32.736,23.0625
2026-05-24 21:20:38.642,23.0625
2026-05-24 21:20:44.547,23.0625
2026-05-24 21:20:50.451,23.0625
2026-05-24 21:20:56.354,23.125
2026-05-24 21:21:02.258,23.0625
2026-05-24 21:21:08.161,23.0625
2026-05-24 21:21:14.066,23.0625
2026-05-24 21:21:19.970,23.0625
2026-05-24 21:21:25.874,23.0625
2026-05-24 21:21:31.780,23.125
2026-05-24 21:21:37.683,23.125
2026-05-24 21:21:43.590,23.125
2026-05-24 21:21:49.496,23.0625
2026-05-24 21:21:55.402,23.0625
2026-05-24 21:22:01.305,23.125
2026-05-24 21:22:07.209,23.125
2026-05-24 21:22:13.114,23.0625
2026-05-24 21:22:19.017,23.0625
2026-05-24 21:22:24.921,23.125
2026-05-24 21:22:30.825,23.125
2026-05-24 21:22:36.729,23.125
2026-05-24 21:22:42.635,23.125
2026-05-24 21:22:48.541,23.0625
2026-05-24 21:22:54.447,23.0625
2026-05-24 21:23:00.353,23.125
2026-05-24 21:23:06.260,23.125
2026-05-24 21:23:12.163,23.125
2026-05-24 21:23:18.067,23.125
2026-05-24 21:23:23.971,23.125
2026-05-24 21:23:29.876,23.0625
2026-05-24 21:23:35.783,23.125
2026-05-24 21:23:41.689,23.0625
2026-05-24 21:23:47.592,23.125
2026-05-24 21:23:53.496,23.125
2026-05-24 21:23:59.400,23.0625
2026-05-24 21:24:05.305,23.125
2026-05-24 21:24:11.211,23.125
2026-05-24 21:24:17.116,23.125
2026-05-24 21:24:23.022,23.0625
2026-05-24 21:24:28.928,23.0625
2026-05-24 21:24:34.835,23.0625
2026-05-24 21:24:40.739,23.0625
2026-05-24 21:24:46.643,23.0625
2026-05-24 21:24:52.547,23.0625
2026-05-24 21:24:58.450,23.0625
2026-05-24 21:25:04.355,23.125
2026-05-24 21:25:10.259,23.0625
2026-05-24 21:25:16.162,23.0625
2026-05-24 21:25:22.068,23.125
2026-05-24 21:25:27.972,23.0625
2026-05-24 21:25:33.876,23.125
2026-05-24 21:25:39.782,23.125
2026-05-24 21:25:45.688,23.125
2026-05-24 21:25:51.594,23.0625
2026-05-24 21:25:57.501,23.0625
2026-05-24 21:26:03.404,23.125
2026-05-24 21:26:09.308,23.0625
2026-05-24 21:26:15.211,23.0625
2026-05-24 21:26:21.117,23.125
2026-05-24 21:26:27.024,23.0625
2026-05-24 21:26:32.930,23.125
2026-05-24 21:26:38.836,23.125
2026-05-24 21:26:44.739,23.125
2026-05-24 21:26:50.643,23.125
2026-05-24 21:26:56.548,23.0625
2026-05-24 21:27:02.454,23.0625
2026-05-24 21:27:08.359,23.0625
2026-05-24 21:27:14.263,23.0625
2026-05-24 21:27:20.167,23.0625
2026-05-24 21:27:26.071,23.0625
2026-05-24 21:27:31.975,23.125
2026-05-24 21:27:37.879,23.0625
2026-05-24 21:27:43.782,23.0625
2026-05-24 21:27:49.688,23.0625
2026-05-24 21:27:55.595,23.0625
2026-05-24 21:28:01.501,23.0
2026-05-24 21:28:07.406,23.0625
2026-05-24 21:28:13.312,23.0625
2026-05-24 21:28:19.217,23.0625
2026-05-24 21:28:25.121,23.0625
2026-05-24 21:28:31.024,23.0625
2026-05-24 21:28:36.928,23.0625
2026-05-24 21:28:42.832,23.0625
2026-05-24 21:28:48.736,23.0625
2026-05-24 21:28:54.640,23.0625
2026-05-24 21:29:00.544,23.0625
2026-05-24 21:29:06.450,23.0625
2026-05-24 21:29:12.356,23.0625
2026-05-24 21:29:18.260,23.0625
2026-05-24 21:29:24.164,23.0625
2026-05-24 21:29:30.070,23.0625
2026-05-24 21:29:35.975,23.0625
2026-05-24 21:29:41.881,23.0625
2026-05-24 21:29:47.785,23.0625
2026-05-24 21:29:53.691,23.0625
2026-05-24 21:29:59.597,23.0625
2026-05-24 21:30:05.501,23.0625
2026-05-24 21:30:11.404,23.0625
2026-05-24 21:30:17.309,23.0625
2026-05-24 21:30:23.212,23.0625
2026-05-24 21:30:29.116,23.0625
2026-05-24 21:30:35.020,23.0625
2026-05-24 21:30:40.925,23.125
2026-05-24 21:30:46.830,23.125
2026-05-24 21:30:52.736,23.0625
2026-05-24 21:30:58.639,23.0625
2026-05-24 21:31:04.545,23.0625
2026-05-24 21:31:10.451,23.0625
2026-05-24 21:31:16.357,23.0
2026-05-24 21:31:22.263,23.0625
2026-05-24 21:31:28.167,23.0625
2026-05-24 21:31:34.072,23.0625
2026-05-24 21:31:39.977,23.0625
2026-05-24 21:31:45.881,23.0625
2026-05-24 21:31:51.784,23.0625
2026-05-24 21:31:57.690,23.0625
2026-05-24 21:32:03.596,23.0625
2026-05-24 21:32:09.501,23.0625
2026-05-24 21:32:15.404,23.125
2026-05-24 21:32:21.308,23.0625
2026-05-24 21:32:27.212,23.0625
2026-05-24 21:32:33.117,23.0625
2026-05-24 21:32:39.024,23.0625
2026-05-24 21:32:44.932,23.0625
2026-05-24 21:32:50.838,23.0625
2026-05-24 21:32:56.743,23.0625
2026-05-24 21:33:02.647,23.0625
2026-05-24 21:33:08.551,23.0625
2026-05-24 21:33:14.455,23.0625
2026-05-24 21:33:20.359,23.0625
2026-05-24 21:33:26.262,23.0625
2026-05-24 21:33:32.166,23.0625
2026-05-24 21:33:38.072,23.125
2026-05-24 21:33:43.978,23.0625
2026-05-24 21:33:49.884,23.0625
2026-05-24 21:33:55.790,23.0625
2026-05-24 21:34:01.696,23.125
2026-05-24 21:34:07.603,23.125
2026-05-24 21:34:13.506,23.0625
2026-05-24 21:34:19.411,23.0625
2026-05-24 21:34:25.317,23.0625
2026-05-24 21:34:31.222,23.125
2026-05-24 21:34:37.126,23.0625
2026-05-24 21:34:43.032,23.0625
2026-05-24 21:34:48.937,23.125
2026-05-24 21:34:54.843,23.0625
2026-05-24 21:35:00.748,23.0625
2026-05-24 21:35:06.651,23.125
2026-05-24 21:35:12.555,23.0625
2026-05-24 21:35:18.459,23.125
2026-05-24 21:35:24.364,23.0625
2026-05-24 21:35:30.271,23.0625
2026-05-24 21:35:36.177,23.0625
2026-05-24 21:35:42.083,23.125
2026-05-24 21:35:47.989,23.0625
2026-05-24 21:35:53.892,23.0625
2026-05-24 21:35:59.797,23.0625
2026-05-24 21:36:05.701,23.125
2026-05-24 21:36:11.607,23.125
2026-05-24 21:36:17.512,23.0625
2026-05-24 21:36:23.418,23.125
2026-05-24 21:36:29.323,23.125
2026-05-24 21:36:35.226,23.125
2026-05-24 21:36:41.130,23.0625
2026-05-24 21:36:47.036,23.125
2026-05-24 21:36:52.942,23.0625
2026-05-24 21:36:58.846,23.0625
2026-05-24 21:37:04.750,23.0625
2026-05-24 21:37:10.654,23.0625
2026-05-24 21:37:16.557,23.0625
2026-05-24 21:37:22.462,23.0625
2026-05-24 21:37:28.365,23.0625
2026-05-24 21:37:34.269,23.0625
2026-05-24 21:37:40.173,23.0625
2026-05-24 21:37:46.076,23.0625
2026-05-24 21:37:51.981,23.125
2026-05-24 21:37:57.887,23.125
2026-05-24 21:38:03.793,23.125
2026-05-24 21:38:09.699,23.125
2026-05-24 21:38:15.605,23.125
2026-05-24 21:38:21.512,23.0625
2026-05-24 21:38:27.415,23.125
2026-05-24 21:38:33.319,23.0625
2026-05-24 21:38:39.223,23.0625
2026-05-24 21:38:45.126,23.125
2026-05-24 21:38:51.031,23.125
2026-05-24 21:38:56.935,23.0625
2026-05-24 21:39:02.841,23.0625
2026-05-24 21:39:08.746,23.0625
2026-05-24 21:39:14.650,23.125
2026-05-24 21:39:20.555,23.125
2026-05-24 21:39:26.459,23.125
2026-05-24 21:39:32.362,23.0625
2026-05-24 21:39:38.268,23.0625
2026-05-24 21:39:44.174,23.0625
2026-05-24 21:39:50.078,23.0625
2026-05-24 21:39:55.982,23.125
2026-05-24 21:40:01.886,23.0625
2026-05-24 21:40:07.792,23.0625
2026-05-24 21:40:13.699,23.0
2026-05-24 21:40:19.604,23.125
2026-05-24 21:40:25.510,23.0625
2026-05-24 21:40:31.414,23.0625
2026-05-24 21:40:37.320,23.125
2026-05-24 21:40:43.227,23.125
2026-05-24 21:40:49.130,23.0625
2026-05-24 21:40:55.034,23.0625
2026-05-24 21:41:00.937,23.0625
2026-05-24 21:41:06.841,23.0625
2026-05-24 21:41:12.746,23.0625
2026-05-24 21:41:18.652,23.0625
2026-05-24 21:41:24.557,23.125
2026-05-24 21:41:30.465,23.0625
2026-05-24 21:41:36.369,23.0625
2026-05-24 21:41:42.277,23.0625
2026-05-24 21:41:48.181,23.125
2026-05-24 21:41:54.087,23.0625
2026-05-24 21:41:59.993,23.0625
2026-05-24 21:42:05.899,23.0625
2026-05-24 21:42:11.805,23.0625
2026-05-24 21:42:17.711,23.125
2026-05-24 21:42:23.617,23.0625
2026-05-24 21:42:29.523,23.0625
2026-05-24 21:42:35.426,23.0625
2026-05-24 21:42:41.333,23.0625
2026-05-24 21:42:47.239,23.0625
2026-05-24 21:42:53.145,23.125
2026-05-24 21:42:59.048,23.0625
2026-05-24 21:43:04.957,23.0625
2026-05-24 21:43:10.860,23.0625
2026-05-24 21:43:16.764,23.0625
2026-05-24 21:43:22.668,23.0625
2026-05-24 21:43:28.573,23.0625
2026-05-24 21:43:34.480,23.0625
2026-05-24 21:43:40.386,23.0625
2026-05-24 21:43:46.292,23.0625
2026-05-24 21:43:52.195,23.125
2026-05-24 21:43:58.099,23.0625
2026-05-24 21:44:04.005,23.125
2026-05-24 21:44:09.911,23.0625
2026-05-24 21:44:15.815,23.125
2026-05-24 21:44:21.721,23.125
2026-05-24 21:44:27.626,23.0625
2026-05-24 21:44:33.531,23.0625
2026-05-24 21:44:39.434,23.0625
2026-05-24 21:44:45.340,23.125
2026-05-24 21:44:51.246,23.125
2026-05-24 21:44:57.150,23.125
2026-05-24 21:45:03.055,23.0625
2026-05-24 21:45:08.958,23.0625
2026-05-24 21:45:14.862,23.0625
2026-05-24 21:45:20.765,23.0625
2026-05-24 21:45:26.669,23.0625
2026-05-24 21:45:32.574,23.0625
2026-05-24 21:45:38.480,23.0625
2026-05-24 21:45:44.385,23.0625
2026-05-24 21:45:50.291,23.0625
2026-05-24 21:45:56.198,23.0625
2026-05-24 21:46:02.101,23.0625
2026-05-24 21:46:08.007,23.0625
2026-05-24 21:46:13.913,23.0625
2026-05-24 21:46:19.818,23.0625
2026-05-24 21:46:25.723,23.0625
2026-05-24 21:46:31.627,23.0625
2026-05-24 21:46:37.531,23.0625
2026-05-24 21:46:43.434,23.0625
2026-05-24 21:46:49.338,23.0625
2026-05-24 21:46:55.243,23.0625
2026-05-24 21:47:01.149,23.0625
2026-05-24 21:47:07.055,23.0625
2026-05-24 21:47:12.960,23.0625
2026-05-24 21:47:18.864,23.0625
2026-05-24 21:47:24.769,23.0625
2026-05-24 21:47:30.672,23.0625
2026-05-24 21:47:36.576,23.0625
2026-05-24 21:47:42.480,23.0625
2026-05-24 21:47:48.383,23.0625
2026-05-24 21:47:54.288,23.125
2026-05-24 21:48:00.192,23.0625
2026-05-24 21:48:06.095,23.0625
2026-05-24 21:48:12.001,23.125
2026-05-24 21:48:17.907,23.0625
2026-05-24 21:48:23.814,23.125
2026-05-24 21:48:29.718,23.0625
2026-05-24 21:48:35.621,23.125
2026-05-24 21:48:41.525,23.0625
2026-05-24 21:48:47.429,23.0625
2026-05-24 21:48:53.336,23.0625
2026-05-24 21:48:59.242,23.0625
2026-05-24 21:49:05.147,23.0625
2026-05-24 21:49:11.055,23.125
2026-05-24 21:49:16.960,23.0625
2026-05-24 21:49:22.863,23.0625
2026-05-24 21:49:28.767,23.125
2026-05-24 21:49:34.671,23.0625
2026-05-24 21:49:40.578,23.0625
2026-05-24 21:49:46.485,23.0625
2026-05-24 21:49:52.389,23.0625
2026-05-24 21:49:58.292,23.0625
2026-05-24 21:50:04.196,23.0625
2026-05-24 21:50:10.102,23.0625
2026-05-24 21:50:16.008,23.0625
2026-05-24 21:50:21.912,23.0625
2026-05-24 21:50:27.816,23.0625
2026-05-24 21:50:33.719,23.0625
2026-05-24 21:50:39.625,23.125
2026-05-24 21:50:45.532,23.0625
2026-05-24 21:50:51.438,23.0625
2026-05-24 21:50:57.344,23.0625
2026-05-24 21:51:03.247,23.0625
2026-05-24 21:51:09.151,23.0625
2026-05-24 21:51:15.058,23.0625
2026-05-24 21:51:20.964,23.0625
2026-05-24 21:51:26.867,23.0625
2026-05-24 21:51:32.771,23.125
2026-05-24 21:51:38.677,23.0625
2026-05-24 21:51:44.582,23.0625
2026-05-24 21:51:50.485,23.0625
2026-05-24 21:51:56.389,23.0625
2026-05-24 21:52:02.293,23.0625
2026-05-24 21:52:08.197,23.0625
2026-05-24 21:52:14.101,23.0625
2026-05-24 21:52:20.005,23.0625
2026-05-24 21:52:25.911,23.0625
2026-05-24 21:52:31.817,23.0625
2026-05-24 21:52:37.721,23.0625
2026-05-24 21:52:43.627,23.0625
2026-05-24 21:52:49.533,23.0625
2026-05-24 21:52:55.439,23.0625
2026-05-24 21:53:01.344,23.0625
2026-05-24 21:53:07.249,23.125
2026-05-24 21:53:13.153,23.0
2026-05-24 21:53:19.058,23.0625
2026-05-24 21:53:24.964,23.0625
2026-05-24 21:53:30.870,23.0
2026-05-24 21:53:36.777,23.0625
2026-05-24 21:53:42.680,23.0625
2026-05-24 21:53:48.586,23.0625
2026-05-24 21:53:54.492,23.0625
2026-05-24 21:54:00.397,23.0625
2026-05-24 21:54:06.304,23.0625
2026-05-24 21:54:12.210,23.0625
2026-05-24 21:54:18.116,23.125
2026-05-24 21:54:24.022,23.0625
2026-05-24 21:54:29.926,23.0625
2026-05-24 21:54:35.831,23.0
2026-05-24 21:54:41.734,23.0625
2026-05-24 21:54:47.640,23.0625
2026-05-24 21:54:53.546,23.125
2026-05-24 21:54:59.453,23.0625
2026-05-24 21:55:05.359,23.0625
2026-05-24 21:55:11.265,23.0
2026-05-24 21:55:17.168,23.0625
2026-05-24 21:55:23.072,23.0625
2026-05-24 21:55:28.976,23.0625
2026-05-24 21:55:34.880,23.125
2026-05-24 21:55:40.784,23.0625
2026-05-24 21:55:46.688,23.0625
2026-05-24 21:55:52.591,23.0625
2026-05-24 21:55:58.498,23.0625
2026-05-24 21:56:04.404,23.0625
2026-05-24 21:56:10.310,23.0625
2026-05-24 21:56:16.216,23.0625
2026-05-24 21:56:22.122,23.0625
2026-05-24 21:56:28.029,23.0625
2026-05-24 21:56:33.935,23.0625
2026-05-24 21:56:39.840,23.0625
2026-05-24 21:56:45.746,23.0625
2026-05-24 21:56:51.650,23.0625
2026-05-24 21:56:57.554,23.0625
2026-05-24 21:57:03.460,23.0625
2026-05-24 21:57:09.366,23.0625
2026-05-24 21:57:15.272,23.0625
2026-05-24 21:57:21.178,23.0625
2026-05-24 21:57:27.085,23.0625
2026-05-24 21:57:32.989,23.0625
2026-05-24 21:57:38.895,23.0625
2026-05-24 21:57:44.800,23.0625
2026-05-24 21:57:50.705,23.0625
2026-05-24 21:57:56.608,23.0625
2026-05-24 21:58:02.512,23.0625
2026-05-24 21:58:08.416,23.0625
2026-05-24 21:58:14.322,23.125
2026-05-24 21:58:20.229,23.0625
2026-05-24 21:58:26.135,23.0625
2026-05-24 21:58:32.038,23.0625
2026-05-24 21:58:37.944,23.0625
2026-05-24 21:58:43.850,23.0625
2026-05-24 21:58:49.754,23.0625
2026-05-24 21:58:55.658,23.0625
2026-05-24 21:59:01.564,23.0625
2026-05-24 21:59:07.470,23.0625
2026-05-24 21:59:13.373,23.125
2026-05-24 21:59:19.278,23.0625
2026-05-24 21:59:25.181,23.0625
2026-05-24 21:59:31.085,23.0625
2026-05-24 21:59:36.989,23.125
2026-05-24 21:59:42.893,23.0625
2026-05-24 21:59:48.797,23.0625
2026-05-24 21:59:54.703,23.0625
2026-05-24 22:00:00.609,23.0625
2026-05-24 22:00:06.515,23.0625
2026-05-24 22:00:12.421,23.0625
2026-05-24 22:00:18.328,23.0625
2026-05-24 22:00:24.233,23.0625
2026-05-24 22:00:30.139,23.0625
2026-05-24 22:00:36.045,23.0625
2026-05-24 22:00:41.952,23.0625
2026-05-24 22:00:47.856,23.0625
2026-05-24 22:00:53.759,23.125
2026-05-24 22:00:59.663,23.0625
2026-05-24 22:01:05.566,23.0625
2026-05-24 22:01:11.471,23.0625
2026-05-24 22:01:17.377,23.0625
2026-05-24 22:01:23.283,23.0625
2026-05-24 22:01:29.189,23.0625
2026-05-24 22:01:35.095,23.0625
2026-05-24 22:01:41.002,23.0625
2026-05-24 22:01:46.907,23.0625
2026-05-24 22:01:52.811,23.0625
2026-05-24 22:01:58.715,23.0625
2026-05-24 22:02:04.618,23.0625
2026-05-24 22:02:10.525,23.0625
2026-05-24 22:02:16.431,23.0625
2026-05-24 22:02:22.334,23.0625
2026-05-24 22:02:28.238,23.0625
2026-05-24 22:02:34.142,23.0625
2026-05-24 22:02:40.046,23.0625
2026-05-24 22:02:45.952,23.125
2026-05-24 22:02:51.858,23.0625
2026-05-24 22:02:57.764,23.0625
2026-05-24 22:03:03.670,23.0625
2026-05-24 22:03:09.574,23.0625
2026-05-24 22:03:15.480,23.0625
2026-05-24 22:03:21.386,23.0625
2026-05-24 22:03:27.290,23.0625
2026-05-24 22:03:33.193,23.0625
2026-05-24 22:03:39.098,23.0625
2026-05-24 22:03:45.002,23.0625
2026-05-24 22:03:50.907,23.0625
2026-05-24 22:03:56.813,23.0625
2026-05-24 22:04:02.720,23.0625
2026-05-24 22:04:08.624,23.0625
2026-05-24 22:04:14.527,23.0625
2026-05-24 22:04:20.431,23.0625
2026-05-24 22:04:26.337,23.0625
2026-05-24 22:04:32.244,23.125
2026-05-24 22:04:38.149,23.0625
2026-05-24 22:04:44.053,23.0625
2026-05-24 22:04:49.957,23.0
2026-05-24 22:04:55.862,23.0625
2026-05-24 22:05:01.769,23.0625
2026-05-24 22:05:07.674,23.0625
2026-05-24 22:05:13.578,23.0625
2026-05-24 22:05:19.484,23.0625
2026-05-24 22:05:25.388,23.0
2026-05-24 22:05:31.295,23.0625
2026-05-24 22:05:37.200,23.0
2026-05-24 22:05:43.104,23.0
2026-05-24 22:05:49.010,23.0625
2026-05-24 22:05:54.916,23.0625
2026-05-24 22:06:00.820,23.0625
2026-05-24 22:06:06.724,23.0625
2026-05-24 22:06:12.628,23.0
2026-05-24 22:06:18.531,23.0625
2026-05-24 22:06:24.437,23.0625
2026-05-24 22:06:30.341,23.0625
2026-05-24 22:06:36.245,23.0625
2026-05-24 22:06:42.151,23.0625
2026-05-24 22:06:48.056,23.0625
2026-05-24 22:06:53.961,23.0
2026-05-24 22:06:59.865,23.0625
2026-05-24 22:07:05.768,23.0625
2026-05-24 22:07:11.672,23.0
2026-05-24 22:07:17.576,23.0625
2026-05-24 22:07:23.482,23.0
2026-05-24 22:07:29.388,23.0625
2026-05-24 22:07:35.294,23.0625
2026-05-24 22:07:41.198,23.0625
2026-05-24 22:07:47.104,23.0625
2026-05-24 22:07:53.010,23.0625
2026-05-24 22:07:58.916,23.0625
2026-05-24 22:08:04.819,23.0
2026-05-24 22:08:10.725,23.0625
2026-05-24 22:08:16.631,23.0625
2026-05-24 22:08:22.537,23.0625
2026-05-24 22:08:28.441,23.0625
2026-05-24 22:08:34.347,23.0
2026-05-24 22:08:40.253,23.0
2026-05-24 22:08:46.159,23.0625
2026-05-24 22:08:52.063,23.0
2026-05-24 22:08:57.969,23.0
2026-05-24 22:09:03.875,23.0625
2026-05-24 22:09:09.780,23.0625
2026-05-24 22:09:15.686,23.0
2026-05-24 22:09:21.595,23.0625
2026-05-24 22:09:27.499,23.0625
2026-05-24 22:09:33.404,23.0625
2026-05-24 22:09:39.308,23.0625
2026-05-24 22:09:45.212,23.0625
2026-05-24 22:09:51.118,23.0625
2026-05-24 22:09:57.024,23.0
2026-05-24 22:10:02.930,23.0625
2026-05-24 22:10:08.834,23.0625
2026-05-24 22:10:14.738,23.0625
2026-05-24 22:10:20.642,23.0625
2026-05-24 22:10:26.548,23.0
2026-05-24 22:10:32.454,23.0625
2026-05-24 22:10:38.359,23.0
2026-05-24 22:10:44.266,23.0625
2026-05-24 22:10:50.172,23.0625
2026-05-24 22:10:56.078,23.0625
2026-05-24 22:11:01.984,23.0625
2026-05-24 22:11:07.887,23.0625
2026-05-24 22:11:13.794,23.0625
2026-05-24 22:11:19.698,23.0625
2026-05-24 22:11:25.603,23.0625
2026-05-24 22:11:31.507,23.0625
2026-05-24 22:11:37.413,23.0625
2026-05-24 22:11:43.317,23.0625
2026-05-24 22:11:49.221,23.0625
2026-05-24 22:11:55.125,23.0625
2026-05-24 22:12:01.031,23.0625
2026-05-24 22:12:06.937,23.0625
2026-05-24 22:12:12.841,23.0625
2026-05-24 22:12:18.746,23.0625
2026-05-24 22:12:24.650,23.0625
2026-05-24 22:12:30.556,23.0625
2026-05-24 22:12:36.461,23.0625
2026-05-24 22:12:42.367,23.0625
2026-05-24 22:12:48.270,23.0625
2026-05-24 22:12:54.174,23.0625
2026-05-24 22:13:00.080,23.0625
2026-05-24 22:13:05.984,23.0625
2026-05-24 22:13:11.888,23.0625
2026-05-24 22:13:17.791,23.0625
2026-05-24 22:13:23.697,23.0625
2026-05-24 22:13:29.603,23.0625
2026-05-24 22:13:35.510,23.0625
2026-05-24 22:13:41.415,23.0625
2026-05-24 22:13:47.321,23.0625
2026-05-24 22:13:53.227,23.0625
2026-05-24 22:13:59.133,23.0625
2026-05-24 22:14:05.040,23.0625
2026-05-24 22:14:10.943,23.0625
2026-05-24 22:14:16.849,23.0625
2026-05-24 22:14:22.753,23.0625
2026-05-24 22:14:28.659,23.0625
2026-05-24 22:14:34.563,23.0
2026-05-24 22:14:40.467,23.0625
2026-05-24 22:14:46.371,23.0625
2026-05-24 22:14:52.274,23.0625
2026-05-24 22:14:58.180,23.0
2026-05-24 22:15:04.087,23.0625
2026-05-24 22:15:09.992,23.0625
2026-05-24 22:15:15.896,23.0625
2026-05-24 22:15:21.800,23.125
2026-05-24 22:15:27.704,23.0625
2026-05-24 22:15:33.608,23.0625
2026-05-24 22:15:39.511,23.0625
2026-05-24 22:15:45.415,23.0
2026-05-24 22:15:51.319,23.0625
2026-05-24 22:15:57.226,23.0625
2026-05-24 22:16:03.131,23.125
2026-05-24 22:16:09.037,23.0625
2026-05-24 22:16:14.942,23.0625
2026-05-24 22:16:20.846,23.0625
2026-05-24 22:16:26.751,23.0625
2026-05-24 22:16:32.654,23.125
2026-05-24 22:16:38.558,23.0625
2026-05-24 22:16:44.464,23.0625
2026-05-24 22:16:50.367,23.0625
2026-05-24 22:16:56.274,23.0625
2026-05-24 22:17:02.178,23.0625
2026-05-24 22:17:08.081,23.0625
2026-05-24 22:17:13.985,23.0625
2026-05-24 22:17:19.889,23.0625
2026-05-24 22:17:25.793,23.0625
2026-05-24 22:17:31.699,23.0625
2026-05-24 22:17:37.602,23.0625
2026-05-24 22:17:43.506,23.0625
2026-05-24 22:17:49.412,23.0625
2026-05-24 22:17:55.316,23.125
2026-05-24 22:18:01.220,23.0625
2026-05-24 22:18:07.124,23.0625
2026-05-24 22:18:13.030,23.0625
2026-05-24 22:18:18.936,23.0625
2026-05-24 22:18:24.843,23.0625
2026-05-24 22:18:30.748,23.0625
2026-05-24 22:18:36.654,23.0
2026-05-24 22:18:42.560,23.125
2026-05-24 22:18:48.467,23.0625
2026-05-24 22:18:54.370,23.0625
2026-05-24 22:19:00.276,23.0625
2026-05-24 22:19:06.182,23.0625
2026-05-24 22:19:12.088,23.0625
2026-05-24 22:19:17.995,23.0625
2026-05-24 22:19:23.900,23.0
2026-05-24 22:19:29.806,23.0625
2026-05-24 22:19:35.710,23.0625
2026-05-24 22:19:41.613,23.0625
2026-05-24 22:19:47.518,23.0625
2026-05-24 22:19:53.424,23.0
2026-05-24 22:19:59.327,23.0625
2026-05-24 22:20:05.233,23.0625
2026-05-24 22:20:11.139,23.0625
2026-05-24 22:20:17.046,23.0
2026-05-24 22:20:22.950,23.0625
2026-05-24 22:20:28.855,23.0625
2026-05-24 22:20:34.759,23.0625
2026-05-24 22:20:40.662,23.0625
2026-05-24 22:20:46.569,23.0625
2026-05-24 22:20:52.475,23.0625
2026-05-24 22:20:58.379,23.0
2026-05-24 22:21:04.284,23.0625
2026-05-24 22:21:10.188,23.0625
2026-05-24 22:21:16.093,23.0
2026-05-24 22:21:21.998,23.0625
2026-05-24 22:21:27.902,23.0625
2026-05-24 22:21:33.808,23.0
2026-05-24 22:21:39.714,23.0625
2026-05-24 22:21:45.620,23.0
2026-05-24 22:21:51.526,23.0625
2026-05-24 22:21:57.429,23.0
2026-05-24 22:22:03.333,23.0625
2026-05-24 22:22:09.238,23.0625
2026-05-24 22:22:15.141,23.0
2026-05-24 22:22:21.045,23.0625
2026-05-24 22:22:26.949,23.0625
2026-05-24 22:22:32.854,23.0625
2026-05-24 22:22:38.759,23.0625
2026-05-24 22:22:44.665,23.0625
2026-05-24 22:22:50.571,23.0625
2026-05-24 22:22:56.474,23.0625
2026-05-24 22:23:02.378,23.0625
2026-05-24 22:23:08.283,23.0625
2026-05-24 22:23:14.186,23.0625
2026-05-24 22:23:20.092,23.0625
2026-05-24 22:23:25.998,23.0
2026-05-24 22:23:31.904,23.0625
2026-05-24 22:23:37.808,23.0625
2026-05-24 22:23:43.714,23.0625
2026-05-24 22:23:49.620,23.0625
2026-05-24 22:23:55.526,23.125
2026-05-24 22:24:01.432,23.0625
2026-05-24 22:24:07.337,23.0625
2026-05-24 22:24:13.242,23.0625
2026-05-24 22:24:19.146,23.0625
2026-05-24 22:24:25.049,23.0625
2026-05-24 22:24:30.958,23.0625
2026-05-24 22:24:36.863,23.0625
2026-05-24 22:24:42.767,23.0625
2026-05-24 22:24:48.670,23.0625
2026-05-24 22:24:54.574,23.0625
2026-05-24 22:25:00.479,23.0625
2026-05-24 22:25:06.384,23.0625
2026-05-24 22:25:12.290,23.0625
2026-05-24 22:25:18.196,23.125
2026-05-24 22:25:24.100,23.0625
2026-05-24 22:25:30.007,23.0625
2026-05-24 22:25:35.913,23.0625
2026-05-24 22:25:41.819,23.0625
2026-05-24 22:25:47.725,23.0625
2026-05-24 22:25:53.628,23.0625
2026-05-24 22:25:59.533,23.0625
2026-05-24 22:26:05.436,23.0625
2026-05-24 22:26:11.340,23.0625
2026-05-24 22:26:17.244,23.0
2026-05-24 22:26:23.147,23.0625
2026-05-24 22:26:29.052,23.0625
2026-05-24 22:26:34.955,23.0625
2026-05-24 22:26:40.859,23.0625
2026-05-24 22:26:46.765,23.0625
2026-05-24 22:26:52.671,23.0625
2026-05-24 22:26:58.578,23.125
2026-05-24 22:27:04.483,23.125
2026-05-24 22:27:10.387,23.0625
2026-05-24 22:27:16.290,23.0625
2026-05-24 22:27:22.195,23.0625
2026-05-24 22:27:28.099,23.0625
2026-05-24 22:27:34.002,23.0625
2026-05-24 22:27:39.908,23.0
2026-05-24 22:27:45.814,23.0625
2026-05-24 22:27:51.719,23.0625
2026-05-24 22:27:57.622,23.0625
2026-05-24 22:28:03.526,23.0625
2026-05-24 22:28:09.429,23.125
2026-05-24 22:28:15.335,23.0625
2026-05-24 22:28:21.242,23.0625
2026-05-24 22:28:27.148,23.125
2026-05-24 22:28:33.051,23.125
2026-05-24 22:28:38.955,23.0625
2026-05-24 22:28:44.858,23.0625
2026-05-24 22:28:50.763,23.0625
2026-05-24 22:28:56.668,23.0625
2026-05-24 22:29:02.572,23.0625
2026-05-24 22:29:08.476,23.0625
2026-05-24 22:29:14.379,23.0625
2026-05-24 22:29:20.284,23.0
2026-05-24 22:29:26.188,23.0625
2026-05-24 22:29:32.094,23.0625
2026-05-24 22:29:38.000,23.0625
2026-05-24 22:29:43.905,23.0625
2026-05-24 22:29:49.812,23.0625
2026-05-24 22:29:55.718,23.0
2026-05-24 22:30:01.622,23.0
2026-05-24 22:30:07.525,23.0625
2026-05-24 22:30:13.430,23.0
2026-05-24 22:30:19.336,23.0625
2026-05-24 22:30:25.240,23.0625
2026-05-24 22:30:31.146,23.0625
2026-05-24 22:30:37.051,23.0625
2026-05-24 22:30:42.956,23.0625
2026-05-24 22:30:48.859,23.0625
2026-05-24 22:30:54.765,23.0625
2026-05-24 22:31:00.673,23.0625
2026-05-24 22:31:06.578,23.0625
2026-05-24 22:31:12.483,23.0
2026-05-24 22:31:18.387,23.0625
2026-05-24 22:31:24.293,23.0625
2026-05-24 22:31:30.196,23.0
2026-05-24 22:31:36.100,23.0625
2026-05-24 22:31:42.005,23.0625
2026-05-24 22:31:47.908,23.0625
2026-05-24 22:31:53.814,23.0
2026-05-24 22:31:59.720,23.0625
2026-05-24 22:32:05.626,23.0625
2026-05-24 22:32:11.533,23.0625
2026-05-24 22:32:17.438,23.0625
2026-05-24 22:32:23.342,23.0625
2026-05-24 22:32:29.246,23.0625
2026-05-24 22:32:35.149,23.0
2026-05-24 22:32:41.054,23.0625
2026-05-24 22:32:46.958,23.125
2026-05-24 22:32:52.864,23.0
2026-05-24 22:32:58.769,23.0625
2026-05-24 22:33:04.673,23.0625
2026-05-24 22:33:10.580,23.0625
2026-05-24 22:33:16.485,23.0
2026-05-24 22:33:22.389,23.0625
2026-05-24 22:33:28.293,23.0625
2026-05-24 22:33:34.197,23.0
2026-05-24 22:33:40.103,23.0625
2026-05-24 22:33:46.009,23.0625
2026-05-24 22:33:51.915,23.0625
2026-05-24 22:33:57.821,23.0
2026-05-24 22:34:03.728,23.0625
2026-05-24 22:34:09.631,23.0
2026-05-24 22:34:15.535,23.0625
2026-05-24 22:34:21.439,23.0625
2026-05-24 22:34:27.342,23.0625
2026-05-24 22:34:33.247,23.0625
2026-05-24 22:34:39.151,23.0625
2026-05-24 22:34:45.054,23.0625
2026-05-24 22:34:50.960,23.0625
2026-05-24 22:34:56.866,23.0625
2026-05-24 22:35:02.773,23.0
2026-05-24 22:35:08.679,23.0625
2026-05-24 22:35:14.585,23.0625
2026-05-24 22:35:20.491,23.0625
2026-05-24 22:35:26.395,23.0625
2026-05-24 22:35:32.299,23.0625
2026-05-24 22:35:38.203,23.0625
2026-05-24 22:35:44.107,23.0625
2026-05-24 22:35:50.013,23.0625
2026-05-24 22:35:55.916,23.125
2026-05-24 22:36:01.821,23.0625
2026-05-24 22:36:07.727,23.0625
2026-05-24 22:36:13.631,23.0625
2026-05-24 22:36:19.537,23.0625
2026-05-24 22:36:25.441,23.125
2026-05-24 22:36:31.347,23.0625
2026-05-24 22:36:37.251,23.0625
2026-05-24 22:36:43.155,23.0625
2026-05-24 22:36:49.058,23.0
2026-05-24 22:36:54.965,23.0625
2026-05-24 22:37:00.871,23.0625
2026-05-24 22:37:06.777,23.0625
2026-05-24 22:37:12.683,23.0625
2026-05-24 22:37:18.586,23.125
2026-05-24 22:37:24.491,23.125
2026-05-24 22:37:30.395,23.0625
2026-05-24 22:37:36.301,23.0625
2026-05-24 22:37:42.204,23.0625
2026-05-24 22:37:48.108,23.0625
2026-05-24 22:37:54.014,23.0625
2026-05-24 22:37:59.920,23.0625
2026-05-24 22:38:05.824,23.0625
2026-05-24 22:38:11.729,23.0625
2026-05-24 22:38:17.633,23.0625
2026-05-24 22:38:23.540,23.0625
2026-05-24 22:38:29.446,23.0
2026-05-24 22:38:35.349,23.0625
2026-05-24 22:38:41.253,23.0625
2026-05-24 22:38:47.156,23.0625
2026-05-24 22:38:53.061,23.0625
2026-05-24 22:38:58.965,23.0625
2026-05-24 22:39:04.868,23.0625
2026-05-24 22:39:10.772,23.125
2026-05-24 22:39:16.677,23.0625
2026-05-24 22:39:22.580,23.0625
2026-05-24 22:39:28.484,23.0625
2026-05-24 22:39:34.388,23.0625
2026-05-24 22:39:40.294,23.0625
2026-05-24 22:39:46.201,23.0625
2026-05-24 22:39:52.107,23.0625
2026-05-24 22:39:58.012,23.0625
2026-05-24 22:40:03.916,23.0625
2026-05-24 22:40:09.820,23.125
2026-05-24 22:40:15.727,23.0625
2026-05-24 22:40:21.633,23.0625
2026-05-24 22:40:27.538,23.125
2026-05-24 22:40:33.444,23.125
2026-05-24 22:40:39.348,23.125
2026-05-24 22:40:45.253,23.0625
2026-05-24 22:40:51.156,23.0625
2026-05-24 22:40:57.062,23.0625
2026-05-24 22:41:02.968,23.0625
2026-05-24 22:41:08.874,23.0625
2026-05-24 22:41:14.780,23.0625
2026-05-24 22:41:20.686,23.0625
2026-05-24 22:41:26.592,23.125
2026-05-24 22:41:32.496,23.0625
2026-05-24 22:41:38.401,23.0625
2026-05-24 22:41:44.306,23.0625
2026-05-24 22:41:50.210,23.0625
2026-05-24 22:41:56.113,23.0625
2026-05-24 22:42:02.017,23.0625
2026-05-24 22:42:07.922,23.0625
2026-05-24 22:42:13.828,23.0625
2026-05-24 22:42:19.733,23.0625
2026-05-24 22:42:25.637,23.0625
2026-05-24 22:42:31.540,23.0625
2026-05-24 22:42:37.447,23.0625
2026-05-24 22:42:43.350,23.0625
2026-05-24 22:42:49.254,23.0625
2026-05-24 22:42:55.158,23.0625
2026-05-24 22:43:01.062,23.0625
2026-05-24 22:43:06.967,23.0625
2026-05-24 22:43:12.872,23.0625
2026-05-24 22:43:18.778,23.0625
2026-05-24 22:43:24.684,23.0625
2026-05-24 22:43:30.590,23.0625
2026-05-24 22:43:36.495,23.0625
2026-05-24 22:43:42.398,23.0625
2026-05-24 22:43:48.304,23.0625
2026-05-24 22:43:54.210,23.0625
2026-05-24 22:44:00.114,23.0625
2026-05-24 22:44:06.021,23.0625
2026-05-24 22:44:11.924,23.0625
2026-05-24 22:44:17.830,23.0625
2026-05-24 22:44:23.733,23.0625
2026-05-24 22:44:29.639,23.0625
2026-05-24 22:44:35.546,23.0625
2026-05-24 22:44:41.452,23.0625
2026-05-24 22:44:47.358,23.0625
2026-05-24 22:44:53.264,23.0625
2026-05-24 22:44:59.170,23.0625
2026-05-24 22:45:05.074,23.0625
2026-05-24 22:45:10.978,23.0625
2026-05-24 22:45:16.881,23.0625
2026-05-24 22:45:22.787,23.0
2026-05-24 22:45:28.692,23.0625
2026-05-24 22:45:34.595,23.0625
2026-05-24 22:45:40.501,23.0625
2026-05-24 22:45:46.407,23.0625
2026-05-24 22:45:52.313,23.0625
2026-05-24 22:45:58.218,23.0625
2026-05-24 22:46:04.124,23.0625
2026-05-24 22:46:10.029,23.0625
2026-05-24 22:46:15.933,23.0625
2026-05-24 22:46:21.837,23.0625
2026-05-24 22:46:27.741,23.0625
2026-05-24 22:46:33.645,23.0625
2026-05-24 22:46:39.549,23.0625
2026-05-24 22:46:45.454,23.0
2026-05-24 22:46:51.360,23.0625
2026-05-24 22:46:57.265,23.0625
2026-05-24 22:47:03.170,23.0625
2026-05-24 22:47:09.076,23.0625
2026-05-24 22:47:14.980,23.0625
2026-05-24 22:47:20.883,23.0625
2026-05-24 22:47:26.788,23.0625
2026-05-24 22:47:32.692,23.0
2026-05-24 22:47:38.595,23.0
2026-05-24 22:47:44.499,23.0625
2026-05-24 22:47:50.405,23.0
2026-05-24 22:47:56.312,23.0
2026-05-24 22:48:02.218,23.0625
2026-05-24 22:48:08.124,23.0625
2026-05-24 22:48:14.029,23.0625
2026-05-24 22:48:19.936,23.0625
2026-05-24 22:48:25.842,23.0625
2026-05-24 22:48:31.748,23.0625
2026-05-24 22:48:37.653,23.0625
2026-05-24 22:48:43.557,23.0
2026-05-24 22:48:49.462,23.0
2026-05-24 22:48:55.365,23.0625
2026-05-24 22:49:01.269,23.0625
2026-05-24 22:49:07.172,23.0625
2026-05-24 22:49:13.076,23.0625
2026-05-24 22:49:18.981,23.0
2026-05-24 22:49:24.884,23.0625
2026-05-24 22:49:30.788,23.0625
2026-05-24 22:49:36.692,23.0
2026-05-24 22:49:42.598,23.0625
2026-05-24 22:49:48.505,23.0
2026-05-24 22:49:54.410,23.0625
2026-05-24 22:50:00.316,23.0
2026-05-24 22:50:06.222,23.0625
2026-05-24 22:50:12.128,23.0625
2026-05-24 22:50:18.032,23.0
2026-05-24 22:50:23.936,23.0
2026-05-24 22:50:29.840,23.0625
2026-05-24 22:50:35.743,23.0625
2026-05-24 22:50:41.649,23.0625
2026-05-24 22:50:47.556,23.0
2026-05-24 22:50:53.462,23.0625
2026-05-24 22:50:59.365,23.0625
2026-05-24 22:51:05.271,23.0625
2026-05-24 22:51:11.177,23.0625
2026-05-24 22:51:17.081,23.0625
2026-05-24 22:51:22.985,23.0625
2026-05-24 22:51:28.889,23.0625
2026-05-24 22:51:34.792,23.0
2026-05-24 22:51:40.697,23.0625
2026-05-24 22:51:46.603,23.0625
2026-05-24 22:51:52.506,23.0625
2026-05-24 22:51:58.410,23.0625
2026-05-24 22:52:04.313,23.0625
2026-05-24 22:52:10.218,23.0625
2026-05-24 22:52:16.124,23.0625
2026-05-24 22:52:22.028,23.0625
2026-05-24 22:52:27.933,23.0625
2026-05-24 22:52:33.837,23.0625
2026-05-24 22:52:39.741,23.0625
2026-05-24 22:52:45.645,23.0625
2026-05-24 22:52:51.549,23.0625
2026-05-24 22:52:57.452,23.0625
2026-05-24 22:53:03.356,23.0625
2026-05-24 22:53:09.261,23.0625
2026-05-24 22:53:15.164,23.0625
2026-05-24 22:53:21.070,23.0625
2026-05-24 22:53:26.976,23.0625
2026-05-24 22:53:32.882,23.0625
2026-05-24 22:53:38.787,23.0625
2026-05-24 22:53:44.692,23.0625
2026-05-24 22:53:50.596,23.0625
2026-05-24 22:53:56.502,23.0625
2026-05-24 22:54:02.409,23.0625
2026-05-24 22:54:08.312,23.0625
2026-05-24 22:54:14.216,23.0625
2026-05-24 22:54:20.119,23.0625
2026-05-24 22:54:26.025,23.0625
2026-05-24 22:54:31.932,23.0625
2026-05-24 22:54:37.838,23.125
2026-05-24 22:54:43.741,23.0625
2026-05-24 22:54:49.645,23.0625
2026-05-24 22:54:55.549,23.0
2026-05-24 22:55:01.456,23.0625
2026-05-24 22:55:07.359,23.0625
2026-05-24 22:55:13.263,23.0625
2026-05-24 22:55:19.166,23.0625
2026-05-24 22:55:25.070,23.0625
2026-05-24 22:55:30.974,23.125
2026-05-24 22:55:36.878,23.0625
2026-05-24 22:55:42.782,23.0625
2026-05-24 22:55:48.686,23.0625
2026-05-24 22:55:54.591,23.0
2026-05-24 22:56:00.498,23.0625
2026-05-24 22:56:06.404,23.0625
2026-05-24 22:56:12.310,23.0
2026-05-24 22:56:18.213,23.0625
2026-05-24 22:56:24.117,23.0625
2026-05-24 22:56:30.021,23.0625
2026-05-24 22:56:35.925,23.0625
2026-05-24 22:56:41.829,23.0625
2026-05-24 22:56:47.735,23.0625
2026-05-24 22:56:53.642,23.0625
2026-05-24 22:56:59.545,23.0625
2026-05-24 22:57:05.451,23.0625
2026-05-24 22:57:11.355,23.0625
2026-05-24 22:57:17.258,23.0625
2026-05-24 22:57:23.165,23.0625
2026-05-24 22:57:29.071,23.0625
2026-05-24 22:57:34.975,23.0625
2026-05-24 22:57:40.878,23.0625
2026-05-24 22:57:46.782,23.0625
2026-05-24 22:57:52.687,23.0625
2026-05-24 22:57:58.590,23.0625
2026-05-24 22:58:04.494,23.0625
2026-05-24 22:58:10.397,23.0
2026-05-24 22:58:16.305,23.0625
2026-05-24 22:58:22.212,23.0625
2026-05-24 22:58:28.116,23.0625
2026-05-24 22:58:34.019,23.0625
2026-05-24 22:58:39.923,23.0625
2026-05-24 22:58:45.827,23.0625
2026-05-24 22:58:51.734,23.0625
2026-05-24 22:58:57.637,23.0
2026-05-24 22:59:03.543,23.0625
2026-05-24 22:59:09.447,23.0625
2026-05-24 22:59:15.350,23.0625
2026-05-24 22:59:21.255,23.0625
2026-05-24 22:59:27.159,23.0
2026-05-24 22:59:33.062,23.0
2026-05-24 22:59:38.966,23.0625
2026-05-24 22:59:44.870,23.0625
2026-05-24 22:59:50.776,23.0625
2026-05-24 22:59:56.682,23.0
2026-05-24 23:00:02.588,23.0
2026-05-24 23:00:08.494,23.0625
2026-05-24 23:00:14.400,23.0
2026-05-24 23:00:20.304,23.0
2026-05-24 23:00:26.207,23.0
2026-05-24 23:00:32.111,23.0625
2026-05-24 23:00:38.015,23.0
2026-05-24 23:00:43.922,23.0
2026-05-24 23:00:49.827,23.0625
2026-05-24 23:00:55.731,23.0625
2026-05-24 23:01:01.635,23.0625
2026-05-24 23:01:07.538,23.0625
2026-05-24 23:01:13.443,23.0625
2026-05-24 23:01:19.346,23.0625
2026-05-24 23:01:25.250,23.0625
2026-05-24 23:01:31.154,23.0625
2026-05-24 23:01:37.057,23.0625
2026-05-24 23:01:42.964,23.0625
2026-05-24 23:01:48.870,23.0625
2026-05-24 23:01:54.776,23.0625
2026-05-24 23:02:00.682,23.0625
2026-05-24 23:02:06.587,23.0625
2026-05-24 23:02:12.492,23.0
2026-05-24 23:02:18.395,23.0625
2026-05-24 23:02:24.301,23.0625
2026-05-24 23:02:30.205,23.0625
2026-05-24 23:02:36.111,23.0625
2026-05-24 23:02:42.018,23.0625
2026-05-24 23:02:47.924,23.0
2026-05-24 23:02:53.827,23.0625
2026-05-24 23:02:59.731,23.0625
2026-05-24 23:03:05.638,23.0625
2026-05-24 23:03:11.541,23.0625
2026-05-24 23:03:17.447,23.0625
2026-05-24 23:03:23.350,23.0625
2026-05-24 23:03:29.254,23.125
2026-05-24 23:03:35.158,23.0625
2026-05-24 23:03:41.062,23.0625
2026-05-24 23:03:46.968,23.0625
2026-05-24 23:03:52.874,23.0625
2026-05-24 23:03:58.780,23.0625
2026-05-24 23:04:04.686,23.0625
2026-05-24 23:04:10.592,23.0625
2026-05-24 23:04:16.496,23.0625
2026-05-24 23:04:22.402,23.0625
2026-05-24 23:04:28.308,23.0625
2026-05-24 23:04:34.212,23.0625
2026-05-24 23:04:40.116,23.0625
2026-05-24 23:04:46.019,23.125
2026-05-24 23:04:51.923,23.0625
2026-05-24 23:04:57.827,23.0625
2026-05-24 23:05:03.731,23.0625
2026-05-24 23:05:09.637,23.0625
2026-05-24 23:05:15.542,23.0625
2026-05-24 23:05:21.448,23.0625
2026-05-24 23:05:27.352,23.0625
2026-05-24 23:05:33.259,23.0625
2026-05-24 23:05:39.162,23.0625
2026-05-24 23:05:45.068,23.0625
2026-05-24 23:05:50.974,23.0
2026-05-24 23:05:56.881,23.0625
2026-05-24 23:06:02.787,23.125
2026-05-24 23:06:08.693,23.0625
2026-05-24 23:06:14.598,23.0625
2026-05-24 23:06:20.503,23.0625
2026-05-24 23:06:26.408,23.0625
2026-05-24 23:06:32.311,23.0625
2026-05-24 23:06:38.215,23.0625
2026-05-24 23:06:44.121,23.0625
2026-05-24 23:06:50.027,23.0625
2026-05-24 23:06:55.933,23.0625
2026-05-24 23:07:01.837,23.0625
2026-05-24 23:07:07.741,23.0625
2026-05-24 23:07:13.644,23.0625
2026-05-24 23:07:19.550,23.125
2026-05-24 23:07:25.457,23.125
2026-05-24 23:07:31.360,23.0625
2026-05-24 23:07:37.267,23.0625
2026-05-24 23:07:43.170,23.125
2026-05-24 23:07:49.074,23.0625
2026-05-24 23:07:54.980,23.0625
2026-05-24 23:08:00.886,23.0625
2026-05-24 23:08:06.792,23.0625
2026-05-24 23:08:12.698,23.0625
2026-05-24 23:08:18.604,23.0625
2026-05-24 23:08:24.508,23.0625
2026-05-24 23:08:30.412,23.0625
2026-05-24 23:08:36.317,23.0625
2026-05-24 23:08:42.224,23.125
2026-05-24 23:08:48.130,23.125
2026-05-24 23:08:54.036,23.0625
2026-05-24 23:08:59.940,23.0625
2026-05-24 23:09:05.843,23.0625
2026-05-24 23:09:11.747,23.0625
2026-05-24 23:09:17.654,23.0625
2026-05-24 23:09:23.560,23.0625
2026-05-24 23:09:29.466,23.0625
2026-05-24 23:09:35.369,23.0
2026-05-24 23:09:41.273,23.0625
2026-05-24 23:09:47.180,23.0625
2026-05-24 23:09:53.086,23.0625
2026-05-24 23:09:58.992,23.0625
2026-05-24 23:10:04.895,23.0625
2026-05-24 23:10:10.801,23.0625
2026-05-24 23:10:16.708,23.0625
2026-05-24 23:10:22.613,23.0625
2026-05-24 23:10:28.519,23.0625
2026-05-24 23:10:34.424,23.0625
2026-05-24 23:10:40.328,23.0625
2026-05-24 23:10:46.232,23.0625
2026-05-24 23:10:52.136,23.0625
2026-05-24 23:10:58.040,23.0625
2026-05-24 23:11:03.945,23.0625
2026-05-24 23:11:09.851,23.0625
2026-05-24 23:11:15.758,23.0625
2026-05-24 23:11:21.664,23.0625
2026-05-24 23:11:27.570,23.0625
2026-05-24 23:11:33.476,23.0625
2026-05-24 23:11:39.380,23.0625
2026-05-24 23:11:45.286,23.0625
2026-05-24 23:11:51.191,23.0625
2026-05-24 23:11:57.095,23.0625
2026-05-24 23:12:02.999,23.0
2026-05-24 23:12:08.903,23.0625
2026-05-24 23:12:14.807,23.0625
2026-05-24 23:12:20.713,23.0625
2026-05-24 23:12:26.619,23.0625
2026-05-24 23:12:32.524,23.0625
2026-05-24 23:12:38.431,23.0625
2026-05-24 23:12:44.337,23.0625
2026-05-24 23:12:50.240,23.125
2026-05-24 23:12:56.144,23.0625
2026-05-24 23:13:02.048,23.0625
2026-05-24 23:13:07.955,23.0625
2026-05-24 23:13:13.861,23.0625
2026-05-24 23:13:19.768,23.0625
2026-05-24 23:13:25.674,23.0625
2026-05-24 23:13:31.578,23.0625
2026-05-24 23:13:37.485,23.0625
2026-05-24 23:13:43.388,23.0625
2026-05-24 23:13:49.294,23.0625
2026-05-24 23:13:55.197,23.0625
2026-05-24 23:14:01.101,23.0625
2026-05-24 23:14:07.008,23.0625
2026-05-24 23:14:12.914,23.0625
2026-05-24 23:14:18.820,23.0625
2026-05-24 23:14:24.725,23.0625
2026-05-24 23:14:30.631,23.0
2026-05-24 23:14:36.537,23.0625
2026-05-24 23:14:42.441,23.0625
2026-05-24 23:14:48.344,23.0625
2026-05-24 23:14:54.248,23.0625
2026-05-24 23:15:00.155,23.0625
2026-05-24 23:15:06.059,23.0625
2026-05-24 23:15:11.965,23.0625
2026-05-24 23:15:17.872,23.125
2026-05-24 23:15:23.778,23.0625
2026-05-24 23:15:29.683,23.0625
2026-05-24 23:15:35.586,23.0625
2026-05-24 23:15:41.490,23.0625
2026-05-24 23:15:47.394,23.0625
2026-05-24 23:15:53.300,23.0625
2026-05-24 23:15:59.206,23.0625
2026-05-24 23:16:05.110,23.0625
2026-05-24 23:16:11.016,23.0625
2026-05-24 23:16:16.919,23.0
2026-05-24 23:16:22.823,23.0625
2026-05-24 23:16:28.728,23.125
2026-05-24 23:16:34.631,23.125
2026-05-24 23:16:40.537,23.125
2026-05-24 23:16:46.441,23.0625
2026-05-24 23:16:52.345,23.0625
2026-05-24 23:16:58.252,23.125
2026-05-24 23:17:04.157,23.125
2026-05-24 23:17:10.063,23.125
2026-05-24 23:17:15.967,23.125
2026-05-24 23:17:21.871,23.0625
2026-05-24 23:17:27.777,23.0625
2026-05-24 23:17:33.683,23.0625
2026-05-24 23:17:39.587,23.0
2026-05-24 23:17:45.493,23.0625
2026-05-24 23:17:51.399,23.0625
2026-05-24 23:17:57.303,23.125
2026-05-24 23:18:03.209,23.125
2026-05-24 23:18:09.114,23.0625
2026-05-24 23:18:15.020,23.0625
2026-05-24 23:18:20.927,23.0625
2026-05-24 23:18:26.831,23.125
2026-05-24 23:18:32.734,23.0625
2026-05-24 23:18:38.638,23.125
2026-05-24 23:18:44.542,23.0625
2026-05-24 23:18:50.447,23.125
2026-05-24 23:18:56.352,23.125
2026-05-24 23:19:02.256,23.0625
2026-05-24 23:19:08.162,23.0625
2026-05-24 23:19:14.065,23.0625
2026-05-24 23:19:19.972,23.0625
2026-05-24 23:19:25.876,23.0625
2026-05-24 23:19:31.782,23.0625
2026-05-24 23:19:37.688,23.0625
2026-05-24 23:19:43.593,23.125
2026-05-24 23:19:49.498,23.0625
2026-05-24 23:19:55.402,23.0625
2026-05-24 23:20:01.305,23.0625
2026-05-24 23:20:07.209,23.0625
2026-05-24 23:20:13.113,23.0625
2026-05-24 23:20:19.017,23.0625
2026-05-24 23:20:24.921,23.0625
2026-05-24 23:20:30.827,23.0625
2026-05-24 23:20:36.731,23.0625
2026-05-24 23:20:42.635,23.0625
2026-05-24 23:20:48.539,23.0625
2026-05-24 23:20:54.445,23.0625
2026-05-24 23:21:00.351,23.0625
2026-05-24 23:21:06.256,23.0625
2026-05-24 23:21:12.164,23.0625
2026-05-24 23:21:18.067,23.0
2026-05-24 23:21:23.971,23.0625
2026-05-24 23:21:29.875,23.0625
2026-05-24 23:21:35.778,23.125
2026-05-24 23:21:41.685,23.0625
2026-05-24 23:21:47.591,23.0
2026-05-24 23:21:53.497,23.0625
2026-05-24 23:21:59.403,23.0625
2026-05-24 23:22:05.309,23.0625
2026-05-24 23:22:11.213,23.0625
2026-05-24 23:22:17.117,23.0625
2026-05-24 23:22:23.023,23.0625
2026-05-24 23:22:28.927,23.0625
2026-05-24 23:22:34.830,23.0625
2026-05-24 23:22:40.735,23.0625
2026-05-24 23:22:46.639,23.0625
2026-05-24 23:22:52.544,23.0625
2026-05-24 23:22:58.447,23.0625
2026-05-24 23:23:04.351,23.0625
2026-05-24 23:23:10.258,23.125
2026-05-24 23:23:16.164,23.0625
2026-05-24 23:23:22.070,23.0625
2026-05-24 23:23:27.973,23.0625
2026-05-24 23:23:33.878,23.0625
2026-05-24 23:23:39.784,23.0625
2026-05-24 23:23:45.689,23.0625
2026-05-24 23:23:51.593,23.0625
2026-05-24 23:23:57.496,23.0625
2026-05-24 23:24:03.401,23.0625
2026-05-24 23:24:09.307,23.0625
2026-05-24 23:24:15.213,23.0625
2026-05-24 23:24:21.116,23.0625
2026-05-24 23:24:27.022,23.0625
2026-05-24 23:24:32.927,23.125
2026-05-24 23:24:38.833,23.0625
2026-05-24 23:24:44.738,23.0625
2026-05-24 23:24:50.642,23.0625
2026-05-24 23:24:56.545,23.0625
2026-05-24 23:25:02.450,23.0625
2026-05-24 23:25:08.354,23.0625
2026-05-24 23:25:14.258,23.0625
2026-05-24 23:25:20.161,23.0625
2026-05-24 23:25:26.065,23.0
2026-05-24 23:25:31.970,23.0625
2026-05-24 23:25:37.875,23.125
2026-05-24 23:25:43.779,23.0625
2026-05-24 23:25:49.683,23.0625
2026-05-24 23:25:55.588,23.0625
2026-05-24 23:26:01.495,23.0625
2026-05-24 23:26:07.401,23.0625
2026-05-24 23:26:13.304,23.0625
2026-05-24 23:26:19.208,23.0625
2026-05-24 23:26:25.113,23.0625
2026-05-24 23:26:31.016,23.0625
2026-05-24 23:26:36.922,23.0625
2026-05-24 23:26:42.828,23.0625
2026-05-24 23:26:48.734,23.0625
2026-05-24 23:26:54.639,23.0
2026-05-24 23:27:00.542,23.0625
2026-05-24 23:27:06.446,23.0625
2026-05-24 23:27:12.351,23.0625
2026-05-24 23:27:18.257,23.0625
2026-05-24 23:27:24.164,23.0625
2026-05-24 23:27:30.070,23.0625
2026-05-24 23:27:35.974,23.0625
2026-05-24 23:27:41.877,23.125
2026-05-24 23:27:47.781,23.0625
2026-05-24 23:27:53.686,23.0625
2026-05-24 23:27:59.590,23.0625
2026-05-24 23:28:05.493,23.0625
2026-05-24 23:28:11.397,23.125
2026-05-24 23:28:17.301,23.0625
2026-05-24 23:28:23.205,23.0625
2026-05-24 23:28:29.109,23.0625
2026-05-24 23:28:35.012,23.0625
2026-05-24 23:28:40.918,23.0625
2026-05-24 23:28:46.824,23.0625
2026-05-24 23:28:52.729,23.0625
2026-05-24 23:28:58.632,23.0625
2026-05-24 23:29:04.536,23.0625
2026-05-24 23:29:10.442,23.0625
2026-05-24 23:29:16.348,23.0625
2026-05-24 23:29:22.253,23.0625
2026-05-24 23:29:28.156,23.0625
2026-05-24 23:29:34.060,23.0625
2026-05-24 23:29:39.964,23.0625
2026-05-24 23:29:45.868,23.0625
2026-05-24 23:29:51.772,23.0625
2026-05-24 23:29:57.676,23.0625
2026-05-24 23:30:03.580,23.0625
2026-05-24 23:30:09.486,23.0625
2026-05-24 23:30:15.392,23.0625
2026-05-24 23:30:21.298,23.0625
2026-05-24 23:30:27.204,23.0625
2026-05-24 23:30:33.107,23.0625
2026-05-24 23:30:39.011,23.0625
2026-05-24 23:30:44.916,23.0625
2026-05-24 23:30:50.819,23.0625
2026-05-24 23:30:56.725,23.125
2026-05-24 23:31:02.628,23.0625
2026-05-24 23:31:08.532,23.0625
2026-05-24 23:31:14.436,23.0625
2026-05-24 23:31:20.343,23.0625
2026-05-24 23:31:26.246,23.125
2026-05-24 23:31:32.150,23.0
2026-05-24 23:31:38.056,23.0625
2026-05-24 23:31:43.963,23.0625
2026-05-24 23:31:49.869,23.0625
2026-05-24 23:31:55.772,23.0625
2026-05-24 23:32:01.676,23.0625
2026-05-24 23:32:07.579,23.0625
2026-05-24 23:32:13.486,23.0625
2026-05-24 23:32:19.392,23.0625
2026-05-24 23:32:25.296,23.0625
2026-05-24 23:32:31.199,23.0
2026-05-24 23:32:37.108,23.0625
2026-05-24 23:32:43.014,23.0625
2026-05-24 23:32:48.920,23.0625
2026-05-24 23:32:54.825,23.0625
2026-05-24 23:33:00.729,23.0625
2026-05-24 23:33:06.634,23.0625
2026-05-24 23:33:12.538,23.0625
2026-05-24 23:33:18.441,23.0625
2026-05-24 23:33:24.347,23.0625
2026-05-24 23:33:30.253,23.0625
2026-05-24 23:33:36.160,23.0625
2026-05-24 23:33:42.066,23.0625
2026-05-24 23:33:47.970,23.0
2026-05-24 23:33:53.875,23.0625
2026-05-24 23:33:59.781,23.0625
2026-05-24 23:34:05.686,23.0625
2026-05-24 23:34:11.589,23.0
2026-05-24 23:34:17.493,23.0625
2026-05-24 23:34:23.397,23.0625
2026-05-24 23:34:29.300,23.0625
2026-05-24 23:34:35.205,23.0625
2026-05-24 23:34:41.109,23.0625
2026-05-24 23:34:47.012,23.0625
2026-05-24 23:34:52.918,23.0625
2026-05-24 23:34:58.824,23.0
2026-05-24 23:35:04.730,23.0625
2026-05-24 23:35:10.636,23.0625
2026-05-24 23:35:16.540,23.0
2026-05-24 23:35:22.444,23.0625
2026-05-24 23:35:28.351,23.0625
2026-05-24 23:35:34.254,23.0625
2026-05-24 23:35:40.160,23.0625
2026-05-24 23:35:46.064,23.0625
2026-05-24 23:35:51.970,23.0
2026-05-24 23:35:57.877,23.125
2026-05-24 23:36:03.780,23.0625
2026-05-24 23:36:09.684,23.0625
2026-05-24 23:36:15.587,23.0625
2026-05-24 23:36:21.491,23.0625
2026-05-24 23:36:27.396,23.0
2026-05-24 23:36:33.302,23.0
2026-05-24 23:36:39.207,23.0
2026-05-24 23:36:45.113,23.0
2026-05-24 23:36:51.017,23.0625
2026-05-24 23:36:56.922,23.0625
2026-05-24 23:37:02.825,23.0625
2026-05-24 23:37:08.729,23.0625
2026-05-24 23:37:14.633,23.0625
2026-05-24 23:37:20.536,23.0
2026-05-24 23:37:26.441,23.0625
2026-05-24 23:37:32.345,23.0625
2026-05-24 23:37:38.249,23.0625
2026-05-24 23:37:44.152,23.0625
2026-05-24 23:37:50.056,23.0625
2026-05-24 23:37:55.960,23.0625
2026-05-24 23:38:01.864,23.0625
2026-05-24 23:38:07.768,23.0625
2026-05-24 23:38:13.674,23.0625
2026-05-24 23:38:19.578,23.0625
2026-05-24 23:38:25.482,23.0625
2026-05-24 23:38:31.386,23.0
2026-05-24 23:38:37.289,23.0625
2026-05-24 23:38:43.193,23.0
2026-05-24 23:38:49.097,23.0625
2026-05-24 23:38:55.001,23.0625
2026-05-24 23:39:00.905,23.0
2026-05-24 23:39:06.811,23.0
2026-05-24 23:39:12.716,23.0625
2026-05-24 23:39:18.623,23.0625
2026-05-24 23:39:24.529,23.0625
2026-05-24 23:39:30.432,23.0625
2026-05-24 23:39:36.336,23.0625
2026-05-24 23:39:42.240,23.0
2026-05-24 23:39:48.144,23.0625
2026-05-24 23:39:54.048,23.0625
2026-05-24 23:39:59.952,23.0
2026-05-24 23:40:05.855,23.0
2026-05-24 23:40:11.759,23.0625
2026-05-24 23:40:17.664,23.0625
2026-05-24 23:40:23.569,23.0
2026-05-24 23:40:29.475,23.0625
2026-05-24 23:40:35.381,23.125
2026-05-24 23:40:41.287,23.0625
2026-05-24 23:40:47.194,23.0625
2026-05-24 23:40:53.097,23.0
2026-05-24 23:40:59.001,23.0625
2026-05-24 23:41:04.904,23.0625
2026-05-24 23:41:10.811,23.0625
2026-05-24 23:41:16.717,23.0625
2026-05-24 23:41:22.623,23.0625
2026-05-24 23:41:28.526,23.0625
2026-05-24 23:41:34.430,23.0625
2026-05-24 23:41:40.335,23.0625
2026-05-24 23:41:46.238,23.0625
2026-05-24 23:41:52.142,23.0625
2026-05-24 23:41:58.048,23.0625
2026-05-24 23:42:03.954,23.0
2026-05-24 23:42:09.858,23.125
2026-05-24 23:42:15.762,23.0625
2026-05-24 23:42:21.666,23.0625
2026-05-24 23:42:27.569,23.0625
2026-05-24 23:42:33.473,23.0625
2026-05-24 23:42:39.380,23.0625
2026-05-24 23:42:45.286,23.0625
2026-05-24 23:42:51.191,23.0625
2026-05-24 23:42:57.097,23.0625
2026-05-24 23:43:03.003,23.0625
2026-05-24 23:43:08.910,23.125
2026-05-24 23:43:14.813,23.0625
2026-05-24 23:43:20.719,23.0625
2026-05-24 23:43:26.624,23.0
2026-05-24 23:43:32.528,23.0625
2026-05-24 23:43:38.433,23.0625
2026-05-24 23:43:44.336,23.125
2026-05-24 23:43:50.242,23.0625
2026-05-24 23:43:56.148,23.0625
2026-05-24 23:44:02.054,23.0625
2026-05-24 23:44:07.961,23.0625
2026-05-24 23:44:13.866,23.0625
2026-05-24 23:44:19.770,23.0625
2026-05-24 23:44:25.673,23.125
2026-05-24 23:44:31.578,23.0625
2026-05-24 23:44:37.482,23.0625
2026-05-24 23:44:43.385,23.0625
2026-05-24 23:44:49.289,23.0625
2026-05-24 23:44:55.192,23.125
2026-05-24 23:45:01.099,23.0625
2026-05-24 23:45:07.003,23.0625
2026-05-24 23:45:12.909,23.0625
2026-05-24 23:45:18.815,23.0625
2026-05-24 23:45:24.720,23.0625
2026-05-24 23:45:30.627,23.0625
2026-05-24 23:45:36.533,23.0625
2026-05-24 23:45:42.439,23.0625
2026-05-24 23:45:48.345,23.0625
2026-05-24 23:45:54.248,23.0625
2026-05-24 23:46:00.153,23.0625
2026-05-24 23:46:06.059,23.0625
2026-05-24 23:46:11.964,23.0625
2026-05-24 23:46:17.868,23.0625
2026-05-24 23:46:23.772,23.125
2026-05-24 23:46:29.679,23.0625
2026-05-24 23:46:35.582,23.0625
2026-05-24 23:46:41.488,23.0625
2026-05-24 23:46:47.394,23.0625
2026-05-24 23:46:53.300,23.0625
2026-05-24 23:46:59.207,23.125
2026-05-24 23:47:05.112,23.0625
2026-05-24 23:47:11.018,23.0625
2026-05-24 23:47:16.926,23.0625
2026-05-24 23:47:22.830,23.0625
2026-05-24 23:47:28.734,23.0
2026-05-24 23:47:34.639,23.0625
2026-05-24 23:47:40.543,23.0625
2026-05-24 23:47:46.447,23.0625
2026-05-24 23:47:52.351,23.0625
2026-05-24 23:47:58.255,23.0625
2026-05-24 23:48:04.159,23.0625
2026-05-24 23:48:10.065,23.0625
2026-05-24 23:48:15.970,23.0625
2026-05-24 23:48:21.877,23.0625
2026-05-24 23:48:27.783,23.0625
2026-05-24 23:48:33.686,23.0625
2026-05-24 23:48:39.590,23.0625
2026-05-24 23:48:45.494,23.0
2026-05-24 23:48:51.398,23.0625
2026-05-24 23:48:57.302,23.0625
2026-05-24 23:49:03.208,23.0625
2026-05-24 23:49:09.113,23.0625
2026-05-24 23:49:15.018,23.0625
2026-05-24 23:49:20.923,23.0625
2026-05-24 23:49:26.829,23.0625
2026-05-24 23:49:32.733,23.0625
2026-05-24 23:49:38.636,23.0
2026-05-24 23:49:44.540,23.0625
2026-05-24 23:49:50.447,23.0
2026-05-24 23:49:56.353,23.0625
2026-05-24 23:50:02.259,23.0625
2026-05-24 23:50:08.164,23.0625
2026-05-24 23:50:14.069,23.0625
2026-05-24 23:50:19.975,23.0625
2026-05-24 23:50:25.880,23.0
2026-05-24 23:50:31.784,23.0625
2026-05-24 23:50:37.687,23.0625
2026-05-24 23:50:43.592,23.0625
2026-05-24 23:50:49.497,23.0625
2026-05-24 23:50:55.401,23.0625
2026-05-24 23:51:01.305,23.0625
2026-05-24 23:51:07.208,23.0625
2026-05-24 23:51:13.113,23.0625
2026-05-24 23:51:19.017,23.0625
2026-05-24 23:51:24.920,23.0625
2026-05-24 23:51:30.826,23.0625
2026-05-24 23:51:36.732,23.0625
2026-05-24 23:51:42.639,23.0625
2026-05-24 23:51:48.545,23.0
2026-05-24 23:51:54.450,23.0625
2026-05-24 23:52:00.356,23.0625
2026-05-24 23:52:06.262,23.0625
2026-05-24 23:52:12.169,23.0625
2026-05-24 23:52:18.075,23.0625
2026-05-24 23:52:23.981,23.0625
2026-05-24 23:52:29.884,23.0625
2026-05-24 23:52:35.788,23.0625
2026-05-24 23:52:41.692,23.0625
2026-05-24 23:52:47.596,23.0625
2026-05-24 23:52:53.502,23.0625
2026-05-24 23:52:59.408,23.0625
2026-05-24 23:53:05.315,23.0625
2026-05-24 23:53:11.220,23.0625
2026-05-24 23:53:17.124,23.0625
2026-05-24 23:53:23.028,23.0625
2026-05-24 23:53:28.931,23.0625
2026-05-24 23:53:34.836,23.125
2026-05-24 23:53:40.739,23.0625
2026-05-24 23:53:46.645,23.0
2026-05-24 23:53:52.551,23.0625
2026-05-24 23:53:58.457,23.0625
2026-05-24 23:54:04.361,23.0625
2026-05-24 23:54:10.265,23.0625
2026-05-24 23:54:16.168,23.0625
2026-05-24 23:54:22.074,23.0625
2026-05-24 23:54:27.980,23.125
2026-05-24 23:54:33.887,23.0625
2026-05-24 23:54:39.793,23.0625
2026-05-24 23:54:45.699,23.0625
2026-05-24 23:54:51.605,23.0625
2026-05-24 23:54:57.508,23.0625
2026-05-24 23:55:03.413,23.0625
2026-05-24 23:55:09.316,23.0625
2026-05-24 23:55:15.220,23.0625
2026-05-24 23:55:21.124,23.125
2026-05-24 23:55:27.029,23.0625
2026-05-24 23:55:32.934,23.0625
2026-05-24 23:55:38.838,23.0625
2026-05-24 23:55:44.741,23.0625
2026-05-24 23:55:50.645,23.0625
2026-05-24 23:55:56.552,23.0625
2026-05-24 23:56:02.459,23.125
2026-05-24 23:56:08.365,23.0625
2026-05-24 23:56:14.269,23.125
2026-05-24 23:56:20.172,23.0625
2026-05-24 23:56:26.077,23.125
2026-05-24 23:56:31.981,23.0625
2026-05-24 23:56:37.884,23.0625
2026-05-24 23:56:43.790,23.0625
2026-05-24 23:56:49.696,23.125
2026-05-24 23:56:55.600,23.0625
2026-05-24 23:57:01.504,23.0625
2026-05-24 23:57:07.410,23.0625
2026-05-24 23:57:13.316,23.0625
2026-05-24 23:57:19.222,23.0625
2026-05-24 23:57:25.127,23.0625
2026-05-24 23:57:31.030,23.125
2026-05-24 23:57:36.934,23.0625
2026-05-24 23:57:42.838,23.0625
2026-05-24 23:57:48.743,23.0625
2026-05-24 23:57:54.648,23.125
2026-05-24 23:58:00.551,23.0625
2026-05-24 23:58:06.457,23.0625
2026-05-24 23:58:12.363,23.0625
2026-05-24 23:58:18.269,23.0625
2026-05-24 23:58:24.176,23.0625
2026-05-24 23:58:30.082,23.0625
2026-05-24 23:58:35.987,23.0625
2026-05-24 23:58:41.891,23.0625
2026-05-24 23:58:47.795,23.0625
2026-05-24 23:58:53.702,23.0625
2026-05-24 23:58:59.605,23.0625
2026-05-24 23:59:05.511,23.0625
2026-05-24 23:59:11.414,23.0625
2026-05-24 23:59:17.321,23.0625
2026-05-24 23:59:23.227,23.0625
2026-05-24 23:59:29.131,23.0625
2026-05-24 23:59:35.035,23.0625
2026-05-24 23:59:40.941,23.0625
2026-05-24 23:59:46.847,23.0
2026-05-24 23:59:52.751,23.0625
2026-05-24 23:59:58.655,23.0625
2026-05-25 00:00:04.558,23.0625
2026-05-25 00:00:10.462,23.0625
2026-05-25 00:00:16.368,23.0625
2026-05-25 00:00:22.272,23.0625
2026-05-25 00:00:28.178,23.0625
2026-05-25 00:00:34.083,23.0625
2026-05-25 00:00:39.989,23.0625
2026-05-25 00:00:45.896,23.0625
2026-05-25 00:00:51.802,23.0625
2026-05-25 00:00:57.706,23.0625
2026-05-25 00:01:03.610,23.0625
2026-05-25 00:01:09.513,23.0625
2026-05-25 00:01:15.420,23.0
2026-05-25 00:01:21.324,23.0625
2026-05-25 00:01:27.230,23.0625
2026-05-25 00:01:33.136,23.0625
2026-05-25 00:01:39.042,23.0625
2026-05-25 00:01:44.948,23.0625
2026-05-25 00:01:50.854,23.0625
2026-05-25 00:01:56.760,23.0625
2026-05-25 00:02:02.665,23.0625
2026-05-25 00:02:08.570,23.0625
2026-05-25 00:02:14.476,23.0625
2026-05-25 00:02:20.379,23.0625
2026-05-25 00:02:26.283,23.0625
2026-05-25 00:02:32.187,23.0625
2026-05-25 00:02:38.092,23.0625
2026-05-25 00:02:43.998,23.0625
2026-05-25 00:02:49.904,23.0625
2026-05-25 00:02:55.807,23.0625
2026-05-25 00:03:01.711,23.0625
2026-05-25 00:03:07.620,23.0625
2026-05-25 00:03:13.523,23.0625
2026-05-25 00:03:19.427,23.0625
2026-05-25 00:03:25.331,23.0625
2026-05-25 00:03:31.234,23.0625
2026-05-25 00:03:37.141,23.0625
2026-05-25 00:03:43.047,23.0625
2026-05-25 00:03:48.953,23.0625
2026-05-25 00:03:54.858,23.0625
2026-05-25 00:04:00.764,23.0625
2026-05-25 00:04:06.671,23.0625
2026-05-25 00:04:12.577,23.0625
2026-05-25 00:04:18.483,23.0625
2026-05-25 00:04:24.387,23.0625
2026-05-25 00:04:30.293,23.0625
2026-05-25 00:04:36.200,23.0625
2026-05-25 00:04:42.103,23.0625
2026-05-25 00:04:48.007,23.0625
2026-05-25 00:04:53.911,23.0
2026-05-25 00:04:59.815,23.0
2026-05-25 00:05:05.721,23.0625
2026-05-25 00:05:11.627,23.0
2026-05-25 00:05:17.531,23.0625
2026-05-25 00:05:23.434,23.0625
2026-05-25 00:05:29.341,23.0625
2026-05-25 00:05:35.247,23.0625
2026-05-25 00:05:41.151,23.0
2026-05-25 00:05:47.056,23.0625
2026-05-25 00:05:52.960,23.0
2026-05-25 00:05:58.867,23.0
2026-05-25 00:06:04.771,23.0625
2026-05-25 00:06:10.675,23.0625
2026-05-25 00:06:16.578,23.0
2026-05-25 00:06:22.484,23.0625
2026-05-25 00:06:28.389,23.0625
2026-05-25 00:06:34.295,23.0
2026-05-25 00:06:40.201,23.0625
2026-05-25 00:06:46.107,23.0625
2026-05-25 00:06:52.010,23.0625
2026-05-25 00:06:57.915,23.0625
2026-05-25 00:07:03.819,23.0625
2026-05-25 00:07:09.725,23.0625
2026-05-25 00:07:15.628,23.0
2026-05-25 00:07:21.532,23.0625
2026-05-25 00:07:27.437,23.0625
2026-05-25 00:07:33.340,23.0625
2026-05-25 00:07:39.244,23.0625
2026-05-25 00:07:45.148,23.125
2026-05-25 00:07:51.052,23.0625
2026-05-25 00:07:56.958,23.0625
2026-05-25 00:08:02.864,23.0625
2026-05-25 00:08:08.770,23.0625
2026-05-25 00:08:14.676,23.0625
2026-05-25 00:08:20.580,23.0625
2026-05-25 00:08:26.484,23.0625
2026-05-25 00:08:32.388,23.125
2026-05-25 00:08:38.292,23.0625
2026-05-25 00:08:44.195,23.0625
2026-05-25 00:08:50.102,23.0625
2026-05-25 00:08:56.006,23.0625
2026-05-25 00:09:01.910,23.0625
2026-05-25 00:09:07.813,23.0625
2026-05-25 00:09:13.717,23.0625
2026-05-25 00:09:19.624,23.0625
2026-05-25 00:09:25.529,23.125
2026-05-25 00:09:31.433,23.0625
2026-05-25 00:09:37.337,23.0625
2026-05-25 00:09:43.240,23.0625
2026-05-25 00:09:49.145,23.125
2026-05-25 00:09:55.049,23.125
2026-05-25 00:10:00.952,23.0625
2026-05-25 00:10:06.856,23.125
2026-05-25 00:10:12.762,23.0625
2026-05-25 00:10:18.669,23.0625
2026-05-25 00:10:24.575,23.0625
2026-05-25 00:10:30.481,23.0625
2026-05-25 00:10:36.386,23.0625
2026-05-25 00:10:42.291,23.125
2026-05-25 00:10:48.195,23.0625
2026-05-25 00:10:54.098,23.0625
2026-05-25 00:11:00.002,23.0625
2026-05-25 00:11:05.906,23.125
2026-05-25 00:11:11.810,23.0625
2026-05-25 00:11:17.714,23.0625
2026-05-25 00:11:23.620,23.125
2026-05-25 00:11:29.524,23.0625
2026-05-25 00:11:35.429,23.125
2026-05-25 00:11:41.336,23.0625
2026-05-25 00:11:47.244,23.0625
2026-05-25 00:11:53.148,23.0625
2026-05-25 00:11:59.051,23.0625
2026-05-25 00:12:04.957,23.0625
2026-05-25 00:12:10.862,23.0625
2026-05-25 00:12:16.767,23.0625
2026-05-25 00:12:22.671,23.0625
2026-05-25 00:12:28.577,23.0625
2026-05-25 00:12:34.481,23.0625
2026-05-25 00:12:40.385,23.125
2026-05-25 00:12:46.291,23.0625
2026-05-25 00:12:52.197,23.125
2026-05-25 00:12:58.103,23.0625
2026-05-25 00:13:04.006,23.0625
2026-05-25 00:13:09.911,23.125
2026-05-25 00:13:15.815,23.0625
2026-05-25 00:13:21.718,23.0625
2026-05-25 00:13:27.622,23.0
2026-05-25 00:13:33.526,23.0625
2026-05-25 00:13:39.430,23.0625
2026-05-25 00:13:45.338,23.125
2026-05-25 00:13:51.244,23.0625
2026-05-25 00:13:57.150,23.0625
2026-05-25 00:14:03.054,23.0625
2026-05-25 00:14:08.958,23.0625
2026-05-25 00:14:14.864,23.0625
2026-05-25 00:14:20.770,23.0625
2026-05-25 00:14:26.675,23.0625
2026-05-25 00:14:32.582,23.0625
2026-05-25 00:14:38.486,23.0625
2026-05-25 00:14:44.389,23.0625
2026-05-25 00:14:50.293,23.0
2026-05-25 00:14:56.197,23.0
2026-05-25 00:15:02.101,23.0625
2026-05-25 00:15:08.007,23.0625
2026-05-25 00:15:13.913,23.0625
2026-05-25 00:15:19.819,23.0625
2026-05-25 00:15:25.725,23.0625
2026-05-25 00:15:31.629,23.0625
2026-05-25 00:15:37.535,23.0625
2026-05-25 00:15:43.441,23.0625
2026-05-25 00:15:49.344,23.0625
2026-05-25 00:15:55.248,23.0625
2026-05-25 00:16:01.155,23.0625
2026-05-25 00:16:07.059,23.0625
2026-05-25 00:16:12.965,23.0625
2026-05-25 00:16:18.870,23.125
2026-05-25 00:16:24.774,23.125
2026-05-25 00:16:30.678,23.0625
2026-05-25 00:16:36.582,23.0625
2026-05-25 00:16:42.486,23.0625
2026-05-25 00:16:48.389,23.0625
2026-05-25 00:16:54.294,23.0625
2026-05-25 00:17:00.197,23.0625
2026-05-25 00:17:06.101,23.0625
2026-05-25 00:17:12.007,23.0625
2026-05-25 00:17:17.913,23.0625
2026-05-25 00:17:23.818,23.0625
2026-05-25 00:17:29.721,23.0625
2026-05-25 00:17:35.627,23.0625
2026-05-25 00:17:41.531,23.0625
2026-05-25 00:17:47.435,23.0625
2026-05-25 00:17:53.340,23.0625
2026-05-25 00:17:59.243,23.0
2026-05-25 00:18:05.151,23.125
2026-05-25 00:18:11.059,23.0625
2026-05-25 00:18:16.962,23.0625
2026-05-25 00:18:22.867,23.0
2026-05-25 00:18:28.771,23.0625
2026-05-25 00:18:34.674,23.0625
2026-05-25 00:18:40.578,23.0625
2026-05-25 00:18:46.481,23.0625
2026-05-25 00:18:52.388,23.0625
2026-05-25 00:18:58.294,23.0625
2026-05-25 00:19:04.200,23.0625
2026-05-25 00:19:10.105,23.125
2026-05-25 00:19:16.011,23.125
2026-05-25 00:19:21.918,23.0625
2026-05-25 00:19:27.824,23.0625
2026-05-25 00:19:33.730,23.0625
2026-05-25 00:19:39.633,23.0625
2026-05-25 00:19:45.538,23.125
2026-05-25 00:19:51.441,23.125
2026-05-25 00:19:57.345,23.0625
2026-05-25 00:20:03.251,23.125
2026-05-25 00:20:09.155,23.0625
2026-05-25 00:20:15.059,23.0625
2026-05-25 00:20:20.963,23.0625
2026-05-25 00:20:26.867,23.0625
2026-05-25 00:20:32.770,23.0625
2026-05-25 00:20:38.674,23.0625
2026-05-25 00:20:44.581,23.0625
2026-05-25 00:20:50.487,23.0625
2026-05-25 00:20:56.393,23.0625
2026-05-25 00:21:02.300,23.0625
2026-05-25 00:21:08.204,23.0625
2026-05-25 00:21:14.108,23.0625
2026-05-25 00:21:20.012,23.125
2026-05-25 00:21:25.916,23.0625
2026-05-25 00:21:31.819,23.0625
2026-05-25 00:21:37.726,23.0625
2026-05-25 00:21:43.632,23.0625
2026-05-25 00:21:49.538,23.0625
2026-05-25 00:21:55.444,23.0625
2026-05-25 00:22:01.350,23.0625
2026-05-25 00:22:07.253,23.125
2026-05-25 00:22:13.161,23.0625
2026-05-25 00:22:19.066,23.0625
2026-05-25 00:22:24.970,23.125
2026-05-25 00:22:30.873,23.0625
2026-05-25 00:22:36.778,23.0625
2026-05-25 00:22:42.682,23.0625
2026-05-25 00:22:48.587,23.0625
2026-05-25 00:22:54.491,23.0625
2026-05-25 00:23:00.397,23.125
2026-05-25 00:23:06.304,23.0625
2026-05-25 00:23:12.207,23.125
2026-05-25 00:23:18.113,23.0625
2026-05-25 00:23:24.019,23.0
2026-05-25 00:23:29.925,23.0625
2026-05-25 00:23:35.832,23.0625
2026-05-25 00:23:41.737,23.0625
2026-05-25 00:23:47.643,23.125
2026-05-25 00:23:53.547,23.125
2026-05-25 00:23:59.452,23.0625
2026-05-25 00:24:05.357,23.0625
2026-05-25 00:24:11.261,23.0625
2026-05-25 00:24:17.164,23.0625
2026-05-25 00:24:23.070,23.0625
2026-05-25 00:24:28.974,23.0625
2026-05-25 00:24:34.881,23.0625
2026-05-25 00:24:40.787,23.0625
2026-05-25 00:24:46.693,23.125
2026-05-25 00:24:52.596,23.0625
2026-05-25 00:24:58.500,23.0625
2026-05-25 00:25:04.404,23.0625
2026-05-25 00:25:10.310,23.0625
2026-05-25 00:25:16.216,23.0625
2026-05-25 00:25:22.120,23.0
2026-05-25 00:25:28.027,23.0625
2026-05-25 00:25:33.930,23.0625
2026-05-25 00:25:39.834,23.125
2026-05-25 00:25:45.740,23.0625
2026-05-25 00:25:51.646,23.0625
2026-05-25 00:25:57.550,23.0625
2026-05-25 00:26:03.454,23.0625
2026-05-25 00:26:09.358,23.0625
2026-05-25 00:26:15.263,23.0
2026-05-25 00:26:21.169,23.0625
2026-05-25 00:26:27.076,23.0625
2026-05-25 00:26:32.980,23.0
2026-05-25 00:26:38.884,23.0625
2026-05-25 00:26:44.787,23.0625
2026-05-25 00:26:50.693,23.0625
2026-05-25 00:26:56.600,23.0625
2026-05-25 00:27:02.506,23.0625
2026-05-25 00:27:08.409,23.0625
2026-05-25 00:27:14.313,23.0625
2026-05-25 00:27:20.216,23.0625
2026-05-25 00:27:26.121,23.0625
2026-05-25 00:27:32.024,23.0625
2026-05-25 00:27:37.928,23.0625
2026-05-25 00:27:43.834,23.0625
2026-05-25 00:27:49.742,23.0625
2026-05-25 00:27:55.649,23.0625
2026-05-25 00:28:01.552,23.0
2026-05-25 00:28:07.456,23.0625
2026-05-25 00:28:13.360,23.0625
2026-05-25 00:28:19.266,23.0625
2026-05-25 00:28:25.172,23.0
2026-05-25 00:28:31.080,23.0625
2026-05-25 00:28:36.986,23.0625
2026-05-25 00:28:42.892,23.0625
2026-05-25 00:28:48.796,23.0625
2026-05-25 00:28:54.700,23.0625
2026-05-25 00:29:00.604,23.0625
2026-05-25 00:29:06.507,23.0625
2026-05-25 00:29:12.411,23.0
2026-05-25 00:29:18.315,23.0625
2026-05-25 00:29:24.219,23.0625
2026-05-25 00:29:30.123,23.0625
2026-05-25 00:29:36.026,23.0
2026-05-25 00:29:41.930,23.0625
2026-05-25 00:29:47.835,23.0
2026-05-25 00:29:53.738,23.0625
2026-05-25 00:29:59.642,23.0
2026-05-25 00:30:05.548,23.0625
2026-05-25 00:30:11.454,23.0625
2026-05-25 00:30:17.358,23.0625
2026-05-25 00:30:23.262,23.0625
2026-05-25 00:30:29.166,23.0625
2026-05-25 00:30:35.069,23.0625
2026-05-25 00:30:40.973,23.0
2026-05-25 00:30:46.878,23.0625
2026-05-25 00:30:52.782,23.0625
2026-05-25 00:30:58.685,23.0625
2026-05-25 00:31:04.591,23.0625
2026-05-25 00:31:10.495,23.0
2026-05-25 00:31:16.399,23.0625
2026-05-25 00:31:22.303,23.0625
2026-05-25 00:31:28.207,23.0
2026-05-25 00:31:34.113,23.0625
2026-05-25 00:31:40.019,23.0625
2026-05-25 00:31:45.925,23.0625
2026-05-25 00:31:51.831,23.0625
2026-05-25 00:31:57.735,23.0625
2026-05-25 00:32:03.638,23.0625
2026-05-25 00:32:09.543,23.0625
2026-05-25 00:32:15.449,23.0625
2026-05-25 00:32:21.355,23.125
2026-05-25 00:32:27.258,23.0625
2026-05-25 00:32:33.164,23.0625
2026-05-25 00:32:39.071,23.0625
2026-05-25 00:32:44.977,23.0625
2026-05-25 00:32:50.880,23.0625
2026-05-25 00:32:56.786,23.0625
2026-05-25 00:33:02.690,23.0625
2026-05-25 00:33:08.594,23.0625
2026-05-25 00:33:14.500,23.0625
2026-05-25 00:33:20.405,23.0625
2026-05-25 00:33:26.309,23.125
2026-05-25 00:33:32.215,23.0625
2026-05-25 00:33:38.124,23.0625
2026-05-25 00:33:44.029,23.0625
2026-05-25 00:33:49.933,23.0625
2026-05-25 00:33:55.836,23.0625
2026-05-25 00:34:01.740,23.0625
2026-05-25 00:34:07.645,23.0625
2026-05-25 00:34:13.548,23.0625
2026-05-25 00:34:19.452,23.0625
2026-05-25 00:34:25.358,23.0625
2026-05-25 00:34:31.262,23.125
2026-05-25 00:34:37.168,23.0625
2026-05-25 00:34:43.074,23.0625
2026-05-25 00:34:48.978,23.0625
2026-05-25 00:34:54.881,23.0625
2026-05-25 00:35:00.786,23.0625
2026-05-25 00:35:06.692,23.0625
2026-05-25 00:35:12.598,23.0625
2026-05-25 00:35:18.503,23.0625
2026-05-25 00:35:24.406,23.0625
2026-05-25 00:35:30.311,23.125
2026-05-25 00:35:36.215,23.0625
2026-05-25 00:35:42.118,23.0625
2026-05-25 00:35:48.022,23.0625
2026-05-25 00:35:53.928,23.0625
2026-05-25 00:35:59.832,23.0625
2026-05-25 00:36:05.736,23.0625
2026-05-25 00:36:11.642,23.0625
2026-05-25 00:36:17.546,23.0625
2026-05-25 00:36:23.449,23.0625
2026-05-25 00:36:29.354,23.125
2026-05-25 00:36:35.257,23.0625
2026-05-25 00:36:41.161,23.0625
2026-05-25 00:36:47.065,23.0625
2026-05-25 00:36:52.971,23.0625
2026-05-25 00:36:58.877,23.0625
2026-05-25 00:37:04.781,23.0625
2026-05-25 00:37:10.687,23.0625
2026-05-25 00:37:16.593,23.0625
2026-05-25 00:37:22.497,23.0625
2026-05-25 00:37:28.401,23.0625
2026-05-25 00:37:34.307,23.125
2026-05-25 00:37:40.213,23.0625
2026-05-25 00:37:46.119,23.0
2026-05-25 00:37:52.025,23.0625
2026-05-25 00:37:57.931,23.0625
2026-05-25 00:38:03.837,23.0625
2026-05-25 00:38:09.741,23.0625
2026-05-25 00:38:15.644,23.0625
2026-05-25 00:38:21.549,23.0
2026-05-25 00:38:27.452,23.0625
2026-05-25 00:38:33.358,23.0625
2026-05-25 00:38:39.262,23.0625
2026-05-25 00:38:45.165,23.0625
2026-05-25 00:38:51.070,23.0625
2026-05-25 00:38:56.974,23.0625
2026-05-25 00:39:02.877,23.0625
2026-05-25 00:39:08.783,23.0625
2026-05-25 00:39:14.686,23.0625
2026-05-25 00:39:20.593,23.0625
2026-05-25 00:39:26.499,23.0625
2026-05-25 00:39:32.402,23.0625
2026-05-25 00:39:38.306,23.0625
2026-05-25 00:39:44.210,23.0625
2026-05-25 00:39:50.114,23.0625
2026-05-25 00:39:56.018,23.0625
2026-05-25 00:40:01.922,23.0625
2026-05-25 00:40:07.825,23.0625
2026-05-25 00:40:13.730,23.0
2026-05-25 00:40:19.636,23.0625
2026-05-25 00:40:25.539,23.0625
2026-05-25 00:40:31.443,23.0625
2026-05-25 00:40:37.349,23.0625
2026-05-25 00:40:43.254,23.0625
2026-05-25 00:40:49.159,23.0625
2026-05-25 00:40:55.063,23.0625
2026-05-25 00:41:00.966,23.0625
2026-05-25 00:41:06.870,23.0625
2026-05-25 00:41:12.774,23.0625
2026-05-25 00:41:18.678,23.0
2026-05-25 00:41:24.584,23.0625
2026-05-25 00:41:30.488,23.0625
2026-05-25 00:41:36.394,23.0
2026-05-25 00:41:42.298,23.0
2026-05-25 00:41:48.202,23.0
2026-05-25 00:41:54.105,23.0625
2026-05-25 00:42:00.009,23.0
2026-05-25 00:42:05.913,23.0625
2026-05-25 00:42:11.817,23.0
2026-05-25 00:42:17.721,23.0
2026-05-25 00:42:23.625,23.0
2026-05-25 00:42:29.528,23.0625
2026-05-25 00:42:35.434,23.0
2026-05-25 00:42:41.341,23.0
2026-05-25 00:42:47.247,23.0625
2026-05-25 00:42:53.153,23.0
2026-05-25 00:42:59.059,23.0
2026-05-25 00:43:04.962,23.0
2026-05-25 00:43:10.867,23.0
2026-05-25 00:43:16.770,23.0625
2026-05-25 00:43:22.676,23.0
2026-05-25 00:43:28.582,23.0
2026-05-25 00:43:34.489,23.0625
2026-05-25 00:43:40.394,23.0
2026-05-25 00:43:46.300,23.0625
2026-05-25 00:43:52.204,23.0625
2026-05-25 00:43:58.108,23.0
2026-05-25 00:44:04.012,23.0625
2026-05-25 00:44:09.918,23.0
2026-05-25 00:44:15.824,23.0625
2026-05-25 00:44:21.730,23.0
2026-05-25 00:44:27.636,23.0625
2026-05-25 00:44:33.542,23.0625
2026-05-25 00:44:39.448,23.0625
2026-05-25 00:44:45.354,23.0
2026-05-25 00:44:51.259,23.0625
2026-05-25 00:44:57.163,23.0
2026-05-25 00:45:03.068,23.0625
2026-05-25 00:45:08.972,23.0625
2026-05-25 00:45:14.875,23.0
2026-05-25 00:45:20.781,23.0
2026-05-25 00:45:26.687,23.0
2026-05-25 00:45:32.595,23.0625
2026-05-25 00:45:38.499,23.0
2026-05-25 00:45:44.403,23.0
2026-05-25 00:45:50.306,23.0625
2026-05-25 00:45:56.210,23.0
2026-05-25 00:46:02.115,23.0625
2026-05-25 00:46:08.018,23.0625
2026-05-25 00:46:13.922,23.0625
2026-05-25 00:46:19.826,23.0625
2026-05-25 00:46:25.730,23.0625
2026-05-25 00:46:31.636,23.0625
2026-05-25 00:46:37.542,23.0625
2026-05-25 00:46:43.446,23.0
2026-05-25 00:46:49.352,23.0625
2026-05-25 00:46:55.259,23.0625
2026-05-25 00:47:01.164,23.0625
2026-05-25 00:47:07.070,23.0625
2026-05-25 00:47:12.976,23.0625
2026-05-25 00:47:18.880,23.0625
2026-05-25 00:47:24.785,23.0625
2026-05-25 00:47:30.688,23.0625
2026-05-25 00:47:36.592,23.0625
2026-05-25 00:47:42.496,23.0625
2026-05-25 00:47:48.399,23.0625
2026-05-25 00:47:54.306,23.0625
2026-05-25 00:48:00.212,23.0625
2026-05-25 00:48:06.116,23.0625
2026-05-25 00:48:12.022,23.125
2026-05-25 00:48:17.925,23.0625
2026-05-25 00:48:23.830,23.0625
2026-05-25 00:48:29.734,23.0625
2026-05-25 00:48:35.638,23.0
2026-05-25 00:48:41.541,23.0
2026-05-25 00:48:47.445,23.0625
2026-05-25 00:48:53.350,23.0
2026-05-25 00:48:59.254,23.0625
2026-05-25 00:49:05.160,23.0625
2026-05-25 00:49:11.066,23.0625
2026-05-25 00:49:16.972,23.0625
2026-05-25 00:49:22.876,23.125
2026-05-25 00:49:28.779,23.0625
2026-05-25 00:49:34.683,23.0625
2026-05-25 00:49:40.587,23.0625
2026-05-25 00:49:46.491,23.0625
2026-05-25 00:49:52.395,23.0625
2026-05-25 00:49:58.299,23.0625
2026-05-25 00:50:04.205,23.0625
2026-05-25 00:50:10.108,23.0625
2026-05-25 00:50:16.015,23.0625
2026-05-25 00:50:21.921,23.0625
2026-05-25 00:50:27.827,23.0625
2026-05-25 00:50:33.730,23.0625
2026-05-25 00:50:39.634,23.125
2026-05-25 00:50:45.539,23.0625
2026-05-25 00:50:51.442,23.0625
2026-05-25 00:50:57.346,23.0625
2026-05-25 00:51:03.250,23.0625
2026-05-25 00:51:09.153,23.0625
2026-05-25 00:51:15.060,23.0625
2026-05-25 00:51:20.966,23.0
2026-05-25 00:51:26.872,23.0625
2026-05-25 00:51:32.776,23.0625
2026-05-25 00:51:38.679,23.0625
2026-05-25 00:51:44.586,23.0625
2026-05-25 00:51:50.490,23.0625
2026-05-25 00:51:56.396,23.0625
2026-05-25 00:52:02.302,23.0625
2026-05-25 00:52:08.209,23.0625
2026-05-25 00:52:14.114,23.0625
2026-05-25 00:52:20.018,23.0625
2026-05-25 00:52:25.922,23.0625
2026-05-25 00:52:31.825,23.0625
2026-05-25 00:52:37.733,23.125
2026-05-25 00:52:43.638,23.0625
2026-05-25 00:52:49.544,23.0625
2026-05-25 00:52:55.448,23.0625
2026-05-25 00:53:01.352,23.0625
2026-05-25 00:53:07.256,23.0625
2026-05-25 00:53:13.160,23.0625
2026-05-25 00:53:19.064,23.0625
2026-05-25 00:53:24.967,23.0625
2026-05-25 00:53:30.871,23.0625
2026-05-25 00:53:36.776,23.0625
2026-05-25 00:53:42.682,23.0625
2026-05-25 00:53:48.587,23.0625
2026-05-25 00:53:54.493,23.0625
2026-05-25 00:54:00.399,23.0625
2026-05-25 00:54:06.306,23.0625
2026-05-25 00:54:12.212,23.0625
2026-05-25 00:54:18.118,23.0625
2026-05-25 00:54:24.023,23.0625
2026-05-25 00:54:29.929,23.0625
2026-05-25 00:54:35.834,23.0625
2026-05-25 00:54:41.738,23.0625
2026-05-25 00:54:47.641,23.0625
2026-05-25 00:54:53.545,23.0625
2026-05-25 00:54:59.452,23.0625
2026-05-25 00:55:05.358,23.0625
2026-05-25 00:55:11.263,23.0625
2026-05-25 00:55:17.167,23.0625
2026-05-25 00:55:23.071,23.0625
2026-05-25 00:55:28.975,23.0625
2026-05-25 00:55:34.879,23.0625
2026-05-25 00:55:40.785,23.0625
2026-05-25 00:55:46.691,23.0625
2026-05-25 00:55:52.594,23.0625
2026-05-25 00:55:58.499,23.0
2026-05-25 00:56:04.403,23.0625
2026-05-25 00:56:10.307,23.0625
2026-05-25 00:56:16.210,23.0625
2026-05-25 00:56:22.114,23.0625
2026-05-25 00:56:28.019,23.0625
2026-05-25 00:56:33.922,23.0
2026-05-25 00:56:39.826,23.0625
2026-05-25 00:56:45.732,23.0625
2026-05-25 00:56:51.635,23.0625
2026-05-25 00:56:57.542,23.0625
2026-05-25 00:57:03.448,23.0625
2026-05-25 00:57:09.354,23.0625
2026-05-25 00:57:15.260,23.0625
2026-05-25 00:57:21.164,23.0
2026-05-25 00:57:27.068,23.0625
2026-05-25 00:57:32.972,23.0625
2026-05-25 00:57:38.878,23.0625
2026-05-25 00:57:44.781,23.0625
2026-05-25 00:57:50.687,23.0625
2026-05-25 00:57:56.594,23.0625
2026-05-25 00:58:02.500,23.0625
2026-05-25 00:58:08.406,23.0625
2026-05-25 00:58:14.311,23.0625
2026-05-25 00:58:20.218,23.0625
2026-05-25 00:58:26.124,23.0625
2026-05-25 00:58:32.027,23.0625
2026-05-25 00:58:37.931,23.0625
2026-05-25 00:58:43.835,23.0625
2026-05-25 00:58:49.739,23.0625
2026-05-25 00:58:55.643,23.0625
2026-05-25 00:59:01.547,23.0625
2026-05-25 00:59:07.450,23.0625
2026-05-25 00:59:13.354,23.0625
2026-05-25 00:59:19.259,23.0625
2026-05-25 00:59:25.162,23.0625
2026-05-25 00:59:31.068,23.0625
2026-05-25 00:59:36.972,23.0625
2026-05-25 00:59:42.876,23.0625
2026-05-25 00:59:48.780,23.0
2026-05-25 00:59:54.686,23.0625
2026-05-25 01:00:00.592,23.0625
2026-05-25 01:00:06.498,23.0
2026-05-25 01:00:12.404,23.0625
2026-05-25 01:00:18.311,23.0625
2026-05-25 01:00:24.214,23.0625
2026-05-25 01:00:30.118,23.0625
2026-05-25 01:00:36.022,23.0625
2026-05-25 01:00:41.926,23.0625
2026-05-25 01:00:47.830,23.0625
2026-05-25 01:00:53.734,23.0625
2026-05-25 01:00:59.638,23.0625
2026-05-25 01:01:05.541,23.125
2026-05-25 01:01:11.446,23.0625
2026-05-25 01:01:17.350,23.0625
2026-05-25 01:01:23.253,23.0625
2026-05-25 01:01:29.159,23.0625
2026-05-25 01:01:35.062,23.0625
2026-05-25 01:01:40.970,23.0625
2026-05-25 01:01:46.875,23.0625
2026-05-25 01:01:52.781,23.0625
2026-05-25 01:01:58.687,23.0625
2026-05-25 01:02:04.592,23.125
2026-05-25 01:02:10.497,23.0625
2026-05-25 01:02:16.401,23.0625
2026-05-25 01:02:22.305,23.0625
2026-05-25 01:02:28.208,23.0625
2026-05-25 01:02:34.112,23.0625
2026-05-25 01:02:40.017,23.0625
2026-05-25 01:02:45.923,23.125
2026-05-25 01:02:51.828,23.0625
2026-05-25 01:02:57.734,23.125
2026-05-25 01:03:03.638,23.125
2026-05-25 01:03:09.542,23.0625
2026-05-25 01:03:15.446,23.0625
2026-05-25 01:03:21.350,23.125
2026-05-25 01:03:27.253,23.0625
2026-05-25 01:03:33.157,23.0625
2026-05-25 01:03:39.062,23.0625
2026-05-25 01:03:44.965,23.0625
2026-05-25 01:03:50.872,23.125
2026-05-25 01:03:56.775,23.0625
2026-05-25 01:04:02.682,23.125
2026-05-25 01:04:08.588,23.0625
2026-05-25 01:04:14.494,23.125
2026-05-25 01:04:20.397,23.0625
2026-05-25 01:04:26.301,23.0625
2026-05-25 01:04:32.206,23.125
2026-05-25 01:04:38.109,23.125
2026-05-25 01:04:44.013,23.0625
2026-05-25 01:04:49.919,23.0625
2026-05-25 01:04:55.824,23.0625
2026-05-25 01:05:01.729,23.0625
2026-05-25 01:05:07.635,23.125
2026-05-25 01:05:13.539,23.0625
2026-05-25 01:05:19.442,23.0625
2026-05-25 01:05:25.346,23.125
2026-05-25 01:05:31.251,23.0625
2026-05-25 01:05:37.154,23.0625
2026-05-25 01:05:43.060,23.0625
2026-05-25 01:05:48.966,23.0625
2026-05-25 01:05:54.869,23.0625
2026-05-25 01:06:00.774,23.0625
2026-05-25 01:06:06.678,23.0625
2026-05-25 01:06:12.581,23.0625
2026-05-25 01:06:18.485,23.0625
2026-05-25 01:06:24.389,23.0625
2026-05-25 01:06:30.293,23.0625
2026-05-25 01:06:36.199,23.0625
2026-05-25 01:06:42.105,23.0625
2026-05-25 01:06:48.011,23.0625
2026-05-25 01:06:53.915,23.0625
2026-05-25 01:06:59.821,23.0625
2026-05-25 01:07:05.729,23.0625
2026-05-25 01:07:11.634,23.125
2026-05-25 01:07:17.540,23.0625
2026-05-25 01:07:23.447,23.0625
2026-05-25 01:07:29.351,23.0625
2026-05-25 01:07:35.254,23.0625
2026-05-25 01:07:41.158,23.0625
2026-05-25 01:07:47.061,23.0625
2026-05-25 01:07:52.968,23.0625
2026-05-25 01:07:58.874,23.0625
2026-05-25 01:08:04.780,23.0625
2026-05-25 01:08:10.686,23.0
2026-05-25 01:08:16.592,23.0625
2026-05-25 01:08:22.497,23.0
2026-05-25 01:08:28.400,23.0625
2026-05-25 01:08:34.304,23.0
2026-05-25 01:08:40.208,23.0625
2026-05-25 01:08:46.111,23.0625
2026-05-25 01:08:52.016,23.0625
2026-05-25 01:08:57.920,23.0625
2026-05-25 01:09:03.823,23.0625
2026-05-25 01:09:09.729,23.0625
2026-05-25 01:09:15.633,23.0625
2026-05-25 01:09:21.538,23.0625
2026-05-25 01:09:27.441,23.0625
2026-05-25 01:09:33.345,23.0625
2026-05-25 01:09:39.249,23.0
2026-05-25 01:09:45.156,23.0625
2026-05-25 01:09:51.061,23.0625
2026-05-25 01:09:56.967,23.0625
2026-05-25 01:10:02.871,23.0625
2026-05-25 01:10:08.774,23.0625
2026-05-25 01:10:14.679,23.0625
2026-05-25 01:10:20.583,23.0625
2026-05-25 01:10:26.486,23.0625
2026-05-25 01:10:32.392,23.0625
2026-05-25 01:10:38.298,23.0625
2026-05-25 01:10:44.205,23.0625
2026-05-25 01:10:50.110,23.0
2026-05-25 01:10:56.014,23.0625
2026-05-25 01:11:01.918,23.0625
2026-05-25 01:11:07.821,23.0625
2026-05-25 01:11:13.729,23.125
2026-05-25 01:11:19.632,23.0
2026-05-25 01:11:25.536,23.0625
2026-05-25 01:11:31.442,23.0625
2026-05-25 01:11:37.345,23.0625
2026-05-25 01:11:43.250,23.0625
2026-05-25 01:11:49.154,23.0
2026-05-25 01:11:55.057,23.0625
2026-05-25 01:12:00.961,23.0625
2026-05-25 01:12:06.867,23.0625
2026-05-25 01:12:12.771,23.0625
2026-05-25 01:12:18.675,23.0625
2026-05-25 01:12:24.579,23.0625
2026-05-25 01:12:30.482,23.0625
2026-05-25 01:12:36.386,23.0625
2026-05-25 01:12:42.291,23.0625
2026-05-25 01:12:48.194,23.0625
2026-05-25 01:12:54.100,23.0625
2026-05-25 01:13:00.004,23.0625
2026-05-25 01:13:05.911,23.0625
2026-05-25 01:13:11.814,23.0625
2026-05-25 01:13:17.718,23.0625
2026-05-25 01:13:23.624,23.0625
2026-05-25 01:13:29.527,23.0625
2026-05-25 01:13:35.434,23.0625
2026-05-25 01:13:41.339,23.0625
2026-05-25 01:13:47.245,23.0625
2026-05-25 01:13:53.151,23.125
2026-05-25 01:13:59.057,23.0625
2026-05-25 01:14:04.961,23.0625
2026-05-25 01:14:10.867,23.0625
2026-05-25 01:14:16.771,23.0625
2026-05-25 01:14:22.675,23.0625
2026-05-25 01:14:28.578,23.0625
2026-05-25 01:14:34.483,23.0625
2026-05-25 01:14:40.386,23.0625
2026-05-25 01:14:46.290,23.0625
2026-05-25 01:14:52.196,23.0625
2026-05-25 01:14:58.102,23.0625
2026-05-25 01:15:04.007,23.0625
2026-05-25 01:15:09.912,23.0625
2026-05-25 01:15:15.816,23.0625
2026-05-25 01:15:21.721,23.0625
2026-05-25 01:15:27.627,23.0625
2026-05-25 01:15:33.534,23.0625
2026-05-25 01:15:39.442,23.0625
2026-05-25 01:15:45.347,23.0625
2026-05-25 01:15:51.251,23.0625
2026-05-25 01:15:57.155,23.125
2026-05-25 01:16:03.062,23.0625
2026-05-25 01:16:08.967,23.0625
2026-05-25 01:16:14.873,23.0625
2026-05-25 01:16:20.777,23.0625
2026-05-25 01:16:26.684,23.125
2026-05-25 01:16:32.590,23.0625
2026-05-25 01:16:38.497,23.125
2026-05-25 01:16:44.403,23.125
2026-05-25 01:16:50.307,23.0625
2026-05-25 01:16:56.211,23.0625
2026-05-25 01:17:02.115,23.125
2026-05-25 01:17:08.019,23.0625
2026-05-25 01:17:13.925,23.0625
2026-05-25 01:17:19.830,23.0625
2026-05-25 01:17:25.737,23.0625
2026-05-25 01:17:31.642,23.0625
2026-05-25 01:17:37.546,23.125
2026-05-25 01:17:43.450,23.0625
2026-05-25 01:17:49.356,23.0625
2026-05-25 01:17:55.262,23.0625
2026-05-25 01:18:01.168,23.0625
2026-05-25 01:18:07.074,23.0625
2026-05-25 01:18:12.980,23.125
2026-05-25 01:18:18.885,23.0625
2026-05-25 01:18:24.792,23.0625
2026-05-25 01:18:30.695,23.0625
2026-05-25 01:18:36.599,23.125
2026-05-25 01:18:42.503,23.0625
2026-05-25 01:18:48.410,23.125
2026-05-25 01:18:54.315,23.0625
2026-05-25 01:19:00.221,23.0625
2026-05-25 01:19:06.124,23.125
2026-05-25 01:19:12.028,23.125
2026-05-25 01:19:17.934,23.0625
2026-05-25 01:19:23.840,23.0625
2026-05-25 01:19:29.746,23.0625
2026-05-25 01:19:35.652,23.125
2026-05-25 01:19:41.555,23.0625
2026-05-25 01:19:47.460,23.125
2026-05-25 01:19:53.364,23.0625
2026-05-25 01:19:59.267,23.0625
2026-05-25 01:20:05.173,23.0625
2026-05-25 01:20:11.077,23.0625
2026-05-25 01:20:16.981,23.125
2026-05-25 01:20:22.885,23.0625
2026-05-25 01:20:28.791,23.0625
2026-05-25 01:20:34.696,23.0625
2026-05-25 01:20:40.602,23.0625
2026-05-25 01:20:46.509,23.0625
2026-05-25 01:20:52.413,23.0625
2026-05-25 01:20:58.316,23.0625
2026-05-25 01:21:04.222,23.0625
2026-05-25 01:21:10.127,23.0625
2026-05-25 01:21:16.032,23.0625
2026-05-25 01:21:21.937,23.0625
2026-05-25 01:21:27.843,23.0625
2026-05-25 01:21:33.749,23.0625
2026-05-25 01:21:39.654,23.0
2026-05-25 01:21:45.558,23.0625
2026-05-25 01:21:51.461,23.0625
2026-05-25 01:21:57.365,23.0625
2026-05-25 01:22:03.268,23.0625
2026-05-25 01:22:09.173,23.0625
2026-05-25 01:22:15.077,23.0625
2026-05-25 01:22:20.980,23.0625
2026-05-25 01:22:26.884,23.0625
2026-05-25 01:22:32.790,23.0625
2026-05-25 01:22:38.697,23.0625
2026-05-25 01:22:44.600,23.0625
2026-05-25 01:22:50.506,23.0625
2026-05-25 01:22:56.412,23.0625
2026-05-25 01:23:02.318,23.0625
2026-05-25 01:23:08.222,23.0
2026-05-25 01:23:14.128,23.0
2026-05-25 01:23:20.034,23.0625
2026-05-25 01:23:25.937,23.0625
2026-05-25 01:23:31.841,23.0625
2026-05-25 01:23:37.746,23.0625
2026-05-25 01:23:43.649,23.0
2026-05-25 01:23:49.555,23.0
2026-05-25 01:23:55.461,23.0625
2026-05-25 01:24:01.366,23.0625
2026-05-25 01:24:07.273,23.0625
2026-05-25 01:24:13.177,23.0625
2026-05-25 01:24:19.082,23.0625
2026-05-25 01:24:24.988,23.0
2026-05-25 01:24:30.895,23.0625
2026-05-25 01:24:36.798,23.0625
2026-05-25 01:24:42.702,23.0625
2026-05-25 01:24:48.606,23.0625
2026-05-25 01:24:54.512,23.0625
2026-05-25 01:25:00.416,23.0625
2026-05-25 01:25:06.322,23.0625
2026-05-25 01:25:12.228,23.0625
2026-05-25 01:25:18.134,23.0
2026-05-25 01:25:24.037,23.0
2026-05-25 01:25:29.942,23.0625
2026-05-25 01:25:35.846,23.0
2026-05-25 01:25:41.749,23.0625
2026-05-25 01:25:47.653,23.0
2026-05-25 01:25:53.557,23.125
2026-05-25 01:25:59.464,23.0625
2026-05-25 01:26:05.369,23.0625
2026-05-25 01:26:11.275,23.0625
2026-05-25 01:26:17.179,23.0625
2026-05-25 01:26:23.085,23.0625
2026-05-25 01:26:28.991,23.0
2026-05-25 01:26:34.895,23.0
2026-05-25 01:26:40.799,23.0625
2026-05-25 01:26:46.702,23.0625
2026-05-25 01:26:52.606,23.0625
2026-05-25 01:26:58.511,23.0625
2026-05-25 01:27:04.414,23.0625
2026-05-25 01:27:10.318,23.0625
2026-05-25 01:27:16.222,23.0625
2026-05-25 01:27:22.127,23.0625
2026-05-25 01:27:28.032,23.0625
2026-05-25 01:27:33.938,23.0625
2026-05-25 01:27:39.844,23.0
2026-05-25 01:27:45.750,23.0625
2026-05-25 01:27:51.656,23.0625
2026-05-25 01:27:57.560,23.0625
2026-05-25 01:28:03.464,23.0625
2026-05-25 01:28:09.367,23.0625
2026-05-25 01:28:15.273,23.0625
2026-05-25 01:28:21.178,23.0625
2026-05-25 01:28:27.084,23.0625
2026-05-25 01:28:32.989,23.125
2026-05-25 01:28:38.893,23.0
2026-05-25 01:28:44.799,23.0625
2026-05-25 01:28:50.704,23.0625
2026-05-25 01:28:56.607,23.0
2026-05-25 01:29:02.511,23.0625
2026-05-25 01:29:08.417,23.0
2026-05-25 01:29:14.322,23.0
2026-05-25 01:29:20.229,23.0625
2026-05-25 01:29:26.135,23.0625
2026-05-25 01:29:32.039,23.0625
2026-05-25 01:29:37.945,23.0625
2026-05-25 01:29:43.850,23.0625
2026-05-25 01:29:49.755,23.0625
2026-05-25 01:29:55.659,23.0625
2026-05-25 01:30:01.562,23.0625
2026-05-25 01:30:07.466,23.0625
2026-05-25 01:30:13.369,23.0625
2026-05-25 01:30:19.274,23.0625
2026-05-25 01:30:25.178,23.0625
2026-05-25 01:30:31.081,23.0625
2026-05-25 01:30:36.987,23.0625
2026-05-25 01:30:42.894,23.0625
2026-05-25 01:30:48.799,23.0625
2026-05-25 01:30:54.706,23.0625
2026-05-25 01:31:00.609,23.0625
2026-05-25 01:31:06.513,23.0625
2026-05-25 01:31:12.417,23.0625
2026-05-25 01:31:18.321,23.125
2026-05-25 01:31:24.227,23.0625
2026-05-25 01:31:30.133,23.0625
2026-05-25 01:31:36.038,23.0625
2026-05-25 01:31:41.943,23.125
2026-05-25 01:31:47.847,23.0625
2026-05-25 01:31:53.750,23.0625
2026-05-25 01:31:59.654,23.125
2026-05-25 01:32:05.560,23.0625
2026-05-25 01:32:11.466,23.0625
2026-05-25 01:32:17.372,23.0625
2026-05-25 01:32:23.278,23.0625
2026-05-25 01:32:29.184,23.0625
2026-05-25 01:32:35.090,23.0625
2026-05-25 01:32:40.996,23.125
2026-05-25 01:32:46.902,23.0625
2026-05-25 01:32:52.806,23.0625
2026-05-25 01:32:58.712,23.0625
2026-05-25 01:33:04.616,23.0625
2026-05-25 01:33:10.523,23.0625
2026-05-25 01:33:16.426,23.0625
2026-05-25 01:33:22.332,23.0625
2026-05-25 01:33:28.236,23.125
2026-05-25 01:33:34.141,23.0625
2026-05-25 01:33:40.044,23.0625
2026-05-25 01:33:45.948,23.0625
2026-05-25 01:33:51.853,23.0
2026-05-25 01:33:57.759,23.0625
2026-05-25 01:34:03.666,23.0625
2026-05-25 01:34:09.570,23.0625
2026-05-25 01:34:15.473,23.0625
2026-05-25 01:34:21.377,23.0625
2026-05-25 01:34:27.281,23.0625
2026-05-25 01:34:33.186,23.0
2026-05-25 01:34:39.091,23.0625
2026-05-25 01:34:44.997,23.0625
2026-05-25 01:34:50.903,23.0
2026-05-25 01:34:56.807,23.0625
2026-05-25 01:35:02.711,23.0
2026-05-25 01:35:08.618,23.0625
2026-05-25 01:35:14.525,23.0625
2026-05-25 01:35:20.429,23.0625
2026-05-25 01:35:26.335,23.0625
2026-05-25 01:35:32.239,23.0625
2026-05-25 01:35:38.143,23.0
2026-05-25 01:35:44.048,23.0
2026-05-25 01:35:49.952,23.0625
2026-05-25 01:35:55.857,23.0
2026-05-25 01:36:01.764,23.0625
2026-05-25 01:36:07.670,23.0625
2026-05-25 01:36:13.576,23.0625
2026-05-25 01:36:19.482,23.0
2026-05-25 01:36:25.387,23.0625
2026-05-25 01:36:31.291,23.0
2026-05-25 01:36:37.194,23.0625
2026-05-25 01:36:43.098,23.0625
2026-05-25 01:36:49.004,23.0
2026-05-25 01:36:54.908,23.0
2026-05-25 01:37:00.814,23.0625
2026-05-25 01:37:06.718,23.0625
2026-05-25 01:37:12.621,23.0625
2026-05-25 01:37:18.525,23.0625
2026-05-25 01:37:24.430,23.0625
2026-05-25 01:37:30.334,23.0625
2026-05-25 01:37:36.237,23.0625
2026-05-25 01:37:42.141,23.0625
2026-05-25 01:37:48.047,23.0
2026-05-25 01:37:53.954,23.0
2026-05-25 01:37:59.860,23.0625
2026-05-25 01:38:05.766,23.0625
2026-05-25 01:38:11.669,23.0
2026-05-25 01:38:17.573,23.0625
2026-05-25 01:38:23.477,23.0625
2026-05-25 01:38:29.381,23.0625
2026-05-25 01:38:35.287,23.0
2026-05-25 01:38:41.193,23.0
2026-05-25 01:38:47.097,23.0625
2026-05-25 01:38:53.003,23.0625
2026-05-25 01:38:58.909,23.0
2026-05-25 01:39:04.813,23.0
2026-05-25 01:39:10.717,23.0625
2026-05-25 01:39:16.620,23.0625
2026-05-25 01:39:22.527,23.0
2026-05-25 01:39:28.433,23.0625
2026-05-25 01:39:34.339,23.0625
2026-05-25 01:39:40.245,23.0625
2026-05-25 01:39:46.152,23.0
2026-05-25 01:39:52.058,23.0
2026-05-25 01:39:57.964,23.0
2026-05-25 01:40:03.870,23.0
2026-05-25 01:40:09.775,23.0625
2026-05-25 01:40:15.682,23.0
2026-05-25 01:40:21.588,23.0
2026-05-25 01:40:27.494,23.0
2026-05-25 01:40:33.400,23.0625
2026-05-25 01:40:39.306,23.0625
2026-05-25 01:40:45.210,23.0625
2026-05-25 01:40:51.114,23.0625
2026-05-25 01:40:57.018,23.0625
2026-05-25 01:41:02.924,23.0625
2026-05-25 01:41:08.827,23.0
2026-05-25 01:41:14.734,23.0625
2026-05-25 01:41:20.640,23.0625
2026-05-25 01:41:26.546,23.0625
2026-05-25 01:41:32.452,23.0
2026-05-25 01:41:38.356,23.0625
2026-05-25 01:41:44.260,23.0
2026-05-25 01:41:50.166,23.0625
2026-05-25 01:41:56.072,23.0
2026-05-25 01:42:01.977,23.0625
2026-05-25 01:42:07.883,23.0625
2026-05-25 01:42:13.790,23.0625
2026-05-25 01:42:19.695,23.0625
2026-05-25 01:42:25.599,23.0625
2026-05-25 01:42:31.503,23.0625
2026-05-25 01:42:37.407,23.0625
2026-05-25 01:42:43.311,23.0
2026-05-25 01:42:49.217,23.0625
2026-05-25 01:42:55.123,23.0625
2026-05-25 01:43:01.028,23.0
2026-05-25 01:43:06.935,23.0
2026-05-25 01:43:12.839,23.0
2026-05-25 01:43:18.743,23.0
2026-05-25 01:43:24.646,23.0625
2026-05-25 01:43:30.552,23.0625
2026-05-25 01:43:36.461,23.0
2026-05-25 01:43:42.367,23.0
2026-05-25 01:43:48.273,23.0
2026-05-25 01:43:54.177,23.0
2026-05-25 01:44:00.080,23.0
2026-05-25 01:44:05.985,23.0
2026-05-25 01:44:11.889,23.0
2026-05-25 01:44:17.792,23.0625
2026-05-25 01:44:23.698,23.0625
2026-05-25 01:44:29.604,23.0
2026-05-25 01:44:35.510,23.0
2026-05-25 01:44:41.416,23.0
2026-05-25 01:44:47.320,23.0
2026-05-25 01:44:53.223,23.0
2026-05-25 01:44:59.127,23.0625
2026-05-25 01:45:05.033,23.0625
2026-05-25 01:45:10.939,23.0625
2026-05-25 01:45:16.845,23.0625
2026-05-25 01:45:22.751,23.0625
2026-05-25 01:45:28.656,23.0
2026-05-25 01:45:34.559,23.0
2026-05-25 01:45:40.463,23.0625
2026-05-25 01:45:46.367,23.0
2026-05-25 01:45:52.273,23.0
2026-05-25 01:45:58.180,23.0
2026-05-25 01:46:04.086,23.0
2026-05-25 01:46:09.989,23.0625
2026-05-25 01:46:15.895,23.0625
2026-05-25 01:46:21.801,23.0
2026-05-25 01:46:27.705,23.0
2026-05-25 01:46:33.609,23.0
2026-05-25 01:46:39.513,23.0
2026-05-25 01:46:45.419,23.0625
2026-05-25 01:46:51.322,23.0625
2026-05-25 01:46:57.229,23.0
2026-05-25 01:47:03.135,23.0
2026-05-25 01:47:09.041,23.0
2026-05-25 01:47:14.947,23.0625
2026-05-25 01:47:20.853,23.0625
2026-05-25 01:47:26.757,23.0
2026-05-25 01:47:32.663,23.0
2026-05-25 01:47:38.567,23.0625
2026-05-25 01:47:44.471,23.0
2026-05-25 01:47:50.374,23.0
2026-05-25 01:47:56.279,23.0
2026-05-25 01:48:02.183,23.0
2026-05-25 01:48:08.089,23.0
2026-05-25 01:48:13.992,23.0
2026-05-25 01:48:19.899,23.0625
2026-05-25 01:48:25.805,23.0
2026-05-25 01:48:31.709,23.0
2026-05-25 01:48:37.612,23.0
2026-05-25 01:48:43.516,23.0
2026-05-25 01:48:49.421,23.0
2026-05-25 01:48:55.324,22.9375
2026-05-25 01:49:01.232,23.0
2026-05-25 01:49:07.138,23.0
2026-05-25 01:49:13.044,23.0
2026-05-25 01:49:18.951,23.0625
2026-05-25 01:49:24.857,23.0625
2026-05-25 01:49:30.763,23.0
2026-05-25 01:49:36.669,23.0
2026-05-25 01:49:42.574,23.0
2026-05-25 01:49:48.479,23.0
2026-05-25 01:49:54.383,23.0
2026-05-25 01:50:00.286,23.0625
2026-05-25 01:50:06.192,23.0
2026-05-25 01:50:12.095,23.0
2026-05-25 01:50:18.002,23.0
2026-05-25 01:50:23.908,23.0
2026-05-25 01:50:29.812,23.0
2026-05-25 01:50:35.718,23.0
2026-05-25 01:50:41.623,23.0
2026-05-25 01:50:47.530,23.0
2026-05-25 01:50:53.434,23.0625
2026-05-25 01:50:59.338,23.0
2026-05-25 01:51:05.243,23.0
2026-05-25 01:51:11.150,23.0625
2026-05-25 01:51:17.054,23.0625
2026-05-25 01:51:22.960,23.0
2026-05-25 01:51:28.866,23.0
2026-05-25 01:51:34.772,23.0
2026-05-25 01:51:40.678,23.0
2026-05-25 01:51:46.582,23.0625
2026-05-25 01:51:52.485,23.0
2026-05-25 01:51:58.391,23.0
2026-05-25 01:52:04.295,23.0
2026-05-25 01:52:10.202,23.0
2026-05-25 01:52:16.105,23.0
2026-05-25 01:52:22.009,23.0
2026-05-25 01:52:27.913,23.0
2026-05-25 01:52:33.819,23.0
2026-05-25 01:52:39.723,23.0
2026-05-25 01:52:45.627,23.0
2026-05-25 01:52:51.532,23.0
2026-05-25 01:52:57.438,23.0
2026-05-25 01:53:03.344,23.0
2026-05-25 01:53:09.249,23.0625
2026-05-25 01:53:15.152,23.0
2026-05-25 01:53:21.056,23.0
2026-05-25 01:53:26.960,23.0
2026-05-25 01:53:32.863,23.0
2026-05-25 01:53:38.768,23.0625
2026-05-25 01:53:44.672,23.0
2026-05-25 01:53:50.575,23.0
2026-05-25 01:53:56.481,23.0
2026-05-25 01:54:02.388,23.0625
2026-05-25 01:54:08.296,23.0
2026-05-25 01:54:14.202,23.0
2026-05-25 01:54:20.107,23.0625
2026-05-25 01:54:26.013,23.0
2026-05-25 01:54:31.920,23.0
2026-05-25 01:54:37.824,23.0
2026-05-25 01:54:43.728,23.0
2026-05-25 01:54:49.631,23.0625
2026-05-25 01:54:55.537,23.0
2026-05-25 01:55:01.442,23.0
2026-05-25 01:55:07.348,23.0
2026-05-25 01:55:13.253,23.0
2026-05-25 01:55:19.159,23.0
2026-05-25 01:55:25.065,23.0
2026-05-25 01:55:30.972,23.0625
2026-05-25 01:55:36.878,23.0
2026-05-25 01:55:42.784,23.0
2026-05-25 01:55:48.689,23.0625
2026-05-25 01:55:54.593,23.0
2026-05-25 01:56:00.499,23.0625
2026-05-25 01:56:06.403,23.0625
2026-05-25 01:56:12.307,23.0
2026-05-25 01:56:18.210,23.0625
2026-05-25 01:56:24.114,23.0625
2026-05-25 01:56:30.019,23.0
2026-05-25 01:56:35.922,23.0625
2026-05-25 01:56:41.826,23.0
2026-05-25 01:56:47.732,23.0
2026-05-25 01:56:53.636,23.0
2026-05-25 01:56:59.543,23.0
2026-05-25 01:57:05.449,23.0
2026-05-25 01:57:11.354,23.0625
2026-05-25 01:57:17.258,23.0
2026-05-25 01:57:23.163,23.0
2026-05-25 01:57:29.066,23.0
2026-05-25 01:57:34.970,23.0
2026-05-25 01:57:40.876,23.0
2026-05-25 01:57:46.781,23.0
2026-05-25 01:57:52.688,23.0625
2026-05-25 01:57:58.594,23.0
2026-05-25 01:58:04.498,23.0
2026-05-25 01:58:10.404,23.0625
2026-05-25 01:58:16.310,23.0
2026-05-25 01:58:22.216,23.0
2026-05-25 01:58:28.120,23.0
2026-05-25 01:58:34.026,23.0
2026-05-25 01:58:39.932,23.0
2026-05-25 01:58:45.838,23.0
2026-05-25 01:58:51.742,23.0
2026-05-25 01:58:57.648,23.0
2026-05-25 01:59:03.554,23.0
2026-05-25 01:59:09.460,23.0
2026-05-25 01:59:15.363,23.0
2026-05-25 01:59:21.270,23.0
2026-05-25 01:59:27.176,23.0
2026-05-25 01:59:33.079,23.0
2026-05-25 01:59:38.986,23.0
2026-05-25 01:59:44.889,23.0
2026-05-25 01:59:50.796,23.0
2026-05-25 01:59:56.701,23.0
2026-05-25 02:00:02.605,23.0
2026-05-25 02:00:08.509,23.0
2026-05-25 02:00:14.413,23.0
2026-05-25 02:00:20.319,23.0
2026-05-25 02:00:26.225,22.9375
2026-05-25 02:00:32.128,23.0
2026-05-25 02:00:38.032,23.0
2026-05-25 02:00:43.937,22.9375
2026-05-25 02:00:49.840,23.0
2026-05-25 02:00:55.744,23.0
2026-05-25 02:01:01.648,23.0
2026-05-25 02:01:07.551,22.9375
2026-05-25 02:01:13.458,23.0625
2026-05-25 02:01:19.361,23.0
2026-05-25 02:01:25.265,23.0
2026-05-25 02:01:31.168,23.0
2026-05-25 02:01:37.074,23.0
2026-05-25 02:01:42.981,23.0
2026-05-25 02:01:48.887,23.0
2026-05-25 02:01:54.793,23.0
2026-05-25 02:02:00.698,23.0
2026-05-25 02:02:06.602,23.0
2026-05-25 02:02:12.506,23.0
2026-05-25 02:02:18.412,23.0
2026-05-25 02:02:24.318,23.0
2026-05-25 02:02:30.221,23.0625
2026-05-25 02:02:36.127,23.0
2026-05-25 02:02:42.034,23.0
2026-05-25 02:02:47.940,23.0
2026-05-25 02:02:53.846,22.9375
2026-05-25 02:02:59.751,23.0
2026-05-25 02:03:05.658,23.0
2026-05-25 02:03:11.562,23.0
2026-05-25 02:03:17.467,23.0
2026-05-25 02:03:23.371,23.0625
2026-05-25 02:03:29.274,23.0
2026-05-25 02:03:35.181,23.0
2026-05-25 02:03:41.087,23.0
2026-05-25 02:03:46.993,23.0
2026-05-25 02:03:52.898,23.0
2026-05-25 02:03:58.804,23.0625
2026-05-25 02:04:04.711,23.0
2026-05-25 02:04:10.617,23.0
2026-05-25 02:04:16.523,23.0
2026-05-25 02:04:22.429,23.0
2026-05-25 02:04:28.334,23.0
2026-05-25 02:04:34.241,23.0
2026-05-25 02:04:40.147,23.0
2026-05-25 02:04:46.053,23.0
2026-05-25 02:04:51.958,23.0
2026-05-25 02:04:57.862,23.0
2026-05-25 02:05:03.767,22.9375
2026-05-25 02:05:09.670,23.0
2026-05-25 02:05:15.576,23.0
2026-05-25 02:05:21.482,23.0
2026-05-25 02:05:27.387,23.0
2026-05-25 02:05:33.292,23.0
2026-05-25 02:05:39.197,23.0
2026-05-25 02:05:45.101,23.0
2026-05-25 02:05:51.005,23.0
2026-05-25 02:05:56.909,23.0
2026-05-25 02:06:02.815,23.0
2026-05-25 02:06:08.718,23.0
2026-05-25 02:06:14.622,23.0
2026-05-25 02:06:20.528,23.0
2026-05-25 02:06:26.434,23.0
2026-05-25 02:06:32.340,23.0
2026-05-25 02:06:38.246,23.0
2026-05-25 02:06:44.152,23.0
2026-05-25 02:06:50.057,23.0
2026-05-25 02:06:55.962,23.0
2026-05-25 02:07:01.866,23.0
2026-05-25 02:07:07.769,23.0
2026-05-25 02:07:13.673,23.0
2026-05-25 02:07:19.577,23.0
2026-05-25 02:07:25.483,23.0
2026-05-25 02:07:31.389,23.0
2026-05-25 02:07:37.295,23.0
2026-05-25 02:07:43.201,23.0
2026-05-25 02:07:49.107,23.0
2026-05-25 02:07:55.011,23.0
2026-05-25 02:08:00.915,23.0
2026-05-25 02:08:06.821,22.9375
2026-05-25 02:08:12.726,23.0
2026-05-25 02:08:18.632,23.0
2026-05-25 02:08:24.539,23.0
2026-05-25 02:08:30.443,23.0
2026-05-25 02:08:36.346,23.0
2026-05-25 02:08:42.250,23.0625
2026-05-25 02:08:48.154,23.0
2026-05-25 02:08:54.060,23.0
2026-05-25 02:08:59.964,23.0
2026-05-25 02:09:05.870,23.0625
2026-05-25 02:09:11.773,23.0625
2026-05-25 02:09:17.678,23.0
2026-05-25 02:09:23.582,23.0
2026-05-25 02:09:29.486,23.0
2026-05-25 02:09:35.389,23.0
2026-05-25 02:09:41.295,23.0
2026-05-25 02:09:47.202,23.0
2026-05-25 02:09:53.105,23.0
2026-05-25 02:09:59.012,23.0
2026-05-25 02:10:04.917,23.0
2026-05-25 02:10:10.821,23.0
2026-05-25 02:10:16.726,23.0
2026-05-25 02:10:22.631,23.0
2026-05-25 02:10:28.537,23.0
2026-05-25 02:10:34.441,23.0
2026-05-25 02:10:40.344,23.0
2026-05-25 02:10:46.251,23.0
2026-05-25 02:10:52.157,23.0
2026-05-25 02:10:58.063,23.0
2026-05-25 02:11:03.969,23.0
2026-05-25 02:11:09.875,23.0
2026-05-25 02:11:15.779,23.0
2026-05-25 02:11:21.683,23.0
2026-05-25 02:11:27.587,23.0625
2026-05-25 02:11:33.493,23.0
2026-05-25 02:11:39.399,23.0
2026-05-25 02:11:45.305,23.0
2026-05-25 02:11:51.211,23.0625
2026-05-25 02:11:57.117,23.0
2026-05-25 02:12:03.023,23.0
2026-05-25 02:12:08.930,23.0
2026-05-25 02:12:14.836,23.0
2026-05-25 02:12:20.741,23.0
2026-05-25 02:12:26.647,23.0
2026-05-25 02:12:32.553,23.0
2026-05-25 02:12:38.460,23.0
2026-05-25 02:12:44.364,23.0
2026-05-25 02:12:50.267,23.0
2026-05-25 02:12:56.171,23.0
2026-05-25 02:13:02.074,23.0
2026-05-25 02:13:07.981,23.0
2026-05-25 02:13:13.887,23.0
2026-05-25 02:13:19.793,23.0
2026-05-25 02:13:25.697,23.0
2026-05-25 02:13:31.600,23.0
2026-05-25 02:13:37.505,23.0
2026-05-25 02:13:43.410,23.0
2026-05-25 02:13:49.314,23.0
2026-05-25 02:13:55.218,23.0
2026-05-25 02:14:01.124,23.0
2026-05-25 02:14:07.028,23.0625
2026-05-25 02:14:12.934,23.0
2026-05-25 02:14:18.838,23.0
2026-05-25 02:14:24.744,23.0
2026-05-25 02:14:30.650,23.0
2026-05-25 02:14:36.554,23.0
2026-05-25 02:14:42.458,23.0
2026-05-25 02:14:48.364,23.0
2026-05-25 02:14:54.267,23.0
2026-05-25 02:15:00.174,23.0
2026-05-25 02:15:06.080,23.0
2026-05-25 02:15:11.986,23.0
2026-05-25 02:15:17.889,22.9375
2026-05-25 02:15:23.793,23.0
2026-05-25 02:15:29.700,23.0
2026-05-25 02:15:35.606,23.0
2026-05-25 02:15:41.510,23.0
2026-05-25 02:15:47.416,23.0
2026-05-25 02:15:53.321,23.0
2026-05-25 02:15:59.228,23.0
2026-05-25 02:16:05.132,23.0
2026-05-25 02:16:11.035,23.0
2026-05-25 02:16:16.939,23.0
2026-05-25 02:16:22.843,22.9375
2026-05-25 02:16:28.749,23.0
2026-05-25 02:16:34.653,23.0
2026-05-25 02:16:40.558,23.0
2026-05-25 02:16:46.464,22.9375
2026-05-25 02:16:52.370,23.0
2026-05-25 02:16:58.277,23.0
2026-05-25 02:17:04.181,23.0
2026-05-25 02:17:10.085,23.0
2026-05-25 02:17:15.988,23.0
2026-05-25 02:17:21.894,23.0
2026-05-25 02:17:27.801,23.0
2026-05-25 02:17:33.707,23.0
2026-05-25 02:17:39.613,23.0
2026-05-25 02:17:45.516,23.0
2026-05-25 02:17:51.421,23.0
2026-05-25 02:17:57.324,23.0
2026-05-25 02:18:03.230,23.0
2026-05-25 02:18:09.134,23.0
2026-05-25 02:18:15.038,23.0
2026-05-25 02:18:20.942,22.9375
2026-05-25 02:18:26.848,23.0
2026-05-25 02:18:32.752,23.0
2026-05-25 02:18:38.658,23.0
2026-05-25 02:18:44.564,22.9375
2026-05-25 02:18:50.471,23.0
2026-05-25 02:18:56.377,23.0
2026-05-25 02:19:02.280,23.0
2026-05-25 02:19:08.186,23.0
2026-05-25 02:19:14.090,22.9375
2026-05-25 02:19:19.995,23.0
2026-05-25 02:19:25.898,23.0
2026-05-25 02:19:31.802,23.0
2026-05-25 02:19:37.705,23.0
2026-05-25 02:19:43.611,22.9375
2026-05-25 02:19:49.516,23.0
2026-05-25 02:19:55.419,23.0
2026-05-25 02:20:01.323,23.0
2026-05-25 02:20:07.227,23.0
2026-05-25 02:20:13.130,23.0
2026-05-25 02:20:19.037,23.0
2026-05-25 02:20:24.943,23.0
2026-05-25 02:20:30.849,23.0
2026-05-25 02:20:36.753,23.0
2026-05-25 02:20:42.657,23.0
2026-05-25 02:20:48.563,23.0
2026-05-25 02:20:54.467,23.0
2026-05-25 02:21:00.370,23.0
2026-05-25 02:21:06.274,23.0
2026-05-25 02:21:12.181,23.0
2026-05-25 02:21:18.084,23.0
2026-05-25 02:21:23.990,22.9375
2026-05-25 02:21:29.896,22.9375
2026-05-25 02:21:35.801,23.0
2026-05-25 02:21:41.706,23.0
2026-05-25 02:21:47.610,23.0
2026-05-25 02:21:53.513,23.0
2026-05-25 02:21:59.417,23.0
2026-05-25 02:22:05.322,23.0
2026-05-25 02:22:11.229,23.0
2026-05-25 02:22:17.135,23.0
2026-05-25 02:22:23.039,23.0
2026-05-25 02:22:28.944,23.0
2026-05-25 02:22:34.848,23.0
2026-05-25 02:22:40.752,23.0
2026-05-25 02:22:46.656,23.0
2026-05-25 02:22:52.562,23.0
2026-05-25 02:22:58.466,23.0
2026-05-25 02:23:04.372,23.0
2026-05-25 02:23:10.278,23.0
2026-05-25 02:23:16.182,23.0
2026-05-25 02:23:22.086,23.0
2026-05-25 02:23:27.989,22.9375
2026-05-25 02:23:33.894,23.0
2026-05-25 02:23:39.798,23.0
2026-05-25 02:23:45.701,22.9375
2026-05-25 02:23:51.605,23.0
2026-05-25 02:23:57.511,22.9375
2026-05-25 02:24:03.418,23.0
2026-05-25 02:24:09.324,23.0
2026-05-25 02:24:15.227,23.0
2026-05-25 02:24:21.131,23.0
2026-05-25 02:24:27.035,23.0
2026-05-25 02:24:32.939,23.0
2026-05-25 02:24:38.845,23.0
2026-05-25 02:24:44.751,23.0
2026-05-25 02:24:50.656,22.9375
2026-05-25 02:24:56.560,23.0
2026-05-25 02:25:02.465,23.0
2026-05-25 02:25:08.368,23.0
2026-05-25 02:25:14.272,22.9375
2026-05-25 02:25:20.176,22.9375
2026-05-25 02:25:26.081,23.0
2026-05-25 02:25:31.988,23.0
2026-05-25 02:25:37.894,22.9375
2026-05-25 02:25:43.800,23.0
2026-05-25 02:25:49.706,22.9375
2026-05-25 02:25:55.612,22.9375
2026-05-25 02:26:01.519,23.0
2026-05-25 02:26:07.425,22.9375
2026-05-25 02:26:13.330,23.0
2026-05-25 02:26:19.236,23.0
2026-05-25 02:26:25.142,22.9375
2026-05-25 02:26:31.047,23.0
2026-05-25 02:26:36.953,23.0
2026-05-25 02:26:42.856,22.9375
2026-05-25 02:26:48.760,22.9375
2026-05-25 02:26:54.664,22.9375
2026-05-25 02:27:00.568,23.0
2026-05-25 02:27:06.472,22.9375
2026-05-25 02:27:12.375,22.9375
2026-05-25 02:27:18.279,22.9375
2026-05-25 02:27:24.184,23.0
2026-05-25 02:27:30.087,23.0
2026-05-25 02:27:35.993,22.9375
2026-05-25 02:27:41.899,23.0
2026-05-25 02:27:47.805,23.0
2026-05-25 02:27:53.712,22.9375
2026-05-25 02:27:59.618,23.0
2026-05-25 02:28:05.523,22.9375
2026-05-25 02:28:11.429,22.9375
2026-05-25 02:28:17.335,23.0
2026-05-25 02:28:23.242,22.9375
2026-05-25 02:28:29.145,22.9375
2026-05-25 02:28:35.049,23.0
2026-05-25 02:28:40.953,22.9375
2026-05-25 02:28:46.856,22.9375
2026-05-25 02:28:52.763,22.9375
2026-05-25 02:28:58.669,22.9375
2026-05-25 02:29:04.573,23.0
2026-05-25 02:29:10.476,23.0
2026-05-25 02:29:16.380,23.0
2026-05-25 02:29:22.285,22.9375
2026-05-25 02:29:28.188,23.0
2026-05-25 02:29:34.092,22.9375
2026-05-25 02:29:39.996,23.0
2026-05-25 02:29:45.900,22.9375
2026-05-25 02:29:51.807,22.9375
2026-05-25 02:29:57.712,22.9375
2026-05-25 02:30:03.618,22.9375
2026-05-25 02:30:09.524,22.9375
2026-05-25 02:30:15.431,22.9375
2026-05-25 02:30:21.334,23.0
2026-05-25 02:30:27.238,23.0
2026-05-25 02:30:33.144,23.0
2026-05-25 02:30:39.047,22.9375
2026-05-25 02:30:44.954,23.0
2026-05-25 02:30:50.858,22.9375
2026-05-25 02:30:56.761,22.9375
2026-05-25 02:31:02.665,23.0
2026-05-25 02:31:08.571,23.0
2026-05-25 02:31:14.475,22.9375
2026-05-25 02:31:20.381,23.0
2026-05-25 02:31:26.285,22.9375
2026-05-25 02:31:32.189,22.9375
2026-05-25 02:31:38.092,23.0
2026-05-25 02:31:43.997,23.0
2026-05-25 02:31:49.901,23.0
2026-05-25 02:31:55.807,23.0
2026-05-25 02:32:01.713,23.0
2026-05-25 02:32:07.619,23.0
2026-05-25 02:32:13.526,23.0
2026-05-25 02:32:19.429,22.9375
2026-05-25 02:32:25.333,23.0
2026-05-25 02:32:31.236,23.0
2026-05-25 02:32:37.141,23.0
2026-05-25 02:32:43.045,23.0
2026-05-25 02:32:48.948,23.0
2026-05-25 02:32:54.854,23.0
2026-05-25 02:33:00.760,23.0
2026-05-25 02:33:06.665,23.0
2026-05-25 02:33:12.571,23.0
2026-05-25 02:33:18.478,23.0
2026-05-25 02:33:24.382,22.9375
2026-05-25 02:33:30.288,23.0
2026-05-25 02:33:36.192,23.0
2026-05-25 02:33:42.096,23.0
2026-05-25 02:33:48.000,22.9375
2026-05-25 02:33:53.906,23.0
2026-05-25 02:33:59.812,23.0
2026-05-25 02:34:05.716,22.9375
2026-05-25 02:34:11.620,22.9375
2026-05-25 02:34:17.526,22.9375
2026-05-25 02:34:23.429,22.9375
2026-05-25 02:34:29.333,23.0
2026-05-25 02:34:35.238,23.0
2026-05-25 02:34:41.144,23.0
2026-05-25 02:34:47.047,23.0
2026-05-25 02:34:52.951,23.0
2026-05-25 02:34:58.857,23.0
2026-05-25 02:35:04.764,23.0
2026-05-25 02:35:10.670,23.0
2026-05-25 02:35:16.573,23.0
2026-05-25 02:35:22.479,22.9375
2026-05-25 02:35:28.386,22.9375
2026-05-25 02:35:34.292,23.0
2026-05-25 02:35:40.195,23.0
2026-05-25 02:35:46.099,23.0
2026-05-25 02:35:52.003,23.0
2026-05-25 02:35:57.907,22.9375
2026-05-25 02:36:03.813,22.9375
2026-05-25 02:36:09.716,22.9375
2026-05-25 02:36:15.620,22.9375
2026-05-25 02:36:21.524,23.0
2026-05-25 02:36:27.428,23.0
2026-05-25 02:36:33.332,22.9375
2026-05-25 02:36:39.236,22.9375
2026-05-25 02:36:45.139,23.0
2026-05-25 02:36:51.043,23.0
2026-05-25 02:36:56.950,22.9375
2026-05-25 02:37:02.858,22.9375
2026-05-25 02:37:08.761,22.9375
2026-05-25 02:37:14.667,23.0
2026-05-25 02:37:20.573,23.0
2026-05-25 02:37:26.479,22.9375
2026-05-25 02:37:32.383,22.9375
2026-05-25 02:37:38.289,22.9375
2026-05-25 02:37:44.195,23.0
2026-05-25 02:37:50.101,22.9375
2026-05-25 02:37:56.007,23.0
2026-05-25 02:38:01.911,23.0
2026-05-25 02:38:07.816,23.0
2026-05-25 02:38:13.720,22.9375
2026-05-25 02:38:19.625,22.9375
2026-05-25 02:38:25.528,23.0
2026-05-25 02:38:31.434,22.9375
2026-05-25 02:38:37.340,22.9375
2026-05-25 02:38:43.244,22.9375
2026-05-25 02:38:49.148,22.9375
2026-05-25 02:38:55.052,23.0
2026-05-25 02:39:00.956,22.9375
2026-05-25 02:39:06.859,22.9375
2026-05-25 02:39:12.765,22.9375
2026-05-25 02:39:18.672,22.9375
2026-05-25 02:39:24.578,22.9375
2026-05-25 02:39:30.482,22.9375
2026-05-25 02:39:36.385,23.0
2026-05-25 02:39:42.289,22.9375
2026-05-25 02:39:48.193,22.9375
2026-05-25 02:39:54.100,23.0
2026-05-25 02:40:00.003,22.9375
2026-05-25 02:40:05.907,22.9375
2026-05-25 02:40:11.810,22.9375
2026-05-25 02:40:17.715,22.9375
2026-05-25 02:40:23.619,22.9375
2026-05-25 02:40:29.525,22.9375
2026-05-25 02:40:35.430,22.9375
2026-05-25 02:40:41.334,23.0
2026-05-25 02:40:47.239,22.9375
2026-05-25 02:40:53.145,22.9375
2026-05-25 02:40:59.048,22.875
2026-05-25 02:41:04.952,22.9375
2026-05-25 02:41:10.855,22.9375
2026-05-25 02:41:16.760,22.9375
2026-05-25 02:41:22.666,22.9375
2026-05-25 02:41:28.572,22.9375
2026-05-25 02:41:34.478,22.9375
2026-05-25 02:41:40.382,22.9375
2026-05-25 02:41:46.288,22.9375
2026-05-25 02:41:52.191,22.9375
2026-05-25 02:41:58.097,22.9375
2026-05-25 02:42:04.001,23.0
2026-05-25 02:42:09.905,22.9375
2026-05-25 02:42:15.809,22.9375
2026-05-25 02:42:21.715,22.9375
2026-05-25 02:42:27.621,23.0
2026-05-25 02:42:33.527,22.9375
2026-05-25 02:42:39.434,22.9375
2026-05-25 02:42:45.340,22.9375
2026-05-25 02:42:51.245,22.9375
2026-05-25 02:42:57.151,22.9375
2026-05-25 02:43:03.055,22.9375
2026-05-25 02:43:08.960,22.9375
2026-05-25 02:43:14.863,22.9375
2026-05-25 02:43:20.769,22.9375
2026-05-25 02:43:26.672,23.0
2026-05-25 02:43:32.576,22.9375
2026-05-25 02:43:38.481,22.9375
2026-05-25 02:43:44.386,22.9375
2026-05-25 02:43:50.290,22.9375
2026-05-25 02:43:56.193,22.9375
2026-05-25 02:44:02.097,22.9375
2026-05-25 02:44:08.003,22.9375
2026-05-25 02:44:13.909,22.9375
2026-05-25 02:44:19.815,23.0
2026-05-25 02:44:25.719,22.9375
2026-05-25 02:44:31.623,22.9375
2026-05-25 02:44:37.529,22.9375
2026-05-25 02:44:43.433,23.0
2026-05-25 02:44:49.337,23.0
2026-05-25 02:44:55.240,23.0
2026-05-25 02:45:01.147,22.9375
2026-05-25 02:45:07.051,22.9375
2026-05-25 02:45:12.954,22.9375
2026-05-25 02:45:18.858,22.9375
2026-05-25 02:45:24.764,22.9375
2026-05-25 02:45:30.671,22.9375
2026-05-25 02:45:36.577,22.9375
2026-05-25 02:45:42.480,22.9375
2026-05-25 02:45:48.384,22.9375
2026-05-25 02:45:54.288,22.9375
2026-05-25 02:46:00.195,22.9375
2026-05-25 02:46:06.100,22.9375
2026-05-25 02:46:12.004,22.9375
2026-05-25 02:46:17.910,22.9375
2026-05-25 02:46:23.814,22.9375
2026-05-25 02:46:29.718,22.9375
2026-05-25 02:46:35.622,22.9375
2026-05-25 02:46:41.527,23.0
2026-05-25 02:46:47.431,22.9375
2026-05-25 02:46:53.337,22.9375
2026-05-25 02:46:59.244,22.9375
2026-05-25 02:47:05.150,22.9375
2026-05-25 02:47:11.057,22.9375
2026-05-25 02:47:16.963,22.9375
2026-05-25 02:47:22.868,23.0
2026-05-25 02:47:28.774,22.9375
2026-05-25 02:47:34.677,22.9375
2026-05-25 02:47:40.581,22.9375
2026-05-25 02:47:46.485,22.9375
2026-05-25 02:47:52.392,22.9375
2026-05-25 02:47:58.297,22.9375
2026-05-25 02:48:04.203,22.9375
2026-05-25 02:48:10.109,22.9375
2026-05-25 02:48:16.015,22.9375
2026-05-25 02:48:21.922,22.9375
2026-05-25 02:48:27.825,22.9375
2026-05-25 02:48:33.731,22.9375
2026-05-25 02:48:39.635,22.9375
2026-05-25 02:48:45.539,22.9375
2026-05-25 02:48:51.443,22.9375
2026-05-25 02:48:57.347,22.9375
2026-05-25 02:49:03.250,23.0
2026-05-25 02:49:09.154,23.0
2026-05-25 02:49:15.058,22.9375
2026-05-25 02:49:20.962,22.9375
2026-05-25 02:49:26.866,23.0
2026-05-25 02:49:32.769,23.0
2026-05-25 02:49:38.675,22.9375
2026-05-25 02:49:44.581,22.9375
2026-05-25 02:49:50.486,23.0
2026-05-25 02:49:56.391,22.9375
2026-05-25 02:50:02.297,22.9375
2026-05-25 02:50:08.201,22.9375
2026-05-25 02:50:14.106,22.9375
2026-05-25 02:50:20.009,23.0
2026-05-25 02:50:25.915,22.9375
2026-05-25 02:50:31.819,22.9375
2026-05-25 02:50:37.725,22.9375
2026-05-25 02:50:43.631,22.9375
2026-05-25 02:50:49.535,22.9375
2026-05-25 02:50:55.439,22.9375
2026-05-25 02:51:01.345,22.9375
2026-05-25 02:51:07.248,22.9375
2026-05-25 02:51:13.153,22.9375
2026-05-25 02:51:19.059,22.9375
2026-05-25 02:51:24.965,22.9375
2026-05-25 02:51:30.871,22.9375
2026-05-25 02:51:36.776,22.9375
2026-05-25 02:51:42.683,22.9375
2026-05-25 02:51:48.587,22.9375
2026-05-25 02:51:54.490,22.875
2026-05-25 02:52:00.394,22.9375
2026-05-25 02:52:06.298,22.9375
2026-05-25 02:52:12.202,22.9375
2026-05-25 02:52:18.106,22.9375
2026-05-25 02:52:24.010,22.9375
2026-05-25 02:52:29.915,22.9375
2026-05-25 02:52:35.821,22.9375
2026-05-25 02:52:41.728,22.9375
2026-05-25 02:52:47.634,22.9375
2026-05-25 02:52:53.540,22.9375
2026-05-25 02:52:59.445,22.9375
2026-05-25 02:53:05.351,22.9375
2026-05-25 02:53:11.255,22.9375
2026-05-25 02:53:17.159,22.9375
2026-05-25 02:53:23.063,22.9375
2026-05-25 02:53:28.966,22.9375
2026-05-25 02:53:34.873,22.9375
2026-05-25 02:53:40.776,22.9375
2026-05-25 02:53:46.680,22.9375
2026-05-25 02:53:52.586,22.9375
2026-05-25 02:53:58.492,22.9375
2026-05-25 02:54:04.399,22.9375
2026-05-25 02:54:10.305,22.9375
2026-05-25 02:54:16.208,22.875
2026-05-25 02:54:22.112,22.9375
2026-05-25 02:54:28.015,22.9375
2026-05-25 02:54:33.920,22.875
2026-05-25 02:54:39.826,22.9375
2026-05-25 02:54:45.731,22.875
2026-05-25 02:54:51.635,22.9375
2026-05-25 02:54:57.540,22.9375
2026-05-25 02:55:03.447,22.9375
2026-05-25 02:55:09.353,22.9375
2026-05-25 02:55:15.259,23.0
2026-05-25 02:55:21.162,22.9375
2026-05-25 02:55:27.066,22.9375
2026-05-25 02:55:32.971,22.9375
2026-05-25 02:55:38.877,22.9375
2026-05-25 02:55:44.783,22.9375
2026-05-25 02:55:50.686,22.875
2026-05-25 02:55:56.592,22.9375
2026-05-25 02:56:02.499,22.9375
2026-05-25 02:56:08.405,22.9375
2026-05-25 02:56:14.311,22.9375
2026-05-25 02:56:20.216,22.9375
2026-05-25 02:56:26.121,22.9375
2026-05-25 02:56:32.027,22.9375
2026-05-25 02:56:37.933,22.875
2026-05-25 02:56:43.836,22.9375
2026-05-25 02:56:49.740,22.9375
2026-05-25 02:56:55.645,22.9375
2026-05-25 02:57:01.548,22.9375
2026-05-25 02:57:07.452,22.9375
2026-05-25 02:57:13.358,22.9375
2026-05-25 02:57:19.264,22.9375
2026-05-25 02:57:25.171,22.9375
2026-05-25 02:57:31.077,22.9375
2026-05-25 02:57:36.980,22.9375
2026-05-25 02:57:42.884,22.9375
2026-05-25 02:57:48.787,22.875
2026-05-25 02:57:54.692,22.9375
2026-05-25 02:58:00.596,22.9375
2026-05-25 02:58:06.499,22.9375
2026-05-25 02:58:12.403,22.9375
2026-05-25 02:58:18.307,22.9375
2026-05-25 02:58:24.211,22.875
2026-05-25 02:58:30.115,22.9375
2026-05-25 02:58:36.019,22.9375
2026-05-25 02:58:41.922,22.9375
2026-05-25 02:58:47.826,22.9375
2026-05-25 02:58:53.730,22.9375
2026-05-25 02:58:59.634,22.9375
2026-05-25 02:59:05.540,22.9375
2026-05-25 02:59:11.446,22.9375
2026-05-25 02:59:17.351,22.9375
2026-05-25 02:59:23.254,22.9375
2026-05-25 02:59:29.160,22.875
2026-05-25 02:59:35.066,22.9375
2026-05-25 02:59:40.972,22.9375
2026-05-25 02:59:46.876,22.9375
2026-05-25 02:59:52.780,22.9375
2026-05-25 02:59:58.683,22.9375
2026-05-25 03:00:04.587,22.9375
2026-05-25 03:00:10.493,22.9375
2026-05-25 03:00:16.400,22.9375
2026-05-25 03:00:22.305,22.9375
2026-05-25 03:00:28.209,22.9375
2026-05-25 03:00:34.113,22.9375
2026-05-25 03:00:40.016,22.9375
2026-05-25 03:00:45.923,22.9375
2026-05-25 03:00:51.829,22.9375
2026-05-25 03:00:57.735,22.9375
2026-05-25 03:01:03.639,22.9375
2026-05-25 03:01:09.542,22.9375
2026-05-25 03:01:15.447,22.9375
2026-05-25 03:01:21.353,22.9375
2026-05-25 03:01:27.259,22.9375
2026-05-25 03:01:33.165,22.9375
2026-05-25 03:01:39.071,22.9375
2026-05-25 03:01:44.978,22.9375
2026-05-25 03:01:50.881,22.9375
2026-05-25 03:01:56.785,23.0
2026-05-25 03:02:02.689,22.9375
2026-05-25 03:02:08.597,22.9375
2026-05-25 03:02:14.503,22.9375
2026-05-25 03:02:20.409,22.9375
2026-05-25 03:02:26.315,22.875
2026-05-25 03:02:32.219,22.9375
2026-05-25 03:02:38.123,22.9375
2026-05-25 03:02:44.027,22.875
2026-05-25 03:02:49.933,22.9375
2026-05-25 03:02:55.839,22.9375
2026-05-25 03:03:01.742,22.9375
2026-05-25 03:03:07.647,22.9375
2026-05-25 03:03:13.551,22.9375
2026-05-25 03:03:19.457,22.9375
2026-05-25 03:03:25.363,22.875
2026-05-25 03:03:31.266,22.9375
2026-05-25 03:03:37.171,22.9375
2026-05-25 03:03:43.075,22.9375
2026-05-25 03:03:48.978,22.9375
2026-05-25 03:03:54.882,22.9375
2026-05-25 03:04:00.786,22.875
2026-05-25 03:04:06.690,22.9375
2026-05-25 03:04:12.596,22.9375
2026-05-25 03:04:18.502,22.9375
2026-05-25 03:04:24.406,22.9375
2026-05-25 03:04:30.310,22.875
2026-05-25 03:04:36.214,22.9375
2026-05-25 03:04:42.120,22.9375
2026-05-25 03:04:48.026,22.9375
2026-05-25 03:04:53.930,22.9375
2026-05-25 03:04:59.837,22.9375
2026-05-25 03:05:05.743,22.875
2026-05-25 03:05:11.649,22.9375
2026-05-25 03:05:17.555,22.9375
2026-05-25 03:05:23.461,22.9375
2026-05-25 03:05:29.365,22.9375
2026-05-25 03:05:35.269,22.9375
2026-05-25 03:05:41.173,22.9375
2026-05-25 03:05:47.076,22.9375
2026-05-25 03:05:52.982,22.875
2026-05-25 03:05:58.889,22.9375
2026-05-25 03:06:04.795,22.9375
2026-05-25 03:06:10.698,22.875
2026-05-25 03:06:16.604,22.9375
2026-05-25 03:06:22.508,22.9375
2026-05-25 03:06:28.413,22.9375
2026-05-25 03:06:34.318,22.9375
2026-05-25 03:06:40.222,22.875
2026-05-25 03:06:46.126,22.9375
2026-05-25 03:06:52.031,22.9375
2026-05-25 03:06:57.938,22.9375
2026-05-25 03:07:03.844,22.875
2026-05-25 03:07:09.748,22.9375
2026-05-25 03:07:15.654,22.9375
2026-05-25 03:07:21.557,22.9375
2026-05-25 03:07:27.462,22.9375
2026-05-25 03:07:33.367,22.9375
2026-05-25 03:07:39.271,22.9375
2026-05-25 03:07:45.175,22.875
2026-05-25 03:07:51.078,22.9375
2026-05-25 03:07:56.985,22.9375
2026-05-25 03:08:02.891,22.9375
2026-05-25 03:08:08.797,22.9375
2026-05-25 03:08:14.703,22.875
2026-05-25 03:08:20.610,22.9375
2026-05-25 03:08:26.515,22.9375
2026-05-25 03:08:32.419,22.9375
2026-05-25 03:08:38.322,22.9375
2026-05-25 03:08:44.226,22.875
2026-05-25 03:08:50.131,22.875
2026-05-25 03:08:56.036,22.9375
2026-05-25 03:09:01.942,22.9375
2026-05-25 03:09:07.849,22.9375
2026-05-25 03:09:13.755,22.9375
2026-05-25 03:09:19.660,22.9375
2026-05-25 03:09:25.564,22.9375
2026-05-25 03:09:31.467,22.9375
2026-05-25 03:09:37.371,22.875
2026-05-25 03:09:43.275,22.875
2026-05-25 03:09:49.181,22.875
2026-05-25 03:09:55.087,22.9375
2026-05-25 03:10:00.993,22.9375
2026-05-25 03:10:06.897,22.875
2026-05-25 03:10:12.801,22.9375
2026-05-25 03:10:18.708,22.9375
2026-05-25 03:10:24.611,22.875
2026-05-25 03:10:30.517,22.875
2026-05-25 03:10:36.423,22.875
2026-05-25 03:10:42.329,22.9375
2026-05-25 03:10:48.235,22.875
2026-05-25 03:10:54.139,22.9375
2026-05-25 03:11:00.042,22.9375
2026-05-25 03:11:05.946,22.9375
2026-05-25 03:11:11.851,22.9375
2026-05-25 03:11:17.754,22.9375
2026-05-25 03:11:23.658,22.9375
2026-05-25 03:11:29.562,22.9375
2026-05-25 03:11:35.468,22.9375
2026-05-25 03:11:41.372,22.9375
2026-05-25 03:11:47.276,22.9375
2026-05-25 03:11:53.180,22.9375
2026-05-25 03:11:59.085,22.9375
2026-05-25 03:12:04.989,22.9375
2026-05-25 03:12:10.894,22.9375
2026-05-25 03:12:16.798,22.9375
2026-05-25 03:12:22.703,22.875
2026-05-25 03:12:28.607,22.9375
2026-05-25 03:12:34.510,22.9375
2026-05-25 03:12:40.417,22.9375
2026-05-25 03:12:46.323,22.9375
2026-05-25 03:12:52.227,22.9375
2026-05-25 03:12:58.133,22.9375
2026-05-25 03:13:04.036,22.9375
2026-05-25 03:13:09.941,22.9375
2026-05-25 03:13:15.845,22.9375
2026-05-25 03:13:21.748,22.9375
2026-05-25 03:13:27.652,22.9375
2026-05-25 03:13:33.556,22.9375
2026-05-25 03:13:39.465,22.9375
2026-05-25 03:13:45.368,22.9375
2026-05-25 03:13:51.272,22.9375
2026-05-25 03:13:57.176,22.875
2026-05-25 03:14:03.080,22.9375
2026-05-25 03:14:08.984,22.9375
2026-05-25 03:14:14.888,22.875
2026-05-25 03:14:20.794,22.875
2026-05-25 03:14:26.697,22.9375
2026-05-25 03:14:32.604,22.9375
2026-05-25 03:14:38.510,22.9375
2026-05-25 03:14:44.413,22.9375
2026-05-25 03:14:50.317,22.875
2026-05-25 03:14:56.221,22.875
2026-05-25 03:15:02.125,22.875
2026-05-25 03:15:08.029,22.875
2026-05-25 03:15:13.933,22.9375
2026-05-25 03:15:19.839,22.875
2026-05-25 03:15:25.742,22.9375
2026-05-25 03:15:31.649,22.875
2026-05-25 03:15:37.552,22.875
2026-05-25 03:15:43.456,22.9375
2026-05-25 03:15:49.360,22.875
2026-05-25 03:15:55.264,22.875
2026-05-25 03:16:01.170,22.875
2026-05-25 03:16:07.074,22.875
2026-05-25 03:16:12.978,22.875
2026-05-25 03:16:18.881,22.875
2026-05-25 03:16:24.785,22.9375
2026-05-25 03:16:30.690,22.875
2026-05-25 03:16:36.593,22.9375
2026-05-25 03:16:42.499,22.875
2026-05-25 03:16:48.405,22.875
2026-05-25 03:16:54.312,22.875
2026-05-25 03:17:00.215,22.875
2026-05-25 03:17:06.121,22.875
2026-05-25 03:17:12.025,22.875
2026-05-25 03:17:17.929,22.875
2026-05-25 03:17:23.835,22.9375
2026-05-25 03:17:29.739,22.875
2026-05-25 03:17:35.643,22.875
2026-05-25 03:17:41.546,22.875
2026-05-25 03:17:47.452,22.9375
2026-05-25 03:17:53.359,22.875
2026-05-25 03:17:59.265,22.875
2026-05-25 03:18:05.168,22.875
2026-05-25 03:18:11.072,22.875
2026-05-25 03:18:16.976,22.875
2026-05-25 03:18:22.880,22.875
2026-05-25 03:18:28.784,22.875
2026-05-25 03:18:34.688,22.875
2026-05-25 03:18:40.591,22.875
2026-05-25 03:18:46.495,22.875
2026-05-25 03:18:52.400,22.875
2026-05-25 03:18:58.303,22.875
2026-05-25 03:19:04.207,22.875
2026-05-25 03:19:10.111,22.875
2026-05-25 03:19:16.016,22.875
2026-05-25 03:19:21.921,22.9375
2026-05-25 03:19:27.825,22.875
2026-05-25 03:19:33.730,22.875
2026-05-25 03:19:39.637,22.875
2026-05-25 03:19:45.543,22.875
2026-05-25 03:19:51.449,22.9375
2026-05-25 03:19:57.353,22.875
2026-05-25 03:20:03.259,22.9375
2026-05-25 03:20:09.162,22.875
2026-05-25 03:20:15.069,22.875
2026-05-25 03:20:20.975,22.875
2026-05-25 03:20:26.878,22.875
2026-05-25 03:20:32.782,22.875
2026-05-25 03:20:38.686,22.9375
2026-05-25 03:20:44.590,22.9375
2026-05-25 03:20:50.496,22.875
2026-05-25 03:20:56.402,22.875
2026-05-25 03:21:02.308,22.875
2026-05-25 03:21:08.214,22.9375
2026-05-25 03:21:14.119,22.9375
2026-05-25 03:21:20.022,22.9375
2026-05-25 03:21:25.926,22.875
2026-05-25 03:21:31.830,22.875
2026-05-25 03:21:37.734,22.875
2026-05-25 03:21:43.638,22.9375
2026-05-25 03:21:49.544,22.875
2026-05-25 03:21:55.447,22.9375
2026-05-25 03:22:01.351,22.875
2026-05-25 03:22:07.255,22.875
2026-05-25 03:22:13.159,22.9375
2026-05-25 03:22:19.065,22.875
2026-05-25 03:22:24.971,22.9375
2026-05-25 03:22:30.877,22.875
2026-05-25 03:22:36.783,22.9375
2026-05-25 03:22:42.690,22.875
2026-05-25 03:22:48.596,22.875
2026-05-25 03:22:54.502,22.875
2026-05-25 03:23:00.408,22.9375
2026-05-25 03:23:06.312,22.9375
2026-05-25 03:23:12.218,22.875
2026-05-25 03:23:18.124,22.875
2026-05-25 03:23:24.029,22.9375
2026-05-25 03:23:29.935,22.9375
2026-05-25 03:23:35.840,22.9375
2026-05-25 03:23:41.746,22.875
2026-05-25 03:23:47.651,22.9375
2026-05-25 03:23:53.555,22.9375
2026-05-25 03:23:59.461,22.9375
2026-05-25 03:24:05.368,22.875
2026-05-25 03:24:11.274,22.9375
2026-05-25 03:24:17.179,22.9375
2026-05-25 03:24:23.083,22.9375
2026-05-25 03:24:28.989,22.9375
2026-05-25 03:24:34.894,22.875
2026-05-25 03:24:40.797,22.9375
2026-05-25 03:24:46.701,22.875
2026-05-25 03:24:52.604,22.875
2026-05-25 03:24:58.508,22.875
2026-05-25 03:25:04.413,22.875
2026-05-25 03:25:10.317,22.9375
2026-05-25 03:25:16.222,22.875
2026-05-25 03:25:22.130,22.875
2026-05-25 03:25:28.036,22.875
2026-05-25 03:25:33.942,22.875
2026-05-25 03:25:39.846,22.875
2026-05-25 03:25:45.750,22.875
2026-05-25 03:25:51.656,22.9375
2026-05-25 03:25:57.560,22.9375
2026-05-25 03:26:03.466,22.9375
2026-05-25 03:26:09.372,22.9375
2026-05-25 03:26:15.278,22.875
2026-05-25 03:26:21.181,22.875
2026-05-25 03:26:27.086,22.9375
2026-05-25 03:26:32.989,22.9375
2026-05-25 03:26:38.896,22.9375
2026-05-25 03:26:44.801,22.875
2026-05-25 03:26:50.707,22.875
2026-05-25 03:26:56.614,22.875
2026-05-25 03:27:02.520,22.875
2026-05-25 03:27:08.428,22.9375
2026-05-25 03:27:14.331,22.9375
2026-05-25 03:27:20.235,22.875
2026-05-25 03:27:26.140,22.875
2026-05-25 03:27:32.043,22.875
2026-05-25 03:27:37.947,22.875
2026-05-25 03:27:43.850,22.875
2026-05-25 03:27:49.756,22.875
2026-05-25 03:27:55.663,22.875
2026-05-25 03:28:01.569,22.875
2026-05-25 03:28:07.474,22.875
2026-05-25 03:28:13.378,22.875
2026-05-25 03:28:19.282,22.875
2026-05-25 03:28:25.189,22.875
2026-05-25 03:28:31.095,22.875
2026-05-25 03:28:37.000,22.875
2026-05-25 03:28:42.906,22.875
2026-05-25 03:28:48.813,22.875
2026-05-25 03:28:54.719,22.875
2026-05-25 03:29:00.625,22.875
2026-05-25 03:29:06.529,22.875
2026-05-25 03:29:12.433,22.875
2026-05-25 03:29:18.339,22.875
2026-05-25 03:29:24.245,22.875
2026-05-25 03:29:30.151,22.875
2026-05-25 03:29:36.057,22.9375
2026-05-25 03:29:41.963,22.875
2026-05-25 03:29:47.869,22.875
2026-05-25 03:29:53.773,22.875
2026-05-25 03:29:59.677,22.875
2026-05-25 03:30:05.581,22.875
2026-05-25 03:30:11.484,22.875
2026-05-25 03:30:17.389,22.8125
2026-05-25 03:30:23.293,22.875
2026-05-25 03:30:29.199,22.875
2026-05-25 03:30:35.105,22.875
2026-05-25 03:30:41.011,22.875
2026-05-25 03:30:46.917,22.875
2026-05-25 03:30:52.823,22.875
2026-05-25 03:30:58.729,22.875
2026-05-25 03:31:04.632,22.875
2026-05-25 03:31:10.536,22.875
2026-05-25 03:31:16.441,22.875
2026-05-25 03:31:22.344,22.875
2026-05-25 03:31:28.250,22.875
2026-05-25 03:31:34.156,22.875
2026-05-25 03:31:40.062,22.875
2026-05-25 03:31:45.968,22.875
2026-05-25 03:31:51.874,22.875
2026-05-25 03:31:57.778,22.9375
2026-05-25 03:32:03.684,22.875
2026-05-25 03:32:09.590,22.875
2026-05-25 03:32:15.494,22.875
2026-05-25 03:32:21.397,22.875
2026-05-25 03:32:27.301,22.9375
2026-05-25 03:32:33.207,22.875
2026-05-25 03:32:39.114,22.9375
2026-05-25 03:32:45.019,22.875
2026-05-25 03:32:50.925,22.875
2026-05-25 03:32:56.831,22.875
2026-05-25 03:33:02.736,22.875
2026-05-25 03:33:08.641,22.875
2026-05-25 03:33:14.544,22.9375
2026-05-25 03:33:20.448,22.9375
2026-05-25 03:33:26.352,22.875
2026-05-25 03:33:32.255,22.875
2026-05-25 03:33:38.162,22.875
2026-05-25 03:33:44.068,22.875
2026-05-25 03:33:49.974,22.9375
2026-05-25 03:33:55.880,22.875
2026-05-25 03:34:01.783,22.875
2026-05-25 03:34:07.688,22.875
2026-05-25 03:34:13.592,22.875
2026-05-25 03:34:19.495,22.875
2026-05-25 03:34:25.399,22.9375
2026-05-25 03:34:31.304,22.875
2026-05-25 03:34:37.207,22.875
2026-05-25 03:34:43.113,22.9375
2026-05-25 03:34:49.017,22.9375
2026-05-25 03:34:54.920,22.875
2026-05-25 03:35:00.827,22.875
2026-05-25 03:35:06.733,22.875
2026-05-25 03:35:12.639,22.875
2026-05-25 03:35:18.545,22.875
2026-05-25 03:35:24.452,22.9375
2026-05-25 03:35:30.359,22.875
2026-05-25 03:35:36.263,22.875
2026-05-25 03:35:42.169,22.875
2026-05-25 03:35:48.075,22.875
2026-05-25 03:35:53.981,22.875
2026-05-25 03:35:59.888,22.875
2026-05-25 03:36:05.793,22.875
2026-05-25 03:36:11.699,22.9375
2026-05-25 03:36:17.602,22.875
2026-05-25 03:36:23.506,22.875
2026-05-25 03:36:29.410,22.875
2026-05-25 03:36:35.314,22.9375
2026-05-25 03:36:41.220,22.875
2026-05-25 03:36:47.124,22.875
2026-05-25 03:36:53.027,22.875
2026-05-25 03:36:58.934,22.9375
2026-05-25 03:37:04.839,22.875
2026-05-25 03:37:10.745,22.9375
2026-05-25 03:37:16.651,22.875
2026-05-25 03:37:22.557,22.875
2026-05-25 03:37:28.461,22.875
2026-05-25 03:37:34.365,22.9375
2026-05-25 03:37:40.269,22.9375
2026-05-25 03:37:46.172,22.875
2026-05-25 03:37:52.077,22.875
2026-05-25 03:37:57.981,22.875
2026-05-25 03:38:03.884,22.875
2026-05-25 03:38:09.788,22.875
2026-05-25 03:38:15.692,22.875
2026-05-25 03:38:21.599,22.875
2026-05-25 03:38:27.504,22.875
2026-05-25 03:38:33.410,22.875
2026-05-25 03:38:39.316,22.875
2026-05-25 03:38:45.220,22.9375
2026-05-25 03:38:51.124,22.875
2026-05-25 03:38:57.028,22.875
2026-05-25 03:39:02.934,22.875
2026-05-25 03:39:08.837,22.875
2026-05-25 03:39:14.741,22.875
2026-05-25 03:39:20.648,22.875
2026-05-25 03:39:26.553,22.9375
2026-05-25 03:39:32.457,22.875
2026-05-25 03:39:38.361,22.875
2026-05-25 03:39:44.264,22.875
2026-05-25 03:39:50.171,22.875
2026-05-25 03:39:56.075,22.875
2026-05-25 03:40:01.981,22.875
2026-05-25 03:40:07.887,22.875
2026-05-25 03:40:13.792,22.875
2026-05-25 03:40:19.699,22.8125
2026-05-25 03:40:25.603,22.875
2026-05-25 03:40:31.506,22.875
2026-05-25 03:40:37.410,22.875
2026-05-25 03:40:43.317,22.875
2026-05-25 03:40:49.222,22.875
2026-05-25 03:40:55.128,22.875
2026-05-25 03:41:01.034,22.875
2026-05-25 03:41:06.940,22.875
2026-05-25 03:41:12.847,22.875
2026-05-25 03:41:18.750,22.875
2026-05-25 03:41:24.654,22.875
2026-05-25 03:41:30.558,22.875
2026-05-25 03:41:36.462,22.875
2026-05-25 03:41:42.366,22.875
2026-05-25 03:41:48.270,22.875
2026-05-25 03:41:54.173,22.875
2026-05-25 03:42:00.077,22.875
2026-05-25 03:42:05.983,22.875
2026-05-25 03:42:11.890,22.8125
2026-05-25 03:42:17.793,22.875
2026-05-25 03:42:23.699,22.875
2026-05-25 03:42:29.605,22.875
2026-05-25 03:42:35.511,22.875
2026-05-25 03:42:41.418,22.875
2026-05-25 03:42:47.321,22.875
2026-05-25 03:42:53.225,22.875
2026-05-25 03:42:59.128,22.875
2026-05-25 03:43:05.032,22.875
2026-05-25 03:43:10.937,22.875
2026-05-25 03:43:16.842,22.875
2026-05-25 03:43:22.746,22.8125
2026-05-25 03:43:28.650,22.875
2026-05-25 03:43:34.554,22.875
2026-05-25 03:43:40.460,22.875
2026-05-25 03:43:46.364,22.875
2026-05-25 03:43:52.267,22.8125
2026-05-25 03:43:58.171,22.875
2026-05-25 03:44:04.078,22.8125
2026-05-25 03:44:09.984,22.875
2026-05-25 03:44:15.889,22.875
2026-05-25 03:44:21.795,22.875
2026-05-25 03:44:27.699,22.875
2026-05-25 03:44:33.604,22.875
2026-05-25 03:44:39.507,22.8125
2026-05-25 03:44:45.411,22.8125
2026-05-25 03:44:51.315,22.875
2026-05-25 03:44:57.218,22.875
2026-05-25 03:45:03.123,22.8125
2026-05-25 03:45:09.027,22.875
2026-05-25 03:45:14.933,22.875
2026-05-25 03:45:20.841,22.875
2026-05-25 03:45:26.746,22.875
2026-05-25 03:45:32.653,22.875
2026-05-25 03:45:38.557,22.875
2026-05-25 03:45:44.463,22.875
2026-05-25 03:45:50.366,22.875
2026-05-25 03:45:56.270,22.875
2026-05-25 03:46:02.175,22.875
2026-05-25 03:46:08.078,22.875
2026-05-25 03:46:13.984,22.875
2026-05-25 03:46:19.890,22.875
2026-05-25 03:46:25.794,22.875
2026-05-25 03:46:31.698,22.875
2026-05-25 03:46:37.601,22.8125
2026-05-25 03:46:43.505,22.875
2026-05-25 03:46:49.411,22.875
2026-05-25 03:46:55.318,22.875
2026-05-25 03:47:01.222,22.875
2026-05-25 03:47:07.125,22.875
2026-05-25 03:47:13.029,22.8125
2026-05-25 03:47:18.933,22.875
2026-05-25 03:47:24.839,22.875
2026-05-25 03:47:30.745,22.8125
2026-05-25 03:47:36.651,22.875
2026-05-25 03:47:42.557,22.875
2026-05-25 03:47:48.463,22.8125
2026-05-25 03:47:54.370,22.875
2026-05-25 03:48:00.276,22.875
2026-05-25 03:48:06.181,22.875
2026-05-25 03:48:12.087,22.875
2026-05-25 03:48:17.991,22.875
2026-05-25 03:48:23.895,22.8125
2026-05-25 03:48:29.799,22.875
2026-05-25 03:48:35.705,22.875
2026-05-25 03:48:41.611,22.8125
2026-05-25 03:48:47.516,22.8125
2026-05-25 03:48:53.423,22.875
2026-05-25 03:48:59.329,22.875
2026-05-25 03:49:05.233,22.875
2026-05-25 03:49:11.139,22.875
2026-05-25 03:49:17.043,22.8125
2026-05-25 03:49:22.949,22.875
2026-05-25 03:49:28.855,22.875
2026-05-25 03:49:34.759,22.875
2026-05-25 03:49:40.663,22.875
2026-05-25 03:49:46.570,22.8125
2026-05-25 03:49:52.475,22.8125
2026-05-25 03:49:58.381,22.875
2026-05-25 03:50:04.287,22.875
2026-05-25 03:50:10.191,22.875
2026-05-25 03:50:16.095,22.875
2026-05-25 03:50:22.001,22.875
2026-05-25 03:50:27.907,22.875
2026-05-25 03:50:33.811,22.875
2026-05-25 03:50:39.714,22.875
2026-05-25 03:50:45.619,22.8125
2026-05-25 03:50:51.523,22.8125
2026-05-25 03:50:57.426,22.875
2026-05-25 03:51:03.332,22.8125
2026-05-25 03:51:09.238,22.8125
2026-05-25 03:51:15.145,22.875
2026-05-25 03:51:21.051,22.875
2026-05-25 03:51:26.957,22.875
2026-05-25 03:51:32.862,22.8125
2026-05-25 03:51:38.766,22.8125
2026-05-25 03:51:44.672,22.8125
2026-05-25 03:51:50.576,22.875
2026-05-25 03:51:56.480,22.875
2026-05-25 03:52:02.386,22.875
2026-05-25 03:52:08.291,22.875
2026-05-25 03:52:14.198,22.8125
2026-05-25 03:52:20.104,22.8125
2026-05-25 03:52:26.010,22.8125
2026-05-25 03:52:31.914,22.8125
2026-05-25 03:52:37.818,22.8125
2026-05-25 03:52:43.722,22.8125
2026-05-25 03:52:49.628,22.875
2026-05-25 03:52:55.534,22.8125
2026-05-25 03:53:01.438,22.8125
2026-05-25 03:53:07.342,22.875
2026-05-25 03:53:13.246,22.8125
2026-05-25 03:53:19.150,22.875
2026-05-25 03:53:25.053,22.8125
2026-05-25 03:53:30.957,22.8125
2026-05-25 03:53:36.864,22.8125
2026-05-25 03:53:42.770,22.8125
2026-05-25 03:53:48.676,22.8125
2026-05-25 03:53:54.581,22.8125
2026-05-25 03:54:00.485,22.8125
2026-05-25 03:54:06.389,22.8125
2026-05-25 03:54:12.293,22.875
2026-05-25 03:54:18.201,22.8125
2026-05-25 03:54:24.105,22.875
2026-05-25 03:54:30.010,22.8125
2026-05-25 03:54:35.915,22.8125
2026-05-25 03:54:41.821,22.875
2026-05-25 03:54:47.726,22.8125
2026-05-25 03:54:53.632,22.8125
2026-05-25 03:54:59.536,22.875
2026-05-25 03:55:05.440,22.8125
2026-05-25 03:55:11.344,22.875
2026-05-25 03:55:17.250,22.875
2026-05-25 03:55:23.156,22.8125
2026-05-25 03:55:29.063,22.8125
2026-05-25 03:55:34.967,22.8125
2026-05-25 03:55:40.870,22.8125
2026-05-25 03:55:46.774,22.875
2026-05-25 03:55:52.678,22.875
2026-05-25 03:55:58.583,22.875
2026-05-25 03:56:04.486,22.875
2026-05-25 03:56:10.390,22.875
2026-05-25 03:56:16.296,22.875
2026-05-25 03:56:22.200,22.875
2026-05-25 03:56:28.107,22.875
2026-05-25 03:56:34.012,22.8125
2026-05-25 03:56:39.916,22.875
2026-05-25 03:56:45.820,22.8125
2026-05-25 03:56:51.723,22.8125
2026-05-25 03:56:57.628,22.8125
2026-05-25 03:57:03.532,22.8125
2026-05-25 03:57:09.437,22.875
2026-05-25 03:57:15.341,22.875
2026-05-25 03:57:21.245,22.8125
2026-05-25 03:57:27.149,22.875
2026-05-25 03:57:33.053,22.8125
2026-05-25 03:57:38.957,22.8125
2026-05-25 03:57:44.860,22.875
2026-05-25 03:57:50.764,22.875
2026-05-25 03:57:56.671,22.8125
2026-05-25 03:58:02.577,22.875
2026-05-25 03:58:08.482,22.8125
2026-05-25 03:58:14.388,22.8125
2026-05-25 03:58:20.293,22.8125
2026-05-25 03:58:26.196,22.875
2026-05-25 03:58:32.100,22.8125
2026-05-25 03:58:38.003,22.875
2026-05-25 03:58:43.907,22.8125
2026-05-25 03:58:49.812,22.8125
2026-05-25 03:58:55.715,22.8125
2026-05-25 03:59:01.621,22.875
2026-05-25 03:59:07.527,22.8125
2026-05-25 03:59:13.433,22.8125
2026-05-25 03:59:19.338,22.8125
2026-05-25 03:59:25.241,22.8125
2026-05-25 03:59:31.145,22.8125
2026-05-25 03:59:37.049,22.875
2026-05-25 03:59:42.953,22.8125
2026-05-25 03:59:48.859,22.8125
2026-05-25 03:59:54.765,22.8125
2026-05-25 04:00:00.671,22.8125
2026-05-25 04:00:06.575,22.875
2026-05-25 04:00:12.481,22.875
2026-05-25 04:00:18.388,22.875
2026-05-25 04:00:24.292,22.8125
2026-05-25 04:00:30.198,22.8125
2026-05-25 04:00:36.103,22.875
2026-05-25 04:00:42.009,22.8125
2026-05-25 04:00:47.913,22.875
2026-05-25 04:00:53.817,22.875
2026-05-25 04:00:59.721,22.875
2026-05-25 04:01:05.627,22.875
2026-05-25 04:01:11.533,22.8125
2026-05-25 04:01:17.439,22.875
2026-05-25 04:01:23.345,22.875
2026-05-25 04:01:29.250,22.875
2026-05-25 04:01:35.154,22.875
2026-05-25 04:01:41.059,22.875
2026-05-25 04:01:46.963,22.875
2026-05-25 04:01:52.866,22.875
2026-05-25 04:01:58.770,22.875
2026-05-25 04:02:04.674,22.8125
2026-05-25 04:02:10.578,22.8125
2026-05-25 04:02:16.482,22.875
2026-05-25 04:02:22.386,22.875
2026-05-25 04:02:28.289,22.875
2026-05-25 04:02:34.195,22.875
2026-05-25 04:02:40.102,22.8125
2026-05-25 04:02:46.008,22.8125
2026-05-25 04:02:51.911,22.875
2026-05-25 04:02:57.815,22.875
2026-05-25 04:03:03.719,22.875
2026-05-25 04:03:09.623,22.875
2026-05-25 04:03:15.529,22.875
2026-05-25 04:03:21.435,22.875
2026-05-25 04:03:27.341,22.8125
2026-05-25 04:03:33.245,22.8125
2026-05-25 04:03:39.152,22.875
2026-05-25 04:03:45.058,22.8125
2026-05-25 04:03:50.961,22.875
2026-05-25 04:03:56.865,22.8125
2026-05-25 04:04:02.770,22.8125
2026-05-25 04:04:08.675,22.875
2026-05-25 04:04:14.581,22.8125
2026-05-25 04:04:20.487,22.875
2026-05-25 04:04:26.391,22.875
2026-05-25 04:04:32.298,22.8125
2026-05-25 04:04:38.201,22.875
2026-05-25 04:04:44.107,22.875
2026-05-25 04:04:50.011,22.8125
2026-05-25 04:04:55.915,22.8125
2026-05-25 04:05:01.819,22.8125
2026-05-25 04:05:07.723,22.8125
2026-05-25 04:05:13.627,22.8125
2026-05-25 04:05:19.530,22.8125
2026-05-25 04:05:25.434,22.8125
2026-05-25 04:05:31.341,22.875
2026-05-25 04:05:37.247,22.8125
2026-05-25 04:05:43.153,22.875
2026-05-25 04:05:49.059,22.8125
2026-05-25 04:05:54.965,22.8125
2026-05-25 04:06:00.869,22.8125
2026-05-25 04:06:06.773,22.8125
2026-05-25 04:06:12.677,22.8125
2026-05-25 04:06:18.580,22.8125
2026-05-25 04:06:24.486,22.8125
2026-05-25 04:06:30.393,22.8125
2026-05-25 04:06:36.299,22.8125
2026-05-25 04:06:42.205,22.8125
2026-05-25 04:06:48.111,22.8125
2026-05-25 04:06:54.017,22.8125
2026-05-25 04:06:59.924,22.8125
2026-05-25 04:07:05.827,22.8125
2026-05-25 04:07:11.733,22.875
2026-05-25 04:07:17.638,22.8125
2026-05-25 04:07:23.545,22.8125
2026-05-25 04:07:29.449,22.8125
2026-05-25 04:07:35.352,22.8125
2026-05-25 04:07:41.256,22.875
2026-05-25 04:07:47.160,22.8125
2026-05-25 04:07:53.066,22.8125
2026-05-25 04:07:58.972,22.8125
2026-05-25 04:08:04.878,22.8125
2026-05-25 04:08:10.784,22.8125
2026-05-25 04:08:16.690,22.8125
2026-05-25 04:08:22.596,22.8125
2026-05-25 04:08:28.500,22.8125
2026-05-25 04:08:34.403,22.8125
2026-05-25 04:08:40.309,22.8125
2026-05-25 04:08:46.215,22.8125
2026-05-25 04:08:52.122,22.8125
2026-05-25 04:08:58.028,22.8125
2026-05-25 04:09:03.933,22.8125
2026-05-25 04:09:09.841,22.8125
2026-05-25 04:09:15.747,22.8125
2026-05-25 04:09:21.654,22.8125
2026-05-25 04:09:27.557,22.8125
2026-05-25 04:09:33.461,22.8125
2026-05-25 04:09:39.365,22.8125
2026-05-25 04:09:45.268,22.8125
2026-05-25 04:09:51.173,22.8125
2026-05-25 04:09:57.077,22.8125
2026-05-25 04:10:02.980,22.8125
2026-05-25 04:10:08.884,22.8125
2026-05-25 04:10:14.789,22.8125
2026-05-25 04:10:20.694,22.8125
2026-05-25 04:10:26.600,22.8125
2026-05-25 04:10:32.505,22.8125
2026-05-25 04:10:38.409,22.8125
2026-05-25 04:10:44.314,22.8125
2026-05-25 04:10:50.217,22.875
2026-05-25 04:10:56.121,22.8125
2026-05-25 04:11:02.025,22.8125
2026-05-25 04:11:07.928,22.8125
2026-05-25 04:11:13.833,22.8125
2026-05-25 04:11:19.739,22.8125
2026-05-25 04:11:25.645,22.8125
2026-05-25 04:11:31.551,22.8125
2026-05-25 04:11:37.457,22.875
2026-05-25 04:11:43.363,22.8125
2026-05-25 04:11:49.267,22.875
2026-05-25 04:11:55.171,22.8125
2026-05-25 04:12:01.074,22.8125
2026-05-25 04:12:06.978,22.8125
2026-05-25 04:12:12.883,22.8125
2026-05-25 04:12:18.786,22.875
2026-05-25 04:12:24.690,22.875
2026-05-25 04:12:30.595,22.875
2026-05-25 04:12:36.499,22.8125
2026-05-25 04:12:42.404,22.8125
2026-05-25 04:12:48.310,22.8125
2026-05-25 04:12:54.213,22.8125
2026-05-25 04:13:00.120,22.875
2026-05-25 04:13:06.026,22.8125
2026-05-25 04:13:11.932,22.8125
2026-05-25 04:13:17.838,22.8125
2026-05-25 04:13:23.741,22.875
2026-05-25 04:13:29.645,22.8125
2026-05-25 04:13:35.550,22.8125
2026-05-25 04:13:41.453,22.8125
2026-05-25 04:13:47.357,22.875
2026-05-25 04:13:53.261,22.8125
2026-05-25 04:13:59.164,22.8125
2026-05-25 04:14:05.069,22.8125
2026-05-25 04:14:10.975,22.8125
2026-05-25 04:14:16.881,22.8125
2026-05-25 04:14:22.787,22.8125
2026-05-25 04:14:28.692,22.8125
2026-05-25 04:14:34.600,22.8125
2026-05-25 04:14:40.505,22.8125
2026-05-25 04:14:46.411,22.8125
2026-05-25 04:14:52.317,22.8125
2026-05-25 04:14:58.223,22.8125
2026-05-25 04:15:04.130,22.8125
2026-05-25 04:15:10.036,22.8125
2026-05-25 04:15:15.941,22.8125
2026-05-25 04:15:21.849,22.8125
2026-05-25 04:15:27.753,22.8125
2026-05-25 04:15:33.657,22.8125
2026-05-25 04:15:39.563,22.8125
2026-05-25 04:15:45.466,22.8125
2026-05-25 04:15:51.370,22.8125
2026-05-25 04:15:57.275,22.8125
2026-05-25 04:16:03.178,22.8125
2026-05-25 04:16:09.086,22.8125
2026-05-25 04:16:14.992,22.8125
2026-05-25 04:16:20.898,22.8125
2026-05-25 04:16:26.805,22.8125
2026-05-25 04:16:32.710,22.8125
2026-05-25 04:16:38.614,22.75
2026-05-25 04:16:44.520,22.8125
2026-05-25 04:16:50.426,22.8125
2026-05-25 04:16:56.330,22.75
2026-05-25 04:17:02.234,22.75
2026-05-25 04:17:08.138,22.8125
2026-05-25 04:17:14.041,22.8125
2026-05-25 04:17:19.947,22.8125
2026-05-25 04:17:25.851,22.8125
2026-05-25 04:17:31.759,22.8125
2026-05-25 04:17:37.665,22.8125
2026-05-25 04:17:43.571,22.8125
2026-05-25 04:17:49.475,22.8125
2026-05-25 04:17:55.379,22.8125
2026-05-25 04:18:01.283,22.8125
2026-05-25 04:18:07.189,22.8125
2026-05-25 04:18:13.095,22.8125
2026-05-25 04:18:19.001,22.8125
2026-05-25 04:18:24.906,22.75
2026-05-25 04:18:30.809,22.8125
2026-05-25 04:18:36.713,22.8125
2026-05-25 04:18:42.617,22.75
2026-05-25 04:18:48.521,22.8125
2026-05-25 04:18:54.425,22.8125
2026-05-25 04:19:00.329,22.8125
2026-05-25 04:19:06.232,22.8125
2026-05-25 04:19:12.138,22.8125
2026-05-25 04:19:18.043,22.8125
2026-05-25 04:19:23.946,22.8125
2026-05-25 04:19:29.852,22.8125
2026-05-25 04:19:35.756,22.8125
2026-05-25 04:19:41.660,22.75
2026-05-25 04:19:47.567,22.8125
2026-05-25 04:19:53.472,22.8125
2026-05-25 04:19:59.378,22.8125
2026-05-25 04:20:05.284,22.75
2026-05-25 04:20:11.187,22.8125
2026-05-25 04:20:17.092,22.8125
2026-05-25 04:20:22.996,22.8125
2026-05-25 04:20:28.899,22.8125
2026-05-25 04:20:34.803,22.8125
2026-05-25 04:20:40.709,22.8125
2026-05-25 04:20:46.616,22.8125
2026-05-25 04:20:52.521,22.8125
2026-05-25 04:20:58.425,22.8125
2026-05-25 04:21:04.331,22.75
2026-05-25 04:21:10.235,22.8125
2026-05-25 04:21:16.142,22.8125
2026-05-25 04:21:22.045,22.8125
2026-05-25 04:21:27.951,22.8125
2026-05-25 04:21:33.857,22.8125
2026-05-25 04:21:39.760,22.8125
2026-05-25 04:21:45.665,22.8125
2026-05-25 04:21:51.569,22.8125
2026-05-25 04:21:57.472,22.8125
2026-05-25 04:22:03.378,22.8125
2026-05-25 04:22:09.284,22.8125
2026-05-25 04:22:15.191,22.8125
2026-05-25 04:22:21.096,22.8125
2026-05-25 04:22:27.000,22.8125
2026-05-25 04:22:32.903,22.8125
2026-05-25 04:22:38.808,22.75
2026-05-25 04:22:44.711,22.75
2026-05-25 04:22:50.615,22.8125
2026-05-25 04:22:56.521,22.8125
2026-05-25 04:23:02.427,22.8125
2026-05-25 04:23:08.334,22.75
2026-05-25 04:23:14.237,22.8125
2026-05-25 04:23:20.143,22.75
2026-05-25 04:23:26.047,22.8125
2026-05-25 04:23:31.951,22.8125
2026-05-25 04:23:37.855,22.8125
2026-05-25 04:23:43.759,22.75
2026-05-25 04:23:49.663,22.8125
2026-05-25 04:23:55.566,22.8125
2026-05-25 04:24:01.470,22.8125
2026-05-25 04:24:07.375,22.8125
2026-05-25 04:24:13.281,22.75
2026-05-25 04:24:19.184,22.75
2026-05-25 04:24:25.090,22.8125
2026-05-25 04:24:30.996,22.8125
2026-05-25 04:24:36.903,22.8125
2026-05-25 04:24:42.806,22.8125
2026-05-25 04:24:48.714,22.8125
2026-05-25 04:24:54.618,22.75
2026-05-25 04:25:00.525,22.8125
2026-05-25 04:25:06.431,22.8125
2026-05-25 04:25:12.336,22.8125
2026-05-25 04:25:18.240,22.8125
2026-05-25 04:25:24.144,22.8125
2026-05-25 04:25:30.048,22.8125
2026-05-25 04:25:35.952,22.8125
2026-05-25 04:25:41.855,22.8125
2026-05-25 04:25:47.759,22.8125
2026-05-25 04:25:53.663,22.8125
2026-05-25 04:25:59.567,22.8125
2026-05-25 04:26:05.473,22.8125
2026-05-25 04:26:11.379,22.75
2026-05-25 04:26:17.285,22.75
2026-05-25 04:26:23.191,22.75
2026-05-25 04:26:29.098,22.75
2026-05-25 04:26:35.003,22.8125
2026-05-25 04:26:40.907,22.8125
2026-05-25 04:26:46.811,22.75
2026-05-25 04:26:52.714,22.8125
2026-05-25 04:26:58.619,22.75
2026-05-25 04:27:04.523,22.8125
2026-05-25 04:27:10.431,22.75
2026-05-25 04:27:16.337,22.75
2026-05-25 04:27:22.240,22.75
2026-05-25 04:27:28.147,22.8125
2026-05-25 04:27:34.051,22.8125
2026-05-25 04:27:39.956,22.8125
2026-05-25 04:27:45.862,22.75
2026-05-25 04:27:51.769,22.75
2026-05-25 04:27:57.675,22.75
2026-05-25 04:28:03.581,22.8125
2026-05-25 04:28:09.484,22.75
2026-05-25 04:28:15.388,22.75
2026-05-25 04:28:21.293,22.75
2026-05-25 04:28:27.196,22.75
2026-05-25 04:28:33.102,22.75
2026-05-25 04:28:39.008,22.8125
2026-05-25 04:28:44.913,22.75
2026-05-25 04:28:50.818,22.8125
2026-05-25 04:28:56.722,22.8125
2026-05-25 04:29:02.628,22.75
2026-05-25 04:29:08.534,22.75
2026-05-25 04:29:14.437,22.8125
2026-05-25 04:29:20.344,22.75
2026-05-25 04:29:26.250,22.75
2026-05-25 04:29:32.155,22.8125
2026-05-25 04:29:38.061,22.75
2026-05-25 04:29:43.967,22.75
2026-05-25 04:29:49.873,22.75
2026-05-25 04:29:55.779,22.75
2026-05-25 04:30:01.685,22.75
2026-05-25 04:30:07.591,22.8125
2026-05-25 04:30:13.497,22.75
2026-05-25 04:30:19.403,22.75
2026-05-25 04:30:25.309,22.75
2026-05-25 04:30:31.213,22.75
2026-05-25 04:30:37.118,22.75
2026-05-25 04:30:43.023,22.75
2026-05-25 04:30:48.926,22.75
2026-05-25 04:30:54.830,22.75
2026-05-25 04:31:00.735,22.75
2026-05-25 04:31:06.639,22.75
2026-05-25 04:31:12.545,22.8125
2026-05-25 04:31:18.451,22.75
2026-05-25 04:31:24.357,22.75
2026-05-25 04:31:30.263,22.8125
2026-05-25 04:31:36.169,22.8125
2026-05-25 04:31:42.076,22.75
2026-05-25 04:31:47.982,22.8125
2026-05-25 04:31:53.888,22.75
2026-05-25 04:31:59.793,22.8125
2026-05-25 04:32:05.697,22.8125
2026-05-25 04:32:11.603,22.8125
2026-05-25 04:32:17.507,22.75
2026-05-25 04:32:23.413,22.75
2026-05-25 04:32:29.317,22.75
2026-05-25 04:32:35.221,22.8125
2026-05-25 04:32:41.125,22.8125
2026-05-25 04:32:47.029,22.8125
2026-05-25 04:32:52.932,22.8125
2026-05-25 04:32:58.836,22.8125
2026-05-25 04:33:04.740,22.8125
2026-05-25 04:33:10.647,22.8125
2026-05-25 04:33:16.553,22.75
2026-05-25 04:33:22.456,22.8125
2026-05-25 04:33:28.362,22.8125
2026-05-25 04:33:34.269,22.8125
2026-05-25 04:33:40.173,22.75
2026-05-25 04:33:46.076,22.8125
2026-05-25 04:33:51.980,22.8125
2026-05-25 04:33:57.886,22.75
2026-05-25 04:34:03.793,22.8125
2026-05-25 04:34:09.699,22.8125
2026-05-25 04:34:15.604,22.75
2026-05-25 04:34:21.508,22.8125
2026-05-25 04:34:27.414,22.75
2026-05-25 04:34:33.318,22.75
2026-05-25 04:34:39.222,22.8125
2026-05-25 04:34:45.126,22.8125
2026-05-25 04:34:51.032,22.8125
2026-05-25 04:34:56.937,22.8125
2026-05-25 04:35:02.842,22.8125
2026-05-25 04:35:08.748,22.75
2026-05-25 04:35:14.653,22.8125
2026-05-25 04:35:20.557,22.8125
2026-05-25 04:35:26.460,22.8125
2026-05-25 04:35:32.365,22.8125
2026-05-25 04:35:38.269,22.8125
2026-05-25 04:35:44.173,22.8125
2026-05-25 04:35:50.076,22.8125
2026-05-25 04:35:55.980,22.8125
2026-05-25 04:36:01.885,22.75
2026-05-25 04:36:07.788,22.75
2026-05-25 04:36:13.694,22.75
2026-05-25 04:36:19.600,22.75
2026-05-25 04:36:25.504,22.8125
2026-05-25 04:36:31.411,22.8125
2026-05-25 04:36:37.314,22.8125
2026-05-25 04:36:43.220,22.8125
2026-05-25 04:36:49.124,22.8125
2026-05-25 04:36:55.028,22.8125
2026-05-25 04:37:00.932,22.8125
2026-05-25 04:37:06.838,22.8125
2026-05-25 04:37:12.744,22.8125
2026-05-25 04:37:18.650,22.8125
2026-05-25 04:37:24.554,22.8125
2026-05-25 04:37:30.458,22.8125
2026-05-25 04:37:36.364,22.8125
2026-05-25 04:37:42.267,22.75
2026-05-25 04:37:48.171,22.8125
2026-05-25 04:37:54.075,22.8125
2026-05-25 04:37:59.979,22.8125
2026-05-25 04:38:05.883,22.8125
2026-05-25 04:38:11.786,22.8125
2026-05-25 04:38:17.690,22.75
2026-05-25 04:38:23.595,22.75
2026-05-25 04:38:29.499,22.75
2026-05-25 04:38:35.405,22.75
2026-05-25 04:38:41.308,22.8125
2026-05-25 04:38:47.214,22.8125
2026-05-25 04:38:53.119,22.8125
2026-05-25 04:38:59.022,22.8125
2026-05-25 04:39:04.926,22.8125
2026-05-25 04:39:10.830,22.8125
2026-05-25 04:39:16.733,22.8125
2026-05-25 04:39:22.638,22.75
2026-05-25 04:39:28.543,22.8125
2026-05-25 04:39:34.447,22.75
2026-05-25 04:39:40.351,22.75
2026-05-25 04:39:46.255,22.75
2026-05-25 04:39:52.161,22.8125
2026-05-25 04:39:58.065,22.75
2026-05-25 04:40:03.968,22.8125
2026-05-25 04:40:09.874,22.75
2026-05-25 04:40:15.781,22.75
2026-05-25 04:40:21.687,22.8125
2026-05-25 04:40:27.591,22.75
2026-05-25 04:40:33.496,22.75
2026-05-25 04:40:39.400,22.75
2026-05-25 04:40:45.305,22.8125
2026-05-25 04:40:51.208,22.75
2026-05-25 04:40:57.112,22.75
2026-05-25 04:41:03.018,22.8125
2026-05-25 04:41:08.924,22.75
2026-05-25 04:41:14.828,22.75
2026-05-25 04:41:20.734,22.75
2026-05-25 04:41:26.638,22.75
2026-05-25 04:41:32.542,22.8125
2026-05-25 04:41:38.445,22.75
2026-05-25 04:41:44.352,22.75
2026-05-25 04:41:50.258,22.8125
2026-05-25 04:41:56.164,22.75
2026-05-25 04:42:02.070,22.75
2026-05-25 04:42:07.974,22.75
2026-05-25 04:42:13.878,22.75
2026-05-25 04:42:19.782,22.75
2026-05-25 04:42:25.688,22.8125
2026-05-25 04:42:31.594,22.75
2026-05-25 04:42:37.500,22.75
2026-05-25 04:42:43.406,22.75
2026-05-25 04:42:49.312,22.8125
2026-05-25 04:42:55.218,22.75
2026-05-25 04:43:01.124,22.75
2026-05-25 04:43:07.028,22.75
2026-05-25 04:43:12.932,22.8125
2026-05-25 04:43:18.837,22.75
2026-05-25 04:43:24.741,22.8125
2026-05-25 04:43:30.645,22.8125
2026-05-25 04:43:36.552,22.75
2026-05-25 04:43:42.455,22.75
2026-05-25 04:43:48.359,22.75
2026-05-25 04:43:54.265,22.75
2026-05-25 04:44:00.170,22.75
2026-05-25 04:44:06.075,22.8125
2026-05-25 04:44:11.980,22.8125
2026-05-25 04:44:17.886,22.8125
2026-05-25 04:44:23.790,22.75
2026-05-25 04:44:29.694,22.8125
2026-05-25 04:44:35.601,22.8125
2026-05-25 04:44:41.506,22.8125
2026-05-25 04:44:47.410,22.75
2026-05-25 04:44:53.314,22.8125
2026-05-25 04:44:59.217,22.75
2026-05-25 04:45:05.122,22.75
2026-05-25 04:45:11.028,22.8125
2026-05-25 04:45:16.934,22.75
2026-05-25 04:45:22.837,22.8125
2026-05-25 04:45:28.744,22.75
2026-05-25 04:45:34.650,22.8125
2026-05-25 04:45:40.556,22.75
2026-05-25 04:45:46.459,22.75
2026-05-25 04:45:52.363,22.75
2026-05-25 04:45:58.268,22.8125
2026-05-25 04:46:04.171,22.75
2026-05-25 04:46:10.075,22.75
2026-05-25 04:46:15.981,22.8125
2026-05-25 04:46:21.884,22.8125
2026-05-25 04:46:27.791,22.75
2026-05-25 04:46:33.697,22.75
2026-05-25 04:46:39.601,22.8125
2026-05-25 04:46:45.504,22.75
2026-05-25 04:46:51.408,22.8125
2026-05-25 04:46:57.313,22.75
2026-05-25 04:47:03.218,22.8125
2026-05-25 04:47:09.124,22.75
2026-05-25 04:47:15.030,22.8125
2026-05-25 04:47:20.936,22.8125
2026-05-25 04:47:26.843,22.8125
2026-05-25 04:47:32.746,22.8125
2026-05-25 04:47:38.650,22.8125
2026-05-25 04:47:44.554,22.75
2026-05-25 04:47:50.460,22.8125
2026-05-25 04:47:56.366,22.75
2026-05-25 04:48:02.272,22.8125
2026-05-25 04:48:08.176,22.75
2026-05-25 04:48:14.079,22.75
2026-05-25 04:48:19.984,22.75
2026-05-25 04:48:25.888,22.8125
2026-05-25 04:48:31.794,22.8125
2026-05-25 04:48:37.697,22.8125
2026-05-25 04:48:43.601,22.8125
2026-05-25 04:48:49.508,22.8125
2026-05-25 04:48:55.414,22.8125
2026-05-25 04:49:01.320,22.8125
2026-05-25 04:49:07.223,22.75
2026-05-25 04:49:13.127,22.8125
2026-05-25 04:49:19.032,22.75
2026-05-25 04:49:24.935,22.8125
2026-05-25 04:49:30.839,22.8125
2026-05-25 04:49:36.745,22.8125
2026-05-25 04:49:42.651,22.75
2026-05-25 04:49:48.558,22.8125
2026-05-25 04:49:54.461,22.8125
2026-05-25 04:50:00.369,22.8125
2026-05-25 04:50:06.275,22.8125
2026-05-25 04:50:12.179,22.8125
2026-05-25 04:50:18.083,22.75
2026-05-25 04:50:23.987,22.75
2026-05-25 04:50:29.890,22.75
2026-05-25 04:50:35.794,22.8125
2026-05-25 04:50:41.698,22.75
2026-05-25 04:50:47.602,22.75
2026-05-25 04:50:53.508,22.75
2026-05-25 04:50:59.414,22.8125
2026-05-25 04:51:05.317,22.75
2026-05-25 04:51:11.223,22.75
2026-05-25 04:51:17.130,22.75
2026-05-25 04:51:23.036,22.75
2026-05-25 04:51:28.942,22.75
2026-05-25 04:51:34.848,22.75
2026-05-25 04:51:40.755,22.75
2026-05-25 04:51:46.662,22.75
2026-05-25 04:51:52.566,22.75
2026-05-25 04:51:58.470,22.75
2026-05-25 04:52:04.373,22.75
2026-05-25 04:52:10.280,22.75
2026-05-25 04:52:16.186,22.75
2026-05-25 04:52:22.090,22.75
2026-05-25 04:52:27.993,22.75
2026-05-25 04:52:33.899,22.75
2026-05-25 04:52:39.806,22.75
2026-05-25 04:52:45.712,22.75
2026-05-25 04:52:51.616,22.75
2026-05-25 04:52:57.519,22.8125
2026-05-25 04:53:03.423,22.75
2026-05-25 04:53:09.328,22.75
2026-05-25 04:53:15.233,22.75
2026-05-25 04:53:21.139,22.75
2026-05-25 04:53:27.045,22.75
2026-05-25 04:53:32.949,22.75
2026-05-25 04:53:38.853,22.75
2026-05-25 04:53:44.759,22.75
2026-05-25 04:53:50.663,22.75
2026-05-25 04:53:56.569,22.75
2026-05-25 04:54:02.472,22.75
2026-05-25 04:54:08.377,22.75
2026-05-25 04:54:14.282,22.75
2026-05-25 04:54:20.188,22.75
2026-05-25 04:54:26.094,22.75
2026-05-25 04:54:32.003,22.75
2026-05-25 04:54:37.909,22.75
2026-05-25 04:54:43.813,22.75
2026-05-25 04:54:49.716,22.75
2026-05-25 04:54:55.620,22.75
2026-05-25 04:55:01.525,22.8125
2026-05-25 04:55:07.431,22.75
2026-05-25 04:55:13.334,22.75
2026-05-25 04:55:19.238,22.8125
2026-05-25 04:55:25.142,22.75
2026-05-25 04:55:31.046,22.75
2026-05-25 04:55:36.950,22.8125
2026-05-25 04:55:42.854,22.75
2026-05-25 04:55:48.757,22.75
2026-05-25 04:55:54.661,22.75
2026-05-25 04:56:00.568,22.75
2026-05-25 04:56:06.474,22.75
2026-05-25 04:56:12.380,22.75
2026-05-25 04:56:18.283,22.75
2026-05-25 04:56:24.187,22.8125
2026-05-25 04:56:30.092,22.75
2026-05-25 04:56:35.996,22.75
2026-05-25 04:56:41.899,22.8125
2026-05-25 04:56:47.803,22.75
2026-05-25 04:56:53.709,22.75
2026-05-25 04:56:59.616,22.8125
2026-05-25 04:57:05.522,22.75
2026-05-25 04:57:11.427,22.75
2026-05-25 04:57:17.333,22.75
2026-05-25 04:57:23.237,22.75
2026-05-25 04:57:29.141,22.75
2026-05-25 04:57:35.045,22.75
2026-05-25 04:57:40.948,22.75
2026-05-25 04:57:46.854,22.75
2026-05-25 04:57:52.761,22.75
2026-05-25 04:57:58.667,22.8125
2026-05-25 04:58:04.573,22.75
2026-05-25 04:58:10.479,22.75
2026-05-25 04:58:16.382,22.75
2026-05-25 04:58:22.287,22.75
2026-05-25 04:58:28.190,22.75
2026-05-25 04:58:34.094,22.75
2026-05-25 04:58:40.000,22.75
2026-05-25 04:58:45.903,22.75
2026-05-25 04:58:51.810,22.75
2026-05-25 04:58:57.716,22.75
2026-05-25 04:59:03.622,22.75
2026-05-25 04:59:09.526,22.75
2026-05-25 04:59:15.429,22.75
2026-05-25 04:59:21.334,22.75
2026-05-25 04:59:27.238,22.8125
2026-05-25 04:59:33.141,22.75
2026-05-25 04:59:39.047,22.8125
2026-05-25 04:59:44.953,22.75
2026-05-25 04:59:50.860,22.75
2026-05-25 04:59:56.764,22.75
2026-05-25 05:00:02.667,22.75
2026-05-25 05:00:08.571,22.75
2026-05-25 05:00:14.478,22.75
2026-05-25 05:00:20.384,22.8125
2026-05-25 05:00:26.290,22.75
2026-05-25 05:00:32.193,22.75
2026-05-25 05:00:38.099,22.75
2026-05-25 05:00:44.003,22.75
2026-05-25 05:00:49.907,22.75
2026-05-25 05:00:55.811,22.75
2026-05-25 05:01:01.717,22.75
2026-05-25 05:01:07.620,22.75
2026-05-25 05:01:13.527,22.75
2026-05-25 05:01:19.431,22.75
2026-05-25 05:01:25.334,22.75
2026-05-25 05:01:31.238,22.75
2026-05-25 05:01:37.142,22.75
2026-05-25 05:01:43.046,22.75
2026-05-25 05:01:48.952,22.75
2026-05-25 05:01:54.858,22.75
2026-05-25 05:02:00.764,22.75
2026-05-25 05:02:06.670,22.75
2026-05-25 05:02:12.577,22.75
2026-05-25 05:02:18.481,22.75
2026-05-25 05:02:24.384,22.75
2026-05-25 05:02:30.288,22.75
2026-05-25 05:02:36.192,22.75
2026-05-25 05:02:42.096,22.75
2026-05-25 05:02:48.002,22.75
2026-05-25 05:02:53.906,22.75
2026-05-25 05:02:59.812,22.75
2026-05-25 05:03:05.717,22.75
2026-05-25 05:03:11.622,22.75
2026-05-25 05:03:17.528,22.75
2026-05-25 05:03:23.434,22.75
2026-05-25 05:03:29.337,22.75
2026-05-25 05:03:35.242,22.75
2026-05-25 05:03:41.146,22.75
2026-05-25 05:03:47.049,22.6875
2026-05-25 05:03:52.953,22.75
2026-05-25 05:03:58.857,22.75
2026-05-25 05:04:04.761,22.75
2026-05-25 05:04:10.667,22.6875
2026-05-25 05:04:16.573,22.75
2026-05-25 05:04:22.479,22.75
2026-05-25 05:04:28.382,22.75
2026-05-25 05:04:34.287,22.75
2026-05-25 05:04:40.191,22.75
2026-05-25 05:04:46.096,22.6875
2026-05-25 05:04:52.000,22.75
2026-05-25 05:04:57.906,22.6875
2026-05-25 05:05:03.810,22.75
2026-05-25 05:05:09.714,22.75
2026-05-25 05:05:15.618,22.75
2026-05-25 05:05:21.521,22.75
2026-05-25 05:05:27.425,22.75
2026-05-25 05:05:33.332,22.75
2026-05-25 05:05:39.235,22.75
2026-05-25 05:05:45.141,22.75
2026-05-25 05:05:51.045,22.6875
2026-05-25 05:05:56.949,22.75
2026-05-25 05:06:02.853,22.75
2026-05-25 05:06:08.757,22.75
2026-05-25 05:06:14.661,22.75
2026-05-25 05:06:20.564,22.75
2026-05-25 05:06:26.469,22.75
2026-05-25 05:06:32.375,22.75
2026-05-25 05:06:38.278,22.75
2026-05-25 05:06:44.184,22.75
2026-05-25 05:06:50.090,22.75
2026-05-25 05:06:55.997,22.75
2026-05-25 05:07:01.903,22.75
2026-05-25 05:07:07.809,22.75
2026-05-25 05:07:13.712,22.75
2026-05-25 05:07:19.616,22.75
2026-05-25 05:07:25.521,22.6875
2026-05-25 05:07:31.424,22.75
2026-05-25 05:07:37.330,22.6875
2026-05-25 05:07:43.236,22.75
2026-05-25 05:07:49.142,22.75
2026-05-25 05:07:55.049,22.75
2026-05-25 05:08:00.955,22.75
2026-05-25 05:08:06.861,22.75
2026-05-25 05:08:12.767,22.6875
2026-05-25 05:08:18.672,22.75
2026-05-25 05:08:24.577,22.75
2026-05-25 05:08:30.481,22.75
2026-05-25 05:08:36.386,22.75
2026-05-25 05:08:42.290,22.75
2026-05-25 05:08:48.193,22.75
2026-05-25 05:08:54.100,22.75
2026-05-25 05:09:00.004,22.75
2026-05-25 05:09:05.910,22.75
2026-05-25 05:09:11.813,22.75
2026-05-25 05:09:17.718,22.75
2026-05-25 05:09:23.622,22.75
2026-05-25 05:09:29.527,22.75
2026-05-25 05:09:35.431,22.75
2026-05-25 05:09:41.334,22.75
2026-05-25 05:09:47.239,22.75
2026-05-25 05:09:53.143,22.75
2026-05-25 05:09:59.049,22.75
2026-05-25 05:10:04.952,22.75
2026-05-25 05:10:10.858,22.75
2026-05-25 05:10:16.767,22.75
2026-05-25 05:10:22.671,22.75
2026-05-25 05:10:28.574,22.75
2026-05-25 05:10:34.478,22.75
2026-05-25 05:10:40.384,22.75
2026-05-25 05:10:46.289,22.75
2026-05-25 05:10:52.195,22.75
2026-05-25 05:10:58.100,22.75
2026-05-25 05:11:04.006,22.75
2026-05-25 05:11:09.910,22.75
2026-05-25 05:11:15.815,22.75
2026-05-25 05:11:21.721,22.75
2026-05-25 05:11:27.627,22.75
2026-05-25 05:11:33.532,22.75
2026-05-25 05:11:39.438,22.8125
2026-05-25 05:11:45.345,22.75
2026-05-25 05:11:51.248,22.75
2026-05-25 05:11:57.154,22.75
2026-05-25 05:12:03.060,22.75
2026-05-25 05:12:08.967,22.75
2026-05-25 05:12:14.871,22.75
2026-05-25 05:12:20.775,22.75
2026-05-25 05:12:26.678,22.75
2026-05-25 05:12:32.582,22.8125
2026-05-25 05:12:38.487,22.75
2026-05-25 05:12:44.390,22.75
2026-05-25 05:12:50.296,22.75
2026-05-25 05:12:56.202,22.75
2026-05-25 05:13:02.108,22.75
2026-05-25 05:13:08.015,22.75
2026-05-25 05:13:13.919,22.75
2026-05-25 05:13:19.822,22.75
2026-05-25 05:13:25.726,22.75
2026-05-25 05:13:31.630,22.75
2026-05-25 05:13:37.534,22.75
2026-05-25 05:13:43.438,22.75
2026-05-25 05:13:49.342,22.75
2026-05-25 05:13:55.247,22.75
2026-05-25 05:14:01.155,22.75
2026-05-25 05:14:07.062,22.75
2026-05-25 05:14:12.968,22.75
2026-05-25 05:14:18.874,22.6875
2026-05-25 05:14:24.779,22.75
2026-05-25 05:14:30.685,22.75
2026-05-25 05:14:36.590,22.75
2026-05-25 05:14:42.493,22.75
2026-05-25 05:14:48.397,22.75
2026-05-25 05:14:54.301,22.75
2026-05-25 05:15:00.205,22.75
2026-05-25 05:15:06.109,22.75
2026-05-25 05:15:12.015,22.75
2026-05-25 05:15:17.921,22.75
2026-05-25 05:15:23.827,22.6875
2026-05-25 05:15:29.734,22.75
2026-05-25 05:15:35.640,22.75
2026-05-25 05:15:41.545,22.75
2026-05-25 05:15:47.451,22.75
2026-05-25 05:15:53.357,22.75
2026-05-25 05:15:59.262,22.75
2026-05-25 05:16:05.165,22.75
2026-05-25 05:16:11.069,22.75
2026-05-25 05:16:16.973,22.75
2026-05-25 05:16:22.877,22.75
2026-05-25 05:16:28.784,22.75
2026-05-25 05:16:34.687,22.75
2026-05-25 05:16:40.591,22.75
2026-05-25 05:16:46.495,22.75
2026-05-25 05:16:52.398,22.75
2026-05-25 05:16:58.305,22.75
2026-05-25 05:17:04.211,22.75
2026-05-25 05:17:10.115,22.75
2026-05-25 05:17:16.019,22.75
2026-05-25 05:17:21.925,22.75
2026-05-25 05:17:27.829,22.75
2026-05-25 05:17:33.735,22.75
2026-05-25 05:17:39.639,22.75
2026-05-25 05:17:45.542,22.75
2026-05-25 05:17:51.449,22.75
2026-05-25 05:17:57.353,22.75
2026-05-25 05:18:03.257,22.75
2026-05-25 05:18:09.160,22.75
2026-05-25 05:18:15.064,22.75
2026-05-25 05:18:20.969,22.75
2026-05-25 05:18:26.875,22.75
2026-05-25 05:18:32.779,22.75
2026-05-25 05:18:38.684,22.75
2026-05-25 05:18:44.590,22.75
2026-05-25 05:18:50.497,22.75
2026-05-25 05:18:56.401,22.75
2026-05-25 05:19:02.305,22.75
2026-05-25 05:19:08.208,22.75
2026-05-25 05:19:14.112,22.75
2026-05-25 05:19:20.017,22.75
2026-05-25 05:19:25.923,22.75
2026-05-25 05:19:31.826,22.75
2026-05-25 05:19:37.732,22.8125
2026-05-25 05:19:43.638,22.75
2026-05-25 05:19:49.543,22.75
2026-05-25 05:19:55.448,22.75
2026-05-25 05:20:01.354,22.75
2026-05-25 05:20:07.258,22.75
2026-05-25 05:20:13.162,22.75
2026-05-25 05:20:19.066,22.75
2026-05-25 05:20:24.970,22.75
2026-05-25 05:20:30.874,22.75
2026-05-25 05:20:36.777,22.75
2026-05-25 05:20:42.683,22.75
2026-05-25 05:20:48.590,22.75
2026-05-25 05:20:54.496,22.75
2026-05-25 05:21:00.400,22.75
2026-05-25 05:21:06.305,22.75
2026-05-25 05:21:12.210,22.8125
2026-05-25 05:21:18.113,22.75
2026-05-25 05:21:24.019,22.75
2026-05-25 05:21:29.925,22.75
2026-05-25 05:21:35.831,22.75
2026-05-25 05:21:41.738,22.75
2026-05-25 05:21:47.641,22.75
2026-05-25 05:21:53.547,22.75
2026-05-25 05:21:59.452,22.75
2026-05-25 05:22:05.356,22.75
2026-05-25 05:22:11.262,22.75
2026-05-25 05:22:17.168,22.75
2026-05-25 05:22:23.074,22.75
2026-05-25 05:22:28.979,22.75
2026-05-25 05:22:34.883,22.75
2026-05-25 05:22:40.790,22.75
2026-05-25 05:22:46.696,22.75
2026-05-25 05:22:52.599,22.75
2026-05-25 05:22:58.503,22.75
2026-05-25 05:23:04.409,22.75
2026-05-25 05:23:10.313,22.75
2026-05-25 05:23:16.217,22.75
2026-05-25 05:23:22.121,22.75
2026-05-25 05:23:28.024,22.75
2026-05-25 05:23:33.928,22.8125
2026-05-25 05:23:39.833,22.8125
2026-05-25 05:23:45.738,22.75
2026-05-25 05:23:51.644,22.75
2026-05-25 05:23:57.548,22.75
2026-05-25 05:24:03.455,22.75
2026-05-25 05:24:09.360,22.75
2026-05-25 05:24:15.264,22.75
2026-05-25 05:24:21.168,22.75
2026-05-25 05:24:27.071,22.75
2026-05-25 05:24:32.976,22.75
2026-05-25 05:24:38.880,22.75
2026-05-25 05:24:44.783,22.75
2026-05-25 05:24:50.687,22.8125
2026-05-25 05:24:56.591,22.75
2026-05-25 05:25:02.498,22.75
2026-05-25 05:25:08.403,22.8125
2026-05-25 05:25:14.309,22.6875
2026-05-25 05:25:20.213,22.75
2026-05-25 05:25:26.117,22.75
2026-05-25 05:25:32.021,22.75
2026-05-25 05:25:37.927,22.75
2026-05-25 05:25:43.833,22.8125
2026-05-25 05:25:49.737,22.75
2026-05-25 05:25:55.643,22.75
2026-05-25 05:26:01.547,22.75
2026-05-25 05:26:07.451,22.75
2026-05-25 05:26:13.355,22.75
2026-05-25 05:26:19.259,22.75
2026-05-25 05:26:25.162,22.75
2026-05-25 05:26:31.067,22.75
2026-05-25 05:26:36.971,22.75
2026-05-25 05:26:42.877,22.75
2026-05-25 05:26:48.780,22.75
2026-05-25 05:26:54.687,22.6875
2026-05-25 05:27:00.592,22.75
2026-05-25 05:27:06.496,22.75
2026-05-25 05:27:12.402,22.75
2026-05-25 05:27:18.306,22.75
2026-05-25 05:27:24.212,22.75
2026-05-25 05:27:30.116,22.75
2026-05-25 05:27:36.019,22.75
2026-05-25 05:27:41.925,22.75
2026-05-25 05:27:47.829,22.75
2026-05-25 05:27:53.735,22.75
2026-05-25 05:27:59.641,22.6875
2026-05-25 05:28:05.544,22.75
2026-05-25 05:28:11.448,22.75
2026-05-25 05:28:17.352,22.75
2026-05-25 05:28:23.257,22.75
2026-05-25 05:28:29.162,22.75
2026-05-25 05:28:35.068,22.75
2026-05-25 05:28:40.972,22.75
2026-05-25 05:28:46.878,22.75
2026-05-25 05:28:52.784,22.75
2026-05-25 05:28:58.688,22.75
2026-05-25 05:29:04.591,22.75
2026-05-25 05:29:10.495,22.75
2026-05-25 05:29:16.401,22.75
2026-05-25 05:29:22.308,22.75
2026-05-25 05:29:28.211,22.75
2026-05-25 05:29:34.115,22.6875
2026-05-25 05:29:40.019,22.75
2026-05-25 05:29:45.926,22.75
2026-05-25 05:29:51.832,22.75
2026-05-25 05:29:57.738,22.75
2026-05-25 05:30:03.644,22.6875
2026-05-25 05:30:09.547,22.75
2026-05-25 05:30:15.454,22.6875
2026-05-25 05:30:21.360,22.75
2026-05-25 05:30:27.265,22.6875
2026-05-25 05:30:33.169,22.75
2026-05-25 05:30:39.073,22.75
2026-05-25 05:30:44.977,22.6875
2026-05-25 05:30:50.881,22.75
2026-05-25 05:30:56.785,22.75
2026-05-25 05:31:02.689,22.75
2026-05-25 05:31:08.592,22.75
2026-05-25 05:31:14.499,22.75
2026-05-25 05:31:20.405,22.75
2026-05-25 05:31:26.309,22.75
2026-05-25 05:31:32.215,22.75
2026-05-25 05:31:38.121,22.75
2026-05-25 05:31:44.025,22.75
2026-05-25 05:31:49.931,22.6875
2026-05-25 05:31:55.837,22.75
2026-05-25 05:32:01.743,22.6875
2026-05-25 05:32:07.649,22.75
2026-05-25 05:32:13.554,22.75
2026-05-25 05:32:19.459,22.75
2026-05-25 05:32:25.365,22.75
2026-05-25 05:32:31.271,22.75
2026-05-25 05:32:37.178,22.75
2026-05-25 05:32:43.084,22.75
2026-05-25 05:32:48.988,22.75
2026-05-25 05:32:54.891,22.75
2026-05-25 05:33:00.797,22.8125
2026-05-25 05:33:06.704,22.75
2026-05-25 05:33:12.610,22.75
2026-05-25 05:33:18.516,22.75
2026-05-25 05:33:24.422,22.75
2026-05-25 05:33:30.327,22.75
2026-05-25 05:33:36.234,22.75
2026-05-25 05:33:42.140,22.75
2026-05-25 05:33:48.043,22.75
2026-05-25 05:33:53.947,22.75
2026-05-25 05:33:59.853,22.6875
2026-05-25 05:34:05.760,22.75
2026-05-25 05:34:11.666,22.75
2026-05-25 05:34:17.572,22.75
2026-05-25 05:34:23.476,22.75
2026-05-25 05:34:29.379,22.75
2026-05-25 05:34:35.284,22.75
2026-05-25 05:34:41.188,22.75
2026-05-25 05:34:47.091,22.75
2026-05-25 05:34:52.995,22.8125
2026-05-25 05:34:58.901,22.75
2026-05-25 05:35:04.808,22.75
2026-05-25 05:35:10.711,22.75
2026-05-25 05:35:16.617,22.75
2026-05-25 05:35:22.523,22.75
2026-05-25 05:35:28.428,22.75
2026-05-25 05:35:34.333,22.75
2026-05-25 05:35:40.237,22.75
2026-05-25 05:35:46.141,22.75
2026-05-25 05:35:52.046,22.75
2026-05-25 05:35:57.952,22.75
2026-05-25 05:36:03.856,22.75
2026-05-25 05:36:09.760,22.75
2026-05-25 05:36:15.665,22.75
2026-05-25 05:36:21.571,22.75
2026-05-25 05:36:27.478,22.75
2026-05-25 05:36:33.384,22.75
2026-05-25 05:36:39.291,22.75
2026-05-25 05:36:45.197,22.75
2026-05-25 05:36:51.103,22.75
2026-05-25 05:36:57.010,22.75
2026-05-25 05:37:02.915,22.75
2026-05-25 05:37:08.821,22.75
2026-05-25 05:37:14.725,22.75
2026-05-25 05:37:20.628,22.75
2026-05-25 05:37:26.533,22.75
2026-05-25 05:37:32.437,22.75
2026-05-25 05:37:38.340,22.75
2026-05-25 05:37:44.244,22.75
2026-05-25 05:37:50.148,22.75
2026-05-25 05:37:56.055,22.75
2026-05-25 05:38:01.961,22.6875
2026-05-25 05:38:07.866,22.6875
2026-05-25 05:38:13.770,22.75
2026-05-25 05:38:19.674,22.75
2026-05-25 05:38:25.578,22.75
2026-05-25 05:38:31.484,22.6875
2026-05-25 05:38:37.387,22.6875
2026-05-25 05:38:43.291,22.6875
2026-05-25 05:38:49.196,22.75
2026-05-25 05:38:55.100,22.6875
2026-05-25 05:39:01.006,22.6875
2026-05-25 05:39:06.911,22.75
2026-05-25 05:39:12.815,22.6875
2026-05-25 05:39:18.720,22.75
2026-05-25 05:39:24.623,22.75
2026-05-25 05:39:30.527,22.75
2026-05-25 05:39:36.431,22.6875
2026-05-25 05:39:42.335,22.75
2026-05-25 05:39:48.239,22.75
2026-05-25 05:39:54.143,22.75
2026-05-25 05:40:00.049,22.75
2026-05-25 05:40:05.955,22.75
2026-05-25 05:40:11.860,22.75
2026-05-25 05:40:17.767,22.6875
2026-05-25 05:40:23.670,22.75
2026-05-25 05:40:29.574,22.75
2026-05-25 05:40:35.478,22.75
2026-05-25 05:40:41.383,22.75
2026-05-25 05:40:47.290,22.75
2026-05-25 05:40:53.196,22.75
2026-05-25 05:40:59.101,22.75
2026-05-25 05:41:05.007,22.75
2026-05-25 05:41:10.912,22.6875
2026-05-25 05:41:16.817,22.75
2026-05-25 05:41:22.721,22.75
2026-05-25 05:41:28.624,22.75
2026-05-25 05:41:34.528,22.75
2026-05-25 05:41:40.435,22.75
2026-05-25 05:41:46.341,22.75
2026-05-25 05:41:52.246,22.75
2026-05-25 05:41:58.152,22.75
2026-05-25 05:42:04.058,22.75
2026-05-25 05:42:09.962,22.75
2026-05-25 05:42:15.866,22.6875
2026-05-25 05:42:21.772,22.75
2026-05-25 05:42:27.678,22.75
2026-05-25 05:42:33.583,22.75
2026-05-25 05:42:39.490,22.75
2026-05-25 05:42:45.394,22.75
2026-05-25 05:42:51.298,22.75
2026-05-25 05:42:57.201,22.75
2026-05-25 05:43:03.105,22.75
2026-05-25 05:43:09.010,22.75
2026-05-25 05:43:14.913,22.75
2026-05-25 05:43:20.817,22.75
2026-05-25 05:43:26.723,22.75
2026-05-25 05:43:32.629,22.75
2026-05-25 05:43:38.533,22.75
2026-05-25 05:43:44.437,22.75
2026-05-25 05:43:50.341,22.75
2026-05-25 05:43:56.244,22.75
2026-05-25 05:44:02.148,22.75
2026-05-25 05:44:08.053,22.75
2026-05-25 05:44:13.956,22.75
2026-05-25 05:44:19.860,22.6875
2026-05-25 05:44:25.764,22.75
2026-05-25 05:44:31.668,22.75
2026-05-25 05:44:37.572,22.75
2026-05-25 05:44:43.476,22.75
2026-05-25 05:44:49.382,22.75
2026-05-25 05:44:55.285,22.75
2026-05-25 05:45:01.192,22.75
2026-05-25 05:45:07.098,22.75
2026-05-25 05:45:13.002,22.75
2026-05-25 05:45:18.905,22.75
2026-05-25 05:45:24.811,22.75
2026-05-25 05:45:30.716,22.75
2026-05-25 05:45:36.622,22.75
2026-05-25 05:45:42.528,22.75
2026-05-25 05:45:48.434,22.75
2026-05-25 05:45:54.340,22.75
2026-05-25 05:46:00.244,22.75
2026-05-25 05:46:06.148,22.75
2026-05-25 05:46:12.052,22.75
2026-05-25 05:46:17.955,22.75
2026-05-25 05:46:23.861,22.75
2026-05-25 05:46:29.765,22.75
2026-05-25 05:46:35.671,22.75
2026-05-25 05:46:41.577,22.75
2026-05-25 05:46:47.483,22.75
2026-05-25 05:46:53.388,22.75
2026-05-25 05:46:59.293,22.75
2026-05-25 05:47:05.196,22.75
2026-05-25 05:47:11.100,22.75
2026-05-25 05:47:17.004,22.75
2026-05-25 05:47:22.908,22.75
2026-05-25 05:47:28.812,22.75
2026-05-25 05:47:34.718,22.75
2026-05-25 05:47:40.624,22.75
2026-05-25 05:47:46.530,22.75
2026-05-25 05:47:52.436,22.75
2026-05-25 05:47:58.340,22.75
2026-05-25 05:48:04.243,22.75
2026-05-25 05:48:10.147,22.75
2026-05-25 05:48:16.051,22.75
2026-05-25 05:48:21.955,22.75
2026-05-25 05:48:27.859,22.75
2026-05-25 05:48:33.763,22.75
2026-05-25 05:48:39.666,22.75
2026-05-25 05:48:45.570,22.75
2026-05-25 05:48:51.474,22.75
2026-05-25 05:48:57.378,22.75
2026-05-25 05:49:03.282,22.75
2026-05-25 05:49:09.185,22.75
2026-05-25 05:49:15.091,22.75
2026-05-25 05:49:20.995,22.75
2026-05-25 05:49:26.899,22.75
2026-05-25 05:49:32.803,22.6875
2026-05-25 05:49:38.706,22.75
2026-05-25 05:49:44.610,22.75
2026-05-25 05:49:50.514,22.6875
2026-05-25 05:49:56.420,22.6875
2026-05-25 05:50:02.324,22.75
2026-05-25 05:50:08.230,22.6875
2026-05-25 05:50:14.133,22.75
2026-05-25 05:50:20.040,22.6875
2026-05-25 05:50:25.946,22.75
2026-05-25 05:50:31.850,22.75
2026-05-25 05:50:37.753,22.75
2026-05-25 05:50:43.658,22.6875
2026-05-25 05:50:49.562,22.75
2026-05-25 05:50:55.465,22.75
2026-05-25 05:51:01.369,22.75
2026-05-25 05:51:07.275,22.6875
2026-05-25 05:51:13.179,22.75
2026-05-25 05:51:19.085,22.75
2026-05-25 05:51:24.991,22.6875
2026-05-25 05:51:30.897,22.75
2026-05-25 05:51:36.803,22.75
2026-05-25 05:51:42.710,22.6875
2026-05-25 05:51:48.616,22.75
2026-05-25 05:51:54.521,22.75
2026-05-25 05:52:00.425,22.75
2026-05-25 05:52:06.329,22.6875
2026-05-25 05:52:12.235,22.75
2026-05-25 05:52:18.141,22.75
2026-05-25 05:52:24.047,22.75
2026-05-25 05:52:29.950,22.75
2026-05-25 05:52:35.856,22.75
2026-05-25 05:52:41.763,22.75
2026-05-25 05:52:47.666,22.6875
2026-05-25 05:52:53.570,22.75
2026-05-25 05:52:59.473,22.6875
2026-05-25 05:53:05.379,22.75
2026-05-25 05:53:11.286,22.6875
2026-05-25 05:53:17.190,22.75
2026-05-25 05:53:23.093,22.75
2026-05-25 05:53:28.999,22.75
2026-05-25 05:53:34.904,22.75
2026-05-25 05:53:40.807,22.75
2026-05-25 05:53:46.711,22.75
2026-05-25 05:53:52.615,22.75
2026-05-25 05:53:58.518,22.75
2026-05-25 05:54:04.423,22.75
2026-05-25 05:54:10.329,22.6875
2026-05-25 05:54:16.237,22.75
2026-05-25 05:54:22.142,22.6875
2026-05-25 05:54:28.048,22.75
2026-05-25 05:54:33.955,22.75
2026-05-25 05:54:39.860,22.6875
2026-05-25 05:54:45.766,22.75
2026-05-25 05:54:51.670,22.75
2026-05-25 05:54:57.575,22.75
2026-05-25 05:55:03.482,22.75
2026-05-25 05:55:09.387,22.75
2026-05-25 05:55:15.291,22.6875
2026-05-25 05:55:21.195,22.75
2026-05-25 05:55:27.099,22.6875
2026-05-25 05:55:33.003,22.75
2026-05-25 05:55:38.907,22.75
2026-05-25 05:55:44.810,22.75
2026-05-25 05:55:50.716,22.6875
2026-05-25 05:55:56.622,22.75
2026-05-25 05:56:02.529,22.6875
2026-05-25 05:56:08.432,22.75
2026-05-25 05:56:14.338,22.75
2026-05-25 05:56:20.244,22.75
2026-05-25 05:56:26.151,22.75
2026-05-25 05:56:32.054,22.75
2026-05-25 05:56:37.960,22.75
2026-05-25 05:56:43.866,22.75
2026-05-25 05:56:49.770,22.75
2026-05-25 05:56:55.674,22.75
2026-05-25 05:57:01.578,22.75
2026-05-25 05:57:07.482,22.75
2026-05-25 05:57:13.388,22.6875
2026-05-25 05:57:19.291,22.75
2026-05-25 05:57:25.198,22.6875
2026-05-25 05:57:31.104,22.6875
2026-05-25 05:57:37.010,22.75
2026-05-25 05:57:42.916,22.75
2026-05-25 05:57:48.821,22.75
2026-05-25 05:57:54.728,22.75
2026-05-25 05:58:00.632,22.75
2026-05-25 05:58:06.535,22.75
2026-05-25 05:58:12.439,22.75
2026-05-25 05:58:18.343,22.75
2026-05-25 05:58:24.249,22.75
2026-05-25 05:58:30.155,22.75
2026-05-25 05:58:36.061,22.75
2026-05-25 05:58:41.967,22.75
2026-05-25 05:58:47.871,22.75
2026-05-25 05:58:53.775,22.8125
2026-05-25 05:58:59.681,22.75
2026-05-25 05:59:05.587,22.75
2026-05-25 05:59:11.491,22.75
2026-05-25 05:59:17.396,22.75
2026-05-25 05:59:23.299,22.6875
2026-05-25 05:59:29.203,22.75
2026-05-25 05:59:35.106,22.75
2026-05-25 05:59:41.010,22.75
2026-05-25 05:59:46.917,22.75
2026-05-25 05:59:52.821,22.75
2026-05-25 05:59:58.726,22.75
2026-05-25 06:00:04.632,22.75
2026-05-25 06:00:10.538,22.75
2026-05-25 06:00:16.443,22.75
2026-05-25 06:00:22.349,22.75
2026-05-25 06:00:28.252,22.75
2026-05-25 06:00:34.156,22.75
2026-05-25 06:00:40.059,22.75
2026-05-25 06:00:45.966,22.75
2026-05-25 06:00:51.872,22.6875
2026-05-25 06:00:57.777,22.75
2026-05-25 06:01:03.683,22.75
2026-05-25 06:01:09.589,22.75
2026-05-25 06:01:15.494,22.75
2026-05-25 06:01:21.397,22.75
2026-05-25 06:01:27.301,22.75
2026-05-25 06:01:33.205,22.75
2026-05-25 06:01:39.109,22.75
2026-05-25 06:01:45.013,22.75
2026-05-25 06:01:50.919,22.75
2026-05-25 06:01:56.825,22.75
2026-05-25 06:02:02.731,22.75
2026-05-25 06:02:08.638,22.75
2026-05-25 06:02:14.544,22.75
2026-05-25 06:02:20.450,22.75
2026-05-25 06:02:26.355,22.6875
2026-05-25 06:02:32.259,22.6875
2026-05-25 06:02:38.163,22.75
2026-05-25 06:02:44.069,22.6875
2026-05-25 06:02:49.977,22.75
2026-05-25 06:02:55.883,22.6875
2026-05-25 06:03:01.789,22.75
2026-05-25 06:03:07.696,22.6875
2026-05-25 06:03:13.602,22.6875
2026-05-25 06:03:19.508,22.6875
2026-05-25 06:03:25.413,22.6875
2026-05-25 06:03:31.319,22.75
2026-05-25 06:03:37.226,22.6875
2026-05-25 06:03:43.134,22.75
2026-05-25 06:03:49.040,22.75
2026-05-25 06:03:54.945,22.6875
2026-05-25 06:04:00.851,22.6875
2026-05-25 06:04:06.758,22.75
2026-05-25 06:04:12.664,22.6875
2026-05-25 06:04:18.567,22.6875
2026-05-25 06:04:24.471,22.6875
2026-05-25 06:04:30.375,22.6875
2026-05-25 06:04:36.280,22.6875
2026-05-25 06:04:42.185,22.6875
2026-05-25 06:04:48.089,22.6875
2026-05-25 06:04:53.992,22.6875
2026-05-25 06:04:59.898,22.6875
2026-05-25 06:05:05.805,22.6875
2026-05-25 06:05:11.711,22.75
2026-05-25 06:05:17.617,22.6875
2026-05-25 06:05:23.523,22.75
2026-05-25 06:05:29.430,22.6875
2026-05-25 06:05:35.333,22.75
2026-05-25 06:05:41.237,22.6875
2026-05-25 06:05:47.141,22.6875
2026-05-25 06:05:53.044,22.75
2026-05-25 06:05:58.949,22.6875
2026-05-25 06:06:04.852,22.6875
2026-05-25 06:06:10.758,22.6875
2026-05-25 06:06:16.664,22.75
2026-05-25 06:06:22.567,22.75
2026-05-25 06:06:28.475,22.6875
2026-05-25 06:06:34.380,22.6875
2026-05-25 06:06:40.284,22.6875
2026-05-25 06:06:46.187,22.75
2026-05-25 06:06:52.093,22.75
2026-05-25 06:06:57.998,22.75
2026-05-25 06:07:03.904,22.75
2026-05-25 06:07:09.808,22.75
2026-05-25 06:07:15.713,22.6875
2026-05-25 06:07:21.617,22.6875
2026-05-25 06:07:27.522,22.6875
2026-05-25 06:07:33.425,22.6875
2026-05-25 06:07:39.331,22.75
2026-05-25 06:07:45.237,22.6875
2026-05-25 06:07:51.143,22.6875
2026-05-25 06:07:57.050,22.75
2026-05-25 06:08:02.956,22.75
2026-05-25 06:08:08.860,22.75
2026-05-25 06:08:14.763,22.75
2026-05-25 06:08:20.668,22.6875
2026-05-25 06:08:26.572,22.75
2026-05-25 06:08:32.475,22.75
2026-05-25 06:08:38.381,22.6875
2026-05-25 06:08:44.287,22.6875
2026-05-25 06:08:50.194,22.75
2026-05-25 06:08:56.098,22.6875
2026-05-25 06:09:02.002,22.75
2026-05-25 06:09:07.908,22.6875
2026-05-25 06:09:13.814,22.75
2026-05-25 06:09:19.718,22.6875
2026-05-25 06:09:25.622,22.6875
2026-05-25 06:09:31.526,22.6875
2026-05-25 06:09:37.430,22.6875
2026-05-25 06:09:43.333,22.6875
2026-05-25 06:09:49.240,22.75
2026-05-25 06:09:55.146,22.75
2026-05-25 06:10:01.052,22.75
2026-05-25 06:10:06.958,22.6875
2026-05-25 06:10:12.864,22.75
2026-05-25 06:10:18.768,22.75
2026-05-25 06:10:24.674,22.6875
2026-05-25 06:10:30.577,22.6875
2026-05-25 06:10:36.483,22.75
2026-05-25 06:10:42.389,22.6875
2026-05-25 06:10:48.298,22.75
2026-05-25 06:10:54.203,22.75
2026-05-25 06:11:00.107,22.75
2026-05-25 06:11:06.011,22.75
2026-05-25 06:11:11.915,22.75
2026-05-25 06:11:17.819,22.75
2026-05-25 06:11:23.723,22.6875
2026-05-25 06:11:29.626,22.75
2026-05-25 06:11:35.530,22.75
2026-05-25 06:11:41.435,22.6875
2026-05-25 06:11:47.338,22.75
2026-05-25 06:11:53.242,22.75
2026-05-25 06:11:59.148,22.75
2026-05-25 06:12:05.052,22.6875
2026-05-25 06:12:10.956,22.75
2026-05-25 06:12:16.860,22.75
2026-05-25 06:12:22.764,22.75
2026-05-25 06:12:28.667,22.6875
2026-05-25 06:12:34.571,22.6875
2026-05-25 06:12:40.478,22.75
2026-05-25 06:12:46.384,22.6875
2026-05-25 06:12:52.289,22.6875
2026-05-25 06:12:58.195,22.75
2026-05-25 06:13:04.101,22.75
2026-05-25 06:13:10.006,22.75
2026-05-25 06:13:15.912,22.6875
2026-05-25 06:13:21.818,22.75
2026-05-25 06:13:27.725,22.75
2026-05-25 06:13:33.631,22.75
2026-05-25 06:13:39.538,22.75
2026-05-25 06:13:45.444,22.75
2026-05-25 06:13:51.348,22.75
2026-05-25 06:13:57.251,22.75
2026-05-25 06:14:03.156,22.75
2026-05-25 06:14:09.060,22.6875
2026-05-25 06:14:14.965,22.6875
2026-05-25 06:14:20.869,22.75
2026-05-25 06:14:26.775,22.75
2026-05-25 06:14:32.680,22.75
2026-05-25 06:14:38.583,22.75
2026-05-25 06:14:44.487,22.75
2026-05-25 06:14:50.393,22.6875
2026-05-25 06:14:56.299,22.75
2026-05-25 06:15:02.206,22.6875
2026-05-25 06:15:08.111,22.75
2026-05-25 06:15:14.015,22.75
2026-05-25 06:15:19.919,22.75
2026-05-25 06:15:25.822,22.75
2026-05-25 06:15:31.727,22.75
2026-05-25 06:15:37.633,22.75
2026-05-25 06:15:43.536,22.75
2026-05-25 06:15:49.440,22.75
2026-05-25 06:15:55.344,22.75
2026-05-25 06:16:01.251,22.6875
2026-05-25 06:16:07.157,22.6875
2026-05-25 06:16:13.062,22.75
2026-05-25 06:16:18.968,22.75
2026-05-25 06:16:24.872,22.75
2026-05-25 06:16:30.777,22.6875
2026-05-25 06:16:36.680,22.6875
2026-05-25 06:16:42.586,22.6875
2026-05-25 06:16:48.492,22.6875
2026-05-25 06:16:54.397,22.75
2026-05-25 06:17:00.300,22.6875
2026-05-25 06:17:06.204,22.6875
2026-05-25 06:17:12.108,22.75
2026-05-25 06:17:18.011,22.6875
2026-05-25 06:17:23.918,22.6875
2026-05-25 06:17:29.824,22.6875
2026-05-25 06:17:35.730,22.6875
2026-05-25 06:17:41.636,22.75
2026-05-25 06:17:47.542,22.6875
2026-05-25 06:17:53.449,22.6875
2026-05-25 06:17:59.353,22.6875
2026-05-25 06:18:05.257,22.75
2026-05-25 06:18:11.160,22.6875
2026-05-25 06:18:17.066,22.6875
2026-05-25 06:18:22.971,22.6875
2026-05-25 06:18:28.877,22.6875
2026-05-25 06:18:34.782,22.6875
2026-05-25 06:18:40.686,22.6875
2026-05-25 06:18:46.589,22.75
2026-05-25 06:18:52.494,22.75
2026-05-25 06:18:58.399,22.6875
2026-05-25 06:19:04.303,22.6875
2026-05-25 06:19:10.209,22.6875
2026-05-25 06:19:16.115,22.6875
2026-05-25 06:19:22.020,22.6875
2026-05-25 06:19:27.925,22.6875
2026-05-25 06:19:33.829,22.75
2026-05-25 06:19:39.735,22.6875
2026-05-25 06:19:45.638,22.6875
2026-05-25 06:19:51.543,22.6875
2026-05-25 06:19:57.449,22.6875
2026-05-25 06:20:03.357,22.6875
2026-05-25 06:20:09.263,22.6875
2026-05-25 06:20:15.169,22.6875
2026-05-25 06:20:21.075,22.75
2026-05-25 06:20:26.979,22.6875
2026-05-25 06:20:32.883,22.75
2026-05-25 06:20:38.788,22.6875
2026-05-25 06:20:44.695,22.6875
2026-05-25 06:20:50.601,22.75
2026-05-25 06:20:56.507,22.6875
2026-05-25 06:21:02.413,22.75
2026-05-25 06:21:08.318,22.75
2026-05-25 06:21:14.223,22.6875
2026-05-25 06:21:20.127,22.6875
2026-05-25 06:21:26.030,22.75
2026-05-25 06:21:31.937,22.75
2026-05-25 06:21:37.842,22.6875
2026-05-25 06:21:43.749,22.6875
2026-05-25 06:21:49.655,22.6875
2026-05-25 06:21:55.560,22.6875
2026-05-25 06:22:01.466,22.75
2026-05-25 06:22:07.372,22.75
2026-05-25 06:22:13.279,22.6875
2026-05-25 06:22:19.184,22.6875
2026-05-25 06:22:25.088,22.75
2026-05-25 06:22:30.991,22.6875
2026-05-25 06:22:36.895,22.6875
2026-05-25 06:22:42.800,22.6875
2026-05-25 06:22:48.703,22.75
2026-05-25 06:22:54.609,22.6875
2026-05-25 06:23:00.513,22.6875
2026-05-25 06:23:06.419,22.75
2026-05-25 06:23:12.323,22.6875
2026-05-25 06:23:18.226,22.6875
2026-05-25 06:23:24.130,22.75
2026-05-25 06:23:30.036,22.75
2026-05-25 06:23:35.943,22.75
2026-05-25 06:23:41.847,22.75
2026-05-25 06:23:47.750,22.6875
2026-05-25 06:23:53.654,22.6875
2026-05-25 06:23:59.558,22.75
2026-05-25 06:24:05.464,22.6875
2026-05-25 06:24:11.370,22.6875
2026-05-25 06:24:17.274,22.6875
2026-05-25 06:24:23.178,22.6875
2026-05-25 06:24:29.081,22.6875
2026-05-25 06:24:34.986,22.6875
2026-05-25 06:24:40.890,22.6875
2026-05-25 06:24:46.796,22.6875
2026-05-25 06:24:52.699,22.75
2026-05-25 06:24:58.605,22.75
2026-05-25 06:25:04.511,22.6875
2026-05-25 06:25:10.415,22.6875
2026-05-25 06:25:16.319,22.6875
2026-05-25 06:25:22.227,22.6875
2026-05-25 06:25:28.130,22.75
2026-05-25 06:25:34.037,22.6875
2026-05-25 06:25:39.941,22.6875
2026-05-25 06:25:45.844,22.6875
2026-05-25 06:25:51.748,22.6875
2026-05-25 06:25:57.653,22.6875
2026-05-25 06:26:03.556,22.6875
2026-05-25 06:26:09.460,22.6875
2026-05-25 06:26:15.364,22.75
2026-05-25 06:26:21.267,22.6875
2026-05-25 06:26:27.174,22.6875
2026-05-25 06:26:33.077,22.75
2026-05-25 06:26:38.983,22.6875
2026-05-25 06:26:44.889,22.6875
2026-05-25 06:26:50.795,22.75
2026-05-25 06:26:56.702,22.75
2026-05-25 06:27:02.608,22.6875
2026-05-25 06:27:08.512,22.6875
2026-05-25 06:27:14.415,22.6875
2026-05-25 06:27:20.319,22.6875
2026-05-25 06:27:26.223,22.6875
2026-05-25 06:27:32.127,22.6875
2026-05-25 06:27:38.031,22.6875
2026-05-25 06:27:43.937,22.6875
2026-05-25 06:27:49.840,22.6875
2026-05-25 06:27:55.747,22.6875
2026-05-25 06:28:01.651,22.6875
2026-05-25 06:28:07.555,22.75
2026-05-25 06:28:13.458,22.6875
2026-05-25 06:28:19.362,22.6875
2026-05-25 06:28:25.268,22.6875
2026-05-25 06:28:31.172,22.6875
2026-05-25 06:28:37.076,22.6875
2026-05-25 06:28:42.979,22.6875
2026-05-25 06:28:48.884,22.6875
2026-05-25 06:28:54.787,22.75
2026-05-25 06:29:00.693,22.6875
2026-05-25 06:29:06.597,22.6875
2026-05-25 06:29:12.503,22.75
2026-05-25 06:29:18.407,22.6875
2026-05-25 06:29:24.313,22.6875
2026-05-25 06:29:30.219,22.6875
2026-05-25 06:29:36.125,22.6875
2026-05-25 06:29:42.031,22.75
2026-05-25 06:29:47.938,22.75
2026-05-25 06:29:53.844,22.6875
2026-05-25 06:29:59.751,22.6875
2026-05-25 06:30:05.657,22.6875
2026-05-25 06:30:11.561,22.6875
2026-05-25 06:30:17.468,22.6875
2026-05-25 06:30:23.371,22.75
2026-05-25 06:30:29.275,22.75
2026-05-25 06:30:35.180,22.6875
2026-05-25 06:30:41.084,22.75
2026-05-25 06:30:46.989,22.6875
2026-05-25 06:30:52.893,22.6875
2026-05-25 06:30:58.796,22.6875
2026-05-25 06:31:04.700,22.6875
2026-05-25 06:31:10.603,22.6875
2026-05-25 06:31:16.510,22.6875
2026-05-25 06:31:22.416,22.6875
2026-05-25 06:31:28.320,22.6875
2026-05-25 06:31:34.226,22.6875
2026-05-25 06:31:40.133,22.6875
2026-05-25 06:31:46.038,22.6875
2026-05-25 06:31:51.942,22.6875
2026-05-25 06:31:57.846,22.6875
2026-05-25 06:32:03.752,22.6875
2026-05-25 06:32:09.659,22.6875
2026-05-25 06:32:15.562,22.6875
2026-05-25 06:32:21.468,22.6875
2026-05-25 06:32:27.372,22.625
2026-05-25 06:32:33.275,22.6875
2026-05-25 06:32:39.180,22.75
2026-05-25 06:32:45.084,22.75
2026-05-25 06:32:50.987,22.6875
2026-05-25 06:32:56.893,22.6875
2026-05-25 06:33:02.799,22.6875
2026-05-25 06:33:08.704,22.6875
2026-05-25 06:33:14.610,22.6875
2026-05-25 06:33:20.513,22.6875
2026-05-25 06:33:26.417,22.6875
2026-05-25 06:33:32.320,22.75
2026-05-25 06:33:38.225,22.6875
2026-05-25 06:33:44.131,22.6875
2026-05-25 06:33:50.037,22.6875
2026-05-25 06:33:55.943,22.75
2026-05-25 06:34:01.849,22.6875
2026-05-25 06:34:07.755,22.6875
2026-05-25 06:34:13.661,22.75
2026-05-25 06:34:19.567,22.6875
2026-05-25 06:34:25.471,22.6875
2026-05-25 06:34:31.374,22.6875
2026-05-25 06:34:37.279,22.6875
2026-05-25 06:34:43.183,22.6875
2026-05-25 06:34:49.088,22.6875
2026-05-25 06:34:54.994,22.75
2026-05-25 06:35:00.901,22.6875
2026-05-25 06:35:06.806,22.6875
2026-05-25 06:35:12.710,22.75
2026-05-25 06:35:18.616,22.6875
2026-05-25 06:35:24.520,22.6875
2026-05-25 06:35:30.426,22.6875
2026-05-25 06:35:36.330,22.75
2026-05-25 06:35:42.234,22.75
2026-05-25 06:35:48.137,22.6875
2026-05-25 06:35:54.041,22.75
2026-05-25 06:35:59.946,22.6875
2026-05-25 06:36:05.851,22.6875
2026-05-25 06:36:11.757,22.6875
2026-05-25 06:36:17.663,22.6875
2026-05-25 06:36:23.567,22.75
2026-05-25 06:36:29.474,22.6875
2026-05-25 06:36:35.379,22.6875
2026-05-25 06:36:41.285,22.6875
2026-05-25 06:36:47.191,22.6875
2026-05-25 06:36:53.095,22.6875
2026-05-25 06:36:59.002,22.6875
2026-05-25 06:37:04.905,22.6875
2026-05-25 06:37:10.809,22.6875
2026-05-25 06:37:16.715,22.6875
2026-05-25 06:37:22.618,22.6875
2026-05-25 06:37:28.523,22.6875
2026-05-25 06:37:34.427,22.6875
2026-05-25 06:37:40.330,22.6875
2026-05-25 06:37:46.234,22.6875
2026-05-25 06:37:52.138,22.6875
2026-05-25 06:37:58.044,22.6875
2026-05-25 06:38:03.950,22.6875
2026-05-25 06:38:09.856,22.6875
2026-05-25 06:38:15.762,22.6875
2026-05-25 06:38:21.669,22.6875
2026-05-25 06:38:27.572,22.6875
2026-05-25 06:38:33.478,22.6875
2026-05-25 06:38:39.384,22.75
2026-05-25 06:38:45.287,22.6875
2026-05-25 06:38:51.192,22.6875
2026-05-25 06:38:57.096,22.6875
2026-05-25 06:39:03.002,22.75
2026-05-25 06:39:08.907,22.6875
2026-05-25 06:39:14.813,22.6875
2026-05-25 06:39:20.720,22.6875
2026-05-25 06:39:26.625,22.6875
2026-05-25 06:39:32.531,22.75
2026-05-25 06:39:38.435,22.6875
2026-05-25 06:39:44.341,22.6875
2026-05-25 06:39:50.245,22.6875
2026-05-25 06:39:56.151,22.6875
2026-05-25 06:40:02.057,22.6875
2026-05-25 06:40:07.963,22.6875
2026-05-25 06:40:13.867,22.6875
2026-05-25 06:40:19.771,22.6875
2026-05-25 06:40:25.675,22.6875
2026-05-25 06:40:31.578,22.6875
2026-05-25 06:40:37.482,22.6875
2026-05-25 06:40:43.387,22.6875
2026-05-25 06:40:49.290,22.6875
2026-05-25 06:40:55.194,22.6875
2026-05-25 06:41:01.098,22.6875
2026-05-25 06:41:07.002,22.6875
2026-05-25 06:41:12.906,22.6875
2026-05-25 06:41:18.810,22.6875
2026-05-25 06:41:24.714,22.6875
2026-05-25 06:41:30.620,22.6875
2026-05-25 06:41:36.525,22.6875
2026-05-25 06:41:42.430,22.75
2026-05-25 06:41:48.334,22.6875
2026-05-25 06:41:54.237,22.6875
2026-05-25 06:42:00.141,22.6875
2026-05-25 06:42:06.045,22.6875
2026-05-25 06:42:11.952,22.6875
2026-05-25 06:42:17.855,22.6875
2026-05-25 06:42:23.761,22.6875
2026-05-25 06:42:29.667,22.6875
2026-05-25 06:42:35.573,22.6875
2026-05-25 06:42:41.477,22.6875
2026-05-25 06:42:47.381,22.6875
2026-05-25 06:42:53.285,22.6875
2026-05-25 06:42:59.190,22.6875
2026-05-25 06:43:05.096,22.75
2026-05-25 06:43:11.004,22.6875
2026-05-25 06:43:16.910,22.6875
2026-05-25 06:43:22.816,22.6875
2026-05-25 06:43:28.722,22.75
2026-05-25 06:43:34.629,22.75
2026-05-25 06:43:40.535,22.6875
2026-05-25 06:43:46.441,22.6875
2026-05-25 06:43:52.346,22.6875
2026-05-25 06:43:58.252,22.6875
2026-05-25 06:44:04.156,22.6875
2026-05-25 06:44:10.060,22.6875
2026-05-25 06:44:15.964,22.75
2026-05-25 06:44:21.867,22.75
2026-05-25 06:44:27.773,22.75
2026-05-25 06:44:33.680,22.6875
2026-05-25 06:44:39.584,22.75
2026-05-25 06:44:45.489,22.6875
2026-05-25 06:44:51.395,22.6875
2026-05-25 06:44:57.301,22.6875
2026-05-25 06:45:03.206,22.75
2026-05-25 06:45:09.110,22.75
2026-05-25 06:45:15.013,22.75
2026-05-25 06:45:20.917,22.6875
2026-05-25 06:45:26.820,22.6875
2026-05-25 06:45:32.727,22.6875
2026-05-25 06:45:38.631,22.75
2026-05-25 06:45:44.537,22.6875
2026-05-25 06:45:50.442,22.6875
2026-05-25 06:45:56.348,22.6875
2026-05-25 06:46:02.253,22.6875
2026-05-25 06:46:08.156,22.6875
2026-05-25 06:46:14.060,22.6875
2026-05-25 06:46:19.966,22.6875
2026-05-25 06:46:25.873,22.6875
2026-05-25 06:46:31.779,22.75
2026-05-25 06:46:37.685,22.6875
2026-05-25 06:46:43.591,22.6875
2026-05-25 06:46:49.496,22.6875
2026-05-25 06:46:55.401,22.6875
2026-05-25 06:47:01.307,22.6875
2026-05-25 06:47:07.210,22.6875
2026-05-25 06:47:13.114,22.6875
2026-05-25 06:47:19.018,22.6875
2026-05-25 06:47:24.923,22.6875
2026-05-25 06:47:30.828,22.6875
2026-05-25 06:47:36.732,22.6875
2026-05-25 06:47:42.638,22.6875
2026-05-25 06:47:48.544,22.6875
2026-05-25 06:47:54.451,22.6875
2026-05-25 06:48:00.356,22.6875
2026-05-25 06:48:06.262,22.6875
2026-05-25 06:48:12.166,22.6875
2026-05-25 06:48:18.072,22.6875
2026-05-25 06:48:23.978,22.6875
2026-05-25 06:48:29.882,22.6875
2026-05-25 06:48:35.786,22.6875
2026-05-25 06:48:41.691,22.6875
2026-05-25 06:48:47.597,22.6875
2026-05-25 06:48:53.504,22.6875
2026-05-25 06:48:59.410,22.6875
2026-05-25 06:49:05.316,22.6875
2026-05-25 06:49:11.220,22.6875
2026-05-25 06:49:17.123,22.6875
2026-05-25 06:49:23.028,22.6875
2026-05-25 06:49:28.932,22.6875
2026-05-25 06:49:34.835,22.6875
2026-05-25 06:49:40.739,22.6875
2026-05-25 06:49:46.644,22.6875
2026-05-25 06:49:52.548,22.6875
2026-05-25 06:49:58.451,22.6875
2026-05-25 06:50:04.357,22.6875
2026-05-25 06:50:10.263,22.6875
2026-05-25 06:50:16.170,22.6875
2026-05-25 06:50:22.076,22.6875
2026-05-25 06:50:27.982,22.75
2026-05-25 06:50:33.887,22.6875
2026-05-25 06:50:39.791,22.6875
2026-05-25 06:50:45.696,22.6875
2026-05-25 06:50:51.599,22.6875
2026-05-25 06:50:57.503,22.6875
2026-05-25 06:51:03.407,22.6875
2026-05-25 06:51:09.313,22.6875
2026-05-25 06:51:15.220,22.6875
2026-05-25 06:51:21.125,22.6875
2026-05-25 06:51:27.031,22.6875
2026-05-25 06:51:32.937,22.6875
2026-05-25 06:51:38.843,22.75
2026-05-25 06:51:44.748,22.6875
2026-05-25 06:51:50.654,22.6875
2026-05-25 06:51:56.557,22.6875
2026-05-25 06:52:02.461,22.6875
2026-05-25 06:52:08.365,22.6875
2026-05-25 06:52:14.271,22.6875
2026-05-25 06:52:20.177,22.6875
2026-05-25 06:52:26.080,22.6875
2026-05-25 06:52:31.984,22.6875
2026-05-25 06:52:37.889,22.6875
2026-05-25 06:52:43.792,22.6875
2026-05-25 06:52:49.698,22.75
2026-05-25 06:52:55.604,22.6875
2026-05-25 06:53:01.510,22.6875
2026-05-25 06:53:07.417,22.6875
2026-05-25 06:53:13.323,22.6875
2026-05-25 06:53:19.226,22.6875
2026-05-25 06:53:25.130,22.6875
2026-05-25 06:53:31.034,22.6875
2026-05-25 06:53:36.939,22.6875
2026-05-25 06:53:42.842,22.6875
2026-05-25 06:53:48.748,22.6875
2026-05-25 06:53:54.654,22.6875
2026-05-25 06:54:00.559,22.6875
2026-05-25 06:54:06.466,22.6875
2026-05-25 06:54:12.372,22.6875
2026-05-25 06:54:18.276,22.6875
2026-05-25 06:54:24.181,22.6875
2026-05-25 06:54:30.085,22.6875
2026-05-25 06:54:35.990,22.6875
2026-05-25 06:54:41.893,22.6875
2026-05-25 06:54:47.799,22.6875
2026-05-25 06:54:53.703,22.6875
2026-05-25 06:54:59.609,22.6875
2026-05-25 06:55:05.516,22.6875
2026-05-25 06:55:11.421,22.6875
2026-05-25 06:55:17.325,22.6875
2026-05-25 06:55:23.229,22.6875
2026-05-25 06:55:29.133,22.75
2026-05-25 06:55:35.037,22.75
2026-05-25 06:55:40.941,22.6875
2026-05-25 06:55:46.847,22.6875
2026-05-25 06:55:52.752,22.6875
2026-05-25 06:55:58.659,22.6875
2026-05-25 06:56:04.563,22.75
2026-05-25 06:56:10.469,22.6875
2026-05-25 06:56:16.374,22.6875
2026-05-25 06:56:22.280,22.75
2026-05-25 06:56:28.185,22.6875
2026-05-25 06:56:34.089,22.6875
2026-05-25 06:56:39.994,22.6875
2026-05-25 06:56:45.898,22.75
2026-05-25 06:56:51.805,22.6875
2026-05-25 06:56:57.712,22.6875
2026-05-25 06:57:03.618,22.75
2026-05-25 06:57:09.522,22.75
2026-05-25 06:57:15.426,22.6875
2026-05-25 06:57:21.329,22.6875
2026-05-25 06:57:27.234,22.75
2026-05-25 06:57:33.138,22.6875
2026-05-25 06:57:39.044,22.6875
2026-05-25 06:57:44.949,22.6875
2026-05-25 06:57:50.853,22.75
2026-05-25 06:57:56.760,22.6875
2026-05-25 06:58:02.666,22.6875
2026-05-25 06:58:08.571,22.6875
2026-05-25 06:58:14.475,22.6875
2026-05-25 06:58:20.382,22.75
2026-05-25 06:58:26.288,22.6875
2026-05-25 06:58:32.191,22.75
2026-05-25 06:58:38.097,22.6875
2026-05-25 06:58:44.001,22.6875
2026-05-25 06:58:49.905,22.6875
2026-05-25 06:58:55.809,22.6875
2026-05-25 06:59:01.713,22.6875
2026-05-25 06:59:07.617,22.6875
2026-05-25 06:59:13.520,22.6875
2026-05-25 06:59:19.425,22.6875
2026-05-25 06:59:25.331,22.6875
2026-05-25 06:59:31.237,22.6875
2026-05-25 06:59:37.143,22.6875
2026-05-25 06:59:43.049,22.75
2026-05-25 06:59:48.955,22.6875
2026-05-25 06:59:54.861,22.6875
2026-05-25 07:00:00.767,22.6875
2026-05-25 07:00:06.673,22.6875
2026-05-25 07:00:12.579,22.6875
2026-05-25 07:00:18.485,22.6875
2026-05-25 07:00:24.391,22.6875
2026-05-25 07:00:30.294,22.6875
2026-05-25 07:00:36.200,22.6875
2026-05-25 07:00:42.104,22.6875
2026-05-25 07:00:48.009,22.6875
2026-05-25 07:00:53.912,22.6875
2026-05-25 07:00:59.818,22.6875
2026-05-25 07:01:05.722,22.6875
2026-05-25 07:01:11.629,22.6875
2026-05-25 07:01:17.535,22.6875
2026-05-25 07:01:23.441,22.6875
2026-05-25 07:01:29.346,22.6875
2026-05-25 07:01:35.252,22.6875
2026-05-25 07:01:41.159,22.6875
2026-05-25 07:01:47.063,22.6875
2026-05-25 07:01:52.967,22.6875
2026-05-25 07:01:58.872,22.6875
2026-05-25 07:02:04.776,22.6875
2026-05-25 07:02:10.683,22.6875
2026-05-25 07:02:16.589,22.6875
2026-05-25 07:02:22.495,22.6875
2026-05-25 07:02:28.401,22.6875
2026-05-25 07:02:34.307,22.6875
2026-05-25 07:02:40.213,22.6875
2026-05-25 07:02:46.119,22.6875
2026-05-25 07:02:52.023,22.6875
2026-05-25 07:02:57.927,22.6875
2026-05-25 07:03:03.830,22.6875
2026-05-25 07:03:09.735,22.6875
2026-05-25 07:03:15.638,22.6875
2026-05-25 07:03:21.544,22.6875
2026-05-25 07:03:27.448,22.6875
2026-05-25 07:03:33.352,22.6875
2026-05-25 07:03:39.256,22.6875
2026-05-25 07:03:45.162,22.6875
2026-05-25 07:03:51.068,22.6875
2026-05-25 07:03:56.972,22.6875
2026-05-25 07:04:02.875,22.6875
2026-05-25 07:04:08.782,22.6875
2026-05-25 07:04:14.688,22.6875
2026-05-25 07:04:20.592,22.6875
2026-05-25 07:04:26.495,22.75
2026-05-25 07:04:32.400,22.6875
2026-05-25 07:04:38.304,22.75
2026-05-25 07:04:44.207,22.6875
2026-05-25 07:04:50.113,22.6875
2026-05-25 07:04:56.019,22.6875
2026-05-25 07:05:01.924,22.6875
2026-05-25 07:05:07.827,22.6875
2026-05-25 07:05:13.733,22.6875
2026-05-25 07:05:19.639,22.6875
2026-05-25 07:05:25.545,22.6875
2026-05-25 07:05:31.450,22.6875
2026-05-25 07:05:37.353,22.6875
2026-05-25 07:05:43.257,22.6875
2026-05-25 07:05:49.161,22.75
2026-05-25 07:05:55.064,22.6875
2026-05-25 07:06:00.969,22.6875
2026-05-25 07:06:06.875,22.6875
2026-05-25 07:06:12.781,22.6875
2026-05-25 07:06:18.686,22.6875
2026-05-25 07:06:24.590,22.6875
2026-05-25 07:06:30.497,22.6875
2026-05-25 07:06:36.400,22.6875
2026-05-25 07:06:42.304,22.6875
2026-05-25 07:06:48.208,22.6875
2026-05-25 07:06:54.111,22.6875
2026-05-25 07:07:00.016,22.6875
2026-05-25 07:07:05.920,22.6875
2026-05-25 07:07:11.823,22.6875
2026-05-25 07:07:17.727,22.6875
2026-05-25 07:07:23.632,22.6875
2026-05-25 07:07:29.536,22.6875
2026-05-25 07:07:35.439,22.6875
2026-05-25 07:07:41.343,22.6875
2026-05-25 07:07:47.249,22.6875
2026-05-25 07:07:53.155,22.6875
2026-05-25 07:07:59.061,22.6875
2026-05-25 07:08:04.969,22.6875
2026-05-25 07:08:10.875,22.6875
2026-05-25 07:08:16.781,22.6875
2026-05-25 07:08:22.688,22.6875
2026-05-25 07:08:28.593,22.6875
2026-05-25 07:08:34.497,22.6875
2026-05-25 07:08:40.402,22.6875
2026-05-25 07:08:46.306,22.6875
2026-05-25 07:08:52.211,22.6875
2026-05-25 07:08:58.115,22.6875
2026-05-25 07:09:04.020,22.6875
2026-05-25 07:09:09.926,22.6875
2026-05-25 07:09:15.832,22.6875
2026-05-25 07:09:21.736,22.6875
2026-05-25 07:09:27.640,22.6875
2026-05-25 07:09:33.546,22.6875
2026-05-25 07:09:39.450,22.6875
2026-05-25 07:09:45.356,22.75
2026-05-25 07:09:51.260,22.6875
2026-05-25 07:09:57.166,22.6875
2026-05-25 07:10:03.069,22.6875
2026-05-25 07:10:08.975,22.6875
2026-05-25 07:10:14.882,22.6875
2026-05-25 07:10:20.788,22.6875
2026-05-25 07:10:26.694,22.6875
2026-05-25 07:10:32.600,22.6875
2026-05-25 07:10:38.505,22.75
2026-05-25 07:10:44.414,22.6875
2026-05-25 07:10:50.317,22.6875
2026-05-25 07:10:56.221,22.6875
2026-05-25 07:11:02.125,22.6875
2026-05-25 07:11:08.030,22.625
2026-05-25 07:11:13.937,22.6875
2026-05-25 07:11:19.841,22.6875
2026-05-25 07:11:25.744,22.6875
2026-05-25 07:11:31.648,22.6875
2026-05-25 07:11:37.552,22.6875
2026-05-25 07:11:43.459,22.6875
2026-05-25 07:11:49.364,22.6875
2026-05-25 07:11:55.268,22.6875
2026-05-25 07:12:01.174,22.6875
2026-05-25 07:12:07.080,22.6875
2026-05-25 07:12:12.984,22.6875
2026-05-25 07:12:18.888,22.6875
2026-05-25 07:12:24.791,22.6875
2026-05-25 07:12:30.695,22.6875
2026-05-25 07:12:36.601,22.6875
2026-05-25 07:12:42.508,22.6875
2026-05-25 07:12:48.414,22.6875
2026-05-25 07:12:54.320,22.6875
2026-05-25 07:13:00.223,22.6875
2026-05-25 07:13:06.130,22.6875
2026-05-25 07:13:12.033,22.6875
2026-05-25 07:13:17.937,22.6875
2026-05-25 07:13:23.843,22.6875
2026-05-25 07:13:29.749,22.6875
2026-05-25 07:13:35.655,22.6875
2026-05-25 07:13:41.561,22.6875
2026-05-25 07:13:47.467,22.6875
2026-05-25 07:13:53.373,22.6875
2026-05-25 07:13:59.278,22.6875
2026-05-25 07:14:05.183,22.6875
2026-05-25 07:14:11.087,22.6875
2026-05-25 07:14:16.991,22.6875
2026-05-25 07:14:22.897,22.6875
2026-05-25 07:14:28.803,22.6875
2026-05-25 07:14:34.709,22.6875
2026-05-25 07:14:40.615,22.6875
2026-05-25 07:14:46.521,22.6875
2026-05-25 07:14:52.427,22.6875
2026-05-25 07:14:58.333,22.6875
2026-05-25 07:15:04.240,22.6875
2026-05-25 07:15:10.146,22.6875
2026-05-25 07:15:16.052,22.6875
2026-05-25 07:15:21.955,22.6875
2026-05-25 07:15:27.861,22.6875
2026-05-25 07:15:33.768,22.6875
2026-05-25 07:15:39.674,22.6875
2026-05-25 07:15:45.579,22.6875
2026-05-25 07:15:51.483,22.6875
2026-05-25 07:15:57.388,22.6875
2026-05-25 07:16:03.291,22.6875
2026-05-25 07:16:09.195,22.6875
2026-05-25 07:16:15.099,22.6875
2026-05-25 07:16:21.005,22.6875
2026-05-25 07:16:26.912,22.6875
2026-05-25 07:16:32.818,22.6875
2026-05-25 07:16:38.723,22.6875
2026-05-25 07:16:44.629,22.6875
2026-05-25 07:16:50.535,22.6875
2026-05-25 07:16:56.442,22.6875
2026-05-25 07:17:02.346,22.6875
2026-05-25 07:17:08.249,22.6875
2026-05-25 07:17:14.153,22.6875
2026-05-25 07:17:20.059,22.6875
2026-05-25 07:17:25.965,22.6875
2026-05-25 07:17:31.871,22.6875
2026-05-25 07:17:37.775,22.6875
2026-05-25 07:17:43.679,22.6875
2026-05-25 07:17:49.585,22.6875
2026-05-25 07:17:55.491,22.6875
2026-05-25 07:18:01.395,22.6875
2026-05-25 07:18:07.301,22.6875
2026-05-25 07:18:13.205,22.625
2026-05-25 07:18:19.111,22.6875
2026-05-25 07:18:25.017,22.6875
2026-05-25 07:18:30.921,22.6875
2026-05-25 07:18:36.825,22.6875
2026-05-25 07:18:42.728,22.6875
2026-05-25 07:18:48.632,22.6875
2026-05-25 07:18:54.539,22.6875
2026-05-25 07:19:00.442,22.6875
2026-05-25 07:19:06.350,22.6875
2026-05-25 07:19:12.254,22.75
2026-05-25 07:19:18.158,22.6875
2026-05-25 07:19:24.062,22.6875
2026-05-25 07:19:29.968,22.6875
2026-05-25 07:19:35.874,22.6875
2026-05-25 07:19:41.777,22.6875
2026-05-25 07:19:47.683,22.6875
2026-05-25 07:19:53.586,22.6875
2026-05-25 07:19:59.490,22.6875
2026-05-25 07:20:05.393,22.6875
2026-05-25 07:20:11.297,22.6875
2026-05-25 07:20:17.202,22.6875
2026-05-25 07:20:23.108,22.6875
2026-05-25 07:20:29.014,22.6875
2026-05-25 07:20:34.919,22.6875
2026-05-25 07:20:40.825,22.75
2026-05-25 07:20:46.732,22.6875
2026-05-25 07:20:52.638,22.6875
2026-05-25 07:20:58.544,22.6875
2026-05-25 07:21:04.450,22.6875
2026-05-25 07:21:10.353,22.6875
2026-05-25 07:21:16.258,22.6875
2026-05-25 07:21:22.162,22.6875
2026-05-25 07:21:28.065,22.6875
2026-05-25 07:21:33.971,22.6875
2026-05-25 07:21:39.876,22.6875
2026-05-25 07:21:45.783,22.6875
2026-05-25 07:21:51.689,22.6875
2026-05-25 07:21:57.595,22.6875
2026-05-25 07:22:03.500,22.6875
2026-05-25 07:22:09.405,22.6875
2026-05-25 07:22:15.309,22.6875
2026-05-25 07:22:21.212,22.6875
2026-05-25 07:22:27.116,22.6875
2026-05-25 07:22:33.019,22.6875
2026-05-25 07:22:38.924,22.6875
2026-05-25 07:22:44.830,22.6875
2026-05-25 07:22:50.736,22.6875
2026-05-25 07:22:56.639,22.6875
2026-05-25 07:23:02.543,22.6875
2026-05-25 07:23:08.448,22.6875
2026-05-25 07:23:14.351,22.6875
2026-05-25 07:23:20.255,22.6875
2026-05-25 07:23:26.158,22.6875
2026-05-25 07:23:32.062,22.6875
2026-05-25 07:23:37.971,22.6875
2026-05-25 07:23:43.876,22.6875
2026-05-25 07:23:49.780,22.6875
2026-05-25 07:23:55.684,22.75
2026-05-25 07:24:01.589,22.625
2026-05-25 07:24:07.496,22.6875
2026-05-25 07:24:13.400,22.6875
2026-05-25 07:24:19.304,22.6875
2026-05-25 07:24:25.207,22.6875
2026-05-25 07:24:31.111,22.6875
2026-05-25 07:24:37.018,22.6875
2026-05-25 07:24:42.924,22.6875
2026-05-25 07:24:48.829,22.6875
2026-05-25 07:24:54.733,22.6875
2026-05-25 07:25:00.637,22.6875
2026-05-25 07:25:06.543,22.6875
2026-05-25 07:25:12.447,22.625
2026-05-25 07:25:18.353,22.6875
2026-05-25 07:25:24.256,22.625
2026-05-25 07:25:30.163,22.6875
2026-05-25 07:25:36.069,22.6875
2026-05-25 07:25:41.973,22.625
2026-05-25 07:25:47.876,22.625
2026-05-25 07:25:53.782,22.625
2026-05-25 07:25:59.689,22.625
2026-05-25 07:26:05.595,22.6875
2026-05-25 07:26:11.501,22.6875
2026-05-25 07:26:17.407,22.6875
2026-05-25 07:26:23.311,22.6875
2026-05-25 07:26:29.215,22.6875
2026-05-25 07:26:35.119,22.6875
2026-05-25 07:26:41.022,22.6875
2026-05-25 07:26:46.928,22.6875
2026-05-25 07:26:52.833,22.6875
2026-05-25 07:26:58.738,22.6875
2026-05-25 07:27:04.644,22.6875
2026-05-25 07:27:10.550,22.6875
2026-05-25 07:27:16.456,22.6875
2026-05-25 07:27:22.362,22.6875
2026-05-25 07:27:28.269,22.6875
2026-05-25 07:27:34.175,22.6875
2026-05-25 07:27:40.078,22.6875
2026-05-25 07:27:45.982,22.6875
2026-05-25 07:27:51.888,22.6875
2026-05-25 07:27:57.794,22.6875
2026-05-25 07:28:03.698,22.6875
2026-05-25 07:28:09.601,22.6875
2026-05-25 07:28:15.505,22.6875
2026-05-25 07:28:21.412,22.6875
2026-05-25 07:28:27.318,22.6875
2026-05-25 07:28:33.223,22.6875
2026-05-25 07:28:39.127,22.625
2026-05-25 07:28:45.030,22.6875
2026-05-25 07:28:50.935,22.6875
2026-05-25 07:28:56.840,22.625
2026-05-25 07:29:02.746,22.6875
2026-05-25 07:29:08.652,22.6875
2026-05-25 07:29:14.556,22.6875
2026-05-25 07:29:20.460,22.6875
2026-05-25 07:29:26.364,22.625
2026-05-25 07:29:32.268,22.625
2026-05-25 07:29:38.171,22.6875
2026-05-25 07:29:44.077,22.6875
2026-05-25 07:29:49.984,22.6875
2026-05-25 07:29:55.890,22.6875
2026-05-25 07:30:01.794,22.6875
2026-05-25 07:30:07.699,22.6875
2026-05-25 07:30:13.605,22.6875
2026-05-25 07:30:19.512,22.6875
2026-05-25 07:30:25.415,22.6875
2026-05-25 07:30:31.319,22.6875
2026-05-25 07:30:37.225,22.6875
2026-05-25 07:30:43.132,22.6875
2026-05-25 07:30:49.038,22.6875
2026-05-25 07:30:54.944,22.625
2026-05-25 07:31:00.847,22.6875
2026-05-25 07:31:06.751,22.6875
2026-05-25 07:31:12.656,22.6875
2026-05-25 07:31:18.559,22.6875
2026-05-25 07:31:24.465,22.6875
2026-05-25 07:31:30.370,22.6875
2026-05-25 07:31:36.274,22.6875
2026-05-25 07:31:42.181,22.6875
2026-05-25 07:31:48.087,22.6875
2026-05-25 07:31:53.993,22.6875
2026-05-25 07:31:59.899,22.75
2026-05-25 07:32:05.802,22.6875
2026-05-25 07:32:11.707,22.6875
2026-05-25 07:32:17.610,22.6875
2026-05-25 07:32:23.516,22.6875
2026-05-25 07:32:29.422,22.6875
2026-05-25 07:32:35.326,22.6875
2026-05-25 07:32:41.233,22.6875
2026-05-25 07:32:47.136,22.6875
2026-05-25 07:32:53.042,22.6875
2026-05-25 07:32:58.948,22.6875
2026-05-25 07:33:04.853,22.6875
2026-05-25 07:33:10.760,22.6875
2026-05-25 07:33:16.663,22.6875
2026-05-25 07:33:22.569,22.6875
2026-05-25 07:33:28.473,22.6875
2026-05-25 07:33:34.377,22.6875
2026-05-25 07:33:40.282,22.6875
2026-05-25 07:33:46.185,22.6875
2026-05-25 07:33:52.089,22.6875
2026-05-25 07:33:57.994,22.6875
2026-05-25 07:34:03.901,22.6875
2026-05-25 07:34:09.807,22.6875
2026-05-25 07:34:15.713,22.6875
2026-05-25 07:34:21.619,22.6875
2026-05-25 07:34:27.523,22.625
2026-05-25 07:34:33.427,22.6875
2026-05-25 07:34:39.331,22.625
2026-05-25 07:34:45.235,22.6875
2026-05-25 07:34:51.138,22.625
2026-05-25 07:34:57.042,22.625
2026-05-25 07:35:02.949,22.6875
2026-05-25 07:35:08.855,22.625
2026-05-25 07:35:14.760,22.625
2026-05-25 07:35:20.666,22.6875
2026-05-25 07:35:26.572,22.6875
2026-05-25 07:35:32.479,22.625
2026-05-25 07:35:38.382,22.6875
2026-05-25 07:35:44.286,22.625
2026-05-25 07:35:50.192,22.625
2026-05-25 07:35:56.097,22.6875
2026-05-25 07:36:02.004,22.6875
2026-05-25 07:36:07.907,22.625
2026-05-25 07:36:13.811,22.625
2026-05-25 07:36:19.715,22.625
2026-05-25 07:36:25.618,22.6875
2026-05-25 07:36:31.525,22.625
2026-05-25 07:36:37.429,22.625
2026-05-25 07:36:43.332,22.6875
2026-05-25 07:36:49.236,22.6875
2026-05-25 07:36:55.141,22.6875
2026-05-25 07:37:01.044,22.625
2026-05-25 07:37:06.948,22.6875
2026-05-25 07:37:12.854,22.6875
2026-05-25 07:37:18.762,22.6875
2026-05-25 07:37:24.668,22.6875
2026-05-25 07:37:30.576,22.625
2026-05-25 07:37:36.480,22.6875
2026-05-25 07:37:42.384,22.6875
2026-05-25 07:37:48.287,22.6875
2026-05-25 07:37:54.194,22.625
2026-05-25 07:38:00.100,22.625
2026-05-25 07:38:06.006,22.625
2026-05-25 07:38:11.909,22.625
2026-05-25 07:38:17.813,22.625
2026-05-25 07:38:23.720,22.6875
2026-05-25 07:38:29.625,22.6875
2026-05-25 07:38:35.529,22.6875
2026-05-25 07:38:41.432,22.6875
2026-05-25 07:38:47.336,22.625
2026-05-25 07:38:53.241,22.6875
2026-05-25 07:38:59.144,22.6875
2026-05-25 07:39:05.050,22.6875
2026-05-25 07:39:10.955,22.625
2026-05-25 07:39:16.861,22.625
2026-05-25 07:39:22.768,22.6875
2026-05-25 07:39:28.674,22.625
2026-05-25 07:39:34.580,22.625
2026-05-25 07:39:40.486,22.6875
2026-05-25 07:39:46.393,22.6875
2026-05-25 07:39:52.299,22.6875
2026-05-25 07:39:58.205,22.6875
2026-05-25 07:40:04.108,22.6875
2026-05-25 07:40:10.012,22.625
2026-05-25 07:40:15.917,22.6875
2026-05-25 07:40:21.820,22.6875
2026-05-25 07:40:27.724,22.6875
2026-05-25 07:40:33.628,22.6875
2026-05-25 07:40:39.531,22.6875
2026-05-25 07:40:45.438,22.6875
2026-05-25 07:40:51.344,22.6875
2026-05-25 07:40:57.250,22.6875
2026-05-25 07:41:03.155,22.625
2026-05-25 07:41:09.059,22.6875
2026-05-25 07:41:14.965,22.6875
2026-05-25 07:41:20.871,22.625
2026-05-25 07:41:26.776,22.6875
2026-05-25 07:41:32.680,22.6875
2026-05-25 07:41:38.583,22.6875
2026-05-25 07:41:44.488,22.6875
2026-05-25 07:41:50.392,22.6875
2026-05-25 07:41:56.295,22.6875
2026-05-25 07:42:02.201,22.6875
2026-05-25 07:42:08.107,22.6875
2026-05-25 07:42:14.012,22.6875
2026-05-25 07:42:19.918,22.6875
2026-05-25 07:42:25.824,22.6875
2026-05-25 07:42:31.729,22.625
2026-05-25 07:42:37.634,22.6875
2026-05-25 07:42:43.540,22.6875
2026-05-25 07:42:49.444,22.625
2026-05-25 07:42:55.349,22.6875
2026-05-25 07:43:01.253,22.6875
2026-05-25 07:43:07.158,22.625
2026-05-25 07:43:13.064,22.6875
2026-05-25 07:43:18.969,22.6875
2026-05-25 07:43:24.875,22.6875
2026-05-25 07:43:30.781,22.6875
2026-05-25 07:43:36.688,22.6875
2026-05-25 07:43:42.594,22.6875
2026-05-25 07:43:48.498,22.6875
2026-05-25 07:43:54.401,22.6875
2026-05-25 07:44:00.307,22.6875
2026-05-25 07:44:06.214,22.6875
2026-05-25 07:44:12.117,22.6875
2026-05-25 07:44:18.021,22.6875
2026-05-25 07:44:23.927,22.6875
2026-05-25 07:44:29.832,22.6875
2026-05-25 07:44:35.739,22.6875
2026-05-25 07:44:41.645,22.6875
2026-05-25 07:44:47.548,22.6875
2026-05-25 07:44:53.452,22.6875
2026-05-25 07:44:59.356,22.6875
2026-05-25 07:45:05.260,22.6875
2026-05-25 07:45:11.164,22.6875
2026-05-25 07:45:17.070,22.625
2026-05-25 07:45:22.973,22.6875
2026-05-25 07:45:28.878,22.6875
2026-05-25 07:45:34.782,22.6875
2026-05-25 07:45:40.688,22.6875
2026-05-25 07:45:46.593,22.625
2026-05-25 07:45:52.497,22.6875
2026-05-25 07:45:58.402,22.6875
2026-05-25 07:46:04.307,22.6875
2026-05-25 07:46:10.213,22.6875
2026-05-25 07:46:16.119,22.6875
2026-05-25 07:46:22.024,22.625
2026-05-25 07:46:27.931,22.625
2026-05-25 07:46:33.835,22.6875
2026-05-25 07:46:39.739,22.625
2026-05-25 07:46:45.642,22.625
2026-05-25 07:46:51.546,22.625
2026-05-25 07:46:57.453,22.625
2026-05-25 07:47:03.359,22.6875
2026-05-25 07:47:09.264,22.6875
2026-05-25 07:47:15.168,22.625
2026-05-25 07:47:21.074,22.625
2026-05-25 07:47:26.979,22.625
2026-05-25 07:47:32.883,22.625
2026-05-25 07:47:38.787,22.6875
2026-05-25 07:47:44.690,22.625
2026-05-25 07:47:50.596,22.625
2026-05-25 07:47:56.503,22.625
2026-05-25 07:48:02.407,22.6875
2026-05-25 07:48:08.313,22.625
2026-05-25 07:48:14.216,22.6875
2026-05-25 07:48:20.120,22.6875
2026-05-25 07:48:26.025,22.6875
2026-05-25 07:48:31.928,22.6875
2026-05-25 07:48:37.834,22.6875
2026-05-25 07:48:43.740,22.625
2026-05-25 07:48:49.645,22.625
2026-05-25 07:48:55.548,22.6875
2026-05-25 07:49:01.454,22.6875
2026-05-25 07:49:07.358,22.6875
2026-05-25 07:49:13.261,22.625
2026-05-25 07:49:19.168,22.6875
2026-05-25 07:49:25.072,22.6875
2026-05-25 07:49:30.978,22.6875
2026-05-25 07:49:36.884,22.625
2026-05-25 07:49:42.788,22.625
2026-05-25 07:49:48.695,22.6875
2026-05-25 07:49:54.600,22.6875
2026-05-25 07:50:00.504,22.625
2026-05-25 07:50:06.408,22.625
2026-05-25 07:50:12.311,22.6875
2026-05-25 07:50:18.220,22.625
2026-05-25 07:50:24.124,22.625
2026-05-25 07:50:30.027,22.6875
2026-05-25 07:50:35.933,22.625
2026-05-25 07:50:41.837,22.6875
2026-05-25 07:50:47.741,22.6875
2026-05-25 07:50:53.645,22.625
2026-05-25 07:50:59.551,22.625
2026-05-25 07:51:05.457,22.625
2026-05-25 07:51:11.363,22.6875
2026-05-25 07:51:17.267,22.6875
2026-05-25 07:51:23.173,22.6875
2026-05-25 07:51:29.079,22.6875
2026-05-25 07:51:34.985,22.6875
2026-05-25 07:51:40.889,22.6875
2026-05-25 07:51:46.793,22.6875
2026-05-25 07:51:52.697,22.625
2026-05-25 07:51:58.600,22.6875
2026-05-25 07:52:04.504,22.6875
2026-05-25 07:52:10.409,22.625
2026-05-25 07:52:16.312,22.6875
2026-05-25 07:52:22.216,22.6875
2026-05-25 07:52:28.122,22.6875
2026-05-25 07:52:34.028,22.6875
2026-05-25 07:52:39.935,22.6875
2026-05-25 07:52:45.840,22.625
2026-05-25 07:52:51.746,22.6875
2026-05-25 07:52:57.650,22.6875
2026-05-25 07:53:03.554,22.6875
2026-05-25 07:53:09.458,22.6875
2026-05-25 07:53:15.362,22.625
2026-05-25 07:53:21.266,22.625
2026-05-25 07:53:27.171,22.6875
2026-05-25 07:53:33.075,22.6875
2026-05-25 07:53:38.980,22.625
2026-05-25 07:53:44.886,22.6875
2026-05-25 07:53:50.791,22.6875
2026-05-25 07:53:56.695,22.6875
2026-05-25 07:54:02.601,22.6875
2026-05-25 07:54:08.508,22.6875
2026-05-25 07:54:14.413,22.625
2026-05-25 07:54:20.319,22.625
2026-05-25 07:54:26.225,22.6875
2026-05-25 07:54:32.130,22.6875
2026-05-25 07:54:38.033,22.6875
2026-05-25 07:54:43.937,22.6875
2026-05-25 07:54:49.841,22.6875
2026-05-25 07:54:55.746,22.6875
2026-05-25 07:55:01.653,22.6875
2026-05-25 07:55:07.559,22.6875
2026-05-25 07:55:13.462,22.6875
2026-05-25 07:55:19.366,22.6875
2026-05-25 07:55:25.270,22.6875
2026-05-25 07:55:31.174,22.6875
2026-05-25 07:55:37.080,22.6875
2026-05-25 07:55:42.986,22.6875
2026-05-25 07:55:48.890,22.6875
2026-05-25 07:55:54.794,22.6875
2026-05-25 07:56:00.700,22.6875
2026-05-25 07:56:06.606,22.6875
2026-05-25 07:56:12.512,22.6875
2026-05-25 07:56:18.418,22.6875
2026-05-25 07:56:24.324,22.6875
2026-05-25 07:56:30.228,22.6875
2026-05-25 07:56:36.134,22.6875
2026-05-25 07:56:42.040,22.6875
2026-05-25 07:56:47.946,22.6875
2026-05-25 07:56:53.849,22.6875
2026-05-25 07:56:59.756,22.6875
2026-05-25 07:57:05.662,22.6875
2026-05-25 07:57:11.568,22.625
2026-05-25 07:57:17.474,22.6875
2026-05-25 07:57:23.381,22.6875
2026-05-25 07:57:29.285,22.6875
2026-05-25 07:57:35.190,22.6875
2026-05-25 07:57:41.096,22.6875
2026-05-25 07:57:47.002,22.6875
2026-05-25 07:57:52.907,22.6875
2026-05-25 07:57:58.811,22.6875
2026-05-25 07:58:04.715,22.6875
2026-05-25 07:58:10.618,22.6875
2026-05-25 07:58:16.522,22.625
2026-05-25 07:58:22.428,22.6875
2026-05-25 07:58:28.334,22.625
2026-05-25 07:58:34.238,22.6875
2026-05-25 07:58:40.141,22.6875
2026-05-25 07:58:46.045,22.6875
2026-05-25 07:58:51.950,22.6875
2026-05-25 07:58:57.856,22.6875
2026-05-25 07:59:03.759,22.625
2026-05-25 07:59:09.665,22.6875
2026-05-25 07:59:15.571,22.6875
2026-05-25 07:59:21.476,22.625
2026-05-25 07:59:27.379,22.6875
2026-05-25 07:59:33.283,22.6875
2026-05-25 07:59:39.187,22.6875
2026-05-25 07:59:45.091,22.6875
2026-05-25 07:59:50.995,22.625
2026-05-25 07:59:56.899,22.6875
2026-05-25 08:00:02.803,22.6875
2026-05-25 08:00:08.706,22.6875
2026-05-25 08:00:14.613,22.6875
2026-05-25 08:00:20.519,22.6875
2026-05-25 08:00:26.425,22.6875
2026-05-25 08:00:32.331,22.6875
2026-05-25 08:00:38.237,22.6875
2026-05-25 08:00:44.141,22.625
2026-05-25 08:00:50.047,22.6875
2026-05-25 08:00:55.950,22.6875
2026-05-25 08:01:01.854,22.6875
2026-05-25 08:01:07.758,22.6875
2026-05-25 08:01:13.665,22.6875
2026-05-25 08:01:19.572,22.6875
2026-05-25 08:01:25.478,22.6875
2026-05-25 08:01:31.382,22.6875
2026-05-25 08:01:37.287,22.6875
2026-05-25 08:01:43.194,22.6875
2026-05-25 08:01:49.100,22.6875
2026-05-25 08:01:55.004,22.6875
2026-05-25 08:02:00.908,22.6875
2026-05-25 08:02:06.813,22.625
2026-05-25 08:02:12.718,22.6875
2026-05-25 08:02:18.622,22.6875
2026-05-25 08:02:24.528,22.6875
2026-05-25 08:02:30.433,22.6875
2026-05-25 08:02:36.337,22.625
2026-05-25 08:02:42.242,22.6875
2026-05-25 08:02:48.146,22.6875
2026-05-25 08:02:54.049,22.6875
2026-05-25 08:02:59.953,22.75
2026-05-25 08:03:05.856,22.6875
2026-05-25 08:03:11.761,22.6875
2026-05-25 08:03:17.667,22.6875
2026-05-25 08:03:23.570,22.6875
2026-05-25 08:03:29.476,22.6875
2026-05-25 08:03:35.383,22.625
2026-05-25 08:03:41.287,22.6875
2026-05-25 08:03:47.193,22.6875
2026-05-25 08:03:53.096,22.625
2026-05-25 08:03:59.002,22.6875
2026-05-25 08:04:04.907,22.6875
2026-05-25 08:04:10.810,22.6875
2026-05-25 08:04:16.714,22.625
2026-05-25 08:04:22.618,22.6875
2026-05-25 08:04:28.521,22.6875
2026-05-25 08:04:34.426,22.6875
2026-05-25 08:04:40.329,22.6875
2026-05-25 08:04:46.233,22.6875
2026-05-25 08:04:52.137,22.6875
2026-05-25 08:04:58.043,22.6875
2026-05-25 08:05:03.947,22.6875
2026-05-25 08:05:09.853,22.6875
2026-05-25 08:05:15.759,22.6875
2026-05-25 08:05:21.662,22.6875
2026-05-25 08:05:27.566,22.625
2026-05-25 08:05:33.471,22.625
2026-05-25 08:05:39.374,22.6875
2026-05-25 08:05:45.278,22.6875
2026-05-25 08:05:51.182,22.6875
2026-05-25 08:05:57.087,22.625
2026-05-25 08:06:02.992,22.6875
2026-05-25 08:06:08.898,22.6875
2026-05-25 08:06:14.803,22.6875
2026-05-25 08:06:20.709,22.6875
2026-05-25 08:06:26.614,22.6875
2026-05-25 08:06:32.517,22.625
2026-05-25 08:06:38.423,22.6875
2026-05-25 08:06:44.329,22.6875
2026-05-25 08:06:50.235,22.6875
2026-05-25 08:06:56.142,22.6875
2026-05-25 08:07:02.047,22.625
2026-05-25 08:07:07.953,22.625
2026-05-25 08:07:13.857,22.6875
2026-05-25 08:07:19.760,22.6875
2026-05-25 08:07:25.665,22.6875
2026-05-25 08:07:31.568,22.6875
2026-05-25 08:07:37.472,22.6875
2026-05-25 08:07:43.378,22.6875
2026-05-25 08:07:49.283,22.6875
2026-05-25 08:07:55.190,22.6875
2026-05-25 08:08:01.098,22.6875
2026-05-25 08:08:07.001,22.6875
2026-05-25 08:08:12.905,22.6875
2026-05-25 08:08:18.808,22.6875
2026-05-25 08:08:24.713,22.6875
2026-05-25 08:08:30.617,22.6875
2026-05-25 08:08:36.523,22.6875
2026-05-25 08:08:42.428,22.6875
2026-05-25 08:08:48.334,22.625
2026-05-25 08:08:54.241,22.6875
2026-05-25 08:09:00.148,22.6875
2026-05-25 08:09:06.052,22.6875
2026-05-25 08:09:11.956,22.6875
2026-05-25 08:09:17.860,22.6875
2026-05-25 08:09:23.764,22.6875
2026-05-25 08:09:29.670,22.6875
2026-05-25 08:09:35.574,22.6875
2026-05-25 08:09:41.479,22.6875
2026-05-25 08:09:47.386,22.6875
2026-05-25 08:09:53.292,22.6875
2026-05-25 08:09:59.198,22.625
2026-05-25 08:10:05.103,22.6875
2026-05-25 08:10:11.007,22.6875
2026-05-25 08:10:16.911,22.6875
2026-05-25 08:10:22.815,22.6875
2026-05-25 08:10:28.719,22.6875
2026-05-25 08:10:34.624,22.6875
2026-05-25 08:10:40.530,22.6875
2026-05-25 08:10:46.437,22.6875
2026-05-25 08:10:52.342,22.6875
2026-05-25 08:10:58.248,22.6875
2026-05-25 08:11:04.154,22.625
2026-05-25 08:11:10.057,22.6875
2026-05-25 08:11:15.962,22.6875
2026-05-25 08:11:21.866,22.6875
2026-05-25 08:11:27.769,22.625
2026-05-25 08:11:33.673,22.6875
2026-05-25 08:11:39.577,22.6875
2026-05-25 08:11:45.481,22.6875
2026-05-25 08:11:51.385,22.625
2026-05-25 08:11:57.289,22.6875
2026-05-25 08:12:03.192,22.6875
2026-05-25 08:12:09.099,22.625
2026-05-25 08:12:15.005,22.6875
2026-05-25 08:12:20.911,22.6875
2026-05-25 08:12:26.817,22.6875
2026-05-25 08:12:32.722,22.625
2026-05-25 08:12:38.629,22.6875
2026-05-25 08:12:44.532,22.6875
2026-05-25 08:12:50.436,22.625
2026-05-25 08:12:56.341,22.6875
2026-05-25 08:13:02.247,22.6875
2026-05-25 08:13:08.154,22.6875
2026-05-25 08:13:14.060,22.6875
2026-05-25 08:13:19.966,22.6875
2026-05-25 08:13:25.872,22.6875
2026-05-25 08:13:31.777,22.6875
2026-05-25 08:13:37.681,22.6875
2026-05-25 08:13:43.585,22.6875
2026-05-25 08:13:49.489,22.6875
2026-05-25 08:13:55.395,22.6875
2026-05-25 08:14:01.300,22.6875
2026-05-25 08:14:07.207,22.6875
2026-05-25 08:14:13.113,22.6875
2026-05-25 08:14:19.016,22.6875
2026-05-25 08:14:24.920,22.6875
2026-05-25 08:14:30.824,22.6875
2026-05-25 08:14:36.728,22.6875
2026-05-25 08:14:42.634,22.6875
2026-05-25 08:14:48.540,22.6875
2026-05-25 08:14:54.446,22.6875
2026-05-25 08:15:00.352,22.6875
2026-05-25 08:15:06.258,22.6875
2026-05-25 08:15:12.164,22.6875
2026-05-25 08:15:18.067,22.6875
2026-05-25 08:15:23.971,22.6875
2026-05-25 08:15:29.876,22.6875
2026-05-25 08:15:35.782,22.6875
2026-05-25 08:15:41.685,22.6875
2026-05-25 08:15:47.589,22.6875
2026-05-25 08:15:53.492,22.6875
2026-05-25 08:15:59.399,22.6875
2026-05-25 08:16:05.305,22.6875
2026-05-25 08:16:11.209,22.6875
2026-05-25 08:16:17.112,22.6875
2026-05-25 08:16:23.018,22.6875
2026-05-25 08:16:28.925,22.6875
2026-05-25 08:16:34.829,22.6875
2026-05-25 08:16:40.732,22.6875
2026-05-25 08:16:46.636,22.625
2026-05-25 08:16:52.542,22.625
2026-05-25 08:16:58.449,22.6875
2026-05-25 08:17:04.355,22.6875
2026-05-25 08:17:10.261,22.6875
2026-05-25 08:17:16.167,22.6875
2026-05-25 08:17:22.070,22.6875
2026-05-25 08:17:27.975,22.6875
2026-05-25 08:17:33.879,22.625
2026-05-25 08:17:39.782,22.6875
2026-05-25 08:17:45.686,22.6875
2026-05-25 08:17:51.590,22.6875
2026-05-25 08:17:57.494,22.6875
2026-05-25 08:18:03.400,22.6875
2026-05-25 08:18:09.304,22.6875
2026-05-25 08:18:15.210,22.625
2026-05-25 08:18:21.116,22.6875
2026-05-25 08:18:27.022,22.6875
2026-05-25 08:18:32.926,22.6875
2026-05-25 08:18:38.831,22.6875
2026-05-25 08:18:44.735,22.6875
2026-05-25 08:18:50.640,22.6875
2026-05-25 08:18:56.546,22.6875
2026-05-25 08:19:02.451,22.6875
2026-05-25 08:19:08.357,22.6875
2026-05-25 08:19:14.261,22.6875
2026-05-25 08:19:20.165,22.6875
2026-05-25 08:19:26.069,22.6875
2026-05-25 08:19:31.973,22.6875
2026-05-25 08:19:37.878,22.6875
2026-05-25 08:19:43.784,22.6875
2026-05-25 08:19:49.689,22.6875
2026-05-25 08:19:55.592,22.6875
2026-05-25 08:20:01.498,22.6875
2026-05-25 08:20:07.404,22.6875
2026-05-25 08:20:13.310,22.6875
2026-05-25 08:20:19.215,22.6875
2026-05-25 08:20:25.118,22.6875
2026-05-25 08:20:31.022,22.6875
2026-05-25 08:20:36.928,22.6875
2026-05-25 08:20:42.834,22.6875
2026-05-25 08:20:48.741,22.6875
2026-05-25 08:20:54.647,22.6875
2026-05-25 08:21:00.550,22.6875
2026-05-25 08:21:06.456,22.6875
2026-05-25 08:21:12.361,22.6875
2026-05-25 08:21:18.264,22.6875
2026-05-25 08:21:24.168,22.6875
2026-05-25 08:21:30.072,22.6875
2026-05-25 08:21:35.975,22.6875
2026-05-25 08:21:41.880,22.6875
2026-05-25 08:21:47.786,22.6875
2026-05-25 08:21:53.692,22.6875
2026-05-25 08:21:59.598,22.6875
2026-05-25 08:22:05.504,22.75
2026-05-25 08:22:11.410,22.6875
2026-05-25 08:22:17.314,22.6875
2026-05-25 08:22:23.218,22.6875
2026-05-25 08:22:29.121,22.6875
2026-05-25 08:22:35.025,22.6875
2026-05-25 08:22:40.930,22.6875
2026-05-25 08:22:46.834,22.6875
2026-05-25 08:22:52.739,22.6875
2026-05-25 08:22:58.645,22.6875
2026-05-25 08:23:04.549,22.6875
2026-05-25 08:23:10.456,22.6875
2026-05-25 08:23:16.360,22.6875
2026-05-25 08:23:22.265,22.6875
2026-05-25 08:23:28.172,22.6875
2026-05-25 08:23:34.077,22.6875
2026-05-25 08:23:39.984,22.6875
2026-05-25 08:23:45.890,22.6875
2026-05-25 08:23:51.793,22.6875
2026-05-25 08:23:57.697,22.6875
2026-05-25 08:24:03.602,22.6875
2026-05-25 08:24:09.505,22.6875
2026-05-25 08:24:15.409,22.6875
2026-05-25 08:24:21.315,22.6875
2026-05-25 08:24:27.221,22.6875
2026-05-25 08:24:33.128,22.6875
2026-05-25 08:24:39.034,22.6875
2026-05-25 08:24:44.940,22.6875
2026-05-25 08:24:50.845,22.6875
2026-05-25 08:24:56.750,22.6875
2026-05-25 08:25:02.657,22.6875
2026-05-25 08:25:08.563,22.6875
2026-05-25 08:25:14.469,22.6875
2026-05-25 08:25:20.372,22.6875
2026-05-25 08:25:26.276,22.6875
2026-05-25 08:25:32.181,22.6875
2026-05-25 08:25:38.084,22.6875
2026-05-25 08:25:43.990,22.625
2026-05-25 08:25:49.894,22.6875
2026-05-25 08:25:55.800,22.6875
2026-05-25 08:26:01.704,22.75
2026-05-25 08:26:07.610,22.6875
2026-05-25 08:26:13.516,22.6875
2026-05-25 08:26:19.422,22.75
2026-05-25 08:26:25.326,22.6875
2026-05-25 08:26:31.230,22.6875
2026-05-25 08:26:37.134,22.6875
2026-05-25 08:26:43.038,22.6875
2026-05-25 08:26:48.941,22.6875
2026-05-25 08:26:54.846,22.6875
2026-05-25 08:27:00.750,22.6875
2026-05-25 08:27:06.653,22.6875
2026-05-25 08:27:12.559,22.6875
2026-05-25 08:27:18.463,22.6875
2026-05-25 08:27:24.370,22.6875
2026-05-25 08:27:30.275,22.6875
2026-05-25 08:27:36.181,22.6875
2026-05-25 08:27:42.084,22.6875
2026-05-25 08:27:47.988,22.6875
2026-05-25 08:27:53.893,22.6875
2026-05-25 08:27:59.797,22.6875
2026-05-25 08:28:05.700,22.6875
2026-05-25 08:28:11.604,22.6875
2026-05-25 08:28:17.508,22.6875
2026-05-25 08:28:23.412,22.6875
2026-05-25 08:28:29.316,22.6875
2026-05-25 08:28:35.220,22.6875
2026-05-25 08:28:41.123,22.6875
2026-05-25 08:28:47.029,22.6875
2026-05-25 08:28:52.938,22.6875
2026-05-25 08:28:58.843,22.6875
2026-05-25 08:29:04.747,22.6875
2026-05-25 08:29:10.651,22.6875
2026-05-25 08:29:16.554,22.6875
2026-05-25 08:29:22.459,22.6875
2026-05-25 08:29:28.363,22.6875
2026-05-25 08:29:34.267,22.6875
2026-05-25 08:29:40.170,22.6875
2026-05-25 08:29:46.075,22.6875
2026-05-25 08:29:51.981,22.6875
2026-05-25 08:29:57.887,22.75
2026-05-25 08:30:03.793,22.75
2026-05-25 08:30:09.699,22.6875
2026-05-25 08:30:15.606,22.6875
2026-05-25 08:30:21.511,22.75
2026-05-25 08:30:27.415,22.6875
2026-05-25 08:30:33.321,22.6875
2026-05-25 08:30:39.225,22.6875
2026-05-25 08:30:45.129,22.75
2026-05-25 08:30:51.035,22.6875
2026-05-25 08:30:56.941,22.6875
2026-05-25 08:31:02.847,22.6875
2026-05-25 08:31:08.753,22.6875
2026-05-25 08:31:14.657,22.6875
2026-05-25 08:31:20.561,22.6875
2026-05-25 08:31:26.465,22.6875
2026-05-25 08:31:32.368,22.6875
2026-05-25 08:31:38.272,22.6875
2026-05-25 08:31:44.179,22.6875
2026-05-25 08:31:50.085,22.6875
2026-05-25 08:31:55.989,22.6875
2026-05-25 08:32:01.892,22.6875
2026-05-25 08:32:07.796,22.6875
2026-05-25 08:32:13.701,22.75
2026-05-25 08:32:19.606,22.6875
2026-05-25 08:32:25.510,22.6875
2026-05-25 08:32:31.416,22.6875
2026-05-25 08:32:37.322,22.6875
2026-05-25 08:32:43.229,22.75
2026-05-25 08:32:49.132,22.6875
2026-05-25 08:32:55.036,22.6875
2026-05-25 08:33:00.939,22.6875
2026-05-25 08:33:06.846,22.6875
2026-05-25 08:33:12.752,22.6875
2026-05-25 08:33:18.658,22.6875
2026-05-25 08:33:24.564,22.75
2026-05-25 08:33:30.469,22.6875
2026-05-25 08:33:36.376,22.6875
2026-05-25 08:33:42.280,22.6875
2026-05-25 08:33:48.184,22.6875
2026-05-25 08:33:54.087,22.6875
2026-05-25 08:33:59.993,22.6875
2026-05-25 08:34:05.897,22.6875
2026-05-25 08:34:11.803,22.6875
2026-05-25 08:34:17.709,22.6875
2026-05-25 08:34:23.615,22.6875
2026-05-25 08:34:29.519,22.6875
2026-05-25 08:34:35.426,22.75
2026-05-25 08:34:41.331,22.6875
2026-05-25 08:34:47.237,22.75
2026-05-25 08:34:53.143,22.6875
2026-05-25 08:34:59.046,22.6875
2026-05-25 08:35:04.951,22.6875
2026-05-25 08:35:10.855,22.6875
2026-05-25 08:35:16.759,22.75
2026-05-25 08:35:22.665,22.6875
2026-05-25 08:35:28.568,22.6875
2026-05-25 08:35:34.473,22.6875
2026-05-25 08:35:40.377,22.6875
2026-05-25 08:35:46.280,22.625
2026-05-25 08:35:52.186,22.6875
2026-05-25 08:35:58.091,22.6875
2026-05-25 08:36:03.997,22.6875
2026-05-25 08:36:09.902,22.6875
2026-05-25 08:36:15.806,22.6875
2026-05-25 08:36:21.709,22.6875
2026-05-25 08:36:27.614,22.6875
2026-05-25 08:36:33.518,22.6875
2026-05-25 08:36:39.421,22.6875
2026-05-25 08:36:45.325,22.6875
2026-05-25 08:36:51.229,22.6875
2026-05-25 08:36:57.133,22.6875
2026-05-25 08:37:03.041,22.6875
2026-05-25 08:37:08.945,22.6875
2026-05-25 08:37:14.851,22.6875
2026-05-25 08:37:20.754,22.6875
2026-05-25 08:37:26.659,22.6875
2026-05-25 08:37:32.565,22.6875
2026-05-25 08:37:38.469,22.6875
2026-05-25 08:37:44.372,22.6875
2026-05-25 08:37:50.276,22.6875
2026-05-25 08:37:56.183,22.6875
2026-05-25 08:38:02.086,22.6875
2026-05-25 08:38:07.990,22.6875
2026-05-25 08:38:13.895,22.6875
2026-05-25 08:38:19.801,22.6875
2026-05-25 08:38:25.706,22.6875
2026-05-25 08:38:31.611,22.75
2026-05-25 08:38:37.517,22.75
2026-05-25 08:38:43.421,22.6875
2026-05-25 08:38:49.326,22.6875
2026-05-25 08:38:55.229,22.6875
2026-05-25 08:39:01.133,22.6875
2026-05-25 08:39:07.037,22.6875
2026-05-25 08:39:12.940,22.6875
2026-05-25 08:39:18.845,22.6875
2026-05-25 08:39:24.749,22.75
2026-05-25 08:39:30.655,22.6875
2026-05-25 08:39:36.558,22.6875
2026-05-25 08:39:42.462,22.6875
2026-05-25 08:39:48.367,22.6875
2026-05-25 08:39:54.270,22.6875
2026-05-25 08:40:00.176,22.6875
2026-05-25 08:40:06.082,22.6875
2026-05-25 08:40:11.987,22.6875
2026-05-25 08:40:17.894,22.6875
2026-05-25 08:40:23.800,22.6875
2026-05-25 08:40:29.704,22.6875
2026-05-25 08:40:35.607,22.6875
2026-05-25 08:40:41.511,22.6875
2026-05-25 08:40:47.416,22.6875
2026-05-25 08:40:53.320,22.6875
2026-05-25 08:40:59.223,22.6875
2026-05-25 08:41:05.129,22.6875
2026-05-25 08:41:11.035,22.75
2026-05-25 08:41:16.940,22.6875
2026-05-25 08:41:22.845,22.6875
2026-05-25 08:41:28.752,22.6875
2026-05-25 08:41:34.657,22.625
2026-05-25 08:41:40.562,22.6875
2026-05-25 08:41:46.466,22.6875
2026-05-25 08:41:52.369,22.6875
2026-05-25 08:41:58.273,22.6875
2026-05-25 08:42:04.177,22.6875
2026-05-25 08:42:10.081,22.6875
2026-05-25 08:42:15.985,22.75
2026-05-25 08:42:21.888,22.6875
2026-05-25 08:42:27.792,22.6875
2026-05-25 08:42:33.696,22.6875
2026-05-25 08:42:39.601,22.6875
2026-05-25 08:42:45.505,22.6875
2026-05-25 08:42:51.408,22.6875
2026-05-25 08:42:57.314,22.6875
2026-05-25 08:43:03.218,22.6875
2026-05-25 08:43:09.125,22.6875
2026-05-25 08:43:15.031,22.6875
2026-05-25 08:43:20.934,22.6875
2026-05-25 08:43:26.840,22.6875
2026-05-25 08:43:32.746,22.6875
2026-05-25 08:43:38.650,22.6875
2026-05-25 08:43:44.554,22.6875
2026-05-25 08:43:50.458,22.6875
2026-05-25 08:43:56.363,22.6875
2026-05-25 08:44:02.267,22.6875
2026-05-25 08:44:08.174,22.75
2026-05-25 08:44:14.080,22.6875
2026-05-25 08:44:19.983,22.6875
2026-05-25 08:44:25.887,22.6875
2026-05-25 08:44:31.790,22.6875
2026-05-25 08:44:37.695,22.75
2026-05-25 08:44:43.601,22.6875
2026-05-25 08:44:49.507,22.75
2026-05-25 08:44:55.413,22.6875
2026-05-25 08:45:01.317,22.6875
2026-05-25 08:45:07.223,22.6875
2026-05-25 08:45:13.127,22.6875
2026-05-25 08:45:19.032,22.6875
2026-05-25 08:45:24.938,22.75
2026-05-25 08:45:30.845,22.75
2026-05-25 08:45:36.748,22.75
2026-05-25 08:45:42.652,22.75
2026-05-25 08:45:48.556,22.6875
2026-05-25 08:45:54.459,22.75
2026-05-25 08:46:00.364,22.6875
2026-05-25 08:46:06.270,22.6875
2026-05-25 08:46:12.173,22.6875
2026-05-25 08:46:18.077,22.6875
2026-05-25 08:46:23.983,22.6875
2026-05-25 08:46:29.890,22.75
2026-05-25 08:46:35.796,22.6875
2026-05-25 08:46:41.699,22.6875
2026-05-25 08:46:47.603,22.6875
2026-05-25 08:46:53.507,22.75
2026-05-25 08:46:59.413,22.6875
2026-05-25 08:47:05.319,22.6875
2026-05-25 08:47:11.225,22.6875
2026-05-25 08:47:17.129,22.75
2026-05-25 08:47:23.032,22.6875
2026-05-25 08:47:28.937,22.6875
2026-05-25 08:47:34.841,22.6875
2026-05-25 08:47:40.747,22.6875
2026-05-25 08:47:46.652,22.6875
2026-05-25 08:47:52.559,22.6875
2026-05-25 08:47:58.465,22.6875
2026-05-25 08:48:04.369,22.75
2026-05-25 08:48:10.275,22.6875
2026-05-25 08:48:16.180,22.6875
2026-05-25 08:48:22.085,22.6875
2026-05-25 08:48:27.989,22.6875
2026-05-25 08:48:33.893,22.6875
2026-05-25 08:48:39.796,22.6875
2026-05-25 08:48:45.700,22.75
2026-05-25 08:48:51.607,22.6875
2026-05-25 08:48:57.512,22.75
2026-05-25 08:49:03.418,22.6875
2026-05-25 08:49:09.324,22.75
2026-05-25 08:49:15.230,22.75
2026-05-25 08:49:21.134,22.6875
2026-05-25 08:49:27.040,22.6875
2026-05-25 08:49:32.946,22.75
2026-05-25 08:49:38.850,22.6875
2026-05-25 08:49:44.753,22.6875
2026-05-25 08:49:50.658,22.6875
2026-05-25 08:49:56.561,22.6875
2026-05-25 08:50:02.467,22.75
2026-05-25 08:50:08.373,22.75
2026-05-25 08:50:14.279,22.6875
2026-05-25 08:50:20.185,22.6875
2026-05-25 08:50:26.093,22.6875
2026-05-25 08:50:31.999,22.6875
2026-05-25 08:50:37.904,22.75
2026-05-25 08:50:43.809,22.6875
2026-05-25 08:50:49.713,22.6875
2026-05-25 08:50:55.616,22.6875
2026-05-25 08:51:01.520,22.6875
2026-05-25 08:51:07.424,22.75
2026-05-25 08:51:13.331,22.6875
2026-05-25 08:51:19.236,22.75
2026-05-25 08:51:25.142,22.6875
2026-05-25 08:51:31.048,22.6875
2026-05-25 08:51:36.951,22.6875
2026-05-25 08:51:42.856,22.6875
2026-05-25 08:51:48.759,22.6875
2026-05-25 08:51:54.665,22.6875
2026-05-25 08:52:00.571,22.6875
2026-05-25 08:52:06.477,22.6875
2026-05-25 08:52:12.384,22.6875
2026-05-25 08:52:18.290,22.6875
2026-05-25 08:52:24.193,22.6875
2026-05-25 08:52:30.097,22.6875
2026-05-25 08:52:36.001,22.6875
2026-05-25 08:52:41.907,22.75
2026-05-25 08:52:47.813,22.6875
2026-05-25 08:52:53.719,22.6875
2026-05-25 08:52:59.623,22.6875
2026-05-25 08:53:05.526,22.6875
2026-05-25 08:53:11.431,22.75
2026-05-25 08:53:17.336,22.75
2026-05-25 08:53:23.242,22.6875
2026-05-25 08:53:29.148,22.75
2026-05-25 08:53:35.055,22.6875
2026-05-25 08:53:40.961,22.75
2026-05-25 08:53:46.864,22.75
2026-05-25 08:53:52.770,22.6875
2026-05-25 08:53:58.674,22.75
2026-05-25 08:54:04.581,22.6875
2026-05-25 08:54:10.484,22.6875
2026-05-25 08:54:16.388,22.6875
2026-05-25 08:54:22.294,22.75
2026-05-25 08:54:28.200,22.6875
2026-05-25 08:54:34.107,22.6875
2026-05-25 08:54:40.013,22.75
2026-05-25 08:54:45.918,22.75
2026-05-25 08:54:51.824,22.6875
2026-05-25 08:54:57.732,22.75
2026-05-25 08:55:03.638,22.6875
2026-05-25 08:55:09.542,22.75
2026-05-25 08:55:15.446,22.6875
2026-05-25 08:55:21.349,22.75
2026-05-25 08:55:27.253,22.75
2026-05-25 08:55:33.157,22.75
2026-05-25 08:55:39.063,22.75
2026-05-25 08:55:44.969,22.6875
2026-05-25 08:55:50.873,22.75
2026-05-25 08:55:56.776,22.6875
2026-05-25 08:56:02.683,22.75
2026-05-25 08:56:08.587,22.75
2026-05-25 08:56:14.491,22.75
2026-05-25 08:56:20.395,22.6875
2026-05-25 08:56:26.299,22.6875
2026-05-25 08:56:32.203,22.6875
2026-05-25 08:56:38.106,22.75
2026-05-25 08:56:44.010,22.75
2026-05-25 08:56:49.916,22.75
2026-05-25 08:56:55.823,22.6875
2026-05-25 08:57:01.726,22.75
2026-05-25 08:57:07.632,22.75
2026-05-25 08:57:13.538,22.6875
2026-05-25 08:57:19.443,22.75
2026-05-25 08:57:25.350,22.75
2026-05-25 08:57:31.254,22.6875
2026-05-25 08:57:37.157,22.6875
2026-05-25 08:57:43.061,22.75
2026-05-25 08:57:48.965,22.6875
2026-05-25 08:57:54.869,22.6875
2026-05-25 08:58:00.773,22.6875
2026-05-25 08:58:06.678,22.75
2026-05-25 08:58:12.582,22.6875
2026-05-25 08:58:18.486,22.75
2026-05-25 08:58:24.390,22.6875
2026-05-25 08:58:30.296,22.6875
2026-05-25 08:58:36.202,22.6875
2026-05-25 08:58:42.105,22.6875
2026-05-25 08:58:48.011,22.75
2026-05-25 08:58:53.916,22.6875
2026-05-25 08:58:59.819,22.6875
2026-05-25 08:59:05.723,22.6875
2026-05-25 08:59:11.627,22.6875
2026-05-25 08:59:17.530,22.75
2026-05-25 08:59:23.435,22.6875
2026-05-25 08:59:29.339,22.6875
2026-05-25 08:59:35.242,22.6875
2026-05-25 08:59:41.148,22.6875
2026-05-25 08:59:47.055,22.6875
2026-05-25 08:59:52.961,22.6875
2026-05-25 08:59:58.867,22.6875
2026-05-25 09:00:04.773,22.6875
2026-05-25 09:00:10.679,22.6875
2026-05-25 09:00:16.583,22.6875
2026-05-25 09:00:22.487,22.75
2026-05-25 09:00:28.390,22.6875
2026-05-25 09:00:34.296,22.6875
2026-05-25 09:00:40.202,22.75
2026-05-25 09:00:46.109,22.6875
2026-05-25 09:00:52.015,22.6875
2026-05-25 09:00:57.921,22.75
2026-05-25 09:01:03.824,22.75
2026-05-25 09:01:09.728,22.6875
2026-05-25 09:01:15.635,22.6875
2026-05-25 09:01:21.541,22.6875
2026-05-25 09:01:27.444,22.6875
2026-05-25 09:01:33.350,22.6875
2026-05-25 09:01:39.256,22.6875
2026-05-25 09:01:45.160,22.75
2026-05-25 09:01:51.066,22.6875
2026-05-25 09:01:56.972,22.6875
2026-05-25 09:02:02.878,22.6875
2026-05-25 09:02:08.782,22.6875
2026-05-25 09:02:14.689,22.6875
2026-05-25 09:02:20.592,22.6875
2026-05-25 09:02:26.496,22.6875
2026-05-25 09:02:32.402,22.6875
2026-05-25 09:02:38.309,22.6875
2026-05-25 09:02:44.212,22.6875
2026-05-25 09:02:50.118,22.6875
2026-05-25 09:02:56.022,22.6875
2026-05-25 09:03:01.926,22.6875
2026-05-25 09:03:07.830,22.6875
2026-05-25 09:03:13.734,22.6875
2026-05-25 09:03:19.638,22.625
2026-05-25 09:03:25.542,22.6875
2026-05-25 09:03:31.445,22.6875
2026-05-25 09:03:37.352,22.6875
2026-05-25 09:03:43.258,22.6875
2026-05-25 09:03:49.162,22.6875
2026-05-25 09:03:55.065,22.75
2026-05-25 09:04:00.971,22.6875
2026-05-25 09:04:06.878,22.75
2026-05-25 09:04:12.784,22.6875
2026-05-25 09:04:18.690,22.75
2026-05-25 09:04:24.596,22.6875
2026-05-25 09:04:30.501,22.6875
2026-05-25 09:04:36.406,22.6875
2026-05-25 09:04:42.312,22.6875
2026-05-25 09:04:48.215,22.75
2026-05-25 09:04:54.121,22.6875
2026-05-25 09:05:00.025,22.75
2026-05-25 09:05:05.932,22.6875
2026-05-25 09:05:11.835,22.6875
2026-05-25 09:05:17.739,22.6875
2026-05-25 09:05:23.643,22.6875
2026-05-25 09:05:29.548,22.6875
2026-05-25 09:05:35.453,22.6875
2026-05-25 09:05:41.359,22.6875
2026-05-25 09:05:47.262,22.6875
2026-05-25 09:05:53.166,22.6875
2026-05-25 09:05:59.073,22.6875
2026-05-25 09:06:04.979,22.6875
2026-05-25 09:06:10.883,22.6875
2026-05-25 09:06:16.786,22.6875
2026-05-25 09:06:22.692,22.6875
2026-05-25 09:06:28.599,22.6875
2026-05-25 09:06:34.505,22.75
2026-05-25 09:06:40.409,22.6875
2026-05-25 09:06:46.314,22.6875
2026-05-25 09:06:52.218,22.6875
2026-05-25 09:06:58.125,22.75
2026-05-25 09:07:04.031,22.6875
2026-05-25 09:07:09.936,22.6875
2026-05-25 09:07:15.844,22.75
2026-05-25 09:07:21.750,22.6875
2026-05-25 09:07:27.657,22.6875
2026-05-25 09:07:33.563,22.6875
2026-05-25 09:07:39.468,22.6875
2026-05-25 09:07:45.374,22.6875
2026-05-25 09:07:51.277,22.6875
2026-05-25 09:07:57.182,22.6875
2026-05-25 09:08:03.088,22.6875
2026-05-25 09:08:08.992,22.6875
2026-05-25 09:08:14.895,22.6875
2026-05-25 09:08:20.800,22.6875
2026-05-25 09:08:26.704,22.6875
2026-05-25 09:08:32.607,22.6875
2026-05-25 09:08:38.511,22.75
2026-05-25 09:08:44.415,22.6875
2026-05-25 09:08:50.320,22.6875
2026-05-25 09:08:56.223,22.6875
2026-05-25 09:09:02.129,22.6875
2026-05-25 09:09:08.035,22.6875
2026-05-25 09:09:13.939,22.6875
2026-05-25 09:09:19.843,22.75
2026-05-25 09:09:25.747,22.6875
2026-05-25 09:09:31.651,22.6875
2026-05-25 09:09:37.554,22.75
2026-05-25 09:09:43.458,22.6875
2026-05-25 09:09:49.365,22.6875
2026-05-25 09:09:55.268,22.6875
2026-05-25 09:10:01.172,22.6875
2026-05-25 09:10:07.078,22.6875
2026-05-25 09:10:12.984,22.75
2026-05-25 09:10:18.888,22.6875
2026-05-25 09:10:24.792,22.6875
2026-05-25 09:10:30.696,22.6875
2026-05-25 09:10:36.602,22.6875
2026-05-25 09:10:42.505,22.6875
2026-05-25 09:10:48.412,22.6875
2026-05-25 09:10:54.318,22.6875
2026-05-25 09:11:00.224,22.6875
2026-05-25 09:11:06.127,22.6875
2026-05-25 09:11:12.034,22.6875
2026-05-25 09:11:17.940,22.75
2026-05-25 09:11:23.844,22.6875
2026-05-25 09:11:29.749,22.6875
2026-05-25 09:11:35.655,22.6875
2026-05-25 09:11:41.562,22.6875
2026-05-25 09:11:47.466,22.6875
2026-05-25 09:11:53.371,22.6875
2026-05-25 09:11:59.275,22.6875
2026-05-25 09:12:05.178,22.6875
2026-05-25 09:12:11.083,22.6875
2026-05-25 09:12:16.989,22.6875
2026-05-25 09:12:22.895,22.6875
2026-05-25 09:12:28.801,22.6875
2026-05-25 09:12:34.707,22.75
2026-05-25 09:12:40.611,22.6875
2026-05-25 09:12:46.515,22.6875
2026-05-25 09:12:52.419,22.75
2026-05-25 09:12:58.325,22.6875
2026-05-25 09:13:04.231,22.6875
2026-05-25 09:13:10.138,22.6875
2026-05-25 09:13:16.043,22.6875
2026-05-25 09:13:21.949,22.6875
2026-05-25 09:13:27.852,22.75
2026-05-25 09:13:33.756,22.6875
2026-05-25 09:13:39.661,22.6875
2026-05-25 09:13:45.564,22.75
2026-05-25 09:13:51.468,22.6875
2026-05-25 09:13:57.372,22.6875
2026-05-25 09:14:03.276,22.6875
2026-05-25 09:14:09.183,22.6875
2026-05-25 09:14:15.088,22.6875
2026-05-25 09:14:20.994,22.6875
2026-05-25 09:14:26.897,22.75
2026-05-25 09:14:32.802,22.75
2026-05-25 09:14:38.706,22.6875
2026-05-25 09:14:44.609,22.6875
2026-05-25 09:14:50.515,22.6875
2026-05-25 09:14:56.418,22.6875
2026-05-25 09:15:02.323,22.75
2026-05-25 09:15:08.229,22.6875
2026-05-25 09:15:14.133,22.6875
2026-05-25 09:15:20.036,22.75
2026-05-25 09:15:25.942,22.6875
2026-05-25 09:15:31.847,22.6875
2026-05-25 09:15:37.750,22.6875
2026-05-25 09:15:43.654,22.6875
2026-05-25 09:15:49.558,22.75
2026-05-25 09:15:55.461,22.6875
2026-05-25 09:16:01.366,22.6875
2026-05-25 09:16:07.270,22.75
2026-05-25 09:16:13.173,22.6875
2026-05-25 09:16:19.077,22.6875
2026-05-25 09:16:24.981,22.75
2026-05-25 09:16:30.885,22.6875
2026-05-25 09:16:36.789,22.6875
2026-05-25 09:16:42.695,22.6875
2026-05-25 09:16:48.601,22.6875
2026-05-25 09:16:54.506,22.6875
2026-05-25 09:17:00.411,22.6875
2026-05-25 09:17:06.314,22.6875
2026-05-25 09:17:12.218,22.75
2026-05-25 09:17:18.122,22.6875
2026-05-25 09:17:24.029,22.6875
2026-05-25 09:17:29.935,22.6875
2026-05-25 09:17:35.841,22.6875
2026-05-25 09:17:41.747,22.6875
2026-05-25 09:17:47.650,22.6875
2026-05-25 09:17:53.557,22.75
2026-05-25 09:17:59.461,22.6875
2026-05-25 09:18:05.364,22.6875
2026-05-25 09:18:11.270,22.75
2026-05-25 09:18:17.173,22.6875
2026-05-25 09:18:23.080,22.75
2026-05-25 09:18:28.986,22.75
2026-05-25 09:18:34.892,22.75
2026-05-25 09:18:40.797,22.75
2026-05-25 09:18:46.701,22.6875
2026-05-25 09:18:52.606,22.75
2026-05-25 09:18:58.509,22.6875
2026-05-25 09:19:04.413,22.6875
2026-05-25 09:19:10.319,22.6875
2026-05-25 09:19:16.224,22.75
2026-05-25 09:19:22.131,22.6875
2026-05-25 09:19:28.037,22.75
2026-05-25 09:19:33.941,22.6875
2026-05-25 09:19:39.845,22.6875
2026-05-25 09:19:45.748,22.75
2026-05-25 09:19:51.653,22.6875
2026-05-25 09:19:57.557,22.75
2026-05-25 09:20:03.463,22.6875
2026-05-25 09:20:09.366,22.75
2026-05-25 09:20:15.271,22.6875
2026-05-25 09:20:21.175,22.6875
2026-05-25 09:20:27.078,22.6875
2026-05-25 09:20:32.982,22.6875
2026-05-25 09:20:38.888,22.6875
2026-05-25 09:20:44.795,22.6875
2026-05-25 09:20:50.700,22.6875
2026-05-25 09:20:56.604,22.6875
2026-05-25 09:21:02.508,22.6875
2026-05-25 09:21:08.414,22.6875
2026-05-25 09:21:14.318,22.6875
2026-05-25 09:21:20.222,22.75
2026-05-25 09:21:26.128,22.75
2026-05-25 09:21:32.034,22.6875
2026-05-25 09:21:37.940,22.75
2026-05-25 09:21:43.844,22.75
2026-05-25 09:21:49.750,22.6875
2026-05-25 09:21:55.654,22.6875
2026-05-25 09:22:01.558,22.6875
2026-05-25 09:22:07.463,22.6875
2026-05-25 09:22:13.368,22.6875
2026-05-25 09:22:19.271,22.6875
2026-05-25 09:22:25.177,22.6875
2026-05-25 09:22:31.083,22.6875
2026-05-25 09:22:36.989,22.6875
2026-05-25 09:22:42.896,22.75
2026-05-25 09:22:48.799,22.6875
2026-05-25 09:22:54.705,22.75
2026-05-25 09:23:00.611,22.6875
2026-05-25 09:23:06.516,22.6875
2026-05-25 09:23:12.419,22.6875
2026-05-25 09:23:18.323,22.6875
2026-05-25 09:23:24.227,22.6875
2026-05-25 09:23:30.131,22.6875
2026-05-25 09:23:36.035,22.6875
2026-05-25 09:23:41.939,22.6875
2026-05-25 09:23:47.842,22.6875
2026-05-25 09:23:53.746,22.6875
2026-05-25 09:23:59.652,22.6875
2026-05-25 09:24:05.557,22.6875
2026-05-25 09:24:11.460,22.6875
2026-05-25 09:24:17.364,22.6875
2026-05-25 09:24:23.268,22.6875
2026-05-25 09:24:29.174,22.6875
2026-05-25 09:24:35.078,22.6875
2026-05-25 09:24:40.984,22.6875
2026-05-25 09:24:46.890,22.6875
2026-05-25 09:24:52.796,22.6875
2026-05-25 09:24:58.702,22.6875
2026-05-25 09:25:04.608,22.6875
2026-05-25 09:25:10.512,22.6875
2026-05-25 09:25:16.416,22.6875
2026-05-25 09:25:22.319,22.6875
2026-05-25 09:25:28.223,22.6875
2026-05-25 09:25:34.130,22.6875
2026-05-25 09:25:40.036,22.6875
2026-05-25 09:25:45.942,22.6875
2026-05-25 09:25:51.848,22.6875
2026-05-25 09:25:57.754,22.6875
2026-05-25 09:26:03.660,22.6875
2026-05-25 09:26:09.566,22.6875
2026-05-25 09:26:15.470,22.6875
2026-05-25 09:26:21.373,22.6875
2026-05-25 09:26:27.278,22.6875
2026-05-25 09:26:33.184,22.75
2026-05-25 09:26:39.088,22.6875
2026-05-25 09:26:44.991,22.6875
2026-05-25 09:26:50.895,22.6875
2026-05-25 09:26:56.800,22.6875
2026-05-25 09:27:02.703,22.6875
2026-05-25 09:27:08.607,22.6875
2026-05-25 09:27:14.510,22.6875
2026-05-25 09:27:20.414,22.6875
2026-05-25 09:27:26.321,22.6875
2026-05-25 09:27:32.227,22.6875
2026-05-25 09:27:38.132,22.6875
2026-05-25 09:27:44.038,22.6875
2026-05-25 09:27:49.944,22.6875
2026-05-25 09:27:55.849,22.6875
2026-05-25 09:28:01.754,22.6875
2026-05-25 09:28:07.660,22.6875
2026-05-25 09:28:13.564,22.6875
2026-05-25 09:28:19.468,22.6875
2026-05-25 09:28:25.373,22.6875
2026-05-25 09:28:31.276,22.6875
2026-05-25 09:28:37.182,22.6875
2026-05-25 09:28:43.086,22.6875
2026-05-25 09:28:48.992,22.6875
2026-05-25 09:28:54.896,22.6875
2026-05-25 09:29:00.800,22.6875
2026-05-25 09:29:06.703,22.6875
2026-05-25 09:29:12.607,22.6875
2026-05-25 09:29:18.512,22.6875
2026-05-25 09:29:24.416,22.6875
2026-05-25 09:29:30.320,22.6875
2026-05-25 09:29:36.223,22.6875
2026-05-25 09:29:42.129,22.6875
2026-05-25 09:29:48.033,22.6875
2026-05-25 09:29:53.937,22.75
2026-05-25 09:29:59.841,22.6875
2026-05-25 09:30:05.747,22.6875
2026-05-25 09:30:11.652,22.6875
2026-05-25 09:30:17.557,22.6875
2026-05-25 09:30:23.463,22.6875
2026-05-25 09:30:29.367,22.6875
2026-05-25 09:30:35.270,22.6875
2026-05-25 09:30:41.174,22.6875
2026-05-25 09:30:47.081,22.6875
2026-05-25 09:30:52.987,22.6875
2026-05-25 09:30:58.893,22.6875
2026-05-25 09:31:04.796,22.75
2026-05-25 09:31:10.702,22.6875
2026-05-25 09:31:16.607,22.6875
2026-05-25 09:31:22.512,22.6875
2026-05-25 09:31:28.418,22.6875
2026-05-25 09:31:34.324,22.6875
2026-05-25 09:31:40.228,22.6875
2026-05-25 09:31:46.132,22.6875
2026-05-25 09:31:52.036,22.6875
2026-05-25 09:31:57.940,22.6875
2026-05-25 09:32:03.843,22.6875
2026-05-25 09:32:09.750,22.75
2026-05-25 09:32:15.656,22.75
2026-05-25 09:32:21.562,22.6875
2026-05-25 09:32:27.470,22.6875
2026-05-25 09:32:33.376,22.6875
2026-05-25 09:32:39.282,22.6875
2026-05-25 09:32:45.186,22.75
2026-05-25 09:32:51.090,22.6875
2026-05-25 09:32:56.993,22.6875
2026-05-25 09:33:02.897,22.6875
2026-05-25 09:33:08.802,22.75
2026-05-25 09:33:14.705,22.6875
2026-05-25 09:33:20.611,22.6875
2026-05-25 09:33:26.515,22.75
2026-05-25 09:33:32.420,22.6875
2026-05-25 09:33:38.325,22.75
2026-05-25 09:33:44.229,22.75
2026-05-25 09:33:50.132,22.6875
2026-05-25 09:33:56.036,22.6875
2026-05-25 09:34:01.940,22.6875
2026-05-25 09:34:07.844,22.75
2026-05-25 09:34:13.748,22.6875
2026-05-25 09:34:19.653,22.75
2026-05-25 09:34:25.557,22.6875
2026-05-25 09:34:31.463,22.6875
2026-05-25 09:34:37.367,22.6875
2026-05-25 09:34:43.271,22.75
2026-05-25 09:34:49.177,22.6875
2026-05-25 09:34:55.081,22.6875
2026-05-25 09:35:00.985,22.6875
2026-05-25 09:35:06.889,22.6875
2026-05-25 09:35:12.795,22.75
2026-05-25 09:35:18.700,22.6875
2026-05-25 09:35:24.606,22.6875
2026-05-25 09:35:30.513,22.75
2026-05-25 09:35:36.419,22.6875
2026-05-25 09:35:42.324,22.75
2026-05-25 09:35:48.230,22.75
2026-05-25 09:35:54.136,22.6875
2026-05-25 09:36:00.042,22.75
2026-05-25 09:36:05.946,22.6875
2026-05-25 09:36:11.850,22.75
2026-05-25 09:36:17.753,22.6875
2026-05-25 09:36:23.657,22.6875
2026-05-25 09:36:29.564,22.6875
2026-05-25 09:36:35.470,22.6875
2026-05-25 09:36:41.375,22.6875
2026-05-25 09:36:47.281,22.6875
2026-05-25 09:36:53.184,22.75
2026-05-25 09:36:59.089,22.6875
2026-05-25 09:37:04.993,22.6875
2026-05-25 09:37:10.896,22.75
2026-05-25 09:37:16.800,22.6875
2026-05-25 09:37:22.706,22.6875
2026-05-25 09:37:28.613,22.6875
2026-05-25 09:37:34.519,22.75
2026-05-25 09:37:40.424,22.6875
2026-05-25 09:37:46.329,22.6875
2026-05-25 09:37:52.234,22.6875
2026-05-25 09:37:58.138,22.6875
2026-05-25 09:38:04.041,22.6875
2026-05-25 09:38:09.945,22.6875
2026-05-25 09:38:15.851,22.6875
2026-05-25 09:38:21.758,22.6875
2026-05-25 09:38:27.663,22.6875
2026-05-25 09:38:33.567,22.6875
2026-05-25 09:38:39.471,22.6875
2026-05-25 09:38:45.374,22.6875
2026-05-25 09:38:51.279,22.6875
2026-05-25 09:38:57.183,22.75
2026-05-25 09:39:03.086,22.6875
2026-05-25 09:39:08.990,22.6875
2026-05-25 09:39:14.896,22.6875
2026-05-25 09:39:20.800,22.6875
2026-05-25 09:39:26.706,22.6875
2026-05-25 09:39:32.612,22.625
2026-05-25 09:39:38.516,22.6875
2026-05-25 09:39:44.420,22.6875
2026-05-25 09:39:50.324,22.6875
2026-05-25 09:39:56.228,22.6875
2026-05-25 09:40:02.131,22.6875
2026-05-25 09:40:08.037,22.6875
2026-05-25 09:40:13.943,22.6875
2026-05-25 09:40:19.847,22.6875
2026-05-25 09:40:25.751,22.6875
2026-05-25 09:40:31.657,22.6875
2026-05-25 09:40:37.560,22.6875
2026-05-25 09:40:43.465,22.6875
2026-05-25 09:40:49.371,22.6875
2026-05-25 09:40:55.275,22.6875
2026-05-25 09:41:01.181,22.6875
2026-05-25 09:41:07.086,22.75
2026-05-25 09:41:12.993,22.6875
2026-05-25 09:41:18.899,22.6875
2026-05-25 09:41:24.803,22.6875
2026-05-25 09:41:30.706,22.6875
2026-05-25 09:41:36.610,22.75
2026-05-25 09:41:42.516,22.6875
2026-05-25 09:41:48.422,22.6875
2026-05-25 09:41:54.326,22.6875
2026-05-25 09:42:00.232,22.6875
2026-05-25 09:42:06.135,22.75
2026-05-25 09:42:12.040,22.6875
2026-05-25 09:42:17.943,22.6875
2026-05-25 09:42:23.847,22.6875
2026-05-25 09:42:29.753,22.6875
2026-05-25 09:42:35.657,22.75
2026-05-25 09:42:41.561,22.75
2026-05-25 09:42:47.465,22.75
2026-05-25 09:42:53.368,22.75
2026-05-25 09:42:59.274,22.6875
2026-05-25 09:43:05.180,22.6875
2026-05-25 09:43:11.087,22.6875
2026-05-25 09:43:16.993,22.75
2026-05-25 09:43:22.899,22.75
2026-05-25 09:43:28.804,22.75
2026-05-25 09:43:34.710,22.75
2026-05-25 09:43:40.615,22.75
2026-05-25 09:43:46.520,22.75
2026-05-25 09:43:52.425,22.75
2026-05-25 09:43:58.329,22.6875
2026-05-25 09:44:04.234,22.75
2026-05-25 09:44:10.138,22.75
2026-05-25 09:44:16.041,22.6875
2026-05-25 09:44:21.945,22.75
2026-05-25 09:44:27.851,22.6875
2026-05-25 09:44:33.757,22.6875
2026-05-25 09:44:39.661,22.6875
2026-05-25 09:44:45.567,22.75
2026-05-25 09:44:51.473,22.6875
2026-05-25 09:44:57.381,22.75
2026-05-25 09:45:03.287,22.75
2026-05-25 09:45:09.191,22.6875
2026-05-25 09:45:15.094,22.6875
2026-05-25 09:45:20.998,22.6875
2026-05-25 09:45:26.903,22.6875
2026-05-25 09:45:32.810,22.6875
2026-05-25 09:45:38.716,22.75
2026-05-25 09:45:44.620,22.75
2026-05-25 09:45:50.523,22.75
2026-05-25 09:45:56.427,22.75
2026-05-25 09:46:02.334,22.6875
2026-05-25 09:46:08.240,22.75
2026-05-25 09:46:14.145,22.6875
2026-05-25 09:46:20.051,22.75
2026-05-25 09:46:25.954,22.75
2026-05-25 09:46:31.859,22.75
2026-05-25 09:46:37.762,22.75
2026-05-25 09:46:43.666,22.6875
2026-05-25 09:46:49.572,22.75
2026-05-25 09:46:55.479,22.6875
2026-05-25 09:47:01.383,22.6875
2026-05-25 09:47:07.286,22.6875
2026-05-25 09:47:13.190,22.6875
2026-05-25 09:47:19.093,22.75
2026-05-25 09:47:24.998,22.75
2026-05-25 09:47:30.902,22.75
2026-05-25 09:47:36.805,22.75
2026-05-25 09:47:42.711,22.6875
2026-05-25 09:47:48.614,22.75
2026-05-25 09:47:54.519,22.6875
2026-05-25 09:48:00.423,22.75
2026-05-25 09:48:06.329,22.75
2026-05-25 09:48:12.235,22.6875
2026-05-25 09:48:18.140,22.75
2026-05-25 09:48:24.047,22.75
2026-05-25 09:48:29.955,22.75
2026-05-25 09:48:35.861,22.75
2026-05-25 09:48:41.767,22.75
2026-05-25 09:48:47.673,22.75
2026-05-25 09:48:53.580,22.75
2026-05-25 09:48:59.485,22.6875
2026-05-25 09:49:05.389,22.6875
2026-05-25 09:49:11.292,22.6875
2026-05-25 09:49:17.196,22.6875
2026-05-25 09:49:23.101,22.75
2026-05-25 09:49:29.004,22.6875
2026-05-25 09:49:34.908,22.75
2026-05-25 09:49:40.811,22.6875
2026-05-25 09:49:46.716,22.6875
2026-05-25 09:49:52.620,22.75
2026-05-25 09:49:58.525,22.6875
2026-05-25 09:50:04.431,22.6875
2026-05-25 09:50:10.337,22.6875
2026-05-25 09:50:16.242,22.6875
2026-05-25 09:50:22.145,22.6875
2026-05-25 09:50:28.049,22.6875
2026-05-25 09:50:33.953,22.6875
2026-05-25 09:50:39.859,22.6875
2026-05-25 09:50:45.766,22.6875
2026-05-25 09:50:51.672,22.6875
2026-05-25 09:50:57.577,22.75
2026-05-25 09:51:03.483,22.6875
2026-05-25 09:51:09.387,22.75
2026-05-25 09:51:15.294,22.6875
2026-05-25 09:51:21.199,22.75
2026-05-25 09:51:27.105,22.75
2026-05-25 09:51:33.011,22.6875
2026-05-25 09:51:38.916,22.75
2026-05-25 09:51:44.823,22.75
2026-05-25 09:51:50.729,22.75
2026-05-25 09:51:56.633,22.75
2026-05-25 09:52:02.536,22.6875
2026-05-25 09:52:08.442,22.6875
2026-05-25 09:52:14.347,22.6875
2026-05-25 09:52:20.253,22.6875
2026-05-25 09:52:26.159,22.6875
2026-05-25 09:52:32.064,22.6875
2026-05-25 09:52:37.969,22.6875
2026-05-25 09:52:43.874,22.6875
2026-05-25 09:52:49.777,22.6875
2026-05-25 09:52:55.681,22.75
2026-05-25 09:53:01.585,22.75
2026-05-25 09:53:07.491,22.6875
2026-05-25 09:53:13.397,22.6875
2026-05-25 09:53:19.303,22.6875
2026-05-25 09:53:25.207,22.6875
2026-05-25 09:53:31.113,22.6875
2026-05-25 09:53:37.017,22.6875
2026-05-25 09:53:42.921,22.6875
2026-05-25 09:53:48.824,22.6875
2026-05-25 09:53:54.730,22.6875
2026-05-25 09:54:00.636,22.75
2026-05-25 09:54:06.543,22.6875
2026-05-25 09:54:12.451,22.6875
2026-05-25 09:54:18.356,22.75
2026-05-25 09:54:24.260,22.75
2026-05-25 09:54:30.166,22.6875
2026-05-25 09:54:36.071,22.75
2026-05-25 09:54:41.974,22.75
2026-05-25 09:54:47.880,22.75
2026-05-25 09:54:53.786,22.75
2026-05-25 09:54:59.691,22.75
2026-05-25 09:55:05.598,22.75
2026-05-25 09:55:11.502,22.75
2026-05-25 09:55:17.405,22.75
2026-05-25 09:55:23.311,22.75
2026-05-25 09:55:29.218,22.6875
2026-05-25 09:55:35.122,22.75
2026-05-25 09:55:41.025,22.75
2026-05-25 09:55:46.929,22.6875
2026-05-25 09:55:52.833,22.75
2026-05-25 09:55:58.737,22.75
2026-05-25 09:56:04.643,22.75
2026-05-25 09:56:10.549,22.75
2026-05-25 09:56:16.455,22.75
2026-05-25 09:56:22.361,22.6875
2026-05-25 09:56:28.267,22.75
2026-05-25 09:56:34.171,22.75
2026-05-25 09:56:40.075,22.75
2026-05-25 09:56:45.978,22.75
2026-05-25 09:56:51.882,22.75
2026-05-25 09:56:57.787,22.75
2026-05-25 09:57:03.690,22.75
2026-05-25 09:57:09.596,22.6875
2026-05-25 09:57:15.500,22.6875
2026-05-25 09:57:21.403,22.75
2026-05-25 09:57:27.308,22.75
2026-05-25 09:57:33.212,22.75
2026-05-25 09:57:39.118,22.75
2026-05-25 09:57:45.021,22.6875
2026-05-25 09:57:50.927,22.75
2026-05-25 09:57:56.834,22.75
2026-05-25 09:58:02.738,22.75
2026-05-25 09:58:08.641,22.75
2026-05-25 09:58:14.547,22.75
2026-05-25 09:58:20.453,22.75
2026-05-25 09:58:26.360,22.75
2026-05-25 09:58:32.266,22.6875
2026-05-25 09:58:38.169,22.6875
2026-05-25 09:58:44.073,22.75
2026-05-25 09:58:49.978,22.6875
2026-05-25 09:58:55.881,22.6875
2026-05-25 09:59:01.785,22.75
2026-05-25 09:59:07.689,22.75
2026-05-25 09:59:13.592,22.6875
2026-05-25 09:59:19.497,22.6875
2026-05-25 09:59:25.401,22.75
2026-05-25 09:59:31.304,22.75
2026-05-25 09:59:37.210,22.6875
2026-05-25 09:59:43.116,22.75
2026-05-25 09:59:49.021,22.75
2026-05-25 09:59:54.926,22.75
2026-05-25 10:00:00.832,22.75
2026-05-25 10:00:06.738,22.6875
2026-05-25 10:00:12.644,22.75
2026-05-25 10:00:18.551,22.75
2026-05-25 10:00:24.457,22.6875
2026-05-25 10:00:30.363,22.75
2026-05-25 10:00:36.269,22.75
2026-05-25 10:00:42.175,22.75
2026-05-25 10:00:48.081,22.75
2026-05-25 10:00:53.985,22.75
2026-05-25 10:00:59.888,22.75
2026-05-25 10:01:05.792,22.6875
2026-05-25 10:01:11.696,22.75
2026-05-25 10:01:17.600,22.75
2026-05-25 10:01:23.504,22.75
2026-05-25 10:01:29.408,22.75
2026-05-25 10:01:35.314,22.75
2026-05-25 10:01:41.220,22.75
2026-05-25 10:01:47.126,22.6875
2026-05-25 10:01:53.030,22.6875
2026-05-25 10:01:58.934,22.6875
2026-05-25 10:02:04.838,22.75
2026-05-25 10:02:10.742,22.6875
2026-05-25 10:02:16.648,22.6875
2026-05-25 10:02:22.551,22.75
2026-05-25 10:02:28.455,22.75
2026-05-25 10:02:34.359,22.6875
2026-05-25 10:02:40.263,22.75
2026-05-25 10:02:46.169,22.75
2026-05-25 10:02:52.075,22.75
2026-05-25 10:02:57.981,22.75
2026-05-25 10:03:03.884,22.75
2026-05-25 10:03:09.789,22.75
2026-05-25 10:03:15.693,22.6875
2026-05-25 10:03:21.599,22.75
2026-05-25 10:03:27.505,22.75
2026-05-25 10:03:33.410,22.75
2026-05-25 10:03:39.317,22.6875
2026-05-25 10:03:45.221,22.75
2026-05-25 10:03:51.126,22.75
2026-05-25 10:03:57.030,22.75
2026-05-25 10:04:02.934,22.75
2026-05-25 10:04:08.840,22.6875
2026-05-25 10:04:14.746,22.75
2026-05-25 10:04:20.652,22.75
2026-05-25 10:04:26.555,22.75
2026-05-25 10:04:32.462,22.75
2026-05-25 10:04:38.366,22.6875
2026-05-25 10:04:44.272,22.6875
2026-05-25 10:04:50.178,22.75
2026-05-25 10:04:56.081,22.6875
2026-05-25 10:05:01.986,22.6875
2026-05-25 10:05:07.891,22.75
2026-05-25 10:05:13.797,22.75
2026-05-25 10:05:19.703,22.6875
2026-05-25 10:05:25.607,22.6875
2026-05-25 10:05:31.513,22.75
2026-05-25 10:05:37.419,22.6875
2026-05-25 10:05:43.325,22.75
2026-05-25 10:05:49.231,22.75
2026-05-25 10:05:55.135,22.75
2026-05-25 10:06:01.039,22.75
2026-05-25 10:06:06.943,22.6875
2026-05-25 10:06:12.848,22.75
2026-05-25 10:06:18.752,22.75
2026-05-25 10:06:24.656,22.75
2026-05-25 10:06:30.560,22.75
2026-05-25 10:06:36.466,22.75
2026-05-25 10:06:42.372,22.6875
2026-05-25 10:06:48.276,22.75
2026-05-25 10:06:54.181,22.75
2026-05-25 10:07:00.086,22.75
2026-05-25 10:07:05.989,22.75
2026-05-25 10:07:11.893,22.75
2026-05-25 10:07:17.797,22.75
2026-05-25 10:07:23.701,22.75
2026-05-25 10:07:29.608,22.75
2026-05-25 10:07:35.513,22.75
2026-05-25 10:07:41.419,22.75
2026-05-25 10:07:47.323,22.75
2026-05-25 10:07:53.227,22.75
2026-05-25 10:07:59.133,22.75
2026-05-25 10:08:05.039,22.75
2026-05-25 10:08:10.945,22.6875
2026-05-25 10:08:16.848,22.75
2026-05-25 10:08:22.753,22.75
2026-05-25 10:08:28.657,22.75
2026-05-25 10:08:34.560,22.75
2026-05-25 10:08:40.464,22.75
2026-05-25 10:08:46.370,22.75
2026-05-25 10:08:52.277,22.75
2026-05-25 10:08:58.180,22.75
2026-05-25 10:09:04.086,22.75
2026-05-25 10:09:09.990,22.75
2026-05-25 10:09:15.896,22.75
2026-05-25 10:09:21.801,22.75
2026-05-25 10:09:27.707,22.75
2026-05-25 10:09:33.610,22.75
2026-05-25 10:09:39.516,22.75
2026-05-25 10:09:45.422,22.75
2026-05-25 10:09:51.326,22.75
2026-05-25 10:09:57.232,22.75
2026-05-25 10:10:03.138,22.75
2026-05-25 10:10:09.044,22.75
2026-05-25 10:10:14.951,22.6875
2026-05-25 10:10:20.854,22.75
2026-05-25 10:10:26.758,22.75
2026-05-25 10:10:32.664,22.75
2026-05-25 10:10:38.570,22.75
2026-05-25 10:10:44.477,22.75
2026-05-25 10:10:50.380,22.75
2026-05-25 10:10:56.286,22.75
2026-05-25 10:11:02.191,22.6875
2026-05-25 10:11:08.095,22.75
2026-05-25 10:11:14.002,22.75
2026-05-25 10:11:19.908,22.75
2026-05-25 10:11:25.814,22.75
2026-05-25 10:11:31.720,22.75
2026-05-25 10:11:37.625,22.75
2026-05-25 10:11:43.532,22.75
2026-05-25 10:11:49.436,22.75
2026-05-25 10:11:55.339,22.75
2026-05-25 10:12:01.243,22.75
2026-05-25 10:12:07.149,22.75
2026-05-25 10:12:13.053,22.75
2026-05-25 10:12:18.957,22.75
2026-05-25 10:12:24.861,22.75
2026-05-25 10:12:30.764,22.75
2026-05-25 10:12:36.670,22.75
2026-05-25 10:12:42.577,22.75
2026-05-25 10:12:48.483,22.75
2026-05-25 10:12:54.387,22.75
2026-05-25 10:13:00.290,22.75
2026-05-25 10:13:06.194,22.75
2026-05-25 10:13:12.099,22.75
2026-05-25 10:13:18.002,22.75
2026-05-25 10:13:23.908,22.75
2026-05-25 10:13:29.814,22.75
2026-05-25 10:13:35.721,22.75
2026-05-25 10:13:41.625,22.75
2026-05-25 10:13:47.530,22.75
2026-05-25 10:13:53.436,22.75
2026-05-25 10:13:59.340,22.75
2026-05-25 10:14:05.245,22.75
2026-05-25 10:14:11.149,22.75
2026-05-25 10:14:17.052,22.75
2026-05-25 10:14:22.956,22.75
2026-05-25 10:14:28.862,22.75
2026-05-25 10:14:34.767,22.75
2026-05-25 10:14:40.672,22.75
2026-05-25 10:14:46.578,22.75
2026-05-25 10:14:52.484,22.75
2026-05-25 10:14:58.390,22.75
2026-05-25 10:15:04.297,22.75
2026-05-25 10:15:10.200,22.75
2026-05-25 10:15:16.104,22.75
2026-05-25 10:15:22.008,22.75
2026-05-25 10:15:27.911,22.75
2026-05-25 10:15:33.816,22.75
2026-05-25 10:15:39.720,22.75
2026-05-25 10:15:45.623,22.75
2026-05-25 10:15:51.527,22.75
2026-05-25 10:15:57.431,22.75
2026-05-25 10:16:03.335,22.75
2026-05-25 10:16:09.239,22.75
2026-05-25 10:16:15.143,22.75
2026-05-25 10:16:21.048,22.75
2026-05-25 10:16:26.955,22.75
2026-05-25 10:16:32.861,22.75
2026-05-25 10:16:38.767,22.75
2026-05-25 10:16:44.670,22.75
2026-05-25 10:16:50.574,22.75
2026-05-25 10:16:56.481,22.75
2026-05-25 10:17:02.387,22.75
2026-05-25 10:17:08.292,22.75
2026-05-25 10:17:14.198,22.75
2026-05-25 10:17:20.102,22.75
2026-05-25 10:17:26.009,22.75
2026-05-25 10:17:31.915,22.75
2026-05-25 10:17:37.818,22.75
2026-05-25 10:17:43.722,22.75
2026-05-25 10:17:49.625,22.75
2026-05-25 10:17:55.532,22.75
2026-05-25 10:18:01.438,22.75
2026-05-25 10:18:07.344,22.75
2026-05-25 10:18:13.249,22.75
2026-05-25 10:18:19.153,22.75
2026-05-25 10:18:25.058,22.75
2026-05-25 10:18:30.962,22.75
2026-05-25 10:18:36.865,22.6875
2026-05-25 10:18:42.769,22.75
2026-05-25 10:18:48.672,22.75
2026-05-25 10:18:54.579,22.75
2026-05-25 10:19:00.483,22.75
2026-05-25 10:19:06.389,22.6875
2026-05-25 10:19:12.292,22.75
2026-05-25 10:19:18.197,22.75
2026-05-25 10:19:24.103,22.75
2026-05-25 10:19:30.009,22.75
2026-05-25 10:19:35.915,22.75
2026-05-25 10:19:41.821,22.6875
2026-05-25 10:19:47.727,22.75
2026-05-25 10:19:53.630,22.75
2026-05-25 10:19:59.534,22.75
2026-05-25 10:20:05.438,22.75
2026-05-25 10:20:11.341,22.75
2026-05-25 10:20:17.248,22.75
2026-05-25 10:20:23.151,22.75
2026-05-25 10:20:29.058,22.75
2026-05-25 10:20:34.961,22.75
2026-05-25 10:20:40.867,22.75
2026-05-25 10:20:46.774,22.75
2026-05-25 10:20:52.677,22.75
2026-05-25 10:20:58.581,22.75
2026-05-25 10:21:04.485,22.75
2026-05-25 10:21:10.391,22.75
2026-05-25 10:21:16.295,22.75
2026-05-25 10:21:22.199,22.75
2026-05-25 10:21:28.102,22.75
2026-05-25 10:21:34.006,22.75
2026-05-25 10:21:39.910,22.75
2026-05-25 10:21:45.815,22.6875
2026-05-25 10:21:51.718,22.8125
2026-05-25 10:21:57.624,22.75
2026-05-25 10:22:03.530,22.75
2026-05-25 10:22:09.437,22.75
2026-05-25 10:22:15.340,22.75
2026-05-25 10:22:21.244,22.75
2026-05-25 10:22:27.148,22.75
2026-05-25 10:22:33.051,22.75
2026-05-25 10:22:38.956,22.75
2026-05-25 10:22:44.862,22.8125
2026-05-25 10:22:50.768,22.75
2026-05-25 10:22:56.673,22.75
2026-05-25 10:23:02.579,22.75
2026-05-25 10:23:08.485,22.75
2026-05-25 10:23:14.392,22.75
2026-05-25 10:23:20.295,22.75
2026-05-25 10:23:26.199,22.75
2026-05-25 10:23:32.103,22.75
2026-05-25 10:23:38.007,22.75
2026-05-25 10:23:43.913,22.8125
2026-05-25 10:23:49.819,22.75
2026-05-25 10:23:55.725,22.75
2026-05-25 10:24:01.631,22.75
2026-05-25 10:24:07.535,22.75
2026-05-25 10:24:13.439,22.75
2026-05-25 10:24:19.342,22.75
2026-05-25 10:24:25.246,22.75
2026-05-25 10:24:31.150,22.75
2026-05-25 10:24:37.055,22.75
2026-05-25 10:24:42.958,22.75
2026-05-25 10:24:48.864,22.75
2026-05-25 10:24:54.770,22.75
2026-05-25 10:25:00.677,22.75
2026-05-25 10:25:06.583,22.75
2026-05-25 10:25:12.488,22.6875
2026-05-25 10:25:18.394,22.75
2026-05-25 10:25:24.298,22.75
2026-05-25 10:25:30.202,22.75
2026-05-25 10:25:36.106,22.75
2026-05-25 10:25:42.010,22.6875
2026-05-25 10:25:47.913,22.75
2026-05-25 10:25:53.817,22.75
2026-05-25 10:25:59.724,22.6875
2026-05-25 10:26:05.630,22.75
2026-05-25 10:26:11.533,22.75
2026-05-25 10:26:17.439,22.75
2026-05-25 10:26:23.345,22.75
2026-05-25 10:26:29.252,22.75
2026-05-25 10:26:35.155,22.75
2026-05-25 10:26:41.059,22.75
2026-05-25 10:26:46.963,22.75
2026-05-25 10:26:52.866,22.75
2026-05-25 10:26:58.771,22.75
2026-05-25 10:27:04.677,22.75
2026-05-25 10:27:10.583,22.75
2026-05-25 10:27:16.488,22.75
2026-05-25 10:27:22.394,22.75
2026-05-25 10:27:28.301,22.75
2026-05-25 10:27:34.207,22.75
2026-05-25 10:27:40.110,22.75
2026-05-25 10:27:46.014,22.75
2026-05-25 10:27:51.918,22.75
2026-05-25 10:27:57.823,22.75
2026-05-25 10:28:03.726,22.75
2026-05-25 10:28:09.630,22.75
2026-05-25 10:28:15.535,22.75
2026-05-25 10:28:21.440,22.75
2026-05-25 10:28:27.344,22.75
2026-05-25 10:28:33.247,22.75
2026-05-25 10:28:39.151,22.75
2026-05-25 10:28:45.057,22.75
2026-05-25 10:28:50.963,22.75
2026-05-25 10:28:56.867,22.75
2026-05-25 10:29:02.773,22.75
2026-05-25 10:29:08.679,22.75
2026-05-25 10:29:14.585,22.75
2026-05-25 10:29:20.489,22.75
2026-05-25 10:29:26.393,22.6875
2026-05-25 10:29:32.297,22.75
2026-05-25 10:29:38.200,22.75
2026-05-25 10:29:44.104,22.75
2026-05-25 10:29:50.011,22.75
2026-05-25 10:29:55.914,22.75
2026-05-25 10:30:01.818,22.75
2026-05-25 10:30:07.721,22.75
2026-05-25 10:30:13.627,22.75
2026-05-25 10:30:19.534,22.75
2026-05-25 10:30:25.440,22.75
2026-05-25 10:30:31.346,22.6875
2026-05-25 10:30:37.249,22.75
2026-05-25 10:30:43.153,22.6875
2026-05-25 10:30:49.058,22.75
2026-05-25 10:30:54.961,22.6875
2026-05-25 10:31:00.865,22.75
2026-05-25 10:31:06.769,22.75
2026-05-25 10:31:12.676,22.75
2026-05-25 10:31:18.581,22.75
2026-05-25 10:31:24.487,22.75
2026-05-25 10:31:30.393,22.6875
2026-05-25 10:31:36.299,22.6875
2026-05-25 10:31:42.206,22.75
2026-05-25 10:31:48.112,22.6875
2026-05-25 10:31:54.018,22.75
2026-05-25 10:31:59.921,22.6875
2026-05-25 10:32:05.825,22.75
2026-05-25 10:32:11.729,22.75
2026-05-25 10:32:17.633,22.75
2026-05-25 10:32:23.539,22.75
2026-05-25 10:32:29.445,22.75
2026-05-25 10:32:35.348,22.8125
2026-05-25 10:32:41.253,22.75
2026-05-25 10:32:47.157,22.75
2026-05-25 10:32:53.063,22.75
2026-05-25 10:32:58.968,22.75
2026-05-25 10:33:04.872,22.75
2026-05-25 10:33:10.779,22.75
2026-05-25 10:33:16.683,22.75
2026-05-25 10:33:22.586,22.75
2026-05-25 10:33:28.490,22.75
2026-05-25 10:33:34.396,22.75
2026-05-25 10:33:40.303,22.6875
2026-05-25 10:33:46.206,22.75
2026-05-25 10:33:52.112,22.75
2026-05-25 10:33:58.018,22.75
2026-05-25 10:34:03.925,22.75
2026-05-25 10:34:09.829,22.75
2026-05-25 10:34:15.732,22.6875
2026-05-25 10:34:21.636,22.75
2026-05-25 10:34:27.540,22.75
2026-05-25 10:34:33.444,22.75
2026-05-25 10:34:39.350,22.75
2026-05-25 10:34:45.256,22.75
2026-05-25 10:34:51.162,22.75
2026-05-25 10:34:57.068,22.75
2026-05-25 10:35:02.975,22.6875
2026-05-25 10:35:08.878,22.75
2026-05-25 10:35:14.782,22.75
2026-05-25 10:35:20.686,22.75
2026-05-25 10:35:26.590,22.75
2026-05-25 10:35:32.496,22.75
2026-05-25 10:35:38.400,22.75
2026-05-25 10:35:44.306,22.75
2026-05-25 10:35:50.209,22.75
2026-05-25 10:35:56.115,22.75
2026-05-25 10:36:02.022,22.75
2026-05-25 10:36:07.926,22.75
2026-05-25 10:36:13.829,22.75
2026-05-25 10:36:19.733,22.75
2026-05-25 10:36:25.637,22.75
2026-05-25 10:36:31.541,22.75
2026-05-25 10:36:37.445,22.75
2026-05-25 10:36:43.351,22.75
2026-05-25 10:36:49.257,22.75
2026-05-25 10:36:55.164,22.75
2026-05-25 10:37:01.070,22.75
2026-05-25 10:37:06.973,22.75
2026-05-25 10:37:12.877,22.75
2026-05-25 10:37:18.781,22.75
2026-05-25 10:37:24.688,22.75
2026-05-25 10:37:30.594,22.75
2026-05-25 10:37:36.500,22.75
2026-05-25 10:37:42.405,22.75
2026-05-25 10:37:48.311,22.75
2026-05-25 10:37:54.218,22.75
2026-05-25 10:38:00.124,22.75
2026-05-25 10:38:06.030,22.75
2026-05-25 10:38:11.933,22.75
2026-05-25 10:38:17.837,22.75
2026-05-25 10:38:23.742,22.75
2026-05-25 10:38:29.645,22.75
2026-05-25 10:38:35.549,22.75
2026-05-25 10:38:41.455,22.75
2026-05-25 10:38:47.361,22.75
2026-05-25 10:38:53.268,22.75
2026-05-25 10:38:59.171,22.75
2026-05-25 10:39:05.077,22.75
2026-05-25 10:39:10.983,22.75
2026-05-25 10:39:16.887,22.75
2026-05-25 10:39:22.791,22.75
2026-05-25 10:39:28.695,22.75
2026-05-25 10:39:34.599,22.75
2026-05-25 10:39:40.503,22.75
2026-05-25 10:39:46.407,22.75
2026-05-25 10:39:52.311,22.6875
2026-05-25 10:39:58.217,22.75
2026-05-25 10:40:04.123,22.75
2026-05-25 10:40:10.029,22.75
2026-05-25 10:40:15.933,22.6875
2026-05-25 10:40:21.839,22.75
2026-05-25 10:40:27.745,22.6875
2026-05-25 10:40:33.649,22.75
2026-05-25 10:40:39.552,22.75
2026-05-25 10:40:45.457,22.75
2026-05-25 10:40:51.360,22.75
2026-05-25 10:40:57.266,22.75
2026-05-25 10:41:03.172,22.75
2026-05-25 10:41:09.078,22.75
2026-05-25 10:41:14.985,22.75
2026-05-25 10:41:20.890,22.75
2026-05-25 10:41:26.794,22.75
2026-05-25 10:41:32.698,22.75
2026-05-25 10:41:38.603,22.75
2026-05-25 10:41:44.510,22.75
2026-05-25 10:41:50.416,22.75
2026-05-25 10:41:56.320,22.75
2026-05-25 10:42:02.224,22.75
2026-05-25 10:42:08.129,22.75
2026-05-25 10:42:14.034,22.6875
2026-05-25 10:42:19.938,22.6875
2026-05-25 10:42:25.841,22.75
2026-05-25 10:42:31.745,22.75
2026-05-25 10:42:37.649,22.75
2026-05-25 10:42:43.554,22.75
2026-05-25 10:42:49.459,22.75
2026-05-25 10:42:55.365,22.75
2026-05-25 10:43:01.271,22.6875
2026-05-25 10:43:07.178,22.75
2026-05-25 10:43:13.081,22.75
2026-05-25 10:43:18.985,22.75
2026-05-25 10:43:24.889,22.75
2026-05-25 10:43:30.792,22.75
2026-05-25 10:43:36.699,22.75
2026-05-25 10:43:42.605,22.75
2026-05-25 10:43:48.511,22.75
2026-05-25 10:43:54.415,22.75
2026-05-25 10:44:00.321,22.75
2026-05-25 10:44:06.227,22.75
2026-05-25 10:44:12.133,22.75
2026-05-25 10:44:18.037,22.75
2026-05-25 10:44:23.940,22.75
2026-05-25 10:44:29.844,22.75
2026-05-25 10:44:35.750,22.6875
2026-05-25 10:44:41.656,22.75
2026-05-25 10:44:47.562,22.6875
2026-05-25 10:44:53.465,22.75
2026-05-25 10:44:59.369,22.75
2026-05-25 10:45:05.274,22.75
2026-05-25 10:45:11.180,22.75
2026-05-25 10:45:17.083,22.75
2026-05-25 10:45:22.989,22.75
2026-05-25 10:45:28.895,22.75
2026-05-25 10:45:34.799,22.75
2026-05-25 10:45:40.703,22.75
2026-05-25 10:45:46.607,22.75
2026-05-25 10:45:52.510,22.75
2026-05-25 10:45:58.415,22.75
2026-05-25 10:46:04.319,22.75
2026-05-25 10:46:10.222,22.75
2026-05-25 10:46:16.128,22.75
2026-05-25 10:46:22.034,22.75
2026-05-25 10:46:27.941,22.75
2026-05-25 10:46:33.847,22.75
2026-05-25 10:46:39.753,22.75
2026-05-25 10:46:45.658,22.75
2026-05-25 10:46:51.564,22.75
2026-05-25 10:46:57.470,22.75
2026-05-25 10:47:03.376,22.75
2026-05-25 10:47:09.282,22.75
2026-05-25 10:47:15.188,22.75
2026-05-25 10:47:21.092,22.75
2026-05-25 10:47:26.996,22.75
2026-05-25 10:47:32.902,22.75
2026-05-25 10:47:38.808,22.8125
2026-05-25 10:47:44.712,22.75
2026-05-25 10:47:50.616,22.75
2026-05-25 10:47:56.520,22.75
2026-05-25 10:48:02.424,22.75
2026-05-25 10:48:08.328,22.8125
2026-05-25 10:48:14.233,22.75
2026-05-25 10:48:20.139,22.75
2026-05-25 10:48:26.044,22.75
2026-05-25 10:48:31.950,22.75
2026-05-25 10:48:37.853,22.75
2026-05-25 10:48:43.757,22.75
2026-05-25 10:48:49.662,22.8125
2026-05-25 10:48:55.565,22.75
2026-05-25 10:49:01.469,22.75
2026-05-25 10:49:07.375,22.75
2026-05-25 10:49:13.280,22.8125
2026-05-25 10:49:19.185,22.75
2026-05-25 10:49:25.091,22.75
2026-05-25 10:49:30.995,22.8125
2026-05-25 10:49:36.898,22.75
2026-05-25 10:49:42.802,22.75
2026-05-25 10:49:48.707,22.75
2026-05-25 10:49:54.612,22.75
2026-05-25 10:50:00.516,22.75
2026-05-25 10:50:06.422,22.75
2026-05-25 10:50:12.328,22.75
2026-05-25 10:50:18.235,22.75
2026-05-25 10:50:24.140,22.8125
2026-05-25 10:50:30.046,22.75
2026-05-25 10:50:35.952,22.75
2026-05-25 10:50:41.858,22.75
2026-05-25 10:50:47.762,22.75
2026-05-25 10:50:53.666,22.75
2026-05-25 10:50:59.574,22.75
2026-05-25 10:51:05.480,22.75
2026-05-25 10:51:11.384,22.75
2026-05-25 10:51:17.290,22.75
2026-05-25 10:51:23.194,22.75
2026-05-25 10:51:29.097,22.75
2026-05-25 10:51:35.001,22.75
2026-05-25 10:51:40.906,22.75
2026-05-25 10:51:46.809,22.75
2026-05-25 10:51:52.713,22.75
2026-05-25 10:51:58.617,22.75
2026-05-25 10:52:04.523,22.75
2026-05-25 10:52:10.429,22.75
2026-05-25 10:52:16.333,22.75
2026-05-25 10:52:22.236,22.75
2026-05-25 10:52:28.140,22.75
2026-05-25 10:52:34.044,22.75
2026-05-25 10:52:39.948,22.75
2026-05-25 10:52:45.852,22.8125
2026-05-25 10:52:51.756,22.75
2026-05-25 10:52:57.659,22.75
2026-05-25 10:53:03.563,22.75
2026-05-25 10:53:09.468,22.75
2026-05-25 10:53:15.374,22.75
2026-05-25 10:53:21.277,22.75
2026-05-25 10:53:27.181,22.75
2026-05-25 10:53:33.087,22.75
2026-05-25 10:53:38.994,22.75
2026-05-25 10:53:44.900,22.75
2026-05-25 10:53:50.806,22.75
2026-05-25 10:53:56.711,22.75
2026-05-25 10:54:02.615,22.75
2026-05-25 10:54:08.519,22.75
2026-05-25 10:54:14.423,22.75
2026-05-25 10:54:20.327,22.75
2026-05-25 10:54:26.230,22.8125
2026-05-25 10:54:32.137,22.75
2026-05-25 10:54:38.042,22.75
2026-05-25 10:54:43.948,22.75
2026-05-25 10:54:49.854,22.75
2026-05-25 10:54:55.758,22.75
2026-05-25 10:55:01.665,22.75
2026-05-25 10:55:07.571,22.75
2026-05-25 10:55:13.474,22.75
2026-05-25 10:55:19.380,22.75
2026-05-25 10:55:25.284,22.75
2026-05-25 10:55:31.189,22.75
2026-05-25 10:55:37.094,22.75
2026-05-25 10:55:42.998,22.75
2026-05-25 10:55:48.902,22.6875
2026-05-25 10:55:54.805,22.8125
2026-05-25 10:56:00.712,22.75
2026-05-25 10:56:06.618,22.75
2026-05-25 10:56:12.522,22.6875
2026-05-25 10:56:18.427,22.75
2026-05-25 10:56:24.333,22.75
2026-05-25 10:56:30.238,22.75
2026-05-25 10:56:36.141,22.75
2026-05-25 10:56:42.049,22.6875
2026-05-25 10:56:47.955,22.75
2026-05-25 10:56:53.859,22.6875
2026-05-25 10:56:59.763,22.75
2026-05-25 10:57:05.669,22.75
2026-05-25 10:57:11.575,22.8125
2026-05-25 10:57:17.481,22.75
2026-05-25 10:57:23.386,22.75
2026-05-25 10:57:29.291,22.75
2026-05-25 10:57:35.194,22.75
2026-05-25 10:57:41.100,22.6875
2026-05-25 10:57:47.004,22.75
2026-05-25 10:57:52.909,22.75
2026-05-25 10:57:58.812,22.75
2026-05-25 10:58:04.718,22.75
2026-05-25 10:58:10.624,22.75
2026-05-25 10:58:16.530,22.75
2026-05-25 10:58:22.437,22.75
2026-05-25 10:58:28.343,22.75
2026-05-25 10:58:34.246,22.75
2026-05-25 10:58:40.150,22.75
2026-05-25 10:58:46.056,22.75
2026-05-25 10:58:51.963,22.75
2026-05-25 10:58:57.866,22.75
2026-05-25 10:59:03.772,22.75
2026-05-25 10:59:09.675,22.75
2026-05-25 10:59:15.579,22.8125
2026-05-25 10:59:21.486,22.75
2026-05-25 10:59:27.392,22.75
2026-05-25 10:59:33.297,22.75
2026-05-25 10:59:39.203,22.75
2026-05-25 10:59:45.107,22.8125
2026-05-25 10:59:51.011,22.75
2026-05-25 10:59:56.915,22.75
2026-05-25 11:00:02.818,22.75
2026-05-25 11:00:08.722,22.75
2026-05-25 11:00:14.628,22.75
2026-05-25 11:00:20.535,22.75
2026-05-25 11:00:26.440,22.75
2026-05-25 11:00:32.344,22.75
2026-05-25 11:00:38.248,22.75
2026-05-25 11:00:44.152,22.75
2026-05-25 11:00:50.056,22.75
2026-05-25 11:00:55.960,22.75
2026-05-25 11:01:01.867,22.75
2026-05-25 11:01:07.773,22.75
2026-05-25 11:01:13.680,22.75
2026-05-25 11:01:19.584,22.8125
2026-05-25 11:01:25.487,22.75
2026-05-25 11:01:31.391,22.75
2026-05-25 11:01:37.296,22.75
2026-05-25 11:01:43.205,22.75
2026-05-25 11:01:49.110,22.8125
2026-05-25 11:01:55.016,22.75
2026-05-25 11:02:00.922,22.75
2026-05-25 11:02:06.825,22.75
2026-05-25 11:02:12.730,22.75
2026-05-25 11:02:18.634,22.75
2026-05-25 11:02:24.537,22.75
2026-05-25 11:02:30.441,22.75
2026-05-25 11:02:36.345,22.75
2026-05-25 11:02:42.252,22.75
2026-05-25 11:02:48.157,22.75
2026-05-25 11:02:54.063,22.75
2026-05-25 11:02:59.969,22.75
2026-05-25 11:03:05.875,22.75
2026-05-25 11:03:11.780,22.75
2026-05-25 11:03:17.683,22.75
2026-05-25 11:03:23.587,22.75
2026-05-25 11:03:29.490,22.75
2026-05-25 11:03:35.397,22.75
2026-05-25 11:03:41.303,22.75
2026-05-25 11:03:47.207,22.8125
2026-05-25 11:03:53.110,22.75
2026-05-25 11:03:59.014,22.75
2026-05-25 11:04:04.919,22.75
2026-05-25 11:04:10.825,22.75
2026-05-25 11:04:16.730,22.75
2026-05-25 11:04:22.634,22.8125
2026-05-25 11:04:28.537,22.75
2026-05-25 11:04:34.442,22.75
2026-05-25 11:04:40.346,22.75
2026-05-25 11:04:46.250,22.75
2026-05-25 11:04:52.153,22.75
2026-05-25 11:04:58.057,22.75
2026-05-25 11:05:03.961,22.75
2026-05-25 11:05:09.865,22.75
2026-05-25 11:05:15.769,22.75
2026-05-25 11:05:21.672,22.75
2026-05-25 11:05:27.578,22.75
2026-05-25 11:05:33.485,22.75
2026-05-25 11:05:39.390,22.75
2026-05-25 11:05:45.298,22.75
2026-05-25 11:05:51.202,22.8125
2026-05-25 11:05:57.105,22.75
2026-05-25 11:06:03.010,22.75
2026-05-25 11:06:08.913,22.75
2026-05-25 11:06:14.819,22.75
2026-05-25 11:06:20.723,22.6875
2026-05-25 11:06:26.627,22.75
2026-05-25 11:06:32.531,22.6875
2026-05-25 11:06:38.436,22.75
2026-05-25 11:06:44.342,22.75
2026-05-25 11:06:50.246,22.75
2026-05-25 11:06:56.153,22.75
2026-05-25 11:07:02.056,22.75
2026-05-25 11:07:07.962,22.75
2026-05-25 11:07:13.868,22.75
2026-05-25 11:07:19.772,22.6875
2026-05-25 11:07:25.679,22.75
2026-05-25 11:07:31.582,22.75
2026-05-25 11:07:37.486,22.75
2026-05-25 11:07:43.389,22.75
2026-05-25 11:07:49.293,22.75
2026-05-25 11:07:55.200,22.75
2026-05-25 11:08:01.106,22.75
2026-05-25 11:08:07.009,22.75
2026-05-25 11:08:12.913,22.75
2026-05-25 11:08:18.816,22.75
2026-05-25 11:08:24.721,22.75
2026-05-25 11:08:30.625,22.75
2026-05-25 11:08:36.528,22.75
2026-05-25 11:08:42.432,22.6875
2026-05-25 11:08:48.337,22.75
2026-05-25 11:08:54.242,22.75
2026-05-25 11:09:00.148,22.6875
2026-05-25 11:09:06.054,22.6875
2026-05-25 11:09:11.960,22.75
2026-05-25 11:09:17.866,22.75
2026-05-25 11:09:23.770,22.75
2026-05-25 11:09:29.674,22.75
2026-05-25 11:09:35.577,22.6875
2026-05-25 11:09:41.483,22.75
2026-05-25 11:09:47.391,22.75
2026-05-25 11:09:53.295,22.75
2026-05-25 11:09:59.199,22.6875
2026-05-25 11:10:05.104,22.6875
2026-05-25 11:10:11.010,22.75
2026-05-25 11:10:16.917,22.75
2026-05-25 11:10:22.822,22.75
2026-05-25 11:10:28.726,22.75
2026-05-25 11:10:34.629,22.75
2026-05-25 11:10:40.533,22.75
2026-05-25 11:10:46.438,22.75
2026-05-25 11:10:52.341,22.75
2026-05-25 11:10:58.245,22.75
2026-05-25 11:11:04.149,22.6875
2026-05-25 11:11:10.054,22.75
2026-05-25 11:11:15.961,22.75
2026-05-25 11:11:21.864,22.75
2026-05-25 11:11:27.768,22.75
2026-05-25 11:11:33.672,22.75
2026-05-25 11:11:39.575,22.75
2026-05-25 11:11:45.480,22.75
2026-05-25 11:11:51.384,22.6875
2026-05-25 11:11:57.289,22.75
2026-05-25 11:12:03.193,22.75
2026-05-25 11:12:09.099,22.75
2026-05-25 11:12:15.006,22.75
2026-05-25 11:12:20.912,22.75
2026-05-25 11:12:26.817,22.75
2026-05-25 11:12:32.720,22.75
2026-05-25 11:12:38.625,22.75
2026-05-25 11:12:44.529,22.75
2026-05-25 11:12:50.432,22.75
2026-05-25 11:12:56.338,22.75
2026-05-25 11:13:02.244,22.75
2026-05-25 11:13:08.149,22.75
2026-05-25 11:13:14.052,22.75
2026-05-25 11:13:19.956,22.75
2026-05-25 11:13:25.860,22.75
2026-05-25 11:13:31.764,22.75
2026-05-25 11:13:37.668,22.75
2026-05-25 11:13:43.572,22.75
2026-05-25 11:13:49.476,22.75
2026-05-25 11:13:55.379,22.75
2026-05-25 11:14:01.285,22.75
2026-05-25 11:14:07.190,22.75
2026-05-25 11:14:13.095,22.75
2026-05-25 11:14:18.999,22.75
2026-05-25 11:14:24.906,22.75
2026-05-25 11:14:30.812,22.75
2026-05-25 11:14:36.719,22.75
2026-05-25 11:14:42.625,22.6875
2026-05-25 11:14:48.530,22.75
2026-05-25 11:14:54.434,22.75
2026-05-25 11:15:00.338,22.75
2026-05-25 11:15:06.245,22.75
2026-05-25 11:15:12.150,22.75
2026-05-25 11:15:18.056,22.75
2026-05-25 11:15:23.961,22.75
2026-05-25 11:15:29.867,22.75
2026-05-25 11:15:35.771,22.75
2026-05-25 11:15:41.675,22.75
2026-05-25 11:15:47.579,22.75
2026-05-25 11:15:53.484,22.75
2026-05-25 11:15:59.391,22.75
2026-05-25 11:16:05.297,22.75
2026-05-25 11:16:11.203,22.75
2026-05-25 11:16:17.109,22.75
2026-05-25 11:16:23.015,22.75
2026-05-25 11:16:28.919,22.75
2026-05-25 11:16:34.823,22.75
2026-05-25 11:16:40.726,22.75
2026-05-25 11:16:46.630,22.75
2026-05-25 11:16:52.534,22.75
2026-05-25 11:16:58.438,22.75
2026-05-25 11:17:04.342,22.75
2026-05-25 11:17:10.248,22.75
2026-05-25 11:17:16.154,22.6875
2026-05-25 11:17:22.060,22.6875
2026-05-25 11:17:27.967,22.75
2026-05-25 11:17:33.870,22.75
2026-05-25 11:17:39.774,22.75
2026-05-25 11:17:45.678,22.75
2026-05-25 11:17:51.581,22.6875
2026-05-25 11:17:57.488,22.75
2026-05-25 11:18:03.394,22.75
2026-05-25 11:18:09.300,22.6875
2026-05-25 11:18:15.203,22.75
2026-05-25 11:18:21.108,22.75
2026-05-25 11:18:27.012,22.75
2026-05-25 11:18:32.915,22.6875
2026-05-25 11:18:38.819,22.75
2026-05-25 11:18:44.722,22.75
2026-05-25 11:18:50.627,22.75
2026-05-25 11:18:56.531,22.75
2026-05-25 11:19:02.435,22.75
2026-05-25 11:19:08.338,22.75
2026-05-25 11:19:14.244,22.6875
2026-05-25 11:19:20.151,22.75
2026-05-25 11:19:26.055,22.75
2026-05-25 11:19:31.958,22.75
2026-05-25 11:19:37.862,22.75
2026-05-25 11:19:43.766,22.6875
2026-05-25 11:19:49.670,22.6875
2026-05-25 11:19:55.574,22.75
2026-05-25 11:20:01.480,22.75
2026-05-25 11:20:07.386,22.75
2026-05-25 11:20:13.292,22.75
2026-05-25 11:20:19.199,22.6875
2026-05-25 11:20:25.105,22.6875
2026-05-25 11:20:31.010,22.75
2026-05-25 11:20:36.915,22.6875
2026-05-25 11:20:42.819,22.75
2026-05-25 11:20:48.724,22.75
2026-05-25 11:20:54.627,22.75
2026-05-25 11:21:00.532,22.6875
2026-05-25 11:21:06.435,22.75
2026-05-25 11:21:12.340,22.6875
2026-05-25 11:21:18.244,22.75
2026-05-25 11:21:24.147,22.75
2026-05-25 11:21:30.051,22.75
2026-05-25 11:21:35.957,22.75
2026-05-25 11:21:41.864,22.75
2026-05-25 11:21:47.769,22.6875
2026-05-25 11:21:53.675,22.75
2026-05-25 11:21:59.581,22.75
2026-05-25 11:22:05.486,22.75
2026-05-25 11:22:11.391,22.75
2026-05-25 11:22:17.295,22.6875
2026-05-25 11:22:23.198,22.75
2026-05-25 11:22:29.104,22.75
2026-05-25 11:22:35.008,22.75
2026-05-25 11:22:40.912,22.75
2026-05-25 11:22:46.816,22.6875
2026-05-25 11:22:52.720,22.75
2026-05-25 11:22:58.623,22.75
2026-05-25 11:23:04.527,22.75
2026-05-25 11:23:10.434,22.75
2026-05-25 11:23:16.340,22.75
2026-05-25 11:23:22.245,22.75
2026-05-25 11:23:28.151,22.75
2026-05-25 11:23:34.054,22.75
2026-05-25 11:23:39.959,22.75
2026-05-25 11:23:45.863,22.75
2026-05-25 11:23:51.766,22.75
2026-05-25 11:23:57.670,22.75
2026-05-25 11:24:03.575,22.75
2026-05-25 11:24:09.478,22.75
2026-05-25 11:24:15.382,22.75
2026-05-25 11:24:21.288,22.6875
2026-05-25 11:24:27.192,22.75
2026-05-25 11:24:33.096,22.75
2026-05-25 11:24:39.000,22.75
2026-05-25 11:24:44.906,22.6875
2026-05-25 11:24:50.812,22.75
2026-05-25 11:24:56.718,22.75
2026-05-25 11:25:02.622,22.75
2026-05-25 11:25:08.526,22.75
2026-05-25 11:25:14.432,22.75
2026-05-25 11:25:20.336,22.75
2026-05-25 11:25:26.239,22.75
2026-05-25 11:25:32.146,22.75
2026-05-25 11:25:38.052,22.75
2026-05-25 11:25:43.955,22.75
2026-05-25 11:25:49.859,22.75
2026-05-25 11:25:55.763,22.75
2026-05-25 11:26:01.669,22.75
2026-05-25 11:26:07.575,22.75
2026-05-25 11:26:13.481,22.75
2026-05-25 11:26:19.389,22.75
2026-05-25 11:26:25.292,22.75
2026-05-25 11:26:31.197,22.75
2026-05-25 11:26:37.101,22.75
2026-05-25 11:26:43.004,22.75
2026-05-25 11:26:48.908,22.75
2026-05-25 11:26:54.814,22.75
2026-05-25 11:27:00.721,22.75
2026-05-25 11:27:06.627,22.75
2026-05-25 11:27:12.532,22.75
2026-05-25 11:27:18.436,22.75
2026-05-25 11:27:24.340,22.75
2026-05-25 11:27:30.244,22.75
2026-05-25 11:27:36.148,22.75
2026-05-25 11:27:42.051,22.75
2026-05-25 11:27:47.955,22.75
2026-05-25 11:27:53.862,22.75
2026-05-25 11:27:59.765,22.75
2026-05-25 11:28:05.669,22.75
2026-05-25 11:28:11.573,22.75
2026-05-25 11:28:17.476,22.75
2026-05-25 11:28:23.383,22.75
2026-05-25 11:28:29.289,22.75
2026-05-25 11:28:35.195,22.75
2026-05-25 11:28:41.101,22.75
2026-05-25 11:28:47.006,22.6875
2026-05-25 11:28:52.911,22.75
2026-05-25 11:28:58.814,22.75
2026-05-25 11:29:04.718,22.75
2026-05-25 11:29:10.624,22.75
2026-05-25 11:29:16.530,22.75
2026-05-25 11:29:22.436,22.6875
2026-05-25 11:29:28.342,22.75
2026-05-25 11:29:34.248,22.75
2026-05-25 11:29:40.151,22.75
2026-05-25 11:29:46.055,22.6875
2026-05-25 11:29:51.960,22.75
2026-05-25 11:29:57.864,22.75
2026-05-25 11:30:03.767,22.75
2026-05-25 11:30:09.671,22.75
2026-05-25 11:30:15.578,22.75
2026-05-25 11:30:21.481,22.75
2026-05-25 11:30:27.385,22.75
2026-05-25 11:30:33.289,22.75
2026-05-25 11:30:39.192,22.75
2026-05-25 11:30:45.099,22.75
2026-05-25 11:30:51.005,22.75
2026-05-25 11:30:56.911,22.75
2026-05-25 11:31:02.814,22.75
2026-05-25 11:31:08.720,22.6875
2026-05-25 11:31:14.627,22.75
2026-05-25 11:31:20.531,22.75
2026-05-25 11:31:26.435,22.75
2026-05-25 11:31:32.338,22.75
2026-05-25 11:31:38.244,22.75
2026-05-25 11:31:44.151,22.6875
2026-05-25 11:31:50.057,22.75
2026-05-25 11:31:55.963,22.75
2026-05-25 11:32:01.866,22.75
2026-05-25 11:32:07.770,22.75
2026-05-25 11:32:13.675,22.75
2026-05-25 11:32:19.579,22.75
2026-05-25 11:32:25.485,22.75
2026-05-25 11:32:31.388,22.75
2026-05-25 11:32:37.292,22.75
2026-05-25 11:32:43.196,22.75
2026-05-25 11:32:49.102,22.6875
2026-05-25 11:32:55.006,22.6875
2026-05-25 11:33:00.910,22.75
2026-05-25 11:33:06.814,22.6875
2026-05-25 11:33:12.720,22.75
2026-05-25 11:33:18.626,22.75
2026-05-25 11:33:24.532,22.75
2026-05-25 11:33:30.438,22.75
2026-05-25 11:33:36.345,22.75
2026-05-25 11:33:42.251,22.8125
2026-05-25 11:33:48.154,22.75
2026-05-25 11:33:54.060,22.6875
2026-05-25 11:33:59.964,22.75
2026-05-25 11:34:05.869,22.75
2026-05-25 11:34:11.772,22.75
2026-05-25 11:34:17.676,22.75
2026-05-25 11:34:23.579,22.75
2026-05-25 11:34:29.483,22.75
2026-05-25 11:34:35.388,22.75
2026-05-25 11:34:41.291,22.75
2026-05-25 11:34:47.195,22.75
2026-05-25 11:34:53.099,22.75
2026-05-25 11:34:59.005,22.6875
2026-05-25 11:35:04.911,22.75
2026-05-25 11:35:10.815,22.75
2026-05-25 11:35:16.719,22.75
2026-05-25 11:35:22.622,22.75
2026-05-25 11:35:28.526,22.75
2026-05-25 11:35:34.431,22.75
2026-05-25 11:35:40.337,22.75
2026-05-25 11:35:46.243,22.75
2026-05-25 11:35:52.149,22.75
2026-05-25 11:35:58.055,22.75
2026-05-25 11:36:03.961,22.8125
2026-05-25 11:36:09.865,22.75
2026-05-25 11:36:15.769,22.75
2026-05-25 11:36:21.672,22.75
2026-05-25 11:36:27.577,22.75
2026-05-25 11:36:33.480,22.75
2026-05-25 11:36:39.386,22.75
2026-05-25 11:36:45.292,22.75
2026-05-25 11:36:51.198,22.75
2026-05-25 11:36:57.103,22.75
2026-05-25 11:37:03.006,22.75
2026-05-25 11:37:08.912,22.75
2026-05-25 11:37:14.818,22.75
2026-05-25 11:37:20.724,22.75
2026-05-25 11:37:26.631,22.75
2026-05-25 11:37:32.537,22.75
2026-05-25 11:37:38.442,22.75
2026-05-25 11:37:44.346,22.75
2026-05-25 11:37:50.250,22.75
2026-05-25 11:37:56.154,22.75
2026-05-25 11:38:02.060,22.75
2026-05-25 11:38:07.966,22.75
2026-05-25 11:38:13.872,22.75
2026-05-25 11:38:19.775,22.75
2026-05-25 11:38:25.682,22.75
2026-05-25 11:38:31.588,22.75
2026-05-25 11:38:37.491,22.75
2026-05-25 11:38:43.395,22.75
2026-05-25 11:38:49.299,22.75
2026-05-25 11:38:55.203,22.75
2026-05-25 11:39:01.107,22.75
2026-05-25 11:39:07.011,22.75
2026-05-25 11:39:12.914,22.75
2026-05-25 11:39:18.819,22.75
2026-05-25 11:39:24.723,22.8125
2026-05-25 11:39:30.629,22.75
2026-05-25 11:39:36.535,22.75
2026-05-25 11:39:42.440,22.75
2026-05-25 11:39:48.347,22.75
2026-05-25 11:39:54.251,22.75
2026-05-25 11:40:00.154,22.75
2026-05-25 11:40:06.058,22.8125
2026-05-25 11:40:11.962,22.75
2026-05-25 11:40:17.868,22.75
2026-05-25 11:40:23.772,22.75
2026-05-25 11:40:29.678,22.75
2026-05-25 11:40:35.582,22.75
2026-05-25 11:40:41.485,22.75
2026-05-25 11:40:47.390,22.75
2026-05-25 11:40:53.293,22.75
2026-05-25 11:40:59.197,22.75
2026-05-25 11:41:05.101,22.8125
2026-05-25 11:41:11.005,22.75
2026-05-25 11:41:16.912,22.75
2026-05-25 11:41:22.817,22.75
2026-05-25 11:41:28.721,22.75
2026-05-25 11:41:34.627,22.8125
2026-05-25 11:41:40.530,22.75
2026-05-25 11:41:46.435,22.75
2026-05-25 11:41:52.339,22.75
2026-05-25 11:41:58.242,22.75
2026-05-25 11:42:04.148,22.75
2026-05-25 11:42:10.055,22.75
2026-05-25 11:42:15.959,22.75
2026-05-25 11:42:21.865,22.75
2026-05-25 11:42:27.770,22.6875
2026-05-25 11:42:33.676,22.75
2026-05-25 11:42:39.583,22.6875
2026-05-25 11:42:45.487,22.75
2026-05-25 11:42:51.393,22.75
2026-05-25 11:42:57.296,22.75
2026-05-25 11:43:03.202,22.75
2026-05-25 11:43:09.107,22.75
2026-05-25 11:43:15.010,22.75
2026-05-25 11:43:20.914,22.75
2026-05-25 11:43:26.820,22.75
2026-05-25 11:43:32.726,22.75
2026-05-25 11:43:38.632,22.6875
2026-05-25 11:43:44.538,22.75
2026-05-25 11:43:50.442,22.75
2026-05-25 11:43:56.346,22.75
2026-05-25 11:44:02.249,22.75
2026-05-25 11:44:08.154,22.75
2026-05-25 11:44:14.057,22.6875
2026-05-25 11:44:19.961,22.75
2026-05-25 11:44:25.867,22.75
2026-05-25 11:44:31.773,22.75
2026-05-25 11:44:37.679,22.75
2026-05-25 11:44:43.585,22.75
2026-05-25 11:44:49.491,22.6875
2026-05-25 11:44:55.397,22.75
2026-05-25 11:45:01.304,22.75
2026-05-25 11:45:07.210,22.6875
2026-05-25 11:45:13.115,22.75
2026-05-25 11:45:19.019,22.75
2026-05-25 11:45:24.925,22.75
2026-05-25 11:45:30.832,22.6875
2026-05-25 11:45:36.737,22.75
2026-05-25 11:45:42.641,22.6875
2026-05-25 11:45:48.544,22.6875
2026-05-25 11:45:54.448,22.75
2026-05-25 11:46:00.355,22.75
2026-05-25 11:46:06.259,22.75
2026-05-25 11:46:12.165,22.6875
2026-05-25 11:46:18.068,22.75
2026-05-25 11:46:23.972,22.75
2026-05-25 11:46:29.877,22.75
2026-05-25 11:46:35.780,22.75
2026-05-25 11:46:41.686,22.6875
2026-05-25 11:46:47.592,22.75
2026-05-25 11:46:53.495,22.75
2026-05-25 11:46:59.402,22.75
2026-05-25 11:47:05.308,22.75
2026-05-25 11:47:11.211,22.75
2026-05-25 11:47:17.115,22.75
2026-05-25 11:47:23.018,22.75
2026-05-25 11:47:28.923,22.6875
2026-05-25 11:47:34.827,22.75
2026-05-25 11:47:40.733,22.75
2026-05-25 11:47:46.639,22.75
2026-05-25 11:47:52.543,22.75
2026-05-25 11:47:58.447,22.75
2026-05-25 11:48:04.353,22.75
2026-05-25 11:48:10.258,22.75
2026-05-25 11:48:16.164,22.75
2026-05-25 11:48:22.071,22.75
2026-05-25 11:48:27.977,22.75
2026-05-25 11:48:33.882,22.75
2026-05-25 11:48:39.788,22.75
2026-05-25 11:48:45.694,22.75
2026-05-25 11:48:51.601,22.75
2026-05-25 11:48:57.504,22.75
2026-05-25 11:49:03.408,22.75
2026-05-25 11:49:09.311,22.75
2026-05-25 11:49:15.215,22.75
2026-05-25 11:49:21.120,22.75
2026-05-25 11:49:27.026,22.75
2026-05-25 11:49:32.932,22.75
2026-05-25 11:49:38.837,22.75
2026-05-25 11:49:44.743,22.75
2026-05-25 11:49:50.648,22.6875
2026-05-25 11:49:56.554,22.75
2026-05-25 11:50:02.459,22.75
2026-05-25 11:50:08.363,22.75
2026-05-25 11:50:14.266,22.75
2026-05-25 11:50:20.171,22.6875
2026-05-25 11:50:26.077,22.75
2026-05-25 11:50:31.983,22.75
2026-05-25 11:50:37.889,22.75
2026-05-25 11:50:43.796,22.75
2026-05-25 11:50:49.701,22.75
2026-05-25 11:50:55.607,22.75
2026-05-25 11:51:01.513,22.75
2026-05-25 11:51:07.419,22.75
2026-05-25 11:51:13.326,22.75
2026-05-25 11:51:19.231,22.75
2026-05-25 11:51:25.135,22.8125
2026-05-25 11:51:31.039,22.75
2026-05-25 11:51:36.942,22.75
2026-05-25 11:51:42.847,22.75
2026-05-25 11:51:48.753,22.75
2026-05-25 11:51:54.656,22.8125
2026-05-25 11:52:00.562,22.8125
2026-05-25 11:52:06.468,22.8125
2026-05-25 11:52:12.375,22.75
2026-05-25 11:52:18.281,22.8125
2026-05-25 11:52:24.184,22.8125
2026-05-25 11:52:30.090,22.75
2026-05-25 11:52:35.996,22.75
2026-05-25 11:52:41.903,22.75
2026-05-25 11:52:47.806,22.8125
2026-05-25 11:52:53.712,22.75
2026-05-25 11:52:59.618,22.75
2026-05-25 11:53:05.523,22.75
2026-05-25 11:53:11.428,22.75
2026-05-25 11:53:17.332,22.75
2026-05-25 11:53:23.235,22.75
2026-05-25 11:53:29.139,22.8125
2026-05-25 11:53:35.042,22.75
2026-05-25 11:53:40.949,22.75
2026-05-25 11:53:46.855,22.75
2026-05-25 11:53:52.759,22.75
2026-05-25 11:53:58.665,22.75
2026-05-25 11:54:04.569,22.75
2026-05-25 11:54:10.473,22.75
2026-05-25 11:54:16.379,22.75
2026-05-25 11:54:22.285,22.8125
2026-05-25 11:54:28.188,22.75
2026-05-25 11:54:34.093,22.75
2026-05-25 11:54:39.997,22.75
2026-05-25 11:54:45.900,22.75
2026-05-25 11:54:51.804,22.8125
2026-05-25 11:54:57.710,22.75
2026-05-25 11:55:03.617,22.75
2026-05-25 11:55:09.520,22.75
2026-05-25 11:55:15.424,22.75
2026-05-25 11:55:21.328,22.75
2026-05-25 11:55:27.232,22.75
2026-05-25 11:55:33.136,22.75
2026-05-25 11:55:39.040,22.75
2026-05-25 11:55:44.946,22.75
2026-05-25 11:55:50.852,22.75
2026-05-25 11:55:56.755,22.75
2026-05-25 11:56:02.662,22.75
2026-05-25 11:56:08.568,22.75
2026-05-25 11:56:14.473,22.75
2026-05-25 11:56:20.377,22.75
2026-05-25 11:56:26.281,22.75
2026-05-25 11:56:32.185,22.75
2026-05-25 11:56:38.089,22.75
2026-05-25 11:56:43.992,22.75
2026-05-25 11:56:49.896,22.75
2026-05-25 11:56:55.801,22.75
2026-05-25 11:57:01.704,22.75
2026-05-25 11:57:07.610,22.75
2026-05-25 11:57:13.516,22.6875
2026-05-25 11:57:19.422,22.75
2026-05-25 11:57:25.329,22.75
2026-05-25 11:57:31.232,22.8125
2026-05-25 11:57:37.138,22.75
2026-05-25 11:57:43.042,22.75
2026-05-25 11:57:48.948,22.6875
2026-05-25 11:57:54.852,22.75
2026-05-25 11:58:00.756,22.6875
2026-05-25 11:58:06.660,22.75
2026-05-25 11:58:12.566,22.75
2026-05-25 11:58:18.472,22.6875
2026-05-25 11:58:24.378,22.75
2026-05-25 11:58:30.284,22.75
2026-05-25 11:58:36.188,22.75
2026-05-25 11:58:42.091,22.75
2026-05-25 11:58:47.995,22.75
2026-05-25 11:58:53.900,22.75
2026-05-25 11:58:59.803,22.75
2026-05-25 11:59:05.709,22.75
2026-05-25 11:59:11.613,22.75
2026-05-25 11:59:17.518,22.75
2026-05-25 11:59:23.425,22.75
2026-05-25 11:59:29.331,22.75
2026-05-25 11:59:35.239,22.75
2026-05-25 11:59:41.144,22.75
2026-05-25 11:59:47.049,22.75
2026-05-25 11:59:52.952,22.75
2026-05-25 11:59:58.856,22.75
2026-05-25 12:00:04.762,22.75
2026-05-25 12:00:10.668,22.75
2026-05-25 12:00:16.575,22.75
2026-05-25 12:00:22.478,22.75
2026-05-25 12:00:28.382,22.75
2026-05-25 12:00:34.285,22.75
2026-05-25 12:00:40.191,22.75
2026-05-25 12:00:46.095,22.75
2026-05-25 12:00:52.002,22.75
2026-05-25 12:00:57.907,22.75
2026-05-25 12:01:03.811,22.75
2026-05-25 12:01:09.714,22.75
2026-05-25 12:01:15.619,22.75
2026-05-25 12:01:21.523,22.75
2026-05-25 12:01:27.429,22.75
2026-05-25 12:01:33.334,22.75
2026-05-25 12:01:39.240,22.75
2026-05-25 12:01:45.144,22.75
2026-05-25 12:01:51.050,22.75
2026-05-25 12:01:56.956,22.75
2026-05-25 12:02:02.860,22.6875
2026-05-25 12:02:08.763,22.6875
2026-05-25 12:02:14.670,22.75
2026-05-25 12:02:20.576,22.75
2026-05-25 12:02:26.481,22.75
2026-05-25 12:02:32.385,22.75
2026-05-25 12:02:38.292,22.75
2026-05-25 12:02:44.197,22.75
2026-05-25 12:02:50.103,22.8125
2026-05-25 12:02:56.009,22.75
2026-05-25 12:03:01.915,22.75
2026-05-25 12:03:07.820,22.75
2026-05-25 12:03:13.725,22.75
2026-05-25 12:03:19.629,22.75
2026-05-25 12:03:25.532,22.75
2026-05-25 12:03:31.436,22.75
2026-05-25 12:03:37.341,22.75
2026-05-25 12:03:43.246,22.75
2026-05-25 12:03:49.152,22.75
2026-05-25 12:03:55.058,22.75
2026-05-25 12:04:00.964,22.8125
2026-05-25 12:04:06.871,22.75
2026-05-25 12:04:12.777,22.8125
2026-05-25 12:04:18.680,22.75
2026-05-25 12:04:24.584,22.75
2026-05-25 12:04:30.490,22.75
2026-05-25 12:04:36.397,22.75
2026-05-25 12:04:42.303,22.75
2026-05-25 12:04:48.208,22.75
2026-05-25 12:04:54.116,22.75
2026-05-25 12:05:00.021,22.75
2026-05-25 12:05:05.926,22.75
2026-05-25 12:05:11.830,22.75
2026-05-25 12:05:17.733,22.75
2026-05-25 12:05:23.637,22.75
2026-05-25 12:05:29.542,22.75
2026-05-25 12:05:35.445,22.75
2026-05-25 12:05:41.351,22.75
2026-05-25 12:05:47.255,22.75
2026-05-25 12:05:53.158,22.75
2026-05-25 12:05:59.063,22.75
2026-05-25 12:06:04.966,22.75
2026-05-25 12:06:10.870,22.75
2026-05-25 12:06:16.774,22.75
2026-05-25 12:06:22.680,22.75
2026-05-25 12:06:28.587,22.75
2026-05-25 12:06:34.492,22.75
2026-05-25 12:06:40.396,22.75
2026-05-25 12:06:46.302,22.8125
2026-05-25 12:06:52.208,22.75
2026-05-25 12:06:58.115,22.75
2026-05-25 12:07:04.018,22.75
2026-05-25 12:07:09.922,22.75
2026-05-25 12:07:15.825,22.8125
2026-05-25 12:07:21.731,22.8125
2026-05-25 12:07:27.638,22.75
2026-05-25 12:07:33.542,22.75
2026-05-25 12:07:39.445,22.75
2026-05-25 12:07:45.349,22.75
2026-05-25 12:07:51.253,22.75
2026-05-25 12:07:57.157,22.8125
2026-05-25 12:08:03.061,22.75
2026-05-25 12:08:08.964,22.8125
2026-05-25 12:08:14.868,22.8125
2026-05-25 12:08:20.774,22.75
2026-05-25 12:08:26.681,22.75
2026-05-25 12:08:32.587,22.8125
2026-05-25 12:08:38.490,22.75
2026-05-25 12:08:44.394,22.75
2026-05-25 12:08:50.299,22.8125
2026-05-25 12:08:56.202,22.75
2026-05-25 12:09:02.106,22.75
2026-05-25 12:09:08.012,22.8125
2026-05-25 12:09:13.918,22.8125
2026-05-25 12:09:19.825,22.75
2026-05-25 12:09:25.730,22.75
2026-05-25 12:09:31.636,22.75
2026-05-25 12:09:37.542,22.75
2026-05-25 12:09:43.448,22.75
2026-05-25 12:09:49.355,22.75
2026-05-25 12:09:55.258,22.75
2026-05-25 12:10:01.162,22.75
2026-05-25 12:10:07.068,22.75
2026-05-25 12:10:12.974,22.75
2026-05-25 12:10:18.878,22.8125
2026-05-25 12:10:24.784,22.75
2026-05-25 12:10:30.688,22.75
2026-05-25 12:10:36.591,22.75
2026-05-25 12:10:42.495,22.75
2026-05-25 12:10:48.400,22.8125
2026-05-25 12:10:54.305,22.75
2026-05-25 12:11:00.211,22.75
2026-05-25 12:11:06.117,22.75
2026-05-25 12:11:12.021,22.75
2026-05-25 12:11:17.928,22.75
2026-05-25 12:11:23.833,22.75
2026-05-25 12:11:29.737,22.75
2026-05-25 12:11:35.641,22.75
2026-05-25 12:11:41.545,22.75
2026-05-25 12:11:47.449,22.75
2026-05-25 12:11:53.353,22.75
2026-05-25 12:11:59.256,22.75
2026-05-25 12:12:05.160,22.75
2026-05-25 12:12:11.065,22.75
2026-05-25 12:12:16.970,22.75
2026-05-25 12:12:22.876,22.75
2026-05-25 12:12:28.782,22.75
2026-05-25 12:12:34.685,22.75
2026-05-25 12:12:40.590,22.75
2026-05-25 12:12:46.493,22.75
2026-05-25 12:12:52.399,22.75
2026-05-25 12:12:58.305,22.75
2026-05-25 12:13:04.209,22.75
2026-05-25 12:13:10.116,22.75
2026-05-25 12:13:16.021,22.75
2026-05-25 12:13:21.925,22.75
2026-05-25 12:13:27.831,22.75
2026-05-25 12:13:33.737,22.75
2026-05-25 12:13:39.641,22.75
2026-05-25 12:13:45.545,22.75
2026-05-25 12:13:51.449,22.75
2026-05-25 12:13:57.354,22.75
2026-05-25 12:14:03.260,22.8125
2026-05-25 12:14:09.167,22.75
2026-05-25 12:14:15.070,22.75
2026-05-25 12:14:20.976,22.75
2026-05-25 12:14:26.880,22.75
2026-05-25 12:14:32.787,22.75
2026-05-25 12:14:38.690,22.75
2026-05-25 12:14:44.594,22.75
2026-05-25 12:14:50.498,22.75
2026-05-25 12:14:56.401,22.75
2026-05-25 12:15:02.306,22.75
2026-05-25 12:15:08.211,22.75
2026-05-25 12:15:14.117,22.75
2026-05-25 12:15:20.023,22.75
2026-05-25 12:15:25.929,22.75
2026-05-25 12:15:31.834,22.75
2026-05-25 12:15:37.737,22.75
2026-05-25 12:15:43.641,22.75
2026-05-25 12:15:49.545,22.75
2026-05-25 12:15:55.448,22.75
2026-05-25 12:16:01.355,22.75
2026-05-25 12:16:07.261,22.75
2026-05-25 12:16:13.167,22.8125
2026-05-25 12:16:19.073,22.75
2026-05-25 12:16:24.976,22.75
2026-05-25 12:16:30.881,22.75
2026-05-25 12:16:36.785,22.75
2026-05-25 12:16:42.691,22.75
2026-05-25 12:16:48.597,22.75
2026-05-25 12:16:54.502,22.75
2026-05-25 12:17:00.407,22.75
2026-05-25 12:17:06.311,22.75
2026-05-25 12:17:12.214,22.75
2026-05-25 12:17:18.118,22.8125
2026-05-25 12:17:24.023,22.75
2026-05-25 12:17:29.926,22.75
2026-05-25 12:17:35.830,22.75
2026-05-25 12:17:41.735,22.75
2026-05-25 12:17:47.639,22.75
2026-05-25 12:17:53.546,22.75
2026-05-25 12:17:59.452,22.75
2026-05-25 12:18:05.358,22.75
2026-05-25 12:18:11.261,22.75
2026-05-25 12:18:17.167,22.75
2026-05-25 12:18:23.074,22.75
2026-05-25 12:18:28.980,22.75
2026-05-25 12:18:34.886,22.75
2026-05-25 12:18:40.789,22.75
2026-05-25 12:18:46.693,22.75
2026-05-25 12:18:52.598,22.75
2026-05-25 12:18:58.504,22.75
2026-05-25 12:19:04.409,22.8125
2026-05-25 12:19:10.315,22.75
2026-05-25 12:19:16.221,22.75
2026-05-25 12:19:22.125,22.75
2026-05-25 12:19:28.029,22.75
2026-05-25 12:19:33.935,22.75
2026-05-25 12:19:39.838,22.75
2026-05-25 12:19:45.742,22.75
2026-05-25 12:19:51.647,22.75
2026-05-25 12:19:57.550,22.75
2026-05-25 12:20:03.454,22.75
2026-05-25 12:20:09.358,22.75
2026-05-25 12:20:15.262,22.6875
2026-05-25 12:20:21.168,22.75
2026-05-25 12:20:27.074,22.75
2026-05-25 12:20:32.978,22.75
2026-05-25 12:20:38.884,22.75
2026-05-25 12:20:44.790,22.75
2026-05-25 12:20:50.695,22.75
2026-05-25 12:20:56.599,22.75
2026-05-25 12:21:02.502,22.75
2026-05-25 12:21:08.406,22.75
2026-05-25 12:21:14.313,22.75
2026-05-25 12:21:20.219,22.75
2026-05-25 12:21:26.122,22.75
2026-05-25 12:21:32.026,22.6875
2026-05-25 12:21:37.930,22.75
2026-05-25 12:21:43.837,22.75
2026-05-25 12:21:49.743,22.75
2026-05-25 12:21:55.648,22.75
2026-05-25 12:22:01.552,22.75
2026-05-25 12:22:07.455,22.75
2026-05-25 12:22:13.360,22.75
2026-05-25 12:22:19.264,22.75
2026-05-25 12:22:25.167,22.75
2026-05-25 12:22:31.073,22.75
2026-05-25 12:22:36.979,22.6875
2026-05-25 12:22:42.886,22.6875
2026-05-25 12:22:48.792,22.75
2026-05-25 12:22:54.700,22.75
2026-05-25 12:23:00.605,22.6875
2026-05-25 12:23:06.509,22.75
2026-05-25 12:23:12.416,22.75
2026-05-25 12:23:18.319,22.6875
2026-05-25 12:23:24.223,22.6875
2026-05-25 12:23:30.127,22.75
2026-05-25 12:23:36.031,22.75
2026-05-25 12:23:41.935,22.75
2026-05-25 12:23:47.839,22.75
2026-05-25 12:23:53.742,22.75
2026-05-25 12:23:59.648,22.75
2026-05-25 12:24:05.555,22.75
2026-05-25 12:24:11.461,22.75
2026-05-25 12:24:17.367,22.75
2026-05-25 12:24:23.272,22.75
2026-05-25 12:24:29.176,22.75
2026-05-25 12:24:35.080,22.75
2026-05-25 12:24:40.984,22.75
2026-05-25 12:24:46.888,22.75
2026-05-25 12:24:52.791,22.75
2026-05-25 12:24:58.697,22.75
2026-05-25 12:25:04.604,22.75
2026-05-25 12:25:10.510,22.75
2026-05-25 12:25:16.416,22.75
2026-05-25 12:25:22.322,22.75
2026-05-25 12:25:28.225,22.75
2026-05-25 12:25:34.130,22.75
2026-05-25 12:25:40.036,22.75
2026-05-25 12:25:45.942,22.75
2026-05-25 12:25:51.848,22.75
2026-05-25 12:25:57.753,22.75
2026-05-25 12:26:03.660,22.75
2026-05-25 12:26:09.565,22.75
2026-05-25 12:26:15.469,22.75
2026-05-25 12:26:21.373,22.75
2026-05-25 12:26:27.277,22.75
2026-05-25 12:26:33.181,22.75
2026-05-25 12:26:39.084,22.75
2026-05-25 12:26:44.988,22.75
2026-05-25 12:26:50.894,22.75
2026-05-25 12:26:56.799,22.75
2026-05-25 12:27:02.705,22.75
2026-05-25 12:27:08.610,22.75
2026-05-25 12:27:14.516,22.75
2026-05-25 12:27:20.422,22.75
2026-05-25 12:27:26.327,22.75
2026-05-25 12:27:32.230,22.75
2026-05-25 12:27:38.134,22.75
2026-05-25 12:27:44.040,22.75
2026-05-25 12:27:49.946,22.75
2026-05-25 12:27:55.853,22.75
2026-05-25 12:28:01.758,22.8125
2026-05-25 12:28:07.664,22.75
2026-05-25 12:28:13.568,22.75
2026-05-25 12:28:19.471,22.75
2026-05-25 12:28:25.378,22.75
2026-05-25 12:28:31.282,22.75
2026-05-25 12:28:37.188,22.75
2026-05-25 12:28:43.094,22.75
2026-05-25 12:28:49.000,22.75
2026-05-25 12:28:54.904,22.75
2026-05-25 12:29:00.810,22.75
2026-05-25 12:29:06.716,22.8125
2026-05-25 12:29:12.622,22.75
2026-05-25 12:29:18.528,22.75
2026-05-25 12:29:24.432,22.75
2026-05-25 12:29:30.337,22.75
2026-05-25 12:29:36.243,22.75
2026-05-25 12:29:42.149,22.75
2026-05-25 12:29:48.056,22.8125
2026-05-25 12:29:53.959,22.75
2026-05-25 12:29:59.863,22.75
2026-05-25 12:30:05.767,22.75
2026-05-25 12:30:11.670,22.75
2026-05-25 12:30:17.575,22.75
2026-05-25 12:30:23.478,22.75
2026-05-25 12:30:29.382,22.75
2026-05-25 12:30:35.288,22.75
2026-05-25 12:30:41.194,22.75
2026-05-25 12:30:47.101,22.75
2026-05-25 12:30:53.007,22.75
2026-05-25 12:30:58.910,22.75
2026-05-25 12:31:04.814,22.75
2026-05-25 12:31:10.717,22.75
2026-05-25 12:31:16.622,22.75
2026-05-25 12:31:22.526,22.75
2026-05-25 12:31:28.429,22.6875
2026-05-25 12:31:34.333,22.75
2026-05-25 12:31:40.238,22.75
2026-05-25 12:31:46.146,22.75
2026-05-25 12:31:52.051,22.75
2026-05-25 12:31:57.959,22.75
2026-05-25 12:32:03.865,22.75
2026-05-25 12:32:09.769,22.75
2026-05-25 12:32:15.673,22.75
2026-05-25 12:32:21.577,22.75
2026-05-25 12:32:27.481,22.75
2026-05-25 12:32:33.384,22.75
2026-05-25 12:32:39.289,22.75
2026-05-25 12:32:45.193,22.75
2026-05-25 12:32:51.099,22.6875
2026-05-25 12:32:57.004,22.75
2026-05-25 12:33:02.910,22.75
2026-05-25 12:33:08.817,22.75
2026-05-25 12:33:14.720,22.75
2026-05-25 12:33:20.626,22.75
2026-05-25 12:33:26.530,22.75
2026-05-25 12:33:32.436,22.75
2026-05-25 12:33:38.343,22.75
2026-05-25 12:33:44.246,22.6875
2026-05-25 12:33:50.150,22.75
2026-05-25 12:33:56.054,22.6875
2026-05-25 12:34:01.957,22.75
2026-05-25 12:34:07.864,22.75
2026-05-25 12:34:13.770,22.75
2026-05-25 12:34:19.674,22.75
2026-05-25 12:34:25.580,22.75
2026-05-25 12:34:31.483,22.75
2026-05-25 12:34:37.388,22.75
2026-05-25 12:34:43.291,22.6875
2026-05-25 12:34:49.195,22.75
2026-05-25 12:34:55.099,22.75
2026-05-25 12:35:01.003,22.75
2026-05-25 12:35:06.907,22.75
2026-05-25 12:35:12.811,22.75
2026-05-25 12:35:18.716,22.75
2026-05-25 12:35:24.620,22.6875
2026-05-25 12:35:30.526,22.75
2026-05-25 12:35:36.430,22.75
2026-05-25 12:35:42.336,22.75
2026-05-25 12:35:48.242,22.6875
2026-05-25 12:35:54.147,22.75
2026-05-25 12:36:00.054,22.6875
2026-05-25 12:36:05.960,22.75
2026-05-25 12:36:11.865,22.75
2026-05-25 12:36:17.769,22.6875
2026-05-25 12:36:23.672,22.75
2026-05-25 12:36:29.577,22.6875
2026-05-25 12:36:35.480,22.75
2026-05-25 12:36:41.384,22.75
2026-05-25 12:36:47.290,22.75
2026-05-25 12:36:53.194,22.75
2026-05-25 12:36:59.098,22.75
2026-05-25 12:37:05.004,22.75
2026-05-25 12:37:10.910,22.6875
2026-05-25 12:37:16.813,22.75
2026-05-25 12:37:22.717,22.6875
2026-05-25 12:37:28.621,22.75
2026-05-25 12:37:34.525,22.75
2026-05-25 12:37:40.428,22.75
2026-05-25 12:37:46.334,22.6875
2026-05-25 12:37:52.240,22.75
2026-05-25 12:37:58.145,22.6875
2026-05-25 12:38:04.048,22.75
2026-05-25 12:38:09.952,22.75
2026-05-25 12:38:15.858,22.75
2026-05-25 12:38:21.767,22.75
2026-05-25 12:38:27.673,22.75
2026-05-25 12:38:33.578,22.75
2026-05-25 12:38:39.484,22.75
2026-05-25 12:38:45.390,22.75
2026-05-25 12:38:51.295,22.75
2026-05-25 12:38:57.198,22.6875
2026-05-25 12:39:03.102,22.75
2026-05-25 12:39:09.005,22.75
2026-05-25 12:39:14.909,22.75
2026-05-25 12:39:20.814,22.75
2026-05-25 12:39:26.720,22.6875
2026-05-25 12:39:32.625,22.75
2026-05-25 12:39:38.531,22.75
2026-05-25 12:39:44.437,22.75
2026-05-25 12:39:50.343,22.75
2026-05-25 12:39:56.247,22.75
2026-05-25 12:40:02.151,22.75
2026-05-25 12:40:08.054,22.75
2026-05-25 12:40:13.958,22.75
2026-05-25 12:40:19.865,22.75
2026-05-25 12:40:25.771,22.75
2026-05-25 12:40:31.677,22.75
2026-05-25 12:40:37.583,22.75
2026-05-25 12:40:43.488,22.75
2026-05-25 12:40:49.395,22.75
2026-05-25 12:40:55.301,22.75
2026-05-25 12:41:01.205,22.6875
2026-05-25 12:41:07.108,22.75
2026-05-25 12:41:13.013,22.75
2026-05-25 12:41:18.916,22.75
2026-05-25 12:41:24.820,22.75
2026-05-25 12:41:30.724,22.75
2026-05-25 12:41:36.627,22.75
2026-05-25 12:41:42.535,22.75
2026-05-25 12:41:48.438,22.75
2026-05-25 12:41:54.343,22.75
2026-05-25 12:42:00.247,22.75
2026-05-25 12:42:06.151,22.75
2026-05-25 12:42:12.056,22.75
2026-05-25 12:42:17.959,22.75
2026-05-25 12:42:23.863,22.75
2026-05-25 12:42:29.767,22.75
2026-05-25 12:42:35.670,22.75
2026-05-25 12:42:41.575,22.75
2026-05-25 12:42:47.481,22.75
2026-05-25 12:42:53.387,22.75
2026-05-25 12:42:59.293,22.75
2026-05-25 12:43:05.196,22.75
2026-05-25 12:43:11.101,22.75
2026-05-25 12:43:17.005,22.75
2026-05-25 12:43:22.908,22.75
2026-05-25 12:43:28.812,22.75
2026-05-25 12:43:34.716,22.75
2026-05-25 12:43:40.620,22.75
2026-05-25 12:43:46.524,22.75
2026-05-25 12:43:52.430,22.75
2026-05-25 12:43:58.335,22.75
2026-05-25 12:44:04.242,22.75
2026-05-25 12:44:10.148,22.75
2026-05-25 12:44:16.052,22.75
2026-05-25 12:44:21.955,22.75
2026-05-25 12:44:27.859,22.75
2026-05-25 12:44:33.763,22.6875
2026-05-25 12:44:39.669,22.75
2026-05-25 12:44:45.575,22.75
2026-05-25 12:44:51.481,22.75
2026-05-25 12:44:57.387,22.6875
2026-05-25 12:45:03.294,22.75
2026-05-25 12:45:09.197,22.75
2026-05-25 12:45:15.101,22.75
2026-05-25 12:45:21.005,22.75
2026-05-25 12:45:26.909,22.75
2026-05-25 12:45:32.814,22.75
2026-05-25 12:45:38.717,22.75
2026-05-25 12:45:44.621,22.75
2026-05-25 12:45:50.527,22.75
2026-05-25 12:45:56.433,22.75
2026-05-25 12:46:02.339,22.75
2026-05-25 12:46:08.243,22.75
2026-05-25 12:46:14.146,22.75
2026-05-25 12:46:20.050,22.75
2026-05-25 12:46:25.954,22.75
2026-05-25 12:46:31.858,22.75
2026-05-25 12:46:37.764,22.75
2026-05-25 12:46:43.670,22.6875
2026-05-25 12:46:49.576,22.75
2026-05-25 12:46:55.480,22.75
2026-05-25 12:47:01.386,22.6875
2026-05-25 12:47:07.292,22.75
2026-05-25 12:47:13.195,22.75
2026-05-25 12:47:19.101,22.75
2026-05-25 12:47:25.006,22.75
2026-05-25 12:47:30.912,22.75
2026-05-25 12:47:36.817,22.75
2026-05-25 12:47:42.723,22.75
2026-05-25 12:47:48.626,22.75
2026-05-25 12:47:54.533,22.6875
2026-05-25 12:48:00.438,22.75
2026-05-25 12:48:06.344,22.75
2026-05-25 12:48:12.250,22.6875
2026-05-25 12:48:18.154,22.75
2026-05-25 12:48:24.058,22.75
2026-05-25 12:48:29.962,22.75
2026-05-25 12:48:35.866,22.75
2026-05-25 12:48:41.769,22.75
2026-05-25 12:48:47.673,22.75
2026-05-25 12:48:53.578,22.75
2026-05-25 12:48:59.482,22.6875
2026-05-25 12:49:05.385,22.75
2026-05-25 12:49:11.291,22.6875
2026-05-25 12:49:17.195,22.75
2026-05-25 12:49:23.102,22.75
2026-05-25 12:49:29.008,22.75
2026-05-25 12:49:34.914,22.75
2026-05-25 12:49:40.817,22.75
2026-05-25 12:49:46.722,22.75
2026-05-25 12:49:52.626,22.75
2026-05-25 12:49:58.531,22.75
2026-05-25 12:50:04.437,22.75
2026-05-25 12:50:10.341,22.75
2026-05-25 12:50:16.248,22.75
2026-05-25 12:50:22.153,22.75
2026-05-25 12:50:28.057,22.75
2026-05-25 12:50:33.961,22.75
2026-05-25 12:50:39.864,22.75
2026-05-25 12:50:45.771,22.75
2026-05-25 12:50:51.675,22.75
2026-05-25 12:50:57.581,22.75
2026-05-25 12:51:03.484,22.6875
2026-05-25 12:51:09.390,22.75
2026-05-25 12:51:15.295,22.75
2026-05-25 12:51:21.201,22.75
2026-05-25 12:51:27.107,22.75
2026-05-25 12:51:33.010,22.75
2026-05-25 12:51:38.914,22.75
2026-05-25 12:51:44.819,22.75
2026-05-25 12:51:50.725,22.75
2026-05-25 12:51:56.631,22.75
2026-05-25 12:52:02.536,22.75
2026-05-25 12:52:08.442,22.75
2026-05-25 12:52:14.347,22.75
2026-05-25 12:52:20.251,22.75
2026-05-25 12:52:26.154,22.75
2026-05-25 12:52:32.058,22.75
2026-05-25 12:52:37.962,22.75
2026-05-25 12:52:43.868,22.75
2026-05-25 12:52:49.774,22.75
2026-05-25 12:52:55.680,22.75
2026-05-25 12:53:01.586,22.75
2026-05-25 12:53:07.490,22.75
2026-05-25 12:53:13.396,22.75
2026-05-25 12:53:19.300,22.75
2026-05-25 12:53:25.203,22.75
2026-05-25 12:53:31.109,22.75
2026-05-25 12:53:37.014,22.75
2026-05-25 12:53:42.920,22.75
2026-05-25 12:53:48.825,22.75
2026-05-25 12:53:54.729,22.75
2026-05-25 12:54:00.632,22.75
2026-05-25 12:54:06.539,22.6875
2026-05-25 12:54:12.443,22.75
2026-05-25 12:54:18.347,22.75
2026-05-25 12:54:24.250,22.75
2026-05-25 12:54:30.154,22.75
2026-05-25 12:54:36.060,22.75
2026-05-25 12:54:41.964,22.75
2026-05-25 12:54:47.868,22.6875
2026-05-25 12:54:53.771,22.75
2026-05-25 12:54:59.675,22.75
2026-05-25 12:55:05.581,22.75
2026-05-25 12:55:11.488,22.75
2026-05-25 12:55:17.393,22.75
2026-05-25 12:55:23.299,22.75
2026-05-25 12:55:29.205,22.75
2026-05-25 12:55:35.110,22.75
2026-05-25 12:55:41.013,22.75
2026-05-25 12:55:46.919,22.75
2026-05-25 12:55:52.822,22.75
2026-05-25 12:55:58.727,22.75
2026-05-25 12:56:04.633,22.75
2026-05-25 12:56:10.539,22.75
2026-05-25 12:56:16.445,22.75
2026-05-25 12:56:22.348,22.75
2026-05-25 12:56:28.253,22.75
2026-05-25 12:56:34.157,22.75
2026-05-25 12:56:40.060,22.75
2026-05-25 12:56:45.964,22.75
2026-05-25 12:56:51.868,22.75
2026-05-25 12:56:57.773,22.75
2026-05-25 12:57:03.676,22.75
2026-05-25 12:57:09.580,22.75
2026-05-25 12:57:15.486,22.75
2026-05-25 12:57:21.389,22.75
2026-05-25 12:57:27.296,22.75
2026-05-25 12:57:33.200,22.75
2026-05-25 12:57:39.103,22.75
2026-05-25 12:57:45.009,22.75
2026-05-25 12:57:50.915,22.75
2026-05-25 12:57:56.822,22.75
2026-05-25 12:58:02.727,22.75
2026-05-25 12:58:08.631,22.75
2026-05-25 12:58:14.535,22.6875
2026-05-25 12:58:20.438,22.6875
2026-05-25 12:58:26.343,22.75
2026-05-25 12:58:32.248,22.6875
2026-05-25 12:58:38.154,22.6875
2026-05-25 12:58:44.062,22.75
2026-05-25 12:58:49.967,22.75
2026-05-25 12:58:55.872,22.75
2026-05-25 12:59:01.778,22.75
2026-05-25 12:59:07.682,22.75
2026-05-25 12:59:13.586,22.75
2026-05-25 12:59:19.490,22.75
2026-05-25 12:59:25.394,22.75
2026-05-25 12:59:31.300,22.75
2026-05-25 12:59:37.206,22.6875
2026-05-25 12:59:43.109,22.75
2026-05-25 12:59:49.016,22.6875
2026-05-25 12:59:54.922,22.75
2026-05-25 13:00:00.826,22.6875
2026-05-25 13:00:06.732,22.6875
2026-05-25 13:00:12.637,22.75
2026-05-25 13:00:18.542,22.75
2026-05-25 13:00:24.447,22.6875
2026-05-25 13:00:30.353,22.6875
2026-05-25 13:00:36.259,22.75
2026-05-25 13:00:42.165,22.75
2026-05-25 13:00:48.069,22.75
2026-05-25 13:00:53.973,22.75
2026-05-25 13:00:59.877,22.75
2026-05-25 13:01:05.780,22.6875
2026-05-25 13:01:11.688,22.75
2026-05-25 13:01:17.595,22.75
2026-05-25 13:01:23.498,22.75
2026-05-25 13:01:29.404,22.75
2026-05-25 13:01:35.310,22.75
2026-05-25 13:01:41.217,22.6875
2026-05-25 13:01:47.120,22.75
2026-05-25 13:01:53.024,22.75
2026-05-25 13:01:58.928,22.75
2026-05-25 13:02:04.831,22.75
2026-05-25 13:02:10.736,22.75
2026-05-25 13:02:16.642,22.75
2026-05-25 13:02:22.548,22.75
2026-05-25 13:02:28.454,22.6875
2026-05-25 13:02:34.360,22.75
2026-05-25 13:02:40.266,22.75
2026-05-25 13:02:46.172,22.75
2026-05-25 13:02:52.075,22.75
2026-05-25 13:02:57.979,22.75
2026-05-25 13:03:03.882,22.75
2026-05-25 13:03:09.789,22.75
2026-05-25 13:03:15.695,22.75
2026-05-25 13:03:21.601,22.75
2026-05-25 13:03:27.505,22.75
2026-05-25 13:03:33.411,22.6875
2026-05-25 13:03:39.318,22.75
2026-05-25 13:03:45.223,22.75
2026-05-25 13:03:51.129,22.75
2026-05-25 13:03:57.033,22.75
2026-05-25 13:04:02.937,22.75
2026-05-25 13:04:08.841,22.75
2026-05-25 13:04:14.747,22.75
2026-05-25 13:04:20.653,22.6875
2026-05-25 13:04:26.559,22.75
2026-05-25 13:04:32.465,22.6875
2026-05-25 13:04:38.369,22.75
2026-05-25 13:04:44.272,22.6875
2026-05-25 13:04:50.178,22.75
2026-05-25 13:04:56.084,22.75
2026-05-25 13:05:01.991,22.75
2026-05-25 13:05:07.897,22.75
2026-05-25 13:05:13.801,22.6875
2026-05-25 13:05:19.707,22.75
2026-05-25 13:05:25.612,22.75
2026-05-25 13:05:31.519,22.8125
2026-05-25 13:05:37.423,22.75
2026-05-25 13:05:43.327,22.75
2026-05-25 13:05:49.230,22.75
2026-05-25 13:05:55.136,22.75
2026-05-25 13:06:01.041,22.75
2026-05-25 13:06:06.945,22.75
2026-05-25 13:06:12.848,22.8125
2026-05-25 13:06:18.752,22.75
2026-05-25 13:06:24.656,22.75
2026-05-25 13:06:30.561,22.75
2026-05-25 13:06:36.464,22.75
2026-05-25 13:06:42.370,22.75
2026-05-25 13:06:48.276,22.75
2026-05-25 13:06:54.179,22.75
2026-05-25 13:07:00.087,22.75
2026-05-25 13:07:05.992,22.75
2026-05-25 13:07:11.896,22.75
2026-05-25 13:07:17.802,22.75
2026-05-25 13:07:23.706,22.75
2026-05-25 13:07:29.610,22.75
2026-05-25 13:07:35.514,22.75
2026-05-25 13:07:41.418,22.75
2026-05-25 13:07:47.321,22.8125
2026-05-25 13:07:53.228,22.75
2026-05-25 13:07:59.134,22.75
2026-05-25 13:08:05.040,22.6875
2026-05-25 13:08:10.945,22.75
2026-05-25 13:08:16.851,22.75
2026-05-25 13:08:22.756,22.75
2026-05-25 13:08:28.662,22.75
2026-05-25 13:08:34.565,22.75
2026-05-25 13:08:40.469,22.75
2026-05-25 13:08:46.375,22.75
2026-05-25 13:08:52.282,22.75
2026-05-25 13:08:58.185,22.75
2026-05-25 13:09:04.091,22.75
2026-05-25 13:09:09.997,22.6875
2026-05-25 13:09:15.903,22.6875
2026-05-25 13:09:21.810,22.75
2026-05-25 13:09:27.714,22.75
2026-05-25 13:09:33.619,22.75
2026-05-25 13:09:39.525,22.75
2026-05-25 13:09:45.429,22.75
2026-05-25 13:09:51.334,22.75
2026-05-25 13:09:57.237,22.75
2026-05-25 13:10:03.141,22.75
2026-05-25 13:10:09.046,22.75
2026-05-25 13:10:14.950,22.75
2026-05-25 13:10:20.857,22.75
2026-05-25 13:10:26.762,22.6875
2026-05-25 13:10:32.666,22.75
2026-05-25 13:10:38.569,22.6875
2026-05-25 13:10:44.474,22.75
2026-05-25 13:10:50.378,22.75
2026-05-25 13:10:56.284,22.6875
2026-05-25 13:11:02.187,22.6875
2026-05-25 13:11:08.091,22.75
2026-05-25 13:11:13.998,22.75
2026-05-25 13:11:19.901,22.75
2026-05-25 13:11:25.805,22.75
2026-05-25 13:11:31.711,22.75
2026-05-25 13:11:37.615,22.75
2026-05-25 13:11:43.519,22.75
2026-05-25 13:11:49.425,22.75
2026-05-25 13:11:55.329,22.75
2026-05-25 13:12:01.234,22.6875
2026-05-25 13:12:07.140,22.75
2026-05-25 13:12:13.047,22.75
2026-05-25 13:12:18.953,22.75
2026-05-25 13:12:24.856,22.75
2026-05-25 13:12:30.760,22.75
2026-05-25 13:12:36.664,22.75
2026-05-25 13:12:42.571,22.6875
2026-05-25 13:12:48.474,22.6875
2026-05-25 13:12:54.380,22.75
2026-05-25 13:13:00.284,22.75
2026-05-25 13:13:06.188,22.75
2026-05-25 13:13:12.092,22.75
2026-05-25 13:13:17.996,22.75
2026-05-25 13:13:23.900,22.75
2026-05-25 13:13:29.803,22.75
2026-05-25 13:13:35.708,22.75
2026-05-25 13:13:41.612,22.6875
2026-05-25 13:13:47.515,22.75
2026-05-25 13:13:53.419,22.75
2026-05-25 13:13:59.325,22.75
2026-05-25 13:14:05.232,22.75
2026-05-25 13:14:11.137,22.75
2026-05-25 13:14:17.041,22.75
2026-05-25 13:14:22.945,22.75
2026-05-25 13:14:28.848,22.75
2026-05-25 13:14:34.753,22.75
2026-05-25 13:14:40.657,22.75
2026-05-25 13:14:46.560,22.75
2026-05-25 13:14:52.464,22.75
2026-05-25 13:14:58.368,22.75
2026-05-25 13:15:04.275,22.75
2026-05-25 13:15:10.180,22.75
2026-05-25 13:15:16.086,22.75
2026-05-25 13:15:21.990,22.75
2026-05-25 13:15:27.894,22.75
2026-05-25 13:15:33.800,22.75
2026-05-25 13:15:39.704,22.75
2026-05-25 13:15:45.608,22.75
2026-05-25 13:15:51.514,22.6875
2026-05-25 13:15:57.417,22.75
2026-05-25 13:16:03.322,22.6875
2026-05-25 13:16:09.225,22.75
2026-05-25 13:16:15.129,22.75
2026-05-25 13:16:21.033,22.75
2026-05-25 13:16:26.939,22.75
2026-05-25 13:16:32.843,22.75
2026-05-25 13:16:38.746,22.75
2026-05-25 13:16:44.652,22.75
2026-05-25 13:16:50.558,22.75
2026-05-25 13:16:56.462,22.75
2026-05-25 13:17:02.366,22.75
2026-05-25 13:17:08.270,22.75
2026-05-25 13:17:14.173,22.75
2026-05-25 13:17:20.081,22.6875
2026-05-25 13:17:25.988,22.75
2026-05-25 13:17:31.891,22.75
2026-05-25 13:17:37.797,22.75
2026-05-25 13:17:43.703,22.75
2026-05-25 13:17:49.609,22.75
2026-05-25 13:17:55.513,22.75
2026-05-25 13:18:01.418,22.75
2026-05-25 13:18:07.321,22.75
2026-05-25 13:18:13.225,22.75
2026-05-25 13:18:19.128,22.75
2026-05-25 13:18:25.033,22.75
2026-05-25 13:18:30.937,22.75
2026-05-25 13:18:36.841,22.75
2026-05-25 13:18:42.746,22.75
2026-05-25 13:18:48.650,22.75
2026-05-25 13:18:54.557,22.75
2026-05-25 13:19:00.462,22.75
2026-05-25 13:19:06.366,22.75
2026-05-25 13:19:12.269,22.75
2026-05-25 13:19:18.174,22.75
2026-05-25 13:19:24.077,22.75
2026-05-25 13:19:29.983,22.8125
2026-05-25 13:19:35.889,22.75
2026-05-25 13:19:41.793,22.75
2026-05-25 13:19:47.699,22.75
2026-05-25 13:19:53.605,22.75
2026-05-25 13:19:59.511,22.75
2026-05-25 13:20:05.417,22.75
2026-05-25 13:20:11.323,22.75
2026-05-25 13:20:17.230,22.75
2026-05-25 13:20:23.133,22.75
2026-05-25 13:20:29.037,22.75
2026-05-25 13:20:34.943,22.75
2026-05-25 13:20:40.848,22.75
2026-05-25 13:20:46.753,22.75
2026-05-25 13:20:52.657,22.75
2026-05-25 13:20:58.560,22.75
2026-05-25 13:21:04.464,22.75
2026-05-25 13:21:10.370,22.75
2026-05-25 13:21:16.276,22.75
2026-05-25 13:21:22.183,22.75
2026-05-25 13:21:28.086,22.75
2026-05-25 13:21:33.990,22.75
2026-05-25 13:21:39.896,22.75
2026-05-25 13:21:45.800,22.75
2026-05-25 13:21:51.706,22.75
2026-05-25 13:21:57.609,22.75
2026-05-25 13:22:03.515,22.75
2026-05-25 13:22:09.419,22.75
2026-05-25 13:22:15.325,22.75
2026-05-25 13:22:21.229,22.8125
2026-05-25 13:22:27.135,22.75
2026-05-25 13:22:33.041,22.75
2026-05-25 13:22:38.947,22.75
2026-05-25 13:22:44.853,22.8125
2026-05-25 13:22:50.759,22.75
2026-05-25 13:22:56.665,22.75
2026-05-25 13:23:02.568,22.8125
2026-05-25 13:23:08.475,22.75
2026-05-25 13:23:14.381,22.75
2026-05-25 13:23:20.287,22.75
2026-05-25 13:23:26.190,22.75
2026-05-25 13:23:32.096,22.75
2026-05-25 13:23:38.002,22.8125
2026-05-25 13:23:43.906,22.75
2026-05-25 13:23:49.810,22.75
2026-05-25 13:23:55.713,22.75
2026-05-25 13:24:01.617,22.75
2026-05-25 13:24:07.524,22.75
2026-05-25 13:24:13.427,22.75
2026-05-25 13:24:19.331,22.75
2026-05-25 13:24:25.237,22.8125
2026-05-25 13:24:31.140,22.75
2026-05-25 13:24:37.045,22.75
2026-05-25 13:24:42.949,22.75
2026-05-25 13:24:48.852,22.75
2026-05-25 13:24:54.758,22.75
2026-05-25 13:25:00.664,22.75
2026-05-25 13:25:06.569,22.75
2026-05-25 13:25:12.474,22.75
2026-05-25 13:25:18.378,22.75
2026-05-25 13:25:24.281,22.75
2026-05-25 13:25:30.186,22.75
2026-05-25 13:25:36.092,22.75
2026-05-25 13:25:41.998,22.75
2026-05-25 13:25:47.901,22.75
2026-05-25 13:25:53.807,22.75
2026-05-25 13:25:59.712,22.75
2026-05-25 13:26:05.615,22.75
2026-05-25 13:26:11.519,22.75
2026-05-25 13:26:17.423,22.75
2026-05-25 13:26:23.329,22.75
2026-05-25 13:26:29.236,22.75
2026-05-25 13:26:35.141,22.75
2026-05-25 13:26:41.044,22.75
2026-05-25 13:26:46.948,22.75
2026-05-25 13:26:52.852,22.6875
2026-05-25 13:26:58.756,22.75
2026-05-25 13:27:04.660,22.75
2026-05-25 13:27:10.566,22.6875
2026-05-25 13:27:16.472,22.75
2026-05-25 13:27:22.378,22.75
2026-05-25 13:27:28.285,22.75
2026-05-25 13:27:34.190,22.75
2026-05-25 13:27:40.093,22.75
2026-05-25 13:27:45.997,22.6875
2026-05-25 13:27:51.901,22.75
2026-05-25 13:27:57.806,22.75
2026-05-25 13:28:03.711,22.75
2026-05-25 13:28:09.617,22.75
2026-05-25 13:28:15.523,22.75
2026-05-25 13:28:21.430,22.75
2026-05-25 13:28:27.336,22.75
2026-05-25 13:28:33.242,22.75
2026-05-25 13:28:39.145,22.6875
2026-05-25 13:28:45.051,22.75
2026-05-25 13:28:50.956,22.75
2026-05-25 13:28:56.859,22.75
2026-05-25 13:29:02.765,22.75
2026-05-25 13:29:08.671,22.75
2026-05-25 13:29:14.575,22.75
2026-05-25 13:29:20.479,22.75
2026-05-25 13:29:26.383,22.75
2026-05-25 13:29:32.287,22.6875
2026-05-25 13:29:38.190,22.8125
2026-05-25 13:29:44.094,22.75
2026-05-25 13:29:49.999,22.75
2026-05-25 13:29:55.902,22.75
2026-05-25 13:30:01.808,22.75
2026-05-25 13:30:07.712,22.75
2026-05-25 13:30:13.618,22.75
2026-05-25 13:30:19.524,22.75
2026-05-25 13:30:25.430,22.75
2026-05-25 13:30:31.336,22.75
2026-05-25 13:30:37.240,22.75
2026-05-25 13:30:43.143,22.75
2026-05-25 13:30:49.048,22.75
2026-05-25 13:30:54.951,22.8125
2026-05-25 13:31:00.855,22.75
2026-05-25 13:31:06.759,22.75
2026-05-25 13:31:12.666,22.75
2026-05-25 13:31:18.572,22.75
2026-05-25 13:31:24.477,22.75
2026-05-25 13:31:30.383,22.6875
2026-05-25 13:31:36.289,22.75
2026-05-25 13:31:42.196,22.75
2026-05-25 13:31:48.102,22.75
2026-05-25 13:31:54.005,22.75
2026-05-25 13:31:59.909,22.75
2026-05-25 13:32:05.812,22.75
2026-05-25 13:32:11.719,22.75
2026-05-25 13:32:17.625,22.75
2026-05-25 13:32:23.531,22.8125
2026-05-25 13:32:29.435,22.75
2026-05-25 13:32:35.338,22.75
2026-05-25 13:32:41.245,22.75
2026-05-25 13:32:47.150,22.8125
2026-05-25 13:32:53.056,22.75
2026-05-25 13:32:58.962,22.75
2026-05-25 13:33:04.866,22.75
2026-05-25 13:33:10.770,22.8125
2026-05-25 13:33:16.674,22.75
2026-05-25 13:33:22.578,22.75
2026-05-25 13:33:28.484,22.8125
2026-05-25 13:33:34.388,22.8125
2026-05-25 13:33:40.294,22.75
2026-05-25 13:33:46.198,22.75
2026-05-25 13:33:52.103,22.75
2026-05-25 13:33:58.007,22.8125
2026-05-25 13:34:03.911,22.75
2026-05-25 13:34:09.815,22.75
2026-05-25 13:34:15.719,22.75
2026-05-25 13:34:21.622,22.8125
2026-05-25 13:34:27.526,22.75
2026-05-25 13:34:33.433,22.75
2026-05-25 13:34:39.339,22.75
2026-05-25 13:34:45.245,22.75
2026-05-25 13:34:51.148,22.75
2026-05-25 13:34:57.052,22.75
2026-05-25 13:35:02.959,22.75
2026-05-25 13:35:08.863,22.75
2026-05-25 13:35:14.766,22.75
2026-05-25 13:35:20.670,22.75
2026-05-25 13:35:26.574,22.75
2026-05-25 13:35:32.478,22.75
2026-05-25 13:35:38.382,22.75
2026-05-25 13:35:44.288,22.8125
2026-05-25 13:35:50.191,22.75
2026-05-25 13:35:56.095,22.75
2026-05-25 13:36:02.000,22.75
2026-05-25 13:36:07.903,22.75
2026-05-25 13:36:13.807,22.75
2026-05-25 13:36:19.713,22.8125
2026-05-25 13:36:25.619,22.6875
2026-05-25 13:36:31.526,22.75
2026-05-25 13:36:37.432,22.6875
2026-05-25 13:36:43.335,22.75
2026-05-25 13:36:49.239,22.75
2026-05-25 13:36:55.143,22.75
2026-05-25 13:37:01.050,22.75
2026-05-25 13:37:06.956,22.6875
2026-05-25 13:37:12.862,22.75
2026-05-25 13:37:18.767,22.75
2026-05-25 13:37:24.674,22.75
2026-05-25 13:37:30.578,22.75
2026-05-25 13:37:36.482,22.75
2026-05-25 13:37:42.385,22.75
2026-05-25 13:37:48.289,22.75
2026-05-25 13:37:54.194,22.75
2026-05-25 13:38:00.097,22.75
2026-05-25 13:38:06.001,22.75
2026-05-25 13:38:11.905,22.75
2026-05-25 13:38:17.811,22.75
2026-05-25 13:38:23.715,22.75
2026-05-25 13:38:29.621,22.75
2026-05-25 13:38:35.527,22.75
2026-05-25 13:38:41.433,22.75
2026-05-25 13:38:47.339,22.6875
2026-05-25 13:38:53.246,22.75
2026-05-25 13:38:59.152,22.75
2026-05-25 13:39:05.058,22.75
2026-05-25 13:39:10.963,22.75
2026-05-25 13:39:16.867,22.75
2026-05-25 13:39:22.772,22.75
2026-05-25 13:39:28.675,22.75
2026-05-25 13:39:34.579,22.75
2026-05-25 13:39:40.482,22.75
2026-05-25 13:39:46.386,22.6875
2026-05-25 13:39:52.293,22.75
2026-05-25 13:39:58.199,22.6875
2026-05-25 13:40:04.105,22.75
2026-05-25 13:40:10.008,22.75
2026-05-25 13:40:15.913,22.75
2026-05-25 13:40:21.817,22.75
2026-05-25 13:40:27.720,22.75
2026-05-25 13:40:33.624,22.75
2026-05-25 13:40:39.528,22.75
2026-05-25 13:40:45.435,22.75
2026-05-25 13:40:51.341,22.75
2026-05-25 13:40:57.244,22.75
2026-05-25 13:41:03.150,22.75
2026-05-25 13:41:09.056,22.75
2026-05-25 13:41:14.961,22.75
2026-05-25 13:41:20.864,22.75
2026-05-25 13:41:26.768,22.75
2026-05-25 13:41:32.674,22.6875
2026-05-25 13:41:38.578,22.75
2026-05-25 13:41:44.485,22.75
2026-05-25 13:41:50.391,22.75
2026-05-25 13:41:56.294,22.75
2026-05-25 13:42:02.198,22.75
2026-05-25 13:42:08.101,22.75
2026-05-25 13:42:14.006,22.75
2026-05-25 13:42:19.910,22.8125
2026-05-25 13:42:25.816,22.75
2026-05-25 13:42:31.722,22.75
2026-05-25 13:42:37.627,22.75
2026-05-25 13:42:43.534,22.75
2026-05-25 13:42:49.438,22.75
2026-05-25 13:42:55.342,22.75
2026-05-25 13:43:01.247,22.75
2026-05-25 13:43:07.152,22.75
2026-05-25 13:43:13.058,22.75
2026-05-25 13:43:18.962,22.75
2026-05-25 13:43:24.865,22.6875
2026-05-25 13:43:30.769,22.75
2026-05-25 13:43:36.674,22.75
2026-05-25 13:43:42.579,22.75
2026-05-25 13:43:48.485,22.75
2026-05-25 13:43:54.391,22.75
2026-05-25 13:44:00.297,22.75
2026-05-25 13:44:06.204,22.75
2026-05-25 13:44:12.107,22.75
2026-05-25 13:44:18.011,22.75
2026-05-25 13:44:23.915,22.75
2026-05-25 13:44:29.821,22.8125
2026-05-25 13:44:35.727,22.75
2026-05-25 13:44:41.635,22.75
2026-05-25 13:44:47.539,22.75
2026-05-25 13:44:53.442,22.75
2026-05-25 13:44:59.346,22.6875
2026-05-25 13:45:05.251,22.75
2026-05-25 13:45:11.154,22.75
2026-05-25 13:45:17.058,22.75
2026-05-25 13:45:22.962,22.75
2026-05-25 13:45:28.865,22.75
2026-05-25 13:45:34.772,22.75
2026-05-25 13:45:40.678,22.75
2026-05-25 13:45:46.584,22.75
2026-05-25 13:45:52.488,22.75
2026-05-25 13:45:58.392,22.75
2026-05-25 13:46:04.299,22.75
2026-05-25 13:46:10.202,22.75
2026-05-25 13:46:16.108,22.75
2026-05-25 13:46:22.014,22.75
2026-05-25 13:46:27.921,22.75
2026-05-25 13:46:33.827,22.75
2026-05-25 13:46:39.732,22.75
2026-05-25 13:46:45.636,22.75
2026-05-25 13:46:51.541,22.75
2026-05-25 13:46:57.446,22.75
2026-05-25 13:47:03.350,22.75
2026-05-25 13:47:09.253,22.75
2026-05-25 13:47:15.157,22.75
2026-05-25 13:47:21.061,22.75
2026-05-25 13:47:26.966,22.8125
2026-05-25 13:47:32.869,22.75
2026-05-25 13:47:38.773,22.75
2026-05-25 13:47:44.677,22.75
2026-05-25 13:47:50.580,22.75
2026-05-25 13:47:56.485,22.75
2026-05-25 13:48:02.389,22.75
2026-05-25 13:48:08.295,22.75
2026-05-25 13:48:14.198,22.8125
2026-05-25 13:48:20.104,22.75
2026-05-25 13:48:26.010,22.75
2026-05-25 13:48:31.914,22.75
2026-05-25 13:48:37.818,22.75
2026-05-25 13:48:43.721,22.75
2026-05-25 13:48:49.626,22.75
2026-05-25 13:48:55.532,22.75
2026-05-25 13:49:01.438,22.75
2026-05-25 13:49:07.341,22.75
2026-05-25 13:49:13.247,22.75
2026-05-25 13:49:19.152,22.6875
2026-05-25 13:49:25.055,22.75
2026-05-25 13:49:30.959,22.75
2026-05-25 13:49:36.865,22.75
2026-05-25 13:49:42.771,22.75
2026-05-25 13:49:48.678,22.75
2026-05-25 13:49:54.581,22.75
2026-05-25 13:50:00.487,22.75
2026-05-25 13:50:06.393,22.75
2026-05-25 13:50:12.299,22.75
2026-05-25 13:50:18.205,22.75
2026-05-25 13:50:24.111,22.75
2026-05-25 13:50:30.017,22.6875
2026-05-25 13:50:35.923,22.75
2026-05-25 13:50:41.827,22.8125
2026-05-25 13:50:47.731,22.75
2026-05-25 13:50:53.635,22.75
2026-05-25 13:50:59.539,22.75
2026-05-25 13:51:05.442,22.75
2026-05-25 13:51:11.348,22.75
2026-05-25 13:51:17.255,22.75
2026-05-25 13:51:23.161,22.75
2026-05-25 13:51:29.067,22.75
2026-05-25 13:51:34.973,22.75
2026-05-25 13:51:40.879,22.75
2026-05-25 13:51:46.783,22.75
2026-05-25 13:51:52.689,22.75
2026-05-25 13:51:58.593,22.75
2026-05-25 13:52:04.496,22.75
2026-05-25 13:52:10.403,22.75
2026-05-25 13:52:16.307,22.75
2026-05-25 13:52:22.211,22.75
2026-05-25 13:52:28.114,22.75
2026-05-25 13:52:34.018,22.75
2026-05-25 13:52:39.925,22.75
2026-05-25 13:52:45.831,22.75
2026-05-25 13:52:51.738,22.75
2026-05-25 13:52:57.642,22.75
2026-05-25 13:53:03.545,22.75
2026-05-25 13:53:09.452,22.75
2026-05-25 13:53:15.358,22.75
2026-05-25 13:53:21.262,22.75
2026-05-25 13:53:27.168,22.75
2026-05-25 13:53:33.072,22.75
2026-05-25 13:53:38.976,22.75
2026-05-25 13:53:44.880,22.75
2026-05-25 13:53:50.783,22.75
2026-05-25 13:53:56.687,22.75
2026-05-25 13:54:02.593,22.75
2026-05-25 13:54:08.500,22.75
2026-05-25 13:54:14.403,22.75
2026-05-25 13:54:20.309,22.8125
2026-05-25 13:54:26.212,22.75
2026-05-25 13:54:32.116,22.75
2026-05-25 13:54:38.021,22.6875
2026-05-25 13:54:43.927,22.75
2026-05-25 13:54:49.832,22.75
2026-05-25 13:54:55.736,22.75
2026-05-25 13:55:01.641,22.75
2026-05-25 13:55:07.545,22.75
2026-05-25 13:55:13.448,22.75
2026-05-25 13:55:19.352,22.75
2026-05-25 13:55:25.256,22.75
2026-05-25 13:55:31.160,22.75
2026-05-25 13:55:37.066,22.75
2026-05-25 13:55:42.972,22.8125
2026-05-25 13:55:48.875,22.75
2026-05-25 13:55:54.781,22.75
2026-05-25 13:56:00.688,22.75
2026-05-25 13:56:06.593,22.75
2026-05-25 13:56:12.497,22.75
2026-05-25 13:56:18.400,22.75
2026-05-25 13:56:24.304,22.75
2026-05-25 13:56:30.211,22.75
2026-05-25 13:56:36.115,22.75
2026-05-25 13:56:42.018,22.75
2026-05-25 13:56:47.922,22.75
2026-05-25 13:56:53.825,22.8125
2026-05-25 13:56:59.730,22.75
2026-05-25 13:57:05.634,22.8125
2026-05-25 13:57:11.537,22.8125
2026-05-25 13:57:17.441,22.75
2026-05-25 13:57:23.347,22.75
2026-05-25 13:57:29.254,22.75
2026-05-25 13:57:35.158,22.75
2026-05-25 13:57:41.061,22.75
2026-05-25 13:57:46.965,22.8125
2026-05-25 13:57:52.870,22.8125
2026-05-25 13:57:58.773,22.8125
2026-05-25 13:58:04.679,22.75
2026-05-25 13:58:10.585,22.75
2026-05-25 13:58:16.490,22.8125
2026-05-25 13:58:22.395,22.75
2026-05-25 13:58:28.299,22.75
2026-05-25 13:58:34.202,22.8125
2026-05-25 13:58:40.108,22.8125
2026-05-25 13:58:46.014,22.75
2026-05-25 13:58:51.921,22.75
2026-05-25 13:58:57.826,22.75
2026-05-25 13:59:03.730,22.8125
2026-05-25 13:59:09.634,22.75
2026-05-25 13:59:15.541,22.75
2026-05-25 13:59:21.446,22.8125
2026-05-25 13:59:27.350,22.75
2026-05-25 13:59:33.253,22.75
2026-05-25 13:59:39.157,22.75
2026-05-25 13:59:45.062,22.75
2026-05-25 13:59:50.967,22.8125
2026-05-25 13:59:56.873,22.8125
2026-05-25 14:00:02.779,22.8125
2026-05-25 14:00:08.682,22.75
2026-05-25 14:00:14.588,22.75
2026-05-25 14:00:20.495,22.75
2026-05-25 14:00:26.398,22.75
2026-05-25 14:00:32.302,22.75
2026-05-25 14:00:38.206,22.75
2026-05-25 14:00:44.110,22.8125
2026-05-25 14:00:50.014,22.75
2026-05-25 14:00:55.918,22.8125
2026-05-25 14:01:01.821,22.75
2026-05-25 14:01:07.727,22.8125
2026-05-25 14:01:13.634,22.8125
2026-05-25 14:01:19.538,22.75
2026-05-25 14:01:25.441,22.75
2026-05-25 14:01:31.345,22.75
2026-05-25 14:01:37.249,22.75
2026-05-25 14:01:43.153,22.75
2026-05-25 14:01:49.057,22.75
2026-05-25 14:01:54.961,22.75
2026-05-25 14:02:00.864,22.75
2026-05-25 14:02:06.768,22.75
2026-05-25 14:02:12.675,22.75
2026-05-25 14:02:18.581,22.75
2026-05-25 14:02:24.487,22.75
2026-05-25 14:02:30.392,22.75
2026-05-25 14:02:36.298,22.75
2026-05-25 14:02:42.203,22.8125
2026-05-25 14:02:48.107,22.75
2026-05-25 14:02:54.010,22.75
2026-05-25 14:02:59.914,22.75
2026-05-25 14:03:05.817,22.8125
2026-05-25 14:03:11.722,22.75
2026-05-25 14:03:17.628,22.75
2026-05-25 14:03:23.532,22.8125
2026-05-25 14:03:29.435,22.75
2026-05-25 14:03:35.340,22.75
2026-05-25 14:03:41.248,22.8125
2026-05-25 14:03:47.154,22.75
2026-05-25 14:03:53.057,22.75
2026-05-25 14:03:58.961,22.75
2026-05-25 14:04:04.865,22.75
2026-05-25 14:04:10.769,22.75
2026-05-25 14:04:16.673,22.75
2026-05-25 14:04:22.579,22.75
2026-05-25 14:04:28.485,22.75
2026-05-25 14:04:34.391,22.75
2026-05-25 14:04:40.295,22.75
2026-05-25 14:04:46.201,22.75
2026-05-25 14:04:52.104,22.75
2026-05-25 14:04:58.008,22.75
2026-05-25 14:05:03.913,22.75
2026-05-25 14:05:09.816,22.75
2026-05-25 14:05:15.720,22.75
2026-05-25 14:05:21.626,22.75
2026-05-25 14:05:27.532,22.75
2026-05-25 14:05:33.439,22.75
2026-05-25 14:05:39.342,22.8125
2026-05-25 14:05:45.248,22.75
2026-05-25 14:05:51.151,22.8125
2026-05-25 14:05:57.055,22.75
2026-05-25 14:06:02.960,22.75
2026-05-25 14:06:08.863,22.75
2026-05-25 14:06:14.767,22.75
2026-05-25 14:06:20.673,22.75
2026-05-25 14:06:26.576,22.75
2026-05-25 14:06:32.483,22.75
2026-05-25 14:06:38.389,22.75
2026-05-25 14:06:44.295,22.75
2026-05-25 14:06:50.199,22.8125
2026-05-25 14:06:56.105,22.75
2026-05-25 14:07:02.009,22.75
2026-05-25 14:07:07.913,22.75
2026-05-25 14:07:13.816,22.8125
2026-05-25 14:07:19.720,22.75
2026-05-25 14:07:25.627,22.75
2026-05-25 14:07:31.530,22.6875
2026-05-25 14:07:37.436,22.75
2026-05-25 14:07:43.342,22.75
2026-05-25 14:07:49.248,22.8125
2026-05-25 14:07:55.153,22.75
2026-05-25 14:08:01.056,22.75
2026-05-25 14:08:06.960,22.75
2026-05-25 14:08:12.864,22.75
2026-05-25 14:08:18.767,22.75
2026-05-25 14:08:24.674,22.8125
2026-05-25 14:08:30.580,22.75
2026-05-25 14:08:36.483,22.75
2026-05-25 14:08:42.387,22.75
2026-05-25 14:08:48.291,22.8125
2026-05-25 14:08:54.198,22.75
2026-05-25 14:09:00.103,22.75
2026-05-25 14:09:06.007,22.75
2026-05-25 14:09:11.911,22.8125
2026-05-25 14:09:17.814,22.75
2026-05-25 14:09:23.719,22.75
2026-05-25 14:09:29.625,22.75
2026-05-25 14:09:35.531,22.8125
2026-05-25 14:09:41.436,22.75
2026-05-25 14:09:47.341,22.75
2026-05-25 14:09:53.245,22.75
2026-05-25 14:09:59.148,22.75
2026-05-25 14:10:05.052,22.75
2026-05-25 14:10:10.955,22.75
2026-05-25 14:10:16.860,22.75
2026-05-25 14:10:22.764,22.75
2026-05-25 14:10:28.667,22.75
2026-05-25 14:10:34.573,22.75
2026-05-25 14:10:40.479,22.75
2026-05-25 14:10:46.386,22.75
2026-05-25 14:10:52.289,22.8125
2026-05-25 14:10:58.195,22.75
2026-05-25 14:11:04.101,22.75
2026-05-25 14:11:10.007,22.75
2026-05-25 14:11:15.914,22.75
2026-05-25 14:11:21.817,22.75
2026-05-25 14:11:27.721,22.75
2026-05-25 14:11:33.625,22.75
2026-05-25 14:11:39.529,22.75
2026-05-25 14:11:45.436,22.8125
2026-05-25 14:11:51.341,22.75
2026-05-25 14:11:57.248,22.8125
2026-05-25 14:12:03.153,22.75
2026-05-25 14:12:09.057,22.75
2026-05-25 14:12:14.962,22.75
2026-05-25 14:12:20.865,22.75
2026-05-25 14:12:26.769,22.75
2026-05-25 14:12:32.673,22.8125
2026-05-25 14:12:38.579,22.75
2026-05-25 14:12:44.485,22.75
2026-05-25 14:12:50.391,22.8125
2026-05-25 14:12:56.297,22.8125
2026-05-25 14:13:02.200,22.75
2026-05-25 14:13:08.105,22.75
2026-05-25 14:13:14.009,22.8125
2026-05-25 14:13:19.912,22.8125
2026-05-25 14:13:25.818,22.8125
2026-05-25 14:13:31.723,22.75
2026-05-25 14:13:37.628,22.75
2026-05-25 14:13:43.534,22.8125
2026-05-25 14:13:49.438,22.75
2026-05-25 14:13:55.344,22.75
2026-05-25 14:14:01.247,22.75
2026-05-25 14:14:07.152,22.75
2026-05-25 14:14:13.056,22.75
2026-05-25 14:14:18.959,22.75
2026-05-25 14:14:24.865,22.75
2026-05-25 14:14:30.771,22.8125
2026-05-25 14:14:36.675,22.8125
2026-05-25 14:14:42.581,22.75
2026-05-25 14:14:48.485,22.75
2026-05-25 14:14:54.389,22.75
2026-05-25 14:15:00.292,22.75
2026-05-25 14:15:06.197,22.8125
2026-05-25 14:15:12.101,22.75
2026-05-25 14:15:18.004,22.75
2026-05-25 14:15:23.910,22.75
2026-05-25 14:15:29.817,22.75
2026-05-25 14:15:35.723,22.75
2026-05-25 14:15:41.626,22.75
2026-05-25 14:15:47.530,22.75
2026-05-25 14:15:53.434,22.75
2026-05-25 14:15:59.340,22.75
2026-05-25 14:16:05.246,22.8125
2026-05-25 14:16:11.152,22.75
2026-05-25 14:16:17.058,22.75
2026-05-25 14:16:22.961,22.75
2026-05-25 14:16:28.866,22.75
2026-05-25 14:16:34.770,22.75
2026-05-25 14:16:40.673,22.75
2026-05-25 14:16:46.577,22.75
2026-05-25 14:16:52.481,22.75
2026-05-25 14:16:58.387,22.75
2026-05-25 14:17:04.291,22.75
2026-05-25 14:17:10.197,22.75
2026-05-25 14:17:16.102,22.75
2026-05-25 14:17:22.006,22.75
2026-05-25 14:17:27.911,22.8125
2026-05-25 14:17:33.814,22.75
2026-05-25 14:17:39.718,22.75
2026-05-25 14:17:45.621,22.75
2026-05-25 14:17:51.525,22.75
2026-05-25 14:17:57.430,22.75
2026-05-25 14:18:03.335,22.75
2026-05-25 14:18:09.241,22.75
2026-05-25 14:18:15.147,22.75
2026-05-25 14:18:21.052,22.75
2026-05-25 14:18:26.957,22.75
2026-05-25 14:18:32.863,22.75
2026-05-25 14:18:38.769,22.75
2026-05-25 14:18:44.675,22.75
2026-05-25 14:18:50.579,22.75
2026-05-25 14:18:56.483,22.75
2026-05-25 14:19:02.386,22.75
2026-05-25 14:19:08.290,22.75
2026-05-25 14:19:14.194,22.75
2026-05-25 14:19:20.100,22.75
2026-05-25 14:19:26.006,22.75
2026-05-25 14:19:31.912,22.75
2026-05-25 14:19:37.818,22.75
2026-05-25 14:19:43.724,22.75
2026-05-25 14:19:49.628,22.75
2026-05-25 14:19:55.534,22.75
2026-05-25 14:20:01.440,22.75
2026-05-25 14:20:07.344,22.75
2026-05-25 14:20:13.247,22.75
2026-05-25 14:20:19.152,22.75
2026-05-25 14:20:25.056,22.75
2026-05-25 14:20:30.959,22.75
2026-05-25 14:20:36.863,22.75
2026-05-25 14:20:42.768,22.75
2026-05-25 14:20:48.673,22.75
2026-05-25 14:20:54.579,22.8125
2026-05-25 14:21:00.485,22.75
2026-05-25 14:21:06.391,22.75
2026-05-25 14:21:12.294,22.8125
2026-05-25 14:21:18.201,22.8125
2026-05-25 14:21:24.106,22.75
2026-05-25 14:21:30.012,22.75
2026-05-25 14:21:35.917,22.75
2026-05-25 14:21:41.822,22.75
2026-05-25 14:21:47.725,22.75
2026-05-25 14:21:53.629,22.75
2026-05-25 14:21:59.535,22.75
2026-05-25 14:22:05.441,22.75
2026-05-25 14:22:11.348,22.75
2026-05-25 14:22:17.254,22.8125
2026-05-25 14:22:23.157,22.75
2026-05-25 14:22:29.063,22.75
2026-05-25 14:22:34.967,22.75
2026-05-25 14:22:40.871,22.8125
2026-05-25 14:22:46.777,22.8125
2026-05-25 14:22:52.683,22.8125
2026-05-25 14:22:58.589,22.8125
2026-05-25 14:23:04.493,22.8125
2026-05-25 14:23:10.397,22.75
2026-05-25 14:23:16.303,22.8125
2026-05-25 14:23:22.209,22.75
2026-05-25 14:23:28.115,22.8125
2026-05-25 14:23:34.022,22.75
2026-05-25 14:23:39.927,22.8125
2026-05-25 14:23:45.831,22.8125
2026-05-25 14:23:51.734,22.8125
2026-05-25 14:23:57.638,22.8125
2026-05-25 14:24:03.542,22.8125
2026-05-25 14:24:09.446,22.8125
2026-05-25 14:24:15.350,22.75
2026-05-25 14:24:21.254,22.75
2026-05-25 14:24:27.159,22.75
2026-05-25 14:24:33.066,22.8125
2026-05-25 14:24:38.972,22.75
2026-05-25 14:24:44.878,22.8125
2026-05-25 14:24:50.784,22.75
2026-05-25 14:24:56.689,22.75
2026-05-25 14:25:02.594,22.75
2026-05-25 14:25:08.499,22.8125
2026-05-25 14:25:14.405,22.75
2026-05-25 14:25:20.309,22.75
2026-05-25 14:25:26.215,22.8125
2026-05-25 14:25:32.121,22.75
2026-05-25 14:25:38.027,22.75
2026-05-25 14:25:43.933,22.75
2026-05-25 14:25:49.839,22.75
2026-05-25 14:25:55.742,22.75
2026-05-25 14:26:01.647,22.75
2026-05-25 14:26:07.551,22.75
2026-05-25 14:26:13.457,22.75
2026-05-25 14:26:19.360,22.75
2026-05-25 14:26:25.264,22.75
2026-05-25 14:26:31.171,22.75
2026-05-25 14:26:37.077,22.75
2026-05-25 14:26:42.982,22.75
2026-05-25 14:26:48.888,22.8125
2026-05-25 14:26:54.791,22.75
2026-05-25 14:27:00.696,22.75
2026-05-25 14:27:06.602,22.75
2026-05-25 14:27:12.506,22.75
2026-05-25 14:27:18.412,22.75
2026-05-25 14:27:24.318,22.75
2026-05-25 14:27:30.224,22.75
2026-05-25 14:27:36.128,22.75
2026-05-25 14:27:42.031,22.8125
2026-05-25 14:27:47.935,22.8125
2026-05-25 14:27:53.842,22.75
2026-05-25 14:27:59.748,22.75
2026-05-25 14:28:05.651,22.75
2026-05-25 14:28:11.555,22.75
2026-05-25 14:28:17.459,22.75
2026-05-25 14:28:23.363,22.75
2026-05-25 14:28:29.267,22.75
2026-05-25 14:28:35.171,22.75
2026-05-25 14:28:41.074,22.8125
2026-05-25 14:28:46.978,22.8125
2026-05-25 14:28:52.885,22.75
2026-05-25 14:28:58.791,22.75
2026-05-25 14:29:04.697,22.8125
2026-05-25 14:29:10.602,22.75
2026-05-25 14:29:16.508,22.75
2026-05-25 14:29:22.415,22.75
2026-05-25 14:29:28.321,22.75
2026-05-25 14:29:34.227,22.8125
2026-05-25 14:29:40.130,22.75
2026-05-25 14:29:46.036,22.75
2026-05-25 14:29:51.940,22.75
2026-05-25 14:29:57.844,22.75
2026-05-25 14:30:03.748,22.75
2026-05-25 14:30:09.652,22.75
2026-05-25 14:30:15.558,22.8125
2026-05-25 14:30:21.462,22.75
2026-05-25 14:30:27.366,22.75
2026-05-25 14:30:33.269,22.75
2026-05-25 14:30:39.175,22.75
2026-05-25 14:30:45.082,22.75
2026-05-25 14:30:50.988,22.8125
2026-05-25 14:30:56.892,22.8125
2026-05-25 14:31:02.795,22.75
2026-05-25 14:31:08.699,22.75
2026-05-25 14:31:14.606,22.75
2026-05-25 14:31:20.511,22.75
2026-05-25 14:31:26.416,22.75
2026-05-25 14:31:32.320,22.75
2026-05-25 14:31:38.226,22.75
2026-05-25 14:31:44.132,22.75
2026-05-25 14:31:50.036,22.8125
2026-05-25 14:31:55.942,22.75
2026-05-25 14:32:01.848,22.75
2026-05-25 14:32:07.754,22.75
2026-05-25 14:32:13.661,22.75
2026-05-25 14:32:19.566,22.8125
2026-05-25 14:32:25.472,22.75
2026-05-25 14:32:31.378,22.8125
2026-05-25 14:32:37.282,22.75
2026-05-25 14:32:43.186,22.8125
2026-05-25 14:32:49.090,22.8125
2026-05-25 14:32:54.996,22.75
2026-05-25 14:33:00.902,22.75
2026-05-25 14:33:06.808,22.8125
2026-05-25 14:33:12.712,22.75
2026-05-25 14:33:18.616,22.8125
2026-05-25 14:33:24.520,22.8125
2026-05-25 14:33:30.425,22.8125
2026-05-25 14:33:36.332,22.75
2026-05-25 14:33:42.240,22.75
2026-05-25 14:33:48.145,22.8125
2026-05-25 14:33:54.051,22.75
2026-05-25 14:33:59.955,22.8125
2026-05-25 14:34:05.860,22.75
2026-05-25 14:34:11.765,22.8125
2026-05-25 14:34:17.670,22.8125
2026-05-25 14:34:23.574,22.8125
2026-05-25 14:34:29.478,22.75
2026-05-25 14:34:35.385,22.8125
2026-05-25 14:34:41.290,22.8125
2026-05-25 14:34:47.196,22.8125
2026-05-25 14:34:53.102,22.75
2026-05-25 14:34:59.007,22.75
2026-05-25 14:35:04.912,22.8125
2026-05-25 14:35:10.816,22.8125
2026-05-25 14:35:16.719,22.75
2026-05-25 14:35:22.623,22.8125
2026-05-25 14:35:28.529,22.8125
2026-05-25 14:35:34.435,22.8125
2026-05-25 14:35:40.341,22.8125
2026-05-25 14:35:46.244,22.8125
2026-05-25 14:35:52.148,22.8125
2026-05-25 14:35:58.052,22.8125
2026-05-25 14:36:03.959,22.75
2026-05-25 14:36:09.864,22.8125
2026-05-25 14:36:15.770,22.75
2026-05-25 14:36:21.674,22.75
2026-05-25 14:36:27.581,22.8125
2026-05-25 14:36:33.484,22.75
2026-05-25 14:36:39.388,22.75
2026-05-25 14:36:45.292,22.75
2026-05-25 14:36:51.195,22.8125
2026-05-25 14:36:57.100,22.8125
2026-05-25 14:37:03.004,22.75
2026-05-25 14:37:08.910,22.8125
2026-05-25 14:37:14.815,22.8125
2026-05-25 14:37:20.721,22.8125
2026-05-25 14:37:26.626,22.75
2026-05-25 14:37:32.529,22.75
2026-05-25 14:37:38.433,22.75
2026-05-25 14:37:44.337,22.8125
2026-05-25 14:37:50.240,22.8125
2026-05-25 14:37:56.147,22.8125
2026-05-25 14:38:02.050,22.8125
2026-05-25 14:38:07.956,22.8125
2026-05-25 14:38:13.862,22.75
2026-05-25 14:38:19.765,22.8125
2026-05-25 14:38:25.670,22.8125
2026-05-25 14:38:31.574,22.8125
2026-05-25 14:38:37.477,22.75
2026-05-25 14:38:43.383,22.8125
2026-05-25 14:38:49.288,22.75
2026-05-25 14:38:55.193,22.8125
2026-05-25 14:39:01.099,22.75
2026-05-25 14:39:07.005,22.75
2026-05-25 14:39:12.910,22.75
2026-05-25 14:39:18.815,22.75
2026-05-25 14:39:24.721,22.75
2026-05-25 14:39:30.627,22.75
2026-05-25 14:39:36.533,22.8125
2026-05-25 14:39:42.439,22.8125
2026-05-25 14:39:48.345,22.8125
2026-05-25 14:39:54.251,22.8125
2026-05-25 14:40:00.157,22.8125
2026-05-25 14:40:06.061,22.75
2026-05-25 14:40:11.966,22.75
2026-05-25 14:40:17.871,22.8125
2026-05-25 14:40:23.774,22.8125
2026-05-25 14:40:29.680,22.8125
2026-05-25 14:40:35.586,22.8125
2026-05-25 14:40:41.492,22.8125
2026-05-25 14:40:47.399,22.8125
2026-05-25 14:40:53.303,22.8125
2026-05-25 14:40:59.206,22.8125
2026-05-25 14:41:05.110,22.8125
2026-05-25 14:41:11.014,22.75
2026-05-25 14:41:16.919,22.75
2026-05-25 14:41:22.822,22.75
2026-05-25 14:41:28.728,22.8125
2026-05-25 14:41:34.634,22.8125
2026-05-25 14:41:40.540,22.75
2026-05-25 14:41:46.447,22.75
2026-05-25 14:41:52.353,22.8125
2026-05-25 14:41:58.258,22.75
2026-05-25 14:42:04.162,22.75
2026-05-25 14:42:10.067,22.75
2026-05-25 14:42:15.970,22.75
2026-05-25 14:42:21.874,22.75
2026-05-25 14:42:27.778,22.75
2026-05-25 14:42:33.681,22.8125
2026-05-25 14:42:39.588,22.75
2026-05-25 14:42:45.494,22.75
2026-05-25 14:42:51.400,22.75
2026-05-25 14:42:57.306,22.75
2026-05-25 14:43:03.212,22.75
2026-05-25 14:43:09.119,22.75
2026-05-25 14:43:15.024,22.75
2026-05-25 14:43:20.930,22.8125
2026-05-25 14:43:26.834,22.75
2026-05-25 14:43:32.738,22.8125
2026-05-25 14:43:38.643,22.75
2026-05-25 14:43:44.546,22.75
2026-05-25 14:43:50.450,22.75
2026-05-25 14:43:56.356,22.8125
2026-05-25 14:44:02.259,22.8125
2026-05-25 14:44:08.164,22.75
2026-05-25 14:44:14.070,22.8125
2026-05-25 14:44:19.973,22.8125
2026-05-25 14:44:25.877,22.75
2026-05-25 14:44:31.781,22.75
2026-05-25 14:44:37.688,22.8125
2026-05-25 14:44:43.594,22.8125
2026-05-25 14:44:49.500,22.75
2026-05-25 14:44:55.405,22.8125
2026-05-25 14:45:01.312,22.8125
2026-05-25 14:45:07.218,22.75
2026-05-25 14:45:13.122,22.8125
2026-05-25 14:45:19.026,22.75
2026-05-25 14:45:24.931,22.75
2026-05-25 14:45:30.838,22.8125
2026-05-25 14:45:36.744,22.8125
2026-05-25 14:45:42.649,22.75
2026-05-25 14:45:48.555,22.75
2026-05-25 14:45:54.461,22.8125
2026-05-25 14:46:00.368,22.75
2026-05-25 14:46:06.274,22.8125
2026-05-25 14:46:12.180,22.8125
2026-05-25 14:46:18.083,22.8125
2026-05-25 14:46:23.987,22.75
2026-05-25 14:46:29.891,22.75
2026-05-25 14:46:35.795,22.8125
2026-05-25 14:46:41.699,22.8125
2026-05-25 14:46:47.603,22.8125
2026-05-25 14:46:53.506,22.8125
2026-05-25 14:46:59.411,22.8125
2026-05-25 14:47:05.317,22.8125
2026-05-25 14:47:11.222,22.8125
2026-05-25 14:47:17.128,22.8125
2026-05-25 14:47:23.032,22.8125
2026-05-25 14:47:28.937,22.8125
2026-05-25 14:47:34.840,22.8125
2026-05-25 14:47:40.746,22.8125
2026-05-25 14:47:46.652,22.8125
2026-05-25 14:47:52.558,22.8125
2026-05-25 14:47:58.465,22.75
2026-05-25 14:48:04.371,22.8125
2026-05-25 14:48:10.276,22.8125
2026-05-25 14:48:16.182,22.8125
2026-05-25 14:48:22.087,22.75
2026-05-25 14:48:27.992,22.75
2026-05-25 14:48:33.896,22.8125
2026-05-25 14:48:39.800,22.8125
2026-05-25 14:48:45.703,22.8125
2026-05-25 14:48:51.610,22.8125
2026-05-25 14:48:57.516,22.8125
2026-05-25 14:49:03.421,22.75
2026-05-25 14:49:09.325,22.8125
2026-05-25 14:49:15.229,22.75
2026-05-25 14:49:21.133,22.8125
2026-05-25 14:49:27.039,22.8125
2026-05-25 14:49:32.945,22.75
2026-05-25 14:49:38.851,22.8125
2026-05-25 14:49:44.754,22.75
2026-05-25 14:49:50.659,22.8125
2026-05-25 14:49:56.563,22.8125
2026-05-25 14:50:02.466,22.8125
2026-05-25 14:50:08.372,22.8125
2026-05-25 14:50:14.278,22.8125
2026-05-25 14:50:20.185,22.8125
2026-05-25 14:50:26.091,22.8125
2026-05-25 14:50:31.996,22.8125
2026-05-25 14:50:37.900,22.8125
2026-05-25 14:50:43.804,22.75
2026-05-25 14:50:49.708,22.8125
2026-05-25 14:50:55.614,22.8125
2026-05-25 14:51:01.520,22.8125
2026-05-25 14:51:07.425,22.8125
2026-05-25 14:51:13.332,22.8125
2026-05-25 14:51:19.238,22.8125
2026-05-25 14:51:25.144,22.8125
2026-05-25 14:51:31.047,22.8125
2026-05-25 14:51:36.951,22.8125
2026-05-25 14:51:42.856,22.8125
2026-05-25 14:51:48.762,22.8125
2026-05-25 14:51:54.668,22.8125
2026-05-25 14:52:00.573,22.75
2026-05-25 14:52:06.479,22.8125
2026-05-25 14:52:12.386,22.8125
2026-05-25 14:52:18.292,22.8125
2026-05-25 14:52:24.196,22.8125
2026-05-25 14:52:30.099,22.8125
2026-05-25 14:52:36.003,22.8125
2026-05-25 14:52:41.907,22.8125
2026-05-25 14:52:47.811,22.8125
2026-05-25 14:52:53.715,22.8125
2026-05-25 14:52:59.621,22.8125
2026-05-25 14:53:05.526,22.75
2026-05-25 14:53:11.433,22.8125
2026-05-25 14:53:17.337,22.8125
2026-05-25 14:53:23.241,22.8125
2026-05-25 14:53:29.144,22.8125
2026-05-25 14:53:35.050,22.8125
2026-05-25 14:53:40.957,22.75
2026-05-25 14:53:46.863,22.8125
2026-05-25 14:53:52.769,22.8125
2026-05-25 14:53:58.674,22.8125
2026-05-25 14:54:04.581,22.8125
2026-05-25 14:54:10.487,22.8125
2026-05-25 14:54:16.391,22.8125
2026-05-25 14:54:22.294,22.8125
2026-05-25 14:54:28.200,22.75
2026-05-25 14:54:34.106,22.8125
2026-05-25 14:54:40.011,22.8125
2026-05-25 14:54:45.917,22.8125
2026-05-25 14:54:51.823,22.8125
2026-05-25 14:54:57.729,22.8125
2026-05-25 14:55:03.635,22.8125
2026-05-25 14:55:09.539,22.75
2026-05-25 14:55:15.443,22.75
2026-05-25 14:55:21.346,22.8125
2026-05-25 14:55:27.250,22.75
2026-05-25 14:55:33.155,22.8125
2026-05-25 14:55:39.058,22.8125
2026-05-25 14:55:44.962,22.8125
2026-05-25 14:55:50.868,22.8125
2026-05-25 14:55:56.771,22.8125
2026-05-25 14:56:02.678,22.8125
2026-05-25 14:56:08.581,22.8125
2026-05-25 14:56:14.487,22.75
2026-05-25 14:56:20.391,22.75
2026-05-25 14:56:26.294,22.8125
2026-05-25 14:56:32.199,22.8125
2026-05-25 14:56:38.103,22.75
2026-05-25 14:56:44.008,22.8125
2026-05-25 14:56:49.912,22.8125
2026-05-25 14:56:55.816,22.8125
2026-05-25 14:57:01.720,22.75
2026-05-25 14:57:07.624,22.75
2026-05-25 14:57:13.528,22.8125
2026-05-25 14:57:19.431,22.8125
2026-05-25 14:57:25.336,22.8125
2026-05-25 14:57:31.240,22.75
2026-05-25 14:57:37.143,22.8125
2026-05-25 14:57:43.047,22.8125
2026-05-25 14:57:48.953,22.8125
2026-05-25 14:57:54.857,22.8125
2026-05-25 14:58:00.761,22.75
2026-05-25 14:58:06.666,22.75
2026-05-25 14:58:12.572,22.8125
2026-05-25 14:58:18.478,22.8125
2026-05-25 14:58:24.385,22.8125
2026-05-25 14:58:30.291,22.8125
2026-05-25 14:58:36.196,22.8125
2026-05-25 14:58:42.102,22.8125
2026-05-25 14:58:48.006,22.75
2026-05-25 14:58:53.911,22.75
2026-05-25 14:58:59.817,22.8125
2026-05-25 14:59:05.724,22.8125
2026-05-25 14:59:11.630,22.8125
2026-05-25 14:59:17.533,22.8125
2026-05-25 14:59:23.438,22.75
2026-05-25 14:59:29.342,22.8125
2026-05-25 14:59:35.247,22.75
2026-05-25 14:59:41.151,22.8125
2026-05-25 14:59:47.058,22.8125
2026-05-25 14:59:52.963,22.8125
2026-05-25 14:59:58.867,22.8125
2026-05-25 15:00:04.773,22.8125
2026-05-25 15:00:10.679,22.8125
2026-05-25 15:00:16.585,22.8125
2026-05-25 15:00:22.493,22.8125
2026-05-25 15:00:28.399,22.8125
2026-05-25 15:00:34.305,22.8125
2026-05-25 15:00:40.208,22.8125
2026-05-25 15:00:46.113,22.8125
2026-05-25 15:00:52.017,22.8125
2026-05-25 15:00:57.920,22.8125
2026-05-25 15:01:03.826,22.8125
2026-05-25 15:01:09.732,22.8125
2026-05-25 15:01:15.639,22.8125
2026-05-25 15:01:21.545,22.8125
2026-05-25 15:01:27.451,22.8125
2026-05-25 15:01:33.357,22.8125
2026-05-25 15:01:39.262,22.8125
2026-05-25 15:01:45.169,22.8125
2026-05-25 15:01:51.073,22.8125
2026-05-25 15:01:56.976,22.8125
2026-05-25 15:02:02.882,22.8125
2026-05-25 15:02:08.786,22.8125
2026-05-25 15:02:14.693,22.8125
2026-05-25 15:02:20.599,22.8125
2026-05-25 15:02:26.504,22.8125
2026-05-25 15:02:32.410,22.8125
2026-05-25 15:02:38.316,22.8125
2026-05-25 15:02:44.221,22.8125
2026-05-25 15:02:50.124,22.8125
2026-05-25 15:02:56.028,22.8125
2026-05-25 15:03:01.932,22.8125
2026-05-25 15:03:07.836,22.8125
2026-05-25 15:03:13.740,22.8125
2026-05-25 15:03:19.644,22.8125
2026-05-25 15:03:25.547,22.8125
2026-05-25 15:03:31.453,22.8125
2026-05-25 15:03:37.358,22.8125
2026-05-25 15:03:43.261,22.8125
2026-05-25 15:03:49.167,22.875
2026-05-25 15:03:55.073,22.8125
2026-05-25 15:04:00.978,22.8125
2026-05-25 15:04:06.885,22.8125
2026-05-25 15:04:12.789,22.8125
2026-05-25 15:04:18.693,22.8125
2026-05-25 15:04:24.596,22.8125
2026-05-25 15:04:30.500,22.8125
2026-05-25 15:04:36.404,22.8125
2026-05-25 15:04:42.308,22.8125
2026-05-25 15:04:48.212,22.8125
2026-05-25 15:04:54.116,22.8125
2026-05-25 15:05:00.021,22.8125
2026-05-25 15:05:05.926,22.8125
2026-05-25 15:05:11.832,22.8125
2026-05-25 15:05:17.735,22.8125
2026-05-25 15:05:23.641,22.8125
2026-05-25 15:05:29.547,22.8125
2026-05-25 15:05:35.454,22.8125
2026-05-25 15:05:41.358,22.8125
2026-05-25 15:05:47.264,22.8125
2026-05-25 15:05:53.170,22.8125
2026-05-25 15:05:59.076,22.8125
2026-05-25 15:06:04.982,22.8125
2026-05-25 15:06:10.888,22.8125
2026-05-25 15:06:16.794,22.8125
2026-05-25 15:06:22.698,22.8125
2026-05-25 15:06:28.602,22.75
2026-05-25 15:06:34.506,22.8125
2026-05-25 15:06:40.410,22.8125
2026-05-25 15:06:46.313,22.8125
2026-05-25 15:06:52.219,22.75
2026-05-25 15:06:58.128,22.8125
2026-05-25 15:07:04.031,22.8125
2026-05-25 15:07:09.935,22.8125
2026-05-25 15:07:15.839,22.8125
2026-05-25 15:07:21.744,22.8125
2026-05-25 15:07:27.651,22.8125
2026-05-25 15:07:33.557,22.8125
2026-05-25 15:07:39.461,22.8125
2026-05-25 15:07:45.364,22.8125
2026-05-25 15:07:51.268,22.8125
2026-05-25 15:07:57.175,22.8125
2026-05-25 15:08:03.081,22.875
2026-05-25 15:08:08.987,22.8125
2026-05-25 15:08:14.893,22.875
2026-05-25 15:08:20.799,22.8125
2026-05-25 15:08:26.703,22.8125
2026-05-25 15:08:32.607,22.8125
2026-05-25 15:08:38.511,22.8125
2026-05-25 15:08:44.415,22.8125
2026-05-25 15:08:50.321,22.8125
2026-05-25 15:08:56.227,22.8125
2026-05-25 15:09:02.133,22.8125
2026-05-25 15:09:08.039,22.8125
2026-05-25 15:09:13.942,22.8125
2026-05-25 15:09:19.849,22.875
2026-05-25 15:09:25.753,22.8125
2026-05-25 15:09:31.656,22.8125
2026-05-25 15:09:37.562,22.8125
2026-05-25 15:09:43.468,22.8125
2026-05-25 15:09:49.375,22.8125
2026-05-25 15:09:55.281,22.8125
2026-05-25 15:10:01.189,22.8125
2026-05-25 15:10:07.092,22.8125
2026-05-25 15:10:12.996,22.8125
2026-05-25 15:10:18.901,22.8125
2026-05-25 15:10:24.804,22.8125
2026-05-25 15:10:30.710,22.8125
2026-05-25 15:10:36.616,22.875
2026-05-25 15:10:42.522,22.8125
2026-05-25 15:10:48.429,22.8125
2026-05-25 15:10:54.333,22.8125
2026-05-25 15:11:00.236,22.8125
2026-05-25 15:11:06.142,22.8125
2026-05-25 15:11:12.045,22.8125
2026-05-25 15:11:17.950,22.8125
2026-05-25 15:11:23.854,22.8125
2026-05-25 15:11:29.757,22.8125
2026-05-25 15:11:35.661,22.8125
2026-05-25 15:11:41.568,22.8125
2026-05-25 15:11:47.474,22.8125
2026-05-25 15:11:53.380,22.8125
2026-05-25 15:11:59.286,22.8125
2026-05-25 15:12:05.189,22.8125
2026-05-25 15:12:11.094,22.8125
2026-05-25 15:12:16.998,22.8125
2026-05-25 15:12:22.904,22.8125
2026-05-25 15:12:28.809,22.8125
2026-05-25 15:12:34.713,22.8125
2026-05-25 15:12:40.620,22.8125
2026-05-25 15:12:46.526,22.8125
2026-05-25 15:12:52.429,22.8125
2026-05-25 15:12:58.335,22.875
2026-05-25 15:13:04.239,22.8125
2026-05-25 15:13:10.144,22.8125
2026-05-25 15:13:16.047,22.8125
2026-05-25 15:13:21.951,22.8125
2026-05-25 15:13:27.857,22.8125
2026-05-25 15:13:33.761,22.8125
2026-05-25 15:13:39.668,22.875
2026-05-25 15:13:45.573,22.8125
2026-05-25 15:13:51.479,22.8125
2026-05-25 15:13:57.384,22.8125
2026-05-25 15:14:03.288,22.8125
2026-05-25 15:14:09.195,22.8125
2026-05-25 15:14:15.101,22.8125
2026-05-25 15:14:21.006,22.8125
2026-05-25 15:14:26.912,22.8125
2026-05-25 15:14:32.819,22.8125
2026-05-25 15:14:38.722,22.8125
2026-05-25 15:14:44.626,22.8125
2026-05-25 15:14:50.530,22.8125
2026-05-25 15:14:56.436,22.8125
2026-05-25 15:15:02.342,22.8125
2026-05-25 15:15:08.248,22.8125
2026-05-25 15:15:14.154,22.8125
2026-05-25 15:15:20.058,22.8125
2026-05-25 15:15:25.963,22.875
2026-05-25 15:15:31.870,22.8125
2026-05-25 15:15:37.773,22.8125
2026-05-25 15:15:43.677,22.8125
2026-05-25 15:15:49.581,22.875
2026-05-25 15:15:55.484,22.8125
2026-05-25 15:16:01.389,22.875
2026-05-25 15:16:07.293,22.8125
2026-05-25 15:16:13.196,22.8125
2026-05-25 15:16:19.102,22.875
2026-05-25 15:16:25.006,22.875
2026-05-25 15:16:30.913,22.8125
2026-05-25 15:16:36.819,22.8125
2026-05-25 15:16:42.724,22.8125
2026-05-25 15:16:48.629,22.8125
2026-05-25 15:16:54.533,22.8125
2026-05-25 15:17:00.438,22.8125
2026-05-25 15:17:06.342,22.8125
2026-05-25 15:17:12.247,22.8125
2026-05-25 15:17:18.153,22.8125
2026-05-25 15:17:24.057,22.875
2026-05-25 15:17:29.962,22.875
2026-05-25 15:17:35.868,22.8125
2026-05-25 15:17:41.771,22.8125
2026-05-25 15:17:47.677,22.8125
2026-05-25 15:17:53.584,22.8125
2026-05-25 15:17:59.488,22.8125
2026-05-25 15:18:05.392,22.8125
2026-05-25 15:18:11.297,22.8125
2026-05-25 15:18:17.201,22.8125
2026-05-25 15:18:23.108,22.8125
2026-05-25 15:18:29.012,22.8125
2026-05-25 15:18:34.917,22.8125
2026-05-25 15:18:40.823,22.8125
2026-05-25 15:18:46.726,22.8125
2026-05-25 15:18:52.633,22.8125
2026-05-25 15:18:58.537,22.8125
2026-05-25 15:19:04.441,22.8125
2026-05-25 15:19:10.345,22.8125
2026-05-25 15:19:16.249,22.8125
2026-05-25 15:19:22.153,22.8125
2026-05-25 15:19:28.057,22.8125
2026-05-25 15:19:33.963,22.875
2026-05-25 15:19:39.866,22.8125
2026-05-25 15:19:45.773,22.8125
2026-05-25 15:19:51.679,22.8125
2026-05-25 15:19:57.585,22.8125
2026-05-25 15:20:03.491,22.8125
2026-05-25 15:20:09.397,22.875
2026-05-25 15:20:15.302,22.8125
2026-05-25 15:20:21.207,22.8125
2026-05-25 15:20:27.111,22.875
2026-05-25 15:20:33.014,22.8125
2026-05-25 15:20:38.918,22.8125
2026-05-25 15:20:44.822,22.8125
2026-05-25 15:20:50.728,22.8125
2026-05-25 15:20:56.634,22.8125
2026-05-25 15:21:02.538,22.8125
2026-05-25 15:21:08.444,22.8125
2026-05-25 15:21:14.349,22.8125
2026-05-25 15:21:20.252,22.8125
2026-05-25 15:21:26.158,22.8125
2026-05-25 15:21:32.062,22.8125
2026-05-25 15:21:37.965,22.8125
2026-05-25 15:21:43.870,22.8125
2026-05-25 15:21:49.774,22.8125
2026-05-25 15:21:55.677,22.8125
2026-05-25 15:22:01.583,22.8125
2026-05-25 15:22:07.489,22.8125
2026-05-25 15:22:13.394,22.8125
2026-05-25 15:22:19.297,22.8125
2026-05-25 15:22:25.203,22.8125
2026-05-25 15:22:31.109,22.8125
2026-05-25 15:22:37.015,22.8125
2026-05-25 15:22:42.921,22.8125
2026-05-25 15:22:48.825,22.8125
2026-05-25 15:22:54.729,22.8125
2026-05-25 15:23:00.634,22.875
2026-05-25 15:23:06.538,22.8125
2026-05-25 15:23:12.442,22.8125
2026-05-25 15:23:18.348,22.875
2026-05-25 15:23:24.252,22.8125
2026-05-25 15:23:30.158,22.8125
2026-05-25 15:23:36.065,22.8125
2026-05-25 15:23:41.968,22.8125
2026-05-25 15:23:47.876,22.8125
2026-05-25 15:23:53.782,22.8125
2026-05-25 15:23:59.686,22.8125
2026-05-25 15:24:05.592,22.8125
2026-05-25 15:24:11.498,22.8125
2026-05-25 15:24:17.402,22.875
2026-05-25 15:24:23.306,22.8125
2026-05-25 15:24:29.209,22.8125
2026-05-25 15:24:35.114,22.875
2026-05-25 15:24:41.017,22.875
2026-05-25 15:24:46.921,22.8125
2026-05-25 15:24:52.827,22.8125
2026-05-25 15:24:58.731,22.8125
2026-05-25 15:25:04.635,22.8125
2026-05-25 15:25:10.541,22.8125
2026-05-25 15:25:16.447,22.8125
2026-05-25 15:25:22.353,22.875
2026-05-25 15:25:28.259,22.875
2026-05-25 15:25:34.166,22.875
2026-05-25 15:25:40.072,22.8125
2026-05-25 15:25:45.975,22.875
2026-05-25 15:25:51.879,22.8125
2026-05-25 15:25:57.782,22.8125
2026-05-25 15:26:03.689,22.875
2026-05-25 15:26:09.593,22.8125
2026-05-25 15:26:15.498,22.8125
2026-05-25 15:26:21.404,22.875
2026-05-25 15:26:27.311,22.875
2026-05-25 15:26:33.217,22.8125
2026-05-25 15:26:39.121,22.8125
2026-05-25 15:26:45.024,22.8125
2026-05-25 15:26:50.930,22.8125
2026-05-25 15:26:56.837,22.875
2026-05-25 15:27:02.741,22.875
2026-05-25 15:27:08.644,22.875
2026-05-25 15:27:14.548,22.8125
2026-05-25 15:27:20.452,22.8125
2026-05-25 15:27:26.357,22.8125
2026-05-25 15:27:32.260,22.8125
2026-05-25 15:27:38.164,22.8125
2026-05-25 15:27:44.068,22.875
2026-05-25 15:27:49.974,22.875
2026-05-25 15:27:55.878,22.8125
2026-05-25 15:28:01.782,22.8125
2026-05-25 15:28:07.688,22.8125
2026-05-25 15:28:13.595,22.875
2026-05-25 15:28:19.501,22.875
2026-05-25 15:28:25.408,22.8125
2026-05-25 15:28:31.316,22.8125
2026-05-25 15:28:37.219,22.875
2026-05-25 15:28:43.123,22.875
2026-05-25 15:28:49.027,22.875
2026-05-25 15:28:54.931,22.875
2026-05-25 15:29:00.837,22.875
2026-05-25 15:29:06.741,22.875
2026-05-25 15:29:12.644,22.8125
2026-05-25 15:29:18.551,22.875
2026-05-25 15:29:24.455,22.875
2026-05-25 15:29:30.359,22.8125
2026-05-25 15:29:36.264,22.8125
2026-05-25 15:29:42.170,22.875
2026-05-25 15:29:48.077,22.875
2026-05-25 15:29:53.983,22.875
2026-05-25 15:29:59.886,22.8125
2026-05-25 15:30:05.790,22.8125
2026-05-25 15:30:11.693,22.8125
2026-05-25 15:30:17.598,22.875
2026-05-25 15:30:23.502,22.875
2026-05-25 15:30:29.405,22.875
2026-05-25 15:30:35.309,22.875
2026-05-25 15:30:41.213,22.875
2026-05-25 15:30:47.117,22.8125
2026-05-25 15:30:53.021,22.8125
2026-05-25 15:30:58.925,22.8125
2026-05-25 15:31:04.828,22.8125
2026-05-25 15:31:10.732,22.8125
2026-05-25 15:31:16.637,22.8125
2026-05-25 15:31:22.540,22.8125
2026-05-25 15:31:28.444,22.8125
2026-05-25 15:31:34.348,22.8125
2026-05-25 15:31:40.251,22.8125
2026-05-25 15:31:46.158,22.875
2026-05-25 15:31:52.063,22.8125
2026-05-25 15:31:57.969,22.8125
2026-05-25 15:32:03.875,22.8125
2026-05-25 15:32:09.779,22.8125
2026-05-25 15:32:15.683,22.8125
2026-05-25 15:32:21.589,22.8125
2026-05-25 15:32:27.495,22.8125
2026-05-25 15:32:33.399,22.8125
2026-05-25 15:32:39.303,22.8125
2026-05-25 15:32:45.207,22.8125
2026-05-25 15:32:51.113,22.8125
2026-05-25 15:32:57.019,22.8125
2026-05-25 15:33:02.922,22.875
2026-05-25 15:33:08.829,22.8125
2026-05-25 15:33:14.735,22.8125
2026-05-25 15:33:20.641,22.8125
2026-05-25 15:33:26.544,22.8125
2026-05-25 15:33:32.450,22.875
2026-05-25 15:33:38.355,22.8125
2026-05-25 15:33:44.258,22.8125
2026-05-25 15:33:50.164,22.8125
2026-05-25 15:33:56.068,22.8125
2026-05-25 15:34:01.971,22.8125
2026-05-25 15:34:07.878,22.8125
2026-05-25 15:34:13.784,22.8125
2026-05-25 15:34:19.690,22.8125
2026-05-25 15:34:25.593,22.8125
2026-05-25 15:34:31.499,22.8125
2026-05-25 15:34:37.406,22.8125
2026-05-25 15:34:43.310,22.8125
2026-05-25 15:34:49.213,22.8125
2026-05-25 15:34:55.117,22.8125
2026-05-25 15:35:01.020,22.8125
2026-05-25 15:35:06.925,22.8125
2026-05-25 15:35:12.829,22.8125
2026-05-25 15:35:18.732,22.8125
2026-05-25 15:35:24.636,22.8125
2026-05-25 15:35:30.543,22.8125
2026-05-25 15:35:36.449,22.8125
2026-05-25 15:35:42.355,22.875
2026-05-25 15:35:48.261,22.8125
2026-05-25 15:35:54.166,22.8125
2026-05-25 15:36:00.073,22.8125
2026-05-25 15:36:05.977,22.8125
2026-05-25 15:36:11.880,22.8125
2026-05-25 15:36:17.784,22.8125
2026-05-25 15:36:23.688,22.8125
2026-05-25 15:36:29.595,22.875
2026-05-25 15:36:35.500,22.8125
2026-05-25 15:36:41.404,22.8125
2026-05-25 15:36:47.308,22.8125
2026-05-25 15:36:53.211,22.8125
2026-05-25 15:36:59.116,22.8125
2026-05-25 15:37:05.019,22.8125
2026-05-25 15:37:10.923,22.8125
2026-05-25 15:37:16.829,22.8125
2026-05-25 15:37:22.735,22.8125
2026-05-25 15:37:28.642,22.8125
2026-05-25 15:37:34.548,22.875
2026-05-25 15:37:40.453,22.8125
2026-05-25 15:37:46.359,22.8125
2026-05-25 15:37:52.265,22.8125
2026-05-25 15:37:58.171,22.8125
2026-05-25 15:38:04.077,22.8125
2026-05-25 15:38:09.983,22.8125
2026-05-25 15:38:15.887,22.8125
2026-05-25 15:38:21.791,22.875
2026-05-25 15:38:27.695,22.8125
2026-05-25 15:38:33.601,22.875
2026-05-25 15:38:39.507,22.8125
2026-05-25 15:38:45.412,22.8125
2026-05-25 15:38:51.317,22.8125
2026-05-25 15:38:57.223,22.8125
2026-05-25 15:39:03.129,22.8125
2026-05-25 15:39:09.034,22.8125
2026-05-25 15:39:14.938,22.8125
2026-05-25 15:39:20.843,22.8125
2026-05-25 15:39:26.746,22.8125
2026-05-25 15:39:32.650,22.875
2026-05-25 15:39:38.554,22.875
2026-05-25 15:39:44.459,22.8125
2026-05-25 15:39:50.366,22.875
2026-05-25 15:39:56.272,22.875
2026-05-25 15:40:02.178,22.875
2026-05-25 15:40:08.084,22.8125
2026-05-25 15:40:13.990,22.8125
2026-05-25 15:40:19.894,22.8125
2026-05-25 15:40:25.798,22.875
2026-05-25 15:40:31.701,22.8125
2026-05-25 15:40:37.605,22.8125
2026-05-25 15:40:43.509,22.8125
2026-05-25 15:40:49.413,22.8125
2026-05-25 15:40:55.319,22.8125
2026-05-25 15:41:01.225,22.8125
2026-05-25 15:41:07.128,22.8125
2026-05-25 15:41:13.035,22.8125
2026-05-25 15:41:18.941,22.8125
2026-05-25 15:41:24.847,22.8125
2026-05-25 15:41:30.750,22.875
2026-05-25 15:41:36.654,22.8125
2026-05-25 15:41:42.559,22.8125
2026-05-25 15:41:48.462,22.8125
2026-05-25 15:41:54.368,22.8125
2026-05-25 15:42:00.274,22.8125
2026-05-25 15:42:06.180,22.8125
2026-05-25 15:42:12.087,22.8125
2026-05-25 15:42:17.992,22.875
2026-05-25 15:42:23.898,22.8125
2026-05-25 15:42:29.802,22.875
2026-05-25 15:42:35.706,22.8125
2026-05-25 15:42:41.610,22.8125
2026-05-25 15:42:47.514,22.875
2026-05-25 15:42:53.417,22.8125
2026-05-25 15:42:59.321,22.8125
2026-05-25 15:43:05.227,22.875
2026-05-25 15:43:11.134,22.8125
2026-05-25 15:43:17.040,22.8125
2026-05-25 15:43:22.943,22.8125
2026-05-25 15:43:28.849,22.8125
2026-05-25 15:43:34.755,22.8125
2026-05-25 15:43:40.661,22.8125
2026-05-25 15:43:46.567,22.8125
2026-05-25 15:43:52.473,22.8125
2026-05-25 15:43:58.377,22.8125
2026-05-25 15:44:04.284,22.8125
2026-05-25 15:44:10.189,22.8125
2026-05-25 15:44:16.093,22.8125
2026-05-25 15:44:21.997,22.875
2026-05-25 15:44:27.902,22.8125
2026-05-25 15:44:33.807,22.8125
2026-05-25 15:44:39.713,22.8125
2026-05-25 15:44:45.617,22.8125
2026-05-25 15:44:51.520,22.8125
2026-05-25 15:44:57.426,22.8125
2026-05-25 15:45:03.333,22.8125
2026-05-25 15:45:09.237,22.8125
2026-05-25 15:45:15.140,22.8125
2026-05-25 15:45:21.044,22.8125
2026-05-25 15:45:26.947,22.8125
2026-05-25 15:45:32.852,22.75
2026-05-25 15:45:38.756,22.8125
2026-05-25 15:45:44.660,22.8125
2026-05-25 15:45:50.565,22.8125
2026-05-25 15:45:56.469,22.8125
2026-05-25 15:46:02.374,22.8125
2026-05-25 15:46:08.277,22.8125
2026-05-25 15:46:14.181,22.8125
2026-05-25 15:46:20.085,22.8125
2026-05-25 15:46:25.988,22.8125
2026-05-25 15:46:31.895,22.8125
2026-05-25 15:46:37.798,22.8125
2026-05-25 15:46:43.704,22.8125
2026-05-25 15:46:49.610,22.8125
2026-05-25 15:46:55.514,22.8125
2026-05-25 15:47:01.418,22.875
2026-05-25 15:47:07.324,22.8125
2026-05-25 15:47:13.228,22.8125
2026-05-25 15:47:19.132,22.8125
2026-05-25 15:47:25.036,22.8125
2026-05-25 15:47:30.940,22.8125
2026-05-25 15:47:36.843,22.875
2026-05-25 15:47:42.747,22.8125
2026-05-25 15:47:48.653,22.8125
2026-05-25 15:47:54.560,22.875
2026-05-25 15:48:00.466,22.8125
2026-05-25 15:48:06.369,22.875
2026-05-25 15:48:12.275,22.8125
2026-05-25 15:48:18.179,22.8125
2026-05-25 15:48:24.085,22.8125
2026-05-25 15:48:29.991,22.875
2026-05-25 15:48:35.897,22.8125
2026-05-25 15:48:41.802,22.8125
2026-05-25 15:48:47.706,22.8125
2026-05-25 15:48:53.611,22.8125
2026-05-25 15:48:59.515,22.8125
2026-05-25 15:49:05.418,22.8125
2026-05-25 15:49:11.324,22.8125
2026-05-25 15:49:17.228,22.875
2026-05-25 15:49:23.134,22.8125
2026-05-25 15:49:29.040,22.8125
2026-05-25 15:49:34.944,22.8125
2026-05-25 15:49:40.847,22.8125
2026-05-25 15:49:46.751,22.8125
2026-05-25 15:49:52.656,22.8125
2026-05-25 15:49:58.559,22.8125
2026-05-25 15:50:04.463,22.8125
2026-05-25 15:50:10.369,22.8125
2026-05-25 15:50:16.276,22.8125
2026-05-25 15:50:22.182,22.8125
2026-05-25 15:50:28.087,22.8125
2026-05-25 15:50:33.991,22.8125
2026-05-25 15:50:39.897,22.8125
2026-05-25 15:50:45.802,22.8125
2026-05-25 15:50:51.708,22.875
2026-05-25 15:50:57.611,22.875
2026-05-25 15:51:03.517,22.8125
2026-05-25 15:51:09.421,22.8125
2026-05-25 15:51:15.328,22.8125
2026-05-25 15:51:21.232,22.8125
2026-05-25 15:51:27.135,22.8125
2026-05-25 15:51:33.039,22.8125
2026-05-25 15:51:38.945,22.8125
2026-05-25 15:51:44.849,22.8125
2026-05-25 15:51:50.753,22.8125
2026-05-25 15:51:56.657,22.8125
2026-05-25 15:52:02.560,22.8125
2026-05-25 15:52:08.466,22.875
2026-05-25 15:52:14.372,22.8125
2026-05-25 15:52:20.276,22.8125
2026-05-25 15:52:26.180,22.8125
2026-05-25 15:52:32.083,22.8125
2026-05-25 15:52:37.989,22.8125
2026-05-25 15:52:43.896,22.875
2026-05-25 15:52:49.800,22.8125
2026-05-25 15:52:55.706,22.875
2026-05-25 15:53:01.609,22.875
2026-05-25 15:53:07.514,22.8125
2026-05-25 15:53:13.418,22.875
2026-05-25 15:53:19.321,22.875
2026-05-25 15:53:25.225,22.875
2026-05-25 15:53:31.129,22.8125
2026-05-25 15:53:37.035,22.8125
2026-05-25 15:53:42.939,22.8125
2026-05-25 15:53:48.845,22.8125
2026-05-25 15:53:54.749,22.875
2026-05-25 15:54:00.654,22.8125
2026-05-25 15:54:06.561,22.875
2026-05-25 15:54:12.465,22.8125
2026-05-25 15:54:18.369,22.8125
2026-05-25 15:54:24.275,22.8125
2026-05-25 15:54:30.178,22.875
2026-05-25 15:54:36.085,22.8125
2026-05-25 15:54:41.991,22.875
2026-05-25 15:54:47.895,22.875
2026-05-25 15:54:53.801,22.8125
2026-05-25 15:54:59.706,22.8125
2026-05-25 15:55:05.611,22.875
2026-05-25 15:55:11.514,22.875
2026-05-25 15:55:17.420,22.8125
2026-05-25 15:55:23.324,22.875
2026-05-25 15:55:29.228,22.875
2026-05-25 15:55:35.135,22.8125
2026-05-25 15:55:41.040,22.875
2026-05-25 15:55:46.946,22.875
2026-05-25 15:55:52.850,22.8125
2026-05-25 15:55:58.754,22.8125
2026-05-25 15:56:04.658,22.875
2026-05-25 15:56:10.564,22.8125
2026-05-25 15:56:16.467,22.8125
2026-05-25 15:56:22.373,22.8125
2026-05-25 15:56:28.280,22.8125
2026-05-25 15:56:34.186,22.8125
2026-05-25 15:56:40.092,22.8125
2026-05-25 15:56:45.995,22.875
2026-05-25 15:56:51.899,22.8125
2026-05-25 15:56:57.804,22.8125
2026-05-25 15:57:03.710,22.8125
2026-05-25 15:57:09.613,22.8125
2026-05-25 15:57:15.517,22.8125
2026-05-25 15:57:21.421,22.8125
2026-05-25 15:57:27.325,22.8125
2026-05-25 15:57:33.229,22.8125
2026-05-25 15:57:39.135,22.8125
2026-05-25 15:57:45.041,22.8125
2026-05-25 15:57:50.945,22.8125
2026-05-25 15:57:56.850,22.75
2026-05-25 15:58:02.753,22.875
2026-05-25 15:58:08.657,22.8125
2026-05-25 15:58:14.561,22.8125
2026-05-25 15:58:20.464,22.8125
2026-05-25 15:58:26.369,22.8125
2026-05-25 15:58:32.275,22.8125
2026-05-25 15:58:38.181,22.8125
2026-05-25 15:58:44.087,22.8125
2026-05-25 15:58:49.994,22.8125
2026-05-25 15:58:55.899,22.8125
2026-05-25 15:59:01.805,22.8125
2026-05-25 15:59:07.708,22.8125
2026-05-25 15:59:13.612,22.8125
2026-05-25 15:59:19.517,22.8125
2026-05-25 15:59:25.421,22.8125
2026-05-25 15:59:31.324,22.8125
2026-05-25 15:59:37.228,22.8125
2026-05-25 15:59:43.132,22.875
2026-05-25 15:59:49.036,22.8125
2026-05-25 15:59:54.940,22.8125
2026-05-25 16:00:00.844,22.8125
2026-05-25 16:00:06.747,22.8125
2026-05-25 16:00:12.653,22.875
2026-05-25 16:00:18.558,22.8125
2026-05-25 16:00:24.462,22.8125
2026-05-25 16:00:30.365,22.8125
2026-05-25 16:00:36.271,22.875
2026-05-25 16:00:42.177,22.8125
2026-05-25 16:00:48.081,22.8125
2026-05-25 16:00:53.985,22.8125
2026-05-25 16:00:59.889,22.8125
2026-05-25 16:01:05.793,22.8125
2026-05-25 16:01:11.698,22.8125
2026-05-25 16:01:17.603,22.8125
2026-05-25 16:01:23.507,22.875
2026-05-25 16:01:29.411,22.8125
2026-05-25 16:01:35.314,22.8125
2026-05-25 16:01:41.218,22.8125
2026-05-25 16:01:47.123,22.8125
2026-05-25 16:01:53.026,22.8125
2026-05-25 16:01:58.930,22.875
2026-05-25 16:02:04.834,22.8125
2026-05-25 16:02:10.738,22.8125
2026-05-25 16:02:16.642,22.8125
2026-05-25 16:02:22.548,22.8125
2026-05-25 16:02:28.453,22.8125
2026-05-25 16:02:34.359,22.8125
2026-05-25 16:02:40.263,22.8125
2026-05-25 16:02:46.167,22.8125
2026-05-25 16:02:52.071,22.8125
2026-05-25 16:02:57.976,22.8125
2026-05-25 16:03:03.882,22.8125
2026-05-25 16:03:09.789,22.8125
2026-05-25 16:03:15.693,22.8125
2026-05-25 16:03:21.597,22.8125
2026-05-25 16:03:27.500,22.8125
2026-05-25 16:03:33.404,22.8125
2026-05-25 16:03:39.309,22.8125
2026-05-25 16:03:45.212,22.8125
2026-05-25 16:03:51.118,22.8125
2026-05-25 16:03:57.022,22.8125
2026-05-25 16:04:02.928,22.8125
2026-05-25 16:04:08.833,22.875
2026-05-25 16:04:14.736,22.8125
2026-05-25 16:04:20.640,22.8125
2026-05-25 16:04:26.543,22.875
2026-05-25 16:04:32.449,22.8125
2026-05-25 16:04:38.356,22.8125
2026-05-25 16:04:44.262,22.8125
2026-05-25 16:04:50.168,22.8125
2026-05-25 16:04:56.071,22.8125
2026-05-25 16:05:01.976,22.8125
2026-05-25 16:05:07.880,22.875
2026-05-25 16:05:13.783,22.8125
2026-05-25 16:05:19.687,22.8125
2026-05-25 16:05:25.593,22.8125
2026-05-25 16:05:31.498,22.875
2026-05-25 16:05:37.404,22.8125
2026-05-25 16:05:43.309,22.8125
2026-05-25 16:05:49.215,22.8125
2026-05-25 16:05:55.118,22.8125
2026-05-25 16:06:01.023,22.875
2026-05-25 16:06:06.927,22.8125
2026-05-25 16:06:12.833,22.8125
2026-05-25 16:06:18.736,22.8125
2026-05-25 16:06:24.640,22.8125
2026-05-25 16:06:30.546,22.875
2026-05-25 16:06:36.452,22.8125
2026-05-25 16:06:42.358,22.8125
2026-05-25 16:06:48.262,22.8125
2026-05-25 16:06:54.165,22.8125
2026-05-25 16:07:00.070,22.8125
2026-05-25 16:07:05.974,22.8125
2026-05-25 16:07:11.878,22.8125
2026-05-25 16:07:17.783,22.8125
2026-05-25 16:07:23.689,22.8125
2026-05-25 16:07:29.594,22.8125
2026-05-25 16:07:35.498,22.875
2026-05-25 16:07:41.401,22.875
2026-05-25 16:07:47.305,22.875
2026-05-25 16:07:53.210,22.8125
2026-05-25 16:07:59.113,22.875
2026-05-25 16:08:05.017,22.8125
2026-05-25 16:08:10.921,22.8125
2026-05-25 16:08:16.824,22.8125
2026-05-25 16:08:22.729,22.8125
2026-05-25 16:08:28.633,22.875
2026-05-25 16:08:34.536,22.875
2026-05-25 16:08:40.442,22.8125
2026-05-25 16:08:46.348,22.8125
2026-05-25 16:08:52.255,22.8125
2026-05-25 16:08:58.160,22.875
2026-05-25 16:09:04.064,22.8125
2026-05-25 16:09:09.968,22.8125
2026-05-25 16:09:15.871,22.8125
2026-05-25 16:09:21.776,22.8125
2026-05-25 16:09:27.680,22.8125
2026-05-25 16:09:33.585,22.8125
2026-05-25 16:09:39.491,22.875
2026-05-25 16:09:45.397,22.875
2026-05-25 16:09:51.304,22.8125
2026-05-25 16:09:57.210,22.8125
2026-05-25 16:10:03.116,22.8125
2026-05-25 16:10:09.019,22.8125
2026-05-25 16:10:14.923,22.8125
2026-05-25 16:10:20.828,22.8125
2026-05-25 16:10:26.731,22.8125
2026-05-25 16:10:32.635,22.8125
2026-05-25 16:10:38.539,22.8125
2026-05-25 16:10:44.443,22.8125
2026-05-25 16:10:50.347,22.8125
2026-05-25 16:10:56.253,22.8125
2026-05-25 16:11:02.157,22.8125
2026-05-25 16:11:08.060,22.8125
2026-05-25 16:11:13.967,22.8125
2026-05-25 16:11:19.873,22.8125
2026-05-25 16:11:25.779,22.8125
2026-05-25 16:11:31.682,22.8125
2026-05-25 16:11:37.586,22.8125
2026-05-25 16:11:43.491,22.8125
2026-05-25 16:11:49.395,22.8125
2026-05-25 16:11:55.298,22.8125
2026-05-25 16:12:01.204,22.8125
2026-05-25 16:12:07.110,22.875
2026-05-25 16:12:13.015,22.8125
2026-05-25 16:12:18.918,22.8125
2026-05-25 16:12:24.822,22.8125
2026-05-25 16:12:30.725,22.8125
2026-05-25 16:12:36.629,22.8125
2026-05-25 16:12:42.534,22.8125
2026-05-25 16:12:48.440,22.8125
2026-05-25 16:12:54.345,22.8125
2026-05-25 16:13:00.249,22.8125
2026-05-25 16:13:06.154,22.8125
2026-05-25 16:13:12.059,22.8125
2026-05-25 16:13:17.963,22.8125
2026-05-25 16:13:23.867,22.8125
2026-05-25 16:13:29.770,22.8125
2026-05-25 16:13:35.679,22.8125
2026-05-25 16:13:41.585,22.8125
2026-05-25 16:13:47.491,22.8125
2026-05-25 16:13:53.396,22.8125
2026-05-25 16:13:59.302,22.8125
2026-05-25 16:14:05.206,22.8125
2026-05-25 16:14:11.110,22.8125
2026-05-25 16:14:17.014,22.8125
2026-05-25 16:14:22.917,22.8125
2026-05-25 16:14:28.823,22.8125
2026-05-25 16:14:34.730,22.8125
2026-05-25 16:14:40.636,22.8125
2026-05-25 16:14:46.542,22.8125
2026-05-25 16:14:52.448,22.8125
2026-05-25 16:14:58.354,22.8125
2026-05-25 16:15:04.261,22.8125
2026-05-25 16:15:10.167,22.8125
2026-05-25 16:15:16.072,22.8125
2026-05-25 16:15:21.978,22.8125
2026-05-25 16:15:27.883,22.8125
2026-05-25 16:15:33.788,22.8125
2026-05-25 16:15:39.692,22.8125
2026-05-25 16:15:45.596,22.8125
2026-05-25 16:15:51.501,22.8125
2026-05-25 16:15:57.407,22.8125
2026-05-25 16:16:03.314,22.875
2026-05-25 16:16:09.220,22.8125
2026-05-25 16:16:15.126,22.8125
2026-05-25 16:16:21.032,22.875
2026-05-25 16:16:26.938,22.875
2026-05-25 16:16:32.842,22.875
2026-05-25 16:16:38.748,22.875
2026-05-25 16:16:44.652,22.8125
2026-05-25 16:16:50.555,22.875
2026-05-25 16:16:56.462,22.875
2026-05-25 16:17:02.368,22.8125
2026-05-25 16:17:08.272,22.8125
2026-05-25 16:17:14.175,22.8125
2026-05-25 16:17:20.079,22.875
2026-05-25 16:17:25.984,22.875
2026-05-25 16:17:31.887,22.8125
2026-05-25 16:17:37.791,22.875
2026-05-25 16:17:43.697,22.8125
2026-05-25 16:17:49.601,22.8125
2026-05-25 16:17:55.508,22.8125
2026-05-25 16:18:01.413,22.8125
2026-05-25 16:18:07.317,22.8125
2026-05-25 16:18:13.221,22.8125
2026-05-25 16:18:19.124,22.8125
2026-05-25 16:18:25.029,22.875
2026-05-25 16:18:30.935,22.8125
2026-05-25 16:18:36.841,22.8125
2026-05-25 16:18:42.747,22.8125
2026-05-25 16:18:48.652,22.8125
2026-05-25 16:18:54.559,22.8125
2026-05-25 16:19:00.463,22.8125
2026-05-25 16:19:06.368,22.8125
2026-05-25 16:19:12.274,22.8125
2026-05-25 16:19:18.180,22.8125
2026-05-25 16:19:24.085,22.8125
2026-05-25 16:19:29.988,22.8125
2026-05-25 16:19:35.894,22.8125
2026-05-25 16:19:41.800,22.8125
2026-05-25 16:19:47.707,22.875
2026-05-25 16:19:53.613,22.8125
2026-05-25 16:19:59.516,22.8125
2026-05-25 16:20:05.420,22.8125
2026-05-25 16:20:11.324,22.8125
2026-05-25 16:20:17.228,22.8125
2026-05-25 16:20:23.132,22.8125
2026-05-25 16:20:29.038,22.875
2026-05-25 16:20:34.946,22.875
2026-05-25 16:20:40.851,22.8125
2026-05-25 16:20:46.756,22.8125
2026-05-25 16:20:52.662,22.8125
2026-05-25 16:20:58.565,22.8125
2026-05-25 16:21:04.469,22.8125
2026-05-25 16:21:10.373,22.875
2026-05-25 16:21:16.277,22.875
2026-05-25 16:21:22.183,22.875
2026-05-25 16:21:28.086,22.875
2026-05-25 16:21:33.992,22.8125
2026-05-25 16:21:39.898,22.8125
2026-05-25 16:21:45.804,22.875
2026-05-25 16:21:51.710,22.8125
2026-05-25 16:21:57.616,22.875
2026-05-25 16:22:03.520,22.8125
2026-05-25 16:22:09.423,22.8125
2026-05-25 16:22:15.328,22.8125
2026-05-25 16:22:21.232,22.875
2026-05-25 16:22:27.135,22.875
2026-05-25 16:22:33.039,22.8125
2026-05-25 16:22:38.944,22.8125
2026-05-25 16:22:44.849,22.8125
2026-05-25 16:22:50.755,22.8125
2026-05-25 16:22:56.661,22.8125
2026-05-25 16:23:02.567,22.8125
2026-05-25 16:23:08.474,22.8125
2026-05-25 16:23:14.380,22.875
2026-05-25 16:23:20.285,22.875
2026-05-25 16:23:26.191,22.875
2026-05-25 16:23:32.096,22.8125
2026-05-25 16:23:38.003,22.8125
2026-05-25 16:23:43.907,22.875
2026-05-25 16:23:49.811,22.875
2026-05-25 16:23:55.714,22.8125
2026-05-25 16:24:01.620,22.8125
2026-05-25 16:24:07.527,22.8125
2026-05-25 16:24:13.433,22.8125
2026-05-25 16:24:19.339,22.875
2026-05-25 16:24:25.242,22.8125
2026-05-25 16:24:31.146,22.8125
2026-05-25 16:24:37.051,22.8125
2026-05-25 16:24:42.954,22.875
2026-05-25 16:24:48.858,22.8125
2026-05-25 16:24:54.762,22.8125
2026-05-25 16:25:00.667,22.875
2026-05-25 16:25:06.574,22.8125
2026-05-25 16:25:12.480,22.8125
2026-05-25 16:25:18.385,22.8125
2026-05-25 16:25:24.291,22.8125
2026-05-25 16:25:30.198,22.875
2026-05-25 16:25:36.101,22.8125
2026-05-25 16:25:42.005,22.8125
2026-05-25 16:25:47.909,22.8125
2026-05-25 16:25:53.812,22.8125
2026-05-25 16:25:59.719,22.8125
2026-05-25 16:26:05.623,22.8125
2026-05-25 16:26:11.529,22.8125
2026-05-25 16:26:17.434,22.8125
2026-05-25 16:26:23.338,22.8125
2026-05-25 16:26:29.243,22.8125
2026-05-25 16:26:35.147,22.8125
2026-05-25 16:26:41.050,22.8125
2026-05-25 16:26:46.956,22.8125
2026-05-25 16:26:52.859,22.8125
2026-05-25 16:26:58.766,22.8125
2026-05-25 16:27:04.672,22.8125
2026-05-25 16:27:10.578,22.8125
2026-05-25 16:27:16.484,22.8125
2026-05-25 16:27:22.388,22.8125
2026-05-25 16:27:28.294,22.8125
2026-05-25 16:27:34.198,22.875
2026-05-25 16:27:40.102,22.8125
2026-05-25 16:27:46.005,22.8125
2026-05-25 16:27:51.909,22.8125
2026-05-25 16:27:57.814,22.875
2026-05-25 16:28:03.718,22.8125
2026-05-25 16:28:09.621,22.8125
2026-05-25 16:28:15.527,22.8125
2026-05-25 16:28:21.434,22.8125
2026-05-25 16:28:27.339,22.8125
2026-05-25 16:28:33.243,22.8125
2026-05-25 16:28:39.147,22.8125
2026-05-25 16:28:45.050,22.8125
2026-05-25 16:28:50.955,22.8125
2026-05-25 16:28:56.859,22.8125
2026-05-25 16:29:02.762,22.8125
2026-05-25 16:29:08.668,22.8125
2026-05-25 16:29:14.574,22.8125
2026-05-25 16:29:20.479,22.8125
2026-05-25 16:29:26.384,22.8125
2026-05-25 16:29:32.290,22.875
2026-05-25 16:29:38.193,22.875
2026-05-25 16:29:44.099,22.8125
2026-05-25 16:29:50.006,22.8125
2026-05-25 16:29:55.909,22.875
2026-05-25 16:30:01.813,22.8125
2026-05-25 16:30:07.717,22.8125
2026-05-25 16:30:13.620,22.8125
2026-05-25 16:30:19.529,22.8125
2026-05-25 16:30:25.432,22.875
2026-05-25 16:30:31.336,22.8125
2026-05-25 16:30:37.241,22.8125
2026-05-25 16:30:43.147,22.8125
2026-05-25 16:30:49.054,22.8125
2026-05-25 16:30:54.960,22.8125
2026-05-25 16:31:00.864,22.8125
2026-05-25 16:31:06.768,22.8125
2026-05-25 16:31:12.671,22.875
2026-05-25 16:31:18.576,22.8125
2026-05-25 16:31:24.479,22.8125
2026-05-25 16:31:30.385,22.875
2026-05-25 16:31:36.291,22.8125
2026-05-25 16:31:42.198,22.8125
2026-05-25 16:31:48.104,22.8125
2026-05-25 16:31:54.009,22.875
2026-05-25 16:31:59.913,22.8125
2026-05-25 16:32:05.816,22.875
2026-05-25 16:32:11.721,22.8125
2026-05-25 16:32:17.627,22.875
2026-05-25 16:32:23.534,22.8125
2026-05-25 16:32:29.440,22.8125
2026-05-25 16:32:35.344,22.875
2026-05-25 16:32:41.249,22.875
2026-05-25 16:32:47.154,22.875
2026-05-25 16:32:53.059,22.8125
2026-05-25 16:32:58.963,22.8125
2026-05-25 16:33:04.867,22.8125
2026-05-25 16:33:10.774,22.8125
2026-05-25 16:33:16.677,22.8125
2026-05-25 16:33:22.581,22.8125
2026-05-25 16:33:28.487,22.8125
2026-05-25 16:33:34.393,22.875
2026-05-25 16:33:40.300,22.8125
2026-05-25 16:33:46.203,22.8125
2026-05-25 16:33:52.107,22.875
2026-05-25 16:33:58.010,22.875
2026-05-25 16:34:03.914,22.8125
2026-05-25 16:34:09.819,22.8125
2026-05-25 16:34:15.722,22.8125
2026-05-25 16:34:21.626,22.8125
2026-05-25 16:34:27.530,22.8125
2026-05-25 16:34:33.436,22.8125
2026-05-25 16:34:39.340,22.8125
2026-05-25 16:34:45.244,22.875
2026-05-25 16:34:51.147,22.8125
2026-05-25 16:34:57.051,22.8125
2026-05-25 16:35:02.956,22.8125
2026-05-25 16:35:08.859,22.8125
2026-05-25 16:35:14.763,22.8125
2026-05-25 16:35:20.667,22.8125
2026-05-25 16:35:26.573,22.8125
2026-05-25 16:35:32.479,22.875
2026-05-25 16:35:38.383,22.8125
2026-05-25 16:35:44.289,22.8125
2026-05-25 16:35:50.195,22.8125
2026-05-25 16:35:56.098,22.8125
2026-05-25 16:36:02.003,22.8125
2026-05-25 16:36:07.906,22.875
2026-05-25 16:36:13.812,22.8125
2026-05-25 16:36:19.718,22.8125
2026-05-25 16:36:25.624,22.8125
2026-05-25 16:36:31.531,22.875
2026-05-25 16:36:37.434,22.8125
2026-05-25 16:36:43.338,22.8125
2026-05-25 16:36:49.242,22.8125
2026-05-25 16:36:55.148,22.8125
2026-05-25 16:37:01.055,22.875
2026-05-25 16:37:06.958,22.8125
2026-05-25 16:37:12.864,22.8125
2026-05-25 16:37:18.770,22.8125
2026-05-25 16:37:24.675,22.8125
2026-05-25 16:37:30.578,22.8125
2026-05-25 16:37:36.482,22.8125
2026-05-25 16:37:42.385,22.875
2026-05-25 16:37:48.291,22.875
2026-05-25 16:37:54.196,22.8125
2026-05-25 16:38:00.099,22.8125
2026-05-25 16:38:06.003,22.875
2026-05-25 16:38:11.907,22.8125
2026-05-25 16:38:17.812,22.8125
2026-05-25 16:38:23.717,22.8125
2026-05-25 16:38:29.625,22.8125
2026-05-25 16:38:35.528,22.8125
2026-05-25 16:38:41.432,22.8125
2026-05-25 16:38:47.335,22.875
2026-05-25 16:38:53.240,22.875
2026-05-25 16:38:59.146,22.875
2026-05-25 16:39:05.049,22.8125
2026-05-25 16:39:10.953,22.8125
2026-05-25 16:39:16.856,22.8125
2026-05-25 16:39:22.761,22.8125
2026-05-25 16:39:28.669,22.8125
2026-05-25 16:39:34.575,22.875
2026-05-25 16:39:40.481,22.8125
2026-05-25 16:39:46.384,22.8125
2026-05-25 16:39:52.289,22.8125
2026-05-25 16:39:58.195,22.8125
2026-05-25 16:40:04.098,22.8125
2026-05-25 16:40:10.004,22.8125
2026-05-25 16:40:15.911,22.8125
2026-05-25 16:40:21.817,22.8125
2026-05-25 16:40:27.721,22.8125
2026-05-25 16:40:33.624,22.8125
2026-05-25 16:40:39.528,22.875
2026-05-25 16:40:45.433,22.8125
2026-05-25 16:40:51.336,22.8125
2026-05-25 16:40:57.240,22.8125
2026-05-25 16:41:03.146,22.8125
2026-05-25 16:41:09.050,22.8125
2026-05-25 16:41:14.957,22.8125
2026-05-25 16:41:20.862,22.8125
2026-05-25 16:41:26.768,22.8125
2026-05-25 16:41:32.674,22.8125
2026-05-25 16:41:38.580,22.875
2026-05-25 16:41:44.487,22.8125
2026-05-25 16:41:50.393,22.8125
2026-05-25 16:41:56.296,22.8125
2026-05-25 16:42:02.200,22.8125
2026-05-25 16:42:08.104,22.8125
2026-05-25 16:42:14.008,22.8125
2026-05-25 16:42:19.914,22.8125
2026-05-25 16:42:25.820,22.8125
2026-05-25 16:42:31.723,22.875
2026-05-25 16:42:37.629,22.8125
2026-05-25 16:42:43.533,22.8125
2026-05-25 16:42:49.441,22.8125
2026-05-25 16:42:55.347,22.8125
2026-05-25 16:43:01.251,22.875
2026-05-25 16:43:07.157,22.8125
2026-05-25 16:43:13.063,22.8125
2026-05-25 16:43:18.969,22.8125
2026-05-25 16:43:24.873,22.8125
2026-05-25 16:43:30.776,22.8125
2026-05-25 16:43:36.681,22.8125
2026-05-25 16:43:42.585,22.8125
2026-05-25 16:43:48.488,22.8125
2026-05-25 16:43:54.394,22.8125
2026-05-25 16:44:00.297,22.8125
2026-05-25 16:44:06.202,22.8125
2026-05-25 16:44:12.108,22.8125
2026-05-25 16:44:18.012,22.8125
2026-05-25 16:44:23.915,22.8125
2026-05-25 16:44:29.819,22.8125
2026-05-25 16:44:35.724,22.8125
2026-05-25 16:44:41.627,22.8125
2026-05-25 16:44:47.533,22.8125
2026-05-25 16:44:53.438,22.8125
2026-05-25 16:44:59.344,22.8125
2026-05-25 16:45:05.248,22.8125
2026-05-25 16:45:11.152,22.875
2026-05-25 16:45:17.058,22.8125
2026-05-25 16:45:22.962,22.8125
2026-05-25 16:45:28.868,22.875
2026-05-25 16:45:34.774,22.8125
2026-05-25 16:45:40.678,22.8125
2026-05-25 16:45:46.584,22.8125
2026-05-25 16:45:52.487,22.8125
2026-05-25 16:45:58.391,22.8125
2026-05-25 16:46:04.298,22.8125
2026-05-25 16:46:10.204,22.875
2026-05-25 16:46:16.109,22.8125
2026-05-25 16:46:22.013,22.8125
2026-05-25 16:46:27.920,22.8125
2026-05-25 16:46:33.826,22.8125
2026-05-25 16:46:39.732,22.875
2026-05-25 16:46:45.635,22.8125
2026-05-25 16:46:51.541,22.8125
2026-05-25 16:46:57.446,22.8125
2026-05-25 16:47:03.350,22.8125
2026-05-25 16:47:09.254,22.8125
2026-05-25 16:47:15.157,22.875
2026-05-25 16:47:21.063,22.8125
2026-05-25 16:47:26.970,22.8125
2026-05-25 16:47:32.874,22.8125
2026-05-25 16:47:38.779,22.8125
2026-05-25 16:47:44.683,22.8125
2026-05-25 16:47:50.587,22.8125
2026-05-25 16:47:56.492,22.8125
2026-05-25 16:48:02.395,22.8125
2026-05-25 16:48:08.301,22.8125
2026-05-25 16:48:14.207,22.8125
2026-05-25 16:48:20.113,22.8125
2026-05-25 16:48:26.019,22.8125
2026-05-25 16:48:31.925,22.8125
2026-05-25 16:48:37.829,22.8125
2026-05-25 16:48:43.733,22.8125
2026-05-25 16:48:49.638,22.8125
2026-05-25 16:48:55.545,22.8125
2026-05-25 16:49:01.451,22.8125
2026-05-25 16:49:07.357,22.875
2026-05-25 16:49:13.263,22.8125
2026-05-25 16:49:19.170,22.8125
2026-05-25 16:49:25.075,22.8125
2026-05-25 16:49:30.981,22.8125
2026-05-25 16:49:36.885,22.8125
2026-05-25 16:49:42.791,22.8125
2026-05-25 16:49:48.698,22.8125
2026-05-25 16:49:54.601,22.8125
2026-05-25 16:50:00.505,22.8125
2026-05-25 16:50:06.409,22.8125
2026-05-25 16:50:12.315,22.8125
2026-05-25 16:50:18.221,22.8125
2026-05-25 16:50:24.125,22.8125
2026-05-25 16:50:30.029,22.8125
2026-05-25 16:50:35.935,22.8125
2026-05-25 16:50:41.840,22.875
2026-05-25 16:50:47.747,22.8125
2026-05-25 16:50:53.651,22.8125
2026-05-25 16:50:59.555,22.8125
2026-05-25 16:51:05.458,22.8125
2026-05-25 16:51:11.362,22.8125
2026-05-25 16:51:17.267,22.8125
2026-05-25 16:51:23.172,22.8125
2026-05-25 16:51:29.076,22.75
2026-05-25 16:51:34.982,22.8125
2026-05-25 16:51:40.888,22.8125
2026-05-25 16:51:46.795,22.8125
2026-05-25 16:51:52.698,22.8125
2026-05-25 16:51:58.602,22.8125
2026-05-25 16:52:04.506,22.8125
2026-05-25 16:52:10.413,22.8125
2026-05-25 16:52:16.316,22.8125
2026-05-25 16:52:22.222,22.8125
2026-05-25 16:52:28.128,22.8125
2026-05-25 16:52:34.034,22.8125
2026-05-25 16:52:39.941,22.8125
2026-05-25 16:52:45.844,22.8125
2026-05-25 16:52:51.748,22.8125
2026-05-25 16:52:57.654,22.8125
2026-05-25 16:53:03.561,22.8125
2026-05-25 16:53:09.468,22.8125
2026-05-25 16:53:15.372,22.875
2026-05-25 16:53:21.278,22.875
2026-05-25 16:53:27.182,22.8125
2026-05-25 16:53:33.085,22.8125
2026-05-25 16:53:38.992,22.8125
2026-05-25 16:53:44.898,22.8125
2026-05-25 16:53:50.804,22.8125
2026-05-25 16:53:56.710,22.875
2026-05-25 16:54:02.615,22.8125
2026-05-25 16:54:08.520,22.8125
2026-05-25 16:54:14.424,22.8125
2026-05-25 16:54:20.327,22.8125
2026-05-25 16:54:26.233,22.8125
2026-05-25 16:54:32.136,22.8125
2026-05-25 16:54:38.043,22.8125
2026-05-25 16:54:43.949,22.8125
2026-05-25 16:54:49.853,22.8125
2026-05-25 16:54:55.756,22.8125
2026-05-25 16:55:01.661,22.8125
2026-05-25 16:55:07.565,22.8125
2026-05-25 16:55:13.470,22.8125
2026-05-25 16:55:19.374,22.8125
2026-05-25 16:55:25.278,22.8125
2026-05-25 16:55:31.184,22.8125
2026-05-25 16:55:37.088,22.8125
2026-05-25 16:55:42.992,22.8125
2026-05-25 16:55:48.895,22.8125
2026-05-25 16:55:54.799,22.8125
2026-05-25 16:56:00.706,22.8125
2026-05-25 16:56:06.611,22.8125
2026-05-25 16:56:12.515,22.8125
2026-05-25 16:56:18.421,22.8125
2026-05-25 16:56:24.325,22.875
2026-05-25 16:56:30.229,22.8125
2026-05-25 16:56:36.133,22.8125
2026-05-25 16:56:42.036,22.8125
2026-05-25 16:56:47.940,22.875
2026-05-25 16:56:53.844,22.875
2026-05-25 16:56:59.751,22.8125
2026-05-25 16:57:05.657,22.8125
2026-05-25 16:57:11.562,22.8125
2026-05-25 16:57:17.466,22.8125
2026-05-25 16:57:23.369,22.8125
2026-05-25 16:57:29.276,22.8125
2026-05-25 16:57:35.182,22.8125
2026-05-25 16:57:41.086,22.8125
2026-05-25 16:57:46.991,22.8125
2026-05-25 16:57:52.896,22.8125
2026-05-25 16:57:58.799,22.8125
2026-05-25 16:58:04.703,22.8125
2026-05-25 16:58:10.607,22.8125
2026-05-25 16:58:16.511,22.8125
2026-05-25 16:58:22.415,22.8125
2026-05-25 16:58:28.321,22.8125
2026-05-25 16:58:34.225,22.8125
2026-05-25 16:58:40.128,22.8125
2026-05-25 16:58:46.032,22.8125
2026-05-25 16:58:51.939,22.8125
2026-05-25 16:58:57.845,22.8125
2026-05-25 16:59:03.751,22.8125
2026-05-25 16:59:09.654,22.8125
2026-05-25 16:59:15.560,22.8125
2026-05-25 16:59:21.465,22.8125
2026-05-25 16:59:27.369,22.8125
2026-05-25 16:59:33.272,22.8125
2026-05-25 16:59:39.176,22.8125
2026-05-25 16:59:45.080,22.8125
2026-05-25 16:59:50.986,22.8125
2026-05-25 16:59:56.892,22.8125
2026-05-25 17:00:02.800,22.8125
2026-05-25 17:00:08.705,22.8125
2026-05-25 17:00:14.611,22.8125
2026-05-25 17:00:20.516,22.8125
2026-05-25 17:00:26.422,22.8125
2026-05-25 17:00:32.325,22.8125
2026-05-25 17:00:38.231,22.8125
2026-05-25 17:00:44.135,22.8125
2026-05-25 17:00:50.039,22.8125
2026-05-25 17:00:55.945,22.8125
2026-05-25 17:01:01.851,22.75
2026-05-25 17:01:07.756,22.8125
2026-05-25 17:01:13.661,22.8125
2026-05-25 17:01:19.565,22.8125
2026-05-25 17:01:25.471,22.8125
2026-05-25 17:01:31.376,22.8125
2026-05-25 17:01:37.280,22.8125
2026-05-25 17:01:43.185,22.8125
2026-05-25 17:01:49.090,22.8125
2026-05-25 17:01:54.998,22.8125
2026-05-25 17:02:00.901,22.875
2026-05-25 17:02:06.805,22.8125
2026-05-25 17:02:12.710,22.8125
2026-05-25 17:02:18.613,22.8125
2026-05-25 17:02:24.517,22.8125
2026-05-25 17:02:30.421,22.8125
2026-05-25 17:02:36.324,22.8125
2026-05-25 17:02:42.231,22.8125
2026-05-25 17:02:48.137,22.8125
2026-05-25 17:02:54.043,22.8125
2026-05-25 17:02:59.949,22.8125
2026-05-25 17:03:05.852,22.8125
2026-05-25 17:03:11.757,22.8125
2026-05-25 17:03:17.661,22.8125
2026-05-25 17:03:23.564,22.8125
2026-05-25 17:03:29.468,22.8125
2026-05-25 17:03:35.372,22.8125
2026-05-25 17:03:41.276,22.75
2026-05-25 17:03:47.180,22.8125
2026-05-25 17:03:53.086,22.8125
2026-05-25 17:03:58.989,22.8125
2026-05-25 17:04:04.896,22.8125
2026-05-25 17:04:10.802,22.875
2026-05-25 17:04:16.707,22.8125
2026-05-25 17:04:22.613,22.8125
2026-05-25 17:04:28.518,22.8125
2026-05-25 17:04:34.423,22.8125
2026-05-25 17:04:40.327,22.8125
2026-05-25 17:04:46.230,22.8125
2026-05-25 17:04:52.136,22.8125
2026-05-25 17:04:58.040,22.8125
2026-05-25 17:05:03.947,22.8125
2026-05-25 17:05:09.850,22.8125
2026-05-25 17:05:15.754,22.8125
2026-05-25 17:05:21.658,22.8125
2026-05-25 17:05:27.561,22.8125
2026-05-25 17:05:33.466,22.8125
2026-05-25 17:05:39.370,22.8125
2026-05-25 17:05:45.273,22.8125
2026-05-25 17:05:51.177,22.8125
2026-05-25 17:05:57.083,22.8125
2026-05-25 17:06:02.987,22.8125
2026-05-25 17:06:08.891,22.875
2026-05-25 17:06:14.797,22.8125
2026-05-25 17:06:20.703,22.8125
2026-05-25 17:06:26.607,22.8125
2026-05-25 17:06:32.513,22.8125
2026-05-25 17:06:38.418,22.8125
2026-05-25 17:06:44.322,22.8125
2026-05-25 17:06:50.226,22.8125
2026-05-25 17:06:56.133,22.8125
2026-05-25 17:07:02.036,22.8125
2026-05-25 17:07:07.940,22.8125
2026-05-25 17:07:13.843,22.8125
2026-05-25 17:07:19.749,22.8125
2026-05-25 17:07:25.656,22.8125
2026-05-25 17:07:31.562,22.8125
2026-05-25 17:07:37.466,22.8125
2026-05-25 17:07:43.372,22.8125
2026-05-25 17:07:49.277,22.875
2026-05-25 17:07:55.182,22.8125
2026-05-25 17:08:01.086,22.8125
2026-05-25 17:08:06.989,22.8125
2026-05-25 17:08:12.893,22.8125
2026-05-25 17:08:18.797,22.8125
2026-05-25 17:08:24.701,22.8125
2026-05-25 17:08:30.605,22.8125
2026-05-25 17:08:36.511,22.8125
2026-05-25 17:08:42.417,22.875
2026-05-25 17:08:48.320,22.8125
2026-05-25 17:08:54.225,22.8125
2026-05-25 17:09:00.128,22.8125
2026-05-25 17:09:06.032,22.8125
2026-05-25 17:09:11.936,22.8125
2026-05-25 17:09:17.841,22.8125
2026-05-25 17:09:23.748,22.8125
2026-05-25 17:09:29.653,22.8125
2026-05-25 17:09:35.559,22.875
2026-05-25 17:09:41.465,22.8125
2026-05-25 17:09:47.369,22.8125
2026-05-25 17:09:53.273,22.8125
2026-05-25 17:09:59.177,22.875
2026-05-25 17:10:05.083,22.8125
2026-05-25 17:10:10.988,22.8125
2026-05-25 17:10:16.895,22.8125
2026-05-25 17:10:22.799,22.875
2026-05-25 17:10:28.704,22.8125
2026-05-25 17:10:34.610,22.8125
2026-05-25 17:10:40.513,22.8125
2026-05-25 17:10:46.418,22.8125
2026-05-25 17:10:52.324,22.8125
2026-05-25 17:10:58.227,22.8125
2026-05-25 17:11:04.131,22.8125
2026-05-25 17:11:10.035,22.875
2026-05-25 17:11:15.941,22.8125
2026-05-25 17:11:21.845,22.8125
2026-05-25 17:11:27.748,22.8125
2026-05-25 17:11:33.654,22.8125
2026-05-25 17:11:39.558,22.8125
2026-05-25 17:11:45.464,22.875
2026-05-25 17:11:51.370,22.8125
2026-05-25 17:11:57.273,22.8125
2026-05-25 17:12:03.177,22.8125
2026-05-25 17:12:09.081,22.8125
2026-05-25 17:12:14.985,22.875
2026-05-25 17:12:20.889,22.8125
2026-05-25 17:12:26.792,22.8125
2026-05-25 17:12:32.696,22.8125
2026-05-25 17:12:38.601,22.8125
2026-05-25 17:12:44.504,22.8125
2026-05-25 17:12:50.410,22.8125
2026-05-25 17:12:56.316,22.8125
2026-05-25 17:13:02.222,22.8125
2026-05-25 17:13:08.129,22.8125
2026-05-25 17:13:14.035,22.8125
2026-05-25 17:13:19.941,22.8125
2026-05-25 17:13:25.846,22.8125
2026-05-25 17:13:31.750,22.875
2026-05-25 17:13:37.655,22.8125
2026-05-25 17:13:43.558,22.875
2026-05-25 17:13:49.462,22.8125
2026-05-25 17:13:55.366,22.8125
2026-05-25 17:14:01.271,22.8125
2026-05-25 17:14:07.178,22.8125
2026-05-25 17:14:13.081,22.8125
2026-05-25 17:14:18.987,22.8125
2026-05-25 17:14:24.890,22.8125
2026-05-25 17:14:30.797,22.8125
2026-05-25 17:14:36.701,22.8125
2026-05-25 17:14:42.606,22.8125
2026-05-25 17:14:48.510,22.8125
2026-05-25 17:14:54.414,22.8125
2026-05-25 17:15:00.318,22.8125
2026-05-25 17:15:06.222,22.8125
2026-05-25 17:15:12.126,22.8125
2026-05-25 17:15:18.029,22.8125
2026-05-25 17:15:23.935,22.8125
2026-05-25 17:15:29.841,22.8125
2026-05-25 17:15:35.748,22.8125
2026-05-25 17:15:41.654,22.8125
2026-05-25 17:15:47.559,22.8125
2026-05-25 17:15:53.465,22.8125
2026-05-25 17:15:59.372,22.8125
2026-05-25 17:16:05.277,22.8125
2026-05-25 17:16:11.183,22.8125
2026-05-25 17:16:17.087,22.8125
2026-05-25 17:16:22.990,22.8125
2026-05-25 17:16:28.895,22.8125
2026-05-25 17:16:34.801,22.8125
2026-05-25 17:16:40.707,22.8125
2026-05-25 17:16:46.610,22.8125
2026-05-25 17:16:52.514,22.8125
2026-05-25 17:16:58.421,22.8125
2026-05-25 17:17:04.327,22.8125
2026-05-25 17:17:10.233,22.8125
2026-05-25 17:17:16.139,22.8125
2026-05-25 17:17:22.042,22.8125
2026-05-25 17:17:27.949,22.8125
2026-05-25 17:17:33.852,22.8125
2026-05-25 17:17:39.758,22.8125
2026-05-25 17:17:45.662,22.8125
2026-05-25 17:17:51.565,22.8125
2026-05-25 17:17:57.470,22.875
2026-05-25 17:18:03.376,22.8125
2026-05-25 17:18:09.282,22.8125
2026-05-25 17:18:15.188,22.8125
2026-05-25 17:18:21.093,22.8125
2026-05-25 17:18:26.998,22.8125
2026-05-25 17:18:32.904,22.875
2026-05-25 17:18:38.810,22.8125
2026-05-25 17:18:44.713,22.8125
2026-05-25 17:18:50.618,22.8125
2026-05-25 17:18:56.522,22.8125
2026-05-25 17:19:02.428,22.8125
2026-05-25 17:19:08.333,22.8125
2026-05-25 17:19:14.237,22.8125
2026-05-25 17:19:20.142,22.8125
2026-05-25 17:19:26.048,22.8125
2026-05-25 17:19:31.951,22.8125
2026-05-25 17:19:37.855,22.875
2026-05-25 17:19:43.759,22.8125
2026-05-25 17:19:49.664,22.8125
2026-05-25 17:19:55.567,22.8125
2026-05-25 17:20:01.471,22.8125
2026-05-25 17:20:07.377,22.8125
2026-05-25 17:20:13.282,22.8125
2026-05-25 17:20:19.191,22.8125
2026-05-25 17:20:25.094,22.875
2026-05-25 17:20:31.000,22.8125
2026-05-25 17:20:36.906,22.8125
2026-05-25 17:20:42.812,22.8125
2026-05-25 17:20:48.716,22.8125
2026-05-25 17:20:54.623,22.8125
2026-05-25 17:21:00.526,22.8125
2026-05-25 17:21:06.430,22.8125
2026-05-25 17:21:12.334,22.8125
2026-05-25 17:21:18.240,22.875
2026-05-25 17:21:24.146,22.8125
2026-05-25 17:21:30.052,22.8125
2026-05-25 17:21:35.955,22.8125
2026-05-25 17:21:41.862,22.8125
2026-05-25 17:21:47.766,22.8125
2026-05-25 17:21:53.670,22.8125
2026-05-25 17:21:59.573,22.875
2026-05-25 17:22:05.477,22.8125
2026-05-25 17:22:11.382,22.8125
2026-05-25 17:22:17.285,22.8125
2026-05-25 17:22:23.191,22.8125
2026-05-25 17:22:29.097,22.8125
2026-05-25 17:22:35.000,22.8125
2026-05-25 17:22:40.905,22.8125
2026-05-25 17:22:46.809,22.8125
2026-05-25 17:22:52.714,22.8125
2026-05-25 17:22:58.620,22.8125
2026-05-25 17:23:04.526,22.8125
2026-05-25 17:23:10.433,22.8125
2026-05-25 17:23:16.336,22.8125
2026-05-25 17:23:22.242,22.8125
2026-05-25 17:23:28.148,22.8125
2026-05-25 17:23:34.054,22.8125
2026-05-25 17:23:39.961,22.8125
2026-05-25 17:23:45.866,22.8125
2026-05-25 17:23:51.772,22.8125
2026-05-25 17:23:57.678,22.8125
2026-05-25 17:24:03.584,22.8125
2026-05-25 17:24:09.491,22.8125
2026-05-25 17:24:15.397,22.8125
2026-05-25 17:24:21.303,22.8125
2026-05-25 17:24:27.208,22.8125
2026-05-25 17:24:33.115,22.8125
2026-05-25 17:24:39.019,22.8125
2026-05-25 17:24:44.923,22.8125
2026-05-25 17:24:50.827,22.8125
2026-05-25 17:24:56.730,22.875
2026-05-25 17:25:02.635,22.8125
2026-05-25 17:25:08.540,22.8125
2026-05-25 17:25:14.446,22.8125
2026-05-25 17:25:20.352,22.8125
2026-05-25 17:25:26.258,22.8125
2026-05-25 17:25:32.165,22.8125
2026-05-25 17:25:38.071,22.875
2026-05-25 17:25:43.975,22.8125
2026-05-25 17:25:49.878,22.8125
2026-05-25 17:25:55.782,22.8125
2026-05-25 17:26:01.687,22.875
2026-05-25 17:26:07.590,22.875
2026-05-25 17:26:13.494,22.8125
2026-05-25 17:26:19.398,22.875
2026-05-25 17:26:25.301,22.8125
2026-05-25 17:26:31.206,22.8125
2026-05-25 17:26:37.110,22.875
2026-05-25 17:26:43.013,22.8125
2026-05-25 17:26:48.919,22.8125
2026-05-25 17:26:54.823,22.8125
2026-05-25 17:27:00.730,22.8125
2026-05-25 17:27:06.635,22.8125
2026-05-25 17:27:12.539,22.875
2026-05-25 17:27:18.443,22.8125
2026-05-25 17:27:24.348,22.8125
2026-05-25 17:27:30.252,22.8125
2026-05-25 17:27:36.155,22.8125
2026-05-25 17:27:42.059,22.8125
2026-05-25 17:27:47.962,22.8125
2026-05-25 17:27:53.867,22.8125
2026-05-25 17:27:59.773,22.875
2026-05-25 17:28:05.678,22.8125
2026-05-25 17:28:11.585,22.8125
2026-05-25 17:28:17.490,22.8125
2026-05-25 17:28:23.395,22.8125
2026-05-25 17:28:29.301,22.8125
2026-05-25 17:28:35.204,22.8125
2026-05-25 17:28:41.108,22.8125
2026-05-25 17:28:47.012,22.8125
2026-05-25 17:28:52.917,22.8125
2026-05-25 17:28:58.820,22.8125
2026-05-25 17:29:04.726,22.8125
2026-05-25 17:29:10.632,22.8125
2026-05-25 17:29:16.535,22.8125
2026-05-25 17:29:22.440,22.8125
2026-05-25 17:29:28.344,22.8125
2026-05-25 17:29:34.247,22.8125
2026-05-25 17:29:40.151,22.8125
2026-05-25 17:29:46.055,22.8125
2026-05-25 17:29:51.960,22.8125
2026-05-25 17:29:57.866,22.8125
2026-05-25 17:30:03.769,22.875
2026-05-25 17:30:09.673,22.8125
2026-05-25 17:30:15.576,22.8125
2026-05-25 17:30:21.483,22.8125
2026-05-25 17:30:27.389,22.8125
2026-05-25 17:30:33.295,22.8125
2026-05-25 17:30:39.201,22.8125
2026-05-25 17:30:45.107,22.8125
2026-05-25 17:30:51.011,22.8125
2026-05-25 17:30:56.915,22.8125
2026-05-25 17:31:02.818,22.8125
2026-05-25 17:31:08.722,22.8125
2026-05-25 17:31:14.627,22.8125
2026-05-25 17:31:20.533,22.8125
2026-05-25 17:31:26.439,22.8125
2026-05-25 17:31:32.345,22.8125
2026-05-25 17:31:38.250,22.8125
2026-05-25 17:31:44.157,22.8125
2026-05-25 17:31:50.063,22.8125
2026-05-25 17:31:55.969,22.8125
2026-05-25 17:32:01.873,22.8125
2026-05-25 17:32:07.776,22.8125
2026-05-25 17:32:13.681,22.8125
2026-05-25 17:32:19.585,22.8125
2026-05-25 17:32:25.489,22.8125
2026-05-25 17:32:31.394,22.8125
2026-05-25 17:32:37.300,22.8125
2026-05-25 17:32:43.207,22.8125
2026-05-25 17:32:49.113,22.8125
2026-05-25 17:32:55.019,22.8125
2026-05-25 17:33:00.924,22.75
2026-05-25 17:33:06.828,22.8125
2026-05-25 17:33:12.733,22.8125
2026-05-25 17:33:18.638,22.8125
2026-05-25 17:33:24.542,22.8125
2026-05-25 17:33:30.446,22.8125
2026-05-25 17:33:36.353,22.875
2026-05-25 17:33:42.257,22.8125
2026-05-25 17:33:48.162,22.8125
2026-05-25 17:33:54.066,22.875
2026-05-25 17:33:59.970,22.8125
2026-05-25 17:34:05.877,22.8125
2026-05-25 17:34:11.781,22.8125
2026-05-25 17:34:17.686,22.8125
2026-05-25 17:34:23.590,22.8125
2026-05-25 17:34:29.494,22.8125
2026-05-25 17:34:35.399,22.875
2026-05-25 17:34:41.305,22.8125
2026-05-25 17:34:47.210,22.8125
2026-05-25 17:34:53.116,22.8125
2026-05-25 17:34:59.022,22.8125
2026-05-25 17:35:04.929,22.8125
2026-05-25 17:35:10.833,22.8125
2026-05-25 17:35:16.736,22.8125
2026-05-25 17:35:22.640,22.875
2026-05-25 17:35:28.544,22.8125
2026-05-25 17:35:34.450,22.8125
2026-05-25 17:35:40.356,22.8125
2026-05-25 17:35:46.262,22.8125
2026-05-25 17:35:52.166,22.8125
2026-05-25 17:35:58.069,22.875
2026-05-25 17:36:03.974,22.875
2026-05-25 17:36:09.878,22.8125
2026-05-25 17:36:15.784,22.8125
2026-05-25 17:36:21.690,22.8125
2026-05-25 17:36:27.596,22.8125
2026-05-25 17:36:33.502,22.8125
2026-05-25 17:36:39.406,22.875
2026-05-25 17:36:45.309,22.8125
2026-05-25 17:36:51.213,22.875
2026-05-25 17:36:57.119,22.8125
2026-05-25 17:37:03.023,22.8125
2026-05-25 17:37:08.929,22.8125
2026-05-25 17:37:14.835,22.8125
2026-05-25 17:37:20.739,22.8125
2026-05-25 17:37:26.643,22.8125
2026-05-25 17:37:32.547,22.8125
2026-05-25 17:37:38.451,22.8125
2026-05-25 17:37:44.357,22.8125
2026-05-25 17:37:50.263,22.8125
2026-05-25 17:37:56.170,22.8125
2026-05-25 17:38:02.076,22.8125
2026-05-25 17:38:07.981,22.8125
2026-05-25 17:38:13.885,22.8125
2026-05-25 17:38:19.791,22.8125
2026-05-25 17:38:25.698,22.8125
2026-05-25 17:38:31.601,22.8125
2026-05-25 17:38:37.505,22.8125
2026-05-25 17:38:43.409,22.875
2026-05-25 17:38:49.312,22.8125
2026-05-25 17:38:55.217,22.8125
2026-05-25 17:39:01.121,22.875
2026-05-25 17:39:07.026,22.875
2026-05-25 17:39:12.932,22.8125
2026-05-25 17:39:18.839,22.8125
2026-05-25 17:39:24.743,22.875
2026-05-25 17:39:30.649,22.8125
2026-05-25 17:39:36.555,22.8125
2026-05-25 17:39:42.458,22.8125
2026-05-25 17:39:48.363,22.8125
2026-05-25 17:39:54.266,22.8125
2026-05-25 17:40:00.172,22.8125
2026-05-25 17:40:06.078,22.8125
2026-05-25 17:40:11.982,22.8125
2026-05-25 17:40:17.886,22.8125
2026-05-25 17:40:23.790,22.8125
2026-05-25 17:40:29.696,22.8125
2026-05-25 17:40:35.602,22.8125
2026-05-25 17:40:41.508,22.8125
2026-05-25 17:40:47.415,22.8125
2026-05-25 17:40:53.318,22.8125
2026-05-25 17:40:59.222,22.8125
2026-05-25 17:41:05.128,22.8125
2026-05-25 17:41:11.034,22.8125
2026-05-25 17:41:16.941,22.8125
2026-05-25 17:41:22.844,22.8125
2026-05-25 17:41:28.748,22.8125
2026-05-25 17:41:34.652,22.8125
2026-05-25 17:41:40.555,22.8125
2026-05-25 17:41:46.462,22.8125
2026-05-25 17:41:52.365,22.8125
2026-05-25 17:41:58.271,22.8125
2026-05-25 17:42:04.175,22.8125
2026-05-25 17:42:10.082,22.8125
2026-05-25 17:42:15.988,22.8125
2026-05-25 17:42:21.891,22.8125
2026-05-25 17:42:27.795,22.8125
2026-05-25 17:42:33.699,22.8125
2026-05-25 17:42:39.603,22.8125
2026-05-25 17:42:45.507,22.8125
2026-05-25 17:42:51.410,22.8125
2026-05-25 17:42:57.316,22.8125
2026-05-25 17:43:03.220,22.8125
2026-05-25 17:43:09.124,22.8125
2026-05-25 17:43:15.028,22.8125
2026-05-25 17:43:20.934,22.8125
2026-05-25 17:43:26.840,22.8125
2026-05-25 17:43:32.743,22.8125
2026-05-25 17:43:38.648,22.8125
2026-05-25 17:43:44.554,22.8125
2026-05-25 17:43:50.460,22.8125
2026-05-25 17:43:56.366,22.8125
2026-05-25 17:44:02.271,22.8125
2026-05-25 17:44:08.176,22.8125
2026-05-25 17:44:14.080,22.8125
2026-05-25 17:44:19.983,22.8125
2026-05-25 17:44:25.889,22.8125
2026-05-25 17:44:31.792,22.75
2026-05-25 17:44:37.699,22.8125
2026-05-25 17:44:43.603,22.8125
2026-05-25 17:44:49.509,22.8125
2026-05-25 17:44:55.415,22.8125
2026-05-25 17:45:01.318,22.875
2026-05-25 17:45:07.223,22.875
2026-05-25 17:45:13.126,22.875
2026-05-25 17:45:19.030,22.8125
2026-05-25 17:45:24.934,22.8125
2026-05-25 17:45:30.838,22.8125
2026-05-25 17:45:36.742,22.8125
2026-05-25 17:45:42.646,22.8125
2026-05-25 17:45:48.549,22.8125
2026-05-25 17:45:54.455,22.8125
2026-05-25 17:46:00.360,22.8125
2026-05-25 17:46:06.266,22.8125
2026-05-25 17:46:12.172,22.8125
2026-05-25 17:46:18.075,22.8125
2026-05-25 17:46:23.981,22.8125
2026-05-25 17:46:29.886,22.8125
2026-05-25 17:46:35.792,22.8125
2026-05-25 17:46:41.695,22.8125
2026-05-25 17:46:47.601,22.8125
2026-05-25 17:46:53.507,22.875
2026-05-25 17:46:59.412,22.8125
2026-05-25 17:47:05.316,22.8125
2026-05-25 17:47:11.219,22.8125
2026-05-25 17:47:17.123,22.8125
2026-05-25 17:47:23.026,22.8125
2026-05-25 17:47:28.931,22.8125
2026-05-25 17:47:34.837,22.8125
2026-05-25 17:47:40.742,22.8125
2026-05-25 17:47:46.646,22.8125
2026-05-25 17:47:52.550,22.8125
2026-05-25 17:47:58.454,22.8125
2026-05-25 17:48:04.358,22.875
2026-05-25 17:48:10.262,22.8125
2026-05-25 17:48:16.168,22.875
2026-05-25 17:48:22.074,22.8125
2026-05-25 17:48:27.980,22.8125
2026-05-25 17:48:33.886,22.8125
2026-05-25 17:48:39.790,22.8125
2026-05-25 17:48:45.693,22.875
2026-05-25 17:48:51.598,22.8125
2026-05-25 17:48:57.502,22.8125
2026-05-25 17:49:03.405,22.8125
2026-05-25 17:49:09.311,22.8125
2026-05-25 17:49:15.215,22.8125
2026-05-25 17:49:21.122,22.8125
2026-05-25 17:49:27.027,22.8125
2026-05-25 17:49:32.931,22.875
2026-05-25 17:49:38.835,22.8125
2026-05-25 17:49:44.741,22.8125
2026-05-25 17:49:50.647,22.8125
2026-05-25 17:49:56.551,22.8125
2026-05-25 17:50:02.454,22.8125
2026-05-25 17:50:08.358,22.8125
2026-05-25 17:50:14.264,22.875
2026-05-25 17:50:20.171,22.8125
2026-05-25 17:50:26.077,22.875
2026-05-25 17:50:31.982,22.8125
2026-05-25 17:50:37.888,22.875
2026-05-25 17:50:43.792,22.875
2026-05-25 17:50:49.696,22.8125
2026-05-25 17:50:55.600,22.8125
2026-05-25 17:51:01.506,22.8125
2026-05-25 17:51:07.411,22.8125
2026-05-25 17:51:13.318,22.8125
2026-05-25 17:51:19.223,22.8125
2026-05-25 17:51:25.127,22.8125
2026-05-25 17:51:31.031,22.8125
2026-05-25 17:51:36.937,22.8125
2026-05-25 17:51:42.843,22.8125
2026-05-25 17:51:48.747,22.8125
2026-05-25 17:51:54.650,22.8125
2026-05-25 17:52:00.554,22.8125
2026-05-25 17:52:06.460,22.8125
2026-05-25 17:52:12.367,22.8125
2026-05-25 17:52:18.273,22.8125
2026-05-25 17:52:24.178,22.8125
2026-05-25 17:52:30.084,22.8125
2026-05-25 17:52:35.988,22.8125
2026-05-25 17:52:41.894,22.8125
2026-05-25 17:52:47.800,22.8125
2026-05-25 17:52:53.703,22.8125
2026-05-25 17:52:59.607,22.8125
2026-05-25 17:53:05.510,22.8125
2026-05-25 17:53:11.415,22.8125
2026-05-25 17:53:17.319,22.8125
2026-05-25 17:53:23.222,22.8125
2026-05-25 17:53:29.126,22.8125
2026-05-25 17:53:35.030,22.8125
2026-05-25 17:53:40.934,22.8125
2026-05-25 17:53:46.838,22.8125
2026-05-25 17:53:52.742,22.8125
2026-05-25 17:53:58.645,22.875
2026-05-25 17:54:04.550,22.8125
2026-05-25 17:54:10.456,22.8125
2026-05-25 17:54:16.362,22.8125
2026-05-25 17:54:22.268,22.8125
2026-05-25 17:54:28.173,22.8125
2026-05-25 17:54:34.080,22.8125
2026-05-25 17:54:39.984,22.8125
2026-05-25 17:54:45.887,22.8125
2026-05-25 17:54:51.791,22.8125
2026-05-25 17:54:57.697,22.8125
2026-05-25 17:55:03.601,22.8125
2026-05-25 17:55:09.505,22.8125
2026-05-25 17:55:15.409,22.8125
2026-05-25 17:55:21.314,22.8125
2026-05-25 17:55:27.218,22.8125
2026-05-25 17:55:33.125,22.8125
2026-05-25 17:55:39.031,22.8125
2026-05-25 17:55:44.934,22.8125
2026-05-25 17:55:50.840,22.8125
2026-05-25 17:55:56.744,22.8125
2026-05-25 17:56:02.651,22.8125
2026-05-25 17:56:08.556,22.8125
2026-05-25 17:56:14.462,22.8125
2026-05-25 17:56:20.368,22.8125
2026-05-25 17:56:26.273,22.8125
2026-05-25 17:56:32.178,22.8125
2026-05-25 17:56:38.082,22.8125
2026-05-25 17:56:43.988,22.8125
2026-05-25 17:56:49.893,22.8125
2026-05-25 17:56:55.797,22.8125
2026-05-25 17:57:01.702,22.8125
2026-05-25 17:57:07.607,22.8125
2026-05-25 17:57:13.513,22.8125
2026-05-25 17:57:19.419,22.8125
2026-05-25 17:57:25.326,22.8125
2026-05-25 17:57:31.231,22.8125
2026-05-25 17:57:37.135,22.8125
2026-05-25 17:57:43.038,22.8125
2026-05-25 17:57:48.942,22.8125
2026-05-25 17:57:54.849,22.8125
2026-05-25 17:58:00.754,22.8125
2026-05-25 17:58:06.658,22.8125
2026-05-25 17:58:12.564,22.8125
2026-05-25 17:58:18.469,22.8125
2026-05-25 17:58:24.374,22.8125
2026-05-25 17:58:30.277,22.8125
2026-05-25 17:58:36.181,22.8125
2026-05-25 17:58:42.085,22.8125
2026-05-25 17:58:47.988,22.8125
2026-05-25 17:58:53.893,22.8125
2026-05-25 17:58:59.799,22.8125
2026-05-25 17:59:05.705,22.8125
2026-05-25 17:59:11.611,22.8125
2026-05-25 17:59:17.514,22.8125
2026-05-25 17:59:23.421,22.8125
2026-05-25 17:59:29.327,22.8125
2026-05-25 17:59:35.233,22.8125
2026-05-25 17:59:41.139,22.875
2026-05-25 17:59:47.042,22.8125
2026-05-25 17:59:52.949,22.8125
2026-05-25 17:59:58.853,22.8125
2026-05-25 18:00:04.756,22.8125
2026-05-25 18:00:10.660,22.8125
2026-05-25 18:00:16.567,22.8125
2026-05-25 18:00:22.473,22.8125
2026-05-25 18:00:28.378,22.75
2026-05-25 18:00:34.284,22.8125
2026-05-25 18:00:40.190,22.8125
2026-05-25 18:00:46.095,22.8125
2026-05-25 18:00:51.998,22.8125
2026-05-25 18:00:57.902,22.8125
2026-05-25 18:01:03.808,22.8125
2026-05-25 18:01:09.714,22.8125
2026-05-25 18:01:15.620,22.8125
2026-05-25 18:01:21.526,22.8125
2026-05-25 18:01:27.432,22.8125
2026-05-25 18:01:33.335,22.8125
2026-05-25 18:01:39.239,22.8125
2026-05-25 18:01:45.144,22.8125
2026-05-25 18:01:51.047,22.8125
2026-05-25 18:01:56.953,22.8125
2026-05-25 18:02:02.857,22.8125
2026-05-25 18:02:08.763,22.8125
2026-05-25 18:02:14.669,22.8125
2026-05-25 18:02:20.575,22.75
2026-05-25 18:02:26.481,22.8125
2026-05-25 18:02:32.384,22.8125
2026-05-25 18:02:38.290,22.8125
2026-05-25 18:02:44.199,22.8125
2026-05-25 18:02:50.103,22.8125
2026-05-25 18:02:56.006,22.8125
2026-05-25 18:03:01.910,22.8125
2026-05-25 18:03:07.815,22.8125
2026-05-25 18:03:13.718,22.8125
2026-05-25 18:03:19.624,22.8125
2026-05-25 18:03:25.530,22.8125
2026-05-25 18:03:31.436,22.8125
2026-05-25 18:03:37.340,22.8125
2026-05-25 18:03:43.244,22.8125
2026-05-25 18:03:49.150,22.8125
2026-05-25 18:03:55.054,22.8125
2026-05-25 18:04:00.959,22.8125
2026-05-25 18:04:06.864,22.875
2026-05-25 18:04:12.770,22.8125
2026-05-25 18:04:18.673,22.8125
2026-05-25 18:04:24.577,22.8125
2026-05-25 18:04:30.481,22.8125
2026-05-25 18:04:36.388,22.8125
2026-05-25 18:04:42.291,22.8125
2026-05-25 18:04:48.197,22.8125
2026-05-25 18:04:54.103,22.8125
2026-05-25 18:05:00.009,22.8125
2026-05-25 18:05:05.914,22.8125
2026-05-25 18:05:11.817,22.8125
2026-05-25 18:05:17.721,22.8125
2026-05-25 18:05:23.624,22.875
2026-05-25 18:05:29.528,22.8125
2026-05-25 18:05:35.433,22.8125
2026-05-25 18:05:41.336,22.8125
2026-05-25 18:05:47.242,22.8125
2026-05-25 18:05:53.148,22.8125
2026-05-25 18:05:59.055,22.8125
2026-05-25 18:06:04.959,22.8125
2026-05-25 18:06:10.864,22.8125
2026-05-25 18:06:16.770,22.8125
2026-05-25 18:06:22.673,22.8125
2026-05-25 18:06:28.578,22.75
2026-05-25 18:06:34.483,22.8125
2026-05-25 18:06:40.389,22.8125
2026-05-25 18:06:46.295,22.8125
2026-05-25 18:06:52.201,22.8125
2026-05-25 18:06:58.108,22.8125
2026-05-25 18:07:04.012,22.8125
2026-05-25 18:07:09.915,22.8125
2026-05-25 18:07:15.819,22.8125
2026-05-25 18:07:21.723,22.8125
2026-05-25 18:07:27.630,22.8125
2026-05-25 18:07:33.535,22.8125
2026-05-25 18:07:39.441,22.8125
2026-05-25 18:07:45.347,22.8125
2026-05-25 18:07:51.253,22.8125
2026-05-25 18:07:57.160,22.8125
2026-05-25 18:08:03.065,22.8125
2026-05-25 18:08:08.969,22.8125
2026-05-25 18:08:14.873,22.8125
2026-05-25 18:08:20.776,22.8125
2026-05-25 18:08:26.681,22.8125
2026-05-25 18:08:32.585,22.8125
2026-05-25 18:08:38.488,22.8125
2026-05-25 18:08:44.392,22.8125
2026-05-25 18:08:50.297,22.8125
2026-05-25 18:08:56.201,22.8125
2026-05-25 18:09:02.107,22.8125
2026-05-25 18:09:08.010,22.8125
2026-05-25 18:09:13.916,22.8125
2026-05-25 18:09:19.821,22.8125
2026-05-25 18:09:25.726,22.8125
2026-05-25 18:09:31.632,22.75
2026-05-25 18:09:37.536,22.8125
2026-05-25 18:09:43.440,22.8125
2026-05-25 18:09:49.346,22.8125
2026-05-25 18:09:55.252,22.75
2026-05-25 18:10:01.158,22.8125
2026-05-25 18:10:07.064,22.8125
2026-05-25 18:10:12.967,22.8125
2026-05-25 18:10:18.872,22.8125
2026-05-25 18:10:24.776,22.8125
2026-05-25 18:10:30.679,22.8125
2026-05-25 18:10:36.583,22.8125
2026-05-25 18:10:42.487,22.8125
2026-05-25 18:10:48.394,22.8125
2026-05-25 18:10:54.299,22.8125
2026-05-25 18:11:00.205,22.8125
2026-05-25 18:11:06.111,22.8125
2026-05-25 18:11:12.015,22.8125
2026-05-25 18:11:17.919,22.8125
2026-05-25 18:11:23.825,22.8125
2026-05-25 18:11:29.731,22.8125
2026-05-25 18:11:35.637,22.8125
2026-05-25 18:11:41.543,22.8125
2026-05-25 18:11:47.450,22.8125
2026-05-25 18:11:53.353,22.8125
2026-05-25 18:11:59.257,22.8125
2026-05-25 18:12:05.161,22.8125
2026-05-25 18:12:11.065,22.8125
2026-05-25 18:12:16.969,22.8125
2026-05-25 18:12:22.875,22.8125
2026-05-25 18:12:28.781,22.8125
2026-05-25 18:12:34.687,22.8125
2026-05-25 18:12:40.591,22.8125
2026-05-25 18:12:46.495,22.8125
2026-05-25 18:12:52.400,22.8125
2026-05-25 18:12:58.306,22.875
2026-05-25 18:13:04.210,22.8125
2026-05-25 18:13:10.117,22.8125
2026-05-25 18:13:16.021,22.8125
2026-05-25 18:13:21.924,22.8125
2026-05-25 18:13:27.828,22.8125
2026-05-25 18:13:33.731,22.8125
2026-05-25 18:13:39.638,22.8125
2026-05-25 18:13:45.544,22.8125
2026-05-25 18:13:51.450,22.8125
2026-05-25 18:13:57.354,22.8125
2026-05-25 18:14:03.257,22.8125
2026-05-25 18:14:09.162,22.8125
2026-05-25 18:14:15.066,22.875
2026-05-25 18:14:20.969,22.8125
2026-05-25 18:14:26.873,22.8125
2026-05-25 18:14:32.777,22.8125
2026-05-25 18:14:38.684,22.8125
2026-05-25 18:14:44.590,22.8125
2026-05-25 18:14:50.496,22.8125
2026-05-25 18:14:56.402,22.8125
2026-05-25 18:15:02.308,22.8125
2026-05-25 18:15:08.212,22.8125
2026-05-25 18:15:14.118,22.8125
2026-05-25 18:15:20.023,22.8125
2026-05-25 18:15:25.927,22.8125
2026-05-25 18:15:31.832,22.8125
2026-05-25 18:15:37.735,22.8125
2026-05-25 18:15:43.639,22.8125
2026-05-25 18:15:49.545,22.8125
2026-05-25 18:15:55.451,22.8125
2026-05-25 18:16:01.357,22.8125
2026-05-25 18:16:07.263,22.8125
2026-05-25 18:16:13.171,22.8125
2026-05-25 18:16:19.077,22.8125
2026-05-25 18:16:24.982,22.8125
2026-05-25 18:16:30.887,22.875
2026-05-25 18:16:36.790,22.875
2026-05-25 18:16:42.694,22.8125
2026-05-25 18:16:48.598,22.8125
2026-05-25 18:16:54.501,22.8125
2026-05-25 18:17:00.408,22.8125
2026-05-25 18:17:06.312,22.8125
2026-05-25 18:17:12.216,22.8125
2026-05-25 18:17:18.119,22.8125
2026-05-25 18:17:24.023,22.8125
2026-05-25 18:17:29.928,22.8125
2026-05-25 18:17:35.831,22.8125
2026-05-25 18:17:41.737,22.8125
2026-05-25 18:17:47.643,22.8125
2026-05-25 18:17:53.550,22.8125
2026-05-25 18:17:59.454,22.75
2026-05-25 18:18:05.358,22.8125
2026-05-25 18:18:11.261,22.8125
2026-05-25 18:18:17.165,22.75
2026-05-25 18:18:23.070,22.75
2026-05-25 18:18:28.973,22.8125
2026-05-25 18:18:34.877,22.8125
2026-05-25 18:18:40.780,22.8125
2026-05-25 18:18:46.686,22.8125
2026-05-25 18:18:52.595,22.8125
2026-05-25 18:18:58.500,22.8125
2026-05-25 18:19:04.406,22.8125
2026-05-25 18:19:10.310,22.75
2026-05-25 18:19:16.216,22.8125
2026-05-25 18:19:22.122,22.8125
2026-05-25 18:19:28.026,22.8125
2026-05-25 18:19:33.932,22.75
2026-05-25 18:19:39.838,22.8125
2026-05-25 18:19:45.744,22.8125
2026-05-25 18:19:51.648,22.8125
2026-05-25 18:19:57.554,22.8125
2026-05-25 18:20:03.460,22.8125
2026-05-25 18:20:09.366,22.8125
2026-05-25 18:20:15.270,22.8125
2026-05-25 18:20:21.174,22.8125
2026-05-25 18:20:27.078,22.8125
2026-05-25 18:20:32.982,22.8125
2026-05-25 18:20:38.885,22.8125
2026-05-25 18:20:44.790,22.8125
2026-05-25 18:20:50.694,22.75
2026-05-25 18:20:56.597,22.8125
2026-05-25 18:21:02.503,22.75
2026-05-25 18:21:08.409,22.75
2026-05-25 18:21:14.316,22.75
2026-05-25 18:21:20.222,22.8125
2026-05-25 18:21:26.126,22.8125
2026-05-25 18:21:32.029,22.8125
2026-05-25 18:21:37.935,22.8125
2026-05-25 18:21:43.840,22.8125
2026-05-25 18:21:49.746,22.8125
2026-05-25 18:21:55.651,22.75
2026-05-25 18:22:01.555,22.75
2026-05-25 18:22:07.459,22.8125
2026-05-25 18:22:13.363,22.8125
2026-05-25 18:22:19.267,22.8125
2026-05-25 18:22:25.173,22.75
2026-05-25 18:22:31.079,22.8125
2026-05-25 18:22:36.982,22.75
2026-05-25 18:22:42.887,22.75
2026-05-25 18:22:48.791,22.8125
2026-05-25 18:22:54.694,22.75
2026-05-25 18:23:00.598,22.8125
2026-05-25 18:23:06.504,22.75
2026-05-25 18:23:12.411,22.8125
2026-05-25 18:23:18.317,22.8125
2026-05-25 18:23:24.222,22.75
2026-05-25 18:23:30.126,22.75
2026-05-25 18:23:36.031,22.75
2026-05-25 18:23:41.934,22.8125
2026-05-25 18:23:47.838,22.75
2026-05-25 18:23:53.742,22.8125
2026-05-25 18:23:59.647,22.75
2026-05-25 18:24:05.554,22.8125
2026-05-25 18:24:11.460,22.75
2026-05-25 18:24:17.366,22.8125
2026-05-25 18:24:23.272,22.8125
2026-05-25 18:24:29.175,22.8125
2026-05-25 18:24:35.080,22.75
2026-05-25 18:24:40.984,22.8125
2026-05-25 18:24:46.887,22.75
2026-05-25 18:24:52.791,22.8125
2026-05-25 18:24:58.697,22.8125
2026-05-25 18:25:04.604,22.75
2026-05-25 18:25:10.508,22.8125
2026-05-25 18:25:16.411,22.8125
2026-05-25 18:25:22.315,22.8125
2026-05-25 18:25:28.219,22.8125
2026-05-25 18:25:34.125,22.8125
2026-05-25 18:25:40.031,22.8125
2026-05-25 18:25:45.935,22.8125
2026-05-25 18:25:51.841,22.8125
2026-05-25 18:25:57.746,22.8125
2026-05-25 18:26:03.651,22.8125
2026-05-25 18:26:09.554,22.8125
2026-05-25 18:26:15.458,22.8125
2026-05-25 18:26:21.362,22.8125
2026-05-25 18:26:27.265,22.8125
2026-05-25 18:26:33.170,22.8125
2026-05-25 18:26:39.074,22.8125
2026-05-25 18:26:44.977,22.8125
2026-05-25 18:26:50.881,22.8125
2026-05-25 18:26:56.788,22.8125
2026-05-25 18:27:02.694,22.8125
2026-05-25 18:27:08.601,22.75
2026-05-25 18:27:14.505,22.75
2026-05-25 18:27:20.409,22.8125
2026-05-25 18:27:26.313,22.8125
2026-05-25 18:27:32.217,22.75
2026-05-25 18:27:38.122,22.8125
2026-05-25 18:27:44.028,22.8125
2026-05-25 18:27:49.934,22.8125
2026-05-25 18:27:55.841,22.8125
2026-05-25 18:28:01.747,22.8125
2026-05-25 18:28:07.653,22.8125
2026-05-25 18:28:13.559,22.8125
2026-05-25 18:28:19.464,22.8125
2026-05-25 18:28:25.369,22.75
2026-05-25 18:28:31.272,22.8125
2026-05-25 18:28:37.176,22.8125
2026-05-25 18:28:43.080,22.8125
2026-05-25 18:28:48.986,22.8125
2026-05-25 18:28:54.893,22.75
2026-05-25 18:29:00.796,22.8125
2026-05-25 18:29:06.704,22.8125
2026-05-25 18:29:12.608,22.8125
2026-05-25 18:29:18.513,22.8125
2026-05-25 18:29:24.419,22.8125
2026-05-25 18:29:30.325,22.75
2026-05-25 18:29:36.231,22.8125
2026-05-25 18:29:42.137,22.8125
2026-05-25 18:29:48.043,22.8125
2026-05-25 18:29:53.949,22.8125
2026-05-25 18:29:59.855,22.75
2026-05-25 18:30:05.761,22.8125
2026-05-25 18:30:11.667,22.8125
2026-05-25 18:30:17.573,22.8125
2026-05-25 18:30:23.477,22.8125
2026-05-25 18:30:29.381,22.8125
2026-05-25 18:30:35.284,22.75
2026-05-25 18:30:41.188,22.8125
2026-05-25 18:30:47.093,22.8125
2026-05-25 18:30:52.996,22.8125
2026-05-25 18:30:58.900,22.75
2026-05-25 18:31:04.804,22.75
2026-05-25 18:31:10.707,22.8125
2026-05-25 18:31:16.612,22.8125
2026-05-25 18:31:22.518,22.8125
2026-05-25 18:31:28.424,22.8125
2026-05-25 18:31:34.330,22.8125
2026-05-25 18:31:40.236,22.75
2026-05-25 18:31:46.142,22.8125
2026-05-25 18:31:52.048,22.75
2026-05-25 18:31:57.954,22.75
2026-05-25 18:32:03.858,22.75
2026-05-25 18:32:09.764,22.75
2026-05-25 18:32:15.668,22.75
2026-05-25 18:32:21.574,22.75
2026-05-25 18:32:27.480,22.8125
2026-05-25 18:32:33.386,22.75
2026-05-25 18:32:39.293,22.75
2026-05-25 18:32:45.198,22.8125
2026-05-25 18:32:51.104,22.8125
2026-05-25 18:32:57.007,22.75
2026-05-25 18:33:02.911,22.8125
2026-05-25 18:33:08.815,22.8125
2026-05-25 18:33:14.719,22.8125
2026-05-25 18:33:20.623,22.75
2026-05-25 18:33:26.528,22.8125
2026-05-25 18:33:32.434,22.8125
2026-05-25 18:33:38.341,22.8125
2026-05-25 18:33:44.247,22.75
2026-05-25 18:33:50.153,22.75
2026-05-25 18:33:56.056,22.75
2026-05-25 18:34:01.962,22.75
2026-05-25 18:34:07.867,22.8125
2026-05-25 18:34:13.770,22.8125
2026-05-25 18:34:19.674,22.75
2026-05-25 18:34:25.578,22.8125
2026-05-25 18:34:31.484,22.75
2026-05-25 18:34:37.391,22.75
2026-05-25 18:34:43.296,22.75
2026-05-25 18:34:49.200,22.75
2026-05-25 18:34:55.106,22.8125
2026-05-25 18:35:01.011,22.8125
2026-05-25 18:35:06.916,22.8125
2026-05-25 18:35:12.819,22.75
2026-05-25 18:35:18.723,22.75
2026-05-25 18:35:24.626,22.75
2026-05-25 18:35:30.531,22.8125
2026-05-25 18:35:36.437,22.75
2026-05-25 18:35:42.343,22.75
2026-05-25 18:35:48.249,22.75
2026-05-25 18:35:54.155,22.75
2026-05-25 18:36:00.061,22.8125
2026-05-25 18:36:05.967,22.8125
2026-05-25 18:36:11.871,22.8125
2026-05-25 18:36:17.774,22.75
2026-05-25 18:36:23.678,22.75
2026-05-25 18:36:29.583,22.75
2026-05-25 18:36:35.489,22.75
2026-05-25 18:36:41.394,22.8125
2026-05-25 18:36:47.300,22.8125
2026-05-25 18:36:53.204,22.8125
2026-05-25 18:36:59.111,22.8125
2026-05-25 18:37:05.016,22.8125
2026-05-25 18:37:10.922,22.75
2026-05-25 18:37:16.826,22.75
2026-05-25 18:37:22.732,22.8125
2026-05-25 18:37:28.638,22.8125
2026-05-25 18:37:34.542,22.75
2026-05-25 18:37:40.448,22.8125
2026-05-25 18:37:46.356,22.75
2026-05-25 18:37:52.262,22.8125
2026-05-25 18:37:58.166,22.8125
2026-05-25 18:38:04.070,22.75
2026-05-25 18:38:09.976,22.8125
2026-05-25 18:38:15.882,22.75
2026-05-25 18:38:21.786,22.8125
2026-05-25 18:38:27.690,22.8125
2026-05-25 18:38:33.593,22.75
2026-05-25 18:38:39.499,22.75
2026-05-25 18:38:45.405,22.8125
2026-05-25 18:38:51.312,22.8125
2026-05-25 18:38:57.218,22.75
2026-05-25 18:39:03.121,22.75
2026-05-25 18:39:09.027,22.8125
2026-05-25 18:39:14.933,22.8125
2026-05-25 18:39:20.837,22.8125
2026-05-25 18:39:26.741,22.8125
2026-05-25 18:39:32.647,22.8125
2026-05-25 18:39:38.551,22.8125
2026-05-25 18:39:44.454,22.75
2026-05-25 18:39:50.359,22.8125
2026-05-25 18:39:56.263,22.8125
2026-05-25 18:40:02.166,22.75
2026-05-25 18:40:08.070,22.75
2026-05-25 18:40:13.973,22.75
2026-05-25 18:40:19.878,22.8125
2026-05-25 18:40:25.782,22.8125
2026-05-25 18:40:31.685,22.8125
2026-05-25 18:40:37.591,22.8125
2026-05-25 18:40:43.495,22.8125
2026-05-25 18:40:49.399,22.8125
2026-05-25 18:40:55.305,22.75
2026-05-25 18:41:01.211,22.8125
2026-05-25 18:41:07.115,22.8125
2026-05-25 18:41:13.018,22.75
2026-05-25 18:41:18.923,22.75
2026-05-25 18:41:24.826,22.8125
2026-05-25 18:41:30.730,22.8125
2026-05-25 18:41:36.636,22.8125
2026-05-25 18:41:42.543,22.75
2026-05-25 18:41:48.449,22.8125
2026-05-25 18:41:54.354,22.8125
2026-05-25 18:42:00.260,22.8125
2026-05-25 18:42:06.166,22.8125
2026-05-25 18:42:12.074,22.8125
2026-05-25 18:42:17.982,22.8125
2026-05-25 18:42:23.887,22.8125
2026-05-25 18:42:29.793,22.8125
2026-05-25 18:42:35.699,22.8125
2026-05-25 18:42:41.604,22.8125
2026-05-25 18:42:47.510,22.8125
2026-05-25 18:42:53.415,22.8125
2026-05-25 18:42:59.319,22.8125
2026-05-25 18:43:05.224,22.8125
2026-05-25 18:43:11.129,22.75
2026-05-25 18:43:17.033,22.8125
2026-05-25 18:43:22.936,22.8125
2026-05-25 18:43:28.840,22.75
2026-05-25 18:43:34.743,22.75
2026-05-25 18:43:40.650,22.8125
2026-05-25 18:43:46.556,22.75
2026-05-25 18:43:52.462,22.8125
2026-05-25 18:43:58.368,22.75
2026-05-25 18:44:04.273,22.8125
2026-05-25 18:44:10.182,22.8125
2026-05-25 18:44:16.086,22.75
2026-05-25 18:44:21.990,22.75
2026-05-25 18:44:27.893,22.8125
2026-05-25 18:44:33.800,22.75
2026-05-25 18:44:39.705,22.8125
2026-05-25 18:44:45.611,22.75
2026-05-25 18:44:51.515,22.75
2026-05-25 18:44:57.419,22.75
2026-05-25 18:45:03.323,22.75
2026-05-25 18:45:09.229,22.75
2026-05-25 18:45:15.135,22.75
2026-05-25 18:45:21.039,22.8125
2026-05-25 18:45:26.942,22.8125
2026-05-25 18:45:32.849,22.8125
2026-05-25 18:45:38.755,22.75
2026-05-25 18:45:44.661,22.8125
2026-05-25 18:45:50.565,22.75
2026-05-25 18:45:56.468,22.75
2026-05-25 18:46:02.373,22.8125
2026-05-25 18:46:08.276,22.75
2026-05-25 18:46:14.180,22.75
2026-05-25 18:46:20.084,22.75
2026-05-25 18:46:25.987,22.75
2026-05-25 18:46:31.892,22.8125
2026-05-25 18:46:37.796,22.75
2026-05-25 18:46:43.699,22.8125
2026-05-25 18:46:49.603,22.8125
2026-05-25 18:46:55.507,22.8125
2026-05-25 18:47:01.413,22.8125
2026-05-25 18:47:07.319,22.75
2026-05-25 18:47:13.225,22.75
2026-05-25 18:47:19.130,22.75
2026-05-25 18:47:25.037,22.75
2026-05-25 18:47:30.943,22.75
2026-05-25 18:47:36.849,22.8125
2026-05-25 18:47:42.755,22.75
2026-05-25 18:47:48.658,22.75
2026-05-25 18:47:54.565,22.75
2026-05-25 18:48:00.469,22.75
2026-05-25 18:48:06.373,22.75
2026-05-25 18:48:12.276,22.8125
2026-05-25 18:48:18.180,22.75
2026-05-25 18:48:24.087,22.75
2026-05-25 18:48:29.990,22.8125
2026-05-25 18:48:35.894,22.75
2026-05-25 18:48:41.798,22.75
2026-05-25 18:48:47.704,22.8125
2026-05-25 18:48:53.610,22.75
2026-05-25 18:48:59.514,22.75
2026-05-25 18:49:05.420,22.8125
2026-05-25 18:49:11.328,22.8125
2026-05-25 18:49:17.233,22.75
2026-05-25 18:49:23.142,22.8125
2026-05-25 18:49:29.048,22.75
2026-05-25 18:49:34.951,22.75
2026-05-25 18:49:40.855,22.75
2026-05-25 18:49:46.759,22.8125
2026-05-25 18:49:52.663,22.8125
2026-05-25 18:49:58.567,22.75
2026-05-25 18:50:04.471,22.8125
2026-05-25 18:50:10.377,22.75
2026-05-25 18:50:16.281,22.8125
2026-05-25 18:50:22.187,22.75
2026-05-25 18:50:28.093,22.75
2026-05-25 18:50:33.996,22.75
2026-05-25 18:50:39.900,22.8125
2026-05-25 18:50:45.805,22.8125
2026-05-25 18:50:51.710,22.8125
2026-05-25 18:50:57.614,22.8125
2026-05-25 18:51:03.520,22.8125
2026-05-25 18:51:09.423,22.8125
2026-05-25 18:51:15.330,22.8125
2026-05-25 18:51:21.234,22.75
2026-05-25 18:51:27.139,22.75
2026-05-25 18:51:33.043,22.8125
2026-05-25 18:51:38.949,22.8125
2026-05-25 18:51:44.856,22.75
2026-05-25 18:51:50.762,22.8125
2026-05-25 18:51:56.668,22.75
2026-05-25 18:52:02.573,22.8125
2026-05-25 18:52:08.477,22.75
2026-05-25 18:52:14.382,22.8125
2026-05-25 18:52:20.287,22.75
2026-05-25 18:52:26.193,22.75
2026-05-25 18:52:32.099,22.8125
2026-05-25 18:52:38.005,22.75
2026-05-25 18:52:43.909,22.8125
2026-05-25 18:52:49.813,22.75
2026-05-25 18:52:55.717,22.75
2026-05-25 18:53:01.623,22.75
2026-05-25 18:53:07.529,22.8125
2026-05-25 18:53:13.433,22.8125
2026-05-25 18:53:19.339,22.8125
2026-05-25 18:53:25.244,22.75
2026-05-25 18:53:31.148,22.8125
2026-05-25 18:53:37.054,22.8125
2026-05-25 18:53:42.958,22.8125
2026-05-25 18:53:48.864,22.8125
2026-05-25 18:53:54.769,22.75
2026-05-25 18:54:00.675,22.8125
2026-05-25 18:54:06.582,22.8125
2026-05-25 18:54:12.488,22.75
2026-05-25 18:54:18.392,22.75
2026-05-25 18:54:24.295,22.75
2026-05-25 18:54:30.199,22.8125
2026-05-25 18:54:36.106,22.75
2026-05-25 18:54:42.010,22.75
2026-05-25 18:54:47.913,22.8125
2026-05-25 18:54:53.817,22.75
2026-05-25 18:54:59.720,22.75
2026-05-25 18:55:05.625,22.75
2026-05-25 18:55:11.531,22.8125
2026-05-25 18:55:17.436,22.8125
2026-05-25 18:55:23.342,22.75
2026-05-25 18:55:29.248,22.8125
2026-05-25 18:55:35.154,22.8125
2026-05-25 18:55:41.060,22.75
2026-05-25 18:55:46.964,22.8125
2026-05-25 18:55:52.870,22.8125
2026-05-25 18:55:58.773,22.8125
2026-05-25 18:56:04.678,22.8125
2026-05-25 18:56:10.584,22.75
2026-05-25 18:56:16.487,22.75
2026-05-25 18:56:22.393,22.75
2026-05-25 18:56:28.298,22.75
2026-05-25 18:56:34.201,22.75
2026-05-25 18:56:40.105,22.8125
2026-05-25 18:56:46.011,22.8125
2026-05-25 18:56:51.917,22.8125
2026-05-25 18:56:57.824,22.75
2026-05-25 18:57:03.727,22.8125
2026-05-25 18:57:09.633,22.8125
2026-05-25 18:57:15.537,22.8125
2026-05-25 18:57:21.440,22.75
2026-05-25 18:57:27.345,22.75
2026-05-25 18:57:33.249,22.75
2026-05-25 18:57:39.154,22.75
2026-05-25 18:57:45.060,22.75
2026-05-25 18:57:50.966,22.75
2026-05-25 18:57:56.873,22.75
2026-05-25 18:58:02.779,22.75
2026-05-25 18:58:08.682,22.75
2026-05-25 18:58:14.588,22.75
2026-05-25 18:58:20.494,22.75
2026-05-25 18:58:26.399,22.75
2026-05-25 18:58:32.303,22.8125
2026-05-25 18:58:38.206,22.75
2026-05-25 18:58:44.110,22.8125
2026-05-25 18:58:50.016,22.75
2026-05-25 18:58:55.923,22.75
2026-05-25 18:59:01.826,22.8125
2026-05-25 18:59:07.730,22.75
2026-05-25 18:59:13.636,22.75
2026-05-25 18:59:19.540,22.75
2026-05-25 18:59:25.444,22.75
2026-05-25 18:59:31.347,22.75
2026-05-25 18:59:37.253,22.75
2026-05-25 18:59:43.156,22.75
2026-05-25 18:59:49.061,22.75
2026-05-25 18:59:54.967,22.75
2026-05-25 19:00:00.871,22.6875
2026-05-25 19:00:06.777,22.8125
2026-05-25 19:00:12.680,22.75
2026-05-25 19:00:18.585,22.75
2026-05-25 19:00:24.488,22.75
2026-05-25 19:00:30.392,22.8125
2026-05-25 19:00:36.296,22.75
2026-05-25 19:00:42.199,22.75
2026-05-25 19:00:48.104,22.75
2026-05-25 19:00:54.008,22.75
2026-05-25 19:00:59.911,22.8125
2026-05-25 19:01:05.815,22.75
2026-05-25 19:01:11.718,22.75
2026-05-25 19:01:17.623,22.75
2026-05-25 19:01:23.529,22.75
2026-05-25 19:01:29.435,22.75
2026-05-25 19:01:35.340,22.75
2026-05-25 19:01:41.244,22.75
2026-05-25 19:01:47.149,22.75
2026-05-25 19:01:53.052,22.75
2026-05-25 19:01:58.958,22.75
2026-05-25 19:02:04.864,22.75
2026-05-25 19:02:10.771,22.75
2026-05-25 19:02:16.677,22.8125
2026-05-25 19:02:22.583,22.75
2026-05-25 19:02:28.486,22.8125
2026-05-25 19:02:34.390,22.75
2026-05-25 19:02:40.295,22.75
2026-05-25 19:02:46.199,22.75
2026-05-25 19:02:52.102,22.8125
2026-05-25 19:02:58.008,22.75
2026-05-25 19:03:03.914,22.75
2026-05-25 19:03:09.819,22.75
2026-05-25 19:03:15.722,22.75
2026-05-25 19:03:21.628,22.8125
2026-05-25 19:03:27.534,22.75
2026-05-25 19:03:33.437,22.75
2026-05-25 19:03:39.344,22.75
2026-05-25 19:03:45.247,22.75
2026-05-25 19:03:51.153,22.75
2026-05-25 19:03:57.059,22.75
2026-05-25 19:04:02.965,22.75
2026-05-25 19:04:08.872,22.75
2026-05-25 19:04:14.776,22.8125
2026-05-25 19:04:20.679,22.75
2026-05-25 19:04:26.585,22.75
2026-05-25 19:04:32.491,22.75
2026-05-25 19:04:38.398,22.8125
2026-05-25 19:04:44.304,22.75
2026-05-25 19:04:50.209,22.8125
2026-05-25 19:04:56.113,22.8125
2026-05-25 19:05:02.018,22.75
2026-05-25 19:05:07.921,22.75
2026-05-25 19:05:13.827,22.75
2026-05-25 19:05:19.733,22.75
2026-05-25 19:05:25.636,22.75
2026-05-25 19:05:31.541,22.8125
2026-05-25 19:05:37.445,22.75
2026-05-25 19:05:43.351,22.75
2026-05-25 19:05:49.254,22.8125
2026-05-25 19:05:55.160,22.75
2026-05-25 19:06:01.066,22.8125
2026-05-25 19:06:06.972,22.75
2026-05-25 19:06:12.878,22.75
2026-05-25 19:06:18.781,22.8125
2026-05-25 19:06:24.685,22.75
2026-05-25 19:06:30.590,22.75
2026-05-25 19:06:36.493,22.8125
2026-05-25 19:06:42.397,22.75
2026-05-25 19:06:48.301,22.75
2026-05-25 19:06:54.204,22.75
2026-05-25 19:07:00.111,22.75
2026-05-25 19:07:06.017,22.75
2026-05-25 19:07:11.922,22.75
2026-05-25 19:07:17.826,22.8125
2026-05-25 19:07:23.732,22.8125
2026-05-25 19:07:29.637,22.75
2026-05-25 19:07:35.540,22.8125
2026-05-25 19:07:41.444,22.8125
2026-05-25 19:07:47.349,22.8125
2026-05-25 19:07:53.254,22.75
2026-05-25 19:07:59.158,22.75
2026-05-25 19:08:05.061,22.8125
2026-05-25 19:08:10.965,22.8125
2026-05-25 19:08:16.871,22.75
2026-05-25 19:08:22.778,22.75
2026-05-25 19:08:28.684,22.75
2026-05-25 19:08:34.589,22.75
2026-05-25 19:08:40.495,22.75
2026-05-25 19:08:46.401,22.75
2026-05-25 19:08:52.306,22.75
2026-05-25 19:08:58.209,22.75
2026-05-25 19:09:04.113,22.8125
2026-05-25 19:09:10.018,22.75
2026-05-25 19:09:15.922,22.75
2026-05-25 19:09:21.829,22.75
2026-05-25 19:09:27.735,22.75
2026-05-25 19:09:33.638,22.75
2026-05-25 19:09:39.542,22.75
2026-05-25 19:09:45.445,22.75
2026-05-25 19:09:51.350,22.75
2026-05-25 19:09:57.254,22.75
2026-05-25 19:10:03.160,22.75
2026-05-25 19:10:09.065,22.75
2026-05-25 19:10:14.971,22.75
2026-05-25 19:10:20.878,22.8125
2026-05-25 19:10:26.784,22.75
2026-05-25 19:10:32.687,22.75
2026-05-25 19:10:38.591,22.75
2026-05-25 19:10:44.495,22.75
2026-05-25 19:10:50.399,22.75
2026-05-25 19:10:56.305,22.8125
2026-05-25 19:11:02.211,22.75
2026-05-25 19:11:08.115,22.8125
2026-05-25 19:11:14.022,22.75
2026-05-25 19:11:19.925,22.75
2026-05-25 19:11:25.829,22.75
2026-05-25 19:11:31.735,22.8125
2026-05-25 19:11:37.640,22.8125
2026-05-25 19:11:43.547,22.8125
2026-05-25 19:11:49.450,22.8125
2026-05-25 19:11:55.354,22.75
2026-05-25 19:12:01.257,22.75
2026-05-25 19:12:07.164,22.75
2026-05-25 19:12:13.070,22.75
2026-05-25 19:12:18.976,22.75
2026-05-25 19:12:24.884,22.75
2026-05-25 19:12:30.787,22.8125
2026-05-25 19:12:36.691,22.75
2026-05-25 19:12:42.596,22.8125
2026-05-25 19:12:48.499,22.75
2026-05-25 19:12:54.403,22.75
2026-05-25 19:13:00.307,22.75
2026-05-25 19:13:06.210,22.75
2026-05-25 19:13:12.117,22.8125
2026-05-25 19:13:18.023,22.75
2026-05-25 19:13:23.927,22.75
2026-05-25 19:13:29.830,22.75
2026-05-25 19:13:35.736,22.75
2026-05-25 19:13:41.643,22.75
2026-05-25 19:13:47.546,22.75
2026-05-25 19:13:53.452,22.75
2026-05-25 19:13:59.356,22.75
2026-05-25 19:14:05.262,22.8125
2026-05-25 19:14:11.166,22.75
2026-05-25 19:14:17.072,22.75
2026-05-25 19:14:22.978,22.75
2026-05-25 19:14:28.884,22.8125
2026-05-25 19:14:34.788,22.8125
2026-05-25 19:14:40.692,22.75
2026-05-25 19:14:46.596,22.75
2026-05-25 19:14:52.499,22.75
2026-05-25 19:14:58.405,22.75
2026-05-25 19:15:04.312,22.75
2026-05-25 19:15:10.215,22.75
2026-05-25 19:15:16.121,22.75
2026-05-25 19:15:22.027,22.75
2026-05-25 19:15:27.931,22.75
2026-05-25 19:15:33.835,22.8125
2026-05-25 19:15:39.739,22.75
2026-05-25 19:15:45.643,22.75
2026-05-25 19:15:51.548,22.8125
2026-05-25 19:15:57.452,22.75
2026-05-25 19:16:03.356,22.75
2026-05-25 19:16:09.260,22.75
2026-05-25 19:16:15.166,22.75
2026-05-25 19:16:21.069,22.8125
2026-05-25 19:16:26.975,22.75
2026-05-25 19:16:32.882,22.75
2026-05-25 19:16:38.788,22.75
2026-05-25 19:16:44.692,22.8125
2026-05-25 19:16:50.597,22.75
2026-05-25 19:16:56.502,22.75
2026-05-25 19:17:02.405,22.75
2026-05-25 19:17:08.309,22.8125
2026-05-25 19:17:14.215,22.75
2026-05-25 19:17:20.121,22.75
2026-05-25 19:17:26.025,22.8125
2026-05-25 19:17:31.929,22.8125
2026-05-25 19:17:37.833,22.8125
2026-05-25 19:17:43.736,22.8125
2026-05-25 19:17:49.640,22.8125
2026-05-25 19:17:55.546,22.75
2026-05-25 19:18:01.450,22.75
2026-05-25 19:18:07.354,22.75
2026-05-25 19:18:13.257,22.8125
2026-05-25 19:18:19.161,22.75
2026-05-25 19:18:25.066,22.8125
2026-05-25 19:18:30.974,22.8125
2026-05-25 19:18:36.879,22.75
2026-05-25 19:18:42.785,22.75
2026-05-25 19:18:48.689,22.75
2026-05-25 19:18:54.595,22.75
2026-05-25 19:19:00.499,22.8125
2026-05-25 19:19:06.403,22.8125
2026-05-25 19:19:12.307,22.8125
2026-05-25 19:19:18.210,22.8125
2026-05-25 19:19:24.115,22.8125
2026-05-25 19:19:30.018,22.8125
2026-05-25 19:19:35.922,22.75
2026-05-25 19:19:41.828,22.8125
2026-05-25 19:19:47.735,22.75
2026-05-25 19:19:53.638,22.75
2026-05-25 19:19:59.542,22.8125
2026-05-25 19:20:05.448,22.75
2026-05-25 19:20:11.352,22.75
2026-05-25 19:20:17.257,22.75
2026-05-25 19:20:23.160,22.75
2026-05-25 19:20:29.064,22.75
2026-05-25 19:20:34.968,22.8125
2026-05-25 19:20:40.874,22.75
2026-05-25 19:20:46.778,22.75
2026-05-25 19:20:52.682,22.8125
2026-05-25 19:20:58.585,22.75
2026-05-25 19:21:04.491,22.8125
2026-05-25 19:21:10.397,22.75
2026-05-25 19:21:16.304,22.75
2026-05-25 19:21:22.208,22.75
2026-05-25 19:21:28.111,22.8125
2026-05-25 19:21:34.015,22.75
2026-05-25 19:21:39.918,22.75
2026-05-25 19:21:45.823,22.75
2026-05-25 19:21:51.729,22.8125
2026-05-25 19:21:57.633,22.75
2026-05-25 19:22:03.538,22.8125
2026-05-25 19:22:09.443,22.8125
2026-05-25 19:22:15.350,22.8125
2026-05-25 19:22:21.256,22.75
2026-05-25 19:22:27.162,22.75
2026-05-25 19:22:33.068,22.8125
2026-05-25 19:22:38.975,22.75
2026-05-25 19:22:44.878,22.75
2026-05-25 19:22:50.784,22.8125
2026-05-25 19:22:56.690,22.75
2026-05-25 19:23:02.596,22.8125
2026-05-25 19:23:08.502,22.75
2026-05-25 19:23:14.408,22.75
2026-05-25 19:23:20.314,22.75
2026-05-25 19:23:26.220,22.75
2026-05-25 19:23:32.126,22.8125
2026-05-25 19:23:38.030,22.75
2026-05-25 19:23:43.934,22.75
2026-05-25 19:23:49.838,22.75
2026-05-25 19:23:55.742,22.75
2026-05-25 19:24:01.645,22.75
2026-05-25 19:24:07.550,22.8125
2026-05-25 19:24:13.453,22.75
2026-05-25 19:24:19.357,22.75
2026-05-25 19:24:25.263,22.8125
2026-05-25 19:24:31.167,22.8125
2026-05-25 19:24:37.074,22.75
2026-05-25 19:24:42.979,22.8125
2026-05-25 19:24:48.883,22.75
2026-05-25 19:24:54.786,22.75
2026-05-25 19:25:00.690,22.75
2026-05-25 19:25:06.595,22.8125
2026-05-25 19:25:12.498,22.75
2026-05-25 19:25:18.404,22.75
2026-05-25 19:25:24.309,22.8125
2026-05-25 19:25:30.213,22.8125
2026-05-25 19:25:36.118,22.75
2026-05-25 19:25:42.024,22.75
2026-05-25 19:25:47.930,22.75
2026-05-25 19:25:53.835,22.75
2026-05-25 19:25:59.742,22.75
2026-05-25 19:26:05.648,22.8125
2026-05-25 19:26:11.552,22.75
2026-05-25 19:26:17.456,22.75
2026-05-25 19:26:23.359,22.8125
2026-05-25 19:26:29.264,22.75
2026-05-25 19:26:35.167,22.75
2026-05-25 19:26:41.071,22.75
2026-05-25 19:26:46.975,22.75
2026-05-25 19:26:52.878,22.75
2026-05-25 19:26:58.785,22.75
2026-05-25 19:27:04.691,22.75
2026-05-25 19:27:10.597,22.8125
2026-05-25 19:27:16.503,22.8125
2026-05-25 19:27:22.408,22.75
2026-05-25 19:27:28.315,22.8125
2026-05-25 19:27:34.218,22.75
2026-05-25 19:27:40.124,22.8125
2026-05-25 19:27:46.030,22.75
2026-05-25 19:27:51.936,22.75
2026-05-25 19:27:57.843,22.75
2026-05-25 19:28:03.748,22.75
2026-05-25 19:28:09.652,22.8125
2026-05-25 19:28:15.555,22.75
2026-05-25 19:28:21.459,22.75
2026-05-25 19:28:27.366,22.75
2026-05-25 19:28:33.269,22.8125
2026-05-25 19:28:39.173,22.8125
2026-05-25 19:28:45.078,22.8125
2026-05-25 19:28:50.985,22.75
2026-05-25 19:28:56.891,22.75
2026-05-25 19:29:02.797,22.75
2026-05-25 19:29:08.703,22.75
2026-05-25 19:29:14.608,22.75
2026-05-25 19:29:20.515,22.8125
2026-05-25 19:29:26.419,22.75
2026-05-25 19:29:32.322,22.75
2026-05-25 19:29:38.226,22.8125
2026-05-25 19:29:44.130,22.75
2026-05-25 19:29:50.034,22.75
2026-05-25 19:29:55.938,22.75
2026-05-25 19:30:01.842,22.75
2026-05-25 19:30:07.747,22.75
2026-05-25 19:30:13.653,22.8125
2026-05-25 19:30:19.560,22.75
2026-05-25 19:30:25.465,22.8125
2026-05-25 19:30:31.369,22.8125
2026-05-25 19:30:37.273,22.8125
2026-05-25 19:30:43.178,22.75
2026-05-25 19:30:49.085,22.75
2026-05-25 19:30:54.989,22.75
2026-05-25 19:31:00.892,22.8125
2026-05-25 19:31:06.799,22.8125
2026-05-25 19:31:12.702,22.75
2026-05-25 19:31:18.607,22.75
2026-05-25 19:31:24.512,22.8125
2026-05-25 19:31:30.418,22.75
2026-05-25 19:31:36.324,22.75
2026-05-25 19:31:42.231,22.75
2026-05-25 19:31:48.138,22.8125
2026-05-25 19:31:54.044,22.75
2026-05-25 19:31:59.950,22.8125
2026-05-25 19:32:05.856,22.75
2026-05-25 19:32:11.762,22.75
2026-05-25 19:32:17.666,22.8125
2026-05-25 19:32:23.570,22.8125
2026-05-25 19:32:29.473,22.75
2026-05-25 19:32:35.379,22.8125
2026-05-25 19:32:41.286,22.8125
2026-05-25 19:32:47.192,22.8125
2026-05-25 19:32:53.098,22.75
2026-05-25 19:32:59.004,22.75
2026-05-25 19:33:04.909,22.75
2026-05-25 19:33:10.816,22.8125
2026-05-25 19:33:16.720,22.8125
2026-05-25 19:33:22.624,22.75
2026-05-25 19:33:28.527,22.8125
2026-05-25 19:33:34.431,22.8125
2026-05-25 19:33:40.335,22.75
2026-05-25 19:33:46.239,22.75
2026-05-25 19:33:52.145,22.8125
2026-05-25 19:33:58.051,22.75
2026-05-25 19:34:03.957,22.8125
2026-05-25 19:34:09.863,22.75
2026-05-25 19:34:15.767,22.75
2026-05-25 19:34:21.671,22.8125
2026-05-25 19:34:27.574,22.75
2026-05-25 19:34:33.481,22.8125
2026-05-25 19:34:39.387,22.75
2026-05-25 19:34:45.295,22.75
2026-05-25 19:34:51.201,22.8125
2026-05-25 19:34:57.104,22.8125
2026-05-25 19:35:03.011,22.75
2026-05-25 19:35:08.915,22.75
2026-05-25 19:35:14.818,22.8125
2026-05-25 19:35:20.722,22.75
2026-05-25 19:35:26.628,22.8125
2026-05-25 19:35:32.535,22.8125
2026-05-25 19:35:38.438,22.75
2026-05-25 19:35:44.344,22.8125
2026-05-25 19:35:50.249,22.75
2026-05-25 19:35:56.155,22.75
2026-05-25 19:36:02.060,22.8125
2026-05-25 19:36:07.963,22.75
2026-05-25 19:36:13.869,22.75
2026-05-25 19:36:19.773,22.75
2026-05-25 19:36:25.679,22.75
2026-05-25 19:36:31.585,22.75
2026-05-25 19:36:37.491,22.75
2026-05-25 19:36:43.397,22.75
2026-05-25 19:36:49.303,22.75
2026-05-25 19:36:55.208,22.75
2026-05-25 19:37:01.115,22.75
2026-05-25 19:37:07.022,22.75
2026-05-25 19:37:12.927,22.75
2026-05-25 19:37:18.833,22.75
2026-05-25 19:37:24.738,22.75
2026-05-25 19:37:30.644,22.75
2026-05-25 19:37:36.547,22.75
2026-05-25 19:37:42.451,22.75
2026-05-25 19:37:48.355,22.75
2026-05-25 19:37:54.262,22.75
2026-05-25 19:38:00.167,22.75
2026-05-25 19:38:06.073,22.75
2026-05-25 19:38:11.977,22.75
2026-05-25 19:38:17.881,22.75
2026-05-25 19:38:23.785,22.75
2026-05-25 19:38:29.689,22.75
2026-05-25 19:38:35.593,22.75
2026-05-25 19:38:41.499,22.75
2026-05-25 19:38:47.403,22.75
2026-05-25 19:38:53.307,22.75
2026-05-25 19:38:59.211,22.75
2026-05-25 19:39:05.114,22.75
2026-05-25 19:39:11.021,22.75
2026-05-25 19:39:16.924,22.75
2026-05-25 19:39:22.831,22.75
2026-05-25 19:39:28.735,22.75
2026-05-25 19:39:34.640,22.75
2026-05-25 19:39:40.546,22.75
2026-05-25 19:39:46.450,22.75
2026-05-25 19:39:52.355,22.75
2026-05-25 19:39:58.258,22.75
2026-05-25 19:40:04.162,22.8125
2026-05-25 19:40:10.066,22.75
2026-05-25 19:40:15.969,22.75
2026-05-25 19:40:21.874,22.75
2026-05-25 19:40:27.780,22.75
2026-05-25 19:40:33.686,22.75
2026-05-25 19:40:39.589,22.75
2026-05-25 19:40:45.496,22.75
2026-05-25 19:40:51.402,22.75
2026-05-25 19:40:57.308,22.8125
2026-05-25 19:41:03.212,22.75
2026-05-25 19:41:09.115,22.75
2026-05-25 19:41:15.020,22.75
2026-05-25 19:41:20.926,22.75
2026-05-25 19:41:26.832,22.75
2026-05-25 19:41:32.735,22.75
2026-05-25 19:41:38.641,22.75
2026-05-25 19:41:44.546,22.75
2026-05-25 19:41:50.450,22.75
2026-05-25 19:41:56.353,22.75
2026-05-25 19:42:02.259,22.75
2026-05-25 19:42:08.163,22.75
2026-05-25 19:42:14.070,22.75
2026-05-25 19:42:19.976,22.75
2026-05-25 19:42:25.883,22.8125
2026-05-25 19:42:31.787,22.75
2026-05-25 19:42:37.693,22.75
2026-05-25 19:42:43.598,22.75
2026-05-25 19:42:49.501,22.75
2026-05-25 19:42:55.407,22.75
2026-05-25 19:43:01.311,22.75
2026-05-25 19:43:07.217,22.75
2026-05-25 19:43:13.121,22.75
2026-05-25 19:43:19.025,22.75
2026-05-25 19:43:24.929,22.75
2026-05-25 19:43:30.832,22.75
2026-05-25 19:43:36.737,22.75
2026-05-25 19:43:42.641,22.75
2026-05-25 19:43:48.544,22.75
2026-05-25 19:43:54.448,22.75
2026-05-25 19:44:00.352,22.8125
2026-05-25 19:44:06.256,22.75
2026-05-25 19:44:12.160,22.75
2026-05-25 19:44:18.064,22.8125
2026-05-25 19:44:23.967,22.75
2026-05-25 19:44:29.871,22.75
2026-05-25 19:44:35.778,22.75
2026-05-25 19:44:41.684,22.75
2026-05-25 19:44:47.590,22.75
2026-05-25 19:44:53.496,22.75
2026-05-25 19:44:59.399,22.75
2026-05-25 19:45:05.306,22.75
2026-05-25 19:45:11.212,22.75
2026-05-25 19:45:17.116,22.75
2026-05-25 19:45:23.019,22.75
2026-05-25 19:45:28.923,22.75
2026-05-25 19:45:34.828,22.75
2026-05-25 19:45:40.731,22.75
2026-05-25 19:45:46.637,22.75
2026-05-25 19:45:52.543,22.75
2026-05-25 19:45:58.449,22.75
2026-05-25 19:46:04.354,22.75
2026-05-25 19:46:10.260,22.75
2026-05-25 19:46:16.165,22.75
2026-05-25 19:46:22.071,22.75
2026-05-25 19:46:27.977,22.75
2026-05-25 19:46:33.881,22.75
2026-05-25 19:46:39.784,22.75
2026-05-25 19:46:45.688,22.75
2026-05-25 19:46:51.594,22.75
2026-05-25 19:46:57.501,22.75
2026-05-25 19:47:03.404,22.75
2026-05-25 19:47:09.308,22.75
2026-05-25 19:47:15.214,22.75
2026-05-25 19:47:21.118,22.75
2026-05-25 19:47:27.023,22.75
2026-05-25 19:47:32.926,22.75
2026-05-25 19:47:38.830,22.6875
2026-05-25 19:47:44.736,22.75
2026-05-25 19:47:50.640,22.75
2026-05-25 19:47:56.547,22.75
2026-05-25 19:48:02.450,22.75
2026-05-25 19:48:08.354,22.75
2026-05-25 19:48:14.257,22.75
2026-05-25 19:48:20.163,22.6875
2026-05-25 19:48:26.070,22.75
2026-05-25 19:48:31.976,22.75
2026-05-25 19:48:37.882,22.75
2026-05-25 19:48:43.786,22.75
2026-05-25 19:48:49.691,22.75
2026-05-25 19:48:55.596,22.75
2026-05-25 19:49:01.500,22.75
2026-05-25 19:49:07.404,22.6875
2026-05-25 19:49:13.307,22.6875
2026-05-25 19:49:19.214,22.75
2026-05-25 19:49:25.120,22.75
2026-05-25 19:49:31.023,22.75
2026-05-25 19:49:36.927,22.75
2026-05-25 19:49:42.833,22.75
2026-05-25 19:49:48.740,22.6875
2026-05-25 19:49:54.643,22.75
2026-05-25 19:50:00.547,22.75
2026-05-25 19:50:06.451,22.75
2026-05-25 19:50:12.356,22.75
2026-05-25 19:50:18.261,22.75
2026-05-25 19:50:24.167,22.75
2026-05-25 19:50:30.070,22.75
2026-05-25 19:50:35.974,22.75
2026-05-25 19:50:41.877,22.75
2026-05-25 19:50:47.784,22.75
2026-05-25 19:50:53.690,22.75
2026-05-25 19:50:59.596,22.75
2026-05-25 19:51:05.500,22.75
2026-05-25 19:51:11.403,22.75
2026-05-25 19:51:17.308,22.75
2026-05-25 19:51:23.212,22.75
2026-05-25 19:51:29.115,22.75
2026-05-25 19:51:35.021,22.75
2026-05-25 19:51:40.927,22.75
2026-05-25 19:51:46.834,22.75
2026-05-25 19:51:52.740,22.75
2026-05-25 19:51:58.646,22.75
2026-05-25 19:52:04.549,22.75
2026-05-25 19:52:10.456,22.75
2026-05-25 19:52:16.361,22.75
2026-05-25 19:52:22.265,22.75
2026-05-25 19:52:28.169,22.75
2026-05-25 19:52:34.073,22.75
2026-05-25 19:52:39.979,22.75
2026-05-25 19:52:45.885,22.75
2026-05-25 19:52:51.791,22.75
2026-05-25 19:52:57.697,22.8125
2026-05-25 19:53:03.602,22.75
2026-05-25 19:53:09.507,22.75
2026-05-25 19:53:15.410,22.75
2026-05-25 19:53:21.317,22.75
2026-05-25 19:53:27.220,22.75
2026-05-25 19:53:33.124,22.75
2026-05-25 19:53:39.028,22.75
2026-05-25 19:53:44.932,22.75
2026-05-25 19:53:50.838,22.75
2026-05-25 19:53:56.742,22.75
2026-05-25 19:54:02.645,22.8125
2026-05-25 19:54:08.550,22.75
2026-05-25 19:54:14.453,22.75
2026-05-25 19:54:20.357,22.6875
2026-05-25 19:54:26.261,22.75
2026-05-25 19:54:32.167,22.8125
2026-05-25 19:54:38.071,22.75
2026-05-25 19:54:43.975,22.75
2026-05-25 19:54:49.879,22.8125
2026-05-25 19:54:55.784,22.75
2026-05-25 19:55:01.691,22.75
2026-05-25 19:55:07.597,22.75
2026-05-25 19:55:13.503,22.75
2026-05-25 19:55:19.409,22.75
2026-05-25 19:55:25.315,22.75
2026-05-25 19:55:31.222,22.75
2026-05-25 19:55:37.128,22.75
2026-05-25 19:55:43.034,22.75
2026-05-25 19:55:48.939,22.75
2026-05-25 19:55:54.843,22.75
2026-05-25 19:56:00.749,22.75
2026-05-25 19:56:06.653,22.6875
2026-05-25 19:56:12.557,22.75
2026-05-25 19:56:18.460,22.75
2026-05-25 19:56:24.366,22.75
2026-05-25 19:56:30.271,22.75
2026-05-25 19:56:36.175,22.75
2026-05-25 19:56:42.080,22.75
2026-05-25 19:56:47.984,22.6875
2026-05-25 19:56:53.890,22.75
2026-05-25 19:56:59.797,22.75
2026-05-25 19:57:05.703,22.75
2026-05-25 19:57:11.606,22.75
2026-05-25 19:57:17.510,22.75
2026-05-25 19:57:23.414,22.75
2026-05-25 19:57:29.318,22.75
2026-05-25 19:57:35.222,22.75
2026-05-25 19:57:41.126,22.6875
2026-05-25 19:57:47.029,22.6875
2026-05-25 19:57:52.933,22.75
2026-05-25 19:57:58.840,22.75
2026-05-25 19:58:04.746,22.75
2026-05-25 19:58:10.651,22.75
2026-05-25 19:58:16.555,22.75
2026-05-25 19:58:22.460,22.75
2026-05-25 19:58:28.363,22.75
2026-05-25 19:58:34.269,22.6875
2026-05-25 19:58:40.175,22.75
2026-05-25 19:58:46.081,22.6875
2026-05-25 19:58:51.988,22.75
2026-05-25 19:58:57.894,22.75
2026-05-25 19:59:03.799,22.6875
2026-05-25 19:59:09.703,22.75
2026-05-25 19:59:15.606,22.75
2026-05-25 19:59:21.513,22.75
2026-05-25 19:59:27.419,22.75
2026-05-25 19:59:33.322,22.75
2026-05-25 19:59:39.226,22.75
2026-05-25 19:59:45.132,22.75
2026-05-25 19:59:51.039,22.75
2026-05-25 19:59:56.945,22.6875
2026-05-25 20:00:02.850,22.75
2026-05-25 20:00:08.754,22.75
2026-05-25 20:00:14.658,22.75
2026-05-25 20:00:20.562,22.6875
2026-05-25 20:00:26.468,22.75
2026-05-25 20:00:32.374,22.75
2026-05-25 20:00:38.280,22.75
2026-05-25 20:00:44.183,22.75
2026-05-25 20:00:50.090,22.6875
2026-05-25 20:00:55.996,22.75
2026-05-25 20:01:01.902,22.6875
2026-05-25 20:01:07.808,22.6875
2026-05-25 20:01:13.715,22.6875
2026-05-25 20:01:19.618,22.6875
2026-05-25 20:01:25.522,22.75
2026-05-25 20:01:31.425,22.6875
2026-05-25 20:01:37.329,22.6875
2026-05-25 20:01:43.236,22.75
2026-05-25 20:01:49.142,22.6875
2026-05-25 20:01:55.045,22.6875
2026-05-25 20:02:00.951,22.75
2026-05-25 20:02:06.855,22.75
2026-05-25 20:02:12.760,22.75
2026-05-25 20:02:18.665,22.6875
2026-05-25 20:02:24.569,22.75
2026-05-25 20:02:30.472,22.75
2026-05-25 20:02:36.376,22.75
2026-05-25 20:02:42.281,22.6875
2026-05-25 20:02:48.187,22.75
2026-05-25 20:02:54.092,22.75
2026-05-25 20:02:59.998,22.75
2026-05-25 20:03:05.902,22.6875
2026-05-25 20:03:11.807,22.75
2026-05-25 20:03:17.712,22.75
2026-05-25 20:03:23.618,22.75
2026-05-25 20:03:29.524,22.75
2026-05-25 20:03:35.429,22.75
2026-05-25 20:03:41.337,22.6875
2026-05-25 20:03:47.242,22.75
2026-05-25 20:03:53.146,22.75
2026-05-25 20:03:59.050,22.6875
2026-05-25 20:04:04.954,22.6875
2026-05-25 20:04:10.860,22.6875
2026-05-25 20:04:16.764,22.6875
2026-05-25 20:04:22.669,22.75
2026-05-25 20:04:28.575,22.6875
2026-05-25 20:04:34.482,22.75
2026-05-25 20:04:40.386,22.6875
2026-05-25 20:04:46.289,22.75
2026-05-25 20:04:52.193,22.6875
2026-05-25 20:04:58.099,22.6875
2026-05-25 20:05:04.004,22.75
2026-05-25 20:05:09.909,22.6875
2026-05-25 20:05:15.815,22.6875
2026-05-25 20:05:21.719,22.6875
2026-05-25 20:05:27.623,22.75
2026-05-25 20:05:33.529,22.75
2026-05-25 20:05:39.435,22.6875
2026-05-25 20:05:45.341,22.6875
2026-05-25 20:05:51.247,22.6875
2026-05-25 20:05:57.153,22.6875
2026-05-25 20:06:03.059,22.6875
2026-05-25 20:06:08.965,22.6875
2026-05-25 20:06:14.871,22.75
2026-05-25 20:06:20.777,22.6875
2026-05-25 20:06:26.681,22.75
2026-05-25 20:06:32.588,22.75
2026-05-25 20:06:38.493,22.75
2026-05-25 20:06:44.399,22.6875
2026-05-25 20:06:50.303,22.6875
2026-05-25 20:06:56.207,22.75
2026-05-25 20:07:02.111,22.6875
2026-05-25 20:07:08.014,22.6875
2026-05-25 20:07:13.920,22.75
2026-05-25 20:07:19.826,22.6875
2026-05-25 20:07:25.730,22.75
2026-05-25 20:07:31.636,22.75
2026-05-25 20:07:37.540,22.6875
2026-05-25 20:07:43.444,22.75
2026-05-25 20:07:49.347,22.75
2026-05-25 20:07:55.254,22.75
2026-05-25 20:08:01.160,22.75
2026-05-25 20:08:07.066,22.6875
2026-05-25 20:08:12.972,22.6875
2026-05-25 20:08:18.875,22.75
2026-05-25 20:08:24.780,22.6875
2026-05-25 20:08:30.684,22.75
2026-05-25 20:08:36.590,22.75
2026-05-25 20:08:42.495,22.75
2026-05-25 20:08:48.399,22.6875
2026-05-25 20:08:54.306,22.75
2026-05-25 20:09:00.212,22.6875
2026-05-25 20:09:06.115,22.75
2026-05-25 20:09:12.019,22.6875
2026-05-25 20:09:17.922,22.75
2026-05-25 20:09:23.829,22.75
2026-05-25 20:09:29.735,22.6875
2026-05-25 20:09:35.639,22.75
2026-05-25 20:09:41.545,22.6875
2026-05-25 20:09:47.448,22.75
2026-05-25 20:09:53.353,22.75
2026-05-25 20:09:59.256,22.6875
2026-05-25 20:10:05.162,22.75
2026-05-25 20:10:11.068,22.75
2026-05-25 20:10:16.975,22.6875
2026-05-25 20:10:22.880,22.6875
2026-05-25 20:10:28.784,22.75
2026-05-25 20:10:34.690,22.75
2026-05-25 20:10:40.595,22.75
2026-05-25 20:10:46.500,22.75
2026-05-25 20:10:52.404,22.75
2026-05-25 20:10:58.309,22.75
2026-05-25 20:11:04.215,22.6875
2026-05-25 20:11:10.119,22.6875
2026-05-25 20:11:16.026,22.75
2026-05-25 20:11:21.931,22.75
2026-05-25 20:11:27.835,22.75
2026-05-25 20:11:33.738,22.6875
2026-05-25 20:11:39.642,22.75
2026-05-25 20:11:45.547,22.75
2026-05-25 20:11:51.452,22.6875
2026-05-25 20:11:57.358,22.75
2026-05-25 20:12:03.262,22.75
2026-05-25 20:12:09.165,22.6875
2026-05-25 20:12:15.070,22.75
2026-05-25 20:12:20.976,22.6875
2026-05-25 20:12:26.882,22.6875
2026-05-25 20:12:32.787,22.75
2026-05-25 20:12:38.691,22.6875
2026-05-25 20:12:44.596,22.6875
2026-05-25 20:12:50.499,22.75
2026-05-25 20:12:56.405,22.75
2026-05-25 20:13:02.310,22.75
2026-05-25 20:13:08.217,22.75
2026-05-25 20:13:14.121,22.6875
2026-05-25 20:13:20.027,22.6875
2026-05-25 20:13:25.930,22.6875
2026-05-25 20:13:31.834,22.6875
2026-05-25 20:13:37.741,22.6875
2026-05-25 20:13:43.645,22.75
2026-05-25 20:13:49.551,22.6875
2026-05-25 20:13:55.456,22.6875
2026-05-25 20:14:01.362,22.6875
2026-05-25 20:14:07.269,22.6875
2026-05-25 20:14:13.173,22.75
2026-05-25 20:14:19.076,22.75
2026-05-25 20:14:24.980,22.75
2026-05-25 20:14:30.883,22.75
2026-05-25 20:14:36.788,22.75
2026-05-25 20:14:42.692,22.75
2026-05-25 20:14:48.598,22.6875
2026-05-25 20:14:54.501,22.6875
2026-05-25 20:15:00.407,22.75
2026-05-25 20:15:06.313,22.6875
2026-05-25 20:15:12.217,22.6875
2026-05-25 20:15:18.121,22.75
2026-05-25 20:15:24.024,22.75
2026-05-25 20:15:29.930,22.75
2026-05-25 20:15:35.837,22.75
2026-05-25 20:15:41.743,22.6875
2026-05-25 20:15:47.649,22.6875
2026-05-25 20:15:53.555,22.75
2026-05-25 20:15:59.459,22.6875
2026-05-25 20:16:05.363,22.6875
2026-05-25 20:16:11.267,22.75
2026-05-25 20:16:17.170,22.6875
2026-05-25 20:16:23.076,22.75
2026-05-25 20:16:28.981,22.75
2026-05-25 20:16:34.884,22.75
2026-05-25 20:16:40.788,22.6875
2026-05-25 20:16:46.692,22.75
2026-05-25 20:16:52.595,22.6875
2026-05-25 20:16:58.502,22.75
2026-05-25 20:17:04.405,22.6875
2026-05-25 20:17:10.311,22.6875
2026-05-25 20:17:16.217,22.6875
2026-05-25 20:17:22.121,22.6875
2026-05-25 20:17:28.030,22.6875
2026-05-25 20:17:33.933,22.75
2026-05-25 20:17:39.837,22.6875
2026-05-25 20:17:45.740,22.6875
2026-05-25 20:17:51.644,22.6875
2026-05-25 20:17:57.549,22.6875
2026-05-25 20:18:03.454,22.75
2026-05-25 20:18:09.358,22.75
2026-05-25 20:18:15.263,22.6875
2026-05-25 20:18:21.171,22.75
2026-05-25 20:18:27.078,22.6875
2026-05-25 20:18:32.984,22.6875
2026-05-25 20:18:38.887,22.6875
2026-05-25 20:18:44.793,22.6875
2026-05-25 20:18:50.700,22.75
2026-05-25 20:18:56.603,22.6875
2026-05-25 20:19:02.507,22.75
2026-05-25 20:19:08.411,22.75
2026-05-25 20:19:14.314,22.6875
2026-05-25 20:19:20.219,22.6875
2026-05-25 20:19:26.122,22.6875
2026-05-25 20:19:32.028,22.6875
2026-05-25 20:19:37.934,22.6875
2026-05-25 20:19:43.840,22.75
2026-05-25 20:19:49.747,22.75
2026-05-25 20:19:55.653,22.75
2026-05-25 20:20:01.556,22.6875
2026-05-25 20:20:07.462,22.6875
2026-05-25 20:20:13.368,22.6875
2026-05-25 20:20:19.275,22.6875
2026-05-25 20:20:25.178,22.6875
2026-05-25 20:20:31.082,22.75
2026-05-25 20:20:36.986,22.6875
2026-05-25 20:20:42.892,22.6875
2026-05-25 20:20:48.799,22.6875
2026-05-25 20:20:54.704,22.75
2026-05-25 20:21:00.608,22.6875
2026-05-25 20:21:06.514,22.75
2026-05-25 20:21:12.420,22.6875
2026-05-25 20:21:18.326,22.6875
2026-05-25 20:21:24.230,22.6875
2026-05-25 20:21:30.133,22.75
2026-05-25 20:21:36.037,22.75
2026-05-25 20:21:41.942,22.75
2026-05-25 20:21:47.845,22.6875
2026-05-25 20:21:53.751,22.6875
2026-05-25 20:21:59.657,22.75
2026-05-25 20:22:05.563,22.75
2026-05-25 20:22:11.469,22.75
2026-05-25 20:22:17.373,22.6875
2026-05-25 20:22:23.277,22.6875
2026-05-25 20:22:29.180,22.6875
2026-05-25 20:22:35.084,22.6875
2026-05-25 20:22:40.988,22.6875
2026-05-25 20:22:46.892,22.6875
2026-05-25 20:22:52.798,22.6875
2026-05-25 20:22:58.704,22.6875
2026-05-25 20:23:04.608,22.6875
2026-05-25 20:23:10.512,22.6875
2026-05-25 20:23:16.418,22.6875
2026-05-25 20:23:22.322,22.6875
2026-05-25 20:23:28.228,22.6875
2026-05-25 20:23:34.131,22.6875
2026-05-25 20:23:40.038,22.6875
2026-05-25 20:23:45.944,22.6875
2026-05-25 20:23:51.850,22.6875
2026-05-25 20:23:57.756,22.6875
2026-05-25 20:24:03.661,22.6875
2026-05-25 20:24:09.568,22.6875
2026-05-25 20:24:15.474,22.6875
2026-05-25 20:24:21.380,22.6875
2026-05-25 20:24:27.286,22.6875
2026-05-25 20:24:33.192,22.6875
2026-05-25 20:24:39.096,22.6875
2026-05-25 20:24:45.000,22.6875
2026-05-25 20:24:50.904,22.6875
2026-05-25 20:24:56.808,22.6875
2026-05-25 20:25:02.712,22.6875
2026-05-25 20:25:08.616,22.6875
2026-05-25 20:25:14.522,22.6875
2026-05-25 20:25:20.428,22.6875
2026-05-25 20:25:26.333,22.6875
2026-05-25 20:25:32.238,22.6875
2026-05-25 20:25:38.144,22.6875
2026-05-25 20:25:44.050,22.6875
2026-05-25 20:25:49.953,22.6875
2026-05-25 20:25:55.859,22.6875
2026-05-25 20:26:01.764,22.6875
2026-05-25 20:26:07.668,22.6875
2026-05-25 20:26:13.574,22.6875
2026-05-25 20:26:19.480,22.6875
2026-05-25 20:26:25.383,22.6875
2026-05-25 20:26:31.288,22.6875
2026-05-25 20:26:37.194,22.6875
2026-05-25 20:26:43.098,22.6875
2026-05-25 20:26:49.001,22.6875
2026-05-25 20:26:54.905,22.6875
2026-05-25 20:27:00.810,22.6875
2026-05-25 20:27:06.716,22.6875
2026-05-25 20:27:12.622,22.6875
2026-05-25 20:27:18.528,22.6875
2026-05-25 20:27:24.433,22.6875
2026-05-25 20:27:30.338,22.6875
2026-05-25 20:27:36.243,22.6875
2026-05-25 20:27:42.149,22.6875
2026-05-25 20:27:48.053,22.6875
2026-05-25 20:27:53.958,22.6875
2026-05-25 20:27:59.861,22.6875
2026-05-25 20:28:05.765,22.6875
2026-05-25 20:28:11.671,22.6875
2026-05-25 20:28:17.577,22.6875
2026-05-25 20:28:23.482,22.6875
2026-05-25 20:28:29.385,22.75
2026-05-25 20:28:35.289,22.6875
2026-05-25 20:28:41.193,22.6875
2026-05-25 20:28:47.096,22.6875
2026-05-25 20:28:53.001,22.6875
2026-05-25 20:28:58.906,22.6875
2026-05-25 20:29:04.810,22.6875
2026-05-25 20:29:10.714,22.6875
2026-05-25 20:29:16.619,22.6875
2026-05-25 20:29:22.526,22.625
2026-05-25 20:29:28.430,22.6875
2026-05-25 20:29:34.336,22.6875
2026-05-25 20:29:40.241,22.6875
2026-05-25 20:29:46.145,22.6875
2026-05-25 20:29:52.050,22.6875
2026-05-25 20:29:57.953,22.75
2026-05-25 20:30:03.859,22.6875
2026-05-25 20:30:09.765,22.6875
2026-05-25 20:30:15.671,22.6875
2026-05-25 20:30:21.576,22.6875
2026-05-25 20:30:27.479,22.6875
2026-05-25 20:30:33.385,22.6875
2026-05-25 20:30:39.290,22.6875
2026-05-25 20:30:45.197,22.75
2026-05-25 20:30:51.103,22.6875
2026-05-25 20:30:57.009,22.6875
2026-05-25 20:31:02.915,22.6875
2026-05-25 20:31:08.821,22.6875
2026-05-25 20:31:14.728,22.75
2026-05-25 20:31:20.631,22.6875
2026-05-25 20:31:26.535,22.75
2026-05-25 20:31:32.439,22.6875
2026-05-25 20:31:38.344,22.6875
2026-05-25 20:31:44.251,22.6875
2026-05-25 20:31:50.155,22.75
2026-05-25 20:31:56.061,22.6875
2026-05-25 20:32:01.967,22.6875
2026-05-25 20:32:07.872,22.6875
2026-05-25 20:32:13.777,22.75
2026-05-25 20:32:19.683,22.6875
2026-05-25 20:32:25.589,22.6875
2026-05-25 20:32:31.495,22.6875
2026-05-25 20:32:37.398,22.75
2026-05-25 20:32:43.305,22.75
2026-05-25 20:32:49.211,22.6875
2026-05-25 20:32:55.116,22.6875
2026-05-25 20:33:01.024,22.6875
2026-05-25 20:33:06.928,22.75
2026-05-25 20:33:12.835,22.6875
2026-05-25 20:33:18.741,22.6875
2026-05-25 20:33:24.646,22.6875
2026-05-25 20:33:30.552,22.6875
2026-05-25 20:33:36.459,22.6875
2026-05-25 20:33:42.365,22.75
2026-05-25 20:33:48.271,22.6875
2026-05-25 20:33:54.177,22.6875
2026-05-25 20:34:00.083,22.6875
2026-05-25 20:34:05.987,22.6875
2026-05-25 20:34:11.891,22.6875
2026-05-25 20:34:17.797,22.75
2026-05-25 20:34:23.700,22.6875
2026-05-25 20:34:29.606,22.6875
2026-05-25 20:34:35.513,22.6875
2026-05-25 20:34:41.419,22.75
2026-05-25 20:34:47.325,22.6875
2026-05-25 20:34:53.231,22.6875
2026-05-25 20:34:59.136,22.6875
2026-05-25 20:35:05.041,22.6875
2026-05-25 20:35:10.945,22.75
2026-05-25 20:35:16.848,22.6875
2026-05-25 20:35:22.752,22.75
2026-05-25 20:35:28.656,22.75
2026-05-25 20:35:34.560,22.6875
2026-05-25 20:35:40.464,22.6875
2026-05-25 20:35:46.370,22.6875
2026-05-25 20:35:52.274,22.75
2026-05-25 20:35:58.180,22.6875
2026-05-25 20:36:04.086,22.75
2026-05-25 20:36:09.992,22.6875
2026-05-25 20:36:15.896,22.75
2026-05-25 20:36:21.799,22.6875
2026-05-25 20:36:27.706,22.75
2026-05-25 20:36:33.612,22.75
2026-05-25 20:36:39.518,22.75
2026-05-25 20:36:45.422,22.6875
2026-05-25 20:36:51.325,22.6875
2026-05-25 20:36:57.232,22.75
2026-05-25 20:37:03.136,22.6875
2026-05-25 20:37:09.042,22.6875
2026-05-25 20:37:14.948,22.6875
2026-05-25 20:37:20.854,22.75
2026-05-25 20:37:26.760,22.6875
2026-05-25 20:37:32.666,22.6875
2026-05-25 20:37:38.570,22.75
2026-05-25 20:37:44.473,22.75
2026-05-25 20:37:50.377,22.6875
2026-05-25 20:37:56.284,22.6875
2026-05-25 20:38:02.187,22.6875
2026-05-25 20:38:08.091,22.6875
2026-05-25 20:38:13.995,22.6875
2026-05-25 20:38:19.898,22.6875
2026-05-25 20:38:25.805,22.75
2026-05-25 20:38:31.711,22.6875
2026-05-25 20:38:37.617,22.6875
2026-05-25 20:38:43.523,22.75
2026-05-25 20:38:49.429,22.6875
2026-05-25 20:38:55.336,22.6875
2026-05-25 20:39:01.239,22.75
2026-05-25 20:39:07.145,22.6875
2026-05-25 20:39:13.051,22.6875
2026-05-25 20:39:18.955,22.6875
2026-05-25 20:39:24.862,22.6875
2026-05-25 20:39:30.765,22.75
2026-05-25 20:39:36.669,22.6875
2026-05-25 20:39:42.573,22.75
2026-05-25 20:39:48.477,22.6875
2026-05-25 20:39:54.381,22.75
2026-05-25 20:40:00.287,22.75
2026-05-25 20:40:06.193,22.6875
2026-05-25 20:40:12.096,22.75
2026-05-25 20:40:18.003,22.6875
2026-05-25 20:40:23.909,22.6875
2026-05-25 20:40:29.815,22.75
2026-05-25 20:40:35.721,22.6875
2026-05-25 20:40:41.626,22.6875
2026-05-25 20:40:47.533,22.6875
2026-05-25 20:40:53.436,22.6875
2026-05-25 20:40:59.340,22.6875
2026-05-25 20:41:05.246,22.6875
2026-05-25 20:41:11.152,22.6875
2026-05-25 20:41:17.059,22.6875
2026-05-25 20:41:22.963,22.6875
2026-05-25 20:41:28.866,22.6875
2026-05-25 20:41:34.770,22.6875
2026-05-25 20:41:40.673,22.75
2026-05-25 20:41:46.578,22.6875
2026-05-25 20:41:52.482,22.6875
2026-05-25 20:41:58.388,22.75
2026-05-25 20:42:04.293,22.75
2026-05-25 20:42:10.199,22.6875
2026-05-25 20:42:16.104,22.75
2026-05-25 20:42:22.008,22.6875
2026-05-25 20:42:27.911,22.6875
2026-05-25 20:42:33.815,22.6875
2026-05-25 20:42:39.722,22.6875
2026-05-25 20:42:45.628,22.6875
2026-05-25 20:42:51.531,22.6875
2026-05-25 20:42:57.435,22.75
2026-05-25 20:43:03.339,22.6875
2026-05-25 20:43:09.244,22.6875
2026-05-25 20:43:15.149,22.75
2026-05-25 20:43:21.053,22.6875
2026-05-25 20:43:26.959,22.6875
2026-05-25 20:43:32.865,22.6875
2026-05-25 20:43:38.772,22.75
2026-05-25 20:43:44.675,22.6875
2026-05-25 20:43:50.581,22.6875
2026-05-25 20:43:56.487,22.6875
2026-05-25 20:44:02.392,22.6875
2026-05-25 20:44:08.299,22.6875
2026-05-25 20:44:14.203,22.6875
2026-05-25 20:44:20.106,22.6875
2026-05-25 20:44:26.010,22.6875
2026-05-25 20:44:31.914,22.6875
2026-05-25 20:44:37.818,22.6875
2026-05-25 20:44:43.722,22.6875
2026-05-25 20:44:49.626,22.6875
2026-05-25 20:44:55.529,22.6875
2026-05-25 20:45:01.433,22.6875
2026-05-25 20:45:07.338,22.75
2026-05-25 20:45:13.244,22.75
2026-05-25 20:45:19.150,22.6875
2026-05-25 20:45:25.053,22.6875
2026-05-25 20:45:30.958,22.6875
2026-05-25 20:45:36.864,22.75
2026-05-25 20:45:42.770,22.75
2026-05-25 20:45:48.676,22.75
2026-05-25 20:45:54.581,22.75
2026-05-25 20:46:00.488,22.75
2026-05-25 20:46:06.394,22.6875
2026-05-25 20:46:12.300,22.6875
2026-05-25 20:46:18.204,22.75
2026-05-25 20:46:24.107,22.75
2026-05-25 20:46:30.012,22.75
2026-05-25 20:46:35.916,22.6875
2026-05-25 20:46:41.819,22.6875
2026-05-25 20:46:47.723,22.6875
2026-05-25 20:46:53.629,22.75
2026-05-25 20:46:59.533,22.6875
2026-05-25 20:47:05.439,22.6875
2026-05-25 20:47:11.343,22.75
2026-05-25 20:47:17.246,22.6875
2026-05-25 20:47:23.152,22.75
2026-05-25 20:47:29.059,22.6875
2026-05-25 20:47:34.962,22.6875
2026-05-25 20:47:40.866,22.75
2026-05-25 20:47:46.770,22.75
2026-05-25 20:47:52.676,22.6875
2026-05-25 20:47:58.582,22.75
2026-05-25 20:48:04.486,22.6875
2026-05-25 20:48:10.390,22.75
2026-05-25 20:48:16.296,22.6875
2026-05-25 20:48:22.203,22.6875
2026-05-25 20:48:28.108,22.6875
2026-05-25 20:48:34.014,22.6875
2026-05-25 20:48:39.918,22.6875
2026-05-25 20:48:45.822,22.6875
2026-05-25 20:48:51.728,22.6875
2026-05-25 20:48:57.633,22.75
2026-05-25 20:49:03.539,22.6875
2026-05-25 20:49:09.445,22.6875
2026-05-25 20:49:15.350,22.6875
2026-05-25 20:49:21.257,22.6875
2026-05-25 20:49:27.161,22.6875
2026-05-25 20:49:33.065,22.6875
2026-05-25 20:49:38.968,22.6875
2026-05-25 20:49:44.872,22.6875
2026-05-25 20:49:50.779,22.6875
2026-05-25 20:49:56.687,22.6875
2026-05-25 20:50:02.590,22.6875
2026-05-25 20:50:08.494,22.6875
2026-05-25 20:50:14.399,22.6875
2026-05-25 20:50:20.304,22.6875
2026-05-25 20:50:26.208,22.6875
2026-05-25 20:50:32.111,22.6875
2026-05-25 20:50:38.017,22.6875
2026-05-25 20:50:43.923,22.6875
2026-05-25 20:50:49.828,22.6875
2026-05-25 20:50:55.731,22.6875
2026-05-25 20:51:01.637,22.6875
2026-05-25 20:51:07.543,22.6875
2026-05-25 20:51:13.448,22.6875
2026-05-25 20:51:19.351,22.6875
2026-05-25 20:51:25.257,22.75
2026-05-25 20:51:31.163,22.75
2026-05-25 20:51:37.069,22.6875
2026-05-25 20:51:42.974,22.6875
2026-05-25 20:51:48.877,22.6875
2026-05-25 20:51:54.781,22.6875
2026-05-25 20:52:00.684,22.6875
2026-05-25 20:52:06.591,22.6875
2026-05-25 20:52:12.497,22.6875
2026-05-25 20:52:18.405,22.6875
2026-05-25 20:52:24.311,22.6875
2026-05-25 20:52:30.217,22.6875
2026-05-25 20:52:36.122,22.6875
2026-05-25 20:52:42.029,22.6875
2026-05-25 20:52:47.935,22.6875
2026-05-25 20:52:53.839,22.6875
2026-05-25 20:52:59.742,22.6875
2026-05-25 20:53:05.646,22.6875
2026-05-25 20:53:11.551,22.6875
2026-05-25 20:53:17.454,22.75
2026-05-25 20:53:23.360,22.6875
2026-05-25 20:53:29.266,22.6875
2026-05-25 20:53:35.172,22.6875
2026-05-25 20:53:41.076,22.6875
2026-05-25 20:53:46.982,22.6875
2026-05-25 20:53:52.888,22.75
2026-05-25 20:53:58.791,22.6875
2026-05-25 20:54:04.697,22.6875
2026-05-25 20:54:10.604,22.6875
2026-05-25 20:54:16.510,22.6875
2026-05-25 20:54:22.413,22.6875
2026-05-25 20:54:28.317,22.6875
2026-05-25 20:54:34.221,22.6875
2026-05-25 20:54:40.125,22.6875
2026-05-25 20:54:46.029,22.6875
2026-05-25 20:54:51.932,22.6875
2026-05-25 20:54:57.836,22.6875
2026-05-25 20:55:03.743,22.6875
2026-05-25 20:55:09.648,22.6875
2026-05-25 20:55:15.552,22.6875
2026-05-25 20:55:21.458,22.75
2026-05-25 20:55:27.363,22.75
2026-05-25 20:55:33.268,22.6875
2026-05-25 20:55:39.171,22.6875
2026-05-25 20:55:45.075,22.6875
2026-05-25 20:55:50.981,22.6875
2026-05-25 20:55:56.887,22.6875
2026-05-25 20:56:02.794,22.6875
2026-05-25 20:56:08.699,22.6875
2026-05-25 20:56:14.605,22.6875
2026-05-25 20:56:20.509,22.6875
2026-05-25 20:56:26.412,22.6875
2026-05-25 20:56:32.317,22.6875
2026-05-25 20:56:38.221,22.75
2026-05-25 20:56:44.126,22.6875
2026-05-25 20:56:50.032,22.6875
2026-05-25 20:56:55.938,22.6875
2026-05-25 20:57:01.842,22.75
2026-05-25 20:57:07.746,22.75
2026-05-25 20:57:13.650,22.6875
2026-05-25 20:57:19.555,22.6875
2026-05-25 20:57:25.462,22.6875
2026-05-25 20:57:31.368,22.6875
2026-05-25 20:57:37.274,22.75
2026-05-25 20:57:43.179,22.6875
2026-05-25 20:57:49.085,22.6875
2026-05-25 20:57:54.990,22.6875
2026-05-25 20:58:00.894,22.75
2026-05-25 20:58:06.797,22.6875
2026-05-25 20:58:12.701,22.6875
2026-05-25 20:58:18.605,22.6875
2026-05-25 20:58:24.512,22.6875
2026-05-25 20:58:30.417,22.6875
2026-05-25 20:58:36.321,22.6875
2026-05-25 20:58:42.225,22.75
2026-05-25 20:58:48.131,22.6875
2026-05-25 20:58:54.035,22.6875
2026-05-25 20:58:59.939,22.75
2026-05-25 20:59:05.842,22.75
2026-05-25 20:59:11.748,22.6875
2026-05-25 20:59:17.654,22.75
2026-05-25 20:59:23.559,22.6875
2026-05-25 20:59:29.465,22.75
2026-05-25 20:59:35.370,22.6875
2026-05-25 20:59:41.276,22.75
2026-05-25 20:59:47.180,22.6875
2026-05-25 20:59:53.084,22.6875
2026-05-25 20:59:58.988,22.6875
2026-05-25 21:00:04.891,22.6875
2026-05-25 21:00:10.797,22.6875
2026-05-25 21:00:16.702,22.6875
2026-05-25 21:00:22.608,22.6875
2026-05-25 21:00:28.511,22.6875
2026-05-25 21:00:34.415,22.6875
2026-05-25 21:00:40.319,22.6875
2026-05-25 21:00:46.223,22.75
2026-05-25 21:00:52.127,22.6875
2026-05-25 21:00:58.033,22.6875
2026-05-25 21:01:03.939,22.6875
2026-05-25 21:01:09.845,22.6875
2026-05-25 21:01:15.749,22.6875
2026-05-25 21:01:21.653,22.75
2026-05-25 21:01:27.557,22.6875
2026-05-25 21:01:33.460,22.6875
2026-05-25 21:01:39.366,22.6875
2026-05-25 21:01:45.273,22.6875
2026-05-25 21:01:51.179,22.6875
2026-05-25 21:01:57.082,22.6875
2026-05-25 21:02:02.986,22.6875
2026-05-25 21:02:08.890,22.6875
2026-05-25 21:02:14.794,22.6875
2026-05-25 21:02:20.700,22.6875
2026-05-25 21:02:26.604,22.6875
2026-05-25 21:02:32.507,22.6875
2026-05-25 21:02:38.413,22.6875
2026-05-25 21:02:44.318,22.6875
2026-05-25 21:02:50.222,22.6875
2026-05-25 21:02:56.127,22.6875
2026-05-25 21:03:02.031,22.6875
2026-05-25 21:03:07.935,22.6875
2026-05-25 21:03:13.841,22.6875
2026-05-25 21:03:19.745,22.6875
2026-05-25 21:03:25.648,22.6875
2026-05-25 21:03:31.552,22.6875
2026-05-25 21:03:37.457,22.6875
2026-05-25 21:03:43.360,22.6875
2026-05-25 21:03:49.264,22.6875
2026-05-25 21:03:55.169,22.6875
2026-05-25 21:04:01.075,22.6875
2026-05-25 21:04:06.982,22.6875
2026-05-25 21:04:12.890,22.6875
2026-05-25 21:04:18.793,22.6875
2026-05-25 21:04:24.697,22.6875
2026-05-25 21:04:30.602,22.6875
2026-05-25 21:04:36.507,22.6875
2026-05-25 21:04:42.411,22.6875
2026-05-25 21:04:48.315,22.6875
2026-05-25 21:04:54.218,22.6875
2026-05-25 21:05:00.122,22.6875
2026-05-25 21:05:06.027,22.75
2026-05-25 21:05:11.930,22.6875
2026-05-25 21:05:17.834,22.6875
2026-05-25 21:05:23.738,22.6875
2026-05-25 21:05:29.641,22.6875
2026-05-25 21:05:35.546,22.75
2026-05-25 21:05:41.449,22.6875
2026-05-25 21:05:47.353,22.6875
2026-05-25 21:05:53.257,22.75
2026-05-25 21:05:59.161,22.6875
2026-05-25 21:06:05.067,22.75
2026-05-25 21:06:10.973,22.6875
2026-05-25 21:06:16.879,22.6875
2026-05-25 21:06:22.785,22.6875
2026-05-25 21:06:28.693,22.6875
2026-05-25 21:06:34.599,22.6875
2026-05-25 21:06:40.505,22.75
2026-05-25 21:06:46.409,22.6875
2026-05-25 21:06:52.315,22.6875
2026-05-25 21:06:58.222,22.6875
2026-05-25 21:07:04.127,22.6875
2026-05-25 21:07:10.031,22.75
2026-05-25 21:07:15.937,22.6875
2026-05-25 21:07:21.840,22.75
2026-05-25 21:07:27.745,22.6875
2026-05-25 21:07:33.649,22.6875
2026-05-25 21:07:39.555,22.75
2026-05-25 21:07:45.461,22.6875
2026-05-25 21:07:51.366,22.75
2026-05-25 21:07:57.273,22.75
2026-05-25 21:08:03.179,22.6875
2026-05-25 21:08:09.085,22.6875
2026-05-25 21:08:14.989,22.6875
2026-05-25 21:08:20.892,22.75
2026-05-25 21:08:26.797,22.6875
2026-05-25 21:08:32.703,22.6875
2026-05-25 21:08:38.609,22.75
2026-05-25 21:08:44.515,22.75
2026-05-25 21:08:50.420,22.6875
2026-05-25 21:08:56.325,22.6875
2026-05-25 21:09:02.231,22.6875
2026-05-25 21:09:08.135,22.75
2026-05-25 21:09:14.038,22.75
2026-05-25 21:09:19.945,22.6875
2026-05-25 21:09:25.851,22.6875
2026-05-25 21:09:31.757,22.6875
2026-05-25 21:09:37.663,22.6875
2026-05-25 21:09:43.569,22.75
2026-05-25 21:09:49.475,22.6875
2026-05-25 21:09:55.381,22.75
2026-05-25 21:10:01.285,22.75
2026-05-25 21:10:07.189,22.6875
2026-05-25 21:10:13.095,22.6875
2026-05-25 21:10:19.002,22.6875
2026-05-25 21:10:24.905,22.75
2026-05-25 21:10:30.809,22.75
2026-05-25 21:10:36.712,22.6875
2026-05-25 21:10:42.618,22.75
2026-05-25 21:10:48.525,22.75
2026-05-25 21:10:54.431,22.75
2026-05-25 21:11:00.337,22.6875
2026-05-25 21:11:06.243,22.75
2026-05-25 21:11:12.146,22.75
2026-05-25 21:11:18.051,22.6875
2026-05-25 21:11:23.954,22.6875
2026-05-25 21:11:29.858,22.75
2026-05-25 21:11:35.762,22.75
2026-05-25 21:11:41.665,22.75
2026-05-25 21:11:47.570,22.75
2026-05-25 21:11:53.476,22.75
2026-05-25 21:11:59.382,22.6875
2026-05-25 21:12:05.288,22.75
2026-05-25 21:12:11.192,22.6875
2026-05-25 21:12:17.098,22.6875
2026-05-25 21:12:23.002,22.6875
2026-05-25 21:12:28.906,22.6875
2026-05-25 21:12:34.811,22.6875
2026-05-25 21:12:40.718,22.75
2026-05-25 21:12:46.624,22.75
2026-05-25 21:12:52.528,22.75
2026-05-25 21:12:58.431,22.75
2026-05-25 21:13:04.335,22.6875
2026-05-25 21:13:10.242,22.75
2026-05-25 21:13:16.148,22.6875
2026-05-25 21:13:22.054,22.6875
2026-05-25 21:13:27.957,22.6875
2026-05-25 21:13:33.861,22.75
2026-05-25 21:13:39.768,22.6875
2026-05-25 21:13:45.673,22.6875
2026-05-25 21:13:51.579,22.6875
2026-05-25 21:13:57.485,22.6875
2026-05-25 21:14:03.391,22.6875
2026-05-25 21:14:09.298,22.6875
2026-05-25 21:14:15.204,22.6875
2026-05-25 21:14:21.110,22.6875
2026-05-25 21:14:27.015,22.6875
2026-05-25 21:14:32.919,22.6875
2026-05-25 21:14:38.824,22.6875
2026-05-25 21:14:44.728,22.6875
2026-05-25 21:14:50.631,22.75
2026-05-25 21:14:56.535,22.6875
2026-05-25 21:15:02.440,22.6875
2026-05-25 21:15:08.343,22.6875
2026-05-25 21:15:14.249,22.6875
2026-05-25 21:15:20.157,22.75
2026-05-25 21:15:26.060,22.6875
2026-05-25 21:15:31.965,22.6875
2026-05-25 21:15:37.871,22.6875
2026-05-25 21:15:43.774,22.6875
2026-05-25 21:15:49.678,22.6875
2026-05-25 21:15:55.582,22.6875
2026-05-25 21:16:01.488,22.6875
2026-05-25 21:16:07.392,22.6875
2026-05-25 21:16:13.298,22.6875
2026-05-25 21:16:19.204,22.6875
2026-05-25 21:16:25.109,22.6875
2026-05-25 21:16:31.016,22.6875
2026-05-25 21:16:36.920,22.6875
2026-05-25 21:16:42.825,22.6875
2026-05-25 21:16:48.729,22.6875
2026-05-25 21:16:54.632,22.75
2026-05-25 21:17:00.537,22.6875
2026-05-25 21:17:06.441,22.75
2026-05-25 21:17:12.347,22.6875
2026-05-25 21:17:18.252,22.75
2026-05-25 21:17:24.158,22.6875
2026-05-25 21:17:30.063,22.6875
2026-05-25 21:17:35.967,22.6875
2026-05-25 21:17:41.872,22.6875
2026-05-25 21:17:47.776,22.6875
2026-05-25 21:17:53.680,22.75
2026-05-25 21:17:59.584,22.6875
2026-05-25 21:18:05.488,22.6875
2026-05-25 21:18:11.393,22.6875
2026-05-25 21:18:17.299,22.75
2026-05-25 21:18:23.204,22.6875
2026-05-25 21:18:29.110,22.75
2026-05-25 21:18:35.013,22.75
2026-05-25 21:18:40.917,22.6875
2026-05-25 21:18:46.821,22.75
2026-05-25 21:18:52.725,22.6875
2026-05-25 21:18:58.629,22.6875
2026-05-25 21:19:04.535,22.6875
2026-05-25 21:19:10.438,22.6875
2026-05-25 21:19:16.342,22.75
2026-05-25 21:19:22.249,22.75
2026-05-25 21:19:28.152,22.6875
2026-05-25 21:19:34.058,22.6875
2026-05-25 21:19:39.964,22.6875
2026-05-25 21:19:45.868,22.6875
2026-05-25 21:19:51.772,22.6875
2026-05-25 21:19:57.676,22.6875
2026-05-25 21:20:03.580,22.75
2026-05-25 21:20:09.486,22.6875
2026-05-25 21:20:15.391,22.6875
2026-05-25 21:20:21.298,22.6875
2026-05-25 21:20:27.204,22.6875
2026-05-25 21:20:33.107,22.75
2026-05-25 21:20:39.011,22.6875
2026-05-25 21:20:44.918,22.6875
2026-05-25 21:20:50.822,22.6875
2026-05-25 21:20:56.725,22.6875
2026-05-25 21:21:02.629,22.6875
2026-05-25 21:21:08.533,22.6875
2026-05-25 21:21:14.437,22.6875
2026-05-25 21:21:20.341,22.6875
2026-05-25 21:21:26.247,22.6875
2026-05-25 21:21:32.153,22.75
2026-05-25 21:21:38.059,22.6875
2026-05-25 21:21:43.963,22.6875
2026-05-25 21:21:49.869,22.75
2026-05-25 21:21:55.775,22.6875
2026-05-25 21:22:01.680,22.6875
2026-05-25 21:22:07.584,22.75
2026-05-25 21:22:13.491,22.6875
2026-05-25 21:22:19.399,22.6875
2026-05-25 21:22:25.304,22.6875
2026-05-25 21:22:31.210,22.6875
2026-05-25 21:22:37.116,22.6875
2026-05-25 21:22:43.022,22.6875
2026-05-25 21:22:48.926,22.75
2026-05-25 21:22:54.829,22.6875
2026-05-25 21:23:00.733,22.75
2026-05-25 21:23:06.639,22.6875
2026-05-25 21:23:12.546,22.6875
2026-05-25 21:23:18.452,22.75
2026-05-25 21:23:24.358,22.75
2026-05-25 21:23:30.261,22.75
2026-05-25 21:23:36.165,22.75
2026-05-25 21:23:42.073,22.6875
2026-05-25 21:23:47.977,22.75
2026-05-25 21:23:53.881,22.6875
2026-05-25 21:23:59.785,22.75
2026-05-25 21:24:05.689,22.75
2026-05-25 21:24:11.593,22.6875
2026-05-25 21:24:17.497,22.6875
2026-05-25 21:24:23.400,22.6875
2026-05-25 21:24:29.304,22.6875
2026-05-25 21:24:35.210,22.6875
2026-05-25 21:24:41.114,22.6875
2026-05-25 21:24:47.018,22.6875
2026-05-25 21:24:52.923,22.75
2026-05-25 21:24:58.829,22.6875
2026-05-25 21:25:04.734,22.6875
2026-05-25 21:25:10.638,22.75
2026-05-25 21:25:16.542,22.6875
2026-05-25 21:25:22.445,22.75
2026-05-25 21:25:28.351,22.6875
2026-05-25 21:25:34.256,22.6875
2026-05-25 21:25:40.162,22.6875
2026-05-25 21:25:46.065,22.6875
2026-05-25 21:25:51.969,22.6875
2026-05-25 21:25:57.875,22.6875
2026-05-25 21:26:03.779,22.6875
2026-05-25 21:26:09.683,22.6875
2026-05-25 21:26:15.589,22.6875
2026-05-25 21:26:21.492,22.6875
2026-05-25 21:26:27.398,22.6875
2026-05-25 21:26:33.305,22.6875
2026-05-25 21:26:39.209,22.75
2026-05-25 21:26:45.113,22.6875
2026-05-25 21:26:51.016,22.6875
2026-05-25 21:26:56.921,22.6875
2026-05-25 21:27:02.825,22.6875
2026-05-25 21:27:08.731,22.75
2026-05-25 21:27:14.636,22.6875
2026-05-25 21:27:20.542,22.75
2026-05-25 21:27:26.447,22.6875
2026-05-25 21:27:32.352,22.6875
2026-05-25 21:27:38.256,22.6875
2026-05-25 21:27:44.160,22.6875
2026-05-25 21:27:50.065,22.6875
2026-05-25 21:27:55.972,22.6875
2026-05-25 21:28:01.878,22.75
2026-05-25 21:28:07.784,22.6875
2026-05-25 21:28:13.690,22.6875
2026-05-25 21:28:19.593,22.6875
2026-05-25 21:28:25.498,22.75
2026-05-25 21:28:31.402,22.75
2026-05-25 21:28:37.305,22.6875
2026-05-25 21:28:43.209,22.6875
2026-05-25 21:28:49.113,22.6875
2026-05-25 21:28:55.017,22.6875
2026-05-25 21:29:00.921,22.6875
2026-05-25 21:29:06.825,22.6875
2026-05-25 21:29:12.728,22.6875
2026-05-25 21:29:18.634,22.75
2026-05-25 21:29:24.539,22.6875
2026-05-25 21:29:30.443,22.6875
2026-05-25 21:29:36.346,22.6875
2026-05-25 21:29:42.250,22.6875
2026-05-25 21:29:48.155,22.6875
2026-05-25 21:29:54.058,22.75
2026-05-25 21:29:59.962,22.6875
2026-05-25 21:30:05.867,22.6875
2026-05-25 21:30:11.773,22.6875
2026-05-25 21:30:17.680,22.6875
2026-05-25 21:30:23.586,22.6875
2026-05-25 21:30:29.492,22.75
2026-05-25 21:30:35.397,22.6875
2026-05-25 21:30:41.301,22.6875
2026-05-25 21:30:47.206,22.6875
2026-05-25 21:30:53.109,22.75
2026-05-25 21:30:59.013,22.6875
2026-05-25 21:31:04.919,22.6875
2026-05-25 21:31:10.824,22.6875
2026-05-25 21:31:16.731,22.6875
2026-05-25 21:31:22.637,22.6875
2026-05-25 21:31:28.543,22.6875
2026-05-25 21:31:34.447,22.75
2026-05-25 21:31:40.350,22.6875
2026-05-25 21:31:46.255,22.6875
2026-05-25 21:31:52.158,22.6875
2026-05-25 21:31:58.064,22.6875
2026-05-25 21:32:03.970,22.6875
2026-05-25 21:32:09.876,22.6875
2026-05-25 21:32:15.783,22.6875
2026-05-25 21:32:21.689,22.75
2026-05-25 21:32:27.594,22.6875
2026-05-25 21:32:33.500,22.75
2026-05-25 21:32:39.404,22.75
2026-05-25 21:32:45.308,22.6875
2026-05-25 21:32:51.212,22.6875
2026-05-25 21:32:57.116,22.6875
2026-05-25 21:33:03.019,22.75
2026-05-25 21:33:08.924,22.6875
2026-05-25 21:33:14.828,22.75
2026-05-25 21:33:20.731,22.6875
2026-05-25 21:33:26.635,22.75
2026-05-25 21:33:32.539,22.6875
2026-05-25 21:33:38.443,22.75
2026-05-25 21:33:44.347,22.75
2026-05-25 21:33:50.253,22.75
2026-05-25 21:33:56.159,22.6875
2026-05-25 21:34:02.062,22.6875
2026-05-25 21:34:07.969,22.6875
2026-05-25 21:34:13.875,22.6875
2026-05-25 21:34:19.781,22.75
2026-05-25 21:34:25.687,22.6875
2026-05-25 21:34:31.593,22.75
2026-05-25 21:34:37.499,22.6875
2026-05-25 21:34:43.403,22.6875
2026-05-25 21:34:49.306,22.6875
2026-05-25 21:34:55.210,22.75
2026-05-25 21:35:01.114,22.6875
2026-05-25 21:35:07.018,22.6875
2026-05-25 21:35:12.924,22.75
2026-05-25 21:35:18.828,22.75
2026-05-25 21:35:24.731,22.75
2026-05-25 21:35:30.638,22.6875
2026-05-25 21:35:36.544,22.6875
2026-05-25 21:35:42.448,22.75
2026-05-25 21:35:48.352,22.75
2026-05-25 21:35:54.255,22.6875
2026-05-25 21:36:00.160,22.6875
2026-05-25 21:36:06.063,22.6875
2026-05-25 21:36:11.967,22.75
2026-05-25 21:36:17.873,22.6875
2026-05-25 21:36:23.779,22.6875
2026-05-25 21:36:29.685,22.6875
2026-05-25 21:36:35.591,22.6875
2026-05-25 21:36:41.497,22.6875
2026-05-25 21:36:47.403,22.75
2026-05-25 21:36:53.309,22.75
2026-05-25 21:36:59.215,22.75
2026-05-25 21:37:05.121,22.6875
2026-05-25 21:37:11.025,22.6875
2026-05-25 21:37:16.928,22.75
2026-05-25 21:37:22.832,22.6875
2026-05-25 21:37:28.737,22.6875
2026-05-25 21:37:34.640,22.6875
2026-05-25 21:37:40.544,22.6875
2026-05-25 21:37:46.448,22.6875
2026-05-25 21:37:52.351,22.75
2026-05-25 21:37:58.256,22.6875
2026-05-25 21:38:04.161,22.6875
2026-05-25 21:38:10.065,22.6875
2026-05-25 21:38:15.971,22.6875
2026-05-25 21:38:21.877,22.6875
2026-05-25 21:38:27.784,22.6875
2026-05-25 21:38:33.687,22.6875
2026-05-25 21:38:39.591,22.75
2026-05-25 21:38:45.495,22.75
2026-05-25 21:38:51.399,22.6875
2026-05-25 21:38:57.303,22.75
2026-05-25 21:39:03.206,22.6875
2026-05-25 21:39:09.110,22.75
2026-05-25 21:39:15.016,22.6875
2026-05-25 21:39:20.923,22.6875
2026-05-25 21:39:26.828,22.6875
2026-05-25 21:39:32.734,22.6875
2026-05-25 21:39:38.640,22.6875
2026-05-25 21:39:44.546,22.6875
2026-05-25 21:39:50.455,22.6875
2026-05-25 21:39:56.358,22.6875
2026-05-25 21:40:02.262,22.75
2026-05-25 21:40:08.166,22.75
2026-05-25 21:40:14.069,22.6875
2026-05-25 21:40:19.974,22.6875
2026-05-25 21:40:25.877,22.6875
2026-05-25 21:40:31.781,22.6875
2026-05-25 21:40:37.685,22.6875
2026-05-25 21:40:43.588,22.6875
2026-05-25 21:40:49.493,22.6875
2026-05-25 21:40:55.397,22.6875
2026-05-25 21:41:01.300,22.75
2026-05-25 21:41:07.204,22.6875
2026-05-25 21:41:13.108,22.6875
2026-05-25 21:41:19.012,22.6875
2026-05-25 21:41:24.916,22.6875
2026-05-25 21:41:30.819,22.6875
2026-05-25 21:41:36.725,22.6875
2026-05-25 21:41:42.632,22.75
2026-05-25 21:41:48.538,22.6875
2026-05-25 21:41:54.444,22.6875
2026-05-25 21:42:00.350,22.6875
2026-05-25 21:42:06.255,22.75
2026-05-25 21:42:12.162,22.6875
2026-05-25 21:42:18.068,22.6875
2026-05-25 21:42:23.972,22.6875
2026-05-25 21:42:29.875,22.6875
2026-05-25 21:42:35.779,22.6875
2026-05-25 21:42:41.683,22.6875
2026-05-25 21:42:47.589,22.6875
2026-05-25 21:42:53.495,22.6875
2026-05-25 21:42:59.398,22.6875
2026-05-25 21:43:05.302,22.75
2026-05-25 21:43:11.207,22.6875
2026-05-25 21:43:17.112,22.625
2026-05-25 21:43:23.018,22.6875
2026-05-25 21:43:28.922,22.75
2026-05-25 21:43:34.828,22.75
2026-05-25 21:43:40.735,22.6875
2026-05-25 21:43:46.641,22.6875
2026-05-25 21:43:52.547,22.6875
2026-05-25 21:43:58.450,22.6875
2026-05-25 21:44:04.354,22.6875
2026-05-25 21:44:10.258,22.6875
2026-05-25 21:44:16.162,22.6875
2026-05-25 21:44:22.065,22.6875
2026-05-25 21:44:27.969,22.75
2026-05-25 21:44:33.874,22.6875
2026-05-25 21:44:39.777,22.6875
2026-05-25 21:44:45.681,22.6875
2026-05-25 21:44:51.585,22.6875
2026-05-25 21:44:57.491,22.75
2026-05-25 21:45:03.395,22.6875
2026-05-25 21:45:09.299,22.6875
2026-05-25 21:45:15.203,22.75
2026-05-25 21:45:21.106,22.75
2026-05-25 21:45:27.012,22.6875
2026-05-25 21:45:32.919,22.6875
2026-05-25 21:45:38.825,22.6875
2026-05-25 21:45:44.731,22.75
2026-05-25 21:45:50.634,22.6875
2026-05-25 21:45:56.540,22.6875
2026-05-25 21:46:02.447,22.6875
2026-05-25 21:46:08.353,22.6875
2026-05-25 21:46:14.256,22.6875
2026-05-25 21:46:20.160,22.6875
2026-05-25 21:46:26.063,22.6875
2026-05-25 21:46:31.968,22.75
2026-05-25 21:46:37.872,22.6875
2026-05-25 21:46:43.775,22.75
2026-05-25 21:46:49.679,22.6875
2026-05-25 21:46:55.583,22.6875
2026-05-25 21:47:01.488,22.75
2026-05-25 21:47:07.391,22.6875
2026-05-25 21:47:13.295,22.6875
2026-05-25 21:47:19.199,22.6875
2026-05-25 21:47:25.105,22.75
2026-05-25 21:47:31.011,22.75
2026-05-25 21:47:36.917,22.75
2026-05-25 21:47:42.820,22.75
2026-05-25 21:47:48.724,22.75
2026-05-25 21:47:54.629,22.75
2026-05-25 21:48:00.532,22.75
2026-05-25 21:48:06.436,22.75
2026-05-25 21:48:12.339,22.6875
2026-05-25 21:48:18.245,22.6875
2026-05-25 21:48:24.152,22.6875
2026-05-25 21:48:30.057,22.75
2026-05-25 21:48:35.961,22.75
2026-05-25 21:48:41.867,22.6875
2026-05-25 21:48:47.773,22.6875
2026-05-25 21:48:53.680,22.6875
2026-05-25 21:48:59.585,22.6875
2026-05-25 21:49:05.489,22.75
2026-05-25 21:49:11.395,22.6875
2026-05-25 21:49:17.301,22.6875
2026-05-25 21:49:23.205,22.75
2026-05-25 21:49:29.109,22.6875
2026-05-25 21:49:35.015,22.75
2026-05-25 21:49:40.921,22.6875
2026-05-25 21:49:46.824,22.75
2026-05-25 21:49:52.729,22.6875
2026-05-25 21:49:58.632,22.6875
2026-05-25 21:50:04.538,22.75
2026-05-25 21:50:10.444,22.6875
2026-05-25 21:50:16.351,22.75
2026-05-25 21:50:22.254,22.6875
2026-05-25 21:50:28.159,22.6875
2026-05-25 21:50:34.064,22.6875
2026-05-25 21:50:39.968,22.6875
2026-05-25 21:50:45.872,22.6875
2026-05-25 21:50:51.776,22.6875
2026-05-25 21:50:57.681,22.6875
2026-05-25 21:51:03.585,22.6875
2026-05-25 21:51:09.489,22.6875
2026-05-25 21:51:15.393,22.6875
2026-05-25 21:51:21.299,22.6875
2026-05-25 21:51:27.205,22.6875
2026-05-25 21:51:33.111,22.6875
2026-05-25 21:51:39.017,22.6875
2026-05-25 21:51:44.924,22.6875
2026-05-25 21:51:50.827,22.6875
2026-05-25 21:51:56.731,22.6875
2026-05-25 21:52:02.634,22.6875
2026-05-25 21:52:08.540,22.6875
2026-05-25 21:52:14.447,22.6875
2026-05-25 21:52:20.353,22.6875
2026-05-25 21:52:26.259,22.75
2026-05-25 21:52:32.165,22.6875
2026-05-25 21:52:38.071,22.6875
2026-05-25 21:52:43.978,22.6875
2026-05-25 21:52:49.881,22.6875
2026-05-25 21:52:55.787,22.6875
2026-05-25 21:53:01.691,22.6875
2026-05-25 21:53:07.594,22.75
2026-05-25 21:53:13.499,22.6875
2026-05-25 21:53:19.403,22.6875
2026-05-25 21:53:25.306,22.6875
2026-05-25 21:53:31.210,22.6875
2026-05-25 21:53:37.115,22.6875
2026-05-25 21:53:43.021,22.6875
2026-05-25 21:53:48.927,22.6875
2026-05-25 21:53:54.832,22.6875
2026-05-25 21:54:00.738,22.6875
2026-05-25 21:54:06.643,22.6875
2026-05-25 21:54:12.547,22.6875
2026-05-25 21:54:18.452,22.6875
2026-05-25 21:54:24.356,22.6875
2026-05-25 21:54:30.260,22.6875
2026-05-25 21:54:36.164,22.6875
2026-05-25 21:54:42.070,22.6875
2026-05-25 21:54:47.976,22.6875
2026-05-25 21:54:53.880,22.6875
2026-05-25 21:54:59.786,22.6875
2026-05-25 21:55:05.693,22.6875
2026-05-25 21:55:11.599,22.6875
2026-05-25 21:55:17.506,22.75
2026-05-25 21:55:23.410,22.6875
2026-05-25 21:55:29.314,22.6875
2026-05-25 21:55:35.218,22.6875
2026-05-25 21:55:41.122,22.75
2026-05-25 21:55:47.027,22.6875
2026-05-25 21:55:52.933,22.6875
2026-05-25 21:55:58.837,22.6875
2026-05-25 21:56:04.744,22.6875
2026-05-25 21:56:10.650,22.6875
2026-05-25 21:56:16.556,22.6875
2026-05-25 21:56:22.461,22.75
2026-05-25 21:56:28.368,22.6875
2026-05-25 21:56:34.275,22.6875
2026-05-25 21:56:40.180,22.6875
2026-05-25 21:56:46.084,22.6875
2026-05-25 21:56:51.988,22.6875
2026-05-25 21:56:57.895,22.6875
2026-05-25 21:57:03.801,22.6875
2026-05-25 21:57:09.704,22.6875
2026-05-25 21:57:15.608,22.6875
2026-05-25 21:57:21.511,22.6875
2026-05-25 21:57:27.418,22.6875
2026-05-25 21:57:33.322,22.6875
2026-05-25 21:57:39.225,22.6875
2026-05-25 21:57:45.131,22.6875
2026-05-25 21:57:51.037,22.6875
2026-05-25 21:57:56.943,22.75
2026-05-25 21:58:02.849,22.75
2026-05-25 21:58:08.755,22.6875
2026-05-25 21:58:14.659,22.6875
2026-05-25 21:58:20.563,22.6875
2026-05-25 21:58:26.467,22.6875
2026-05-25 21:58:32.371,22.6875
2026-05-25 21:58:38.275,22.75
2026-05-25 21:58:44.178,22.75
2026-05-25 21:58:50.084,22.75
2026-05-25 21:58:55.991,22.75
2026-05-25 21:59:01.897,22.75
2026-05-25 21:59:07.801,22.75
2026-05-25 21:59:13.707,22.6875
2026-05-25 21:59:19.614,22.6875
2026-05-25 21:59:25.517,22.6875
2026-05-25 21:59:31.423,22.75
2026-05-25 21:59:37.327,22.75
2026-05-25 21:59:43.230,22.75
2026-05-25 21:59:49.137,22.6875
2026-05-25 21:59:55.041,22.6875
2026-05-25 22:00:00.945,22.75
2026-05-25 22:00:06.850,22.75
2026-05-25 22:00:12.756,22.6875
2026-05-25 22:00:18.663,22.75
2026-05-25 22:00:24.569,22.6875
2026-05-25 22:00:30.473,22.6875
2026-05-25 22:00:36.376,22.6875
2026-05-25 22:00:42.280,22.6875
2026-05-25 22:00:48.185,22.6875
2026-05-25 22:00:54.088,22.6875
2026-05-25 22:00:59.992,22.75
2026-05-25 22:01:05.896,22.6875
2026-05-25 22:01:11.799,22.6875
2026-05-25 22:01:17.704,22.6875
2026-05-25 22:01:23.610,22.6875
2026-05-25 22:01:29.516,22.6875
2026-05-25 22:01:35.421,22.6875
2026-05-25 22:01:41.325,22.6875
2026-05-25 22:01:47.230,22.6875
2026-05-25 22:01:53.136,22.6875
2026-05-25 22:01:59.042,22.6875
2026-05-25 22:02:04.948,22.6875
2026-05-25 22:02:10.852,22.6875
2026-05-25 22:02:16.758,22.75
2026-05-25 22:02:22.664,22.6875
2026-05-25 22:02:28.567,22.6875
2026-05-25 22:02:34.471,22.6875
2026-05-25 22:02:40.376,22.6875
2026-05-25 22:02:46.279,22.6875
2026-05-25 22:02:52.183,22.6875
2026-05-25 22:02:58.089,22.6875
2026-05-25 22:03:03.995,22.6875
2026-05-25 22:03:09.899,22.6875
2026-05-25 22:03:15.803,22.6875
2026-05-25 22:03:21.707,22.6875
2026-05-25 22:03:27.613,22.6875
2026-05-25 22:03:33.518,22.6875
2026-05-25 22:03:39.423,22.6875
2026-05-25 22:03:45.327,22.6875
2026-05-25 22:03:51.230,22.6875
2026-05-25 22:03:57.134,22.6875
2026-05-25 22:04:03.038,22.6875
2026-05-25 22:04:08.942,22.6875
2026-05-25 22:04:14.848,22.6875
2026-05-25 22:04:20.754,22.6875
2026-05-25 22:04:26.660,22.75
2026-05-25 22:04:32.563,22.6875
2026-05-25 22:04:38.468,22.6875
2026-05-25 22:04:44.372,22.6875
2026-05-25 22:04:50.275,22.6875
2026-05-25 22:04:56.181,22.6875
2026-05-25 22:05:02.088,22.6875
2026-05-25 22:05:07.992,22.6875
2026-05-25 22:05:13.898,22.625
2026-05-25 22:05:19.804,22.6875
2026-05-25 22:05:25.710,22.6875
2026-05-25 22:05:31.616,22.6875
2026-05-25 22:05:37.520,22.6875
2026-05-25 22:05:43.424,22.6875
2026-05-25 22:05:49.330,22.6875
2026-05-25 22:05:55.233,22.6875
2026-05-25 22:06:01.138,22.6875
2026-05-25 22:06:07.042,22.6875
2026-05-25 22:06:12.945,22.6875
2026-05-25 22:06:18.849,22.75
2026-05-25 22:06:24.753,22.6875
2026-05-25 22:06:30.657,22.6875
2026-05-25 22:06:36.561,22.75
2026-05-25 22:06:42.467,22.6875
2026-05-25 22:06:48.373,22.6875
2026-05-25 22:06:54.279,22.6875
2026-05-25 22:07:00.185,22.6875
2026-05-25 22:07:06.089,22.6875
2026-05-25 22:07:11.995,22.6875
2026-05-25 22:07:17.901,22.6875
2026-05-25 22:07:23.807,22.6875
2026-05-25 22:07:29.714,22.6875
2026-05-25 22:07:35.620,22.6875
2026-05-25 22:07:41.525,22.6875
2026-05-25 22:07:47.429,22.6875
2026-05-25 22:07:53.333,22.75
2026-05-25 22:07:59.240,22.6875
2026-05-25 22:08:05.145,22.6875
2026-05-25 22:08:11.049,22.6875
2026-05-25 22:08:16.953,22.6875
2026-05-25 22:08:22.857,22.6875
2026-05-25 22:08:28.763,22.75
2026-05-25 22:08:34.669,22.6875
2026-05-25 22:08:40.574,22.6875
2026-05-25 22:08:46.478,22.6875
2026-05-25 22:08:52.385,22.6875
2026-05-25 22:08:58.289,22.75
2026-05-25 22:09:04.192,22.6875
2026-05-25 22:09:10.096,22.6875
2026-05-25 22:09:16.000,22.6875
2026-05-25 22:09:21.907,22.6875
2026-05-25 22:09:27.813,22.6875
2026-05-25 22:09:33.718,22.6875
2026-05-25 22:09:39.624,22.6875
2026-05-25 22:09:45.528,22.75
2026-05-25 22:09:51.432,22.6875
2026-05-25 22:09:57.336,22.6875
2026-05-25 22:10:03.242,22.6875
2026-05-25 22:10:09.148,22.6875
2026-05-25 22:10:15.053,22.75
2026-05-25 22:10:20.960,22.6875
2026-05-25 22:10:26.864,22.6875
2026-05-25 22:10:32.768,22.6875
2026-05-25 22:10:38.671,22.6875
2026-05-25 22:10:44.575,22.75
2026-05-25 22:10:50.479,22.75
2026-05-25 22:10:56.385,22.6875
2026-05-25 22:11:02.291,22.6875
2026-05-25 22:11:08.197,22.6875
2026-05-25 22:11:14.101,22.6875
2026-05-25 22:11:20.007,22.75
2026-05-25 22:11:25.913,22.75
2026-05-25 22:11:31.818,22.6875
2026-05-25 22:11:37.724,22.6875
2026-05-25 22:11:43.629,22.6875
2026-05-25 22:11:49.534,22.6875
2026-05-25 22:11:55.439,22.75
2026-05-25 22:12:01.345,22.75
2026-05-25 22:12:07.251,22.75
2026-05-25 22:12:13.155,22.75
2026-05-25 22:12:19.059,22.6875
2026-05-25 22:12:24.964,22.6875
2026-05-25 22:12:30.868,22.6875
2026-05-25 22:12:36.772,22.6875
2026-05-25 22:12:42.677,22.75
2026-05-25 22:12:48.582,22.6875
2026-05-25 22:12:54.485,22.6875
2026-05-25 22:13:00.389,22.6875
2026-05-25 22:13:06.295,22.6875
2026-05-25 22:13:12.201,22.75
2026-05-25 22:13:18.108,22.6875
2026-05-25 22:13:24.011,22.6875
2026-05-25 22:13:29.916,22.6875
2026-05-25 22:13:35.820,22.6875
2026-05-25 22:13:41.725,22.6875
2026-05-25 22:13:47.628,22.6875
2026-05-25 22:13:53.532,22.6875
2026-05-25 22:13:59.436,22.6875
2026-05-25 22:14:05.340,22.6875
2026-05-25 22:14:11.244,22.6875
2026-05-25 22:14:17.148,22.6875
2026-05-25 22:14:23.051,22.6875
2026-05-25 22:14:28.955,22.6875
2026-05-25 22:14:34.860,22.6875
2026-05-25 22:14:40.763,22.6875
2026-05-25 22:14:46.669,22.6875
2026-05-25 22:14:52.573,22.6875
2026-05-25 22:14:58.477,22.6875
2026-05-25 22:15:04.381,22.6875
2026-05-25 22:15:10.285,22.6875
2026-05-25 22:15:16.188,22.6875
2026-05-25 22:15:22.092,22.6875
2026-05-25 22:15:27.996,22.6875
2026-05-25 22:15:33.903,22.75
2026-05-25 22:15:39.806,22.6875
2026-05-25 22:15:45.712,22.6875
2026-05-25 22:15:51.616,22.6875
2026-05-25 22:15:57.519,22.6875
2026-05-25 22:16:03.424,22.6875
2026-05-25 22:16:09.328,22.6875
2026-05-25 22:16:15.231,22.6875
2026-05-25 22:16:21.137,22.75
2026-05-25 22:16:27.041,22.6875
2026-05-25 22:16:32.948,22.6875
2026-05-25 22:16:38.851,22.6875
2026-05-25 22:16:44.755,22.6875
2026-05-25 22:16:50.658,22.6875
2026-05-25 22:16:56.563,22.6875
2026-05-25 22:17:02.469,22.6875
2026-05-25 22:17:08.374,22.6875
2026-05-25 22:17:14.280,22.6875
2026-05-25 22:17:20.186,22.6875
2026-05-25 22:17:26.093,22.6875
2026-05-25 22:17:31.996,22.6875
2026-05-25 22:17:37.900,22.6875
2026-05-25 22:17:43.804,22.6875
2026-05-25 22:17:49.710,22.6875
2026-05-25 22:17:55.616,22.6875
2026-05-25 22:18:01.520,22.6875
2026-05-25 22:18:07.426,22.6875
2026-05-25 22:18:13.332,22.6875
2026-05-25 22:18:19.235,22.6875
2026-05-25 22:18:25.140,22.6875
2026-05-25 22:18:31.043,22.6875
2026-05-25 22:18:36.947,22.6875
2026-05-25 22:18:42.851,22.6875
2026-05-25 22:18:48.756,22.75
2026-05-25 22:18:54.665,22.6875
2026-05-25 22:19:00.569,22.6875
2026-05-25 22:19:06.474,22.75
2026-05-25 22:19:12.378,22.6875
2026-05-25 22:19:18.282,22.6875
2026-05-25 22:19:24.186,22.6875
2026-05-25 22:19:30.090,22.75
2026-05-25 22:19:35.995,22.75
2026-05-25 22:19:41.899,22.75
2026-05-25 22:19:47.803,22.6875
2026-05-25 22:19:53.707,22.6875
2026-05-25 22:19:59.613,22.6875
2026-05-25 22:20:05.517,22.75
2026-05-25 22:20:11.420,22.6875
2026-05-25 22:20:17.328,22.6875
2026-05-25 22:20:23.233,22.6875
2026-05-25 22:20:29.137,22.6875
2026-05-25 22:20:35.041,22.6875
2026-05-25 22:20:40.944,22.625
2026-05-25 22:20:46.851,22.6875
2026-05-25 22:20:52.757,22.6875
2026-05-25 22:20:58.662,22.6875
2026-05-25 22:21:04.566,22.6875
2026-05-25 22:21:10.470,22.6875
2026-05-25 22:21:16.375,22.6875
2026-05-25 22:21:22.280,22.6875
2026-05-25 22:21:28.186,22.6875
2026-05-25 22:21:34.090,22.6875
2026-05-25 22:21:39.995,22.6875
2026-05-25 22:21:45.900,22.6875
2026-05-25 22:21:51.803,22.6875
2026-05-25 22:21:57.709,22.75
2026-05-25 22:22:03.615,22.75
2026-05-25 22:22:09.521,22.75
2026-05-25 22:22:15.428,22.75
2026-05-25 22:22:21.331,22.6875
2026-05-25 22:22:27.239,22.6875
2026-05-25 22:22:33.143,22.75
2026-05-25 22:22:39.046,22.75
2026-05-25 22:22:44.951,22.6875
2026-05-25 22:22:50.855,22.75
2026-05-25 22:22:56.758,22.75
2026-05-25 22:23:02.664,22.75
2026-05-25 22:23:08.571,22.75
2026-05-25 22:23:14.477,22.6875
2026-05-25 22:23:20.383,22.75
2026-05-25 22:23:26.288,22.75
2026-05-25 22:23:32.192,22.75
2026-05-25 22:23:38.097,22.6875
2026-05-25 22:23:44.000,22.6875
2026-05-25 22:23:49.904,22.6875
2026-05-25 22:23:55.810,22.75
2026-05-25 22:24:01.716,22.75
2026-05-25 22:24:07.623,22.75
2026-05-25 22:24:13.528,22.6875
2026-05-25 22:24:19.432,22.6875
2026-05-25 22:24:25.336,22.6875
2026-05-25 22:24:31.239,22.6875
2026-05-25 22:24:37.144,22.75
2026-05-25 22:24:43.048,22.75
2026-05-25 22:24:48.951,22.6875
2026-05-25 22:24:54.855,22.6875
2026-05-25 22:25:00.758,22.6875
2026-05-25 22:25:06.663,22.75
2026-05-25 22:25:12.567,22.75
2026-05-25 22:25:18.470,22.75
2026-05-25 22:25:24.376,22.6875
2026-05-25 22:25:30.280,22.75
2026-05-25 22:25:36.186,22.75
2026-05-25 22:25:42.092,22.75
2026-05-25 22:25:47.996,22.6875
2026-05-25 22:25:53.902,22.6875
2026-05-25 22:25:59.806,22.6875
2026-05-25 22:26:05.710,22.75
2026-05-25 22:26:11.614,22.75
2026-05-25 22:26:17.517,22.6875
2026-05-25 22:26:23.421,22.6875
2026-05-25 22:26:29.327,22.6875
2026-05-25 22:26:35.233,22.75
2026-05-25 22:26:41.139,22.6875
2026-05-25 22:26:47.042,22.6875
2026-05-25 22:26:52.946,22.6875
2026-05-25 22:26:58.851,22.6875
2026-05-25 22:27:04.757,22.6875
2026-05-25 22:27:10.663,22.6875
2026-05-25 22:27:16.568,22.6875
2026-05-25 22:27:22.474,22.6875
2026-05-25 22:27:28.380,22.6875
2026-05-25 22:27:34.284,22.6875
2026-05-25 22:27:40.187,22.6875
2026-05-25 22:27:46.091,22.6875
2026-05-25 22:27:51.997,22.6875
2026-05-25 22:27:57.904,22.6875
2026-05-25 22:28:03.807,22.6875
2026-05-25 22:28:09.711,22.75
2026-05-25 22:28:15.615,22.6875
2026-05-25 22:28:21.518,22.6875
2026-05-25 22:28:27.425,22.6875
2026-05-25 22:28:33.331,22.6875
2026-05-25 22:28:39.237,22.6875
2026-05-25 22:28:45.142,22.6875
2026-05-25 22:28:51.049,22.6875
2026-05-25 22:28:56.955,22.6875
2026-05-25 22:29:02.861,22.6875
2026-05-25 22:29:08.766,22.6875
2026-05-25 22:29:14.670,22.75
2026-05-25 22:29:20.575,22.75
2026-05-25 22:29:26.478,22.6875
2026-05-25 22:29:32.382,22.6875
2026-05-25 22:29:38.286,22.6875
2026-05-25 22:29:44.189,22.6875
2026-05-25 22:29:50.096,22.6875
2026-05-25 22:29:56.002,22.6875
2026-05-25 22:30:01.908,22.6875
2026-05-25 22:30:07.811,22.6875
2026-05-25 22:30:13.715,22.6875
2026-05-25 22:30:19.620,22.75
2026-05-25 22:30:25.523,22.75
2026-05-25 22:30:31.429,22.6875
2026-05-25 22:30:37.334,22.6875
2026-05-25 22:30:43.240,22.75
2026-05-25 22:30:49.147,22.6875
2026-05-25 22:30:55.053,22.6875
2026-05-25 22:31:00.958,22.75
2026-05-25 22:31:06.864,22.75
2026-05-25 22:31:12.767,22.6875
2026-05-25 22:31:18.672,22.6875
2026-05-25 22:31:24.576,22.6875
2026-05-25 22:31:30.479,22.6875
2026-05-25 22:31:36.383,22.6875
2026-05-25 22:31:42.290,22.75
2026-05-25 22:31:48.196,22.6875
2026-05-25 22:31:54.099,22.75
2026-05-25 22:32:00.003,22.75
2026-05-25 22:32:05.906,22.75
2026-05-25 22:32:11.811,22.75
2026-05-25 22:32:17.717,22.6875
2026-05-25 22:32:23.623,22.6875
2026-05-25 22:32:29.529,22.75
2026-05-25 22:32:35.435,22.6875
2026-05-25 22:32:41.339,22.6875
2026-05-25 22:32:47.243,22.6875
2026-05-25 22:32:53.146,22.6875
2026-05-25 22:32:59.052,22.6875
2026-05-25 22:33:04.958,22.6875
2026-05-25 22:33:10.865,22.6875
2026-05-25 22:33:16.768,22.75
2026-05-25 22:33:22.672,22.75
2026-05-25 22:33:28.576,22.75
2026-05-25 22:33:34.479,22.75
2026-05-25 22:33:40.384,22.75
2026-05-25 22:33:46.287,22.6875
2026-05-25 22:33:52.193,22.75
2026-05-25 22:33:58.097,22.6875
2026-05-25 22:34:04.000,22.6875
2026-05-25 22:34:09.905,22.6875
2026-05-25 22:34:15.809,22.6875
2026-05-25 22:34:21.712,22.6875
2026-05-25 22:34:27.618,22.6875
2026-05-25 22:34:33.524,22.75
2026-05-25 22:34:39.428,22.6875
2026-05-25 22:34:45.332,22.6875
2026-05-25 22:34:51.236,22.75
2026-05-25 22:34:57.139,22.6875
2026-05-25 22:35:03.046,22.6875
2026-05-25 22:35:08.949,22.75
2026-05-25 22:35:14.853,22.6875
2026-05-25 22:35:20.757,22.75
2026-05-25 22:35:26.663,22.6875
2026-05-25 22:35:32.567,22.6875
2026-05-25 22:35:38.471,22.75
2026-05-25 22:35:44.374,22.6875
2026-05-25 22:35:50.278,22.6875
2026-05-25 22:35:56.182,22.6875
2026-05-25 22:36:02.086,22.6875
2026-05-25 22:36:07.990,22.6875
2026-05-25 22:36:13.893,22.75
2026-05-25 22:36:19.799,22.6875
2026-05-25 22:36:25.703,22.6875
2026-05-25 22:36:31.607,22.75
2026-05-25 22:36:37.513,22.6875
2026-05-25 22:36:43.417,22.75
2026-05-25 22:36:49.321,22.6875
2026-05-25 22:36:55.224,22.75
2026-05-25 22:37:01.129,22.6875
2026-05-25 22:37:07.032,22.6875
2026-05-25 22:37:12.936,22.6875
2026-05-25 22:37:18.842,22.75
2026-05-25 22:37:24.747,22.75
2026-05-25 22:37:30.652,22.75
2026-05-25 22:37:36.556,22.75
2026-05-25 22:37:42.461,22.75
2026-05-25 22:37:48.367,22.75
2026-05-25 22:37:54.276,22.75
2026-05-25 22:38:00.179,22.75
2026-05-25 22:38:06.085,22.6875
2026-05-25 22:38:11.989,22.6875
2026-05-25 22:38:17.892,22.6875
2026-05-25 22:38:23.797,22.75
2026-05-25 22:38:29.703,22.75
2026-05-25 22:38:35.609,22.6875
2026-05-25 22:38:41.515,22.6875
2026-05-25 22:38:47.420,22.75
2026-05-25 22:38:53.327,22.6875
2026-05-25 22:38:59.234,22.75
2026-05-25 22:39:05.137,22.6875
2026-05-25 22:39:11.041,22.6875
2026-05-25 22:39:16.947,22.6875
2026-05-25 22:39:22.853,22.6875
2026-05-25 22:39:28.759,22.6875
2026-05-25 22:39:34.663,22.75
2026-05-25 22:39:40.569,22.75
2026-05-25 22:39:46.474,22.6875
2026-05-25 22:39:52.381,22.6875
2026-05-25 22:39:58.287,22.6875
2026-05-25 22:40:04.193,22.75
2026-05-25 22:40:10.097,22.6875
2026-05-25 22:40:16.000,22.6875
2026-05-25 22:40:21.905,22.75
2026-05-25 22:40:27.809,22.75
2026-05-25 22:40:33.715,22.75
2026-05-25 22:40:39.621,22.6875
2026-05-25 22:40:45.525,22.6875
2026-05-25 22:40:51.429,22.6875
2026-05-25 22:40:57.333,22.6875
2026-05-25 22:41:03.239,22.75
2026-05-25 22:41:09.145,22.6875
2026-05-25 22:41:15.051,22.6875
2026-05-25 22:41:20.957,22.6875
2026-05-25 22:41:26.862,22.75
2026-05-25 22:41:32.768,22.6875
2026-05-25 22:41:38.672,22.6875
2026-05-25 22:41:44.576,22.6875
2026-05-25 22:41:50.480,22.6875
2026-05-25 22:41:56.384,22.75
2026-05-25 22:42:02.287,22.75
2026-05-25 22:42:08.191,22.75
2026-05-25 22:42:14.096,22.6875
2026-05-25 22:42:20.002,22.6875
2026-05-25 22:42:25.908,22.6875
2026-05-25 22:42:31.811,22.6875
2026-05-25 22:42:37.715,22.6875
2026-05-25 22:42:43.620,22.6875
2026-05-25 22:42:49.526,22.6875
2026-05-25 22:42:55.431,22.75
2026-05-25 22:43:01.337,22.75
2026-05-25 22:43:07.243,22.6875
2026-05-25 22:43:13.148,22.75
2026-05-25 22:43:19.052,22.6875
2026-05-25 22:43:24.955,22.6875
2026-05-25 22:43:30.861,22.6875
2026-05-25 22:43:36.765,22.6875
2026-05-25 22:43:42.671,22.6875
2026-05-25 22:43:48.577,22.6875
2026-05-25 22:43:54.483,22.6875
2026-05-25 22:44:00.387,22.6875
2026-05-25 22:44:06.291,22.6875
2026-05-25 22:44:12.195,22.6875
2026-05-25 22:44:18.099,22.6875
2026-05-25 22:44:24.002,22.6875
2026-05-25 22:44:29.906,22.6875
2026-05-25 22:44:35.813,22.6875
2026-05-25 22:44:41.719,22.6875
2026-05-25 22:44:47.624,22.6875
2026-05-25 22:44:53.530,22.6875
2026-05-25 22:44:59.436,22.6875
2026-05-25 22:45:05.345,22.75
2026-05-25 22:45:11.248,22.75
2026-05-25 22:45:17.152,22.75
2026-05-25 22:45:23.057,22.75
2026-05-25 22:45:28.961,22.6875
2026-05-25 22:45:34.868,22.6875
2026-05-25 22:45:40.772,22.6875
2026-05-25 22:45:46.678,22.75
2026-05-25 22:45:52.584,22.6875
2026-05-25 22:45:58.490,22.75
2026-05-25 22:46:04.397,22.6875
2026-05-25 22:46:10.300,22.6875
2026-05-25 22:46:16.204,22.75
2026-05-25 22:46:22.108,22.75
2026-05-25 22:46:28.013,22.75
2026-05-25 22:46:33.916,22.6875
2026-05-25 22:46:39.820,22.75
2026-05-25 22:46:45.726,22.6875
2026-05-25 22:46:51.630,22.75
2026-05-25 22:46:57.536,22.75
2026-05-25 22:47:03.442,22.75
2026-05-25 22:47:09.346,22.75
2026-05-25 22:47:15.252,22.75
2026-05-25 22:47:21.157,22.75
2026-05-25 22:47:27.062,22.75
2026-05-25 22:47:32.966,22.75
2026-05-25 22:47:38.871,22.75
2026-05-25 22:47:44.777,22.6875
2026-05-25 22:47:50.683,22.6875
2026-05-25 22:47:56.590,22.75
2026-05-25 22:48:02.494,22.75
2026-05-25 22:48:08.397,22.75
2026-05-25 22:48:14.303,22.75
2026-05-25 22:48:20.209,22.6875
2026-05-25 22:48:26.115,22.6875
2026-05-25 22:48:32.019,22.6875
2026-05-25 22:48:37.923,22.6875
2026-05-25 22:48:43.827,22.6875
2026-05-25 22:48:49.730,22.6875
2026-05-25 22:48:55.635,22.75
2026-05-25 22:49:01.539,22.75
2026-05-25 22:49:07.442,22.6875
2026-05-25 22:49:13.346,22.75
2026-05-25 22:49:19.252,22.75
2026-05-25 22:49:25.159,22.75
2026-05-25 22:49:31.063,22.6875
2026-05-25 22:49:36.966,22.6875
2026-05-25 22:49:42.874,22.6875
2026-05-25 22:49:48.781,22.75
2026-05-25 22:49:54.687,22.75
2026-05-25 22:50:00.593,22.75
2026-05-25 22:50:06.496,22.75
2026-05-25 22:50:12.400,22.75
2026-05-25 22:50:18.307,22.6875
2026-05-25 22:50:24.210,22.75
2026-05-25 22:50:30.114,22.6875
2026-05-25 22:50:36.018,22.6875
2026-05-25 22:50:41.921,22.6875
2026-05-25 22:50:47.826,22.6875
2026-05-25 22:50:53.732,22.6875
2026-05-25 22:50:59.638,22.75
2026-05-25 22:51:05.541,22.6875
2026-05-25 22:51:11.445,22.6875
2026-05-25 22:51:17.352,22.6875
2026-05-25 22:51:23.258,22.6875
2026-05-25 22:51:29.164,22.6875
2026-05-25 22:51:35.068,22.6875
2026-05-25 22:51:40.971,22.6875
2026-05-25 22:51:46.876,22.6875
2026-05-25 22:51:52.780,22.6875
2026-05-25 22:51:58.683,22.6875
2026-05-25 22:52:04.589,22.6875
2026-05-25 22:52:10.495,22.6875
2026-05-25 22:52:16.402,22.6875
2026-05-25 22:52:22.310,22.6875
2026-05-25 22:52:28.213,22.75
2026-05-25 22:52:34.119,22.6875
2026-05-25 22:52:40.028,22.6875
2026-05-25 22:52:45.931,22.6875
2026-05-25 22:52:51.835,22.75
2026-05-25 22:52:57.738,22.6875
2026-05-25 22:53:03.644,22.6875
2026-05-25 22:53:09.551,22.6875
2026-05-25 22:53:15.455,22.6875
2026-05-25 22:53:21.361,22.6875
2026-05-25 22:53:27.267,22.75
2026-05-25 22:53:33.171,22.75
2026-05-25 22:53:39.076,22.6875
2026-05-25 22:53:44.979,22.6875
2026-05-25 22:53:50.883,22.75
2026-05-25 22:53:56.787,22.6875
2026-05-25 22:54:02.693,22.75
2026-05-25 22:54:08.600,22.75
2026-05-25 22:54:14.505,22.75
2026-05-25 22:54:20.411,22.6875
2026-05-25 22:54:26.316,22.6875
2026-05-25 22:54:32.220,22.6875
2026-05-25 22:54:38.125,22.6875
2026-05-25 22:54:44.029,22.6875
2026-05-25 22:54:49.935,22.6875
2026-05-25 22:54:55.840,22.6875
2026-05-25 22:55:01.746,22.6875
2026-05-25 22:55:07.653,22.75
2026-05-25 22:55:13.557,22.75
2026-05-25 22:55:19.461,22.75
2026-05-25 22:55:25.364,22.75
2026-05-25 22:55:31.269,22.6875
2026-05-25 22:55:37.175,22.75
2026-05-25 22:55:43.078,22.6875
2026-05-25 22:55:48.985,22.6875
2026-05-25 22:55:54.890,22.6875
2026-05-25 22:56:00.797,22.75
2026-05-25 22:56:06.703,22.75
2026-05-25 22:56:12.607,22.6875
2026-05-25 22:56:18.510,22.6875
2026-05-25 22:56:24.414,22.75
2026-05-25 22:56:30.319,22.75
2026-05-25 22:56:36.222,22.75
2026-05-25 22:56:42.128,22.6875
2026-05-25 22:56:48.034,22.75
2026-05-25 22:56:53.938,22.75
2026-05-25 22:56:59.845,22.6875
2026-05-25 22:57:05.751,22.75
2026-05-25 22:57:11.654,22.75
2026-05-25 22:57:17.558,22.75
2026-05-25 22:57:23.462,22.6875
2026-05-25 22:57:29.366,22.75
2026-05-25 22:57:35.272,22.6875
2026-05-25 22:57:41.178,22.75
2026-05-25 22:57:47.084,22.75
2026-05-25 22:57:52.990,22.75
2026-05-25 22:57:58.894,22.6875
2026-05-25 22:58:04.798,22.75
2026-05-25 22:58:10.702,22.75
2026-05-25 22:58:16.607,22.75
2026-05-25 22:58:22.512,22.75
2026-05-25 22:58:28.415,22.6875
2026-05-25 22:58:34.319,22.6875
2026-05-25 22:58:40.223,22.6875
2026-05-25 22:58:46.128,22.6875
2026-05-25 22:58:52.035,22.6875
2026-05-25 22:58:57.941,22.6875
2026-05-25 22:59:03.847,22.6875
2026-05-25 22:59:09.753,22.6875
2026-05-25 22:59:15.658,22.75
2026-05-25 22:59:21.563,22.75
2026-05-25 22:59:27.467,22.75
2026-05-25 22:59:33.373,22.75
2026-05-25 22:59:39.279,22.6875
2026-05-25 22:59:45.184,22.6875
2026-05-25 22:59:51.091,22.75
2026-05-25 22:59:56.997,22.75
2026-05-25 23:00:02.900,22.75
2026-05-25 23:00:08.806,22.6875
2026-05-25 23:00:14.712,22.6875
2026-05-25 23:00:20.618,22.6875
2026-05-25 23:00:26.524,22.6875
2026-05-25 23:00:32.430,22.6875
2026-05-25 23:00:38.333,22.75
2026-05-25 23:00:44.237,22.75
2026-05-25 23:00:50.141,22.6875
2026-05-25 23:00:56.047,22.6875
2026-05-25 23:01:01.953,22.6875
2026-05-25 23:01:07.859,22.75
2026-05-25 23:01:13.766,22.6875
2026-05-25 23:01:19.669,22.75
2026-05-25 23:01:25.573,22.75
2026-05-25 23:01:31.477,22.6875
2026-05-25 23:01:37.382,22.75
2026-05-25 23:01:43.289,22.75
2026-05-25 23:01:49.195,22.6875
2026-05-25 23:01:55.099,22.6875
2026-05-25 23:02:01.005,22.6875
2026-05-25 23:02:06.910,22.75
2026-05-25 23:02:12.817,22.75
2026-05-25 23:02:18.721,22.75
2026-05-25 23:02:24.627,22.75
2026-05-25 23:02:30.533,22.75
2026-05-25 23:02:36.436,22.75
2026-05-25 23:02:42.341,22.75
2026-05-25 23:02:48.245,22.75
2026-05-25 23:02:54.148,22.75
2026-05-25 23:03:00.054,22.75
2026-05-25 23:03:05.960,22.6875
2026-05-25 23:03:11.865,22.6875
2026-05-25 23:03:17.771,22.75
2026-05-25 23:03:23.677,22.6875
2026-05-25 23:03:29.582,22.6875
2026-05-25 23:03:35.486,22.6875
2026-05-25 23:03:41.390,22.75
2026-05-25 23:03:47.296,22.75
2026-05-25 23:03:53.202,22.6875
2026-05-25 23:03:59.108,22.6875
2026-05-25 23:04:05.011,22.75
2026-05-25 23:04:10.916,22.75
2026-05-25 23:04:16.820,22.6875
2026-05-25 23:04:22.723,22.75
2026-05-25 23:04:28.627,22.75
2026-05-25 23:04:34.534,22.75
2026-05-25 23:04:40.440,22.75
2026-05-25 23:04:46.345,22.75
2026-05-25 23:04:52.251,22.75
2026-05-25 23:04:58.157,22.6875
2026-05-25 23:05:04.062,22.6875
2026-05-25 23:05:09.965,22.75
2026-05-25 23:05:15.869,22.75
2026-05-25 23:05:21.775,22.75
2026-05-25 23:05:27.681,22.75
2026-05-25 23:05:33.588,22.75
2026-05-25 23:05:39.494,22.6875
2026-05-25 23:05:45.399,22.75
2026-05-25 23:05:51.303,22.75
2026-05-25 23:05:57.207,22.75
2026-05-25 23:06:03.114,22.75
2026-05-25 23:06:09.020,22.75
2026-05-25 23:06:14.925,22.75
2026-05-25 23:06:20.831,22.75
2026-05-25 23:06:26.734,22.6875
2026-05-25 23:06:32.639,22.6875
2026-05-25 23:06:38.543,22.75
2026-05-25 23:06:44.446,22.75
2026-05-25 23:06:50.352,22.75
2026-05-25 23:06:56.257,22.75
2026-05-25 23:07:02.164,22.75
2026-05-25 23:07:08.068,22.6875
2026-05-25 23:07:13.974,22.6875
2026-05-25 23:07:19.878,22.6875
2026-05-25 23:07:25.782,22.75
2026-05-25 23:07:31.686,22.75
2026-05-25 23:07:37.592,22.6875
2026-05-25 23:07:43.495,22.6875
2026-05-25 23:07:49.399,22.75
2026-05-25 23:07:55.304,22.75
2026-05-25 23:08:01.207,22.6875
2026-05-25 23:08:07.111,22.6875
2026-05-25 23:08:13.015,22.6875
2026-05-25 23:08:18.921,22.75
2026-05-25 23:08:24.828,22.75
2026-05-25 23:08:30.733,22.6875
2026-05-25 23:08:36.639,22.6875
2026-05-25 23:08:42.545,22.75
2026-05-25 23:08:48.448,22.75
2026-05-25 23:08:54.353,22.75
2026-05-25 23:09:00.256,22.75
2026-05-25 23:09:06.160,22.6875
2026-05-25 23:09:12.063,22.6875
2026-05-25 23:09:17.967,22.75
2026-05-25 23:09:23.872,22.75
2026-05-25 23:09:29.778,22.75
2026-05-25 23:09:35.686,22.75
2026-05-25 23:09:41.591,22.75
2026-05-25 23:09:47.497,22.75
2026-05-25 23:09:53.403,22.75
2026-05-25 23:09:59.307,22.75
2026-05-25 23:10:05.212,22.75
2026-05-25 23:10:11.118,22.6875
2026-05-25 23:10:17.023,22.75
2026-05-25 23:10:22.926,22.75
2026-05-25 23:10:28.830,22.75
2026-05-25 23:10:34.735,22.75
2026-05-25 23:10:40.641,22.8125
2026-05-25 23:10:46.548,22.6875
2026-05-25 23:10:52.454,22.75
2026-05-25 23:10:58.357,22.75
2026-05-25 23:11:04.261,22.75
2026-05-25 23:11:10.165,22.6875
2026-05-25 23:11:16.069,22.75
2026-05-25 23:11:21.975,22.75
2026-05-25 23:11:27.881,22.75
2026-05-25 23:11:33.787,22.75
2026-05-25 23:11:39.693,22.75
2026-05-25 23:11:45.598,22.75
2026-05-25 23:11:51.503,22.75
2026-05-25 23:11:57.409,22.75
2026-05-25 23:12:03.313,22.75
2026-05-25 23:12:09.221,22.75
2026-05-25 23:12:15.125,22.75
2026-05-25 23:12:21.029,22.75
2026-05-25 23:12:26.932,22.75
2026-05-25 23:12:32.838,22.75
2026-05-25 23:12:38.744,22.75
2026-05-25 23:12:44.651,22.75
2026-05-25 23:12:50.556,22.75
2026-05-25 23:12:56.462,22.75
2026-05-25 23:13:02.366,22.75
2026-05-25 23:13:08.271,22.75
2026-05-25 23:13:14.177,22.75
2026-05-25 23:13:20.083,22.75
2026-05-25 23:13:25.988,22.6875
2026-05-25 23:13:31.892,22.75
2026-05-25 23:13:37.796,22.75
2026-05-25 23:13:43.700,22.6875
2026-05-25 23:13:49.604,22.75
2026-05-25 23:13:55.507,22.75
2026-05-25 23:14:01.413,22.75
2026-05-25 23:14:07.317,22.6875
2026-05-25 23:14:13.221,22.6875
2026-05-25 23:14:19.125,22.6875
2026-05-25 23:14:25.028,22.75
2026-05-25 23:14:30.934,22.75
2026-05-25 23:14:36.838,22.75
2026-05-25 23:14:42.742,22.75
2026-05-25 23:14:48.646,22.6875
2026-05-25 23:14:54.549,22.6875
2026-05-25 23:15:00.453,22.6875
2026-05-25 23:15:06.358,22.75
2026-05-25 23:15:12.261,22.75
2026-05-25 23:15:18.165,22.75
2026-05-25 23:15:24.069,22.6875
2026-05-25 23:15:29.975,22.6875
2026-05-25 23:15:35.881,22.6875
2026-05-25 23:15:41.785,22.75
2026-05-25 23:15:47.688,22.75
2026-05-25 23:15:53.594,22.75
2026-05-25 23:15:59.501,22.75
2026-05-25 23:16:05.405,22.6875
2026-05-25 23:16:11.308,22.75
2026-05-25 23:16:17.214,22.75
2026-05-25 23:16:23.120,22.75
2026-05-25 23:16:29.025,22.6875
2026-05-25 23:16:34.928,22.75
2026-05-25 23:16:40.832,22.75
2026-05-25 23:16:46.737,22.75
2026-05-25 23:16:52.641,22.6875
2026-05-25 23:16:58.546,22.75
2026-05-25 23:17:04.449,22.75
2026-05-25 23:17:10.353,22.75
2026-05-25 23:17:16.259,22.75
2026-05-25 23:17:22.165,22.6875
2026-05-25 23:17:28.069,22.6875
2026-05-25 23:17:33.973,22.6875
2026-05-25 23:17:39.877,22.6875
2026-05-25 23:17:45.780,22.6875
2026-05-25 23:17:51.684,22.6875
2026-05-25 23:17:57.588,22.75
2026-05-25 23:18:03.494,22.75
2026-05-25 23:18:09.397,22.75
2026-05-25 23:18:15.301,22.6875
2026-05-25 23:18:21.205,22.75
2026-05-25 23:18:27.111,22.75
2026-05-25 23:18:33.017,22.75
2026-05-25 23:18:38.923,22.75
2026-05-25 23:18:44.829,22.75
2026-05-25 23:18:50.735,22.75
2026-05-25 23:18:56.642,22.75
2026-05-25 23:19:02.548,22.6875
2026-05-25 23:19:08.451,22.6875
2026-05-25 23:19:14.355,22.75
2026-05-25 23:19:20.260,22.75
2026-05-25 23:19:26.163,22.75
2026-05-25 23:19:32.067,22.75
2026-05-25 23:19:37.973,22.6875
2026-05-25 23:19:43.879,22.75
2026-05-25 23:19:49.786,22.6875
2026-05-25 23:19:55.689,22.75
2026-05-25 23:20:01.593,22.75
2026-05-25 23:20:07.498,22.6875
2026-05-25 23:20:13.402,22.6875
2026-05-25 23:20:19.309,22.75
2026-05-25 23:20:25.212,22.75
2026-05-25 23:20:31.118,22.6875
2026-05-25 23:20:37.022,22.75
2026-05-25 23:20:42.928,22.75
2026-05-25 23:20:48.832,22.75
2026-05-25 23:20:54.738,22.75
2026-05-25 23:21:00.644,22.75
2026-05-25 23:21:06.550,22.6875
2026-05-25 23:21:12.453,22.6875
2026-05-25 23:21:18.360,22.75
2026-05-25 23:21:24.266,22.6875
2026-05-25 23:21:30.170,22.75
2026-05-25 23:21:36.073,22.6875
2026-05-25 23:21:41.977,22.75
2026-05-25 23:21:47.884,22.75
2026-05-25 23:21:53.790,22.75
2026-05-25 23:21:59.695,22.75
2026-05-25 23:22:05.599,22.75
2026-05-25 23:22:11.503,22.75
2026-05-25 23:22:17.407,22.75
2026-05-25 23:22:23.313,22.75
2026-05-25 23:22:29.219,22.75
2026-05-25 23:22:35.125,22.75
2026-05-25 23:22:41.031,22.75
2026-05-25 23:22:46.935,22.75
2026-05-25 23:22:52.838,22.75
2026-05-25 23:22:58.742,22.75
2026-05-25 23:23:04.648,22.75
2026-05-25 23:23:10.554,22.75
2026-05-25 23:23:16.458,22.75
2026-05-25 23:23:22.362,22.75
2026-05-25 23:23:28.265,22.75
2026-05-25 23:23:34.169,22.75
2026-05-25 23:23:40.074,22.75
2026-05-25 23:23:45.979,22.75
2026-05-25 23:23:51.885,22.75
2026-05-25 23:23:57.791,22.75
2026-05-25 23:24:03.696,22.75
2026-05-25 23:24:09.601,22.6875
2026-05-25 23:24:15.505,22.75
2026-05-25 23:24:21.408,22.75
2026-05-25 23:24:27.312,22.75
2026-05-25 23:24:33.215,22.6875
2026-05-25 23:24:39.122,22.6875
2026-05-25 23:24:45.026,22.75
2026-05-25 23:24:50.932,22.8125
2026-05-25 23:24:56.838,22.75
2026-05-25 23:25:02.742,22.75
2026-05-25 23:25:08.646,22.75
2026-05-25 23:25:14.551,22.75
2026-05-25 23:25:20.457,22.75
2026-05-25 23:25:26.363,22.6875
2026-05-25 23:25:32.269,22.75
2026-05-25 23:25:38.175,22.75
2026-05-25 23:25:44.079,22.75
2026-05-25 23:25:49.983,22.75
2026-05-25 23:25:55.886,22.75
2026-05-25 23:26:01.791,22.75
2026-05-25 23:26:07.694,22.6875
2026-05-25 23:26:13.598,22.75
2026-05-25 23:26:19.502,22.6875
2026-05-25 23:26:25.406,22.6875
2026-05-25 23:26:31.312,22.6875
2026-05-25 23:26:37.218,22.75
2026-05-25 23:26:43.122,22.75
2026-05-25 23:26:49.025,22.6875
2026-05-25 23:26:54.931,22.75
2026-05-25 23:27:00.838,22.75
2026-05-25 23:27:06.742,22.75
2026-05-25 23:27:12.648,22.6875
2026-05-25 23:27:18.553,22.75
2026-05-25 23:27:24.458,22.6875
2026-05-25 23:27:30.363,22.75
2026-05-25 23:27:36.267,22.6875
2026-05-25 23:27:42.170,22.6875
2026-05-25 23:27:48.074,22.6875
2026-05-25 23:27:53.979,22.6875
2026-05-25 23:27:59.882,22.6875
2026-05-25 23:28:05.789,22.6875
2026-05-25 23:28:11.694,22.6875
2026-05-25 23:28:17.600,22.6875
2026-05-25 23:28:23.507,22.6875
2026-05-25 23:28:29.411,22.6875
2026-05-25 23:28:35.317,22.6875
2026-05-25 23:28:41.220,22.6875
2026-05-25 23:28:47.124,22.6875
2026-05-25 23:28:53.028,22.6875
2026-05-25 23:28:58.932,22.75
2026-05-25 23:29:04.837,22.6875
2026-05-25 23:29:10.741,22.75
2026-05-25 23:29:16.647,22.6875
2026-05-25 23:29:22.552,22.6875
2026-05-25 23:29:28.457,22.6875
2026-05-25 23:29:34.361,22.75
2026-05-25 23:29:40.267,22.6875
2026-05-25 23:29:46.173,22.75
2026-05-25 23:29:52.080,22.75
2026-05-25 23:29:57.986,22.6875
2026-05-25 23:30:03.892,22.75
2026-05-25 23:30:09.795,22.6875
2026-05-25 23:30:15.699,22.6875
2026-05-25 23:30:21.604,22.6875
2026-05-25 23:30:27.507,22.75
2026-05-25 23:30:33.413,22.75
2026-05-25 23:30:39.319,22.6875
2026-05-25 23:30:45.226,22.6875
2026-05-25 23:30:51.129,22.75
2026-05-25 23:30:57.033,22.6875
2026-05-25 23:31:02.936,22.75
2026-05-25 23:31:08.840,22.6875
2026-05-25 23:31:14.745,22.75
2026-05-25 23:31:20.648,22.6875
2026-05-25 23:31:26.554,22.6875
2026-05-25 23:31:32.460,22.6875
2026-05-25 23:31:38.366,22.6875
2026-05-25 23:31:44.273,22.75
2026-05-25 23:31:50.179,22.75
2026-05-25 23:31:56.082,22.6875
2026-05-25 23:32:01.986,22.6875
2026-05-25 23:32:07.890,22.6875
2026-05-25 23:32:13.794,22.75
2026-05-25 23:32:19.698,22.75
2026-05-25 23:32:25.602,22.6875
2026-05-25 23:32:31.505,22.75
2026-05-25 23:32:37.409,22.75
2026-05-25 23:32:43.313,22.75
2026-05-25 23:32:49.217,22.75
2026-05-25 23:32:55.121,22.75
2026-05-25 23:33:01.024,22.6875
2026-05-25 23:33:06.928,22.75
2026-05-25 23:33:12.833,22.75
2026-05-25 23:33:18.736,22.6875
2026-05-25 23:33:24.640,22.75
2026-05-25 23:33:30.543,22.75
2026-05-25 23:33:36.449,22.75
2026-05-25 23:33:42.356,22.75
2026-05-25 23:33:48.259,22.75
2026-05-25 23:33:54.165,22.75
2026-05-25 23:34:00.068,22.6875
2026-05-25 23:34:05.973,22.6875
2026-05-25 23:34:11.877,22.75
2026-05-25 23:34:17.780,22.75
2026-05-25 23:34:23.686,22.6875
2026-05-25 23:34:29.590,22.75
2026-05-25 23:34:35.495,22.75
2026-05-25 23:34:41.400,22.6875
2026-05-25 23:34:47.306,22.75
2026-05-25 23:34:53.210,22.75
2026-05-25 23:34:59.116,22.75
2026-05-25 23:35:05.022,22.6875
2026-05-25 23:35:10.928,22.75
2026-05-25 23:35:16.833,22.75
2026-05-25 23:35:22.737,22.75
2026-05-25 23:35:28.642,22.75
2026-05-25 23:35:34.547,22.75
2026-05-25 23:35:40.451,22.75
2026-05-25 23:35:46.357,22.75
2026-05-25 23:35:52.260,22.75
2026-05-25 23:35:58.164,22.75
2026-05-25 23:36:04.069,22.75
2026-05-25 23:36:09.972,22.75
2026-05-25 23:36:15.876,22.6875
2026-05-25 23:36:21.781,22.75
2026-05-25 23:36:27.687,22.75
2026-05-25 23:36:33.591,22.75
2026-05-25 23:36:39.495,22.75
2026-05-25 23:36:45.401,22.75
2026-05-25 23:36:51.307,22.75
2026-05-25 23:36:57.211,22.75
2026-05-25 23:37:03.115,22.75
2026-05-25 23:37:09.019,22.75
2026-05-25 23:37:14.925,22.75
2026-05-25 23:37:20.831,22.75
2026-05-25 23:37:26.738,22.75
2026-05-25 23:37:32.643,22.6875
2026-05-25 23:37:38.549,22.75
2026-05-25 23:37:44.455,22.75
2026-05-25 23:37:50.359,22.75
2026-05-25 23:37:56.263,22.75
2026-05-25 23:38:02.169,22.75
2026-05-25 23:38:08.075,22.75
2026-05-25 23:38:13.979,22.75
2026-05-25 23:38:19.882,22.75
2026-05-25 23:38:25.787,22.6875
2026-05-25 23:38:31.693,22.75
2026-05-25 23:38:37.597,22.6875
2026-05-25 23:38:43.502,22.75
2026-05-25 23:38:49.407,22.75
2026-05-25 23:38:55.312,22.75
2026-05-25 23:39:01.220,22.75
2026-05-25 23:39:07.124,22.75
2026-05-25 23:39:13.027,22.75
2026-05-25 23:39:18.933,22.75
2026-05-25 23:39:24.840,22.6875
2026-05-25 23:39:30.744,22.75
2026-05-25 23:39:36.648,22.75
2026-05-25 23:39:42.553,22.75
2026-05-25 23:39:48.460,22.75
2026-05-25 23:39:54.366,22.75
2026-05-25 23:40:00.270,22.75
2026-05-25 23:40:06.173,22.75
2026-05-25 23:40:12.077,22.75
2026-05-25 23:40:17.982,22.75
2026-05-25 23:40:23.885,22.6875
2026-05-25 23:40:29.789,22.75
2026-05-25 23:40:35.693,22.75
2026-05-25 23:40:41.596,22.75
2026-05-25 23:40:47.501,22.6875
2026-05-25 23:40:53.405,22.75
2026-05-25 23:40:59.311,22.75
2026-05-25 23:41:05.217,22.75
2026-05-25 23:41:11.122,22.75
2026-05-25 23:41:17.027,22.75
2026-05-25 23:41:22.933,22.75
2026-05-25 23:41:28.838,22.75
2026-05-25 23:41:34.742,22.75
2026-05-25 23:41:40.646,22.75
2026-05-25 23:41:46.550,22.75
2026-05-25 23:41:52.454,22.75
2026-05-25 23:41:58.357,22.75
2026-05-25 23:42:04.263,22.6875
2026-05-25 23:42:10.167,22.6875
2026-05-25 23:42:16.072,22.6875
2026-05-25 23:42:21.975,22.75
2026-05-25 23:42:27.881,22.6875
2026-05-25 23:42:33.787,22.75
2026-05-25 23:42:39.692,22.6875
2026-05-25 23:42:45.597,22.75
2026-05-25 23:42:51.501,22.75
2026-05-25 23:42:57.405,22.75
2026-05-25 23:43:03.308,22.6875
2026-05-25 23:43:09.215,22.75
2026-05-25 23:43:15.119,22.75
2026-05-25 23:43:21.024,22.75
2026-05-25 23:43:26.930,22.75
2026-05-25 23:43:32.836,22.75
2026-05-25 23:43:38.743,22.75
2026-05-25 23:43:44.649,22.75
2026-05-25 23:43:50.555,22.75
2026-05-25 23:43:56.460,22.6875
2026-05-25 23:44:02.364,22.75
2026-05-25 23:44:08.269,22.75
2026-05-25 23:44:14.175,22.6875
2026-05-25 23:44:20.078,22.6875
2026-05-25 23:44:25.984,22.6875
2026-05-25 23:44:31.890,22.75
2026-05-25 23:44:37.797,22.6875
2026-05-25 23:44:43.700,22.6875
2026-05-25 23:44:49.604,22.75
2026-05-25 23:44:55.508,22.6875
2026-05-25 23:45:01.413,22.6875
2026-05-25 23:45:07.320,22.6875
2026-05-25 23:45:13.226,22.75
2026-05-25 23:45:19.132,22.75
2026-05-25 23:45:25.037,22.6875
2026-05-25 23:45:30.942,22.6875
2026-05-25 23:45:36.846,22.75
2026-05-25 23:45:42.749,22.6875
2026-05-25 23:45:48.653,22.75
2026-05-25 23:45:54.559,22.75
2026-05-25 23:46:00.465,22.75
2026-05-25 23:46:06.371,22.6875
2026-05-25 23:46:12.277,22.75
2026-05-25 23:46:18.182,22.6875
2026-05-25 23:46:24.088,22.75
2026-05-25 23:46:29.995,22.6875
2026-05-25 23:46:35.901,22.75
2026-05-25 23:46:41.807,22.6875
2026-05-25 23:46:47.710,22.6875
2026-05-25 23:46:53.616,22.6875
2026-05-25 23:46:59.523,22.75
2026-05-25 23:47:05.429,22.6875
2026-05-25 23:47:11.332,22.6875
2026-05-25 23:47:17.238,22.75
2026-05-25 23:47:23.142,22.75
2026-05-25 23:47:29.046,22.75
2026-05-25 23:47:34.952,22.75
2026-05-25 23:47:40.858,22.75
2026-05-25 23:47:46.762,22.75
2026-05-25 23:47:52.667,22.75
2026-05-25 23:47:58.574,22.75
2026-05-25 23:48:04.480,22.75
2026-05-25 23:48:10.386,22.75
2026-05-25 23:48:16.292,22.6875
2026-05-25 23:48:22.197,22.75
2026-05-25 23:48:28.104,22.75
2026-05-25 23:48:34.010,22.75
2026-05-25 23:48:39.916,22.75
2026-05-25 23:48:45.822,22.6875
2026-05-25 23:48:51.729,22.75
2026-05-25 23:48:57.634,22.75
2026-05-25 23:49:03.540,22.75
2026-05-25 23:49:09.446,22.75
2026-05-25 23:49:15.352,22.75
2026-05-25 23:49:21.257,22.75
2026-05-25 23:49:27.160,22.6875
2026-05-25 23:49:33.064,22.75
2026-05-25 23:49:38.967,22.75
2026-05-25 23:49:44.873,22.75
2026-05-25 23:49:50.780,22.75
2026-05-25 23:49:56.686,22.75
2026-05-25 23:50:02.591,22.75
2026-05-25 23:50:08.497,22.75
2026-05-25 23:50:14.401,22.6875
2026-05-25 23:50:20.308,22.6875
2026-05-25 23:50:26.211,22.75
2026-05-25 23:50:32.117,22.6875
2026-05-25 23:50:38.021,22.75
2026-05-25 23:50:43.927,22.75
2026-05-25 23:50:49.831,22.75
2026-05-25 23:50:55.737,22.75
2026-05-25 23:51:01.641,22.75
2026-05-25 23:51:07.544,22.75
2026-05-25 23:51:13.448,22.75
2026-05-25 23:51:19.353,22.75
2026-05-25 23:51:25.256,22.75
2026-05-25 23:51:31.160,22.75
2026-05-25 23:51:37.066,22.75
2026-05-25 23:51:42.973,22.75
2026-05-25 23:51:48.878,22.75
2026-05-25 23:51:54.782,22.75
2026-05-25 23:52:00.686,22.75
2026-05-25 23:52:06.589,22.75
2026-05-25 23:52:12.494,22.75
2026-05-25 23:52:18.398,22.75
2026-05-25 23:52:24.301,22.75
2026-05-25 23:52:30.207,22.75
2026-05-25 23:52:36.113,22.75
2026-05-25 23:52:42.020,22.75
2026-05-25 23:52:47.926,22.75
2026-05-25 23:52:53.831,22.75
2026-05-25 23:52:59.735,22.75
2026-05-25 23:53:05.641,22.75
2026-05-25 23:53:11.546,22.75
2026-05-25 23:53:17.449,22.75
2026-05-25 23:53:23.353,22.6875
2026-05-25 23:53:29.257,22.75
2026-05-25 23:53:35.163,22.6875
2026-05-25 23:53:41.070,22.75
2026-05-25 23:53:46.975,22.75
2026-05-25 23:53:52.879,22.6875
2026-05-25 23:53:58.785,22.6875
2026-05-25 23:54:04.691,22.6875
2026-05-25 23:54:10.597,22.6875
2026-05-25 23:54:16.501,22.75
2026-05-25 23:54:22.407,22.75
2026-05-25 23:54:28.310,22.75
2026-05-25 23:54:34.217,22.75
2026-05-25 23:54:40.123,22.75
2026-05-25 23:54:46.026,22.75
2026-05-25 23:54:51.930,22.6875
2026-05-25 23:54:57.833,22.75
2026-05-25 23:55:03.738,22.75
2026-05-25 23:55:09.642,22.75
2026-05-25 23:55:15.547,22.75
2026-05-25 23:55:21.453,22.75
2026-05-25 23:55:27.357,22.8125
2026-05-25 23:55:33.264,22.75
2026-05-25 23:55:39.167,22.75
2026-05-25 23:55:45.071,22.75
2026-05-25 23:55:50.974,22.75
2026-05-25 23:55:56.880,22.75
2026-05-25 23:56:02.785,22.75
2026-05-25 23:56:08.689,22.75
2026-05-25 23:56:14.592,22.75
2026-05-25 23:56:20.496,22.75
2026-05-25 23:56:26.400,22.75
2026-05-25 23:56:32.304,22.75
2026-05-25 23:56:38.210,22.6875
2026-05-25 23:56:44.116,22.6875
2026-05-25 23:56:50.022,22.75
2026-05-25 23:56:55.928,22.75
2026-05-25 23:57:01.834,22.6875
2026-05-25 23:57:07.740,22.6875
2026-05-25 23:57:13.644,22.75
2026-05-25 23:57:19.548,22.75
2026-05-25 23:57:25.452,22.75
2026-05-25 23:57:31.358,22.75
2026-05-25 23:57:37.264,22.75
2026-05-25 23:57:43.170,22.75
2026-05-25 23:57:49.076,22.75
2026-05-25 23:57:54.982,22.6875
2026-05-25 23:58:00.888,22.75
2026-05-25 23:58:06.794,22.75
2026-05-25 23:58:12.699,22.75
2026-05-25 23:58:18.603,22.75
2026-05-25 23:58:24.508,22.75
2026-05-25 23:58:30.411,22.6875
2026-05-25 23:58:36.315,22.75
2026-05-25 23:58:42.219,22.75
2026-05-25 23:58:48.122,22.75
2026-05-25 23:58:54.027,22.75
2026-05-25 23:58:59.930,22.75
2026-05-25 23:59:05.836,22.75
2026-05-25 23:59:11.742,22.75
2026-05-25 23:59:17.645,22.75
2026-05-25 23:59:23.552,22.75
2026-05-25 23:59:29.458,22.75
2026-05-25 23:59:35.361,22.75
2026-05-25 23:59:41.265,22.75
2026-05-25 23:59:47.169,22.75
2026-05-25 23:59:53.073,22.75
2026-05-25 23:59:58.979,22.75
